guidance,request,requested_bin,requested_centre,bin_lo,bin_hi,seed_row,seed_smiles,seed_value,generated,valid,generated_value,obtained_delta,tanimoto_to_seed,is_copy,novel
1.0,null,20,,,,32052,COc1ccccc1CNC(=O)Cc1c[nH]c2ccccc12,3.035400000000001,Cc1ccc(CNC(=O)Cc2c[nH]c3ccccc23)c(F)c1,True,3.4743200000000014,0.4389200000000004,0.5961538461538461,False,True
1.0,null,20,,,,116747,COCCSc1ccccc1C(=O)Nc1cccc(C)n1,3.3808200000000017,C=CCOC=CC=C(C=CO)C(=O)Nc1cc(C)ccn1,True,3.0429200000000005,-0.3379000000000012,0.19736842105263158,False,True
1.0,null,20,,,,131060,CS(=O)(=O)NCCc1csc(-c2ccc(F)cc2)n1,2.0408999999999997,CNS(=O)(=O)NCCC(C=CS)N=Cc1ccc(C)cc1,True,1.6699200000000003,-0.3709799999999994,0.15942028985507245,False,True
1.0,null,20,,,,131949,CCc1c(C)nc(SCC(=O)NC(C)C)[nH]c1=O,1.25742,CCNC(=O)CSc1nc(C(C)C)cc(=O)[nH]1,True,1.1215,-0.13592000000000004,0.41818181818181815,False,True
1.0,null,20,,,,158879,COc1ccc(CC(=O)OCC(=O)c2c[nH]c3ccccc23)cc1,3.145100000000001,COc1cccc(C(=O)COC(=O)Cc2c[nH]c3ccc(F)cc23)c1,True,3.284200000000001,0.1391,0.453125,False,True
1.0,null,20,,,,232056,COCCNC(=O)c1cc(=O)c2cc(C)ccc2o1,1.4776199999999993,Cc1cc(=O)c2cc(C(=O)NCCCCO)ccc2o1,True,1.6037199999999998,0.12610000000000054,0.44642857142857145,False,True
1.0,null,20,,,,235788,O=C(Cn1nc(-c2ccco2)oc1=O)NCC(F)(F)F,0.7747999999999999,NS(=O)(=O)CCCn1nc(-c2ccco2)oc1=O,True,-0.22510000000000008,-0.9999,0.47368421052631576,False,True
1.0,null,20,,,,236081,CC(=O)c1c(C)[nH]c(C(=O)CSc2nc(C(C)C)n[nH]2)c1C,3.0506400000000014,CC=C(NC(C)=CC(=O)OC)C(=O)CSc1nc(C)n[nH]1,True,1.3445199999999997,-1.7061200000000016,0.3181818181818182,False,True
1.0,null,20,,,,281081,O=C(Cn1cccn1)NCc1cccnc1Oc1ccc(F)cc1F,2.665000000000001,Cc1ccc(Oc2ncccc2CNC(=O)Cn2cccn2)cc1,True,2.69522,0.030219999999999025,0.6666666666666666,False,True
1.0,null,20,,,,284170,COc1ccc(-c2nc(CC(=O)Nc3cccc(C)n3)cs2)cc1,3.7033200000000024,O=C(Cc1csc(-c2cccc(F)c2)n1)Nc1ccccn1,True,3.525400000000002,-0.1779200000000003,0.5,False,False
1.0,null,20,,,,288369,Cc1ccc(NCc2nnc3n2CCCCC3)cc1C,3.2334400000000016,Cc1ccc(NCc2nnc3n2CCCCC3)cc1C,True,3.2334400000000016,0.0,1.0,True,False
1.0,null,20,,,,302889,COc1ccc(OC)c(NC(=O)CCNC(=O)c2cccs2)c1,2.5239000000000003,O=C(CCNC(=O)c1cccs1)Nc1ccc(F)c(Br)c1,True,3.4083000000000014,0.8844000000000012,0.5,False,True
1.0,null,20,,,,327141,COc1ccc(OC)c(S(=O)(=O)Nc2ccn(C)n2)c1,1.2381,Cn1cc(NS(=O)(=O)c2ccccc2OC(F)F)cn1,True,1.8223,0.5842,0.2903225806451613,False,True
1.0,null,20,,,,327382,CNC(=O)C1CN(C(=O)c2c(C)noc2C)c2ccccc2O1,1.4452399999999996,CC(=O)N1CCN(C(=O)c2c(C)noc2C)c2ccccc2O1,True,2.09414,0.6489000000000003,0.5517241379310345,False,True
1.0,null,20,,,,406491,COCCNC(=O)C1CCCN(S(=O)(=O)N2CCOCC2)C1,-0.9619999999999964,CCCOC(=O)C1CCN(S(=O)(=O)N2CCOCC2C)CC1,True,0.6171000000000011,1.5790999999999975,0.3384615384615385,False,True
1.0,null,20,,,,413951,O=C(Cn1ncn2cccc2c1=O)N1CCCCCC1,0.8985999999999996,CC1CCCCN1C(=O)Cn1nc2ccccn2c1=O,True,0.8970000000000002,-0.0015999999999993797,0.3125,False,True
1.0,null,20,,,,427929,CCNc1nc(NCc2ccccc2Cl)c2cnn(C)c2n1,3.060600000000001,COc1ccc(CNc2ncccn2)c2c(C)nn(C)c12,True,2.29242,-0.768180000000001,0.23529411764705882,False,True
1.0,null,20,,,,447130,CCC(NC(=O)C1CCN(C(=O)C2CC2)CC1)c1ccc(C)cc1,3.2109200000000016,CCC(NC(=O)C1CCN(C(=O)C2CC2)CC1)c1ccccc1,True,2.9025000000000016,-0.3084199999999999,0.8,False,True
1.0,null,20,,,,481908,CCNS(=O)(=O)c1ccc(C)c(C(=O)Nc2ncccc2C)c1,2.24894,COCc1cc(C(=O)Nc2cccc(C(C)=O)n2)ccc1F,True,2.822000000000001,0.5730600000000008,0.1891891891891892,False,True
1.0,null,20,,,,485220,Cc1nn(CC(=O)N2CCN(C)CC2)c(C)c1Br,1.03644,CCn1cc(Br)c(CC(=O)N2CCN(C)CC2)n1,True,0.982,-0.054440000000000044,0.42,False,True
1.0,null,20,,,,526363,Cc1nnc(SCC(=O)Nc2ccc(O)cc2)n(N)c1=O,0.09692,Cc1nnc(SCC(=O)Nc2ccc(CC#N)cc2)n(N)c1=O,True,0.4573999999999999,0.3604799999999999,0.7307692307692307,False,True
1.0,null,20,,,,536853,COc1ccc(C2CCCN2C(=O)C2CCC2)c(OC)c1,3.1674000000000015,CC1CCC1C(=O)NCCCC1=CC=CC(C#N)C1,True,2.9549800000000017,-0.21241999999999983,0.14864864864864866,False,True
1.0,null,20,,,,540312,Cc1nn(C)c2nc(C3CC3)cc(C(=O)NCC(=O)NC(C)(C)C)c12,1.7986199999999997,Cc1nn(C)cnc(C2CC2)cc2c1CC(C)(O)C(=O)CNC2=O,True,0.7313199999999997,-1.0673,0.25,False,True
1.0,null,20,,,,544381,Cc1nc(N2CCCC(C(=O)NC(C)C)C2)c2c(C)c(C)oc2n1,2.8890600000000006,Cc1nc(N2CCCC2)c2c(C)c(C)oc2n1,True,2.748260000000001,-0.1407999999999996,0.56,False,True
1.0,null,20,,,,544382,CCCNC(=O)C1CCCN(c2nc(C)nc3oc(C)c(C)c23)C1,2.8906600000000013,Cc1nc(N2CCCC(CC(N)=O)C2)c2c(C(C)C)c(C)oc2n1,True,3.0548400000000013,0.16418,0.5,False,True
1.0,null,20,,,,550049,Cc1ccc(C)c(OCC(=O)Nc2cccc(-n3cnnc3)c2)c1,2.9016400000000013,Cc1ccc(NC(=O)COc2cccc(-n3cnnc3)c2C)cc1,True,2.9016400000000013,0.0,0.5614035087719298,False,True
1.0,null,20,,,,573533,Cc1nn(-c2ncc(C(F)(F)F)cc2Cl)c(=O)o1,2.2011199999999995,Cc1ccnc(Nc2onc(C(F)(F)F)c2Cl)n1,True,3.1888200000000007,0.9877000000000011,0.20634920634920634,False,True
1.0,null,20,,,,582555,O=C(NCC(O)c1ccccc1)c1ccc2c(=O)n3c(nc2c1)CCC3,1.8061000000000003,C=CCc1nc2c(c(=O)[nH]1)=CCC(=O)NCC(O)c1ccc(F)cc1CC=2,True,-0.005499999999999838,-1.8116,0.1134020618556701,False,True
1.0,null,20,,,,588547,Cc1n[nH]c(C)c1NC(=O)CCc1ccc(Cl)cc1Cl,3.9046400000000023,Cc1cc(C)c(CCC(=O)Nc2c(C)n[nH]c2C)c(C)c1,True,3.523100000000002,-0.3815400000000002,0.58,False,True
1.0,null,20,,,,607673,CCCN(CC1CC1)S(=O)(=O)c1ccccc1F,2.636400000000001,CCCN(C=O)C1CCCC1CS,True,1.9533,-0.6831000000000009,0.2,False,True
1.0,null,20,,,,617681,Cc1cc(C(=O)Nc2nc(-c3ccncc3)cs2)nn1C(C)C,3.5432200000000016,COc1cc(-c2csc(NC(=O)c3ccn(C)n3)n2)ccn1,True,2.1994999999999996,-1.343720000000002,0.46153846153846156,False,True
1.0,null,20,,,,650267,COc1ccc2oc(C(=O)NC3CCCCNC3=O)c(C)c2c1,2.14832,Cc1c(C(=O)NC2CCCNC2)oc2ccccc12,True,2.22302,0.07469999999999999,0.42424242424242425,False,True
1.0,null,20,,,,668639,Cc1cc(NC(=O)c2ccccc2Cl)ncc1N,2.8779200000000005,Nc1ccc(NC(=O)c2cc(Cl)ccc2Cl)nc1,True,3.222900000000001,0.3449800000000005,0.48,False,True
1.0,null,20,,,,673160,CCC(=O)Nc1ccc2oc(C(F)(F)F)cc(=O)c2c1,3.160300000000001,CCCc1cc(=O)c2cc(NC(C)=O)ccc2o1,True,2.703900000000001,-0.45640000000000036,0.5,False,True
1.0,null,20,,,,711169,Cc1cccc(C(C)C)c1NC(=O)N(C)Cc1ccncc1,4.177320000000003,CC(=O)c1ccc(NC(=O)N(C)Cc2ccncc2)cc1,True,2.948100000000001,-1.2292200000000015,0.5,False,False
1.0,null,20,,,,720969,Cc1noc(C)c1CCC(=O)OCC(=O)N1c2ccccc2CC1C,2.7450400000000013,Cc1noc(C)c1CCC(=O)OCC(=O)N1c2ccccc2CC1C,True,2.7450400000000013,0.0,1.0,True,False
1.0,null,20,,,,730789,COC(=O)C1CCN(C(=O)c2cc3ccc(F)cc3nc2C)CC1,2.7075200000000006,N#CCc1ccc2cc(C(=O)N3CCCC(CO)C3)ccc2n1,True,2.1453800000000003,-0.5621400000000003,0.24675324675324675,False,True
1.0,null,20,,,,738178,Cc1ccc(-n2ccnc2SCc2nc(C3CC3)no2)cc1C,4.041840000000003,Cc1cccc(C)c1-n1ccnc1SCc1nc(C2CC2)no1,True,4.041840000000003,0.0,0.7222222222222222,False,True
1.0,null,20,,,,771897,COc1ccccc1OCC(=O)N(C)Cc1sccc1C,3.102520000000002,COC(=O)c1cccc(OCC(=O)N(C)Cc2sccc2C)c1,True,2.8805200000000015,-0.22200000000000042,0.6,False,True
1.0,null,20,,,,811446,COC(=O)C1(NC(=O)c2cc(Br)c[nH]2)CCCCCC1,2.7730000000000006,CC(C)OC(=O)C1(NC(=O)c2cc(C(C)C)c[nH]2)CCCCC1,True,3.522400000000002,0.7494000000000014,0.5686274509803921,False,True
1.0,null,20,,,,848291,CCC(C)NC(=O)NCc1noc(-c2cccs2)n1,2.3958000000000004,CC(C)CNC(=O)NCCc1noc(-c2cccs2)n1,True,2.2958,-0.10000000000000053,0.5862068965517241,False,True
1.0,null,20,,,,863440,COc1ccc(-c2nc(CCCO)cs2)cc1OC,2.752200000000001,CC(C)(C)NC(=O)NCCc1csc(-c2ccccc2)n1,True,3.450300000000002,0.698100000000001,0.3448275862068966,False,True
1.0,null,20,,,,864663,N#Cc1ccc(-c2cc(F)ccc2F)nc1N1CCCC1,3.498680000000002,CCOc1ccc(-c2ccc(C#N)c(N3CCCC3)n2)cc1OC,True,3.6277800000000022,0.12910000000000021,0.4576271186440678,False,True
1.0,null,20,,,,872100,CCc1cccc(C)c1NCC(O)c1ccc2c(c1)OCCO2,3.474120000000002,COc1cc(NCC(O)c2ccc3c(c2)OCCO3)cc(OC)c1,True,2.6205000000000007,-0.8536200000000012,0.5272727272727272,False,True
1.0,null,20,,,,886334,COc1ccc(C(=O)N2CCCC(C(=O)N3CCCCC3)C2)c(O)c1,2.2655000000000003,COc1ccc(C(=O)N2CCCC(C(=O)N3CCCC3)C2)cc1OC,True,2.1784,-0.0871000000000004,0.5849056603773585,False,True
1.0,null,20,,,,887387,COCCNC(=O)N(Cc1cccc(F)c1)CC1CCCO1,2.1627,CS(=O)(=O)N(Cc1ccccc1)CC1CCCO1,True,1.6272,-0.5355000000000001,0.390625,False,False
1.0,null,20,,,,889149,N#Cc1ccc(NC(=O)c2ccc(Br)cc2Cl)nc1,3.621480000000001,N#Cc1ccnc(NC(=O)c2ccccc2Br)c1,True,2.9680800000000005,-0.6534000000000004,0.4444444444444444,False,True
1.0,null,20,,,,913483,O=C(CNC(=O)NCCc1c(Cl)cccc1Cl)NC1CC1,2.1137000000000006,CC1=CC(CCNC(=O)NCC(=O)NC2CC2C)CC=C1,True,1.7227,-0.3910000000000007,0.32786885245901637,False,True
1.0,null,20,,,,917620,C=CCN(Cc1ccccc1OC)C(=O)c1csc(C)n1,3.288520000000002,C=CCN(Cc1ccc(OC)cc1)C(=O)c1csc(C)n1,True,3.288520000000002,0.0,0.6666666666666666,False,True
1.0,null,20,,,,918312,CCOc1ccc(Cl)c(C(=O)N2CCN(c3ncccn3)CC2)n1,1.8860999999999997,COc1ccnc(N2CCN(C(=O)c3ncccc3Cl)CC2)n1,True,1.496,-0.39009999999999967,0.5892857142857143,False,True
1.0,null,20,,,,922879,CC(=O)c1ccc(N2CCN(Cc3c(F)cccc3F)CC2)cc1,3.489600000000003,COc1ccc(CN2CCN(c3cccc(F)c3)CC2)cc1C,True,3.464920000000002,-0.024680000000000923,0.3389830508474576,False,True
1.0,null,20,,,,927535,COc1cc(CN2CCN(c3ccccc3F)CC2)ccc1O,2.862100000000002,COc1ccc(CN2CCN(c3cccc(O)c3)CC2)cc1,True,2.7230000000000008,-0.13910000000000133,0.42857142857142855,False,True
1.0,null,20,,,,927567,Cc1ccccc1N1CCN(Cc2cccc(O)c2)CC1,3.022820000000001,Cc1ccccc1N1CCN(C(N)c2ccccc2F)CC1,True,2.9136200000000017,-0.10919999999999952,0.39215686274509803,False,True
1.0,null,20,,,,938108,CC(c1ccccc1)N(C)C(=O)CCC(=O)Nc1nccs1,3.0814000000000012,Cc1csc(NC(=O)CCC(=O)N(C)Cc2ccccc2)n1,True,2.8288200000000012,-0.25258,0.4262295081967213,False,True
1.0,null,20,,,,943303,CN(CCCOc1ccccc1)C(=O)Nc1cccc2c1OCCO2,3.390600000000002,NOc1ccccc1OCCCNC(=O)c1cccc2c1OCCO2,True,1.9092,-1.4814000000000018,0.3880597014925373,False,True
1.0,null,20,,,,946289,CC(NC(=O)C1(c2cc(-c3ccco3)on2)CC1)c1ccccc1,3.843600000000002,C#CCC(=CC=COC)CN(C)C(=O)Cc1cc(-c2ccco2)on1,True,3.045300000000002,-0.7983000000000002,0.3037974683544304,False,True
1.0,null,20,,,,994077,Cc1nnc(Cn2c(-c3cccc(Br)c3)noc2=O)o1,2.0055199999999997,Cc1nnc(Cn2c(-c3ccc(Br)cc3)noc2=O)o1,True,2.0055199999999997,0.0,0.7446808510638298,False,True
1.0,null,20,,,,1065620,O=C(NCc1cccnc1Oc1ccccc1)c1cccnc1,3.198900000000002,Cc1ccc(Oc2ncccc2CNC(=O)c2ccc(O)nc2)cc1,True,3.2129200000000004,0.01401999999999859,0.6181818181818182,False,True
1.0,null,20,,,,1093926,CN(C(=O)CNc1cccc(OCC2CCCO2)c1)c1ccccc1,3.319300000000002,O=C(CNC1CCCO1)Nc1cccc(OCc2ccccc2)c1,True,2.930200000000001,-0.3891000000000009,0.44285714285714284,False,True
1.0,null,20,,,,1107920,CCc1ccc(-n2cc(C(=O)NC(C)c3ccccc3)nn2)cc1,3.320700000000002,O=C(NCc1ccc(F)cc1)c1cn(-c2ccccc2)nn1,True,2.3364000000000003,-0.984300000000002,0.5,False,False
1.0,null,20,,,,1113130,CC(NC(=O)Cn1nnnc1C(C)(C)C)c1cccc2ccccc12,3.0012000000000016,COCc1ccccc1-c1nnnn1CC(=O)NC(C)c1ccccc1,True,2.3639,-0.6373000000000015,0.417910447761194,False,True
1.0,null,20,,,,1121751,COC(=O)Cn1ccc(NS(=O)(=O)c2ccc(F)c(F)c2F)n1,1.2742,CC(=O)c1ccc(S(=O)(=O)Nc2ccn(C(C)C)n2)cc1,True,2.4674000000000005,1.1932000000000005,0.3225806451612903,False,True
1.0,null,20,,,,1142531,CCOC(C)C(=O)NCCc1csc(-c2ccc(C)cc2)n1,3.2022200000000014,O=C(NCCc1csc(-c2ccc(Cl)cc2)n1)NC(F)F,True,3.527800000000002,0.3255800000000004,0.48333333333333334,False,True
1.0,null,20,,,,1212157,CN(Cc1ccc(F)c(F)c1)C(=O)c1cncc(-c2cnn(C)c2)c1,3.0325000000000015,CN(Cc1ccccc1)C(=O)c1cncc(-c2cnn(C)c2)c1,True,2.7543000000000006,-0.2782000000000009,0.7358490566037735,False,True
1.0,null,20,,,,1215394,CCn1nc(C)cc1C(=O)Oc1cccc(NC(=O)C(C)C)c1,3.025120000000001,CCOc1cc(OC)ccc1OC(=O)c1cc(C(C)C)nn1C,True,3.1700000000000017,0.14488000000000056,0.29577464788732394,False,True
1.0,null,20,,,,1232922,CC(C)(C)OC(=O)NC1CCCN(S(=O)(=O)N2CCOCC2)C1,0.5525000000000011,COC(=O)C1CCC(NS(=O)(=O)N2CCOCC2)C1,True,-0.505299999999999,-1.0578,0.3684210526315789,False,True
1.0,null,20,,,,1238973,FC(F)(F)c1cnc(N2CCn3c(nnc3C3CC3)C2)c(Cl)c1,3.2429000000000023,FC(F)(F)c1cccnc1N1CCn2c(nnc2C2CC2)C1,True,2.5895,-0.6534000000000022,0.5714285714285714,False,True
1.0,null,20,,,,1299495,Cc1cc(CC(=O)N2CCCC2C(C#N)c2ccccc2)no1,2.823900000000001,Cc1cccc(C2CCCN2C(=O)CC(C#N)c2cc(C)no2)c1,True,3.652420000000003,0.8285200000000019,0.4189189189189189,False,True
1.0,null,20,,,,1309906,CC(C)CC(NC(=O)c1cc(=O)c2ccccc2o1)C(=O)OC(C)C,2.8891000000000018,NS(=O)(=O)CCNC(=O)c1cc(=O)c2ccccc2o1,True,-0.18869999999999898,-3.0778000000000008,0.47368421052631576,False,True
1.0,null,20,,,,1362816,COCc1cccc(C(=O)NC2CC2c2cccc(Cl)c2)c1,3.772300000000002,COc1ccc(C(=O)NC2CC2c2c(N)cccc2Cl)cc1,True,3.2167000000000012,-0.555600000000001,0.40625,False,True
1.0,null,20,,,,1441838,COCC(=O)NC(C(=O)Nc1cccc(-c2nccs2)c1)C(C)C,2.5358,COCC(C)NC(=O)NCc1cccc(-c2nccs2)c1,True,2.6442000000000005,0.1084000000000005,0.5151515151515151,False,True
1.0,null,20,,,,1450449,CCCNC(=O)CSc1nc2c(cc1C#N)CCCC2,2.450380000000001,CN(C)S(=O)(=O)c1nc2c(cc1C#N)CCCC2,True,1.0823800000000001,-1.3680000000000008,0.42105263157894735,False,True
1.0,null,20,,,,1451910,O=S(=O)(NCc1nnc2ccccn12)c1ccc(F)c(F)c1,1.4859999999999995,COc1ccc(S(=O)(=O)NCc2nnc3ccccn23)cc1OC,True,1.2249999999999996,-0.2609999999999999,0.6730769230769231,False,True
1.0,null,20,,,,1479798,Cc1nc(C)c(CCC(=O)N(CC(C)C)CC(F)(F)F)c(=O)[nH]1,2.3662400000000003,CC=NC(C)=C(C=O)CCC(=O)NCCOCC(C)CC,True,2.509100000000001,0.14286000000000065,0.11392405063291139,False,True
1.0,null,20,,,,1507926,COC(=O)C(C)NC(=O)Cc1csc(-c2ccccc2Cl)n1,2.6837,COCCNC(=O)NCCc1csc(-c2ccccc2F)n1,True,2.4373000000000005,-0.2463999999999995,0.390625,False,True
1.0,null,20,,,,1527882,Nc1ncccc1C(=O)Nc1ccc2cn[nH]c2c1,1.7923999999999998,Cc1cc(N)c2[nH]nc(C(=O)Nc3ccc(F)cc3)c2c1,True,2.844920000000001,1.0525200000000012,0.2727272727272727,False,True
1.0,null,20,,,,1532848,COc1ccc(-c2ccc3c(=O)[nH]cnc3c2)cc1Cl,3.2521000000000013,CCc1ccc(-c2ccc3c(Cl)ccnc3c2)c(=O)[nH]1,True,3.805900000000002,0.5538000000000007,0.3620689655172414,False,True
1.0,null,20,,,,1548351,COc1cc(OC)c2c(c1)C(c1cnccn1)NCC2,1.7288999999999999,COc1cccc2c1C(c1ncc(Cl)cn1)NCC2,True,2.3737000000000004,0.6448000000000005,0.3114754098360656,False,True
1.0,null,20,,,,1570134,COc1cccc(C(C)N2CCN(C(=O)c3ccc(O)cc3)CC2)c1,2.9198000000000013,COc1ccc(C(=O)N2CCN(C(C)c3ccccc3)CC2)cc1,True,3.2142000000000017,0.29440000000000044,0.6875,False,True
1.0,null,20,,,,1611406,CC(C)(C)N1CC(NC(=O)C2COc3ccc(F)cc3C2)CC1=O,1.8923999999999994,CNC(=O)CCNC(=O)C1CCCOc2cc(cc(OCOC)c2)C1,True,1.2528999999999997,-0.6394999999999997,0.18181818181818182,False,True
1.0,null,20,,,,1612684,CCCC1CN(C(=O)Nc2ccn(CCC(C)C)n2)CCO1,2.9620000000000015,CCCC1OCCN1C(=O)Nc1ccn(CCC(C)C)n1,True,2.919500000000001,-0.042500000000000426,0.711864406779661,False,True
1.0,null,20,,,,1639675,CCC(CC)c1nnc(NC(=O)c2scnc2C2CC2)s1,4.0279000000000025,CCC(NC1=NC=CS12CC2)C(=O)Nc1nncs1,True,1.5037999999999998,-2.5241000000000025,0.2714285714285714,False,True
1.0,null,20,,,,1675660,COc1ccnc(NC(=O)c2cccc(Cl)c2)c1,2.9959000000000007,Cc1ccnc(NC(=O)c2ccc(Br)c(C)c2)c1,True,3.7132400000000025,0.7173400000000019,0.41509433962264153,False,True
1.0,null,20,,,,1689728,CCc1noc(CSc2ncnc3sc(C)cc23)n1,3.237420000000002,Cc1noc(CSc2ncnc3sc(C)c(C)c23)n1,True,3.2918600000000025,0.05444000000000049,0.48214285714285715,False,True
1.0,null,20,,,,1720876,CC(C)(C)CC(=O)NCC(=O)Nc1ccc2c(c1)COC2,2.2077,COCC(C)NC(=O)Nc1ccc2c(c1)COC2,True,1.8732,-0.3345,0.46296296296296297,False,False
1.0,null,20,,,,1757109,CC(C)Cc1ncc(CNc2ccc3c(c2)COC3)s1,3.983900000000003,CCC1OCc2cc(NCC(C=CS)N=CNC(C)C)ccc21,True,3.9182000000000023,-0.06570000000000054,0.25675675675675674,False,True
1.0,null,20,,,,1774061,O=C1NCCCc2[nH]c(-c3cccc4[nH]ccc34)nc21,2.234,COc1cccc(C(CCCN)c2cc3cc[nH]c3cn2)c1,True,3.4423000000000012,1.2083000000000013,0.2,False,True
1.0,null,20,,,,1800687,Cc1nn(C)c(-c2nc(-c3cccnn3)no2)c1Cl,1.8889199999999997,CNC(=O)C1SC(c2nc(-c3ccc(C#N)cn3)no2)=NN1C,True,0.4155799999999999,-1.4733399999999999,0.23684210526315788,False,True
1.0,null,20,,,,1815867,FC(F)(F)c1ccc(CN2CCOCC2c2ncon2)cc1,2.661900000000001,Fc1ccc(CN2CCOCC2c2ncon2)c(Cl)c1,True,2.435600000000001,-0.22630000000000017,0.5964912280701754,False,True
1.0,null,20,,,,1828580,Cc1ccc(N2CC3OCC(=O)N(Cc4cccc(F)c4)C3C2)nn1,1.54032,COc1ccc(CN2C(=O)COC3CN(c4ccc(F)nn4)CC32)cc1,True,1.2404999999999997,-0.2998200000000002,0.5909090909090909,False,True
1.0,null,20,,,,1836183,CCc1ccc(C(=O)NCc2nccc(N(C)C)n2)cc1,2.035,Nc1ccnc(CNC(=O)c2cccc(Cl)c2)n1,True,1.6422,-0.39280000000000004,0.40350877192982454,False,True
1.0,null,20,,,,1842499,COc1ccccc1COc1ccccc1-c1cnn(CCO)c1,3.1300000000000017,COc1cc(CO)ccc1OCc1cnn(-c2ccccc2OC)c1,True,2.9608000000000017,-0.16920000000000002,0.36507936507936506,False,True
1.0,null,20,,,,1865564,COC(CNC(=O)c1ccoc1)c1cccc(F)c1,2.536200000000001,COc1ccc(C(O)CNC(=O)c2ccoc2)cc1,True,1.7515999999999998,-0.7846000000000011,0.509090909090909,False,True
1.0,null,20,,,,1868773,CCCOc1ccc(Cl)c2c1CCNC2C1CC(=O)C1,3.2947000000000015,O=CC1CC(C2NCCc3ccc(Cl)cc32)CN1,True,1.7037999999999995,-1.590900000000002,0.23529411764705882,False,True
1.0,null,20,,,,1873123,CCC1OC(=O)c2c(OC)ccc(Br)c21,3.079200000000002,CCCOC(=O)c1c(C(C)(C)C)oc2ccc(Cl)cc12,True,4.950500000000004,1.8713000000000024,0.13846153846153847,False,True
1.0,null,20,,,,1875028,Cc1cccc(C)c1NCC(=O)N1CCCC2CCCCC21,3.8965400000000034,CC(=O)Nc1ccc(NCC(=O)N2CCCC23CCCC(C)C3)cc1,True,3.6282000000000023,-0.26834000000000113,0.2878787878787879,False,True
1.0,null,20,,,,1895921,CCC(CC)N(C)C(=O)CC1OC(=O)c2ccccc21,2.935200000000002,CCOC(=O)C1Cc2ccccc2C(=O)O1,True,1.3312,-1.6040000000000019,0.35185185185185186,False,True
1.0,null,20,,,,1907077,Cc1ccc2[nH]nc(C(=O)Nc3nc(-c4ccco4)cs3)c2c1,3.8401200000000015,COc1cccc2sc(NC(=O)c3n[nH]c(-c4ccco4)n3)nc12,True,2.9353,-0.9048200000000017,0.35064935064935066,False,True
1.0,null,20,,,,1913063,Cc1nn(C)c(C)c1CN(C(=O)c1cn2cccc(C)c2n1)C1CC1,2.797860000000001,Cc1ccc[nH]c2c(CN3CCCc4c(c(C)nn4C)C3=O)nc1-2,True,2.4534400000000005,-0.3444200000000004,0.2235294117647059,False,True
1.0,null,20,,,,1922265,CN(CCNC(=O)c1ccc2c(c1)ncn2C)c1ccccc1,2.4395000000000007,CN(CCNC(=O)c1ccc2[nH]cnc2c1)Cc1ccc(F)cc1,True,2.5637999999999996,0.12429999999999897,0.37681159420289856,False,True
1.0,bin,0,-1.2959600001573561,-inf,-1.1407200038433074,32052,COc1ccccc1CNC(=O)Cc1c[nH]c2ccccc12,3.035400000000001,NS(=O)(=O)c1cccc(CNC(=O)Cc2c[nH]c3ccccc23)c1,True,1.6742000000000001,-1.3612000000000009,0.5370370370370371,False,True
1.0,bin,0,-1.2959600001573561,-inf,-1.1407200038433074,116747,COCCSc1ccccc1C(=O)Nc1cccc(C)n1,3.3808200000000017,COc1ccccc1C(=O)Nc1cccc(N)n1,True,1.9246999999999999,-1.4561200000000019,0.4444444444444444,False,True
1.0,bin,0,-1.2959600001573561,-inf,-1.1407200038433074,131060,CS(=O)(=O)NCCc1csc(-c2ccc(F)cc2)n1,2.0408999999999997,NS(=O)(=O)CC(=O)NCCc1csc(-c2ccccc2)n1,True,0.7573000000000001,-1.2835999999999996,0.46296296296296297,False,True
1.0,bin,0,-1.2959600001573561,-inf,-1.1407200038433074,131949,CCc1c(C)nc(SCC(=O)NC(C)C)[nH]c1=O,1.25742,COCCCNC(=O)CSc1nc(C)cc(=O)[nH]1,True,0.3231199999999999,-0.9343000000000001,0.3442622950819672,False,True
1.0,bin,0,-1.2959600001573561,-inf,-1.1407200038433074,158879,COc1ccc(CC(=O)OCC(=O)c2c[nH]c3ccccc23)cc1,3.145100000000001,NS(=O)(=O)c1ccc(CC(=O)OCC(=O)c2c[nH]c3ccccc23)cc1,True,1.7838999999999992,-1.361200000000002,0.6923076923076923,False,True
1.0,bin,0,-1.2959600001573561,-inf,-1.1407200038433074,232056,COCCNC(=O)c1cc(=O)c2cc(C)ccc2o1,1.4776199999999993,CNC(=O)CNC(=O)c1cc(=O)c2cc(OC)ccc2o1,True,0.27739999999999987,-1.2002199999999994,0.5370370370370371,False,True
1.0,bin,0,-1.2959600001573561,-inf,-1.1407200038433074,235788,O=C(Cn1nc(-c2ccco2)oc1=O)NCC(F)(F)F,0.7747999999999999,CC(=O)NCCNC(=O)Cn1nc(-c2ccco2)oc1=O,True,-0.6514,-1.4262,0.6923076923076923,False,True
1.0,bin,0,-1.2959600001573561,-inf,-1.1407200038433074,236081,CC(=O)c1c(C)[nH]c(C(=O)CSc2nc(C(C)C)n[nH]2)c1C,3.0506400000000014,CC1=NNC(SCC(=O)c2cc(C(N)=O)[nH]c2C)C=N1,True,0.6714199999999999,-2.3792200000000014,0.19444444444444445,False,True
1.0,bin,0,-1.2959600001573561,-inf,-1.1407200038433074,281081,O=C(Cn1cccn1)NCc1cccnc1Oc1ccc(F)cc1F,2.665000000000001,NC(=O)c1cccc(Oc2ncccc2CNC(=O)Cn2cccn2)c1,True,1.4856999999999998,-1.1793000000000011,0.6153846153846154,False,True
1.0,bin,0,-1.2959600001573561,-inf,-1.1407200038433074,284170,COc1ccc(-c2nc(CC(=O)Nc3cccc(C)n3)cs2)cc1,3.7033200000000024,NC(=O)c1ccnc(NC(=O)Cc2csc(-c3ccccc3)n2)c1,True,2.4852,-1.2181200000000025,0.46875,False,True
1.0,bin,0,-1.2959600001573561,-inf,-1.1407200038433074,288369,Cc1ccc(NCc2nnc3n2CCCCC3)cc1C,3.2334400000000016,COc1ccc(C(N)=O)cc1NCc1nnc2n1CCCCC2,True,1.7240999999999993,-1.5093400000000023,0.4918032786885246,False,True
1.0,bin,0,-1.2959600001573561,-inf,-1.1407200038433074,302889,COc1ccc(OC)c(NC(=O)CCNC(=O)c2cccs2)c1,2.5239000000000003,NC(=O)c1ccc(NC(=O)CCNC(=O)c2cccs2)cc1,True,1.605599999999999,-0.9183000000000012,0.5087719298245614,False,False
1.0,bin,0,-1.2959600001573561,-inf,-1.1407200038433074,327141,COc1ccc(OC)c(S(=O)(=O)Nc2ccn(C)n2)c1,1.2381,Cn1ccc(NS(=O)(=O)c2cccc(NS(C)(=O)=O)c2)n1,True,0.5924000000000001,-0.6456999999999998,0.4528301886792453,False,True
1.0,bin,0,-1.2959600001573561,-inf,-1.1407200038433074,327382,CNC(=O)C1CN(C(=O)c2c(C)noc2C)c2ccccc2O1,1.4452399999999996,Cc1noc(C)c1C(=O)N1CCOc2ccccc21,True,2.33064,0.8854000000000002,0.5925925925925926,False,False
1.0,bin,0,-1.2959600001573561,-inf,-1.1407200038433074,406491,COCCNC(=O)C1CCCN(S(=O)(=O)N2CCOCC2)C1,-0.9619999999999964,NS(=O)(=O)NC1CCN(S(=O)(=O)N2CCOCC2)CC1,True,-2.1790999999999956,-1.2170999999999992,0.35185185185185186,False,True
1.0,bin,0,-1.2959600001573561,-inf,-1.1407200038433074,413951,O=C(Cn1ncn2cccc2c1=O)N1CCCCCC1,0.8985999999999996,COC1CCCN(C(=O)C2NN=C3C(C(N)=O)=CC=CN3C2=O)C1,True,-1.3232999999999981,-2.221899999999998,0.17721518987341772,False,True
1.0,bin,0,-1.2959600001573561,-inf,-1.1407200038433074,427929,CCNc1nc(NCc2ccccc2Cl)c2cnn(C)c2n1,3.060600000000001,CN(C)c1nc(NCc2ccccc2)c2cnn(C)c2n1,True,2.0413999999999994,-1.0192000000000014,0.47368421052631576,False,False
1.0,bin,0,-1.2959600001573561,-inf,-1.1407200038433074,447130,CCC(NC(=O)C1CCN(C(=O)C2CC2)CC1)c1ccc(C)cc1,3.2109200000000016,CC(NC(=O)C1CCN(C(=O)C2CC2)CC1)c1ccc(C(N)=O)cc1,True,1.611299999999999,-1.5996200000000025,0.5471698113207547,False,True
1.0,bin,0,-1.2959600001573561,-inf,-1.1407200038433074,481908,CCNS(=O)(=O)c1ccc(C)c(C(=O)Nc2ncccc2C)c1,2.24894,N#Cc1ccc(S(=O)(=O)Nc2cccc(C(N)=O)n2)cc1,True,0.8529800000000001,-1.39596,0.2028985507246377,False,True
1.0,bin,0,-1.2959600001573561,-inf,-1.1407200038433074,485220,Cc1nn(CC(=O)N2CCN(C)CC2)c(C)c1Br,1.03644,Cc1cc(C)n(CC(=O)N2CCN(CCO)CC2)n1,True,-0.3635599999999992,-1.3999999999999992,0.42,False,True
1.0,bin,0,-1.2959600001573561,-inf,-1.1407200038433074,526363,Cc1nnc(SCC(=O)Nc2ccc(O)cc2)n(N)c1=O,0.09692,NNC(=O)C1=CC=CC(NC(=O)CSc2nnc(N)c(=O)[nH]2)C=C1,True,-1.6336999999999997,-1.7306199999999996,0.21052631578947367,False,True
1.0,bin,0,-1.2959600001573561,-inf,-1.1407200038433074,536853,COc1ccc(C2CCCN2C(=O)C2CCC2)c(OC)c1,3.1674000000000015,NS(=O)(=O)c1ccc(C2CCCN2C(=O)C2CCC2)cc1,True,1.7975999999999999,-1.3698000000000017,0.4444444444444444,False,True
1.0,bin,0,-1.2959600001573561,-inf,-1.1407200038433074,540312,Cc1nn(C)c2nc(C3CC3)cc(C(=O)NCC(=O)NC(C)(C)C)c12,1.7986199999999997,CC=CC(C(=O)NCC(=O)NC(C)(C)CO)=C1C(=N)N(C)N=C1C1CC1,True,0.5510700000000011,-1.2475499999999986,0.3037974683544304,False,True
1.0,bin,0,-1.2959600001573561,-inf,-1.1407200038433074,544381,Cc1nc(N2CCCC(C(=O)NC(C)C)C2)c2c(C)c(C)oc2n1,2.8890600000000006,Cc1nc(N2CCCCC(=O)NC2)c2c(C)c(C)oc2n1,True,2.21206,-0.6770000000000005,0.47540983606557374,False,True
1.0,bin,0,-1.2959600001573561,-inf,-1.1407200038433074,544382,CCCNC(=O)C1CCCN(c2nc(C)nc3oc(C)c(C)c23)C1,2.8906600000000013,Cc1nc(N2CCCC(CO)C2)c2c(C)c(C)oc2n1,True,2.3567600000000004,-0.5339000000000009,0.603448275862069,False,True
1.0,bin,0,-1.2959600001573561,-inf,-1.1407200038433074,550049,Cc1ccc(C)c(OCC(=O)Nc2cccc(-n3cnnc3)c2)c1,2.9016400000000013,NC(=O)c1ccc(OCC(=O)Nc2cccc(-n3cnnc3)c2)cc1,True,1.3836999999999995,-1.5179400000000018,0.5964912280701754,False,True
1.0,bin,0,-1.2959600001573561,-inf,-1.1407200038433074,573533,Cc1nn(-c2ncc(C(F)(F)F)cc2Cl)c(=O)o1,2.2011199999999995,CC=NN(C=O)c1ncc(Br)cc1C#N,True,1.68428,-0.5168399999999995,0.11940298507462686,False,True
1.0,bin,0,-1.2959600001573561,-inf,-1.1407200038433074,582555,O=C(NCC(O)c1ccccc1)c1ccc2c(=O)n3c(nc2c1)CCC3,1.8061000000000003,NC(=O)C(C=C1C=CC(=O)N=C1)CNC(=O)c1ccc2c(c1)CCN2,True,0.5794999999999996,-1.2266000000000008,0.27380952380952384,False,True
1.0,bin,0,-1.2959600001573561,-inf,-1.1407200038433074,588547,Cc1n[nH]c(C)c1NC(=O)CCc1ccc(Cl)cc1Cl,3.9046400000000023,Cc1n[nH]c(C)c1NC(=O)CCc1ccccc1O,True,2.3034400000000006,-1.6012000000000017,0.62,False,False
1.0,bin,0,-1.2959600001573561,-inf,-1.1407200038433074,607673,CCCN(CC1CC1)S(=O)(=O)c1ccccc1F,2.636400000000001,CN(C)S(=O)(=O)c1ccc(S(=O)(=O)N(C)CC2CC2)cc1,True,0.9674,-1.669000000000001,0.3617021276595745,False,False
1.0,bin,0,-1.2959600001573561,-inf,-1.1407200038433074,617681,Cc1cc(C(=O)Nc2nc(-c3ccncc3)cs2)nn1C(C)C,3.5432200000000016,C=S1C=C(c2ccncc2)N=C1NC(=O)C1N=C(NC(C)=O)S1,True,1.1316999999999997,-2.411520000000002,0.24324324324324326,False,True
1.0,bin,0,-1.2959600001573561,-inf,-1.1407200038433074,650267,COc1ccc2oc(C(=O)NC3CCCCNC3=O)c(C)c2c1,2.14832,O=C1COCC(O)=CC=CC(O)C(=O)N2CCCCNC12,True,-0.5171999999999997,-2.66552,0.14457831325301204,False,True
1.0,bin,0,-1.2959600001573561,-inf,-1.1407200038433074,668639,Cc1cc(NC(=O)c2ccccc2Cl)ncc1N,2.8779200000000005,Cc1ccc(N)c(C(=O)Nc2ccc(CNC(N)=O)cn2)c1,True,1.3928199999999997,-1.4851000000000008,0.3898305084745763,False,True
1.0,bin,0,-1.2959600001573561,-inf,-1.1407200038433074,673160,CCC(=O)Nc1ccc2oc(C(F)(F)F)cc(=O)c2c1,3.160300000000001,COC(C)C(=O)Nc1ccc2oc(C(C)=O)cc(=O)c2c1,True,1.969,-1.1913000000000011,0.42105263157894735,False,True
1.0,bin,0,-1.2959600001573561,-inf,-1.1407200038433074,711169,Cc1cccc(C(C)C)c1NC(=O)N(C)Cc1ccncc1,4.177320000000003,CN(Cc1ccncc1)C(=O)Nc1ccc(C#N)cc1,True,2.6171800000000003,-1.5601400000000023,0.5094339622641509,False,False
1.0,bin,0,-1.2959600001573561,-inf,-1.1407200038433074,720969,Cc1noc(C)c1CCC(=O)OCC(=O)N1c2ccccc2CC1C,2.7450400000000013,Cc1noc(C)c1CCC(=O)OCC(=O)N1c2ccccc2CC1O,True,1.67494,-1.0701000000000012,0.8245614035087719,False,True
1.0,bin,0,-1.2959600001573561,-inf,-1.1407200038433074,730789,COC(=O)C1CCN(C(=O)c2cc3ccc(F)cc3nc2C)CC1,2.7075200000000006,CCCNC(=O)c1cc2cc(C(=O)NCCCO)ccc2nc1C,True,1.7952199999999996,-0.912300000000001,0.2535211267605634,False,True
1.0,bin,0,-1.2959600001573561,-inf,-1.1407200038433074,738178,Cc1ccc(-n2ccnc2SCc2nc(C3CC3)no2)cc1C,4.041840000000003,Oc1ccc(-n2ccnc2SCc2nc(C3CC3)no2)cc1,True,3.130600000000001,-0.911240000000002,0.7358490566037735,False,True
1.0,bin,0,-1.2959600001573561,-inf,-1.1407200038433074,771897,COc1ccccc1OCC(=O)N(C)Cc1sccc1C,3.102520000000002,COc1cccc(OCC(=O)NCc2sccc2CO)c1,True,1.9441999999999997,-1.1583200000000022,0.3076923076923077,False,True
1.0,bin,0,-1.2959600001573561,-inf,-1.1407200038433074,811446,COC(=O)C1(NC(=O)c2cc(Br)c[nH]2)CCCCCC1,2.7730000000000006,COC(=O)C1(NC(=O)c2cc(C#N)c[nH]2)CCCCC1,True,1.4920799999999992,-1.2809200000000014,0.6808510638297872,False,True
1.0,bin,0,-1.2959600001573561,-inf,-1.1407200038433074,848291,CCC(C)NC(=O)NCc1noc(-c2cccs2)n1,2.3958000000000004,CN(C)S(=O)(=O)NCc1noc(-c2cccs2)n1,True,0.6940999999999999,-1.7017000000000004,0.5263157894736842,False,False
1.0,bin,0,-1.2959600001573561,-inf,-1.1407200038433074,863440,COc1ccc(-c2nc(CCCO)cs2)cc1OC,2.752200000000001,COc1ccc(-c2nc(C(N)=O)cs2)c(OC)c1,True,1.9262,-0.8260000000000012,0.3392857142857143,False,True
1.0,bin,0,-1.2959600001573561,-inf,-1.1407200038433074,864663,N#Cc1ccc(-c2cc(F)ccc2F)nc1N1CCCC1,3.498680000000002,CC1CCCN1C1ONC(=Cc2ccc(C#N)cc2)C=C1N,True,2.08698,-1.411700000000002,0.14666666666666667,False,True
1.0,bin,0,-1.2959600001573561,-inf,-1.1407200038433074,872100,CCc1cccc(C)c1NCC(O)c1ccc2c(c1)OCCO2,3.474120000000002,NC(=O)c1ccc(NCC(O)c2ccc3c(c2)OCCO3)cc1,True,1.7022,-1.771920000000002,0.5178571428571429,False,True
1.0,bin,0,-1.2959600001573561,-inf,-1.1407200038433074,886334,COc1ccc(C(=O)N2CCCC(C(=O)N3CCCCC3)C2)c(O)c1,2.2655000000000003,C=CC(=CC=CS(=O)(=O)NC)C(=O)N1CCCC(C(=O)N2CCCC2)C1,True,1.0226999999999997,-1.2428000000000006,0.3333333333333333,False,True
1.0,bin,0,-1.2959600001573561,-inf,-1.1407200038433074,887387,COCCNC(=O)N(Cc1cccc(F)c1)CC1CCCO1,2.1627,NS(=O)(=O)N(Cc1ccccc1)CC1CCCO1,True,0.8710999999999998,-1.2916000000000003,0.375,False,False
1.0,bin,0,-1.2959600001573561,-inf,-1.1407200038433074,889149,N#Cc1ccc(NC(=O)c2ccc(Br)cc2Cl)nc1,3.621480000000001,COc1ccc(C(=O)Nc2ccc(C#N)c(N)n2)cc1,True,1.7963799999999999,-1.825100000000001,0.265625,False,True
1.0,bin,0,-1.2959600001573561,-inf,-1.1407200038433074,913483,O=C(CNC(=O)NCCc1c(Cl)cccc1Cl)NC1CC1,2.1137000000000006,COc1ccc(OC)c(CCNC(=O)NCC(=O)NC2CC2)c1,True,0.8241000000000002,-1.2896000000000005,0.509090909090909,False,True
1.0,bin,0,-1.2959600001573561,-inf,-1.1407200038433074,917620,C=CCN(Cc1ccccc1OC)C(=O)c1csc(C)n1,3.288520000000002,COc1ccccc1CN(CCO)C(=O)c1csc(C)n1,True,2.0948200000000003,-1.1937000000000015,0.7307692307692307,False,True
1.0,bin,0,-1.2959600001573561,-inf,-1.1407200038433074,918312,CCOc1ccc(Cl)c(C(=O)N2CCN(c3ncccn3)CC2)n1,1.8860999999999997,COc1ccc(C(=O)N2CCN(C(=O)c3ncccn3)CC2)nc1,True,0.4783999999999997,-1.4077,0.35,False,True
1.0,bin,0,-1.2959600001573561,-inf,-1.1407200038433074,922879,CC(=O)c1ccc(N2CCN(Cc3c(F)cccc3F)CC2)cc1,3.489600000000003,NS(=O)c1cccc(CN2CCN(c3cccc(CO)c3)CC2)c1,True,1.4824,-2.0072000000000028,0.3220338983050847,False,True
1.0,bin,0,-1.2959600001573561,-inf,-1.1407200038433074,927535,COc1cc(CN2CCN(c3ccccc3F)CC2)ccc1O,2.862100000000002,NC(=O)c1ccc(N2CCN(Cc3cccc(O)c3)CC2)cc1,True,1.8132999999999995,-1.0488000000000026,0.32786885245901637,False,True
1.0,bin,0,-1.2959600001573561,-inf,-1.1407200038433074,927567,Cc1ccccc1N1CCN(Cc2cccc(O)c2)CC1,3.022820000000001,NS(=O)(=O)c1ccc(CN2CCN(c3ccc(O)cc3)CC2)cc1,True,1.3617999999999995,-1.6610200000000017,0.3333333333333333,False,True
1.0,bin,0,-1.2959600001573561,-inf,-1.1407200038433074,938108,CC(c1ccccc1)N(C)C(=O)CCC(=O)Nc1nccs1,3.0814000000000012,COc1ccccc1CNC(=O)CCC(=O)Nc1nccs1,True,2.1868,-0.8946000000000014,0.4915254237288136,False,False
1.0,bin,0,-1.2959600001573561,-inf,-1.1407200038433074,943303,CN(CCCOc1ccccc1)C(=O)Nc1cccc2c1OCCO2,3.390600000000002,Nc1ccccc1OCC(=O)NCC1COc2ccccc2O1,True,1.6037999999999997,-1.7868000000000022,0.22972972972972974,False,True
1.0,bin,0,-1.2959600001573561,-inf,-1.1407200038433074,946289,CC(NC(=O)C1(c2cc(-c3ccco3)on2)CC1)c1ccccc1,3.843600000000002,CCC(C(=O)NC1(c2ccccc2)NC1=O)c1cc(-c2ccco2)on1,True,2.5272000000000006,-1.3164000000000016,0.39436619718309857,False,True
1.0,bin,0,-1.2959600001573561,-inf,-1.1407200038433074,994077,Cc1nnc(Cn2c(-c3cccc(Br)c3)noc2=O)o1,2.0055199999999997,COc1ccc(-c2nnc(Cn3c(C)noc3=O)o2)cc1,True,1.25162,-0.7538999999999998,0.423728813559322,False,True
1.0,bin,0,-1.2959600001573561,-inf,-1.1407200038433074,1065620,O=C(NCc1cccnc1Oc1ccccc1)c1cccnc1,3.198900000000002,C=NC=CC=COc1ncccc1CNC=O,True,1.4344,-1.764500000000002,0.30158730158730157,False,True
1.0,bin,0,-1.2959600001573561,-inf,-1.1407200038433074,1093926,CN(C(=O)CNc1cccc(OCC2CCCO2)c1)c1ccccc1,3.319300000000002,NC(=O)c1cccc(NCC(=O)Nc2cccc(OCC3CCCO3)c2)c1,True,2.3939000000000004,-0.9254000000000016,0.5909090909090909,False,True
1.0,bin,0,-1.2959600001573561,-inf,-1.1407200038433074,1107920,CCc1ccc(-n2cc(C(=O)NC(C)c3ccccc3)nn2)cc1,3.320700000000002,NC(=O)C(NC(=O)c1cn(-c2ccccc2)nn1)c1ccc(F)cc1,True,1.362799999999999,-1.9579000000000033,0.4915254237288136,False,True
1.0,bin,0,-1.2959600001573561,-inf,-1.1407200038433074,1113130,CC(NC(=O)Cn1nnnc1C(C)(C)C)c1cccc2ccccc12,3.0012000000000016,CNc1nnnn1CC(=O)NC(C)c1cccc2ccccc12,True,1.7453999999999992,-1.2558000000000025,0.7169811320754716,False,True
1.0,bin,0,-1.2959600001573561,-inf,-1.1407200038433074,1121751,COC(=O)Cn1ccc(NS(=O)(=O)c2ccc(F)c(F)c2F)n1,1.2742,NC(=O)Cn1ccc(NS(=O)(=O)c2cccc(F)c2)n1,True,0.3082999999999992,-0.9659000000000009,0.45,False,True
1.0,bin,0,-1.2959600001573561,-inf,-1.1407200038433074,1142531,CCOC(C)C(=O)NCCc1csc(-c2ccc(C)cc2)n1,3.2022200000000014,CS(=O)(=O)NCC(=O)NCCc1csc(-c2ccccc2)n1,True,1.0179999999999996,-2.1842200000000016,0.45161290322580644,False,True
1.0,bin,0,-1.2959600001573561,-inf,-1.1407200038433074,1212157,CN(Cc1ccc(F)c(F)c1)C(=O)c1cncc(-c2cnn(C)c2)c1,3.0325000000000015,CNN=CC1=C2CC(=CC(=O)N(C)Cc3ccc(C(N)=O)cc3)N=CC12,True,1.2338999999999996,-1.798600000000002,0.21176470588235294,False,True
1.0,bin,0,-1.2959600001573561,-inf,-1.1407200038433074,1215394,CCn1nc(C)cc1C(=O)Oc1cccc(NC(=O)C(C)C)c1,3.025120000000001,COc1ccc(C(=O)N(C)C)cc1OC(=O)c1cc(C)nn1C,True,1.65812,-1.367000000000001,0.2898550724637681,False,True
1.0,bin,0,-1.2959600001573561,-inf,-1.1407200038433074,1232922,CC(C)(C)OC(=O)NC1CCCN(S(=O)(=O)N2CCOCC2)C1,0.5525000000000011,COC(=O)CNC1CCCN(S(=O)(=O)N2CCOCC2)C1,True,-1.2095999999999971,-1.7620999999999982,0.5961538461538461,False,True
1.0,bin,0,-1.2959600001573561,-inf,-1.1407200038433074,1238973,FC(F)(F)c1cnc(N2CCn3c(nnc3C3CC3)C2)c(Cl)c1,3.2429000000000023,COc1ccc(N2CCn3c(nnc3C3CC3)C2)cn1,True,1.5793,-1.6636000000000024,0.45,False,True
1.0,bin,0,-1.2959600001573561,-inf,-1.1407200038433074,1299495,Cc1cc(CC(=O)N2CCCC2C(C#N)c2ccccc2)no1,2.823900000000001,NC(=O)C1C=CON=Cc2ccccc2CN2CCCC2C(=O)NC1,True,0.7464999999999999,-2.077400000000001,0.20454545454545456,False,True
1.0,bin,0,-1.2959600001573561,-inf,-1.1407200038433074,1309906,CC(C)CC(NC(=O)c1cc(=O)c2ccccc2o1)C(=O)OC(C)C,2.8891000000000018,COCCOCCNC(=O)c1cc(=O)c2ccccc2o1,True,1.1857999999999997,-1.703300000000002,0.5263157894736842,False,True
1.0,bin,0,-1.2959600001573561,-inf,-1.1407200038433074,1362816,COCc1cccc(C(=O)NC2CC2c2cccc(Cl)c2)c1,3.772300000000002,O=C(NC1CC1c1cccc(CO)c1)c1ccccc1,True,2.4648000000000003,-1.3075000000000019,0.5660377358490566,False,True
1.0,bin,0,-1.2959600001573561,-inf,-1.1407200038433074,1441838,COCC(=O)NC(C(=O)Nc1cccc(-c2nccs2)c1)C(C)C,2.5358,CN(CC(N)=O)C(=O)Nc1cccc(-c2nccs2)c1,True,1.7590999999999994,-0.7767000000000006,0.5,False,True
1.0,bin,0,-1.2959600001573561,-inf,-1.1407200038433074,1450449,CCCNC(=O)CSc1nc2c(cc1C#N)CCCC2,2.450380000000001,CC(=O)NCCNC(=O)CSc1nc2c(cc1C#N)CCCC2,True,1.1764799999999997,-1.2739000000000011,0.8235294117647058,False,True
1.0,bin,0,-1.2959600001573561,-inf,-1.1407200038433074,1451910,O=S(=O)(NCc1nnc2ccccn12)c1ccc(F)c(F)c1,1.4859999999999995,NC(=O)c1ccc(S(=O)(=O)NCc2nnc3ccccn23)cc1,True,0.30669999999999953,-1.1793,0.6346153846153846,False,False
1.0,bin,0,-1.2959600001573561,-inf,-1.1407200038433074,1479798,Cc1nc(C)c(CCC(=O)N(CC(C)C)CC(F)(F)F)c(=O)[nH]1,2.3662400000000003,CC=NC(C)=C(C=O)CCC(=O)N(C)CC(F)F,True,2.0537,-0.31254000000000026,0.17647058823529413,False,True
1.0,bin,0,-1.2959600001573561,-inf,-1.1407200038433074,1507926,COC(=O)C(C)NC(=O)Cc1csc(-c2ccccc2Cl)n1,2.6837,NS(=O)(=O)CCNC(=O)Cc1csc(-c2ccccc2)n1,True,0.7573000000000001,-1.9264,0.38095238095238093,False,False
1.0,bin,0,-1.2959600001573561,-inf,-1.1407200038433074,1527882,Nc1ncccc1C(=O)Nc1ccc2cn[nH]c2c1,1.7923999999999998,Cc1c(NC(=O)c2ccc(S(N)(=O)=O)[nH]2)ccc2[nH]ncc12,True,1.0991199999999999,-0.6932799999999999,0.27941176470588236,False,True
1.0,bin,0,-1.2959600001573561,-inf,-1.1407200038433074,1532848,COc1ccc(-c2ccc3c(=O)[nH]cnc3c2)cc1Cl,3.2521000000000013,NC(=O)COc1ccc(-c2ccc3nc[nH]c(=O)c3c2)cc1,True,1.4542000000000002,-1.7979000000000012,0.4,False,True
1.0,bin,0,-1.2959600001573561,-inf,-1.1407200038433074,1548351,COc1cc(OC)c2c(c1)C(c1cnccn1)NCC2,1.7288999999999999,Cc1cc(OCCO)c2c(c1)C(c1cnccn1)NCC2,True,1.39122,-0.33768,0.5925925925925926,False,True
1.0,bin,0,-1.2959600001573561,-inf,-1.1407200038433074,1570134,COc1cccc(C(C)N2CCN(C(=O)c3ccc(O)cc3)CC2)c1,2.9198000000000013,CNC(=O)c1cccc(C(=O)N2CCN(C(C)c3ccccc3)CC2)c1,True,2.565200000000001,-0.35460000000000047,0.5,False,True
1.0,bin,0,-1.2959600001573561,-inf,-1.1407200038433074,1611406,CC(C)(C)N1CC(NC(=O)C2COc3ccc(F)cc3C2)CC1=O,1.8923999999999994,CC1c2cc(F)ccc2OCC1CNC(=O)C1CC(=O)N1,True,0.9424999999999994,-0.9499,0.3424657534246575,False,True
1.0,bin,0,-1.2959600001573561,-inf,-1.1407200038433074,1612684,CCCC1CN(C(=O)Nc2ccn(CCC(C)C)n2)CCO1,2.9620000000000015,CCC1OC(C)CN1C(=O)Nc1ccn(CC(N)=O)n1,True,0.35709999999999964,-2.604900000000002,0.38028169014084506,False,True
1.0,bin,0,-1.2959600001573561,-inf,-1.1407200038433074,1639675,CCC(CC)c1nnc(NC(=O)c2scnc2C2CC2)s1,4.0279000000000025,Cc1nc(NC(=O)c2scnc2C2CC2)sc1C(=O)N(C)C,True,2.7395200000000015,-1.288380000000001,0.543859649122807,False,True
1.0,bin,0,-1.2959600001573561,-inf,-1.1407200038433074,1675660,COc1ccnc(NC(=O)c2cccc(Cl)c2)c1,2.9959000000000007,COc1ccc(C(=O)Nc2cccc(N)n2)c(O)c1,True,1.6302999999999996,-1.365600000000001,0.4107142857142857,False,True
1.0,bin,0,-1.2959600001573561,-inf,-1.1407200038433074,1689728,CCc1noc(CSc2ncnc3sc(C)cc23)n1,3.237420000000002,CC=CC=C(N=CCSc1ncno1)SCC(N)=O,True,1.8684999999999996,-1.3689200000000024,0.13924050632911392,False,True
1.0,bin,0,-1.2959600001573561,-inf,-1.1407200038433074,1720876,CC(C)(C)CC(=O)NCC(=O)Nc1ccc2c(c1)COC2,2.2077,CCOCC(O)CNC(=O)Nc1ccc2c(c1)COC2,True,1.2357,-0.972,0.4642857142857143,False,True
1.0,bin,0,-1.2959600001573561,-inf,-1.1407200038433074,1757109,CC(C)Cc1ncc(CNc2ccc3c(c2)COC3)s1,3.983900000000003,COC(=O)CC1NC=NC=C1CNc1cccc(CO)c1,True,1.0378999999999996,-2.9460000000000033,0.16883116883116883,False,True
1.0,bin,0,-1.2959600001573561,-inf,-1.1407200038433074,1774061,O=C1NCCCc2[nH]c(-c3cccc4[nH]ccc34)nc21,2.234,NCC(=O)NCC(O)Cc1cnc(C2=CC(C=CS(N)(=O)=O)=C2)[nH]1,True,-1.4863999999999973,-3.720399999999997,0.09302325581395349,False,True
1.0,bin,0,-1.2959600001573561,-inf,-1.1407200038433074,1800687,Cc1nn(C)c(-c2nc(-c3cccnn3)no2)c1Cl,1.8889199999999997,Cc1nn(C)c(-c2nc(-c3cccnn3)no2)c1C(N)=O,True,0.33441999999999983,-1.5545,0.6730769230769231,False,True
1.0,bin,0,-1.2959600001573561,-inf,-1.1407200038433074,1815867,FC(F)(F)c1ccc(CN2CCOCC2c2ncon2)cc1,2.661900000000001,COc1ccccc1CN1CCOCC1c1ncon1,True,1.6517,-1.010200000000001,0.5517241379310345,False,True
1.0,bin,0,-1.2959600001573561,-inf,-1.1407200038433074,1828580,Cc1ccc(N2CC3OCC(=O)N(Cc4cccc(F)c4)C3C2)nn1,1.54032,O=CCOCC(CNCc1cccnn1)NCc1cccc(O)c1,True,0.6457000000000002,-0.8946199999999997,0.13043478260869565,False,True
1.0,bin,0,-1.2959600001573561,-inf,-1.1407200038433074,1836183,CCc1ccc(C(=O)NCc2nccc(N(C)C)n2)cc1,2.035,CNC(=O)c1cc(OC)cc(C(=O)NCc2nccc(C)n2)c1,True,1.0832199999999996,-0.9517800000000005,0.4067796610169492,False,True
1.0,bin,0,-1.2959600001573561,-inf,-1.1407200038433074,1842499,COc1ccccc1COc1ccccc1-c1cnn(CCO)c1,3.1300000000000017,Cn1cc(-c2ccccc2OCc2cccc(S(N)(=O)=O)c2)cn1,True,2.3135000000000003,-0.8165000000000013,0.4126984126984127,False,True
1.0,bin,0,-1.2959600001573561,-inf,-1.1407200038433074,1865564,COC(CNC(=O)c1ccoc1)c1cccc(F)c1,2.536200000000001,NS(=O)(=O)c1ccc(F)c(CCNC(=O)c2ccoc2)c1,True,1.0386000000000002,-1.4976000000000007,0.375,False,True
1.0,bin,0,-1.2959600001573561,-inf,-1.1407200038433074,1868773,CCCOc1ccc(Cl)c2c1CCNC2C1CC(=O)C1,3.2947000000000015,COc1cc2cc(c1)C1(CCO2)CCC(=O)C1N,True,1.4057000000000002,-1.8890000000000013,0.13513513513513514,False,True
1.0,bin,0,-1.2959600001573561,-inf,-1.1407200038433074,1873123,CCC1OC(=O)c2c(OC)ccc(Br)c21,3.079200000000002,CCCOC(=O)c1c(C=O)ccc(S(N)(=O)=O)c1OCC,True,1.112,-1.9672000000000018,0.13636363636363635,False,True
1.0,bin,0,-1.2959600001573561,-inf,-1.1407200038433074,1875028,Cc1cccc(C)c1NCC(=O)N1CCCC2CCCCC21,3.8965400000000034,CC12CCCC1CCCN2C(=O)CNC1=CC=C(C(N)=O)C1F,True,1.4045000000000003,-2.492040000000003,0.2753623188405797,False,True
1.0,bin,0,-1.2959600001573561,-inf,-1.1407200038433074,1895921,CCC(CC)N(C)C(=O)CC1OC(=O)c2ccccc21,2.935200000000002,CN(C)C(=O)CCNC(=O)CC1OC(=O)c2ccccc21,True,0.8826999999999996,-2.052500000000002,0.5490196078431373,False,True
1.0,bin,0,-1.2959600001573561,-inf,-1.1407200038433074,1907077,Cc1ccc2[nH]nc(C(=O)Nc3nc(-c4ccco4)cs3)c2c1,3.8401200000000015,NC(=O)C1=CC=CC2=NNC(C(=O)NC=NC(=CS)c3ccco3)C12,True,0.5778000000000005,-3.2623200000000008,0.17582417582417584,False,True
1.0,bin,0,-1.2959600001573561,-inf,-1.1407200038433074,1913063,Cc1nn(C)c(C)c1CN(C(=O)c1cn2cccc(C)c2n1)C1CC1,2.797860000000001,Cc1nn(C)cc1C(=O)N(CCc1c[nH]c(=O)cccc[nH]1)C1CC1,True,1.7166199999999991,-1.0812400000000018,0.31645569620253167,False,True
1.0,bin,0,-1.2959600001573561,-inf,-1.1407200038433074,1922265,CN(CCNC(=O)c1ccc2c(c1)ncn2C)c1ccccc1,2.4395000000000007,Nn1cnc2cc(C(=O)NCCNc3ccc(O)cc3)ccc21,True,1.2975999999999999,-1.1419000000000008,0.45161290322580644,False,True
1.0,bin,1,-0.9854800075292587,-1.1407200038433074,-0.83024001121521,32052,COc1ccccc1CNC(=O)Cc1c[nH]c2ccccc12,3.035400000000001,NC(=O)COc1cccc(CNC(=O)Cc2c[nH]c3ccccc23)c1,True,1.8908999999999996,-1.1445000000000014,0.5263157894736842,False,True
1.0,bin,1,-0.9854800075292587,-1.1407200038433074,-0.83024001121521,116747,COCCSc1ccccc1C(=O)Nc1cccc(C)n1,3.3808200000000017,C#CCNS(=O)(=O)C=C1C=CC(C(=O)Nc2cccc(C)n2)=C1,True,1.2612200000000002,-2.1196000000000015,0.3582089552238806,False,True
1.0,bin,1,-0.9854800075292587,-1.1407200038433074,-0.83024001121521,131060,CS(=O)(=O)NCCc1csc(-c2ccc(F)cc2)n1,2.0408999999999997,NS(=O)(=O)CCNCc1csc(-c2ccccc2)n1,True,1.1882000000000004,-0.8526999999999993,0.4074074074074074,False,True
1.0,bin,1,-0.9854800075292587,-1.1407200038433074,-0.83024001121521,131949,CCc1c(C)nc(SCC(=O)NC(C)C)[nH]c1=O,1.25742,CC=C(C)N=C(CNC=O)SCC(=O)NCC(=O)O,True,-0.01139999999999991,-1.2688199999999998,0.13432835820895522,False,True
1.0,bin,1,-0.9854800075292587,-1.1407200038433074,-0.83024001121521,158879,COc1ccc(CC(=O)OCC(=O)c2c[nH]c3ccccc23)cc1,3.145100000000001,NC(=O)CC(C(=O)OCC(=O)c1c[nH]c2ccccc12)c1ccccc1,True,2.553,-0.5921000000000012,0.4827586206896552,False,True
1.0,bin,1,-0.9854800075292587,-1.1407200038433074,-0.83024001121521,232056,COCCNC(=O)c1cc(=O)c2cc(C)ccc2o1,1.4776199999999993,COC(=O)CNC(=O)c1cc(=O)c2cc(OC)ccc2o1,True,0.704399999999999,-0.7732200000000002,0.5576923076923077,False,True
1.0,bin,1,-0.9854800075292587,-1.1407200038433074,-0.83024001121521,235788,O=C(Cn1nc(-c2ccco2)oc1=O)NCC(F)(F)F,0.7747999999999999,C#CCCNC(=O)Cn1nc(-c2ccco2)oc1=O,True,0.23579999999999962,-0.5390000000000004,0.6666666666666666,False,True
1.0,bin,1,-0.9854800075292587,-1.1407200038433074,-0.83024001121521,236081,CC(=O)c1c(C)[nH]c(C(=O)CSc2nc(C(C)C)n[nH]2)c1C,3.0506400000000014,CC(=O)c1c(C)[nH]c(C(=O)CSc2nc(C)n[nH]2)c1C,True,2.23566,-0.8149800000000011,0.7446808510638298,False,True
1.0,bin,1,-0.9854800075292587,-1.1407200038433074,-0.83024001121521,281081,O=C(Cn1cccn1)NCc1cccnc1Oc1ccc(F)cc1F,2.665000000000001,NS(=O)(=O)c1ccc(Oc2cccnc2CNC(=O)Cn2cccn2)cc1,True,1.0341999999999991,-1.6308000000000018,0.4857142857142857,False,True
1.0,bin,1,-0.9854800075292587,-1.1407200038433074,-0.83024001121521,284170,COc1ccc(-c2nc(CC(=O)Nc3cccc(C)n3)cs2)cc1,3.7033200000000024,Nc1ccc(-c2csc(CC(=O)Nc3ccccn3)n2)cc1,True,2.9685000000000006,-0.7348200000000018,0.34328358208955223,False,False
1.0,bin,1,-0.9854800075292587,-1.1407200038433074,-0.83024001121521,288369,Cc1ccc(NCc2nnc3n2CCCCC3)cc1C,3.2334400000000016,NC(=O)c1ccc(NCc2nnc3n2CCCCC3)cc1,True,1.7154999999999994,-1.5179400000000023,0.6078431372549019,False,True
1.0,bin,1,-0.9854800075292587,-1.1407200038433074,-0.83024001121521,302889,COc1ccc(OC)c(NC(=O)CCNC(=O)c2cccs2)c1,2.5239000000000003,NC(=O)Cc1ccc(NC(=O)CCNC(=O)c2cccs2)cc1,True,1.5344999999999998,-0.9894000000000005,0.4915254237288136,False,False
1.0,bin,1,-0.9854800075292587,-1.1407200038433074,-0.83024001121521,327141,COc1ccc(OC)c(S(=O)(=O)Nc2ccn(C)n2)c1,1.2381,Cn1ccc(NS(=O)(=O)c2ccc(C(N)=O)cc2)n1,True,0.31979999999999975,-0.9183000000000002,0.4423076923076923,False,True
1.0,bin,1,-0.9854800075292587,-1.1407200038433074,-0.83024001121521,327382,CNC(=O)C1CN(C(=O)c2c(C)noc2C)c2ccccc2O1,1.4452399999999996,Cc1noc(C)c1C(=O)N1CC(C(N)=O)Oc2ccccc21,True,1.1845399999999995,-0.26070000000000015,0.78,False,True
1.0,bin,1,-0.9854800075292587,-1.1407200038433074,-0.83024001121521,406491,COCCNC(=O)C1CCCN(S(=O)(=O)N2CCOCC2)C1,-0.9619999999999964,NS(=O)(=O)N1CCCC(C(=O)N2CCOC(O)C2)C1,True,-1.9208999999999963,-0.9588999999999999,0.32786885245901637,False,True
1.0,bin,1,-0.9854800075292587,-1.1407200038433074,-0.83024001121521,413951,O=C(Cn1ncn2cccc2c1=O)N1CCCCCC1,0.8985999999999996,CC1(O)CCON(C(=O)CN2Cc3cccn3C(CO)=N2)CC1,True,-0.23740000000000072,-1.1360000000000003,0.21333333333333335,False,True
1.0,bin,1,-0.9854800075292587,-1.1407200038433074,-0.83024001121521,427929,CCNc1nc(NCc2ccccc2Cl)c2cnn(C)c2n1,3.060600000000001,COC(=O)c1ccc(CNc2nc(C)nc3c2cnn3C)cc1,True,2.0704199999999995,-0.9901800000000014,0.390625,False,True
1.0,bin,1,-0.9854800075292587,-1.1407200038433074,-0.83024001121521,447130,CCC(NC(=O)C1CCN(C(=O)C2CC2)CC1)c1ccc(C)cc1,3.2109200000000016,O=C1CCN(CCO)CCCC2CC2C(c2ccccc2F)N1,True,2.0972999999999997,-1.1136200000000018,0.15384615384615385,False,True
1.0,bin,1,-0.9854800075292587,-1.1407200038433074,-0.83024001121521,481908,CCNS(=O)(=O)c1ccc(C)c(C(=O)Nc2ncccc2C)c1,2.24894,CNS(=O)(=O)c1cccc(C(=O)Nc2ccc(C)cn2)c1,True,1.5504199999999997,-0.6985200000000005,0.328125,False,False
1.0,bin,1,-0.9854800075292587,-1.1407200038433074,-0.83024001121521,485220,Cc1nn(CC(=O)N2CCN(C)CC2)c(C)c1Br,1.03644,CCn1cc(Cl)c(C(=O)N2CCN(S(C)(=O)=O)CC2C)n1,True,0.6622999999999999,-0.37414000000000014,0.16176470588235295,False,True
1.0,bin,1,-0.9854800075292587,-1.1407200038433074,-0.83024001121521,526363,Cc1nnc(SCC(=O)Nc2ccc(O)cc2)n(N)c1=O,0.09692,NC(=O)C1=CC=C(NC(=O)CSc2nncc(=O)[nH]2)NC=C1,True,-1.2568,-1.35372,0.2535211267605634,False,True
1.0,bin,1,-0.9854800075292587,-1.1407200038433074,-0.83024001121521,536853,COc1ccc(C2CCCN2C(=O)C2CCC2)c(OC)c1,3.1674000000000015,C=C1CCC1C(=O)N1CCCC12C=CC=CC(=O)N2,True,1.5135,-1.6539000000000015,0.1643835616438356,False,True
1.0,bin,1,-0.9854800075292587,-1.1407200038433074,-0.83024001121521,540312,Cc1nn(C)c2nc(C3CC3)cc(C(=O)NCC(=O)NC(C)(C)C)c12,1.7986199999999997,Cc1nn(C)c2nc(C3CC3)cc(C(=O)N(C)CCO)c12,True,1.2184199999999998,-0.5801999999999998,0.5483870967741935,False,True
1.0,bin,1,-0.9854800075292587,-1.1407200038433074,-0.83024001121521,544381,Cc1nc(N2CCCC(C(=O)NC(C)C)C2)c2c(C)c(C)oc2n1,2.8890600000000006,Cc1nc(N2CCCC(CO)C2)c2c(C)c(C)oc2n1,True,2.3567600000000004,-0.5323000000000002,0.6071428571428571,False,True
1.0,bin,1,-0.9854800075292587,-1.1407200038433074,-0.83024001121521,544382,CCCNC(=O)C1CCCN(c2nc(C)nc3oc(C)c(C)c23)C1,2.8906600000000013,Cc1oc2ncnc(N3CCCC(C(=O)N(C)C)C3)c2c1C,True,2.14424,-0.7464200000000014,0.49230769230769234,False,True
1.0,bin,1,-0.9854800075292587,-1.1407200038433074,-0.83024001121521,550049,Cc1ccc(C)c(OCC(=O)Nc2cccc(-n3cnnc3)c2)c1,2.9016400000000013,N#Cc1ccc(OCC(=O)Nc2cccc(-n3cnnc3)c2)cc1,True,2.15648,-0.7451600000000012,0.625,False,True
1.0,bin,1,-0.9854800075292587,-1.1407200038433074,-0.83024001121521,573533,Cc1nn(-c2ncc(C(F)(F)F)cc2Cl)c(=O)o1,2.2011199999999995,Cc1noc(=O)n1C1=CC=CC(=O)OC1,True,0.09861999999999993,-2.1024999999999996,0.16129032258064516,False,True
1.0,bin,1,-0.9854800075292587,-1.1407200038433074,-0.83024001121521,582555,O=C(NCC(O)c1ccccc1)c1ccc2c(=O)n3c(nc2c1)CCC3,1.8061000000000003,NC(=O)C=CC=CC1=CC2CCc3nc4cc(ccc4c(=O)n32)C(=O)NC1,True,1.1512999999999998,-0.6548000000000005,0.23595505617977527,False,True
1.0,bin,1,-0.9854800075292587,-1.1407200038433074,-0.83024001121521,588547,Cc1n[nH]c(C)c1NC(=O)CCc1ccc(Cl)cc1Cl,3.9046400000000023,Cc1cccc(CCC(=O)Nc2c(C)n[nH]c2C)c1,True,2.9062600000000005,-0.9983800000000018,0.5769230769230769,False,False
1.0,bin,1,-0.9854800075292587,-1.1407200038433074,-0.83024001121521,607673,CCCN(CC1CC1)S(=O)(=O)c1ccccc1F,2.636400000000001,O=S(=O)(c1cc(F)ccc1F)N(CCO)CC1CC1,True,1.3578000000000001,-1.2786000000000008,0.5416666666666666,False,True
1.0,bin,1,-0.9854800075292587,-1.1407200038433074,-0.83024001121521,617681,Cc1cc(C(=O)Nc2nc(-c3ccncc3)cs2)nn1C(C)C,3.5432200000000016,CCc1cn(C)nc1C(=O)Nc1nc(-c2ccncc2)cs1,True,2.753300000000001,-0.7899200000000004,0.5166666666666667,False,True
1.0,bin,1,-0.9854800075292587,-1.1407200038433074,-0.83024001121521,650267,COc1ccc2oc(C(=O)NC3CCCCNC3=O)c(C)c2c1,2.14832,CC=C(N=O)C(=O)NC1CCCCNC1=O,True,0.44149999999999984,-1.7068200000000002,0.38095238095238093,False,True
1.0,bin,1,-0.9854800075292587,-1.1407200038433074,-0.83024001121521,668639,Cc1cc(NC(=O)c2ccccc2Cl)ncc1N,2.8779200000000005,COc1ccc(C(=O)Nc2ccc(C(C)=O)cn2)c(N)c1,True,2.1273,-0.7506200000000005,0.3793103448275862,False,True
1.0,bin,1,-0.9854800075292587,-1.1407200038433074,-0.83024001121521,673160,CCC(=O)Nc1ccc2oc(C(F)(F)F)cc(=O)c2c1,3.160300000000001,CC(=O)NCCCC(=O)Nc1ccc2oc(C)cc(=O)c2c1,True,1.9562199999999996,-1.2040800000000016,0.47368421052631576,False,True
1.0,bin,1,-0.9854800075292587,-1.1407200038433074,-0.83024001121521,711169,Cc1cccc(C(C)C)c1NC(=O)N(C)Cc1ccncc1,4.177320000000003,C#CCOc1cccc(NC(=O)N(C)Cc2ccncc2)c1,True,2.757500000000001,-1.4198200000000014,0.45901639344262296,False,True
1.0,bin,1,-0.9854800075292587,-1.1407200038433074,-0.83024001121521,720969,Cc1noc(C)c1CCC(=O)OCC(=O)N1c2ccccc2CC1C,2.7450400000000013,Cc1onc(N)c1CCC(=O)OCC(=O)N1CCc2ccccc21,True,1.6303199999999995,-1.1147200000000017,0.5522388059701493,False,True
1.0,bin,1,-0.9854800075292587,-1.1407200038433074,-0.83024001121521,730789,COC(=O)C1CCN(C(=O)c2cc3ccc(F)cc3nc2C)CC1,2.7075200000000006,CNC(=O)CC1CCN(C(=O)C=c2cnc3c(c2)C=C(F)C=CC=3OC)C1,True,0.4815000000000007,-2.22602,0.22988505747126436,False,True
1.0,bin,1,-0.9854800075292587,-1.1407200038433074,-0.83024001121521,738178,Cc1ccc(-n2ccnc2SCc2nc(C3CC3)no2)cc1C,4.041840000000003,Nc1cccc(-n2ccnc2SCc2nc(C3CC3)no2)c1,True,3.007200000000002,-1.0346400000000013,0.7142857142857143,False,True
1.0,bin,1,-0.9854800075292587,-1.1407200038433074,-0.83024001121521,771897,COc1ccccc1OCC(=O)N(C)Cc1sccc1C,3.102520000000002,CNC(=O)c1cccc(OCC(=O)N(C)Cc2sccc2C)c1,True,2.453520000000001,-0.6490000000000009,0.5614035087719298,False,True
1.0,bin,1,-0.9854800075292587,-1.1407200038433074,-0.83024001121521,811446,COC(=O)C1(NC(=O)c2cc(Br)c[nH]2)CCCCCC1,2.7730000000000006,COC(=O)C1(NC(=O)c2cc(C(C)=O)c[nH]2)CCCCC1,True,1.8229999999999995,-0.9500000000000011,0.7111111111111111,False,True
1.0,bin,1,-0.9854800075292587,-1.1407200038433074,-0.83024001121521,848291,CCC(C)NC(=O)NCc1noc(-c2cccs2)n1,2.3958000000000004,COCCCNC(=O)NCc1noc(-c2cccs2)n1,True,1.6337999999999997,-0.7620000000000007,0.6206896551724138,False,False
1.0,bin,1,-0.9854800075292587,-1.1407200038433074,-0.83024001121521,863440,COc1ccc(-c2nc(CCCO)cs2)cc1OC,2.752200000000001,COc1ccc(-c2nccs2)c(OCC(=O)N(C)C)c1OC,True,2.2943,-0.4579000000000013,0.25,False,True
1.0,bin,1,-0.9854800075292587,-1.1407200038433074,-0.83024001121521,864663,N#Cc1ccc(-c2cc(F)ccc2F)nc1N1CCCC1,3.498680000000002,NC(=O)c1ccc(-c2ccc(N3CCCC3)nc2N)c(F)c1,True,2.1690000000000005,-1.3296800000000015,0.2786885245901639,False,True
1.0,bin,1,-0.9854800075292587,-1.1407200038433074,-0.83024001121521,872100,CCc1cccc(C)c1NCC(O)c1ccc2c(c1)OCCO2,3.474120000000002,COc1ccc(NCC(O)c2ccc3c(c2)OCCO3)cc1,True,2.6119000000000003,-0.8622200000000015,0.5272727272727272,False,True
1.0,bin,1,-0.9854800075292587,-1.1407200038433074,-0.83024001121521,886334,COc1ccc(C(=O)N2CCCC(C(=O)N3CCCCC3)C2)c(O)c1,2.2655000000000003,NC(=O)c1ccc(C(=O)N2CCCC(C(=O)N3CCCCC3)C2)cc1,True,1.6501999999999997,-0.6153000000000006,0.5,False,True
1.0,bin,1,-0.9854800075292587,-1.1407200038433074,-0.83024001121521,887387,COCCNC(=O)N(Cc1cccc(F)c1)CC1CCCO1,2.1627,CNC(=O)N(C)CC(=O)N(Cc1ccccc1)CC1CCCO1,True,1.4653999999999994,-0.6973000000000007,0.47761194029850745,False,True
1.0,bin,1,-0.9854800075292587,-1.1407200038433074,-0.83024001121521,889149,N#Cc1ccc(NC(=O)c2ccc(Br)cc2Cl)nc1,3.621480000000001,Cc1ccc(C#N)cc1C(=O)Nc1ccc(F)cn1,True,2.6531000000000002,-0.9683800000000007,0.4909090909090909,False,True
1.0,bin,1,-0.9854800075292587,-1.1407200038433074,-0.83024001121521,913483,O=C(CNC(=O)NCCc1c(Cl)cccc1Cl)NC1CC1,2.1137000000000006,CC(O)(CNC(=O)NCC(=O)NC1CC1)c1cccc(Cl)c1,True,1.1253000000000004,-0.9884000000000002,0.509090909090909,False,True
1.0,bin,1,-0.9854800075292587,-1.1407200038433074,-0.83024001121521,917620,C=CCN(Cc1ccccc1OC)C(=O)c1csc(C)n1,3.288520000000002,COC(=O)CN(Cc1ccccc1C)C(=O)c1csc(C)n1,True,2.5753400000000006,-0.7131800000000013,0.5614035087719298,False,True
1.0,bin,1,-0.9854800075292587,-1.1407200038433074,-0.83024001121521,918312,CCOc1ccc(Cl)c(C(=O)N2CCN(c3ncccn3)CC2)n1,1.8860999999999997,COc1ccnc(N2CCN(C(=O)c3ncccn3)CC2)c1,True,0.8426,-1.0434999999999997,0.36065573770491804,False,True
1.0,bin,1,-0.9854800075292587,-1.1407200038433074,-0.83024001121521,922879,CC(=O)c1ccc(N2CCN(Cc3c(F)cccc3F)CC2)cc1,3.489600000000003,CS(=O)(=O)c1ccc(N2CCN(Cc3ccccc3)CC2)cc1,True,2.412300000000001,-1.077300000000002,0.39215686274509803,False,True
1.0,bin,1,-0.9854800075292587,-1.1407200038433074,-0.83024001121521,927535,COc1cc(CN2CCN(c3ccccc3F)CC2)ccc1O,2.862100000000002,NC(=O)c1ccccc1CN1CCN(c2ccccc2O)CC1,True,1.8133,-1.0488000000000022,0.3620689655172414,False,True
1.0,bin,1,-0.9854800075292587,-1.1407200038433074,-0.83024001121521,927567,Cc1ccccc1N1CCN(Cc2cccc(O)c2)CC1,3.022820000000001,N#Cc1cccc(N2CCN(Cc3cccc(C(N)=O)c3)CC2)c1,True,1.97938,-1.0434400000000013,0.3559322033898305,False,True
1.0,bin,1,-0.9854800075292587,-1.1407200038433074,-0.83024001121521,938108,CC(c1ccccc1)N(C)C(=O)CCC(=O)Nc1nccs1,3.0814000000000012,O=C(CCC(=O)Nc1ncc(O)s1)NCc1ccccc1,True,1.8837999999999997,-1.1976000000000016,0.3442622950819672,False,True
1.0,bin,1,-0.9854800075292587,-1.1407200038433074,-0.83024001121521,943303,CN(CCCOc1ccccc1)C(=O)Nc1cccc2c1OCCO2,3.390600000000002,Nc1ccccc1OCCCNC(=O)Nc1cccc2c1OCCO2,True,2.630600000000001,-0.7600000000000007,0.484375,False,True
1.0,bin,1,-0.9854800075292587,-1.1407200038433074,-0.83024001121521,946289,CC(NC(=O)C1(c2cc(-c3ccco3)on2)CC1)c1ccccc1,3.843600000000002,NOC(=CC(=O)N1OCCC1c1cc(F)ccc1O)c1ccco1,True,2.2607,-1.5829000000000022,0.16091954022988506,False,True
1.0,bin,1,-0.9854800075292587,-1.1407200038433074,-0.83024001121521,994077,Cc1nnc(Cn2c(-c3cccc(Br)c3)noc2=O)o1,2.0055199999999997,Cc1nnc(Cn2c(-c3ccccc3O)noc2=O)o1,True,0.9486199999999998,-1.0569,0.5849056603773585,False,True
1.0,bin,1,-0.9854800075292587,-1.1407200038433074,-0.83024001121521,1065620,O=C(NCc1cccnc1Oc1ccccc1)c1cccnc1,3.198900000000002,NC(=O)c1ccc(C(=O)NCc2cccnc2Oc2cccnc2)cc1,True,2.2978000000000005,-0.9011000000000013,0.7058823529411765,False,True
1.0,bin,1,-0.9854800075292587,-1.1407200038433074,-0.83024001121521,1093926,CN(C(=O)CNc1cccc(OCC2CCCO2)c1)c1ccccc1,3.319300000000002,Nc1cccc(NCC2CCCO2)c1NC(=O)COc1ccccc1,True,2.877200000000001,-0.4421000000000008,0.3918918918918919,False,True
1.0,bin,1,-0.9854800075292587,-1.1407200038433074,-0.83024001121521,1107920,CCc1ccc(-n2cc(C(=O)NC(C)c3ccccc3)nn2)cc1,3.320700000000002,Cc1ccc(CN(C)C(=O)c2cn(-c3ccc(C#N)cc3)nn2)cc1,True,2.7196000000000007,-0.6011000000000015,0.36363636363636365,False,True
1.0,bin,1,-0.9854800075292587,-1.1407200038433074,-0.83024001121521,1113130,CC(NC(=O)Cn1nnnc1C(C)(C)C)c1cccc2ccccc12,3.0012000000000016,Cc1nnnn1CC(=O)NC(C)c1cccc2ccccc12,True,2.0121199999999995,-0.9890800000000022,0.7450980392156863,False,True
1.0,bin,1,-0.9854800075292587,-1.1407200038433074,-0.83024001121521,1121751,COC(=O)Cn1ccc(NS(=O)(=O)c2ccc(F)c(F)c2F)n1,1.2742,O=C1CNC=CC(NS(=O)(=O)c2ccccc2F)N1,True,-0.33679999999999993,-1.611,0.18571428571428572,False,True
1.0,bin,1,-0.9854800075292587,-1.1407200038433074,-0.83024001121521,1142531,CCOC(C)C(=O)NCCc1csc(-c2ccc(C)cc2)n1,3.2022200000000014,CC(CO)NC(=O)NCCc1csc(-c2ccc(F)cc2)n1,True,2.1717000000000004,-1.030520000000001,0.5081967213114754,False,True
1.0,bin,1,-0.9854800075292587,-1.1407200038433074,-0.83024001121521,1212157,CN(Cc1ccc(F)c(F)c1)C(=O)c1cncc(-c2cnn(C)c2)c1,3.0325000000000015,CNN=CC1=C2CC(=CC(=O)N(C)Cc3cccc(C#N)c3)N=CC12,True,2.0066800000000002,-1.0258200000000013,0.2,False,True
1.0,bin,1,-0.9854800075292587,-1.1407200038433074,-0.83024001121521,1215394,CCn1nc(C)cc1C(=O)Oc1cccc(NC(=O)C(C)C)c1,3.025120000000001,NC1(C(O)C(F)F)C=CC=COC(=O)C2=CC(=NCC2)C1,True,1.0977999999999999,-1.9273200000000013,0.08139534883720931,False,True
1.0,bin,1,-0.9854800075292587,-1.1407200038433074,-0.83024001121521,1232922,CC(C)(C)OC(=O)NC1CCCN(S(=O)(=O)N2CCOCC2)C1,0.5525000000000011,CCC(=O)NC1CCCN(S(=O)(=O)N2CCOCC2C)C1,True,-0.05749999999999833,-0.6099999999999994,0.5,False,True
1.0,bin,1,-0.9854800075292587,-1.1407200038433074,-0.83024001121521,1238973,FC(F)(F)c1cnc(N2CCn3c(nnc3C3CC3)C2)c(Cl)c1,3.2429000000000023,COc1cccc(N2CCn3c(nnc3C3CC3)C2)n1,True,1.5793,-1.6636000000000024,0.4262295081967213,False,True
1.0,bin,1,-0.9854800075292587,-1.1407200038433074,-0.83024001121521,1299495,Cc1cc(CC(=O)N2CCCC2C(C#N)c2ccccc2)no1,2.823900000000001,CNC(=O)CCCNC(=O)Cc1cc(C#N)on1,True,-0.2688199999999996,-3.092720000000001,0.2602739726027397,False,True
1.0,bin,1,-0.9854800075292587,-1.1407200038433074,-0.83024001121521,1309906,CC(C)CC(NC(=O)c1cc(=O)c2ccccc2o1)C(=O)OC(C)C,2.8891000000000018,CCCNC(=O)CCNC(=O)c1cc(=O)c2ccccc2o1,True,1.4390999999999992,-1.4500000000000026,0.4745762711864407,False,True
1.0,bin,1,-0.9854800075292587,-1.1407200038433074,-0.83024001121521,1362816,COCc1cccc(C(=O)NC2CC2c2cccc(Cl)c2)c1,3.772300000000002,COc1cccc(C(=O)NC2CC2c2ccccc2)c1O,True,2.6867000000000014,-1.0856000000000008,0.4406779661016949,False,True
1.0,bin,1,-0.9854800075292587,-1.1407200038433074,-0.83024001121521,1441838,COCC(=O)NC(C(=O)Nc1cccc(-c2nccs2)c1)C(C)C,2.5358,CCS(=O)(=O)NCC(=O)Nc1cccc(-c2nccs2)c1,True,1.6878999999999993,-0.8479000000000008,0.5238095238095238,False,True
1.0,bin,1,-0.9854800075292587,-1.1407200038433074,-0.83024001121521,1450449,CCCNC(=O)CSc1nc2c(cc1C#N)CCCC2,2.450380000000001,CCc1cnc(SCC(=O)OCC(=O)OC)c(C#N)c1,True,1.3239800000000002,-1.1264000000000007,0.36363636363636365,False,True
1.0,bin,1,-0.9854800075292587,-1.1407200038433074,-0.83024001121521,1451910,O=S(=O)(NCc1nnc2ccccn12)c1ccc(F)c(F)c1,1.4859999999999995,NC(=O)c1ccc(S(=O)(=O)NCc2nnc3ccccn23)cc1,True,0.30669999999999953,-1.1793,0.6346153846153846,False,False
1.0,bin,1,-0.9854800075292587,-1.1407200038433074,-0.83024001121521,1479798,Cc1nc(C)c(CCC(=O)N(CC(C)C)CC(F)(F)F)c(=O)[nH]1,2.3662400000000003,CCc1cc(=O)[nH]c(C)c1CCC(=O)N(C)C(C)C,True,2.0451200000000003,-0.32112000000000007,0.30158730158730157,False,True
1.0,bin,1,-0.9854800075292587,-1.1407200038433074,-0.83024001121521,1507926,COC(=O)C(C)NC(=O)Cc1csc(-c2ccccc2Cl)n1,2.6837,COc1ccccc1-c1nc(CC(=O)NCCC(N)=O)cs1,True,1.3527999999999998,-1.3309000000000002,0.4918032786885246,False,True
1.0,bin,1,-0.9854800075292587,-1.1407200038433074,-0.83024001121521,1527882,Nc1ncccc1C(=O)Nc1ccc2cn[nH]c2c1,1.7923999999999998,NS(=O)(=O)c1ncccc1C(=O)Nc1ccc2[nH]ncc2c1,True,0.8575999999999997,-0.9348000000000001,0.6,False,True
1.0,bin,1,-0.9854800075292587,-1.1407200038433074,-0.83024001121521,1532848,COc1ccc(-c2ccc3c(=O)[nH]cnc3c2)cc1Cl,3.2521000000000013,COc1cc(-c2ccc3nc[nH]c(=O)c3c2)cc(OC)c1OC,True,2.615900000000001,-0.6362000000000005,0.5625,False,True
1.0,bin,1,-0.9854800075292587,-1.1407200038433074,-0.83024001121521,1548351,COc1cc(OC)c2c(c1)C(c1cnccn1)NCC2,1.7288999999999999,CS(=O)(=O)Nc1ccc2c(c1)C(c1cnccn1)NCC2,True,1.0831999999999997,-0.6457000000000002,0.46551724137931033,False,True
1.0,bin,1,-0.9854800075292587,-1.1407200038433074,-0.83024001121521,1570134,COc1cccc(C(C)N2CCN(C(=O)c3ccc(O)cc3)CC2)c1,2.9198000000000013,O=C(c1ccccc1)N1CCN(Cc2cccc(CO)c2)CC1,True,2.1369,-0.7829000000000015,0.31666666666666665,False,True
1.0,bin,1,-0.9854800075292587,-1.1407200038433074,-0.83024001121521,1611406,CC(C)(C)N1CC(NC(=O)C2COc3ccc(F)cc3C2)CC1=O,1.8923999999999994,Cc1cc(F)ccc1OCCNC(=O)CN1CN(C)C(=O)CCC1=O,True,0.6674199999999999,-1.2249799999999995,0.21951219512195122,False,True
1.0,bin,1,-0.9854800075292587,-1.1407200038433074,-0.83024001121521,1612684,CCCC1CN(C(=O)Nc2ccn(CCC(C)C)n2)CCO1,2.9620000000000015,CCCC1CN(C(=O)Nc2ccn(C(C)C)n2)CCO1,True,2.4968000000000004,-0.46520000000000117,0.7368421052631579,False,True
1.0,bin,1,-0.9854800075292587,-1.1407200038433074,-0.83024001121521,1639675,CCC(CC)c1nnc(NC(=O)c2scnc2C2CC2)s1,4.0279000000000025,CCOCCc1nnc(NC(=O)c2scnc2C2CC2)s1,True,2.7033000000000005,-1.324600000000002,0.6428571428571429,False,True
1.0,bin,1,-0.9854800075292587,-1.1407200038433074,-0.83024001121521,1675660,COc1ccnc(NC(=O)c2cccc(Cl)c2)c1,2.9959000000000007,COc1ccnc(NC(=O)c2ccccc2NC(C)=O)c1,True,2.3009000000000004,-0.6950000000000003,0.5490196078431373,False,True
1.0,bin,1,-0.9854800075292587,-1.1407200038433074,-0.83024001121521,1689728,CCc1noc(CSc2ncnc3sc(C)cc23)n1,3.237420000000002,CC1=CCC(SCc2ccno2)=NC(N)=NCS1,True,2.6192,-0.6182200000000018,0.16216216216216217,False,True
1.0,bin,1,-0.9854800075292587,-1.1407200038433074,-0.83024001121521,1720876,CC(C)(C)CC(=O)NCC(=O)Nc1ccc2c(c1)COC2,2.2077,CCCCS(=O)(=O)NCC(=O)Nc1ccc2c(c1)COC2,True,1.3747999999999998,-0.8329000000000002,0.5471698113207547,False,True
1.0,bin,1,-0.9854800075292587,-1.1407200038433074,-0.83024001121521,1757109,CC(C)Cc1ncc(CNc2ccc3c(c2)COC3)s1,3.983900000000003,COCCC=NC=C(S)CNc1ccc2c(c1)COC2,True,3.007200000000001,-0.9767000000000019,0.35384615384615387,False,True
1.0,bin,1,-0.9854800075292587,-1.1407200038433074,-0.83024001121521,1774061,O=C1NCCCc2[nH]c(-c3cccc4[nH]ccc34)nc21,2.234,CC1(c2cccc3[nH]ccc23)CS(=O)(=O)NCCCC=CN1,True,2.1996,-0.034399999999999764,0.2714285714285714,False,True
1.0,bin,1,-0.9854800075292587,-1.1407200038433074,-0.83024001121521,1800687,Cc1nn(C)c(-c2nc(-c3cccnn3)no2)c1Cl,1.8889199999999997,COCCc1noc(-c2ccc(-n3cccn3)nn2)n1,True,0.9011999999999999,-0.9877199999999998,0.22857142857142856,False,True
1.0,bin,1,-0.9854800075292587,-1.1407200038433074,-0.83024001121521,1815867,FC(F)(F)c1ccc(CN2CCOCC2c2ncon2)cc1,2.661900000000001,COc1ccc(CN2CCOCC2c2ncon2)c(OC)c1,True,1.6602999999999999,-1.0016000000000012,0.5245901639344263,False,True
1.0,bin,1,-0.9854800075292587,-1.1407200038433074,-0.83024001121521,1828580,Cc1ccc(N2CC3OCC(=O)N(Cc4cccc(F)c4)C3C2)nn1,1.54032,COc1ccc(CN2C(=O)COC3CN(c4ccccc4N)N=C32)cn1,True,1.2335,-0.30681999999999987,0.2247191011235955,False,True
1.0,bin,1,-0.9854800075292587,-1.1407200038433074,-0.83024001121521,1836183,CCc1ccc(C(=O)NCc2nccc(N(C)C)n2)cc1,2.035,CN(C)c1ccnc(CNC(=O)c2ccc(C#N)cc2)n1,True,1.3442800000000001,-0.69072,0.7083333333333334,False,True
1.0,bin,1,-0.9854800075292587,-1.1407200038433074,-0.83024001121521,1842499,COc1ccccc1COc1ccccc1-c1cnn(CCO)c1,3.1300000000000017,Cn1cc(COc2ccccc2-c2ccc(CO)cc2)cn1,True,3.158400000000001,0.028399999999999537,0.4727272727272727,False,True
1.0,bin,1,-0.9854800075292587,-1.1407200038433074,-0.83024001121521,1865564,COC(CNC(=O)c1ccoc1)c1cccc(F)c1,2.536200000000001,CS(=O)(=O)c1ccc(C(O)CNC(=O)c2ccoc2)cc1,True,1.1465000000000003,-1.3897000000000006,0.4482758620689655,False,True
1.0,bin,1,-0.9854800075292587,-1.1407200038433074,-0.83024001121521,1868773,CCCOc1ccc(Cl)c2c1CCNC2C1CC(=O)C1,3.2947000000000015,COc1cc2c(CCCC=O)cc1c(Cl)c2O,True,3.1668000000000025,-0.12789999999999901,0.14084507042253522,False,True
1.0,bin,1,-0.9854800075292587,-1.1407200038433074,-0.83024001121521,1873123,CCC1OC(=O)c2c(OC)ccc(Br)c21,3.079200000000002,CCOC(=O)C1OC(=O)c2c(OC)cc(Br)cc21,True,2.2323000000000004,-0.8469000000000015,0.37735849056603776,False,True
1.0,bin,1,-0.9854800075292587,-1.1407200038433074,-0.83024001121521,1875028,Cc1cccc(C)c1NCC(=O)N1CCCC2CCCCC21,3.8965400000000034,CNC(=O)c1cccc(NCC(=O)N2CCCC3CCCCC32)c1,True,2.6393000000000004,-1.257240000000003,0.6037735849056604,False,True
1.0,bin,1,-0.9854800075292587,-1.1407200038433074,-0.83024001121521,1895921,CCC(CC)N(C)C(=O)CC1OC(=O)c2ccccc21,2.935200000000002,CCN(CC(=O)Cc1ccccc1C(=O)O)CC(=O)NC(C)C,True,1.3428999999999998,-1.592300000000002,0.19696969696969696,False,True
1.0,bin,1,-0.9854800075292587,-1.1407200038433074,-0.83024001121521,1907077,Cc1ccc2[nH]nc(C(=O)Nc3nc(-c4ccco4)cs3)c2c1,3.8401200000000015,Nc1ccc2[nH]nc(C(=O)Nc3nc(-c4ccco4)cs3)c2c1,True,3.113900000000001,-0.7262200000000005,0.8035714285714286,False,True
1.0,bin,1,-0.9854800075292587,-1.1407200038433074,-0.83024001121521,1913063,Cc1nn(C)c(C)c1CN(C(=O)c1cn2cccc(C)c2n1)C1CC1,2.797860000000001,Cc1nn(C)cc1C(=O)N(Cc1cn2ccccc2n1)C1CC1,True,2.18102,-0.6168400000000007,0.44285714285714284,False,True
1.0,bin,1,-0.9854800075292587,-1.1407200038433074,-0.83024001121521,1922265,CN(CCNC(=O)c1ccc2c(c1)ncn2C)c1ccccc1,2.4395000000000007,Cn1cnc2cc(CNCC(=O)Nc3ccc(C(N)=O)cc3)ccc21,True,1.4004999999999992,-1.0390000000000015,0.3880597014925373,False,True
1.0,bin,2,-0.7375200986862183,-0.83024001121521,-0.6448001861572266,32052,COc1ccccc1CNC(=O)Cc1c[nH]c2ccccc12,3.035400000000001,NC(=O)c1ccc(CNC(=O)Cc2c[nH]c3ccc(F)cc23)cc1,True,2.2648,-0.7706000000000008,0.4482758620689655,False,True
1.0,bin,2,-0.7375200986862183,-0.83024001121521,-0.6448001861572266,116747,COCCSc1ccccc1C(=O)Nc1cccc(C)n1,3.3808200000000017,COC(=O)c1ccccc1C(=O)Nc1cccc(SC)n1,True,2.8424000000000014,-0.5384200000000003,0.49056603773584906,False,True
1.0,bin,2,-0.7375200986862183,-0.83024001121521,-0.6448001861572266,131060,CS(=O)(=O)NCCc1csc(-c2ccc(F)cc2)n1,2.0408999999999997,CNS(=O)(=O)Cc1csc(-c2ccccc2F)n1,True,1.9984,-0.04249999999999976,0.39622641509433965,False,True
1.0,bin,2,-0.7375200986862183,-0.83024001121521,-0.6448001861572266,131949,CCc1c(C)nc(SCC(=O)NC(C)C)[nH]c1=O,1.25742,Cc1nc(C)c(SCC(=O)N(C)CCC#N)c(=O)[nH]1,True,0.8509199999999999,-0.4065000000000001,0.2698412698412698,False,True
1.0,bin,2,-0.7375200986862183,-0.83024001121521,-0.6448001861572266,158879,COc1ccc(CC(=O)OCC(=O)c2c[nH]c3ccccc23)cc1,3.145100000000001,NC(=O)c1ccc(CC(=O)OCC(=O)c2c[nH]c3ccccc23)cc1,True,2.2353999999999994,-0.9097000000000017,0.72,False,True
1.0,bin,2,-0.7375200986862183,-0.83024001121521,-0.6448001861572266,232056,COCCNC(=O)c1cc(=O)c2cc(C)ccc2o1,1.4776199999999993,CN(C)C(=O)CN(C)C(=O)c1cc(=O)c2cc(CO)ccc2o1,True,0.44550000000000006,-1.0321199999999993,0.39655172413793105,False,True
1.0,bin,2,-0.7375200986862183,-0.83024001121521,-0.6448001861572266,235788,O=C(Cn1nc(-c2ccco2)oc1=O)NCC(F)(F)F,0.7747999999999999,CCC(=O)N(C)CC(=O)NCc1nn(-c2ccco2)oc1=O,True,-0.09690000000000021,-0.8717000000000001,0.273972602739726,False,True
1.0,bin,2,-0.7375200986862183,-0.83024001121521,-0.6448001861572266,236081,CC(=O)c1c(C)[nH]c(C(=O)CSc2nc(C(C)C)n[nH]2)c1C,3.0506400000000014,CC1=CC(=O)CC(C)(C(=O)CSc2nc(C)n[nH]2)N1,True,0.9992199999999998,-2.0514200000000016,0.2835820895522388,False,True
1.0,bin,2,-0.7375200986862183,-0.83024001121521,-0.6448001861572266,281081,O=C(Cn1cccn1)NCc1cccnc1Oc1ccc(F)cc1F,2.665000000000001,CC=CN1CC(=O)NCc2ncccc2OC2=CC=CC=C(N)N21,True,1.3540999999999994,-1.3109000000000015,0.14444444444444443,False,True
1.0,bin,2,-0.7375200986862183,-0.83024001121521,-0.6448001861572266,284170,COc1ccc(-c2nc(CC(=O)Nc3cccc(C)n3)cs2)cc1,3.7033200000000024,Nc1ccnc(NC(=O)Cc2csc(-c3ccccc3F)n2)c1,True,3.1076000000000015,-0.5957200000000009,0.40298507462686567,False,True
1.0,bin,2,-0.7375200986862183,-0.83024001121521,-0.6448001861572266,288369,Cc1ccc(NCc2nnc3n2CCCCC3)cc1C,3.2334400000000016,N#Cc1cccc(NCc2nnc3n2CCCCC3)c1,True,2.4882800000000005,-0.7451600000000012,0.6153846153846154,False,True
1.0,bin,2,-0.7375200986862183,-0.83024001121521,-0.6448001861572266,302889,COc1ccc(OC)c(NC(=O)CCNC(=O)c2cccs2)c1,2.5239000000000003,NC(=O)c1ccccc1NC(=O)CCNC(=O)c1cccs1,True,1.6055999999999997,-0.9183000000000006,0.5636363636363636,False,True
1.0,bin,2,-0.7375200986862183,-0.83024001121521,-0.6448001861572266,327141,COc1ccc(OC)c(S(=O)(=O)Nc2ccn(C)n2)c1,1.2381,Cn1ccc(NS(=O)(=O)c2ccc(C#N)cc2O)n1,True,0.7981799999999999,-0.4399200000000001,0.48148148148148145,False,True
1.0,bin,2,-0.7375200986862183,-0.83024001121521,-0.6448001861572266,327382,CNC(=O)C1CN(C(=O)c2c(C)noc2C)c2ccccc2O1,1.4452399999999996,Cc1noc(N)c1C(=O)NC1c2ccccc2OC1C(N)=O,True,0.28262,-1.1626199999999995,0.3382352941176471,False,True
1.0,bin,2,-0.7375200986862183,-0.83024001121521,-0.6448001861572266,406491,COCCNC(=O)C1CCCN(S(=O)(=O)N2CCOCC2)C1,-0.9619999999999964,CS(=O)(=O)NC1CCCN(S(=O)(=O)N2CCOCC2)C1,True,-1.4229999999999967,-0.4610000000000003,0.4716981132075472,False,True
1.0,bin,2,-0.7375200986862183,-0.83024001121521,-0.6448001861572266,413951,O=C(Cn1ncn2cccc2c1=O)N1CCCCCC1,0.8985999999999996,O=C1CCCCN(C(=O)Cn2ncn3cccc3c2=O)N1,True,-0.4602999999999999,-1.3588999999999996,0.6666666666666666,False,True
1.0,bin,2,-0.7375200986862183,-0.83024001121521,-0.6448001861572266,427929,CCNc1nc(NCc2ccccc2Cl)c2cnn(C)c2n1,3.060600000000001,CC(C)Nc1nc(NCc2ccccc2)c2cnn(C)c2n1,True,2.795700000000001,-0.2648999999999999,0.5357142857142857,False,True
1.0,bin,2,-0.7375200986862183,-0.83024001121521,-0.6448001861572266,447130,CCC(NC(=O)C1CCN(C(=O)C2CC2)CC1)c1ccc(C)cc1,3.2109200000000016,Cc1cc(F)ccc1CNC(=O)C1CCN(C(=O)C2CC2)CC1,True,2.3989200000000004,-0.8120000000000012,0.4482758620689655,False,True
1.0,bin,2,-0.7375200986862183,-0.83024001121521,-0.6448001861572266,481908,CCNS(=O)(=O)c1ccc(C)c(C(=O)Nc2ncccc2C)c1,2.24894,COc1ccnc(NC(=O)c2cccc(CS(N)(=O)=O)c2)c1,True,1.1309999999999998,-1.1179400000000004,0.25,False,True
1.0,bin,2,-0.7375200986862183,-0.83024001121521,-0.6448001861572266,485220,Cc1nn(CC(=O)N2CCN(C)CC2)c(C)c1Br,1.03644,CC(=O)N1CCN(C(=O)Cc2[nH]nc(C)c2Br)CC1,True,0.7138199999999997,-0.32262000000000035,0.38,False,True
1.0,bin,2,-0.7375200986862183,-0.83024001121521,-0.6448001861572266,526363,Cc1nnc(SCC(=O)Nc2ccc(O)cc2)n(N)c1=O,0.09692,NC(=O)C1=CC=C(NC(=O)CSc2nnc(N)c(=O)[nH]2)CC=C1,True,-0.7890999999999997,-0.8860199999999997,0.2465753424657534,False,True
1.0,bin,2,-0.7375200986862183,-0.83024001121521,-0.6448001861572266,536853,COc1ccc(C2CCCN2C(=O)C2CCC2)c(OC)c1,3.1674000000000015,COc1cc(N)ccc1C1CCCN1C(=O)C1CCC1,True,2.7410000000000014,-0.4264000000000001,0.7659574468085106,False,True
1.0,bin,2,-0.7375200986862183,-0.83024001121521,-0.6448001861572266,540312,Cc1nn(C)c2nc(C3CC3)cc(C(=O)NCC(=O)NC(C)(C)C)c12,1.7986199999999997,CNC(=O)CNC(=O)C1=c2c(C)nn(C)c2=NC(C2CC2)=CC1,True,-0.9413799999999981,-2.7399999999999975,0.375,False,True
1.0,bin,2,-0.7375200986862183,-0.83024001121521,-0.6448001861572266,544381,Cc1nc(N2CCCC(C(=O)NC(C)C)C2)c2c(C)c(C)oc2n1,2.8890600000000006,COCCNC(=O)CCCCNC1=NC(C)=NCOC(C)=C(C)C1,True,1.9975,-0.8915600000000006,0.11627906976744186,False,True
1.0,bin,2,-0.7375200986862183,-0.83024001121521,-0.6448001861572266,544382,CCCNC(=O)C1CCCN(c2nc(C)nc3oc(C)c(C)c23)C1,2.8906600000000013,CNC(=O)C1CCCN(c2nc(C)nc3oc(C)c(C)c23)C1,True,2.11046,-0.7802000000000016,0.7636363636363637,False,False
1.0,bin,2,-0.7375200986862183,-0.83024001121521,-0.6448001861572266,550049,Cc1ccc(C)c(OCC(=O)Nc2cccc(-n3cnnc3)c2)c1,2.9016400000000013,N#Cc1cccc(OCC(=O)Nc2cccc(-n3cnnc3)c2)c1,True,2.1564799999999993,-0.745160000000002,0.603448275862069,False,True
1.0,bin,2,-0.7375200986862183,-0.83024001121521,-0.6448001861572266,573533,Cc1nn(-c2ncc(C(F)(F)F)cc2Cl)c(=O)o1,2.2011199999999995,COc1ccnc(NC(C)=NOC(C)=N)c1Cl,True,2.50267,0.30155000000000065,0.13636363636363635,False,True
1.0,bin,2,-0.7375200986862183,-0.83024001121521,-0.6448001861572266,582555,O=C(NCC(O)c1ccccc1)c1ccc2c(=O)n3c(nc2c1)CCC3,1.8061000000000003,NC1=CC=CCCCNC(=O)c2ccc3c(=O)n4c(nc3c2)CCC4=C1,True,2.106,0.2998999999999996,0.24705882352941178,False,True
1.0,bin,2,-0.7375200986862183,-0.83024001121521,-0.6448001861572266,588547,Cc1n[nH]c(C)c1NC(=O)CCc1ccc(Cl)cc1Cl,3.9046400000000023,Cc1n[nH]c(C)c1NC(=O)CCc1ccc(Cl)cc1,True,3.251240000000002,-0.6534000000000004,0.7021276595744681,False,True
1.0,bin,2,-0.7375200986862183,-0.83024001121521,-0.6448001861572266,607673,CCCN(CC1CC1)S(=O)(=O)c1ccccc1F,2.636400000000001,CCN(CC1CC1)S(=O)(=O)c1ccc(S(C)=O)cc1,True,1.8446000000000002,-0.7918000000000007,0.39215686274509803,False,True
1.0,bin,2,-0.7375200986862183,-0.83024001121521,-0.6448001861572266,617681,Cc1cc(C(=O)Nc2nc(-c3ccncc3)cs2)nn1C(C)C,3.5432200000000016,N=S1C=C(c2ccncc2)N=C1NC(=O)C1C=CNCC1,True,1.36967,-2.1735500000000014,0.19480519480519481,False,True
1.0,bin,2,-0.7375200986862183,-0.83024001121521,-0.6448001861572266,650267,COc1ccc2oc(C(=O)NC3CCCCNC3=O)c(C)c2c1,2.14832,NC1=C(C(=O)NC2CCCCN2)OC=C2C=CC=C1O2,True,0.7143999999999997,-1.4339200000000003,0.24050632911392406,False,True
1.0,bin,2,-0.7375200986862183,-0.83024001121521,-0.6448001861572266,668639,Cc1cc(NC(=O)c2ccccc2Cl)ncc1N,2.8779200000000005,COC(=O)c1ccc(C(=O)Nc2ncc(C)cc2N)cc1,True,2.01112,-0.8668000000000005,0.3157894736842105,False,True
1.0,bin,2,-0.7375200986862183,-0.83024001121521,-0.6448001861572266,673160,CCC(=O)Nc1ccc2oc(C(F)(F)F)cc(=O)c2c1,3.160300000000001,CCC(=O)N1C=CC2=COC(C(=O)OC)=C(C#N)C2=C1,True,1.5009799999999998,-1.6593200000000015,0.14864864864864866,False,True
1.0,bin,2,-0.7375200986862183,-0.83024001121521,-0.6448001861572266,711169,Cc1cccc(C(C)C)c1NC(=O)N(C)Cc1ccncc1,4.177320000000003,C=CN=CC=CCN(C)C(=O)NC1=CC=CC1,True,2.2420999999999998,-1.9352200000000028,0.21739130434782608,False,True
1.0,bin,2,-0.7375200986862183,-0.83024001121521,-0.6448001861572266,720969,Cc1noc(C)c1CCC(=O)OCC(=O)N1c2ccccc2CC1C,2.7450400000000013,Cc1noc(C)c1CCC(=O)OCC(=O)N1c2ccccc2CC1O,True,1.67494,-1.0701000000000012,0.8245614035087719,False,True
1.0,bin,2,-0.7375200986862183,-0.83024001121521,-0.6448001861572266,730789,COC(=O)C1CCN(C(=O)c2cc3ccc(F)cc3nc2C)CC1,2.7075200000000006,Cc1nc2ccc(F)cc2cc1C(=O)N1CCC(C(N)=O)CC1,True,2.01982,-0.6877000000000004,0.6363636363636364,False,True
1.0,bin,2,-0.7375200986862183,-0.83024001121521,-0.6448001861572266,738178,Cc1ccc(-n2ccnc2SCc2nc(C3CC3)no2)cc1C,4.041840000000003,N#Cc1ccccc1-n1ccnc1SCc1nc(C2CC2)no1,True,3.296680000000002,-0.7451600000000012,0.5901639344262295,False,True
1.0,bin,2,-0.7375200986862183,-0.83024001121521,-0.6448001861572266,771897,COc1ccccc1OCC(=O)N(C)Cc1sccc1C,3.102520000000002,COc1ccc(OCC(=O)NCc2sccc2C)c(N)c1,True,2.3425200000000004,-0.7600000000000016,0.4032258064516129,False,True
1.0,bin,2,-0.7375200986862183,-0.83024001121521,-0.6448001861572266,811446,COC(=O)C1(NC(=O)c2cc(Br)c[nH]2)CCCCCC1,2.7730000000000006,COCc1[nH]c(C(=O)NC2(CO)CCCCC2)cc1C,True,1.8945199999999993,-0.8784800000000013,0.3559322033898305,False,True
1.0,bin,2,-0.7375200986862183,-0.83024001121521,-0.6448001861572266,848291,CCC(C)NC(=O)NCc1noc(-c2cccs2)n1,2.3958000000000004,CN(C)C(=O)NCc1noc(-c2cccs2)n1,True,1.5692999999999997,-0.8265000000000007,0.6415094339622641,False,True
1.0,bin,2,-0.7375200986862183,-0.83024001121521,-0.6448001861572266,863440,COc1ccc(-c2nc(CCCO)cs2)cc1OC,2.752200000000001,COc1cc(-c2nc(CO)cs2)cc(OC)c1OC,True,2.3282000000000007,-0.4240000000000004,0.5434782608695652,False,False
1.0,bin,2,-0.7375200986862183,-0.83024001121521,-0.6448001861572266,864663,N#Cc1ccc(-c2cc(F)ccc2F)nc1N1CCCC1,3.498680000000002,CNC(=O)c1ccccc1-c1ccc(C#N)c(N2CCCC2)n1,True,2.5800800000000006,-0.9186000000000014,0.5,False,True
1.0,bin,2,-0.7375200986862183,-0.83024001121521,-0.6448001861572266,872100,CCc1cccc(C)c1NCC(O)c1ccc2c(c1)OCCO2,3.474120000000002,OC(CNc1ccc(F)c(F)c1)c1ccc2c(c1)OCCO2,True,2.881500000000001,-0.592620000000001,0.509090909090909,False,True
1.0,bin,2,-0.7375200986862183,-0.83024001121521,-0.6448001861572266,886334,COc1ccc(C(=O)N2CCCC(C(=O)N3CCCCC3)C2)c(O)c1,2.2655000000000003,NC(=O)c1ccc(C(=O)N2CCCC(C(=O)N3CCCCC3)C2)cc1,True,1.6501999999999997,-0.6153000000000006,0.5,False,True
1.0,bin,2,-0.7375200986862183,-0.83024001121521,-0.6448001861572266,887387,COCCNC(=O)N(Cc1cccc(F)c1)CC1CCCO1,2.1627,COC(=O)CCN(Cc1cccc(O)c1)CC1CCCO1,True,1.9362999999999997,-0.22640000000000038,0.4925373134328358,False,True
1.0,bin,2,-0.7375200986862183,-0.83024001121521,-0.6448001861572266,889149,N#Cc1ccc(NC(=O)c2ccc(Br)cc2Cl)nc1,3.621480000000001,Cc1cc(C#N)ccc1C(=O)Nc1ccc(C#N)cn1,True,2.38568,-1.2358000000000011,0.625,False,True
1.0,bin,2,-0.7375200986862183,-0.83024001121521,-0.6448001861572266,913483,O=C(CNC(=O)NCCc1c(Cl)cccc1Cl)NC1CC1,2.1137000000000006,COc1ccc(CCNC(=O)NCC(=O)NC2CC2)cc1Cl,True,1.4688999999999999,-0.6448000000000007,0.5961538461538461,False,True
1.0,bin,2,-0.7375200986862183,-0.83024001121521,-0.6448001861572266,917620,C=CCN(Cc1ccccc1OC)C(=O)c1csc(C)n1,3.288520000000002,COC(=O)C=CC=C(C)CN(C)C(=O)c1cscn1,True,1.8905999999999998,-1.397920000000002,0.2222222222222222,False,True
1.0,bin,2,-0.7375200986862183,-0.83024001121521,-0.6448001861572266,918312,CCOc1ccc(Cl)c(C(=O)N2CCN(c3ncccn3)CC2)n1,1.8860999999999997,COc1ccnc(C)c1C(=O)N1CCN(c2ncccn2)CC1,True,1.15102,-0.7350799999999997,0.4482758620689655,False,True
1.0,bin,2,-0.7375200986862183,-0.83024001121521,-0.6448001861572266,922879,CC(=O)c1ccc(N2CCN(Cc3c(F)cccc3F)CC2)cc1,3.489600000000003,Oc1cccc(CN2CCN(c3ccc(F)c(F)c3)CC2)c1,True,2.9926000000000013,-0.49700000000000166,0.4230769230769231,False,True
1.0,bin,2,-0.7375200986862183,-0.83024001121521,-0.6448001861572266,927535,COc1cc(CN2CCN(c3ccccc3F)CC2)ccc1O,2.862100000000002,COc1ccc(O)c(CN2CCN(c3ccccc3)CC2)c1,True,2.7230000000000008,-0.13910000000000133,0.42857142857142855,False,True
1.0,bin,2,-0.7375200986862183,-0.83024001121521,-0.6448001861572266,927567,Cc1ccccc1N1CCN(Cc2cccc(O)c2)CC1,3.022820000000001,COc1cccc(CN2CCN(c3ccccc3O)CC2)c1,True,2.7230000000000008,-0.2998200000000004,0.5625,False,False
1.0,bin,2,-0.7375200986862183,-0.83024001121521,-0.6448001861572266,938108,CC(c1ccccc1)N(C)C(=O)CCC(=O)Nc1nccs1,3.0814000000000012,O=C(CCC(=O)Nc1ncc(O)s1)NCc1ccccc1,True,1.8837999999999997,-1.1976000000000016,0.3442622950819672,False,True
1.0,bin,2,-0.7375200986862183,-0.83024001121521,-0.6448001861572266,943303,CN(CCCOc1ccccc1)C(=O)Nc1cccc2c1OCCO2,3.390600000000002,CS(=O)c1ccc(OCCCNC(=O)Nc2ccc3cc2OC3)cc1,True,2.907000000000002,-0.48360000000000003,0.29333333333333333,False,True
1.0,bin,2,-0.7375200986862183,-0.83024001121521,-0.6448001861572266,946289,CC(NC(=O)C1(c2cc(-c3ccco3)on2)CC1)c1ccccc1,3.843600000000002,C=C(C=CC=CC#N)CNC(=O)C(C)c1cc(-c2ccco2)on1,True,3.3464800000000015,-0.4971200000000007,0.35526315789473684,False,True
1.0,bin,2,-0.7375200986862183,-0.83024001121521,-0.6448001861572266,994077,Cc1nnc(Cn2c(-c3cccc(Br)c3)noc2=O)o1,2.0055199999999997,COc1ccccc1-c1noc(=O)n1Cc1nnc(C)o1,True,1.2516199999999997,-0.7539,0.5636363636363636,False,True
1.0,bin,2,-0.7375200986862183,-0.83024001121521,-0.6448001861572266,1065620,O=C(NCc1cccnc1Oc1ccccc1)c1cccnc1,3.198900000000002,NC(=O)C(NC(=O)c1cccnc1Oc1ccccc1)c1cccnc1,True,2.2253,-0.973600000000002,0.4745762711864407,False,True
1.0,bin,2,-0.7375200986862183,-0.83024001121521,-0.6448001861572266,1093926,CN(C(=O)CNc1cccc(OCC2CCCO2)c1)c1ccccc1,3.319300000000002,O=C(COc1ccccc1)Nc1cccc(OCC2CCCO2)c1,True,3.2619000000000016,-0.05740000000000034,0.6065573770491803,False,False
1.0,bin,2,-0.7375200986862183,-0.83024001121521,-0.6448001861572266,1107920,CCc1ccc(-n2cc(C(=O)NC(C)c3ccccc3)nn2)cc1,3.320700000000002,O=C(NCc1cccc(F)c1)c1cn(-c2ccccc2)nn1,True,2.3364000000000003,-0.984300000000002,0.45,False,True
1.0,bin,2,-0.7375200986862183,-0.83024001121521,-0.6448001861572266,1113130,CC(NC(=O)Cn1nnnc1C(C)(C)C)c1cccc2ccccc12,3.0012000000000016,CC(C)C(C=Cc1ccccc1)NC(=O)Cn1cnnn1,True,1.5272999999999997,-1.473900000000002,0.3088235294117647,False,True
1.0,bin,2,-0.7375200986862183,-0.83024001121521,-0.6448001861572266,1121751,COC(=O)Cn1ccc(NS(=O)(=O)c2ccc(F)c(F)c2F)n1,1.2742,COC(=O)Cn1ccc(NS(=O)(=O)c2ccc(OC)cc2O)n1,True,0.5710999999999999,-0.7031000000000001,0.6363636363636364,False,True
1.0,bin,2,-0.7375200986862183,-0.83024001121521,-0.6448001861572266,1142531,CCOC(C)C(=O)NCCc1csc(-c2ccc(C)cc2)n1,3.2022200000000014,CCS(=O)(=O)NCCc1csc(-c2ccc(F)cc2)n1,True,2.431,-0.7712200000000013,0.4482758620689655,False,False
1.0,bin,2,-0.7375200986862183,-0.83024001121521,-0.6448001861572266,1212157,CN(Cc1ccc(F)c(F)c1)C(=O)c1cncc(-c2cnn(C)c2)c1,3.0325000000000015,CN(Cc1ccc(F)c(CO)c1)C(=O)c1cncc(-c2cn[nH]c2)c1,True,2.3753,-0.6572000000000013,0.546875,False,True
1.0,bin,2,-0.7375200986862183,-0.83024001121521,-0.6448001861572266,1215394,CCn1nc(C)cc1C(=O)Oc1cccc(NC(=O)C(C)C)c1,3.025120000000001,CCn1nc(C)cc1C(=O)Oc1ccc(OC)cc1,True,2.4392200000000006,-0.5859000000000005,0.5660377358490566,False,True
1.0,bin,2,-0.7375200986862183,-0.83024001121521,-0.6448001861572266,1232922,CC(C)(C)OC(=O)NC1CCCN(S(=O)(=O)N2CCOCC2)C1,0.5525000000000011,CCC(=O)NC1CCCN(S(=O)(=O)N2CCOC(C#N)C2)C1,True,-0.5538199999999973,-1.1063199999999984,0.4666666666666667,False,True
1.0,bin,2,-0.7375200986862183,-0.83024001121521,-0.6448001861572266,1238973,FC(F)(F)c1cnc(N2CCn3c(nnc3C3CC3)C2)c(Cl)c1,3.2429000000000023,Fc1cc(Cl)cnc1N1CCn2c(nnc2C2CC2)C1,True,2.3632,-0.8797000000000024,0.6415094339622641,False,True
1.0,bin,2,-0.7375200986862183,-0.83024001121521,-0.6448001861572266,1299495,Cc1cc(CC(=O)N2CCCC2C(C#N)c2ccccc2)no1,2.823900000000001,N#CC(C(=O)N1CCCC1c1ccc(C(N)=O)cc1)c1ccon1,True,1.74438,-1.079520000000001,0.2948717948717949,False,True
1.0,bin,2,-0.7375200986862183,-0.83024001121521,-0.6448001861572266,1309906,CC(C)CC(NC(=O)c1cc(=O)c2ccccc2o1)C(=O)OC(C)C,2.8891000000000018,COCCN(CC(C)C)C(=O)c1cc(=O)c2ccccc2o1,True,2.537600000000001,-0.3515000000000006,0.48333333333333334,False,False
1.0,bin,2,-0.7375200986862183,-0.83024001121521,-0.6448001861572266,1362816,COCc1cccc(C(=O)NC2CC2c2cccc(Cl)c2)c1,3.772300000000002,CC(=O)NCc1ccc(C(=O)NC2CC2c2ccc(C)c(F)c2)cc1,True,3.0561200000000017,-0.7161800000000005,0.3880597014925373,False,True
1.0,bin,2,-0.7375200986862183,-0.83024001121521,-0.6448001861572266,1441838,COCC(=O)NC(C(=O)Nc1cccc(-c2nccs2)c1)C(C)C,2.5358,CC(=O)NCC(=O)Nc1cccc(-c2nccs2)c1,True,1.8846999999999996,-0.6511000000000005,0.576271186440678,False,True
1.0,bin,2,-0.7375200986862183,-0.83024001121521,-0.6448001861572266,1450449,CCCNC(=O)CSc1nc2c(cc1C#N)CCCC2,2.450380000000001,CNC(=O)C(C)Sc1nc2c(cc1C(=O)OC)CCCC2,True,1.9735999999999998,-0.4767800000000011,0.3484848484848485,False,True
1.0,bin,2,-0.7375200986862183,-0.83024001121521,-0.6448001861572266,1451910,O=S(=O)(NCc1nnc2ccccn12)c1ccc(F)c(F)c1,1.4859999999999995,COc1cc(N)ccc1S(=O)(=O)NCc1nnc2ccccn12,True,0.7985999999999999,-0.6873999999999997,0.5254237288135594,False,True
1.0,bin,2,-0.7375200986862183,-0.83024001121521,-0.6448001861572266,1479798,Cc1nc(C)c(CCC(=O)N(CC(C)C)CC(F)(F)F)c(=O)[nH]1,2.3662400000000003,CC=NC(C)=C(C=O)CCC(=O)N(CCC#N)CC(C)CC,True,3.1185800000000015,0.7523400000000011,0.18421052631578946,False,True
1.0,bin,2,-0.7375200986862183,-0.83024001121521,-0.6448001861572266,1507926,COC(=O)C(C)NC(=O)Cc1csc(-c2ccccc2Cl)n1,2.6837,COCC(NC(=O)Cc1csc(CCC#N)n1)c1ccccc1,True,2.6456800000000014,-0.03801999999999861,0.391304347826087,False,True
1.0,bin,2,-0.7375200986862183,-0.83024001121521,-0.6448001861572266,1527882,Nc1ncccc1C(=O)Nc1ccc2cn[nH]c2c1,1.7923999999999998,Cc1c(NC(=O)C(N)=CC=CS(=O)(=O)N(C)C)ccc2cn[nH]c12,True,1.05752,-0.7348799999999998,0.24324324324324326,False,True
1.0,bin,2,-0.7375200986862183,-0.83024001121521,-0.6448001861572266,1532848,COc1ccc(-c2ccc3c(=O)[nH]cnc3c2)cc1Cl,3.2521000000000013,COc1cc(-c2ccc3nc[nH]c(=O)c3c2)cc(OC)c1OC,True,2.615900000000001,-0.6362000000000005,0.5625,False,True
1.0,bin,2,-0.7375200986862183,-0.83024001121521,-0.6448001861572266,1548351,COc1cc(OC)c2c(c1)C(c1cnccn1)NCC2,1.7288999999999999,COc1cc(OC)c2c(c1)C(c1cnccn1)NCC2,True,1.7288999999999999,0.0,1.0,True,False
1.0,bin,2,-0.7375200986862183,-0.83024001121521,-0.6448001861572266,1570134,COc1cccc(C(C)N2CCN(C(=O)c3ccc(O)cc3)CC2)c1,2.9198000000000013,CCN(CCNC(=O)C12C=CC=C(C1)OC2)C(C(N)=O)c1ccccc1,True,1.5115000000000003,-1.408300000000001,0.1411764705882353,False,True
1.0,bin,2,-0.7375200986862183,-0.83024001121521,-0.6448001861572266,1611406,CC(C)(C)N1CC(NC(=O)C2COc3ccc(F)cc3C2)CC1=O,1.8923999999999994,CC(C)N1CC(C(=O)NC2COc3ccc(F)cc3C2)CC1=O,True,1.5022999999999993,-0.3901000000000001,0.5967741935483871,False,True
1.0,bin,2,-0.7375200986862183,-0.83024001121521,-0.6448001861572266,1612684,CCCC1CN(C(=O)Nc2ccn(CCC(C)C)n2)CCO1,2.9620000000000015,CCCC1CN(C(=O)Nc2ccn(CC(F)(F)F)n2)CCO1,True,2.4782,-0.48380000000000134,0.7288135593220338,False,False
1.0,bin,2,-0.7375200986862183,-0.83024001121521,-0.6448001861572266,1639675,CCC(CC)c1nnc(NC(=O)c2scnc2C2CC2)s1,4.0279000000000025,Cc1nnc(NC(=O)c2scnc2C2CC2(C)C)s1,True,3.0688200000000014,-0.959080000000001,0.5178571428571429,False,True
1.0,bin,2,-0.7375200986862183,-0.83024001121521,-0.6448001861572266,1675660,COc1ccnc(NC(=O)c2cccc(Cl)c2)c1,2.9959000000000007,COc1ccnc(NC(=O)c2cccc(OC)c2O)c1,True,2.0566999999999993,-0.9392000000000014,0.58,False,False
1.0,bin,2,-0.7375200986862183,-0.83024001121521,-0.6448001861572266,1689728,CCc1noc(CSc2ncnc3sc(C)cc23)n1,3.237420000000002,Cc1cc2c(SCC3CC=NO3)ncnc2s1,True,2.8665200000000013,-0.3709000000000007,0.46551724137931033,False,True
1.0,bin,2,-0.7375200986862183,-0.83024001121521,-0.6448001861572266,1720876,CC(C)(C)CC(=O)NCC(=O)Nc1ccc2c(c1)COC2,2.2077,CCN(CC)S(=O)(=O)Nc1ccc2c(c1)COC2,True,1.7152999999999998,-0.49240000000000017,0.40384615384615385,False,True
1.0,bin,2,-0.7375200986862183,-0.83024001121521,-0.6448001861572266,1757109,CC(C)Cc1ncc(CNc2ccc3c(c2)COC3)s1,3.983900000000003,COc1cc2c(cc1NCc1nc(C)cs1)N(OC)C2,True,2.9536200000000017,-1.0302800000000012,0.17567567567567569,False,True
1.0,bin,2,-0.7375200986862183,-0.83024001121521,-0.6448001861572266,1774061,O=C1NCCCc2[nH]c(-c3cccc4[nH]ccc34)nc21,2.234,N#Cc1ccc2[nH]cc(C=NC=C(C([NH])=O)C3CCCN3)c2c1,True,1.9038799999999998,-0.3301200000000002,0.14285714285714285,False,True
1.0,bin,2,-0.7375200986862183,-0.83024001121521,-0.6448001861572266,1800687,Cc1nn(C)c(-c2nc(-c3cccnn3)no2)c1Cl,1.8889199999999997,CCn1nccc1C(=O)N=CC1=CC=C(OCCOC)N=NN1,True,1.4727,-0.4162199999999998,0.10588235294117647,False,True
1.0,bin,2,-0.7375200986862183,-0.83024001121521,-0.6448001861572266,1815867,FC(F)(F)c1ccc(CN2CCOCC2c2ncon2)cc1,2.661900000000001,COc1cccc(CN2CCOCC2c2ncon2)c1,True,1.6517000000000002,-1.0102000000000009,0.5862068965517241,False,True
1.0,bin,2,-0.7375200986862183,-0.83024001121521,-0.6448001861572266,1828580,Cc1ccc(N2CC3OCC(=O)N(Cc4cccc(F)c4)C3C2)nn1,1.54032,NC1=CC=CC2NCCOCC(=O)N(Cc3ccccc3)CC2N1,True,0.3317000000000006,-1.2086199999999994,0.19767441860465115,False,True
1.0,bin,2,-0.7375200986862183,-0.83024001121521,-0.6448001861572266,1836183,CCc1ccc(C(=O)NCc2nccc(N(C)C)n2)cc1,2.035,COc1ccc(C(=O)NCc2nccc(C#N)n2)cc1OC,True,1.29548,-0.7395200000000002,0.4166666666666667,False,True
1.0,bin,2,-0.7375200986862183,-0.83024001121521,-0.6448001861572266,1842499,COc1ccccc1COc1ccccc1-c1cnn(CCO)c1,3.1300000000000017,NC(=O)Cn1cc(-c2ccccc2OCc2cccc(CO)c2)cn1,True,2.1067,-1.0233000000000017,0.47540983606557374,False,True
1.0,bin,2,-0.7375200986862183,-0.83024001121521,-0.6448001861572266,1865564,COC(CNC(=O)c1ccoc1)c1cccc(F)c1,2.536200000000001,COc1ccccc1C(O)CNC(=O)c1ccoc1,True,1.7515999999999998,-0.7846000000000011,0.5,False,True
1.0,bin,2,-0.7375200986862183,-0.83024001121521,-0.6448001861572266,1868773,CCCOc1ccc(Cl)c2c1CCNC2C1CC(=O)C1,3.2947000000000015,O=C1CC(CN2CCc3cc(F)ccc32)C(C(F)(F)F)=N1,True,2.7380000000000004,-0.5567000000000011,0.1282051282051282,False,True
1.0,bin,2,-0.7375200986862183,-0.83024001121521,-0.6448001861572266,1873123,CCC1OC(=O)c2c(OC)ccc(Br)c21,3.079200000000002,COc1cc(OC)c2c(c1)C(C)(C)C(=O)O2,True,1.9003999999999999,-1.178800000000002,0.21153846153846154,False,True
1.0,bin,2,-0.7375200986862183,-0.83024001121521,-0.6448001861572266,1875028,Cc1cccc(C)c1NCC(=O)N1CCCC2CCCCC21,3.8965400000000034,O=C(CNc1ccc(F)c(CO)c1)N1CCCC1C1CCCC1,True,2.911100000000001,-0.9854400000000023,0.5272727272727272,False,True
1.0,bin,2,-0.7375200986862183,-0.83024001121521,-0.6448001861572266,1895921,CCC(CC)N(C)C(=O)CC1OC(=O)c2ccccc21,2.935200000000002,CCN(CC(C)OC)C(=O)CC1OC(=O)c2ccccc21,True,2.1715999999999998,-0.763600000000002,0.5769230769230769,False,True
1.0,bin,2,-0.7375200986862183,-0.83024001121521,-0.6448001861572266,1907077,Cc1ccc2[nH]nc(C(=O)Nc3nc(-c4ccco4)cs3)c2c1,3.8401200000000015,O=C1C=NNc2ccccc2-c2occc2C2=CN=C(N1)S2,True,2.875300000000001,-0.9648200000000005,0.12941176470588237,False,True
1.0,bin,2,-0.7375200986862183,-0.83024001121521,-0.6448001861572266,1913063,Cc1nn(C)c(C)c1CN(C(=O)c1cn2cccc(C)c2n1)C1CC1,2.797860000000001,COC1=C(C(=O)NC2CC2Cc2cn3ccc(N)cc3n2)CC=N1,True,1.2961999999999994,-1.5016600000000015,0.1827956989247312,False,True
1.0,bin,2,-0.7375200986862183,-0.83024001121521,-0.6448001861572266,1922265,CN(CCNC(=O)c1ccc2c(c1)ncn2C)c1ccccc1,2.4395000000000007,Nn1cncc2c(C(=O)NCCNc3ccccc3)ccc1-2,True,1.5435999999999992,-0.8959000000000015,0.2714285714285714,False,True
1.0,bin,3,-0.5795501172542572,-0.6448001861572266,-0.5143000483512878,32052,COc1ccccc1CNC(=O)Cc1c[nH]c2ccccc12,3.035400000000001,Cn1ccc2c(CNC(=O)CNC(N)=O)cccc21,True,0.46280000000000027,-2.572600000000001,0.3,False,True
1.0,bin,3,-0.5795501172542572,-0.6448001861572266,-0.5143000483512878,116747,COCCSc1ccccc1C(=O)Nc1cccc(C)n1,3.3808200000000017,COC(C)C(=O)NCc1ccccc1C(=O)Nc1cccc(C)n1,True,2.2934200000000002,-1.0874000000000015,0.5172413793103449,False,True
1.0,bin,3,-0.5795501172542572,-0.6448001861572266,-0.5143000483512878,131060,CS(=O)(=O)NCCc1csc(-c2ccc(F)cc2)n1,2.0408999999999997,CS(=O)(=O)NCCc1nc(-c2ccccc2)cs1,True,1.9018,-0.13909999999999978,0.45098039215686275,False,False
1.0,bin,3,-0.5795501172542572,-0.6448001861572266,-0.5143000483512878,131949,CCc1c(C)nc(SCC(=O)NC(C)C)[nH]c1=O,1.25742,COCCNC(=O)CSc1nc(C)c(C)c(=O)[nH]1,True,0.24144000000000015,-1.0159799999999999,0.46296296296296297,False,False
1.0,bin,3,-0.5795501172542572,-0.6448001861572266,-0.5143000483512878,158879,COc1ccc(CC(=O)OCC(=O)c2c[nH]c3ccccc23)cc1,3.145100000000001,O=C(Cc1ccc(O)cc1)OCC(=O)c1c[nH]c2ccccc12,True,2.8421000000000003,-0.3030000000000008,0.7659574468085106,False,True
1.0,bin,3,-0.5795501172542572,-0.6448001861572266,-0.5143000483512878,232056,COCCNC(=O)c1cc(=O)c2cc(C)ccc2o1,1.4776199999999993,COCCNC(=O)Cc1cc(=O)c2cc(OC)ccc2o1,True,1.1066999999999994,-0.3709199999999999,0.5272727272727272,False,True
1.0,bin,3,-0.5795501172542572,-0.6448001861572266,-0.5143000483512878,235788,O=C(Cn1nc(-c2ccco2)oc1=O)NCC(F)(F)F,0.7747999999999999,O=C(CCO)Cn1nc(-c2ccco2)oc1=O,True,0.047800000000000065,-0.7269999999999999,0.5961538461538461,False,True
1.0,bin,3,-0.5795501172542572,-0.6448001861572266,-0.5143000483512878,236081,CC(=O)c1c(C)[nH]c(C(=O)CSc2nc(C(C)C)n[nH]2)c1C,3.0506400000000014,CC1=CC(=O)OCC(C)(C(=O)CSc2nc(C)n[nH]2)N1,True,0.58322,-2.4674200000000015,0.2714285714285714,False,True
1.0,bin,3,-0.5795501172542572,-0.6448001861572266,-0.5143000483512878,281081,O=C(Cn1cccn1)NCc1cccnc1Oc1ccc(F)cc1F,2.665000000000001,Nc1ccccc1Oc1ncccc1CNC(=O)Cn1cccn1,True,1.9689999999999999,-0.6960000000000011,0.711864406779661,False,True
1.0,bin,3,-0.5795501172542572,-0.6448001861572266,-0.5143000483512878,284170,COc1ccc(-c2nc(CC(=O)Nc3cccc(C)n3)cs2)cc1,3.7033200000000024,COc1ccc(-c2nc(CC(=O)Nc3ccccn3)cs2)cc1O,True,3.1005000000000016,-0.6028200000000008,0.5555555555555556,False,True
1.0,bin,3,-0.5795501172542572,-0.6448001861572266,-0.5143000483512878,288369,Cc1ccc(NCc2nnc3n2CCCCC3)cc1C,3.2334400000000016,Fc1cc(F)cc(NCc2nnc3n2CCCCC3)c1,True,2.894800000000001,-0.3386400000000007,0.6382978723404256,False,True
1.0,bin,3,-0.5795501172542572,-0.6448001861572266,-0.5143000483512878,302889,COc1ccc(OC)c(NC(=O)CCNC(=O)c2cccs2)c1,2.5239000000000003,O=C(CCNC(=O)c1cccs1)Nc1ccccc1O,True,2.2123000000000004,-0.3115999999999999,0.5849056603773585,False,False
1.0,bin,3,-0.5795501172542572,-0.6448001861572266,-0.5143000483512878,327141,COc1ccc(OC)c(S(=O)(=O)Nc2ccn(C)n2)c1,1.2381,Cn1ccc(NS(=O)(=O)c2ccc(C(N)=O)cc2)n1,True,0.31979999999999975,-0.9183000000000002,0.4423076923076923,False,True
1.0,bin,3,-0.5795501172542572,-0.6448001861572266,-0.5143000483512878,327382,CNC(=O)C1CN(C(=O)c2c(C)noc2C)c2ccccc2O1,1.4452399999999996,Cc1noc(C)c1C(=O)NC1c2ccc(F)cc2OC1C(N)=O,True,1.1479399999999997,-0.2972999999999999,0.323943661971831,False,True
1.0,bin,3,-0.5795501172542572,-0.6448001861572266,-0.5143000483512878,406491,COCCNC(=O)C1CCCN(S(=O)(=O)N2CCOCC2)C1,-0.9619999999999964,CN(CCCO)C(=O)C1CCN(S(=O)(=O)N2CCOCC2)CC1,True,-0.8837999999999977,0.07819999999999871,0.38333333333333336,False,True
1.0,bin,3,-0.5795501172542572,-0.6448001861572266,-0.5143000483512878,413951,O=C(Cn1ncn2cccc2c1=O)N1CCCCCC1,0.8985999999999996,O=C(Cn1ncn2cccc2c1=O)N1CCC(O)(CO)CC1,True,-1.1582,-2.0567999999999995,0.7142857142857143,False,True
1.0,bin,3,-0.5795501172542572,-0.6448001861572266,-0.5143000483512878,427929,CCNc1nc(NCc2ccccc2Cl)c2cnn(C)c2n1,3.060600000000001,CCC1=CC=C(CNc2nc(NC)nc3[nH]ncc23)CC=C1,True,3.0292000000000012,-0.03139999999999965,0.22972972972972974,False,True
1.0,bin,3,-0.5795501172542572,-0.6448001861572266,-0.5143000483512878,447130,CCC(NC(=O)C1CCN(C(=O)C2CC2)CC1)c1ccc(C)cc1,3.2109200000000016,Cc1ccc(C(NC(=O)C2CCN(C3CC3)CC2)C(N)=O)cc1C,True,1.8204399999999996,-1.390480000000002,0.3770491803278688,False,True
1.0,bin,3,-0.5795501172542572,-0.6448001861572266,-0.5143000483512878,481908,CCNS(=O)(=O)c1ccc(C)c(C(=O)Nc2ncccc2C)c1,2.24894,COCCN(C)S(=O)(=O)C1C=CC=CC(=O)Nc2ncccc2C1,True,0.9652000000000003,-1.2837399999999999,0.18518518518518517,False,True
1.0,bin,3,-0.5795501172542572,-0.6448001861572266,-0.5143000483512878,485220,Cc1nn(CC(=O)N2CCN(C)CC2)c(C)c1Br,1.03644,COCCN1CCN(CC(=O)n2nc(C)cc2C)CC1,True,0.40414000000000083,-0.6322999999999992,0.2631578947368421,False,True
1.0,bin,3,-0.5795501172542572,-0.6448001861572266,-0.5143000483512878,526363,Cc1nnc(SCC(=O)Nc2ccc(O)cc2)n(N)c1=O,0.09692,Cc1nnc(SCC(=O)Nc2ccccc2O)n(N)c1=O,True,0.09691999999999984,-1.6653345369377348e-16,0.6862745098039216,False,False
1.0,bin,3,-0.5795501172542572,-0.6448001861572266,-0.5143000483512878,536853,COc1ccc(C2CCCN2C(=O)C2CCC2)c(OC)c1,3.1674000000000015,C=C1CCC1C(=O)N1CCCC12C=CC=CS(=O)(=O)C2,True,1.8121,-1.3553000000000015,0.16666666666666666,False,True
1.0,bin,3,-0.5795501172542572,-0.6448001861572266,-0.5143000483512878,540312,Cc1nn(C)c2nc(C3CC3)cc(C(=O)NCC(=O)NC(C)(C)C)c12,1.7986199999999997,COC(=O)CCNC(=O)c1cc(C2CC2)nc2c1c(C)nn2C,True,1.4470199999999995,-0.35160000000000013,0.65,False,True
1.0,bin,3,-0.5795501172542572,-0.6448001861572266,-0.5143000483512878,544381,Cc1nc(N2CCCC(C(=O)NC(C)C)C2)c2c(C)c(C)oc2n1,2.8890600000000006,CC(=O)N1CCCC(C2=C(C)OCN=C3N=C(C)C2=CN3C)C1,True,2.1528,-0.7362600000000006,0.19753086419753085,False,True
1.0,bin,3,-0.5795501172542572,-0.6448001861572266,-0.5143000483512878,544382,CCCNC(=O)C1CCCN(c2nc(C)nc3oc(C)c(C)c23)C1,2.8906600000000013,CCCN1C(=O)CCCN1C1=NC(C)=NCOC(C)=C(C)C1,True,2.724400000000001,-0.1662600000000003,0.17073170731707318,False,True
1.0,bin,3,-0.5795501172542572,-0.6448001861572266,-0.5143000483512878,550049,Cc1ccc(C)c(OCC(=O)Nc2cccc(-n3cnnc3)c2)c1,2.9016400000000013,O=C(COc1cccc(-n2cnnc2)c1)Nc1cccc(F)c1,True,2.4238999999999997,-0.4777400000000016,0.5892857142857143,False,True
1.0,bin,3,-0.5795501172542572,-0.6448001861572266,-0.5143000483512878,573533,Cc1nn(-c2ncc(C(F)(F)F)cc2Cl)c(=O)o1,2.2011199999999995,COC=C(Cl)C=C(Nc1nnc(C)o1)C(=N)Cl,True,2.6164900000000006,0.4153700000000011,0.171875,False,True
1.0,bin,3,-0.5795501172542572,-0.6448001861572266,-0.5143000483512878,582555,O=C(NCC(O)c1ccccc1)c1ccc2c(=O)n3c(nc2c1)CCC3,1.8061000000000003,C=CCc1nc(CC(=O)NCC(O)c2ccc(C=CC)cc2F)cc(=O)[nH]1,True,2.0629,0.2567999999999997,0.1935483870967742,False,True
1.0,bin,3,-0.5795501172542572,-0.6448001861572266,-0.5143000483512878,588547,Cc1n[nH]c(C)c1NC(=O)CCc1ccc(Cl)cc1Cl,3.9046400000000023,Cc1n[nH]c(C)c1NC(=O)CCc1ccc(Cl)cc1,True,3.251240000000002,-0.6534000000000004,0.7021276595744681,False,True
1.0,bin,3,-0.5795501172542572,-0.6448001861572266,-0.5143000483512878,607673,CCCN(CC1CC1)S(=O)(=O)c1ccccc1F,2.636400000000001,CCN(CC1CC1)S(=O)(=O)c1ccccc1C(=O)N(C)C,True,1.8090000000000002,-0.8274000000000008,0.5,False,True
1.0,bin,3,-0.5795501172542572,-0.6448001861572266,-0.5143000483512878,617681,Cc1cc(C(=O)Nc2nc(-c3ccncc3)cs2)nn1C(C)C,3.5432200000000016,CCn1nc(C(=O)Nc2nc(-c3ccncc3)cs2)cc1C,True,2.9822200000000016,-0.5609999999999999,0.7037037037037037,False,False
1.0,bin,3,-0.5795501172542572,-0.6448001861572266,-0.5143000483512878,650267,COc1ccc2oc(C(=O)NC3CCCCNC3=O)c(C)c2c1,2.14832,O=C(NC1CCCCN1)c1oc2ccccc2c1CO,True,1.7544999999999997,-0.3938200000000003,0.37681159420289856,False,True
1.0,bin,3,-0.5795501172542572,-0.6448001861572266,-0.5143000483512878,668639,Cc1cc(NC(=O)c2ccccc2Cl)ncc1N,2.8779200000000005,CC1CC(C(=O)Nc2ccc(N)cn2)=CC=CO1,True,1.8512,-1.0267200000000005,0.2857142857142857,False,True
1.0,bin,3,-0.5795501172542572,-0.6448001861572266,-0.5143000483512878,673160,CCC(=O)Nc1ccc2oc(C(F)(F)F)cc(=O)c2c1,3.160300000000001,CC(C)C(=O)NC=C1C=c2oc(C(=O)N(C)C)cc(=O)c2=C1,True,-0.42769999999999886,-3.588,0.17142857142857143,False,True
1.0,bin,3,-0.5795501172542572,-0.6448001861572266,-0.5143000483512878,711169,Cc1cccc(C(C)C)c1NC(=O)N(C)Cc1ccncc1,4.177320000000003,Cc1c(Cl)cccc1NC(=O)N(C)Cc1ccncc1,True,3.707320000000002,-0.47000000000000064,0.5576923076923077,False,True
1.0,bin,3,-0.5795501172542572,-0.6448001861572266,-0.5143000483512878,720969,Cc1noc(C)c1CCC(=O)OCC(=O)N1c2ccccc2CC1C,2.7450400000000013,Cc1noc(C)c1CCC(=O)OCC(=O)N1c2ccccc2CC1O,True,1.67494,-1.0701000000000012,0.8245614035087719,False,True
1.0,bin,3,-0.5795501172542572,-0.6448001861572266,-0.5143000483512878,730789,COC(=O)C1CCN(C(=O)c2cc3ccc(F)cc3nc2C)CC1,2.7075200000000006,Cc1nc2ccccc2cc1C(=O)N1CCC(CC(N)=O)CC1,True,2.2708200000000005,-0.4367000000000001,0.48333333333333334,False,True
1.0,bin,3,-0.5795501172542572,-0.6448001861572266,-0.5143000483512878,738178,Cc1ccc(-n2ccnc2SCc2nc(C3CC3)no2)cc1C,4.041840000000003,Fc1ccccc1-n1ccnc1SCc1nc(C2CC2)no1,True,3.5641000000000016,-0.4777400000000016,0.6206896551724138,False,True
1.0,bin,3,-0.5795501172542572,-0.6448001861572266,-0.5143000483512878,771897,COc1ccccc1OCC(=O)N(C)Cc1sccc1C,3.102520000000002,Cc1ccccc1OCC(=O)N(C)Cc1cccs1,True,3.0939200000000016,-0.008600000000000385,0.5686274509803921,False,True
1.0,bin,3,-0.5795501172542572,-0.6448001861572266,-0.5143000483512878,811446,COC(=O)C1(NC(=O)c2cc(Br)c[nH]2)CCCCCC1,2.7730000000000006,CCCCC(NC(=O)c1cc(N)cn1CC)C(=O)OC,True,1.5518,-1.2212000000000005,0.17647058823529413,False,True
1.0,bin,3,-0.5795501172542572,-0.6448001861572266,-0.5143000483512878,848291,CCC(C)NC(=O)NCc1noc(-c2cccs2)n1,2.3958000000000004,CCC(=O)NCc1noc(-c2cccs2)n1,True,1.8242999999999998,-0.5715000000000006,0.6862745098039216,False,True
1.0,bin,3,-0.5795501172542572,-0.6448001861572266,-0.5143000483512878,863440,COc1ccc(-c2nc(CCCO)cs2)cc1OC,2.752200000000001,COc1ccc(-c2nc(CCO)cs2)cc1OC,True,2.3621000000000008,-0.39010000000000034,0.85,False,False
1.0,bin,3,-0.5795501172542572,-0.6448001861572266,-0.5143000483512878,864663,N#Cc1ccc(-c2cc(F)ccc2F)nc1N1CCCC1,3.498680000000002,N#Cc1c(-c2ccc(F)cc2)cccc1N1CCCC1,True,3.9645800000000024,0.4659000000000004,0.3584905660377358,False,True
1.0,bin,3,-0.5795501172542572,-0.6448001861572266,-0.5143000483512878,872100,CCc1cccc(C)c1NCC(O)c1ccc2c(c1)OCCO2,3.474120000000002,COc1ccc(F)cc1NCC(O)c1ccc2c(c1)OCCO2,True,2.7510000000000012,-0.7231200000000007,0.48333333333333334,False,True
1.0,bin,3,-0.5795501172542572,-0.6448001861572266,-0.5143000483512878,886334,COc1ccc(C(=O)N2CCCC(C(=O)N3CCCCC3)C2)c(O)c1,2.2655000000000003,CC1CCN(C(=O)C2CCCN(C(=O)c3cccc(O)c3O)C2)C1,True,1.8183999999999998,-0.4471000000000005,0.5263157894736842,False,True
1.0,bin,3,-0.5795501172542572,-0.6448001861572266,-0.5143000483512878,887387,COCCNC(=O)N(Cc1cccc(F)c1)CC1CCCO1,2.1627,CS(=O)(=O)N(Cc1ccc(F)cc1)CC1CCCO1,True,1.7663,-0.3964000000000001,0.4,False,True
1.0,bin,3,-0.5795501172542572,-0.6448001861572266,-0.5143000483512878,889149,N#Cc1ccc(NC(=O)c2ccc(Br)cc2Cl)nc1,3.621480000000001,COc1cc(C)c(C(=O)Nc2ccc(C#N)cn2)cc1OC,True,2.531200000000001,-1.09028,0.5370370370370371,False,True
1.0,bin,3,-0.5795501172542572,-0.6448001861572266,-0.5143000483512878,913483,O=C(CNC(=O)NCCc1c(Cl)cccc1Cl)NC1CC1,2.1137000000000006,Cc1cc(Br)ccc1CCNC(=O)NCC(=O)NC1CC1,True,1.8778199999999996,-0.23588000000000098,0.5283018867924528,False,True
1.0,bin,3,-0.5795501172542572,-0.6448001861572266,-0.5143000483512878,917620,C=CCN(Cc1ccccc1OC)C(=O)c1csc(C)n1,3.288520000000002,C#CCN(Cc1ccc(F)cc1)C(=O)c1csc(CO)n1,True,2.0501,-1.2384200000000019,0.2898550724637681,False,True
1.0,bin,3,-0.5795501172542572,-0.6448001861572266,-0.5143000483512878,918312,CCOc1ccc(Cl)c(C(=O)N2CCN(c3ncccn3)CC2)n1,1.8860999999999997,CSc1ccc(C(=O)N2CCN(c3ncc(F)cn3)CC2)nc1,True,1.695,-0.1910999999999996,0.328125,False,True
1.0,bin,3,-0.5795501172542572,-0.6448001861572266,-0.5143000483512878,922879,CC(=O)c1ccc(N2CCN(Cc3c(F)cccc3F)CC2)cc1,3.489600000000003,COc1ccc(N2CCN(Cc3cccc(OC)c3)CC2)cc1,True,3.0260000000000016,-0.46360000000000134,0.38461538461538464,False,True
1.0,bin,3,-0.5795501172542572,-0.6448001861572266,-0.5143000483512878,927535,COc1cc(CN2CCN(c3ccccc3F)CC2)ccc1O,2.862100000000002,NC(=O)c1ccccc1N1CCN(Cc2ccccc2)CC1,True,2.1077000000000004,-0.7544000000000017,0.38181818181818183,False,True
1.0,bin,3,-0.5795501172542572,-0.6448001861572266,-0.5143000483512878,927567,Cc1ccccc1N1CCN(Cc2cccc(O)c2)CC1,3.022820000000001,OCc1cccc(CN2CCN(c3cccc(O)c3)CC2)c1,True,2.2066999999999997,-0.8161200000000015,0.5434782608695652,False,True
1.0,bin,3,-0.5795501172542572,-0.6448001861572266,-0.5143000483512878,938108,CC(c1ccccc1)N(C)C(=O)CCC(=O)Nc1nccs1,3.0814000000000012,Cc1cnc(NC(=O)CCC(=O)NCc2cccc(O)c2)s1,True,2.19222,-0.8891800000000014,0.29411764705882354,False,True
1.0,bin,3,-0.5795501172542572,-0.6448001861572266,-0.5143000483512878,943303,CN(CCCOc1ccccc1)C(=O)Nc1cccc2c1OCCO2,3.390600000000002,C=CC=CC=COCC(O)CNC=O,True,0.3658,-3.0248000000000017,0.07042253521126761,False,True
1.0,bin,3,-0.5795501172542572,-0.6448001861572266,-0.5143000483512878,946289,CC(NC(=O)C1(c2cc(-c3ccco3)on2)CC1)c1ccccc1,3.843600000000002,C=CC(=CC=COC)CNC(=O)C(C)c1cc(-c2ccco2)on1,True,3.426800000000002,-0.4168000000000003,0.33766233766233766,False,True
1.0,bin,3,-0.5795501172542572,-0.6448001861572266,-0.5143000483512878,994077,Cc1nnc(Cn2c(-c3cccc(Br)c3)noc2=O)o1,2.0055199999999997,COc1ccc(-c2nnc(Cn3c(C)noc3=O)o2)c(OC)c1,True,1.26022,-0.7452999999999999,0.390625,False,True
1.0,bin,3,-0.5795501172542572,-0.6448001861572266,-0.5143000483512878,1065620,O=C(NCc1cccnc1Oc1ccccc1)c1cccnc1,3.198900000000002,CN(Cc1ncccc1C(=O)NCc1cccnc1)c1ccc(N)cc1,True,2.6252000000000004,-0.5737000000000014,0.3188405797101449,False,True
1.0,bin,3,-0.5795501172542572,-0.6448001861572266,-0.5143000483512878,1093926,CN(C(=O)CNc1cccc(OCC2CCCO2)c1)c1ccccc1,3.319300000000002,O=C(CNc1cccc(OCC2CCCO2)c1)Nc1ccccc1,True,3.2950000000000017,-0.02430000000000021,0.7068965517241379,False,False
1.0,bin,3,-0.5795501172542572,-0.6448001861572266,-0.5143000483512878,1107920,CCc1ccc(-n2cc(C(=O)NC(C)c3ccccc3)nn2)cc1,3.320700000000002,COc1ccc(CN(C)C(=O)c2cn(-c3ccccc3F)nn2)cc1,True,2.6872000000000007,-0.6335000000000015,0.3142857142857143,False,True
1.0,bin,3,-0.5795501172542572,-0.6448001861572266,-0.5143000483512878,1113130,CC(NC(=O)Cn1nnnc1C(C)(C)C)c1cccc2ccccc12,3.0012000000000016,CC1=CC=Cc2ccccc2CCC(C)c2nnnn2CC(=O)N1,True,2.456199999999999,-0.5450000000000026,0.17073170731707318,False,True
1.0,bin,3,-0.5795501172542572,-0.6448001861572266,-0.5143000483512878,1121751,COC(=O)Cn1ccc(NS(=O)(=O)c2ccc(F)c(F)c2F)n1,1.2742,COC(=O)Cn1ccc(NS(=O)(=O)c2cc(F)cc(F)c2)n1,True,1.1351,-0.1391,0.6538461538461539,False,True
1.0,bin,3,-0.5795501172542572,-0.6448001861572266,-0.5143000483512878,1142531,CCOC(C)C(=O)NCCc1csc(-c2ccc(C)cc2)n1,3.2022200000000014,COC(=O)N(C)CC(=O)NCc1csc(-c2ccc(C)cc2)n1,True,2.43292,-0.7693000000000012,0.47540983606557374,False,True
1.0,bin,3,-0.5795501172542572,-0.6448001861572266,-0.5143000483512878,1212157,CN(Cc1ccc(F)c(F)c1)C(=O)c1cncc(-c2cnn(C)c2)c1,3.0325000000000015,C=C(C=NC=CC(=O)N(C)CC1=CC=COC1)c1cnn(C)c1,True,1.9465000000000001,-1.0860000000000014,0.25609756097560976,False,True
1.0,bin,3,-0.5795501172542572,-0.6448001861572266,-0.5143000483512878,1215394,CCn1nc(C)cc1C(=O)Oc1cccc(NC(=O)C(C)C)c1,3.025120000000001,CCOC(=O)Nc1ccc(OC(=O)c2cc(C)nn2C)cc1,True,2.516120000000001,-0.5090000000000003,0.43548387096774194,False,True
1.0,bin,3,-0.5795501172542572,-0.6448001861572266,-0.5143000483512878,1232922,CC(C)(C)OC(=O)NC1CCCN(S(=O)(=O)N2CCOCC2)C1,0.5525000000000011,CC(C)(C)OC(=O)NC1CCN(S(=O)(=O)N2CCOCC2)CC1,True,0.5525000000000011,0.0,0.7555555555555555,False,True
1.0,bin,3,-0.5795501172542572,-0.6448001861572266,-0.5143000483512878,1238973,FC(F)(F)c1cnc(N2CCn3c(nnc3C3CC3)C2)c(Cl)c1,3.2429000000000023,FC(F)(F)C1=CN=C2NC(Cn3cnnc3C3CC3)C2N=C1,True,1.4249999999999998,-1.8179000000000025,0.22666666666666666,False,True
1.0,bin,3,-0.5795501172542572,-0.6448001861572266,-0.5143000483512878,1299495,Cc1cc(CC(=O)N2CCCC2C(C#N)c2ccccc2)no1,2.823900000000001,N#Cc1cc(CC(=O)N2CCCC(N)Cc3ccccc32)on1,True,1.7855799999999995,-1.0383200000000015,0.3333333333333333,False,True
1.0,bin,3,-0.5795501172542572,-0.6448001861572266,-0.5143000483512878,1309906,CC(C)CC(NC(=O)c1cc(=O)c2ccccc2o1)C(=O)OC(C)C,2.8891000000000018,CC(C)CC(=O)NCCNC(=O)c1cc(=O)c2ccccc2o1,True,1.6850999999999992,-1.2040000000000026,0.5357142857142857,False,True
1.0,bin,3,-0.5795501172542572,-0.6448001861572266,-0.5143000483512878,1362816,COCc1cccc(C(=O)NC2CC2c2cccc(Cl)c2)c1,3.772300000000002,Nc1cccc(C(=O)NC2CC2c2ccc(F)c(Cl)c2)c1,True,3.3472000000000017,-0.4251000000000005,0.5,False,True
1.0,bin,3,-0.5795501172542572,-0.6448001861572266,-0.5143000483512878,1441838,COCC(=O)NC(C(=O)Nc1cccc(-c2nccs2)c1)C(C)C,2.5358,CCCNC(=O)CNC(=O)Nc1ccc(-c2nccs2)cc1,True,2.4577999999999998,-0.07800000000000029,0.38235294117647056,False,False
1.0,bin,3,-0.5795501172542572,-0.6448001861572266,-0.5143000483512878,1450449,CCCNC(=O)CSc1nc2c(cc1C#N)CCCC2,2.450380000000001,C#CCNC(=O)CSc1nc2c(cc1C#N)CCCC2,True,1.67358,-0.7768000000000008,0.7692307692307693,False,True
1.0,bin,3,-0.5795501172542572,-0.6448001861572266,-0.5143000483512878,1451910,O=S(=O)(NCc1nnc2ccccn12)c1ccc(F)c(F)c1,1.4859999999999995,N#Cc1ccc(S(=O)(=O)NCc2nnc3ccccn23)cc1,True,1.07948,-0.40651999999999955,0.6470588235294118,False,False
1.0,bin,3,-0.5795501172542572,-0.6448001861572266,-0.5143000483512878,1479798,Cc1nc(C)c(CCC(=O)N(CC(C)C)CC(F)(F)F)c(=O)[nH]1,2.3662400000000003,CCN(CC)C(=O)CCc1c(C)nc(C(F)(F)F)[nH]c1=O,True,1.8981199999999998,-0.46812000000000054,0.5370370370370371,False,True
1.0,bin,3,-0.5795501172542572,-0.6448001861572266,-0.5143000483512878,1507926,COC(=O)C(C)NC(=O)Cc1csc(-c2ccccc2Cl)n1,2.6837,NC(=O)CCCNC(=O)c1nc(-c2ccccc2Cl)cs1,True,2.4588,-0.22489999999999988,0.35384615384615387,False,True
1.0,bin,3,-0.5795501172542572,-0.6448001861572266,-0.5143000483512878,1527882,Nc1ncccc1C(=O)Nc1ccc2cn[nH]c2c1,1.7923999999999998,NC(=O)Nc1cccc(NC(=O)c2ccc3[nH]ncc3c2)c1,True,2.3058000000000005,0.5134000000000007,0.43859649122807015,False,True
1.0,bin,3,-0.5795501172542572,-0.6448001861572266,-0.5143000483512878,1532848,COc1ccc(-c2ccc3c(=O)[nH]cnc3c2)cc1Cl,3.2521000000000013,COc1cc(OC)c(-c2ccc3nc[nH]c(=O)c3c2)cc1OC,True,2.615900000000001,-0.6362000000000005,0.5306122448979592,False,True
1.0,bin,3,-0.5795501172542572,-0.6448001861572266,-0.5143000483512878,1548351,COc1cc(OC)c2c(c1)C(c1cnccn1)NCC2,1.7288999999999999,CN(C)S(=O)(=O)c1ccc2c(c1)CCNC2c1cnccn1,True,0.9619999999999997,-0.7669000000000001,0.43333333333333335,False,True
1.0,bin,3,-0.5795501172542572,-0.6448001861572266,-0.5143000483512878,1570134,COc1cccc(C(C)N2CCN(C(=O)c3ccc(O)cc3)CC2)c1,2.9198000000000013,C=CN(CCNC(C)c1ccc(C(=O)N(C)C)cc1)C(=O)c1ccccc1,True,3.324900000000002,0.4051000000000009,0.19718309859154928,False,True
1.0,bin,3,-0.5795501172542572,-0.6448001861572266,-0.5143000483512878,1611406,CC(C)(C)N1CC(NC(=O)C2COc3ccc(F)cc3C2)CC1=O,1.8923999999999994,CN1CC(NC(=O)C2COc3ccc(Br)cc3C2)CC1=O,True,1.3470999999999995,-0.5452999999999999,0.5901639344262295,False,True
1.0,bin,3,-0.5795501172542572,-0.6448001861572266,-0.5143000483512878,1612684,CCCC1CN(C(=O)Nc2ccn(CCC(C)C)n2)CCO1,2.9620000000000015,CCCC1CN(C(=O)Nc2ccn(CC(F)F)n2)CCO1,True,2.181,-0.7810000000000015,0.7719298245614035,False,False
1.0,bin,3,-0.5795501172542572,-0.6448001861572266,-0.5143000483512878,1639675,CCC(CC)c1nnc(NC(=O)c2scnc2C2CC2)s1,4.0279000000000025,CC(C)(C)c1nnc(NC(=O)c2scnc2C2CC2)s1,True,3.421800000000002,-0.6061000000000005,0.6666666666666666,False,False
1.0,bin,3,-0.5795501172542572,-0.6448001861572266,-0.5143000483512878,1675660,COc1ccnc(NC(=O)c2cccc(Cl)c2)c1,2.9959000000000007,COc1cccc(C(=O)Nc2cc(N(C)C)ncn2)c1OC,True,1.8120999999999998,-1.1838000000000009,0.3442622950819672,False,True
1.0,bin,3,-0.5795501172542572,-0.6448001861572266,-0.5143000483512878,1689728,CCc1noc(CSc2ncnc3sc(C)cc23)n1,3.237420000000002,Cc1noc(CSc2ncnc3sc(C)cc23)n1,True,2.9834400000000016,-0.2539800000000003,0.7659574468085106,False,False
1.0,bin,3,-0.5795501172542572,-0.6448001861572266,-0.5143000483512878,1720876,CC(C)(C)CC(=O)NCC(=O)Nc1ccc2c(c1)COC2,2.2077,C=CCN(CC=C)C(=O)CNc1ccc2c(c1)COC2,True,2.3293,0.12159999999999993,0.41818181818181815,False,True
1.0,bin,3,-0.5795501172542572,-0.6448001861572266,-0.5143000483512878,1757109,CC(C)Cc1ncc(CNc2ccc3c(c2)COC3)s1,3.983900000000003,FC(F)Cc1nc(CNc2ccc3c(c2)COC3)cs1,True,3.5930000000000017,-0.39090000000000114,0.49122807017543857,False,True
1.0,bin,3,-0.5795501172542572,-0.6448001861572266,-0.5143000483512878,1774061,O=C1NCCCc2[nH]c(-c3cccc4[nH]ccc34)nc21,2.234,C=CC(C([NH])=CN=C(NC=O)NCCC(=O)NC)c1ccccc1,True,0.9082000000000006,-1.3257999999999994,0.056818181818181816,False,True
1.0,bin,3,-0.5795501172542572,-0.6448001861572266,-0.5143000483512878,1800687,Cc1nn(C)c(-c2nc(-c3cccnn3)no2)c1Cl,1.8889199999999997,Cc1nn(C)c(-c2nc(-c3cccnn3)no2)c1C,True,1.5439399999999996,-0.34498000000000006,0.7777777777777778,False,True
1.0,bin,3,-0.5795501172542572,-0.6448001861572266,-0.5143000483512878,1815867,FC(F)(F)c1ccc(CN2CCOCC2c2ncon2)cc1,2.661900000000001,Fc1cccc(CN2CCOCC2c2ncon2)c1F,True,1.9212999999999998,-0.7406000000000013,0.5892857142857143,False,True
1.0,bin,3,-0.5795501172542572,-0.6448001861572266,-0.5143000483512878,1828580,Cc1ccc(N2CC3OCC(=O)N(Cc4cccc(F)c4)C3C2)nn1,1.54032,CC1=C2C=C(CC=C1)NCC(=O)NCC2NCCOc1ccc(N)nn1,True,0.2755000000000013,-1.2648199999999985,0.14893617021276595,False,True
1.0,bin,3,-0.5795501172542572,-0.6448001861572266,-0.5143000483512878,1836183,CCc1ccc(C(=O)NCc2nccc(N(C)C)n2)cc1,2.035,CN(C)c1nccc(CNC(=O)c2cccc(O)c2)n1,True,1.1782,-0.8568000000000002,0.40350877192982454,False,True
1.0,bin,3,-0.5795501172542572,-0.6448001861572266,-0.5143000483512878,1842499,COc1ccccc1COc1ccccc1-c1cnn(CCO)c1,3.1300000000000017,N#Cc1cccc(Cn2cc(COc3cccc(C(N)=O)c3)cn2)c1,True,2.4809800000000006,-0.649020000000001,0.21052631578947367,False,True
1.0,bin,3,-0.5795501172542572,-0.6448001861572266,-0.5143000483512878,1865564,COC(CNC(=O)c1ccoc1)c1cccc(F)c1,2.536200000000001,COc1ccc(C(O)CNC(=O)c2ccoc2C)cc1,True,2.0600199999999997,-0.47618000000000116,0.2923076923076923,False,True
1.0,bin,3,-0.5795501172542572,-0.6448001861572266,-0.5143000483512878,1868773,CCCOc1ccc(Cl)c2c1CCNC2C1CC(=O)C1,3.2947000000000015,COc1ccc(Br)c2c1C(C1CC1=O)NCC2,True,2.2335000000000003,-1.0612000000000013,0.36666666666666664,False,True
1.0,bin,3,-0.5795501172542572,-0.6448001861572266,-0.5143000483512878,1873123,CCC1OC(=O)c2c(OC)ccc(Br)c21,3.079200000000002,CCOc1ccc(Br)cc1OC(C)C=O,True,2.814000000000001,-0.265200000000001,0.2222222222222222,False,True
1.0,bin,3,-0.5795501172542572,-0.6448001861572266,-0.5143000483512878,1875028,Cc1cccc(C)c1NCC(=O)N1CCCC2CCCCC21,3.8965400000000034,COC1=CC=C(NCC(=O)NCCC2CCCCC2C)C1OC,True,2.3514,-1.5451400000000035,0.2112676056338028,False,True
1.0,bin,3,-0.5795501172542572,-0.6448001861572266,-0.5143000483512878,1895921,CCC(CC)N(C)C(=O)CC1OC(=O)c2ccccc21,2.935200000000002,CCCN(C)C(=O)CC1OC(=O)c2cc(C)ccc21,True,2.46502,-0.4701800000000018,0.49056603773584906,False,True
1.0,bin,3,-0.5795501172542572,-0.6448001861572266,-0.5143000483512878,1907077,Cc1ccc2[nH]nc(C(=O)Nc3nc(-c4ccco4)cs3)c2c1,3.8401200000000015,O=C(Nc1nc(-c2ccco2)cs1)c1n[nH]c2ccccc12,True,3.5317000000000007,-0.3084200000000008,0.7636363636363637,False,False
1.0,bin,3,-0.5795501172542572,-0.6448001861572266,-0.5143000483512878,1913063,Cc1nn(C)c(C)c1CN(C(=O)c1cn2cccc(C)c2n1)C1CC1,2.797860000000001,COCCn1ncc(C(=O)N(Cc2cn3ccccc3n2)C2CC2)c1C,True,2.29042,-0.5074400000000008,0.375,False,True
1.0,bin,3,-0.5795501172542572,-0.6448001861572266,-0.5143000483512878,1922265,CN(CCNC(=O)c1ccc2c(c1)ncn2C)c1ccccc1,2.4395000000000007,O=C1C=CC(O)=Cc2cccc3ncn(c23)CCN1,True,1.6211999999999998,-0.8183000000000009,0.17333333333333334,False,True
1.0,bin,4,-0.4522000253200531,-0.5143000483512878,-0.39010000228881836,32052,COc1ccccc1CNC(=O)Cc1c[nH]c2ccccc12,3.035400000000001,O=C(Cc1c[nH]c2ccccc12)NCc1ccccc1CO,True,2.5191000000000012,-0.5162999999999998,0.7045454545454546,False,True
1.0,bin,4,-0.4522000253200531,-0.5143000483512878,-0.39010000228881836,116747,COCCSc1ccccc1C(=O)Nc1cccc(C)n1,3.3808200000000017,CC(=O)Oc1ccccc1C(=O)Nc1cccc(C)n1,True,2.5676200000000007,-0.813200000000001,0.5490196078431373,False,False
1.0,bin,4,-0.4522000253200531,-0.5143000483512878,-0.39010000228881836,131060,CS(=O)(=O)NCCc1csc(-c2ccc(F)cc2)n1,2.0408999999999997,CS(=O)(=O)NCCc1csc(-c2ccc(F)cc2)n1,True,2.0408999999999997,0.0,1.0,True,False
1.0,bin,4,-0.4522000253200531,-0.5143000483512878,-0.39010000228881836,131949,CCc1c(C)nc(SCC(=O)NC(C)C)[nH]c1=O,1.25742,CCNC(=O)CSc1nc(C)c(CC)c(=O)[nH]1,True,0.8689200000000001,-0.38849999999999985,0.7272727272727273,False,True
1.0,bin,4,-0.4522000253200531,-0.5143000483512878,-0.39010000228881836,158879,COc1ccc(CC(=O)OCC(=O)c2c[nH]c3ccccc23)cc1,3.145100000000001,Nc1ccc2[nH]cc(C(=O)OCC(=O)Cc3ccc(O)cc3)c2c1,True,2.4243000000000006,-0.7208000000000006,0.359375,False,True
1.0,bin,4,-0.4522000253200531,-0.5143000483512878,-0.39010000228881836,232056,COCCNC(=O)c1cc(=O)c2cc(C)ccc2o1,1.4776199999999993,COC(=O)CCNC(=O)c1cc(=O)c2ccccc2o1,True,1.0858999999999999,-0.3917199999999994,0.5686274509803921,False,False
1.0,bin,4,-0.4522000253200531,-0.5143000483512878,-0.39010000228881836,235788,O=C(Cn1nc(-c2ccco2)oc1=O)NCC(F)(F)F,0.7747999999999999,CC(C)(C)NC(=O)Cn1nc(-c2ccco2)oc1=O,True,1.011,0.23619999999999997,0.6862745098039216,False,True
1.0,bin,4,-0.4522000253200531,-0.5143000483512878,-0.39010000228881836,236081,CC(=O)c1c(C)[nH]c(C(=O)CSc2nc(C(C)C)n[nH]2)c1C,3.0506400000000014,CC(=O)c1c(C)[nH]c(C(=O)CSc2nc(C(F)(F)F)n[nH]2)c1C,True,2.946040000000001,-0.10460000000000047,0.6730769230769231,False,True
1.0,bin,4,-0.4522000253200531,-0.5143000483512878,-0.39010000228881836,281081,O=C(Cn1cccn1)NCc1cccnc1Oc1ccc(F)cc1F,2.665000000000001,C=CC=COc1ncccc1NCC(=O)NCc1ccncc1,True,2.2834000000000003,-0.3816000000000006,0.2692307692307692,False,True
1.0,bin,4,-0.4522000253200531,-0.5143000483512878,-0.39010000228881836,284170,COc1ccc(-c2nc(CC(=O)Nc3cccc(C)n3)cs2)cc1,3.7033200000000024,O=C(Cc1csc(-c2ccc(O)cc2)n1)Nc1ccccn1,True,3.0919,-0.6114200000000025,0.5517241379310345,False,True
1.0,bin,4,-0.4522000253200531,-0.5143000483512878,-0.39010000228881836,288369,Cc1ccc(NCc2nnc3n2CCCCC3)cc1C,3.2334400000000016,Fc1ccc(NCc2nnc3n2CCCCC3)cc1,True,2.755700000000001,-0.4777400000000007,0.6739130434782609,False,False
1.0,bin,4,-0.4522000253200531,-0.5143000483512878,-0.39010000228881836,302889,COc1ccc(OC)c(NC(=O)CCNC(=O)c2cccs2)c1,2.5239000000000003,NC(=O)c1ccc(NC(=O)CCNC(=O)c2cccs2)cc1,True,1.605599999999999,-0.9183000000000012,0.5087719298245614,False,False
1.0,bin,4,-0.4522000253200531,-0.5143000483512878,-0.39010000228881836,327141,COc1ccc(OC)c(S(=O)(=O)Nc2ccn(C)n2)c1,1.2381,Cn1ccc(NS(=O)(=O)c2cccc(C#N)c2)n1,True,1.0925799999999999,-0.1455200000000001,0.4444444444444444,False,True
1.0,bin,4,-0.4522000253200531,-0.5143000483512878,-0.39010000228881836,327382,CNC(=O)C1CN(C(=O)c2c(C)noc2C)c2ccccc2O1,1.4452399999999996,Cc1noc(C)c1C(=O)N1CC(C(N)=O)Oc2ccccc21,True,1.1845399999999995,-0.26070000000000015,0.78,False,True
1.0,bin,4,-0.4522000253200531,-0.5143000483512878,-0.39010000228881836,406491,COCCNC(=O)C1CCCN(S(=O)(=O)N2CCOCC2)C1,-0.9619999999999964,NC(=O)C1CCCCN1S(=O)(=O)N1CCOCC1,True,-1.0967999999999982,-0.1348000000000018,0.35714285714285715,False,True
1.0,bin,4,-0.4522000253200531,-0.5143000483512878,-0.39010000228881836,413951,O=C(Cn1ncn2cccc2c1=O)N1CCCCCC1,0.8985999999999996,O=C(Cn1ncn2cccc2c1=O)N1CCC(O)CC1,True,-0.5207000000000004,-1.4193,0.7608695652173914,False,True
1.0,bin,4,-0.4522000253200531,-0.5143000483512878,-0.39010000228881836,427929,CCNc1nc(NCc2ccccc2Cl)c2cnn(C)c2n1,3.060600000000001,Fc1ccc(CNC2=CC=NNCC=NC2)c(Cl)c1,True,2.1124,-0.9482000000000008,0.1891891891891892,False,True
1.0,bin,4,-0.4522000253200531,-0.5143000483512878,-0.39010000228881836,447130,CCC(NC(=O)C1CCN(C(=O)C2CC2)CC1)c1ccc(C)cc1,3.2109200000000016,CC1CCN(CCO)CC(=O)NC(c2ccc(F)cc2)C2CC12,True,1.9531999999999994,-1.2577200000000022,0.17333333333333334,False,True
1.0,bin,4,-0.4522000253200531,-0.5143000483512878,-0.39010000228881836,481908,CCNS(=O)(=O)c1ccc(C)c(C(=O)Nc2ncccc2C)c1,2.24894,CC1=CC=CS(=O)(=O)NCC1C(=O)Nc1cc(C)ccn1,True,1.33772,-0.9112200000000001,0.2,False,True
1.0,bin,4,-0.4522000253200531,-0.5143000483512878,-0.39010000228881836,485220,Cc1nn(CC(=O)N2CCN(C)CC2)c(C)c1Br,1.03644,Cc1nn(CC(=O)N2CCN(C(=O)N(C)C)CC2)c(C)c1Br,True,1.0882400000000003,0.05180000000000029,0.7317073170731707,False,True
1.0,bin,4,-0.4522000253200531,-0.5143000483512878,-0.39010000228881836,526363,Cc1nnc(SCC(=O)Nc2ccc(O)cc2)n(N)c1=O,0.09692,Nn1c(SCC(=O)Nc2ccc(O)cc2)nncc1=O,True,-0.21150000000000002,-0.30842,0.66,False,False
1.0,bin,4,-0.4522000253200531,-0.5143000483512878,-0.39010000228881836,536853,COc1ccc(C2CCCN2C(=O)C2CCC2)c(OC)c1,3.1674000000000015,CS(=O)(=O)c1ccc(C2CCCN2C(=O)C2CCC2)cc1,True,2.553700000000001,-0.6137000000000006,0.4716981132075472,False,True
1.0,bin,4,-0.4522000253200531,-0.5143000483512878,-0.39010000228881836,540312,Cc1nn(C)c2nc(C3CC3)cc(C(=O)NCC(=O)NC(C)(C)C)c12,1.7986199999999997,CCNC(=O)C(C)NC(=O)c1cc(C2CC2)nc2c1c(C)nn2C,True,1.408519999999999,-0.39010000000000056,0.6031746031746031,False,True
1.0,bin,4,-0.4522000253200531,-0.5143000483512878,-0.39010000228881836,544381,Cc1nc(N2CCCC(C(=O)NC(C)C)C2)c2c(C)c(C)oc2n1,2.8890600000000006,Cc1nc(N2CCCC(=O)OCC2)c2c(C)c(C)oc2n1,True,2.29146,-0.5976000000000008,0.48333333333333334,False,True
1.0,bin,4,-0.4522000253200531,-0.5143000483512878,-0.39010000228881836,544382,CCCNC(=O)C1CCCN(c2nc(C)nc3oc(C)c(C)c23)C1,2.8906600000000013,COCCCNC(=O)C1CCN(c2nc(C)nc3oc(C)c(C)c23)CC1,True,2.5171600000000005,-0.37350000000000083,0.609375,False,True
1.0,bin,4,-0.4522000253200531,-0.5143000483512878,-0.39010000228881836,550049,Cc1ccc(C)c(OCC(=O)Nc2cccc(-n3cnnc3)c2)c1,2.9016400000000013,O=C(COc1ccccc1F)Nc1cccc(-n2cnnc2)c1,True,2.4238999999999997,-0.4777400000000016,0.6666666666666666,False,True
1.0,bin,4,-0.4522000253200531,-0.5143000483512878,-0.39010000228881836,573533,Cc1nn(-c2ncc(C(F)(F)F)cc2Cl)c(=O)o1,2.2011199999999995,COC=CC(Cl)(Nc1nc(C)no1)C(=N)Cl,True,2.10119,-0.09992999999999963,0.13432835820895522,False,True
1.0,bin,4,-0.4522000253200531,-0.5143000483512878,-0.39010000228881836,582555,O=C(NCC(O)c1ccccc1)c1ccc2c(=O)n3c(nc2c1)CCC3,1.8061000000000003,CCc1nc2cc(C(=O)NCC(O)c3ccc(F)cc3)ccc2c(=O)[nH]1,True,2.088,0.2818999999999998,0.4507042253521127,False,True
1.0,bin,4,-0.4522000253200531,-0.5143000483512878,-0.39010000228881836,588547,Cc1n[nH]c(C)c1NC(=O)CCc1ccc(Cl)cc1Cl,3.9046400000000023,Cc1n[nH]c(C)c1NC(=O)CCc1ccc(F)c(Cl)c1,True,3.390340000000002,-0.5143000000000004,0.6538461538461539,False,True
1.0,bin,4,-0.4522000253200531,-0.5143000483512878,-0.39010000228881836,607673,CCCN(CC1CC1)S(=O)(=O)c1ccccc1F,2.636400000000001,Cc1ccc(S(=O)(=O)N(CCO)CC2CC2)c(C)c1,True,1.69644,-0.939960000000001,0.45098039215686275,False,True
1.0,bin,4,-0.4522000253200531,-0.5143000483512878,-0.39010000228881836,617681,Cc1cc(C(=O)Nc2nc(-c3ccncc3)cs2)nn1C(C)C,3.5432200000000016,Cc1cc(C(=O)NC2CC=CS2)nn1-c1ccncc1,True,2.2822200000000006,-1.261000000000001,0.3382352941176471,False,True
1.0,bin,4,-0.4522000253200531,-0.5143000483512878,-0.39010000228881836,650267,COc1ccc2oc(C(=O)NC3CCCCNC3=O)c(C)c2c1,2.14832,Nc1c(C(=O)NC2CCCCN2)oc2ccccc12,True,1.8443999999999994,-0.30392000000000063,0.36764705882352944,False,True
1.0,bin,4,-0.4522000253200531,-0.5143000483512878,-0.39010000228881836,668639,Cc1cc(NC(=O)c2ccccc2Cl)ncc1N,2.8779200000000005,O=C(NC1N=CC=CN1)c1ccccc1Br,True,1.6501999999999997,-1.2277200000000008,0.23333333333333334,False,True
1.0,bin,4,-0.4522000253200531,-0.5143000483512878,-0.39010000228881836,673160,CCC(=O)Nc1ccc2oc(C(F)(F)F)cc(=O)c2c1,3.160300000000001,CC(=O)Nc1ccc2oc(C)cc(=O)c2c1C,True,2.36824,-0.7920600000000011,0.2857142857142857,False,True
1.0,bin,4,-0.4522000253200531,-0.5143000483512878,-0.39010000228881836,711169,Cc1cccc(C(C)C)c1NC(=O)N(C)Cc1ccncc1,4.177320000000003,CN(Cc1ccncc1)C(=O)Nc1ccccc1OC(F)(F)F,True,3.6441000000000026,-0.53322,0.46551724137931033,False,False
1.0,bin,4,-0.4522000253200531,-0.5143000483512878,-0.39010000228881836,720969,Cc1noc(C)c1CCC(=O)OCC(=O)N1c2ccccc2CC1C,2.7450400000000013,O=C(OCCC(=O)N1CCCC1)C1CCN2C=CC=CC12,True,1.3160999999999996,-1.4289400000000017,0.14814814814814814,False,True
1.0,bin,4,-0.4522000253200531,-0.5143000483512878,-0.39010000228881836,730789,COC(=O)C1CCN(C(=O)c2cc3ccc(F)cc3nc2C)CC1,2.7075200000000006,COC(=O)C1CCN(C(=O)C=CC=Cc2cc(OC)ccc2OC)CC1,True,2.684800000000001,-0.02271999999999963,0.34782608695652173,False,True
1.0,bin,4,-0.4522000253200531,-0.5143000483512878,-0.39010000228881836,738178,Cc1ccc(-n2ccnc2SCc2nc(C3CC3)no2)cc1C,4.041840000000003,C#CCOc1cccc(-n2ccnc2SCc2nc(C3CC3)no2)c1,True,3.437000000000002,-0.6048400000000012,0.6451612903225806,False,True
1.0,bin,4,-0.4522000253200531,-0.5143000483512878,-0.39010000228881836,771897,COc1ccccc1OCC(=O)N(C)Cc1sccc1C,3.102520000000002,COc1cc(C#N)ccc1OCC(=O)N(C)Cc1sccc1C,True,2.9742000000000015,-0.12832000000000043,0.6981132075471698,False,True
1.0,bin,4,-0.4522000253200531,-0.5143000483512878,-0.39010000228881836,811446,COC(=O)C1(NC(=O)c2cc(Br)c[nH]2)CCCCCC1,2.7730000000000006,COC(=O)C1(NC(=O)c2cc(Br)c[nH]2)CCCCC1,True,2.3829000000000002,-0.39010000000000034,1.0,False,True
1.0,bin,4,-0.4522000253200531,-0.5143000483512878,-0.39010000228881836,848291,CCC(C)NC(=O)NCc1noc(-c2cccs2)n1,2.3958000000000004,CC(C#N)OC(=O)CCc1noc(-c2cccs2)n1,True,2.18598,-0.20982000000000056,0.49206349206349204,False,True
1.0,bin,4,-0.4522000253200531,-0.5143000483512878,-0.39010000228881836,863440,COc1ccc(-c2nc(CCCO)cs2)cc1OC,2.752200000000001,COc1ccc(-c2nc(CC(C)O)cs2)cc1OC,True,2.7506000000000013,-0.0015999999999998238,0.6521739130434783,False,True
1.0,bin,4,-0.4522000253200531,-0.5143000483512878,-0.39010000228881836,864663,N#Cc1ccc(-c2cc(F)ccc2F)nc1N1CCCC1,3.498680000000002,CN(C)C(=O)c1ccc(-c2ccc(C#N)c(N3CCCC3)n2)cc1,True,2.9222800000000015,-0.5764000000000005,0.4642857142857143,False,True
1.0,bin,4,-0.4522000253200531,-0.5143000483512878,-0.39010000228881836,872100,CCc1cccc(C)c1NCC(O)c1ccc2c(c1)OCCO2,3.474120000000002,OC(CNc1cccc(F)c1)c1ccc2c(c1)OCCO2,True,2.742400000000001,-0.731720000000001,0.5555555555555556,False,False
1.0,bin,4,-0.4522000253200531,-0.5143000483512878,-0.39010000228881836,886334,COc1ccc(C(=O)N2CCCC(C(=O)N3CCCCC3)C2)c(O)c1,2.2655000000000003,CN(CCCC(=O)N1CCCC(NC(N)=O)C1)C(=O)c1ccccc1F,True,1.3372000000000004,-0.9282999999999999,0.22784810126582278,False,True
1.0,bin,4,-0.4522000253200531,-0.5143000483512878,-0.39010000228881836,887387,COCCNC(=O)N(Cc1cccc(F)c1)CC1CCCO1,2.1627,COC(=O)CCN(Cc1ccc(O)cc1)CC1CCCO1,True,1.9362999999999997,-0.22640000000000038,0.4264705882352941,False,True
1.0,bin,4,-0.4522000253200531,-0.5143000483512878,-0.39010000228881836,889149,N#Cc1ccc(NC(=O)c2ccc(Br)cc2Cl)nc1,3.621480000000001,COc1cccc(C(=O)Nc2ccc(C#N)cn2)c1OC(C)C,True,3.001380000000002,-0.620099999999999,0.45901639344262296,False,True
1.0,bin,4,-0.4522000253200531,-0.5143000483512878,-0.39010000228881836,913483,O=C(CNC(=O)NCCc1c(Cl)cccc1Cl)NC1CC1,2.1137000000000006,CC(Cc1ccccc1F)NC(=O)NCC(=O)NC1CC1,True,1.3344999999999998,-0.7792000000000008,0.42105263157894735,False,True
1.0,bin,4,-0.4522000253200531,-0.5143000483512878,-0.39010000228881836,917620,C=CCN(Cc1ccccc1OC)C(=O)c1csc(C)n1,3.288520000000002,CCN(Cc1cccc(F)c1)C(=O)c1csc(C)n1,True,3.2529200000000023,-0.03559999999999963,0.41935483870967744,False,True
1.0,bin,4,-0.4522000253200531,-0.5143000483512878,-0.39010000228881836,918312,CCOc1ccc(Cl)c(C(=O)N2CCN(c3ncccn3)CC2)n1,1.8860999999999997,COc1ccnc(N2CCN(C(=O)c3ncccc3Cl)CC2)n1,True,1.496,-0.39009999999999967,0.5892857142857143,False,True
1.0,bin,4,-0.4522000253200531,-0.5143000483512878,-0.39010000228881836,922879,CC(=O)c1ccc(N2CCN(Cc3c(F)cccc3F)CC2)cc1,3.489600000000003,Cc1ccc(CN2CCN(c3cc(N)ccc3F)CC2)cc1,True,3.038520000000002,-0.45108000000000104,0.2982456140350877,False,True
1.0,bin,4,-0.4522000253200531,-0.5143000483512878,-0.39010000228881836,927535,COc1cc(CN2CCN(c3ccccc3F)CC2)ccc1O,2.862100000000002,CNC(=O)c1cccc(CN2CCN(c3ccc(F)c(OC)c3)CC2)c1,True,2.5161000000000007,-0.3460000000000014,0.4375,False,True
1.0,bin,4,-0.4522000253200531,-0.5143000483512878,-0.39010000228881836,927567,Cc1ccccc1N1CCN(Cc2cccc(O)c2)CC1,3.022820000000001,COc1ccc(N2CCN(Cc3cccc(N)c3)CC2)cc1,True,2.5996000000000006,-0.4232200000000006,0.39622641509433965,False,True
1.0,bin,4,-0.4522000253200531,-0.5143000483512878,-0.39010000228881836,938108,CC(c1ccccc1)N(C)C(=O)CCC(=O)Nc1nccs1,3.0814000000000012,CN(Cc1ccc(F)cc1)C(=O)CCC(=O)Nc1nccs1,True,2.6595000000000004,-0.42190000000000083,0.543859649122807,False,True
1.0,bin,4,-0.4522000253200531,-0.5143000483512878,-0.39010000228881836,943303,CN(CCCOc1ccccc1)C(=O)Nc1cccc2c1OCCO2,3.390600000000002,O=C(NCCC1COc2ccccc2O1)Nc1ccccc1,True,3.0382000000000016,-0.35240000000000027,0.2463768115942029,False,True
1.0,bin,4,-0.4522000253200531,-0.5143000483512878,-0.39010000228881836,946289,CC(NC(=O)C1(c2cc(-c3ccco3)on2)CC1)c1ccccc1,3.843600000000002,CC(C(=O)NCc1ccccc1F)c1cc(-c2ccco2)on1,True,3.4936000000000016,-0.35000000000000053,0.39705882352941174,False,True
1.0,bin,4,-0.4522000253200531,-0.5143000483512878,-0.39010000228881836,994077,Cc1nnc(Cn2c(-c3cccc(Br)c3)noc2=O)o1,2.0055199999999997,Cc1nncc(=O)n1Cc1noc(-c2cccc(F)c2)n1,True,1.1841199999999996,-0.8214000000000001,0.38461538461538464,False,True
1.0,bin,4,-0.4522000253200531,-0.5143000483512878,-0.39010000228881836,1065620,O=C(NCc1cccnc1Oc1ccccc1)c1cccnc1,3.198900000000002,CC=COc1ncccc1CNC(=O)Cc1cccnc1,True,2.2479000000000005,-0.9510000000000014,0.4426229508196721,False,True
1.0,bin,4,-0.4522000253200531,-0.5143000483512878,-0.39010000228881836,1093926,CN(C(=O)CNc1cccc(OCC2CCCO2)c1)c1ccccc1,3.319300000000002,O=C(CNc1ccc(O)cc1)Nc1cccc(OCC2CCCO2)c1,True,3.0006000000000013,-0.31870000000000065,0.59375,False,True
1.0,bin,4,-0.4522000253200531,-0.5143000483512878,-0.39010000228881836,1107920,CCc1ccc(-n2cc(C(=O)NC(C)c3ccccc3)nn2)cc1,3.320700000000002,COC=CC=C(C)C(C)NC(=O)c1cn(-c2cccc(F)c2)nn1,True,2.631100000000001,-0.6896000000000013,0.38028169014084506,False,True
1.0,bin,4,-0.4522000253200531,-0.5143000483512878,-0.39010000228881836,1113130,CC(NC(=O)Cn1nnnc1C(C)(C)C)c1cccc2ccccc12,3.0012000000000016,CC(C)(C)c1cc2ccccc2cc1CNC(=O)Cn1cnnn1,True,2.4402,-0.5610000000000017,0.3188405797101449,False,True
1.0,bin,4,-0.4522000253200531,-0.5143000483512878,-0.39010000228881836,1121751,COC(=O)Cn1ccc(NS(=O)(=O)c2ccc(F)c(F)c2F)n1,1.2742,COC(=O)Cn1ccc(NS(=O)(=O)c2ccc(F)cc2OC)n1,True,1.0046,-0.26960000000000006,0.6851851851851852,False,True
1.0,bin,4,-0.4522000253200531,-0.5143000483512878,-0.39010000228881836,1142531,CCOC(C)C(=O)NCCc1csc(-c2ccc(C)cc2)n1,3.2022200000000014,C[SH]1C2=C(C=NC1CCNS(C)(=O)=O)CCC=C2,True,1.5713000000000001,-1.6309200000000013,0.11392405063291139,False,True
1.0,bin,4,-0.4522000253200531,-0.5143000483512878,-0.39010000228881836,1212157,CN(Cc1ccc(F)c(F)c1)C(=O)c1cncc(-c2cnn(C)c2)c1,3.0325000000000015,CN(Cc1cccc(O)c1)C(=O)c1cncc(-c2cnn(C)c2)c1,True,2.4599,-0.5726000000000013,0.7142857142857143,False,True
1.0,bin,4,-0.4522000253200531,-0.5143000483512878,-0.39010000228881836,1215394,CCn1nc(C)cc1C(=O)Oc1cccc(NC(=O)C(C)C)c1,3.025120000000001,Cc1cc(C(=O)Oc2ccccc2NC(=O)CC#N)n(C)n1,True,1.7998999999999996,-1.2252200000000015,0.36231884057971014,False,True
1.0,bin,4,-0.4522000253200531,-0.5143000483512878,-0.39010000228881836,1232922,CC(C)(C)OC(=O)NC1CCCN(S(=O)(=O)N2CCOCC2)C1,0.5525000000000011,CCCOC(=O)C1CCN(S(=O)(=O)N2CCOCC2)CC1,True,0.22860000000000125,-0.32389999999999985,0.39285714285714285,False,True
1.0,bin,4,-0.4522000253200531,-0.5143000483512878,-0.39010000228881836,1238973,FC(F)(F)c1cnc(N2CCn3c(nnc3C3CC3)C2)c(Cl)c1,3.2429000000000023,Fc1cc(N2CCn3c(nnc3C3CC3)C2)c(Cl)cn1,True,2.3632,-0.8797000000000024,0.5818181818181818,False,True
1.0,bin,4,-0.4522000253200531,-0.5143000483512878,-0.39010000228881836,1299495,Cc1cc(CC(=O)N2CCCC2C(C#N)c2ccccc2)no1,2.823900000000001,N#CC(C(=O)N1CCCC1C(CO)c1ccccc1)c1ccon1,True,2.04888,-0.7750200000000009,0.4507042253521127,False,True
1.0,bin,4,-0.4522000253200531,-0.5143000483512878,-0.39010000228881836,1309906,CC(C)CC(NC(=O)c1cc(=O)c2ccccc2o1)C(=O)OC(C)C,2.8891000000000018,CCOC(=O)C(C)(C)NC(=O)c1cc(=O)c2ccccc2o1,True,1.8644999999999998,-1.024600000000002,0.5172413793103449,False,True
1.0,bin,4,-0.4522000253200531,-0.5143000483512878,-0.39010000228881836,1362816,COCc1cccc(C(=O)NC2CC2c2cccc(Cl)c2)c1,3.772300000000002,COc1ccc(C(=O)NC2CC2c2ccc(F)cc2F)cc1,True,3.2593000000000014,-0.5130000000000008,0.375,False,True
1.0,bin,4,-0.4522000253200531,-0.5143000483512878,-0.39010000228881836,1441838,COCC(=O)NC(C(=O)Nc1cccc(-c2nccs2)c1)C(C)C,2.5358,CCNC(=O)NCC1C=NC(=Cc2ccc(OC)c(N)c2)S1,True,2.0810999999999997,-0.4547000000000003,0.18823529411764706,False,True
1.0,bin,4,-0.4522000253200531,-0.5143000483512878,-0.39010000228881836,1450449,CCCNC(=O)CSc1nc2c(cc1C#N)CCCC2,2.450380000000001,Cc1nc2c(c(N)c1C#N)CCCC2SCC(=O)N(C)C,True,2.0427,-0.40768000000000093,0.25333333333333335,False,True
1.0,bin,4,-0.4522000253200531,-0.5143000483512878,-0.39010000228881836,1451910,O=S(=O)(NCc1nnc2ccccn12)c1ccc(F)c(F)c1,1.4859999999999995,NC(=O)c1ccc(S(=O)(=O)NCc2nnc3ccccn23)cc1Cl,True,0.9600999999999998,-0.5258999999999997,0.625,False,True
1.0,bin,4,-0.4522000253200531,-0.5143000483512878,-0.39010000228881836,1479798,Cc1nc(C)c(CCC(=O)N(CC(C)C)CC(F)(F)F)c(=O)[nH]1,2.3662400000000003,CC=NC(C)=C(C=O)CCC(=O)N(CCC#N)CC(F)F,True,2.33758,-0.028660000000000352,0.1891891891891892,False,True
1.0,bin,4,-0.4522000253200531,-0.5143000483512878,-0.39010000228881836,1507926,COC(=O)C(C)NC(=O)Cc1csc(-c2ccccc2Cl)n1,2.6837,CCOC(=O)CNC(=O)Cc1csc(-c2ccccc2)n1,True,2.0318999999999994,-0.6518000000000006,0.4426229508196721,False,True
1.0,bin,4,-0.4522000253200531,-0.5143000483512878,-0.39010000228881836,1527882,Nc1ncccc1C(=O)Nc1ccc2cn[nH]c2c1,1.7923999999999998,CS(=O)(=O)Nc1ncccc1C(=O)Nc1ccc2cn[nH]c2c1,True,1.5816999999999994,-0.21070000000000033,0.6666666666666666,False,True
1.0,bin,4,-0.4522000253200531,-0.5143000483512878,-0.39010000228881836,1532848,COc1ccc(-c2ccc3c(=O)[nH]cnc3c2)cc1Cl,3.2521000000000013,COc1cc2[nH]cnc2cc1-c1ccc(F)cc1,True,3.377600000000002,0.1255000000000006,0.37735849056603776,False,True
1.0,bin,4,-0.4522000253200531,-0.5143000483512878,-0.39010000228881836,1548351,COc1cc(OC)c2c(c1)C(c1cnccn1)NCC2,1.7288999999999999,COc1cc2c(cc1C#N)CCNC2c1cnccn1,True,1.59198,-0.13691999999999993,0.5925925925925926,False,True
1.0,bin,4,-0.4522000253200531,-0.5143000483512878,-0.39010000228881836,1570134,COc1cccc(C(C)N2CCN(C(=O)c3ccc(O)cc3)CC2)c1,2.9198000000000013,COc1cccc(CN2CCN(C(=O)c3cccc(C#N)c3)CC2)c1,True,2.5248800000000005,-0.3949200000000008,0.40625,False,True
1.0,bin,4,-0.4522000253200531,-0.5143000483512878,-0.39010000228881836,1611406,CC(C)(C)N1CC(NC(=O)C2COc3ccc(F)cc3C2)CC1=O,1.8923999999999994,CCCN1CC(C(=O)NC2COc3ccc(F)cc3C2)CC1=O,True,1.5038999999999991,-0.3885000000000003,0.5692307692307692,False,True
1.0,bin,4,-0.4522000253200531,-0.5143000483512878,-0.39010000228881836,1612684,CCCC1CN(C(=O)Nc2ccn(CCC(C)C)n2)CCO1,2.9620000000000015,CC(C)CCn1ccc(NC(=O)N2CCCOC2C)n1,True,2.5294000000000008,-0.43260000000000076,0.5967741935483871,False,True
1.0,bin,4,-0.4522000253200531,-0.5143000483512878,-0.39010000228881836,1639675,CCC(CC)c1nnc(NC(=O)c2scnc2C2CC2)s1,4.0279000000000025,Cc1ncsc1C(=O)Nc1nnc(C(O)C(C)(C)C)s1,True,2.6348200000000013,-1.3930800000000012,0.5,False,True
1.0,bin,4,-0.4522000253200531,-0.5143000483512878,-0.39010000228881836,1675660,COc1ccnc(NC(=O)c2cccc(Cl)c2)c1,2.9959000000000007,COc1ccnc(NC(=O)c2ccc(F)cc2F)c1,True,2.6207000000000003,-0.3752000000000004,0.5294117647058824,False,False
1.0,bin,4,-0.4522000253200531,-0.5143000483512878,-0.39010000228881836,1689728,CCc1noc(CSc2ncnc3sc(C)cc23)n1,3.237420000000002,CCOc1ccc(SCC=Nc2nc(SC)no2)nc1N,True,2.662,-0.575420000000002,0.16666666666666666,False,True
1.0,bin,4,-0.4522000253200531,-0.5143000483512878,-0.39010000228881836,1720876,CC(C)(C)CC(=O)NCC(=O)Nc1ccc2c(c1)COC2,2.2077,COCc1cccc(NC(=O)NCC=O)c1,True,1.1534,-1.0543,0.22580645161290322,False,True
1.0,bin,4,-0.4522000253200531,-0.5143000483512878,-0.39010000228881836,1757109,CC(C)Cc1ncc(CNc2ccc3c(c2)COC3)s1,3.983900000000003,CCCc1ncc(CNc2ccc3c(c2)COC3)s1,True,3.7379000000000024,-0.24600000000000044,0.7291666666666666,False,True
1.0,bin,4,-0.4522000253200531,-0.5143000483512878,-0.39010000228881836,1774061,O=C1NCCCc2[nH]c(-c3cccc4[nH]ccc34)nc21,2.234,NC(=O)NCCCC=C1C=NC(c2ccc3[nH]ccc3c2)N1,True,2.1729000000000003,-0.06109999999999971,0.14634146341463414,False,True
1.0,bin,4,-0.4522000253200531,-0.5143000483512878,-0.39010000228881836,1800687,Cc1nn(C)c(-c2nc(-c3cccnn3)no2)c1Cl,1.8889199999999997,OC(N=CC1CC=NO1)c1cccnn1,True,0.31299999999999994,-1.5759199999999998,0.17647058823529413,False,True
1.0,bin,4,-0.4522000253200531,-0.5143000483512878,-0.39010000228881836,1815867,FC(F)(F)c1ccc(CN2CCOCC2c2ncon2)cc1,2.661900000000001,Cc1ccc(C)c(CN2CCOCC2c2ncon2)c1,True,2.2599400000000003,-0.40196000000000076,0.5714285714285714,False,True
1.0,bin,4,-0.4522000253200531,-0.5143000483512878,-0.39010000228881836,1828580,Cc1ccc(N2CC3OCC(=O)N(Cc4cccc(F)c4)C3C2)nn1,1.54032,N#Cc1ccc(NCCOCC(=O)N(CCN)Cc2ccccc2)[nH]1,True,1.3023799999999994,-0.23794000000000048,0.09473684210526316,False,True
1.0,bin,4,-0.4522000253200531,-0.5143000483512878,-0.39010000228881836,1836183,CCc1ccc(C(=O)NCc2nccc(N(C)C)n2)cc1,2.035,Cc1ccnc(CNC(=O)c2cccc(F)c2N)n1,True,1.4363199999999998,-0.5986800000000003,0.36666666666666664,False,True
1.0,bin,4,-0.4522000253200531,-0.5143000483512878,-0.39010000228881836,1842499,COc1ccccc1COc1ccccc1-c1cnn(CCO)c1,3.1300000000000017,Cc1c(-c2ccccc2OCC2=CC=C(C(N)=O)C2N)cnn1C,True,1.4533199999999997,-1.676680000000002,0.3382352941176471,False,True
1.0,bin,4,-0.4522000253200531,-0.5143000483512878,-0.39010000228881836,1865564,COC(CNC(=O)c1ccoc1)c1cccc(F)c1,2.536200000000001,CCc1ccc(C(O)CNC(=O)c2ccoc2)cc1,True,2.3054000000000006,-0.23080000000000034,0.4642857142857143,False,True
1.0,bin,4,-0.4522000253200531,-0.5143000483512878,-0.39010000228881836,1868773,CCCOc1ccc(Cl)c2c1CCNC2C1CC(=O)C1,3.2947000000000015,CCOc1c(Cl)ccc2c1C1(CCC(=O)C1)NCC2,True,2.832700000000001,-0.46200000000000063,0.27941176470588236,False,True
1.0,bin,4,-0.4522000253200531,-0.5143000483512878,-0.39010000228881836,1873123,CCC1OC(=O)c2c(OC)ccc(Br)c21,3.079200000000002,COc1cc(Br)ccc1OCCC=O,True,2.4255000000000004,-0.6537000000000015,0.28,False,True
1.0,bin,4,-0.4522000253200531,-0.5143000483512878,-0.39010000228881836,1875028,Cc1cccc(C)c1NCC(=O)N1CCCC2CCCCC21,3.8965400000000034,C#Cc1cccc(NCC(=O)N2CCCC2C2CCCC2)c1,True,3.261000000000002,-0.6355400000000015,0.5849056603773585,False,True
1.0,bin,4,-0.4522000253200531,-0.5143000483512878,-0.39010000228881836,1895921,CCC(CC)N(C)C(=O)CC1OC(=O)c2ccccc21,2.935200000000002,CC(C)N(C)C(=O)CC1OC(=O)c2ccccc21,True,2.1550000000000002,-0.7802000000000016,0.7619047619047619,False,True
1.0,bin,4,-0.4522000253200531,-0.5143000483512878,-0.39010000228881836,1907077,Cc1ccc2[nH]nc(C(=O)Nc3nc(-c4ccco4)cs3)c2c1,3.8401200000000015,O=C1NNc2ccc(F)cc2C[SH]2C=C(c3ccco3)N=C2N1,True,2.9278000000000004,-0.9123200000000011,0.20481927710843373,False,True
1.0,bin,4,-0.4522000253200531,-0.5143000483512878,-0.39010000228881836,1913063,Cc1nn(C)c(C)c1CN(C(=O)c1cn2cccc(C)c2n1)C1CC1,2.797860000000001,Cc1nn(C)cc1C(=O)N(C)Cc1cn2ccccc2n1,True,1.64842,-1.149440000000001,0.3150684931506849,False,True
1.0,bin,4,-0.4522000253200531,-0.5143000483512878,-0.39010000228881836,1922265,CN(CCNC(=O)c1ccc2c(c1)ncn2C)c1ccccc1,2.4395000000000007,Cn1cncc2c(C(=O)NC(CO)c3ccccc3)ccc1-2,True,1.9882999999999997,-0.45120000000000093,0.25,False,True
1.0,bin,5,-0.34654998779296875,-0.39010000228881836,-0.30299997329711914,32052,COc1ccccc1CNC(=O)Cc1c[nH]c2ccccc12,3.035400000000001,NC(=O)c1cccc(CNC(=O)Cc2c[nH]c3ccccc23)c1,True,2.1256999999999993,-0.9097000000000017,0.5471698113207547,False,False
1.0,bin,5,-0.34654998779296875,-0.39010000228881836,-0.30299997329711914,116747,COCCSc1ccccc1C(=O)Nc1cccc(C)n1,3.3808200000000017,COCCSc1ccc(C(=O)Nc2cccc(C)c2COC)[nH]1,True,3.460320000000002,0.07950000000000035,0.35384615384615387,False,True
1.0,bin,5,-0.34654998779296875,-0.39010000228881836,-0.30299997329711914,131060,CS(=O)(=O)NCCc1csc(-c2ccc(F)cc2)n1,2.0408999999999997,CS(=O)(=O)NCCc1csc(-c2ccc(F)cc2)n1,True,2.0408999999999997,0.0,1.0,True,False
1.0,bin,5,-0.34654998779296875,-0.39010000228881836,-0.30299997329711914,131949,CCc1c(C)nc(SCC(=O)NC(C)C)[nH]c1=O,1.25742,CCNC(=O)CCSc1nc(C)c(C)c(=O)[nH]1,True,1.00504,-0.25238000000000005,0.4339622641509434,False,True
1.0,bin,5,-0.34654998779296875,-0.39010000228881836,-0.30299997329711914,158879,COc1ccc(CC(=O)OCC(=O)c2c[nH]c3ccccc23)cc1,3.145100000000001,Nc1ccccc1CC(=O)OCC(=O)c1c[nH]c2ccccc12,True,2.718700000000001,-0.4264000000000001,0.6153846153846154,False,True
1.0,bin,5,-0.34654998779296875,-0.39010000228881836,-0.30299997329711914,232056,COCCNC(=O)c1cc(=O)c2cc(C)ccc2o1,1.4776199999999993,COCCNC(=O)c1cc(=O)c2cc(OC)ccc2o1,True,1.1777999999999993,-0.29982,0.7608695652173914,False,True
1.0,bin,5,-0.34654998779296875,-0.39010000228881836,-0.30299997329711914,235788,O=C(Cn1nc(-c2ccco2)oc1=O)NCC(F)(F)F,0.7747999999999999,CC(C)CNC(=O)Cn1nc(-c2ccco2)oc1=O,True,0.8684999999999998,0.0936999999999999,0.6923076923076923,False,True
1.0,bin,5,-0.34654998779296875,-0.39010000228881836,-0.30299997329711914,236081,CC(=O)c1c(C)[nH]c(C(=O)CSc2nc(C(C)C)n[nH]2)c1C,3.0506400000000014,CC1=CC(=O)CC(C)(C(=O)CSc2nc(C)n[nH]2)N1,True,0.9992199999999998,-2.0514200000000016,0.2835820895522388,False,True
1.0,bin,5,-0.34654998779296875,-0.39010000228881836,-0.30299997329711914,281081,O=C(Cn1cccn1)NCc1cccnc1Oc1ccc(F)cc1F,2.665000000000001,O=C(Cn1cccc1Oc1ccccc1F)NCc1ccncc1,True,3.1309000000000013,0.4659000000000004,0.4,False,True
1.0,bin,5,-0.34654998779296875,-0.39010000228881836,-0.30299997329711914,284170,COc1ccc(-c2nc(CC(=O)Nc3cccc(C)n3)cs2)cc1,3.7033200000000024,O=C(Cc1csc(-c2ccccc2)n1)Nc1ccccn1,True,3.386300000000001,-0.3170200000000012,0.5535714285714286,False,False
1.0,bin,5,-0.34654998779296875,-0.39010000228881836,-0.30299997329711914,288369,Cc1ccc(NCc2nnc3n2CCCCC3)cc1C,3.2334400000000016,Fc1cccc(NCc2nnc3n2CCCCC3)c1,True,2.755700000000001,-0.4777400000000007,0.6530612244897959,False,False
1.0,bin,5,-0.34654998779296875,-0.39010000228881836,-0.30299997329711914,302889,COc1ccc(OC)c(NC(=O)CCNC(=O)c2cccs2)c1,2.5239000000000003,Cc1c(NC(=O)CCNC(=O)c2cccs2)cccc1C(N)=O,True,1.91402,-0.6098800000000002,0.5423728813559322,False,True
1.0,bin,5,-0.34654998779296875,-0.39010000228881836,-0.30299997329711914,327141,COc1ccc(OC)c(S(=O)(=O)Nc2ccn(C)n2)c1,1.2381,Cn1ccc(NS(=O)(=O)c2ccc(C#N)cc2)n1,True,1.0925799999999999,-0.1455200000000001,0.45098039215686275,False,False
1.0,bin,5,-0.34654998779296875,-0.39010000228881836,-0.30299997329711914,327382,CNC(=O)C1CN(C(=O)c2c(C)noc2C)c2ccccc2O1,1.4452399999999996,Cc1noc(C)c1C(=O)NC1c2ccccc2OC1C(N)=O,True,1.0088399999999997,-0.4363999999999999,0.40625,False,True
1.0,bin,5,-0.34654998779296875,-0.39010000228881836,-0.30299997329711914,406491,COCCNC(=O)C1CCCN(S(=O)(=O)N2CCOCC2)C1,-0.9619999999999964,COCCNC(=O)C1CCN(S(=O)(=O)N2CCOCC2)CC1,True,-0.9619999999999964,0.0,0.7659574468085106,False,True
1.0,bin,5,-0.34654998779296875,-0.39010000228881836,-0.30299997329711914,413951,O=C(Cn1ncn2cccc2c1=O)N1CCCCCC1,0.8985999999999996,O=C(Cn1ncn2cccc2c1=O)N1CCCCOC1,True,0.0924999999999998,-0.8060999999999998,0.7708333333333334,False,True
1.0,bin,5,-0.34654998779296875,-0.39010000228881836,-0.30299997329711914,427929,CCNc1nc(NCc2ccccc2Cl)c2cnn(C)c2n1,3.060600000000001,C=CCNc1nc(NCc2ccccc2F)nc2c1cnn2C,True,2.7124000000000006,-0.3482000000000003,0.5789473684210527,False,True
1.0,bin,5,-0.34654998779296875,-0.39010000228881836,-0.30299997329711914,447130,CCC(NC(=O)C1CCN(C(=O)C2CC2)CC1)c1ccc(C)cc1,3.2109200000000016,Cc1cccc(C(C)NC(=O)C2CCN(C(=O)C3CC3)CC2)c1,True,2.820820000000001,-0.39010000000000034,0.5660377358490566,False,True
1.0,bin,5,-0.34654998779296875,-0.39010000228881836,-0.30299997329711914,481908,CCNS(=O)(=O)c1ccc(C)c(C(=O)Nc2ncccc2C)c1,2.24894,CCNS(=O)(=O)c1cccc(C(=O)Nc2ncccc2C)c1,True,1.9405199999999996,-0.3084200000000006,0.7254901960784313,False,False
1.0,bin,5,-0.34654998779296875,-0.39010000228881836,-0.30299997329711914,485220,Cc1nn(CC(=O)N2CCN(C)CC2)c(C)c1Br,1.03644,Cc1nn(CC(=O)N2CCN(C)CC2)c(C)c1Br,True,1.03644,0.0,1.0,True,False
1.0,bin,5,-0.34654998779296875,-0.39010000228881836,-0.30299997329711914,526363,Cc1nnc(SCC(=O)Nc2ccc(O)cc2)n(N)c1=O,0.09692,Nn1c(SCC(=O)Nc2ccccc2O)nncc1=O,True,-0.21149999999999997,-0.30841999999999997,0.4406779661016949,False,False
1.0,bin,5,-0.34654998779296875,-0.39010000228881836,-0.30299997329711914,536853,COc1ccc(C2CCCN2C(=O)C2CCC2)c(OC)c1,3.1674000000000015,NC(=O)c1cc(Cl)ccc1C1CCCN1C(=O)C1CCC1,True,2.9025000000000016,-0.2648999999999999,0.5185185185185185,False,True
1.0,bin,5,-0.34654998779296875,-0.39010000228881836,-0.30299997329711914,540312,Cc1nn(C)c2nc(C3CC3)cc(C(=O)NCC(=O)NC(C)(C)C)c12,1.7986199999999997,Cc1nn(C)c2nc(C3CC3)cc(C(=O)NC(C)C)c12,True,2.29232,0.49370000000000047,0.631578947368421,False,False
1.0,bin,5,-0.34654998779296875,-0.39010000228881836,-0.30299997329711914,544381,Cc1nc(N2CCCC(C(=O)NC(C)C)C2)c2c(C)c(C)oc2n1,2.8890600000000006,CCc1nc(N2CCCC(O)C2)c2c(C)c(C)oc2n1,True,2.3631400000000005,-0.5259200000000002,0.4918032786885246,False,True
1.0,bin,5,-0.34654998779296875,-0.39010000228881836,-0.30299997329711914,544382,CCCNC(=O)C1CCCN(c2nc(C)nc3oc(C)c(C)c23)C1,2.8906600000000013,CC1=CC(C)=C(C(=O)N2CCCC2C(N)=O)C(C)=NCC(C)=N1,True,1.6184,-1.2722600000000013,0.1728395061728395,False,True
1.0,bin,5,-0.34654998779296875,-0.39010000228881836,-0.30299997329711914,550049,Cc1ccc(C)c(OCC(=O)Nc2cccc(-n3cnnc3)c2)c1,2.9016400000000013,O=C(COc1ccc(F)cc1F)Nc1cccc(-n2cnnc2)c1,True,2.5630000000000006,-0.3386400000000007,0.6428571428571429,False,True
1.0,bin,5,-0.34654998779296875,-0.39010000228881836,-0.30299997329711914,573533,Cc1nn(-c2ncc(C(F)(F)F)cc2Cl)c(=O)o1,2.2011199999999995,Cc1noc(=O)n1-c1ncc(C(F)(F)F)cc1Cl,True,2.2011200000000004,8.881784197001252e-16,0.5833333333333334,False,True
1.0,bin,5,-0.34654998779296875,-0.39010000228881836,-0.30299997329711914,582555,O=C(NCC(O)c1ccccc1)c1ccc2c(=O)n3c(nc2c1)CCC3,1.8061000000000003,C=CCc1nc2c(c(=O)[nH]1)=CCC(=O)NCC(O)c1cccc(O)c1CC=2,True,-0.4389999999999996,-2.2451,0.1134020618556701,False,True
1.0,bin,5,-0.34654998779296875,-0.39010000228881836,-0.30299997329711914,588547,Cc1n[nH]c(C)c1NC(=O)CCc1ccc(Cl)cc1Cl,3.9046400000000023,Cc1n[nH]c(C)c1NC(=O)CCc1cccc(Cl)c1,True,3.251240000000001,-0.6534000000000013,0.68,False,True
1.0,bin,5,-0.34654998779296875,-0.39010000228881836,-0.30299997329711914,607673,CCCN(CC1CC1)S(=O)(=O)c1ccccc1F,2.636400000000001,CCCOC(=O)CN(CC1CC1)S(=O)(=O)c1ccc(F)cc1,True,2.1796000000000006,-0.4568000000000003,0.4107142857142857,False,True
1.0,bin,5,-0.34654998779296875,-0.39010000228881836,-0.30299997329711914,617681,Cc1cc(C(=O)Nc2nc(-c3ccncc3)cs2)nn1C(C)C,3.5432200000000016,CC1CC(c2ccncc2)C(C(=O)NC2=NC=C[SH]2C)=NN1,True,1.4909999999999999,-2.052220000000002,0.189873417721519,False,True
1.0,bin,5,-0.34654998779296875,-0.39010000228881836,-0.30299997329711914,650267,COc1ccc2oc(C(=O)NC3CCCCNC3=O)c(C)c2c1,2.14832,COCC1(O)NCCCCC1NC(=O)C1=CCC=CC=COC1,True,0.9962999999999995,-1.1520200000000005,0.23529411764705882,False,True
1.0,bin,5,-0.34654998779296875,-0.39010000228881836,-0.30299997329711914,668639,Cc1cc(NC(=O)c2ccccc2Cl)ncc1N,2.8779200000000005,Nc1ccc(NC(=O)c2c(F)cccc2Cl)nc1,True,2.7086000000000006,-0.16931999999999992,0.4074074074074074,False,False
1.0,bin,5,-0.34654998779296875,-0.39010000228881836,-0.30299997329711914,673160,CCC(=O)Nc1ccc2oc(C(F)(F)F)cc(=O)c2c1,3.160300000000001,CCNC(=O)Nc1ccc2oc(C(F)(F)F)cc(=O)c2c1,True,2.9532000000000007,-0.2071000000000005,0.7446808510638298,False,True
1.0,bin,5,-0.34654998779296875,-0.39010000228881836,-0.30299997329711914,711169,Cc1cccc(C(C)C)c1NC(=O)N(C)Cc1ccncc1,4.177320000000003,CN(Cc1ccncc1)C(=O)Nc1cc(Cl)ccc1Cl,True,4.0523000000000025,-0.12502000000000013,0.4727272727272727,False,False
1.0,bin,5,-0.34654998779296875,-0.39010000228881836,-0.30299997329711914,720969,Cc1noc(C)c1CCC(=O)OCC(=O)N1c2ccccc2CC1C,2.7450400000000013,Cc1noc(C)c1CCC(=O)OCC(=O)N1CCc2ccccc21,True,2.35654,-0.3885000000000014,0.6721311475409836,False,False
1.0,bin,5,-0.34654998779296875,-0.39010000228881836,-0.30299997329711914,730789,COC(=O)C1CCN(C(=O)c2cc3ccc(F)cc3nc2C)CC1,2.7075200000000006,COC(=O)C1CCN(C(=O)c2cc3ccccc3nc2C)CC1,True,2.5684200000000006,-0.1391,0.7450980392156863,False,True
1.0,bin,5,-0.34654998779296875,-0.39010000228881836,-0.30299997329711914,738178,Cc1ccc(-n2ccnc2SCc2nc(C3CC3)no2)cc1C,4.041840000000003,Cc1ccc(-n2ccnc2SCc2nc(C3CC3)no2)cc1,True,3.7334200000000024,-0.3084200000000008,0.803921568627451,False,True
1.0,bin,5,-0.34654998779296875,-0.39010000228881836,-0.30299997329711914,771897,COc1ccccc1OCC(=O)N(C)Cc1sccc1C,3.102520000000002,Cc1ccsc1CN(C)C(=O)COc1ccccc1O,True,2.7995200000000016,-0.3030000000000004,0.782608695652174,False,False
1.0,bin,5,-0.34654998779296875,-0.39010000228881836,-0.30299997329711914,811446,COC(=O)C1(NC(=O)c2cc(Br)c[nH]2)CCCCCC1,2.7730000000000006,COC(=O)C1(NC(=O)c2cc(Br)c[nH]2)CCCCC1,True,2.3829000000000002,-0.39010000000000034,1.0,False,True
1.0,bin,5,-0.34654998779296875,-0.39010000228881836,-0.30299997329711914,848291,CCC(C)NC(=O)NCc1noc(-c2cccs2)n1,2.3958000000000004,CC(C)OCC(=O)NCc1noc(-c2cccs2)n1,True,1.8393,-0.5565000000000004,0.6428571428571429,False,True
1.0,bin,5,-0.34654998779296875,-0.39010000228881836,-0.30299997329711914,863440,COc1ccc(-c2nc(CCCO)cs2)cc1OC,2.752200000000001,COc1ccc(-c2nc(CCO)cs2)c(OC)c1,True,2.3621000000000008,-0.39010000000000034,0.5306122448979592,False,False
1.0,bin,5,-0.34654998779296875,-0.39010000228881836,-0.30299997329711914,864663,N#Cc1ccc(-c2cc(F)ccc2F)nc1N1CCCC1,3.498680000000002,N#Cc1cc(-c2ccc(F)c(F)c2)cc(N2CCCC2)n1,True,3.498680000000003,8.881784197001252e-16,0.4074074074074074,False,True
1.0,bin,5,-0.34654998779296875,-0.39010000228881836,-0.30299997329711914,872100,CCc1cccc(C)c1NCC(O)c1ccc2c(c1)OCCO2,3.474120000000002,OC(CNc1ccc(F)c(Cl)c1)c1ccc2c(c1)OCCO2,True,3.3958000000000013,-0.07832000000000061,0.4827586206896552,False,True
1.0,bin,5,-0.34654998779296875,-0.39010000228881836,-0.30299997329711914,886334,COc1ccc(C(=O)N2CCCC(C(=O)N3CCCCC3)C2)c(O)c1,2.2655000000000003,Nc1ccccc1C(=O)N1CCC(C(=O)N2CCCCC2)CC1,True,2.1334999999999997,-0.13200000000000056,0.4107142857142857,False,True
1.0,bin,5,-0.34654998779296875,-0.39010000228881836,-0.30299997329711914,887387,COCCNC(=O)N(Cc1cccc(F)c1)CC1CCCO1,2.1627,COC(=O)CCN(Cc1ccccc1)C(=O)NCC1CCCO1,True,1.9402999999999997,-0.22240000000000038,0.5151515151515151,False,True
1.0,bin,5,-0.34654998779296875,-0.39010000228881836,-0.30299997329711914,889149,N#Cc1ccc(NC(=O)c2ccc(Br)cc2Cl)nc1,3.621480000000001,O=C(Nc1ncccc1Br)c1cccc(F)c1,True,3.235500000000001,-0.38598,0.2222222222222222,False,True
1.0,bin,5,-0.34654998779296875,-0.39010000228881836,-0.30299997329711914,913483,O=C(CNC(=O)NCCc1c(Cl)cccc1Cl)NC1CC1,2.1137000000000006,Cc1cccc(C)c1CCNC(=O)NCC(=O)NC1CC1,True,1.4237400000000002,-0.6899600000000004,0.7272727272727273,False,True
1.0,bin,5,-0.34654998779296875,-0.39010000228881836,-0.30299997329711914,917620,C=CCN(Cc1ccccc1OC)C(=O)c1csc(C)n1,3.288520000000002,COCCOc1ccccc1CN(C)C(=O)c1csc(C)n1,True,2.748920000000002,-0.5396000000000001,0.559322033898305,False,True
1.0,bin,5,-0.34654998779296875,-0.39010000228881836,-0.30299997329711914,918312,CCOc1ccc(Cl)c(C(=O)N2CCN(c3ncccn3)CC2)n1,1.8860999999999997,CC(=O)N1CCN(C(=O)C2=CC=C3OC(C)C(C)=NC32)C(N)C1,True,0.03400000000000125,-1.8520999999999983,0.16455696202531644,False,True
1.0,bin,5,-0.34654998779296875,-0.39010000228881836,-0.30299997329711914,922879,CC(=O)c1ccc(N2CCN(Cc3c(F)cccc3F)CC2)cc1,3.489600000000003,COC(=O)c1ccc(CN2CCN(c3ccccc3F)CC2)cc1,True,2.9345000000000017,-0.5551000000000013,0.4444444444444444,False,True
1.0,bin,5,-0.34654998779296875,-0.39010000228881836,-0.30299997329711914,927535,COc1cc(CN2CCN(c3ccccc3F)CC2)ccc1O,2.862100000000002,COc1ccccc1N1CCN(Cc2cccc(C#N)c2)CC1,True,2.8890800000000016,0.02697999999999956,0.5,False,False
1.0,bin,5,-0.34654998779296875,-0.39010000228881836,-0.30299997329711914,927567,Cc1ccccc1N1CCN(Cc2cccc(O)c2)CC1,3.022820000000001,C#Cc1cccc(N2CCN(Cc3ccc(C#N)cc3)CC2)c1,True,2.8617800000000013,-0.16103999999999985,0.3157894736842105,False,True
1.0,bin,5,-0.34654998779296875,-0.39010000228881836,-0.30299997329711914,938108,CC(c1ccccc1)N(C)C(=O)CCC(=O)Nc1nccs1,3.0814000000000012,Cc1csc(NC(=O)CCC(=O)N(C)Cc2ccccc2)n1,True,2.8288200000000012,-0.25258,0.4262295081967213,False,True
1.0,bin,5,-0.34654998779296875,-0.39010000228881836,-0.30299997329711914,943303,CN(CCCOc1ccccc1)C(=O)Nc1cccc2c1OCCO2,3.390600000000002,O=C(NCCCOc1cccc2c1OCCO2)Nc1ccc(F)cc1,True,3.1875000000000018,-0.20310000000000006,0.3880597014925373,False,True
1.0,bin,5,-0.34654998779296875,-0.39010000228881836,-0.30299997329711914,946289,CC(NC(=O)C1(c2cc(-c3ccco3)on2)CC1)c1ccccc1,3.843600000000002,O=C1NCc2cccc(c2)CC1c1cc(-c2ccco2)on1,True,2.8907000000000007,-0.9529000000000014,0.3,False,True
1.0,bin,5,-0.34654998779296875,-0.39010000228881836,-0.30299997329711914,994077,Cc1nnc(Cn2c(-c3cccc(Br)c3)noc2=O)o1,2.0055199999999997,CC1=NN=C(CN2CON=C2c2ccc(C)cc2)OO1,True,1.64002,-0.3654999999999997,0.15714285714285714,False,True
1.0,bin,5,-0.34654998779296875,-0.39010000228881836,-0.30299997329711914,1065620,O=C(NCc1cccnc1Oc1ccccc1)c1cccnc1,3.198900000000002,O=C(NCc1cccnc1Oc1cccc(O)c1)c1cccnc1,True,2.9045000000000005,-0.2944000000000013,0.78,False,True
1.0,bin,5,-0.34654998779296875,-0.39010000228881836,-0.30299997329711914,1093926,CN(C(=O)CNc1cccc(OCC2CCCO2)c1)c1ccccc1,3.319300000000002,O=C(CNc1cccc(OCC2CCCO2)c1)Nc1ccc(O)cc1,True,3.0006000000000013,-0.31870000000000065,0.6190476190476191,False,True
1.0,bin,5,-0.34654998779296875,-0.39010000228881836,-0.30299997329711914,1107920,CCc1ccc(-n2cc(C(=O)NC(C)c3ccccc3)nn2)cc1,3.320700000000002,Cc1ccc(-n2cc(C(=O)NCc3ccccc3F)nn2)cc1,True,2.644820000000001,-0.6758800000000011,0.4426229508196721,False,False
1.0,bin,5,-0.34654998779296875,-0.39010000228881836,-0.30299997329711914,1113130,CC(NC(=O)Cn1nnnc1C(C)(C)C)c1cccc2ccccc12,3.0012000000000016,CC(C)(C)c1nnnn1CC(=O)NCc1cccc2ccccc12,True,2.4402,-0.5610000000000017,0.6666666666666666,False,True
1.0,bin,5,-0.34654998779296875,-0.39010000228881836,-0.30299997329711914,1121751,COC(=O)Cn1ccc(NS(=O)(=O)c2ccc(F)c(F)c2F)n1,1.2742,COC(=O)Cn1ccc(NS(=O)(=O)c2ccccc2F)n1,True,0.996,-0.2782,0.7551020408163265,False,True
1.0,bin,5,-0.34654998779296875,-0.39010000228881836,-0.30299997329711914,1142531,CCOC(C)C(=O)NCCc1csc(-c2ccc(C)cc2)n1,3.2022200000000014,CCC(=O)CNC(=O)NCCC(C=CS)N=Cc1ccc(C)cc1,True,2.894420000000001,-0.3078000000000003,0.2236842105263158,False,True
1.0,bin,5,-0.34654998779296875,-0.39010000228881836,-0.30299997329711914,1212157,CN(Cc1ccc(F)c(F)c1)C(=O)c1cncc(-c2cnn(C)c2)c1,3.0325000000000015,COc1ccc(CN(C)C(=O)c2cncc(-c3cnn(C)c3)c2)cc1,True,2.762900000000001,-0.2696000000000005,0.7142857142857143,False,True
1.0,bin,5,-0.34654998779296875,-0.39010000228881836,-0.30299997329711914,1215394,CCn1nc(C)cc1C(=O)Oc1cccc(NC(=O)C(C)C)c1,3.025120000000001,CCn1nc(C)cc1C(=O)Oc1ccc(C(=O)N(C)C)cc1,True,2.1324199999999998,-0.8927000000000014,0.5172413793103449,False,True
1.0,bin,5,-0.34654998779296875,-0.39010000228881836,-0.30299997329711914,1232922,CC(C)(C)OC(=O)NC1CCCN(S(=O)(=O)N2CCOCC2)C1,0.5525000000000011,CCOC(=O)N(C)C1CCN(S(=O)(=O)N2CCOC(C)C2)CC1,True,0.5046000000000006,-0.0479000000000005,0.3230769230769231,False,True
1.0,bin,5,-0.34654998779296875,-0.39010000228881836,-0.30299997329711914,1238973,FC(F)(F)c1cnc(N2CCn3c(nnc3C3CC3)C2)c(Cl)c1,3.2429000000000023,Fc1ccc(C(F)(F)F)cc1N1CCn2c(nnc2C2CC2)C1,True,3.3336000000000015,0.09069999999999911,0.5714285714285714,False,True
1.0,bin,5,-0.34654998779296875,-0.39010000228881836,-0.30299997329711914,1299495,Cc1cc(CC(=O)N2CCCC2C(C#N)c2ccccc2)no1,2.823900000000001,CC1=CC(CC(=O)N2CCC(c3ccccc3O)CC2=N)O1,True,2.7681700000000005,-0.0557300000000005,0.225,False,True
1.0,bin,5,-0.34654998779296875,-0.39010000228881836,-0.30299997329711914,1309906,CC(C)CC(NC(=O)c1cc(=O)c2ccccc2o1)C(=O)OC(C)C,2.8891000000000018,CC(C)C(C)(C#N)NC(=O)c1cc(=O)c2ccccc2o1,True,2.461080000000001,-0.42802000000000096,0.4745762711864407,False,True
1.0,bin,5,-0.34654998779296875,-0.39010000228881836,-0.30299997329711914,1362816,COCc1cccc(C(=O)NC2CC2c2cccc(Cl)c2)c1,3.772300000000002,O=C(NC1CC1c1ccc(F)cc1)c1ccc(F)cc1,True,3.250700000000002,-0.5216000000000003,0.38181818181818183,False,True
1.0,bin,5,-0.34654998779296875,-0.39010000228881836,-0.30299997329711914,1441838,COCC(=O)NC(C(=O)Nc1cccc(-c2nccs2)c1)C(C)C,2.5358,COCC(=O)NC(C)C(=O)Nc1cccc(-c2nccs2)c1,True,1.8997,-0.6361000000000001,0.8181818181818182,False,True
1.0,bin,5,-0.34654998779296875,-0.39010000228881836,-0.30299997329711914,1450449,CCCNC(=O)CSc1nc2c(cc1C#N)CCCC2,2.450380000000001,CC(C)NC(=O)CSc1ncc(C#N)c2c1CCCC2,True,2.44878,-0.001600000000000712,0.4262295081967213,False,True
1.0,bin,5,-0.34654998779296875,-0.39010000228881836,-0.30299997329711914,1451910,O=S(=O)(NCc1nnc2ccccn12)c1ccc(F)c(F)c1,1.4859999999999995,CC(=O)Nc1cccc(S(=O)(=O)NCc2nnc3ccccn23)c1,True,1.1661999999999995,-0.3198000000000001,0.6071428571428571,False,True
1.0,bin,5,-0.34654998779296875,-0.39010000228881836,-0.30299997329711914,1479798,Cc1nc(C)c(CCC(=O)N(CC(C)C)CC(F)(F)F)c(=O)[nH]1,2.3662400000000003,CCC(C)N(CCC#N)C(=O)CCC(C=O)=C(C)N=CC(C)C,True,3.507080000000003,1.1408400000000025,0.1282051282051282,False,True
1.0,bin,5,-0.34654998779296875,-0.39010000228881836,-0.30299997329711914,1507926,COC(=O)C(C)NC(=O)Cc1csc(-c2ccccc2Cl)n1,2.6837,COC(=O)C(C)(C)NC(=O)Cc1csc(-c2ccccc2F)n1,True,2.5595000000000008,-0.1241999999999992,0.5084745762711864,False,True
1.0,bin,5,-0.34654998779296875,-0.39010000228881836,-0.30299997329711914,1527882,Nc1ncccc1C(=O)Nc1ccc2cn[nH]c2c1,1.7923999999999998,Nc1ncccc1C(=O)NC=Cc1cnc2[nH]ncc2c1,True,1.3357999999999999,-0.4565999999999999,0.5263157894736842,False,True
1.0,bin,5,-0.34654998779296875,-0.39010000228881836,-0.30299997329711914,1532848,COc1ccc(-c2ccc3c(=O)[nH]cnc3c2)cc1Cl,3.2521000000000013,O=c1[nH]cnc2ccc(-c3cc(F)ccc3F)cc12,True,2.8683000000000014,-0.3837999999999999,0.37037037037037035,False,True
1.0,bin,5,-0.34654998779296875,-0.39010000228881836,-0.30299997329711914,1548351,COc1cc(OC)c2c(c1)C(c1cnccn1)NCC2,1.7288999999999999,COc1ccc2c(c1OC)C(c1cnccn1)NCC2,True,1.7288999999999999,0.0,0.5185185185185185,False,False
1.0,bin,5,-0.34654998779296875,-0.39010000228881836,-0.30299997329711914,1570134,COc1cccc(C(C)N2CCN(C(=O)c3ccc(O)cc3)CC2)c1,2.9198000000000013,COc1ccc(C(O)CN2CCN(C(=O)c3ccccc3)CC2)cc1,True,2.1866000000000003,-0.733200000000001,0.423728813559322,False,True
1.0,bin,5,-0.34654998779296875,-0.39010000228881836,-0.30299997329711914,1611406,CC(C)(C)N1CC(NC(=O)C2COc3ccc(F)cc3C2)CC1=O,1.8923999999999994,O=C(NCC1COc2ccccc2C1)C1CC(=O)N(CC(F)F)C1,True,1.4674999999999998,-0.4248999999999996,0.32894736842105265,False,True
1.0,bin,5,-0.34654998779296875,-0.39010000228881836,-0.30299997329711914,1612684,CCCC1CN(C(=O)Nc2ccn(CCC(C)C)n2)CCO1,2.9620000000000015,CCCC1CN(C(=O)Nc2ccn(CC(F)F)n2)CCO1,True,2.181,-0.7810000000000015,0.7719298245614035,False,False
1.0,bin,5,-0.34654998779296875,-0.39010000228881836,-0.30299997329711914,1639675,CCC(CC)c1nnc(NC(=O)c2scnc2C2CC2)s1,4.0279000000000025,CC(C)Cc1nnc(NC(=O)c2scnc2C2CC2)s1,True,3.3228000000000018,-0.7051000000000007,0.6923076923076923,False,False
1.0,bin,5,-0.34654998779296875,-0.39010000228881836,-0.30299997329711914,1675660,COc1ccnc(NC(=O)c2cccc(Cl)c2)c1,2.9959000000000007,COc1cccc(C(=O)Nc2cc(C#N)cc(C)n2)c1,True,2.5226000000000006,-0.47330000000000005,0.48148148148148145,False,True
1.0,bin,5,-0.34654998779296875,-0.39010000228881836,-0.30299997329711914,1689728,CCc1noc(CSc2ncnc3sc(C)cc23)n1,3.237420000000002,Cc1cc2c(SCC3CC=NO3)ncnc2s1,True,2.8665200000000013,-0.3709000000000007,0.46551724137931033,False,True
1.0,bin,5,-0.34654998779296875,-0.39010000228881836,-0.30299997329711914,1720876,CC(C)(C)CC(=O)NCC(=O)Nc1ccc2c(c1)COC2,2.2077,CC(C)CNC(=O)CCC(=O)Nc1ccc2c(c1)COC2,True,2.2077,0.0,0.56,False,True
1.0,bin,5,-0.34654998779296875,-0.39010000228881836,-0.30299997329711914,1757109,CC(C)Cc1ncc(CNc2ccc3c(c2)COC3)s1,3.983900000000003,CCc1ncc(CNc2ccc3c(c2)COC3C)s1,True,3.908800000000003,-0.07509999999999994,0.5087719298245614,False,True
1.0,bin,5,-0.34654998779296875,-0.39010000228881836,-0.30299997329711914,1774061,O=C1NCCCc2[nH]c(-c3cccc4[nH]ccc34)nc21,2.234,O=CNC1CCc2[nH]c(-c3ccc(O)cc3)nc2C1,True,1.3855999999999997,-0.8484000000000003,0.18309859154929578,False,True
1.0,bin,5,-0.34654998779296875,-0.39010000228881836,-0.30299997329711914,1800687,Cc1nn(C)c(-c2nc(-c3cccnn3)no2)c1Cl,1.8889199999999997,COc1ccc(-c2noc(-c3c(Cl)cnn3C)n2)nn1,True,1.5891,-0.29981999999999975,0.41379310344827586,False,True
1.0,bin,5,-0.34654998779296875,-0.39010000228881836,-0.30299997329711914,1815867,FC(F)(F)c1ccc(CN2CCOCC2c2ncon2)cc1,2.661900000000001,C=CCOC=C1C=CC(CN2CCOCC2c2ncon2)=C1,True,2.0256,-0.6363000000000012,0.47692307692307695,False,True
1.0,bin,5,-0.34654998779296875,-0.39010000228881836,-0.30299997329711914,1828580,Cc1ccc(N2CC3OCC(=O)N(Cc4cccc(F)c4)C3C2)nn1,1.54032,COC1=CC=C(CN2C(=O)COCCN(c3cccnn3)CC2C)C1,True,1.3906999999999994,-0.14962000000000053,0.26436781609195403,False,True
1.0,bin,5,-0.34654998779296875,-0.39010000228881836,-0.30299997329711914,1836183,CCc1ccc(C(=O)NCc2nccc(N(C)C)n2)cc1,2.035,COc1cc(C)nc(CNC(=O)c2ccc(N(C)C)cc2)n1,True,1.78962,-0.24538000000000015,0.41379310344827586,False,True
1.0,bin,5,-0.34654998779296875,-0.39010000228881836,-0.30299997329711914,1842499,COc1ccccc1COc1ccccc1-c1cnn(CCO)c1,3.1300000000000017,OCCn1cc(-c2ccccc2COc2ccccc2)cn1,True,3.1214000000000013,-0.008600000000000385,0.6326530612244898,False,True
1.0,bin,5,-0.34654998779296875,-0.39010000228881836,-0.30299997329711914,1865564,COC(CNC(=O)c1ccoc1)c1cccc(F)c1,2.536200000000001,COc1ccc(C(O)CNC(=O)c2ccoc2)cc1,True,1.7515999999999998,-0.7846000000000011,0.509090909090909,False,True
1.0,bin,5,-0.34654998779296875,-0.39010000228881836,-0.30299997329711914,1868773,CCCOc1ccc(Cl)c2c1CCNC2C1CC(=O)C1,3.2947000000000015,COc1cc2c(cc1Cl)CCNC21CCC(=O)C1,True,2.4426000000000005,-0.852100000000001,0.21739130434782608,False,True
1.0,bin,5,-0.34654998779296875,-0.39010000228881836,-0.30299997329711914,1873123,CCC1OC(=O)c2c(OC)ccc(Br)c21,3.079200000000002,COc1ccc(Br)cc1OC(C)(C)C=O,True,2.814000000000001,-0.265200000000001,0.26,False,True
1.0,bin,5,-0.34654998779296875,-0.39010000228881836,-0.30299997329711914,1875028,Cc1cccc(C)c1NCC(=O)N1CCCC2CCCCC21,3.8965400000000034,O=C(CNc1ccc(F)cc1)N1CCCC2CCCCC21,True,3.4188000000000027,-0.4777400000000007,0.6041666666666666,False,False
1.0,bin,5,-0.34654998779296875,-0.39010000228881836,-0.30299997329711914,1895921,CCC(CC)N(C)C(=O)CC1OC(=O)c2ccccc21,2.935200000000002,CCN(CC(C)C)C(=O)CC1OC(=O)c2ccccc21,True,2.792700000000001,-0.14250000000000096,0.625,False,True
1.0,bin,5,-0.34654998779296875,-0.39010000228881836,-0.30299997329711914,1907077,Cc1ccc2[nH]nc(C(=O)Nc3nc(-c4ccco4)cs3)c2c1,3.8401200000000015,O=C(C=NNC=Cc1ccccc1)Nc1nc(C2CC2)cs1,True,3.205300000000001,-0.6348200000000004,0.24050632911392406,False,True
1.0,bin,5,-0.34654998779296875,-0.39010000228881836,-0.30299997329711914,1913063,Cc1nn(C)c(C)c1CN(C(=O)c1cn2cccc(C)c2n1)C1CC1,2.797860000000001,Cc1nn(C)c(C)c1C(=O)N(Cc1cn2ccccc2n1)C1CC1,True,2.489440000000001,-0.3084199999999999,0.5147058823529411,False,True
1.0,bin,5,-0.34654998779296875,-0.39010000228881836,-0.30299997329711914,1922265,CN(CCNC(=O)c1ccc2c(c1)ncn2C)c1ccccc1,2.4395000000000007,CN(CCNC(=O)c1ccc2[nH]cnc2c1)c1ccc(C(N)=O)cc1,True,1.5279999999999994,-0.9115000000000013,0.5,False,True
1.0,bin,6,-0.2550499439239502,-0.30299997329711914,-0.20709991455078125,32052,COc1ccccc1CNC(=O)Cc1c[nH]c2ccccc12,3.035400000000001,N#Cc1cccc(CNC(=O)Cc2c[nH]c3ccccc23)c1,True,2.898480000000001,-0.13691999999999993,0.5370370370370371,False,True
1.0,bin,6,-0.2550499439239502,-0.30299997329711914,-0.20709991455078125,116747,COCCSc1ccccc1C(=O)Nc1cccc(C)n1,3.3808200000000017,COC(=O)N(C)c1ccc(C(=O)Nc2cccc(SC)n2)cc1,True,3.2584000000000017,-0.12241999999999997,0.3548387096774194,False,True
1.0,bin,6,-0.2550499439239502,-0.30299997329711914,-0.20709991455078125,131060,CS(=O)(=O)NCCc1csc(-c2ccc(F)cc2)n1,2.0408999999999997,CS(=O)(=O)NCCc1csc(-c2ccccc2)n1,True,1.9018,-0.13909999999999978,0.7619047619047619,False,True
1.0,bin,6,-0.2550499439239502,-0.30299997329711914,-0.20709991455078125,131949,CCc1c(C)nc(SCC(=O)NC(C)C)[nH]c1=O,1.25742,COc1c(C)nc(SCC(=O)NC(C)C)[nH]c1=O,True,0.7036199999999998,-0.5538000000000002,0.6808510638297872,False,True
1.0,bin,6,-0.2550499439239502,-0.30299997329711914,-0.20709991455078125,158879,COc1ccc(CC(=O)OCC(=O)c2c[nH]c3ccccc23)cc1,3.145100000000001,NC(=O)C(C(=O)OCC(=O)c1c[nH]c2ccccc12)c1ccccc1,True,2.1628999999999996,-0.9822000000000015,0.509090909090909,False,True
1.0,bin,6,-0.2550499439239502,-0.30299997329711914,-0.20709991455078125,232056,COCCNC(=O)c1cc(=O)c2cc(C)ccc2o1,1.4776199999999993,COCCNC(=O)c1cc(=O)c2cc(C)ccc2o1,True,1.4776199999999993,0.0,1.0,True,False
1.0,bin,6,-0.2550499439239502,-0.30299997329711914,-0.20709991455078125,235788,O=C(Cn1nc(-c2ccco2)oc1=O)NCC(F)(F)F,0.7747999999999999,CC(C)(O)CNC(=O)CCn1nc(-c2ccco2)oc1=O,True,0.3734999999999998,-0.40130000000000016,0.625,False,True
1.0,bin,6,-0.2550499439239502,-0.30299997329711914,-0.20709991455078125,236081,CC(=O)c1c(C)[nH]c(C(=O)CSc2nc(C(C)C)n[nH]2)c1C,3.0506400000000014,CC(=O)c1c(C)[nH]c(C(=O)CSc2nc(C(C)C)n[nH]2)c1C,True,3.0506400000000014,0.0,1.0,True,False
1.0,bin,6,-0.2550499439239502,-0.30299997329711914,-0.20709991455078125,281081,O=C(Cn1cccn1)NCc1cccnc1Oc1ccc(F)cc1F,2.665000000000001,CN(C)c1cccnc1CNC(=O)CNc1ccccc1OC=CC=N,True,2.4179699999999995,-0.24703000000000142,0.2619047619047619,False,True
1.0,bin,6,-0.2550499439239502,-0.30299997329711914,-0.20709991455078125,284170,COc1ccc(-c2nc(CC(=O)Nc3cccc(C)n3)cs2)cc1,3.7033200000000024,COc1ncccc1NC(=O)Cc1csc(-c2ccccc2)n1,True,3.3949000000000016,-0.3084200000000008,0.5161290322580645,False,True
1.0,bin,6,-0.2550499439239502,-0.30299997329711914,-0.20709991455078125,288369,Cc1ccc(NCc2nnc3n2CCCCC3)cc1C,3.2334400000000016,Fc1cc(F)cc(NCc2nnc3n2CCCCC3)c1,True,2.894800000000001,-0.3386400000000007,0.6382978723404256,False,True
1.0,bin,6,-0.2550499439239502,-0.30299997329711914,-0.20709991455078125,302889,COc1ccc(OC)c(NC(=O)CCNC(=O)c2cccs2)c1,2.5239000000000003,COC(=O)c1ccc(NC(=O)CCNC(=O)c2cccs2)cc1,True,2.2933000000000003,-0.23059999999999992,0.5714285714285714,False,False
1.0,bin,6,-0.2550499439239502,-0.30299997329711914,-0.20709991455078125,327141,COc1ccc(OC)c(S(=O)(=O)Nc2ccn(C)n2)c1,1.2381,COc1ccc(N)cc1S(=O)(=O)Nc1ccn(C)n1,True,0.8117000000000001,-0.4263999999999999,0.7555555555555555,False,True
1.0,bin,6,-0.2550499439239502,-0.30299997329711914,-0.20709991455078125,327382,CNC(=O)C1CN(C(=O)c2c(C)noc2C)c2ccccc2O1,1.4452399999999996,Cc1noc(C(N)=O)c1C(=O)N1CCOc2ccccc21,True,1.1211199999999995,-0.3241200000000002,0.45161290322580644,False,True
1.0,bin,6,-0.2550499439239502,-0.30299997329711914,-0.20709991455078125,406491,COCCNC(=O)C1CCCN(S(=O)(=O)N2CCOCC2)C1,-0.9619999999999964,CNC(=O)CCCCN(C)S(=O)(=O)N1CCOC(C#N)C1,True,-0.6963199999999972,0.26567999999999925,0.22972972972972974,False,True
1.0,bin,6,-0.2550499439239502,-0.30299997329711914,-0.20709991455078125,413951,O=C(Cn1ncn2cccc2c1=O)N1CCCCCC1,0.8985999999999996,COC(=O)CCCN(C)C(=O)Cn1nc2ccc(C)cn2c1=O,True,0.21601999999999966,-0.68258,0.16,False,True
1.0,bin,6,-0.2550499439239502,-0.30299997329711914,-0.20709991455078125,427929,CCNc1nc(NCc2ccccc2Cl)c2cnn(C)c2n1,3.060600000000001,COc1ccc(CNc2nc(C)nc3c2cnn3C)c(Cl)c1,True,2.945820000000001,-0.11477999999999966,0.5166666666666667,False,True
1.0,bin,6,-0.2550499439239502,-0.30299997329711914,-0.20709991455078125,447130,CCC(NC(=O)C1CCN(C(=O)C2CC2)CC1)c1ccc(C)cc1,3.2109200000000016,CCC1CC1C(=O)N1CCC=CC(F)=CC=C(C)NC(=O)CCC1,True,3.4746000000000024,0.2636800000000008,0.2077922077922078,False,True
1.0,bin,6,-0.2550499439239502,-0.30299997329711914,-0.20709991455078125,481908,CCNS(=O)(=O)c1ccc(C)c(C(=O)Nc2ncccc2C)c1,2.24894,COC=CC(=O)C(=O)Nc1cccnc1CN,True,0.20799999999999985,-2.0409400000000004,0.23880597014925373,False,True
1.0,bin,6,-0.2550499439239502,-0.30299997329711914,-0.20709991455078125,485220,Cc1nn(CC(=O)N2CCN(C)CC2)c(C)c1Br,1.03644,Cc1nn(CC(=O)N2CCN(CCO)CC2)c(C)c1Cl,True,0.2898400000000001,-0.7465999999999999,0.5319148936170213,False,False
1.0,bin,6,-0.2550499439239502,-0.30299997329711914,-0.20709991455078125,526363,Cc1nnc(SCC(=O)Nc2ccc(O)cc2)n(N)c1=O,0.09692,Nc1nnc(SCC(=O)Nc2ccc(F)cc2)n1N,True,0.4440000000000001,0.3470800000000001,0.5576923076923077,False,True
1.0,bin,6,-0.2550499439239502,-0.30299997329711914,-0.20709991455078125,536853,COc1ccc(C2CCCN2C(=O)C2CCC2)c(OC)c1,3.1674000000000015,CCCC(=O)N1CCCC1c1ccc(OC)c(C(=O)NC(C)C)c1,True,3.2970000000000015,0.12959999999999994,0.36363636363636365,False,True
1.0,bin,6,-0.2550499439239502,-0.30299997329711914,-0.20709991455078125,540312,Cc1nn(C)c2nc(C3CC3)cc(C(=O)NCC(=O)NC(C)(C)C)c12,1.7986199999999997,CNC(=O)C(C)NC(=O)c1cc(C2CC2)nc2c1c(C)nn2C,True,1.0184199999999994,-0.7802000000000002,0.5806451612903226,False,True
1.0,bin,6,-0.2550499439239502,-0.30299997329711914,-0.20709991455078125,544381,Cc1nc(N2CCCC(C(=O)NC(C)C)C2)c2c(C)c(C)oc2n1,2.8890600000000006,Cc1nc(N2CCCCC(=O)OCC2)c2c(C)c(C)oc2n1,True,2.681560000000001,-0.20749999999999957,0.47540983606557374,False,True
1.0,bin,6,-0.2550499439239502,-0.30299997329711914,-0.20709991455078125,544382,CCCNC(=O)C1CCCN(c2nc(C)nc3oc(C)c(C)c23)C1,2.8906600000000013,Cc1nc(N2CCCCC(=O)NCC2)c2c(C)c(C)oc2n1,True,2.2545600000000006,-0.6361000000000008,0.4461538461538462,False,True
1.0,bin,6,-0.2550499439239502,-0.30299997329711914,-0.20709991455078125,550049,Cc1ccc(C)c(OCC(=O)Nc2cccc(-n3cnnc3)c2)c1,2.9016400000000013,Cc1nnc(NC(=O)COc2cccc(-c3ccc(O)cc3)c2)n1C,True,2.5136200000000004,-0.3880200000000009,0.30985915492957744,False,True
1.0,bin,6,-0.2550499439239502,-0.30299997329711914,-0.20709991455078125,573533,Cc1nn(-c2ncc(C(F)(F)F)cc2Cl)c(=O)o1,2.2011199999999995,Cc1nnc(Nc2ccc(C(F)(F)F)cn2)o1,True,2.5354200000000002,0.3343000000000007,0.3333333333333333,False,True
1.0,bin,6,-0.2550499439239502,-0.30299997329711914,-0.20709991455078125,582555,O=C(NCC(O)c1ccccc1)c1ccc2c(=O)n3c(nc2c1)CCC3,1.8061000000000003,O=C(NCC(O)c1ccc(F)c(F)c1)c1ccc2c(=O)[nH]cnc2c1,True,1.6647,-0.1414000000000002,0.4027777777777778,False,True
1.0,bin,6,-0.2550499439239502,-0.30299997329711914,-0.20709991455078125,588547,Cc1n[nH]c(C)c1NC(=O)CCc1ccc(Cl)cc1Cl,3.9046400000000023,Cc1n[nH]c(C)c1NC(=O)CCc1ccc(Cl)cc1Cl,True,3.9046400000000023,0.0,1.0,True,False
1.0,bin,6,-0.2550499439239502,-0.30299997329711914,-0.20709991455078125,607673,CCCN(CC1CC1)S(=O)(=O)c1ccccc1F,2.636400000000001,CCN(CC1CC1)S(=O)(=O)c1ccc(OC)cc1F,True,2.2549,-0.38150000000000084,0.52,False,True
1.0,bin,6,-0.2550499439239502,-0.30299997329711914,-0.20709991455078125,617681,Cc1cc(C(=O)Nc2nc(-c3ccncc3)cs2)nn1C(C)C,3.5432200000000016,CCCn1nc(C(=O)Nc2nc(-c3ccncc3)cs2)cc1C,True,3.372320000000002,-0.1708999999999996,0.6785714285714286,False,True
1.0,bin,6,-0.2550499439239502,-0.30299997329711914,-0.20709991455078125,650267,COc1ccc2oc(C(=O)NC3CCCCNC3=O)c(C)c2c1,2.14832,O=C(NC1CCCCN1)c1cc2c(F)cccc2o1,True,2.4013,0.25298,0.3194444444444444,False,True
1.0,bin,6,-0.2550499439239502,-0.30299997329711914,-0.20709991455078125,668639,Cc1cc(NC(=O)c2ccccc2Cl)ncc1N,2.8779200000000005,CSC=C1C=COC(C(=O)Nc2ncccc2CN)=C1,True,2.1535,-0.7244200000000003,0.20833333333333334,False,True
1.0,bin,6,-0.2550499439239502,-0.30299997329711914,-0.20709991455078125,673160,CCC(=O)Nc1ccc2oc(C(F)(F)F)cc(=O)c2c1,3.160300000000001,CCC(=O)Nc1ccc2oc(C(F)(F)F)cc(=O)c2c1,True,3.160300000000001,0.0,1.0,True,False
1.0,bin,6,-0.2550499439239502,-0.30299997329711914,-0.20709991455078125,711169,Cc1cccc(C(C)C)c1NC(=O)N(C)Cc1ccncc1,4.177320000000003,CN(Cc1ccncc1)C(=O)Nc1ccccc1C(F)(F)F,True,3.764300000000002,-0.4130200000000004,0.4909090909090909,False,True
1.0,bin,6,-0.2550499439239502,-0.30299997329711914,-0.20709991455078125,720969,Cc1noc(C)c1CCC(=O)OCC(=O)N1c2ccccc2CC1C,2.7450400000000013,Cc1noc(C)c1CCC(=O)OCC(=O)N1CCc2ccccc21,True,2.35654,-0.3885000000000014,0.6721311475409836,False,False
1.0,bin,6,-0.2550499439239502,-0.30299997329711914,-0.20709991455078125,730789,COC(=O)C1CCN(C(=O)c2cc3ccc(F)cc3nc2C)CC1,2.7075200000000006,COC(=O)C1CCCN(C(=O)c2cc3ccccc3nc2C)C1,True,2.5684200000000006,-0.1391,0.576271186440678,False,True
1.0,bin,6,-0.2550499439239502,-0.30299997329711914,-0.20709991455078125,738178,Cc1ccc(-n2ccnc2SCc2nc(C3CC3)no2)cc1C,4.041840000000003,Fc1ccc(-n2ccnc2SCc2nc(C3CC3)no2)c(F)c1,True,3.7032000000000025,-0.3386400000000007,0.6271186440677966,False,True
1.0,bin,6,-0.2550499439239502,-0.30299997329711914,-0.20709991455078125,771897,COc1ccccc1OCC(=O)N(C)Cc1sccc1C,3.102520000000002,COc1ccc(OCC(=O)N(C)Cc2sccc2N)cc1,True,2.3763000000000005,-0.7262200000000014,0.5283018867924528,False,True
1.0,bin,6,-0.2550499439239502,-0.30299997329711914,-0.20709991455078125,811446,COC(=O)C1(NC(=O)c2cc(Br)c[nH]2)CCCCCC1,2.7730000000000006,CCCCC(NC(=O)c1cc(N(C)C)c[nH]1)C(=O)OC,True,1.5422999999999998,-1.2307000000000008,0.2903225806451613,False,True
1.0,bin,6,-0.2550499439239502,-0.30299997329711914,-0.20709991455078125,848291,CCC(C)NC(=O)NCc1noc(-c2cccs2)n1,2.3958000000000004,CCOC(CC)C(=O)NCc1noc(-c2cccs2)n1,True,2.2294,-0.16640000000000033,0.6491228070175439,False,True
1.0,bin,6,-0.2550499439239502,-0.30299997329711914,-0.20709991455078125,863440,COc1ccc(-c2nc(CCCO)cs2)cc1OC,2.752200000000001,COc1ccc(-c2nc(CC(C)O)cs2)cc1OC,True,2.7506000000000013,-0.0015999999999998238,0.6521739130434783,False,True
1.0,bin,6,-0.2550499439239502,-0.30299997329711914,-0.20709991455078125,864663,N#Cc1ccc(-c2cc(F)ccc2F)nc1N1CCCC1,3.498680000000002,COC1=CC=C2CC1(C=CC=C(C#N)C(=N)N1CCCC1)CO2,True,2.900150000000001,-0.5985300000000011,0.14102564102564102,False,True
1.0,bin,6,-0.2550499439239502,-0.30299997329711914,-0.20709991455078125,872100,CCc1cccc(C)c1NCC(O)c1ccc2c(c1)OCCO2,3.474120000000002,N#Cc1ccc(NCC(O)c2ccc3c(c2)OCCO3)c(Cl)c1,True,3.1283800000000017,-0.34574000000000016,0.45901639344262296,False,True
1.0,bin,6,-0.2550499439239502,-0.30299997329711914,-0.20709991455078125,886334,COc1ccc(C(=O)N2CCCC(C(=O)N3CCCCC3)C2)c(O)c1,2.2655000000000003,O=C(c1ccc(O)cc1)N1CCCC(C(=O)N2CCCCC2)C1,True,2.256900000000001,-0.008599999999999497,0.5714285714285714,False,True
1.0,bin,6,-0.2550499439239502,-0.30299997329711914,-0.20709991455078125,887387,COCCNC(=O)N(Cc1cccc(F)c1)CC1CCCO1,2.1627,CCN(Cc1cccc(CNC(=O)NC)c1)CC1CCCO1,True,2.1164999999999994,-0.046200000000000685,0.463768115942029,False,True
1.0,bin,6,-0.2550499439239502,-0.30299997329711914,-0.20709991455078125,889149,N#Cc1ccc(NC(=O)c2ccc(Br)cc2Cl)nc1,3.621480000000001,N#Cc1ccc(NC(=O)c2ccc(OC(F)(F)F)cc2)nc1,True,3.1041800000000013,-0.5172999999999996,0.4642857142857143,False,True
1.0,bin,6,-0.2550499439239502,-0.30299997329711914,-0.20709991455078125,913483,O=C(CNC(=O)NCCc1c(Cl)cccc1Cl)NC1CC1,2.1137000000000006,O=C(CNC(=O)NCC1CC1)NCCc1cccc(Br)c1,True,1.8170000000000004,-0.2967000000000002,0.40350877192982454,False,True
1.0,bin,6,-0.2550499439239502,-0.30299997329711914,-0.20709991455078125,917620,C=CCN(Cc1ccccc1OC)C(=O)c1csc(C)n1,3.288520000000002,C=CCN(Cc1cccc(OC)c1)C(=O)c1csc(C#N)n1,True,2.8517800000000015,-0.43674000000000035,0.48484848484848486,False,True
1.0,bin,6,-0.2550499439239502,-0.30299997329711914,-0.20709991455078125,918312,CCOc1ccc(Cl)c(C(=O)N2CCN(c3ncccn3)CC2)n1,1.8860999999999997,CC1=NC(NCCN(C=N)C(=O)c2cc(Cl)ccn2)COC=C1,True,1.70477,-0.18132999999999977,0.1744186046511628,False,True
1.0,bin,6,-0.2550499439239502,-0.30299997329711914,-0.20709991455078125,922879,CC(=O)c1ccc(N2CCN(Cc3c(F)cccc3F)CC2)cc1,3.489600000000003,C=CCOc1ccc(CN2CCN(c3cccc(O)c3)CC2)cc1,True,3.279200000000002,-0.2104000000000008,0.2903225806451613,False,True
1.0,bin,6,-0.2550499439239502,-0.30299997329711914,-0.20709991455078125,927535,COc1cc(CN2CCN(c3ccccc3F)CC2)ccc1O,2.862100000000002,COc1cccc(O)c1CN1CCN(c2cccc(F)c2)CC1,True,2.8621000000000016,-4.440892098500626e-16,0.4482758620689655,False,True
1.0,bin,6,-0.2550499439239502,-0.30299997329711914,-0.20709991455078125,927567,Cc1ccccc1N1CCN(Cc2cccc(O)c2)CC1,3.022820000000001,N#Cc1c(N)cccc1N1CCN(Cc2cccc(F)c2)CC1,True,2.6017800000000006,-0.4210400000000005,0.41818181818181815,False,True
1.0,bin,6,-0.2550499439239502,-0.30299997329711914,-0.20709991455078125,938108,CC(c1ccccc1)N(C)C(=O)CCC(=O)Nc1nccs1,3.0814000000000012,COc1ccccc1CN(C)C(=O)CCC(=O)Nc1nccs1,True,2.529,-0.5524000000000013,0.559322033898305,False,True
1.0,bin,6,-0.2550499439239502,-0.30299997329711914,-0.20709991455078125,943303,CN(CCCOc1ccccc1)C(=O)Nc1cccc2c1OCCO2,3.390600000000002,C=CC=CC=COCCCN=C,True,2.3496000000000006,-1.0410000000000013,0.05970149253731343,False,True
1.0,bin,6,-0.2550499439239502,-0.30299997329711914,-0.20709991455078125,946289,CC(NC(=O)C1(c2cc(-c3ccco3)on2)CC1)c1ccccc1,3.843600000000002,CCC(C(=O)NCC1=CC=CCC1)c1cc(-c2ccco2)on1,True,3.820800000000003,-0.022799999999999265,0.3466666666666667,False,True
1.0,bin,6,-0.2550499439239502,-0.30299997329711914,-0.20709991455078125,994077,Cc1nnc(Cn2c(-c3cccc(Br)c3)noc2=O)o1,2.0055199999999997,COc1cccc(-c2noc(=O)n2CC2=NN=C2C)c1,True,1.3423999999999998,-0.6631199999999999,0.4576271186440678,False,True
1.0,bin,6,-0.2550499439239502,-0.30299997329711914,-0.20709991455078125,1065620,O=C(NCc1cccnc1Oc1ccccc1)c1cccnc1,3.198900000000002,N#Cc1ccccc1Oc1ncccc1CNC(=O)c1cccnc1,True,3.0705800000000005,-0.12832000000000132,0.6851851851851852,False,True
1.0,bin,6,-0.2550499439239502,-0.30299997329711914,-0.20709991455078125,1093926,CN(C(=O)CNc1cccc(OCC2CCCO2)c1)c1ccccc1,3.319300000000002,CN(C)c1cccc(CN(C(=O)CNC2CCCO2)c2ccccc2)c1,True,3.0119000000000007,-0.30740000000000123,0.4027777777777778,False,True
1.0,bin,6,-0.2550499439239502,-0.30299997329711914,-0.20709991455078125,1107920,CCc1ccc(-n2cc(C(=O)NC(C)c3ccccc3)nn2)cc1,3.320700000000002,COc1cccc(CN(C)C(=O)c2cn(-c3cccc(C)c3)nn2)c1,True,2.8565200000000015,-0.4641800000000007,0.3055555555555556,False,True
1.0,bin,6,-0.2550499439239502,-0.30299997329711914,-0.20709991455078125,1113130,CC(NC(=O)Cn1nnnc1C(C)(C)C)c1cccc2ccccc12,3.0012000000000016,Cc1nnnn1CC(=O)NC(c1cccc2ccccc12)C(C)C,True,2.6482200000000002,-0.3529800000000014,0.5964912280701754,False,True
1.0,bin,6,-0.2550499439239502,-0.30299997329711914,-0.20709991455078125,1121751,COC(=O)Cn1ccc(NS(=O)(=O)c2ccc(F)c(F)c2F)n1,1.2742,COC(=O)Cn1ccc(NS(=O)(=O)c2cccc(NC(C)=O)c2)n1,True,0.8152999999999996,-0.4589000000000004,0.5333333333333333,False,True
1.0,bin,6,-0.2550499439239502,-0.30299997329711914,-0.20709991455078125,1142531,CCOC(C)C(=O)NCCc1csc(-c2ccc(C)cc2)n1,3.2022200000000014,CCC(=O)NCCc1csc(-c2ccc(C)cc2)n1,True,3.1872200000000017,-0.01499999999999968,0.6666666666666666,False,True
1.0,bin,6,-0.2550499439239502,-0.30299997329711914,-0.20709991455078125,1212157,CN(Cc1ccc(F)c(F)c1)C(=O)c1cncc(-c2cnn(C)c2)c1,3.0325000000000015,COCc1cccc(CN(C)C(=O)c2cncc(-c3cnn(C)c3)c2)c1,True,2.9007000000000014,-0.13180000000000014,0.6779661016949152,False,True
1.0,bin,6,-0.2550499439239502,-0.30299997329711914,-0.20709991455078125,1215394,CCn1nc(C)cc1C(=O)Oc1cccc(NC(=O)C(C)C)c1,3.025120000000001,CCn1nc(C)cc1C(=O)Oc1ccc(NC(C)=O)cc1,True,2.3890200000000004,-0.6361000000000008,0.6,False,True
1.0,bin,6,-0.2550499439239502,-0.30299997329711914,-0.20709991455078125,1232922,CC(C)(C)OC(=O)NC1CCCN(S(=O)(=O)N2CCOCC2)C1,0.5525000000000011,CCN(CC)C(=O)C1CCN(S(=O)(=O)N2CCOCC2C)CC1,True,0.5323000000000009,-0.020200000000000218,0.296875,False,True
1.0,bin,6,-0.2550499439239502,-0.30299997329711914,-0.20709991455078125,1238973,FC(F)(F)c1cnc(N2CCn3c(nnc3C3CC3)C2)c(Cl)c1,3.2429000000000023,FC(F)(F)c1ccc(N2CCn3c(nnc3C3CC3)C2)nc1,True,2.5895,-0.6534000000000022,0.6415094339622641,False,True
1.0,bin,6,-0.2550499439239502,-0.30299997329711914,-0.20709991455078125,1299495,Cc1cc(CC(=O)N2CCCC2C(C#N)c2ccccc2)no1,2.823900000000001,COc1ccc(C(C#N)C2CCCN2C(=O)Cc2ccon2)cc1,True,2.5240800000000005,-0.2998200000000004,0.5909090909090909,False,True
1.0,bin,6,-0.2550499439239502,-0.30299997329711914,-0.20709991455078125,1309906,CC(C)CC(NC(=O)c1cc(=O)c2ccccc2o1)C(=O)OC(C)C,2.8891000000000018,CCCC(C)(C=O)NC(=O)c1cc(=O)c2ccccc2o1,True,2.280500000000001,-0.6086000000000009,0.45901639344262296,False,True
1.0,bin,6,-0.2550499439239502,-0.30299997329711914,-0.20709991455078125,1362816,COCc1cccc(C(=O)NC2CC2c2cccc(Cl)c2)c1,3.772300000000002,O=C(NC1CC1c1cccc(Cl)c1)c1ccccc1F,True,3.7650000000000023,-0.007299999999999862,0.5357142857142857,False,True
1.0,bin,6,-0.2550499439239502,-0.30299997329711914,-0.20709991455078125,1441838,COCC(=O)NC(C(=O)Nc1cccc(-c2nccs2)c1)C(C)C,2.5358,COCC(C)C(=O)NC(C)(O)Nc1cccc(-c2nccs2)c1,True,2.2866999999999997,-0.24910000000000032,0.5373134328358209,False,True
1.0,bin,6,-0.2550499439239502,-0.30299997329711914,-0.20709991455078125,1450449,CCCNC(=O)CSc1nc2c(cc1C#N)CCCC2,2.450380000000001,CCCNC(=O)CSc1nc2c(cc1C#N)CCCC2,True,2.450380000000001,0.0,1.0,True,False
1.0,bin,6,-0.2550499439239502,-0.30299997329711914,-0.20709991455078125,1451910,O=S(=O)(NCc1nnc2ccccn12)c1ccc(F)c(F)c1,1.4859999999999995,CN(C)C(=O)c1cccc(S(=O)(=O)NCc2nnc3ccccn23)c1,True,0.9095999999999995,-0.5764,0.5964912280701754,False,True
1.0,bin,6,-0.2550499439239502,-0.30299997329711914,-0.20709991455078125,1479798,Cc1nc(C)c(CCC(=O)N(CC(C)C)CC(F)(F)F)c(=O)[nH]1,2.3662400000000003,Cc1nc(C)c(CCC(=O)N(CCC#N)CC(C)C)c(=O)[nH]1,True,1.71762,-0.6486200000000004,0.6666666666666666,False,True
1.0,bin,6,-0.2550499439239502,-0.30299997329711914,-0.20709991455078125,1507926,COC(=O)C(C)NC(=O)Cc1csc(-c2ccccc2Cl)n1,2.6837,NC(=O)CCNC(=O)Cc1csc(-c2ccccc2Cl)n1,True,1.9975999999999998,-0.6861000000000002,0.6,False,True
1.0,bin,6,-0.2550499439239502,-0.30299997329711914,-0.20709991455078125,1527882,Nc1ncccc1C(=O)Nc1ccc2cn[nH]c2c1,1.7923999999999998,Nc1n[nH]c2ccc(NC(=O)c3cccnc3)cc12,True,1.7923999999999998,0.0,0.43103448275862066,False,True
1.0,bin,6,-0.2550499439239502,-0.30299997329711914,-0.20709991455078125,1532848,COc1ccc(-c2ccc3c(=O)[nH]cnc3c2)cc1Cl,3.2521000000000013,CCc1c(C2=CC=COC2)ccc2ncc(=O)[nH]c12,True,2.4128,-0.8393000000000015,0.1388888888888889,False,True
1.0,bin,6,-0.2550499439239502,-0.30299997329711914,-0.20709991455078125,1548351,COc1cc(OC)c2c(c1)C(c1cnccn1)NCC2,1.7288999999999999,COc1cc2c(c(OC)c1O)C(c1cnccn1)NCC2,True,1.4344999999999999,-0.2944,0.5178571428571429,False,False
1.0,bin,6,-0.2550499439239502,-0.30299997329711914,-0.20709991455078125,1570134,COc1cccc(C(C)N2CCN(C(=O)c3ccc(O)cc3)CC2)c1,2.9198000000000013,CC(c1ccc(C#N)cc1)N1CCN(C(=O)c2ccccc2C#N)CC1,True,2.9489600000000014,0.029160000000000075,0.3709677419354839,False,True
1.0,bin,6,-0.2550499439239502,-0.30299997329711914,-0.20709991455078125,1611406,CC(C)(C)N1CC(NC(=O)C2COc3ccc(F)cc3C2)CC1=O,1.8923999999999994,Cc1ccc2c(c1)CC(C(=O)NC1CC(=O)N(C(C)C)C1C)O2,True,1.8125199999999995,-0.07987999999999995,0.30666666666666664,False,True
1.0,bin,6,-0.2550499439239502,-0.30299997329711914,-0.20709991455078125,1612684,CCCC1CN(C(=O)Nc2ccn(CCC(C)C)n2)CCO1,2.9620000000000015,CCCC1CN(C(=O)Nc2ccn(C(C)CC)n2)CCO1,True,2.8869000000000016,-0.07509999999999994,0.711864406779661,False,True
1.0,bin,6,-0.2550499439239502,-0.30299997329711914,-0.20709991455078125,1639675,CCC(CC)c1nnc(NC(=O)c2scnc2C2CC2)s1,4.0279000000000025,CC(C)(C)c1nnc(NC(=O)c2scnc2C2CC2)s1,True,3.421800000000002,-0.6061000000000005,0.6666666666666666,False,False
1.0,bin,6,-0.2550499439239502,-0.30299997329711914,-0.20709991455078125,1675660,COc1ccnc(NC(=O)c2cccc(Cl)c2)c1,2.9959000000000007,CCOc1cc(C(=O)Nc2cc(OC)ccn2)ccc1OC,True,2.7498000000000014,-0.24609999999999932,0.5882352941176471,False,False
1.0,bin,6,-0.2550499439239502,-0.30299997329711914,-0.20709991455078125,1689728,CCc1noc(CSc2ncnc3sc(C)cc23)n1,3.237420000000002,CCc1noc(CSc2ncnc3sc(C)cc23)n1,True,3.237420000000002,0.0,1.0,True,False
1.0,bin,6,-0.2550499439239502,-0.30299997329711914,-0.20709991455078125,1720876,CC(C)(C)CC(=O)NCC(=O)Nc1ccc2c(c1)COC2,2.2077,COC(=O)C(NC(=O)Nc1ccc2c(c1)COC2(C)C)C(C)C,True,2.771000000000001,0.5633000000000008,0.2923076923076923,False,True
1.0,bin,6,-0.2550499439239502,-0.30299997329711914,-0.20709991455078125,1757109,CC(C)Cc1ncc(CNc2ccc3c(c2)COC3)s1,3.983900000000003,CCOCc1ccc(OC)c(NCc2cnc(C)s2)c1,True,3.6087200000000017,-0.3751800000000012,0.2835820895522388,False,True
1.0,bin,6,-0.2550499439239502,-0.30299997329711914,-0.20709991455078125,1774061,O=C1NCCCc2[nH]c(-c3cccc4[nH]ccc34)nc21,2.234,O=C1NCCC2=C1c1nc(-c3cccc(C(=O)NCCO)c3)[nH]c12,True,0.5428999999999997,-1.6911000000000003,0.2972972972972973,False,True
1.0,bin,6,-0.2550499439239502,-0.30299997329711914,-0.20709991455078125,1800687,Cc1nn(C)c(-c2nc(-c3cccnn3)no2)c1Cl,1.8889199999999997,Cc1nn(C)c(-c2nc(-c3cccnn3)no2)c1C,True,1.5439399999999996,-0.34498000000000006,0.7777777777777778,False,True
1.0,bin,6,-0.2550499439239502,-0.30299997329711914,-0.20709991455078125,1815867,FC(F)(F)c1ccc(CN2CCOCC2c2ncon2)cc1,2.661900000000001,Cc1cc(C)c(CN2CCOCC2c2ncon2)c(C)c1,True,2.568360000000001,-0.09353999999999996,0.5636363636363636,False,True
1.0,bin,6,-0.2550499439239502,-0.30299997329711914,-0.20709991455078125,1828580,Cc1ccc(N2CC3OCC(=O)N(Cc4cccc(F)c4)C3C2)nn1,1.54032,N#Cc1ccc(N2CCOCC(=O)N(Cc3ccccc3)CC2N)[nH]1,True,1.0365799999999998,-0.5037400000000001,0.19540229885057472,False,True
1.0,bin,6,-0.2550499439239502,-0.30299997329711914,-0.20709991455078125,1836183,CCc1ccc(C(=O)NCc2nccc(N(C)C)n2)cc1,2.035,COc1cc(C(=O)NCc2nccc(C)n2)ccc1C,True,2.0320400000000003,-0.0029599999999998516,0.43859649122807015,False,True
1.0,bin,6,-0.2550499439239502,-0.30299997329711914,-0.20709991455078125,1842499,COc1ccccc1COc1ccccc1-c1cnn(CCO)c1,3.1300000000000017,Cc1c(-c2ccccc2OCC2=CC=C(C(N)=O)C2)cnn1C,True,2.516120000000001,-0.6138800000000009,0.3235294117647059,False,True
1.0,bin,6,-0.2550499439239502,-0.30299997329711914,-0.20709991455078125,1865564,COC(CNC(=O)c1ccoc1)c1cccc(F)c1,2.536200000000001,COc1cccc(C(O)CNC(=O)c2ccoc2)c1,True,1.7515999999999998,-0.7846000000000011,0.5818181818181818,False,False
1.0,bin,6,-0.2550499439239502,-0.30299997329711914,-0.20709991455078125,1868773,CCCOc1ccc(Cl)c2c1CCNC2C1CC(=O)C1,3.2947000000000015,O=C1CCC(C2NCCc3c2ccc(OC(F)F)c3F)N1,True,1.8925,-1.4022000000000014,0.2753623188405797,False,True
1.0,bin,6,-0.2550499439239502,-0.30299997329711914,-0.20709991455078125,1873123,CCC1OC(=O)c2c(OC)ccc(Br)c21,3.079200000000002,CCOC1=CC=C(C(C)=C(C)OC=O)CC=C1OC,True,3.2341000000000024,0.15490000000000048,0.14516129032258066,False,True
1.0,bin,6,-0.2550499439239502,-0.30299997329711914,-0.20709991455078125,1875028,Cc1cccc(C)c1NCC(=O)N1CCCC2CCCCC21,3.8965400000000034,O=C(CNc1ccccc1)N1CCC2CCCC2C1,True,2.7471000000000014,-1.149440000000002,0.39622641509433965,False,True
1.0,bin,6,-0.2550499439239502,-0.30299997329711914,-0.20709991455078125,1895921,CCC(CC)N(C)C(=O)CC1OC(=O)c2ccccc21,2.935200000000002,CCN(CC(C)C#N)C(=O)CC1OC(=O)c2ccccc21,True,2.29638,-0.6388200000000017,0.5660377358490566,False,True
1.0,bin,6,-0.2550499439239502,-0.30299997329711914,-0.20709991455078125,1907077,Cc1ccc2[nH]nc(C(=O)Nc3nc(-c4ccco4)cs3)c2c1,3.8401200000000015,COc1ccc2[nH]nc(C(=O)Nc3nc(-c4ccco4)cs3)c2c1,True,3.540300000000001,-0.2998200000000004,0.7796610169491526,False,True
1.0,bin,6,-0.2550499439239502,-0.30299997329711914,-0.20709991455078125,1913063,Cc1nn(C)c(C)c1CN(C(=O)c1cn2cccc(C)c2n1)C1CC1,2.797860000000001,C=CC1CC1N(Cc1cnn(C)c1)C(=O)C1=CN=CN(C)N=CC1,True,1.5566999999999998,-1.2411600000000012,0.20224719101123595,False,True
1.0,bin,6,-0.2550499439239502,-0.30299997329711914,-0.20709991455078125,1922265,CN(CCNC(=O)c1ccc2c(c1)ncn2C)c1ccccc1,2.4395000000000007,COC=CC=CCNCCNC(=O)c1ccc2[nH]cnc2c1,True,1.5985999999999994,-0.8409000000000013,0.3055555555555556,False,True
1.0,bin,7,-0.1658499836921692,-0.20709991455078125,-0.12460005283355713,32052,COc1ccccc1CNC(=O)Cc1c[nH]c2ccccc12,3.035400000000001,N#Cc1ccc(CNC(=O)Cc2c[nH]c3ccccc23)cc1,True,2.898480000000001,-0.13691999999999993,0.5686274509803921,False,False
1.0,bin,7,-0.1658499836921692,-0.20709991455078125,-0.12460005283355713,116747,COCCSc1ccccc1C(=O)Nc1cccc(C)n1,3.3808200000000017,Cc1cccc(NC(=O)c2cc(Cl)ccc2N)n1,True,2.8779200000000005,-0.5029000000000012,0.45454545454545453,False,False
1.0,bin,7,-0.1658499836921692,-0.20709991455078125,-0.12460005283355713,131060,CS(=O)(=O)NCCc1csc(-c2ccc(F)cc2)n1,2.0408999999999997,CS(=O)(=O)NCc1csc(-c2ccccc2F)n1,True,1.9984,-0.04249999999999976,0.5102040816326531,False,True
1.0,bin,7,-0.1658499836921692,-0.20709991455078125,-0.12460005283355713,131949,CCc1c(C)nc(SCC(=O)NC(C)C)[nH]c1=O,1.25742,CCC(C)NC(=O)CSc1nc(C)c(C)c(=O)[nH]1,True,1.3935399999999998,0.1361199999999998,0.625,False,True
1.0,bin,7,-0.1658499836921692,-0.20709991455078125,-0.12460005283355713,158879,COc1ccc(CC(=O)OCC(=O)c2c[nH]c3ccccc23)cc1,3.145100000000001,COc1ccc(CC(=O)OCC(=O)c2c[nH]c3ccccc23)cc1O,True,2.850700000000001,-0.2944,0.7169811320754716,False,True
1.0,bin,7,-0.1658499836921692,-0.20709991455078125,-0.12460005283355713,232056,COCCNC(=O)c1cc(=O)c2cc(C)ccc2o1,1.4776199999999993,CCCNC(=O)CNC(=O)c1cc(=O)c2cc(OC)ccc2o1,True,1.0575999999999999,-0.4200199999999994,0.5357142857142857,False,True
1.0,bin,7,-0.1658499836921692,-0.20709991455078125,-0.12460005283355713,235788,O=C(Cn1nc(-c2ccco2)oc1=O)NCC(F)(F)F,0.7747999999999999,CCN(CC)C(=O)Cn1nc(-c2ccco2)oc1=O,True,0.9647,0.18990000000000007,0.5849056603773585,False,True
1.0,bin,7,-0.1658499836921692,-0.20709991455078125,-0.12460005283355713,236081,CC(=O)c1c(C)[nH]c(C(=O)CSc2nc(C(C)C)n[nH]2)c1C,3.0506400000000014,COC(=O)c1c(C)[nH]c(C(=O)CSc2nc(C(C)(C)C)n[nH]2)c1C,True,2.8087400000000002,-0.24190000000000111,0.5344827586206896,False,True
1.0,bin,7,-0.1658499836921692,-0.20709991455078125,-0.12460005283355713,281081,O=C(Cn1cccn1)NCc1cccnc1Oc1ccc(F)cc1F,2.665000000000001,O=C(COc1ccccc1)NCc1cccnc1-n1cccn1,True,1.9624999999999997,-0.7025000000000012,0.39705882352941174,False,False
1.0,bin,7,-0.1658499836921692,-0.20709991455078125,-0.12460005283355713,284170,COc1ccc(-c2nc(CC(=O)Nc3cccc(C)n3)cs2)cc1,3.7033200000000024,O=C(Cc1csc(-c2ccccc2F)n1)Nc1ccccn1,True,3.525400000000001,-0.1779200000000012,0.45901639344262296,False,True
1.0,bin,7,-0.1658499836921692,-0.20709991455078125,-0.12460005283355713,288369,Cc1ccc(NCc2nnc3n2CCCCC3)cc1C,3.2334400000000016,Fc1cc(F)cc(NCc2nnc3n2CCCCC3)c1,True,2.894800000000001,-0.3386400000000007,0.6382978723404256,False,True
1.0,bin,7,-0.1658499836921692,-0.20709991455078125,-0.12460005283355713,302889,COc1ccc(OC)c(NC(=O)CCNC(=O)c2cccs2)c1,2.5239000000000003,COc1ccc(OC)c(NC(=O)CCNC(=O)c2cccs2)c1,True,2.5239000000000003,0.0,1.0,True,False
1.0,bin,7,-0.1658499836921692,-0.20709991455078125,-0.12460005283355713,327141,COc1ccc(OC)c(S(=O)(=O)Nc2ccn(C)n2)c1,1.2381,Cn1ccc(NS(=O)(=O)c2ccc(S(C)(=O)=O)cc2)n1,True,0.6243999999999998,-0.6137000000000001,0.48936170212765956,False,True
1.0,bin,7,-0.1658499836921692,-0.20709991455078125,-0.12460005283355713,327382,CNC(=O)C1CN(C(=O)c2c(C)noc2C)c2ccccc2O1,1.4452399999999996,Cc1noc(C)c1C(=O)N1CC(C(N)=O)Oc2ccccc21,True,1.1845399999999995,-0.26070000000000015,0.78,False,True
1.0,bin,7,-0.1658499836921692,-0.20709991455078125,-0.12460005283355713,406491,COCCNC(=O)C1CCCN(S(=O)(=O)N2CCOCC2)C1,-0.9619999999999964,N#CC1CN(S(=O)(=O)N2CCC(CC(N)=O)CC2)CCO1,True,-0.9570199999999982,0.004979999999998208,0.328125,False,True
1.0,bin,7,-0.1658499836921692,-0.20709991455078125,-0.12460005283355713,413951,O=C(Cn1ncn2cccc2c1=O)N1CCCCCC1,0.8985999999999996,CCCCC(=O)Cn1ncn2cccc2c1=O,True,1.2553,0.35670000000000046,0.56,False,True
1.0,bin,7,-0.1658499836921692,-0.20709991455078125,-0.12460005283355713,427929,CCNc1nc(NCc2ccccc2Cl)c2cnn(C)c2n1,3.060600000000001,COCCNc1nc(NCc2ccccc2)c2cnn(C(C)C)c2n1,True,3.0776000000000012,0.017000000000000348,0.3939393939393939,False,True
1.0,bin,7,-0.1658499836921692,-0.20709991455078125,-0.12460005283355713,447130,CCC(NC(=O)C1CCN(C(=O)C2CC2)CC1)c1ccc(C)cc1,3.2109200000000016,CCc1ccc(C(NC(=O)C2CCN(C(C)=O)CC2)C2CC2)cc1,True,3.0748000000000015,-0.13612000000000002,0.45614035087719296,False,True
1.0,bin,7,-0.1658499836921692,-0.20709991455078125,-0.12460005283355713,481908,CCNS(=O)(=O)c1ccc(C)c(C(=O)Nc2ncccc2C)c1,2.24894,CC(=CC=CS(C)(=O)=O)C(=O)Nc1cc(Cl)ccn1,True,2.1780999999999997,-0.07084000000000046,0.2318840579710145,False,True
1.0,bin,7,-0.1658499836921692,-0.20709991455078125,-0.12460005283355713,485220,Cc1nn(CC(=O)N2CCN(C)CC2)c(C)c1Br,1.03644,Cc1nn(CC(=O)N2CCN(C)CC2)c(C)c1Br,True,1.03644,0.0,1.0,True,False
1.0,bin,7,-0.1658499836921692,-0.20709991455078125,-0.12460005283355713,526363,Cc1nnc(SCC(=O)Nc2ccc(O)cc2)n(N)c1=O,0.09692,COC1=CC=C(NC(=O)CSc2nnc(N)c(=O)[nH]2)NC=C1,True,-0.5559999999999992,-0.6529199999999992,0.2602739726027397,False,True
1.0,bin,7,-0.1658499836921692,-0.20709991455078125,-0.12460005283355713,536853,COc1ccc(C2CCCN2C(=O)C2CCC2)c(OC)c1,3.1674000000000015,COc1ccc(C2CCCN2C(=O)C2CCC2)cc1,True,3.158800000000002,-0.008599999999999497,0.6739130434782609,False,False
1.0,bin,7,-0.1658499836921692,-0.20709991455078125,-0.12460005283355713,540312,Cc1nn(C)c2nc(C3CC3)cc(C(=O)NCC(=O)NC(C)(C)C)c12,1.7986199999999997,Cc1nn(C)cnc(C2CC2)cc2c1CC(C)N(CC(N)=O)C2=O,True,0.9974199999999998,-0.8011999999999999,0.26582278481012656,False,True
1.0,bin,7,-0.1658499836921692,-0.20709991455078125,-0.12460005283355713,544381,Cc1nc(N2CCCC(C(=O)NC(C)C)C2)c2c(C)c(C)oc2n1,2.8890600000000006,COC(=O)C1CCCCN1c1nc(C)nc2oc(C)c(C)c12,True,2.6799600000000003,-0.20910000000000029,0.5,False,True
1.0,bin,7,-0.1658499836921692,-0.20709991455078125,-0.12460005283355713,544382,CCCNC(=O)C1CCCN(c2nc(C)nc3oc(C)c(C)c23)C1,2.8906600000000013,Cc1nc(N2CCCC(CC(C)O)C2)c2c(C)c(C)oc2n1,True,3.135360000000002,0.2447000000000008,0.5645161290322581,False,True
1.0,bin,7,-0.1658499836921692,-0.20709991455078125,-0.12460005283355713,550049,Cc1ccc(C)c(OCC(=O)Nc2cccc(-n3cnnc3)c2)c1,2.9016400000000013,O=C(COc1cccc(-n2cnnc2)c1)Nc1cc(F)ccc1F,True,2.5630000000000006,-0.3386400000000007,0.46774193548387094,False,True
1.0,bin,7,-0.1658499836921692,-0.20709991455078125,-0.12460005283355713,573533,Cc1nn(-c2ncc(C(F)(F)F)cc2Cl)c(=O)o1,2.2011199999999995,C=CC(=O)ON=C(N=CC(=O)NCC(C)C)C(F)(F)F,True,1.4343999999999997,-0.7667199999999998,0.06944444444444445,False,True
1.0,bin,7,-0.1658499836921692,-0.20709991455078125,-0.12460005283355713,582555,O=C(NCC(O)c1ccccc1)c1ccc2c(=O)n3c(nc2c1)CCC3,1.8061000000000003,O=C(NCC(O)c1cc2cc(c1)C(=O)N2)c1cccc(CN2CCC2)c1,True,1.9214000000000002,0.11529999999999996,0.3684210526315789,False,True
1.0,bin,7,-0.1658499836921692,-0.20709991455078125,-0.12460005283355713,588547,Cc1n[nH]c(C)c1NC(=O)CCc1ccc(Cl)cc1Cl,3.9046400000000023,Cc1n[nH]c(C)c1NC(=O)CCc1ccc(OC(C)C)c(Cl)c1,True,4.038440000000003,0.1338000000000008,0.5689655172413793,False,True
1.0,bin,7,-0.1658499836921692,-0.20709991455078125,-0.12460005283355713,607673,CCCN(CC1CC1)S(=O)(=O)c1ccccc1F,2.636400000000001,CCN(CC1CC1)S(=O)(=O)c1ccc(F)c(F)c1,True,2.3854000000000006,-0.25100000000000033,0.4791666666666667,False,True
1.0,bin,7,-0.1658499836921692,-0.20709991455078125,-0.12460005283355713,617681,Cc1cc(C(=O)Nc2nc(-c3ccncc3)cs2)nn1C(C)C,3.5432200000000016,CCn1nc(C(=O)Nc2nc(-c3ccncc3)cs2)cc1Cl,True,3.327200000000002,-0.21601999999999943,0.6140350877192983,False,True
1.0,bin,7,-0.1658499836921692,-0.20709991455078125,-0.12460005283355713,650267,COc1ccc2oc(C(=O)NC3CCCCNC3=O)c(C)c2c1,2.14832,O=C(NC1CCCCNC1=O)C1=CCC=CC=CC1,True,1.6038999999999994,-0.5444200000000006,0.421875,False,True
1.0,bin,7,-0.1658499836921692,-0.20709991455078125,-0.12460005283355713,668639,Cc1cc(NC(=O)c2ccccc2Cl)ncc1N,2.8779200000000005,Nc1ccnc(NC(=O)c2c(F)cccc2Br)c1,True,2.8177000000000003,-0.06022000000000016,0.3275862068965517,False,True
1.0,bin,7,-0.1658499836921692,-0.20709991455078125,-0.12460005283355713,673160,CCC(=O)Nc1ccc2oc(C(F)(F)F)cc(=O)c2c1,3.160300000000001,CCC(=O)NC=C1C=COC(C(F)(F)F)=CC(=O)C=C1,True,2.5119000000000007,-0.6484000000000005,0.2903225806451613,False,True
1.0,bin,7,-0.1658499836921692,-0.20709991455078125,-0.12460005283355713,711169,Cc1cccc(C(C)C)c1NC(=O)N(C)Cc1ccncc1,4.177320000000003,Cc1ccc(NC(=O)N(Cc2ccncc2)C(C)C)cc1C,True,4.140940000000003,-0.03637999999999941,0.45454545454545453,False,True
1.0,bin,7,-0.1658499836921692,-0.20709991455078125,-0.12460005283355713,720969,Cc1noc(C)c1CCC(=O)OCC(=O)N1c2ccccc2CC1C,2.7450400000000013,Cc1noc(C)c1CCC(=O)OCC(=O)N1CCc2ccccc21,True,2.35654,-0.3885000000000014,0.6721311475409836,False,False
1.0,bin,7,-0.1658499836921692,-0.20709991455078125,-0.12460005283355713,730789,COC(=O)C1CCN(C(=O)c2cc3ccc(F)cc3nc2C)CC1,2.7075200000000006,Cc1nc2ccc(F)cc2cc1C(=O)N1CCC(C(N)=O)CC1,True,2.01982,-0.6877000000000004,0.6363636363636364,False,True
1.0,bin,7,-0.1658499836921692,-0.20709991455078125,-0.12460005283355713,738178,Cc1ccc(-n2ccnc2SCc2nc(C3CC3)no2)cc1C,4.041840000000003,Fc1cccc(-n2ccnc2SCc2nc(C3CC3)no2)c1,True,3.5641000000000025,-0.4777400000000007,0.7142857142857143,False,True
1.0,bin,7,-0.1658499836921692,-0.20709991455078125,-0.12460005283355713,771897,COc1ccccc1OCC(=O)N(C)Cc1sccc1C,3.102520000000002,CC(=O)Nc1ccc(OCC(=O)N(C)Cc2sccc2C)cc1,True,3.0523200000000017,-0.050200000000000244,0.5740740740740741,False,True
1.0,bin,7,-0.1658499836921692,-0.20709991455078125,-0.12460005283355713,811446,COC(=O)C1(NC(=O)c2cc(Br)c[nH]2)CCCCCC1,2.7730000000000006,COC(=O)CCCC(C)NC(=O)c1cc(Br)c[nH]1,True,2.2388,-0.5342000000000007,0.41818181818181815,False,True
1.0,bin,7,-0.1658499836921692,-0.20709991455078125,-0.12460005283355713,848291,CCC(C)NC(=O)NCc1noc(-c2cccs2)n1,2.3958000000000004,CC(=O)N(Cc1noc(-c2ccc(SCC#N)o2)n1)C(C)C,True,2.702180000000001,0.30638000000000076,0.26666666666666666,False,True
1.0,bin,7,-0.1658499836921692,-0.20709991455078125,-0.12460005283355713,863440,COc1ccc(-c2nc(CCCO)cs2)cc1OC,2.752200000000001,COC=CC=C(COC)C1=NC(CCCO)=C[SH]1C,True,2.3763000000000005,-0.37590000000000057,0.21212121212121213,False,True
1.0,bin,7,-0.1658499836921692,-0.20709991455078125,-0.12460005283355713,864663,N#Cc1ccc(-c2cc(F)ccc2F)nc1N1CCCC1,3.498680000000002,N#Cc1cccc(-c2ccc(N3CCCC3)nc2)c1,True,3.220480000000001,-0.2782000000000009,0.29310344827586204,False,True
1.0,bin,7,-0.1658499836921692,-0.20709991455078125,-0.12460005283355713,872100,CCc1cccc(C)c1NCC(O)c1ccc2c(c1)OCCO2,3.474120000000002,Cc1cccc(C)c1NCC(O)c1ccc2c(c1)OCCO2,True,3.2201400000000016,-0.2539800000000003,0.8222222222222222,False,False
1.0,bin,7,-0.1658499836921692,-0.20709991455078125,-0.12460005283355713,886334,COc1ccc(C(=O)N2CCCC(C(=O)N3CCCCC3)C2)c(O)c1,2.2655000000000003,COc1cccc(C(=O)N2CCCC(C(=O)N3CCCCC3)C2)c1O,True,2.2655000000000007,4.440892098500626e-16,0.6226415094339622,False,True
1.0,bin,7,-0.1658499836921692,-0.20709991455078125,-0.12460005283355713,887387,COCCNC(=O)N(Cc1cccc(F)c1)CC1CCCO1,2.1627,COCCN(Cc1ccc(C#N)cc1)C(=O)NCC1CCCO1,True,1.8952799999999999,-0.2674200000000002,0.4857142857142857,False,True
1.0,bin,7,-0.1658499836921692,-0.20709991455078125,-0.12460005283355713,889149,N#Cc1ccc(NC(=O)c2ccc(Br)cc2Cl)nc1,3.621480000000001,Cc1ccc(NC(=O)c2cc(F)c(F)cc2Cl)nc1,True,3.573920000000001,-0.047559999999999825,0.4444444444444444,False,False
1.0,bin,7,-0.1658499836921692,-0.20709991455078125,-0.12460005283355713,913483,O=C(CNC(=O)NCCc1c(Cl)cccc1Cl)NC1CC1,2.1137000000000006,O=C(Cl)CNC(=O)NCC1CC1Cl,True,0.6782999999999998,-1.435400000000001,0.26,False,True
1.0,bin,7,-0.1658499836921692,-0.20709991455078125,-0.12460005283355713,917620,C=CCN(Cc1ccccc1OC)C(=O)c1csc(C)n1,3.288520000000002,COCCN(Cc1cccc(Cl)c1)C(=O)c1csc(C)n1,True,3.3937200000000027,0.10520000000000085,0.4307692307692308,False,True
1.0,bin,7,-0.1658499836921692,-0.20709991455078125,-0.12460005283355713,918312,CCOc1ccc(Cl)c(C(=O)N2CCN(c3ncccn3)CC2)n1,1.8860999999999997,Cc1ccc(F)c(C(=O)N2CCN(c3ncccn3)CC2)n1,True,1.2815199999999998,-0.6045799999999999,0.509090909090909,False,True
1.0,bin,7,-0.1658499836921692,-0.20709991455078125,-0.12460005283355713,922879,CC(=O)c1ccc(N2CCN(Cc3c(F)cccc3F)CC2)cc1,3.489600000000003,CC(=O)c1ccc(N2CCN(Cc3ccccc3F)CC2)cc1,True,3.350500000000002,-0.1391000000000009,0.7441860465116279,False,False
1.0,bin,7,-0.1658499836921692,-0.20709991455078125,-0.12460005283355713,927535,COc1cc(CN2CCN(c3ccccc3F)CC2)ccc1O,2.862100000000002,N#Cc1cc(CN2CCN(c3ccc(O)cc3)CC2)ccc1F,True,2.725180000000001,-0.13692000000000126,0.3898305084745763,False,True
1.0,bin,7,-0.1658499836921692,-0.20709991455078125,-0.12460005283355713,927567,Cc1ccccc1N1CCN(Cc2cccc(O)c2)CC1,3.022820000000001,Nc1cccc(CN2CCN(c3ccccc3)CC2)c1,True,2.591000000000001,-0.4318200000000001,0.44680851063829785,False,False
1.0,bin,7,-0.1658499836921692,-0.20709991455078125,-0.12460005283355713,938108,CC(c1ccccc1)N(C)C(=O)CCC(=O)Nc1nccs1,3.0814000000000012,CC(NC(=O)CCC(=O)N(C)c1nccs1)c1ccccc1,True,2.7635000000000005,-0.31790000000000074,0.5535714285714286,False,True
1.0,bin,7,-0.1658499836921692,-0.20709991455078125,-0.12460005283355713,943303,CN(CCCOc1ccccc1)C(=O)Nc1cccc2c1OCCO2,3.390600000000002,O=C(NCCCOc1ccccc1F)Nc1cccc2c1OCCO2,True,3.187500000000001,-0.20310000000000095,0.484375,False,True
1.0,bin,7,-0.1658499836921692,-0.20709991455078125,-0.12460005283355713,946289,CC(NC(=O)C1(c2cc(-c3ccco3)on2)CC1)c1ccccc1,3.843600000000002,O=C(NCc1ccccc1F)C1(c2cc(-c3ccco3)on2)CC1,True,3.421700000000002,-0.42189999999999994,0.5833333333333334,False,False
1.0,bin,7,-0.1658499836921692,-0.20709991455078125,-0.12460005283355713,994077,Cc1nnc(Cn2c(-c3cccc(Br)c3)noc2=O)o1,2.0055199999999997,CCc1nnc(Cn2c(-c3ccc(F)cc3)noc2=O)o1,True,1.6360999999999997,-0.3694200000000001,0.509090909090909,False,True
1.0,bin,7,-0.1658499836921692,-0.20709991455078125,-0.12460005283355713,1065620,O=C(NCc1cccnc1Oc1ccccc1)c1cccnc1,3.198900000000002,O=C(NCc1cccnc1Oc1ccccc1)c1cccnc1O,True,2.904500000000002,-0.2944,0.673469387755102,False,True
1.0,bin,7,-0.1658499836921692,-0.20709991455078125,-0.12460005283355713,1093926,CN(C(=O)CNc1cccc(OCC2CCCO2)c1)c1ccccc1,3.319300000000002,O=C(CNc1cccc(C2CCCO2)c1)NCc1ccc(F)cc1,True,3.4055000000000017,0.08619999999999983,0.36486486486486486,False,True
1.0,bin,7,-0.1658499836921692,-0.20709991455078125,-0.12460005283355713,1107920,CCc1ccc(-n2cc(C(=O)NC(C)c3ccccc3)nn2)cc1,3.320700000000002,CC(NC(=O)c1cn(-c2cccc(F)c2)nn1)c1ccccc1,True,2.897400000000001,-0.4233000000000011,0.6481481481481481,False,True
1.0,bin,7,-0.1658499836921692,-0.20709991455078125,-0.12460005283355713,1113130,CC(NC(=O)Cn1nnnc1C(C)(C)C)c1cccc2ccccc12,3.0012000000000016,CC(C)c1nnnn1CC(=O)NC(C)c1cccc2ccccc12,True,2.8271000000000006,-0.17410000000000103,0.7307692307692307,False,True
1.0,bin,7,-0.1658499836921692,-0.20709991455078125,-0.12460005283355713,1121751,COC(=O)Cn1ccc(NS(=O)(=O)c2ccc(F)c(F)c2F)n1,1.2742,NC(=O)Cn1ccc(NS(=O)(=O)c2ccccc2Cl)n1,True,0.822599999999999,-0.451600000000001,0.46551724137931033,False,True
1.0,bin,7,-0.1658499836921692,-0.20709991455078125,-0.12460005283355713,1142531,CCOC(C)C(=O)NCCc1csc(-c2ccc(C)cc2)n1,3.2022200000000014,CC(C)COC(=O)NCCc1nc(-c2ccccc2)cs1,True,3.7348000000000026,0.5325800000000012,0.3235294117647059,False,True
1.0,bin,7,-0.1658499836921692,-0.20709991455078125,-0.12460005283355713,1212157,CN(Cc1ccc(F)c(F)c1)C(=O)c1cncc(-c2cnn(C)c2)c1,3.0325000000000015,Cc1ccc(CN(C)C(=O)C2=CN=CCc3cnn(C)c3C=C2)cc1,True,2.9111200000000013,-0.12138000000000027,0.3108108108108108,False,True
1.0,bin,7,-0.1658499836921692,-0.20709991455078125,-0.12460005283355713,1215394,CCn1nc(C)cc1C(=O)Oc1cccc(NC(=O)C(C)C)c1,3.025120000000001,CCn1nc(C)cc1C(=O)Oc1ccc(NC(C)=O)c(Cl)c1,True,3.042420000000001,0.01729999999999965,0.55,False,True
1.0,bin,7,-0.1658499836921692,-0.20709991455078125,-0.12460005283355713,1232922,CC(C)(C)OC(=O)NC1CCCN(S(=O)(=O)N2CCOCC2)C1,0.5525000000000011,CCCCNC(=O)C1CCN(S(=O)(=O)N2CCOCC2)CC1,True,0.19170000000000154,-0.36079999999999957,0.3793103448275862,False,False
1.0,bin,7,-0.1658499836921692,-0.20709991455078125,-0.12460005283355713,1238973,FC(F)(F)c1cnc(N2CCn3c(nnc3C3CC3)C2)c(Cl)c1,3.2429000000000023,CCCc1nnc2n1C2CNC(=N)C(Cl)=CC=CC(F)(F)F,True,2.9414700000000007,-0.30143000000000164,0.13414634146341464,False,True
1.0,bin,7,-0.1658499836921692,-0.20709991455078125,-0.12460005283355713,1299495,Cc1cc(CC(=O)N2CCCC2C(C#N)c2ccccc2)no1,2.823900000000001,Cc1cc(CC(=O)N2CCCC2C(C#N)c2ccccc2)no1,True,2.823900000000001,0.0,1.0,True,False
1.0,bin,7,-0.1658499836921692,-0.20709991455078125,-0.12460005283355713,1309906,CC(C)CC(NC(=O)c1cc(=O)c2ccccc2o1)C(=O)OC(C)C,2.8891000000000018,CC(C)CC(=O)OCCNC(=O)c1cc(=O)c2ccccc2o1,True,2.1121,-0.7770000000000019,0.5517241379310345,False,True
1.0,bin,7,-0.1658499836921692,-0.20709991455078125,-0.12460005283355713,1362816,COCc1cccc(C(=O)NC2CC2c2cccc(Cl)c2)c1,3.772300000000002,COc1ccc(Cl)cc1C(=O)NC1CC1c1cccc(F)c1,True,3.7736000000000027,0.001300000000000523,0.5,False,True
1.0,bin,7,-0.1658499836921692,-0.20709991455078125,-0.12460005283355713,1441838,COCC(=O)NC(C(=O)Nc1cccc(-c2nccs2)c1)C(C)C,2.5358,CCN(C)S(=O)(=O)NC(C)c1cccc(-c2nccs2)c1,True,2.6572000000000005,0.1214000000000004,0.38571428571428573,False,True
1.0,bin,7,-0.1658499836921692,-0.20709991455078125,-0.12460005283355713,1450449,CCCNC(=O)CSc1nc2c(cc1C#N)CCCC2,2.450380000000001,CCCNC(=O)CSc1ncc(CC)cc1C#N,True,2.13398,-0.3164000000000007,0.5714285714285714,False,True
1.0,bin,7,-0.1658499836921692,-0.20709991455078125,-0.12460005283355713,1451910,O=S(=O)(NCc1nnc2ccccn12)c1ccc(F)c(F)c1,1.4859999999999995,N#Cc1cccc(S(=O)(=O)NCc2nnc3ccccn23)c1,True,1.07948,-0.40651999999999955,0.6415094339622641,False,False
1.0,bin,7,-0.1658499836921692,-0.20709991455078125,-0.12460005283355713,1479798,Cc1nc(C)c(CCC(=O)N(CC(C)C)CC(F)(F)F)c(=O)[nH]1,2.3662400000000003,CC=NC(C)=C1CC(=O)NC1CC(=O)N(CC(C)C)CC(F)(F)F,True,2.6766000000000014,0.3103600000000011,0.40298507462686567,False,True
1.0,bin,7,-0.1658499836921692,-0.20709991455078125,-0.12460005283355713,1507926,COC(=O)C(C)NC(=O)Cc1csc(-c2ccccc2Cl)n1,2.6837,CC(NC(N)=O)C(=O)Cc1csc(-c2ccccc2Cl)n1,True,2.631900000000001,-0.05179999999999918,0.6792452830188679,False,True
1.0,bin,7,-0.1658499836921692,-0.20709991455078125,-0.12460005283355713,1527882,Nc1ncccc1C(=O)Nc1ccc2cn[nH]c2c1,1.7923999999999998,Nc1ncccc1C(=O)Nc1ccc2cn[nH]c2c1,True,1.7923999999999998,0.0,1.0,True,False
1.0,bin,7,-0.1658499836921692,-0.20709991455078125,-0.12460005283355713,1532848,COc1ccc(-c2ccc3c(=O)[nH]cnc3c2)cc1Cl,3.2521000000000013,O=c1[nH]cnc2ccc(-c3ccc(Cl)cc3F)cc12,True,3.382600000000002,0.1305000000000005,0.4074074074074074,False,True
1.0,bin,7,-0.1658499836921692,-0.20709991455078125,-0.12460005283355713,1548351,COc1cc(OC)c2c(c1)C(c1cnccn1)NCC2,1.7288999999999999,COc1cc2c(c(OC)c1O)C(c1cnccn1)NCC2,True,1.4344999999999999,-0.2944,0.5178571428571429,False,False
1.0,bin,7,-0.1658499836921692,-0.20709991455078125,-0.12460005283355713,1570134,COc1cccc(C(C)N2CCN(C(=O)c3ccc(O)cc3)CC2)c1,2.9198000000000013,CC(c1cccc(O)c1)N1CCN(C(=O)c2ccc(O)cc2)CC1,True,2.6168000000000005,-0.3030000000000008,0.7608695652173914,False,True
1.0,bin,7,-0.1658499836921692,-0.20709991455078125,-0.12460005283355713,1611406,CC(C)(C)N1CC(NC(=O)C2COc3ccc(F)cc3C2)CC1=O,1.8923999999999994,CC(C)CN1CC(C(=O)NC2COc3ccc(F)cc3C2)CC1=O,True,1.7498999999999991,-0.1425000000000003,0.5606060606060606,False,True
1.0,bin,7,-0.1658499836921692,-0.20709991455078125,-0.12460005283355713,1612684,CCCC1CN(C(=O)Nc2ccn(CCC(C)C)n2)CCO1,2.9620000000000015,CCCC1CN(C(=O)Nc2ccn(CC(F)(F)F)n2)CCO1,True,2.4782,-0.48380000000000134,0.7288135593220338,False,False
1.0,bin,7,-0.1658499836921692,-0.20709991455078125,-0.12460005283355713,1639675,CCC(CC)c1nnc(NC(=O)c2scnc2C2CC2)s1,4.0279000000000025,Cc1ncsc1C(=O)Nc1nnc(C2CC2C(C)C)s1,True,3.314820000000002,-0.7130800000000006,0.4426229508196721,False,True
1.0,bin,7,-0.1658499836921692,-0.20709991455078125,-0.12460005283355713,1675660,COc1ccnc(NC(=O)c2cccc(Cl)c2)c1,2.9959000000000007,COc1cccc(C(=O)Nc2cc(OC)ccn2)c1,True,2.3511000000000006,-0.6448,0.8048780487804879,False,False
1.0,bin,7,-0.1658499836921692,-0.20709991455078125,-0.12460005283355713,1689728,CCc1noc(CSc2ncnc3sc(C)cc23)n1,3.237420000000002,CCc1cc2c(SCC3=NOCC(NC)=N3)ncnc2s1,True,2.3074000000000003,-0.9300200000000016,0.4,False,True
1.0,bin,7,-0.1658499836921692,-0.20709991455078125,-0.12460005283355713,1720876,CC(C)(C)CC(=O)NCC(=O)Nc1ccc2c(c1)COC2,2.2077,CC(C)C(=O)N(C)CC(=O)Nc1ccc2c(c1)COC2,True,1.7696999999999996,-0.4380000000000004,0.5192307692307693,False,True
1.0,bin,7,-0.1658499836921692,-0.20709991455078125,-0.12460005283355713,1757109,CC(C)Cc1ncc(CNc2ccc3c(c2)COC3)s1,3.983900000000003,CC(C)CC=NC=C(S)CNc1ccc2c(c1)COC2,True,4.016800000000003,0.03289999999999971,0.4406779661016949,False,True
1.0,bin,7,-0.1658499836921692,-0.20709991455078125,-0.12460005283355713,1774061,O=C1NCCCc2[nH]c(-c3cccc4[nH]ccc34)nc21,2.234,O=CNCCCCNCc1cccc2[nH]ccc12,True,1.7836999999999992,-0.4503000000000008,0.25806451612903225,False,True
1.0,bin,7,-0.1658499836921692,-0.20709991455078125,-0.12460005283355713,1800687,Cc1nn(C)c(-c2nc(-c3cccnn3)no2)c1Cl,1.8889199999999997,COc1ccc(-c2noc(-c3cc(Cl)nn3C)n2)nn1,True,1.589099999999999,-0.29982000000000064,0.3898305084745763,False,True
1.0,bin,7,-0.1658499836921692,-0.20709991455078125,-0.12460005283355713,1815867,FC(F)(F)c1ccc(CN2CCOCC2c2ncon2)cc1,2.661900000000001,Clc1cccc(CN2CCOCC2c2ncon2)c1,True,2.2965,-0.36540000000000106,0.6481481481481481,False,True
1.0,bin,7,-0.1658499836921692,-0.20709991455078125,-0.12460005283355713,1828580,Cc1ccc(N2CC3OCC(=O)N(Cc4cccc(F)c4)C3C2)nn1,1.54032,COc1ccccc1C1CCN(c2ccc(C)nn2)CCOCC(=O)N1,True,1.8778199999999996,0.3374999999999997,0.2962962962962963,False,True
1.0,bin,7,-0.1658499836921692,-0.20709991455078125,-0.12460005283355713,1836183,CCc1ccc(C(=O)NCc2nccc(N(C)C)n2)cc1,2.035,COc1cc(OC)cc(C(=O)NCc2nccc(C(F)(F)F)n2)c1,True,2.4426000000000005,0.4076000000000004,0.4067796610169492,False,True
1.0,bin,7,-0.1658499836921692,-0.20709991455078125,-0.12460005283355713,1842499,COc1ccccc1COc1ccccc1-c1cnn(CCO)c1,3.1300000000000017,COc1cccc(OCc2cn(CCO)c(-c3ccccc3)n2)c1,True,3.1300000000000017,0.0,0.3230769230769231,False,True
1.0,bin,7,-0.1658499836921692,-0.20709991455078125,-0.12460005283355713,1865564,COC(CNC(=O)c1ccoc1)c1cccc(F)c1,2.536200000000001,COc1cc(C(O)CNC(=O)c2ccoc2)ccc1C,True,2.0600199999999997,-0.47618000000000116,0.4915254237288136,False,True
1.0,bin,7,-0.1658499836921692,-0.20709991455078125,-0.12460005283355713,1868773,CCCOc1ccc(Cl)c2c1CCNC2C1CC(=O)C1,3.2947000000000015,CCOc1cc2c(c(Cl)c1Cl)C1(CCC(=O)C1N)CC2,True,3.266300000000001,-0.028400000000000425,0.2318840579710145,False,True
1.0,bin,7,-0.1658499836921692,-0.20709991455078125,-0.12460005283355713,1873123,CCC1OC(=O)c2c(OC)ccc(Br)c21,3.079200000000002,COc1ccc(Br)c2c1COC(=O)C2C,True,2.618000000000001,-0.4612000000000007,0.43478260869565216,False,True
1.0,bin,7,-0.1658499836921692,-0.20709991455078125,-0.12460005283355713,1875028,Cc1cccc(C)c1NCC(=O)N1CCCC2CCCCC21,3.8965400000000034,CC1=CC=C(NCC(=O)N2CCCC3CCCC32C)C1F,True,2.9391000000000016,-0.9574400000000018,0.3125,False,True
1.0,bin,7,-0.1658499836921692,-0.20709991455078125,-0.12460005283355713,1895921,CCC(CC)N(C)C(=O)CC1OC(=O)c2ccccc21,2.935200000000002,CCCN(CCC)C(=O)CC1OC(=O)c2ccccc21,True,2.9368000000000016,0.0015999999999998238,0.6444444444444445,False,False
1.0,bin,7,-0.1658499836921692,-0.20709991455078125,-0.12460005283355713,1907077,Cc1ccc2[nH]nc(C(=O)Nc3nc(-c4ccco4)cs3)c2c1,3.8401200000000015,O=C(Nc1nc(-c2ccco2)cs1)c1n[nH]c2cc(F)ccc12,True,3.6708000000000007,-0.1693200000000008,0.7,False,True
1.0,bin,7,-0.1658499836921692,-0.20709991455078125,-0.12460005283355713,1913063,Cc1nn(C)c(C)c1CN(C(=O)c1cn2cccc(C)c2n1)C1CC1,2.797860000000001,Cc1c(C(=O)N(Cc2cn3ccc(F)cc3n2)C2CC2)cnn1C,True,2.32012,-0.4777400000000007,0.37662337662337664,False,True
1.0,bin,7,-0.1658499836921692,-0.20709991455078125,-0.12460005283355713,1922265,CN(CCNC(=O)c1ccc2c(c1)ncn2C)c1ccccc1,2.4395000000000007,CN1CC=CC=CCCn2cnc3cc(ccc32)C(=O)NCC1,True,2.2139999999999995,-0.22550000000000114,0.2077922077922078,False,True
1.0,bin,8,-0.0693100094795227,-0.12460005283355713,-0.014019966125488281,32052,COc1ccccc1CNC(=O)Cc1c[nH]c2ccccc12,3.035400000000001,CNC(=O)Nc1cccc(CNC(=O)Cc2c[nH]c3ccc(C)cc23)c1,True,3.086520000000001,0.051120000000000054,0.42857142857142855,False,True
1.0,bin,8,-0.0693100094795227,-0.12460005283355713,-0.014019966125488281,116747,COCCSc1ccccc1C(=O)Nc1cccc(C)n1,3.3808200000000017,COc1ccnc(NC(=O)c2cc(OC)c(Cl)cc2F)c1,True,3.143600000000001,-0.23722000000000065,0.25,False,True
1.0,bin,8,-0.0693100094795227,-0.12460005283355713,-0.014019966125488281,131060,CS(=O)(=O)NCCc1csc(-c2ccc(F)cc2)n1,2.0408999999999997,CC(NC(N)=O)C(=O)NCc1csc(-c2ccc(F)cc2)n1,True,1.6222000000000003,-0.4186999999999994,0.4642857142857143,False,True
1.0,bin,8,-0.0693100094795227,-0.12460005283355713,-0.014019966125488281,131949,CCc1c(C)nc(SCC(=O)NC(C)C)[nH]c1=O,1.25742,CCCC1=C(C)N=C(SCC(=O)NC(C)C[NH])C1=O,True,1.5625,0.30508,0.32786885245901637,False,True
1.0,bin,8,-0.0693100094795227,-0.12460005283355713,-0.014019966125488281,158879,COc1ccc(CC(=O)OCC(=O)c2c[nH]c3ccccc23)cc1,3.145100000000001,COc1ccc(CC(=O)OCC(=O)c2c[nH]c3ccccc23)cc1,True,3.145100000000001,0.0,1.0,True,False
1.0,bin,8,-0.0693100094795227,-0.12460005283355713,-0.014019966125488281,232056,COCCNC(=O)c1cc(=O)c2cc(C)ccc2o1,1.4776199999999993,CCNC(=O)CNC(=O)c1cc(=O)c2cc(C)cc(C)c2o1,True,1.2757399999999999,-0.2018799999999994,0.42105263157894735,False,True
1.0,bin,8,-0.0693100094795227,-0.12460005283355713,-0.014019966125488281,235788,O=C(Cn1nc(-c2ccco2)oc1=O)NCC(F)(F)F,0.7747999999999999,CC(C)CNC(=O)Cn1nc(-c2ccco2)oc1=O,True,0.8684999999999998,0.0936999999999999,0.6923076923076923,False,True
1.0,bin,8,-0.0693100094795227,-0.12460005283355713,-0.014019966125488281,236081,CC(=O)c1c(C)[nH]c(C(=O)CSc2nc(C(C)C)n[nH]2)c1C,3.0506400000000014,CCCc1n[nH]c(SCC(=O)c2c(C)[nH]c(C)c2C)n1,True,2.9855600000000013,-0.06508000000000003,0.45614035087719296,False,True
1.0,bin,8,-0.0693100094795227,-0.12460005283355713,-0.014019966125488281,281081,O=C(Cn1cccn1)NCc1cccnc1Oc1ccc(F)cc1F,2.665000000000001,Cc1ccc(N)cc1Oc1ncccc1CNC(=O)Cn1cccn1,True,2.27742,-0.3875800000000007,0.6666666666666666,False,True
1.0,bin,8,-0.0693100094795227,-0.12460005283355713,-0.014019966125488281,284170,COc1ccc(-c2nc(CC(=O)Nc3cccc(C)n3)cs2)cc1,3.7033200000000024,COc1ccccc1C=NC(=CS)CC(=O)Nc1cccc(C)n1,True,3.6175200000000016,-0.08580000000000076,0.4117647058823529,False,True
1.0,bin,8,-0.0693100094795227,-0.12460005283355713,-0.014019966125488281,288369,Cc1ccc(NCc2nnc3n2CCCCC3)cc1C,3.2334400000000016,Fc1ccc(NCc2nnc3n2CCCCC3)cc1F,True,2.894800000000002,-0.33863999999999983,0.7021276595744681,False,True
1.0,bin,8,-0.0693100094795227,-0.12460005283355713,-0.014019966125488281,302889,COc1ccc(OC)c(NC(=O)CCNC(=O)c2cccs2)c1,2.5239000000000003,Cc1ccc(NC(=O)CCNC(=O)c2ccc(N)s2)cc1,True,2.3973200000000006,-0.1265799999999997,0.3492063492063492,False,True
1.0,bin,8,-0.0693100094795227,-0.12460005283355713,-0.014019966125488281,327141,COc1ccc(OC)c(S(=O)(=O)Nc2ccn(C)n2)c1,1.2381,COc1ccc(S(=O)(=O)Nc2ccn(C)n2)c(OC)c1,True,1.2380999999999998,-2.220446049250313e-16,0.813953488372093,False,True
1.0,bin,8,-0.0693100094795227,-0.12460005283355713,-0.014019966125488281,327382,CNC(=O)C1CN(C(=O)c2c(C)noc2C)c2ccccc2O1,1.4452399999999996,CNc1onc(C)c1C(=O)N1Cc2ccccc2OC1CC(=O)OC,True,1.9487199999999998,0.5034800000000001,0.39436619718309857,False,True
1.0,bin,8,-0.0693100094795227,-0.12460005283355713,-0.014019966125488281,406491,COCCNC(=O)C1CCCN(S(=O)(=O)N2CCOCC2)C1,-0.9619999999999964,CC1CN(C(=O)C2CCCN(S(=O)(=O)N(C)C)C2)CCO1,True,-0.24789999999999845,0.714099999999998,0.328125,False,True
1.0,bin,8,-0.0693100094795227,-0.12460005283355713,-0.014019966125488281,413951,O=C(Cn1ncn2cccc2c1=O)N1CCCCCC1,0.8985999999999996,O=C(Cn1ncn2cccc2c1=O)N1CCCCOCC1,True,0.1349999999999998,-0.7635999999999998,0.8085106382978723,False,True
1.0,bin,8,-0.0693100094795227,-0.12460005283355713,-0.014019966125488281,427929,CCNc1nc(NCc2ccccc2Cl)c2cnn(C)c2n1,3.060600000000001,CCNc1nc(NCc2ccc(Cl)cc2)c2cnn(C)c2n1,True,3.060600000000001,0.0,0.6862745098039216,False,False
1.0,bin,8,-0.0693100094795227,-0.12460005283355713,-0.014019966125488281,447130,CCC(NC(=O)C1CCN(C(=O)C2CC2)CC1)c1ccc(C)cc1,3.2109200000000016,O=C(NCc1ccccc1Cl)C1CCN(C(=O)C2CC2)CC1,True,2.604800000000001,-0.6061200000000007,0.43636363636363634,False,False
1.0,bin,8,-0.0693100094795227,-0.12460005283355713,-0.014019966125488281,481908,CCNS(=O)(=O)c1ccc(C)c(C(=O)Nc2ncccc2C)c1,2.24894,CS(=O)(=O)c1ccc(F)c(C(=O)Nc2ccc(Cl)cn2)c1,True,2.5299000000000005,0.2809600000000003,0.3076923076923077,False,True
1.0,bin,8,-0.0693100094795227,-0.12460005283355713,-0.014019966125488281,485220,Cc1nn(CC(=O)N2CCN(C)CC2)c(C)c1Br,1.03644,Cc1nn(CC(=O)N2CCN(C)CC2C)c(C)c1Br,True,1.42494,0.38850000000000007,0.6444444444444445,False,True
1.0,bin,8,-0.0693100094795227,-0.12460005283355713,-0.014019966125488281,526363,Cc1nnc(SCC(=O)Nc2ccc(O)cc2)n(N)c1=O,0.09692,Cc1nnc(SCC(=O)Nc2cccc(C#N)c2)n(N)c1=O,True,0.2629999999999998,0.16607999999999978,0.6428571428571429,False,False
1.0,bin,8,-0.0693100094795227,-0.12460005283355713,-0.014019966125488281,536853,COc1ccc(C2CCCN2C(=O)C2CCC2)c(OC)c1,3.1674000000000015,COCc1cccc(C2CCCN2C(=O)C2CCC2)c1,True,3.2966000000000024,0.12920000000000087,0.5272727272727272,False,True
1.0,bin,8,-0.0693100094795227,-0.12460005283355713,-0.014019966125488281,540312,Cc1nn(C)c2nc(C3CC3)cc(C(=O)NCC(=O)NC(C)(C)C)c12,1.7986199999999997,CC(=O)NCCNC(=O)c1cc(C2CC2)nc2c1c(C)nn2C,True,1.0200199999999993,-0.7786000000000004,0.6842105263157895,False,False
1.0,bin,8,-0.0693100094795227,-0.12460005283355713,-0.014019966125488281,544381,Cc1nc(N2CCCC(C(=O)NC(C)C)C2)c2c(C)c(C)oc2n1,2.8890600000000006,COC(=O)CCCNC1=NC(C(C)C)=NCOC(C)=C(C)C1,True,2.653900000000001,-0.2351599999999996,0.14814814814814814,False,True
1.0,bin,8,-0.0693100094795227,-0.12460005283355713,-0.014019966125488281,544382,CCCNC(=O)C1CCCN(c2nc(C)nc3oc(C)c(C)c23)C1,2.8906600000000013,CC1=NC2=CC(C)=C(C(=O)NC(C)C(C)O)C(=N1)C1CCCN21,True,1.3807999999999998,-1.5098600000000015,0.17857142857142858,False,True
1.0,bin,8,-0.0693100094795227,-0.12460005283355713,-0.014019966125488281,550049,Cc1ccc(C)c(OCC(=O)Nc2cccc(-n3cnnc3)c2)c1,2.9016400000000013,O=C(COc1ccc(Cl)cc1)Nc1cccc(-n2cnnc2)c1,True,2.9382,0.036559999999998816,0.6181818181818182,False,False
1.0,bin,8,-0.0693100094795227,-0.12460005283355713,-0.014019966125488281,573533,Cc1nn(-c2ncc(C(F)(F)F)cc2Cl)c(=O)o1,2.2011199999999995,CCCC=C1N=C(n2nc(C)c(Cl)c2N)OC1=O,True,1.8720199999999998,-0.3290999999999997,0.19696969696969696,False,True
1.0,bin,8,-0.0693100094795227,-0.12460005283355713,-0.014019966125488281,582555,O=C(NCC(O)c1ccccc1)c1ccc2c(=O)n3c(nc2c1)CCC3,1.8061000000000003,C=Cn1cnc(=CCC(=O)NCC(O)c2ccc(F)cc2F)c(=C)c1=O,True,0.05269999999999997,-1.7534000000000003,0.23255813953488372,False,True
1.0,bin,8,-0.0693100094795227,-0.12460005283355713,-0.014019966125488281,588547,Cc1n[nH]c(C)c1NC(=O)CCc1ccc(Cl)cc1Cl,3.9046400000000023,Cc1n[nH]c(C)c1NC(=O)CC(C)c1ccc(F)c(Cl)c1,True,3.951340000000002,0.04669999999999952,0.5172413793103449,False,True
1.0,bin,8,-0.0693100094795227,-0.12460005283355713,-0.014019966125488281,607673,CCCN(CC1CC1)S(=O)(=O)c1ccccc1F,2.636400000000001,CC(C)CN(CC1CC1)S(=O)(=O)c1ccccc1,True,2.7433000000000014,0.10690000000000044,0.46808510638297873,False,True
1.0,bin,8,-0.0693100094795227,-0.12460005283355713,-0.014019966125488281,617681,Cc1cc(C(=O)Nc2nc(-c3ccncc3)cs2)nn1C(C)C,3.5432200000000016,C=S1C(=NC(=CC)c2ccncc2)NC(=O)C1N=CN1CC=N1,True,1.2848999999999997,-2.258320000000002,0.1411764705882353,False,True
1.0,bin,8,-0.0693100094795227,-0.12460005283355713,-0.014019966125488281,650267,COc1ccc2oc(C(=O)NC3CCCCNC3=O)c(C)c2c1,2.14832,COCc1c(C(=O)NC2CCCCN2)oc2ccccc12,True,2.4086,0.26027999999999984,0.39436619718309857,False,True
1.0,bin,8,-0.0693100094795227,-0.12460005283355713,-0.014019966125488281,668639,Cc1cc(NC(=O)c2ccccc2Cl)ncc1N,2.8779200000000005,Cc1ccc(NC(=O)c2c(F)cccc2F)nc1,True,2.9205200000000007,0.04260000000000019,0.33962264150943394,False,True
1.0,bin,8,-0.0693100094795227,-0.12460005283355713,-0.014019966125488281,673160,CCC(=O)Nc1ccc2oc(C(F)(F)F)cc(=O)c2c1,3.160300000000001,O=CC(=O)C=Cc1cc(O)cc(C(F)(F)F)c1,True,2.1921999999999997,-0.9681000000000015,0.16393442622950818,False,True
1.0,bin,8,-0.0693100094795227,-0.12460005283355713,-0.014019966125488281,711169,Cc1cccc(C(C)C)c1NC(=O)N(C)Cc1ccncc1,4.177320000000003,CC(C)Sc1cccc(NC(=O)N(C)Cc2ccncc2)c1,True,4.246000000000002,0.06867999999999963,0.5636363636363636,False,True
1.0,bin,8,-0.0693100094795227,-0.12460005283355713,-0.014019966125488281,720969,Cc1noc(C)c1CCC(=O)OCC(=O)N1c2ccccc2CC1C,2.7450400000000013,Cc1noc(C)c1CCC(=O)OCC(=O)N1CCc2ccccc21,True,2.35654,-0.3885000000000014,0.6721311475409836,False,False
1.0,bin,8,-0.0693100094795227,-0.12460005283355713,-0.014019966125488281,730789,COC(=O)C1CCN(C(=O)c2cc3ccc(F)cc3nc2C)CC1,2.7075200000000006,O=C(c1cnc2ccccc2c1)N1CCC(O)(C(F)F)CC1,True,2.4670000000000005,-0.24052000000000007,0.2571428571428571,False,True
1.0,bin,8,-0.0693100094795227,-0.12460005283355713,-0.014019966125488281,738178,Cc1ccc(-n2ccnc2SCc2nc(C3CC3)no2)cc1C,4.041840000000003,Fc1cc(F)cc(-n2ccnc2SCc2nc(C3CC3)no2)c1,True,3.7032000000000025,-0.3386400000000007,0.7037037037037037,False,True
1.0,bin,8,-0.0693100094795227,-0.12460005283355713,-0.014019966125488281,771897,COc1ccccc1OCC(=O)N(C)Cc1sccc1C,3.102520000000002,COc1cc(C#N)ccc1OCC(=O)N(C)Cc1sccc1C,True,2.9742000000000015,-0.12832000000000043,0.6981132075471698,False,True
1.0,bin,8,-0.0693100094795227,-0.12460005283355713,-0.014019966125488281,811446,COC(=O)C1(NC(=O)c2cc(Br)c[nH]2)CCCCCC1,2.7730000000000006,COC(=O)C1(NC(=O)c2cc(SC)c[nH]2)CCCCC1,True,2.3423,-0.43070000000000075,0.6956521739130435,False,True
1.0,bin,8,-0.0693100094795227,-0.12460005283355713,-0.014019966125488281,848291,CCC(C)NC(=O)NCc1noc(-c2cccs2)n1,2.3958000000000004,CCOC(CC)C(=O)NCc1noc(-c2cccs2)n1,True,2.2294,-0.16640000000000033,0.6491228070175439,False,True
1.0,bin,8,-0.0693100094795227,-0.12460005283355713,-0.014019966125488281,863440,COc1ccc(-c2nc(CCCO)cs2)cc1OC,2.752200000000001,COCCc1nc(-c2ccc(OC)c(OC)c2)cs1,True,3.0162000000000013,0.26400000000000023,0.45098039215686275,False,True
1.0,bin,8,-0.0693100094795227,-0.12460005283355713,-0.014019966125488281,864663,N#Cc1ccc(-c2cc(F)ccc2F)nc1N1CCCC1,3.498680000000002,COC1=CC=C2C(=CC=C(C#N)CN3CCCC3)N2C=C1OC,True,2.647280000000001,-0.8514000000000008,0.1506849315068493,False,True
1.0,bin,8,-0.0693100094795227,-0.12460005283355713,-0.014019966125488281,872100,CCc1cccc(C)c1NCC(O)c1ccc2c(c1)OCCO2,3.474120000000002,C=CC=CC=C(O)CNc1cc2c(cc1Cl)OCCCO2,True,4.0973000000000015,0.6231799999999996,0.19718309859154928,False,True
1.0,bin,8,-0.0693100094795227,-0.12460005283355713,-0.014019966125488281,886334,COc1ccc(C(=O)N2CCCC(C(=O)N3CCCCC3)C2)c(O)c1,2.2655000000000003,COC(=O)c1ccc(C(=O)N2CCCC(C(=O)N3CCCC3)C2)cc1,True,1.9477999999999998,-0.31770000000000054,0.5576923076923077,False,True
1.0,bin,8,-0.0693100094795227,-0.12460005283355713,-0.014019966125488281,887387,COCCNC(=O)N(Cc1cccc(F)c1)CC1CCCO1,2.1627,CC(C)(CO)NC(=O)N(Cc1ccc(F)cc1)CC1CCCO1,True,2.2872000000000003,0.12450000000000028,0.5151515151515151,False,True
1.0,bin,8,-0.0693100094795227,-0.12460005283355713,-0.014019966125488281,889149,N#Cc1ccc(NC(=O)c2ccc(Br)cc2Cl)nc1,3.621480000000001,N#Cc1ccc(NC(=O)c2ccccc2Cl)nc1Cl,True,3.512380000000001,-0.10909999999999975,0.41818181818181815,False,True
1.0,bin,8,-0.0693100094795227,-0.12460005283355713,-0.014019966125488281,913483,O=C(CNC(=O)NCCc1c(Cl)cccc1Cl)NC1CC1,2.1137000000000006,NC1CC1CNC(=O)NCC(=O)CCc1ccc(F)cc1Cl,True,1.6272000000000004,-0.48650000000000015,0.2923076923076923,False,True
1.0,bin,8,-0.0693100094795227,-0.12460005283355713,-0.014019966125488281,917620,C=CCN(Cc1ccccc1OC)C(=O)c1csc(C)n1,3.288520000000002,CCOc1ccccc1CN(C)C(=O)c1csc(COC)n1,True,2.9604000000000017,-0.3281200000000002,0.4307692307692308,False,True
1.0,bin,8,-0.0693100094795227,-0.12460005283355713,-0.014019966125488281,918312,CCOc1ccc(Cl)c(C(=O)N2CCN(c3ncccn3)CC2)n1,1.8860999999999997,Cc1cccnc1C(=O)N1CCN(c2ncc(Cl)cn2)CC1,True,1.79582,-0.0902799999999997,0.5,False,True
1.0,bin,8,-0.0693100094795227,-0.12460005283355713,-0.014019966125488281,922879,CC(=O)c1ccc(N2CCN(Cc3c(F)cccc3F)CC2)cc1,3.489600000000003,COc1ccc(CN2CCN(c3ccccc3)CC2)cc1OC(C)=O,True,2.942700000000001,-0.5469000000000017,0.3793103448275862,False,True
1.0,bin,8,-0.0693100094795227,-0.12460005283355713,-0.014019966125488281,927535,COc1cc(CN2CCN(c3ccccc3F)CC2)ccc1O,2.862100000000002,COc1cccc(OC)c1N1CCN(Cc2ccccc2O)CC1,True,2.731600000000001,-0.13050000000000095,0.4444444444444444,False,True
1.0,bin,8,-0.0693100094795227,-0.12460005283355713,-0.014019966125488281,927567,Cc1ccccc1N1CCN(Cc2cccc(O)c2)CC1,3.022820000000001,Oc1c(F)cccc1CN1CCN(c2ccccc2)CC1,True,2.8535000000000013,-0.16931999999999992,0.34615384615384615,False,True
1.0,bin,8,-0.0693100094795227,-0.12460005283355713,-0.014019966125488281,938108,CC(c1ccccc1)N(C)C(=O)CCC(=O)Nc1nccs1,3.0814000000000012,Cc1ccc(CN(C)C(=O)CCC(=O)Nc2nccs2)cc1C,True,3.137240000000001,0.05583999999999989,0.5344827586206896,False,True
1.0,bin,8,-0.0693100094795227,-0.12460005283355713,-0.014019966125488281,943303,CN(CCCOc1ccccc1)C(=O)Nc1cccc2c1OCCO2,3.390600000000002,O=C(NCCCOC1C=CC=CC1)Nc1cccc2c1OCCO2,True,2.870700000000001,-0.5199000000000007,0.4142857142857143,False,True
1.0,bin,8,-0.0693100094795227,-0.12460005283355713,-0.014019966125488281,946289,CC(NC(=O)C1(c2cc(-c3ccco3)on2)CC1)c1ccccc1,3.843600000000002,C=CC(=CC=CC)CN(C)C(=O)C(C)c1cc(-c2ccco2)on1,True,4.185000000000003,0.34140000000000104,0.32894736842105265,False,True
1.0,bin,8,-0.0693100094795227,-0.12460005283355713,-0.014019966125488281,994077,Cc1nnc(Cn2c(-c3cccc(Br)c3)noc2=O)o1,2.0055199999999997,CCCc1nnc(Cn2c(-c3cccc(F)c3)noc2=O)o1,True,2.0262,0.02068000000000003,0.5892857142857143,False,True
1.0,bin,8,-0.0693100094795227,-0.12460005283355713,-0.014019966125488281,1065620,O=C(NCc1cccnc1Oc1ccccc1)c1cccnc1,3.198900000000002,N#Cc1ccc(C(=O)NCc2cccnc2Oc2cccnc2)cc1,True,3.0705800000000014,-0.12832000000000043,0.6666666666666666,False,True
1.0,bin,8,-0.0693100094795227,-0.12460005283355713,-0.014019966125488281,1093926,CN(C(=O)CNc1cccc(OCC2CCCO2)c1)c1ccccc1,3.319300000000002,O=C(CNc1cccc(OCC2CCCO2)c1)Nc1ccccc1,True,3.2950000000000017,-0.02430000000000021,0.7068965517241379,False,False
1.0,bin,8,-0.0693100094795227,-0.12460005283355713,-0.014019966125488281,1107920,CCc1ccc(-n2cc(C(=O)NC(C)c3ccccc3)nn2)cc1,3.320700000000002,CC(NC(=O)c1cn(-c2ccccc2)nn1)c1cc(F)c(F)cc1F,True,3.175600000000001,-0.14510000000000112,0.5714285714285714,False,True
1.0,bin,8,-0.0693100094795227,-0.12460005283355713,-0.014019966125488281,1113130,CC(NC(=O)Cn1nnnc1C(C)(C)C)c1cccc2ccccc12,3.0012000000000016,CC(C)(C)Cn1nnnc1CNC(=O)Cc1cccc2ccccc12,True,2.731300000000001,-0.2699000000000007,0.4838709677419355,False,True
1.0,bin,8,-0.0693100094795227,-0.12460005283355713,-0.014019966125488281,1121751,COC(=O)Cn1ccc(NS(=O)(=O)c2ccc(F)c(F)c2F)n1,1.2742,CC(=O)Nc1ccn(NS(=O)(=O)c2ccc(C)cc2)n1,True,1.0823199999999997,-0.19188000000000027,0.2698412698412698,False,True
1.0,bin,8,-0.0693100094795227,-0.12460005283355713,-0.014019966125488281,1142531,CCOC(C)C(=O)NCCc1csc(-c2ccc(C)cc2)n1,3.2022200000000014,Cc1ccc(-c2nc(CCNC(=O)N(C)CCC#N)cs2)cc1,True,3.2161000000000017,0.013880000000000337,0.532258064516129,False,True
1.0,bin,8,-0.0693100094795227,-0.12460005283355713,-0.014019966125488281,1212157,CN(Cc1ccc(F)c(F)c1)C(=O)c1cncc(-c2cnn(C)c2)c1,3.0325000000000015,CN(Cc1cccc(F)c1)C(=O)c1cncc(-c2cnn(C)c2)c1,True,2.8934000000000006,-0.1391000000000009,0.7636363636363637,False,True
1.0,bin,8,-0.0693100094795227,-0.12460005283355713,-0.014019966125488281,1215394,CCn1nc(C)cc1C(=O)Oc1cccc(NC(=O)C(C)C)c1,3.025120000000001,CCn1nc(C)cc1C(=O)Oc1cc(F)ccc1F,True,2.708820000000001,-0.3163,0.5263157894736842,False,True
1.0,bin,8,-0.0693100094795227,-0.12460005283355713,-0.014019966125488281,1232922,CC(C)(C)OC(=O)NC1CCCN(S(=O)(=O)N2CCOCC2)C1,0.5525000000000011,CCCNC(=O)C1CCCN(S(=O)(=O)N2CCOC(C)C2)C1,True,0.1901000000000015,-0.3623999999999996,0.36507936507936506,False,True
1.0,bin,8,-0.0693100094795227,-0.12460005283355713,-0.014019966125488281,1238973,FC(F)(F)c1cnc(N2CCn3c(nnc3C3CC3)C2)c(Cl)c1,3.2429000000000023,CC1=C(C(F)(F)F)C(N2CCn3c(nnc3C3CC3)C2=N)CC=C1,True,3.003770000000001,-0.23913000000000117,0.3235294117647059,False,True
1.0,bin,8,-0.0693100094795227,-0.12460005283355713,-0.014019966125488281,1299495,Cc1cc(CC(=O)N2CCCC2C(C#N)c2ccccc2)no1,2.823900000000001,Cc1cc(CCC(=O)N2CCCC2c2ccc(F)cc2)no1,True,3.418420000000002,0.594520000000001,0.42028985507246375,False,True
1.0,bin,8,-0.0693100094795227,-0.12460005283355713,-0.014019966125488281,1309906,CC(C)CC(NC(=O)c1cc(=O)c2ccccc2o1)C(=O)OC(C)C,2.8891000000000018,CCC(C)C(C)NC(=O)c1cc(=O)c2ccccc2o1,True,2.9574000000000007,0.06829999999999892,0.5849056603773585,False,True
1.0,bin,8,-0.0693100094795227,-0.12460005283355713,-0.014019966125488281,1362816,COCc1cccc(C(=O)NC2CC2c2cccc(Cl)c2)c1,3.772300000000002,COCc1ccc(C)c(C(=O)NC2CC2c2ccc(C)cc2F)c1,True,3.8748400000000025,0.1025400000000003,0.4393939393939394,False,True
1.0,bin,8,-0.0693100094795227,-0.12460005283355713,-0.014019966125488281,1441838,COCC(=O)NC(C(=O)Nc1cccc(-c2nccs2)c1)C(C)C,2.5358,COC(=O)CCC(=O)Nc1cccc(-c2nccs2)c1,True,2.7018000000000013,0.16600000000000126,0.603448275862069,False,False
1.0,bin,8,-0.0693100094795227,-0.12460005283355713,-0.014019966125488281,1450449,CCCNC(=O)CSc1nc2c(cc1C#N)CCCC2,2.450380000000001,CC(C)N(C)C(=O)CSc1nc2c(cc1C#N)CCCC2,True,2.790980000000001,0.34060000000000024,0.6140350877192983,False,True
1.0,bin,8,-0.0693100094795227,-0.12460005283355713,-0.014019966125488281,1451910,O=S(=O)(NCc1nnc2ccccn12)c1ccc(F)c(F)c1,1.4859999999999995,COCc1cccc(S(=O)(=O)NCc2nnc3ccccn23)c1,True,1.3541999999999998,-0.1317999999999997,0.6181818181818182,False,True
1.0,bin,8,-0.0693100094795227,-0.12460005283355713,-0.014019966125488281,1479798,Cc1nc(C)c(CCC(=O)N(CC(C)C)CC(F)(F)F)c(=O)[nH]1,2.3662400000000003,Cc1nc(C)c(CCC(=O)N(C)C(C)CC(C)C)c(=O)[nH]1,True,2.21234,-0.15390000000000015,0.5849056603773585,False,True
1.0,bin,8,-0.0693100094795227,-0.12460005283355713,-0.014019966125488281,1507926,COC(=O)C(C)NC(=O)Cc1csc(-c2ccccc2Cl)n1,2.6837,CCCCNC(=O)C(O)c1csc(-c2ccccc2C)n1,True,3.068220000000001,0.3845200000000011,0.3088235294117647,False,True
1.0,bin,8,-0.0693100094795227,-0.12460005283355713,-0.014019966125488281,1527882,Nc1ncccc1C(=O)Nc1ccc2cn[nH]c2c1,1.7923999999999998,C=C1NN=CC1=NC=CC=CC(=O)NC=CC=CCCNC(C)=O,True,1.3123,-0.48009999999999975,0.09411764705882353,False,True
1.0,bin,8,-0.0693100094795227,-0.12460005283355713,-0.014019966125488281,1532848,COc1ccc(-c2ccc3c(=O)[nH]cnc3c2)cc1Cl,3.2521000000000013,COc1ccc(-c2ccc3nc[nH]c(=O)c3c2)cc1C,True,2.907120000000001,-0.3449800000000005,0.5957446808510638,False,True
1.0,bin,8,-0.0693100094795227,-0.12460005283355713,-0.014019966125488281,1548351,COc1cc(OC)c2c(c1)C(c1cnccn1)NCC2,1.7288999999999999,COc1c(O)ccc2c1C(c1cncc(F)n1)NCC2,True,1.5649999999999997,-0.16390000000000016,0.2878787878787879,False,True
1.0,bin,8,-0.0693100094795227,-0.12460005283355713,-0.014019966125488281,1570134,COc1cccc(C(C)N2CCN(C(=O)c3ccc(O)cc3)CC2)c1,2.9198000000000013,CC(c1cccc(F)c1)N1CCN(C(=O)c2cccc(O)c2)CC1,True,3.050300000000002,0.1305000000000005,0.5740740740740741,False,False
1.0,bin,8,-0.0693100094795227,-0.12460005283355713,-0.014019966125488281,1611406,CC(C)(C)N1CC(NC(=O)C2COc3ccc(F)cc3C2)CC1=O,1.8923999999999994,CCN1CC(NC(=O)C2COc3cc(C)ccc3C2)CC1=O,True,1.283119999999999,-0.6092800000000005,0.5,False,True
1.0,bin,8,-0.0693100094795227,-0.12460005283355713,-0.014019966125488281,1612684,CCCC1CN(C(=O)Nc2ccn(CCC(C)C)n2)CCO1,2.9620000000000015,CCCC1CN(C(=O)NCC=CN(CC(O)C(F)(F)F)NCC)O1,True,1.3752999999999997,-1.5867000000000018,0.24390243902439024,False,True
1.0,bin,8,-0.0693100094795227,-0.12460005283355713,-0.014019966125488281,1639675,CCC(CC)c1nnc(NC(=O)c2scnc2C2CC2)s1,4.0279000000000025,CCC(CC)c1nnc(NC(=O)c2scnc2C#N)s1,True,3.0221800000000014,-1.005720000000001,0.6730769230769231,False,True
1.0,bin,8,-0.0693100094795227,-0.12460005283355713,-0.014019966125488281,1675660,COc1ccnc(NC(=O)c2cccc(Cl)c2)c1,2.9959000000000007,CCOc1cccc(NC(=O)c2ccc(OC)c(C)c2)n1,True,3.0496200000000018,0.0537200000000011,0.38333333333333336,False,True
1.0,bin,8,-0.0693100094795227,-0.12460005283355713,-0.014019966125488281,1689728,CCc1noc(CSc2ncnc3sc(C)cc23)n1,3.237420000000002,CCc1noc(CSc2nc(C)nc3sc(C)cc23)n1,True,3.545840000000002,0.3084199999999999,0.7346938775510204,False,True
1.0,bin,8,-0.0693100094795227,-0.12460005283355713,-0.014019966125488281,1720876,CC(C)(C)CC(=O)NCC(=O)Nc1ccc2c(c1)COC2,2.2077,CC(C)C(C)NC(=O)COCc1ccc2c(c1)COC2,True,2.394100000000001,0.1864000000000008,0.3559322033898305,False,True
1.0,bin,8,-0.0693100094795227,-0.12460005283355713,-0.014019966125488281,1757109,CC(C)Cc1ncc(CNc2ccc3c(c2)COC3)s1,3.983900000000003,N#Cc1ncc(CNc2cc3cc(c2Cl)SC3)s1,True,3.885980000000001,-0.097920000000002,0.2537313432835821,False,True
1.0,bin,8,-0.0693100094795227,-0.12460005283355713,-0.014019966125488281,1774061,O=C1NCCCc2[nH]c(-c3cccc4[nH]ccc34)nc21,2.234,CNc1ccccc1-c1nc2c([nH]1)CCNC2=O,True,1.4042999999999997,-0.8297000000000003,0.4909090909090909,False,True
1.0,bin,8,-0.0693100094795227,-0.12460005283355713,-0.014019966125488281,1800687,Cc1nn(C)c(-c2nc(-c3cccnn3)no2)c1Cl,1.8889199999999997,Cn1nc(C(F)(F)F)cc1-c1nc(-c2cccnn2)no1,True,1.9458999999999997,0.05698000000000003,0.5272727272727272,False,True
1.0,bin,8,-0.0693100094795227,-0.12460005283355713,-0.014019966125488281,1815867,FC(F)(F)c1ccc(CN2CCOCC2c2ncon2)cc1,2.661900000000001,FC=CC(C=COC(F)F)CN1CCOCC1c1ncon1,True,2.2952000000000004,-0.3667000000000007,0.46153846153846156,False,True
1.0,bin,8,-0.0693100094795227,-0.12460005283355713,-0.014019966125488281,1828580,Cc1ccc(N2CC3OCC(=O)N(Cc4cccc(F)c4)C3C2)nn1,1.54032,COc1ccc(N2CCOCC(=O)N(Cc3ccc(C)cc3)CC2)nn1,True,1.65902,0.11870000000000003,0.27848101265822783,False,True
1.0,bin,8,-0.0693100094795227,-0.12460005283355713,-0.014019966125488281,1836183,CCc1ccc(C(=O)NCc2nccc(N(C)C)n2)cc1,2.035,COc1cc(SC)ccc1C(=O)NCc1nccc(N(C)C)n1,True,2.2031,0.16809999999999992,0.5084745762711864,False,True
1.0,bin,8,-0.0693100094795227,-0.12460005283355713,-0.014019966125488281,1842499,COc1ccccc1COc1ccccc1-c1cnn(CCO)c1,3.1300000000000017,CC(O)Cn1cc(-c2ccccc2OCc2cccc(CO)c2)cn1,True,3.002200000000001,-0.12780000000000058,0.5,False,True
1.0,bin,8,-0.0693100094795227,-0.12460005283355713,-0.014019966125488281,1865564,COC(CNC(=O)c1ccoc1)c1cccc(F)c1,2.536200000000001,COc1ccc(CCNC(=O)c2ccoc2)c(OC)c1OC,True,2.2779000000000007,-0.2583000000000002,0.39344262295081966,False,True
1.0,bin,8,-0.0693100094795227,-0.12460005283355713,-0.014019966125488281,1868773,CCCOc1ccc(Cl)c2c1CCNC2C1CC(=O)C1,3.2947000000000015,O=C1CCC(C2NCCc3cc(OC(F)(F)F)cc(F)c32)CN1,True,2.4373000000000005,-0.857400000000001,0.2328767123287671,False,True
1.0,bin,8,-0.0693100094795227,-0.12460005283355713,-0.014019966125488281,1873123,CCC1OC(=O)c2c(OC)ccc(Br)c21,3.079200000000002,O=C1Cc2cc(Br)cc(Br)c2O1,True,2.6731000000000007,-0.40610000000000124,0.16,False,True
1.0,bin,8,-0.0693100094795227,-0.12460005283355713,-0.014019966125488281,1875028,Cc1cccc(C)c1NCC(=O)N1CCCC2CCCCC21,3.8965400000000034,O=C(CNc1cc(F)c(F)c(F)c1)N1CCCC1C1CCCC1,True,3.6970000000000027,-0.19954000000000072,0.56,False,True
1.0,bin,8,-0.0693100094795227,-0.12460005283355713,-0.014019966125488281,1895921,CCC(CC)N(C)C(=O)CC1OC(=O)c2ccccc21,2.935200000000002,CC(C)CCNC(=O)CC1OC(=O)c2ccccc21,True,2.450500000000001,-0.484700000000001,0.5098039215686274,False,True
1.0,bin,8,-0.0693100094795227,-0.12460005283355713,-0.014019966125488281,1907077,Cc1ccc2[nH]nc(C(=O)Nc3nc(-c4ccco4)cs3)c2c1,3.8401200000000015,O=C(Nc1nccs1)c1n[nH]c2cc(F)c(-c3ccco3)cc12,True,3.6708000000000016,-0.16931999999999992,0.5294117647058824,False,True
1.0,bin,8,-0.0693100094795227,-0.12460005283355713,-0.014019966125488281,1913063,Cc1nn(C)c(C)c1CN(C(=O)c1cn2cccc(C)c2n1)C1CC1,2.797860000000001,Cc1ccc2[nH]cc(C(=O)N(Cc3cnn(C)c3)C3CC3)nc1-2,True,2.3612200000000003,-0.4366400000000006,0.37333333333333335,False,True
1.0,bin,8,-0.0693100094795227,-0.12460005283355713,-0.014019966125488281,1922265,CN(CCNC(=O)c1ccc2c(c1)ncn2C)c1ccccc1,2.4395000000000007,CN(CCNC(=O)c1ccc2[nH]cnc2c1)Cc1cccc(C#N)c1,True,2.296379999999999,-0.14312000000000147,0.36486486486486486,False,True
1.0,bin,9,-0.007009983062744141,-0.014019966125488281,0.0,32052,COc1ccccc1CNC(=O)Cc1c[nH]c2ccccc12,3.035400000000001,O=C(Cc1c[nH]c2ccccc12)NCc1ccccc1,True,3.0268000000000015,-0.008599999999999497,0.6590909090909091,False,False
1.0,bin,9,-0.007009983062744141,-0.014019966125488281,0.0,116747,COCCSc1ccccc1C(=O)Nc1cccc(C)n1,3.3808200000000017,Cc1cccc(NC(=O)c2ccccc2Br)n1,True,3.4048200000000017,0.02400000000000002,0.5625,False,False
1.0,bin,9,-0.007009983062744141,-0.014019966125488281,0.0,131060,CS(=O)(=O)NCCc1csc(-c2ccc(F)cc2)n1,2.0408999999999997,CS(=O)(=O)NCCc1csc(-c2ccccc2C#N)n1,True,1.77348,-0.26741999999999977,0.5686274509803921,False,True
1.0,bin,9,-0.007009983062744141,-0.014019966125488281,0.0,131949,CCc1c(C)nc(SCC(=O)NC(C)C)[nH]c1=O,1.25742,CCCc1c(C)nc(SC(C)C(N)=O)[nH]c1=O,True,0.99672,-0.26069999999999993,0.4528301886792453,False,True
1.0,bin,9,-0.007009983062744141,-0.014019966125488281,0.0,158879,COc1ccc(CC(=O)OCC(=O)c2c[nH]c3ccccc23)cc1,3.145100000000001,O=C(Cc1c[nH]c2ccccc12)OCC(=O)c1ccc(F)cc1,True,3.2756000000000016,0.1305000000000005,0.47368421052631576,False,False
1.0,bin,9,-0.007009983062744141,-0.014019966125488281,0.0,232056,COCCNC(=O)c1cc(=O)c2cc(C)ccc2o1,1.4776199999999993,COCC(C)NC(=O)c1cc(=O)c2cc(OC)ccc2o1,True,1.5662999999999998,0.08868000000000054,0.5660377358490566,False,True
1.0,bin,9,-0.007009983062744141,-0.014019966125488281,0.0,235788,O=C(Cn1nc(-c2ccco2)oc1=O)NCC(F)(F)F,0.7747999999999999,CC(C)N(C)C(=O)Cn1nc(-c2ccco2)oc1=O,True,0.9631000000000002,0.18830000000000024,0.5740740740740741,False,True
1.0,bin,9,-0.007009983062744141,-0.014019966125488281,0.0,236081,CC(=O)c1c(C)[nH]c(C(=O)CSc2nc(C(C)C)n[nH]2)c1C,3.0506400000000014,CC(=O)c1c(C)[nH]c(C(=O)CSc2nc(C(C)C)n[nH]2)c1C,True,3.0506400000000014,0.0,1.0,True,False
1.0,bin,9,-0.007009983062744141,-0.014019966125488281,0.0,281081,O=C(Cn1cccn1)NCc1cccnc1Oc1ccc(F)cc1F,2.665000000000001,O=C(Cn1cc(F)cn1)NCc1cccnc1Oc1ccc(F)cc1,True,2.665000000000001,0.0,0.5873015873015873,False,True
1.0,bin,9,-0.007009983062744141,-0.014019966125488281,0.0,284170,COc1ccc(-c2nc(CC(=O)Nc3cccc(C)n3)cs2)cc1,3.7033200000000024,COc1ccccc1-c1nc(CC(=O)Nc2ccccn2)cs1,True,3.3949000000000016,-0.3084200000000008,0.5245901639344263,False,True
1.0,bin,9,-0.007009983062744141,-0.014019966125488281,0.0,288369,Cc1ccc(NCc2nnc3n2CCCCC3)cc1C,3.2334400000000016,Clc1ccc(NCc2nnc3n2CCCCC3)cc1,True,3.2700000000000022,0.03656000000000059,0.6739130434782609,False,False
1.0,bin,9,-0.007009983062744141,-0.014019966125488281,0.0,302889,COc1ccc(OC)c(NC(=O)CCNC(=O)c2cccs2)c1,2.5239000000000003,O=C(CCNC(=O)c1cccs1)Nc1ccc(F)cc1,True,2.6458000000000004,0.12190000000000012,0.5272727272727272,False,False
1.0,bin,9,-0.007009983062744141,-0.014019966125488281,0.0,327141,COc1ccc(OC)c(S(=O)(=O)Nc2ccn(C)n2)c1,1.2381,COc1ccc(OC)c(S(=O)(=O)Nc2ccn(C)n2)c1,True,1.2381,0.0,1.0,True,False
1.0,bin,9,-0.007009983062744141,-0.014019966125488281,0.0,327382,CNC(=O)C1CN(C(=O)c2c(C)noc2C)c2ccccc2O1,1.4452399999999996,CNC(=O)C1CN(C(=O)c2c(C)noc2C)c2ccccc2O1,True,1.4452399999999996,0.0,1.0,True,False
1.0,bin,9,-0.007009983062744141,-0.014019966125488281,0.0,406491,COCCNC(=O)C1CCCN(S(=O)(=O)N2CCOCC2)C1,-0.9619999999999964,COCCCNC(=O)CC1CCN(S(=O)(=O)N2CCOCC2)C1,True,-0.5718999999999976,0.3900999999999988,0.5789473684210527,False,True
1.0,bin,9,-0.007009983062744141,-0.014019966125488281,0.0,413951,O=C(Cn1ncn2cccc2c1=O)N1CCCCCC1,0.8985999999999996,CC(=O)C(=O)NN1C=CC=C(N2CCCCC2)C1,True,0.8056999999999999,-0.09289999999999976,0.1746031746031746,False,True
1.0,bin,9,-0.007009983062744141,-0.014019966125488281,0.0,427929,CCNc1nc(NCc2ccccc2Cl)c2cnn(C)c2n1,3.060600000000001,CCNc1nc(NCc2ccc(F)cc2Cl)c2cn[nH]c2n1,True,3.1893000000000002,0.12869999999999937,0.45161290322580644,False,True
1.0,bin,9,-0.007009983062744141,-0.014019966125488281,0.0,447130,CCC(NC(=O)C1CCN(C(=O)C2CC2)CC1)c1ccc(C)cc1,3.2109200000000016,CC=C1C=CCC(C2CC(C)CC3CN(C)CCC3C(=O)N2C)=C1,True,3.6438000000000024,0.4328800000000008,0.1111111111111111,False,True
1.0,bin,9,-0.007009983062744141,-0.014019966125488281,0.0,481908,CCNS(=O)(=O)c1ccc(C)c(C(=O)Nc2ncccc2C)c1,2.24894,CNc1ncccc1NC(=O)C1=CC(=COC)C(N)=CC1,True,1.7648,-0.48414000000000024,0.24324324324324326,False,True
1.0,bin,9,-0.007009983062744141,-0.014019966125488281,0.0,485220,Cc1nn(CC(=O)N2CCN(C)CC2)c(C)c1Br,1.03644,Cc1n[nH]c(C)c1CNC(=O)CN1CCN(C)CC1C,True,0.2786400000000009,-0.7577999999999991,0.25806451612903225,False,True
1.0,bin,9,-0.007009983062744141,-0.014019966125488281,0.0,526363,Cc1nnc(SCC(=O)Nc2ccc(O)cc2)n(N)c1=O,0.09692,Nc1nnc(SCC(=O)Nc2ccc(F)cc2)n(N)c1=O,True,-0.19580000000000009,-0.2927200000000001,0.6153846153846154,False,True
1.0,bin,9,-0.007009983062744141,-0.014019966125488281,0.0,536853,COc1ccc(C2CCCN2C(=O)C2CCC2)c(OC)c1,3.1674000000000015,O=C(C1CCCC1)N1CCCC1c1ccc(F)cc1,True,3.679400000000003,0.5120000000000013,0.45098039215686275,False,True
1.0,bin,9,-0.007009983062744141,-0.014019966125488281,0.0,540312,Cc1nn(C)c2nc(C3CC3)cc(C(=O)NCC(=O)NC(C)(C)C)c12,1.7986199999999997,Cc1nn(C)cnc(C2CC2)cc2c1CN(C)C(=O)C(C)NC2=O,True,1.21562,-0.5829999999999997,0.22784810126582278,False,True
1.0,bin,9,-0.007009983062744141,-0.014019966125488281,0.0,544381,Cc1nc(N2CCCC(C(=O)NC(C)C)C2)c2c(C)c(C)oc2n1,2.8890600000000006,CCC(C)N1C(=O)CCCN1C1=NC(C)=NCOC(C)=C(C)C1,True,3.1129000000000016,0.22384000000000093,0.16049382716049382,False,True
1.0,bin,9,-0.007009983062744141,-0.014019966125488281,0.0,544382,CCCNC(=O)C1CCCN(c2nc(C)nc3oc(C)c(C)c23)C1,2.8906600000000013,CCC(CNc1nc(C)nc2oc(C)c(C)c12)CC(C)O,True,3.357060000000003,0.4664000000000015,0.3333333333333333,False,True
1.0,bin,9,-0.007009983062744141,-0.014019966125488281,0.0,550049,Cc1ccc(C)c(OCC(=O)Nc2cccc(-n3cnnc3)c2)c1,2.9016400000000013,CCN(C(=O)COc1ccccc1)c1cccc(-n2cnnc2)c1,True,2.699200000000001,-0.20244000000000018,0.390625,False,True
1.0,bin,9,-0.007009983062744141,-0.014019966125488281,0.0,573533,Cc1nn(-c2ncc(C(F)(F)F)cc2Cl)c(=O)o1,2.2011199999999995,O=C1CC=NN1c1nc(C(F)(F)F)ccc1Cl,True,2.476300000000001,0.27518000000000153,0.23728813559322035,False,True
1.0,bin,9,-0.007009983062744141,-0.014019966125488281,0.0,582555,O=C(NCC(O)c1ccccc1)c1ccc2c(=O)n3c(nc2c1)CCC3,1.8061000000000003,O=C(CC=c1c2cc([nH]c1=O)CC=2)NCC(O)c1c(F)cccc1F,True,0.010099999999999887,-1.7960000000000003,0.21176470588235294,False,True
1.0,bin,9,-0.007009983062744141,-0.014019966125488281,0.0,588547,Cc1n[nH]c(C)c1NC(=O)CCc1ccc(Cl)cc1Cl,3.9046400000000023,Cc1n[nH]c(C)c1NC(=O)CCc1ccc(Cl)c(Cl)c1,True,3.9046400000000023,0.0,0.66,False,True
1.0,bin,9,-0.007009983062744141,-0.014019966125488281,0.0,607673,CCCN(CC1CC1)S(=O)(=O)c1ccccc1F,2.636400000000001,CCCN(CC1CC1)S(=O)(=O)c1ccc(F)cc1,True,2.636400000000001,0.0,0.627906976744186,False,False
1.0,bin,9,-0.007009983062744141,-0.014019966125488281,0.0,617681,Cc1cc(C(=O)Nc2nc(-c3ccncc3)cs2)nn1C(C)C,3.5432200000000016,Cc1csc(NC(=O)c2cc(C(C)C)n(-c3ccncc3)n2)n1,True,3.4079200000000016,-0.13529999999999998,0.5245901639344263,False,True
1.0,bin,9,-0.007009983062744141,-0.014019966125488281,0.0,650267,COc1ccc2oc(C(=O)NC3CCCCNC3=O)c(C)c2c1,2.14832,CC1=C(C(=O)NC2CCCNC2)OOc2ccccc21,True,1.6097999999999995,-0.5385200000000006,0.23376623376623376,False,True
1.0,bin,9,-0.007009983062744141,-0.014019966125488281,0.0,668639,Cc1cc(NC(=O)c2ccccc2Cl)ncc1N,2.8779200000000005,O=C(Nc1ccc(Br)cn1)c1ccccc1O,True,2.802000000000001,-0.07591999999999954,0.42,False,False
1.0,bin,9,-0.007009983062744141,-0.014019966125488281,0.0,673160,CCC(=O)Nc1ccc2oc(C(F)(F)F)cc(=O)c2c1,3.160300000000001,CC(C)C(=O)Nc1ccc2oc(C(F)(F)F)cc(=O)c2c1,True,3.4063000000000017,0.24600000000000044,0.7021276595744681,False,False
1.0,bin,9,-0.007009983062744141,-0.014019966125488281,0.0,711169,Cc1cccc(C(C)C)c1NC(=O)N(C)Cc1ccncc1,4.177320000000003,CC(C)c1ccc(NC(=O)N(C)Cc2ccncc2)cc1,True,3.8689000000000027,-0.3084199999999999,0.58,False,False
1.0,bin,9,-0.007009983062744141,-0.014019966125488281,0.0,720969,Cc1noc(C)c1CCC(=O)OCC(=O)N1c2ccccc2CC1C,2.7450400000000013,Cc1noc(C)c1CCC(=O)OCC(=O)N1CCc2ccccc21,True,2.35654,-0.3885000000000014,0.6721311475409836,False,False
1.0,bin,9,-0.007009983062744141,-0.014019966125488281,0.0,730789,COC(=O)C1CCN(C(=O)c2cc3ccc(F)cc3nc2C)CC1,2.7075200000000006,COC(=O)CC1CCCCN1C(=O)c1ccc2ccc(F)cc2n1,True,2.931700000000001,0.2241800000000005,0.417910447761194,False,True
1.0,bin,9,-0.007009983062744141,-0.014019966125488281,0.0,738178,Cc1ccc(-n2ccnc2SCc2nc(C3CC3)no2)cc1C,4.041840000000003,Cc1ccc(-n2ccnc2SCc2nc(C3CC3)no2)c(C)c1,True,4.041840000000003,0.0,0.7142857142857143,False,True
1.0,bin,9,-0.007009983062744141,-0.014019966125488281,0.0,771897,COc1ccccc1OCC(=O)N(C)Cc1sccc1C,3.102520000000002,Cc1ccc(CN(C)C(=O)COc2cccc(F)c2)s1,True,3.2330200000000024,0.1305000000000005,0.3548387096774194,False,True
1.0,bin,9,-0.007009983062744141,-0.014019966125488281,0.0,811446,COC(=O)C1(NC(=O)c2cc(Br)c[nH]2)CCCCCC1,2.7730000000000006,CCCn1cc(Br)cc1C(=O)NC(CC)C(=O)OC,True,2.3420000000000005,-0.43100000000000005,0.23809523809523808,False,True
1.0,bin,9,-0.007009983062744141,-0.014019966125488281,0.0,848291,CCC(C)NC(=O)NCc1noc(-c2cccs2)n1,2.3958000000000004,CC(C)(C)NC(=O)NCCc1noc(-c2cccs2)n1,True,2.4383,0.04249999999999954,0.5423728813559322,False,True
1.0,bin,9,-0.007009983062744141,-0.014019966125488281,0.0,863440,COc1ccc(-c2nc(CCCO)cs2)cc1OC,2.752200000000001,COc1cc(-c2nc(CCCO)cs2)cc(OC)c1OC,True,2.7608000000000015,0.008600000000000385,0.7441860465116279,False,False
1.0,bin,9,-0.007009983062744141,-0.014019966125488281,0.0,864663,N#Cc1ccc(-c2cc(F)ccc2F)nc1N1CCCC1,3.498680000000002,Oc1ccccc1-c1ccc(Cl)c(N2CCCC2)n1,True,3.7078000000000024,0.20912000000000042,0.3584905660377358,False,True
1.0,bin,9,-0.007009983062744141,-0.014019966125488281,0.0,872100,CCc1cccc(C)c1NCC(O)c1ccc2c(c1)OCCO2,3.474120000000002,OC(CNc1cccc(C(F)F)c1)c1ccc2c(c1)OCCO2,True,3.5409000000000024,0.0667800000000005,0.5454545454545454,False,True
1.0,bin,9,-0.007009983062744141,-0.014019966125488281,0.0,886334,COc1ccc(C(=O)N2CCCC(C(=O)N3CCCCC3)C2)c(O)c1,2.2655000000000003,O=C(c1cccc(O)c1)N1CCCC(C(=O)N2CCCCC2)C1,True,2.2569,-0.008600000000000385,0.5576923076923077,False,True
1.0,bin,9,-0.007009983062744141,-0.014019966125488281,0.0,887387,COCCNC(=O)N(Cc1cccc(F)c1)CC1CCCO1,2.1627,COCCNC(=O)N(Cc1ccccc1)CC1CCCO1,True,2.0235999999999996,-0.13910000000000045,0.7818181818181819,False,False
1.0,bin,9,-0.007009983062744141,-0.014019966125488281,0.0,889149,N#Cc1ccc(NC(=O)c2ccc(Br)cc2Cl)nc1,3.621480000000001,O=C(Nc1ccccn1)c1ccc(F)c(Br)c1,True,3.235500000000001,-0.38598,0.3050847457627119,False,True
1.0,bin,9,-0.007009983062744141,-0.014019966125488281,0.0,913483,O=C(CNC(=O)NCCc1c(Cl)cccc1Cl)NC1CC1,2.1137000000000006,CCCC(O)(NC(=O)NCCc1ccccc1Cl)NC1CC1,True,2.3799,0.26619999999999955,0.4,False,True
1.0,bin,9,-0.007009983062744141,-0.014019966125488281,0.0,917620,C=CCN(Cc1ccccc1OC)C(=O)c1csc(C)n1,3.288520000000002,C=CCN(Cc1ccc(OC)cc1)C(=O)c1csc(C)n1,True,3.288520000000002,0.0,0.6666666666666666,False,True
1.0,bin,9,-0.007009983062744141,-0.014019966125488281,0.0,918312,CCOc1ccc(Cl)c(C(=O)N2CCN(c3ncccn3)CC2)n1,1.8860999999999997,Cc1cc(Cl)cc(C(=O)N2CCN(c3ncccn3)CC2)n1,True,1.79582,-0.0902799999999997,0.48214285714285715,False,True
1.0,bin,9,-0.007009983062744141,-0.014019966125488281,0.0,922879,CC(=O)c1ccc(N2CCN(Cc3c(F)cccc3F)CC2)cc1,3.489600000000003,COc1cccc(N2CCN(c3ccccc3)CC2)c1,True,3.0218000000000016,-0.4678000000000013,0.2857142857142857,False,True
1.0,bin,9,-0.007009983062744141,-0.014019966125488281,0.0,927535,COc1cc(CN2CCN(c3ccccc3F)CC2)ccc1O,2.862100000000002,COc1ccc(O)c(CN2CCN(c3ccccc3F)CC2)c1,True,2.8621000000000016,-4.440892098500626e-16,0.6470588235294118,False,True
1.0,bin,9,-0.007009983062744141,-0.014019966125488281,0.0,927567,Cc1ccccc1N1CCN(Cc2cccc(O)c2)CC1,3.022820000000001,Oc1ccc(N2CCN(Cc3cccc(F)c3F)CC2)cc1,True,2.9926000000000013,-0.030219999999999914,0.33962264150943394,False,True
1.0,bin,9,-0.007009983062744141,-0.014019966125488281,0.0,938108,CC(c1ccccc1)N(C)C(=O)CCC(=O)Nc1nccs1,3.0814000000000012,Cc1ccc(CN(C)C(=O)CCC(=O)Nc2nccs2)cc1,True,2.8288200000000003,-0.2525800000000009,0.5535714285714286,False,True
1.0,bin,9,-0.007009983062744141,-0.014019966125488281,0.0,943303,CN(CCCOc1ccccc1)C(=O)Nc1cccc2c1OCCO2,3.390600000000002,O=C(NCCCOc1ccccc1)Nc1cccc2c1OCCO2,True,3.048400000000001,-0.34220000000000095,0.6545454545454545,False,True
1.0,bin,9,-0.007009983062744141,-0.014019966125488281,0.0,946289,CC(NC(=O)C1(c2cc(-c3ccco3)on2)CC1)c1ccccc1,3.843600000000002,CC(C(=O)N(C)Cc1ccccc1)c1cc(-c2ccco2)on1,True,3.6967000000000025,-0.1468999999999996,0.4153846153846154,False,True
1.0,bin,9,-0.007009983062744141,-0.014019966125488281,0.0,994077,Cc1nnc(Cn2c(-c3cccc(Br)c3)noc2=O)o1,2.0055199999999997,O=c1onc(-c2ccccc2)n1Cc1nnc(C(F)(F)F)o1,True,1.9534,-0.05211999999999972,0.5272727272727272,False,True
1.0,bin,9,-0.007009983062744141,-0.014019966125488281,0.0,1065620,O=C(NCc1cccnc1Oc1ccccc1)c1cccnc1,3.198900000000002,O=C(NCc1cccnc1O)c1cccnc1Oc1ccccc1,True,2.9045000000000014,-0.29440000000000044,0.5961538461538461,False,True
1.0,bin,9,-0.007009983062744141,-0.014019966125488281,0.0,1093926,CN(C(=O)CNc1cccc(OCC2CCCO2)c1)c1ccccc1,3.319300000000002,CN(C(=O)CNc1cccc(OCC2CCCO2)c1)c1ccccc1,True,3.319300000000002,0.0,1.0,True,False
1.0,bin,9,-0.007009983062744141,-0.014019966125488281,0.0,1107920,CCc1ccc(-n2cc(C(=O)NC(C)c3ccccc3)nn2)cc1,3.320700000000002,CC(NC(=O)c1cn(-c2ccccc2)nn1)C1=CC=CCC1,True,2.662000000000001,-0.6587000000000014,0.5423728813559322,False,True
1.0,bin,9,-0.007009983062744141,-0.014019966125488281,0.0,1113130,CC(NC(=O)Cn1nnnc1C(C)(C)C)c1cccc2ccccc12,3.0012000000000016,COCC(C)(C)c1nnnn1CC(=O)NC(C)=Cc1ccccc1,True,1.7742999999999995,-1.226900000000002,0.417910447761194,False,True
1.0,bin,9,-0.007009983062744141,-0.014019966125488281,0.0,1121751,COC(=O)Cn1ccc(NS(=O)(=O)c2ccc(F)c(F)c2F)n1,1.2742,COC(=O)Cn1ccc(NS(=O)(=O)c2ccc(C)cc2F)n1,True,1.3044200000000001,0.030220000000000136,0.7307692307692307,False,True
1.0,bin,9,-0.007009983062744141,-0.014019966125488281,0.0,1142531,CCOC(C)C(=O)NCCc1csc(-c2ccc(C)cc2)n1,3.2022200000000014,Cc1ccc(-c2nc(CCNC(=O)CCO)cs2)cc1,True,2.1596200000000003,-1.042600000000001,0.6111111111111112,False,True
1.0,bin,9,-0.007009983062744141,-0.014019966125488281,0.0,1212157,CN(Cc1ccc(F)c(F)c1)C(=O)c1cncc(-c2cnn(C)c2)c1,3.0325000000000015,CN(Cc1ccc(F)c(F)c1)C(=O)c1cncc(-c2cnn(C)c2)c1,True,3.0325000000000015,0.0,1.0,True,False
1.0,bin,9,-0.007009983062744141,-0.014019966125488281,0.0,1215394,CCn1nc(C)cc1C(=O)Oc1cccc(NC(=O)C(C)C)c1,3.025120000000001,CCn1nc(C)cc1C(=O)Oc1cccc(C(=O)N(C)C(C)C)c1,True,2.9110200000000015,-0.11409999999999965,0.6101694915254238,False,True
1.0,bin,9,-0.007009983062744141,-0.014019966125488281,0.0,1232922,CC(C)(C)OC(=O)NC1CCCN(S(=O)(=O)N2CCOCC2)C1,0.5525000000000011,CCCC(=O)NCC1CCN(S(=O)(=O)N2CCOCC2)CC1,True,0.1917000000000013,-0.3607999999999998,0.3793103448275862,False,True
1.0,bin,9,-0.007009983062744141,-0.014019966125488281,0.0,1238973,FC(F)(F)c1cnc(N2CCn3c(nnc3C3CC3)C2)c(Cl)c1,3.2429000000000023,FC(F)(F)c1cnc(N2CCn3c(nnc3C3CC3)C2)c(Cl)c1,True,3.2429000000000023,0.0,1.0,True,False
1.0,bin,9,-0.007009983062744141,-0.014019966125488281,0.0,1299495,Cc1cc(CC(=O)N2CCCC2C(C#N)c2ccccc2)no1,2.823900000000001,Cc1cc(CC(=O)N2CCCC2C(C#N)c2ccccc2)no1,True,2.823900000000001,0.0,1.0,True,False
1.0,bin,9,-0.007009983062744141,-0.014019966125488281,0.0,1309906,CC(C)CC(NC(=O)c1cc(=O)c2ccccc2o1)C(=O)OC(C)C,2.8891000000000018,CCC(C)N(CC(C)C)C(=O)c1cc(=O)c2ccccc2o1,True,3.689700000000003,0.8006000000000011,0.4576271186440678,False,True
1.0,bin,9,-0.007009983062744141,-0.014019966125488281,0.0,1362816,COCc1cccc(C(=O)NC2CC2c2cccc(Cl)c2)c1,3.772300000000002,COc1cccc(C2CC2NC(=O)c2cccc(C(C)C)c2)c1,True,4.1045000000000025,0.3322000000000003,0.5166666666666667,False,True
1.0,bin,9,-0.007009983062744141,-0.014019966125488281,0.0,1441838,COCC(=O)NC(C(=O)Nc1cccc(-c2nccs2)c1)C(C)C,2.5358,CC(=NC(=O)Nc1cccc(-c2nccs2)c1)NC(=O)N(C)C(C)C,True,3.810200000000002,1.2744000000000018,0.4714285714285714,False,True
1.0,bin,9,-0.007009983062744141,-0.014019966125488281,0.0,1450449,CCCNC(=O)CSc1nc2c(cc1C#N)CCCC2,2.450380000000001,CCCNC(=O)C(C)Sc1nc2c(cc1C#N)CCCC2,True,2.8388800000000014,0.3885000000000005,0.6785714285714286,False,False
1.0,bin,9,-0.007009983062744141,-0.014019966125488281,0.0,1451910,O=S(=O)(NCc1nnc2ccccn12)c1ccc(F)c(F)c1,1.4859999999999995,O=S(=O)(NCc1nnc2ccccn12)c1cccc(F)c1,True,1.3468999999999998,-0.13909999999999978,0.75,False,False
1.0,bin,9,-0.007009983062744141,-0.014019966125488281,0.0,1479798,Cc1nc(C)c(CCC(=O)N(CC(C)C)CC(F)(F)F)c(=O)[nH]1,2.3662400000000003,CCC(C)C(C)NC(=O)CCc1c(C)nc(C)[nH]c1=O,True,1.8701399999999997,-0.49610000000000065,0.47368421052631576,False,True
1.0,bin,9,-0.007009983062744141,-0.014019966125488281,0.0,1507926,COC(=O)C(C)NC(=O)Cc1csc(-c2ccccc2Cl)n1,2.6837,O=C(Cc1csc(-c2ccc(Cl)cc2)n1)NCCO,True,2.114500000000001,-0.569199999999999,0.4,False,True
1.0,bin,9,-0.007009983062744141,-0.014019966125488281,0.0,1527882,Nc1ncccc1C(=O)Nc1ccc2cn[nH]c2c1,1.7923999999999998,CNC(=O)c1n[nH]c2ccc(NC(=O)c3ccc(C)nc3)cc12,True,1.8782199999999998,0.08582000000000001,0.3384615384615385,False,True
1.0,bin,9,-0.007009983062744141,-0.014019966125488281,0.0,1532848,COc1ccc(-c2ccc3c(=O)[nH]cnc3c2)cc1Cl,3.2521000000000013,O=c1[nH]cnc2ccc(-c3cccc(Cl)c3)cc12,True,3.243500000000001,-0.008600000000000385,0.46938775510204084,False,False
1.0,bin,9,-0.007009983062744141,-0.014019966125488281,0.0,1548351,COc1cc(OC)c2c(c1)C(c1cnccn1)NCC2,1.7288999999999999,COc1ccc(O)c2c1C(c1cnccn1)NCC2,True,1.4258999999999995,-0.3030000000000004,0.5660377358490566,False,False
1.0,bin,9,-0.007009983062744141,-0.014019966125488281,0.0,1570134,COc1cccc(C(C)N2CCN(C(=O)c3ccc(O)cc3)CC2)c1,2.9198000000000013,COc1ccccc1CN1CCN(C(=O)c2ccc(F)cc2)CC1,True,2.792300000000001,-0.1275000000000004,0.36065573770491804,False,False
1.0,bin,9,-0.007009983062744141,-0.014019966125488281,0.0,1611406,CC(C)(C)N1CC(NC(=O)C2COc3ccc(F)cc3C2)CC1=O,1.8923999999999994,CC(C)(C)N1CC(C(=O)NC2COc3ccc(F)cc3C2)CC1=O,True,1.8923999999999994,0.0,0.7857142857142857,False,True
1.0,bin,9,-0.007009983062744141,-0.014019966125488281,0.0,1612684,CCCC1CN(C(=O)Nc2ccn(CCC(C)C)n2)CCO1,2.9620000000000015,CC1OCCCN1C(=O)Nc1ccn(CCC(C)(C)C)n1,True,2.919500000000001,-0.042500000000000426,0.43478260869565216,False,True
1.0,bin,9,-0.007009983062744141,-0.014019966125488281,0.0,1639675,CCC(CC)c1nnc(NC(=O)c2scnc2C2CC2)s1,4.0279000000000025,CC1C=NN=C(NC(=O)c2scnc2C2CC2S)CC1,True,2.4728000000000003,-1.5551000000000021,0.36363636363636365,False,True
1.0,bin,9,-0.007009983062744141,-0.014019966125488281,0.0,1675660,COc1ccnc(NC(=O)c2cccc(Cl)c2)c1,2.9959000000000007,O=C(Nc1ccccn1)c1cccc(C(F)(F)F)c1,True,3.3527000000000013,0.35680000000000067,0.41509433962264153,False,False
1.0,bin,9,-0.007009983062744141,-0.014019966125488281,0.0,1689728,CCc1noc(CSc2ncnc3sc(C)cc23)n1,3.237420000000002,Cc1cc2c(SCC3CC=NO3)ncnc2s1,True,2.8665200000000013,-0.3709000000000007,0.46551724137931033,False,True
1.0,bin,9,-0.007009983062744141,-0.014019966125488281,0.0,1720876,CC(C)(C)CC(=O)NCC(=O)Nc1ccc2c(c1)COC2,2.2077,CC(NC(=O)OC(C)(C)C)C(=O)Nc1ccc2c(c1)COC2,True,2.568500000000001,0.3608000000000011,0.5,False,True
1.0,bin,9,-0.007009983062744141,-0.014019966125488281,0.0,1757109,CC(C)Cc1ncc(CNc2ccc3c(c2)COC3)s1,3.983900000000003,CC(C)c1ncc(CNc2cc3ccc2C(F)OC3)s1,True,4.376900000000003,0.3929999999999998,0.359375,False,True
1.0,bin,9,-0.007009983062744141,-0.014019966125488281,0.0,1774061,O=C1NCCCc2[nH]c(-c3cccc4[nH]ccc34)nc21,2.234,O=C1N=NC(c2ccc(CO)c3[nH]ccc23)NCCCCN1,True,2.2039999999999997,-0.03000000000000025,0.2535211267605634,False,True
1.0,bin,9,-0.007009983062744141,-0.014019966125488281,0.0,1800687,Cc1nn(C)c(-c2nc(-c3cccnn3)no2)c1Cl,1.8889199999999997,Cn1nc(C(C)(C)C)cc1-c1nc(-c2cccnn2)no1,True,2.2245999999999997,0.33568,0.5370370370370371,False,True
1.0,bin,9,-0.007009983062744141,-0.014019966125488281,0.0,1815867,FC(F)(F)c1ccc(CN2CCOCC2c2ncon2)cc1,2.661900000000001,FC(F)(F)c1ccccc1CN1CCOCC1c1ncon1,True,2.6619,-8.881784197001252e-16,0.6666666666666666,False,True
1.0,bin,9,-0.007009983062744141,-0.014019966125488281,0.0,1828580,Cc1ccc(N2CC3OCC(=O)N(Cc4cccc(F)c4)C3C2)nn1,1.54032,O=CC1OC2CN(Cc3ccccc3)CC2N1c1ccc(F)nn1,True,1.2302999999999997,-0.3100200000000002,0.2948717948717949,False,True
1.0,bin,9,-0.007009983062744141,-0.014019966125488281,0.0,1836183,CCc1ccc(C(=O)NCc2nccc(N(C)C)n2)cc1,2.035,Cc1ccc(C(=O)NCc2nccc(C)n2)cc1,True,2.02344,-0.011560000000000237,0.5416666666666666,False,True
1.0,bin,9,-0.007009983062744141,-0.014019966125488281,0.0,1842499,COc1ccccc1COc1ccccc1-c1cnn(CCO)c1,3.1300000000000017,OCCn1cc(-c2ccccc2COc2ccccc2)cn1,True,3.1214000000000013,-0.008600000000000385,0.6326530612244898,False,True
1.0,bin,9,-0.007009983062744141,-0.014019966125488281,0.0,1865564,COC(CNC(=O)c1ccoc1)c1cccc(F)c1,2.536200000000001,Cc1ccc(C(O)CNC(=O)c2ccoc2)cc1Cl,True,2.7048200000000007,0.16861999999999977,0.4576271186440678,False,True
1.0,bin,9,-0.007009983062744141,-0.014019966125488281,0.0,1868773,CCCOc1ccc(Cl)c2c1CCNC2C1CC(=O)C1,3.2947000000000015,CC(C)(C)c1ccc2c(c1Cl)C1(CCC(=O)C1)NCC2,True,3.7315000000000023,0.43680000000000074,0.18309859154929578,False,True
1.0,bin,9,-0.007009983062744141,-0.014019966125488281,0.0,1873123,CCC1OC(=O)c2c(OC)ccc(Br)c21,3.079200000000002,COc1cc(Br)c2c(c1OC)OC(=O)C2C,True,2.4888000000000003,-0.5904000000000016,0.32,False,True
1.0,bin,9,-0.007009983062744141,-0.014019966125488281,0.0,1875028,Cc1cccc(C)c1NCC(=O)N1CCCC2CCCCC21,3.8965400000000034,O=C(CNc1ccccc1)N1CCCC1C1CCCC1,True,3.279700000000002,-0.6168400000000016,0.6666666666666666,False,True
1.0,bin,9,-0.007009983062744141,-0.014019966125488281,0.0,1895921,CCC(CC)N(C)C(=O)CC1OC(=O)c2ccccc21,2.935200000000002,CC(C)CCOC(=O)CC1OC(=O)c2ccccc21,True,2.8775000000000013,-0.05770000000000053,0.5098039215686274,False,True
1.0,bin,9,-0.007009983062744141,-0.014019966125488281,0.0,1907077,Cc1ccc2[nH]nc(C(=O)Nc3nc(-c4ccco4)cs3)c2c1,3.8401200000000015,O=C(Nc1nc(-c2ccc(F)o2)cs1)c1n[nH]c2ccccc12,True,3.6708000000000007,-0.1693200000000008,0.5555555555555556,False,True
1.0,bin,9,-0.007009983062744141,-0.014019966125488281,0.0,1913063,Cc1nn(C)c(C)c1CN(C(=O)c1cn2cccc(C)c2n1)C1CC1,2.797860000000001,Cc1nn(C)cc1CN(C(=O)c1cn2c(C)cccc2n1)C1CC1,True,2.489440000000001,-0.3084199999999999,0.43661971830985913,False,True
1.0,bin,9,-0.007009983062744141,-0.014019966125488281,0.0,1922265,CN(CCNC(=O)c1ccc2c(c1)ncn2C)c1ccccc1,2.4395000000000007,Cc1ccccc1NC(=O)CNC(=O)c1ccc2[nH]cnc2c1,True,2.23982,-0.19968000000000075,0.3142857142857143,False,True
1.0,bin,10,0.007009983062744141,0.0,0.014019966125488281,32052,COc1ccccc1CNC(=O)Cc1c[nH]c2ccccc12,3.035400000000001,COc1cccc(CNC(=O)Cc2c[nH]c3ccccc23)c1,True,3.035400000000001,0.0,0.66,False,False
1.0,bin,10,0.007009983062744141,0.0,0.014019966125488281,116747,COCCSc1ccccc1C(=O)Nc1cccc(C)n1,3.3808200000000017,CCSc1ccc(C(=O)Nc2cccc(N(C)C)n2)cc1,True,3.5119000000000016,0.13107999999999986,0.3442622950819672,False,True
1.0,bin,10,0.007009983062744141,0.0,0.014019966125488281,131060,CS(=O)(=O)NCCc1csc(-c2ccc(F)cc2)n1,2.0408999999999997,CS(=O)(=O)NCCc1csc(-c2ccc(F)cc2)n1,True,2.0408999999999997,0.0,1.0,True,False
1.0,bin,10,0.007009983062744141,0.0,0.014019966125488281,131949,CCc1c(C)nc(SCC(=O)NC(C)C)[nH]c1=O,1.25742,CCC(CC)NC(=O)CSc1nc(C)cc(=O)[nH]1,True,1.4752199999999995,0.21779999999999955,0.4716981132075472,False,True
1.0,bin,10,0.007009983062744141,0.0,0.014019966125488281,158879,COc1ccc(CC(=O)OCC(=O)c2c[nH]c3ccccc23)cc1,3.145100000000001,COc1ccc2[nH]cc(C(=O)OCC(=O)Cc3ccc(C#N)cc3)c2c1,True,3.0167800000000016,-0.12831999999999955,0.453125,False,True
1.0,bin,10,0.007009983062744141,0.0,0.014019966125488281,232056,COCCNC(=O)c1cc(=O)c2cc(C)ccc2o1,1.4776199999999993,COCCNC(=O)c1cc(=O)c2cc(OC)ccc2o1,True,1.1777999999999993,-0.29982,0.7608695652173914,False,True
1.0,bin,10,0.007009983062744141,0.0,0.014019966125488281,235788,O=C(Cn1nc(-c2ccco2)oc1=O)NCC(F)(F)F,0.7747999999999999,O=C(Cn1nc(-c2ccco2)oc1=O)NCC(F)(F)F,True,0.7747999999999999,0.0,1.0,True,False
1.0,bin,10,0.007009983062744141,0.0,0.014019966125488281,236081,CC(=O)c1c(C)[nH]c(C(=O)CSc2nc(C(C)C)n[nH]2)c1C,3.0506400000000014,CC(=O)c1c(C)[nH]c(C(=O)C(C)Sc2nc(C(C)C)n[nH]2)c1C,True,3.439140000000002,0.3885000000000005,0.6666666666666666,False,False
1.0,bin,10,0.007009983062744141,0.0,0.014019966125488281,281081,O=C(Cn1cccn1)NCc1cccnc1Oc1ccc(F)cc1F,2.665000000000001,Cn1nccc1Oc1ncccc1CNC(=O)COc1ccccc1,True,2.3026,-0.36240000000000094,0.42857142857142855,False,True
1.0,bin,10,0.007009983062744141,0.0,0.014019966125488281,284170,COc1ccc(-c2nc(CC(=O)Nc3cccc(C)n3)cs2)cc1,3.7033200000000024,COc1ccnc(NC(=O)Cc2csc(-c3ccccc3)n2)c1,True,3.3949000000000016,-0.3084200000000008,0.6101694915254238,False,False
1.0,bin,10,0.007009983062744141,0.0,0.014019966125488281,288369,Cc1ccc(NCc2nnc3n2CCCCC3)cc1C,3.2334400000000016,Cc1ccc(NCc2nnc3n2CCCC3)cc1C,True,2.8433400000000013,-0.39010000000000034,0.975,False,True
1.0,bin,10,0.007009983062744141,0.0,0.014019966125488281,302889,COc1ccc(OC)c(NC(=O)CCNC(=O)c2cccs2)c1,2.5239000000000003,Nc1c(Cl)cccc1NC(=O)CCNC(=O)c1cccs1,True,2.7423,0.21839999999999993,0.5344827586206896,False,True
1.0,bin,10,0.007009983062744141,0.0,0.014019966125488281,327141,COc1ccc(OC)c(S(=O)(=O)Nc2ccn(C)n2)c1,1.2381,COC=C1C=C(S(=O)(=O)Nc2ccn(C)n2)C=C1OC,True,1.1199,-0.11820000000000008,0.4727272727272727,False,True
1.0,bin,10,0.007009983062744141,0.0,0.014019966125488281,327382,CNC(=O)C1CN(C(=O)c2c(C)noc2C)c2ccccc2O1,1.4452399999999996,CCOCc1onc(C)c1C(=O)N1CC(C(=O)NC)c2ccccc21,True,2.0095199999999998,0.5642800000000001,0.4925373134328358,False,True
1.0,bin,10,0.007009983062744141,0.0,0.014019966125488281,406491,COCCNC(=O)C1CCCN(S(=O)(=O)N2CCOCC2)C1,-0.9619999999999964,CCC(=O)NC1CCCN(S(=O)(=O)N2CCOCC2)C1,True,-0.4459999999999982,0.5159999999999982,0.509090909090909,False,True
1.0,bin,10,0.007009983062744141,0.0,0.014019966125488281,413951,O=C(Cn1ncn2cccc2c1=O)N1CCCCCC1,0.8985999999999996,O=C(Cn1ncn2cccc2c1=O)N1CCCOCC1,True,-0.2551000000000003,-1.1537,0.7872340425531915,False,True
1.0,bin,10,0.007009983062744141,0.0,0.014019966125488281,427929,CCNc1nc(NCc2ccccc2Cl)c2cnn(C)c2n1,3.060600000000001,CC(Nc1nc(Cl)c2cnn(C)c2n1)c1ccccc1Cl,True,3.843200000000002,0.7826000000000013,0.4406779661016949,False,True
1.0,bin,10,0.007009983062744141,0.0,0.014019966125488281,447130,CCC(NC(=O)C1CCN(C(=O)C2CC2)CC1)c1ccc(C)cc1,3.2109200000000016,Cc1ccc(C)c(C(C)NC(=O)C2CCN(C(=O)C3CC3)CC2)c1,True,3.129240000000002,-0.08167999999999953,0.5660377358490566,False,True
1.0,bin,10,0.007009983062744141,0.0,0.014019966125488281,481908,CCNS(=O)(=O)c1ccc(C)c(C(=O)Nc2ncccc2C)c1,2.24894,CC(=O)Nc1ccc(F)c(C(=O)Nc2cccc(C)n2)c1,True,2.739820000000001,0.49088000000000065,0.23529411764705882,False,False
1.0,bin,10,0.007009983062744141,0.0,0.014019966125488281,485220,Cc1nn(CC(=O)N2CCN(C)CC2)c(C)c1Br,1.03644,Cc1nn(CC(=O)N2CCN(C)CC2C)c(C)c1Br,True,1.42494,0.38850000000000007,0.6444444444444445,False,True
1.0,bin,10,0.007009983062744141,0.0,0.014019966125488281,526363,Cc1nnc(SCC(=O)Nc2ccc(O)cc2)n(N)c1=O,0.09692,Cc1nc(N)n(SCC(=O)Nc2ccc(C#N)cc2)c(=O)n1,True,0.5355999999999997,0.43867999999999974,0.35384615384615387,False,True
1.0,bin,10,0.007009983062744141,0.0,0.014019966125488281,536853,COc1ccc(C2CCCN2C(=O)C2CCC2)c(OC)c1,3.1674000000000015,COc1ccc(C2CCCN2C(=O)C2CCC2)cc1OC,True,3.1674000000000015,0.0,0.6326530612244898,False,True
1.0,bin,10,0.007009983062744141,0.0,0.014019966125488281,540312,Cc1nn(C)c2nc(C3CC3)cc(C(=O)NCC(=O)NC(C)(C)C)c12,1.7986199999999997,Cc1nn(C)c2nc(C3CC3)cc(C(=O)NC(C)C(C)C)c12,True,2.928420000000001,1.1298000000000012,0.6101694915254238,False,True
1.0,bin,10,0.007009983062744141,0.0,0.014019966125488281,544381,Cc1nc(N2CCCC(C(=O)NC(C)C)C2)c2c(C)c(C)oc2n1,2.8890600000000006,Cc1nc(N2CCCC(O)C2)c2c(C)c(C)oc2n1,True,2.10916,-0.7799000000000005,0.6415094339622641,False,True
1.0,bin,10,0.007009983062744141,0.0,0.014019966125488281,544382,CCCNC(=O)C1CCCN(c2nc(C)nc3oc(C)c(C)c23)C1,2.8906600000000013,Cc1nc(N2CCC(CO)CC2)c2c(C)c(C)oc2n1,True,2.3567600000000004,-0.5339000000000009,0.5344827586206896,False,True
1.0,bin,10,0.007009983062744141,0.0,0.014019966125488281,550049,Cc1ccc(C)c(OCC(=O)Nc2cccc(-n3cnnc3)c2)c1,2.9016400000000013,Cc1ccc(OCC(=O)Nc2cccc(-n3cnnc3)c2)c(C)c1,True,2.9016400000000013,0.0,0.84,False,False
1.0,bin,10,0.007009983062744141,0.0,0.014019966125488281,573533,Cc1nn(-c2ncc(C(F)(F)F)cc2Cl)c(=O)o1,2.2011199999999995,O=COC(=CNC(F)(F)F)Nc1ncc(C(F)(F)F)cn1,True,1.9885999999999997,-0.21251999999999982,0.21311475409836064,False,True
1.0,bin,10,0.007009983062744141,0.0,0.014019966125488281,582555,O=C(NCC(O)c1ccccc1)c1ccc2c(=O)n3c(nc2c1)CCC3,1.8061000000000003,C=C1C=CC=CC(=O)NCC(O)c2ccc3c(=O)n4c(nc3c2)CCC14,True,1.7156000000000002,-0.09050000000000002,0.23529411764705882,False,True
1.0,bin,10,0.007009983062744141,0.0,0.014019966125488281,588547,Cc1n[nH]c(C)c1NC(=O)CCc1ccc(Cl)cc1Cl,3.9046400000000023,Cc1n[nH]c(C)c1NC(=O)CCc1ccc(Cl)cc1Cl,True,3.9046400000000023,0.0,1.0,True,False
1.0,bin,10,0.007009983062744141,0.0,0.014019966125488281,607673,CCCN(CC1CC1)S(=O)(=O)c1ccccc1F,2.636400000000001,CCN(CC1CC1)S(=O)(=O)c1cccc(F)c1F,True,2.3854000000000006,-0.25100000000000033,0.6363636363636364,False,True
1.0,bin,10,0.007009983062744141,0.0,0.014019966125488281,617681,Cc1cc(C(=O)Nc2nc(-c3ccncc3)cs2)nn1C(C)C,3.5432200000000016,CC(C)n1ccc(C(=O)Nc2nc(-c3ccncc3F)cs2)n1,True,3.3739000000000017,-0.16931999999999992,0.49230769230769234,False,True
1.0,bin,10,0.007009983062744141,0.0,0.014019966125488281,650267,COc1ccc2oc(C(=O)NC3CCCCNC3=O)c(C)c2c1,2.14832,CCOc1ccc2oc(C(=O)NC3CCCNC3)c(C)c2c1,True,2.6217200000000007,0.4734000000000007,0.5147058823529411,False,True
1.0,bin,10,0.007009983062744141,0.0,0.014019966125488281,668639,Cc1cc(NC(=O)c2ccccc2Cl)ncc1N,2.8779200000000005,Cc1ccccc1NC(=O)c1ccc(Cl)c(N)c1,True,3.482920000000001,0.6050000000000004,0.40384615384615385,False,False
1.0,bin,10,0.007009983062744141,0.0,0.014019966125488281,673160,CCC(=O)Nc1ccc2oc(C(F)(F)F)cc(=O)c2c1,3.160300000000001,CCC(=O)NC=C1C=COC(C(F)(F)F)=CC(=O)C=C1,True,2.5119000000000007,-0.6484000000000005,0.2903225806451613,False,True
1.0,bin,10,0.007009983062744141,0.0,0.014019966125488281,711169,Cc1cccc(C(C)C)c1NC(=O)N(C)Cc1ccncc1,4.177320000000003,Cc1cc(C)c(NC(=O)N(C)Cc2ccnc(F)c2)c(C)c1,True,3.8098600000000022,-0.36746000000000034,0.45614035087719296,False,True
1.0,bin,10,0.007009983062744141,0.0,0.014019966125488281,720969,Cc1noc(C)c1CCC(=O)OCC(=O)N1c2ccccc2CC1C,2.7450400000000013,Cc1noc(C)c1CCC(=O)OCC(=O)N1CCc2cc(F)ccc21,True,2.4956400000000007,-0.2494000000000005,0.5362318840579711,False,True
1.0,bin,10,0.007009983062744141,0.0,0.014019966125488281,730789,COC(=O)C1CCN(C(=O)c2cc3ccc(F)cc3nc2C)CC1,2.7075200000000006,COC(=O)C1CCN(C(=O)c2cc3ccccc3nc2C)CC1,True,2.5684200000000006,-0.1391,0.7450980392156863,False,True
1.0,bin,10,0.007009983062744141,0.0,0.014019966125488281,738178,Cc1ccc(-n2ccnc2SCc2nc(C3CC3)no2)cc1C,4.041840000000003,Cc1ccc(C)c(-n2ccnc2SCc2nc(C3CC3)no2)c1,True,4.041840000000003,0.0,0.7454545454545455,False,True
1.0,bin,10,0.007009983062744141,0.0,0.014019966125488281,771897,COc1ccccc1OCC(=O)N(C)Cc1sccc1C,3.102520000000002,COc1cccc(OCC(=O)N(C)Cc2sccc2C)c1,True,3.102520000000002,0.0,0.68,False,True
1.0,bin,10,0.007009983062744141,0.0,0.014019966125488281,811446,COC(=O)C1(NC(=O)c2cc(Br)c[nH]2)CCCCCC1,2.7730000000000006,CCCC(NC(=O)c1cc(Br)c(C)n1C(C)=O)C(=O)OC,True,2.2906200000000005,-0.48238000000000003,0.25,False,True
1.0,bin,10,0.007009983062744141,0.0,0.014019966125488281,848291,CCC(C)NC(=O)NCc1noc(-c2cccs2)n1,2.3958000000000004,CC(C)CNC(=O)NCc1noc(-c2cccs2)n1,True,2.2533000000000003,-0.14250000000000007,0.7307692307692307,False,False
1.0,bin,10,0.007009983062744141,0.0,0.014019966125488281,863440,COc1ccc(-c2nc(CCCO)cs2)cc1OC,2.752200000000001,COc1ccc(C(C)=O)cc1-c1nc(CCCO)cs1,True,2.946200000000001,0.19399999999999995,0.62,False,True
1.0,bin,10,0.007009983062744141,0.0,0.014019966125488281,864663,N#Cc1ccc(-c2cc(F)ccc2F)nc1N1CCCC1,3.498680000000002,CCC1CCCN1C1=NC(c2ccc(F)c(F)c2)=C(C#N)C1N,True,2.8132800000000007,-0.6854000000000013,0.2535211267605634,False,True
1.0,bin,10,0.007009983062744141,0.0,0.014019966125488281,872100,CCc1cccc(C)c1NCC(O)c1ccc2c(c1)OCCO2,3.474120000000002,Cc1cc2c(cc1C(O)CNc1cccc(C)c1C)OC(C)CO2,True,3.917060000000002,0.4429400000000001,0.3582089552238806,False,True
1.0,bin,10,0.007009983062744141,0.0,0.014019966125488281,886334,COc1ccc(C(=O)N2CCCC(C(=O)N3CCCCC3)C2)c(O)c1,2.2655000000000003,COc1cccc(C(=O)N2CCCC(C(=O)N3CCCCC3)C2)c1O,True,2.2655000000000007,4.440892098500626e-16,0.6226415094339622,False,True
1.0,bin,10,0.007009983062744141,0.0,0.014019966125488281,887387,COCCNC(=O)N(Cc1cccc(F)c1)CC1CCCO1,2.1627,O=C(NCCCO)N(Cc1cccc(F)c1)CC1CCCO1,True,1.8986999999999996,-0.26400000000000046,0.7758620689655172,False,True
1.0,bin,10,0.007009983062744141,0.0,0.014019966125488281,889149,N#Cc1ccc(NC(=O)c2ccc(Br)cc2Cl)nc1,3.621480000000001,N#CC=CC=C(F)NC(=O)c1c(F)cccc1C(F)F,True,3.3837800000000007,-0.23770000000000024,0.1527777777777778,False,True
1.0,bin,10,0.007009983062744141,0.0,0.014019966125488281,913483,O=C(CNC(=O)NCCc1c(Cl)cccc1Cl)NC1CC1,2.1137000000000006,O=C(CNC(=O)NCCc1cccc(Cl)c1)NC1CC1,True,1.4602999999999995,-0.6534000000000011,0.6808510638297872,False,True
1.0,bin,10,0.007009983062744141,0.0,0.014019966125488281,917620,C=CCN(Cc1ccccc1OC)C(=O)c1csc(C)n1,3.288520000000002,C=CCN(Cc1ccc(OC)cc1)C(=O)c1csc(C)n1,True,3.288520000000002,0.0,0.6666666666666666,False,True
1.0,bin,10,0.007009983062744141,0.0,0.014019966125488281,918312,CCOc1ccc(Cl)c(C(=O)N2CCN(c3ncccn3)CC2)n1,1.8860999999999997,CCOc1cccc(N2CCN(C(=O)c3ncccc3Cl)CC2)n1,True,2.4911000000000003,0.6050000000000006,0.6545454545454545,False,True
1.0,bin,10,0.007009983062744141,0.0,0.014019966125488281,922879,CC(=O)c1ccc(N2CCN(Cc3c(F)cccc3F)CC2)cc1,3.489600000000003,CC(=O)c1ccc(N2CCN(Cc3cc(F)ccc3F)CC2)cc1,True,3.489600000000003,0.0,0.6382978723404256,False,False
1.0,bin,10,0.007009983062744141,0.0,0.014019966125488281,927535,COc1cc(CN2CCN(c3ccccc3F)CC2)ccc1O,2.862100000000002,COc1ccc(CN2CCN(c3ccc(F)cc3F)CC2)cc1O,True,3.001200000000002,0.1391,0.6346153846153846,False,True
1.0,bin,10,0.007009983062744141,0.0,0.014019966125488281,927567,Cc1ccccc1N1CCN(Cc2cccc(O)c2)CC1,3.022820000000001,Cc1ccc(CN2CCN(c3cccc(O)c3)CC2)cc1F,True,3.161920000000002,0.1391000000000009,0.5510204081632653,False,True
1.0,bin,10,0.007009983062744141,0.0,0.014019966125488281,938108,CC(c1ccccc1)N(C)C(=O)CCC(=O)Nc1nccs1,3.0814000000000012,CC(c1ccc(F)cc1)N(C)C(=O)CCC(=O)Nc1nccs1,True,3.2205000000000013,0.1391,0.8,False,True
1.0,bin,10,0.007009983062744141,0.0,0.014019966125488281,943303,CN(CCCOc1ccccc1)C(=O)Nc1cccc2c1OCCO2,3.390600000000002,CN(CCCOc1ccc(O)cc1)C(=O)Nc1ccc2cc1OCC2,True,3.259900000000001,-0.13070000000000093,0.5396825396825397,False,True
1.0,bin,10,0.007009983062744141,0.0,0.014019966125488281,946289,CC(NC(=O)C1(c2cc(-c3ccco3)on2)CC1)c1ccccc1,3.843600000000002,CC(NC(=O)C1(c2cc(-c3ccco3)on2)CC1)c1ccc(F)cc1,True,3.982700000000002,0.1391,0.8301886792452831,False,True
1.0,bin,10,0.007009983062744141,0.0,0.014019966125488281,994077,Cc1nnc(Cn2c(-c3cccc(Br)c3)noc2=O)o1,2.0055199999999997,CC=NN=CCn1c(-c2cccc(Br)c2)noc1=O,True,2.3423,0.3367800000000001,0.5636363636363636,False,True
1.0,bin,10,0.007009983062744141,0.0,0.014019966125488281,1065620,O=C(NCc1cccnc1Oc1ccccc1)c1cccnc1,3.198900000000002,O=C(NCc1cccnc1)c1cccnc1Oc1ccccc1,True,3.198900000000002,0.0,0.6153846153846154,False,True
1.0,bin,10,0.007009983062744141,0.0,0.014019966125488281,1093926,CN(C(=O)CNc1cccc(OCC2CCCO2)c1)c1ccccc1,3.319300000000002,CN(C(=O)CNc1cccc(OCC2CCCO2)c1)c1ccccc1,True,3.319300000000002,0.0,1.0,True,False
1.0,bin,10,0.007009983062744141,0.0,0.014019966125488281,1107920,CCc1ccc(-n2cc(C(=O)NC(C)c3ccccc3)nn2)cc1,3.320700000000002,CCc1ccc(C(C)NC(=O)c2cn(-c3ccccc3)nn2)cc1,True,3.3207000000000013,-8.881784197001252e-16,0.9130434782608695,False,True
1.0,bin,10,0.007009983062744141,0.0,0.014019966125488281,1113130,CC(NC(=O)Cn1nnnc1C(C)(C)C)c1cccc2ccccc12,3.0012000000000016,CC1CC=CC=C1NC(=O)Cn1nnnc1-c1ccccc1Cl,True,2.589600000000001,-0.41160000000000085,0.2894736842105263,False,True
1.0,bin,10,0.007009983062744141,0.0,0.014019966125488281,1121751,COC(=O)Cn1ccc(NS(=O)(=O)c2ccc(F)c(F)c2F)n1,1.2742,COC(=O)Cn1ccc(NS(=O)(=O)c2ccccc2F)n1,True,0.996,-0.2782,0.7551020408163265,False,True
1.0,bin,10,0.007009983062744141,0.0,0.014019966125488281,1142531,CCOC(C)C(=O)NCCc1csc(-c2ccc(C)cc2)n1,3.2022200000000014,CCOc1ccc(-c2nc(CNC(=O)C(C)C)cs2)cc1,True,3.4810000000000016,0.27878000000000025,0.5172413793103449,False,True
1.0,bin,10,0.007009983062744141,0.0,0.014019966125488281,1212157,CN(Cc1ccc(F)c(F)c1)C(=O)c1cncc(-c2cnn(C)c2)c1,3.0325000000000015,CN(Cc1cccc(F)c1)C(=O)c1cncc(-c2cnn(C)c2)c1,True,2.8934000000000006,-0.1391000000000009,0.7636363636363637,False,True
1.0,bin,10,0.007009983062744141,0.0,0.014019966125488281,1215394,CCn1nc(C)cc1C(=O)Oc1cccc(NC(=O)C(C)C)c1,3.025120000000001,CC(C)c1cc(C(=O)Oc2cccc(C(=O)NC(C)(C)C)c2)n(C)n1,True,3.291000000000002,0.265880000000001,0.36764705882352944,False,True
1.0,bin,10,0.007009983062744141,0.0,0.014019966125488281,1232922,CC(C)(C)OC(=O)NC1CCCN(S(=O)(=O)N2CCOCC2)C1,0.5525000000000011,CC(C)(C)OC(=O)NCC1CCN(S(=O)(=O)N2CCOCC2)C1,True,0.4100000000000015,-0.14249999999999963,0.6037735849056604,False,True
1.0,bin,10,0.007009983062744141,0.0,0.014019966125488281,1238973,FC(F)(F)c1cnc(N2CCn3c(nnc3C3CC3)C2)c(Cl)c1,3.2429000000000023,CCc1nnc(C2CC2C)n1CCNc1cc(C(F)(F)F)ccn1,True,3.4898000000000016,0.24689999999999923,0.23376623376623376,False,True
1.0,bin,10,0.007009983062744141,0.0,0.014019966125488281,1299495,Cc1cc(CC(=O)N2CCCC2C(C#N)c2ccccc2)no1,2.823900000000001,Cc1cc(CC(=O)N2CCCC2c2ccccc2C#N)no1,True,2.7609000000000012,-0.06299999999999972,0.6031746031746031,False,True
1.0,bin,10,0.007009983062744141,0.0,0.014019966125488281,1309906,CC(C)CC(NC(=O)c1cc(=O)c2ccccc2o1)C(=O)OC(C)C,2.8891000000000018,COC(=O)C(CC(C)C)NC(=O)c1cc(=O)c2cc(Cl)ccc2o1,True,2.7639000000000005,-0.1252000000000013,0.625,False,True
1.0,bin,10,0.007009983062744141,0.0,0.014019966125488281,1362816,COCc1cccc(C(=O)NC2CC2c2cccc(Cl)c2)c1,3.772300000000002,COc1cccc(C(=O)NC2CC2c2ccc(Cl)c(OC)c2)c1,True,3.6431000000000022,-0.12919999999999998,0.5333333333333333,False,True
1.0,bin,10,0.007009983062744141,0.0,0.014019966125488281,1441838,COCC(=O)NC(C(=O)Nc1cccc(-c2nccs2)c1)C(C)C,2.5358,CC(=O)NC(C(=O)Nc1cccc(-c2nc(C)cs2)c1)C(C)C,True,3.2177200000000017,0.6819200000000016,0.515625,False,True
1.0,bin,10,0.007009983062744141,0.0,0.014019966125488281,1450449,CCCNC(=O)CSc1nc2c(cc1C#N)CCCC2,2.450380000000001,CC1CCc2cc(C#N)c(SCC(=O)NC(C)C)nc2C1,True,2.6947800000000015,0.24440000000000062,0.5483870967741935,False,True
1.0,bin,10,0.007009983062744141,0.0,0.014019966125488281,1451910,O=S(=O)(NCc1nnc2ccccn12)c1ccc(F)c(F)c1,1.4859999999999995,O=S(=O)(NCc1nnc2ccccn12)c1cccc(F)c1F,True,1.4859999999999998,2.220446049250313e-16,0.6470588235294118,False,False
1.0,bin,10,0.007009983062744141,0.0,0.014019966125488281,1479798,Cc1nc(C)c(CCC(=O)N(CC(C)C)CC(F)(F)F)c(=O)[nH]1,2.3662400000000003,Cc1nc(C(F)(F)F)[nH]c(=O)c1CCC(=O)N(C)CC(C)C,True,2.14412,-0.22212000000000032,0.5818181818181818,False,True
1.0,bin,10,0.007009983062744141,0.0,0.014019966125488281,1507926,COC(=O)C(C)NC(=O)Cc1csc(-c2ccccc2Cl)n1,2.6837,COC(=O)C(C)NC(=O)Cc1csc(-c2ccccc2Cl)n1,True,2.6837,0.0,1.0,True,False
1.0,bin,10,0.007009983062744141,0.0,0.014019966125488281,1527882,Nc1ncccc1C(=O)Nc1ccc2cn[nH]c2c1,1.7923999999999998,COc1ncccc1C(=O)Nc1ccc2[nH]nc(N)c2c1,True,1.8009999999999997,0.008599999999999941,0.4915254237288136,False,True
1.0,bin,10,0.007009983062744141,0.0,0.014019966125488281,1532848,COc1ccc(-c2ccc3c(=O)[nH]cnc3c2)cc1Cl,3.2521000000000013,COc1ccc(Cl)cc1-c1ccc2ncn(C)c(=O)c2c1,True,3.262500000000002,0.010400000000000631,0.3559322033898305,False,True
1.0,bin,10,0.007009983062744141,0.0,0.014019966125488281,1548351,COc1cc(OC)c2c(c1)C(c1cnccn1)NCC2,1.7288999999999999,COc1cc2c(c(OC)c1)C(c1cnccn1)NCC2,True,1.7288999999999999,0.0,0.673469387755102,False,False
1.0,bin,10,0.007009983062744141,0.0,0.014019966125488281,1570134,COc1cccc(C(C)N2CCN(C(=O)c3ccc(O)cc3)CC2)c1,2.9198000000000013,COc1cccc(C(=O)N2CCN(C(C)c3cccc(O)c3)CC2)c1,True,2.9198000000000013,0.0,0.7755102040816326,False,True
1.0,bin,10,0.007009983062744141,0.0,0.014019966125488281,1611406,CC(C)(C)N1CC(NC(=O)C2COc3ccc(F)cc3C2)CC1=O,1.8923999999999994,CC1c2cc(F)ccc2OCC1NC(=O)C1CN(C(C)(C)C)C1=O,True,2.0633,0.1709000000000005,0.47058823529411764,False,True
1.0,bin,10,0.007009983062744141,0.0,0.014019966125488281,1612684,CCCC1CN(C(=O)Nc2ccn(CCC(C)C)n2)CCO1,2.9620000000000015,CCCC1CN(C(=O)Nc2ccn(CC(C)C)n2)CCO1,True,2.5719000000000003,-0.3901000000000012,0.8363636363636363,False,True
1.0,bin,10,0.007009983062744141,0.0,0.014019966125488281,1639675,CCC(CC)c1nnc(NC(=O)c2scnc2C2CC2)s1,4.0279000000000025,CCC(CC)c1nnc(NC(=O)c2scnc2C2CC2)s1,True,4.0279000000000025,0.0,1.0,True,False
1.0,bin,10,0.007009983062744141,0.0,0.014019966125488281,1675660,COc1ccnc(NC(=O)c2cccc(Cl)c2)c1,2.9959000000000007,COC=C1C=CC(C(=O)Nc2cc(Cl)cc(C)n2)=C1,True,3.008420000000001,0.012520000000000309,0.2857142857142857,False,True
1.0,bin,10,0.007009983062744141,0.0,0.014019966125488281,1689728,CCc1noc(CSc2ncnc3sc(C)cc23)n1,3.237420000000002,Cc1cc2c(SCC3CCC=NO3)ncnc2s1,True,3.2566200000000016,0.019199999999999662,0.45,False,True
1.0,bin,10,0.007009983062744141,0.0,0.014019966125488281,1720876,CC(C)(C)CC(=O)NCC(=O)Nc1ccc2c(c1)COC2,2.2077,CC(C)C(=O)NCCC(=O)Nc1ccc2c(c1)COC2,True,1.8175999999999997,-0.39010000000000034,0.5490196078431373,False,True
1.0,bin,10,0.007009983062744141,0.0,0.014019966125488281,1757109,CC(C)Cc1ncc(CNc2ccc3c(c2)COC3)s1,3.983900000000003,CCC=NC=C(S)CNc1ccc2c(c1)COC(C)C2,True,3.811700000000002,-0.17220000000000102,0.2714285714285714,False,True
1.0,bin,10,0.007009983062744141,0.0,0.014019966125488281,1774061,O=C1NCCCc2[nH]c(-c3cccc4[nH]ccc34)nc21,2.234,O=C1NCC2Cc3[nH]c(-c4ccc(CO)cc4)nc3C=C12,True,1.2545,-0.9795,0.20833333333333334,False,True
1.0,bin,10,0.007009983062744141,0.0,0.014019966125488281,1800687,Cc1nn(C)c(-c2nc(-c3cccnn3)no2)c1Cl,1.8889199999999997,Cc1cnn(C)c1-c1nc(-c2cccnn2)no1,True,1.2355199999999997,-0.6534,0.6666666666666666,False,True
1.0,bin,10,0.007009983062744141,0.0,0.014019966125488281,1815867,FC(F)(F)c1ccc(CN2CCOCC2c2ncon2)cc1,2.661900000000001,FC=CC=C(Cl)CCN1CCOCC1c1ncon1,True,2.4389000000000003,-0.22300000000000075,0.5333333333333333,False,True
1.0,bin,10,0.007009983062744141,0.0,0.014019966125488281,1828580,Cc1ccc(N2CC3OCC(=O)N(Cc4cccc(F)c4)C3C2)nn1,1.54032,Cc1ccc(NC2COCC(=O)N(Cc3ccccc3)CCC2N)[nH]1,True,1.8800199999999998,0.3396999999999999,0.21428571428571427,False,True
1.0,bin,10,0.007009983062744141,0.0,0.014019966125488281,1836183,CCc1ccc(C(=O)NCc2nccc(N(C)C)n2)cc1,2.035,Cc1ccnc(CNC(=O)c2ccc(N(C)C)cc2)n1,True,1.78102,-0.2539800000000001,0.5918367346938775,False,True
1.0,bin,10,0.007009983062744141,0.0,0.014019966125488281,1842499,COc1ccccc1COc1ccccc1-c1cnn(CCO)c1,3.1300000000000017,COc1ccccc1-c1ccccc1COc1cnn(CCO)c1,True,3.1300000000000017,0.0,0.6470588235294118,False,True
1.0,bin,10,0.007009983062744141,0.0,0.014019966125488281,1865564,COC(CNC(=O)c1ccoc1)c1cccc(F)c1,2.536200000000001,COC(CNC(=O)c1cc(C)oc1C)c1ccc(F)cc1,True,3.1530400000000016,0.6168400000000007,0.4576271186440678,False,True
1.0,bin,10,0.007009983062744141,0.0,0.014019966125488281,1868773,CCCOc1ccc(Cl)c2c1CCNC2C1CC(=O)C1,3.2947000000000015,CCCOc1ccc(Cl)c2c1CCNC21CCC(=O)C1,True,3.222800000000001,-0.0719000000000003,0.4915254237288136,False,True
1.0,bin,10,0.007009983062744141,0.0,0.014019966125488281,1873123,CCC1OC(=O)c2c(OC)ccc(Br)c21,3.079200000000002,COCCOC(=O)COc1ccc(Br)cc1C,True,2.325920000000001,-0.7532800000000011,0.21052631578947367,False,True
1.0,bin,10,0.007009983062744141,0.0,0.014019966125488281,1875028,Cc1cccc(C)c1NCC(=O)N1CCCC2CCCCC21,3.8965400000000034,O=C(CNc1ccc(Cl)cc1)N1CCCC1C1CCCC1,True,3.933100000000003,0.036559999999999704,0.6041666666666666,False,True
1.0,bin,10,0.007009983062744141,0.0,0.014019966125488281,1895921,CCC(CC)N(C)C(=O)CC1OC(=O)c2ccccc21,2.935200000000002,CC(C)CCN(C)C(=O)CC1OC(=O)c2ccccc21,True,2.792700000000001,-0.14250000000000096,0.625,False,False
1.0,bin,10,0.007009983062744141,0.0,0.014019966125488281,1907077,Cc1ccc2[nH]nc(C(=O)Nc3nc(-c4ccco4)cs3)c2c1,3.8401200000000015,Cc1ccc2[nH]nc(C(=O)Nc3nc(-c4ccco4)cs3)c2c1,True,3.8401200000000015,0.0,1.0,True,False
1.0,bin,10,0.007009983062744141,0.0,0.014019966125488281,1913063,Cc1nn(C)c(C)c1CN(C(=O)c1cn2cccc(C)c2n1)C1CC1,2.797860000000001,Cc1nn(C)cc1CN(C(=O)c1cn2cccc(C)c2n1)C1CC1,True,2.48944,-0.3084200000000008,0.7166666666666667,False,True
1.0,bin,10,0.007009983062744141,0.0,0.014019966125488281,1922265,CN(CCNC(=O)c1ccc2c(c1)ncn2C)c1ccccc1,2.4395000000000007,CN(CCNC(=O)c1ccc2c(c1)ncn2C)c1ccccc1,True,2.4395000000000007,0.0,1.0,True,False
1.0,bin,11,0.0693100094795227,0.014019966125488281,0.12460005283355713,32052,COc1ccccc1CNC(=O)Cc1c[nH]c2ccccc12,3.035400000000001,COc1ccc(CNC(=O)Cc2c[nH]c3ccccc23)cc1OC,True,3.0440000000000014,0.008600000000000385,0.7291666666666666,False,False
1.0,bin,11,0.0693100094795227,0.014019966125488281,0.12460005283355713,116747,COCCSc1ccccc1C(=O)Nc1cccc(C)n1,3.3808200000000017,COCCSc1ccc(C(=O)Nc2cc(C)cc(C)n2)cc1,True,3.6892400000000025,0.3084200000000008,0.48214285714285715,False,True
1.0,bin,11,0.0693100094795227,0.014019966125488281,0.12460005283355713,131060,CS(=O)(=O)NCCc1csc(-c2ccc(F)cc2)n1,2.0408999999999997,CS(=O)NCCC(=O)N=CC1=CC=CC(=O)OC1,True,-0.10360000000000036,-2.1445,0.1232876712328767,False,True
1.0,bin,11,0.0693100094795227,0.014019966125488281,0.12460005283355713,131949,CCc1c(C)nc(SCC(=O)NC(C)C)[nH]c1=O,1.25742,CCCCNC(=O)CSc1nc(C)c(C)c(=O)[nH]1,True,1.3951399999999998,0.13771999999999984,0.5,False,True
1.0,bin,11,0.0693100094795227,0.014019966125488281,0.12460005283355713,158879,COc1ccc(CC(=O)OCC(=O)c2c[nH]c3ccccc23)cc1,3.145100000000001,O=C(COC(=O)Cc1c[nH]c2ccc(F)cc12)Cc1ccccc1,True,3.204500000000002,0.05940000000000101,0.4032258064516129,False,True
1.0,bin,11,0.0693100094795227,0.014019966125488281,0.12460005283355713,232056,COCCNC(=O)c1cc(=O)c2cc(C)ccc2o1,1.4776199999999993,COCCNC(=O)c1cc(=O)c2cc(C)ccc2o1,True,1.4776199999999993,0.0,1.0,True,False
1.0,bin,11,0.0693100094795227,0.014019966125488281,0.12460005283355713,235788,O=C(Cn1nc(-c2ccco2)oc1=O)NCC(F)(F)F,0.7747999999999999,CC(C)CC(=O)OCCn1nc(-c2ccco2)oc1=O,True,1.6856,0.9108,0.47540983606557374,False,True
1.0,bin,11,0.0693100094795227,0.014019966125488281,0.12460005283355713,236081,CC(=O)c1c(C)[nH]c(C(=O)CSc2nc(C(C)C)n[nH]2)c1C,3.0506400000000014,CC(=O)c1c(C)[nH]c(C(=O)CSc2nc(CC(C)C)n[nH]2)c1C,True,3.1257400000000013,0.07509999999999994,0.7254901960784313,False,True
1.0,bin,11,0.0693100094795227,0.014019966125488281,0.12460005283355713,281081,O=C(Cn1cccn1)NCc1cccnc1Oc1ccc(F)cc1F,2.665000000000001,COc1cc(Cn2nccc2C)ccc1Oc1cccnc1,True,3.4357200000000017,0.7707200000000007,0.2,False,True
1.0,bin,11,0.0693100094795227,0.014019966125488281,0.12460005283355713,284170,COc1ccc(-c2nc(CC(=O)Nc3cccc(C)n3)cs2)cc1,3.7033200000000024,Cc1ccc(NC(=O)Cc2csc(-c3ccc(F)cc3)n2)nc1,True,3.833820000000003,0.1305000000000005,0.5245901639344263,False,True
1.0,bin,11,0.0693100094795227,0.014019966125488281,0.12460005283355713,288369,Cc1ccc(NCc2nnc3n2CCCCC3)cc1C,3.2334400000000016,Cc1c(Br)cccc1NCc1nnc2n1CCCC2,True,3.2974200000000016,0.06397999999999993,0.5471698113207547,False,True
1.0,bin,11,0.0693100094795227,0.014019966125488281,0.12460005283355713,302889,COc1ccc(OC)c(NC(=O)CCNC(=O)c2cccs2)c1,2.5239000000000003,O=C(CCNC(=O)c1cc(F)cs1)Nc1ccccc1,True,2.6458000000000013,0.12190000000000101,0.39344262295081966,False,True
1.0,bin,11,0.0693100094795227,0.014019966125488281,0.12460005283355713,327141,COc1ccc(OC)c(S(=O)(=O)Nc2ccn(C)n2)c1,1.2381,COc1cc(OC)c(S(=O)(=O)Nc2ccn(C)n2)cc1OC,True,1.2467,0.008599999999999941,0.7441860465116279,False,True
1.0,bin,11,0.0693100094795227,0.014019966125488281,0.12460005283355713,327382,CNC(=O)C1CN(C(=O)c2c(C)noc2C)c2ccccc2O1,1.4452399999999996,Cc1noc(C)c1C(=O)N1CC(C)Oc2ccccc21,True,2.7191400000000012,1.2739000000000016,0.7058823529411765,False,True
1.0,bin,11,0.0693100094795227,0.014019966125488281,0.12460005283355713,406491,COCCNC(=O)C1CCCN(S(=O)(=O)N2CCOCC2)C1,-0.9619999999999964,O=C(CCCO)N1CCCC(S(=O)(=O)N2CCOCC2)C1,True,-0.5880999999999981,0.37389999999999834,0.3387096774193548,False,True
1.0,bin,11,0.0693100094795227,0.014019966125488281,0.12460005283355713,413951,O=C(Cn1ncn2cccc2c1=O)N1CCCCCC1,0.8985999999999996,NC(=O)C1CCCN(C(=O)Cn2ncn3cccc3c2=O)C1,True,-0.7800999999999996,-1.6786999999999992,0.7254901960784313,False,True
1.0,bin,11,0.0693100094795227,0.014019966125488281,0.12460005283355713,427929,CCNc1nc(NCc2ccccc2Cl)c2cnn(C)c2n1,3.060600000000001,CCNc1nc(NCc2ccccc2)c2cnn(C(C)C)c2n1,True,3.451100000000002,0.3905000000000012,0.5263157894736842,False,True
1.0,bin,11,0.0693100094795227,0.014019966125488281,0.12460005283355713,447130,CCC(NC(=O)C1CCN(C(=O)C2CC2)CC1)c1ccc(C)cc1,3.2109200000000016,C=CCC(=CC=CC)C(CC)NC(=O)CCCN(C)C(=O)C1CC1C,True,3.8544000000000027,0.6434800000000012,0.14814814814814814,False,True
1.0,bin,11,0.0693100094795227,0.014019966125488281,0.12460005283355713,481908,CCNS(=O)(=O)c1ccc(C)c(C(=O)Nc2ncccc2C)c1,2.24894,CNC(=O)c1cccc(C(=O)Nc2ncccc2C(C)C)c1,True,2.8169000000000013,0.5679600000000011,0.3225806451612903,False,True
1.0,bin,11,0.0693100094795227,0.014019966125488281,0.12460005283355713,485220,Cc1nn(CC(=O)N2CCN(C)CC2)c(C)c1Br,1.03644,Cc1nn(CC(=O)N2CCN(C(C)C)CC2)c(C)c1Br,True,1.81504,0.7786,0.7317073170731707,False,True
1.0,bin,11,0.0693100094795227,0.014019966125488281,0.12460005283355713,526363,Cc1nnc(SCC(=O)Nc2ccc(O)cc2)n(N)c1=O,0.09692,CCOc1ccc(NC(=O)CSc2nnc(C)c(=O)n2N)cc1,True,0.79002,0.6930999999999999,0.7450980392156863,False,False
1.0,bin,11,0.0693100094795227,0.014019966125488281,0.12460005283355713,536853,COc1ccc(C2CCCN2C(=O)C2CCC2)c(OC)c1,3.1674000000000015,CCCC(=O)N1CCCC1c1ccc(OC)c(F)c1,True,3.297900000000002,0.1305000000000005,0.39344262295081966,False,True
1.0,bin,11,0.0693100094795227,0.014019966125488281,0.12460005283355713,540312,Cc1nn(C)c2nc(C3CC3)cc(C(=O)NCC(=O)NC(C)(C)C)c12,1.7986199999999997,CC=NN(C)C=NC(=CC(F)C(=O)NCC(F)F)C1CC1,True,1.9655,0.16688000000000036,0.11904761904761904,False,True
1.0,bin,11,0.0693100094795227,0.014019966125488281,0.12460005283355713,544381,Cc1nc(N2CCCC(C(=O)NC(C)C)C2)c2c(C)c(C)oc2n1,2.8890600000000006,Cc1nc(N2CCCC(CCO)C2)c2c(C)c(C)oc2n1,True,2.7468600000000007,-0.14219999999999988,0.5862068965517241,False,True
1.0,bin,11,0.0693100094795227,0.014019966125488281,0.12460005283355713,544382,CCCNC(=O)C1CCCN(c2nc(C)nc3oc(C)c(C)c23)C1,2.8906600000000013,Cc1nc(C)c2c(C(=O)N3CCC(C)CC3)c(C)oc2n1,True,3.0201600000000015,0.12950000000000017,0.34328358208955223,False,True
1.0,bin,11,0.0693100094795227,0.014019966125488281,0.12460005283355713,550049,Cc1ccc(C)c(OCC(=O)Nc2cccc(-n3cnnc3)c2)c1,2.9016400000000013,COc1ccccc1OCC(=O)Nc1ccc(C)cc1-n1cnnc1,True,2.601820000000001,-0.2998200000000004,0.5081967213114754,False,True
1.0,bin,11,0.0693100094795227,0.014019966125488281,0.12460005283355713,573533,Cc1nn(-c2ncc(C(F)(F)F)cc2Cl)c(=O)o1,2.2011199999999995,Cc1nn(-c2ncc(C(F)F)cc2Cl)c(=O)o1,True,2.11992,-0.0811999999999995,0.6521739130434783,False,True
1.0,bin,11,0.0693100094795227,0.014019966125488281,0.12460005283355713,582555,O=C(NCC(O)c1ccccc1)c1ccc2c(=O)n3c(nc2c1)CCC3,1.8061000000000003,C=CCc1nc2c(c(=O)[nH]1)=CCC(=O)NCC(O)c1ccc(F)cc1CC=2,True,-0.005499999999999838,-1.8116,0.1134020618556701,False,True
1.0,bin,11,0.0693100094795227,0.014019966125488281,0.12460005283355713,588547,Cc1n[nH]c(C)c1NC(=O)CCc1ccc(Cl)cc1Cl,3.9046400000000023,Cc1n[nH]c(C)c1NC(=O)CCc1ccc(Cl)c(Cl)c1,True,3.9046400000000023,0.0,0.66,False,True
1.0,bin,11,0.0693100094795227,0.014019966125488281,0.12460005283355713,607673,CCCN(CC1CC1)S(=O)(=O)c1ccccc1F,2.636400000000001,CCN(CC1CC1)S(=O)(=O)c1ccc(C)c(C)c1,True,2.7240400000000013,0.08764000000000038,0.4,False,True
1.0,bin,11,0.0693100094795227,0.014019966125488281,0.12460005283355713,617681,Cc1cc(C(=O)Nc2nc(-c3ccncc3)cs2)nn1C(C)C,3.5432200000000016,Cc1csc(NC(=O)c2cc(-c3ccncc3)n(CC(F)(F)F)n2)n1,True,3.5246200000000014,-0.018600000000000172,0.47692307692307695,False,True
1.0,bin,11,0.0693100094795227,0.014019966125488281,0.12460005283355713,650267,COc1ccc2oc(C(=O)NC3CCCCNC3=O)c(C)c2c1,2.14832,CC1C=CC=COOC(C(=O)NC2CCCCNC2=O)=CCC1,True,2.1031999999999997,-0.04512000000000027,0.3835616438356164,False,True
1.0,bin,11,0.0693100094795227,0.014019966125488281,0.12460005283355713,668639,Cc1cc(NC(=O)c2ccccc2Cl)ncc1N,2.8779200000000005,C=C(C(=O)Nc1ccccn1)C(Cl)=CC=CNC(=O)C=CC,True,2.905000000000001,0.02708000000000066,0.21428571428571427,False,True
1.0,bin,11,0.0693100094795227,0.014019966125488281,0.12460005283355713,673160,CCC(=O)Nc1ccc2oc(C(F)(F)F)cc(=O)c2c1,3.160300000000001,CC(C)N(C)C(=O)C=C1Oc2cc(C(F)(F)F)ccc2C1=O,True,3.031200000000002,-0.12909999999999933,0.22388059701492538,False,True
1.0,bin,11,0.0693100094795227,0.014019966125488281,0.12460005283355713,711169,Cc1cccc(C(C)C)c1NC(=O)N(C)Cc1ccncc1,4.177320000000003,CCCCOc1ccc(NC(=O)N(C)Cc2ccncc2)c(C)c1,True,4.232820000000003,0.05550000000000033,0.4666666666666667,False,True
1.0,bin,11,0.0693100094795227,0.014019966125488281,0.12460005283355713,720969,Cc1noc(C)c1CCC(=O)OCC(=O)N1c2ccccc2CC1C,2.7450400000000013,CON=C(C)CCCC(=O)OCC(=O)N1c2cccc1c2C,True,2.708920000000001,-0.036120000000000374,0.323943661971831,False,True
1.0,bin,11,0.0693100094795227,0.014019966125488281,0.12460005283355713,730789,COC(=O)C1CCN(C(=O)c2cc3ccc(F)cc3nc2C)CC1,2.7075200000000006,Cc1nc2ccccc2cc1C(=O)N1CCCC(CC(N)=O)C1,True,2.2708200000000005,-0.4367000000000001,0.4090909090909091,False,True
1.0,bin,11,0.0693100094795227,0.014019966125488281,0.12460005283355713,738178,Cc1ccc(-n2ccnc2SCc2nc(C3CC3)no2)cc1C,4.041840000000003,Clc1ccc(-n2ccnc2SCc2nc(C3CC3)no2)cc1,True,4.078400000000002,0.036559999999998816,0.7358490566037735,False,True
1.0,bin,11,0.0693100094795227,0.014019966125488281,0.12460005283355713,771897,COc1ccccc1OCC(=O)N(C)Cc1sccc1C,3.102520000000002,Cc1ccsc1CN(C)C(=O)COc1ccc(N(C)C)cc1,True,3.1599200000000014,0.05739999999999945,0.62,False,True
1.0,bin,11,0.0693100094795227,0.014019966125488281,0.12460005283355713,811446,COC(=O)C1(NC(=O)c2cc(Br)c[nH]2)CCCCCC1,2.7730000000000006,CCCCC(NC(=O)c1cc(Br)c[nH]1)C(=O)OC,True,2.2388000000000003,-0.5342000000000002,0.4444444444444444,False,True
1.0,bin,11,0.0693100094795227,0.014019966125488281,0.12460005283355713,848291,CCC(C)NC(=O)NCc1noc(-c2cccs2)n1,2.3958000000000004,CC(C)CC(=O)NCc1noc(-c2cccs2)n1,True,2.460400000000001,0.06460000000000043,0.6792452830188679,False,True
1.0,bin,11,0.0693100094795227,0.014019966125488281,0.12460005283355713,863440,COc1ccc(-c2nc(CCCO)cs2)cc1OC,2.752200000000001,COc1ccc(-c2nc(C(C)O)cs2)cc1OC,True,2.880600000000001,0.12840000000000007,0.5531914893617021,False,True
1.0,bin,11,0.0693100094795227,0.014019966125488281,0.12460005283355713,864663,N#Cc1ccc(-c2cc(F)ccc2F)nc1N1CCCC1,3.498680000000002,CN(C)c1ccc(-c2ccc(C#N)c(N3CCCC3)n2)cc1,True,3.286480000000002,-0.21220000000000017,0.5098039215686274,False,True
1.0,bin,11,0.0693100094795227,0.014019966125488281,0.12460005283355713,872100,CCc1cccc(C)c1NCC(O)c1ccc2c(c1)OCCO2,3.474120000000002,CC(c1ccccc1)N(C)CC(O)c1ccc2c(c1)OCCO2,True,3.1842000000000015,-0.2899200000000004,0.43859649122807015,False,True
1.0,bin,11,0.0693100094795227,0.014019966125488281,0.12460005283355713,886334,COc1ccc(C(=O)N2CCCC(C(=O)N3CCCCC3)C2)c(O)c1,2.2655000000000003,O=C(c1ccc(F)cc1O)N1CCCC(C(=O)N2CCCCC2)C1,True,2.396000000000001,0.1305000000000005,0.6938775510204082,False,True
1.0,bin,11,0.0693100094795227,0.014019966125488281,0.12460005283355713,887387,COCCNC(=O)N(Cc1cccc(F)c1)CC1CCCO1,2.1627,COCCN(Cc1ccc(C#N)cc1)C(=O)NCC1CCCO1,True,1.8952799999999999,-0.2674200000000002,0.4857142857142857,False,True
1.0,bin,11,0.0693100094795227,0.014019966125488281,0.12460005283355713,889149,N#Cc1ccc(NC(=O)c2ccc(Br)cc2Cl)nc1,3.621480000000001,N#Cc1ccc(NC(=O)c2cc(C(F)(F)F)ccc2Cl)nc1,True,3.8777800000000013,0.2563000000000004,0.6037735849056604,False,True
1.0,bin,11,0.0693100094795227,0.014019966125488281,0.12460005283355713,913483,O=C(CNC(=O)NCCc1c(Cl)cccc1Cl)NC1CC1,2.1137000000000006,COc1ccccc1CCNC(=O)NCC(=O)NC1CC1C(C)C,True,1.6975999999999998,-0.4161000000000008,0.3870967741935484,False,True
1.0,bin,11,0.0693100094795227,0.014019966125488281,0.12460005283355713,917620,C=CCN(Cc1ccccc1OC)C(=O)c1csc(C)n1,3.288520000000002,C=CCN(Cc1cccc(F)c1)C(=O)c1csc(COC)n1,True,3.2570000000000023,-0.03151999999999955,0.4696969696969697,False,True
1.0,bin,11,0.0693100094795227,0.014019966125488281,0.12460005283355713,918312,CCOc1ccc(Cl)c(C(=O)N2CCN(c3ncccn3)CC2)n1,1.8860999999999997,O=C(c1nccc(C(F)(F)F)n1)N1CCN(c2ncccn2)CC1,True,1.2477999999999998,-0.6382999999999999,0.43103448275862066,False,True
1.0,bin,11,0.0693100094795227,0.014019966125488281,0.12460005283355713,922879,CC(=O)c1ccc(N2CCN(Cc3c(F)cccc3F)CC2)cc1,3.489600000000003,COc1cccc(C)c1N1CCN(Cc2ccc(C(C)=O)cc2)CC1,True,3.5284200000000023,0.03881999999999941,0.45454545454545453,False,True
1.0,bin,11,0.0693100094795227,0.014019966125488281,0.12460005283355713,927535,COc1cc(CN2CCN(c3ccccc3F)CC2)ccc1O,2.862100000000002,N#CCc1ccc(CN2CCN(c3cccc(O)c3)CC2)cc1,True,2.7804800000000007,-0.08162000000000136,0.3333333333333333,False,True
1.0,bin,11,0.0693100094795227,0.014019966125488281,0.12460005283355713,927567,Cc1ccccc1N1CCN(Cc2cccc(O)c2)CC1,3.022820000000001,COc1ccccc1CN1CCN(c2ccccc2C)CC1,True,3.325820000000002,0.3030000000000008,0.5106382978723404,False,True
1.0,bin,11,0.0693100094795227,0.014019966125488281,0.12460005283355713,938108,CC(c1ccccc1)N(C)C(=O)CCC(=O)Nc1nccs1,3.0814000000000012,COc1ccccc1C(C)NC(=O)CCC(=O)Nc1nccs1,True,2.7478000000000007,-0.33360000000000056,0.5344827586206896,False,True
1.0,bin,11,0.0693100094795227,0.014019966125488281,0.12460005283355713,943303,CN(CCCOc1ccccc1)C(=O)Nc1cccc2c1OCCO2,3.390600000000002,CN(CCCOc1cccc(O)c1)C(=O)Nc1cccc2c1OCCO2,True,3.0962000000000014,-0.29440000000000044,0.8148148148148148,False,True
1.0,bin,11,0.0693100094795227,0.014019966125488281,0.12460005283355713,946289,CC(NC(=O)C1(c2cc(-c3ccco3)on2)CC1)c1ccccc1,3.843600000000002,Cc1ccccc1CNC(=O)C(C)c1cc(-c2ccco2)on1,True,3.6629200000000024,-0.18067999999999973,0.40298507462686567,False,True
1.0,bin,11,0.0693100094795227,0.014019966125488281,0.12460005283355713,994077,Cc1nnc(Cn2c(-c3cccc(Br)c3)noc2=O)o1,2.0055199999999997,COc1ccccc1-c1noc(=O)n1Cc1nnc(C(C)(C)C)o1,True,2.2406999999999995,0.23517999999999972,0.42857142857142855,False,True
1.0,bin,11,0.0693100094795227,0.014019966125488281,0.12460005283355713,1065620,O=C(NCc1cccnc1Oc1ccccc1)c1cccnc1,3.198900000000002,O=C(NCc1cccnc1)c1cccnc1Oc1ccccc1F,True,3.338000000000002,0.1391,0.4426229508196721,False,True
1.0,bin,11,0.0693100094795227,0.014019966125488281,0.12460005283355713,1093926,CN(C(=O)CNc1cccc(OCC2CCCO2)c1)c1ccccc1,3.319300000000002,CN(C(=O)CNc1ccccc1F)c1cccc(OCC2CCCO2)c1,True,3.458400000000002,0.1391,0.7142857142857143,False,True
1.0,bin,11,0.0693100094795227,0.014019966125488281,0.12460005283355713,1107920,CCc1ccc(-n2cc(C(=O)NC(C)c3ccccc3)nn2)cc1,3.320700000000002,CC(NC(=O)c1cn(-c2ccc(F)cc2)nn1)c1ccccc1Cl,True,3.5508000000000024,0.2301000000000002,0.5517241379310345,False,True
1.0,bin,11,0.0693100094795227,0.014019966125488281,0.12460005283355713,1113130,CC(NC(=O)Cn1nnnc1C(C)(C)C)c1cccc2ccccc12,3.0012000000000016,CC1=CC=Cc2ccccc2COCC(C)(C)c2nnnn2CC(=O)N1,True,2.2142999999999993,-0.7869000000000024,0.16666666666666666,False,True
1.0,bin,11,0.0693100094795227,0.014019966125488281,0.12460005283355713,1121751,COC(=O)Cn1ccc(NS(=O)(=O)c2ccc(F)c(F)c2F)n1,1.2742,Cc1cc(S(=O)(=O)Nc2ccn(CC(N)=O)n2)ccc1Cl,True,1.13102,-0.14318000000000008,0.4126984126984127,False,True
1.0,bin,11,0.0693100094795227,0.014019966125488281,0.12460005283355713,1142531,CCOC(C)C(=O)NCCc1csc(-c2ccc(C)cc2)n1,3.2022200000000014,CCN(CC)C(=O)CCC(=O)NCc1csc(-c2ccc(C)cc2)n1,True,3.383320000000001,0.18109999999999982,0.5,False,True
1.0,bin,11,0.0693100094795227,0.014019966125488281,0.12460005283355713,1212157,CN(Cc1ccc(F)c(F)c1)C(=O)c1cncc(-c2cnn(C)c2)c1,3.0325000000000015,C=Cc1c(C2C=NC=CC(=O)N(C)CC(C=CC)=CC=C2C)cnn1C,True,3.652000000000003,0.6195000000000013,0.10869565217391304,False,True
1.0,bin,11,0.0693100094795227,0.014019966125488281,0.12460005283355713,1215394,CCn1nc(C)cc1C(=O)Oc1cccc(NC(=O)C(C)C)c1,3.025120000000001,COc1ccc(C(C)C)c(OC(=O)c2cc(C(C)C)nn2C)c1,True,3.894700000000003,0.8695800000000018,0.2753623188405797,False,True
1.0,bin,11,0.0693100094795227,0.014019966125488281,0.12460005283355713,1232922,CC(C)(C)OC(=O)NC1CCCN(S(=O)(=O)N2CCOCC2)C1,0.5525000000000011,CC(C)(C)C(=O)NCCC1CCCN(S(=O)(=O)N2CCOCC2)C1,True,0.8278000000000021,0.275300000000001,0.5178571428571429,False,True
1.0,bin,11,0.0693100094795227,0.014019966125488281,0.12460005283355713,1238973,FC(F)(F)c1cnc(N2CCn3c(nnc3C3CC3)C2)c(Cl)c1,3.2429000000000023,NC1c2nnc(C3CC3)n2CCN1C1=CC=C(Br)C1Cl,True,2.2120999999999995,-1.0308000000000028,0.2727272727272727,False,True
1.0,bin,11,0.0693100094795227,0.014019966125488281,0.12460005283355713,1299495,Cc1cc(CC(=O)N2CCCC2C(C#N)c2ccccc2)no1,2.823900000000001,N#CC(c1ccccc1)C1CCCN1C(=O)Cc1ccon1,True,2.515480000000001,-0.3084199999999999,0.7241379310344828,False,True
1.0,bin,11,0.0693100094795227,0.014019966125488281,0.12460005283355713,1309906,CC(C)CC(NC(=O)c1cc(=O)c2ccccc2o1)C(=O)OC(C)C,2.8891000000000018,CCOC(=O)CC(C)CN(C)C(=O)c1cc(=O)c2ccccc2o1,True,2.454300000000001,-0.43480000000000096,0.4375,False,True
1.0,bin,11,0.0693100094795227,0.014019966125488281,0.12460005283355713,1362816,COCc1cccc(C(=O)NC2CC2c2cccc(Cl)c2)c1,3.772300000000002,O=C(NC1CC1c1cccc(Cl)c1Cl)c1ccccc1,True,4.279300000000003,0.5070000000000006,0.41379310344827586,False,True
1.0,bin,11,0.0693100094795227,0.014019966125488281,0.12460005283355713,1441838,COCC(=O)NC(C(=O)Nc1cccc(-c2nccs2)c1)C(C)C,2.5358,COCCNC(=O)Nc1cccc(-c2nc(C)cs2)c1,True,2.886420000000001,0.35062000000000104,0.4057971014492754,False,False
1.0,bin,11,0.0693100094795227,0.014019966125488281,0.12460005283355713,1450449,CCCNC(=O)CSc1nc2c(cc1C#N)CCCC2,2.450380000000001,CCNC(=O)CSc1ncc(C(C)CC)cc1C#N,True,2.694980000000001,0.24460000000000015,0.42857142857142855,False,True
1.0,bin,11,0.0693100094795227,0.014019966125488281,0.12460005283355713,1451910,O=S(=O)(NCc1nnc2ccccn12)c1ccc(F)c(F)c1,1.4859999999999995,COc1ccc(F)cc1S(=O)(=O)NCc1nnc2ccccn12,True,1.3555,-0.13049999999999962,0.5789473684210527,False,True
1.0,bin,11,0.0693100094795227,0.014019966125488281,0.12460005283355713,1479798,Cc1nc(C)c(CCC(=O)N(CC(C)C)CC(F)(F)F)c(=O)[nH]1,2.3662400000000003,Cc1nc(C)c(CCC(=O)N(CC(C)C)CC(F)(F)F)c(=O)[nH]1,True,2.3662400000000003,0.0,1.0,True,False
1.0,bin,11,0.0693100094795227,0.014019966125488281,0.12460005283355713,1507926,COC(=O)C(C)NC(=O)Cc1csc(-c2ccccc2Cl)n1,2.6837,CC(C)(C)C(=O)NCC(=O)Nc1nc(-c2ccccc2Cl)cs1,True,3.564300000000002,0.880600000000002,0.38461538461538464,False,True
1.0,bin,11,0.0693100094795227,0.014019966125488281,0.12460005283355713,1527882,Nc1ncccc1C(=O)Nc1ccc2cn[nH]c2c1,1.7923999999999998,COc1ccc(C(=O)Nc2ccc3cn[nH]c3c2)c(N)n1,True,1.801,0.008600000000000163,0.6415094339622641,False,True
1.0,bin,11,0.0693100094795227,0.014019966125488281,0.12460005283355713,1532848,COc1ccc(-c2ccc3c(=O)[nH]cnc3c2)cc1Cl,3.2521000000000013,COc1ccc(Br)cc1-c1ccc2c(=O)[nH]cnc2c1,True,3.361200000000002,0.10910000000000064,0.6458333333333334,False,True
1.0,bin,11,0.0693100094795227,0.014019966125488281,0.12460005283355713,1548351,COc1cc(OC)c2c(c1)C(c1cnccn1)NCC2,1.7288999999999999,Fc1cc2c(c(F)c1F)CCNC2c1cnccn1,True,2.1289999999999996,0.4000999999999997,0.56,False,False
1.0,bin,11,0.0693100094795227,0.014019966125488281,0.12460005283355713,1570134,COc1cccc(C(C)N2CCN(C(=O)c3ccc(O)cc3)CC2)c1,2.9198000000000013,COc1cccc(C(C)N2CCN(C(=O)c3cccc(O)c3)CC2)c1,True,2.9198000000000013,0.0,0.8125,False,True
1.0,bin,11,0.0693100094795227,0.014019966125488281,0.12460005283355713,1611406,CC(C)(C)N1CC(NC(=O)C2COc3ccc(F)cc3C2)CC1=O,1.8923999999999994,CC(C)N1CC(C(=O)NC2COc3ccc(Cl)cc3C2)CC1=O,True,2.0165999999999995,0.12420000000000009,0.45588235294117646,False,True
1.0,bin,11,0.0693100094795227,0.014019966125488281,0.12460005283355713,1612684,CCCC1CN(C(=O)Nc2ccn(CCC(C)C)n2)CCO1,2.9620000000000015,CCOC1CCN(C(=O)Nc2ccn(C(C)C)n2)CC(C)O1,True,2.4693000000000005,-0.492700000000001,0.410958904109589,False,True
1.0,bin,11,0.0693100094795227,0.014019966125488281,0.12460005283355713,1639675,CCC(CC)c1nnc(NC(=O)c2scnc2C2CC2)s1,4.0279000000000025,CCCCCc1nnc(NC(=O)c2scnc2C2CC2)s1,True,3.857000000000003,-0.1708999999999996,0.6666666666666666,False,False
1.0,bin,11,0.0693100094795227,0.014019966125488281,0.12460005283355713,1675660,COc1ccnc(NC(=O)c2cccc(Cl)c2)c1,2.9959000000000007,CCOc1ccc(C(=O)Nc2cc(C)ccn2)cc1OC,True,3.0496200000000018,0.0537200000000011,0.44642857142857145,False,False
1.0,bin,11,0.0693100094795227,0.014019966125488281,0.12460005283355713,1689728,CCc1noc(CSc2ncnc3sc(C)cc23)n1,3.237420000000002,CCc1noc(CSc2ncnc3sc(CC)cc23)n1,True,3.4914000000000023,0.2539800000000003,0.8085106382978723,False,True
1.0,bin,11,0.0693100094795227,0.014019966125488281,0.12460005283355713,1720876,CC(C)(C)CC(=O)NCC(=O)Nc1ccc2c(c1)COC2,2.2077,CC(C)CC(=O)OCC(=O)Nc1ccc2c(c1)COC2,True,2.2446,0.036900000000000155,0.5094339622641509,False,True
1.0,bin,11,0.0693100094795227,0.014019966125488281,0.12460005283355713,1757109,CC(C)Cc1ncc(CNc2ccc3c(c2)COC3)s1,3.983900000000003,CC(C)Cc1ncc(CNc2ccc3c(c2)COC3)s1,True,3.983900000000003,0.0,1.0,True,False
1.0,bin,11,0.0693100094795227,0.014019966125488281,0.12460005283355713,1774061,O=C1NCCCc2[nH]c(-c3cccc4[nH]ccc34)nc21,2.234,C=c1nc(C2CCNC2)[nH]c1=CC=CC12COC(=CC=CN1)C2,True,0.3935000000000007,-1.8404999999999994,0.08888888888888889,False,True
1.0,bin,11,0.0693100094795227,0.014019966125488281,0.12460005283355713,1800687,Cc1nn(C)c(-c2nc(-c3cccnn3)no2)c1Cl,1.8889199999999997,COCCn1nc(C)c(-c2nc(-c3ccc(C)nn3)no2)c1C,True,1.9617599999999997,0.07284000000000002,0.3492063492063492,False,True
1.0,bin,11,0.0693100094795227,0.014019966125488281,0.12460005283355713,1815867,FC(F)(F)c1ccc(CN2CCOCC2c2ncon2)cc1,2.661900000000001,Clc1cccc(CN2CCOCC2c2ncon2)c1,True,2.2965,-0.36540000000000106,0.6481481481481481,False,True
1.0,bin,11,0.0693100094795227,0.014019966125488281,0.12460005283355713,1828580,Cc1ccc(N2CC3OCC(=O)N(Cc4cccc(F)c4)C3C2)nn1,1.54032,COC1=CC=CCNC2COCC(=O)N(Cc3ccccc3)CCC2=N1,True,1.8922999999999996,0.35197999999999974,0.1956521739130435,False,True
1.0,bin,11,0.0693100094795227,0.014019966125488281,0.12460005283355713,1836183,CCc1ccc(C(=O)NCc2nccc(N(C)C)n2)cc1,2.035,Cc1cc(C)c(C)c(C(=O)NCc2nccc(N)n2)c1,True,1.91406,-0.12094000000000005,0.3728813559322034,False,True
1.0,bin,11,0.0693100094795227,0.014019966125488281,0.12460005283355713,1842499,COc1ccccc1COc1ccccc1-c1cnn(CCO)c1,3.1300000000000017,COc1cccc(-c2cnn(Cc3ccccc3F)c2C)c1O,True,3.760120000000003,0.6301200000000011,0.34375,False,True
1.0,bin,11,0.0693100094795227,0.014019966125488281,0.12460005283355713,1865564,COC(CNC(=O)c1ccoc1)c1cccc(F)c1,2.536200000000001,COC(CNC(=O)c1cccc(N(C)C)c1)c1ccoc1,True,2.4631000000000007,-0.07310000000000016,0.5789473684210527,False,True
1.0,bin,11,0.0693100094795227,0.014019966125488281,0.12460005283355713,1868773,CCCOc1ccc(Cl)c2c1CCNC2C1CC(=O)C1,3.2947000000000015,CCCOc1cc2c(cc1Cl)C1(CCC(=O)C1N)CC2,True,3.003,-0.2917000000000014,0.3384615384615385,False,True
1.0,bin,11,0.0693100094795227,0.014019966125488281,0.12460005283355713,1873123,CCC1OC(=O)c2c(OC)ccc(Br)c21,3.079200000000002,COc1ccc(Br)cc1C(C)C=O,True,2.7601000000000004,-0.3191000000000015,0.2653061224489796,False,True
1.0,bin,11,0.0693100094795227,0.014019966125488281,0.12460005283355713,1875028,Cc1cccc(C)c1NCC(=O)N1CCCC2CCCCC21,3.8965400000000034,O=C(CNc1cccc(Cl)c1)N1CCCC1C1CCCC1,True,3.933100000000003,0.036559999999999704,0.62,False,True
1.0,bin,11,0.0693100094795227,0.014019966125488281,0.12460005283355713,1895921,CCC(CC)N(C)C(=O)CC1OC(=O)c2ccccc21,2.935200000000002,CC(C)CC(C)NC(=O)CC1OC(=O)c2ccccc21,True,2.8390000000000013,-0.09620000000000051,0.5098039215686274,False,True
1.0,bin,11,0.0693100094795227,0.014019966125488281,0.12460005283355713,1907077,Cc1ccc2[nH]nc(C(=O)Nc3nc(-c4ccco4)cs3)c2c1,3.8401200000000015,Cc1ccc2[nH]nc(C(=O)Nc3nc(-c4ccco4)cs3)c2c1,True,3.8401200000000015,0.0,1.0,True,False
1.0,bin,11,0.0693100094795227,0.014019966125488281,0.12460005283355713,1913063,Cc1nn(C)c(C)c1CN(C(=O)c1cn2cccc(C)c2n1)C1CC1,2.797860000000001,CCN(Cc1c(C)n[nH]c1C)C(=O)c1cn2ccccc2n1,True,2.3365400000000003,-0.4613200000000006,0.3333333333333333,False,True
1.0,bin,11,0.0693100094795227,0.014019966125488281,0.12460005283355713,1922265,CN(CCNC(=O)c1ccc2c(c1)ncn2C)c1ccccc1,2.4395000000000007,CCn1cnc2cc(CNCC(=O)NC3=CC=C(OC)C3)ccc21,True,2.0798999999999994,-0.35960000000000125,0.2375,False,True
1.0,bin,12,0.1658499836921692,0.12460005283355713,0.20709991455078125,32052,COc1ccccc1CNC(=O)Cc1c[nH]c2ccccc12,3.035400000000001,O=C(Cc1cc(F)ccc1F)Cc1c[nH]c2ccccc12,True,3.8004000000000016,0.7650000000000006,0.4807692307692308,False,True
1.0,bin,12,0.1658499836921692,0.12460005283355713,0.20709991455078125,116747,COCCSc1ccccc1C(=O)Nc1cccc(C)n1,3.3808200000000017,CCCSc1ccc(C)cc1C(=O)Nc1ncccc1N,True,3.7266200000000005,0.3457999999999988,0.35384615384615387,False,True
1.0,bin,12,0.1658499836921692,0.12460005283355713,0.20709991455078125,131060,CS(=O)(=O)NCCc1csc(-c2ccc(F)cc2)n1,2.0408999999999997,CN(CC(=O)NCc1csc(-c2ccccc2)n1)S(C)(=O)=O,True,1.3177,-0.7231999999999996,0.39655172413793105,False,False
1.0,bin,12,0.1658499836921692,0.12460005283355713,0.20709991455078125,131949,CCc1c(C)nc(SCC(=O)NC(C)C)[nH]c1=O,1.25742,CCCNC(=O)CSc1nc(C)c(C)c(=O)[nH]1,True,1.00504,-0.25238000000000005,0.52,False,False
1.0,bin,12,0.1658499836921692,0.12460005283355713,0.20709991455078125,158879,COc1ccc(CC(=O)OCC(=O)c2c[nH]c3ccccc23)cc1,3.145100000000001,O=C(Cc1c(F)cccc1F)OCC(=O)c1c[nH]c2ccccc12,True,3.4147000000000016,0.2696000000000005,0.6153846153846154,False,True
1.0,bin,12,0.1658499836921692,0.12460005283355713,0.20709991455078125,232056,COCCNC(=O)c1cc(=O)c2cc(C)ccc2o1,1.4776199999999993,CCOCCCNC(=O)c1cc(=O)c2cc(OC)ccc2o1,True,1.958,0.4803800000000007,0.5818181818181818,False,True
1.0,bin,12,0.1658499836921692,0.12460005283355713,0.20709991455078125,235788,O=C(Cn1nc(-c2ccco2)oc1=O)NCC(F)(F)F,0.7747999999999999,CCC(C)OC(=O)Cn1nc(-c2ccco2)oc1=O,True,1.438,0.6632,0.5344827586206896,False,True
1.0,bin,12,0.1658499836921692,0.12460005283355713,0.20709991455078125,236081,CC(=O)c1c(C)[nH]c(C(=O)CSc2nc(C(C)C)n[nH]2)c1C,3.0506400000000014,Cc1n[nH]c(SCC(=O)c2cc(C)c(C(=O)C(C)(C)C)[nH]2)n1,True,2.9534400000000014,-0.09719999999999995,0.3870967741935484,False,True
1.0,bin,12,0.1658499836921692,0.12460005283355713,0.20709991455078125,281081,O=C(Cn1cccn1)NCc1cccnc1Oc1ccc(F)cc1F,2.665000000000001,Cc1cc(F)ccc1Oc1cccnc1CC(=O)NCc1ccnn1C,True,2.9138200000000003,0.24881999999999938,0.4189189189189189,False,True
1.0,bin,12,0.1658499836921692,0.12460005283355713,0.20709991455078125,284170,COc1ccc(-c2nc(CC(=O)Nc3cccc(C)n3)cs2)cc1,3.7033200000000024,Cc1cccnc1N(C)C(=O)Cc1csc(-c2ccccc2)n1,True,3.719020000000002,0.015699999999999825,0.373134328358209,False,True
1.0,bin,12,0.1658499836921692,0.12460005283355713,0.20709991455078125,288369,Cc1ccc(NCc2nnc3n2CCCCC3)cc1C,3.2334400000000016,CC1=CC=C(NCc2nnc3n2CC(C)CC3C)C1F,True,2.6929000000000007,-0.5405400000000009,0.25757575757575757,False,True
1.0,bin,12,0.1658499836921692,0.12460005283355713,0.20709991455078125,302889,COc1ccc(OC)c(NC(=O)CCNC(=O)c2cccs2)c1,2.5239000000000003,O=C(CCNC(=O)c1cccs1)Nc1cccc(F)c1,True,2.6458000000000004,0.12190000000000012,0.5263157894736842,False,False
1.0,bin,12,0.1658499836921692,0.12460005283355713,0.20709991455078125,327141,COc1ccc(OC)c(S(=O)(=O)Nc2ccn(C)n2)c1,1.2381,Cn1ccc(NS(=O)(=O)c2ccccc2F)n1,True,1.3599999999999999,0.1218999999999999,0.5319148936170213,False,False
1.0,bin,12,0.1658499836921692,0.12460005283355713,0.20709991455078125,327382,CNC(=O)C1CN(C(=O)c2c(C)noc2C)c2ccccc2O1,1.4452399999999996,COC(=O)C1CN(C(=O)c2c(C)noc2C)c2ccccc2O1,True,1.8722399999999995,0.4269999999999998,0.7692307692307693,False,True
1.0,bin,12,0.1658499836921692,0.12460005283355713,0.20709991455078125,406491,COCCNC(=O)C1CCCN(S(=O)(=O)N2CCOCC2)C1,-0.9619999999999964,COCC(=O)N1CCCC(S(=O)(=O)N2CCOCC2(C)C)C1,True,0.06440000000000157,1.026399999999998,0.3283582089552239,False,True
1.0,bin,12,0.1658499836921692,0.12460005283355713,0.20709991455078125,413951,O=C(Cn1ncn2cccc2c1=O)N1CCCCCC1,0.8985999999999996,Cc1cccn2c(=O)n(CC(=O)N3CCCCCC3)nc12,True,1.2070199999999995,0.3084199999999999,0.49056603773584906,False,True
1.0,bin,12,0.1658499836921692,0.12460005283355713,0.20709991455078125,427929,CCNc1nc(NCc2ccccc2Cl)c2cnn(C)c2n1,3.060600000000001,CCNc1nc(NCc2ccc(Cl)cc2)c2cnn(C)c2n1,True,3.060600000000001,0.0,0.6862745098039216,False,False
1.0,bin,12,0.1658499836921692,0.12460005283355713,0.20709991455078125,447130,CCC(NC(=O)C1CCN(C(=O)C2CC2)CC1)c1ccc(C)cc1,3.2109200000000016,CC(C)C(NC(=O)C1CCN(C(=O)C2CC2)CC1)c1ccc(F)cc1,True,3.287600000000002,0.07668000000000053,0.5471698113207547,False,True
1.0,bin,12,0.1658499836921692,0.12460005283355713,0.20709991455078125,481908,CCNS(=O)(=O)c1ccc(C)c(C(=O)Nc2ncccc2C)c1,2.24894,CCC(=CC=CNC(C)=O)S(=O)(=O)Nc1ccccn1,True,1.767,-0.48194000000000026,0.2463768115942029,False,True
1.0,bin,12,0.1658499836921692,0.12460005283355713,0.20709991455078125,485220,Cc1nn(CC(=O)N2CCN(C)CC2)c(C)c1Br,1.03644,Cc1cc(C)n(CC(=O)N2CCN(C(C)(C)C)CC2)n1,True,1.4426399999999995,0.40619999999999945,0.4,False,True
1.0,bin,12,0.1658499836921692,0.12460005283355713,0.20709991455078125,526363,Cc1nnc(SCC(=O)Nc2ccc(O)cc2)n(N)c1=O,0.09692,Cc1nnc(SCC(=O)Nc2ccccc2)n(N)c1=O,True,0.39132,0.2944,0.8043478260869565,False,False
1.0,bin,12,0.1658499836921692,0.12460005283355713,0.20709991455078125,536853,COc1ccc(C2CCCN2C(=O)C2CCC2)c(OC)c1,3.1674000000000015,CCOCc1ccc(C2CCCN2C(=O)C2CCC2)cc1,True,3.6867000000000028,0.5193000000000012,0.4642857142857143,False,True
1.0,bin,12,0.1658499836921692,0.12460005283355713,0.20709991455078125,540312,Cc1nn(C)c2nc(C3CC3)cc(C(=O)NCC(=O)NC(C)(C)C)c12,1.7986199999999997,CC1=NN(C)C=NC(C2CC2)=CC(C(=O)NCC(=O)NC(C)C)C=C1,True,1.4431,-0.3555199999999996,0.2625,False,True
1.0,bin,12,0.1658499836921692,0.12460005283355713,0.20709991455078125,544381,Cc1nc(N2CCCC(C(=O)NC(C)C)C2)c2c(C)c(C)oc2n1,2.8890600000000006,CC1=NC(NCC(F)F)=CC(C)=C(C(=O)N2CCC(C#N)C2)OC=N1,True,1.80548,-1.0835800000000007,0.19318181818181818,False,True
1.0,bin,12,0.1658499836921692,0.12460005283355713,0.20709991455078125,544382,CCCNC(=O)C1CCCN(c2nc(C)nc3oc(C)c(C)c23)C1,2.8906600000000013,Cc1nc(N2CCC(C)CC2)cc(C)c2c(=O)n(CC(C)CO)c-2n1,True,2.2246400000000004,-0.666020000000001,0.1951219512195122,False,True
1.0,bin,12,0.1658499836921692,0.12460005283355713,0.20709991455078125,550049,Cc1ccc(C)c(OCC(=O)Nc2cccc(-n3cnnc3)c2)c1,2.9016400000000013,CSc1cccc(OCC(=O)Nc2cccc(-n3cnnc3)c2)c1,True,3.0067000000000013,0.10505999999999993,0.603448275862069,False,True
1.0,bin,12,0.1658499836921692,0.12460005283355713,0.20709991455078125,573533,Cc1nn(-c2ncc(C(F)(F)F)cc2Cl)c(=O)o1,2.2011199999999995,Cc1nn(-c2cc(Br)c(Cl)cn2)c(=O)o1,True,1.9448199999999998,-0.25629999999999975,0.4897959183673469,False,True
1.0,bin,12,0.1658499836921692,0.12460005283355713,0.20709991455078125,582555,O=C(NCC(O)c1ccccc1)c1ccc2c(=O)n3c(nc2c1)CCC3,1.8061000000000003,O=C(NCC(O)c1ccccc1F)c1ccc2c(=O)n3c(nc2c1)CCC3,True,1.9452,0.13909999999999978,0.7704918032786885,False,True
1.0,bin,12,0.1658499836921692,0.12460005283355713,0.20709991455078125,588547,Cc1n[nH]c(C)c1NC(=O)CCc1ccc(Cl)cc1Cl,3.9046400000000023,Cc1n[nH]c(C)c1NC(=O)CCc1c(F)ccc(Cl)c1Cl,True,4.043740000000002,0.1391,0.6226415094339622,False,True
1.0,bin,12,0.1658499836921692,0.12460005283355713,0.20709991455078125,607673,CCCN(CC1CC1)S(=O)(=O)c1ccccc1F,2.636400000000001,CCN(CC1CC1)S(=O)(=O)c1cccc(SC)c1,True,2.8291000000000013,0.19270000000000032,0.39622641509433965,False,True
1.0,bin,12,0.1658499836921692,0.12460005283355713,0.20709991455078125,617681,Cc1cc(C(=O)Nc2nc(-c3ccncc3)cs2)nn1C(C)C,3.5432200000000016,CC(C)(C)n1ccc(C(=O)Nc2nc(-c3ccncc3)cs2)n1,True,3.408900000000002,-0.13431999999999977,0.5789473684210527,False,True
1.0,bin,12,0.1658499836921692,0.12460005283355713,0.20709991455078125,650267,COc1ccc2oc(C(=O)NC3CCCCNC3=O)c(C)c2c1,2.14832,O=C(NC1CCCCNC1=O)C1=CCc2ccccc21,True,1.4109999999999991,-0.7373200000000009,0.4090909090909091,False,True
1.0,bin,12,0.1658499836921692,0.12460005283355713,0.20709991455078125,668639,Cc1cc(NC(=O)c2ccccc2Cl)ncc1N,2.8779200000000005,Nc1ccc(NC(=O)c2ccc(Br)cc2)nc1,True,2.6786000000000003,-0.19932000000000016,0.34615384615384615,False,False
1.0,bin,12,0.1658499836921692,0.12460005283355713,0.20709991455078125,673160,CCC(=O)Nc1ccc2oc(C(F)(F)F)cc(=O)c2c1,3.160300000000001,CC(C)N(C)C(=O)c1cc(=O)c2cc(C(F)(F)F)ccc2o1,True,3.292200000000002,0.1319000000000008,0.40350877192982454,False,True
1.0,bin,12,0.1658499836921692,0.12460005283355713,0.20709991455078125,711169,Cc1cccc(C(C)C)c1NC(=O)N(C)Cc1ccncc1,4.177320000000003,Cc1cc(C(C)(C)C)ccc1NC(=O)N(C)Cc1ccncc1,True,4.351420000000003,0.17410000000000014,0.509090909090909,False,True
1.0,bin,12,0.1658499836921692,0.12460005283355713,0.20709991455078125,720969,Cc1noc(C)c1CCC(=O)OCC(=O)N1c2ccccc2CC1C,2.7450400000000013,Cc1noc(C)c1CCC(=O)OCC(=O)N1c2ccccc2CC1C,True,2.7450400000000013,0.0,1.0,True,False
1.0,bin,12,0.1658499836921692,0.12460005283355713,0.20709991455078125,730789,COC(=O)C1CCN(C(=O)c2cc3ccc(F)cc3nc2C)CC1,2.7075200000000006,COC(=O)C1CCCN(C(=O)c2cnc3cc(F)ccc3c2)CC1,True,2.789200000000001,0.08168000000000042,0.6271186440677966,False,True
1.0,bin,12,0.1658499836921692,0.12460005283355713,0.20709991455078125,738178,Cc1ccc(-n2ccnc2SCc2nc(C3CC3)no2)cc1C,4.041840000000003,Fc1ccc(-n2ccnc2SCc2nc(C3CC3)no2)cc1Cl,True,4.217500000000002,0.17565999999999882,0.7192982456140351,False,True
1.0,bin,12,0.1658499836921692,0.12460005283355713,0.20709991455078125,771897,COc1ccccc1OCC(=O)N(C)Cc1sccc1C,3.102520000000002,Cc1ccsc1CN(C)C(=O)COc1cccc(N(C)C)c1,True,3.1599200000000014,0.05739999999999945,0.6037735849056604,False,True
1.0,bin,12,0.1658499836921692,0.12460005283355713,0.20709991455078125,811446,COC(=O)C1(NC(=O)c2cc(Br)c[nH]2)CCCCCC1,2.7730000000000006,COC(=O)C1(NC(=O)c2cc(C(F)(F)F)c[nH]2)CCCCC1,True,2.6392000000000007,-0.13379999999999992,0.6808510638297872,False,True
1.0,bin,12,0.1658499836921692,0.12460005283355713,0.20709991455078125,848291,CCC(C)NC(=O)NCc1noc(-c2cccs2)n1,2.3958000000000004,CCC(CC)NC(=O)Cc1noc(-c2cccs2)n1,True,2.6454000000000004,0.24960000000000004,0.6181818181818182,False,True
1.0,bin,12,0.1658499836921692,0.12460005283355713,0.20709991455078125,863440,COc1ccc(-c2nc(CCCO)cs2)cc1OC,2.752200000000001,COc1ccccc1-c1nc(CC(=O)NCCC(C)C)cs1,True,3.523500000000002,0.771300000000001,0.3548387096774194,False,True
1.0,bin,12,0.1658499836921692,0.12460005283355713,0.20709991455078125,864663,N#Cc1ccc(-c2cc(F)ccc2F)nc1N1CCCC1,3.498680000000002,N#Cc1cc(-c2cc(F)ccc2F)nc(N2CCCC2)c1,True,3.498680000000002,0.0,0.5918367346938775,False,True
1.0,bin,12,0.1658499836921692,0.12460005283355713,0.20709991455078125,872100,CCc1cccc(C)c1NCC(O)c1ccc2c(c1)OCCO2,3.474120000000002,OC(CNc1cccc(C(F)(F)F)c1)c1ccc2c(c1)OCCO2,True,3.6221000000000023,0.14798000000000044,0.5263157894736842,False,True
1.0,bin,12,0.1658499836921692,0.12460005283355713,0.20709991455078125,886334,COc1ccc(C(=O)N2CCCC(C(=O)N3CCCCC3)C2)c(O)c1,2.2655000000000003,O=C(c1ccc(O)cc1)N1CCCC(C(=O)N2CCCC2)C1,True,1.8668000000000002,-0.39870000000000005,0.5714285714285714,False,True
1.0,bin,12,0.1658499836921692,0.12460005283355713,0.20709991455078125,887387,COCCNC(=O)N(Cc1cccc(F)c1)CC1CCCO1,2.1627,COCC(=O)N(Cc1cc(OC)ccc1OC)C1CCCO1,True,1.8153,-0.34740000000000015,0.30666666666666664,False,True
1.0,bin,12,0.1658499836921692,0.12460005283355713,0.20709991455078125,889149,N#Cc1ccc(NC(=O)c2ccc(Br)cc2Cl)nc1,3.621480000000001,Cc1ccc(C(=O)Nc2ccc(C#N)cn2)c(Br)c1,True,3.2765000000000013,-0.3449799999999996,0.64,False,True
1.0,bin,12,0.1658499836921692,0.12460005283355713,0.20709991455078125,913483,O=C(CNC(=O)NCCc1c(Cl)cccc1Cl)NC1CC1,2.1137000000000006,O=C(CNC(=O)NCCc1ccc(Cl)c(Cl)c1)NC1CC1,True,2.1136999999999997,-8.881784197001252e-16,0.6595744680851063,False,True
1.0,bin,12,0.1658499836921692,0.12460005283355713,0.20709991455078125,917620,C=CCN(Cc1ccccc1OC)C(=O)c1csc(C)n1,3.288520000000002,C=C(C)CN(Cc1ccc(F)cc1)C(=O)c1csc(C)n1,True,3.8091200000000027,0.5206000000000008,0.45,False,True
1.0,bin,12,0.1658499836921692,0.12460005283355713,0.20709991455078125,918312,CCOc1ccc(Cl)c(C(=O)N2CCN(c3ncccn3)CC2)n1,1.8860999999999997,O=C(c1ccccn1)N1CCN(c2nccc(C(F)(F)F)n2)CC1,True,1.8528,-0.03329999999999966,0.3870967741935484,False,True
1.0,bin,12,0.1658499836921692,0.12460005283355713,0.20709991455078125,922879,CC(=O)c1ccc(N2CCN(Cc3c(F)cccc3F)CC2)cc1,3.489600000000003,CSc1ccc(CN2CCN(c3ccc(C(C)=O)cc3)CC2)cc1,True,3.9333000000000036,0.44370000000000065,0.5625,False,True
1.0,bin,12,0.1658499836921692,0.12460005283355713,0.20709991455078125,927535,COc1cc(CN2CCN(c3ccccc3F)CC2)ccc1O,2.862100000000002,Oc1cccc(CN2CCN(c3ccc(F)cc3)CC2)c1,True,2.8535000000000013,-0.00860000000000083,0.4,False,False
1.0,bin,12,0.1658499836921692,0.12460005283355713,0.20709991455078125,927567,Cc1ccccc1N1CCN(Cc2cccc(O)c2)CC1,3.022820000000001,Oc1cccc(CN2CCN(c3ccc(F)cc3)CC2)c1,True,2.8535000000000013,-0.16931999999999992,0.5777777777777777,False,False
1.0,bin,12,0.1658499836921692,0.12460005283355713,0.20709991455078125,938108,CC(c1ccccc1)N(C)C(=O)CCC(=O)Nc1nccs1,3.0814000000000012,C=CN=C1NC(=O)CCC(=O)N(C)[SH]1C(c1ccccc1)C(F)(F)F,True,3.0741000000000014,-0.007299999999999862,0.13580246913580246,False,True
1.0,bin,12,0.1658499836921692,0.12460005283355713,0.20709991455078125,943303,CN(CCCOc1ccccc1)C(=O)Nc1cccc2c1OCCO2,3.390600000000002,CC=C1C=C(OCCCNC(=O)Nc2ccccc2OC)CO1,True,3.0413000000000014,-0.3493000000000004,0.28,False,True
1.0,bin,12,0.1658499836921692,0.12460005283355713,0.20709991455078125,946289,CC(NC(=O)C1(c2cc(-c3ccco3)on2)CC1)c1ccccc1,3.843600000000002,CC1C=C(c2ccccc2F)ON=CCCC(c2ccco2)C(=O)N1,True,3.844300000000003,0.0007000000000010331,0.16470588235294117,False,True
1.0,bin,12,0.1658499836921692,0.12460005283355713,0.20709991455078125,994077,Cc1nnc(Cn2c(-c3cccc(Br)c3)noc2=O)o1,2.0055199999999997,CC=NN=CCn1c(-c2ccc(Br)cc2)noc1=O,True,2.3423,0.3367800000000001,0.3898305084745763,False,True
1.0,bin,12,0.1658499836921692,0.12460005283355713,0.20709991455078125,1065620,O=C(NCc1cccnc1Oc1ccccc1)c1cccnc1,3.198900000000002,O=C(NCc1cccnc1)c1ccc(Oc2ccccc2F)nc1,True,3.338000000000002,0.1391,0.43548387096774194,False,True
1.0,bin,12,0.1658499836921692,0.12460005283355713,0.20709991455078125,1093926,CN(C(=O)CNc1cccc(OCC2CCCO2)c1)c1ccccc1,3.319300000000002,CN(CC(=O)Nc1cccc(C(N)=O)c1)c1cccc(C2CCCO2)c1,True,2.7119,-0.6074000000000019,0.34615384615384615,False,True
1.0,bin,12,0.1658499836921692,0.12460005283355713,0.20709991455078125,1107920,CCc1ccc(-n2cc(C(=O)NC(C)c3ccccc3)nn2)cc1,3.320700000000002,O=C(NCc1ccc(F)cc1Cl)c1cn(-c2ccccc2)nn1,True,2.9898000000000016,-0.33090000000000064,0.40625,False,True
1.0,bin,12,0.1658499836921692,0.12460005283355713,0.20709991455078125,1113130,CC(NC(=O)Cn1nnnc1C(C)(C)C)c1cccc2ccccc12,3.0012000000000016,Cc1nnnn1CC(=O)NC(c1cccc2ccccc12)C(C)(C)C,True,3.0383200000000015,0.03711999999999982,0.6140350877192983,False,True
1.0,bin,12,0.1658499836921692,0.12460005283355713,0.20709991455078125,1121751,COC(=O)Cn1ccc(NS(=O)(=O)c2ccc(F)c(F)c2F)n1,1.2742,COC(=O)CNC1=CC(NS(=O)(=O)c2ccc(C)c(C)c2OC)=N1,True,0.6064400000000001,-0.6677599999999999,0.3283582089552239,False,True
1.0,bin,12,0.1658499836921692,0.12460005283355713,0.20709991455078125,1142531,CCOC(C)C(=O)NCCc1csc(-c2ccc(C)cc2)n1,3.2022200000000014,CC(C)C(=O)OCCc1nc(-c2ccc(F)cc2)cs1,True,3.6909000000000027,0.48868000000000134,0.2835820895522388,False,True
1.0,bin,12,0.1658499836921692,0.12460005283355713,0.20709991455078125,1212157,CN(Cc1ccc(F)c(F)c1)C(=O)c1cncc(-c2cnn(C)c2)c1,3.0325000000000015,CCN(C(=O)c1cccnc1)C1C=CC=C(Cn2cc(F)cn2)C=C1,True,3.0005000000000015,-0.03200000000000003,0.24096385542168675,False,True
1.0,bin,12,0.1658499836921692,0.12460005283355713,0.20709991455078125,1215394,CCn1nc(C)cc1C(=O)Oc1cccc(NC(=O)C(C)C)c1,3.025120000000001,CCn1nc(C)cc1C(=O)Oc1cccc(C(=O)NC(C)C)c1,True,2.5688200000000005,-0.4563000000000006,0.6607142857142857,False,True
1.0,bin,12,0.1658499836921692,0.12460005283355713,0.20709991455078125,1232922,CC(C)(C)OC(=O)NC1CCCN(S(=O)(=O)N2CCOCC2)C1,0.5525000000000011,CCC1CN(S(=O)(=O)N2CCCC(C(=O)NC(C)C)C2)CCO1,True,0.5786000000000016,0.026100000000000456,0.36507936507936506,False,True
1.0,bin,12,0.1658499836921692,0.12460005283355713,0.20709991455078125,1238973,FC(F)(F)c1cnc(N2CCn3c(nnc3C3CC3)C2)c(Cl)c1,3.2429000000000023,Fc1cc(Br)cnc1NCCn1cnnc1C1CC1,True,2.5642000000000005,-0.6787000000000019,0.2191780821917808,False,True
1.0,bin,12,0.1658499836921692,0.12460005283355713,0.20709991455078125,1299495,Cc1cc(CC(=O)N2CCCC2C(C#N)c2ccccc2)no1,2.823900000000001,Cc1cc(CC(=O)N2CCCC2c2ccc(F)cc2F)no1,True,3.1674200000000017,0.3435200000000007,0.5,False,True
1.0,bin,12,0.1658499836921692,0.12460005283355713,0.20709991455078125,1309906,CC(C)CC(NC(=O)c1cc(=O)c2ccccc2o1)C(=O)OC(C)C,2.8891000000000018,CC(C)CC(C)(C#N)NC(=O)c1cc(=O)c2ccccc2o1,True,2.851180000000001,-0.03792000000000062,0.5,False,True
1.0,bin,12,0.1658499836921692,0.12460005283355713,0.20709991455078125,1362816,COCc1cccc(C(=O)NC2CC2c2cccc(Cl)c2)c1,3.772300000000002,O=C(NC1CC1c1ccc(Cl)c(F)c1)c1ccccc1,True,3.7650000000000023,-0.007299999999999862,0.46551724137931033,False,True
1.0,bin,12,0.1658499836921692,0.12460005283355713,0.20709991455078125,1441838,COCC(=O)NC(C(=O)Nc1cccc(-c2nccs2)c1)C(C)C,2.5358,CC(NC(=O)NC(C)(C)C)C(=O)Nc1cccc(-c2nccs2)c1,True,3.234800000000001,0.6990000000000007,0.5714285714285714,False,True
1.0,bin,12,0.1658499836921692,0.12460005283355713,0.20709991455078125,1450449,CCCNC(=O)CSc1nc2c(cc1C#N)CCCC2,2.450380000000001,O=C(CSc1ncc2cc1CCC2)NCC(F)(F)F,True,2.3409000000000004,-0.10948000000000047,0.359375,False,True
1.0,bin,12,0.1658499836921692,0.12460005283355713,0.20709991455078125,1451910,O=S(=O)(NCc1nnc2ccccn12)c1ccc(F)c(F)c1,1.4859999999999995,O=S(=O)(NCc1nnc2ccccn12)c1ccc(F)cc1F,True,1.4859999999999998,2.220446049250313e-16,0.6666666666666666,False,False
1.0,bin,12,0.1658499836921692,0.12460005283355713,0.20709991455078125,1479798,Cc1nc(C)c(CCC(=O)N(CC(C)C)CC(F)(F)F)c(=O)[nH]1,2.3662400000000003,CCC(C)CN(CC(F)(F)F)C(=O)CCc1c(C)nc(C)[nH]c1=O,True,2.7563400000000007,0.39010000000000034,0.82,False,True
1.0,bin,12,0.1658499836921692,0.12460005283355713,0.20709991455078125,1507926,COC(=O)C(C)NC(=O)Cc1csc(-c2ccccc2Cl)n1,2.6837,COC(=O)CN(C(=O)Cc1csc(-c2ccccc2C)n1)C(C)C,True,3.0710200000000007,0.3873200000000008,0.4603174603174603,False,True
1.0,bin,12,0.1658499836921692,0.12460005283355713,0.20709991455078125,1527882,Nc1ncccc1C(=O)Nc1ccc2cn[nH]c2c1,1.7923999999999998,Nc1n[nH]c2ccc(NC(=O)c3ccc(F)nc3)cc12,True,1.9314999999999998,0.1391,0.3770491803278688,False,True
1.0,bin,12,0.1658499836921692,0.12460005283355713,0.20709991455078125,1532848,COc1ccc(-c2ccc3c(=O)[nH]cnc3c2)cc1Cl,3.2521000000000013,O=c1[nH]cnc2ccc(-c3cc(Br)ccc3F)cc12,True,3.4917000000000016,0.23960000000000026,0.35714285714285715,False,True
1.0,bin,12,0.1658499836921692,0.12460005283355713,0.20709991455078125,1548351,COc1cc(OC)c2c(c1)C(c1cnccn1)NCC2,1.7288999999999999,COc1c(F)ccc(-c2cnccn2)c1C(F)F,True,3.228900000000001,1.5000000000000013,0.24193548387096775,False,True
1.0,bin,12,0.1658499836921692,0.12460005283355713,0.20709991455078125,1570134,COc1cccc(C(C)N2CCN(C(=O)c3ccc(O)cc3)CC2)c1,2.9198000000000013,CC1=CC=CC=CCC2CN(C(=O)c3ccc(C#N)cc3)CCN2C1,True,3.1470800000000017,0.22728000000000037,0.22666666666666666,False,True
1.0,bin,12,0.1658499836921692,0.12460005283355713,0.20709991455078125,1611406,CC(C)(C)N1CC(NC(=O)C2COc3ccc(F)cc3C2)CC1=O,1.8923999999999994,Cc1cccc2c1OCC(C(=O)NC1CC(=O)N(C(C)(C)C)C1)C2,True,2.0617199999999998,0.16932000000000036,0.6229508196721312,False,True
1.0,bin,12,0.1658499836921692,0.12460005283355713,0.20709991455078125,1612684,CCCC1CN(C(=O)Nc2ccn(CCC(C)C)n2)CCO1,2.9620000000000015,CCCC1CN(C(=O)Nc2ccn(CCC(C)C)n2)CCO1,True,2.9620000000000015,0.0,1.0,True,False
1.0,bin,12,0.1658499836921692,0.12460005283355713,0.20709991455078125,1639675,CCC(CC)c1nnc(NC(=O)c2scnc2C2CC2)s1,4.0279000000000025,CC1=NN=C2NC(=O)C=C(C(C)C)N=C(C(C)C)S[SH]12,True,3.063000000000002,-0.9649000000000005,0.0945945945945946,False,True
1.0,bin,12,0.1658499836921692,0.12460005283355713,0.20709991455078125,1675660,COc1ccnc(NC(=O)c2cccc(Cl)c2)c1,2.9959000000000007,O=C(Nc1ccccn1)c1cc(F)ccc1Br,True,3.235500000000001,0.23960000000000026,0.29310344827586204,False,False
1.0,bin,12,0.1658499836921692,0.12460005283355713,0.20709991455078125,1689728,CCc1noc(CSc2ncnc3sc(C)cc23)n1,3.237420000000002,CCc1cc2c(SCc3nc(C)no3)ncnc2s1,True,3.237420000000002,0.0,0.6666666666666666,False,True
1.0,bin,12,0.1658499836921692,0.12460005283355713,0.20709991455078125,1720876,CC(C)(C)CC(=O)NCC(=O)Nc1ccc2c(c1)COC2,2.2077,CC(C)C(=O)NC(C)(C#N)c1ccc2c(c1)COC2,True,2.22778,0.020080000000000098,0.3620689655172414,False,True
1.0,bin,12,0.1658499836921692,0.12460005283355713,0.20709991455078125,1757109,CC(C)Cc1ncc(CNc2ccc3c(c2)COC3)s1,3.983900000000003,FC(F)(F)C=NC=C(S)CNc1ccc2c(c1)COC2,True,3.5330000000000013,-0.45090000000000163,0.3333333333333333,False,True
1.0,bin,12,0.1658499836921692,0.12460005283355713,0.20709991455078125,1774061,O=C1NCCCc2[nH]c(-c3cccc4[nH]ccc34)nc21,2.234,O=C1CC2NC(=Cc3c2cc(F)c2[nH]ccc32)CCCN1,True,2.5923,0.35829999999999984,0.2535211267605634,False,True
1.0,bin,12,0.1658499836921692,0.12460005283355713,0.20709991455078125,1800687,Cc1nn(C)c(-c2nc(-c3cccnn3)no2)c1Cl,1.8889199999999997,Cn1ncc(-c2noc(CC#N)n2)c1-c1ncccn1,True,0.9931799999999998,-0.8957399999999999,0.24242424242424243,False,True
1.0,bin,12,0.1658499836921692,0.12460005283355713,0.20709991455078125,1815867,FC(F)(F)c1ccc(CN2CCOCC2c2ncon2)cc1,2.661900000000001,Fc1ccc(CN2CCOCC2c2ncon2)cc1Cl,True,2.435600000000001,-0.22630000000000017,0.6981132075471698,False,True
1.0,bin,12,0.1658499836921692,0.12460005283355713,0.20709991455078125,1828580,Cc1ccc(N2CC3OCC(=O)N(Cc4cccc(F)c4)C3C2)nn1,1.54032,Cc1ccc(N2CC3OCC(=O)N(Cc4ccc(F)cc4)C3C2)nn1,True,1.54032,0.0,0.7894736842105263,False,True
1.0,bin,12,0.1658499836921692,0.12460005283355713,0.20709991455078125,1836183,CCc1ccc(C(=O)NCc2nccc(N(C)C)n2)cc1,2.035,Cc1cc(C)nc(CNC(=O)c2cccc(F)c2)n1,True,2.16254,0.12753999999999976,0.3333333333333333,False,True
1.0,bin,12,0.1658499836921692,0.12460005283355713,0.20709991455078125,1842499,COc1ccccc1COc1ccccc1-c1cnn(CCO)c1,3.1300000000000017,COc1ccc(-c2cn(Cc3ccc(C#N)cc3)cn2)cc1OC,True,3.487280000000002,0.35728000000000026,0.21739130434782608,False,True
1.0,bin,12,0.1658499836921692,0.12460005283355713,0.20709991455078125,1865564,COC(CNC(=O)c1ccoc1)c1cccc(F)c1,2.536200000000001,COC(CNC(=O)c1ccc(C)c(N)c1)c1ccoc1,True,2.28772,-0.2484800000000007,0.5344827586206896,False,True
1.0,bin,12,0.1658499836921692,0.12460005283355713,0.20709991455078125,1868773,CCCOc1ccc(Cl)c2c1CCNC2C1CC(=O)C1,3.2947000000000015,COc1ccc(Cl)c(Cl)c1OCCl,True,3.5771000000000015,0.2824,0.22807017543859648,False,True
1.0,bin,12,0.1658499836921692,0.12460005283355713,0.20709991455078125,1873123,CCC1OC(=O)c2c(OC)ccc(Br)c21,3.079200000000002,CCCC1OC(=O)C(C)c2cc(F)c(F)cc21,True,3.466300000000002,0.3871000000000002,0.20754716981132076,False,True
1.0,bin,12,0.1658499836921692,0.12460005283355713,0.20709991455078125,1875028,Cc1cccc(C)c1NCC(=O)N1CCCC2CCCCC21,3.8965400000000034,O=C(CNc1cccc(Br)c1)N1CCC2CCCCC21,True,3.6521000000000026,-0.24444000000000088,0.5686274509803921,False,True
1.0,bin,12,0.1658499836921692,0.12460005283355713,0.20709991455078125,1895921,CCC(CC)N(C)C(=O)CC1OC(=O)c2ccccc21,2.935200000000002,CCN(CCCC(C)C)C(=O)Cc1ccccc1C(=O)O,True,3.2120000000000015,0.2767999999999997,0.2222222222222222,False,True
1.0,bin,12,0.1658499836921692,0.12460005283355713,0.20709991455078125,1907077,Cc1ccc2[nH]nc(C(=O)Nc3nc(-c4ccco4)cs3)c2c1,3.8401200000000015,Cc1cccccn[nH]c1C(=O)Nc1nc(-c2ccco2)cs1,True,3.811320000000002,-0.028799999999999493,0.5384615384615384,False,True
1.0,bin,12,0.1658499836921692,0.12460005283355713,0.20709991455078125,1913063,Cc1nn(C)c(C)c1CN(C(=O)c1cn2cccc(C)c2n1)C1CC1,2.797860000000001,Cc1c2c(nn1C)CN(C(=O)Cc1cn3ccccc3n1)CCCC2,True,2.2838200000000004,-0.5140400000000005,0.2926829268292683,False,True
1.0,bin,12,0.1658499836921692,0.12460005283355713,0.20709991455078125,1922265,CN(CCNC(=O)c1ccc2c(c1)ncn2C)c1ccccc1,2.4395000000000007,Cc1ccccc1NC(=O)CN(C)C(=O)c1ccc2c(c1)ncn2C,True,2.5924200000000006,0.15291999999999994,0.484375,False,True
1.0,bin,13,0.2550499439239502,0.20709991455078125,0.30299997329711914,32052,COc1ccccc1CNC(=O)Cc1c[nH]c2ccccc12,3.035400000000001,Cc1cccc(CNC(=O)Cc2c[nH]c3cc(F)ccc23)c1,True,3.4743200000000014,0.4389200000000004,0.49122807017543857,False,True
1.0,bin,13,0.2550499439239502,0.20709991455078125,0.30299997329711914,116747,COCCSc1ccccc1C(=O)Nc1cccc(C)n1,3.3808200000000017,COc1cc(C)c(C(=O)Nc2cccc(C(C)=O)n2)cc1Cl,True,3.506920000000002,0.1261000000000001,0.3709677419354839,False,True
1.0,bin,13,0.2550499439239502,0.20709991455078125,0.30299997329711914,131060,CS(=O)(=O)NCCc1csc(-c2ccc(F)cc2)n1,2.0408999999999997,CCNC(=O)NCCc1csc(-c2ccccc2)n1,True,2.6717000000000004,0.6308000000000007,0.4528301886792453,False,True
1.0,bin,13,0.2550499439239502,0.20709991455078125,0.30299997329711914,131949,CCc1c(C)nc(SCC(=O)NC(C)C)[nH]c1=O,1.25742,Cc1nc(SCC(=O)NCC(C)C)[nH]c(=O)c1C,True,1.25104,-0.006380000000000052,0.54,False,True
1.0,bin,13,0.2550499439239502,0.20709991455078125,0.30299997329711914,158879,COc1ccc(CC(=O)OCC(=O)c2c[nH]c3ccccc23)cc1,3.145100000000001,O=C(CC(=O)c1ccc(F)cc1F)Cc1c[nH]c2ccccc12,True,3.830700000000002,0.6856000000000009,0.328125,False,True
1.0,bin,13,0.2550499439239502,0.20709991455078125,0.30299997329711914,232056,COCCNC(=O)c1cc(=O)c2cc(C)ccc2o1,1.4776199999999993,CCOCCNC(=O)NCc1cc(=O)c2cc(C)ccc2o1,True,1.9371199999999995,0.45950000000000024,0.5357142857142857,False,True
1.0,bin,13,0.2550499439239502,0.20709991455078125,0.30299997329711914,235788,O=C(Cn1nc(-c2ccco2)oc1=O)NCC(F)(F)F,0.7747999999999999,CCC(C)C(=O)NCCn1nc(-c2ccco2)oc1=O,True,1.2586000000000002,0.48380000000000023,0.5423728813559322,False,True
1.0,bin,13,0.2550499439239502,0.20709991455078125,0.30299997329711914,236081,CC(=O)c1c(C)[nH]c(C(=O)CSc2nc(C(C)C)n[nH]2)c1C,3.0506400000000014,Cc1n[nH]c(SCC(=O)c2[nH]c(C(F)(F)F)cc2C)n1,True,2.7434400000000005,-0.3072000000000008,0.39344262295081966,False,True
1.0,bin,13,0.2550499439239502,0.20709991455078125,0.30299997329711914,281081,O=C(Cn1cccn1)NCc1cccnc1Oc1ccc(F)cc1F,2.665000000000001,C=C(NC(=O)CNc1cccnc1OC=CC=CC=N)c1ccccc1F,True,3.517970000000002,0.8529700000000009,0.24705882352941178,False,True
1.0,bin,13,0.2550499439239502,0.20709991455078125,0.30299997329711914,284170,COc1ccc(-c2nc(CC(=O)Nc3cccc(C)n3)cs2)cc1,3.7033200000000024,Cc1ccc(NC(=O)Cc2csc(-c3ccc(F)c(F)c3)n2)nc1,True,3.972920000000002,0.2695999999999996,0.484375,False,True
1.0,bin,13,0.2550499439239502,0.20709991455078125,0.30299997329711914,288369,Cc1ccc(NCc2nnc3n2CCCCC3)cc1C,3.2334400000000016,Fc1cccc(Br)c1NCc1nnc2n1CCCC2,True,3.1281000000000008,-0.10534000000000088,0.4909090909090909,False,True
1.0,bin,13,0.2550499439239502,0.20709991455078125,0.30299997329711914,302889,COc1ccc(OC)c(NC(=O)CCNC(=O)c2cccs2)c1,2.5239000000000003,C#Cc1cccc(NC(=O)CCNC(=O)c2cccs2)c1,True,2.4880000000000004,-0.03589999999999982,0.5084745762711864,False,True
1.0,bin,13,0.2550499439239502,0.20709991455078125,0.30299997329711914,327141,COc1ccc(OC)c(S(=O)(=O)Nc2ccn(C)n2)c1,1.2381,Cn1ccc(NS(=O)(=O)c2ccc(F)cc2)n1,True,1.3599999999999999,0.1218999999999999,0.4791666666666667,False,False
1.0,bin,13,0.2550499439239502,0.20709991455078125,0.30299997329711914,327382,CNC(=O)C1CN(C(=O)c2c(C)noc2C)c2ccccc2O1,1.4452399999999996,CNC(=O)C1CN2CC=CC=C(CCCc3onc(C)c3C2=O)O1,True,1.3464199999999997,-0.09881999999999991,0.3698630136986301,False,True
1.0,bin,13,0.2550499439239502,0.20709991455078125,0.30299997329711914,406491,COCCNC(=O)C1CCCN(S(=O)(=O)N2CCOCC2)C1,-0.9619999999999964,CC(C#N)NC(=O)C1CCN(S(=O)(=O)N2CCOCC2)CC1,True,-0.696319999999998,0.26567999999999836,0.4067796610169492,False,True
1.0,bin,13,0.2550499439239502,0.20709991455078125,0.30299997329711914,413951,O=C(Cn1ncn2cccc2c1=O)N1CCCCCC1,0.8985999999999996,CCOC1CCCN(C(=O)CN2CC=CC=CN(C)C=N2)OC1,True,1.2061,0.30750000000000033,0.15,False,True
1.0,bin,13,0.2550499439239502,0.20709991455078125,0.30299997329711914,427929,CCNc1nc(NCc2ccccc2Cl)c2cnn(C)c2n1,3.060600000000001,CCCNc1nc(NCc2ccccc2)c2cnn(CC)c2n1,True,3.2802000000000016,0.21960000000000068,0.45,False,True
1.0,bin,13,0.2550499439239502,0.20709991455078125,0.30299997329711914,447130,CCC(NC(=O)C1CCN(C(=O)C2CC2)CC1)c1ccc(C)cc1,3.2109200000000016,CC(C)C(NC(=O)C1CCN(C(=O)C2CC2)CC1)c1ccc(F)cc1,True,3.287600000000002,0.07668000000000053,0.5471698113207547,False,True
1.0,bin,13,0.2550499439239502,0.20709991455078125,0.30299997329711914,481908,CCNS(=O)(=O)c1ccc(C)c(C(=O)Nc2ncccc2C)c1,2.24894,CNS(=O)(=O)c1ccc(C(=O)Nc2ccc(Cl)cn2)c(C)c1,True,2.2038200000000003,-0.04511999999999983,0.38095238095238093,False,True
1.0,bin,13,0.2550499439239502,0.20709991455078125,0.30299997329711914,485220,Cc1nn(CC(=O)N2CCN(C)CC2)c(C)c1Br,1.03644,Cc1nn(CC(=O)N2CCN(C)CC2C)c(C)c1Br,True,1.42494,0.38850000000000007,0.6444444444444445,False,True
1.0,bin,13,0.2550499439239502,0.20709991455078125,0.30299997329711914,526363,Cc1nnc(SCC(=O)Nc2ccc(O)cc2)n(N)c1=O,0.09692,CC1=CC=C(NC(=O)CSc2nnc(C)c(=O)[nH]2)NC=C1,True,0.5862200000000001,0.48930000000000007,0.3181818181818182,False,True
1.0,bin,13,0.2550499439239502,0.20709991455078125,0.30299997329711914,536853,COc1ccc(C2CCCN2C(=O)C2CCC2)c(OC)c1,3.1674000000000015,COc1ccc(C2CCCN2C(=O)C2CCC2)cc1Cl,True,3.8122000000000025,0.6448000000000009,0.5961538461538461,False,True
1.0,bin,13,0.2550499439239502,0.20709991455078125,0.30299997329711914,540312,Cc1nn(C)c2nc(C3CC3)cc(C(=O)NCC(=O)NC(C)(C)C)c12,1.7986199999999997,CCC(C)NC(=O)CN(C)C(=O)c1cc(C2CC2)nc2c1c(C)nn2C,True,2.1408199999999997,0.34220000000000006,0.5217391304347826,False,True
1.0,bin,13,0.2550499439239502,0.20709991455078125,0.30299997329711914,544381,Cc1nc(N2CCCC(C(=O)NC(C)C)C2)c2c(C)c(C)oc2n1,2.8890600000000006,CCN(CC)C(=O)CCCCNC1=NC(C)=NCOC(C)=C(C)C1,True,3.1033000000000017,0.2142400000000011,0.12195121951219512,False,True
1.0,bin,13,0.2550499439239502,0.20709991455078125,0.30299997329711914,544382,CCCNC(=O)C1CCCN(c2nc(C)nc3oc(C)c(C)c23)C1,2.8906600000000013,CC=NC1C=NC2OC(C)=C(C)C2=CC2CCCCN21,True,2.918700000000001,0.028039999999999843,0.14285714285714285,False,True
1.0,bin,13,0.2550499439239502,0.20709991455078125,0.30299997329711914,550049,Cc1ccc(C)c(OCC(=O)Nc2cccc(-n3cnnc3)c2)c1,2.9016400000000013,CCC1=CC=C(OCC(=O)Nc2cccc(C)c2-n2cnnc2CC)C1,True,3.717220000000003,0.8155800000000015,0.3333333333333333,False,True
1.0,bin,13,0.2550499439239502,0.20709991455078125,0.30299997329711914,573533,Cc1nn(-c2ncc(C(F)(F)F)cc2Cl)c(=O)o1,2.2011199999999995,C=C(C)ON=C(C)NC(Cl)=NC=CC(=O)OCC,True,2.1311999999999998,-0.06991999999999976,0.08450704225352113,False,True
1.0,bin,13,0.2550499439239502,0.20709991455078125,0.30299997329711914,582555,O=C(NCC(O)c1ccccc1)c1ccc2c(=O)n3c(nc2c1)CCC3,1.8061000000000003,CC1=CC=CCCNC(=O)c2ccc3c(=O)n4c(nc3c2)CCC4=C1,True,2.819600000000001,1.013500000000001,0.23809523809523808,False,True
1.0,bin,13,0.2550499439239502,0.20709991455078125,0.30299997329711914,588547,Cc1n[nH]c(C)c1NC(=O)CCc1ccc(Cl)cc1Cl,3.9046400000000023,CCCn1cc(NC(=O)CCc2ccc(C(C)C)cc2)c(C)n1,True,4.2962200000000035,0.39158000000000115,0.27941176470588236,False,True
1.0,bin,13,0.2550499439239502,0.20709991455078125,0.30299997329711914,607673,CCCN(CC1CC1)S(=O)(=O)c1ccccc1F,2.636400000000001,CCN(CC1CC1)S(=O)(=O)c1cc(F)cc(F)c1,True,2.3854000000000006,-0.25100000000000033,0.44680851063829785,False,True
1.0,bin,13,0.2550499439239502,0.20709991455078125,0.30299997329711914,617681,Cc1cc(C(=O)Nc2nc(-c3ccncc3)cs2)nn1C(C)C,3.5432200000000016,CC(S)=C(N=CNC(=O)C1=NNC(C)C1)c1ccncc1,True,1.5822000000000003,-1.9610200000000013,0.19230769230769232,False,True
1.0,bin,13,0.2550499439239502,0.20709991455078125,0.30299997329711914,650267,COc1ccc2oc(C(=O)NC3CCCCNC3=O)c(C)c2c1,2.14832,O=C(NC1CCCCNC1=O)C1=CCc2ccccc21,True,1.4109999999999991,-0.7373200000000009,0.4090909090909091,False,True
1.0,bin,13,0.2550499439239502,0.20709991455078125,0.30299997329711914,668639,Cc1cc(NC(=O)c2ccccc2Cl)ncc1N,2.8779200000000005,Nc1ccnc(NC(=O)c2c(Cl)cccc2Cl)c1,True,3.222900000000001,0.3449800000000005,0.4489795918367347,False,True
1.0,bin,13,0.2550499439239502,0.20709991455078125,0.30299997329711914,673160,CCC(=O)Nc1ccc2oc(C(F)(F)F)cc(=O)c2c1,3.160300000000001,CC(C)(C)C(=O)NC=C1C=c2oc(C(F)(F)F)cc(=O)c2=C1,True,1.2794,-1.8809000000000011,0.32786885245901637,False,True
1.0,bin,13,0.2550499439239502,0.20709991455078125,0.30299997329711914,711169,Cc1cccc(C(C)C)c1NC(=O)N(C)Cc1ccncc1,4.177320000000003,CC(C)CN(C)C(=O)Nc1cc(CN(C)c2ccccc2)ccn1,True,3.8377000000000026,-0.33962000000000003,0.359375,False,True
1.0,bin,13,0.2550499439239502,0.20709991455078125,0.30299997329711914,720969,Cc1noc(C)c1CCC(=O)OCC(=O)N1c2ccccc2CC1C,2.7450400000000013,Cc1noc(C)c1CCC(=O)OCC(=O)N1c2ccccc2CC1C,True,2.7450400000000013,0.0,1.0,True,False
1.0,bin,13,0.2550499439239502,0.20709991455078125,0.30299997329711914,730789,COC(=O)C1CCN(C(=O)c2cc3ccc(F)cc3nc2C)CC1,2.7075200000000006,COC(=O)C1CCCCN1C(=O)c1cc2ccc(F)cc2nc1C,True,2.8500200000000016,0.14250000000000096,0.6666666666666666,False,True
1.0,bin,13,0.2550499439239502,0.20709991455078125,0.30299997329711914,738178,Cc1ccc(-n2ccnc2SCc2nc(C3CC3)no2)cc1C,4.041840000000003,C1=CCC=CC(n2ccnc2SCc2nc(C3CC3)no2)=C1,True,3.7928000000000024,-0.24904000000000082,0.5737704918032787,False,True
1.0,bin,13,0.2550499439239502,0.20709991455078125,0.30299997329711914,771897,COc1ccccc1OCC(=O)N(C)Cc1sccc1C,3.102520000000002,Cc1ccsc1CN(C)C(=O)COc1cccc(Cl)c1,True,3.747320000000003,0.6448000000000009,0.6037735849056604,False,True
1.0,bin,13,0.2550499439239502,0.20709991455078125,0.30299997329711914,811446,COC(=O)C1(NC(=O)c2cc(Br)c[nH]2)CCCCCC1,2.7730000000000006,Cc1ccc(Br)cc1C(=O)NC1(C(N)=O)CCCCC1,True,2.6755200000000006,-0.09748000000000001,0.4074074074074074,False,True
1.0,bin,13,0.2550499439239502,0.20709991455078125,0.30299997329711914,848291,CCC(C)NC(=O)NCc1noc(-c2cccs2)n1,2.3958000000000004,CCCCN(C)C(=O)NCc1noc(-c2cccs2)n1,True,2.739600000000001,0.34380000000000077,0.5932203389830508,False,False
1.0,bin,13,0.2550499439239502,0.20709991455078125,0.30299997329711914,863440,COc1ccc(-c2nc(CCCO)cs2)cc1OC,2.752200000000001,COc1ccc(-c2nc(CC(C)O)cs2)c(F)c1,True,2.881100000000001,0.1288999999999998,0.3448275862068966,False,True
1.0,bin,13,0.2550499439239502,0.20709991455078125,0.30299997329711914,864663,N#Cc1ccc(-c2cc(F)ccc2F)nc1N1CCCC1,3.498680000000002,N#CC=C1C=C(N2CCCC2)N=C1c1ccccc1Br,True,3.6389800000000028,0.14030000000000076,0.234375,False,True
1.0,bin,13,0.2550499439239502,0.20709991455078125,0.30299997329711914,872100,CCc1cccc(C)c1NCC(O)c1ccc2c(c1)OCCO2,3.474120000000002,Cc1cc(C)c(NCC(O)c2ccc3c(c2)OCC(C)O3)c(C)c1,True,3.917060000000003,0.442940000000001,0.4915254237288136,False,True
1.0,bin,13,0.2550499439239502,0.20709991455078125,0.30299997329711914,886334,COc1ccc(C(=O)N2CCCC(C(=O)N3CCCCC3)C2)c(O)c1,2.2655000000000003,O=C(c1cccc(F)c1)N1CCCC(C(=O)N2CCCC2)C1,True,2.3003,0.03479999999999972,0.4909090909090909,False,False
1.0,bin,13,0.2550499439239502,0.20709991455078125,0.30299997329711914,887387,COCCNC(=O)N(Cc1cccc(F)c1)CC1CCCO1,2.1627,CC(=O)NC=C1C=CC(CN(CCC#N)C(=O)C2CCCO2)=C1,True,1.42388,-0.73882,0.25,False,True
1.0,bin,13,0.2550499439239502,0.20709991455078125,0.30299997329711914,889149,N#Cc1ccc(NC(=O)c2ccc(Br)cc2Cl)nc1,3.621480000000001,N#Cc1ccc(NC(=O)c2ccc(Cl)c(C(F)(F)F)c2)nc1,True,3.8777800000000013,0.2563000000000004,0.5454545454545454,False,True
1.0,bin,13,0.2550499439239502,0.20709991455078125,0.30299997329711914,913483,O=C(CNC(=O)NCCc1c(Cl)cccc1Cl)NC1CC1,2.1137000000000006,O=C(CNC(=O)NCCc1ccccc1C(F)(F)F)NC1CC1,True,1.8257,-0.2880000000000005,0.5686274509803921,False,True
1.0,bin,13,0.2550499439239502,0.20709991455078125,0.30299997329711914,917620,C=CCN(Cc1ccccc1OC)C(=O)c1csc(C)n1,3.288520000000002,CCN(Cc1cccc(C)c1)C(=O)C=C1N=CC(C(=O)NC(C)C)S1,True,2.8957200000000016,-0.39280000000000026,0.2073170731707317,False,True
1.0,bin,13,0.2550499439239502,0.20709991455078125,0.30299997329711914,918312,CCOc1ccc(Cl)c(C(=O)N2CCN(c3ncccn3)CC2)n1,1.8860999999999997,Cc1nc(C(F)F)cc(C(=O)N2CCN(c3ncccn3)CC2)c1C,True,2.388440000000001,0.5023400000000013,0.4032258064516129,False,True
1.0,bin,13,0.2550499439239502,0.20709991455078125,0.30299997329711914,922879,CC(=O)c1ccc(N2CCN(Cc3c(F)cccc3F)CC2)cc1,3.489600000000003,Oc1cccc(N2CCN(Cc3ccc(F)c(Cl)c3F)CC2)c1,True,3.6460000000000026,0.15639999999999965,0.39285714285714285,False,True
1.0,bin,13,0.2550499439239502,0.20709991455078125,0.30299997329711914,927535,COc1cc(CN2CCN(c3ccccc3F)CC2)ccc1O,2.862100000000002,CC(=O)Nc1ccccc1N1CCN(Cc2cccc(F)c2F)CC1,True,3.245400000000002,0.38329999999999975,0.3870967741935484,False,True
1.0,bin,13,0.2550499439239502,0.20709991455078125,0.30299997329711914,927567,Cc1ccccc1N1CCN(Cc2cccc(O)c2)CC1,3.022820000000001,CCOc1cc(CN2CCN(c3ccccc3)CC2)ccc1O,True,3.1131000000000024,0.09028000000000125,0.4074074074074074,False,False
1.0,bin,13,0.2550499439239502,0.20709991455078125,0.30299997329711914,938108,CC(c1ccccc1)N(C)C(=O)CCC(=O)Nc1nccs1,3.0814000000000012,CC(c1ccccc1)N(C)C(=O)CCC(=O)Nc1nccs1,True,3.0814000000000012,0.0,1.0,True,False
1.0,bin,13,0.2550499439239502,0.20709991455078125,0.30299997329711914,943303,CN(CCCOc1ccccc1)C(=O)Nc1cccc2c1OCCO2,3.390600000000002,Cc1ccccc1OCCCNC(=O)Nc1cccc2c1OCCO2,True,3.356820000000001,-0.03378000000000103,0.5079365079365079,False,True
1.0,bin,13,0.2550499439239502,0.20709991455078125,0.30299997329711914,946289,CC(NC(=O)C1(c2cc(-c3ccco3)on2)CC1)c1ccccc1,3.843600000000002,O=C(NCc1ccccc1Cl)C1(c2cc(-c3ccco3)on2)CC1,True,3.9360000000000026,0.09240000000000048,0.5833333333333334,False,False
1.0,bin,13,0.2550499439239502,0.20709991455078125,0.30299997329711914,994077,Cc1nnc(Cn2c(-c3cccc(Br)c3)noc2=O)o1,2.0055199999999997,O=c1onc(-c2ccccc2)n1CC1=NN=CCCC1,True,2.114,0.10848000000000013,0.3709677419354839,False,True
1.0,bin,13,0.2550499439239502,0.20709991455078125,0.30299997329711914,1065620,O=C(NCc1cccnc1Oc1ccccc1)c1cccnc1,3.198900000000002,O=C(NCc1cccnc1F)c1ccc(Oc2ccccc2)nc1,True,3.338000000000002,0.1391,0.5818181818181818,False,True
1.0,bin,13,0.2550499439239502,0.20709991455078125,0.30299997329711914,1093926,CN(C(=O)CNc1cccc(OCC2CCCO2)c1)c1ccccc1,3.319300000000002,CC(Oc1ccccc1)C(=O)Nc1cccc(OCC2CCCO2)c1,True,3.650400000000002,0.33110000000000017,0.59375,False,True
1.0,bin,13,0.2550499439239502,0.20709991455078125,0.30299997329711914,1107920,CCc1ccc(-n2cc(C(=O)NC(C)c3ccccc3)nn2)cc1,3.320700000000002,CC(NC(=O)c1cn(-c2ccccc2)nn1)c1ccc(F)c(Cl)c1,True,3.5508000000000015,0.2300999999999993,0.5862068965517241,False,True
1.0,bin,13,0.2550499439239502,0.20709991455078125,0.30299997329711914,1113130,CC(NC(=O)Cn1nnnc1C(C)(C)C)c1cccc2ccccc12,3.0012000000000016,CC(C)c1nnnn1CC(=O)N(C)C(C)c1cccc2ccccc12,True,3.1693000000000016,0.16809999999999992,0.4838709677419355,False,True
1.0,bin,13,0.2550499439239502,0.20709991455078125,0.30299997329711914,1121751,COC(=O)Cn1ccc(NS(=O)(=O)c2ccc(F)c(F)c2F)n1,1.2742,COCCn1ccc(NS(=O)(=O)C2=CC=CC(C)C2)n1,True,1.7510999999999999,0.4768999999999999,0.3582089552238806,False,True
1.0,bin,13,0.2550499439239502,0.20709991455078125,0.30299997329711914,1142531,CCOC(C)C(=O)NCCc1csc(-c2ccc(C)cc2)n1,3.2022200000000014,CCCSc1nc(-c2ccc(OCC(C)O)cc2)cs1,True,4.071800000000003,0.8695800000000018,0.2571428571428571,False,True
1.0,bin,13,0.2550499439239502,0.20709991455078125,0.30299997329711914,1212157,CN(Cc1ccc(F)c(F)c1)C(=O)c1cncc(-c2cnn(C)c2)c1,3.0325000000000015,CCc1ccc(CN(C)C(=O)c2cncc(-c3cnn(C)c3)c2)cc1,True,3.3167000000000018,0.28420000000000023,0.7547169811320755,False,True
1.0,bin,13,0.2550499439239502,0.20709991455078125,0.30299997329711914,1215394,CCn1nc(C)cc1C(=O)Oc1cccc(NC(=O)C(C)C)c1,3.025120000000001,CCn1nc(C)cc1C(=O)Oc1cccc(NC(C)=O)c1,True,2.3890200000000004,-0.6361000000000008,0.7843137254901961,False,True
1.0,bin,13,0.2550499439239502,0.20709991455078125,0.30299997329711914,1232922,CC(C)(C)OC(=O)NC1CCCN(S(=O)(=O)N2CCOCC2)C1,0.5525000000000011,CCOC(=O)NC1CCC(NS(=O)(=O)N2CCOC(C(C)C)C2)C1,True,0.8448000000000007,0.29229999999999956,0.3188405797101449,False,True
1.0,bin,13,0.2550499439239502,0.20709991455078125,0.30299997329711914,1238973,FC(F)(F)c1cnc(N2CCn3c(nnc3C3CC3)C2)c(Cl)c1,3.2429000000000023,CC1CC1c1nnc2n1CCN(c1cc(C(F)(F)F)ccn1)CC2,True,2.878000000000001,-0.36490000000000133,0.4153846153846154,False,True
1.0,bin,13,0.2550499439239502,0.20709991455078125,0.30299997329711914,1299495,Cc1cc(CC(=O)N2CCCC2C(C#N)c2ccccc2)no1,2.823900000000001,Cc1cc(CC(=O)N2CCCC2c2ccc(N(C)C)cc2)no1,True,2.9552200000000015,0.13132000000000055,0.5076923076923077,False,True
1.0,bin,13,0.2550499439239502,0.20709991455078125,0.30299997329711914,1309906,CC(C)CC(NC(=O)c1cc(=O)c2ccccc2o1)C(=O)OC(C)C,2.8891000000000018,CCCC(C)N(C)C(=O)c1cc(=O)c2cc(C)ccc2o1,True,3.362020000000002,0.47292000000000023,0.34375,False,True
1.0,bin,13,0.2550499439239502,0.20709991455078125,0.30299997329711914,1362816,COCc1cccc(C(=O)NC2CC2c2cccc(Cl)c2)c1,3.772300000000002,CC=C1C=CCC(C(=O)NC2CC2c2cccc(F)c2C)=C1C,True,4.328920000000004,0.5566200000000014,0.26666666666666666,False,True
1.0,bin,13,0.2550499439239502,0.20709991455078125,0.30299997329711914,1441838,COCC(=O)NC(C(=O)Nc1cccc(-c2nccs2)c1)C(C)C,2.5358,C#CCNC(=O)Nc1cccc(-c2nccs2)c1,True,2.564800000000001,0.029000000000000803,0.5409836065573771,False,True
1.0,bin,13,0.2550499439239502,0.20709991455078125,0.30299997329711914,1450449,CCCNC(=O)CSc1nc2c(cc1C#N)CCCC2,2.450380000000001,CC(=O)C(C)CSc1nc2c(cc1C(N)=O)CCC(C)C2,True,2.6225000000000014,0.1721200000000005,0.25675675675675674,False,True
1.0,bin,13,0.2550499439239502,0.20709991455078125,0.30299997329711914,1451910,O=S(=O)(NCc1nnc2ccccn12)c1ccc(F)c(F)c1,1.4859999999999995,CCc1ccccc1S(=O)(=O)NCc1nnc2ccccn12,True,1.7702,0.28420000000000045,0.5769230769230769,False,True
1.0,bin,13,0.2550499439239502,0.20709991455078125,0.30299997329711914,1479798,Cc1nc(C)c(CCC(=O)N(CC(C)C)CC(F)(F)F)c(=O)[nH]1,2.3662400000000003,Cc1nc(C)c(CCC(=O)N(CC(C)C)CC(F)(F)F)c(=O)[nH]1,True,2.3662400000000003,0.0,1.0,True,False
1.0,bin,13,0.2550499439239502,0.20709991455078125,0.30299997329711914,1507926,COC(=O)C(C)NC(=O)Cc1csc(-c2ccccc2Cl)n1,2.6837,CCOC(=O)CNC(=O)Cc1csc(-c2ccccc2Cl)n1,True,2.6853000000000007,0.001600000000000712,0.625,False,True
1.0,bin,13,0.2550499439239502,0.20709991455078125,0.30299997329711914,1527882,Nc1ncccc1C(=O)Nc1ccc2cn[nH]c2c1,1.7923999999999998,CCn1ncc2ccc(NC(=O)c3cccnc3N)cc21,True,2.2857000000000003,0.4933000000000005,0.5614035087719298,False,True
1.0,bin,13,0.2550499439239502,0.20709991455078125,0.30299997329711914,1532848,COc1ccc(-c2ccc3c(=O)[nH]cnc3c2)cc1Cl,3.2521000000000013,COc1c(Cl)cccc1-c1ccc2nc[nH]c(=O)c2c1,True,3.2521000000000013,0.0,0.5094339622641509,False,True
1.0,bin,13,0.2550499439239502,0.20709991455078125,0.30299997329711914,1548351,COc1cc(OC)c2c(c1)C(c1cnccn1)NCC2,1.7288999999999999,COc1cc2c(c(F)c1F)C(c1cnccn1)NCC2,True,1.9984999999999995,0.2695999999999996,0.5370370370370371,False,True
1.0,bin,13,0.2550499439239502,0.20709991455078125,0.30299997329711914,1570134,COc1cccc(C(C)N2CCN(C(=O)c3ccc(O)cc3)CC2)c1,2.9198000000000013,CC(c1ccc(Cl)cc1)N1CCN(C(=O)c2ccc(O)cc2)CC1,True,3.564600000000002,0.6448000000000009,0.6,False,True
1.0,bin,13,0.2550499439239502,0.20709991455078125,0.30299997329711914,1611406,CC(C)(C)N1CC(NC(=O)C2COc3ccc(F)cc3C2)CC1=O,1.8923999999999994,CC(C)(C)N1CC(C(=O)NC2COc3ccccc3C2)CC1=O,True,1.7532999999999992,-0.13910000000000022,0.5737704918032787,False,True
1.0,bin,13,0.2550499439239502,0.20709991455078125,0.30299997329711914,1612684,CCCC1CN(C(=O)Nc2ccn(CCC(C)C)n2)CCO1,2.9620000000000015,CCCCn1ccc(NC(=O)N2CCOC(CCC)C2)n1,True,2.716000000000001,-0.24600000000000044,0.8181818181818182,False,True
1.0,bin,13,0.2550499439239502,0.20709991455078125,0.30299997329711914,1639675,CCC(CC)c1nnc(NC(=O)c2scnc2C2CC2)s1,4.0279000000000025,CC(C)(C)Cc1nnc(NC(=O)c2scnc2C2CC2)s1,True,3.712900000000003,-0.3149999999999995,0.660377358490566,False,True
1.0,bin,13,0.2550499439239502,0.20709991455078125,0.30299997329711914,1675660,COc1ccnc(NC(=O)c2cccc(Cl)c2)c1,2.9959000000000007,COc1c(Cl)cccc1C(=O)Nc1cc(C)ccn1,True,3.3043200000000006,0.3084199999999999,0.48148148148148145,False,True
1.0,bin,13,0.2550499439239502,0.20709991455078125,0.30299997329711914,1689728,CCc1noc(CSc2ncnc3sc(C)cc23)n1,3.237420000000002,Cc1cc2c(SCC3CCC=NO3)ncnc2s1,True,3.2566200000000016,0.019199999999999662,0.45,False,True
1.0,bin,13,0.2550499439239502,0.20709991455078125,0.30299997329711914,1720876,CC(C)(C)CC(=O)NCC(=O)Nc1ccc2c(c1)COC2,2.2077,CCNC(=O)CCCC(=O)Nc1ccc2c(c1)COC2,True,1.9616999999999996,-0.24600000000000044,0.5714285714285714,False,False
1.0,bin,13,0.2550499439239502,0.20709991455078125,0.30299997329711914,1757109,CC(C)Cc1ncc(CNc2ccc3c(c2)COC3)s1,3.983900000000003,FC(F)CCc1cnc(CNc2ccc3c(c2)COC3)s1,True,3.983100000000003,-0.0007999999999999119,0.6226415094339622,False,True
1.0,bin,13,0.2550499439239502,0.20709991455078125,0.30299997329711914,1774061,O=C1NCCCc2[nH]c(-c3cccc4[nH]ccc34)nc21,2.234,CC1CNC2(C=Nc3cc(-c4ccc[nH]4)[nH]c32)C=C1N,True,2.0029,-0.23110000000000008,0.12658227848101267,False,True
1.0,bin,13,0.2550499439239502,0.20709991455078125,0.30299997329711914,1800687,Cc1nn(C)c(-c2nc(-c3cccnn3)no2)c1Cl,1.8889199999999997,CC=NOC(=CCl)c1ccc(-c2nc(C)nn2C)nn1,True,2.14002,0.2511000000000001,0.2,False,True
1.0,bin,13,0.2550499439239502,0.20709991455078125,0.30299997329711914,1815867,FC(F)(F)c1ccc(CN2CCOCC2c2ncon2)cc1,2.661900000000001,Clc1ccc(CN2CCOCC2c2ncon2)cc1Cl,True,2.9499000000000013,0.28800000000000026,0.7058823529411765,False,True
1.0,bin,13,0.2550499439239502,0.20709991455078125,0.30299997329711914,1828580,Cc1ccc(N2CC3OCC(=O)N(Cc4cccc(F)c4)C3C2)nn1,1.54032,COc1ccc(N2CC3OCC(=O)NC(c4cccc(C)c4)C3C2)nn1,True,1.4861199999999999,-0.054200000000000026,0.35443037974683544,False,True
1.0,bin,13,0.2550499439239502,0.20709991455078125,0.30299997329711914,1836183,CCc1ccc(C(=O)NCc2nccc(N(C)C)n2)cc1,2.035,Cc1cc(C)nc(CNC(=O)c2cccc(C)c2F)n1,True,2.4709600000000007,0.43596000000000057,0.2833333333333333,False,True
1.0,bin,13,0.2550499439239502,0.20709991455078125,0.30299997329711914,1842499,COc1ccccc1COc1ccccc1-c1cnn(CCO)c1,3.1300000000000017,Cc1c(C2=CC=COC2)cnn1Cc1ccccc1,True,3.1671200000000015,0.03711999999999982,0.17142857142857143,False,True
1.0,bin,13,0.2550499439239502,0.20709991455078125,0.30299997329711914,1865564,COC(CNC(=O)c1ccoc1)c1cccc(F)c1,2.536200000000001,O=C(NCCc1cccc(Cl)c1)c1ccoc1,True,2.905500000000001,0.36929999999999996,0.41379310344827586,False,True
1.0,bin,13,0.2550499439239502,0.20709991455078125,0.30299997329711914,1868773,CCCOc1ccc(Cl)c2c1CCNC2C1CC(=O)C1,3.2947000000000015,O=CCCC1NCCc2cc(Cl)cc(Cl)c21,True,3.1593000000000018,-0.13539999999999974,0.23076923076923078,False,True
1.0,bin,13,0.2550499439239502,0.20709991455078125,0.30299997329711914,1873123,CCC1OC(=O)c2c(OC)ccc(Br)c21,3.079200000000002,COc1cc(Cl)cc2c1OC(C)(C)C(=O)O2,True,2.425,-0.6542000000000021,0.2222222222222222,False,True
1.0,bin,13,0.2550499439239502,0.20709991455078125,0.30299997329711914,1875028,Cc1cccc(C)c1NCC(=O)N1CCCC2CCCCC21,3.8965400000000034,O=C(CNc1ccc(Br)cc1)N1CCCC12CCCC2,True,3.7962000000000033,-0.1003400000000001,0.2711864406779661,False,True
1.0,bin,13,0.2550499439239502,0.20709991455078125,0.30299997329711914,1895921,CCC(CC)N(C)C(=O)CC1OC(=O)c2ccccc21,2.935200000000002,CCCC(=O)N(CC)CCC1OC(=O)c2ccccc21,True,2.9368000000000016,0.0015999999999998238,0.5,False,True
1.0,bin,13,0.2550499439239502,0.20709991455078125,0.30299997329711914,1907077,Cc1ccc2[nH]nc(C(=O)Nc3nc(-c4ccco4)cs3)c2c1,3.8401200000000015,C=S1C=C(C#N)N=C1NC(=O)C1(C)CC2=CC=CC(=CC=C2)C=NN1,True,2.25468,-1.5854400000000015,0.12631578947368421,False,True
1.0,bin,13,0.2550499439239502,0.20709991455078125,0.30299997329711914,1913063,Cc1nn(C)c(C)c1CN(C(=O)c1cn2cccc(C)c2n1)C1CC1,2.797860000000001,CCNC=C1CC(C=N)CN(C(=O)C=Cn2cc(-c3cc(C)c[nH]3)cn2)C1,True,2.64879,-0.14907000000000092,0.14,False,True
1.0,bin,13,0.2550499439239502,0.20709991455078125,0.30299997329711914,1922265,CN(CCNC(=O)c1ccc2c(c1)ncn2C)c1ccccc1,2.4395000000000007,CCOc1ccccc1C(=O)NCCNC(=O)c1ccc2c(c1)ncn2C,True,2.1318,-0.30770000000000053,0.5932203389830508,False,True
1.0,bin,14,0.34654998779296875,0.30299997329711914,0.39010000228881836,32052,COc1ccccc1CNC(=O)Cc1c[nH]c2ccccc12,3.035400000000001,COc1ccccc1CNC(=O)Cc1c[nH]c2ccc(C)cc12,True,3.343820000000002,0.3084200000000008,0.7708333333333334,False,True
1.0,bin,14,0.34654998779296875,0.30299997329711914,0.39010000228881836,116747,COCCSc1ccccc1C(=O)Nc1cccc(C)n1,3.3808200000000017,COCc1ccc(Cl)cc1C(=O)Nc1cccc(C)n1,True,3.442120000000001,0.061299999999999244,0.5178571428571429,False,True
1.0,bin,14,0.34654998779296875,0.30299997329711914,0.39010000228881836,131060,CS(=O)(=O)NCCc1csc(-c2ccc(F)cc2)n1,2.0408999999999997,CCCS(=O)(=O)NCCc1csc(-c2ccc(F)cc2)n1,True,2.8211000000000013,0.7802000000000016,0.7555555555555555,False,False
1.0,bin,14,0.34654998779296875,0.30299997329711914,0.39010000228881836,131949,CCc1c(C)nc(SCC(=O)NC(C)C)[nH]c1=O,1.25742,Cc1nc(C(C)(C)C)c(SCC(=O)NC(C)(C)C)c(=O)[nH]1,True,2.38262,1.1252000000000002,0.3333333333333333,False,True
1.0,bin,14,0.34654998779296875,0.30299997329711914,0.39010000228881836,158879,COc1ccc(CC(=O)OCC(=O)c2c[nH]c3ccccc23)cc1,3.145100000000001,COc1ccccc1CC(=O)OCC(=O)c1c[nH]c2cccc(F)c12,True,3.284200000000001,0.1391,0.4918032786885246,False,True
1.0,bin,14,0.34654998779296875,0.30299997329711914,0.39010000228881836,232056,COCCNC(=O)c1cc(=O)c2cc(C)ccc2o1,1.4776199999999993,CCCOC(=O)C(C)NC(=O)c1cc(=O)c2ccccc2o1,True,1.8644999999999998,0.38688000000000056,0.43103448275862066,False,True
1.0,bin,14,0.34654998779296875,0.30299997329711914,0.39010000228881836,235788,O=C(Cn1nc(-c2ccco2)oc1=O)NCC(F)(F)F,0.7747999999999999,CCC(CC)NC(=O)Cn1nc(-c2ccco2)oc1=O,True,1.4010999999999998,0.6262999999999999,0.6296296296296297,False,True
1.0,bin,14,0.34654998779296875,0.30299997329711914,0.39010000228881836,236081,CC(=O)c1c(C)[nH]c(C(=O)CSc2nc(C(C)C)n[nH]2)c1C,3.0506400000000014,CC(=O)c1c(C)[nH]c(C(=O)CSc2nc(C(C)C)n[nH]2)c1C,True,3.0506400000000014,0.0,1.0,True,False
1.0,bin,14,0.34654998779296875,0.30299997329711914,0.39010000228881836,281081,O=C(Cn1cccn1)NCc1cccnc1Oc1ccc(F)cc1F,2.665000000000001,Cc1ccc(Oc2ncccc2CNC(=O)Cn2cc(C)cn2)cc1,True,3.0036400000000008,0.33863999999999983,0.5151515151515151,False,True
1.0,bin,14,0.34654998779296875,0.30299997329711914,0.39010000228881836,284170,COc1ccc(-c2nc(CC(=O)Nc3cccc(C)n3)cs2)cc1,3.7033200000000024,Cc1cccc(-c2nc(CC(=O)Nc3ncccc3C)cs2)c1,True,4.003140000000003,0.2998200000000004,0.46875,False,True
1.0,bin,14,0.34654998779296875,0.30299997329711914,0.39010000228881836,288369,Cc1ccc(NCc2nnc3n2CCCCC3)cc1C,3.2334400000000016,C=C1CCCCn2c(CNCC=CC=CBr)nnc21,True,3.029600000000001,-0.20384000000000047,0.30158730158730157,False,True
1.0,bin,14,0.34654998779296875,0.30299997329711914,0.39010000228881836,302889,COc1ccc(OC)c(NC(=O)CCNC(=O)c2cccs2)c1,2.5239000000000003,O=C(CCNC(=O)c1cccs1)Nc1ccc(F)cc1F,True,2.7849000000000004,0.2610000000000001,0.5714285714285714,False,False
1.0,bin,14,0.34654998779296875,0.30299997329711914,0.39010000228881836,327141,COc1ccc(OC)c(S(=O)(=O)Nc2ccn(C)n2)c1,1.2381,CCC(=CC=CC(C)=O)S(=O)(=O)Nc1ccn(C)n1,True,1.6009,0.3628,0.3559322033898305,False,True
1.0,bin,14,0.34654998779296875,0.30299997329711914,0.39010000228881836,327382,CNC(=O)C1CN(C(=O)c2c(C)noc2C)c2ccccc2O1,1.4452399999999996,CCOC(=O)C(C)=NOCC(=O)N1CC(C)Oc2ccccc21,True,1.7560999999999996,0.3108599999999999,0.323943661971831,False,True
1.0,bin,14,0.34654998779296875,0.30299997329711914,0.39010000228881836,406491,COCCNC(=O)C1CCCN(S(=O)(=O)N2CCOCC2)C1,-0.9619999999999964,CC1CN(S(=O)(=O)N2CCCC(C(=O)N(C)C)C2)C(C)CO1,True,0.1406000000000014,1.1025999999999978,0.34375,False,True
1.0,bin,14,0.34654998779296875,0.30299997329711914,0.39010000228881836,413951,O=C(Cn1ncn2cccc2c1=O)N1CCCCCC1,0.8985999999999996,CC(C(=O)NN1CCCCC1)n1nc2ccccn2c1=O,True,0.5740999999999994,-0.32450000000000023,0.26153846153846155,False,True
1.0,bin,14,0.34654998779296875,0.30299997329711914,0.39010000228881836,427929,CCNc1nc(NCc2ccccc2Cl)c2cnn(C)c2n1,3.060600000000001,Cc1nc(NCc2ccc(C(F)(F)F)cc2)c2cnn(C)c2n1,True,3.302620000000002,0.242020000000001,0.4098360655737705,False,True
1.0,bin,14,0.34654998779296875,0.30299997329711914,0.39010000228881836,447130,CCC(NC(=O)C1CCN(C(=O)C2CC2)CC1)c1ccc(C)cc1,3.2109200000000016,CCC1(C)CC1C(=O)N(C)CCCC(=O)NC(C)c1ccccc1,True,3.5386000000000024,0.32768000000000086,0.20270270270270271,False,True
1.0,bin,14,0.34654998779296875,0.30299997329711914,0.39010000228881836,481908,CCNS(=O)(=O)c1ccc(C)c(C(=O)Nc2ncccc2C)c1,2.24894,CCOc1ccc(F)c(C(=O)Nc2ncccc2OCC#N)c1F,True,2.9131800000000005,0.6642400000000004,0.2916666666666667,False,True
1.0,bin,14,0.34654998779296875,0.30299997329711914,0.39010000228881836,485220,Cc1nn(CC(=O)N2CCN(C)CC2)c(C)c1Br,1.03644,Cc1cc(C(F)(F)F)nn1CC(=O)N1CCN(C)CC1C,True,1.3728199999999997,0.3363799999999997,0.3220338983050847,False,True
1.0,bin,14,0.34654998779296875,0.30299997329711914,0.39010000228881836,526363,Cc1nnc(SCC(=O)Nc2ccc(O)cc2)n(N)c1=O,0.09692,Cc1nnc(SCC(=O)Nc2c(F)cccc2F)n(N)c1=O,True,0.6695199999999999,0.5725999999999999,0.6538461538461539,False,False
1.0,bin,14,0.34654998779296875,0.30299997329711914,0.39010000228881836,536853,COc1ccc(C2CCCN2C(=O)C2CCC2)c(OC)c1,3.1674000000000015,O=C(C1CCC1)C1CCCN1c1ccc(Cl)cc1,True,3.6780000000000026,0.510600000000001,0.27586206896551724,False,True
1.0,bin,14,0.34654998779296875,0.30299997329711914,0.39010000228881836,540312,Cc1nn(C)c2nc(C3CC3)cc(C(=O)NCC(=O)NC(C)(C)C)c12,1.7986199999999997,CCCCNC(=O)Cc1cc(C2CC2)nc2c1c(C)nn2C,True,2.612920000000001,0.8143000000000011,0.5230769230769231,False,True
1.0,bin,14,0.34654998779296875,0.30299997329711914,0.39010000228881836,544381,Cc1nc(N2CCCC(C(=O)NC(C)C)C2)c2c(C)c(C)oc2n1,2.8890600000000006,CCCCNC(=O)CCCCNC1=NC(C)=NCOC(C)=C(C)C1,True,3.151200000000002,0.26214000000000137,0.11904761904761904,False,True
1.0,bin,14,0.34654998779296875,0.30299997329711914,0.39010000228881836,544382,CCCNC(=O)C1CCCN(c2nc(C)nc3oc(C)c(C)c23)C1,2.8906600000000013,Cc1oc2c(c1C)=C(N1CCCC1)N=CCC=2C(=O)NCC(C)C,True,1.4553399999999992,-1.4353200000000021,0.2692307692307692,False,True
1.0,bin,14,0.34654998779296875,0.30299997329711914,0.39010000228881836,550049,Cc1ccc(C)c(OCC(=O)Nc2cccc(-n3cnnc3)c2)c1,2.9016400000000013,CCC(NC(=O)COc1cccc(-n2cnnc2)c1)c1ccc(F)cc1,True,3.0527000000000015,0.1510600000000002,0.417910447761194,False,True
1.0,bin,14,0.34654998779296875,0.30299997329711914,0.39010000228881836,573533,Cc1nn(-c2ncc(C(F)(F)F)cc2Cl)c(=O)o1,2.2011199999999995,Cc1nn(-c2ncc(C(F)(F)F)cc2Cl)c(=O)o1,True,2.2011199999999995,0.0,1.0,True,False
1.0,bin,14,0.34654998779296875,0.30299997329711914,0.39010000228881836,582555,O=C(NCC(O)c1ccccc1)c1ccc2c(=O)n3c(nc2c1)CCC3,1.8061000000000003,C=CC1CCc2nc3cc(C(=O)NCCC4=CC=CC4)ccc3c(=O)n21,True,3.0760000000000014,1.2699000000000011,0.36585365853658536,False,True
1.0,bin,14,0.34654998779296875,0.30299997329711914,0.39010000228881836,588547,Cc1n[nH]c(C)c1NC(=O)CCc1ccc(Cl)cc1Cl,3.9046400000000023,Cc1n[nH]c(C)c1NC(=O)CC(C)c1ccc(Cl)cc1,True,3.812240000000002,-0.09240000000000048,0.5471698113207547,False,True
1.0,bin,14,0.34654998779296875,0.30299997329711914,0.39010000228881836,607673,CCCN(CC1CC1)S(=O)(=O)c1ccccc1F,2.636400000000001,CC(C)CN(CC1CC1)S(=O)(=O)c1c(F)cccc1F,True,3.0215000000000014,0.38510000000000044,0.5652173913043478,False,True
1.0,bin,14,0.34654998779296875,0.30299997329711914,0.39010000228881836,617681,Cc1cc(C(=O)Nc2nc(-c3ccncc3)cs2)nn1C(C)C,3.5432200000000016,Cc1csc(NC(=O)c2cc(C(C)C)n(-c3ccncc3)n2)n1,True,3.4079200000000016,-0.13529999999999998,0.5245901639344263,False,True
1.0,bin,14,0.34654998779296875,0.30299997329711914,0.39010000228881836,650267,COc1ccc2oc(C(=O)NC3CCCCNC3=O)c(C)c2c1,2.14832,CCOC=CC=C1CC=C(C(=O)NC2CCC(C)(C)NC2)OC1,True,2.4140000000000006,0.2656800000000006,0.17777777777777778,False,True
1.0,bin,14,0.34654998779296875,0.30299997329711914,0.39010000228881836,668639,Cc1cc(NC(=O)c2ccccc2Cl)ncc1N,2.8779200000000005,CC1=CC=CCC1(N)C(=O)Nc1cc(Cl)ccn1,True,2.2771999999999997,-0.6007200000000008,0.3064516129032258,False,True
1.0,bin,14,0.34654998779296875,0.30299997329711914,0.39010000228881836,673160,CCC(=O)Nc1ccc2oc(C(F)(F)F)cc(=O)c2c1,3.160300000000001,CCN(CC)C(=O)c1cc(=O)c2cc(C(F)(F)F)ccc2o1,True,3.293800000000002,0.13350000000000062,0.45454545454545453,False,True
1.0,bin,14,0.34654998779296875,0.30299997329711914,0.39010000228881836,711169,Cc1cccc(C(C)C)c1NC(=O)N(C)Cc1ccncc1,4.177320000000003,CC(=O)c1ccc(NC(=O)N(Cc2ccncc2)C(C)C)cc1C,True,4.035120000000004,-0.142199999999999,0.4166666666666667,False,True
1.0,bin,14,0.34654998779296875,0.30299997329711914,0.39010000228881836,720969,Cc1noc(C)c1CCC(=O)OCC(=O)N1c2ccccc2CC1C,2.7450400000000013,Cc1noc(C)c1CCC(=O)OC(C)C(=O)N1c2ccccc2CC1C,True,3.1335400000000018,0.3885000000000005,0.7096774193548387,False,True
1.0,bin,14,0.34654998779296875,0.30299997329711914,0.39010000228881836,730789,COC(=O)C1CCN(C(=O)c2cc3ccc(F)cc3nc2C)CC1,2.7075200000000006,Cc1nc2c(F)cccc2cc1C(=O)N1CCC(C)(O)CC1,True,2.669320000000001,-0.03819999999999979,0.390625,False,True
1.0,bin,14,0.34654998779296875,0.30299997329711914,0.39010000228881836,738178,Cc1ccc(-n2ccnc2SCc2nc(C3CC3)no2)cc1C,4.041840000000003,C1=CC=C(n2ccnc2SCc2nc(C3CC3)no2)CC=C1,True,3.7928000000000024,-0.24904000000000082,0.6101694915254238,False,True
1.0,bin,14,0.34654998779296875,0.30299997329711914,0.39010000228881836,771897,COc1ccccc1OCC(=O)N(C)Cc1sccc1C,3.102520000000002,Cc1ccsc1CN(C)C(=O)COc1ccc(F)cc1F,True,3.3721200000000024,0.2696000000000005,0.6666666666666666,False,False
1.0,bin,14,0.34654998779296875,0.30299997329711914,0.39010000228881836,811446,COC(=O)C1(NC(=O)c2cc(Br)c[nH]2)CCCCCC1,2.7730000000000006,CCCCC(NC(=O)c1cc(Br)cn1CC)C(=O)OC,True,2.732100000000001,-0.040899999999999714,0.23076923076923078,False,True
1.0,bin,14,0.34654998779296875,0.30299997329711914,0.39010000228881836,848291,CCC(C)NC(=O)NCc1noc(-c2cccs2)n1,2.3958000000000004,CC(C)(C)NC(=O)NCc1noc(-c2cccs2)n1,True,2.3958000000000004,0.0,0.6792452830188679,False,True
1.0,bin,14,0.34654998779296875,0.30299997329711914,0.39010000228881836,863440,COc1ccc(-c2nc(CCCO)cs2)cc1OC,2.752200000000001,CCOC=CC=C(COCC)C1=NC(CCCO)=C[SH]1C,True,3.156500000000002,0.404300000000001,0.18571428571428572,False,True
1.0,bin,14,0.34654998779296875,0.30299997329711914,0.39010000228881836,864663,N#Cc1ccc(-c2cc(F)ccc2F)nc1N1CCCC1,3.498680000000002,N#Cc1cc(-c2cccc(Cl)c2)ccc1N1CCCC1,True,4.478880000000003,0.9802000000000008,0.32727272727272727,False,True
1.0,bin,14,0.34654998779296875,0.30299997329711914,0.39010000228881836,872100,CCc1cccc(C)c1NCC(O)c1ccc2c(c1)OCCO2,3.474120000000002,OC(F)CNc1ccccc1C(F)F,True,2.324,-1.150120000000002,0.1864406779661017,False,True
1.0,bin,14,0.34654998779296875,0.30299997329711914,0.39010000228881836,886334,COc1ccc(C(=O)N2CCCC(C(=O)N3CCCCC3)C2)c(O)c1,2.2655000000000003,CCOc1ccc(C(=O)N2CCCC(C(=O)N3CCCCC3)C2)cc1,True,2.950000000000001,0.6845000000000008,0.5555555555555556,False,True
1.0,bin,14,0.34654998779296875,0.30299997329711914,0.39010000228881836,887387,COCCNC(=O)N(Cc1cccc(F)c1)CC1CCCO1,2.1627,COCCN(Cc1ccc(C#N)cc1)C(=O)NCC1CCCO1,True,1.8952799999999999,-0.2674200000000002,0.4857142857142857,False,True
1.0,bin,14,0.34654998779296875,0.30299997329711914,0.39010000228881836,889149,N#Cc1ccc(NC(=O)c2ccc(Br)cc2Cl)nc1,3.621480000000001,N#Cc1ccnc(NC(=O)c2cc(Cl)ccc2Cl)c1,True,3.512380000000001,-0.10909999999999975,0.46296296296296297,False,True
1.0,bin,14,0.34654998779296875,0.30299997329711914,0.39010000228881836,913483,O=C(CNC(=O)NCCc1c(Cl)cccc1Cl)NC1CC1,2.1137000000000006,CC(C)C1=CC=C(CCNC(=O)NCC(=O)NC2CC2C)CC=C1,True,2.6690000000000005,0.5552999999999999,0.34375,False,True
1.0,bin,14,0.34654998779296875,0.30299997329711914,0.39010000228881836,917620,C=CCN(Cc1ccccc1OC)C(=O)c1csc(C)n1,3.288520000000002,CCCCN(Cc1cccc(OC)c1)C(=O)c1csc(CC)n1,True,4.156600000000004,0.8680800000000017,0.3380281690140845,False,True
1.0,bin,14,0.34654998779296875,0.30299997329711914,0.39010000228881836,918312,CCOc1ccc(Cl)c(C(=O)N2CCN(c3ncccn3)CC2)n1,1.8860999999999997,CC(C)(C)Oc1ccnc(C(=O)N2CCN(c3ncccn3)CC2)c1,True,2.0113,0.1252000000000002,0.43333333333333335,False,True
1.0,bin,14,0.34654998779296875,0.30299997329711914,0.39010000228881836,922879,CC(=O)c1ccc(N2CCN(Cc3c(F)cccc3F)CC2)cc1,3.489600000000003,CCc1ccc(CN2CCN(c3ccc(C(C)=O)cc3)CC2)cc1,True,3.773800000000003,0.28420000000000023,0.6,False,True
1.0,bin,14,0.34654998779296875,0.30299997329711914,0.39010000228881836,927535,COc1cc(CN2CCN(c3ccccc3F)CC2)ccc1O,2.862100000000002,COc1ccc(F)c(CN2CCN(c3ccccc3F)CC2)c1,True,3.295600000000002,0.4335,0.5576923076923077,False,True
1.0,bin,14,0.34654998779296875,0.30299997329711914,0.39010000228881836,927567,Cc1ccccc1N1CCN(Cc2cccc(O)c2)CC1,3.022820000000001,Oc1cccc(N2CCN(Cc3cccc(Cl)c3F)CC2)c1,True,3.5069000000000017,0.4840800000000005,0.3888888888888889,False,True
1.0,bin,14,0.34654998779296875,0.30299997329711914,0.39010000228881836,938108,CC(c1ccccc1)N(C)C(=O)CCC(=O)Nc1nccs1,3.0814000000000012,CCN(Cc1cccc(F)c1)C(=O)CCC(=O)Nc1nccs1,True,3.0496000000000008,-0.031800000000000495,0.5,False,False
1.0,bin,14,0.34654998779296875,0.30299997329711914,0.39010000228881836,943303,CN(CCCOc1ccccc1)C(=O)Nc1cccc2c1OCCO2,3.390600000000002,Cc1ccccc1OCCCNC(=O)Nc1cccc2c1OCCO2,True,3.356820000000001,-0.03378000000000103,0.5079365079365079,False,True
1.0,bin,14,0.34654998779296875,0.30299997329711914,0.39010000228881836,946289,CC(NC(=O)C1(c2cc(-c3ccco3)on2)CC1)c1ccccc1,3.843600000000002,CC=CC=C1C=CCC1NC(=O)C(C)c1cc(-c2ccco2)on1,True,3.9853000000000023,0.14170000000000016,0.36,False,True
1.0,bin,14,0.34654998779296875,0.30299997329711914,0.39010000228881836,994077,Cc1nnc(Cn2c(-c3cccc(Br)c3)noc2=O)o1,2.0055199999999997,O=c1onc(-c2cccc(Cl)c2)n1CC1=NN=CC1,True,1.9872,-0.01831999999999967,0.4262295081967213,False,True
1.0,bin,14,0.34654998779296875,0.30299997329711914,0.39010000228881836,1065620,O=C(NCc1cccnc1Oc1ccccc1)c1cccnc1,3.198900000000002,Cc1cccc(Oc2ncccc2CNC(=O)c2ccc(F)nc2)c1,True,3.646420000000001,0.44751999999999903,0.576271186440678,False,True
1.0,bin,14,0.34654998779296875,0.30299997329711914,0.39010000228881836,1093926,CN(C(=O)CNc1cccc(OCC2CCCO2)c1)c1ccccc1,3.319300000000002,Cc1ccc(NC(=O)CNc2c(C)cccc2OCC2CCCO2)cc1,True,3.9118400000000033,0.5925400000000014,0.45714285714285713,False,True
1.0,bin,14,0.34654998779296875,0.30299997329711914,0.39010000228881836,1107920,CCc1ccc(-n2cc(C(=O)NC(C)c3ccccc3)nn2)cc1,3.320700000000002,Cc1ccc(-n2cc(C(=O)NC(C)c3ccccc3)nn2)c(Cl)c1,True,3.7201200000000023,0.3994200000000001,0.5689655172413793,False,True
1.0,bin,14,0.34654998779296875,0.30299997329711914,0.39010000228881836,1113130,CC(NC(=O)Cn1nnnc1C(C)(C)C)c1cccc2ccccc12,3.0012000000000016,CC(C)C1C=Cc2ccccc2CC(C)(C)c2nnnn2CC(=O)N1,True,2.3609999999999998,-0.6402000000000019,0.18292682926829268,False,True
1.0,bin,14,0.34654998779296875,0.30299997329711914,0.39010000228881836,1121751,COC(=O)Cn1ccc(NS(=O)(=O)c2ccc(F)c(F)c2F)n1,1.2742,CCOC(=O)Cn1ccc(NS(=O)(=O)c2c(F)cccc2F)n1,True,1.5252000000000001,0.2510000000000001,0.5818181818181818,False,True
1.0,bin,14,0.34654998779296875,0.30299997329711914,0.39010000228881836,1142531,CCOC(C)C(=O)NCCc1csc(-c2ccc(C)cc2)n1,3.2022200000000014,CCCC(=O)NCCc1csc(-c2ccc(OC)cc2)n1,True,3.2775000000000025,0.07528000000000112,0.5517241379310345,False,True
1.0,bin,14,0.34654998779296875,0.30299997329711914,0.39010000228881836,1212157,CN(Cc1ccc(F)c(F)c1)C(=O)c1cncc(-c2cnn(C)c2)c1,3.0325000000000015,CCN(Cc1ccc(-c2cn[nH]c2)cc1)C(=O)c1cncc(Cl)c1,True,3.7874000000000025,0.754900000000001,0.3194444444444444,False,True
1.0,bin,14,0.34654998779296875,0.30299997329711914,0.39010000228881836,1215394,CCn1nc(C)cc1C(=O)Oc1cccc(NC(=O)C(C)C)c1,3.025120000000001,CCn1nc(C)cc1C(=O)Oc1ccc(Cl)cc1F,True,3.2231200000000015,0.1980000000000004,0.45901639344262296,False,True
1.0,bin,14,0.34654998779296875,0.30299997329711914,0.39010000228881836,1232922,CC(C)(C)OC(=O)NC1CCCN(S(=O)(=O)N2CCOCC2)C1,0.5525000000000011,CCCC(C)C(=O)NC1CCCN(S(=O)(=O)N2CCOCC2)C1,True,0.5802000000000014,0.02770000000000028,0.5925925925925926,False,True
1.0,bin,14,0.34654998779296875,0.30299997329711914,0.39010000228881836,1238973,FC(F)(F)c1cnc(N2CCn3c(nnc3C3CC3)C2)c(Cl)c1,3.2429000000000023,FC(F)(F)c1ccc(C(F)(F)F)c(NCCn2cnnc2C2CC2)n1,True,3.7002000000000015,0.45729999999999915,0.21621621621621623,False,True
1.0,bin,14,0.34654998779296875,0.30299997329711914,0.39010000228881836,1299495,Cc1cc(CC(=O)N2CCCC2C(C#N)c2ccccc2)no1,2.823900000000001,Cc1cc(CC(=O)N2CCCC2c2cccc(F)c2C)no1,True,3.3367400000000016,0.5128400000000006,0.5151515151515151,False,True
1.0,bin,14,0.34654998779296875,0.30299997329711914,0.39010000228881836,1309906,CC(C)CC(NC(=O)c1cc(=O)c2ccccc2o1)C(=O)OC(C)C,2.8891000000000018,CCC(NC(=O)c1cc(=O)c2cccc(Cl)c2o1)C(C)C,True,3.610800000000002,0.7217000000000002,0.4032258064516129,False,True
1.0,bin,14,0.34654998779296875,0.30299997329711914,0.39010000228881836,1362816,COCc1cccc(C(=O)NC2CC2c2cccc(Cl)c2)c1,3.772300000000002,O=C(NC1CC1c1cccc(Cl)c1)c1ccccc1Cl,True,4.279300000000002,0.5069999999999997,0.5555555555555556,False,True
1.0,bin,14,0.34654998779296875,0.30299997329711914,0.39010000228881836,1441838,COCC(=O)NC(C(=O)Nc1cccc(-c2nccs2)c1)C(C)C,2.5358,C#CCNC(=O)Nc1cccc(-c2nccs2)c1,True,2.564800000000001,0.029000000000000803,0.5409836065573771,False,True
1.0,bin,14,0.34654998779296875,0.30299997329711914,0.39010000228881836,1450449,CCCNC(=O)CSc1nc2c(cc1C#N)CCCC2,2.450380000000001,CC(C#N)Sc1nc(Br)cc2c1CCCC2,True,3.7270800000000026,1.2767000000000017,0.28125,False,True
1.0,bin,14,0.34654998779296875,0.30299997329711914,0.39010000228881836,1451910,O=S(=O)(NCc1nnc2ccccn12)c1ccc(F)c(F)c1,1.4859999999999995,Cc1ccc(C)c(S(=O)(=O)NCc2nnc3ccccn23)c1,True,1.82464,0.3386400000000005,0.5740740740740741,False,False
1.0,bin,14,0.34654998779296875,0.30299997329711914,0.39010000228881836,1479798,Cc1nc(C)c(CCC(=O)N(CC(C)C)CC(F)(F)F)c(=O)[nH]1,2.3662400000000003,CCCCN(C)C(=O)CCC1=C(C)N=C(C)NC(=O)C1,True,2.2374,-0.1288400000000003,0.21428571428571427,False,True
1.0,bin,14,0.34654998779296875,0.30299997329711914,0.39010000228881836,1507926,COC(=O)C(C)NC(=O)Cc1csc(-c2ccccc2Cl)n1,2.6837,COC(=O)C(C)N(C)C(=O)Cc1csc(-c2ccccc2Cl)n1,True,3.025900000000001,0.34220000000000095,0.6851851851851852,False,True
1.0,bin,14,0.34654998779296875,0.30299997329711914,0.39010000228881836,1527882,Nc1ncccc1C(=O)Nc1ccc2cn[nH]c2c1,1.7923999999999998,COC(=O)c1cc(NC(=O)c2cccnc2)c2cn[nH]c2c1C,True,2.3052200000000003,0.5128200000000005,0.2898550724637681,False,True
1.0,bin,14,0.34654998779296875,0.30299997329711914,0.39010000228881836,1532848,COc1ccc(-c2ccc3c(=O)[nH]cnc3c2)cc1Cl,3.2521000000000013,O=c1[nH]cnc2ccc(-c3ccc(F)c(Cl)c3)cc12,True,3.382600000000002,0.1305000000000005,0.5208333333333334,False,True
1.0,bin,14,0.34654998779296875,0.30299997329711914,0.39010000228881836,1548351,COc1cc(OC)c2c(c1)C(c1cnccn1)NCC2,1.7288999999999999,COc1ccc2c(c1OC)C(c1cncc(C)c1)NCC2,True,2.6423200000000007,0.9134200000000008,0.31746031746031744,False,False
1.0,bin,14,0.34654998779296875,0.30299997329711914,0.39010000228881836,1570134,COc1cccc(C(C)N2CCN(C(=O)c3ccc(O)cc3)CC2)c1,2.9198000000000013,COc1ccc(C(=O)N2CCN(C(C)c3ccccc3O)CC2)c(C)c1,True,3.228220000000002,0.3084200000000008,0.5084745762711864,False,True
1.0,bin,14,0.34654998779296875,0.30299997329711914,0.39010000228881836,1611406,CC(C)(C)N1CC(NC(=O)C2COc3ccc(F)cc3C2)CC1=O,1.8923999999999994,CC(C)(C)N1CC(C(=O)NC2COc3ccc(Cl)cc3C2)CC1=O,True,2.4067,0.5143000000000004,0.6129032258064516,False,True
1.0,bin,14,0.34654998779296875,0.30299997329711914,0.39010000228881836,1612684,CCCC1CN(C(=O)Nc2ccn(CCC(C)C)n2)CCO1,2.9620000000000015,CCC1CN(C(=O)Nc2ccn(C(C)CC(C)C)n2)CCO1,True,3.132900000000002,0.1709000000000005,0.6031746031746031,False,True
1.0,bin,14,0.34654998779296875,0.30299997329711914,0.39010000228881836,1639675,CCC(CC)c1nnc(NC(=O)c2scnc2C2CC2)s1,4.0279000000000025,CC1CC=NN=C(NC(=O)c2scnc2C2CC2S)C1,True,2.4728000000000003,-1.5551000000000021,0.34328358208955223,False,True
1.0,bin,14,0.34654998779296875,0.30299997329711914,0.39010000228881836,1675660,COc1ccnc(NC(=O)c2cccc(Cl)c2)c1,2.9959000000000007,O=C(Nc1ccc(Cl)cn1)c1ccc(F)cc1F,True,3.265500000000001,0.2696000000000005,0.29310344827586204,False,False
1.0,bin,14,0.34654998779296875,0.30299997329711914,0.39010000228881836,1689728,CCc1noc(CSc2ncnc3sc(C)cc23)n1,3.237420000000002,CC1=C[SH](C23N=CN=C(SC2C)C3C)CC=NC(C)=NO1,True,3.1914000000000016,-0.046020000000000394,0.10126582278481013,False,True
1.0,bin,14,0.34654998779296875,0.30299997329711914,0.39010000228881836,1720876,CC(C)(C)CC(=O)NCC(=O)Nc1ccc2c(c1)COC2,2.2077,CC(C)CCS(=O)(=O)Nc1ccc2c(c1)COC2,True,2.504600000000001,0.29690000000000083,0.3888888888888889,False,True
1.0,bin,14,0.34654998779296875,0.30299997329711914,0.39010000228881836,1757109,CC(C)Cc1ncc(CNc2ccc3c(c2)COC3)s1,3.983900000000003,CCCCC=NC=C(S)CNc1ccc2c(c1)COC2,True,4.160900000000003,0.1770000000000005,0.359375,False,True
1.0,bin,14,0.34654998779296875,0.30299997329711914,0.39010000228881836,1774061,O=C1NCCCc2[nH]c(-c3cccc4[nH]ccc34)nc21,2.234,O=C1c2[nH]ccc2CCN1Cc1cccc2[nH]ccc12,True,2.6945000000000006,0.4605000000000006,0.30158730158730157,False,True
1.0,bin,14,0.34654998779296875,0.30299997329711914,0.39010000228881836,1800687,Cc1nn(C)c(-c2nc(-c3cccnn3)no2)c1Cl,1.8889199999999997,CCn1nc(C(C)C)cc1-c1nc(-c2cccnn2)no1,True,2.5334000000000003,0.6444800000000006,0.47368421052631576,False,False
1.0,bin,14,0.34654998779296875,0.30299997329711914,0.39010000228881836,1815867,FC(F)(F)c1ccc(CN2CCOCC2c2ncon2)cc1,2.661900000000001,Fc1cc(Br)cc(Cl)c1CN1CCOCC1c1ncon1,True,3.198100000000002,0.5362000000000009,0.55,False,True
1.0,bin,14,0.34654998779296875,0.30299997329711914,0.39010000228881836,1828580,Cc1ccc(N2CC3OCC(=O)N(Cc4cccc(F)c4)C3C2)nn1,1.54032,Cc1cccc(CN2CC3C(NC4=CC=CCC4)OCC3C2=O)c1,True,2.7494200000000006,1.2091000000000007,0.2413793103448276,False,True
1.0,bin,14,0.34654998779296875,0.30299997329711914,0.39010000228881836,1836183,CCc1ccc(C(=O)NCc2nccc(N(C)C)n2)cc1,2.035,COc1ccc(C(=O)NCc2nccc(NCC(C)C)n2)cc1Cl,True,3.1365000000000016,1.1015000000000015,0.3787878787878788,False,True
1.0,bin,14,0.34654998779296875,0.30299997329711914,0.39010000228881836,1842499,COc1ccccc1COc1ccccc1-c1cnn(CCO)c1,3.1300000000000017,Cc1ccc(C(=O)N(C)C)cc1COc1ccccc1-c1cnn(C)c1,True,3.676320000000003,0.5463200000000015,0.47619047619047616,False,True
1.0,bin,14,0.34654998779296875,0.30299997329711914,0.39010000228881836,1865564,COC(CNC(=O)c1ccoc1)c1cccc(F)c1,2.536200000000001,COC(CNC(=O)c1cc(C)oc1C)c1ccccc1,True,3.0139400000000016,0.4777400000000007,0.4482758620689655,False,True
1.0,bin,14,0.34654998779296875,0.30299997329711914,0.39010000228881836,1868773,CCCOc1ccc(Cl)c2c1CCNC2C1CC(=O)C1,3.2947000000000015,CC(Cl)(CCC=O)C1NCCc2c(C(F)F)cccc21,True,3.787600000000002,0.49290000000000056,0.21621621621621623,False,True
1.0,bin,14,0.34654998779296875,0.30299997329711914,0.39010000228881836,1873123,CCC1OC(=O)c2c(OC)ccc(Br)c21,3.079200000000002,CCC1COC(=O)C1c1cc(Br)ccc1OC,True,3.1243000000000016,0.045099999999999696,0.3584905660377358,False,True
1.0,bin,14,0.34654998779296875,0.30299997329711914,0.39010000228881836,1875028,Cc1cccc(C)c1NCC(=O)N1CCCC2CCCCC21,3.8965400000000034,O=C(CNc1ccccc1Cl)NC1CC2CCCC(C2)C1,True,3.8369000000000026,-0.059640000000000803,0.25806451612903225,False,True
1.0,bin,14,0.34654998779296875,0.30299997329711914,0.39010000228881836,1895921,CCC(CC)N(C)C(=O)CC1OC(=O)c2ccccc21,2.935200000000002,CC(C)CC(C)NC(=O)CC1OC(=O)c2ccccc21,True,2.8390000000000013,-0.09620000000000051,0.5098039215686274,False,True
1.0,bin,14,0.34654998779296875,0.30299997329711914,0.39010000228881836,1907077,Cc1ccc2[nH]nc(C(=O)Nc3nc(-c4ccco4)cs3)c2c1,3.8401200000000015,Cc1ccccn[nH]cc1C=CC(S)N=CNC(=O)c1sccc1C,True,3.939840000000002,0.09972000000000047,0.16483516483516483,False,True
1.0,bin,14,0.34654998779296875,0.30299997329711914,0.39010000228881836,1913063,Cc1nn(C)c(C)c1CN(C(=O)c1cn2cccc(C)c2n1)C1CC1,2.797860000000001,Cc1nn(C)c(C)c1CCCNC(=O)c1cn2cc(Cl)ccc2n1,True,2.700640000000001,-0.09722000000000008,0.35135135135135137,False,True
1.0,bin,14,0.34654998779296875,0.30299997329711914,0.39010000228881836,1922265,CN(CCNC(=O)c1ccc2c(c1)ncn2C)c1ccccc1,2.4395000000000007,CCn1cnc2cc(C(=O)NCCN(C)c3ccccc3)ccc21,True,2.9224000000000014,0.4829000000000008,0.7735849056603774,False,True
1.0,bin,15,0.4522000253200531,0.39010000228881836,0.5143000483512878,32052,COc1ccccc1CNC(=O)Cc1c[nH]c2ccccc12,3.035400000000001,O=C(Cc1c[nH]c2ccccc12)NCc1ccc(F)c(F)c1F,True,3.4441000000000015,0.4087000000000005,0.6,False,True
1.0,bin,15,0.4522000253200531,0.39010000228881836,0.5143000483512878,116747,COCCSc1ccccc1C(=O)Nc1cccc(C)n1,3.3808200000000017,CSc1nc(NC(=O)c2ccc(Cl)cc2Cl)ccc1C(N)=O,True,3.461500000000002,0.08068000000000008,0.296875,False,True
1.0,bin,15,0.4522000253200531,0.39010000228881836,0.5143000483512878,131060,CS(=O)(=O)NCCc1csc(-c2ccc(F)cc2)n1,2.0408999999999997,CS(=O)(=O)NCCc1nc(-c2cccc(C(F)(F)F)c2)cs1,True,2.920600000000001,0.8797000000000015,0.4067796610169492,False,True
1.0,bin,15,0.4522000253200531,0.39010000228881836,0.5143000483512878,131949,CCc1c(C)nc(SCC(=O)NC(C)C)[nH]c1=O,1.25742,CCc1c(C)nc(SCC(=O)NC(C)C(C)C)[nH]c1=O,True,1.8935199999999999,0.6360999999999999,0.8181818181818182,False,True
1.0,bin,15,0.4522000253200531,0.39010000228881836,0.5143000483512878,158879,COc1ccc(CC(=O)OCC(=O)c2c[nH]c3ccccc23)cc1,3.145100000000001,Cc1ccccc1CC(=O)OCC(=O)c1c[nH]c2ccccc12,True,3.4449200000000024,0.2998200000000013,0.6470588235294118,False,True
1.0,bin,15,0.4522000253200531,0.39010000228881836,0.5143000483512878,232056,COCCNC(=O)c1cc(=O)c2cc(C)ccc2o1,1.4776199999999993,COCCCNC(=O)c1cc(=O)c2cc(C)cc(C)c2o1,True,2.17614,0.6985200000000009,0.5769230769230769,False,True
1.0,bin,15,0.4522000253200531,0.39010000228881836,0.5143000483512878,235788,O=C(Cn1nc(-c2ccco2)oc1=O)NCC(F)(F)F,0.7747999999999999,C#CCC(CC)NC(=O)Cn1nc(-c2ccco2)oc1=O,True,1.0144,0.23960000000000004,0.5573770491803278,False,True
1.0,bin,15,0.4522000253200531,0.39010000228881836,0.5143000483512878,236081,CC(=O)c1c(C)[nH]c(C(=O)CSc2nc(C(C)C)n[nH]2)c1C,3.0506400000000014,Cc1cc(C(=O)CSc2nc(C(C)C)n[nH]2)c(C)[nH]1,True,2.84804,-0.20260000000000122,0.5849056603773585,False,True
1.0,bin,15,0.4522000253200531,0.39010000228881836,0.5143000483512878,281081,O=C(Cn1cccn1)NCc1cccnc1Oc1ccc(F)cc1F,2.665000000000001,Cc1ccc(Oc2ncccc2CNC(=O)Cn2cc(Cl)cn2)cc1,True,3.3486200000000004,0.6836199999999995,0.4927536231884058,False,True
1.0,bin,15,0.4522000253200531,0.39010000228881836,0.5143000483512878,284170,COc1ccc(-c2nc(CC(=O)Nc3cccc(C)n3)cs2)cc1,3.7033200000000024,O=C(Cc1csc(-c2ccc(F)cc2)n1)Nc1ccccn1,True,3.525400000000001,-0.1779200000000012,0.5423728813559322,False,True
1.0,bin,15,0.4522000253200531,0.39010000228881836,0.5143000483512878,288369,Cc1ccc(NCc2nnc3n2CCCCC3)cc1C,3.2334400000000016,Clc1ccc(NCc2nnc3n2CCCCC3)cc1Cl,True,3.9234000000000027,0.689960000000001,0.7021276595744681,False,False
1.0,bin,15,0.4522000253200531,0.39010000228881836,0.5143000483512878,302889,COc1ccc(OC)c(NC(=O)CCNC(=O)c2cccs2)c1,2.5239000000000003,CC(=O)c1ccc(NC(=O)CCNC(=O)c2cccs2)cc1C,True,3.0177200000000015,0.49382000000000126,0.5166666666666667,False,False
1.0,bin,15,0.4522000253200531,0.39010000228881836,0.5143000483512878,327141,COc1ccc(OC)c(S(=O)(=O)Nc2ccn(C)n2)c1,1.2381,COc1ccc(S(=O)(=O)Nc2ccn(C)n2)cc1Cl,True,1.8828999999999998,0.6447999999999998,0.6122448979591837,False,True
1.0,bin,15,0.4522000253200531,0.39010000228881836,0.5143000483512878,327382,CNC(=O)C1CN(C(=O)c2c(C)noc2C)c2ccccc2O1,1.4452399999999996,Cc1noc(C)c1C(=O)N1CC(C(N)=O)Oc2ccccc21,True,1.1845399999999995,-0.26070000000000015,0.78,False,True
1.0,bin,15,0.4522000253200531,0.39010000228881836,0.5143000483512878,406491,COCCNC(=O)C1CCCN(S(=O)(=O)N2CCOCC2)C1,-0.9619999999999964,COCCCNC(=O)CC1CCN(S(=O)(=O)N2CCOCC2)C1,True,-0.5718999999999976,0.3900999999999988,0.5789473684210527,False,True
1.0,bin,15,0.4522000253200531,0.39010000228881836,0.5143000483512878,413951,O=C(Cn1ncn2cccc2c1=O)N1CCCCCC1,0.8985999999999996,CC1CCCC(C#N)N1C(=O)Cn1ncn2cccc2c1=O,True,0.7891799999999998,-0.10941999999999985,0.5517241379310345,False,True
1.0,bin,15,0.4522000253200531,0.39010000228881836,0.5143000483512878,427929,CCNc1nc(NCc2ccccc2Cl)c2cnn(C)c2n1,3.060600000000001,CC(C)CNc1nc(NCc2ccccc2)c2cnn(C)c2n1,True,3.0433000000000012,-0.01729999999999965,0.5535714285714286,False,True
1.0,bin,15,0.4522000253200531,0.39010000228881836,0.5143000483512878,447130,CCC(NC(=O)C1CCN(C(=O)C2CC2)CC1)c1ccc(C)cc1,3.2109200000000016,CCC(NC(=O)C1CCN(C(=O)C2CC2)CC1)c1cccc(Cl)c1,True,3.555900000000002,0.3449800000000005,0.6730769230769231,False,True
1.0,bin,15,0.4522000253200531,0.39010000228881836,0.5143000483512878,481908,CCNS(=O)(=O)c1ccc(C)c(C(=O)Nc2ncccc2C)c1,2.24894,CCNC(=O)c1ccc(C(=O)Nc2ncccc2SCC)cc1,True,3.1956000000000024,0.9466600000000023,0.36065573770491804,False,True
1.0,bin,15,0.4522000253200531,0.39010000228881836,0.5143000483512878,485220,Cc1nn(CC(=O)N2CCN(C)CC2)c(C)c1Br,1.03644,CC=NN(CC(=O)N1CCN(C)CC1C)CC(C)=CCl,True,1.5992000000000002,0.5627600000000001,0.1875,False,True
1.0,bin,15,0.4522000253200531,0.39010000228881836,0.5143000483512878,526363,Cc1nnc(SCC(=O)Nc2ccc(O)cc2)n(N)c1=O,0.09692,Cc1nnc(SCC(=O)Nc2ccc(C#N)cc2)n(N)c1=O,True,0.263,0.16608,0.76,False,False
1.0,bin,15,0.4522000253200531,0.39010000228881836,0.5143000483512878,536853,COc1ccc(C2CCCN2C(=O)C2CCC2)c(OC)c1,3.1674000000000015,Cc1cc(F)ccc1C1CCCN1C(=O)C1CCC1,True,3.5977200000000025,0.4303200000000009,0.5686274509803921,False,True
1.0,bin,15,0.4522000253200531,0.39010000228881836,0.5143000483512878,540312,Cc1nn(C)c2nc(C3CC3)cc(C(=O)NCC(=O)NC(C)(C)C)c12,1.7986199999999997,Cc1nn(C)c2nc(C3CC3)cc(C(=O)NCC(=O)NC(C)(C)C)c12,True,1.7986199999999997,0.0,1.0,True,False
1.0,bin,15,0.4522000253200531,0.39010000228881836,0.5143000483512878,544381,Cc1nc(N2CCCC(C(=O)NC(C)C)C2)c2c(C)c(C)oc2n1,2.8890600000000006,Cc1nc(N2CCC(C)CC2)c2c(C)c(C)oc2n1,True,3.384360000000002,0.4953000000000012,0.5185185185185185,False,True
1.0,bin,15,0.4522000253200531,0.39010000228881836,0.5143000483512878,544382,CCCNC(=O)C1CCCN(c2nc(C)nc3oc(C)c(C)c23)C1,2.8906600000000013,CC(=O)N1CCCC(c2noc3c(C)c(C)nc(CC(C)C)c23)C1,True,3.764040000000003,0.8733800000000018,0.24691358024691357,False,True
1.0,bin,15,0.4522000253200531,0.39010000228881836,0.5143000483512878,550049,Cc1ccc(C)c(OCC(=O)Nc2cccc(-n3cnnc3)c2)c1,2.9016400000000013,CC(C)c1cccc(OCC(=O)Nc2cccc(-n3cnnc3)c2)c1,True,3.4082000000000017,0.5065600000000003,0.603448275862069,False,False
1.0,bin,15,0.4522000253200531,0.39010000228881836,0.5143000483512878,573533,Cc1nn(-c2ncc(C(F)(F)F)cc2Cl)c(=O)o1,2.2011199999999995,C=CC(C(Cl)=CN=CNC(C)CC)c1noc(=O)n1CC,True,2.6224000000000007,0.4212800000000012,0.11688311688311688,False,True
1.0,bin,15,0.4522000253200531,0.39010000228881836,0.5143000483512878,582555,O=C(NCC(O)c1ccccc1)c1ccc2c(=O)n3c(nc2c1)CCC3,1.8061000000000003,O=C(NCC(O)c1ccccc1F)c1ccc2c(=O)n3c(nc2c1)CCC3,True,1.9452,0.13909999999999978,0.7704918032786885,False,True
1.0,bin,15,0.4522000253200531,0.39010000228881836,0.5143000483512878,588547,Cc1n[nH]c(C)c1NC(=O)CCc1ccc(Cl)cc1Cl,3.9046400000000023,CCC(CC(=O)Nc1c(C)n[nH]c1C)c1cccc(Cl)c1,True,4.202340000000003,0.29770000000000074,0.5172413793103449,False,True
1.0,bin,15,0.4522000253200531,0.39010000228881836,0.5143000483512878,607673,CCCN(CC1CC1)S(=O)(=O)c1ccccc1F,2.636400000000001,CCN(CC1CC1)S(=O)(=O)c1ccc(Br)cc1F,True,3.0088000000000017,0.37240000000000073,0.5416666666666666,False,True
1.0,bin,15,0.4522000253200531,0.39010000228881836,0.5143000483512878,617681,Cc1cc(C(=O)Nc2nc(-c3ccncc3)cs2)nn1C(C)C,3.5432200000000016,CCC(C)n1nc(C(=O)Nc2nc(-c3ccncc3)cs2)cc1C,True,3.933320000000003,0.3901000000000012,0.8113207547169812,False,True
1.0,bin,15,0.4522000253200531,0.39010000228881836,0.5143000483512878,650267,COc1ccc2oc(C(=O)NC3CCCCNC3=O)c(C)c2c1,2.14832,Cc1c(C(=O)NC2CCCNC2)oc2ccc(F)cc12,True,2.36212,0.2138,0.4626865671641791,False,True
1.0,bin,15,0.4522000253200531,0.39010000228881836,0.5143000483512878,668639,Cc1cc(NC(=O)c2ccccc2Cl)ncc1N,2.8779200000000005,Cc1cc(N)cnc1NC(=O)c1ccc(F)c(C(F)(F)F)c1,True,3.3824200000000006,0.5045000000000002,0.2857142857142857,False,True
1.0,bin,15,0.4522000253200531,0.39010000228881836,0.5143000483512878,673160,CCC(=O)Nc1ccc2oc(C(F)(F)F)cc(=O)c2c1,3.160300000000001,CCCC(=O)Oc1ccc2c(=O)cc(C(F)(F)F)oc2c1,True,3.5173000000000023,0.3570000000000011,0.4727272727272727,False,True
1.0,bin,15,0.4522000253200531,0.39010000228881836,0.5143000483512878,711169,Cc1cccc(C(C)C)c1NC(=O)N(C)Cc1ccncc1,4.177320000000003,CN(Cc1cccc(C(C)(C)C)c1)C(=O)Nc1ccnc(Cl)c1,True,4.696400000000004,0.5190800000000015,0.35384615384615387,False,True
1.0,bin,15,0.4522000253200531,0.39010000228881836,0.5143000483512878,720969,Cc1noc(C)c1CCC(=O)OCC(=O)N1c2ccccc2CC1C,2.7450400000000013,Cc1noc(C)c1CCC(=O)OCC(=O)N1c2ccccc2CC1C,True,2.7450400000000013,0.0,1.0,True,False
1.0,bin,15,0.4522000253200531,0.39010000228881836,0.5143000483512878,730789,COC(=O)C1CCN(C(=O)c2cc3ccc(F)cc3nc2C)CC1,2.7075200000000006,CC(=O)NC1CCCN(C(=O)c2cc3c(F)cc(F)cc3nc2C)C1,True,2.562120000000001,-0.14539999999999953,0.43283582089552236,False,True
1.0,bin,15,0.4522000253200531,0.39010000228881836,0.5143000483512878,738178,Cc1ccc(-n2ccnc2SCc2nc(C3CC3)no2)cc1C,4.041840000000003,Cc1ccc(Cl)cc1-n1ccnc1SCc1nc(C2CC2)no1,True,4.386820000000003,0.3449799999999996,0.7192982456140351,False,True
1.0,bin,15,0.4522000253200531,0.39010000228881836,0.5143000483512878,771897,COc1ccccc1OCC(=O)N(C)Cc1sccc1C,3.102520000000002,CCc1ccsc1CN(C)C(=O)COC1=CC=C(C)COC1C,True,3.5344000000000024,0.4318800000000005,0.421875,False,True
1.0,bin,15,0.4522000253200531,0.39010000228881836,0.5143000483512878,811446,COC(=O)C1(NC(=O)c2cc(Br)c[nH]2)CCCCCC1,2.7730000000000006,O=C(NC1CCCCC1)c1cc(Br)c[nH]1,True,2.8397000000000006,0.06669999999999998,0.48936170212765956,False,False
1.0,bin,15,0.4522000253200531,0.39010000228881836,0.5143000483512878,848291,CCC(C)NC(=O)NCc1noc(-c2cccs2)n1,2.3958000000000004,CCCCNC(=O)NCc1noc(-c2cccs2)n1,True,2.3974,0.0015999999999998238,0.6851851851851852,False,False
1.0,bin,15,0.4522000253200531,0.39010000228881836,0.5143000483512878,863440,COc1ccc(-c2nc(CCCO)cs2)cc1OC,2.752200000000001,COc1ccc(-c2nc(C(C)C)cs2)cc1OCC#N,True,3.8444800000000035,1.0922800000000024,0.44642857142857145,False,True
1.0,bin,15,0.4522000253200531,0.39010000228881836,0.5143000483512878,864663,N#Cc1ccc(-c2cc(F)ccc2F)nc1N1CCCC1,3.498680000000002,CC(=N)C(=CC=CC1=C(C)C=COC1)N1CCCC1,True,3.4223700000000026,-0.07630999999999943,0.11428571428571428,False,True
1.0,bin,15,0.4522000253200531,0.39010000228881836,0.5143000483512878,872100,CCc1cccc(C)c1NCC(O)c1ccc2c(c1)OCCO2,3.474120000000002,OC(CNc1ccc(C(F)(F)F)cc1)c1ccc2c(c1)OCCO2,True,3.6221000000000023,0.14798000000000044,0.5,False,True
1.0,bin,15,0.4522000253200531,0.39010000228881836,0.5143000483512878,886334,COc1ccc(C(=O)N2CCCC(C(=O)N3CCCCC3)C2)c(O)c1,2.2655000000000003,O=C(c1ccccc1F)N1CCCC(C(=O)N2CCCCC2)C1,True,2.6904000000000012,0.42490000000000094,0.5384615384615384,False,True
1.0,bin,15,0.4522000253200531,0.39010000228881836,0.5143000483512878,887387,COCCNC(=O)N(Cc1cccc(F)c1)CC1CCCO1,2.1627,CCC(=O)NC=C1C=CC(CN(CCO)CC2CCCO2)=C1,True,1.3659999999999997,-0.7967000000000004,0.31645569620253167,False,True
1.0,bin,15,0.4522000253200531,0.39010000228881836,0.5143000483512878,889149,N#Cc1ccc(NC(=O)c2ccc(Br)cc2Cl)nc1,3.621480000000001,O=C(Nc1ccc(Cl)cn1)c1cc(Cl)cc(Br)c1,True,4.403200000000001,0.78172,0.4339622641509434,False,True
1.0,bin,15,0.4522000253200531,0.39010000228881836,0.5143000483512878,913483,O=C(CNC(=O)NCCc1c(Cl)cccc1Cl)NC1CC1,2.1137000000000006,O=C(CNC(=O)NCCc1ccc(Cl)cc1)NC1CC1,True,1.4603,-0.6534000000000006,0.6666666666666666,False,True
1.0,bin,15,0.4522000253200531,0.39010000228881836,0.5143000483512878,917620,C=CCN(Cc1ccccc1OC)C(=O)c1csc(C)n1,3.288520000000002,CCCN(Cc1ccc(OC)cc1)C(=O)c1csc(CC)n1,True,3.7665000000000024,0.4779800000000005,0.3484848484848485,False,True
1.0,bin,15,0.4522000253200531,0.39010000228881836,0.5143000483512878,918312,CCOc1ccc(Cl)c(C(=O)N2CCN(c3ncccn3)CC2)n1,1.8860999999999997,CCSc1ccc(C(=O)N2CCN(c3nccc(Cl)n3)CC2)nc1,True,2.599400000000001,0.7133000000000014,0.4153846153846154,False,True
1.0,bin,15,0.4522000253200531,0.39010000228881836,0.5143000483512878,922879,CC(=O)c1ccc(N2CCN(Cc3c(F)cccc3F)CC2)cc1,3.489600000000003,Fc1ccccc1CN1CCN(c2ccc(Cl)c(Cl)c2)CC1,True,4.454700000000004,0.9651000000000014,0.40384615384615385,False,True
1.0,bin,15,0.4522000253200531,0.39010000228881836,0.5143000483512878,927535,COc1cc(CN2CCN(c3ccccc3F)CC2)ccc1O,2.862100000000002,Oc1ccc(CN2CCN(c3ccc(F)cc3Cl)CC2)cc1,True,3.5069000000000026,0.6448000000000005,0.42592592592592593,False,True
1.0,bin,15,0.4522000253200531,0.39010000228881836,0.5143000483512878,927567,Cc1ccccc1N1CCN(Cc2cccc(O)c2)CC1,3.022820000000001,Oc1cccc(CN2CCN(c3cccc(Br)c3)CC2)c1,True,3.4769000000000023,0.45408000000000115,0.5652173913043478,False,True
1.0,bin,15,0.4522000253200531,0.39010000228881836,0.5143000483512878,938108,CC(c1ccccc1)N(C)C(=O)CCC(=O)Nc1nccs1,3.0814000000000012,Cc1cnc(NC(=O)CCC(=O)N(C)Cc2ccccc2)s1,True,2.8288200000000012,-0.25258,0.4262295081967213,False,True
1.0,bin,15,0.4522000253200531,0.39010000228881836,0.5143000483512878,943303,CN(CCCOc1ccccc1)C(=O)Nc1cccc2c1OCCO2,3.390600000000002,CC(CCOc1ccccc1)NC(=O)Nc1cccc2c1OCCO2,True,3.4369000000000014,0.046299999999999564,0.6101694915254238,False,True
1.0,bin,15,0.4522000253200531,0.39010000228881836,0.5143000483512878,946289,CC(NC(=O)C1(c2cc(-c3ccco3)on2)CC1)c1ccccc1,3.843600000000002,CC=CC=C1C=CCC1NC(=O)C(C)c1cc(-c2ccco2)on1,True,3.9853000000000023,0.14170000000000016,0.36,False,True
1.0,bin,15,0.4522000253200531,0.39010000228881836,0.5143000483512878,994077,Cc1nnc(Cn2c(-c3cccc(Br)c3)noc2=O)o1,2.0055199999999997,CC1=NOC(C(C)C)N1CC(CO)=NN=Cc1ccccc1C,True,2.4099200000000005,0.40440000000000076,0.1375,False,True
1.0,bin,15,0.4522000253200531,0.39010000228881836,0.5143000483512878,1065620,O=C(NCc1cccnc1Oc1ccccc1)c1cccnc1,3.198900000000002,Cc1ccc(C(=O)NCc2cccnc2Oc2ccccc2F)cn1,True,3.6464200000000018,0.4475199999999999,0.5614035087719298,False,True
1.0,bin,15,0.4522000253200531,0.39010000228881836,0.5143000483512878,1093926,CN(C(=O)CNc1cccc(OCC2CCCO2)c1)c1ccccc1,3.319300000000002,Cc1ccccc1NCC(=O)N(C)c1cccc(OCC2CCCO2)c1,True,3.6277200000000027,0.3084200000000008,0.7377049180327869,False,True
1.0,bin,15,0.4522000253200531,0.39010000228881836,0.5143000483512878,1107920,CCc1ccc(-n2cc(C(=O)NC(C)c3ccccc3)nn2)cc1,3.320700000000002,CC(NC(=O)c1cn(-c2ccccc2)nn1)c1cccc(Cl)c1,True,3.4117000000000015,0.0909999999999993,0.6481481481481481,False,True
1.0,bin,15,0.4522000253200531,0.39010000228881836,0.5143000483512878,1113130,CC(NC(=O)Cn1nnnc1C(C)(C)C)c1cccc2ccccc12,3.0012000000000016,CCn1nnnc1CNC(=O)C(CC(C)C)n1ccc2ccccc21,True,2.5512999999999995,-0.4499000000000022,0.3150684931506849,False,True
1.0,bin,15,0.4522000253200531,0.39010000228881836,0.5143000483512878,1121751,COC(=O)Cn1ccc(NS(=O)(=O)c2ccc(F)c(F)c2F)n1,1.2742,Cc1ccc(C=N)c(S(=O)(=O)NC2C=CNCC(=O)OCC2)c1,True,0.6897899999999997,-0.5844100000000003,0.11904761904761904,False,True
1.0,bin,15,0.4522000253200531,0.39010000228881836,0.5143000483512878,1142531,CCOC(C)C(=O)NCCc1csc(-c2ccc(C)cc2)n1,3.2022200000000014,Cc1ccccc1-c1nc(CNC(=O)C(C)(C)C)cs1,True,3.780820000000002,0.5786000000000007,0.3333333333333333,False,True
1.0,bin,15,0.4522000253200531,0.39010000228881836,0.5143000483512878,1212157,CN(Cc1ccc(F)c(F)c1)C(=O)c1cncc(-c2cnn(C)c2)c1,3.0325000000000015,CCN(Cc1ccccc1C)C(=O)c1cncc(-c2cnn(C)c2)c1,True,3.4528200000000018,0.42032000000000025,0.515625,False,True
1.0,bin,15,0.4522000253200531,0.39010000228881836,0.5143000483512878,1215394,CCn1nc(C)cc1C(=O)Oc1cccc(NC(=O)C(C)C)c1,3.025120000000001,CCn1nc(C)cc1C(=O)Oc1cccc(NC(=O)C(C)C)c1,True,3.025120000000001,0.0,1.0,True,False
1.0,bin,15,0.4522000253200531,0.39010000228881836,0.5143000483512878,1232922,CC(C)(C)OC(=O)NC1CCCN(S(=O)(=O)N2CCOCC2)C1,0.5525000000000011,CCC1CCN(S(=O)(=O)N2CCOC(C(F)(F)F)C2)C1,True,1.2262,0.6736999999999989,0.29508196721311475,False,True
1.0,bin,15,0.4522000253200531,0.39010000228881836,0.5143000483512878,1238973,FC(F)(F)c1cnc(N2CCn3c(nnc3C3CC3)C2)c(Cl)c1,3.2429000000000023,Clc1cc(Cl)c(N2CCn3c(nnc3C3CC3)C2)nc1Cl,True,3.5309000000000017,0.28799999999999937,0.6153846153846154,False,True
1.0,bin,15,0.4522000253200531,0.39010000228881836,0.5143000483512878,1299495,Cc1cc(CC(=O)N2CCCC2C(C#N)c2ccccc2)no1,2.823900000000001,CC1CCCN1C(=O)CC(C#N)C1=CC=CCC=C1,True,2.969680000000001,0.14578000000000024,0.3108108108108108,False,True
1.0,bin,15,0.4522000253200531,0.39010000228881836,0.5143000483512878,1309906,CC(C)CC(NC(=O)c1cc(=O)c2ccccc2o1)C(=O)OC(C)C,2.8891000000000018,CCCCCCNC(=O)c1cc(=O)c2cc(OC(C)C)ccc2o1,True,3.8903000000000025,1.0012000000000008,0.4,False,True
1.0,bin,15,0.4522000253200531,0.39010000228881836,0.5143000483512878,1362816,COCc1cccc(C(=O)NC2CC2c2cccc(Cl)c2)c1,3.772300000000002,O=C(NC1CC1c1ccc(F)cc1)c1cccc(Cl)c1Br,True,4.5275000000000025,0.7552000000000003,0.359375,False,True
1.0,bin,15,0.4522000253200531,0.39010000228881836,0.5143000483512878,1441838,COCC(=O)NC(C(=O)Nc1cccc(-c2nccs2)c1)C(C)C,2.5358,CC(C)C(NC(N)=O)C(=O)Nc1cccc(-c2nccs2)c1,True,2.4414999999999996,-0.0943000000000005,0.7321428571428571,False,True
1.0,bin,15,0.4522000253200531,0.39010000228881836,0.5143000483512878,1450449,CCCNC(=O)CSc1nc2c(cc1C#N)CCCC2,2.450380000000001,CCc1cnc(SCC(=O)N(CC)CC)c(CC#N)c1,True,2.670580000000001,0.22020000000000017,0.2571428571428571,False,True
1.0,bin,15,0.4522000253200531,0.39010000228881836,0.5143000483512878,1451910,O=S(=O)(NCc1nnc2ccccn12)c1ccc(F)c(F)c1,1.4859999999999995,CC(C)c1ccc(S(=O)(=O)NCc2nnc3ccccn23)cc1,True,2.3312,0.8452000000000004,0.6470588235294118,False,False
1.0,bin,15,0.4522000253200531,0.39010000228881836,0.5143000483512878,1479798,Cc1nc(C)c(CCC(=O)N(CC(C)C)CC(F)(F)F)c(=O)[nH]1,2.3662400000000003,Cc1nc(C(C)(C)C)[nH]c(=O)c1CCC(=O)N(C)CC(F)(F)F,True,2.3291199999999996,-0.03712000000000071,0.5357142857142857,False,True
1.0,bin,15,0.4522000253200531,0.39010000228881836,0.5143000483512878,1507926,COC(=O)C(C)NC(=O)Cc1csc(-c2ccccc2Cl)n1,2.6837,COC(=O)CCc1cnc(-c2ccc(F)cc2F)s1,True,3.193900000000002,0.510200000000002,0.20833333333333334,False,True
1.0,bin,15,0.4522000253200531,0.39010000228881836,0.5143000483512878,1527882,Nc1ncccc1C(=O)Nc1ccc2cn[nH]c2c1,1.7923999999999998,O=C(Nc1cccc2[nH]ncc12)c1cccnc1Br,True,2.9727000000000015,1.1803000000000017,0.43103448275862066,False,True
1.0,bin,15,0.4522000253200531,0.39010000228881836,0.5143000483512878,1532848,COc1ccc(-c2ccc3c(=O)[nH]cnc3c2)cc1Cl,3.2521000000000013,CC=c1[nH]cnc1=CC=CC(=CC=COC)CC(F)(F)F,True,2.585700000000001,-0.6664000000000003,0.1527777777777778,False,True
1.0,bin,15,0.4522000253200531,0.39010000228881836,0.5143000483512878,1548351,COc1cc(OC)c2c(c1)C(c1cnccn1)NCC2,1.7288999999999999,Fc1cccc2c1CCNC2c1cnccn1,True,1.8507999999999998,0.1218999999999999,0.5,False,True
1.0,bin,15,0.4522000253200531,0.39010000228881836,0.5143000483512878,1570134,COc1cccc(C(C)N2CCN(C(=O)c3ccc(O)cc3)CC2)c1,2.9198000000000013,CC(c1ccccc1)N1CCN(C(=O)c2ccc(F)cc2)CC1,True,3.3447000000000022,0.42490000000000094,0.5490196078431373,False,True
1.0,bin,15,0.4522000253200531,0.39010000228881836,0.5143000483512878,1611406,CC(C)(C)N1CC(NC(=O)C2COc3ccc(F)cc3C2)CC1=O,1.8923999999999994,CCCCCN1CC(C(=O)NC2COc3ccccc3C2)CC1=O,True,2.1449999999999996,0.25260000000000016,0.3835616438356164,False,True
1.0,bin,15,0.4522000253200531,0.39010000228881836,0.5143000483512878,1612684,CCCC1CN(C(=O)Nc2ccn(CCC(C)C)n2)CCO1,2.9620000000000015,CC(C)CC1COCCN1C(=O)Nc1ccn(CC(C)C)n1,True,2.8179000000000007,-0.14410000000000078,0.43478260869565216,False,True
1.0,bin,15,0.4522000253200531,0.39010000228881836,0.5143000483512878,1639675,CCC(CC)c1nnc(NC(=O)c2scnc2C2CC2)s1,4.0279000000000025,CC(C)(C)Cc1nnc(NC(=O)c2scnc2C2CC2(C)C)s1,True,4.349000000000004,0.3211000000000013,0.4918032786885246,False,True
1.0,bin,15,0.4522000253200531,0.39010000228881836,0.5143000483512878,1675660,COc1ccnc(NC(=O)c2cccc(Cl)c2)c1,2.9959000000000007,O=C(Nc1ccccn1)c1ccc(Br)cc1Cl,True,3.7498000000000014,0.7539000000000007,0.3392857142857143,False,True
1.0,bin,15,0.4522000253200531,0.39010000228881836,0.5143000483512878,1689728,CCc1noc(CSc2ncnc3sc(C)cc23)n1,3.237420000000002,Cc1noc(CSc2nc(C)nc3sc(C)c(C)c23)n1,True,3.6002800000000033,0.3628600000000013,0.3559322033898305,False,True
1.0,bin,15,0.4522000253200531,0.39010000228881836,0.5143000483512878,1720876,CC(C)(C)CC(=O)NCC(=O)Nc1ccc2c(c1)COC2,2.2077,CCC(C#N)(CC)NC(=O)Nc1ccc2c(c1)COC2,True,2.920680000000001,0.7129800000000008,0.48148148148148145,False,True
1.0,bin,15,0.4522000253200531,0.39010000228881836,0.5143000483512878,1757109,CC(C)Cc1ncc(CNc2ccc3c(c2)COC3)s1,3.983900000000003,FC(F)(F)Cc1cnc(CNc2ccc3c(c2)COC3)s1,True,3.890200000000002,-0.093700000000001,0.6153846153846154,False,True
1.0,bin,15,0.4522000253200531,0.39010000228881836,0.5143000483512878,1774061,O=C1NCCCc2[nH]c(-c3cccc4[nH]ccc34)nc21,2.234,O=CNC1=C(F)C=C2NC(C1)NCCCc1cc(F)ccc12,True,1.9488999999999999,-0.28510000000000013,0.1375,False,True
1.0,bin,15,0.4522000253200531,0.39010000228881836,0.5143000483512878,1800687,Cc1nn(C)c(-c2nc(-c3cccnn3)no2)c1Cl,1.8889199999999997,CCn1nc(C)c(-c2nc(-c3ccc(C)nn3)no2)c1C,True,2.33526,0.4463400000000002,0.3559322033898305,False,True
1.0,bin,15,0.4522000253200531,0.39010000228881836,0.5143000483512878,1815867,FC(F)(F)c1ccc(CN2CCOCC2c2ncon2)cc1,2.661900000000001,Clc1ccc(CN2CCOCC2c2ncon2)c(Cl)c1,True,2.9499000000000013,0.28800000000000026,0.5892857142857143,False,True
1.0,bin,15,0.4522000253200531,0.39010000228881836,0.5143000483512878,1828580,Cc1ccc(N2CC3OCC(=O)N(Cc4cccc(F)c4)C3C2)nn1,1.54032,C=CN=CC=CCCC(=O)N(CC)CCOC1CC2(C=CC=CC2)CNC1=O,True,2.7932000000000006,1.2528800000000007,0.07272727272727272,False,True
1.0,bin,15,0.4522000253200531,0.39010000228881836,0.5143000483512878,1836183,CCc1ccc(C(=O)NCc2nccc(N(C)C)n2)cc1,2.035,CN(C)c1ccnc(CNC(=O)c2cc(Br)ccc2F)n1,True,2.374200000000001,0.33920000000000083,0.5454545454545454,False,True
1.0,bin,15,0.4522000253200531,0.39010000228881836,0.5143000483512878,1842499,COc1ccccc1COc1ccccc1-c1cnn(CCO)c1,3.1300000000000017,COc1cccc(OC)c1-c1cn(Cc2ccccc2F)nc1CO,True,3.247000000000002,0.11700000000000044,0.3770491803278688,False,True
1.0,bin,15,0.4522000253200531,0.39010000228881836,0.5143000483512878,1865564,COC(CNC(=O)c1ccoc1)c1cccc(F)c1,2.536200000000001,CCOc1ccc(C(C)CNC(=O)c2ccoc2)cc1,True,3.211800000000001,0.6756000000000002,0.46551724137931033,False,True
1.0,bin,15,0.4522000253200531,0.39010000228881836,0.5143000483512878,1868773,CCCOc1ccc(Cl)c2c1CCNC2C1CC(=O)C1,3.2947000000000015,CCCOc1ccc(Cl)c2c1C1(CCC(=O)C1)NCC2,True,3.222800000000002,-0.07189999999999941,0.45901639344262296,False,True
1.0,bin,15,0.4522000253200531,0.39010000228881836,0.5143000483512878,1873123,CCC1OC(=O)c2c(OC)ccc(Br)c21,3.079200000000002,CCOc1c(C(C)C)ccc2c1C(=O)OC2C,True,3.440100000000003,0.3609000000000009,0.2830188679245283,False,True
1.0,bin,15,0.4522000253200531,0.39010000228881836,0.5143000483512878,1875028,Cc1cccc(C)c1NCC(=O)N1CCCC2CCCCC21,3.8965400000000034,C=CCSc1ccccc1NCC(=O)N1CCCC12CCCC2,True,4.311800000000003,0.41525999999999996,0.26865671641791045,False,True
1.0,bin,15,0.4522000253200531,0.39010000228881836,0.5143000483512878,1895921,CCC(CC)N(C)C(=O)CC1OC(=O)c2ccccc21,2.935200000000002,CCC(CNC(=O)CC1OC(=O)c2ccccc21)C(C)C,True,3.0866000000000016,0.15139999999999976,0.5384615384615384,False,True
1.0,bin,15,0.4522000253200531,0.39010000228881836,0.5143000483512878,1907077,Cc1ccc2[nH]nc(C(=O)Nc3nc(-c4ccco4)cs3)c2c1,3.8401200000000015,O=C(Nc1nc(-c2ccco2)cs1)c1n[nH]c2cc(Br)ccc12,True,4.294200000000001,0.4540799999999994,0.7,False,True
1.0,bin,15,0.4522000253200531,0.39010000228881836,0.5143000483512878,1913063,Cc1nn(C)c(C)c1CN(C(=O)c1cn2cccc(C)c2n1)C1CC1,2.797860000000001,CCNC=C1CN1C(=O)c1cn2cc(Cl)ccc2n1,True,1.8943999999999996,-0.9034600000000013,0.2125,False,True
1.0,bin,15,0.4522000253200531,0.39010000228881836,0.5143000483512878,1922265,CN(CCNC(=O)c1ccc2c(c1)ncn2C)c1ccccc1,2.4395000000000007,CC=C1Nc2ccccc2C(=O)NCCN(C)CC=C1c1nccn1C,True,2.494600000000001,0.05510000000000037,0.15294117647058825,False,True
1.0,bin,16,0.5795501172542572,0.5143000483512878,0.6448001861572266,32052,COc1ccccc1CNC(=O)Cc1c[nH]c2ccccc12,3.035400000000001,O=C(Cc1c[nH]c2ccccc12)NCc1ccc(OC(F)F)cc1,True,3.6282000000000023,0.5928000000000013,0.5660377358490566,False,True
1.0,bin,16,0.5795501172542572,0.5143000483512878,0.6448001861572266,116747,COCCSc1ccccc1C(=O)Nc1cccc(C)n1,3.3808200000000017,CCOc1ccc(C(=O)Nc2ccc(SCC)cn2)c(C)c1,True,4.153020000000002,0.7722000000000007,0.29850746268656714,False,True
1.0,bin,16,0.5795501172542572,0.5143000483512878,0.6448001861572266,131060,CS(=O)(=O)NCCc1csc(-c2ccc(F)cc2)n1,2.0408999999999997,OCCCNCc1csc(-c2ccc(F)cc2)n1,True,2.4212,0.3803000000000001,0.5,False,True
1.0,bin,16,0.5795501172542572,0.5143000483512878,0.6448001861572266,131949,CCc1c(C)nc(SCC(=O)NC(C)C)[nH]c1=O,1.25742,CCc1c(C)nc(SCC(=O)NCCC(C)C)[nH]c1=O,True,1.89512,0.6376999999999999,0.7083333333333334,False,True
1.0,bin,16,0.5795501172542572,0.5143000483512878,0.6448001861572266,158879,COc1ccc(CC(=O)OCC(=O)c2c[nH]c3ccccc23)cc1,3.145100000000001,CC(C(=O)OCC(=O)c1c[nH]c2ccccc12)c1ccc(F)cc1,True,3.8366000000000025,0.6915000000000013,0.5087719298245614,False,True
1.0,bin,16,0.5795501172542572,0.5143000483512878,0.6448001861572266,232056,COCCNC(=O)c1cc(=O)c2cc(C)ccc2o1,1.4776199999999993,Cc1ccc2oc(C(=O)NCC(C)O)cc(=O)c2c1,True,1.2120199999999999,-0.2655999999999994,0.6808510638297872,False,True
1.0,bin,16,0.5795501172542572,0.5143000483512878,0.6448001861572266,235788,O=C(Cn1nc(-c2ccco2)oc1=O)NCC(F)(F)F,0.7747999999999999,O=C(CF)Cn1nc(-c2ccco2)oc1=O,True,0.6348999999999999,-0.13990000000000002,0.64,False,True
1.0,bin,16,0.5795501172542572,0.5143000483512878,0.6448001861572266,236081,CC(=O)c1c(C)[nH]c(C(=O)CSc2nc(C(C)C)n[nH]2)c1C,3.0506400000000014,CC(=O)c1c(C)[nH]c(C(=O)CSc2nc(C(C)(C)C)n[nH]2)c1C,True,3.2247400000000015,0.17410000000000014,0.6862745098039216,False,True
1.0,bin,16,0.5795501172542572,0.5143000483512878,0.6448001861572266,281081,O=C(Cn1cccn1)NCc1cccnc1Oc1ccc(F)cc1F,2.665000000000001,Cc1ccn(CC(=O)NCc2cccnc2Oc2c(C)cccc2C)n1,True,3.3120600000000016,0.6470600000000006,0.5384615384615384,False,True
1.0,bin,16,0.5795501172542572,0.5143000483512878,0.6448001861572266,284170,COc1ccc(-c2nc(CC(=O)Nc3cccc(C)n3)cs2)cc1,3.7033200000000024,Cc1ccc(NC(=O)Cc2csc(-c3ccccc3)n2)nc1Cl,True,4.348120000000002,0.6448,0.559322033898305,False,True
1.0,bin,16,0.5795501172542572,0.5143000483512878,0.6448001861572266,288369,Cc1ccc(NCc2nnc3n2CCCCC3)cc1C,3.2334400000000016,Fc1ccc(Cl)c(NCc2nnc3n2CCCCC3)c1,True,3.4091000000000022,0.1756600000000006,0.5370370370370371,False,True
1.0,bin,16,0.5795501172542572,0.5143000483512878,0.6448001861572266,302889,COc1ccc(OC)c(NC(=O)CCNC(=O)c2cccs2)c1,2.5239000000000003,O=C(CCNC(=O)c1cc(F)cc(Cl)c1)Nc1cccs1,True,3.2992000000000017,0.7753000000000014,0.38461538461538464,False,True
1.0,bin,16,0.5795501172542572,0.5143000483512878,0.6448001861572266,327141,COc1ccc(OC)c(S(=O)(=O)Nc2ccn(C)n2)c1,1.2381,Cn1ccc(NS(=O)(=O)c2cccc(Cl)c2)n1,True,1.8742999999999999,0.6361999999999999,0.47058823529411764,False,False
1.0,bin,16,0.5795501172542572,0.5143000483512878,0.6448001861572266,327382,CNC(=O)C1CN(C(=O)c2c(C)noc2C)c2ccccc2O1,1.4452399999999996,Cc1noc(C)c1C(=O)N1CC(C)Oc2ccccc21,True,2.7191400000000012,1.2739000000000016,0.7058823529411765,False,True
1.0,bin,16,0.5795501172542572,0.5143000483512878,0.6448001861572266,406491,COCCNC(=O)C1CCCN(S(=O)(=O)N2CCOCC2)C1,-0.9619999999999964,CCCNC(=O)C1CCN(S(=O)(=O)N2CCOCC2)CC1,True,-0.19839999999999836,0.7635999999999981,0.5686274509803921,False,True
1.0,bin,16,0.5795501172542572,0.5143000483512878,0.6448001861572266,413951,O=C(Cn1ncn2cccc2c1=O)N1CCCCCC1,0.8985999999999996,COCCCCN(C)C(=O)Cn1nc2ccc(Cl)cn2c1=O,True,1.0344,0.13580000000000036,0.16,False,True
1.0,bin,16,0.5795501172542572,0.5143000483512878,0.6448001861572266,427929,CCNc1nc(NCc2ccccc2Cl)c2cnn(C)c2n1,3.060600000000001,CC(C)C(C)Nc1nc(NCc2ccccc2)c2cnn(C)c2n1,True,3.4318000000000017,0.37120000000000086,0.5172413793103449,False,True
1.0,bin,16,0.5795501172542572,0.5143000483512878,0.6448001861572266,447130,CCC(NC(=O)C1CCN(C(=O)C2CC2)CC1)c1ccc(C)cc1,3.2109200000000016,CCC(NC(=O)C1CCN(C(=O)C2CC2)CC1)c1ccc(C)cc1,True,3.2109200000000016,0.0,1.0,True,False
1.0,bin,16,0.5795501172542572,0.5143000483512878,0.6448001861572266,481908,CCNS(=O)(=O)c1ccc(C)c(C(=O)Nc2ncccc2C)c1,2.24894,CCOc1cc(C(=O)Nc2cccc(SC)n2)c(C)cc1OC,True,3.7715200000000024,1.5225800000000023,0.29577464788732394,False,True
1.0,bin,16,0.5795501172542572,0.5143000483512878,0.6448001861572266,485220,Cc1nn(CC(=O)N2CCN(C)CC2)c(C)c1Br,1.03644,CCCCC(C)NC(=O)Cn1nc(C)c(Br)c1C,True,2.957340000000001,1.9209000000000012,0.43137254901960786,False,True
1.0,bin,16,0.5795501172542572,0.5143000483512878,0.6448001861572266,526363,Cc1nnc(SCC(=O)Nc2ccc(O)cc2)n(N)c1=O,0.09692,C=CCn1c(SCC(=O)NC2(C)C=CC=CC2)nnc(N)c1=O,True,0.8895999999999997,0.7926799999999997,0.2972972972972973,False,True
1.0,bin,16,0.5795501172542572,0.5143000483512878,0.6448001861572266,536853,COc1ccc(C2CCCN2C(=O)C2CCC2)c(OC)c1,3.1674000000000015,CSc1ccc(C2CCCN2C(=O)C2CCC2)cc1,True,3.872100000000003,0.7047000000000017,0.4807692307692308,False,True
1.0,bin,16,0.5795501172542572,0.5143000483512878,0.6448001861572266,540312,Cc1nn(C)c2nc(C3CC3)cc(C(=O)NCC(=O)NC(C)(C)C)c12,1.7986199999999997,CC1=NN(C)C=NC(C2CC2)=CCC(=O)NCC(=O)NC(C)(C)C=C1,True,1.5872000000000002,-0.2114199999999995,0.15294117647058825,False,True
1.0,bin,16,0.5795501172542572,0.5143000483512878,0.6448001861572266,544381,Cc1nc(N2CCCC(C(=O)NC(C)C)C2)c2c(C)c(C)oc2n1,2.8890600000000006,CCC1=C(C)OC=NC(C)=NC(N2CCC(C(=O)N(C)C)CC2)=C1,True,2.788900000000001,-0.1001599999999998,0.18518518518518517,False,True
1.0,bin,16,0.5795501172542572,0.5143000483512878,0.6448001861572266,544382,CCCNC(=O)C1CCCN(c2nc(C)nc3oc(C)c(C)c23)C1,2.8906600000000013,Cc1nc(N2CCCCC2)c2c(C(=O)NC(C)(C)C)c(C)oc2n1,True,3.358240000000002,0.4675800000000008,0.42424242424242425,False,True
1.0,bin,16,0.5795501172542572,0.5143000483512878,0.6448001861572266,550049,Cc1ccc(C)c(OCC(=O)Nc2cccc(-n3cnnc3)c2)c1,2.9016400000000013,CC(Oc1cccc(-n2cnnc2)c1)C(=O)Nc1cc(F)cc(F)c1,True,2.951500000000001,0.04985999999999979,0.390625,False,True
1.0,bin,16,0.5795501172542572,0.5143000483512878,0.6448001861572266,573533,Cc1nn(-c2ncc(C(F)(F)F)cc2Cl)c(=O)o1,2.2011199999999995,Cc1nn(-c2ncc(C(C)C)cc2Cl)c(=O)o1,True,2.30572,0.10460000000000047,0.6304347826086957,False,True
1.0,bin,16,0.5795501172542572,0.5143000483512878,0.6448001861572266,582555,O=C(NCC(O)c1ccccc1)c1ccc2c(=O)n3c(nc2c1)CCC3,1.8061000000000003,O=C(NCCc1ccc(F)cc1)c1ccc2c(=O)n3c(nc2c1)CCC3,True,2.4543,0.6481999999999997,0.6,False,True
1.0,bin,16,0.5795501172542572,0.5143000483512878,0.6448001861572266,588547,Cc1n[nH]c(C)c1NC(=O)CCc1ccc(Cl)cc1Cl,3.9046400000000023,Cc1n[nH]c(C)c1NC(=O)CCc1ccc(Cl)cc1Cl,True,3.9046400000000023,0.0,1.0,True,False
1.0,bin,16,0.5795501172542572,0.5143000483512878,0.6448001861572266,607673,CCCN(CC1CC1)S(=O)(=O)c1ccccc1F,2.636400000000001,CCCN(CC1CC1)S(=O)(=O)c1cc(C)cc(C)c1C,True,3.4225600000000025,0.7861600000000015,0.5531914893617021,False,True
1.0,bin,16,0.5795501172542572,0.5143000483512878,0.6448001861572266,617681,Cc1cc(C(=O)Nc2nc(-c3ccncc3)cs2)nn1C(C)C,3.5432200000000016,Cc1cc(C(=O)Nc2nc(C(C)(C)C)cs2)nn1-c1ccncc1,True,3.5820200000000018,0.03880000000000017,0.5245901639344263,False,True
1.0,bin,16,0.5795501172542572,0.5143000483512878,0.6448001861572266,650267,COc1ccc2oc(C(=O)NC3CCCCNC3=O)c(C)c2c1,2.14832,Cc1c(C(=O)NC2CCCNC2)oc2c(Cl)cccc12,True,2.8764200000000004,0.7281000000000004,0.3424657534246575,False,True
1.0,bin,16,0.5795501172542572,0.5143000483512878,0.6448001861572266,668639,Cc1cc(NC(=O)c2ccccc2Cl)ncc1N,2.8779200000000005,CCc1ccccc1C(=O)Nc1ccc(C(C)=O)c(C)n1,True,3.4073200000000012,0.5294000000000008,0.3392857142857143,False,True
1.0,bin,16,0.5795501172542572,0.5143000483512878,0.6448001861572266,673160,CCC(=O)Nc1ccc2oc(C(F)(F)F)cc(=O)c2c1,3.160300000000001,CCC(=O)C1=CC=COC(C(F)(F)F)=CC(=O)C=C1,True,3.0073000000000016,-0.15299999999999958,0.26229508196721313,False,True
1.0,bin,16,0.5795501172542572,0.5143000483512878,0.6448001861572266,711169,Cc1cccc(C(C)C)c1NC(=O)N(C)Cc1ccncc1,4.177320000000003,Cc1cccc(C(C)C)c1NC(=O)N(Cc1ccncc1)C(C)C,True,4.955920000000003,0.7786000000000008,0.7872340425531915,False,True
1.0,bin,16,0.5795501172542572,0.5143000483512878,0.6448001861572266,720969,Cc1noc(C)c1CCC(=O)OCC(=O)N1c2ccccc2CC1C,2.7450400000000013,Cc1noc(C)c1CCC(=O)OC(C)C(=O)N1c2ccccc2CC1C,True,3.1335400000000018,0.3885000000000005,0.7096774193548387,False,True
1.0,bin,16,0.5795501172542572,0.5143000483512878,0.6448001861572266,730789,COC(=O)C1CCN(C(=O)c2cc3ccc(F)cc3nc2C)CC1,2.7075200000000006,CCOC(=O)C1CCCCN1C(=O)c1cc2ccc(F)cc2nc1C,True,3.240120000000002,0.5326000000000013,0.5645161290322581,False,True
1.0,bin,16,0.5795501172542572,0.5143000483512878,0.6448001861572266,738178,Cc1ccc(-n2ccnc2SCc2nc(C3CC3)no2)cc1C,4.041840000000003,CC(C=NC(=NO)C1CC1)Sc1nccn1C1=CC=CC1,True,3.4330000000000025,-0.6088400000000007,0.21518987341772153,False,True
1.0,bin,16,0.5795501172542572,0.5143000483512878,0.6448001861572266,771897,COc1ccccc1OCC(=O)N(C)Cc1sccc1C,3.102520000000002,Cc1ccsc1CN(C)C(=O)COc1ccccc1Br,True,3.8564200000000035,0.7539000000000016,0.7659574468085106,False,True
1.0,bin,16,0.5795501172542572,0.5143000483512878,0.6448001861572266,811446,COC(=O)C1(NC(=O)c2cc(Br)c[nH]2)CCCCCC1,2.7730000000000006,O=C(NC1(c2ccc(Br)cc2)CCCCC1)C(F)(F)F,True,4.287000000000003,1.514000000000002,0.2909090909090909,False,True
1.0,bin,16,0.5795501172542572,0.5143000483512878,0.6448001861572266,848291,CCC(C)NC(=O)NCc1noc(-c2cccs2)n1,2.3958000000000004,CC(C)C(C)N(C)C(=O)NCc1noc(-c2cccs2)n1,True,2.984000000000001,0.5882000000000005,0.631578947368421,False,True
1.0,bin,16,0.5795501172542572,0.5143000483512878,0.6448001861572266,863440,COc1ccc(-c2nc(CCCO)cs2)cc1OC,2.752200000000001,CCc1cc(-c2nc(CC)c(OC)s2)ccc1O,True,3.649100000000003,0.8969000000000018,0.29310344827586204,False,True
1.0,bin,16,0.5795501172542572,0.5143000483512878,0.6448001861572266,864663,N#Cc1ccc(-c2cc(F)ccc2F)nc1N1CCCC1,3.498680000000002,N#Cc1ccc(-c2ccc(Br)cc2)nc1N1CCCC1,True,3.982980000000003,0.48430000000000106,0.5416666666666666,False,True
1.0,bin,16,0.5795501172542572,0.5143000483512878,0.6448001861572266,872100,CCc1cccc(C)c1NCC(O)c1ccc2c(c1)OCCO2,3.474120000000002,OC(CNc1cccc(Cl)c1Cl)c1ccc2c(c1)OCCO2,True,3.9101000000000017,0.4359799999999998,0.5454545454545454,False,True
1.0,bin,16,0.5795501172542572,0.5143000483512878,0.6448001861572266,886334,COc1ccc(C(=O)N2CCCC(C(=O)N3CCCCC3)C2)c(O)c1,2.2655000000000003,COc1cccc(C(=O)N2CCCC(C(=O)N3CCCCC3)C2)c1OC,True,2.5685000000000002,0.30299999999999994,0.5925925925925926,False,True
1.0,bin,16,0.5795501172542572,0.5143000483512878,0.6448001861572266,887387,COCCNC(=O)N(Cc1cccc(F)c1)CC1CCCO1,2.1627,C=CCOc1ccc(CN(CC2CCCO2)C(C)=O)cc1,True,2.778900000000001,0.616200000000001,0.4,False,True
1.0,bin,16,0.5795501172542572,0.5143000483512878,0.6448001861572266,889149,N#Cc1ccc(NC(=O)c2ccc(Br)cc2Cl)nc1,3.621480000000001,Cc1ccc(C)c(C(=O)Nc2ccc(C#N)cn2)c1Br,True,3.584920000000002,-0.036559999999998816,0.5384615384615384,False,True
1.0,bin,16,0.5795501172542572,0.5143000483512878,0.6448001861572266,913483,O=C(CNC(=O)NCCc1c(Cl)cccc1Cl)NC1CC1,2.1137000000000006,CC(C)C(CNC(=O)NCCC(=O)NC1CC1)c1ccc(Cl)cc1,True,3.047500000000002,0.9338000000000015,0.42105263157894735,False,True
1.0,bin,16,0.5795501172542572,0.5143000483512878,0.6448001861572266,917620,C=CCN(Cc1ccccc1OC)C(=O)c1csc(C)n1,3.288520000000002,Cc1nc(C(=O)N(Cc2ccccc2)C(C)C)cs1,True,3.5023200000000028,0.21380000000000088,0.4482758620689655,False,True
1.0,bin,16,0.5795501172542572,0.5143000483512878,0.6448001861572266,918312,CCOc1ccc(Cl)c(C(=O)N2CCN(c3ncccn3)CC2)n1,1.8860999999999997,CSc1ccc(C(=O)N(Cl)CCNC2N=CC=CCN=[SH]2)nc1,True,1.9117999999999997,0.025700000000000056,0.13636363636363635,False,True
1.0,bin,16,0.5795501172542572,0.5143000483512878,0.6448001861572266,922879,CC(=O)c1ccc(N2CCN(Cc3c(F)cccc3F)CC2)cc1,3.489600000000003,Fc1ccc(N2CCN(Cc3ccc(F)cc3Cl)CC2)cc1,True,3.940400000000003,0.4508000000000001,0.37254901960784315,False,True
1.0,bin,16,0.5795501172542572,0.5143000483512878,0.6448001861572266,927535,COc1cc(CN2CCN(c3ccccc3F)CC2)ccc1O,2.862100000000002,COc1cccc(C2CN(c3ccc(C#N)c(Cl)c3C)CCN2)c1,True,3.6796000000000024,0.8175000000000003,0.189873417721519,False,True
1.0,bin,16,0.5795501172542572,0.5143000483512878,0.6448001861572266,927567,Cc1ccccc1N1CCN(Cc2cccc(O)c2)CC1,3.022820000000001,Cc1cc(C)c(C)c(CN2CCN(c3cccc(O)c3)CC2)c1,True,3.639660000000003,0.6168400000000016,0.47058823529411764,False,True
1.0,bin,16,0.5795501172542572,0.5143000483512878,0.6448001861572266,938108,CC(c1ccccc1)N(C)C(=O)CCC(=O)Nc1nccs1,3.0814000000000012,Cc1csc(NC(=O)CCC(=O)N(C)C(C)c2ccccc2)n1,True,3.389820000000002,0.3084200000000008,0.6792452830188679,False,True
1.0,bin,16,0.5795501172542572,0.5143000483512878,0.6448001861572266,943303,CN(CCCOc1ccccc1)C(=O)Nc1cccc2c1OCCO2,3.390600000000002,CC(CC1COc2ccccc2O1)NC(=O)Nc1ccccc1F,True,3.565800000000001,0.17519999999999936,0.25675675675675674,False,True
1.0,bin,16,0.5795501172542572,0.5143000483512878,0.6448001861572266,946289,CC(NC(=O)C1(c2cc(-c3ccco3)on2)CC1)c1ccccc1,3.843600000000002,CCCC(C(=O)N1C=CCC2=CC=COCC21C)c1cc(C)oc1C,True,4.755140000000005,0.9115400000000031,0.12222222222222222,False,True
1.0,bin,16,0.5795501172542572,0.5143000483512878,0.6448001861572266,994077,Cc1nnc(Cn2c(-c3cccc(Br)c3)noc2=O)o1,2.0055199999999997,CC(C)Cc1nnc(Cn2c(-c3ccc(F)cc3)noc2=O)o1,True,2.2721999999999998,0.26668000000000003,0.4827586206896552,False,True
1.0,bin,16,0.5795501172542572,0.5143000483512878,0.6448001861572266,1065620,O=C(NCc1cccnc1Oc1ccccc1)c1cccnc1,3.198900000000002,CC(NC(=O)c1cccnc1Oc1ccccc1)c1ccc(F)cn1,True,3.8990000000000027,0.7001000000000008,0.390625,False,True
1.0,bin,16,0.5795501172542572,0.5143000483512878,0.6448001861572266,1093926,CN(C(=O)CNc1cccc(OCC2CCCO2)c1)c1ccccc1,3.319300000000002,Cc1c(NCC(=O)Nc2ccccc2)cccc1OCC1CCCO1,True,3.6034200000000025,0.2841200000000006,0.5147058823529411,False,True
1.0,bin,16,0.5795501172542572,0.5143000483512878,0.6448001861572266,1107920,CCc1ccc(-n2cc(C(=O)NC(C)c3ccccc3)nn2)cc1,3.320700000000002,CC(C)C(NC(=O)c1cn(-c2ccccc2)nn1)c1ccc(F)c(F)c1,True,3.672600000000002,0.35189999999999966,0.5166666666666667,False,True
1.0,bin,16,0.5795501172542572,0.5143000483512878,0.6448001861572266,1113130,CC(NC(=O)Cn1nnnc1C(C)(C)C)c1cccc2ccccc12,3.0012000000000016,C=CC=CC=C(NC(=O)C(C)n1nnnc1C)c1cc(F)ccc1Cl,True,3.2345200000000016,0.23331999999999997,0.20238095238095238,False,True
1.0,bin,16,0.5795501172542572,0.5143000483512878,0.6448001861572266,1121751,COC(=O)Cn1ccc(NS(=O)(=O)c2ccc(F)c(F)c2F)n1,1.2742,N#CCn1ccc(NS(=O)(=O)c2ccc(F)c(Cl)c2F)n1,True,2.13908,0.8648799999999999,0.5172413793103449,False,True
1.0,bin,16,0.5795501172542572,0.5143000483512878,0.6448001861572266,1142531,CCOC(C)C(=O)NCCc1csc(-c2ccc(C)cc2)n1,3.2022200000000014,C=CC(C)CCC(=O)NCCC1N=CC2(C=CC=CC2)S1=C,True,3.4613000000000023,0.25908000000000087,0.15294117647058825,False,True
1.0,bin,16,0.5795501172542572,0.5143000483512878,0.6448001861572266,1212157,CN(Cc1ccc(F)c(F)c1)C(=O)c1cncc(-c2cnn(C)c2)c1,3.0325000000000015,Cc1ccccc1C(C)N(C)C(=O)c1cncc(-c2cnn(C)c2)c1,True,3.6237200000000023,0.5912200000000007,0.5,False,True
1.0,bin,16,0.5795501172542572,0.5143000483512878,0.6448001861572266,1215394,CCn1nc(C)cc1C(=O)Oc1cccc(NC(=O)C(C)C)c1,3.025120000000001,CCn1nc(C)cc1C(=O)Oc1c(Cl)cccc1Cl,True,3.737420000000002,0.7123000000000008,0.5454545454545454,False,True
1.0,bin,16,0.5795501172542572,0.5143000483512878,0.6448001861572266,1232922,CC(C)(C)OC(=O)NC1CCCN(S(=O)(=O)N2CCOCC2)C1,0.5525000000000011,CCC1CN(S(=O)(=O)N2CCOC(C(C)C)C2)CCO1,True,0.6988000000000008,0.14629999999999965,0.26666666666666666,False,True
1.0,bin,16,0.5795501172542572,0.5143000483512878,0.6448001861572266,1238973,FC(F)(F)c1cnc(N2CCn3c(nnc3C3CC3)C2)c(Cl)c1,3.2429000000000023,CC(C)c1c(Cl)ccnc1NCCn1cnnc1C1CC1C,True,3.6854000000000022,0.4424999999999999,0.16049382716049382,False,True
1.0,bin,16,0.5795501172542572,0.5143000483512878,0.6448001861572266,1299495,Cc1cc(CC(=O)N2CCCC2C(C#N)c2ccccc2)no1,2.823900000000001,Cc1cc(CC(=O)N2CCCC2c2ccc(F)c(F)c2)no1,True,3.1674200000000017,0.3435200000000007,0.515625,False,False
1.0,bin,16,0.5795501172542572,0.5143000483512878,0.6448001861572266,1309906,CC(C)CC(NC(=O)c1cc(=O)c2ccccc2o1)C(=O)OC(C)C,2.8891000000000018,CCCCN(CC(F)(F)F)C(=O)c1cc(=O)c2ccccc2o1,True,3.5976000000000026,0.7085000000000008,0.38461538461538464,False,True
1.0,bin,16,0.5795501172542572,0.5143000483512878,0.6448001861572266,1362816,COCc1cccc(C(=O)NC2CC2c2cccc(Cl)c2)c1,3.772300000000002,Cc1cccc(C(=O)NC2CC2c2cccc(OC(F)(F)F)c2)c1,True,4.179520000000003,0.4072200000000006,0.4838709677419355,False,True
1.0,bin,16,0.5795501172542572,0.5143000483512878,0.6448001861572266,1441838,COCC(=O)NC(C(=O)Nc1cccc(-c2nccs2)c1)C(C)C,2.5358,CCC(C)C(CO)NC(=O)Nc1cccc(-c2nccs2)c1,True,3.3386000000000013,0.8028000000000013,0.5384615384615384,False,True
1.0,bin,16,0.5795501172542572,0.5143000483512878,0.6448001861572266,1450449,CCCNC(=O)CSc1nc2c(cc1C#N)CCCC2,2.450380000000001,CC1=C(C#N)C2=CC(SCC#N)=CN=C(C2)C1,True,3.0994600000000014,0.6490800000000005,0.16901408450704225,False,True
1.0,bin,16,0.5795501172542572,0.5143000483512878,0.6448001861572266,1451910,O=S(=O)(NCc1nnc2ccccn12)c1ccc(F)c(F)c1,1.4859999999999995,CCc1ccc(S(=O)(=O)NCc2nnc3ccccn23)cc1C,True,2.07862,0.5926200000000004,0.6862745098039216,False,True
1.0,bin,16,0.5795501172542572,0.5143000483512878,0.6448001861572266,1479798,Cc1nc(C)c(CCC(=O)N(CC(C)C)CC(F)(F)F)c(=O)[nH]1,2.3662400000000003,CC1=NC(C)C=C(CCC(=O)N(CC(F)(F)F)C(C)C)C(=O)N1,True,2.4290000000000003,0.06275999999999993,0.34328358208955223,False,True
1.0,bin,16,0.5795501172542572,0.5143000483512878,0.6448001861572266,1507926,COC(=O)C(C)NC(=O)Cc1csc(-c2ccccc2Cl)n1,2.6837,CC(NC(=O)Cc1csc(-c2ccccc2)n1)C(F)(F)F,True,3.4196000000000017,0.7359000000000018,0.5,False,True
1.0,bin,16,0.5795501172542572,0.5143000483512878,0.6448001861572266,1527882,Nc1ncccc1C(=O)Nc1ccc2cn[nH]c2c1,1.7923999999999998,CNc1ccc(C(=O)Nc2ccc3[nH]nc(C)c3c2)cn1,True,2.56032,0.7679200000000002,0.3076923076923077,False,True
1.0,bin,16,0.5795501172542572,0.5143000483512878,0.6448001861572266,1532848,COc1ccc(-c2ccc3c(=O)[nH]cnc3c2)cc1Cl,3.2521000000000013,O=c1[nH]cnc2ccc(-c3ccc(Cl)cc3Cl)cc12,True,3.8969000000000014,0.6448,0.45098039215686275,False,True
1.0,bin,16,0.5795501172542572,0.5143000483512878,0.6448001861572266,1548351,COc1cc(OC)c2c(c1)C(c1cnccn1)NCC2,1.7288999999999999,FC(F)Oc1cccc2c1CCNC2c1cnccn1,True,2.3130999999999995,0.5841999999999996,0.5272727272727272,False,False
1.0,bin,16,0.5795501172542572,0.5143000483512878,0.6448001861572266,1570134,COc1cccc(C(C)N2CCN(C(=O)c3ccc(O)cc3)CC2)c1,2.9198000000000013,CCc1cc(F)ccc1C(C)NC(C)C(=O)N1CCNC(=O)OC1,True,1.9530999999999996,-0.9667000000000017,0.1875,False,True
1.0,bin,16,0.5795501172542572,0.5143000483512878,0.6448001861572266,1611406,CC(C)(C)N1CC(NC(=O)C2COc3ccc(F)cc3C2)CC1=O,1.8923999999999994,CC(C)(C)N1CC(C(=O)NC2CCc3cc(F)ccc3OC2)CC1=O,True,2.2824999999999998,0.39010000000000034,0.7166666666666667,False,True
1.0,bin,16,0.5795501172542572,0.5143000483512878,0.6448001861572266,1612684,CCCC1CN(C(=O)Nc2ccn(CCC(C)C)n2)CCO1,2.9620000000000015,CC1C2CCN(CO2)C(=O)NCC=CN1CCC(C)(C)CN,True,1.3372000000000006,-1.624800000000001,0.14942528735632185,False,True
1.0,bin,16,0.5795501172542572,0.5143000483512878,0.6448001861572266,1639675,CCC(CC)c1nnc(NC(=O)c2scnc2C2CC2)s1,4.0279000000000025,CCSc1ncsc1C(=O)Nc1nnc(CC(C)C)s1,True,3.557400000000002,-0.47050000000000036,0.4426229508196721,False,True
1.0,bin,16,0.5795501172542572,0.5143000483512878,0.6448001861572266,1675660,COc1ccnc(NC(=O)c2cccc(Cl)c2)c1,2.9959000000000007,O=C(Nc1ccccn1)c1cc(Cl)cc(Br)c1,True,3.7498000000000014,0.7539000000000007,0.4423076923076923,False,True
1.0,bin,16,0.5795501172542572,0.5143000483512878,0.6448001861572266,1689728,CCc1noc(CSc2ncnc3sc(C)cc23)n1,3.237420000000002,C=C1CSc2ncnc(SCc3nc(C)no3)c2C1C,True,3.2257200000000017,-0.011700000000000266,0.36363636363636365,False,True
1.0,bin,16,0.5795501172542572,0.5143000483512878,0.6448001861572266,1720876,CC(C)(C)CC(=O)NCC(=O)Nc1ccc2c(c1)COC2,2.2077,CCCC1COCc2cc(NC(=O)N(CCC)CC(C)=O)ccc21,True,3.9334000000000024,1.7257000000000025,0.3088235294117647,False,True
1.0,bin,16,0.5795501172542572,0.5143000483512878,0.6448001861572266,1757109,CC(C)Cc1ncc(CNc2ccc3c(c2)COC3)s1,3.983900000000003,CC(C)c1ncc(CNc2ccc3c(c2)COC(C)(C)C3)s1,True,4.729900000000004,0.7460000000000013,0.543859649122807,False,True
1.0,bin,16,0.5795501172542572,0.5143000483512878,0.6448001861572266,1774061,O=C1NCCCc2[nH]c(-c3cccc4[nH]ccc34)nc21,2.234,CCOc1cnc2c(c1)NCC21Nc2ccc(C(C)C)cc2N1,True,3.7196000000000016,1.4856000000000016,0.1,False,True
1.0,bin,16,0.5795501172542572,0.5143000483512878,0.6448001861572266,1800687,Cc1nn(C)c(-c2nc(-c3cccnn3)no2)c1Cl,1.8889199999999997,CSc1ccc(-c2noc(-c3c(C)c(C)nn3C)n2)nn1,True,2.26584,0.37692000000000014,0.4909090909090909,False,True
1.0,bin,16,0.5795501172542572,0.5143000483512878,0.6448001861572266,1815867,FC(F)(F)c1ccc(CN2CCOCC2c2ncon2)cc1,2.661900000000001,FC(F)(F)c1ccc(CN2CCOCC2c2ncon2)cc1,True,2.661900000000001,0.0,1.0,True,False
1.0,bin,16,0.5795501172542572,0.5143000483512878,0.6448001861572266,1828580,Cc1ccc(N2CC3OCC(=O)N(Cc4cccc(F)c4)C3C2)nn1,1.54032,Cc1ccc(N2C(N)C3OCC(=O)N(Cc4cccc(Cl)c4)C32)[nH]1,True,1.8350199999999994,0.2946999999999995,0.3291139240506329,False,True
1.0,bin,16,0.5795501172542572,0.5143000483512878,0.6448001861572266,1836183,CCc1ccc(C(=O)NCc2nccc(N(C)C)n2)cc1,2.035,CN(C)c1nccc(CNC(=O)c2cc(F)cc(Cl)c2)n1,True,2.2651000000000003,0.2301000000000002,0.3770491803278688,False,True
1.0,bin,16,0.5795501172542572,0.5143000483512878,0.6448001861572266,1842499,COc1ccccc1COc1ccccc1-c1cnn(CCO)c1,3.1300000000000017,Fc1cccc(F)c1COc1ccccc1C1=CNCN1,True,2.9925000000000006,-0.13750000000000107,0.234375,False,True
1.0,bin,16,0.5795501172542572,0.5143000483512878,0.6448001861572266,1865564,COC(CNC(=O)c1ccoc1)c1cccc(F)c1,2.536200000000001,COC(CNC(=O)c1ccc(C)c(F)c1F)c1ccoc1,True,2.9837200000000017,0.4475200000000008,0.5172413793103449,False,True
1.0,bin,16,0.5795501172542572,0.5143000483512878,0.6448001861572266,1868773,CCCOc1ccc(Cl)c2c1CCNC2C1CC(=O)C1,3.2947000000000015,O=C1CCC(C2NCCc3c2ccc(Cl)c3C(F)F)CN1,True,2.9906000000000015,-0.30410000000000004,0.31343283582089554,False,True
1.0,bin,16,0.5795501172542572,0.5143000483512878,0.6448001861572266,1873123,CCC1OC(=O)c2c(OC)ccc(Br)c21,3.079200000000002,COc1cc(Br)c2c(c1)C(=O)C(C)CO2,True,2.6689000000000007,-0.4103000000000012,0.24528301886792453,False,True
1.0,bin,16,0.5795501172542572,0.5143000483512878,0.6448001861572266,1875028,Cc1cccc(C)c1NCC(=O)N1CCCC2CCCCC21,3.8965400000000034,CCc1cccc(C)c1NCC(=O)N1CCCC1C1CCCC1,True,4.150520000000004,0.2539800000000003,0.8444444444444444,False,True
1.0,bin,16,0.5795501172542572,0.5143000483512878,0.6448001861572266,1895921,CCC(CC)N(C)C(=O)CC1OC(=O)c2ccccc21,2.935200000000002,CCN(CCC(C)C)C(=O)CC1OC(=O)c2ccccc21,True,3.182800000000002,0.24760000000000026,0.6,False,True
1.0,bin,16,0.5795501172542572,0.5143000483512878,0.6448001861572266,1907077,Cc1ccc2[nH]nc(C(=O)Nc3nc(-c4ccco4)cs3)c2c1,3.8401200000000015,CC=C1C=C(c2n[nH]c3ccccc23)SC(NC(=O)c2ccco2)=N1,True,3.9334000000000024,0.09328000000000092,0.3125,False,True
1.0,bin,16,0.5795501172542572,0.5143000483512878,0.6448001861572266,1913063,Cc1nn(C)c(C)c1CN(C(=O)c1cn2cccc(C)c2n1)C1CC1,2.797860000000001,Cc1nn(C)c(C)c1CC1CCN(C(=O)c2cn3cc(Cl)ccc3n2)C1,True,3.0428400000000018,0.24498000000000086,0.37662337662337664,False,True
1.0,bin,16,0.5795501172542572,0.5143000483512878,0.6448001861572266,1922265,CN(CCNC(=O)c1ccc2c(c1)ncn2C)c1ccccc1,2.4395000000000007,NC=Nc1cccc(C(=O)NCC(=O)N2CC2)c1,True,-0.12289999999999979,-2.5624000000000002,0.22857142857142856,False,True
1.0,bin,17,0.7375200986862183,0.6448001861572266,0.83024001121521,32052,COc1ccccc1CNC(=O)Cc1c[nH]c2ccccc12,3.035400000000001,CCOc1cccc2c(CC(=O)NCc3c(F)cccc3F)c[nH]c12,True,3.7037000000000013,0.6683000000000003,0.4576271186440678,False,True
1.0,bin,17,0.7375200986862183,0.6448001861572266,0.83024001121521,116747,COCCSc1ccccc1C(=O)Nc1cccc(C)n1,3.3808200000000017,CCSc1cccc(C(=O)Nc2cccc(SC)n2)c1,True,4.167800000000002,0.7869800000000007,0.36065573770491804,False,True
1.0,bin,17,0.7375200986862183,0.6448001861572266,0.83024001121521,131060,CS(=O)(=O)NCCc1csc(-c2ccc(F)cc2)n1,2.0408999999999997,CS(=O)(=O)NCCc1csc(-c2ccccc2Cl)n1,True,2.5552,0.5143000000000004,0.6041666666666666,False,True
1.0,bin,17,0.7375200986862183,0.6448001861572266,0.83024001121521,131949,CCc1c(C)nc(SCC(=O)NC(C)C)[nH]c1=O,1.25742,CCCC(=O)NCCSc1nc(C)c(C)c(=O)[nH]1,True,1.3951399999999998,0.13771999999999984,0.41818181818181815,False,True
1.0,bin,17,0.7375200986862183,0.6448001861572266,0.83024001121521,158879,COc1ccc(CC(=O)OCC(=O)c2c[nH]c3ccccc23)cc1,3.145100000000001,O=C(Cc1ccc(Cl)cc1)OCC(=O)c1c[nH]c2ccccc12,True,3.789900000000002,0.6448000000000009,0.75,False,True
1.0,bin,17,0.7375200986862183,0.6448001861572266,0.83024001121521,232056,COCCNC(=O)c1cc(=O)c2cc(C)ccc2o1,1.4776199999999993,CCNC(=O)COC(=O)C1C=CC(=O)C2C=C(C)CC2=CCO1,True,1.0823999999999998,-0.39521999999999946,0.16666666666666666,False,True
1.0,bin,17,0.7375200986862183,0.6448001861572266,0.83024001121521,235788,O=C(Cn1nc(-c2ccco2)oc1=O)NCC(F)(F)F,0.7747999999999999,CCC(C)N(CC)C(=O)Cn1nc(-c2ccco2)oc1=O,True,1.7433,0.9685000000000001,0.5254237288135594,False,True
1.0,bin,17,0.7375200986862183,0.6448001861572266,0.83024001121521,236081,CC(=O)c1c(C)[nH]c(C(=O)CSc2nc(C(C)C)n[nH]2)c1C,3.0506400000000014,CC1=NNC(SCC(=O)c2[nH]c(C)c(C(C)C)c2C(C)C)C=N1,True,3.819320000000003,0.7686800000000016,0.30303030303030304,False,True
1.0,bin,17,0.7375200986862183,0.6448001861572266,0.83024001121521,281081,O=C(Cn1cccn1)NCc1cccnc1Oc1ccc(F)cc1F,2.665000000000001,CC(C)c1ccc(Oc2cccnc2CNC(=O)Cn2cccn2)cc1,True,3.510200000000002,0.8452000000000011,0.5147058823529411,False,True
1.0,bin,17,0.7375200986862183,0.6448001861572266,0.83024001121521,284170,COc1ccc(-c2nc(CC(=O)Nc3cccc(C)n3)cs2)cc1,3.7033200000000024,Cc1cccc(NC(=O)Cc2csc(-c3ccc(Cl)cc3)n2)n1,True,4.348120000000003,0.6448000000000009,0.7692307692307693,False,True
1.0,bin,17,0.7375200986862183,0.6448001861572266,0.83024001121521,288369,Cc1ccc(NCc2nnc3n2CCCCC3)cc1C,3.2334400000000016,Clc1cccc(Cl)c1NCc1nnc2n1CCCCC2,True,3.9234000000000018,0.6899600000000001,0.56,False,False
1.0,bin,17,0.7375200986862183,0.6448001861572266,0.83024001121521,302889,COc1ccc(OC)c(NC(=O)CCNC(=O)c2cccs2)c1,2.5239000000000003,N[SH]1C=CC=C1C(=O)NCCC(=O)c1ccc(Cl)cc1F,True,2.4542,-0.0697000000000001,0.19736842105263158,False,True
1.0,bin,17,0.7375200986862183,0.6448001861572266,0.83024001121521,327141,COc1ccc(OC)c(S(=O)(=O)Nc2ccn(C)n2)c1,1.2381,Cn1ccc(NS(=O)(=O)c2ccc(Br)cc2)n1,True,1.9833999999999998,0.7452999999999999,0.4791666666666667,False,False
1.0,bin,17,0.7375200986862183,0.6448001861572266,0.83024001121521,327382,CNC(=O)C1CN(C(=O)c2c(C)noc2C)c2ccccc2O1,1.4452399999999996,Cc1noc(C)c1C(=O)N1CC(C)Oc2ccc(N)cc21,True,2.3013399999999997,0.8561000000000001,0.5333333333333333,False,True
1.0,bin,17,0.7375200986862183,0.6448001861572266,0.83024001121521,406491,COCCNC(=O)C1CCCN(S(=O)(=O)N2CCOCC2)C1,-0.9619999999999964,COC(=O)C1CCN(S(=O)(=O)N2CCOC(C)C2)CC1,True,-0.1630999999999989,0.7988999999999975,0.42105263157894735,False,True
1.0,bin,17,0.7375200986862183,0.6448001861572266,0.83024001121521,413951,O=C(Cn1ncn2cccc2c1=O)N1CCCCCC1,0.8985999999999996,CC1(C)CCCN(C(=O)Cn2ncn3cccc3c2=O)C1,True,1.1445999999999998,0.24600000000000022,0.7346938775510204,False,True
1.0,bin,17,0.7375200986862183,0.6448001861572266,0.83024001121521,427929,CCNc1nc(NCc2ccccc2Cl)c2cnn(C)c2n1,3.060600000000001,Cc1nc(NC(C)c2ccccc2)c2cnn(CC(C)C)c2n1,True,3.963820000000003,0.9032200000000019,0.2647058823529412,False,True
1.0,bin,17,0.7375200986862183,0.6448001861572266,0.83024001121521,447130,CCC(NC(=O)C1CCN(C(=O)C2CC2)CC1)c1ccc(C)cc1,3.2109200000000016,CCCC(NC(=O)C1CCN(C(=O)C2CC2)CC1)c1cccc(C)c1,True,3.6010200000000028,0.3901000000000012,0.6296296296296297,False,True
1.0,bin,17,0.7375200986862183,0.6448001861572266,0.83024001121521,481908,CCNS(=O)(=O)c1ccc(C)c(C(=O)Nc2ncccc2C)c1,2.24894,Cc1ccc(NC(=O)c2cccc(OCC(C)C)c2)nc1,True,3.677120000000002,1.428180000000002,0.22535211267605634,False,True
1.0,bin,17,0.7375200986862183,0.6448001861572266,0.83024001121521,485220,Cc1nn(CC(=O)N2CCN(C)CC2)c(C)c1Br,1.03644,CN1CCN(C(=O)Cn2nc(C(F)F)cc2Cl)CC1,True,1.2480999999999995,0.21165999999999952,0.46938775510204084,False,True
1.0,bin,17,0.7375200986862183,0.6448001861572266,0.83024001121521,526363,Cc1nnc(SCC(=O)Nc2ccc(O)cc2)n(N)c1=O,0.09692,CC1=CC=C(NC(=O)CSc2nnc(C)c(=O)[nH]2)NC=C1Cl,True,1.15272,1.0558,0.3088235294117647,False,True
1.0,bin,17,0.7375200986862183,0.6448001861572266,0.83024001121521,536853,COc1ccc(C2CCCN2C(=O)C2CCC2)c(OC)c1,3.1674000000000015,O=C(C1CCC1)N1CCCC1c1ccc(Cl)cc1F,True,3.942700000000003,0.7753000000000014,0.5384615384615384,False,True
1.0,bin,17,0.7375200986862183,0.6448001861572266,0.83024001121521,540312,Cc1nn(C)c2nc(C3CC3)cc(C(=O)NCC(=O)NC(C)(C)C)c12,1.7986199999999997,CCN(CC(F)(F)F)C(=O)c1cc(C2CC2)nc2c1c(C)nn2C,True,3.1785200000000016,1.379900000000002,0.546875,False,True
1.0,bin,17,0.7375200986862183,0.6448001861572266,0.83024001121521,544381,Cc1nc(N2CCCC(C(=O)NC(C)C)C2)c2c(C)c(C)oc2n1,2.8890600000000006,Cc1nc(N2CCCC(C)C2)c2c(C(C)C)coc2n1,True,3.890920000000003,1.0018600000000024,0.42857142857142855,False,True
1.0,bin,17,0.7375200986862183,0.6448001861572266,0.83024001121521,544382,CCCNC(=O)C1CCCN(c2nc(C)nc3oc(C)c(C)c23)C1,2.8906600000000013,Cc1nc(NC(=O)CC(C)C)c2c(N3CCCC(C)C3)c(C)oc2n1,True,4.060540000000003,1.1698800000000018,0.40540540540540543,False,True
1.0,bin,17,0.7375200986862183,0.6448001861572266,0.83024001121521,550049,Cc1ccc(C)c(OCC(=O)Nc2cccc(-n3cnnc3)c2)c1,2.9016400000000013,CCC(Oc1cccc(NC(=O)Cn2cnnc2)c1)c1ccc(C)cc1,True,3.755320000000002,0.8536800000000007,0.40298507462686567,False,True
1.0,bin,17,0.7375200986862183,0.6448001861572266,0.83024001121521,573533,Cc1nn(-c2ncc(C(F)(F)F)cc2Cl)c(=O)o1,2.2011199999999995,CC(C)(C)C=NN=C(Nc1ccc(Cl)c(Cl)n1)OC=O,True,3.361200000000002,1.1600800000000024,0.14285714285714285,False,True
1.0,bin,17,0.7375200986862183,0.6448001861572266,0.83024001121521,582555,O=C(NCC(O)c1ccccc1)c1ccc2c(=O)n3c(nc2c1)CCC3,1.8061000000000003,C=C(CNC(=O)c1ccc2c(=O)[nH]cnc2c1CCC)c1ccccc1,True,3.318800000000002,1.512700000000002,0.21176470588235294,False,True
1.0,bin,17,0.7375200986862183,0.6448001861572266,0.83024001121521,588547,Cc1n[nH]c(C)c1NC(=O)CCc1ccc(Cl)cc1Cl,3.9046400000000023,Cc1n[nH]c(C)c1NC(=O)CC(C)(C)c1ccc(Cl)cc1Cl,True,4.639740000000003,0.735100000000001,0.6226415094339622,False,True
1.0,bin,17,0.7375200986862183,0.6448001861572266,0.83024001121521,607673,CCCN(CC1CC1)S(=O)(=O)c1ccccc1F,2.636400000000001,CCN(CC1CC1)S(=O)(=O)c1ccc(F)cc1Br,True,3.0088000000000017,0.37240000000000073,0.48,False,True
1.0,bin,17,0.7375200986862183,0.6448001861572266,0.83024001121521,617681,Cc1cc(C(=O)Nc2nc(-c3ccncc3)cs2)nn1C(C)C,3.5432200000000016,Cc1cc(C(=O)Nc2nc(-c3ccncc3)cs2)nn1C(C)C,True,3.5432200000000016,0.0,1.0,True,False
1.0,bin,17,0.7375200986862183,0.6448001861572266,0.83024001121521,650267,COc1ccc2oc(C(=O)NC3CCCCNC3=O)c(C)c2c1,2.14832,CC1CCN(C(=O)C2Oc3ccccc3C(=O)NCC2C)CC1,True,2.072,-0.07631999999999994,0.1728395061728395,False,True
1.0,bin,17,0.7375200986862183,0.6448001861572266,0.83024001121521,668639,Cc1cc(NC(=O)c2ccccc2Cl)ncc1N,2.8779200000000005,CSc1ccc(C(=O)Nc2cc(Cl)c(C)cn2)cc1N,True,3.599820000000001,0.7219000000000007,0.48148148148148145,False,True
1.0,bin,17,0.7375200986862183,0.6448001861572266,0.83024001121521,673160,CCC(=O)Nc1ccc2oc(C(F)(F)F)cc(=O)c2c1,3.160300000000001,CC(C)CC(=O)Nc1ccc2oc(C(F)(F)F)cc(=O)c2c1,True,3.796400000000002,0.6361000000000008,0.7659574468085106,False,True
1.0,bin,17,0.7375200986862183,0.6448001861572266,0.83024001121521,711169,Cc1cccc(C(C)C)c1NC(=O)N(C)Cc1ccncc1,4.177320000000003,CC(C)Sc1ccc(NC(=O)N(C)Cc2ccncc2)cc1,True,4.246000000000003,0.06868000000000052,0.5185185185185185,False,True
1.0,bin,17,0.7375200986862183,0.6448001861572266,0.83024001121521,720969,Cc1noc(C)c1CCC(=O)OCC(=O)N1c2ccccc2CC1C,2.7450400000000013,Cc1noc(C)c1CCC(=O)OCC(=O)N1c2ccccc2CC1C,True,2.7450400000000013,0.0,1.0,True,False
1.0,bin,17,0.7375200986862183,0.6448001861572266,0.83024001121521,730789,COC(=O)C1CCN(C(=O)c2cc3ccc(F)cc3nc2C)CC1,2.7075200000000006,Cc1nc2ccccc2cc1C(=O)N1CCCCC1,True,3.1693200000000017,0.4618000000000011,0.4727272727272727,False,True
1.0,bin,17,0.7375200986862183,0.6448001861572266,0.83024001121521,738178,Cc1ccc(-n2ccnc2SCc2nc(C3CC3)no2)cc1C,4.041840000000003,Clc1ccc(-n2ccnc2SCc2nc(C3CC3)no2)c(Cl)c1,True,4.731800000000002,0.6899599999999984,0.6271186440677966,False,True
1.0,bin,17,0.7375200986862183,0.6448001861572266,0.83024001121521,771897,COc1ccccc1OCC(=O)N(C)Cc1sccc1C,3.102520000000002,Cc1ccsc1CN(C)C(=O)COc1cccc(Cl)c1,True,3.747320000000003,0.6448000000000009,0.6037735849056604,False,True
1.0,bin,17,0.7375200986862183,0.6448001861572266,0.83024001121521,811446,COC(=O)C1(NC(=O)c2cc(Br)c[nH]2)CCCCCC1,2.7730000000000006,CCC1C(C#N)CCCC1NC(=O)c1cc(Br)c[nH]1,True,3.225480000000001,0.45248000000000044,0.4,False,True
1.0,bin,17,0.7375200986862183,0.6448001861572266,0.83024001121521,848291,CCC(C)NC(=O)NCc1noc(-c2cccs2)n1,2.3958000000000004,CCCN(CCC)C(=O)NCc1noc(-c2cccs2)n1,True,3.1297000000000015,0.7339000000000011,0.625,False,True
1.0,bin,17,0.7375200986862183,0.6448001861572266,0.83024001121521,863440,COc1ccc(-c2nc(CCCO)cs2)cc1OC,2.752200000000001,COc1ccc(-c2nc(CO)cs2)c(Br)c1,True,3.073500000000001,0.3212999999999999,0.40384615384615385,False,True
1.0,bin,17,0.7375200986862183,0.6448001861572266,0.83024001121521,864663,N#Cc1ccc(-c2cc(F)ccc2F)nc1N1CCCC1,3.498680000000002,N#Cc1cc(-c2ccc(F)cc2F)ncc1N1CCCC1,True,3.498680000000003,8.881784197001252e-16,0.5,False,True
1.0,bin,17,0.7375200986862183,0.6448001861572266,0.83024001121521,872100,CCc1cccc(C)c1NCC(O)c1ccc2c(c1)OCCO2,3.474120000000002,Cc1cc(C)c(NCC(O)c2cc(Cl)c3c(c2)OCCO3)c(C)c1,True,4.181960000000003,0.7078400000000009,0.4576271186440678,False,True
1.0,bin,17,0.7375200986862183,0.6448001861572266,0.83024001121521,886334,COc1ccc(C(=O)N2CCCC(C(=O)N3CCCCC3)C2)c(O)c1,2.2655000000000003,Cc1ccccc1C(=O)N1CCCC(C(=O)N2CCCC(C)C2)C1,True,3.1057200000000016,0.8402200000000013,0.47368421052631576,False,True
1.0,bin,17,0.7375200986862183,0.6448001861572266,0.83024001121521,887387,COCCNC(=O)N(Cc1cccc(F)c1)CC1CCCO1,2.1627,COC(C)C(=O)N(Cc1ccc(F)c(F)c1)CC1CCCO1,True,2.5073000000000008,0.3446000000000007,0.4925373134328358,False,True
1.0,bin,17,0.7375200986862183,0.6448001861572266,0.83024001121521,889149,N#Cc1ccc(NC(=O)c2ccc(Br)cc2Cl)nc1,3.621480000000001,Cc1ccc(C(=O)Nc2cc(C#N)ccn2)cc1C(C)(C)C,True,3.8115000000000023,0.1900200000000014,0.31746031746031744,False,True
1.0,bin,17,0.7375200986862183,0.6448001861572266,0.83024001121521,913483,O=C(CNC(=O)NCCc1c(Cl)cccc1Cl)NC1CC1,2.1137000000000006,CCC1(C)CC1NC(=O)NCC(C)CC(=O)N(C)Cc1ccccc1,True,3.1590000000000016,1.045300000000001,0.1891891891891892,False,True
1.0,bin,17,0.7375200986862183,0.6448001861572266,0.83024001121521,917620,C=CCN(Cc1ccccc1OC)C(=O)c1csc(C)n1,3.288520000000002,C=CC(C)N(Cc1ccccc1)C(=O)C1N=C(C)S1,True,3.0810000000000013,-0.2075200000000006,0.27941176470588236,False,True
1.0,bin,17,0.7375200986862183,0.6448001861572266,0.83024001121521,918312,CCOc1ccc(Cl)c(C(=O)N2CCN(c3ncccn3)CC2)n1,1.8860999999999997,CCCCc1ccc(C(=O)N2CCN(c3ncc(Cl)cn3)CC2)nc1,True,2.830000000000001,0.9439000000000013,0.390625,False,True
1.0,bin,17,0.7375200986862183,0.6448001861572266,0.83024001121521,922879,CC(=O)c1ccc(N2CCN(Cc3c(F)cccc3F)CC2)cc1,3.489600000000003,O=C1C=CC=C(NCCN(F)Cc2ccccc2C(F)F)C1,True,3.313200000000002,-0.176400000000001,0.1232876712328767,False,True
1.0,bin,17,0.7375200986862183,0.6448001861572266,0.83024001121521,927535,COc1cc(CN2CCN(c3ccccc3F)CC2)ccc1O,2.862100000000002,COc1cccc(CN2CCN(c3ccccc3Cl)CC2)c1OC,True,3.679400000000003,0.8173000000000008,0.42105263157894735,False,True
1.0,bin,17,0.7375200986862183,0.6448001861572266,0.83024001121521,927567,Cc1ccccc1N1CCN(Cc2cccc(O)c2)CC1,3.022820000000001,Cc1ccc(C)c(CN2CCN(c3cc(F)ccc3F)CC2)c1,True,3.9038400000000033,0.8810200000000021,0.34545454545454546,False,True
1.0,bin,17,0.7375200986862183,0.6448001861572266,0.83024001121521,938108,CC(c1ccccc1)N(C)C(=O)CCC(=O)Nc1nccs1,3.0814000000000012,CC(c1ccccc1)N(C)C(=O)CCC(=O)Nc1ncc(Cl)s1,True,3.7348000000000026,0.6534000000000013,0.6666666666666666,False,True
1.0,bin,17,0.7375200986862183,0.6448001861572266,0.83024001121521,943303,CN(CCCOc1ccccc1)C(=O)Nc1cccc2c1OCCO2,3.390600000000002,CN(CCCOc1ccccc1)C(=O)Nc1cccc2c1OCCO2,True,3.390600000000002,0.0,1.0,True,False
1.0,bin,17,0.7375200986862183,0.6448001861572266,0.83024001121521,946289,CC(NC(=O)C1(c2cc(-c3ccco3)on2)CC1)c1ccccc1,3.843600000000002,CCC(NC(=O)C1(c2cc(-c3ccco3)on2)CC1)c1ccccc1,True,4.2337000000000025,0.39010000000000034,0.7636363636363637,False,True
1.0,bin,17,0.7375200986862183,0.6448001861572266,0.83024001121521,994077,Cc1nnc(Cn2c(-c3cccc(Br)c3)noc2=O)o1,2.0055199999999997,CC=NN=C(O)C1CON=C2ON=C(c3cccc(Cl)c3)N21,True,1.9658000000000002,-0.03971999999999953,0.16049382716049382,False,True
1.0,bin,17,0.7375200986862183,0.6448001861572266,0.83024001121521,1065620,O=C(NCc1cccnc1Oc1ccccc1)c1cccnc1,3.198900000000002,C=CC=COc1ncccc1CNC(=O)c1cnccc1Cl,True,3.1385000000000014,-0.06040000000000045,0.4375,False,True
1.0,bin,17,0.7375200986862183,0.6448001861572266,0.83024001121521,1093926,CN(C(=O)CNc1cccc(OCC2CCCO2)c1)c1ccccc1,3.319300000000002,C=C(C=CC=CN(C)C(=O)CNC12C=C(C)C=C(C1)C2)OC1CCCO1,True,3.190000000000002,-0.12929999999999975,0.24444444444444444,False,True
1.0,bin,17,0.7375200986862183,0.6448001861572266,0.83024001121521,1107920,CCc1ccc(-n2cc(C(=O)NC(C)c3ccccc3)nn2)cc1,3.320700000000002,Cc1ccc(C(C)NC(=O)c2cn(-c3ccc(F)cc3)nn2)cc1Cl,True,3.8592200000000023,0.5385200000000001,0.5245901639344263,False,True
1.0,bin,17,0.7375200986862183,0.6448001861572266,0.83024001121521,1113130,CC(NC(=O)Cn1nnnc1C(C)(C)C)c1cccc2ccccc12,3.0012000000000016,CC(C)C(NC(=O)Cn1nnnc1C(C)(C)C)c1cccc2ccccc12,True,3.6373000000000024,0.6361000000000008,0.8076923076923077,False,True
1.0,bin,17,0.7375200986862183,0.6448001861572266,0.83024001121521,1121751,COC(=O)Cn1ccc(NS(=O)(=O)c2ccc(F)c(F)c2F)n1,1.2742,CN(N)C=CCN[SH](=O)=O,True,-1.5783999999999998,-2.8526,0.06349206349206349,False,True
1.0,bin,17,0.7375200986862183,0.6448001861572266,0.83024001121521,1142531,CCOC(C)C(=O)NCCc1csc(-c2ccc(C)cc2)n1,3.2022200000000014,C=CCNC(=O)NCCc1csc(-c2ccc(Cl)cc2)n1,True,3.491200000000002,0.28898000000000046,0.45161290322580644,False,True
1.0,bin,17,0.7375200986862183,0.6448001861572266,0.83024001121521,1212157,CN(Cc1ccc(F)c(F)c1)C(=O)c1cncc(-c2cnn(C)c2)c1,3.0325000000000015,CCN(Cc1cccc(-c2cn[nH]c2)c1)C(=O)c1c(F)cccc1Cl,True,4.531500000000003,1.4990000000000014,0.25316455696202533,False,True
1.0,bin,17,0.7375200986862183,0.6448001861572266,0.83024001121521,1215394,CCn1nc(C)cc1C(=O)Oc1cccc(NC(=O)C(C)C)c1,3.025120000000001,CCn1nc(C)cc1C(=O)Oc1cccc(Cl)c1Cl,True,3.737420000000003,0.7123000000000017,0.543859649122807,False,True
1.0,bin,17,0.7375200986862183,0.6448001861572266,0.83024001121521,1232922,CC(C)(C)OC(=O)NC1CCCN(S(=O)(=O)N2CCOCC2)C1,0.5525000000000011,CC1CCCN(S(=O)(=O)N2CCCC(NC(C)(C)C)C2)C1,True,1.8155999999999999,1.2630999999999988,0.4423076923076923,False,True
1.0,bin,17,0.7375200986862183,0.6448001861572266,0.83024001121521,1238973,FC(F)(F)c1cnc(N2CCn3c(nnc3C3CC3)C2)c(Cl)c1,3.2429000000000023,FC(F)(F)c1nnc2n1CCN(c1ncc(Cl)cc1Cl)C2,True,3.0189000000000012,-0.2240000000000011,0.5740740740740741,False,True
1.0,bin,17,0.7375200986862183,0.6448001861572266,0.83024001121521,1299495,Cc1cc(CC(=O)N2CCCC2C(C#N)c2ccccc2)no1,2.823900000000001,CCCC1(C(=O)N2CCCC2Cc2cccc(OC)c2F)C=NOC1C,True,3.5588000000000024,0.7349000000000014,0.21978021978021978,False,True
1.0,bin,17,0.7375200986862183,0.6448001861572266,0.83024001121521,1309906,CC(C)CC(NC(=O)c1cc(=O)c2ccccc2o1)C(=O)OC(C)C,2.8891000000000018,CCCCN(CC)C(=O)C1=NCC=COC(CC)C=CC(=O)C=C1,True,3.080000000000002,0.19090000000000007,0.13253012048192772,False,True
1.0,bin,17,0.7375200986862183,0.6448001861572266,0.83024001121521,1362816,COCc1cccc(C(=O)NC2CC2c2cccc(Cl)c2)c1,3.772300000000002,CC(C)Sc1ccc(C(=O)NC2CC2c2cccc(F)c2)cc1,True,4.612100000000003,0.8398000000000012,0.421875,False,True
1.0,bin,17,0.7375200986862183,0.6448001861572266,0.83024001121521,1441838,COCC(=O)NC(C(=O)Nc1cccc(-c2nccs2)c1)C(C)C,2.5358,CCN(CC)C(=O)CCC(=O)Nc1cccc(-c2nccs2)c1,True,3.3972000000000016,0.8614000000000015,0.515625,False,False
1.0,bin,17,0.7375200986862183,0.6448001861572266,0.83024001121521,1450449,CCCNC(=O)CSc1nc2c(cc1C#N)CCCC2,2.450380000000001,CC(N=O)Sc1ncc(C#N)c2c1CCCC2,True,3.0365800000000016,0.5862000000000007,0.26153846153846155,False,True
1.0,bin,17,0.7375200986862183,0.6448001861572266,0.83024001121521,1451910,O=S(=O)(NCc1nnc2ccccn12)c1ccc(F)c(F)c1,1.4859999999999995,CSc1cccc(S(=O)(=O)NCc2nnc3ccccn23)c1,True,1.9297,0.4437000000000004,0.6415094339622641,False,True
1.0,bin,17,0.7375200986862183,0.6448001861572266,0.83024001121521,1479798,Cc1nc(C)c(CCC(=O)N(CC(C)C)CC(F)(F)F)c(=O)[nH]1,2.3662400000000003,CCN(OC(C)(C)C)C(=O)CCC1=C(C)N=C(C(C)(C)C)NC1,True,3.6670000000000025,1.3007600000000021,0.2112676056338028,False,True
1.0,bin,17,0.7375200986862183,0.6448001861572266,0.83024001121521,1507926,COC(=O)C(C)NC(=O)Cc1csc(-c2ccccc2Cl)n1,2.6837,CN(CCC#N)C(=O)Cc1csc(-c2ccccc2Cl)n1,True,3.3780800000000024,0.6943800000000024,0.4918032786885246,False,True
1.0,bin,17,0.7375200986862183,0.6448001861572266,0.83024001121521,1527882,Nc1ncccc1C(=O)Nc1ccc2cn[nH]c2c1,1.7923999999999998,O=C(Nc1ccc2[nH]ncc2c1)c1ccc(Cl)cn1,True,2.863600000000001,1.071200000000001,0.45454545454545453,False,True
1.0,bin,17,0.7375200986862183,0.6448001861572266,0.83024001121521,1532848,COc1ccc(-c2ccc3c(=O)[nH]cnc3c2)cc1Cl,3.2521000000000013,Cc1ccc(-c2ccc(Cl)c3[nH]c(=O)cnc23)cc1C,True,3.8603400000000025,0.6082400000000012,0.2459016393442623,False,True
1.0,bin,17,0.7375200986862183,0.6448001861572266,0.83024001121521,1548351,COc1cc(OC)c2c(c1)C(c1cnccn1)NCC2,1.7288999999999999,Fc1cc2c(cc1Br)C(c1cnccn1)NCC2,True,2.6133000000000006,0.8844000000000007,0.45454545454545453,False,True
1.0,bin,17,0.7375200986862183,0.6448001861572266,0.83024001121521,1570134,COc1cccc(C(C)N2CCN(C(=O)c3ccc(O)cc3)CC2)c1,2.9198000000000013,COc1ccccc1C(C)N1CCN(C(=O)c2ccc(Cl)cc2)CC1,True,3.867600000000003,0.9478000000000018,0.5,False,True
1.0,bin,17,0.7375200986862183,0.6448001861572266,0.83024001121521,1611406,CC(C)(C)N1CC(NC(=O)C2COc3ccc(F)cc3C2)CC1=O,1.8923999999999994,CCC1C=CC=CC=C(C(=O)NC2CCOC2=O)CNC1C(C)(C)C,True,2.5010000000000003,0.6086000000000009,0.1724137931034483,False,True
1.0,bin,17,0.7375200986862183,0.6448001861572266,0.83024001121521,1612684,CCCC1CN(C(=O)Nc2ccn(CCC(C)C)n2)CCO1,2.9620000000000015,CCCC1CN(C(=O)Nc2ccn(CC(F)(F)F)n2)CCO1,True,2.4782,-0.48380000000000134,0.7288135593220338,False,False
1.0,bin,17,0.7375200986862183,0.6448001861572266,0.83024001121521,1639675,CCC(CC)c1nnc(NC(=O)c2scnc2C2CC2)s1,4.0279000000000025,CSC(CC(C)C)=NN=CNC(=O)c1sccc1C,True,3.5372200000000023,-0.4906800000000002,0.1780821917808219,False,True
1.0,bin,17,0.7375200986862183,0.6448001861572266,0.83024001121521,1675660,COc1ccnc(NC(=O)c2cccc(Cl)c2)c1,2.9959000000000007,O=C(Nc1ccccn1)c1c(Cl)cccc1Cl,True,3.6407000000000007,0.6448,0.38,False,False
1.0,bin,17,0.7375200986862183,0.6448001861572266,0.83024001121521,1689728,CCc1noc(CSc2ncnc3sc(C)cc23)n1,3.237420000000002,CC(C)(C)c1noc(CSc2ncnc3sc(N)cc23)n1,True,3.2463000000000006,0.008879999999998667,0.543859649122807,False,True
1.0,bin,17,0.7375200986862183,0.6448001861572266,0.83024001121521,1720876,CC(C)(C)CC(=O)NCC(=O)Nc1ccc2c(c1)COC2,2.2077,CC(C)CC(=O)Nc1ccc2c(c1)COCC2,True,2.743900000000001,0.5362000000000009,0.4807692307692308,False,True
1.0,bin,17,0.7375200986862183,0.6448001861572266,0.83024001121521,1757109,CC(C)Cc1ncc(CNc2ccc3c(c2)COC3)s1,3.983900000000003,CCC(Nc1ccc2c(c1)COCC2C(C)C)c1nccs1,True,4.976100000000004,0.9922000000000013,0.3,False,True
1.0,bin,17,0.7375200986862183,0.6448001861572266,0.83024001121521,1774061,O=C1NCCCc2[nH]c(-c3cccc4[nH]ccc34)nc21,2.234,C=CN=C1NCCCc2[nH]c(-c3cccc(SCC)c3)nc21,True,3.614600000000002,1.380600000000002,0.3194444444444444,False,True
1.0,bin,17,0.7375200986862183,0.6448001861572266,0.83024001121521,1800687,Cc1nn(C)c(-c2nc(-c3cccnn3)no2)c1Cl,1.8889199999999997,CC(C)n1ncc(Cl)c1-c1nc(-c2cccnn2)no1,True,2.6244000000000005,0.7354800000000008,0.5555555555555556,False,True
1.0,bin,17,0.7375200986862183,0.6448001861572266,0.83024001121521,1815867,FC(F)(F)c1ccc(CN2CCOCC2c2ncon2)cc1,2.661900000000001,FC(F)(F)c1ccc(CN2CCOCC2c2ncon2)cc1Cl,True,3.3153000000000024,0.6534000000000013,0.7547169811320755,False,True
1.0,bin,17,0.7375200986862183,0.6448001861572266,0.83024001121521,1828580,Cc1ccc(N2CC3OCC(=O)N(Cc4cccc(F)c4)C3C2)nn1,1.54032,CC=CC1=C(NCCC2CCN(Cc3ccccc3)CCOCC(=O)N2)N=C1,True,2.2455,0.7051799999999999,0.1875,False,True
1.0,bin,17,0.7375200986862183,0.6448001861572266,0.83024001121521,1836183,CCc1ccc(C(=O)NCc2nccc(N(C)C)n2)cc1,2.035,CC(C)CCNc1cc(CNC(=O)c2ccc(F)cc2)ncn1,True,3.003700000000001,0.968700000000001,0.2878787878787879,False,True
1.0,bin,17,0.7375200986862183,0.6448001861572266,0.83024001121521,1842499,COc1ccccc1COc1ccccc1-c1cnn(CCO)c1,3.1300000000000017,COCCn1cc(-c2ccccc2OCc2ccc(F)cc2F)cn1,True,4.053700000000004,0.923700000000002,0.5614035087719298,False,True
1.0,bin,17,0.7375200986862183,0.6448001861572266,0.83024001121521,1865564,COC(CNC(=O)c1ccoc1)c1cccc(F)c1,2.536200000000001,O=C(F)NCC(O)c1ccccc1C(F)F,True,2.3367000000000004,-0.19950000000000045,0.23728813559322035,False,True
1.0,bin,17,0.7375200986862183,0.6448001861572266,0.83024001121521,1868773,CCCOc1ccc(Cl)c2c1CCNC2C1CC(=O)C1,3.2947000000000015,CCCCCOc1ccc(Cl)c2c1CCN1CCC(=O)CC21,True,4.171100000000004,0.8764000000000021,0.48333333333333334,False,True
1.0,bin,17,0.7375200986862183,0.6448001861572266,0.83024001121521,1873123,CCC1OC(=O)c2c(OC)ccc(Br)c21,3.079200000000002,CCCOC(=O)COC(=O)CC=C(C=CBr)C(C)C,True,3.3639000000000028,0.28470000000000084,0.09523809523809523,False,True
1.0,bin,17,0.7375200986862183,0.6448001861572266,0.83024001121521,1875028,Cc1cccc(C)c1NCC(=O)N1CCCC2CCCCC21,3.8965400000000034,O=C(CNc1ccc(Cl)cc1Cl)N1CCCC12CCCC2,True,4.340500000000003,0.4439599999999997,0.27419354838709675,False,True
1.0,bin,17,0.7375200986862183,0.6448001861572266,0.83024001121521,1895921,CCC(CC)N(C)C(=O)CC1OC(=O)c2ccccc21,2.935200000000002,CC(C)CCCCNC(=O)CC1OC(=O)c2ccccc21,True,3.2307000000000015,0.29549999999999965,0.48148148148148145,False,False
1.0,bin,17,0.7375200986862183,0.6448001861572266,0.83024001121521,1907077,Cc1ccc2[nH]nc(C(=O)Nc3nc(-c4ccco4)cs3)c2c1,3.8401200000000015,C=Cc1c[nH]nc1C(=O)NC1=Nc2c(Cl)ccc(NC)c2C=CS1,True,3.8828000000000022,0.04268000000000072,0.18181818181818182,False,True
1.0,bin,17,0.7375200986862183,0.6448001861572266,0.83024001121521,1913063,Cc1nn(C)c(C)c1CN(C(=O)c1cn2cccc(C)c2n1)C1CC1,2.797860000000001,Cc1nn(C(C)C)c(C)c1C(=O)NCCC1=NN(C)C=CC=CC1,True,2.9621400000000015,0.16428000000000065,0.20238095238095238,False,True
1.0,bin,17,0.7375200986862183,0.6448001861572266,0.83024001121521,1922265,CN(CCNC(=O)c1ccc2c(c1)ncn2C)c1ccccc1,2.4395000000000007,CCN(CCNC(=O)c1ccc2[nH]cnc2c1)Cc1ccc(Cl)cc1,True,3.468200000000002,1.0287000000000015,0.36619718309859156,False,True
1.0,bin,18,0.9854800075292588,0.83024001121521,1.1407200038433076,32052,COc1ccccc1CNC(=O)Cc1c[nH]c2ccccc12,3.035400000000001,O=C(Cc1c[nH]c2ccccc12)NCc1cc(C(F)(F)F)ccc1F,True,4.184700000000002,1.149300000000001,0.5454545454545454,False,True
1.0,bin,18,0.9854800075292588,0.83024001121521,1.1407200038433076,116747,COCCSc1ccccc1C(=O)Nc1cccc(C)n1,3.3808200000000017,CSc1ccc(C(F)(F)F)cc1C(=O)Nc1cccc(C)n1,True,4.383020000000003,1.002200000000001,0.47368421052631576,False,True
1.0,bin,18,0.9854800075292588,0.83024001121521,1.1407200038433076,131060,CS(=O)(=O)NCCc1csc(-c2ccc(F)cc2)n1,2.0408999999999997,CCC(=O)NCCc1csc(-c2ccc(Cl)cc2)n1,True,3.5322000000000013,1.4913000000000016,0.5,False,True
1.0,bin,18,0.9854800075292588,0.83024001121521,1.1407200038433076,131949,CCc1c(C)nc(SCC(=O)NC(C)C)[nH]c1=O,1.25742,CCCCCC=C(OC(=O)N(C)C)SC(C)=NC(C)=C(C)C,True,5.571700000000006,4.314280000000006,0.09722222222222222,False,True
1.0,bin,18,0.9854800075292588,0.83024001121521,1.1407200038433076,158879,COc1ccc(CC(=O)OCC(=O)c2c[nH]c3ccccc23)cc1,3.145100000000001,CC(C(=O)OCC(=O)c1c[nH]c2ccccc12)c1cccc(Cl)c1,True,4.350900000000003,1.2058000000000018,0.48333333333333334,False,True
1.0,bin,18,0.9854800075292588,0.83024001121521,1.1407200038433076,232056,COCCNC(=O)c1cc(=O)c2cc(C)ccc2o1,1.4776199999999993,COCCCNC(=O)c1cc(=O)c2c(Cl)cccc2o1,True,2.2127,0.7350800000000006,0.509090909090909,False,True
1.0,bin,18,0.9854800075292588,0.83024001121521,1.1407200038433076,235788,O=C(Cn1nc(-c2ccco2)oc1=O)NCC(F)(F)F,0.7747999999999999,CCC(C(=O)N1COC(c2ccco2)=N1)C(C)(C)C,True,2.8298000000000014,2.0550000000000015,0.29850746268656714,False,True
1.0,bin,18,0.9854800075292588,0.83024001121521,1.1407200038433076,236081,CC(=O)c1c(C)[nH]c(C(=O)CSc2nc(C(C)C)n[nH]2)c1C,3.0506400000000014,Cc1n[nH]c(SCC(=O)c2[nH]c(C)c(CCC(C)(C)C)c2C)n1,True,4.011760000000003,0.961120000000002,0.4745762711864407,False,True
1.0,bin,18,0.9854800075292588,0.83024001121521,1.1407200038433076,281081,O=C(Cn1cccn1)NCc1cccnc1Oc1ccc(F)cc1F,2.665000000000001,Cc1ccc(Oc2cccnc2CNC(=O)Cn2cccn2)cc1Cl,True,3.3486200000000013,0.6836200000000003,0.5142857142857142,False,True
1.0,bin,18,0.9854800075292588,0.83024001121521,1.1407200038433076,284170,COc1ccc(-c2nc(CC(=O)Nc3cccc(C)n3)cs2)cc1,3.7033200000000024,Cc1ccc(NC(=O)Cc2csc(-c3cccc(Cl)c3)n2)nc1,True,4.348120000000002,0.6448,0.5,False,True
1.0,bin,18,0.9854800075292588,0.83024001121521,1.1407200038433076,288369,Cc1ccc(NCc2nnc3n2CCCCC3)cc1C,3.2334400000000016,CCC(=CC=CNC1=C(Cl)C1)c1nnc2n1CCCC2,True,3.3652000000000024,0.13176000000000077,0.2878787878787879,False,True
1.0,bin,18,0.9854800075292588,0.83024001121521,1.1407200038433076,302889,COc1ccc(OC)c(NC(=O)CCNC(=O)c2cccs2)c1,2.5239000000000003,Cc1cccc(C(C)C)c1NC(=O)CCNC(=O)c1cccs1,True,3.9385200000000022,1.414620000000002,0.4918032786885246,False,False
1.0,bin,18,0.9854800075292588,0.83024001121521,1.1407200038433076,327141,COc1ccc(OC)c(S(=O)(=O)Nc2ccn(C)n2)c1,1.2381,Cc1c(Cl)cccc1S(=O)(=O)Nc1ccn(C)n1,True,2.1827199999999998,0.9446199999999998,0.49019607843137253,False,False
1.0,bin,18,0.9854800075292588,0.83024001121521,1.1407200038433076,327382,CNC(=O)C1CN(C(=O)c2c(C)noc2C)c2ccccc2O1,1.4452399999999996,Cc1noc(C(C)C)c1C(=O)N1CC(C)Oc2ccccc21,True,3.5341200000000024,2.0888800000000027,0.5423728813559322,False,True
1.0,bin,18,0.9854800075292588,0.83024001121521,1.1407200038433076,406491,COCCNC(=O)C1CCCN(S(=O)(=O)N2CCOCC2)C1,-0.9619999999999964,CC(C)NC(=O)C1CCCN(S(=O)(=O)N2CCOC(C)C2)C1,True,0.18850000000000167,1.150499999999998,0.49122807017543857,False,True
1.0,bin,18,0.9854800075292588,0.83024001121521,1.1407200038433076,413951,O=C(Cn1ncn2cccc2c1=O)N1CCCCCC1,0.8985999999999996,CC1(C)CCCN(C(=O)Cn2nc3ccccn3c2=O)CC1,True,1.5347,0.6361000000000003,0.3709677419354839,False,True
1.0,bin,18,0.9854800075292588,0.83024001121521,1.1407200038433076,427929,CCNc1nc(NCc2ccccc2Cl)c2cnn(C)c2n1,3.060600000000001,CCc1nc(NCc2ccccc2Cl)c2cnn(CC)c2n1,True,3.674100000000002,0.613500000000001,0.5714285714285714,False,True
1.0,bin,18,0.9854800075292588,0.83024001121521,1.1407200038433076,447130,CCC(NC(=O)C1CCN(C(=O)C2CC2)CC1)c1ccc(C)cc1,3.2109200000000016,CC(C)C=CC=C1C=CC1(NC(=O)C1CCN(C(C)C)CC1)C1CC1,True,4.080200000000003,0.8692800000000016,0.23943661971830985,False,True
1.0,bin,18,0.9854800075292588,0.83024001121521,1.1407200038433076,481908,CCNS(=O)(=O)c1ccc(C)c(C(=O)Nc2ncccc2C)c1,2.24894,CCOc1ccc(C(=O)Nc2ccc(C)cn2)cc1OC,True,3.0496200000000018,0.8006800000000016,0.22857142857142856,False,False
1.0,bin,18,0.9854800075292588,0.83024001121521,1.1407200038433076,485220,Cc1nn(CC(=O)N2CCN(C)CC2)c(C)c1Br,1.03644,CCc1nn(CC(=O)N2CCN(CC)CC2)c(C)c1Br,True,1.6805200000000002,0.6440800000000002,0.5652173913043478,False,True
1.0,bin,18,0.9854800075292588,0.83024001121521,1.1407200038433076,526363,Cc1nnc(SCC(=O)Nc2ccc(O)cc2)n(N)c1=O,0.09692,CCCc1nnc(SCC(=O)Nc2ccc(C)cc2)n(N)c1=O,True,1.34382,1.2469000000000001,0.660377358490566,False,True
1.0,bin,18,0.9854800075292588,0.83024001121521,1.1407200038433076,536853,COc1ccc(C2CCCN2C(=O)C2CCC2)c(OC)c1,3.1674000000000015,O=C(C1CCC1)C1CCCN1c1ccc(Cl)c(Cl)c1,True,4.331400000000004,1.1640000000000024,0.2833333333333333,False,True
1.0,bin,18,0.9854800075292588,0.83024001121521,1.1407200038433076,540312,Cc1nn(C)c2nc(C3CC3)cc(C(=O)NCC(=O)NC(C)(C)C)c12,1.7986199999999997,CCCCNC(=O)Nc1cc(C2CC2)nc2c1c(C)nn2C,True,3.0757200000000013,1.2771000000000017,0.5,False,True
1.0,bin,18,0.9854800075292588,0.83024001121521,1.1407200038433076,544381,Cc1nc(N2CCCC(C(=O)NC(C)C)C2)c2c(C)c(C)oc2n1,2.8890600000000006,COCC1CCCCN(c2nc(C)nc3oc(C)c(C)c23)C1,True,3.400960000000002,0.5119000000000016,0.5333333333333333,False,True
1.0,bin,18,0.9854800075292588,0.83024001121521,1.1407200038433076,544382,CCCNC(=O)C1CCCN(c2nc(C)nc3oc(C)c(C)c23)C1,2.8906600000000013,CCC1=NC(C(C)C)=CC(N2CCC(C(=O)OC)CC2)=NCOC(C)=C1,True,3.5523000000000025,0.6616400000000011,0.21176470588235294,False,True
1.0,bin,18,0.9854800075292588,0.83024001121521,1.1407200038433076,550049,Cc1ccc(C)c(OCC(=O)Nc2cccc(-n3cnnc3)c2)c1,2.9016400000000013,Cc1ccccc1OC(C)C(=O)Nc1cccc(-n2cnnc2)c1C,True,3.290140000000001,0.3884999999999996,0.3382352941176471,False,True
1.0,bin,18,0.9854800075292588,0.83024001121521,1.1407200038433076,573533,Cc1nn(-c2ncc(C(F)(F)F)cc2Cl)c(=O)o1,2.2011199999999995,CCC1C=NN(c2ncc(Cl)cc2Cl)C(=O)OCC1,True,3.7471000000000023,1.5459800000000028,0.26153846153846155,False,True
1.0,bin,18,0.9854800075292588,0.83024001121521,1.1407200038433076,582555,O=C(NCC(O)c1ccccc1)c1ccc2c(=O)n3c(nc2c1)CCC3,1.8061000000000003,C#CC(=CC=CC)C(O)CNC(=O)c1ccc2c(=O)n3c(nc2c1)CCC3,True,1.5691,-0.23700000000000032,0.6285714285714286,False,True
1.0,bin,18,0.9854800075292588,0.83024001121521,1.1407200038433076,588547,Cc1n[nH]c(C)c1NC(=O)CCc1ccc(Cl)cc1Cl,3.9046400000000023,Cc1n[nH]c(C)c1NC(=O)CC(c1ccc(Cl)cc1Cl)C(C)C,True,5.101740000000004,1.1971000000000016,0.6,False,True
1.0,bin,18,0.9854800075292588,0.83024001121521,1.1407200038433076,607673,CCCN(CC1CC1)S(=O)(=O)c1ccccc1F,2.636400000000001,CCCN(CC1CC1)S(=O)(=O)c1ccccc1Br,True,3.259800000000002,0.6234000000000011,0.7142857142857143,False,True
1.0,bin,18,0.9854800075292588,0.83024001121521,1.1407200038433076,617681,Cc1cc(C(=O)Nc2nc(-c3ccncc3)cs2)nn1C(C)C,3.5432200000000016,Cc1cn(C(C)(C)C)nc1C(=O)Nc1nc(-c2ccncc2)cs1,True,3.7173200000000026,0.17410000000000103,0.5333333333333333,False,True
1.0,bin,18,0.9854800075292588,0.83024001121521,1.1407200038433076,650267,COc1ccc2oc(C(=O)NC3CCCCNC3=O)c(C)c2c1,2.14832,CC1(C)CNC(=O)C(NC(=O)C2=CCC=CC=CC2Cl)C1,True,2.0671999999999997,-0.0811200000000003,0.23076923076923078,False,True
1.0,bin,18,0.9854800075292588,0.83024001121521,1.1407200038433076,668639,Cc1cc(NC(=O)c2ccccc2Cl)ncc1N,2.8779200000000005,Cc1nc(NC(=O)c2ccc(Cl)c(Cl)c2)ccc1F,True,4.0882200000000015,1.210300000000001,0.3157894736842105,False,True
1.0,bin,18,0.9854800075292588,0.83024001121521,1.1407200038433076,673160,CCC(=O)Nc1ccc2oc(C(F)(F)F)cc(=O)c2c1,3.160300000000001,O=c1cc(C(F)(F)F)oc2cc(C(F)(F)F)ccc12,True,3.8306000000000004,0.6702999999999992,0.4375,False,True
1.0,bin,18,0.9854800075292588,0.83024001121521,1.1407200038433076,711169,Cc1cccc(C(C)C)c1NC(=O)N(C)Cc1ccncc1,4.177320000000003,CC1=CC=C(NC(=O)N(Cc2ccncc2)CC(C)C)CC=C1Cl,True,4.605800000000004,0.4284800000000013,0.3787878787878788,False,True
1.0,bin,18,0.9854800075292588,0.83024001121521,1.1407200038433076,720969,Cc1noc(C)c1CCC(=O)OCC(=O)N1c2ccccc2CC1C,2.7450400000000013,Cc1ccc2cc1N(C(=O)CCc1c(C)noc1C(C)C)CC2=O,True,3.5769400000000022,0.831900000000001,0.3076923076923077,False,True
1.0,bin,18,0.9854800075292588,0.83024001121521,1.1407200038433076,730789,COC(=O)C1CCN(C(=O)c2cc3ccc(F)cc3nc2C)CC1,2.7075200000000006,Cc1nc2ccc(F)cc2cc1C(=O)N1CCC(C#N)C(C)C1,True,3.304100000000002,0.5965800000000012,0.5,False,True
1.0,bin,18,0.9854800075292588,0.83024001121521,1.1407200038433076,738178,Cc1ccc(-n2ccnc2SCc2nc(C3CC3)no2)cc1C,4.041840000000003,ClC1CC=CC=C1n1ccnc1SCc1nc(C2CC2)no1,True,3.844000000000002,-0.19784000000000113,0.5645161290322581,False,True
1.0,bin,18,0.9854800075292588,0.83024001121521,1.1407200038433076,771897,COc1ccccc1OCC(=O)N(C)Cc1sccc1C,3.102520000000002,C=S1C(CN(C)C(=O)C(C)OC2C=CC=CC2)=CC=C1C(C)C,True,3.872900000000003,0.7703800000000012,0.15584415584415584,False,True
1.0,bin,18,0.9854800075292588,0.83024001121521,1.1407200038433076,811446,COC(=O)C1(NC(=O)c2cc(Br)c[nH]2)CCCCCC1,2.7730000000000006,CCCC(NC(=O)c1cc(Br)c(C)n1CCC)C(C)=O,True,3.456520000000002,0.6835200000000015,0.18181818181818182,False,True
1.0,bin,18,0.9854800075292588,0.83024001121521,1.1407200038433076,848291,CCC(C)NC(=O)NCc1noc(-c2cccs2)n1,2.3958000000000004,CC(C)C(C)NC(=O)NCc1noc(-c2cccs2)n1,True,2.641800000000001,0.24600000000000044,0.7843137254901961,False,False
1.0,bin,18,0.9854800075292588,0.83024001121521,1.1407200038433076,863440,COc1ccc(-c2nc(CCCO)cs2)cc1OC,2.752200000000001,COc1ccc(-c2nc(C(=O)NC(C)C(C)C)cs2)cc1OC,True,3.601600000000003,0.8494000000000019,0.4727272727272727,False,True
1.0,bin,18,0.9854800075292588,0.83024001121521,1.1407200038433076,864663,N#Cc1ccc(-c2cc(F)ccc2F)nc1N1CCCC1,3.498680000000002,N#Cc1cc(-c2ccc(Cl)c(Cl)c2F)ncc1N1CCCC1,True,4.666380000000002,1.1677,0.3728813559322034,False,True
1.0,bin,18,0.9854800075292588,0.83024001121521,1.1407200038433076,872100,CCc1cccc(C)c1NCC(O)c1ccc2c(c1)OCCO2,3.474120000000002,Cc1cc(C)c(NCC(O)c2ccc3c(c2)OCC(C)O3)c(Cl)c1,True,4.2620400000000025,0.7879200000000006,0.453125,False,True
1.0,bin,18,0.9854800075292588,0.83024001121521,1.1407200038433076,886334,COc1ccc(C(=O)N2CCCC(C(=O)N3CCCCC3)C2)c(O)c1,2.2655000000000003,Cc1cccc(C(=O)N2CCCC(C(=O)N3CCCCC3C)C2)c1,True,3.2482200000000025,0.9827200000000023,0.4126984126984127,False,True
1.0,bin,18,0.9854800075292588,0.83024001121521,1.1407200038433076,887387,COCCNC(=O)N(Cc1cccc(F)c1)CC1CCCO1,2.1627,CC(C)CNC(=O)N(Cc1ccccc1)CC1CCCO1,True,3.0332000000000017,0.8705000000000016,0.5645161290322581,False,False
1.0,bin,18,0.9854800075292588,0.83024001121521,1.1407200038433076,889149,N#Cc1ccc(NC(=O)c2ccc(Br)cc2Cl)nc1,3.621480000000001,O=C(Nc1ccc(Br)c(Cl)n1)c1cccc(Cl)c1,True,4.403200000000002,0.7817200000000009,0.3050847457627119,False,True
1.0,bin,18,0.9854800075292588,0.83024001121521,1.1407200038433076,913483,O=C(CNC(=O)NCCc1c(Cl)cccc1Cl)NC1CC1,2.1137000000000006,O=C(CNC(=O)NC1CC1)NCCc1ccc(Cl)c(Cl)c1Cl,True,2.767100000000002,0.6534000000000013,0.5294117647058824,False,True
1.0,bin,18,0.9854800075292588,0.83024001121521,1.1407200038433076,917620,C=CCN(Cc1ccccc1OC)C(=O)c1csc(C)n1,3.288520000000002,CCN(Cc1c(F)cccc1C(F)(F)F)C(=O)C1C=CSC(C)=N1,True,4.2405000000000035,0.9519800000000016,0.18518518518518517,False,True
1.0,bin,18,0.9854800075292588,0.83024001121521,1.1407200038433076,918312,CCOc1ccc(Cl)c(C(=O)N2CCN(c3ncccn3)CC2)n1,1.8860999999999997,CC(C)C1CCCN(C(=O)c2nccc(-n3ccnc3)n2)CCN1,True,1.5125,-0.3735999999999997,0.2125,False,True
1.0,bin,18,0.9854800075292588,0.83024001121521,1.1407200038433076,922879,CC(=O)c1ccc(N2CCN(Cc3c(F)cccc3F)CC2)cc1,3.489600000000003,Cc1ccc(CN2CCN(c3ccc(F)cc3Cl)CC2)cc1,True,4.109720000000004,0.6201200000000009,0.2857142857142857,False,True
1.0,bin,18,0.9854800075292588,0.83024001121521,1.1407200038433076,927535,COc1cc(CN2CCN(c3ccccc3F)CC2)ccc1O,2.862100000000002,Oc1cccc(N2CCN(Cc3cccc(Cl)c3Cl)CC2)c1,True,4.021200000000003,1.159100000000001,0.27419354838709675,False,True
1.0,bin,18,0.9854800075292588,0.83024001121521,1.1407200038433076,927567,Cc1ccccc1N1CCN(Cc2cccc(O)c2)CC1,3.022820000000001,Cc1cc(Br)ccc1N1CCN(Cc2ccccc2)CC1,True,4.079720000000003,1.0569000000000015,0.5434782608695652,False,True
1.0,bin,18,0.9854800075292588,0.83024001121521,1.1407200038433076,938108,CC(c1ccccc1)N(C)C(=O)CCC(=O)Nc1nccs1,3.0814000000000012,CN(Cc1ccc(Cl)cc1)C(=O)CCC(=O)Nc1nccs1,True,3.173800000000001,0.0923999999999996,0.543859649122807,False,True
1.0,bin,18,0.9854800075292588,0.83024001121521,1.1407200038433076,943303,CN(CCCOc1ccccc1)C(=O)Nc1cccc2c1OCCO2,3.390600000000002,Cc1cccc(C)c1OCCCN(C)C(=O)Nc1ccc2cc1OCC2,True,4.171140000000003,0.7805400000000011,0.5076923076923077,False,True
1.0,bin,18,0.9854800075292588,0.83024001121521,1.1407200038433076,946289,CC(NC(=O)C1(c2cc(-c3ccco3)on2)CC1)c1ccccc1,3.843600000000002,CCC(C(=O)N(C)C(CC)c1ccc(F)cc1)c1cc(-c2ccco2)on1,True,5.177000000000005,1.3334000000000028,0.3424657534246575,False,True
1.0,bin,18,0.9854800075292588,0.83024001121521,1.1407200038433076,994077,Cc1nnc(Cn2c(-c3cccc(Br)c3)noc2=O)o1,2.0055199999999997,CCC1=NN=C(CN2CON=C2c2cccc(Cl)c2C)OO1,True,2.6835200000000015,0.6780000000000017,0.17567567567567569,False,True
1.0,bin,18,0.9854800075292588,0.83024001121521,1.1407200038433076,1065620,O=C(NCc1cccnc1Oc1ccccc1)c1cccnc1,3.198900000000002,Cc1ccc(Oc2ncccc2CNC(=O)c2cccnc2)cc1Cl,True,4.160720000000002,0.9618200000000003,0.6909090909090909,False,True
1.0,bin,18,0.9854800075292588,0.83024001121521,1.1407200038433076,1093926,CN(C(=O)CNc1cccc(OCC2CCCO2)c1)c1ccccc1,3.319300000000002,Cc1ccc(NC(C)C(=O)Nc2cccc(OC3CCC3)c2)cc1,True,4.365420000000003,1.046120000000001,0.27631578947368424,False,True
1.0,bin,18,0.9854800075292588,0.83024001121521,1.1407200038433076,1107920,CCc1ccc(-n2cc(C(=O)NC(C)c3ccccc3)nn2)cc1,3.320700000000002,CC(C)C(NC(=O)c1cn(-c2ccccc2)nn1)c1ccc(Cl)cc1,True,4.047800000000002,0.7271000000000001,0.543859649122807,False,True
1.0,bin,18,0.9854800075292588,0.83024001121521,1.1407200038433076,1113130,CC(NC(=O)Cn1nnnc1C(C)(C)C)c1cccc2ccccc12,3.0012000000000016,CC1=CC=Cc2ccccc2CCC(C)(C)c2nnnn2CC(=O)N1,True,2.6303,-0.37090000000000156,0.1728395061728395,False,True
1.0,bin,18,0.9854800075292588,0.83024001121521,1.1407200038433076,1121751,COC(=O)Cn1ccc(NS(=O)(=O)c2ccc(F)c(F)c2F)n1,1.2742,C#CCn1ccc(NS(=O)(=O)c2ccc(F)c(Br)c2)n1,True,2.2187,0.9445000000000001,0.3968253968253968,False,True
1.0,bin,18,0.9854800075292588,0.83024001121521,1.1407200038433076,1142531,CCOC(C)C(=O)NCCc1csc(-c2ccc(C)cc2)n1,3.2022200000000014,CCOCC1C=NC(c2ccc(OC(C)C)cc2C)S1,True,4.0035200000000035,0.8013000000000021,0.18666666666666668,False,True
1.0,bin,18,0.9854800075292588,0.83024001121521,1.1407200038433076,1212157,CN(Cc1ccc(F)c(F)c1)C(=O)c1cncc(-c2cnn(C)c2)c1,3.0325000000000015,CC(c1ccc(F)cc1)N(C)C(=O)c1cncc(-c2cnn(C)c2)c1,True,3.4544000000000015,0.42189999999999994,0.5573770491803278,False,True
1.0,bin,18,0.9854800075292588,0.83024001121521,1.1407200038433076,1215394,CCn1nc(C)cc1C(=O)Oc1cccc(NC(=O)C(C)C)c1,3.025120000000001,CCn1nc(C)cc1C(=O)Oc1cc(C(C)C)ccc1C,True,3.862440000000003,0.8373200000000018,0.5084745762711864,False,True
1.0,bin,18,0.9854800075292588,0.83024001121521,1.1407200038433076,1232922,CC(C)(C)OC(=O)NC1CCCN(S(=O)(=O)N2CCOCC2)C1,0.5525000000000011,CC1CCCN(S(=O)(=O)NC2CCN(C(=O)C(C)C)CC2)C1,True,1.1996999999999998,0.6471999999999987,0.2857142857142857,False,True
1.0,bin,18,0.9854800075292588,0.83024001121521,1.1407200038433076,1238973,FC(F)(F)c1cnc(N2CCn3c(nnc3C3CC3)C2)c(Cl)c1,3.2429000000000023,CC(=NN=CN1CCn2c(C(Cl)(Cl)Br)cnc2C1)C1CC1,True,3.495700000000002,0.2527999999999997,0.21621621621621623,False,True
1.0,bin,18,0.9854800075292588,0.83024001121521,1.1407200038433076,1299495,Cc1cc(CC(=O)N2CCCC2C(C#N)c2ccccc2)no1,2.823900000000001,Cc1cc(CC(=O)N2CCCC2c2ccc(Cl)c(C)c2)no1,True,3.851040000000003,1.027140000000002,0.515625,False,True
1.0,bin,18,0.9854800075292588,0.83024001121521,1.1407200038433076,1309906,CC(C)CC(NC(=O)c1cc(=O)c2ccccc2o1)C(=O)OC(C)C,2.8891000000000018,O=C(CF)OCCNC(=O)c1cc(=O)c2ccccc2o1,True,1.0354999999999994,-1.8536000000000024,0.4915254237288136,False,True
1.0,bin,18,0.9854800075292588,0.83024001121521,1.1407200038433076,1362816,COCc1cccc(C(=O)NC2CC2c2cccc(Cl)c2)c1,3.772300000000002,Cc1c(Cl)cccc1C1CC1NC(=O)C1C=CC=CSC(C)C1,True,4.8320200000000035,1.0597200000000013,0.28378378378378377,False,True
1.0,bin,18,0.9854800075292588,0.83024001121521,1.1407200038433076,1441838,COCC(=O)NC(C(=O)Nc1cccc(-c2nccs2)c1)C(C)C,2.5358,CCCCCNC(=O)Nc1cccc(-c2nccs2)c1,True,4.121800000000002,1.586000000000002,0.5238095238095238,False,True
1.0,bin,18,0.9854800075292588,0.83024001121521,1.1407200038433076,1450449,CCCNC(=O)CSc1nc2c(cc1C#N)CCCC2,2.450380000000001,CC(C)CCNC(=O)C(C)Sc1nc2c(cc1C#N)CCCC2,True,3.474980000000002,1.0246000000000013,0.5573770491803278,False,True
1.0,bin,18,0.9854800075292588,0.83024001121521,1.1407200038433076,1451910,O=S(=O)(NCc1nnc2ccccn12)c1ccc(F)c(F)c1,1.4859999999999995,O=S(=O)(NCc1nnc2ccccn12)c1cc(Cl)ccc1F,True,2.0002999999999993,0.5142999999999998,0.6862745098039216,False,True
1.0,bin,18,0.9854800075292588,0.83024001121521,1.1407200038433076,1479798,Cc1nc(C)c(CCC(=O)N(CC(C)C)CC(F)(F)F)c(=O)[nH]1,2.3662400000000003,Cc1nc(C(C)(C)C)[nH]c(=O)c1CCC(=O)N(CC(C)C)C(C)C,True,3.2014200000000015,0.8351800000000011,0.5263157894736842,False,True
1.0,bin,18,0.9854800075292588,0.83024001121521,1.1407200038433076,1507926,COC(=O)C(C)NC(=O)Cc1csc(-c2ccccc2Cl)n1,2.6837,CSc1ccc(-c2nc(CC(=O)NCC(C)C)cs2)cc1,True,3.846700000000002,1.163000000000002,0.4032258064516129,False,True
1.0,bin,18,0.9854800075292588,0.83024001121521,1.1407200038433076,1527882,Nc1ncccc1C(=O)Nc1ccc2cn[nH]c2c1,1.7923999999999998,Nc1ncccc1C(=O)Nc1ccc2cn[nH]c2c1Cl,True,2.4458,0.6534000000000004,0.5925925925925926,False,True
1.0,bin,18,0.9854800075292588,0.83024001121521,1.1407200038433076,1532848,COc1ccc(-c2ccc3c(=O)[nH]cnc3c2)cc1Cl,3.2521000000000013,O=c1[nH]cnc2ccc(-c3ccc(Cl)cc3Cl)cc12,True,3.8969000000000014,0.6448,0.45098039215686275,False,True
1.0,bin,18,0.9854800075292588,0.83024001121521,1.1407200038433076,1548351,COc1cc(OC)c2c(c1)C(c1cnccn1)NCC2,1.7288999999999999,FC(F)Oc1ccc2c(c1)C(c1cnccn1)NCC2,True,2.3130999999999995,0.5841999999999996,0.5,False,True
1.0,bin,18,0.9854800075292588,0.83024001121521,1.1407200038433076,1570134,COc1cccc(C(C)N2CCN(C(=O)c3ccc(O)cc3)CC2)c1,2.9198000000000013,CSc1ccc(C(C)N2CCN(C(=O)c3ccccc3)CC2)cc1,True,3.9275000000000038,1.0077000000000025,0.4727272727272727,False,True
1.0,bin,18,0.9854800075292588,0.83024001121521,1.1407200038433076,1611406,CC(C)(C)N1CC(NC(=O)C2COc3ccc(F)cc3C2)CC1=O,1.8923999999999994,Cc1cc(Cl)ccc1OCCNC(=O)C12CC(=O)C1NCCC(C)C2,True,2.4907200000000005,0.5983200000000011,0.1276595744680851,False,True
1.0,bin,18,0.9854800075292588,0.83024001121521,1.1407200038433076,1612684,CCCC1CN(C(=O)Nc2ccn(CCC(C)C)n2)CCO1,2.9620000000000015,CCCC1CN(C(=O)Nc2ccn(CCC(C)(C)C)n2)CCO1,True,3.352100000000002,0.39010000000000034,0.7758620689655172,False,True
1.0,bin,18,0.9854800075292588,0.83024001121521,1.1407200038433076,1639675,CCC(CC)c1nnc(NC(=O)c2scnc2C2CC2)s1,4.0279000000000025,Cc1nc(NC(=O)c2scnc2C2CC2(C)C)sc1C(C)C,True,4.797220000000004,0.7693200000000013,0.42857142857142855,False,True
1.0,bin,18,0.9854800075292588,0.83024001121521,1.1407200038433076,1675660,COc1ccnc(NC(=O)c2cccc(Cl)c2)c1,2.9959000000000007,Cc1ccnc(NC(=O)c2ccc(Cl)c(OCC(F)(F)F)c2)c1,True,4.236820000000002,1.240920000000001,0.4166666666666667,False,True
1.0,bin,18,0.9854800075292588,0.83024001121521,1.1407200038433076,1689728,CCc1noc(CSc2ncnc3sc(C)cc23)n1,3.237420000000002,CCCc1noc(CSc2nc(C)nc3sc(C)cc23)n1,True,3.935940000000003,0.6985200000000011,0.6111111111111112,False,True
1.0,bin,18,0.9854800075292588,0.83024001121521,1.1407200038433076,1720876,CC(C)(C)CC(=O)NCC(=O)Nc1ccc2c(c1)COC2,2.2077,O=C(CCOCC(F)(F)F)Nc1ccc2c(c1)COC2,True,2.6243000000000007,0.41660000000000075,0.5384615384615384,False,False
1.0,bin,18,0.9854800075292588,0.83024001121521,1.1407200038433076,1757109,CC(C)Cc1ncc(CNc2ccc3c(c2)COC3)s1,3.983900000000003,CC=NC1=C(CNc2ccc3c(c2)COCC3C(C)C)CS1,True,4.417400000000003,0.43350000000000044,0.32857142857142857,False,True
1.0,bin,18,0.9854800075292588,0.83024001121521,1.1407200038433076,1774061,O=C1NCCCc2[nH]c(-c3cccc4[nH]ccc34)nc21,2.234,C=C1C2=C(CCC1NC=O)NC2c1ccccc1C(F)(F)F,True,3.0684000000000013,0.8344000000000014,0.10126582278481013,False,True
1.0,bin,18,0.9854800075292588,0.83024001121521,1.1407200038433076,1800687,Cc1nn(C)c(-c2nc(-c3cccnn3)no2)c1Cl,1.8889199999999997,CCCc1cnn(-c2nc(-c3ccc(CC)nn3)no2)c1,True,2.2272,0.33828000000000014,0.23529411764705882,False,True
1.0,bin,18,0.9854800075292588,0.83024001121521,1.1407200038433076,1815867,FC(F)(F)c1ccc(CN2CCOCC2c2ncon2)cc1,2.661900000000001,Clc1ccc(Cl)c(CN2CCOCC2c2ncon2)c1Cl,True,3.6033000000000026,0.9414000000000016,0.6111111111111112,False,True
1.0,bin,18,0.9854800075292588,0.83024001121521,1.1407200038433076,1828580,Cc1ccc(N2CC3OCC(=O)N(Cc4cccc(F)c4)C3C2)nn1,1.54032,CC=C1C=C(NC2COC3C(=O)N(Cc4ccc(Cl)cc4)CC3C2)N=N1,True,3.2565000000000017,1.7161800000000018,0.2,False,True
1.0,bin,18,0.9854800075292588,0.83024001121521,1.1407200038433076,1836183,CCc1ccc(C(=O)NCc2nccc(N(C)C)n2)cc1,2.035,Cc1ccnc(CNC(=O)c2cc(C(F)(F)F)ccc2Cl)n1,True,3.387220000000002,1.3522200000000018,0.3709677419354839,False,True
1.0,bin,18,0.9854800075292588,0.83024001121521,1.1407200038433076,1842499,COc1ccccc1COc1ccccc1-c1cnn(CCO)c1,3.1300000000000017,CCc1ccc(-c2cnn(Cc3ccc(F)cc3)c2)cc1,True,4.299900000000003,1.169900000000001,0.2711864406779661,False,True
1.0,bin,18,0.9854800075292588,0.83024001121521,1.1407200038433076,1865564,COC(CNC(=O)c1ccoc1)c1cccc(F)c1,2.536200000000001,Cc1occc1C(=O)NCC(C)(C)c1ccc(F)cc1,True,3.434720000000002,0.8985200000000013,0.24242424242424243,False,True
1.0,bin,18,0.9854800075292588,0.83024001121521,1.1407200038433076,1868773,CCCOc1ccc(Cl)c2c1CCNC2C1CC(=O)C1,3.2947000000000015,CCOc1ccc2cc1SCCCC(Cl)=C(C)N=C2,True,4.860400000000004,1.5657000000000023,0.20833333333333334,False,True
1.0,bin,18,0.9854800075292588,0.83024001121521,1.1407200038433076,1873123,CCC1OC(=O)c2c(OC)ccc(Br)c21,3.079200000000002,CCCOC(=O)C(Br)=CC(Br)=CC=CO,True,3.568900000000003,0.4897000000000009,0.10344827586206896,False,True
1.0,bin,18,0.9854800075292588,0.83024001121521,1.1407200038433076,1875028,Cc1cccc(C)c1NCC(=O)N1CCCC2CCCCC21,3.8965400000000034,CC1CCCC2(CCCN2C(=O)CNc2cccc(C(C)C)c2)C1,True,4.793200000000004,0.8966600000000007,0.30434782608695654,False,True
1.0,bin,18,0.9854800075292588,0.83024001121521,1.1407200038433076,1895921,CCC(CC)N(C)C(=O)CC1OC(=O)c2ccccc21,2.935200000000002,CN(CC(F)(F)F)C(=O)COC(=O)c1ccccc1CCl,True,2.602900000000001,-0.33230000000000093,0.2,False,True
1.0,bin,18,0.9854800075292588,0.83024001121521,1.1407200038433076,1907077,Cc1ccc2[nH]nc(C(=O)Nc3nc(-c4ccco4)cs3)c2c1,3.8401200000000015,O=C(NC=NC(=CS)c1ccco1)C1(NNc2ccc(F)cc2)CCC1,True,3.3308000000000018,-0.5093199999999998,0.17045454545454544,False,True
1.0,bin,18,0.9854800075292588,0.83024001121521,1.1407200038433076,1913063,Cc1nn(C)c(C)c1CN(C(=O)c1cn2cccc(C)c2n1)C1CC1,2.797860000000001,CCC=C(C)NCC1=CC=CNC=C(C(=O)N(CC(C)C)C2CC2N)C1,True,2.7913000000000006,-0.006560000000000343,0.13402061855670103,False,True
1.0,bin,18,0.9854800075292588,0.83024001121521,1.1407200038433076,1922265,CN(CCNC(=O)c1ccc2c(c1)ncn2C)c1ccccc1,2.4395000000000007,CCN(CCNC(=O)c1ccc2[nH]cnc2c1)Cc1ccccc1Cl,True,3.468200000000002,1.0287000000000015,0.39436619718309857,False,True
1.0,bin,19,1.2959600001573564,1.1407200038433076,inf,32052,COc1ccccc1CNC(=O)Cc1c[nH]c2ccccc12,3.035400000000001,COc1ccccc1CNC(=O)Cc1c[nH]c2ccc(C(C)C)cc12,True,4.158800000000003,1.123400000000002,0.7254901960784313,False,True
1.0,bin,19,1.2959600001573564,1.1407200038433076,inf,116747,COCCSc1ccccc1C(=O)Nc1cccc(C)n1,3.3808200000000017,Cc1cccc(NC(=O)c2ccccc2SCC(C)C)n1,True,4.390420000000003,1.0096000000000016,0.6938775510204082,False,True
1.0,bin,19,1.2959600001573564,1.1407200038433076,inf,131060,CS(=O)(=O)NCCc1csc(-c2ccc(F)cc2)n1,2.0408999999999997,CCOCCSc1nc(-c2cccc(Cl)c2)cs1,True,4.592100000000003,2.5512000000000032,0.15942028985507245,False,True
1.0,bin,19,1.2959600001573564,1.1407200038433076,inf,131949,CCc1c(C)nc(SCC(=O)NC(C)C)[nH]c1=O,1.25742,CCCCNC(=O)CSC=NC(C)=C(C([NH])=O)C(C)(C)C,True,2.793800000000001,1.536380000000001,0.14285714285714285,False,True
1.0,bin,19,1.2959600001573564,1.1407200038433076,inf,158879,COc1ccc(CC(=O)OCC(=O)c2c[nH]c3ccccc23)cc1,3.145100000000001,Cc1ccc(CC(=O)OCC(=O)c2c[nH]c3cccc(Cl)c23)cc1,True,4.098320000000003,0.9532200000000017,0.543859649122807,False,True
1.0,bin,19,1.2959600001573564,1.1407200038433076,inf,232056,COCCNC(=O)c1cc(=O)c2cc(C)ccc2o1,1.4776199999999993,COCC(C)NC(=O)c1cc(=O)c2cc(Br)ccc2o1,True,2.3202000000000007,0.8425800000000014,0.5660377358490566,False,True
1.0,bin,19,1.2959600001573564,1.1407200038433076,inf,235788,O=C(Cn1nc(-c2ccco2)oc1=O)NCC(F)(F)F,0.7747999999999999,CC(C)CC(C)NC(=O)Cn1nc(-c2ccco2)oc1=O,True,1.6470999999999998,0.8722999999999999,0.6181818181818182,False,True
1.0,bin,19,1.2959600001573564,1.1407200038433076,inf,236081,CC(=O)c1c(C)[nH]c(C(=O)CSc2nc(C(C)C)n[nH]2)c1C,3.0506400000000014,Cc1[nH]c(C(=O)CSc2nc(C(C)C)n[nH]2)c(C)c1C(C)C,True,3.971440000000003,0.9208000000000016,0.75,False,True
1.0,bin,19,1.2959600001573564,1.1407200038433076,inf,281081,O=C(Cn1cccn1)NCc1cccnc1Oc1ccc(F)cc1F,2.665000000000001,CC1=NNC(CNC(=O)COc2cc(C)cc(C)c2C)=CC=C1Cl,True,3.0925600000000006,0.4275599999999997,0.2073170731707317,False,True
1.0,bin,19,1.2959600001573564,1.1407200038433076,inf,284170,COc1ccc(-c2nc(CC(=O)Nc3cccc(C)n3)cs2)cc1,3.7033200000000024,Cc1cc(C)nc(NC(=O)Cc2csc(-c3cc(C)ccc3C)n2)c1,True,4.6199800000000035,0.9166600000000011,0.4838709677419355,False,True
1.0,bin,19,1.2959600001573564,1.1407200038433076,inf,288369,Cc1ccc(NCc2nnc3n2CCCCC3)cc1C,3.2334400000000016,CCC(C)c1cccc(NCc2nnc3n2CCCCC3)c1,True,4.130100000000003,0.8966600000000016,0.6111111111111112,False,True
1.0,bin,19,1.2959600001573564,1.1407200038433076,inf,302889,COc1ccc(OC)c(NC(=O)CCNC(=O)c2cccs2)c1,2.5239000000000003,CCc1cccc(CC)c1NC(=O)CCNC(=O)c1cccs1,True,3.6315000000000017,1.1076000000000015,0.5454545454545454,False,False
1.0,bin,19,1.2959600001573564,1.1407200038433076,inf,327141,COc1ccc(OC)c(S(=O)(=O)Nc2ccn(C)n2)c1,1.2381,CC(C)Cc1ccc(Cl)cc1S(=O)(=O)Nc1ccn(C)n1,True,3.072800000000001,1.8347000000000009,0.4642857142857143,False,True
1.0,bin,19,1.2959600001573564,1.1407200038433076,inf,327382,CNC(=O)C1CN(C(=O)c2c(C)noc2C)c2ccccc2O1,1.4452399999999996,Cc1noc(C)c1C(=O)N1CC(C)Oc2cc(Cl)ccc21,True,3.3725400000000025,1.927300000000003,0.5333333333333333,False,True
1.0,bin,19,1.2959600001573564,1.1407200038433076,inf,406491,COCCNC(=O)C1CCCN(S(=O)(=O)N2CCOCC2)C1,-0.9619999999999964,CCCC1CCN(S(=O)(=O)N2CCOC(C(C)C)C2)C1,True,1.71,2.671999999999996,0.30158730158730157,False,True
1.0,bin,19,1.2959600001573564,1.1407200038433076,inf,413951,O=C(Cn1ncn2cccc2c1=O)N1CCCCCC1,0.8985999999999996,C=C1C(Cl)=CC=CN1C=NNCC(=O)N1CCCC(C(C)C)C1,True,2.8796000000000017,1.981000000000002,0.16049382716049382,False,True
1.0,bin,19,1.2959600001573564,1.1407200038433076,inf,427929,CCNc1nc(NCc2ccccc2Cl)c2cnn(C)c2n1,3.060600000000001,CCCNc1nc(NCc2ccccc2Cl)nc2c1cnn2C,True,3.450700000000001,0.39010000000000034,0.8163265306122449,False,True
1.0,bin,19,1.2959600001573564,1.1407200038433076,inf,447130,CCC(NC(=O)C1CCN(C(=O)C2CC2)CC1)c1ccc(C)cc1,3.2109200000000016,CC(C)C=CC=C1C=CC1(NC(=O)C1CCN(C2CC2)CC1)C(C)C,True,4.080200000000003,0.8692800000000016,0.23943661971830985,False,True
1.0,bin,19,1.2959600001573564,1.1407200038433076,inf,481908,CCNS(=O)(=O)c1ccc(C)c(C(=O)Nc2ncccc2C)c1,2.24894,Cc1cccnc1NC(=O)c1ccc(Cl)c(S(C)(=O)=O)c1,True,2.6992200000000013,0.4502800000000011,0.4576271186440678,False,False
1.0,bin,19,1.2959600001573564,1.1407200038433076,inf,485220,Cc1nn(CC(=O)N2CCN(C)CC2)c(C)c1Br,1.03644,N=C(Cl)C(=CNCC(=O)N1CCNCC1)C(F)(F)F,True,0.6700699999999997,-0.3663700000000003,0.16129032258064516,False,True
1.0,bin,19,1.2959600001573564,1.1407200038433076,inf,526363,Cc1nnc(SCC(=O)Nc2ccc(O)cc2)n(N)c1=O,0.09692,CC1=CC=C(NC(=O)CSc2nnc(C)c(=O)[nH]2)CC(C)=C1,True,1.86182,1.7649,0.3181818181818182,False,True
1.0,bin,19,1.2959600001573564,1.1407200038433076,inf,536853,COc1ccc(C2CCCN2C(=O)C2CCC2)c(OC)c1,3.1674000000000015,CCCCOC=CC=C(C)CCCNC(=O)C1CCC1C,True,4.205600000000003,1.0382000000000016,0.11688311688311688,False,True
1.0,bin,19,1.2959600001573564,1.1407200038433076,inf,540312,Cc1nn(C)c2nc(C3CC3)cc(C(=O)NCC(=O)NC(C)(C)C)c12,1.7986199999999997,C=CC(C)(C)OC(=O)C(C)NC(=O)CC=C(N=CN(C)N=CC)C1CC1,True,2.6487000000000007,0.8500800000000011,0.13043478260869565,False,True
1.0,bin,19,1.2959600001573564,1.1407200038433076,inf,544381,Cc1nc(N2CCCC(C(=O)NC(C)C)C2)c2c(C)c(C)oc2n1,2.8890600000000006,CC=C(C)C1N=CN=C2CC(C(=O)NCCCC(C)CC)(CCN1)C2,True,3.464000000000002,0.5749400000000016,0.13043478260869565,False,True
1.0,bin,19,1.2959600001573564,1.1407200038433076,inf,544382,CCCNC(=O)C1CCCN(c2nc(C)nc3oc(C)c(C)c23)C1,2.8906600000000013,Cc1nc(C2CCCN(C(C)C)C2)c2c(C)c(C)oc2n1,True,3.7358600000000033,0.845200000000002,0.3939393939393939,False,True
1.0,bin,19,1.2959600001573564,1.1407200038433076,inf,550049,Cc1ccc(C)c(OCC(=O)Nc2cccc(-n3cnnc3)c2)c1,2.9016400000000013,Cc1ccc(NC(=O)COc2ccc(C(C)C)cc2)cc1-n1cnnc1,True,3.7166200000000025,0.8149800000000011,0.47619047619047616,False,True
1.0,bin,19,1.2959600001573564,1.1407200038433076,inf,573533,Cc1nn(-c2ncc(C(F)(F)F)cc2Cl)c(=O)o1,2.2011199999999995,CC=NN(C=O)c1ncccc1C(Cl)(Cl)Cl,True,2.876800000000001,0.6756800000000016,0.12307692307692308,False,True
1.0,bin,19,1.2959600001573564,1.1407200038433076,inf,582555,O=C(NCC(O)c1ccccc1)c1ccc2c(=O)n3c(nc2c1)CCC3,1.8061000000000003,C=c1nc2cc[nH]c(=O)c2cc1=CC(=O)NCC(O)c1ccc(F)c(Cl)c1,True,0.7562000000000004,-1.0498999999999998,0.26436781609195403,False,True
1.0,bin,19,1.2959600001573564,1.1407200038433076,inf,588547,Cc1n[nH]c(C)c1NC(=O)CCc1ccc(Cl)cc1Cl,3.9046400000000023,Cc1n[nH]c(C)c1NC(=O)CCc1ccc(Cl)c(Cl)c1Cl,True,4.558040000000003,0.6534000000000004,0.7291666666666666,False,True
1.0,bin,19,1.2959600001573564,1.1407200038433076,inf,607673,CCCN(CC1CC1)S(=O)(=O)c1ccccc1F,2.636400000000001,CCCCN(CC1CC1)S(=O)(=O)c1ccc(C(F)(F)F)cc1,True,3.9062000000000037,1.2698000000000027,0.47058823529411764,False,True
1.0,bin,19,1.2959600001573564,1.1407200038433076,inf,617681,Cc1cc(C(=O)Nc2nc(-c3ccncc3)cs2)nn1C(C)C,3.5432200000000016,Cc1cc(C(=O)N2N=CC2(C)SC=CC(C)C)nn1-c1ccncc1,True,3.636420000000003,0.09320000000000128,0.27631578947368424,False,True
1.0,bin,19,1.2959600001573564,1.1407200038433076,inf,650267,COc1ccc2oc(C(=O)NC3CCCCNC3=O)c(C)c2c1,2.14832,COC(=O)N1CCCCC1NC(=O)C1=C(C)C=C2C(=CC=C1)C2C,True,3.0698000000000016,0.9214800000000016,0.2222222222222222,False,True
1.0,bin,19,1.2959600001573564,1.1407200038433076,inf,668639,Cc1cc(NC(=O)c2ccccc2Cl)ncc1N,2.8779200000000005,O=C(Nc1cc(Br)ccn1)C1C=CC=CCCC1,True,3.6951000000000027,0.8171800000000022,0.21212121212121213,False,True
1.0,bin,19,1.2959600001573564,1.1407200038433076,inf,673160,CCC(=O)Nc1ccc2oc(C(F)(F)F)cc(=O)c2c1,3.160300000000001,CC(C)CC(=O)NC=C1C=COC(C(F)(F)F)=CC(=O)C=C1,True,3.1480000000000015,-0.012299999999999756,0.22058823529411764,False,True
1.0,bin,19,1.2959600001573564,1.1407200038433076,inf,711169,Cc1cccc(C(C)C)c1NC(=O)N(C)Cc1ccncc1,4.177320000000003,CCCN(Cc1ccncc1)C(=O)Nc1c(C)cccc1C(C)C,True,4.957520000000004,0.7802000000000016,0.7254901960784313,False,True
1.0,bin,19,1.2959600001573564,1.1407200038433076,inf,720969,Cc1noc(C)c1CCC(=O)OCC(=O)N1c2ccccc2CC1C,2.7450400000000013,Cc1noc(C)c1CC(C)C(=O)OCC(=O)N1c2ccccc2CC1C,True,2.9910400000000017,0.24600000000000044,0.7213114754098361,False,True
1.0,bin,19,1.2959600001573564,1.1407200038433076,inf,730789,COC(=O)C1CCN(C(=O)c2cc3ccc(F)cc3nc2C)CC1,2.7075200000000006,Cc1nc2ccc(Cl)cc2cc1C(=O)N1CCCC(C)C1,True,4.0687200000000034,1.3612000000000029,0.4,False,False
1.0,bin,19,1.2959600001573564,1.1407200038433076,inf,738178,Cc1ccc(-n2ccnc2SCc2nc(C3CC3)no2)cc1C,4.041840000000003,Clc1ccc(-n2ccnc2SCc2nc(C3CC3)no2)c(Cl)c1,True,4.731800000000002,0.6899599999999984,0.6271186440677966,False,True
1.0,bin,19,1.2959600001573564,1.1407200038433076,inf,771897,COc1ccccc1OCC(=O)N(C)Cc1sccc1C,3.102520000000002,Cc1cc(C)c(OCC(=O)N(C)Cc2sccc2C)c(C)c1,True,4.019180000000004,0.916660000000002,0.6326530612244898,False,True
1.0,bin,19,1.2959600001573564,1.1407200038433076,inf,811446,COC(=O)C1(NC(=O)c2cc(Br)c[nH]2)CCCCCC1,2.7730000000000006,CC(C)CC1CCCCC1NC(=O)c1cc(Br)c[nH]1,True,4.111900000000003,1.3389000000000024,0.40350877192982454,False,True
1.0,bin,19,1.2959600001573564,1.1407200038433076,inf,848291,CCC(C)NC(=O)NCc1noc(-c2cccs2)n1,2.3958000000000004,CC(C)(C)OC(=O)NCCc1noc(-c2cccs2)n1,True,2.8653000000000013,0.4695000000000009,0.5081967213114754,False,True
1.0,bin,19,1.2959600001573564,1.1407200038433076,inf,863440,COc1ccc(-c2nc(CCCO)cs2)cc1OC,2.752200000000001,OCCCc1nc(-c2cc(Cl)ccc2Cl)cs1,True,4.041800000000002,1.289600000000001,0.2982456140350877,False,True
1.0,bin,19,1.2959600001573564,1.1407200038433076,inf,864663,N#Cc1ccc(-c2cc(F)ccc2F)nc1N1CCCC1,3.498680000000002,CC(C)c1ccc(-c2ccc(N3CCC3)c(CC#N)n2)cc1,True,4.1481800000000035,0.6495000000000015,0.25,False,True
1.0,bin,19,1.2959600001573564,1.1407200038433076,inf,872100,CCc1cccc(C)c1NCC(O)c1ccc2c(c1)OCCO2,3.474120000000002,CC(CNc1ccc(C(F)(F)F)c(Cl)c1)c1ccc2c(c1)OCCO2,True,5.345600000000004,1.8714800000000018,0.35384615384615387,False,True
1.0,bin,19,1.2959600001573564,1.1407200038433076,inf,886334,COc1ccc(C(=O)N2CCCC(C(=O)N3CCCCC3)C2)c(O)c1,2.2655000000000003,Cc1ccc(C(=O)N2CCCC(C(=O)N3CCCC3)C2)c(Cl)c1,True,3.123020000000002,0.8575200000000018,0.5849056603773585,False,True
1.0,bin,19,1.2959600001573564,1.1407200038433076,inf,887387,COCCNC(=O)N(Cc1cccc(F)c1)CC1CCCO1,2.1627,CC(C)CCC(=O)N(Cc1cccc(F)c1)CC1CCCO1,True,3.7695000000000034,1.6068000000000033,0.6451612903225806,False,False
1.0,bin,19,1.2959600001573564,1.1407200038433076,inf,889149,N#Cc1ccc(NC(=O)c2ccc(Br)cc2Cl)nc1,3.621480000000001,CC(C)(C)c1ccc(C(=O)Nc2ccc(C(F)(F)F)cn2)cc1,True,4.650200000000003,1.0287200000000025,0.29310344827586204,False,True
1.0,bin,19,1.2959600001573564,1.1407200038433076,inf,913483,O=C(CNC(=O)NCCc1c(Cl)cccc1Cl)NC1CC1,2.1137000000000006,O=C(CCNC(=O)C1CC1)NCCc1c(Cl)ccc(Cl)c1Cl,True,3.2218000000000018,1.1081000000000012,0.49019607843137253,False,True
1.0,bin,19,1.2959600001573564,1.1407200038433076,inf,917620,C=CCN(Cc1ccccc1OC)C(=O)c1csc(C)n1,3.288520000000002,Cc1nc(C(=O)N(C)Cc2ccccc2Cl)cs1,True,3.3771200000000023,0.08860000000000046,0.49122807017543857,False,True
1.0,bin,19,1.2959600001573564,1.1407200038433076,inf,918312,CCOc1ccc(Cl)c(C(=O)N2CCN(c3ncccn3)CC2)n1,1.8860999999999997,COc1ccnc(-c2ccnc(C(=O)N3C(C)CC(C)CC3C)n2)n1,True,2.5913000000000004,0.7052000000000007,0.2222222222222222,False,True
1.0,bin,19,1.2959600001573564,1.1407200038433076,inf,922879,CC(=O)c1ccc(N2CCN(Cc3c(F)cccc3F)CC2)cc1,3.489600000000003,Cc1ccc(F)cc1CN1CCN(c2ccc(C(C)C)cc2)CC1,True,4.5797200000000045,1.0901200000000015,0.35714285714285715,False,True
1.0,bin,19,1.2959600001573564,1.1407200038433076,inf,927535,COc1cc(CN2CCN(c3ccccc3F)CC2)ccc1O,2.862100000000002,Fc1ccccc1CN1CCN(c2ccc(C(F)(F)F)cc2)CC1,True,4.166700000000004,1.304600000000002,0.3275862068965517,False,True
1.0,bin,19,1.2959600001573564,1.1407200038433076,inf,927567,Cc1ccccc1N1CCN(Cc2cccc(O)c2)CC1,3.022820000000001,Clc1cccc(N2CCN(Cc3ccccc3)CC2)c1,True,3.662200000000002,0.639380000000001,0.425531914893617,False,True
1.0,bin,19,1.2959600001573564,1.1407200038433076,inf,938108,CC(c1ccccc1)N(C)C(=O)CCC(=O)Nc1nccs1,3.0814000000000012,CC(NC(=O)CCC(=O)N(c1nccs1)C(C)C)c1ccccc1,True,3.5421000000000022,0.460700000000001,0.543859649122807,False,True
1.0,bin,19,1.2959600001573564,1.1407200038433076,inf,943303,CN(CCCOc1ccccc1)C(=O)Nc1cccc2c1OCCO2,3.390600000000002,CC(C)c1ccc(OCCCNC(=O)Nc2cccc3c2OCCO3)cc1,True,4.171800000000003,0.781200000000001,0.5396825396825397,False,True
1.0,bin,19,1.2959600001573564,1.1407200038433076,inf,946289,CC(NC(=O)C1(c2cc(-c3ccco3)on2)CC1)c1ccccc1,3.843600000000002,CC(F)c1ccccc1C(F)F,True,3.654700000000001,-0.18890000000000118,0.16071428571428573,False,True
1.0,bin,19,1.2959600001573564,1.1407200038433076,inf,994077,Cc1nnc(Cn2c(-c3cccc(Br)c3)noc2=O)o1,2.0055199999999997,CCC(C)c1nnc(Cn2c(-c3ccc(C)c(C)c3)noc2=O)o1,True,3.0649400000000018,1.059420000000002,0.5,False,True
1.0,bin,19,1.2959600001573564,1.1407200038433076,inf,1065620,O=C(NCc1cccnc1Oc1ccccc1)c1cccnc1,3.198900000000002,Cc1ccc(C)c(Oc2ncccc2CNC(=O)c2cccnc2)c1,True,3.8157400000000017,0.6168399999999998,0.6666666666666666,False,True
1.0,bin,19,1.2959600001573564,1.1407200038433076,inf,1093926,CN(C(=O)CNc1cccc(OCC2CCCO2)c1)c1ccccc1,3.319300000000002,CC(C)(Oc1ccccc1)C(=O)Nc1cccc(OCC2CCCO2)c1,True,4.040500000000002,0.7212000000000005,0.59375,False,True
1.0,bin,19,1.2959600001573564,1.1407200038433076,inf,1107920,CCc1ccc(-n2cc(C(=O)NC(C)c3ccccc3)nn2)cc1,3.320700000000002,CCC(NC(=O)c1cn(-c2ccc(Cl)cc2)nn1)c1ccc(C)cc1,True,4.110220000000003,0.7895200000000004,0.5,False,True
1.0,bin,19,1.2959600001573564,1.1407200038433076,inf,1113130,CC(NC(=O)Cn1nnnc1C(C)(C)C)c1cccc2ccccc12,3.0012000000000016,CCCC(C(=O)NCc1nnnn1C(C)C)c1cccc2ccccc12,True,3.607300000000002,0.6061000000000005,0.42424242424242425,False,True
1.0,bin,19,1.2959600001573564,1.1407200038433076,inf,1121751,COC(=O)Cn1ccc(NS(=O)(=O)c2ccc(F)c(F)c2F)n1,1.2742,Cn1ccc(NS(=O)(=O)c2cccc(Br)c2)n1,True,1.9833999999999998,0.7091999999999998,0.2903225806451613,False,False
1.0,bin,19,1.2959600001573564,1.1407200038433076,inf,1142531,CCOC(C)C(=O)NCCc1csc(-c2ccc(C)cc2)n1,3.2022200000000014,CCOC(=O)NCc1csc(-c2ccc(C)c(Cl)c2)n1,True,4.0180200000000035,0.8158000000000021,0.42857142857142855,False,True
1.0,bin,19,1.2959600001573564,1.1407200038433076,inf,1212157,CN(Cc1ccc(F)c(F)c1)C(=O)c1cncc(-c2cnn(C)c2)c1,3.0325000000000015,CCN(Cc1ccc(F)c(Cl)c1)C(=O)c1cncc(-c2cn[nH]c2)c1,True,3.9265000000000025,0.894000000000001,0.42857142857142855,False,True
1.0,bin,19,1.2959600001573564,1.1407200038433076,inf,1215394,CCn1nc(C)cc1C(=O)Oc1cccc(NC(=O)C(C)C)c1,3.025120000000001,CCCCc1ccc(OC(=O)c2cc(C(C)(C)C)nn2C)cc1,True,4.279400000000003,1.2542800000000023,0.2857142857142857,False,True
1.0,bin,19,1.2959600001573564,1.1407200038433076,inf,1232922,CC(C)(C)OC(=O)NC1CCCN(S(=O)(=O)N2CCOCC2)C1,0.5525000000000011,CCC1CCCCN1S(=O)(=O)N1CCOC(C(F)(F)F)C1,True,1.7588,1.2062999999999988,0.27692307692307694,False,True
1.0,bin,19,1.2959600001573564,1.1407200038433076,inf,1238973,FC(F)(F)c1cnc(N2CCn3c(nnc3C3CC3)C2)c(Cl)c1,3.2429000000000023,CC(C)CC(=CC=CC(F)(F)F)NCCn1c(N)nnc1C1CC1C,True,3.6218000000000012,0.3788999999999989,0.14285714285714285,False,True
1.0,bin,19,1.2959600001573564,1.1407200038433076,inf,1299495,Cc1cc(CC(=O)N2CCCC2C(C#N)c2ccccc2)no1,2.823900000000001,Cc1cc(CC(=O)N2CCCC2C(C)(C)c2ccccc2)no1,True,3.4943200000000028,0.6704200000000018,0.5806451612903226,False,True
1.0,bin,19,1.2959600001573564,1.1407200038433076,inf,1309906,CC(C)CC(NC(=O)c1cc(=O)c2ccccc2o1)C(=O)OC(C)C,2.8891000000000018,CC(C)CCN(CC(C)C)C(=O)c1cc(=O)c2ccccc2o1,True,3.937300000000003,1.0482000000000014,0.46551724137931033,False,True
1.0,bin,19,1.2959600001573564,1.1407200038433076,inf,1362816,COCc1cccc(C(=O)NC2CC2c2cccc(Cl)c2)c1,3.772300000000002,CCSc1cccc(C(=O)NC2CC2c2ccc(Cl)cc2)c1,True,4.737900000000003,0.9656000000000011,0.5423728813559322,False,True
1.0,bin,19,1.2959600001573564,1.1407200038433076,inf,1441838,COCC(=O)NC(C(=O)Nc1cccc(-c2nccs2)c1)C(C)C,2.5358,CCCCN(C)C(=O)NC(C)c1cccc(-c2nccs2)c1,True,4.312600000000003,1.7768000000000033,0.42857142857142855,False,True
1.0,bin,19,1.2959600001573564,1.1407200038433076,inf,1450449,CCCNC(=O)CSc1nc2c(cc1C#N)CCCC2,2.450380000000001,CCc1cnc(SCCC(=O)NC(C)(C)C)c(C#N)c1,True,2.912580000000001,0.46220000000000017,0.3235294117647059,False,True
1.0,bin,19,1.2959600001573564,1.1407200038433076,inf,1451910,O=S(=O)(NCc1nnc2ccccn12)c1ccc(F)c(F)c1,1.4859999999999995,CC(C)c1ccc(S(=O)(=O)NCc2nnc3ccccn23)cc1,True,2.3312,0.8452000000000004,0.6470588235294118,False,False
1.0,bin,19,1.2959600001573564,1.1407200038433076,inf,1479798,Cc1nc(C)c(CCC(=O)N(CC(C)C)CC(F)(F)F)c(=O)[nH]1,2.3662400000000003,Cc1nc(C(C)(C)C)[nH]c(=O)c1CCC(=O)N(CC(C)C)C(C)C,True,3.2014200000000015,0.8351800000000011,0.5263157894736842,False,True
1.0,bin,19,1.2959600001573564,1.1407200038433076,inf,1507926,COC(=O)C(C)NC(=O)Cc1csc(-c2ccccc2Cl)n1,2.6837,COCC(C)NC(=O)Cc1csc(-c2ccccc2Cl)n1,True,3.1571000000000007,0.4734000000000007,0.75,False,True
1.0,bin,19,1.2959600001573564,1.1407200038433076,inf,1527882,Nc1ncccc1C(=O)Nc1ccc2cn[nH]c2c1,1.7923999999999998,CCCN(CCC)C(=O)C=C1C=CC(NC(=O)C=C2C=CC=NCNN=C2)=C1,True,2.2312000000000003,0.4388000000000005,0.11764705882352941,False,True
1.0,bin,19,1.2959600001573564,1.1407200038433076,inf,1532848,COc1ccc(-c2ccc3c(=O)[nH]cnc3c2)cc1Cl,3.2521000000000013,O=c1[nH]c2nccc(-c3ccc(Cl)cc3)c2cc1Cl,True,3.8969000000000014,0.6448,0.2857142857142857,False,True
1.0,bin,19,1.2959600001573564,1.1407200038433076,inf,1548351,COc1cc(OC)c2c(c1)C(c1cnccn1)NCC2,1.7288999999999999,Clc1cncc(C2NCCc3cccc(Br)c32)n1,True,3.127600000000002,1.398700000000002,0.25396825396825395,False,True
1.0,bin,19,1.2959600001573564,1.1407200038433076,inf,1570134,COc1cccc(C(C)N2CCN(C(=O)c3ccc(O)cc3)CC2)c1,2.9198000000000013,Cc1ccc(C(C)N2CCN(C(=O)c3cccc(F)c3F)CC2)cc1,True,3.792220000000003,0.8724200000000017,0.4,False,True
1.0,bin,19,1.2959600001573564,1.1407200038433076,inf,1611406,CC(C)(C)N1CC(NC(=O)C2COc3ccc(F)cc3C2)CC1=O,1.8923999999999994,CCCC1NC(=O)CCC1NC(=O)C1COc2ccc(F)cc2C1C,True,2.5012999999999996,0.6089000000000002,0.30864197530864196,False,True
1.0,bin,19,1.2959600001573564,1.1407200038433076,inf,1612684,CCCC1CN(C(=O)Nc2ccn(CCC(C)C)n2)CCO1,2.9620000000000015,CCCC1(NC(=O)N2CCOC(CCC(C)C)C2)CC(C)=NN1C,True,3.0408000000000017,0.0788000000000002,0.4647887323943662,False,True
1.0,bin,19,1.2959600001573564,1.1407200038433076,inf,1639675,CCC(CC)c1nnc(NC(=O)c2scnc2C2CC2)s1,4.0279000000000025,CC(C)c1nnc(NC(=O)c2scnc2C(C)(C)C2CC2)s1,True,4.057900000000003,0.03000000000000025,0.5344827586206896,False,True
1.0,bin,19,1.2959600001573564,1.1407200038433076,inf,1675660,COc1ccnc(NC(=O)c2cccc(Cl)c2)c1,2.9959000000000007,CSc1ccccc1C(=O)Nc1cc(C(F)(F)F)ccn1,True,4.074600000000002,1.0787000000000013,0.3333333333333333,False,True
1.0,bin,19,1.2959600001573564,1.1407200038433076,inf,1689728,CCc1noc(CSc2ncnc3sc(C)cc23)n1,3.237420000000002,CCC1(C)C=NOC(C(C)SC2=NC=NCSC(C)=CC2)=C1,True,4.849300000000005,1.6118800000000029,0.11904761904761904,False,True
1.0,bin,19,1.2959600001573564,1.1407200038433076,inf,1720876,CC(C)(C)CC(=O)NCC(=O)Nc1ccc2c(c1)COC2,2.2077,CC(C)C(=O)NC(C)c1ccc2c(c1)COC2,True,2.5500000000000007,0.3423000000000007,0.3584905660377358,False,True
1.0,bin,19,1.2959600001573564,1.1407200038433076,inf,1757109,CC(C)Cc1ncc(CNc2ccc3c(c2)COC3)s1,3.983900000000003,Cc1cnc(CNc2ccc3c(c2)COC(C)C3Cl)s1,True,4.262220000000003,0.2783199999999999,0.4126984126984127,False,True
1.0,bin,19,1.2959600001573564,1.1407200038433076,inf,1774061,O=C1NCCCc2[nH]c(-c3cccc4[nH]ccc34)nc21,2.234,O=C1C=C2CN=C(c3cccc(C(F)(F)F)c3)NCCC2CN1,True,2.1176999999999997,-0.11630000000000029,0.15384615384615385,False,True
1.0,bin,19,1.2959600001573564,1.1407200038433076,inf,1800687,Cc1nn(C)c(-c2nc(-c3cccnn3)no2)c1Cl,1.8889199999999997,CCCCCn1ncc(-c2nc(-c3cccnn3)no2)c1C,True,2.888720000000001,0.9998000000000014,0.4666666666666667,False,True
1.0,bin,19,1.2959600001573564,1.1407200038433076,inf,1815867,FC(F)(F)c1ccc(CN2CCOCC2c2ncon2)cc1,2.661900000000001,CC(C)(C)C=CC=C(Cl)CN1CCOCC1c1ncon1,True,3.1679000000000013,0.5060000000000002,0.5423728813559322,False,True
1.0,bin,19,1.2959600001573564,1.1407200038433076,inf,1828580,Cc1ccc(N2CC3OCC(=O)N(Cc4cccc(F)c4)C3C2)nn1,1.54032,CC=CC=C1CN(CC(=O)OCCN(C)Cc2cccc(C)c2)N1,True,2.25022,0.7099000000000002,0.15053763440860216,False,True
1.0,bin,19,1.2959600001573564,1.1407200038433076,inf,1836183,CCc1ccc(C(=O)NCc2nccc(N(C)C)n2)cc1,2.035,CC(C)C(=O)Nc1ccnc(CNC(=O)c2ccc(C(C)C)cc2)n1,True,3.124500000000002,1.089500000000002,0.48214285714285715,False,True
1.0,bin,19,1.2959600001573564,1.1407200038433076,inf,1842499,COc1ccccc1COc1ccccc1-c1cnn(CCO)c1,3.1300000000000017,CNC1=C(COc2ccccc2-c2ccccc2)C=N1,True,3.2478000000000016,0.1177999999999999,0.375,False,True
1.0,bin,19,1.2959600001573564,1.1407200038433076,inf,1865564,COC(CNC(=O)c1ccoc1)c1cccc(F)c1,2.536200000000001,Cc1occc1C(=O)NCC(c1ccc(C(F)(F)F)cc1)C(F)(F)F,True,4.682720000000002,2.1465200000000015,0.2835820895522388,False,True
1.0,bin,19,1.2959600001573564,1.1407200038433076,inf,1868773,CCCOc1ccc(Cl)c2c1CCNC2C1CC(=O)C1,3.2947000000000015,CCCCCc1ccc(Cl)c2c1CCNC21CCC(=O)C1,True,4.166700000000003,0.8720000000000017,0.2898550724637681,False,True
1.0,bin,19,1.2959600001573564,1.1407200038433076,inf,1873123,CCC1OC(=O)c2c(OC)ccc(Br)c21,3.079200000000002,CC(C)c1nc2c(Br)ccc(Cl)c2oc1=O,True,3.7273000000000023,0.6481000000000003,0.2,False,True
1.0,bin,19,1.2959600001573564,1.1407200038433076,inf,1875028,Cc1cccc(C)c1NCC(=O)N1CCCC2CCCCC21,3.8965400000000034,CC(C)c1cccc(C(C)C)c1NCC(=O)N1CCCC12CCCC2,True,5.280500000000004,1.383960000000001,0.3620689655172414,False,True
1.0,bin,19,1.2959600001573564,1.1407200038433076,inf,1895921,CCC(CC)N(C)C(=O)CC1OC(=O)c2ccccc21,2.935200000000002,CCN(CC(C)(C)C)C(=O)CCOC(=O)c1ccccc1C,True,3.4365200000000025,0.5013200000000007,0.2,False,True
1.0,bin,19,1.2959600001573564,1.1407200038433076,inf,1907077,Cc1ccc2[nH]nc(C(=O)Nc3nc(-c4ccco4)cs3)c2c1,3.8401200000000015,Cc1ccc2[nH]nc(C(=O)Nc3nc(-c4ccc(C)o4)cs3)c2c1,True,4.148540000000002,0.3084200000000008,0.7413793103448276,False,True
1.0,bin,19,1.2959600001573564,1.1407200038433076,inf,1913063,Cc1nn(C)c(C)c1CN(C(=O)c1cn2cccc(C)c2n1)C1CC1,2.797860000000001,Cc1nn(C(C)C)c(C)c1C(=O)N(C)Cc1cn2ccccc2n1,True,3.0007400000000013,0.2028800000000004,0.2987012987012987,False,True
1.0,bin,19,1.2959600001573564,1.1407200038433076,inf,1922265,CN(CCNC(=O)c1ccc2c(c1)ncn2C)c1ccccc1,2.4395000000000007,CC(C(=O)NCc1nc2ccccc2n1C)N(c1ccccc1)C(C)(C)C,True,3.8831000000000033,1.4436000000000027,0.29577464788732394,False,True
3.0,null,20,,,,32052,COc1ccccc1CNC(=O)Cc1c[nH]c2ccccc12,3.035400000000001,O=C(Cc1c[nH]c2ccccc12)NCc1ccccc1,True,3.0268000000000015,-0.008599999999999497,0.6590909090909091,False,False
3.0,null,20,,,,116747,COCCSc1ccccc1C(=O)Nc1cccc(C)n1,3.3808200000000017,Cc1cccc(NC(=O)c2ccccc2Br)n1,True,3.4048200000000017,0.02400000000000002,0.5625,False,False
3.0,null,20,,,,131060,CS(=O)(=O)NCCc1csc(-c2ccc(F)cc2)n1,2.0408999999999997,CCCC(=O)NCCc1csc(-c2ccc(F)cc2)n1,True,3.408000000000002,1.3671000000000024,0.6,False,True
3.0,null,20,,,,131949,CCc1c(C)nc(SCC(=O)NC(C)C)[nH]c1=O,1.25742,CCCN(CCC)C(=O)CSc1nc(C)cc(=O)[nH]1,True,1.8190199999999999,0.5615999999999999,0.3275862068965517,False,True
3.0,null,20,,,,158879,COc1ccc(CC(=O)OCC(=O)c2c[nH]c3ccccc23)cc1,3.145100000000001,CN(C)c1ccc(CC(=O)OCC(=O)c2c[nH]c3ccccc23)cc1,True,3.2025000000000015,0.05740000000000034,0.74,False,True
3.0,null,20,,,,232056,COCCNC(=O)c1cc(=O)c2cc(C)ccc2o1,1.4776199999999993,COC(=O)CCNC(=O)c1cc2cc(OC)ccc2o1,True,1.7343,0.2566800000000007,0.42857142857142855,False,True
3.0,null,20,,,,235788,O=C(Cn1nc(-c2ccco2)oc1=O)NCC(F)(F)F,0.7747999999999999,CCCN(CCC)C(=O)Cn1nc(-c2ccco2)oc1=O,True,1.7449,0.9701,0.5636363636363636,False,False
3.0,null,20,,,,236081,CC(=O)c1c(C)[nH]c(C(=O)CSc2nc(C(C)C)n[nH]2)c1C,3.0506400000000014,CC1=CC(=O)CC(C(=O)CSc2nc(C)c(C(C)C)[nH]2)N1,True,2.33752,-0.7131200000000013,0.2714285714285714,False,True
3.0,null,20,,,,281081,O=C(Cn1cccn1)NCc1cccnc1Oc1ccc(F)cc1F,2.665000000000001,Cc1ccc(Oc2ncccc2CNC(=O)Cn2cccn2)cc1,True,2.69522,0.030219999999999025,0.6666666666666666,False,True
3.0,null,20,,,,284170,COc1ccc(-c2nc(CC(=O)Nc3cccc(C)n3)cs2)cc1,3.7033200000000024,COC=CC1=C(COC)C=NC(CC(=O)Nc2ccccn2)[SH]1C,True,2.5123000000000006,-1.1910200000000017,0.23170731707317074,False,True
3.0,null,20,,,,288369,Cc1ccc(NCc2nnc3n2CCCCC3)cc1C,3.2334400000000016,Cc1ccc(NCc2nnc3n2CCCCC3)c(C)c1,True,3.2334400000000016,0.0,0.6530612244897959,False,False
3.0,null,20,,,,302889,COc1ccc(OC)c(NC(=O)CCNC(=O)c2cccs2)c1,2.5239000000000003,O=C(CCNC(=O)c1cccs1)Nc1ccccc1,True,2.5067000000000004,-0.017199999999999882,0.5576923076923077,False,False
3.0,null,20,,,,327141,COc1ccc(OC)c(S(=O)(=O)Nc2ccn(C)n2)c1,1.2381,CCCOc1ccc(S(=O)(=O)Nc2ccn(C)n2)cc1C,True,2.3181200000000004,1.0800200000000004,0.48214285714285715,False,True
3.0,null,20,,,,327382,CNC(=O)C1CN(C(=O)c2c(C)noc2C)c2ccccc2O1,1.4452399999999996,CNc1onc(C)c1C(=O)N1CCC(COC)Oc2ccccc21,True,2.4690200000000004,1.0237800000000008,0.47761194029850745,False,True
3.0,null,20,,,,406491,COCCNC(=O)C1CCCN(S(=O)(=O)N2CCOCC2)C1,-0.9619999999999964,CCCNC(=O)C1CCCN(S(=O)(=O)N2CCOC(C)C2)C1,True,0.1901000000000015,1.152099999999998,0.6,False,True
3.0,null,20,,,,413951,O=C(Cn1ncn2cccc2c1=O)N1CCCCCC1,0.8985999999999996,CC1=NN(CC(=O)N2CCCCC2)C(=O)C=C2C(N)=CC=CN21,True,0.7303000000000001,-0.16829999999999956,0.3230769230769231,False,True
3.0,null,20,,,,427929,CCNc1nc(NCc2ccccc2Cl)c2cnn(C)c2n1,3.060600000000001,COc1ccc(CNc2nc(C)nc3c2cnn3C)cc1O,True,1.99802,-1.062580000000001,0.3787878787878788,False,True
3.0,null,20,,,,447130,CCC(NC(=O)C1CCN(C(=O)C2CC2)CC1)c1ccc(C)cc1,3.2109200000000016,CCN(CCCC(=O)NC(C)C1=CC=CCC1)C(=O)C1CC1,True,2.8062000000000014,-0.4047200000000002,0.2191780821917808,False,True
3.0,null,20,,,,481908,CCNS(=O)(=O)c1ccc(C)c(C(=O)Nc2ncccc2C)c1,2.24894,Cc1ccc(S(N)(=O)=O)cc1C(=O)Nc1ncccc1C,True,1.5981400000000001,-0.6508,0.7142857142857143,False,True
3.0,null,20,,,,485220,Cc1nn(CC(=O)N2CCN(C)CC2)c(C)c1Br,1.03644,CCC(=O)NC1CCCN(C(=O)Cn2nc(C)c(Cl)c2CC)C1,True,1.9245199999999993,0.8880799999999993,0.31746031746031744,False,True
3.0,null,20,,,,526363,Cc1nnc(SCC(=O)Nc2ccc(O)cc2)n(N)c1=O,0.09692,CC1=CC=CC(NC(=O)CSc2nnc(C)c(=O)[nH]2)N=C1,True,0.59462,0.49770000000000003,0.2714285714285714,False,True
3.0,null,20,,,,536853,COc1ccc(C2CCCN2C(=O)C2CCC2)c(OC)c1,3.1674000000000015,C=CCOc1cccc(CC2CCCN2C(=O)CCC)c1,True,3.5850000000000026,0.4176000000000011,0.2857142857142857,False,True
3.0,null,20,,,,540312,Cc1nn(C)c2nc(C3CC3)cc(C(=O)NCC(=O)NC(C)(C)C)c12,1.7986199999999997,C=CCNC(=O)c1cc(C2CC2)nc2c1c(C)nn2C,True,2.0699199999999998,0.2713000000000001,0.6724137931034483,False,False
3.0,null,20,,,,544381,Cc1nc(N2CCCC(C(=O)NC(C)C)C2)c2c(C)c(C)oc2n1,2.8890600000000006,Cc1nc(N2CCC(C(N)=O)CC2)c2c(C)c(C)oc2n1,True,1.8497600000000003,-1.0393000000000003,0.5714285714285714,False,True
3.0,null,20,,,,544382,CCCNC(=O)C1CCCN(c2nc(C)nc3oc(C)c(C)c23)C1,2.8906600000000013,CSc1nc(C)c2c(C(=O)N3CCCC3)c(C)oc2n1,True,2.7975400000000015,-0.09311999999999987,0.2676056338028169,False,True
3.0,null,20,,,,550049,Cc1ccc(C)c(OCC(=O)Nc2cccc(-n3cnnc3)c2)c1,2.9016400000000013,N#Cc1ccccc1OCC(=O)Nc1cccc(-n2cnnc2)c1,True,2.15648,-0.7451600000000012,0.6607142857142857,False,False
3.0,null,20,,,,573533,Cc1nn(-c2ncc(C(F)(F)F)cc2Cl)c(=O)o1,2.2011199999999995,CC(C)C=NN=C(O)Nc1cc(Cl)cc(Cl)n1,True,3.3561000000000014,1.154980000000002,0.1044776119402985,False,True
3.0,null,20,,,,582555,O=C(NCC(O)c1ccccc1)c1ccc2c(=O)n3c(nc2c1)CCC3,1.8061000000000003,O=C1C=C2C=CC(=O)NCC(O)c3ccc(F)c(F)c3C(=C2)N=CN1,True,1.1096,-0.6965000000000003,0.08695652173913043,False,True
3.0,null,20,,,,588547,Cc1n[nH]c(C)c1NC(=O)CCc1ccc(Cl)cc1Cl,3.9046400000000023,COc1ccc(Cl)cc1CCC(=O)Nc1c(C)n[nH]c1C,True,3.2598400000000005,-0.6448000000000018,0.7254901960784313,False,True
3.0,null,20,,,,607673,CCCN(CC1CC1)S(=O)(=O)c1ccccc1F,2.636400000000001,CCCN(CC1CC1)S(=O)(=O)c1c(F)ccc(F)c1Cl,True,3.4289000000000023,0.7925000000000013,0.6086956521739131,False,True
3.0,null,20,,,,617681,Cc1cc(C(=O)Nc2nc(-c3ccncc3)cs2)nn1C(C)C,3.5432200000000016,Cc1cc(C(=O)Nc2nc(-c3ccnc(C#N)c3)cs2)nn1C,True,2.3710000000000004,-1.1722200000000011,0.5396825396825397,False,True
3.0,null,20,,,,650267,COc1ccc2oc(C(=O)NC3CCCCNC3=O)c(C)c2c1,2.14832,COC1=CC=CCC2=C(C(=O)N(C)CC3CCNC(=O)C3)OC12,True,1.1140999999999996,-1.0342200000000004,0.19540229885057472,False,True
3.0,null,20,,,,668639,Cc1cc(NC(=O)c2ccccc2Cl)ncc1N,2.8779200000000005,Nc1ccc(NC(=O)c2ccccc2Br)nc1,True,2.6786000000000003,-0.19932000000000016,0.46938775510204084,False,False
3.0,null,20,,,,673160,CCC(=O)Nc1ccc2oc(C(F)(F)F)cc(=O)c2c1,3.160300000000001,CCOC(=O)C(C)N1C=CC(=O)C=CC=C(C(C)C)OC=COC1,True,2.894400000000002,-0.26589999999999936,0.12987012987012986,False,True
3.0,null,20,,,,711169,Cc1cccc(C(C)C)c1NC(=O)N(C)Cc1ccncc1,4.177320000000003,COC(=O)c1cccc(NC(=O)N(C)Cc2ccncc2)c1,True,2.5321000000000007,-1.645220000000002,0.5,False,False
3.0,null,20,,,,720969,Cc1noc(C)c1CCC(=O)OCC(=O)N1c2ccccc2CC1C,2.7450400000000013,C=CC=CC=Cc1onc(O)c1CCC=O,True,2.2671,-0.47794000000000114,0.14473684210526316,False,True
3.0,null,20,,,,730789,COC(=O)C1CCN(C(=O)c2cc3ccc(F)cc3nc2C)CC1,2.7075200000000006,COC(=O)C1CCN(C(=O)c2cnc3ccccc3c2)CC1,True,2.2600000000000007,-0.4475199999999999,0.5084745762711864,False,True
3.0,null,20,,,,738178,Cc1ccc(-n2ccnc2SCc2nc(C3CC3)no2)cc1C,4.041840000000003,COc1ccc(-n2ccnc2SCc2nc(C3CC3)no2)cc1,True,3.433600000000002,-0.6082400000000012,0.7272727272727273,False,True
3.0,null,20,,,,771897,COc1ccccc1OCC(=O)N(C)Cc1sccc1C,3.102520000000002,Cc1ccsc1CN(C)C(=O)COc1cccc(C(N)=O)c1,True,2.19282,-0.9097000000000017,0.6226415094339622,False,True
3.0,null,20,,,,811446,COC(=O)C1(NC(=O)c2cc(Br)c[nH]2)CCCCCC1,2.7730000000000006,CCCCC(NC(=O)c1cc(Br)c[nH]1)C(=O)OC,True,2.2388000000000003,-0.5342000000000002,0.4444444444444444,False,True
3.0,null,20,,,,848291,CCC(C)NC(=O)NCc1noc(-c2cccs2)n1,2.3958000000000004,CC(C)NC(=O)NCc1noc(-c2cccs2)n1,True,2.0057,-0.39010000000000034,0.8163265306122449,False,False
3.0,null,20,,,,863440,COc1ccc(-c2nc(CCCO)cs2)cc1OC,2.752200000000001,COc1ccc(-c2csc(CCC(C)O)n2)cc1Cl,True,3.7855000000000025,1.0333000000000014,0.35,False,True
3.0,null,20,,,,864663,N#Cc1ccc(-c2cc(F)ccc2F)nc1N1CCCC1,3.498680000000002,N#Cc1c(N)cc(N2CCCC2)nc1-c1cc(Cl)ccc1Cl,True,4.109480000000002,0.6108000000000002,0.3064516129032258,False,True
3.0,null,20,,,,872100,CCc1cccc(C)c1NCC(O)c1ccc2c(c1)OCCO2,3.474120000000002,COc1cccc(NCC(O)c2ccc3c(c2)OCCO3)c1,True,2.6119000000000003,-0.8622200000000015,0.5535714285714286,False,False
3.0,null,20,,,,886334,COc1ccc(C(=O)N2CCCC(C(=O)N3CCCCC3)C2)c(O)c1,2.2655000000000003,O=C1NCCCCC2C1CCCN2C(=O)c1c(F)cccc1Cl,True,3.0000000000000018,0.7345000000000015,0.2,False,True
3.0,null,20,,,,887387,COCCNC(=O)N(Cc1cccc(F)c1)CC1CCCO1,2.1627,COC(=O)C(C)N(Cc1c(F)cccc1Cl)C1CCCO1,True,2.9791000000000016,0.8164000000000016,0.3466666666666667,False,True
3.0,null,20,,,,889149,N#Cc1ccc(NC(=O)c2ccc(Br)cc2Cl)nc1,3.621480000000001,N#Cc1ccc(NC(=O)c2ccc(C(F)(F)F)cc2)nc1,True,3.224380000000002,-0.3970999999999991,0.5,False,False
3.0,null,20,,,,913483,O=C(CNC(=O)NCCc1c(Cl)cccc1Cl)NC1CC1,2.1137000000000006,NC1CC1CNC(=O)NCC(=O)CCc1cccc(F)c1,True,0.9738000000000001,-1.1399000000000004,0.28125,False,True
3.0,null,20,,,,917620,C=CCN(Cc1ccccc1OC)C(=O)c1csc(C)n1,3.288520000000002,CCc1ccccc1CN(CCC=CS)C(=O)C1CC=N1,True,3.2543000000000024,-0.03421999999999947,0.25,False,True
3.0,null,20,,,,918312,CCOc1ccc(Cl)c(C(=O)N2CCN(c3ncccn3)CC2)n1,1.8860999999999997,Cc1cnc(C(=O)N2CCN(c3ncccc3Cl)CC2)nc1,True,1.79582,-0.0902799999999997,0.4,False,True
3.0,null,20,,,,922879,CC(=O)c1ccc(N2CCN(Cc3c(F)cccc3F)CC2)cc1,3.489600000000003,CCOc1ccc(CN2CCN(c3ccc(F)c(F)c3)CC2)cc1,True,3.6857000000000024,0.1960999999999995,0.35714285714285715,False,True
3.0,null,20,,,,927535,COc1cc(CN2CCN(c3ccccc3F)CC2)ccc1O,2.862100000000002,COc1ccc(CN2CCN(c3cccc(F)c3)CC2)cc1OC,True,3.1651000000000016,0.3029999999999995,0.5185185185185185,False,True
3.0,null,20,,,,927567,Cc1ccccc1N1CCN(Cc2cccc(O)c2)CC1,3.022820000000001,Oc1cccc(CN2CCN(c3cccc(C(F)(F)F)c3)CC2)c1,True,3.7332000000000027,0.7103800000000016,0.5306122448979592,False,True
3.0,null,20,,,,938108,CC(c1ccccc1)N(C)C(=O)CCC(=O)Nc1nccs1,3.0814000000000012,CC1=CC=CC=CC[SH]2C=CN=C2NC(=O)CCC(=O)N1,True,1.8708,-1.2106000000000012,0.09210526315789473,False,True
3.0,null,20,,,,943303,CN(CCCOc1ccccc1)C(=O)Nc1cccc2c1OCCO2,3.390600000000002,Cc1ccccc1OCCNC(=O)Nc1cccc2c1OCCO2,True,2.9667200000000014,-0.4238800000000005,0.49206349206349204,False,True
3.0,null,20,,,,946289,CC(NC(=O)C1(c2cc(-c3ccco3)on2)CC1)c1ccccc1,3.843600000000002,O=C(NCc1ccc(Cl)cc1)C1(c2cc(-c3ccco3)on2)CC1,True,3.9360000000000026,0.09240000000000048,0.576271186440678,False,False
3.0,null,20,,,,994077,Cc1nnc(Cn2c(-c3cccc(Br)c3)noc2=O)o1,2.0055199999999997,CSc1cccc(-c2nnc(Cn3c(C)noc3=O)o2)c1,True,1.9649199999999998,-0.04059999999999997,0.4915254237288136,False,True
3.0,null,20,,,,1065620,O=C(NCc1cccnc1Oc1ccccc1)c1cccnc1,3.198900000000002,COc1ccc(Oc2ncccc2CNC(=O)c2cccnc2)cc1,True,3.2075000000000014,0.008599999999999497,0.8125,False,True
3.0,null,20,,,,1093926,CN(C(=O)CNc1cccc(OCC2CCCO2)c1)c1ccccc1,3.319300000000002,Cc1ccc(NCC(=O)Nc2cccc(OCC3CCCO3)c2)cc1,True,3.6034200000000025,0.2841200000000006,0.609375,False,True
3.0,null,20,,,,1107920,CCc1ccc(-n2cc(C(=O)NC(C)c3ccccc3)nn2)cc1,3.320700000000002,O=C(NCc1ccc(F)cc1)c1cn(-c2ccccc2)nn1,True,2.3364000000000003,-0.984300000000002,0.5,False,False
3.0,null,20,,,,1113130,CC(NC(=O)Cn1nnnc1C(C)(C)C)c1cccc2ccccc12,3.0012000000000016,CC(C)c1nnnn1CC(=O)NCc1ccc(F)c2ccccc12,True,2.4052000000000007,-0.596000000000001,0.3880597014925373,False,True
3.0,null,20,,,,1121751,COC(=O)Cn1ccc(NS(=O)(=O)c2ccc(F)c(F)c2F)n1,1.2742,Cc1c(Cl)cccc1S(=O)(=O)Nc1ccn(CCO)n1,True,1.6380199999999991,0.36381999999999914,0.4032258064516129,False,True
3.0,null,20,,,,1142531,CCOC(C)C(=O)NCCc1csc(-c2ccc(C)cc2)n1,3.2022200000000014,CC1=CC=C(C2=NC(CCNC(=O)N(C)C(C)C)=C[SH]2C)C1,True,3.587200000000003,0.38498000000000143,0.23684210526315788,False,True
3.0,null,20,,,,1212157,CN(Cc1ccc(F)c(F)c1)C(=O)c1cncc(-c2cnn(C)c2)c1,3.0325000000000015,CN(Cc1cccc(F)c1)C(=O)c1cncc(-c2cnn(C)c2)c1,True,2.8934000000000006,-0.1391000000000009,0.7636363636363637,False,True
3.0,null,20,,,,1215394,CCn1nc(C)cc1C(=O)Oc1cccc(NC(=O)C(C)C)c1,3.025120000000001,Cc1ccc(C)c(OC(=O)c2cc(C)nn2C)c1,True,2.56456,-0.46056000000000097,0.3225806451612903,False,True
3.0,null,20,,,,1232922,CC(C)(C)OC(=O)NC1CCCN(S(=O)(=O)N2CCOCC2)C1,0.5525000000000011,CCC(=O)NC1CCCN(S(=O)(=O)N2CCOC(C)C2)C1,True,-0.05749999999999833,-0.6099999999999994,0.5,False,True
3.0,null,20,,,,1238973,FC(F)(F)c1cnc(N2CCn3c(nnc3C3CC3)C2)c(Cl)c1,3.2429000000000023,CC1CC1c1nnc2n1CCN(c1ccc(F)cn1)C2,True,1.9558000000000002,-1.2871000000000021,0.38095238095238093,False,True
3.0,null,20,,,,1299495,Cc1cc(CC(=O)N2CCCC2C(C#N)c2ccccc2)no1,2.823900000000001,CC1=CC(CC(=O)N2CCCC2c2ccccc2C(C)C)C=NO1,True,4.399600000000004,1.575700000000003,0.3037974683544304,False,True
3.0,null,20,,,,1309906,CC(C)CC(NC(=O)c1cc(=O)c2ccccc2o1)C(=O)OC(C)C,2.8891000000000018,COC(=O)C(NC(=O)c1cc(=O)c2ccccc2o1)C(C)C,True,1.7203999999999993,-1.1687000000000025,0.6037735849056604,False,False
3.0,null,20,,,,1362816,COCc1cccc(C(=O)NC2CC2c2cccc(Cl)c2)c1,3.772300000000002,Nc1ccccc1C1CC1NC(=O)c1c(F)cccc1F,True,2.8329000000000013,-0.9394000000000009,0.296875,False,True
3.0,null,20,,,,1441838,COCC(=O)NC(C(=O)Nc1cccc(-c2nccs2)c1)C(C)C,2.5358,COCCC(NC(C)=O)C(=O)Nc1cccc(-c2nccs2)c1,True,2.2897999999999996,-0.24600000000000044,0.6290322580645161,False,True
3.0,null,20,,,,1450449,CCCNC(=O)CSc1nc2c(cc1C#N)CCCC2,2.450380000000001,CCS(=O)(=O)NCCSc1ncccc1C#N,True,0.9846799999999998,-1.4657000000000011,0.2878787878787879,False,True
3.0,null,20,,,,1451910,O=S(=O)(NCc1nnc2ccccn12)c1ccc(F)c(F)c1,1.4859999999999995,COc1ccc(S(=O)(=O)NCc2nnc3ccccn23)cc1,True,1.2163999999999997,-0.26959999999999984,0.6470588235294118,False,False
3.0,null,20,,,,1479798,Cc1nc(C)c(CCC(=O)N(CC(C)C)CC(F)(F)F)c(=O)[nH]1,2.3662400000000003,CC=CC(=O)NC(F)CCC(=O)N(C)C(C)CC(F)F,True,2.2565999999999997,-0.10964000000000063,0.15492957746478872,False,True
3.0,null,20,,,,1507926,COC(=O)C(C)NC(=O)Cc1csc(-c2ccccc2Cl)n1,2.6837,CC(CNC(=O)Cc1csc(-c2ccc(N(C)C)cc2)n1)C(N)=O,True,1.6562,-1.0275,0.3939393939393939,False,True
3.0,null,20,,,,1527882,Nc1ncccc1C(=O)Nc1ccc2cn[nH]c2c1,1.7923999999999998,NC(=O)C=C1C=C(C(=O)Nc2ccc3[nH]ncc3c2)C=N1,True,0.8813999999999997,-0.911,0.3968253968253968,False,True
3.0,null,20,,,,1532848,COc1ccc(-c2ccc3c(=O)[nH]cnc3c2)cc1Cl,3.2521000000000013,CCOC=C1C=C(c2ccc3nc[nH]c(=O)c3c2)C=C1OC,True,2.7708000000000013,-0.48130000000000006,0.3870967741935484,False,True
3.0,null,20,,,,1548351,COc1cc(OC)c2c(c1)C(c1cnccn1)NCC2,1.7288999999999999,Clc1ccc2c(c1Cl)CCNC2c1cnccn1,True,3.0185000000000013,1.2896000000000014,0.5,False,False
3.0,null,20,,,,1570134,COc1cccc(C(C)N2CCN(C(=O)c3ccc(O)cc3)CC2)c1,2.9198000000000013,COc1cccc(C(=O)N2CCN(C(C)c3ccc(O)cc3)CC2)c1,True,2.9198000000000013,0.0,0.7916666666666666,False,True
3.0,null,20,,,,1611406,CC(C)(C)N1CC(NC(=O)C2COc3ccc(F)cc3C2)CC1=O,1.8923999999999994,CCN1CC(C(=O)NC2COc3ccccc3C2)CC1=O,True,0.974699999999999,-0.9177000000000004,0.4117647058823529,False,False
3.0,null,20,,,,1612684,CCCC1CN(C(=O)Nc2ccn(CCC(C)C)n2)CCO1,2.9620000000000015,CCCCn1ccc(NC(=O)N2CCOC(CC)C2)n1,True,2.3259,-0.6361000000000017,0.7068965517241379,False,True
3.0,null,20,,,,1639675,CCC(CC)c1nnc(NC(=O)c2scnc2C2CC2)s1,4.0279000000000025,CC(O)Cc1nnc(NC(=O)c2scnc2C2CC2)s1,True,2.0476,-1.9803000000000024,0.6792452830188679,False,True
3.0,null,20,,,,1675660,COc1ccnc(NC(=O)c2cccc(Cl)c2)c1,2.9959000000000007,COC(=O)c1cccc(NC(=O)c2cc(OC)ccc2OC)n1,True,2.1376999999999997,-0.858200000000001,0.4107142857142857,False,True
3.0,null,20,,,,1689728,CCc1noc(CSc2ncnc3sc(C)cc23)n1,3.237420000000002,Cc1noc(CSc2ncnc3sc(C)cc23)n1,True,2.9834400000000016,-0.2539800000000003,0.7659574468085106,False,False
3.0,null,20,,,,1720876,CC(C)(C)CC(=O)NCC(=O)Nc1ccc2c(c1)COC2,2.2077,CC(O)CNC(=O)Nc1ccc2c(c1)COC2,True,1.2191,-0.9885999999999999,0.52,False,True
3.0,null,20,,,,1757109,CC(C)Cc1ncc(CNc2ccc3c(c2)COC3)s1,3.983900000000003,COc1ccc(CSC(OC)c2cncn2C)cc1OC,True,3.0157000000000016,-0.9682000000000013,0.1232876712328767,False,True
3.0,null,20,,,,1774061,O=C1NCCCc2[nH]c(-c3cccc4[nH]ccc34)nc21,2.234,O=C1CN=C(c2ccc(F)c3[nH]ccc23)NCCCCN1,True,1.5532,-0.6808000000000001,0.27692307692307694,False,True
3.0,null,20,,,,1800687,Cc1nn(C)c(-c2nc(-c3cccnn3)no2)c1Cl,1.8889199999999997,CC(=O)Cn1nc(C)c(-c2noc(-c3cccnn3)n2)c1C,True,1.59594,-0.2929799999999998,0.45,False,True
3.0,null,20,,,,1815867,FC(F)(F)c1ccc(CN2CCOCC2c2ncon2)cc1,2.661900000000001,OCC1COCCN1Cc1ccc(Cl)c(F)c1,True,1.6722,-0.9897000000000011,0.3548387096774194,False,True
3.0,null,20,,,,1828580,Cc1ccc(N2CC3OCC(=O)N(Cc4cccc(F)c4)C3C2)nn1,1.54032,O=C1COC2CN(c3ccc(O)nn3)CC2N1Cc1ccccc1,True,0.7983999999999991,-0.7419200000000008,0.6129032258064516,False,True
3.0,null,20,,,,1836183,CCc1ccc(C(=O)NCc2nccc(N(C)C)n2)cc1,2.035,CC(=O)Nc1cccc(C(=O)NCc2nccc(C(F)(F)F)n2)c1,True,2.383800000000001,0.34880000000000067,0.38095238095238093,False,True
3.0,null,20,,,,1842499,COc1ccccc1COc1ccccc1-c1cnn(CCO)c1,3.1300000000000017,CC1=CC(c2cnn(Cc3ccccc3CO)c2C)C=C1F,True,3.6290200000000032,0.4990200000000016,0.23529411764705882,False,True
3.0,null,20,,,,1865564,COC(CNC(=O)c1ccoc1)c1cccc(F)c1,2.536200000000001,COc1cc(C(O)CNC(=O)c2ccoc2)ccc1Cl,True,2.4050000000000002,-0.13120000000000065,0.48333333333333334,False,True
3.0,null,20,,,,1868773,CCCOc1ccc(Cl)c2c1CCNC2C1CC(=O)C1,3.2947000000000015,CCOc1cc2c(c(F)c1F)CCNC21CCC(=O)C1,True,2.4575000000000005,-0.837200000000001,0.2463768115942029,False,True
3.0,null,20,,,,1873123,CCC1OC(=O)c2c(OC)ccc(Br)c21,3.079200000000002,Clc1c2ccc(c1Br)CO2,True,2.9949000000000003,-0.0843000000000016,0.12,False,True
3.0,null,20,,,,1875028,Cc1cccc(C)c1NCC(=O)N1CCCC2CCCCC21,3.8965400000000034,CC(=O)Nc1cccc(NCC(=O)N2CCCC23CCC(C)CC3)c1,True,3.6282000000000023,-0.26834000000000113,0.3181818181818182,False,True
3.0,null,20,,,,1895921,CCC(CC)N(C)C(=O)CC1OC(=O)c2ccccc21,2.935200000000002,COCC(C)NC(=O)CC1OC(=O)c2ccccc21,True,1.4392999999999998,-1.495900000000002,0.49056603773584906,False,False
3.0,null,20,,,,1907077,Cc1ccc2[nH]nc(C(=O)Nc3nc(-c4ccco4)cs3)c2c1,3.8401200000000015,Cc1cccc2[nH]nc(C(=O)Nc3nc(-c4ccco4)cs3)c12,True,3.8401200000000015,0.0,0.6949152542372882,False,True
3.0,null,20,,,,1913063,Cc1nn(C)c(C)c1CN(C(=O)c1cn2cccc(C)c2n1)C1CC1,2.797860000000001,Cc1c(C(=O)N(CCc2ccc[nH]2)C2CC2)cnc2cccn12,True,2.8181200000000013,0.02026000000000039,0.31645569620253167,False,True
3.0,null,20,,,,1922265,CN(CCNC(=O)c1ccc2c(c1)ncn2C)c1ccccc1,2.4395000000000007,CCN(CCNC(=O)c1cccc(F)c1)C(=O)c1ccc2c(c1)ncn2C,True,2.6045000000000007,0.16500000000000004,0.5967741935483871,False,True
3.0,bin,0,-1.2959600001573561,-inf,-1.1407200038433074,32052,COc1ccccc1CNC(=O)Cc1c[nH]c2ccccc12,3.035400000000001,NS(=O)(=O)Nc1cccc(CNC(=O)Cc2c[nH]c3ccccc23)c1,True,1.6421999999999997,-1.3932000000000013,0.5178571428571429,False,True
3.0,bin,0,-1.2959600001573561,-inf,-1.1407200038433074,116747,COCCSc1ccccc1C(=O)Nc1cccc(C)n1,3.3808200000000017,CNS(=O)(=O)c1ccc(C(=O)Nc2cccc(SC)n2)cc1,True,1.9639,-1.4169200000000017,0.3225806451612903,False,True
3.0,bin,0,-1.2959600001573561,-inf,-1.1407200038433074,131060,CS(=O)(=O)NCCc1csc(-c2ccc(F)cc2)n1,2.0408999999999997,NS(=O)(=O)NCC(=O)NCCc1csc(-c2ccc(F)cc2)n1,True,0.40100000000000047,-1.6398999999999992,0.6153846153846154,False,True
3.0,bin,0,-1.2959600001573561,-inf,-1.1407200038433074,131949,CCc1c(C)nc(SCC(=O)NC(C)C)[nH]c1=O,1.25742,CNC(=O)COC(=O)CSc1nc(C)cc(=O)[nH]1,True,-0.5403800000000001,-1.7978,0.3333333333333333,False,True
3.0,bin,0,-1.2959600001573561,-inf,-1.1407200038433074,158879,COc1ccc(CC(=O)OCC(=O)c2c[nH]c3ccccc23)cc1,3.145100000000001,NS(=O)(=O)c1ccc(CC(=O)OCC(=O)Cc2c[nH]c3ccccc23)cc1,True,1.7127999999999997,-1.4323000000000015,0.4915254237288136,False,True
3.0,bin,0,-1.2959600001573561,-inf,-1.1407200038433074,232056,COCCNC(=O)c1cc(=O)c2cc(C)ccc2o1,1.4776199999999993,NS(=O)(=O)CCNC(=O)c1cc(=O)c2cc(F)ccc2o1,True,-0.0495999999999992,-1.5272199999999985,0.5185185185185185,False,True
3.0,bin,0,-1.2959600001573561,-inf,-1.1407200038433074,235788,O=C(Cn1nc(-c2ccco2)oc1=O)NCC(F)(F)F,0.7747999999999999,NS(=O)(=O)CCNC(=O)Cn1nc(-c2ccco2)oc1=O,True,-1.498999999999999,-2.2737999999999987,0.6545454545454545,False,True
3.0,bin,0,-1.2959600001573561,-inf,-1.1407200038433074,236081,CC(=O)c1c(C)[nH]c(C(=O)CSc2nc(C(C)C)n[nH]2)c1C,3.0506400000000014,CCC(SCC(=O)OC)C(=O)CSc1nc(OC)n[nH]1,True,1.1592999999999998,-1.8913400000000016,0.2923076923076923,False,True
3.0,bin,0,-1.2959600001573561,-inf,-1.1407200038433074,281081,O=C(Cn1cccn1)NCc1cccnc1Oc1ccc(F)cc1F,2.665000000000001,CN(CC(=O)NCc1cccnc1Oc1ccccc1)N=CCC(N)=O,True,1.2830999999999997,-1.3819000000000012,0.36363636363636365,False,True
3.0,bin,0,-1.2959600001573561,-inf,-1.1407200038433074,284170,COc1ccc(-c2nc(CC(=O)Nc3cccc(C)n3)cs2)cc1,3.7033200000000024,NC(=O)c1cccc(NC(=O)Cc2csc(-c3ccccc3)n2)n1,True,2.4852000000000007,-1.2181200000000016,0.5789473684210527,False,True
3.0,bin,0,-1.2959600001573561,-inf,-1.1407200038433074,288369,Cc1ccc(NCc2nnc3n2CCCCC3)cc1C,3.2334400000000016,C=C1CCCCn2c(CNC3NS(=O)(=O)C=CC=C3F)nnc21,True,1.1910000000000003,-2.0424400000000014,0.28169014084507044,False,True
3.0,bin,0,-1.2959600001573561,-inf,-1.1407200038433074,302889,COc1ccc(OC)c(NC(=O)CCNC(=O)c2cccs2)c1,2.5239000000000003,NS(=O)(=O)c1ccc(NC(=O)CCNC(=O)c2cccs2)cc1,True,1.1541,-1.3698000000000004,0.4915254237288136,False,True
3.0,bin,0,-1.2959600001573561,-inf,-1.1407200038433074,327141,COc1ccc(OC)c(S(=O)(=O)Nc2ccn(C)n2)c1,1.2381,Cn1ccc(NS(=O)(=O)c2cccc(S(N)(=O)=O)c2)n1,True,-0.13169999999999982,-1.3697999999999997,0.47058823529411764,False,True
3.0,bin,0,-1.2959600001573561,-inf,-1.1407200038433074,327382,CNC(=O)C1CN(C(=O)c2c(C)noc2C)c2ccccc2O1,1.4452399999999996,Nc1onc(S(N)(=O)=O)c1C(=O)N1CCOc2ccccc21,True,-0.056599999999999984,-1.5018399999999996,0.3382352941176471,False,True
3.0,bin,0,-1.2959600001573561,-inf,-1.1407200038433074,406491,COCCNC(=O)C1CCCN(S(=O)(=O)N2CCOCC2)C1,-0.9619999999999964,NS(=O)(=O)NC1CCN(S(=O)(=O)N2CCOCC2)CC1,True,-2.1790999999999956,-1.2170999999999992,0.35185185185185186,False,True
3.0,bin,0,-1.2959600001573561,-inf,-1.1407200038433074,413951,O=C(Cn1ncn2cccc2c1=O)N1CCCCCC1,0.8985999999999996,CN(CCCS(N)(=O)=O)C(=O)Cn1ncn2cccc2c1=O,True,-1.3669999999999978,-2.2655999999999974,0.4745762711864407,False,True
3.0,bin,0,-1.2959600001573561,-inf,-1.1407200038433074,427929,CCNc1nc(NCc2ccccc2Cl)c2cnn(C)c2n1,3.060600000000001,COc1ccccc1CNc1nc(N)nc2c1cnn2C,True,1.5661999999999998,-1.494400000000001,0.5172413793103449,False,True
3.0,bin,0,-1.2959600001573561,-inf,-1.1407200038433074,447130,CCC(NC(=O)C1CCN(C(=O)C2CC2)CC1)c1ccc(C)cc1,3.2109200000000016,NC(=O)C(NC(=O)C1CCN(C(=O)C2CC2)CC1)c1ccccc1,True,0.9777999999999998,-2.2331200000000018,0.5094339622641509,False,True
3.0,bin,0,-1.2959600001573561,-inf,-1.1407200038433074,481908,CCNS(=O)(=O)c1ccc(C)c(C(=O)Nc2ncccc2C)c1,2.24894,NS(=O)(=O)c1ccc(C(=O)Nc2cc(CO)ccn2)cc1,True,0.47359999999999924,-1.7753400000000008,0.27692307692307694,False,True
3.0,bin,0,-1.2959600001573561,-inf,-1.1407200038433074,485220,Cc1nn(CC(=O)N2CCN(C)CC2)c(C)c1Br,1.03644,Cc1nn(CC(=O)N2CCN(C(=O)CO)CC2)c(C)c1C,True,-0.5285399999999989,-1.564979999999999,0.5714285714285714,False,True
3.0,bin,0,-1.2959600001573561,-inf,-1.1407200038433074,526363,Cc1nnc(SCC(=O)Nc2ccc(O)cc2)n(N)c1=O,0.09692,Nn1c(SCC(=O)Nc2ccccc2S(N)(=O)=O)nncc1=O,True,-1.2696999999999992,-1.3666199999999993,0.390625,False,True
3.0,bin,0,-1.2959600001573561,-inf,-1.1407200038433074,536853,COc1ccc(C2CCCN2C(=O)C2CCC2)c(OC)c1,3.1674000000000015,NS(=O)(=O)c1cc(C2CCCN2C(=O)C2CCC2)ccc1F,True,1.9367,-1.2307000000000015,0.423728813559322,False,True
3.0,bin,0,-1.2959600001573561,-inf,-1.1407200038433074,540312,Cc1nn(C)c2nc(C3CC3)cc(C(=O)NCC(=O)NC(C)(C)C)c12,1.7986199999999997,CNC(=O)CNC(=O)c1cc(C2CC2)nc2c1c(C)nn2C,True,0.6299199999999996,-1.1687,0.7962962962962963,False,True
3.0,bin,0,-1.2959600001573561,-inf,-1.1407200038433074,544381,Cc1nc(N2CCCC(C(=O)NC(C)C)C2)c2c(C)c(C)oc2n1,2.8890600000000006,CNC(=O)CNC(=O)C1CCCN(c2ncnc3oc(C)c(C)c23)C1,True,0.9182400000000002,-1.9708200000000005,0.5303030303030303,False,True
3.0,bin,0,-1.2959600001573561,-inf,-1.1407200038433074,544382,CCCNC(=O)C1CCCN(c2nc(C)nc3oc(C)c(C)c23)C1,2.8906600000000013,CNC(=O)CN1C(=O)CCCN1C1=NC(C)=NCOC(C)=C(C)C1,True,1.0604,-1.8302600000000013,0.1744186046511628,False,True
3.0,bin,0,-1.2959600001573561,-inf,-1.1407200038433074,550049,Cc1ccc(C)c(OCC(=O)Nc2cccc(-n3cnnc3)c2)c1,2.9016400000000013,NC(=O)c1ccccc1OCC(=O)Nc1cccc(-n2cnnc2)c1,True,1.3837,-1.5179400000000014,0.6428571428571429,False,True
3.0,bin,0,-1.2959600001573561,-inf,-1.1407200038433074,573533,Cc1nn(-c2ncc(C(F)(F)F)cc2Cl)c(=O)o1,2.2011199999999995,CCc1coc(Nc2cnc(C(=O)OC)oc2=O)n1,True,1.1154,-1.0857199999999996,0.14084507042253522,False,True
3.0,bin,0,-1.2959600001573561,-inf,-1.1407200038433074,582555,O=C(NCC(O)c1ccccc1)c1ccc2c(=O)n3c(nc2c1)CCC3,1.8061000000000003,NS(=O)(=O)c1ccc2c(n1)CCN2C(=O)CC(O)c1ccc(O)cc1,True,0.4473999999999999,-1.3587000000000002,0.2222222222222222,False,True
3.0,bin,0,-1.2959600001573561,-inf,-1.1407200038433074,588547,Cc1n[nH]c(C)c1NC(=O)CCc1ccc(Cl)cc1Cl,3.9046400000000023,COc1ccc(OC)c(CCC(=O)Nc2c(C)n[nH]c2C)c1,True,2.6150400000000005,-1.2896000000000019,0.5818181818181818,False,True
3.0,bin,0,-1.2959600001573561,-inf,-1.1407200038433074,607673,CCCN(CC1CC1)S(=O)(=O)c1ccccc1F,2.636400000000001,NC(=O)CN(CC1CC1)S(=O)(=O)c1ccccc1F,True,0.7116999999999998,-1.9247000000000012,0.6444444444444445,False,True
3.0,bin,0,-1.2959600001573561,-inf,-1.1407200038433074,617681,Cc1cc(C(=O)Nc2nc(-c3ccncc3)cs2)nn1C(C)C,3.5432200000000016,Cn1ccc(C(=O)Nc2sc(-c3ccncc3)nc2C(N)=O)n1,True,1.2897999999999994,-2.253420000000002,0.35294117647058826,False,True
3.0,bin,0,-1.2959600001573561,-inf,-1.1407200038433074,650267,COc1ccc2oc(C(=O)NC3CCCCNC3=O)c(C)c2c1,2.14832,NS(=O)(=O)c1ccc2oc(C(=O)NC3CCCNC3)cc2c1,True,0.5619999999999998,-1.5863200000000002,0.2564102564102564,False,True
3.0,bin,0,-1.2959600001573561,-inf,-1.1407200038433074,668639,Cc1cc(NC(=O)c2ccccc2Cl)ncc1N,2.8779200000000005,NS(=O)(=O)c1ccc(C(=O)Nc2cccc(C(F)(F)F)n2)cc1,True,2.0000999999999998,-0.8778200000000007,0.22580645161290322,False,True
3.0,bin,0,-1.2959600001573561,-inf,-1.1407200038433074,673160,CCC(=O)Nc1ccc2oc(C(F)(F)F)cc(=O)c2c1,3.160300000000001,NS(=O)(=O)NC=C1C=COC(C(F)(F)F)=CC(=O)C=C1,True,0.7788000000000006,-2.381500000000001,0.16666666666666666,False,True
3.0,bin,0,-1.2959600001573561,-inf,-1.1407200038433074,711169,Cc1cccc(C(C)C)c1NC(=O)N(C)Cc1ccncc1,4.177320000000003,CN(Cc1ccncc1)C(=O)Nc1ccccc1CCO,True,2.280300000000001,-1.8970200000000017,0.4909090909090909,False,True
3.0,bin,0,-1.2959600001573561,-inf,-1.1407200038433074,720969,Cc1noc(C)c1CCC(=O)OCC(=O)N1c2ccccc2CC1C,2.7450400000000013,CC12CCCN1C(=O)COC(=O)CC(C(N)=O)c1ccccc1N2,True,0.9529000000000003,-1.792140000000001,0.15730337078651685,False,True
3.0,bin,0,-1.2959600001573561,-inf,-1.1407200038433074,730789,COC(=O)C1CCN(C(=O)c2cc3ccc(F)cc3nc2C)CC1,2.7075200000000006,C=CC(CCNC(=O)C12C=CC(=CS(N)(=O)=O)C1=C2)C(=O)NCCC,True,0.4897000000000014,-2.2178199999999992,0.07954545454545454,False,True
3.0,bin,0,-1.2959600001573561,-inf,-1.1407200038433074,738178,Cc1ccc(-n2ccnc2SCc2nc(C3CC3)no2)cc1C,4.041840000000003,NC(=O)c1cccc(-n2ccnc2SCc2nc(C3CC3)no2)c1,True,2.5239000000000003,-1.517940000000003,0.6666666666666666,False,True
3.0,bin,0,-1.2959600001573561,-inf,-1.1407200038433074,771897,COc1ccccc1OCC(=O)N(C)Cc1sccc1C,3.102520000000002,NC(=O)c1ccccc1OCC(=O)NCc1cccs1,True,1.5421999999999996,-1.5603200000000024,0.3064516129032258,False,False
3.0,bin,0,-1.2959600001573561,-inf,-1.1407200038433074,811446,COC(=O)C1(NC(=O)c2cc(Br)c[nH]2)CCCCCC1,2.7730000000000006,NC(=O)C1(NC(=O)c2c[nH]c(S(N)(=O)=O)c2)CCCCC1,True,-0.41990000000000083,-3.1929000000000016,0.4,False,True
3.0,bin,0,-1.2959600001573561,-inf,-1.1407200038433074,848291,CCC(C)NC(=O)NCc1noc(-c2cccs2)n1,2.3958000000000004,CS(=O)(=O)NCC(=O)NCc1noc(-c2cccs2)n1,True,-0.0365000000000002,-2.4323000000000006,0.5862068965517241,False,False
3.0,bin,0,-1.2959600001573561,-inf,-1.1407200038433074,863440,COc1ccc(-c2nc(CCCO)cs2)cc1OC,2.752200000000001,Nc1ccc(-c2nc(CS(N)(=O)=O)cs2)cc1,True,1.1808,-1.571400000000001,0.32075471698113206,False,True
3.0,bin,0,-1.2959600001573561,-inf,-1.1407200038433074,864663,N#Cc1ccc(-c2cc(F)ccc2F)nc1N1CCCC1,3.498680000000002,CC(CCNc1ncccc1C(=O)NCC(N)=O)c1ccccc1,True,1.9023999999999996,-1.5962800000000024,0.04938271604938271,False,True
3.0,bin,0,-1.2959600001573561,-inf,-1.1407200038433074,872100,CCc1cccc(C)c1NCC(O)c1ccc2c(c1)OCCO2,3.474120000000002,NC(=O)c1ccc(NCC(O)c2ccc3c(c2)OCCO3)cc1F,True,1.8413,-1.632820000000002,0.47540983606557374,False,True
3.0,bin,0,-1.2959600001573561,-inf,-1.1407200038433074,886334,COc1ccc(C(=O)N2CCCC(C(=O)N3CCCCC3)C2)c(O)c1,2.2655000000000003,NS(=O)(=O)c1ccc(C(=O)N2CCCC(C(=O)N3CCCC3)C2)cc1,True,0.8086,-1.4569000000000003,0.4909090909090909,False,True
3.0,bin,0,-1.2959600001573561,-inf,-1.1407200038433074,887387,COCCNC(=O)N(Cc1cccc(F)c1)CC1CCCO1,2.1627,NS(=O)(=O)CC(=O)N(Cc1ccccc1)CC1CCCO1,True,0.48270000000000035,-1.6799999999999997,0.4393939393939394,False,True
3.0,bin,0,-1.2959600001573561,-inf,-1.1407200038433074,889149,N#Cc1ccc(NC(=O)c2ccc(Br)cc2Cl)nc1,3.621480000000001,CS(=O)(=O)c1ccccc1C(=O)Nc1ccc(C#N)cn1,True,1.60908,-2.012400000000001,0.5185185185185185,False,True
3.0,bin,0,-1.2959600001573561,-inf,-1.1407200038433074,913483,O=C(CNC(=O)NCCc1c(Cl)cccc1Cl)NC1CC1,2.1137000000000006,N#Cc1ccc(F)c(CCNC(=O)NCC(=O)NC2CC2)c1,True,0.8176799999999996,-1.2960200000000008,0.5,False,True
3.0,bin,0,-1.2959600001573561,-inf,-1.1407200038433074,917620,C=CCN(Cc1ccccc1OC)C(=O)c1csc(C)n1,3.288520000000002,COc1ccccc1CNS(=O)(=O)c1csc(CO)n1,True,1.1225,-2.166020000000002,0.36923076923076925,False,True
3.0,bin,0,-1.2959600001573561,-inf,-1.1407200038433074,918312,CCOc1ccc(Cl)c(C(=O)N2CCN(c3ncccn3)CC2)n1,1.8860999999999997,Nc1cccc(C(=O)N2CCN(c3ncccn3)CC2)n1,True,0.4161999999999999,-1.4698999999999998,0.45454545454545453,False,True
3.0,bin,0,-1.2959600001573561,-inf,-1.1407200038433074,922879,CC(=O)c1ccc(N2CCN(Cc3c(F)cccc3F)CC2)cc1,3.489600000000003,NS(=O)(=O)c1cccc(N2CCN(Cc3ccccc3F)CC2)c1,True,1.7953,-1.694300000000003,0.39285714285714285,False,True
3.0,bin,0,-1.2959600001573561,-inf,-1.1407200038433074,927535,COc1cc(CN2CCN(c3ccccc3F)CC2)ccc1O,2.862100000000002,NS(=O)(=O)c1ccc(CN2CCN(c3ccc(CO)cc3)CC2)cc1,True,1.1484999999999994,-1.7136000000000027,0.3,False,True
3.0,bin,0,-1.2959600001573561,-inf,-1.1407200038433074,927567,Cc1ccccc1N1CCN(Cc2cccc(O)c2)CC1,3.022820000000001,N#Cc1ccc(N2CCN(Cc3cccc(S(N)(=O)=O)c3)CC2)cc1,True,1.5278799999999997,-1.4949400000000015,0.3389830508474576,False,True
3.0,bin,0,-1.2959600001573561,-inf,-1.1407200038433074,938108,CC(c1ccccc1)N(C)C(=O)CCC(=O)Nc1nccs1,3.0814000000000012,CN[SH]1C=CN=C1NC(=O)CC(O)(Cc1ccccc1)C(N)=O,True,-0.07180000000000086,-3.1532000000000022,0.21621621621621623,False,True
3.0,bin,0,-1.2959600001573561,-inf,-1.1407200038433074,943303,CN(CCCOc1ccccc1)C(=O)Nc1cccc2c1OCCO2,3.390600000000002,NC(=O)C(NC(=O)Nc1ccccc1OCCO)c1ccccc1,True,1.4057999999999995,-1.9848000000000023,0.2571428571428571,False,True
3.0,bin,0,-1.2959600001573561,-inf,-1.1407200038433074,946289,CC(NC(=O)C1(c2cc(-c3ccco3)on2)CC1)c1ccccc1,3.843600000000002,CC(C(=O)NC1C=CC1=CC=CCC(N)=O)c1cc(-c2ccco2)on1,True,2.4507000000000003,-1.3929000000000018,0.325,False,True
3.0,bin,0,-1.2959600001573561,-inf,-1.1407200038433074,994077,Cc1nnc(Cn2c(-c3cccc(Br)c3)noc2=O)o1,2.0055199999999997,NC(=O)Cc1nnc(Cn2c(-c3ccc(F)cc3)noc2=O)o1,True,0.10149999999999992,-1.9040199999999998,0.45,False,True
3.0,bin,0,-1.2959600001573561,-inf,-1.1407200038433074,1065620,O=C(NCc1cccnc1Oc1ccccc1)c1cccnc1,3.198900000000002,NS(=O)(=O)c1ccc(C(=O)NCc2cccnc2Oc2cccnc2)cc1,True,1.8463,-1.3526000000000018,0.6666666666666666,False,True
3.0,bin,0,-1.2959600001573561,-inf,-1.1407200038433074,1093926,CN(C(=O)CNc1cccc(OCC2CCCO2)c1)c1ccccc1,3.319300000000002,NC(=O)C(NC(=O)COc1ccccc1OCCO)C1CCCO1,True,-0.4144000000000001,-3.733700000000002,0.28205128205128205,False,True
3.0,bin,0,-1.2959600001573561,-inf,-1.1407200038433074,1107920,CCc1ccc(-n2cc(C(=O)NC(C)c3ccccc3)nn2)cc1,3.320700000000002,NC(=O)C(NC(=O)c1cn(-c2ccccc2)nn1)c1ccccc1,True,1.223699999999999,-2.097000000000003,0.5660377358490566,False,False
3.0,bin,0,-1.2959600001573561,-inf,-1.1407200038433074,1113130,CC(NC(=O)Cn1nnnc1C(C)(C)C)c1cccc2ccccc12,3.0012000000000016,C=CC=CC=Cc1nnnn1CC=O,True,0.6273999999999997,-2.373800000000002,0.18461538461538463,False,True
3.0,bin,0,-1.2959600001573561,-inf,-1.1407200038433074,1121751,COC(=O)Cn1ccc(NS(=O)(=O)c2ccc(F)c(F)c2F)n1,1.2742,O=S1(=O)C=CC=C(S(=O)(=O)Nc2ccn(CCO)n2)N1,True,-1.0947999999999996,-2.3689999999999998,0.35384615384615387,False,True
3.0,bin,0,-1.2959600001573561,-inf,-1.1407200038433074,1142531,CCOC(C)C(=O)NCCc1csc(-c2ccc(C)cc2)n1,3.2022200000000014,Cc1ccc(-c2nc(CCNC(=O)CNC(N)=O)cs2)cc1,True,1.44552,-1.7567000000000015,0.5892857142857143,False,True
3.0,bin,0,-1.2959600001573561,-inf,-1.1407200038433074,1212157,CN(Cc1ccc(F)c(F)c1)C(=O)c1cncc(-c2cnn(C)c2)c1,3.0325000000000015,NC(=O)c1ccc(CNC(=O)c2cncc(-c3ccc(F)nc3)c2)cn1,True,1.7065999999999997,-1.3259000000000019,0.2972972972972973,False,True
3.0,bin,0,-1.2959600001573561,-inf,-1.1407200038433074,1215394,CCn1nc(C)cc1C(=O)Oc1cccc(NC(=O)C(C)C)c1,3.025120000000001,CNC(=O)COC(=O)C=C1C=CC(OC(=O)c2cc(C)nn2C)C=C1,True,0.5955199999999992,-2.429600000000002,0.24358974358974358,False,True
3.0,bin,0,-1.2959600001573561,-inf,-1.1407200038433074,1232922,CC(C)(C)OC(=O)NC1CCCN(S(=O)(=O)N2CCOCC2)C1,0.5525000000000011,NC(=O)NCC1CCN(S(=O)(=O)N2CCOCC2)CC1,True,-1.0562999999999976,-1.6087999999999987,0.38181818181818183,False,True
3.0,bin,0,-1.2959600001573561,-inf,-1.1407200038433074,1238973,FC(F)(F)c1cnc(N2CCn3c(nnc3C3CC3)C2)c(Cl)c1,3.2429000000000023,OCC=C1C=NC(NC2C=Nc3nnc(C4CC4)n3C2)=C1,True,0.6740999999999995,-2.568800000000003,0.19480519480519481,False,True
3.0,bin,0,-1.2959600001573561,-inf,-1.1407200038433074,1299495,Cc1cc(CC(=O)N2CCCC2C(C#N)c2ccccc2)no1,2.823900000000001,NC(=O)C1=NC(CC(=O)N2CCC(CO)C2c2ccccc2O)=C1,True,0.4879999999999998,-2.335900000000001,0.2375,False,True
3.0,bin,0,-1.2959600001573561,-inf,-1.1407200038433074,1309906,CC(C)CC(NC(=O)c1cc(=O)c2ccccc2o1)C(=O)OC(C)C,2.8891000000000018,O=C(NCCO)c1cc(=O)c2cc(Cl)ccc2o1,True,1.1685,-1.7206000000000017,0.36065573770491804,False,True
3.0,bin,0,-1.2959600001573561,-inf,-1.1407200038433074,1362816,COCc1cccc(C(=O)NC2CC2c2cccc(Cl)c2)c1,3.772300000000002,Cc1c(F)cccc1C1CC1NC(=O)C1C=CC=COCC(=O)N1,True,1.6911199999999995,-2.0811800000000025,0.2222222222222222,False,True
3.0,bin,0,-1.2959600001573561,-inf,-1.1407200038433074,1441838,COCC(=O)NC(C(=O)Nc1cccc(-c2nccs2)c1)C(C)C,2.5358,NS(=O)(=O)NCC(=O)Nc1cccc(-c2nccs2)c1,True,0.5417000000000007,-1.9940999999999993,0.5079365079365079,False,True
3.0,bin,0,-1.2959600001573561,-inf,-1.1407200038433074,1450449,CCCNC(=O)CSc1nc2c(cc1C#N)CCCC2,2.450380000000001,CC1CCc2cc(C#N)c(SCCNS(N)(=O)=O)nc2C1,True,0.9632800000000001,-1.4871000000000008,0.4117647058823529,False,True
3.0,bin,0,-1.2959600001573561,-inf,-1.1407200038433074,1451910,O=S(=O)(NCc1nnc2ccccn12)c1ccc(F)c(F)c1,1.4859999999999995,NS(=O)(=O)c1ccc(S(=O)(=O)NCc2nnc3ccccn23)cc1,True,-0.14479999999999915,-1.6307999999999987,0.6875,False,True
3.0,bin,0,-1.2959600001573561,-inf,-1.1407200038433074,1479798,Cc1nc(C)c(CCC(=O)N(CC(C)C)CC(F)(F)F)c(=O)[nH]1,2.3662400000000003,CCOC(=O)CN(C)C(=O)CCc1c(C)nc(C)[nH]c1=O,True,0.34083999999999964,-2.0254000000000008,0.5,False,True
3.0,bin,0,-1.2959600001573561,-inf,-1.1407200038433074,1507926,COC(=O)C(C)NC(=O)Cc1csc(-c2ccccc2Cl)n1,2.6837,NS(=O)(=O)NCC(=O)Cc1csc(-c2ccccc2Cl)n1,True,1.3682000000000005,-1.3154999999999994,0.5172413793103449,False,True
3.0,bin,0,-1.2959600001573561,-inf,-1.1407200038433074,1527882,Nc1ncccc1C(=O)Nc1ccc2cn[nH]c2c1,1.7923999999999998,Nc1c(NC(=O)c2cccnc2S(N)(=O)=O)ccc2[nH]ncc12,True,0.4397999999999997,-1.3526,0.43548387096774194,False,True
3.0,bin,0,-1.2959600001573561,-inf,-1.1407200038433074,1532848,COc1ccc(-c2ccc3c(=O)[nH]cnc3c2)cc1Cl,3.2521000000000013,NS(=O)(=O)c1cccc(-c2ccc3nc[nH]c(=O)c3c2)c1,True,1.2375,-2.0146000000000015,0.38181818181818183,False,True
3.0,bin,0,-1.2959600001573561,-inf,-1.1407200038433074,1548351,COc1cc(OC)c2c(c1)C(c1cnccn1)NCC2,1.7288999999999999,NS(=O)(=O)c1cc2c(cc1O)C(c1cnccn1)NCC2,True,0.06470000000000026,-1.6641999999999997,0.423728813559322,False,True
3.0,bin,0,-1.2959600001573561,-inf,-1.1407200038433074,1570134,COc1cccc(C(C)N2CCN(C(=O)c3ccc(O)cc3)CC2)c1,2.9198000000000013,NS(=O)(=O)c1ccc(CN2CCN(C(=O)c3ccccc3)CC2)cc1,True,1.2919999999999996,-1.6278000000000017,0.265625,False,True
3.0,bin,0,-1.2959600001573561,-inf,-1.1407200038433074,1611406,CC(C)(C)N1CC(NC(=O)C2COc3ccc(F)cc3C2)CC1=O,1.8923999999999994,CS(=O)(=O)N1CCC(C(=O)NC2COc3ccc(F)cc3C2)C1,True,0.5268999999999999,-1.3654999999999995,0.5538461538461539,False,True
3.0,bin,0,-1.2959600001573561,-inf,-1.1407200038433074,1612684,CCCC1CN(C(=O)Nc2ccn(CCC(C)C)n2)CCO1,2.9620000000000015,CNC(=O)Cn1ccc(NC(=O)N2CC(C)OCC2C)n1,True,0.2702,-2.6918000000000015,0.38028169014084506,False,True
3.0,bin,0,-1.2959600001573561,-inf,-1.1407200038433074,1639675,CCC(CC)c1nnc(NC(=O)c2scnc2C2CC2)s1,4.0279000000000025,COCc1nnc(NC(=O)c2scnc2C2CC2)s1,True,2.2707000000000006,-1.7572000000000019,0.660377358490566,False,True
3.0,bin,0,-1.2959600001573561,-inf,-1.1407200038433074,1675660,COc1ccnc(NC(=O)c2cccc(Cl)c2)c1,2.9959000000000007,CS(=O)(=O)Nc1ccc(C(=O)Nc2cccc(C#N)n2)cc1,True,1.5770799999999998,-1.4188200000000009,0.2698412698412698,False,True
3.0,bin,0,-1.2959600001573561,-inf,-1.1407200038433074,1689728,CCc1noc(CSc2ncnc3sc(C)cc23)n1,3.237420000000002,NC(=O)c1ccc(SCc2ncnc3onc(N)c23)s1,True,1.6527,-1.584720000000002,0.20833333333333334,False,True
3.0,bin,0,-1.2959600001573561,-inf,-1.1407200038433074,1720876,CC(C)(C)CC(=O)NCC(=O)Nc1ccc2c(c1)COC2,2.2077,CNC(=O)COC(=O)C(C)Nc1ccc2c(c1)COC2,True,0.8063999999999993,-1.4013000000000007,0.42857142857142855,False,True
3.0,bin,0,-1.2959600001573561,-inf,-1.1407200038433074,1757109,CC(C)Cc1ncc(CNc2ccc3c(c2)COC3)s1,3.983900000000003,NC(=O)CC=NC=C(S)CNc1ccc2c(c1)COC2,True,1.8460999999999999,-2.137800000000003,0.3384615384615385,False,True
3.0,bin,0,-1.2959600001573561,-inf,-1.1407200038433074,1774061,O=C1NCCCc2[nH]c(-c3cccc4[nH]ccc34)nc21,2.234,Cn1c(C2=CC=C(S(N)(=O)=O)C2)nc2c([nH]c3ccccc32)c1=O,True,1.3743,-0.8596999999999999,0.18181818181818182,False,True
3.0,bin,0,-1.2959600001573561,-inf,-1.1407200038433074,1800687,Cc1nn(C)c(-c2nc(-c3cccnn3)no2)c1Cl,1.8889199999999997,Cn1nc(CO)cc1-c1nc(-c2cccnn2)no1,True,0.41939999999999983,-1.46952,0.5272727272727272,False,True
3.0,bin,0,-1.2959600001573561,-inf,-1.1407200038433074,1815867,FC(F)(F)c1ccc(CN2CCOCC2c2ncon2)cc1,2.661900000000001,OCCOc1cccc(CN2CCOCC2c2ncon2)c1,True,1.0142,-1.647700000000001,0.5573770491803278,False,True
3.0,bin,0,-1.2959600001573561,-inf,-1.1407200038433074,1828580,Cc1ccc(N2CC3OCC(=O)N(Cc4cccc(F)c4)C3C2)nn1,1.54032,NC(=O)c1cccc(C2NC(=O)COC3CN(c4cccnn4)CC32)c1,True,0.26799999999999935,-1.2723200000000006,0.2823529411764706,False,True
3.0,bin,0,-1.2959600001573561,-inf,-1.1407200038433074,1836183,CCc1ccc(C(=O)NCc2nccc(N(C)C)n2)cc1,2.035,CC1(N)C=CN=CCN1C(=O)C1C=CC=CS(=O)(=O)N1,True,-0.5404999999999993,-2.5754999999999995,0.09090909090909091,False,True
3.0,bin,0,-1.2959600001573561,-inf,-1.1407200038433074,1842499,COc1ccccc1COc1ccccc1-c1cnn(CCO)c1,3.1300000000000017,NS(=O)(=O)CC(=O)NCC1=NN(CC=Cc2ccccc2-c2ccccc2)C1,True,1.4431000000000012,-1.6869000000000005,0.16455696202531644,False,True
3.0,bin,0,-1.2959600001573561,-inf,-1.1407200038433074,1865564,COC(CNC(=O)c1ccoc1)c1cccc(F)c1,2.536200000000001,NS(=O)(=O)c1ccc(C(O)CNC(=O)c2ccoc2)cc1,True,0.3903999999999999,-2.145800000000001,0.423728813559322,False,True
3.0,bin,0,-1.2959600001573561,-inf,-1.1407200038433074,1868773,CCCOc1ccc(Cl)c2c1CCNC2C1CC(=O)C1,3.2947000000000015,NC(=O)c1cc(Cl)cc2c1CCNC21CCC(=O)C1,True,1.5329,-1.7618000000000016,0.18055555555555555,False,True
3.0,bin,0,-1.2959600001573561,-inf,-1.1407200038433074,1873123,CCC1OC(=O)c2c(OC)ccc(Br)c21,3.079200000000002,CNS(=O)(=O)C=C1CN=C(C)C(=O)C1C=CBr,True,0.9879,-2.091300000000002,0.09375,False,True
3.0,bin,0,-1.2959600001573561,-inf,-1.1407200038433074,1875028,Cc1cccc(C)c1NCC(=O)N1CCCC2CCCCC21,3.8965400000000034,NC(=O)Cc1ccc(NCC(=O)NC2CCCC3CCCC32)cc1,True,2.2112999999999987,-1.6852400000000047,0.24615384615384617,False,True
3.0,bin,0,-1.2959600001573561,-inf,-1.1407200038433074,1895921,CCC(CC)N(C)C(=O)CC1OC(=O)c2ccccc21,2.935200000000002,CCN(CC(=O)NC)C(=O)CC1OC(=O)c2ccccc21,True,0.8826999999999996,-2.052500000000002,0.5686274509803921,False,True
3.0,bin,0,-1.2959600001573561,-inf,-1.1407200038433074,1907077,Cc1ccc2[nH]nc(C(=O)Nc3nc(-c4ccco4)cs3)c2c1,3.8401200000000015,NC(=O)c1ccsc1-c1noc(C(=O)Nc2nc3ccccc3[nH]2)n1,True,2.0256,-1.8145200000000017,0.20238095238095238,False,True
3.0,bin,0,-1.2959600001573561,-inf,-1.1407200038433074,1913063,Cc1nn(C)c(C)c1CN(C(=O)c1cn2cccc(C)c2n1)C1CC1,2.797860000000001,Cn1cc(C(=O)N(Cc2cn3ccccc3n2)C2CC2)c(C(N)=O)n1,True,0.9715,-1.8263600000000009,0.38666666666666666,False,True
3.0,bin,0,-1.2959600001573561,-inf,-1.1407200038433074,1922265,CN(CCNC(=O)c1ccc2c(c1)ncn2C)c1ccccc1,2.4395000000000007,CC(=Nc1ccccc1)NCCNC(=O)C1=CC=CS(=O)(=O)NN1,True,0.27749999999999997,-2.162000000000001,0.21333333333333335,False,True
3.0,bin,1,-0.9854800075292587,-1.1407200038433074,-0.83024001121521,32052,COc1ccccc1CNC(=O)Cc1c[nH]c2ccccc12,3.035400000000001,NS(=O)(=O)c1ccc(CNC(=O)Cc2c[nH]c3ccccc23)cc1,True,1.6741999999999997,-1.3612000000000013,0.5686274509803921,False,False
3.0,bin,1,-0.9854800075292587,-1.1407200038433074,-0.83024001121521,116747,COCCSc1ccccc1C(=O)Nc1cccc(C)n1,3.3808200000000017,COC(=O)CCOc1ccccc1C(=O)Nc1cccc(C)n1,True,2.58422,-0.7966000000000015,0.5740740740740741,False,True
3.0,bin,1,-0.9854800075292587,-1.1407200038433074,-0.83024001121521,131060,CS(=O)(=O)NCCc1csc(-c2ccc(F)cc2)n1,2.0408999999999997,NS(=O)(=O)NCCc1csc(-c2ccccc2)n1,True,1.1457000000000004,-0.8951999999999993,0.574468085106383,False,True
3.0,bin,1,-0.9854800075292587,-1.1407200038433074,-0.83024001121521,131949,CCc1c(C)nc(SCC(=O)NC(C)C)[nH]c1=O,1.25742,COCC(C)NC(=O)CSc1nc(N)cc(=O)[nH]1,True,-0.4046999999999998,-1.6621199999999998,0.4067796610169492,False,True
3.0,bin,1,-0.9854800075292587,-1.1407200038433074,-0.83024001121521,158879,COc1ccc(CC(=O)OCC(=O)c2c[nH]c3ccccc23)cc1,3.145100000000001,NS(=O)(=O)c1ccc(CC(=O)OCC(=O)Cc2c[nH]c3ccccc23)cc1,True,1.7127999999999997,-1.4323000000000015,0.4915254237288136,False,True
3.0,bin,1,-0.9854800075292587,-1.1407200038433074,-0.83024001121521,232056,COCCNC(=O)c1cc(=O)c2cc(C)ccc2o1,1.4776199999999993,COC=CC=COC(=O)C(=O)NCCN,True,-0.7216999999999989,-2.1993199999999984,0.19298245614035087,False,True
3.0,bin,1,-0.9854800075292587,-1.1407200038433074,-0.83024001121521,235788,O=C(Cn1nc(-c2ccco2)oc1=O)NCC(F)(F)F,0.7747999999999999,NC(=O)CCCNC(=O)Cn1nc(-c2ccco2)oc1=O,True,-0.5220000000000009,-1.2968000000000008,0.6666666666666666,False,True
3.0,bin,1,-0.9854800075292587,-1.1407200038433074,-0.83024001121521,236081,CC(=O)c1c(C)[nH]c(C(=O)CSc2nc(C(C)C)n[nH]2)c1C,3.0506400000000014,CC1=CC(=O)OCC(C)(C(=O)CSc2nc(C)n[nH]2)N1,True,0.58322,-2.4674200000000015,0.2714285714285714,False,True
3.0,bin,1,-0.9854800075292587,-1.1407200038433074,-0.83024001121521,281081,O=C(Cn1cccn1)NCc1cccnc1Oc1ccc(F)cc1F,2.665000000000001,NC(=O)c1ccc(Oc2cccnc2CNC(=O)Cn2cccn2)cc1,True,1.4856999999999994,-1.1793000000000016,0.5,False,True
3.0,bin,1,-0.9854800075292587,-1.1407200038433074,-0.83024001121521,284170,COc1ccc(-c2nc(CC(=O)Nc3cccc(C)n3)cs2)cc1,3.7033200000000024,NC(=O)c1ccc(NC(=O)Cc2csc(-c3ccccc3)n2)nc1,True,2.4852000000000007,-1.2181200000000016,0.47619047619047616,False,True
3.0,bin,1,-0.9854800075292587,-1.1407200038433074,-0.83024001121521,288369,Cc1ccc(NCc2nnc3n2CCCCC3)cc1C,3.2334400000000016,N#Cc1ccc(NCc2nnc3n2CCCCC3)cc1N,True,2.07048,-1.1629600000000018,0.6226415094339622,False,True
3.0,bin,1,-0.9854800075292587,-1.1407200038433074,-0.83024001121521,302889,COc1ccc(OC)c(NC(=O)CCNC(=O)c2cccs2)c1,2.5239000000000003,NC(=O)Cc1ncccc1NC(=O)CCNC(=O)c1cccs1,True,0.9294999999999997,-1.5944000000000007,0.5081967213114754,False,True
3.0,bin,1,-0.9854800075292587,-1.1407200038433074,-0.83024001121521,327141,COc1ccc(OC)c(S(=O)(=O)Nc2ccn(C)n2)c1,1.2381,Cn1ccc(NS(=O)(=O)c2ccc(S(N)(=O)=O)cc2)n1,True,-0.1317000000000001,-1.3698000000000001,0.4791666666666667,False,False
3.0,bin,1,-0.9854800075292587,-1.1407200038433074,-0.83024001121521,327382,CNC(=O)C1CN(C(=O)c2c(C)noc2C)c2ccccc2O1,1.4452399999999996,NC(=O)c1nocc1C(=O)N1COc2ccccc2C1,True,0.7657999999999996,-0.67944,0.2222222222222222,False,True
3.0,bin,1,-0.9854800075292587,-1.1407200038433074,-0.83024001121521,406491,COCCNC(=O)C1CCCN(S(=O)(=O)N2CCOCC2)C1,-0.9619999999999964,NS(=O)(=O)NC1CCN(S(=O)(=O)N2CCOCC2)CC1,True,-2.1790999999999956,-1.2170999999999992,0.35185185185185186,False,True
3.0,bin,1,-0.9854800075292587,-1.1407200038433074,-0.83024001121521,413951,O=C(Cn1ncn2cccc2c1=O)N1CCCCCC1,0.8985999999999996,CCOc1ccc2n1C=NNC(C(=O)N1CCCC(=O)N1)C2,True,-0.1539000000000001,-1.0524999999999998,0.18181818181818182,False,True
3.0,bin,1,-0.9854800075292587,-1.1407200038433074,-0.83024001121521,427929,CCNc1nc(NCc2ccccc2Cl)c2cnn(C)c2n1,3.060600000000001,Cn1ncc2c(NCc3ccccc3)nc(NCCO)nc21,True,1.3795999999999997,-1.6810000000000012,0.5535714285714286,False,False
3.0,bin,1,-0.9854800075292587,-1.1407200038433074,-0.83024001121521,447130,CCC(NC(=O)C1CCN(C(=O)C2CC2)CC1)c1ccc(C)cc1,3.2109200000000016,O=C(NCc1ccccc1)C1CCN(C(=O)C2CC2)CC1,True,1.9513999999999998,-1.2595200000000017,0.46153846153846156,False,False
3.0,bin,1,-0.9854800075292587,-1.1407200038433074,-0.83024001121521,481908,CCNS(=O)(=O)c1ccc(C)c(C(=O)Nc2ncccc2C)c1,2.24894,N#Cc1ccnc(NC(=O)c2ccc(F)c(S(N)(=O)=O)c2)c1,True,0.9920800000000001,-1.25686,0.2054794520547945,False,True
3.0,bin,1,-0.9854800075292587,-1.1407200038433074,-0.83024001121521,485220,Cc1nn(CC(=O)N2CCN(C)CC2)c(C)c1Br,1.03644,O=C(CN1CCNCC1Br)NCc1cn[nH]c1,True,-0.3478999999999994,-1.3843399999999995,0.16417910447761194,False,True
3.0,bin,1,-0.9854800075292587,-1.1407200038433074,-0.83024001121521,526363,Cc1nnc(SCC(=O)Nc2ccc(O)cc2)n(N)c1=O,0.09692,NC(=O)COC=C1C=CNC(NC(=O)CSc2nncc(=O)[nH]2)=C1,True,-1.2826999999999993,-1.3796199999999992,0.23076923076923078,False,True
3.0,bin,1,-0.9854800075292587,-1.1407200038433074,-0.83024001121521,536853,COc1ccc(C2CCCN2C(=O)C2CCC2)c(OC)c1,3.1674000000000015,CC(=CC=CC(N)=O)CCCNC(=O)C1CCC1C,True,1.9167,-1.2507000000000015,0.0945945945945946,False,True
3.0,bin,1,-0.9854800075292587,-1.1407200038433074,-0.83024001121521,540312,Cc1nn(C)c2nc(C3CC3)cc(C(=O)NCC(=O)NC(C)(C)C)c12,1.7986199999999997,Cc1nn(C)c2nc(C3CC3)cc(S(=O)(=O)N(C)C)c12,True,1.4044199999999998,-0.3941999999999999,0.47540983606557374,False,True
3.0,bin,1,-0.9854800075292587,-1.1407200038433074,-0.83024001121521,544381,Cc1nc(N2CCCC(C(=O)NC(C)C)C2)c2c(C)c(C)oc2n1,2.8890600000000006,Cc1nc(N2CCCC(=O)NC2)c2c(C)c(C)oc2n1,True,1.8219599999999998,-1.0671000000000008,0.48333333333333334,False,True
3.0,bin,1,-0.9854800075292587,-1.1407200038433074,-0.83024001121521,544382,CCCNC(=O)C1CCCN(c2nc(C)nc3oc(C)c(C)c23)C1,2.8906600000000013,Cc1nc(N2CCCCC(=O)NC2)c2c(C)c(C)oc2n1,True,2.21206,-0.6786000000000012,0.453125,False,True
3.0,bin,1,-0.9854800075292587,-1.1407200038433074,-0.83024001121521,550049,Cc1ccc(C)c(OCC(=O)Nc2cccc(-n3cnnc3)c2)c1,2.9016400000000013,Nc1ccccc1OCC(=O)Nc1cccc(-n2cnnc2)c1,True,1.867,-1.0346400000000013,0.6666666666666666,False,True
3.0,bin,1,-0.9854800075292587,-1.1407200038433074,-0.83024001121521,573533,Cc1nn(-c2ncc(C(F)(F)F)cc2Cl)c(=O)o1,2.2011199999999995,NC=CN=COC(=O)Nc1ccc(C(F)(F)F)cn1,True,2.1071,-0.09401999999999955,0.19696969696969696,False,True
3.0,bin,1,-0.9854800075292587,-1.1407200038433074,-0.83024001121521,582555,O=C(NCC(O)c1ccccc1)c1ccc2c(=O)n3c(nc2c1)CCC3,1.8061000000000003,NC(=O)C(CNC(=O)C1=CC=CC(=O)NCCC=N1)c1ccccc1,True,0.40249999999999986,-1.4036000000000004,0.25925925925925924,False,True
3.0,bin,1,-0.9854800075292587,-1.1407200038433074,-0.83024001121521,588547,Cc1n[nH]c(C)c1NC(=O)CCc1ccc(Cl)cc1Cl,3.9046400000000023,COCc1ccccc1CCC(=O)Nc1c(C)n[nH]c1C,True,2.7442400000000005,-1.1604000000000019,0.5849056603773585,False,True
3.0,bin,1,-0.9854800075292587,-1.1407200038433074,-0.83024001121521,607673,CCCN(CC1CC1)S(=O)(=O)c1ccccc1F,2.636400000000001,N#Cc1ccccc1S(=O)(=O)N(CCO)CC1CC1,True,0.9512800000000001,-1.6851200000000008,0.5,False,True
3.0,bin,1,-0.9854800075292587,-1.1407200038433074,-0.83024001121521,617681,Cc1cc(C(=O)Nc2nc(-c3ccncc3)cs2)nn1C(C)C,3.5432200000000016,COCCn1nc(C(=O)Nc2nc(-c3ccncc3)cs2)cc1C,True,2.608720000000001,-0.9345000000000008,0.6551724137931034,False,True
3.0,bin,1,-0.9854800075292587,-1.1407200038433074,-0.83024001121521,650267,COc1ccc2oc(C(=O)NC3CCCCNC3=O)c(C)c2c1,2.14832,CCCc1ccccc1OCC(=O)NC1C(=O)N(CCO)C=C1C(N)=O,True,-0.29359999999999803,-2.441919999999998,0.14285714285714285,False,True
3.0,bin,1,-0.9854800075292587,-1.1407200038433074,-0.83024001121521,668639,Cc1cc(NC(=O)c2ccccc2Cl)ncc1N,2.8779200000000005,CNC(=O)c1ccccc1C(=O)Nc1ccc(Cl)cn1,True,2.3468999999999998,-0.5310200000000007,0.46938775510204084,False,True
3.0,bin,1,-0.9854800075292587,-1.1407200038433074,-0.83024001121521,673160,CCC(=O)Nc1ccc2oc(C(F)(F)F)cc(=O)c2c1,3.160300000000001,COCCNC(=O)c1cc(=O)c2cc(C(F)(F)F)ccc2o1,True,2.1879999999999997,-0.9723000000000015,0.423728813559322,False,True
3.0,bin,1,-0.9854800075292587,-1.1407200038433074,-0.83024001121521,711169,Cc1cccc(C(C)C)c1NC(=O)N(C)Cc1ccncc1,4.177320000000003,CN(Cc1ccncc1)C(=O)Nc1ccccc1F,True,2.8846000000000007,-1.2927200000000019,0.5192307692307693,False,False
3.0,bin,1,-0.9854800075292587,-1.1407200038433074,-0.83024001121521,720969,Cc1noc(C)c1CCC(=O)OCC(=O)N1c2ccccc2CC1C,2.7450400000000013,Nc1cnoc1CCC(=O)OCC(=O)N1CCc2ccccc21,True,1.3218999999999996,-1.4231400000000016,0.4027777777777778,False,True
3.0,bin,1,-0.9854800075292587,-1.1407200038433074,-0.83024001121521,730789,COC(=O)C1CCN(C(=O)c2cc3ccc(F)cc3nc2C)CC1,2.7075200000000006,NC(=O)C1CCN(C(=O)c2cc3ccccc3nc2O)CC1,True,1.2778999999999994,-1.4296200000000012,0.4098360655737705,False,False
3.0,bin,1,-0.9854800075292587,-1.1407200038433074,-0.83024001121521,738178,Cc1ccc(-n2ccnc2SCc2nc(C3CC3)no2)cc1C,4.041840000000003,Nc1cccc(-n2ccnc2SCc2nc(C3CC3)no2)c1,True,3.007200000000002,-1.0346400000000013,0.7142857142857143,False,True
3.0,bin,1,-0.9854800075292587,-1.1407200038433074,-0.83024001121521,771897,COc1ccccc1OCC(=O)N(C)Cc1sccc1C,3.102520000000002,Cc1ccsc1CN(C)C(=O)COc1ccc(C(N)=O)cc1,True,2.19282,-0.9097000000000017,0.64,False,True
3.0,bin,1,-0.9854800075292587,-1.1407200038433074,-0.83024001121521,811446,COC(=O)C1(NC(=O)c2cc(Br)c[nH]2)CCCCCC1,2.7730000000000006,CCCCC(NC(=O)c1cc(OC)c[nH]1)C(=O)OC,True,1.4848999999999997,-1.288100000000001,0.3,False,True
3.0,bin,1,-0.9854800075292587,-1.1407200038433074,-0.83024001121521,848291,CCC(C)NC(=O)NCc1noc(-c2cccs2)n1,2.3958000000000004,CCS(=O)(=O)N(C)Cc1noc(-c2cccs2)n1,True,1.5796000000000001,-0.8162000000000003,0.4827586206896552,False,True
3.0,bin,1,-0.9854800075292587,-1.1407200038433074,-0.83024001121521,863440,COc1ccc(-c2nc(CCCO)cs2)cc1OC,2.752200000000001,CCC(O)c1nc(C2=CC(=COCC(=O)NC)C=C2)cs1,True,2.1862000000000004,-0.5660000000000007,0.14666666666666667,False,True
3.0,bin,1,-0.9854800075292587,-1.1407200038433074,-0.83024001121521,864663,N#Cc1ccc(-c2cc(F)ccc2F)nc1N1CCCC1,3.498680000000002,CNS(=O)(=O)c1ccc(-c2ccc(N3CCCC3)c(C#N)n2)cc1C,True,2.4370000000000003,-1.0616800000000017,0.27941176470588236,False,True
3.0,bin,1,-0.9854800075292587,-1.1407200038433074,-0.83024001121521,872100,CCc1cccc(C)c1NCC(O)c1ccc2c(c1)OCCO2,3.474120000000002,N#Cc1ccc(NCC(O)c2ccc3c(c2)OCCO3)cc1,True,2.4749800000000004,-0.9991400000000015,0.5,False,False
3.0,bin,1,-0.9854800075292587,-1.1407200038433074,-0.83024001121521,886334,COc1ccc(C(=O)N2CCCC(C(=O)N3CCCCC3)C2)c(O)c1,2.2655000000000003,NS(=O)(=O)c1ccc(C(=O)N2CCCC(C(=O)N3CCCC3)C2)cc1,True,0.8086,-1.4569000000000003,0.4909090909090909,False,True
3.0,bin,1,-0.9854800075292587,-1.1407200038433074,-0.83024001121521,887387,COCCNC(=O)N(Cc1cccc(F)c1)CC1CCCO1,2.1627,NS(=O)(=O)N(Cc1cccc(F)c1)CC1CCCO1,True,1.0102000000000007,-1.1524999999999994,0.5409836065573771,False,True
3.0,bin,1,-0.9854800075292587,-1.1407200038433074,-0.83024001121521,889149,N#Cc1ccc(NC(=O)c2ccc(Br)cc2Cl)nc1,3.621480000000001,COc1ccc(C(=O)Nc2ccc(C#N)cn2)cc1OC,True,2.22278,-1.3987000000000007,0.4909090909090909,False,False
3.0,bin,1,-0.9854800075292587,-1.1407200038433074,-0.83024001121521,913483,O=C(CNC(=O)NCCc1c(Cl)cccc1Cl)NC1CC1,2.1137000000000006,O=C(CNC(=O)NC(CO)c1ccccc1)NC1CCC1Cl,True,0.9051999999999996,-1.208500000000001,0.3559322033898305,False,True
3.0,bin,1,-0.9854800075292587,-1.1407200038433074,-0.83024001121521,917620,C=CCN(Cc1ccccc1OC)C(=O)c1csc(C)n1,3.288520000000002,COC(=O)CN(Cc1ccccc1)C(=O)c1csc(C)n1,True,2.2669200000000007,-1.0216000000000012,0.5,False,True
3.0,bin,1,-0.9854800075292587,-1.1407200038433074,-0.83024001121521,918312,CCOc1ccc(Cl)c(C(=O)N2CCN(c3ncccn3)CC2)n1,1.8860999999999997,Nc1cccnc1N1CCN(C(=O)c2ncccn2)CC1,True,0.4161999999999997,-1.4699,0.3448275862068966,False,True
3.0,bin,1,-0.9854800075292587,-1.1407200038433074,-0.83024001121521,922879,CC(=O)c1ccc(N2CCN(Cc3c(F)cccc3F)CC2)cc1,3.489600000000003,CS(=O)(=O)c1ccc(CN2CCN(c3ccc(F)cc3)CC2)cc1,True,2.551400000000001,-0.9382000000000019,0.40384615384615385,False,True
3.0,bin,1,-0.9854800075292587,-1.1407200038433074,-0.83024001121521,927535,COc1cc(CN2CCN(c3ccccc3F)CC2)ccc1O,2.862100000000002,CNS(=O)(=O)Cc1ccc(CN2CCN(c3ccccc3O)CC2)cc1,True,1.7635999999999992,-1.098500000000003,0.43103448275862066,False,True
3.0,bin,1,-0.9854800075292587,-1.1407200038433074,-0.83024001121521,927567,Cc1ccccc1N1CCN(Cc2cccc(O)c2)CC1,3.022820000000001,NC(=O)c1ccc(N2CCN(Cc3ccc(O)cc3)CC2)cc1,True,1.8132999999999995,-1.2095200000000017,0.33962264150943394,False,True
3.0,bin,1,-0.9854800075292587,-1.1407200038433074,-0.83024001121521,938108,CC(c1ccccc1)N(C)C(=O)CCC(=O)Nc1nccs1,3.0814000000000012,Nc1cccc(CNC(=O)CCC(=O)Nc2nccs2)c1,True,1.7603999999999995,-1.3210000000000017,0.45,False,True
3.0,bin,1,-0.9854800075292587,-1.1407200038433074,-0.83024001121521,943303,CN(CCCOc1ccccc1)C(=O)Nc1cccc2c1OCCO2,3.390600000000002,COc1ccccc1NC(=O)NCCCOc1ccc(C(N)=O)cc1,True,2.3847000000000005,-1.0059000000000013,0.3,False,True
3.0,bin,1,-0.9854800075292587,-1.1407200038433074,-0.83024001121521,946289,CC(NC(=O)C1(c2cc(-c3ccco3)on2)CC1)c1ccccc1,3.843600000000002,NC(=O)C(NC(=O)C1(c2cc(-c3ccco3)on2)CC1)c1ccccc1,True,2.309,-1.534600000000002,0.7454545454545455,False,True
3.0,bin,1,-0.9854800075292587,-1.1407200038433074,-0.83024001121521,994077,Cc1nnc(Cn2c(-c3cccc(Br)c3)noc2=O)o1,2.0055199999999997,COC(=O)c1ccc(-c2nnc(Cn3c(C)noc3=O)o2)cc1,True,1.02962,-0.9758999999999998,0.3968253968253968,False,True
3.0,bin,1,-0.9854800075292587,-1.1407200038433074,-0.83024001121521,1065620,O=C(NCc1cccnc1Oc1ccccc1)c1cccnc1,3.198900000000002,NS(=O)(=O)c1ccc(C(=O)NCc2cccnc2Oc2cccnc2)cc1,True,1.8463,-1.3526000000000018,0.6666666666666666,False,True
3.0,bin,1,-0.9854800075292587,-1.1407200038433074,-0.83024001121521,1093926,CN(C(=O)CNc1cccc(OCC2CCCO2)c1)c1ccccc1,3.319300000000002,NC(=O)c1ccccc1NCC(=O)Nc1cccc(OCC2CCCO2)c1,True,2.3939000000000004,-0.9254000000000016,0.5507246376811594,False,True
3.0,bin,1,-0.9854800075292587,-1.1407200038433074,-0.83024001121521,1107920,CCc1ccc(-n2cc(C(=O)NC(C)c3ccccc3)nn2)cc1,3.320700000000002,O=C(NCc1ccc(F)cc1)c1cn(-c2ccccc2)nn1,True,2.3364000000000003,-0.984300000000002,0.5,False,False
3.0,bin,1,-0.9854800075292587,-1.1407200038433074,-0.83024001121521,1113130,CC(NC(=O)Cn1nnnc1C(C)(C)C)c1cccc2ccccc12,3.0012000000000016,Cc1ccc2ccccc2c1CNC(=O)Cn1nnnc1C,True,1.7595399999999994,-1.2416600000000022,0.42857142857142855,False,True
3.0,bin,1,-0.9854800075292587,-1.1407200038433074,-0.83024001121521,1121751,COC(=O)Cn1ccc(NS(=O)(=O)c2ccc(F)c(F)c2F)n1,1.2742,COc1cc(OC)cc(S(=O)(=O)NC2=NC(NCC(N)=O)=C2)c1,True,-0.6894999999999989,-1.963699999999999,0.21428571428571427,False,True
3.0,bin,1,-0.9854800075292587,-1.1407200038433074,-0.83024001121521,1142531,CCOC(C)C(=O)NCCc1csc(-c2ccc(C)cc2)n1,3.2022200000000014,CS(=O)(=O)NCCc1csc(-c2cccc(Cl)c2)n1,True,2.5552,-0.6470200000000013,0.35384615384615387,False,True
3.0,bin,1,-0.9854800075292587,-1.1407200038433074,-0.83024001121521,1212157,CN(Cc1ccc(F)c(F)c1)C(=O)c1cncc(-c2cnn(C)c2)c1,3.0325000000000015,Cn1cc(C(=O)NCc2ccc(-c3cccnc3)cc2)c(N)n1,True,1.9943,-1.0382000000000016,0.25675675675675674,False,True
3.0,bin,1,-0.9854800075292587,-1.1407200038433074,-0.83024001121521,1215394,CCn1nc(C)cc1C(=O)Oc1cccc(NC(=O)C(C)C)c1,3.025120000000001,Cc1cc(C(=O)Oc2ccc(S(=O)(=O)C(F)F)cc2)n(C)n1,True,1.94402,-1.081100000000001,0.35384615384615387,False,True
3.0,bin,1,-0.9854800075292587,-1.1407200038433074,-0.83024001121521,1232922,CC(C)(C)OC(=O)NC1CCCN(S(=O)(=O)N2CCOCC2)C1,0.5525000000000011,CCNC(=O)C1CCCN(S(=O)(=O)N2CCOCC2C)C1,True,-0.19999999999999818,-0.7524999999999993,0.38095238095238093,False,True
3.0,bin,1,-0.9854800075292587,-1.1407200038433074,-0.83024001121521,1238973,FC(F)(F)c1cnc(N2CCn3c(nnc3C3CC3)C2)c(Cl)c1,3.2429000000000023,Brc1cncnc1N1CCn2c(nnc2C2CC2)C1,True,1.7281999999999997,-1.5147000000000026,0.5178571428571429,False,True
3.0,bin,1,-0.9854800075292587,-1.1407200038433074,-0.83024001121521,1299495,Cc1cc(CC(=O)N2CCCC2C(C#N)c2ccccc2)no1,2.823900000000001,NC(=O)C1CCN(C(=O)CC(c2ccccc2)c2ccno2)C1,True,1.5303999999999993,-1.2935000000000016,0.29333333333333333,False,True
3.0,bin,1,-0.9854800075292587,-1.1407200038433074,-0.83024001121521,1309906,CC(C)CC(NC(=O)c1cc(=O)c2ccccc2o1)C(=O)OC(C)C,2.8891000000000018,CCOC(=O)C(NC(=O)c1cc(=O)c2ccccc2o1)C(C)C,True,2.110499999999999,-0.7786000000000026,0.6,False,True
3.0,bin,1,-0.9854800075292587,-1.1407200038433074,-0.83024001121521,1362816,COCc1cccc(C(=O)NC2CC2c2cccc(Cl)c2)c1,3.772300000000002,COc1ccccc1C1CC1NC(=O)c1ccc(S(C)=O)cc1,True,2.7185000000000006,-1.0538000000000016,0.3484848484848485,False,True
3.0,bin,1,-0.9854800075292587,-1.1407200038433074,-0.83024001121521,1441838,COCC(=O)NC(C(=O)Nc1cccc(-c2nccs2)c1)C(C)C,2.5358,CNC(=O)NCC(=O)Nc1cccc(-c2nccs2)c1,True,1.6775999999999995,-0.8582000000000005,0.5573770491803278,False,False
3.0,bin,1,-0.9854800075292587,-1.1407200038433074,-0.83024001121521,1450449,CCCNC(=O)CSc1nc2c(cc1C#N)CCCC2,2.450380000000001,CCCCC(CCCO)Sc1ccc(C#N)c(N)n1,True,2.9588800000000006,0.5084999999999997,0.24285714285714285,False,True
3.0,bin,1,-0.9854800075292587,-1.1407200038433074,-0.83024001121521,1451910,O=S(=O)(NCc1nnc2ccccn12)c1ccc(F)c(F)c1,1.4859999999999995,NC(=O)c1cccc(S(=O)(=O)NCc2nnc3ccccn23)c1,True,0.30669999999999953,-1.1793,0.6296296296296297,False,True
3.0,bin,1,-0.9854800075292587,-1.1407200038433074,-0.83024001121521,1479798,Cc1nc(C)c(CCC(=O)N(CC(C)C)CC(F)(F)F)c(=O)[nH]1,2.3662400000000003,Cc1nc(C)c(CCC(=O)NCC(F)(F)F)c(=O)[nH]1,True,0.9978399999999996,-1.3684000000000007,0.5471698113207547,False,False
3.0,bin,1,-0.9854800075292587,-1.1407200038433074,-0.83024001121521,1507926,COC(=O)C(C)NC(=O)Cc1csc(-c2ccccc2Cl)n1,2.6837,CS(=O)(=O)NCCNc1nc(-c2ccccc2F)cs1,True,1.9102999999999997,-0.7734000000000003,0.2647058823529412,False,True
3.0,bin,1,-0.9854800075292587,-1.1407200038433074,-0.83024001121521,1527882,Nc1ncccc1C(=O)Nc1ccc2cn[nH]c2c1,1.7923999999999998,Cc1ncccc1C(=O)Nc1ccc(NN=CS(N)(=O)=O)cc1,True,1.2860199999999997,-0.50638,0.3548387096774194,False,True
3.0,bin,1,-0.9854800075292587,-1.1407200038433074,-0.83024001121521,1532848,COc1ccc(-c2ccc3c(=O)[nH]cnc3c2)cc1Cl,3.2521000000000013,CS(=O)(=O)c1ccc(-c2ccc3nc[nH]c(=O)c3c2)cc1,True,1.9935999999999998,-1.2585000000000015,0.44,False,True
3.0,bin,1,-0.9854800075292587,-1.1407200038433074,-0.83024001121521,1548351,COc1cc(OC)c2c(c1)C(c1cnccn1)NCC2,1.7288999999999999,COc1ccc(OCC(N)=O)c2c1C(c1cnccn1)NCC2,True,0.5843999999999998,-1.1445,0.5,False,True
3.0,bin,1,-0.9854800075292587,-1.1407200038433074,-0.83024001121521,1570134,COc1cccc(C(C)N2CCN(C(=O)c3ccc(O)cc3)CC2)c1,2.9198000000000013,NC(=O)C(c1ccccc1)N1CCN(C(=O)c2cccc(O)c2)CC1,True,1.3765999999999996,-1.5432000000000017,0.43103448275862066,False,True
3.0,bin,1,-0.9854800075292587,-1.1407200038433074,-0.83024001121521,1611406,CC(C)(C)N1CC(NC(=O)C2COc3ccc(F)cc3C2)CC1=O,1.8923999999999994,O=C1CC(C(=O)NC2CCOCC2)COc2c(F)cccc21,True,1.7022999999999995,-0.19009999999999994,0.3380281690140845,False,True
3.0,bin,1,-0.9854800075292587,-1.1407200038433074,-0.83024001121521,1612684,CCCC1CN(C(=O)Nc2ccn(CCC(C)C)n2)CCO1,2.9620000000000015,O=C(Nc1ccn(CC(F)(F)F)n1)N1CCOCC1,True,1.3094999999999999,-1.6525000000000016,0.4444444444444444,False,True
3.0,bin,1,-0.9854800075292587,-1.1407200038433074,-0.83024001121521,1639675,CCC(CC)c1nnc(NC(=O)c2scnc2C2CC2)s1,4.0279000000000025,C=CCOC1CC[SH]2C(=NN=C2NC(=O)c2cncs2)C1,True,1.9222,-2.1057000000000023,0.21518987341772153,False,True
3.0,bin,1,-0.9854800075292587,-1.1407200038433074,-0.83024001121521,1675660,COc1ccnc(NC(=O)c2cccc(Cl)c2)c1,2.9959000000000007,CS(=O)(=O)C=C1C=CC(C(=O)Nc2cccc(CCO)n2)=C1,True,0.9796,-2.0163000000000006,0.21428571428571427,False,True
3.0,bin,1,-0.9854800075292587,-1.1407200038433074,-0.83024001121521,1689728,CCc1noc(CSc2ncnc3sc(C)cc23)n1,3.237420000000002,CNC(=O)Cc1noc(CSc2ncnc3sc(C)cc23)n1,True,1.9635199999999995,-1.2739000000000025,0.7090909090909091,False,True
3.0,bin,1,-0.9854800075292587,-1.1407200038433074,-0.83024001121521,1720876,CC(C)(C)CC(=O)NCC(=O)Nc1ccc2c(c1)COC2,2.2077,COCCCNC(=O)CCNc1ccc2c(c1)COC2,True,1.6714999999999993,-0.5362000000000007,0.43859649122807015,False,True
3.0,bin,1,-0.9854800075292587,-1.1407200038433074,-0.83024001121521,1757109,CC(C)Cc1ncc(CNc2ccc3c(c2)COC3)s1,3.983900000000003,CC(=O)NC=NC=C(S)CNc1ccc2c(c1)COC2,True,2.0643,-1.919600000000003,0.3384615384615385,False,True
3.0,bin,1,-0.9854800075292587,-1.1407200038433074,-0.83024001121521,1774061,O=C1NCCCc2[nH]c(-c3cccc4[nH]ccc34)nc21,2.234,[NH]COCCCC1=NCc2c3ccc(OCC(N)=O)c2C1NCCC3,True,1.1193999999999997,-1.1146000000000003,0.12359550561797752,False,True
3.0,bin,1,-0.9854800075292587,-1.1407200038433074,-0.83024001121521,1800687,Cc1nn(C)c(-c2nc(-c3cccnn3)no2)c1Cl,1.8889199999999997,CN(C=C1C=C(C=NC(C=Cc2nnn(C)n2)=NO)N=N1)CCO,True,0.19699999999999995,-1.6919199999999996,0.10588235294117647,False,True
3.0,bin,1,-0.9854800075292587,-1.1407200038433074,-0.83024001121521,1815867,FC(F)(F)c1ccc(CN2CCOCC2c2ncon2)cc1,2.661900000000001,N#Cc1ccccc1CN1CCOCC1c1ncon1,True,1.51478,-1.147120000000001,0.5517241379310345,False,True
3.0,bin,1,-0.9854800075292587,-1.1407200038433074,-0.83024001121521,1828580,Cc1ccc(N2CC3OCC(=O)N(Cc4cccc(F)c4)C3C2)nn1,1.54032,NC(=O)c1ccc(N2CC3OCC(=O)N(Cc4ccccc4)C3C2)nn1,True,0.19169999999999887,-1.348620000000001,0.5757575757575758,False,True
3.0,bin,1,-0.9854800075292587,-1.1407200038433074,-0.83024001121521,1836183,CCc1ccc(C(=O)NCc2nccc(N(C)C)n2)cc1,2.035,CC=CC(C=CS(=O)(=O)NC)C(=O)NCc1nccc(C)n1,True,0.6564199999999998,-1.3785800000000004,0.3076923076923077,False,True
3.0,bin,1,-0.9854800075292587,-1.1407200038433074,-0.83024001121521,1842499,COc1ccccc1COc1ccccc1-c1cnn(CCO)c1,3.1300000000000017,NC(=O)C1CCCN(C(=O)COc2ccccc2-c2ccccc2)CN1,True,1.7558,-1.3742000000000016,0.2571428571428571,False,True
3.0,bin,1,-0.9854800075292587,-1.1407200038433074,-0.83024001121521,1865564,COC(CNC(=O)c1ccoc1)c1cccc(F)c1,2.536200000000001,NC(=O)c1cccc(C(O)CNC(=O)c2ccoc2)c1,True,0.8419000000000001,-1.6943000000000008,0.5178571428571429,False,True
3.0,bin,1,-0.9854800075292587,-1.1407200038433074,-0.83024001121521,1868773,CCCOc1ccc(Cl)c2c1CCNC2C1CC(=O)C1,3.2947000000000015,O=C1CCC(C2NCCc3cc(F)ccc32)N1,True,1.2911000000000001,-2.0036000000000014,0.22727272727272727,False,True
3.0,bin,1,-0.9854800075292587,-1.1407200038433074,-0.83024001121521,1873123,CCC1OC(=O)c2c(OC)ccc(Br)c21,3.079200000000002,COC(=O)COc1cc(OC)cc(C(C)=COC(C)=O)c1,True,2.1708999999999996,-0.9083000000000023,0.12903225806451613,False,True
3.0,bin,1,-0.9854800075292587,-1.1407200038433074,-0.83024001121521,1875028,Cc1cccc(C)c1NCC(=O)N1CCCC2CCCCC21,3.8965400000000034,N#Cc1cccc(NCC(=O)N2CCCC2C2CCCN2)c1,True,1.7131799999999995,-2.183360000000004,0.41935483870967744,False,True
3.0,bin,1,-0.9854800075292587,-1.1407200038433074,-0.83024001121521,1895921,CCC(CC)N(C)C(=O)CC1OC(=O)c2ccccc21,2.935200000000002,CCOCCCNC(=O)CC1OC(=O)c2ccccc21,True,1.8310000000000002,-1.1042000000000016,0.5,False,True
3.0,bin,1,-0.9854800075292587,-1.1407200038433074,-0.83024001121521,1907077,Cc1ccc2[nH]nc(C(=O)Nc3nc(-c4ccco4)cs3)c2c1,3.8401200000000015,NC(=O)C=CC=Cc1nc1=NOCNC(=O)c1ccco1,True,-0.1753,-4.0154200000000015,0.19047619047619047,False,True
3.0,bin,1,-0.9854800075292587,-1.1407200038433074,-0.83024001121521,1913063,Cc1nn(C)c(C)c1CN(C(=O)c1cn2cccc(C)c2n1)C1CC1,2.797860000000001,COC(=O)c1nn(C)cc1C(=O)N(Cc1cn2ccccc2n1)C1CC1,True,1.6591999999999996,-1.1386600000000013,0.37662337662337664,False,True
3.0,bin,1,-0.9854800075292587,-1.1407200038433074,-0.83024001121521,1922265,CN(CCNC(=O)c1ccc2c(c1)ncn2C)c1ccccc1,2.4395000000000007,NC(=O)Cn1cnc2cc(C(=O)NCCNc3cccc(F)c3)ccc21,True,1.5025999999999988,-0.9369000000000018,0.4264705882352941,False,True
3.0,bin,2,-0.7375200986862183,-0.83024001121521,-0.6448001861572266,32052,COc1ccccc1CNC(=O)Cc1c[nH]c2ccccc12,3.035400000000001,NC(=O)c1ccc(CNC(=O)Cc2c[nH]c3ccccc23)cc1,True,2.1256999999999993,-0.9097000000000017,0.58,False,True
3.0,bin,2,-0.7375200986862183,-0.83024001121521,-0.6448001861572266,116747,COCCSc1ccccc1C(=O)Nc1cccc(C)n1,3.3808200000000017,COC(=O)c1ccc(C(=O)Nc2cccc(N(C)C)n2)c(F)c1,True,2.3256000000000006,-1.0552200000000012,0.34375,False,True
3.0,bin,2,-0.7375200986862183,-0.83024001121521,-0.6448001861572266,131060,CS(=O)(=O)NCCc1csc(-c2ccc(F)cc2)n1,2.0408999999999997,NS(=O)(=O)NCCc1csc(-c2ccc(F)cc2)n1,True,1.2848000000000006,-0.7560999999999991,0.7674418604651163,False,True
3.0,bin,2,-0.7375200986862183,-0.83024001121521,-0.6448001861572266,131949,CCc1c(C)nc(SCC(=O)NC(C)C)[nH]c1=O,1.25742,COC(=O)C(C)Sc1nc(C)c(C)c(=O)[nH]1,True,1.0403399999999996,-0.21708000000000038,0.37735849056603776,False,True
3.0,bin,2,-0.7375200986862183,-0.83024001121521,-0.6448001861572266,158879,COc1ccc(CC(=O)OCC(=O)c2c[nH]c3ccccc23)cc1,3.145100000000001,NC(=O)c1cccc(CC(=O)OCC(=O)c2c[nH]c3ccccc23)c1,True,2.2354000000000003,-0.9097000000000008,0.6181818181818182,False,True
3.0,bin,2,-0.7375200986862183,-0.83024001121521,-0.6448001861572266,232056,COCCNC(=O)c1cc(=O)c2cc(C)ccc2o1,1.4776199999999993,COCCNC(=O)CNC(=O)c1cc(=O)c2ccccc2o1,True,0.2854000000000008,-1.1922199999999985,0.6274509803921569,False,False
3.0,bin,2,-0.7375200986862183,-0.83024001121521,-0.6448001861572266,235788,O=C(Cn1nc(-c2ccco2)oc1=O)NCC(F)(F)F,0.7747999999999999,NC(=O)CCCn1nc(-c2ccco2)oc1=O,True,0.3617999999999997,-0.41300000000000026,0.5370370370370371,False,True
3.0,bin,2,-0.7375200986862183,-0.83024001121521,-0.6448001861572266,236081,CC(=O)c1c(C)[nH]c(C(=O)CSc2nc(C(C)C)n[nH]2)c1C,3.0506400000000014,CC(=O)c1c(C)[nH]c(C(=O)CSc2nc(C)n[nH]2)c1C,True,2.23566,-0.8149800000000011,0.7446808510638298,False,True
3.0,bin,2,-0.7375200986862183,-0.83024001121521,-0.6448001861572266,281081,O=C(Cn1cccn1)NCc1cccnc1Oc1ccc(F)cc1F,2.665000000000001,N=CC=COc1ccccc1OCC(=O)NCc1ncccc1N,True,1.9010699999999998,-0.7639300000000011,0.2987012987012987,False,True
3.0,bin,2,-0.7375200986862183,-0.83024001121521,-0.6448001861572266,284170,COc1ccc(-c2nc(CC(=O)Nc3cccc(C)n3)cs2)cc1,3.7033200000000024,Nc1ccnc(NC(=O)Cc2csc(-c3ccccc3)n2)c1,True,2.9685000000000015,-0.7348200000000009,0.4838709677419355,False,True
3.0,bin,2,-0.7375200986862183,-0.83024001121521,-0.6448001861572266,288369,Cc1ccc(NCc2nnc3n2CCCCC3)cc1C,3.2334400000000016,C=C1CCCCn2c(CNCC=CC=CC#N)nnc21,True,2.20078,-1.0326600000000017,0.2878787878787879,False,True
3.0,bin,2,-0.7375200986862183,-0.83024001121521,-0.6448001861572266,302889,COc1ccc(OC)c(NC(=O)CCNC(=O)c2cccs2)c1,2.5239000000000003,NC(=O)c1ccc(NC(=O)CCNC(=O)c2cccs2)cc1,True,1.605599999999999,-0.9183000000000012,0.5087719298245614,False,False
3.0,bin,2,-0.7375200986862183,-0.83024001121521,-0.6448001861572266,327141,COc1ccc(OC)c(S(=O)(=O)Nc2ccn(C)n2)c1,1.2381,CCOC(=CC=CS(=O)(=O)NC)C1N=C(C=CNC)NS1(=O)=O,True,-0.6395999999999988,-1.8776999999999988,0.1,False,True
3.0,bin,2,-0.7375200986862183,-0.83024001121521,-0.6448001861572266,327382,CNC(=O)C1CN(C(=O)c2c(C)noc2C)c2ccccc2O1,1.4452399999999996,Cc1noc(C(N)=O)c1C(=O)N1CCOc2ccccc21,True,1.1211199999999995,-0.3241200000000002,0.45161290322580644,False,True
3.0,bin,2,-0.7375200986862183,-0.83024001121521,-0.6448001861572266,406491,COCCNC(=O)C1CCCN(S(=O)(=O)N2CCOCC2)C1,-0.9619999999999964,NS(=O)(=O)NC1CCCN(S(=O)(=O)N2CCOCC2)C1,True,-2.1790999999999956,-1.2170999999999992,0.4444444444444444,False,True
3.0,bin,2,-0.7375200986862183,-0.83024001121521,-0.6448001861572266,413951,O=C(Cn1ncn2cccc2c1=O)N1CCCCCC1,0.8985999999999996,NC(=O)C1CCCCN1C(=O)Cn1nc2ccccn2c1=O,True,-0.6376,-1.5361999999999996,0.30303030303030304,False,True
3.0,bin,2,-0.7375200986862183,-0.83024001121521,-0.6448001861572266,427929,CCNc1nc(NCc2ccccc2Cl)c2cnn(C)c2n1,3.060600000000001,CN(C)c1nc(NCc2cccc(Cl)c2)c2cnn(C)c2n1,True,2.6948000000000008,-0.3658000000000001,0.45161290322580644,False,False
3.0,bin,2,-0.7375200986862183,-0.83024001121521,-0.6448001861572266,447130,CCC(NC(=O)C1CCN(C(=O)C2CC2)CC1)c1ccc(C)cc1,3.2109200000000016,CCN(CCC(=O)NCc1ccccc1F)C(=O)C1CC1,True,2.0904999999999996,-1.120420000000002,0.21739130434782608,False,True
3.0,bin,2,-0.7375200986862183,-0.83024001121521,-0.6448001861572266,481908,CCNS(=O)(=O)c1ccc(C)c(C(=O)Nc2ncccc2C)c1,2.24894,CNS(=O)(=O)c1ccc(C(=O)Nc2cc(OC)ccn2)c(C)c1,True,1.55902,-0.6899200000000001,0.390625,False,True
3.0,bin,2,-0.7375200986862183,-0.83024001121521,-0.6448001861572266,485220,Cc1nn(CC(=O)N2CCN(C)CC2)c(C)c1Br,1.03644,COC(=O)c1c(C(=O)N2CCN(C)CC2C)c(C)nn1C,True,0.29122000000000026,-0.7452199999999998,0.25,False,True
3.0,bin,2,-0.7375200986862183,-0.83024001121521,-0.6448001861572266,526363,Cc1nnc(SCC(=O)Nc2ccc(O)cc2)n(N)c1=O,0.09692,NC(=O)c1nnc(SCC(=O)Nc2ccccc2)n(N)c1=O,True,-0.8182000000000003,-0.9151200000000003,0.5961538461538461,False,True
3.0,bin,2,-0.7375200986862183,-0.83024001121521,-0.6448001861572266,536853,COc1ccc(C2CCCN2C(=O)C2CCC2)c(OC)c1,3.1674000000000015,CNS(=O)(=O)c1cc(CCCNC(=O)C2CCC2C)ccc1C,True,1.998019999999999,-1.1693800000000025,0.14285714285714285,False,True
3.0,bin,2,-0.7375200986862183,-0.83024001121521,-0.6448001861572266,540312,Cc1nn(C)c2nc(C3CC3)cc(C(=O)NCC(=O)NC(C)(C)C)c12,1.7986199999999997,CCN(CC(=O)NC)C(=O)c1cc(C2CC2)nc2c1c(C)nn2C,True,1.3622199999999993,-0.43640000000000034,0.5538461538461539,False,False
3.0,bin,2,-0.7375200986862183,-0.83024001121521,-0.6448001861572266,544381,Cc1nc(N2CCCC(C(=O)NC(C)C)C2)c2c(C)c(C)oc2n1,2.8890600000000006,Cc1nc(N2CCCCC(=O)NC2)c2c(C)c(C)oc2n1,True,2.21206,-0.6770000000000005,0.47540983606557374,False,True
3.0,bin,2,-0.7375200986862183,-0.83024001121521,-0.6448001861572266,544382,CCCNC(=O)C1CCCN(c2nc(C)nc3oc(C)c(C)c23)C1,2.8906600000000013,CCNC(=O)C1CCCN(c2nc(C)nc3oc(C)c(C)c23)C1,True,2.500560000000001,-0.39010000000000034,0.8518518518518519,False,False
3.0,bin,2,-0.7375200986862183,-0.83024001121521,-0.6448001861572266,550049,Cc1ccc(C)c(OCC(=O)Nc2cccc(-n3cnnc3)c2)c1,2.9016400000000013,N#Cc1ccc(OCC(=O)Nc2cccc(-n3cnnc3)c2)cc1,True,2.15648,-0.7451600000000012,0.625,False,True
3.0,bin,2,-0.7375200986862183,-0.83024001121521,-0.6448001861572266,573533,Cc1nn(-c2ncc(C(F)(F)F)cc2Cl)c(=O)o1,2.2011199999999995,CCC=NN=C(Nc1ccc(C(F)F)cn1)OC=O,True,2.3559,0.15478000000000058,0.1388888888888889,False,True
3.0,bin,2,-0.7375200986862183,-0.83024001121521,-0.6448001861572266,582555,O=C(NCC(O)c1ccccc1)c1ccc2c(=O)n3c(nc2c1)CCC3,1.8061000000000003,CC(=CCCNC(N)=O)C(=O)NCC1ON2CCc3cc1ccc32,True,1.156300000000001,-0.6497999999999993,0.15217391304347827,False,True
3.0,bin,2,-0.7375200986862183,-0.83024001121521,-0.6448001861572266,588547,Cc1n[nH]c(C)c1NC(=O)CCc1ccc(Cl)cc1Cl,3.9046400000000023,Cc1cc(CCC(=O)Nc2c(C)n[nH]c2C)ccc1F,True,3.0453600000000014,-0.8592800000000009,0.5849056603773585,False,True
3.0,bin,2,-0.7375200986862183,-0.83024001121521,-0.6448001861572266,607673,CCCN(CC1CC1)S(=O)(=O)c1ccccc1F,2.636400000000001,O=S(=O)(NCC1CC1)c1c(O)cc(F)cc1F,True,1.3586999999999998,-1.2777000000000012,0.25,False,True
3.0,bin,2,-0.7375200986862183,-0.83024001121521,-0.6448001861572266,617681,Cc1cc(C(=O)Nc2nc(-c3ccncc3)cs2)nn1C(C)C,3.5432200000000016,CCn1nc(C(=O)Nc2nc(-c3ccncc3)cs2)cc1N,True,2.256,-1.2872200000000018,0.603448275862069,False,True
3.0,bin,2,-0.7375200986862183,-0.83024001121521,-0.6448001861572266,650267,COc1ccc2oc(C(=O)NC3CCCCNC3=O)c(C)c2c1,2.14832,NC(=O)c1cccc(OCCCNCC(=O)NC2CCCNC2=O)c1,True,-0.4611999999999976,-2.6095199999999976,0.35064935064935066,False,True
3.0,bin,2,-0.7375200986862183,-0.83024001121521,-0.6448001861572266,668639,Cc1cc(NC(=O)c2ccccc2Cl)ncc1N,2.8779200000000005,Nc1ccnc(NC(=O)c2ccc(F)cc2F)c1,True,2.1943,-0.6836200000000003,0.34545454545454546,False,True
3.0,bin,2,-0.7375200986862183,-0.83024001121521,-0.6448001861572266,673160,CCC(=O)Nc1ccc2oc(C(F)(F)F)cc(=O)c2c1,3.160300000000001,CCC(=O)NCCNC(=O)c1cc(=O)c2ccc(Cl)cc2o1,True,1.7023999999999995,-1.4579000000000018,0.3442622950819672,False,True
3.0,bin,2,-0.7375200986862183,-0.83024001121521,-0.6448001861572266,711169,Cc1cccc(C(C)C)c1NC(=O)N(C)Cc1ccncc1,4.177320000000003,CCN(Cc1ccncc1)C(=O)Nc1cc(OC)ccc1C,True,3.4526200000000022,-0.7247000000000003,0.36507936507936506,False,True
3.0,bin,2,-0.7375200986862183,-0.83024001121521,-0.6448001861572266,720969,Cc1noc(C)c1CCC(=O)OCC(=O)N1c2ccccc2CC1C,2.7450400000000013,O=C(CCc1cnoc1)OCC(=O)N1CCc2ccccc21,True,1.7396999999999998,-1.0053400000000015,0.3888888888888889,False,True
3.0,bin,2,-0.7375200986862183,-0.83024001121521,-0.6448001861572266,730789,COC(=O)C1CCN(C(=O)c2cc3ccc(F)cc3nc2C)CC1,2.7075200000000006,Cc1nc2ccccc2cc1C(=O)N1CCCC(OCC(N)=O)C1,True,1.6497199999999999,-1.0578000000000007,0.4057971014492754,False,True
3.0,bin,2,-0.7375200986862183,-0.83024001121521,-0.6448001861572266,738178,Cc1ccc(-n2ccnc2SCc2nc(C3CC3)no2)cc1C,4.041840000000003,N#Cc1ccccc1-n1ccnc1SCc1nc(C2CC2)no1,True,3.296680000000002,-0.7451600000000012,0.5901639344262295,False,True
3.0,bin,2,-0.7375200986862183,-0.83024001121521,-0.6448001861572266,771897,COc1ccccc1OCC(=O)N(C)Cc1sccc1C,3.102520000000002,C=S1C=CC=C1CN(C)C(=O)COC1C=CC=CC(=O)NC1,True,1.1843,-1.918220000000002,0.22972972972972974,False,True
3.0,bin,2,-0.7375200986862183,-0.83024001121521,-0.6448001861572266,811446,COC(=O)C1(NC(=O)c2cc(Br)c[nH]2)CCCCCC1,2.7730000000000006,CCCCC(NC(=O)c1cc(NC(C)=O)c[nH]1)C(=O)OC,True,1.4346999999999999,-1.3383000000000007,0.2857142857142857,False,True
3.0,bin,2,-0.7375200986862183,-0.83024001121521,-0.6448001861572266,848291,CCC(C)NC(=O)NCc1noc(-c2cccs2)n1,2.3958000000000004,COCC(C)NC(=O)NCc1noc(-c2cccs2)n1,True,1.6321999999999999,-0.7636000000000005,0.7924528301886793,False,True
3.0,bin,2,-0.7375200986862183,-0.83024001121521,-0.6448001861572266,863440,COc1ccc(-c2nc(CCCO)cs2)cc1OC,2.752200000000001,COc1ccc(-c2nc(CCC(N)=O)cs2)cc1OC,True,2.2451999999999996,-0.5070000000000014,0.6956521739130435,False,True
3.0,bin,2,-0.7375200986862183,-0.83024001121521,-0.6448001861572266,864663,N#Cc1ccc(-c2cc(F)ccc2F)nc1N1CCCC1,3.498680000000002,CNC(=O)COc1ccc(-c2ccc(C#N)c(N3CCCC3)n2)cc1,True,2.34528,-1.1534000000000022,0.41935483870967744,False,True
3.0,bin,2,-0.7375200986862183,-0.83024001121521,-0.6448001861572266,872100,CCc1cccc(C)c1NCC(O)c1ccc2c(c1)OCCO2,3.474120000000002,COc1ccc(OC)c(NCC(O)c2ccc3c(c2)OCCO3)c1,True,2.6205000000000007,-0.8536200000000012,0.5,False,True
3.0,bin,2,-0.7375200986862183,-0.83024001121521,-0.6448001861572266,886334,COc1ccc(C(=O)N2CCCC(C(=O)N3CCCCC3)C2)c(O)c1,2.2655000000000003,CC1CCCN1C(=O)C1(C)CCCNC(=O)C2=CC=C(C2)C(=O)N1,True,1.0387,-1.2268000000000003,0.17105263157894737,False,True
3.0,bin,2,-0.7375200986862183,-0.83024001121521,-0.6448001861572266,887387,COCCNC(=O)N(Cc1cccc(F)c1)CC1CCCO1,2.1627,NS(=O)(=O)N(Cc1ccc(Cl)cc1)CC1CCCO1,True,1.5245000000000004,-0.6381999999999997,0.3235294117647059,False,True
3.0,bin,2,-0.7375200986862183,-0.83024001121521,-0.6448001861572266,889149,N#Cc1ccc(NC(=O)c2ccc(Br)cc2Cl)nc1,3.621480000000001,Cc1ccc(C#N)c(C(=O)Nc2ccc(C#N)cn2)c1C,True,2.6941000000000006,-0.9273800000000003,0.4727272727272727,False,True
3.0,bin,2,-0.7375200986862183,-0.83024001121521,-0.6448001861572266,913483,O=C(CNC(=O)NCCc1c(Cl)cccc1Cl)NC1CC1,2.1137000000000006,O=C(CNC(=O)NC1CC1F)NCCc1c(F)cccc1F,True,1.0331,-1.0806000000000007,0.4444444444444444,False,True
3.0,bin,2,-0.7375200986862183,-0.83024001121521,-0.6448001861572266,917620,C=CCN(Cc1ccccc1OC)C(=O)c1csc(C)n1,3.288520000000002,COCCN(Cc1ccccc1)C(=O)c1csc(OC)n1,True,2.440500000000001,-0.8480200000000009,0.3968253968253968,False,True
3.0,bin,2,-0.7375200986862183,-0.83024001121521,-0.6448001861572266,918312,CCOc1ccc(Cl)c(C(=O)N2CCN(c3ncccn3)CC2)n1,1.8860999999999997,COc1ccc(C(=O)N2CCN(c3nccc(OC)n3)CC2)nc1,True,0.8511999999999997,-1.0349,0.41935483870967744,False,True
3.0,bin,2,-0.7375200986862183,-0.83024001121521,-0.6448001861572266,922879,CC(=O)c1ccc(N2CCN(Cc3c(F)cccc3F)CC2)cc1,3.489600000000003,COC(=O)c1ccccc1CN1CCN(c2ccc(O)cc2)CC1,True,2.5010000000000003,-0.9886000000000026,0.4,False,True
3.0,bin,2,-0.7375200986862183,-0.83024001121521,-0.6448001861572266,927535,COc1cc(CN2CCN(c3ccccc3F)CC2)ccc1O,2.862100000000002,NC(=O)c1cccc(N2CCN(Cc3ccc(F)cc3)CC2)c1,True,2.2468000000000004,-0.6153000000000017,0.35,False,True
3.0,bin,2,-0.7375200986862183,-0.83024001121521,-0.6448001861572266,927567,Cc1ccccc1N1CCN(Cc2cccc(O)c2)CC1,3.022820000000001,NC(=O)c1ccc(N2CCN(Cc3ccccc3)CC2)cc1,True,2.1076999999999995,-0.9151200000000017,0.37254901960784315,False,True
3.0,bin,2,-0.7375200986862183,-0.83024001121521,-0.6448001861572266,938108,CC(c1ccccc1)N(C)C(=O)CCC(=O)Nc1nccs1,3.0814000000000012,N#CC1=CC=CCCNC(=O)CCC(=O)NC2=NC=CS2=C1,True,1.3207799999999998,-1.7606200000000014,0.058823529411764705,False,True
3.0,bin,2,-0.7375200986862183,-0.83024001121521,-0.6448001861572266,943303,CN(CCCOc1ccccc1)C(=O)Nc1cccc2c1OCCO2,3.390600000000002,NC(=O)c1ccc(OCCCNC(=O)Nc2ccc3cc2OCC3)cc1,True,2.311,-1.079600000000002,0.3108108108108108,False,True
3.0,bin,2,-0.7375200986862183,-0.83024001121521,-0.6448001861572266,946289,CC(NC(=O)C1(c2cc(-c3ccco3)on2)CC1)c1ccccc1,3.843600000000002,Nc1ccccc1CNC(=O)C1(c2cc(-c3ccco3)on2)CC1,True,2.8648000000000016,-0.9788000000000006,0.5833333333333334,False,True
3.0,bin,2,-0.7375200986862183,-0.83024001121521,-0.6448001861572266,994077,Cc1nnc(Cn2c(-c3cccc(Br)c3)noc2=O)o1,2.0055199999999997,COc1ccccc1-c1nnc(Cn2c(C)noc2=O)o1,True,1.25162,-0.7538999999999998,0.4098360655737705,False,True
3.0,bin,2,-0.7375200986862183,-0.83024001121521,-0.6448001861572266,1065620,O=C(NCc1cccnc1Oc1ccccc1)c1cccnc1,3.198900000000002,NC(=O)C(NC(=O)c1cccnc1Oc1ccccc1)c1cccnc1,True,2.2253,-0.973600000000002,0.4745762711864407,False,True
3.0,bin,2,-0.7375200986862183,-0.83024001121521,-0.6448001861572266,1093926,CN(C(=O)CNc1cccc(OCC2CCCO2)c1)c1ccccc1,3.319300000000002,NC(=O)c1cccc(NCC(=O)Nc2cccc(OCC3CCCO3)c2)c1,True,2.3939000000000004,-0.9254000000000016,0.5909090909090909,False,True
3.0,bin,2,-0.7375200986862183,-0.83024001121521,-0.6448001861572266,1107920,CCc1ccc(-n2cc(C(=O)NC(C)c3ccccc3)nn2)cc1,3.320700000000002,COc1ccc(CNC(=O)c2cn(-c3ccccc3)nn2)c(OC)c1,True,2.2145,-1.106200000000002,0.4153846153846154,False,True
3.0,bin,2,-0.7375200986862183,-0.83024001121521,-0.6448001861572266,1113130,CC(NC(=O)Cn1nnnc1C(C)(C)C)c1cccc2ccccc12,3.0012000000000016,CCc1ccccc1CNC(=O)Cn1nnnc1-c1ccccc1,True,2.2188999999999997,-0.782300000000002,0.359375,False,True
3.0,bin,2,-0.7375200986862183,-0.83024001121521,-0.6448001861572266,1121751,COC(=O)Cn1ccc(NS(=O)(=O)c2ccc(F)c(F)c2F)n1,1.2742,NC(=O)Cn1ccc(NS(=O)(=O)c2cc(F)ccc2F)n1,True,0.4473999999999992,-0.8268000000000009,0.5535714285714286,False,True
3.0,bin,2,-0.7375200986862183,-0.83024001121521,-0.6448001861572266,1142531,CCOC(C)C(=O)NCCc1csc(-c2ccc(C)cc2)n1,3.2022200000000014,COC(=O)NCC(=O)NCCc1csc(-c2ccc(C)cc2)n1,True,2.1332200000000006,-1.0690000000000008,0.6071428571428571,False,True
3.0,bin,2,-0.7375200986862183,-0.83024001121521,-0.6448001861572266,1212157,CN(Cc1ccc(F)c(F)c1)C(=O)c1cncc(-c2cnn(C)c2)c1,3.0325000000000015,CNC(=O)c1cccc(CN(C)C(=O)c2cncc(-c3cn[nH]c3)c2)c1,True,2.1035,-0.9290000000000016,0.43478260869565216,False,True
3.0,bin,2,-0.7375200986862183,-0.83024001121521,-0.6448001861572266,1215394,CCn1nc(C)cc1C(=O)Oc1cccc(NC(=O)C(C)C)c1,3.025120000000001,CCn1nc(C)cc1C(=O)Oc1ccc(NC(C)=O)cc1,True,2.3890200000000004,-0.6361000000000008,0.6,False,True
3.0,bin,2,-0.7375200986862183,-0.83024001121521,-0.6448001861572266,1232922,CC(C)(C)OC(=O)NC1CCCN(S(=O)(=O)N2CCOCC2)C1,0.5525000000000011,CCOC(=O)NC1CCCN(S(=O)(=O)N2CCOCC2)C1,True,-0.22609999999999864,-0.7785999999999997,0.7142857142857143,False,True
3.0,bin,2,-0.7375200986862183,-0.83024001121521,-0.6448001861572266,1238973,FC(F)(F)c1cnc(N2CCn3c(nnc3C3CC3)C2)c(Cl)c1,3.2429000000000023,Cc1ccc(C)c(N2CCn3c(nnc3C3CC3)C2)n1,True,2.1875400000000003,-1.055360000000002,0.47368421052631576,False,True
3.0,bin,2,-0.7375200986862183,-0.83024001121521,-0.6448001861572266,1299495,Cc1cc(CC(=O)N2CCCC2C(C#N)c2ccccc2)no1,2.823900000000001,NC(=O)C1CCCN1C(=O)Cc1cc(-c2ccccc2F)on1,True,1.4994999999999998,-1.3244000000000011,0.4084507042253521,False,True
3.0,bin,2,-0.7375200986862183,-0.83024001121521,-0.6448001861572266,1309906,CC(C)CC(NC(=O)c1cc(=O)c2ccccc2o1)C(=O)OC(C)C,2.8891000000000018,CC(CC(=O)OC(C)C)NC(=O)c1cc(=O)c2ccccc2o1,True,2.253,-0.6361000000000017,0.660377358490566,False,True
3.0,bin,2,-0.7375200986862183,-0.83024001121521,-0.6448001861572266,1362816,COCc1cccc(C(=O)NC2CC2c2cccc(Cl)c2)c1,3.772300000000002,COC(=O)c1cccc(C(=O)NC2CC2c2ccccc2C)c1,True,3.067520000000002,-0.7047800000000004,0.45,False,True
3.0,bin,2,-0.7375200986862183,-0.83024001121521,-0.6448001861572266,1441838,COCC(=O)NC(C(=O)Nc1cccc(-c2nccs2)c1)C(C)C,2.5358,COC(=O)CNC(=O)Nc1cc(-c2nccs2)ccc1F,True,2.2436999999999996,-0.29210000000000047,0.4264705882352941,False,True
3.0,bin,2,-0.7375200986862183,-0.83024001121521,-0.6448001861572266,1450449,CCCNC(=O)CSc1nc2c(cc1C#N)CCCC2,2.450380000000001,N#Cc1cc2c(nc1SCCN)OSCCCC2,True,2.36738,-0.08300000000000107,0.36923076923076925,False,True
3.0,bin,2,-0.7375200986862183,-0.83024001121521,-0.6448001861572266,1451910,O=S(=O)(NCc1nnc2ccccn12)c1ccc(F)c(F)c1,1.4859999999999995,NC(=O)c1ccccc1S(=O)(=O)NCc1nnc2ccccn12,True,0.30669999999999936,-1.1793000000000002,0.5454545454545454,False,True
3.0,bin,2,-0.7375200986862183,-0.83024001121521,-0.6448001861572266,1479798,Cc1nc(C)c(CCC(=O)N(CC(C)C)CC(F)(F)F)c(=O)[nH]1,2.3662400000000003,CC1=NC=C(NC(=O)CCN(C)OCC(F)(F)F)CN1,True,0.7814000000000001,-1.5848400000000002,0.2,False,True
3.0,bin,2,-0.7375200986862183,-0.83024001121521,-0.6448001861572266,1507926,COC(=O)C(C)NC(=O)Cc1csc(-c2ccccc2Cl)n1,2.6837,COC(=O)CNC(=O)Cc1csc(-c2ccccc2C)n1,True,1.9502199999999998,-0.7334800000000001,0.5,False,True
3.0,bin,2,-0.7375200986862183,-0.83024001121521,-0.6448001861572266,1527882,Nc1ncccc1C(=O)Nc1ccc2cn[nH]c2c1,1.7923999999999998,NS(=O)(=O)c1n[nH]c2ccc(NC(=O)c3cccnc3)cc12,True,0.8575999999999999,-0.9347999999999999,0.35384615384615387,False,True
3.0,bin,2,-0.7375200986862183,-0.83024001121521,-0.6448001861572266,1532848,COc1ccc(-c2ccc3c(=O)[nH]cnc3c2)cc1Cl,3.2521000000000013,COc1ccc(OC)c(-c2ccc3nc[nH]c(=O)c3c2)c1,True,2.6073000000000004,-0.6448000000000009,0.5294117647058824,False,True
3.0,bin,2,-0.7375200986862183,-0.83024001121521,-0.6448001861572266,1548351,COc1cc(OC)c2c(c1)C(c1cnccn1)NCC2,1.7288999999999999,NC(=O)COc1ccc2c(c1)C(c1cnccn1)NCC2,True,0.5757999999999996,-1.1531000000000002,0.4666666666666667,False,True
3.0,bin,2,-0.7375200986862183,-0.83024001121521,-0.6448001861572266,1570134,COc1cccc(C(C)N2CCN(C(=O)c3ccc(O)cc3)CC2)c1,2.9198000000000013,NC(=O)C(c1ccccc1)N1CCN(C(=O)c2ccc(F)cc2)CC1,True,1.8100999999999998,-1.1097000000000015,0.39655172413793105,False,False
3.0,bin,2,-0.7375200986862183,-0.83024001121521,-0.6448001861572266,1611406,CC(C)(C)N1CC(NC(=O)C2COc3ccc(F)cc3C2)CC1=O,1.8923999999999994,COCCN1CC(C(=O)NC2COc3ccc(C)cc3C2)CC1=O,True,0.9096199999999999,-0.9827799999999995,0.4246575342465753,False,True
3.0,bin,2,-0.7375200986862183,-0.83024001121521,-0.6448001861572266,1612684,CCCC1CN(C(=O)Nc2ccn(CCC(C)C)n2)CCO1,2.9620000000000015,CCCC1CN(C(=O)Nc2ccn(CC(F)(F)F)n2)CCO1,True,2.4782,-0.48380000000000134,0.7288135593220338,False,False
3.0,bin,2,-0.7375200986862183,-0.83024001121521,-0.6448001861572266,1639675,CCC(CC)c1nnc(NC(=O)c2scnc2C2CC2)s1,4.0279000000000025,CC(C)c1nnc(NC(=O)c2scnc2C2CC2)s1,True,3.247700000000002,-0.7802000000000007,0.7872340425531915,False,False
3.0,bin,2,-0.7375200986862183,-0.83024001121521,-0.6448001861572266,1675660,COc1ccnc(NC(=O)c2cccc(Cl)c2)c1,2.9959000000000007,COC(=O)c1ccc(C(=O)Nc2cc(OC)ccn2)c(OC)c1,True,2.1376999999999997,-0.858200000000001,0.5384615384615384,False,True
3.0,bin,2,-0.7375200986862183,-0.83024001121521,-0.6448001861572266,1689728,CCc1noc(CSc2ncnc3sc(C)cc23)n1,3.237420000000002,Cc1noc(CSc2ncnc3sc(C#N)cc23)n1,True,2.5467000000000013,-0.6907200000000007,0.5714285714285714,False,True
3.0,bin,2,-0.7375200986862183,-0.83024001121521,-0.6448001861572266,1720876,CC(C)(C)CC(=O)NCC(=O)Nc1ccc2c(c1)COC2,2.2077,COC(=O)C(NC(=O)CNc1ccc2c(c1)COC2)C(C)C,True,1.4424999999999994,-0.7652000000000005,0.43859649122807015,False,True
3.0,bin,2,-0.7375200986862183,-0.83024001121521,-0.6448001861572266,1757109,CC(C)Cc1ncc(CNc2ccc3c(c2)COC3)s1,3.983900000000003,OCC1SC(=NCc2cccc(F)c2)CNCC1(F)F,True,2.0568,-1.927100000000003,0.0875,False,True
3.0,bin,2,-0.7375200986862183,-0.83024001121521,-0.6448001861572266,1774061,O=C1NCCCc2[nH]c(-c3cccc4[nH]ccc34)nc21,2.234,C=Cc1[nH]c2ccccc2c1N=CCN1CCC(=O)N1,True,2.2500999999999998,0.01609999999999978,0.17567567567567569,False,True
3.0,bin,2,-0.7375200986862183,-0.83024001121521,-0.6448001861572266,1800687,Cc1nn(C)c(-c2nc(-c3cccnn3)no2)c1Cl,1.8889199999999997,Cc1nc(-c2nc(-c3cccnn3)no2)n(C)n1,True,0.6305199999999996,-1.2584,0.6382978723404256,False,True
3.0,bin,2,-0.7375200986862183,-0.83024001121521,-0.6448001861572266,1815867,FC(F)(F)c1ccc(CN2CCOCC2c2ncon2)cc1,2.661900000000001,COCc1cccc(CN2CCOCC2c2ncon2)c1,True,1.7895000000000003,-0.8724000000000007,0.5862068965517241,False,True
3.0,bin,2,-0.7375200986862183,-0.83024001121521,-0.6448001861572266,1828580,Cc1ccc(N2CC3OCC(=O)N(Cc4cccc(F)c4)C3C2)nn1,1.54032,Nc1ccc(N2CCOCC(=O)N(Cc3ccccc3)CC2)nn1,True,0.9241999999999992,-0.6161200000000007,0.2894736842105263,False,True
3.0,bin,2,-0.7375200986862183,-0.83024001121521,-0.6448001861572266,1836183,CCc1ccc(C(=O)NCc2nccc(N(C)C)n2)cc1,2.035,CNC(=O)c1ccc(C(=O)NCc2nccc(C)n2)c(C)c1,True,1.3830399999999996,-0.6519600000000005,0.42105263157894735,False,True
3.0,bin,2,-0.7375200986862183,-0.83024001121521,-0.6448001861572266,1842499,COc1ccccc1COc1ccccc1-c1cnn(CCO)c1,3.1300000000000017,NC(=O)Cn1cc(-c2ccccc2OCc2ccc(CO)cc2)cn1,True,2.1067,-1.0233000000000017,0.5,False,True
3.0,bin,2,-0.7375200986862183,-0.83024001121521,-0.6448001861572266,1865564,COC(CNC(=O)c1ccoc1)c1cccc(F)c1,2.536200000000001,NC(=O)C(CNC(=O)c1ccoc1)c1ccc(F)cc1F,True,1.5566999999999993,-0.9795000000000016,0.5,False,True
3.0,bin,2,-0.7375200986862183,-0.83024001121521,-0.6448001861572266,1868773,CCCOc1ccc(Cl)c2c1CCNC2C1CC(=O)C1,3.2947000000000015,COc1cc2cc(c1Br)C1(CCC(=O)C1N)CC2,True,2.3319,-0.9628000000000014,0.15492957746478872,False,True
3.0,bin,2,-0.7375200986862183,-0.83024001121521,-0.6448001861572266,1873123,CCC1OC(=O)c2c(OC)ccc(Br)c21,3.079200000000002,COc1ccc(OC)c(C(=O)OC(C)C)c1OC,True,2.2776000000000005,-0.8016000000000014,0.22448979591836735,False,True
3.0,bin,2,-0.7375200986862183,-0.83024001121521,-0.6448001861572266,1875028,Cc1cccc(C)c1NCC(=O)N1CCCC2CCCCC21,3.8965400000000034,N#Cc1ccc(NCC(=O)N2CCCC2C2CCCC2)cc1,True,3.1513800000000014,-0.745160000000002,0.5686274509803921,False,True
3.0,bin,2,-0.7375200986862183,-0.83024001121521,-0.6448001861572266,1895921,CCC(CC)N(C)C(=O)CC1OC(=O)c2ccccc21,2.935200000000002,CC(C)N(CCCO)C(=O)CC1OC(=O)c2ccccc21,True,1.9075999999999997,-1.027600000000002,0.5686274509803921,False,True
3.0,bin,2,-0.7375200986862183,-0.83024001121521,-0.6448001861572266,1907077,Cc1ccc2[nH]nc(C(=O)Nc3nc(-c4ccco4)cs3)c2c1,3.8401200000000015,N=C(N=CNC(=O)C1OCC(N)=CC=CCS1)c1ccco1,True,1.23777,-2.6023500000000013,0.1797752808988764,False,True
3.0,bin,2,-0.7375200986862183,-0.83024001121521,-0.6448001861572266,1913063,Cc1nn(C)c(C)c1CN(C(=O)c1cn2cccc(C)c2n1)C1CC1,2.797860000000001,COC1=C(C(=O)N(Cc2cn3ccccc3n2)CC2CC2C=N)N1N,True,0.9533699999999998,-1.844490000000001,0.23333333333333334,False,True
3.0,bin,2,-0.7375200986862183,-0.83024001121521,-0.6448001861572266,1922265,CN(CCNC(=O)c1ccc2c(c1)ncn2C)c1ccccc1,2.4395000000000007,CC=Cc1cccc(CN(C)CC(=O)NC2=CC(C=C(CO)NN)=C2)c1,True,1.4310999999999994,-1.0084000000000013,0.14942528735632185,False,True
3.0,bin,3,-0.5795501172542572,-0.6448001861572266,-0.5143000483512878,32052,COc1ccccc1CNC(=O)Cc1c[nH]c2ccccc12,3.035400000000001,NC(=O)Nc1cccc(CNC(=O)Cc2c[nH]c3ccccc23)c1,True,2.5174000000000003,-0.5180000000000007,0.5272727272727272,False,True
3.0,bin,3,-0.5795501172542572,-0.6448001861572266,-0.5143000483512878,116747,COCCSc1ccccc1C(=O)Nc1cccc(C)n1,3.3808200000000017,COCCOc1ncccc1NC(=O)c1cccc(OC)c1F,True,2.506800000000001,-0.8740200000000007,0.3230769230769231,False,False
3.0,bin,3,-0.5795501172542572,-0.6448001861572266,-0.5143000483512878,131060,CS(=O)(=O)NCCc1csc(-c2ccc(F)cc2)n1,2.0408999999999997,NS(=O)(=O)CCc1nc(-c2ccc(F)cc2)cs1,True,1.7802000000000004,-0.26069999999999927,0.37735849056603776,False,True
3.0,bin,3,-0.5795501172542572,-0.6448001861572266,-0.5143000483512878,131949,CCc1c(C)nc(SCC(=O)NC(C)C)[nH]c1=O,1.25742,COCCCNC(=O)CSc1nc(C)c(C)c(=O)[nH]1,True,0.6315399999999998,-0.6258800000000002,0.44642857142857145,False,True
3.0,bin,3,-0.5795501172542572,-0.6448001861572266,-0.5143000483512878,158879,COc1ccc(CC(=O)OCC(=O)c2c[nH]c3ccccc23)cc1,3.145100000000001,NC(=O)c1ccc(CC(=O)OCC(=O)c2c[nH]c3ccccc23)cc1,True,2.2353999999999994,-0.9097000000000017,0.72,False,True
3.0,bin,3,-0.5795501172542572,-0.6448001861572266,-0.5143000483512878,232056,COCCNC(=O)c1cc(=O)c2cc(C)ccc2o1,1.4776199999999993,COC(=O)CNC(=O)c1cc(=O)c2cccc(OC)c2o1,True,0.704399999999999,-0.7732200000000002,0.41379310344827586,False,True
3.0,bin,3,-0.5795501172542572,-0.6448001861572266,-0.5143000483512878,235788,O=C(Cn1nc(-c2ccco2)oc1=O)NCC(F)(F)F,0.7747999999999999,COC(=O)CCN(C)C(=O)Cn1nc(-c2ccco2)oc1=O,True,0.11779999999999968,-0.6570000000000003,0.5333333333333333,False,True
3.0,bin,3,-0.5795501172542572,-0.6448001861572266,-0.5143000483512878,236081,CC(=O)c1c(C)[nH]c(C(=O)CSc2nc(C(C)C)n[nH]2)c1C,3.0506400000000014,COC(=O)c1c(C)[nH]c(C(=O)CSc2nc(C(C)C)n[nH]2)c1C,True,2.63464,-0.41600000000000126,0.78,False,False
3.0,bin,3,-0.5795501172542572,-0.6448001861572266,-0.5143000483512878,281081,O=C(Cn1cccn1)NCc1cccnc1Oc1ccc(F)cc1F,2.665000000000001,Nc1ccccc1Oc1cccnc1CNC(=O)Cn1cccn1,True,1.9689999999999999,-0.6960000000000011,0.5230769230769231,False,True
3.0,bin,3,-0.5795501172542572,-0.6448001861572266,-0.5143000483512878,284170,COc1ccc(-c2nc(CC(=O)Nc3cccc(C)n3)cs2)cc1,3.7033200000000024,Nc1cccc(NC(=O)Cc2csc(-c3ccccc3)n2)n1,True,2.9685000000000006,-0.7348200000000018,0.5892857142857143,False,True
3.0,bin,3,-0.5795501172542572,-0.6448001861572266,-0.5143000483512878,288369,Cc1ccc(NCc2nnc3n2CCCCC3)cc1C,3.2334400000000016,COC(=O)c1ccc(NCc2nnc3n2CCCCC3)cc1,True,2.403200000000001,-0.8302400000000008,0.6153846153846154,False,True
3.0,bin,3,-0.5795501172542572,-0.6448001861572266,-0.5143000483512878,302889,COc1ccc(OC)c(NC(=O)CCNC(=O)c2cccs2)c1,2.5239000000000003,NC(=O)c1cc(NC(=O)CCNC(=O)c2cccs2)ccc1F,True,1.7447,-0.7792000000000003,0.4838709677419355,False,True
3.0,bin,3,-0.5795501172542572,-0.6448001861572266,-0.5143000483512878,327141,COc1ccc(OC)c(S(=O)(=O)Nc2ccn(C)n2)c1,1.2381,CNS(=O)(=O)c1ccc(S(=O)(=O)Nc2ccn(C)n2)c(C)c1,True,0.43741999999999925,-0.8006800000000007,0.5,False,True
3.0,bin,3,-0.5795501172542572,-0.6448001861572266,-0.5143000483512878,327382,CNC(=O)C1CN(C(=O)c2c(C)noc2C)c2ccccc2O1,1.4452399999999996,COc1oncc1C(=O)N1CC(C(N)=O)Oc2ccccc21,True,0.5762999999999999,-0.8689399999999997,0.4603174603174603,False,True
3.0,bin,3,-0.5795501172542572,-0.6448001861572266,-0.5143000483512878,406491,COCCNC(=O)C1CCCN(S(=O)(=O)N2CCOCC2)C1,-0.9619999999999964,NC(=O)C1CN(S(=O)(=O)N2CCCC(CO)C2)CCO1,True,-1.8783999999999967,-0.9164000000000003,0.36065573770491804,False,True
3.0,bin,3,-0.5795501172542572,-0.6448001861572266,-0.5143000483512878,413951,O=C(Cn1ncn2cccc2c1=O)N1CCCCCC1,0.8985999999999996,CN(CCCCC(N)=O)C(=O)Cn1ncn2cccc2c1=O,True,-0.38999999999999924,-1.2885999999999989,0.49122807017543857,False,True
3.0,bin,3,-0.5795501172542572,-0.6448001861572266,-0.5143000483512878,427929,CCNc1nc(NCc2ccccc2Cl)c2cnn(C)c2n1,3.060600000000001,CNc1nc(NCc2ccccc2OC)c2cnn(C(C)C)c2n1,True,3.069600000000001,0.009000000000000341,0.4375,False,True
3.0,bin,3,-0.5795501172542572,-0.6448001861572266,-0.5143000483512878,447130,CCC(NC(=O)C1CCN(C(=O)C2CC2)CC1)c1ccc(C)cc1,3.2109200000000016,CCC(NC(=O)C1CCN(CC(C)C)CC1=O)c1ccccc1OC,True,2.8095000000000008,-0.4014200000000008,0.3188405797101449,False,True
3.0,bin,3,-0.5795501172542572,-0.6448001861572266,-0.5143000483512878,481908,CCNS(=O)(=O)c1ccc(C)c(C(=O)Nc2ncccc2C)c1,2.24894,C=COc1cccnc1NC(=O)C1CNS(=O)(=O)C=CC=C1C,True,1.5516,-0.6973400000000001,0.24050632911392406,False,True
3.0,bin,3,-0.5795501172542572,-0.6448001861572266,-0.5143000483512878,485220,Cc1nn(CC(=O)N2CCN(C)CC2)c(C)c1Br,1.03644,COc1nn(CC(=O)N(C)C)c(C)c1CN1CCN(C)CC1,True,0.03572000000000197,-1.000719999999998,0.35714285714285715,False,True
3.0,bin,3,-0.5795501172542572,-0.6448001861572266,-0.5143000483512878,526363,Cc1nnc(SCC(=O)Nc2ccc(O)cc2)n(N)c1=O,0.09692,NNC(N)=NN=C(C=O)SCC(=O)Nc1ccccc1,True,-0.3512999999999993,-0.4482199999999993,0.26153846153846155,False,True
3.0,bin,3,-0.5795501172542572,-0.6448001861572266,-0.5143000483512878,536853,COc1ccc(C2CCCN2C(=O)C2CCC2)c(OC)c1,3.1674000000000015,NC(=O)c1ccc(C2CCCN2C(=O)C2CCC2)cc1F,True,2.3882000000000003,-0.7792000000000012,0.43859649122807015,False,True
3.0,bin,3,-0.5795501172542572,-0.6448001861572266,-0.5143000483512878,540312,Cc1nn(C)c2nc(C3CC3)cc(C(=O)NCC(=O)NC(C)(C)C)c12,1.7986199999999997,CC1=CC(C)=NN(C)C=NC(C2CC2)=CC(C(=O)NCCO)=C1,True,1.6111,-0.1875199999999997,0.24675324675324675,False,True
3.0,bin,3,-0.5795501172542572,-0.6448001861572266,-0.5143000483512878,544381,Cc1nc(N2CCCC(C(=O)NC(C)C)C2)c2c(C)c(C)oc2n1,2.8890600000000006,CNC(=O)CCCCN1C=NC(C)=Nc2oc(C(C)C)c(C)c21,True,3.525920000000003,0.6368600000000022,0.17073170731707318,False,True
3.0,bin,3,-0.5795501172542572,-0.6448001861572266,-0.5143000483512878,544382,CCCNC(=O)C1CCCN(c2nc(C)nc3oc(C)c(C)c23)C1,2.8906600000000013,COCCNC(=O)C1CCCN(c2nc(C)nc3oc(C)c(C)c23)C1,True,2.1270599999999993,-0.763600000000002,0.8103448275862069,False,False
3.0,bin,3,-0.5795501172542572,-0.6448001861572266,-0.5143000483512878,550049,Cc1ccc(C)c(OCC(=O)Nc2cccc(-n3cnnc3)c2)c1,2.9016400000000013,C=NN=CNC1(C)C=CC=COCC1=O,True,0.6477999999999999,-2.253840000000001,0.0641025641025641,False,True
3.0,bin,3,-0.5795501172542572,-0.6448001861572266,-0.5143000483512878,573533,Cc1nn(-c2ncc(C(F)(F)F)cc2Cl)c(=O)o1,2.2011199999999995,O=c1oc(Cl)cnc1Nc1cc(Br)ccn1,True,2.5893000000000006,0.3881800000000011,0.1935483870967742,False,True
3.0,bin,3,-0.5795501172542572,-0.6448001861572266,-0.5143000483512878,582555,O=C(NCC(O)c1ccccc1)c1ccc2c(=O)n3c(nc2c1)CCC3,1.8061000000000003,CC=C1C#CC=C(C(N)=O)NC(=O)c2cccc(c2)C(=O)NCCCC=N1,True,1.2871999999999997,-0.5189000000000006,0.14130434782608695,False,True
3.0,bin,3,-0.5795501172542572,-0.6448001861572266,-0.5143000483512878,588547,Cc1n[nH]c(C)c1NC(=O)CCc1ccc(Cl)cc1Cl,3.9046400000000023,Cc1n[nH]c(C)c1NC(=O)CCc1ccccc1Br,True,3.3603400000000017,-0.5443000000000007,0.6078431372549019,False,True
3.0,bin,3,-0.5795501172542572,-0.6448001861572266,-0.5143000483512878,607673,CCCN(CC1CC1)S(=O)(=O)c1ccccc1F,2.636400000000001,CCN(CC1CC1)S(=O)(=O)c1cccc(C#N)c1,True,1.9788800000000002,-0.6575200000000008,0.3888888888888889,False,True
3.0,bin,3,-0.5795501172542572,-0.6448001861572266,-0.5143000483512878,617681,Cc1cc(C(=O)Nc2nc(-c3ccncc3)cs2)nn1C(C)C,3.5432200000000016,N=S1C=C(c2ccncc2)N=C1NC(=O)C1C=CNCC1,True,1.36967,-2.1735500000000014,0.19480519480519481,False,True
3.0,bin,3,-0.5795501172542572,-0.6448001861572266,-0.5143000483512878,650267,COc1ccc2oc(C(=O)NC3CCCCNC3=O)c(C)c2c1,2.14832,Nc1c(C(=O)NC2CCCCNC2)oc2ccccc12,True,1.8868999999999994,-0.26142000000000065,0.35714285714285715,False,True
3.0,bin,3,-0.5795501172542572,-0.6448001861572266,-0.5143000483512878,668639,Cc1cc(NC(=O)c2ccccc2Cl)ncc1N,2.8779200000000005,NC=CC=NC(F)NC(=O)c1cccc(F)c1OCF,True,1.6576,-1.2203200000000005,0.18309859154929578,False,True
3.0,bin,3,-0.5795501172542572,-0.6448001861572266,-0.5143000483512878,673160,CCC(=O)Nc1ccc2oc(C(F)(F)F)cc(=O)c2c1,3.160300000000001,CCOCC(=O)Nc1ccc2oc(CC)cc(=O)c2c1,True,2.3304,-0.8299000000000012,0.5185185185185185,False,True
3.0,bin,3,-0.5795501172542572,-0.6448001861572266,-0.5143000483512878,711169,Cc1cccc(C(C)C)c1NC(=O)N(C)Cc1ccncc1,4.177320000000003,CCOc1cc(C)ccc1NC(=O)N(C)Cc1ccncc1,True,3.4526200000000022,-0.7247000000000003,0.4827586206896552,False,False
3.0,bin,3,-0.5795501172542572,-0.6448001861572266,-0.5143000483512878,720969,Cc1noc(C)c1CCC(=O)OCC(=O)N1c2ccccc2CC1C,2.7450400000000013,COc1ccccc1CCNC(=O)COC(=O)CCc1cnoc1C,True,1.82632,-0.9187200000000013,0.3116883116883117,False,True
3.0,bin,3,-0.5795501172542572,-0.6448001861572266,-0.5143000483512878,730789,COC(=O)C1CCN(C(=O)c2cc3ccc(F)cc3nc2C)CC1,2.7075200000000006,NC(=O)C1CCN(C(=O)c2cc3ccccc3nc2Cl)CC1,True,2.2257,-0.4818200000000008,0.4032258064516129,False,True
3.0,bin,3,-0.5795501172542572,-0.6448001861572266,-0.5143000483512878,738178,Cc1ccc(-n2ccnc2SCc2nc(C3CC3)no2)cc1C,4.041840000000003,N#Cc1ccccc1-n1ccnc1SCc1nc(C2CC2)no1,True,3.296680000000002,-0.7451600000000012,0.5901639344262295,False,True
3.0,bin,3,-0.5795501172542572,-0.6448001861572266,-0.5143000483512878,771897,COc1ccccc1OCC(=O)N(C)Cc1sccc1C,3.102520000000002,COc1ccccc1OCC(=O)NCc1cccs1,True,2.4519,-0.6506200000000018,0.43636363636363634,False,False
3.0,bin,3,-0.5795501172542572,-0.6448001861572266,-0.5143000483512878,811446,COC(=O)C1(NC(=O)c2cc(Br)c[nH]2)CCCCCC1,2.7730000000000006,COC(=O)C1(NC(=O)c2cc(OC)cn2C)CCCCC1,True,1.639399999999999,-1.1336000000000015,0.4807692307692308,False,True
3.0,bin,3,-0.5795501172542572,-0.6448001861572266,-0.5143000483512878,848291,CCC(C)NC(=O)NCc1noc(-c2cccs2)n1,2.3958000000000004,COCC(C)NC(=O)N(C)Cc1noc(-c2cccs2)n1,True,1.9743999999999997,-0.42140000000000066,0.5483870967741935,False,True
3.0,bin,3,-0.5795501172542572,-0.6448001861572266,-0.5143000483512878,863440,COc1ccc(-c2nc(CCCO)cs2)cc1OC,2.752200000000001,COC=CC=CC(=COC)c1nc(CO)cs1,True,2.3390000000000004,-0.4132000000000007,0.2542372881355932,False,True
3.0,bin,3,-0.5795501172542572,-0.6448001861572266,-0.5143000483512878,864663,N#Cc1ccc(-c2cc(F)ccc2F)nc1N1CCCC1,3.498680000000002,C1=CNC(c2cccc(N3CCCC3)n2)C=C1,True,2.396000000000001,-1.1026800000000012,0.21311475409836064,False,True
3.0,bin,3,-0.5795501172542572,-0.6448001861572266,-0.5143000483512878,872100,CCc1cccc(C)c1NCC(O)c1ccc2c(c1)OCCO2,3.474120000000002,COc1ccc(NCC(O)c2cc(C)c3c(c2)OCCO3)cc1,True,2.920320000000001,-0.5538000000000007,0.41935483870967744,False,True
3.0,bin,3,-0.5795501172542572,-0.6448001861572266,-0.5143000483512878,886334,COc1ccc(C(=O)N2CCCC(C(=O)N3CCCCC3)C2)c(O)c1,2.2655000000000003,NC(=O)c1ccc(C(=O)N2CCCC(C(=O)N3CCCCC3)C2)cc1,True,1.6501999999999997,-0.6153000000000006,0.5,False,True
3.0,bin,3,-0.5795501172542572,-0.6448001861572266,-0.5143000483512878,887387,COCCNC(=O)N(Cc1cccc(F)c1)CC1CCCO1,2.1627,CS(=O)(=O)N(Cc1ccccc1)CC1CCCO1,True,1.6272,-0.5355000000000001,0.390625,False,False
3.0,bin,3,-0.5795501172542572,-0.6448001861572266,-0.5143000483512878,889149,N#Cc1ccc(NC(=O)c2ccc(Br)cc2Cl)nc1,3.621480000000001,COc1cc(SC)c(C(=O)Nc2cc(C#N)ccn2)cc1OC,True,2.944680000000001,-0.6768000000000001,0.3492063492063492,False,True
3.0,bin,3,-0.5795501172542572,-0.6448001861572266,-0.5143000483512878,913483,O=C(CNC(=O)NCCc1c(Cl)cccc1Cl)NC1CC1,2.1137000000000006,NC1CC1CNC(=O)NCC(=O)CCc1c(F)cccc1F,True,1.1129000000000002,-1.0008000000000004,0.31666666666666665,False,True
3.0,bin,3,-0.5795501172542572,-0.6448001861572266,-0.5143000483512878,917620,C=CCN(Cc1ccccc1OC)C(=O)c1csc(C)n1,3.288520000000002,COCCN(Cc1ccc(O)cc1)C(=O)c1csc(C)n1,True,2.445920000000001,-0.8426000000000009,0.4426229508196721,False,True
3.0,bin,3,-0.5795501172542572,-0.6448001861572266,-0.5143000483512878,918312,CCOc1ccc(Cl)c(C(=O)N2CCN(c3ncccn3)CC2)n1,1.8860999999999997,O=C(c1ncccn1)N1CCN(c2ncc(Br)cn2)CC1,True,0.9914999999999997,-0.8946,0.4,False,True
3.0,bin,3,-0.5795501172542572,-0.6448001861572266,-0.5143000483512878,922879,CC(=O)c1ccc(N2CCN(Cc3c(F)cccc3F)CC2)cc1,3.489600000000003,COC(=O)c1cccc(N2CCN(Cc3cccc(F)c3)CC2)c1,True,2.9345000000000017,-0.5551000000000013,0.42105263157894735,False,True
3.0,bin,3,-0.5795501172542572,-0.6448001861572266,-0.5143000483512878,927535,COc1cc(CN2CCN(c3ccccc3F)CC2)ccc1O,2.862100000000002,NC(=O)c1ccccc1CN1CCN(c2ccccc2F)CC1,True,2.2468000000000004,-0.6153000000000017,0.45454545454545453,False,True
3.0,bin,3,-0.5795501172542572,-0.6448001861572266,-0.5143000483512878,927567,Cc1ccccc1N1CCN(Cc2cccc(O)c2)CC1,3.022820000000001,Nc1ccccc1N1CCN(Cc2ccccc2O)CC1,True,2.2966000000000006,-0.7262200000000005,0.40816326530612246,False,True
3.0,bin,3,-0.5795501172542572,-0.6448001861572266,-0.5143000483512878,938108,CC(c1ccccc1)N(C)C(=O)CCC(=O)Nc1nccs1,3.0814000000000012,COc1ccccc1CNC(=O)CCC(=O)Nc1nccs1,True,2.1868,-0.8946000000000014,0.4915254237288136,False,False
3.0,bin,3,-0.5795501172542572,-0.6448001861572266,-0.5143000483512878,943303,CN(CCCOc1ccccc1)C(=O)Nc1cccc2c1OCCO2,3.390600000000002,O=C(Cc1ccccc1)NCC1COc2ccccc2O1,True,2.1853,-1.205300000000002,0.23529411764705882,False,False
3.0,bin,3,-0.5795501172542572,-0.6448001861572266,-0.5143000483512878,946289,CC(NC(=O)C1(c2cc(-c3ccco3)on2)CC1)c1ccccc1,3.843600000000002,O=C(NCc1ccccc1)C1(c2cc(-c3ccco3)on2)CC1,True,3.282600000000002,-0.5609999999999999,0.6545454545454545,False,False
3.0,bin,3,-0.5795501172542572,-0.6448001861572266,-0.5143000483512878,994077,Cc1nnc(Cn2c(-c3cccc(Br)c3)noc2=O)o1,2.0055199999999997,NC1=NN=C(CN2CON=C2c2cccc(Cl)c2)OO1,True,0.8812999999999998,-1.12422,0.17567567567567569,False,True
3.0,bin,3,-0.5795501172542572,-0.6448001861572266,-0.5143000483512878,1065620,O=C(NCc1cccnc1Oc1ccccc1)c1cccnc1,3.198900000000002,Nc1ncccc1C(=O)NCc1cccnc1Oc1ccccc1,True,2.7811000000000012,-0.4178000000000006,0.6470588235294118,False,True
3.0,bin,3,-0.5795501172542572,-0.6448001861572266,-0.5143000483512878,1093926,CN(C(=O)CNc1cccc(OCC2CCCO2)c1)c1ccccc1,3.319300000000002,Nc1c(NCC2CCCO2)cccc1OCC(=O)c1ccccc1,True,3.121400000000002,-0.19789999999999974,0.3835616438356164,False,True
3.0,bin,3,-0.5795501172542572,-0.6448001861572266,-0.5143000483512878,1107920,CCc1ccc(-n2cc(C(=O)NC(C)c3ccccc3)nn2)cc1,3.320700000000002,COc1ccc(CNC(=O)c2cn(-c3ccccc3C)nn2)cc1F,True,2.6534200000000006,-0.6672800000000016,0.352112676056338,False,True
3.0,bin,3,-0.5795501172542572,-0.6448001861572266,-0.5143000483512878,1113130,CC(NC(=O)Cn1nnnc1C(C)(C)C)c1cccc2ccccc12,3.0012000000000016,C=CCn1nnnc1CNC(=O)C(C)Nc1cccc2ccccc12,True,2.1290999999999993,-0.8721000000000023,0.38571428571428573,False,True
3.0,bin,3,-0.5795501172542572,-0.6448001861572266,-0.5143000483512878,1121751,COC(=O)Cn1ccc(NS(=O)(=O)c2ccc(F)c(F)c2F)n1,1.2742,COC(=O)Cn1ccc(NS(=O)(=O)c2cc(OC)ccc2O)n1,True,0.5710999999999999,-0.7031000000000001,0.6071428571428571,False,True
3.0,bin,3,-0.5795501172542572,-0.6448001861572266,-0.5143000483512878,1142531,CCOC(C)C(=O)NCCc1csc(-c2ccc(C)cc2)n1,3.2022200000000014,COC(=O)CCC(=O)NCc1csc(-c2ccc(C)cc2)n1,True,2.68792,-0.5143000000000013,0.5,False,True
3.0,bin,3,-0.5795501172542572,-0.6448001861572266,-0.5143000483512878,1212157,CN(Cc1ccc(F)c(F)c1)C(=O)c1cncc(-c2cnn(C)c2)c1,3.0325000000000015,COc1ccc(CNC(=O)c2cncc(-c3cnn(C)c3)c2)cc1,True,2.4207,-0.6118000000000015,0.484375,False,True
3.0,bin,3,-0.5795501172542572,-0.6448001861572266,-0.5143000483512878,1215394,CCn1nc(C)cc1C(=O)Oc1cccc(NC(=O)C(C)C)c1,3.025120000000001,CCOC(=O)c1ccc(OC(=O)c2cc(C)nn2CC)cc1,True,2.6073200000000005,-0.4178000000000006,0.5357142857142857,False,True
3.0,bin,3,-0.5795501172542572,-0.6448001861572266,-0.5143000483512878,1232922,CC(C)(C)OC(=O)NC1CCCN(S(=O)(=O)N2CCOCC2)C1,0.5525000000000011,CC(C)(C)OC(=O)CNC(=O)NC12CCN(C1)S(=O)(=O)CCO2,True,-0.6106999999999974,-1.1631999999999985,0.2222222222222222,False,True
3.0,bin,3,-0.5795501172542572,-0.6448001861572266,-0.5143000483512878,1238973,FC(F)(F)c1cnc(N2CCn3c(nnc3C3CC3)C2)c(Cl)c1,3.2429000000000023,Brc1cccnc1N1CCn2c(nnc2C2CC2)C1,True,2.3331999999999997,-0.9097000000000026,0.49122807017543857,False,True
3.0,bin,3,-0.5795501172542572,-0.6448001861572266,-0.5143000483512878,1299495,Cc1cc(CC(=O)N2CCCC2C(C#N)c2ccccc2)no1,2.823900000000001,N#Cc1ccc(C2(CO)CCCN2C(=O)Cc2ccon2)cc1,True,1.5989799999999998,-1.2249200000000011,0.26582278481012656,False,True
3.0,bin,3,-0.5795501172542572,-0.6448001861572266,-0.5143000483512878,1309906,CC(C)CC(NC(=O)c1cc(=O)c2ccccc2o1)C(=O)OC(C)C,2.8891000000000018,CC(C)COC(=O)CCNC(=O)c1cc(=O)c2cccc(F)c2o1,True,2.2512,-0.6379000000000019,0.38235294117647056,False,True
3.0,bin,3,-0.5795501172542572,-0.6448001861572266,-0.5143000483512878,1362816,COCc1cccc(C(=O)NC2CC2c2cccc(Cl)c2)c1,3.772300000000002,COc1ccc(C(=O)NC2CC2c2ccccc2)c(OC)c1,True,2.989700000000001,-0.7826000000000013,0.4032258064516129,False,True
3.0,bin,3,-0.5795501172542572,-0.6448001861572266,-0.5143000483512878,1441838,COCC(=O)NC(C(=O)Nc1cccc(-c2nccs2)c1)C(C)C,2.5358,CC(=O)NCCNC(=O)Nc1cccc(-c2nc(C)cs2)c1,True,2.3761200000000002,-0.15967999999999982,0.35714285714285715,False,True
3.0,bin,3,-0.5795501172542572,-0.6448001861572266,-0.5143000483512878,1450449,CCCNC(=O)CSc1nc2c(cc1C#N)CCCC2,2.450380000000001,COCCNC(=O)CSc1nc2c(cc1C)NCC(C)C2,True,1.8488199999999997,-0.6015600000000012,0.3472222222222222,False,True
3.0,bin,3,-0.5795501172542572,-0.6448001861572266,-0.5143000483512878,1451910,O=S(=O)(NCc1nnc2ccccn12)c1ccc(F)c(F)c1,1.4859999999999995,N#Cc1ccc(S(=O)(=O)NCc2nnc3ccccn23)cc1,True,1.07948,-0.40651999999999955,0.6470588235294118,False,False
3.0,bin,3,-0.5795501172542572,-0.6448001861572266,-0.5143000483512878,1479798,Cc1nc(C)c(CCC(=O)N(CC(C)C)CC(F)(F)F)c(=O)[nH]1,2.3662400000000003,CCN(C(=O)CCc1c(C)nc(C)[nH]c1=O)C(C)C(F)(F)F,True,2.11864,-0.24760000000000026,0.6111111111111112,False,True
3.0,bin,3,-0.5795501172542572,-0.6448001861572266,-0.5143000483512878,1507926,COC(=O)C(C)NC(=O)Cc1csc(-c2ccccc2Cl)n1,2.6837,CCOCC(NC(=O)Cc1csc(-c2ccccc2F)n1)C(N)=O,True,1.4982999999999995,-1.1854000000000005,0.5079365079365079,False,True
3.0,bin,3,-0.5795501172542572,-0.6448001861572266,-0.5143000483512878,1527882,Nc1ncccc1C(=O)Nc1ccc2cn[nH]c2c1,1.7923999999999998,Cc1c(NC(=O)c2ccc(CNC(N)=O)[nH]2)ccc2cn[nH]c12,True,1.6200199999999998,-0.17237999999999998,0.2676056338028169,False,True
3.0,bin,3,-0.5795501172542572,-0.6448001861572266,-0.5143000483512878,1532848,COc1ccc(-c2ccc3c(=O)[nH]cnc3c2)cc1Cl,3.2521000000000013,COc1ccc(-c2ccc3nc[nH]c(=O)c3c2)cc1OC,True,2.6073000000000004,-0.6448000000000009,0.6222222222222222,False,False
3.0,bin,3,-0.5795501172542572,-0.6448001861572266,-0.5143000483512878,1548351,COc1cc(OC)c2c(c1)C(c1cnccn1)NCC2,1.7288999999999999,CN(c1ccc2c(c1)C(c1cnccn1)NCC2)S(C)(=O)=O,True,1.1074999999999997,-0.6214000000000002,0.4262295081967213,False,True
3.0,bin,3,-0.5795501172542572,-0.6448001861572266,-0.5143000483512878,1570134,COc1cccc(C(C)N2CCN(C(=O)c3ccc(O)cc3)CC2)c1,2.9198000000000013,NC(=O)Nc1ccc(C(=O)N2CCN(Cc3ccccc3)CC2)cc1,True,2.1352,-0.7846000000000011,0.28125,False,False
3.0,bin,3,-0.5795501172542572,-0.6448001861572266,-0.5143000483512878,1611406,CC(C)(C)N1CC(NC(=O)C2COc3ccc(F)cc3C2)CC1=O,1.8923999999999994,CCN1CC(C(=O)NC2COc3ccc(OC)cc3C2)CC1=O,True,0.983299999999999,-0.9091000000000005,0.43661971830985913,False,True
3.0,bin,3,-0.5795501172542572,-0.6448001861572266,-0.5143000483512878,1612684,CCCC1CN(C(=O)Nc2ccn(CCC(C)C)n2)CCO1,2.9620000000000015,CCCC1CN(C(=O)Nc2ccn(C(CC)OC)n2)CCO1,True,2.4709000000000003,-0.4911000000000012,0.6507936507936508,False,True
3.0,bin,3,-0.5795501172542572,-0.6448001861572266,-0.5143000483512878,1639675,CCC(CC)c1nnc(NC(=O)c2scnc2C2CC2)s1,4.0279000000000025,CCCCc1nnc(NC(=O)c2scnc2C2CC2)s1,True,3.4669000000000025,-0.5609999999999999,0.6923076923076923,False,False
3.0,bin,3,-0.5795501172542572,-0.6448001861572266,-0.5143000483512878,1675660,COc1ccnc(NC(=O)c2cccc(Cl)c2)c1,2.9959000000000007,COC(=O)c1ccc(C(=O)Nc2cc(OC)ccn2)cc1,True,2.1291,-0.8668000000000005,0.6444444444444445,False,False
3.0,bin,3,-0.5795501172542572,-0.6448001861572266,-0.5143000483512878,1689728,CCc1noc(CSc2ncnc3sc(C)cc23)n1,3.237420000000002,C1=NOC(CSc2ncnc3sccc23)COC1,True,2.1845999999999997,-1.0528200000000023,0.24285714285714285,False,True
3.0,bin,3,-0.5795501172542572,-0.6448001861572266,-0.5143000483512878,1720876,CC(C)(C)CC(=O)NCC(=O)Nc1ccc2c(c1)COC2,2.2077,COC(=O)C(C)(C)NC(=O)Nc1ccc2c(c1)COC2C,True,2.3509,0.14320000000000022,0.3225806451612903,False,True
3.0,bin,3,-0.5795501172542572,-0.6448001861572266,-0.5143000483512878,1757109,CC(C)Cc1ncc(CNc2ccc3c(c2)COC3)s1,3.983900000000003,Fc1cnc(NCc2ccc3c(c2)CC(C(F)F)N3)s1,True,3.4960000000000013,-0.48790000000000155,0.2222222222222222,False,True
3.0,bin,3,-0.5795501172542572,-0.6448001861572266,-0.5143000483512878,1774061,O=C1NCCCc2[nH]c(-c3cccc4[nH]ccc34)nc21,2.234,NC(=O)NC1CCC=NC(c2cccc3[nH]ccc23)=CN1,True,1.9148999999999996,-0.3191000000000004,0.3188405797101449,False,True
3.0,bin,3,-0.5795501172542572,-0.6448001861572266,-0.5143000483512878,1800687,Cc1nn(C)c(-c2nc(-c3cccnn3)no2)c1Cl,1.8889199999999997,COc1ccc(-c2noc(-c3cc(C)nn3C)n2)nn1,True,1.2441199999999994,-0.6448000000000003,0.3728813559322034,False,True
3.0,bin,3,-0.5795501172542572,-0.6448001861572266,-0.5143000483512878,1815867,FC(F)(F)c1ccc(CN2CCOCC2c2ncon2)cc1,2.661900000000001,CCOc1cccc(CN2CCOCC2c2ncon2)c1,True,2.0418,-0.6201000000000012,0.576271186440678,False,True
3.0,bin,3,-0.5795501172542572,-0.6448001861572266,-0.5143000483512878,1828580,Cc1ccc(N2CC3OCC(=O)N(Cc4cccc(F)c4)C3C2)nn1,1.54032,N=C1CN(Cc2ccccc2)C(=O)COCCN1C1C=CN=CN1,True,0.7959699999999998,-0.7443500000000001,0.20689655172413793,False,True
3.0,bin,3,-0.5795501172542572,-0.6448001861572266,-0.5143000483512878,1836183,CCc1ccc(C(=O)NCc2nccc(N(C)C)n2)cc1,2.035,COc1cccc(C(=O)NCc2nccc(O)n2)c1F,True,1.2598999999999998,-0.7751000000000003,0.3548387096774194,False,True
3.0,bin,3,-0.5795501172542572,-0.6448001861572266,-0.5143000483512878,1842499,COc1ccccc1COc1ccccc1-c1cnn(CCO)c1,3.1300000000000017,Cc1cc(O)ccc1-c1ccccc1OCc1cn(CC(N)=O)[nH]1,True,2.5615199999999994,-0.5684800000000023,0.2753623188405797,False,True
3.0,bin,3,-0.5795501172542572,-0.6448001861572266,-0.5143000483512878,1865564,COC(CNC(=O)c1ccoc1)c1cccc(F)c1,2.536200000000001,COC=CCC(=O)NCC(O)C1C=CC=C1N,True,0.042300000000000115,-2.493900000000001,0.1780821917808219,False,True
3.0,bin,3,-0.5795501172542572,-0.6448001861572266,-0.5143000483512878,1868773,CCCOc1ccc(Cl)c2c1CCNC2C1CC(=O)C1,3.2947000000000015,O=CCC1(c2ccccc2Br)C=CCCN1,True,2.7829000000000006,-0.5118000000000009,0.1111111111111111,False,True
3.0,bin,3,-0.5795501172542572,-0.6448001861572266,-0.5143000483512878,1873123,CCC1OC(=O)c2c(OC)ccc(Br)c21,3.079200000000002,COCCOC(=O)COc1ccc(Br)cc1OC,True,2.0261,-1.053100000000002,0.2545454545454545,False,True
3.0,bin,3,-0.5795501172542572,-0.6448001861572266,-0.5143000483512878,1875028,Cc1cccc(C)c1NCC(=O)N1CCCC2CCCCC21,3.8965400000000034,N#Cc1cc(NCC(=O)N2CCCC2C2CCCC2)ccc1F,True,3.2904800000000023,-0.6060600000000012,0.5087719298245614,False,True
3.0,bin,3,-0.5795501172542572,-0.6448001861572266,-0.5143000483512878,1895921,CCC(CC)N(C)C(=O)CC1OC(=O)c2ccccc21,2.935200000000002,CC(C)CN(CCO)C(=O)CC1OC(=O)c2ccccc21,True,1.7651000000000001,-1.1701000000000017,0.5686274509803921,False,True
3.0,bin,3,-0.5795501172542572,-0.6448001861572266,-0.5143000483512878,1907077,Cc1ccc2[nH]nc(C(=O)Nc3nc(-c4ccco4)cs3)c2c1,3.8401200000000015,NC1=CC=C2c3sc(NC(=O)c4ccco4)nc3C=NC12,True,2.0291,-1.8110200000000014,0.26582278481012656,False,True
3.0,bin,3,-0.5795501172542572,-0.6448001861572266,-0.5143000483512878,1913063,Cc1nn(C)c(C)c1CN(C(=O)c1cn2cccc(C)c2n1)C1CC1,2.797860000000001,CCCN(CC=COC)C(=O)c1cn2cccc(C)c2nc1=N,True,2.13449,-0.6633700000000009,0.3333333333333333,False,True
3.0,bin,3,-0.5795501172542572,-0.6448001861572266,-0.5143000483512878,1922265,CN(CCNC(=O)c1ccc2c(c1)ncn2C)c1ccccc1,2.4395000000000007,N#Cc1ccccc1NCCNC(=O)c1ccc2c(c1)ncn2N,True,1.4636799999999996,-0.975820000000001,0.45454545454545453,False,True
3.0,bin,4,-0.4522000253200531,-0.5143000483512878,-0.39010000228881836,32052,COc1ccccc1CNC(=O)Cc1c[nH]c2ccccc12,3.035400000000001,NC(=O)c1ccc(CNC(=O)Cc2c[nH]c3ccc(F)cc23)cc1,True,2.2648,-0.7706000000000008,0.4482758620689655,False,True
3.0,bin,4,-0.4522000253200531,-0.5143000483512878,-0.39010000228881836,116747,COCCSc1ccccc1C(=O)Nc1cccc(C)n1,3.3808200000000017,COC(=O)C=CC(=CC=CF)C(=O)Nc1cccc(C)n1,True,2.46732,-0.9135000000000018,0.3709677419354839,False,True
3.0,bin,4,-0.4522000253200531,-0.5143000483512878,-0.39010000228881836,131060,CS(=O)(=O)NCCc1csc(-c2ccc(F)cc2)n1,2.0408999999999997,NS(=O)(=O)CCc1csc(-c2ccc(F)cc2)n1,True,1.7802000000000004,-0.26069999999999927,0.6222222222222222,False,True
3.0,bin,4,-0.4522000253200531,-0.5143000483512878,-0.39010000228881836,131949,CCc1c(C)nc(SCC(=O)NC(C)C)[nH]c1=O,1.25742,COC(=O)C(C)NC=NC(C)=C(SCC(C)=O)C([NH])=O,True,0.5289999999999995,-0.7284200000000005,0.14705882352941177,False,True
3.0,bin,4,-0.4522000253200531,-0.5143000483512878,-0.39010000228881836,158879,COc1ccc(CC(=O)OCC(=O)c2c[nH]c3ccccc23)cc1,3.145100000000001,NC(=O)c1cccc(CC(=O)OCC(=O)c2c[nH]c3ccccc23)c1,True,2.2354000000000003,-0.9097000000000008,0.6181818181818182,False,True
3.0,bin,4,-0.4522000253200531,-0.5143000483512878,-0.39010000228881836,232056,COCCNC(=O)c1cc(=O)c2cc(C)ccc2o1,1.4776199999999993,COCCNC(=O)C(O)c1cc(=O)c2ccccc2o1,True,0.5889999999999992,-0.8886200000000001,0.4909090909090909,False,True
3.0,bin,4,-0.4522000253200531,-0.5143000483512878,-0.39010000228881836,235788,O=C(Cn1nc(-c2ccco2)oc1=O)NCC(F)(F)F,0.7747999999999999,CCNC(=O)Cn1nc(-c2ccco2)oc1=O,True,0.2324,-0.5424,0.7346938775510204,False,True
3.0,bin,4,-0.4522000253200531,-0.5143000483512878,-0.39010000228881836,236081,CC(=O)c1c(C)[nH]c(C(=O)CSc2nc(C(C)C)n[nH]2)c1C,3.0506400000000014,CCc1n[nH]c(SCC(=O)c2[nH]c(C)c(C(C)=O)c2C)n1,True,2.4896400000000005,-0.5610000000000008,0.7,False,True
3.0,bin,4,-0.4522000253200531,-0.5143000483512878,-0.39010000228881836,281081,O=C(Cn1cccn1)NCc1cccnc1Oc1ccc(F)cc1F,2.665000000000001,N#Cc1cccc(Oc2ncccc2CNC(=O)Cn2cccn2)c1,True,2.2584799999999996,-0.4065200000000013,0.6060606060606061,False,True
3.0,bin,4,-0.4522000253200531,-0.5143000483512878,-0.39010000228881836,284170,COc1ccc(-c2nc(CC(=O)Nc3cccc(C)n3)cs2)cc1,3.7033200000000024,Nc1cccnc1NC(=O)Cc1csc(-c2ccccc2)n1,True,2.9685000000000015,-0.7348200000000009,0.46774193548387094,False,True
3.0,bin,4,-0.4522000253200531,-0.5143000483512878,-0.39010000228881836,288369,Cc1ccc(NCc2nnc3n2CCCCC3)cc1C,3.2334400000000016,CC1CCCCn2c(CNC3=CC=C(F)C3)nnc21,True,2.796100000000001,-0.43734000000000073,0.31746031746031744,False,True
3.0,bin,4,-0.4522000253200531,-0.5143000483512878,-0.39010000228881836,302889,COc1ccc(OC)c(NC(=O)CCNC(=O)c2cccs2)c1,2.5239000000000003,Cc1cc(NC(=O)CCNC(=O)c2cccs2)ccc1C(N)=O,True,1.9140199999999998,-0.6098800000000004,0.5081967213114754,False,True
3.0,bin,4,-0.4522000253200531,-0.5143000483512878,-0.39010000228881836,327141,COc1ccc(OC)c(S(=O)(=O)Nc2ccn(C)n2)c1,1.2381,CNC(=O)c1cccc(S(=O)(=O)Nc2ccn(C)n2)c1,True,0.5804999999999996,-0.6576000000000004,0.42857142857142855,False,True
3.0,bin,4,-0.4522000253200531,-0.5143000483512878,-0.39010000228881836,327382,CNC(=O)C1CN(C(=O)c2c(C)noc2C)c2ccccc2O1,1.4452399999999996,CNC(=O)C=NOc1oc(C)cc1N(C=O)C(=O)c1ccccc1,True,1.5018199999999997,0.056580000000000075,0.175,False,True
3.0,bin,4,-0.4522000253200531,-0.5143000483512878,-0.39010000228881836,406491,COCCNC(=O)C1CCCN(S(=O)(=O)N2CCOCC2)C1,-0.9619999999999964,NC(=O)C1CCCN(S(=O)(=O)N2CCOC(CO)C2)C1,True,-1.8783999999999959,-0.9163999999999994,0.43103448275862066,False,True
3.0,bin,4,-0.4522000253200531,-0.5143000483512878,-0.39010000228881836,413951,O=C(Cn1ncn2cccc2c1=O)N1CCCCCC1,0.8985999999999996,O=C(Cn1ncn2cccc2c1=O)N1CCCCN1,True,-0.3769999999999997,-1.2755999999999994,0.6938775510204082,False,True
3.0,bin,4,-0.4522000253200531,-0.5143000483512878,-0.39010000228881836,427929,CCNc1nc(NCc2ccccc2Cl)c2cnn(C)c2n1,3.060600000000001,C#CCNc1nc(NCc2ccc(Cl)cc2)c2cnn(C)c2n1,True,2.6739000000000006,-0.38670000000000027,0.5614035087719298,False,True
3.0,bin,4,-0.4522000253200531,-0.5143000483512878,-0.39010000228881836,447130,CCC(NC(=O)C1CCN(C(=O)C2CC2)CC1)c1ccc(C)cc1,3.2109200000000016,Cc1cc(F)ccc1CNC(=O)C1CCN(C(=O)C2CC2)CC1,True,2.3989200000000004,-0.8120000000000012,0.4482758620689655,False,True
3.0,bin,4,-0.4522000253200531,-0.5143000483512878,-0.39010000228881836,481908,CCNS(=O)(=O)c1ccc(C)c(C(=O)Nc2ncccc2C)c1,2.24894,CNS(=O)(=O)c1cc(C(=O)Nc2ccc(C)cn2)cc(C)c1OC,True,1.86744,-0.3815000000000002,0.2676056338028169,False,True
3.0,bin,4,-0.4522000253200531,-0.5143000483512878,-0.39010000228881836,485220,Cc1nn(CC(=O)N2CCN(C)CC2)c(C)c1Br,1.03644,Cc1nn(CC(=O)N2CCN(C)CC2)c(C)c1Br,True,1.03644,0.0,1.0,True,False
3.0,bin,4,-0.4522000253200531,-0.5143000483512878,-0.39010000228881836,526363,Cc1nnc(SCC(=O)Nc2ccc(O)cc2)n(N)c1=O,0.09692,NNC(N)=NN=C(C=O)SCC(=O)Nc1ccccc1,True,-0.3512999999999993,-0.4482199999999993,0.26153846153846155,False,True
3.0,bin,4,-0.4522000253200531,-0.5143000483512878,-0.39010000228881836,536853,COc1ccc(C2CCCN2C(=O)C2CCC2)c(OC)c1,3.1674000000000015,Nc1cc(C2CCCN2C(=O)C2CCC2)ccc1F,True,2.871500000000002,-0.2958999999999996,0.45454545454545453,False,True
3.0,bin,4,-0.4522000253200531,-0.5143000483512878,-0.39010000228881836,540312,Cc1nn(C)c2nc(C3CC3)cc(C(=O)NCC(=O)NC(C)(C)C)c12,1.7986199999999997,CCNC(=O)C(C)NC(=O)c1cc(C2CC2)nc2c1c(C)nn2C,True,1.408519999999999,-0.39010000000000056,0.6031746031746031,False,True
3.0,bin,4,-0.4522000253200531,-0.5143000483512878,-0.39010000228881836,544381,Cc1nc(N2CCCC(C(=O)NC(C)C)C2)c2c(C)c(C)oc2n1,2.8890600000000006,Cc1nc(N2CCCCC(=O)NCCOC2)c2c(C)c(C)oc2n1,True,2.2286600000000005,-0.6604000000000001,0.43283582089552236,False,True
3.0,bin,4,-0.4522000253200531,-0.5143000483512878,-0.39010000228881836,544382,CCCNC(=O)C1CCCN(c2nc(C)nc3oc(C)c(C)c23)C1,2.8906600000000013,CCOC(=O)CCCN(C)c1nc(C)nc2oc(C)c(C)c12,True,2.9275600000000015,0.036900000000000155,0.32857142857142857,False,True
3.0,bin,4,-0.4522000253200531,-0.5143000483512878,-0.39010000228881836,550049,Cc1ccc(C)c(OCC(=O)Nc2cccc(-n3cnnc3)c2)c1,2.9016400000000013,O=C(COc1cccc(F)c1)Nc1cccc(-n2cnnc2)c1,True,2.4238999999999997,-0.4777400000000016,0.6071428571428571,False,True
3.0,bin,4,-0.4522000253200531,-0.5143000483512878,-0.39010000228881836,573533,Cc1nn(-c2ncc(C(F)(F)F)cc2Cl)c(=O)o1,2.2011199999999995,CCCc1noc(=O)n1-c1ncc(F)c(F)c1F,True,1.5903,-0.6108199999999995,0.22950819672131148,False,True
3.0,bin,4,-0.4522000253200531,-0.5143000483512878,-0.39010000228881836,582555,O=C(NCC(O)c1ccccc1)c1ccc2c(=O)n3c(nc2c1)CCC3,1.8061000000000003,NC=CC=CC1=CC2CCn3c2nc2ccc(cc2c3=O)C(O)CNC1=O,True,1.0019999999999998,-0.8041000000000005,0.1956521739130435,False,True
3.0,bin,4,-0.4522000253200531,-0.5143000483512878,-0.39010000228881836,588547,Cc1n[nH]c(C)c1NC(=O)CCc1ccc(Cl)cc1Cl,3.9046400000000023,CCCOc1cccc(CCC(=O)Nc2c(C)n[nH]c2C)c1,True,3.3866400000000016,-0.5180000000000007,0.5,False,True
3.0,bin,4,-0.4522000253200531,-0.5143000483512878,-0.39010000228881836,607673,CCCN(CC1CC1)S(=O)(=O)c1ccccc1F,2.636400000000001,CCN(C1CCC1)S(=O)(=O)c1cc(N)ccc1C,True,2.14032,-0.49608000000000096,0.2631578947368421,False,True
3.0,bin,4,-0.4522000253200531,-0.5143000483512878,-0.39010000228881836,617681,Cc1cc(C(=O)Nc2nc(-c3ccncc3)cs2)nn1C(C)C,3.5432200000000016,CCn1nc(C(=O)Nc2nc(-c3ccncc3)cs2)cc1C,True,2.9822200000000016,-0.5609999999999999,0.7037037037037037,False,False
3.0,bin,4,-0.4522000253200531,-0.5143000483512878,-0.39010000228881836,650267,COc1ccc2oc(C(=O)NC3CCCCNC3=O)c(C)c2c1,2.14832,O=C(NC1CCCCNC1=O)C1=CCNC=CC=CC1,True,0.7608999999999995,-1.3874200000000005,0.39705882352941174,False,True
3.0,bin,4,-0.4522000253200531,-0.5143000483512878,-0.39010000228881836,668639,Cc1cc(NC(=O)c2ccccc2Cl)ncc1N,2.8779200000000005,CCOC(=O)C1=CC=C(C(=O)Nc2ccc(N)cn2)CC=C1,True,1.9781,-0.8998200000000005,0.30303030303030304,False,True
3.0,bin,4,-0.4522000253200531,-0.5143000483512878,-0.39010000228881836,673160,CCC(=O)Nc1ccc2oc(C(F)(F)F)cc(=O)c2c1,3.160300000000001,CC(=O)Nc1ccc2oc(C(F)(F)F)c(CCO)c(=O)c2c1,True,2.3050000000000006,-0.8553000000000006,0.4482758620689655,False,True
3.0,bin,4,-0.4522000253200531,-0.5143000483512878,-0.39010000228881836,711169,Cc1cccc(C(C)C)c1NC(=O)N(C)Cc1ccncc1,4.177320000000003,CN(Cc1cccc(C(F)(F)F)c1)C(=O)Nc1ccncc1,True,3.764300000000002,-0.4130200000000004,0.4482758620689655,False,True
3.0,bin,4,-0.4522000253200531,-0.5143000483512878,-0.39010000228881836,720969,Cc1noc(C)c1CCC(=O)OCC(=O)N1c2ccccc2CC1C,2.7450400000000013,Cc1noc(C)c1CCC(=O)OCC(=O)N1CCc2ccccc21,True,2.35654,-0.3885000000000014,0.6721311475409836,False,False
3.0,bin,4,-0.4522000253200531,-0.5143000483512878,-0.39010000228881836,730789,COC(=O)C1CCN(C(=O)c2cc3ccc(F)cc3nc2C)CC1,2.7075200000000006,Cc1nc2ccccc2cc1C(=O)N1CCC(C(N)=O)CC1C,True,2.2692200000000007,-0.4382999999999999,0.4153846153846154,False,True
3.0,bin,4,-0.4522000253200531,-0.5143000483512878,-0.39010000228881836,738178,Cc1ccc(-n2ccnc2SCc2nc(C3CC3)no2)cc1C,4.041840000000003,Fc1ccccc1-n1ccnc1SCc1nc(C2CC2)no1,True,3.5641000000000016,-0.4777400000000016,0.6206896551724138,False,True
3.0,bin,4,-0.4522000253200531,-0.5143000483512878,-0.39010000228881836,771897,COc1ccccc1OCC(=O)N(C)Cc1sccc1C,3.102520000000002,COc1ccsc1CN(C)C(=O)COc1ccccc1,True,2.794100000000001,-0.3084200000000008,0.6530612244897959,False,True
3.0,bin,4,-0.4522000253200531,-0.5143000483512878,-0.39010000228881836,811446,COC(=O)C1(NC(=O)c2cc(Br)c[nH]2)CCCCCC1,2.7730000000000006,COC(=O)C1(NC(=O)c2[nH]cc(F)c2OC)CCCC(C)C1,True,2.0140999999999996,-0.758900000000001,0.39344262295081966,False,True
3.0,bin,4,-0.4522000253200531,-0.5143000483512878,-0.39010000228881836,848291,CCC(C)NC(=O)NCc1noc(-c2cccs2)n1,2.3958000000000004,CCOCCC(=O)NCc1noc(-c2cccs2)n1,True,1.8408999999999998,-0.5549000000000006,0.603448275862069,False,True
3.0,bin,4,-0.4522000253200531,-0.5143000483512878,-0.39010000228881836,863440,COc1ccc(-c2nc(CCCO)cs2)cc1OC,2.752200000000001,CCc1csc(-c2cc(C(N)=O)ccc2OC)n1,True,2.4800000000000004,-0.27220000000000066,0.4444444444444444,False,True
3.0,bin,4,-0.4522000253200531,-0.5143000483512878,-0.39010000228881836,864663,N#Cc1ccc(-c2cc(F)ccc2F)nc1N1CCCC1,3.498680000000002,N#CC=CC=CC=CC=C(C(=N)O)N1CCCC1,True,2.693550000000001,-0.805130000000001,0.15,False,True
3.0,bin,4,-0.4522000253200531,-0.5143000483512878,-0.39010000228881836,872100,CCc1cccc(C)c1NCC(O)c1ccc2c(c1)OCCO2,3.474120000000002,CC=CC=CNCC(O)c1ccc2c(c1)OCCO2,True,2.1706000000000003,-1.3035200000000016,0.4909090909090909,False,True
3.0,bin,4,-0.4522000253200531,-0.5143000483512878,-0.39010000228881836,886334,COc1ccc(C(=O)N2CCCC(C(=O)N3CCCCC3)C2)c(O)c1,2.2655000000000003,NC(=O)c1ccc(C(=O)N2CCCC(C(=O)N3CCCCC3)C2)cc1,True,1.6501999999999997,-0.6153000000000006,0.5,False,True
3.0,bin,4,-0.4522000253200531,-0.5143000483512878,-0.39010000228881836,887387,COCCNC(=O)N(Cc1cccc(F)c1)CC1CCCO1,2.1627,O=C(NCC1CCCO1)NC(CO)c1cccc(Cl)c1,True,1.8515999999999997,-0.3111000000000004,0.32432432432432434,False,True
3.0,bin,4,-0.4522000253200531,-0.5143000483512878,-0.39010000228881836,889149,N#Cc1ccc(NC(=O)c2ccc(Br)cc2Cl)nc1,3.621480000000001,N#Cc1ccc(NC(=O)c2ccc(C(F)(F)F)cc2)nc1,True,3.224380000000002,-0.3970999999999991,0.5,False,False
3.0,bin,4,-0.4522000253200531,-0.5143000483512878,-0.39010000228881836,913483,O=C(CNC(=O)NCCc1c(Cl)cccc1Cl)NC1CC1,2.1137000000000006,NC1CC1NCC(=O)CC(=O)NCCc1ccc(C(F)(F)F)cc1,True,1.0124999999999997,-1.1012000000000008,0.25,False,True
3.0,bin,4,-0.4522000253200531,-0.5143000483512878,-0.39010000228881836,917620,C=CCN(Cc1ccccc1OC)C(=O)c1csc(C)n1,3.288520000000002,CC(=O)Nc1ccc(CN(C)C(=O)c2csc(C)n2)cc1,True,2.682120000000001,-0.6064000000000007,0.4032258064516129,False,True
3.0,bin,4,-0.4522000253200531,-0.5143000483512878,-0.39010000228881836,918312,CCOc1ccc(Cl)c(C(=O)N2CCN(c3ncccn3)CC2)n1,1.8860999999999997,O=C(c1ncccn1)N1CCN(c2ccc(C(F)(F)F)cn2)CC1,True,1.8528,-0.03329999999999966,0.31746031746031744,False,True
3.0,bin,4,-0.4522000253200531,-0.5143000483512878,-0.39010000228881836,922879,CC(=O)c1ccc(N2CCN(Cc3c(F)cccc3F)CC2)cc1,3.489600000000003,N#Cc1ccc(N2CCN(Cc3ccc(F)cc3)CC2)cc1,True,3.0195800000000013,-0.47002000000000166,0.36538461538461536,False,True
3.0,bin,4,-0.4522000253200531,-0.5143000483512878,-0.39010000228881836,927535,COc1cc(CN2CCN(c3ccccc3F)CC2)ccc1O,2.862100000000002,NC(=O)c1ccc(N2CCN(Cc3ccccc3F)CC2)cc1,True,2.2468000000000004,-0.6153000000000017,0.3333333333333333,False,True
3.0,bin,4,-0.4522000253200531,-0.5143000483512878,-0.39010000228881836,927567,Cc1ccccc1N1CCN(Cc2cccc(O)c2)CC1,3.022820000000001,Nc1cccc(N2CCN(Cc3ccc(O)cc3)CC2)c1,True,2.2966000000000006,-0.7262200000000005,0.42857142857142855,False,True
3.0,bin,4,-0.4522000253200531,-0.5143000483512878,-0.39010000228881836,938108,CC(c1ccccc1)N(C)C(=O)CCC(=O)Nc1nccs1,3.0814000000000012,CN(Cc1ccccc1F)C(=O)CCC(=O)Nc1nccs1,True,2.6595000000000004,-0.42190000000000083,0.5789473684210527,False,True
3.0,bin,4,-0.4522000253200531,-0.5143000483512878,-0.39010000228881836,943303,CN(CCCOc1ccccc1)C(=O)Nc1cccc2c1OCCO2,3.390600000000002,O=C(NCC(O)COc1ccccc1)Nc1cccc2c1OCCO2,True,2.0191999999999997,-1.3714000000000022,0.5409836065573771,False,True
3.0,bin,4,-0.4522000253200531,-0.5143000483512878,-0.39010000228881836,946289,CC(NC(=O)C1(c2cc(-c3ccco3)on2)CC1)c1ccccc1,3.843600000000002,O=C(NCc1ccccc1F)C1(c2cc(-c3ccco3)on2)CC1,True,3.421700000000002,-0.42189999999999994,0.5833333333333334,False,False
3.0,bin,4,-0.4522000253200531,-0.5143000483512878,-0.39010000228881836,994077,Cc1nnc(Cn2c(-c3cccc(Br)c3)noc2=O)o1,2.0055199999999997,CCOc1ccc(-c2nnc(Cn3c(C)noc3=O)o2)cc1,True,1.6417199999999998,-0.3637999999999999,0.4098360655737705,False,True
3.0,bin,4,-0.4522000253200531,-0.5143000483512878,-0.39010000228881836,1065620,O=C(NCc1cccnc1Oc1ccccc1)c1cccnc1,3.198900000000002,Nc1cccc(Oc2ncccc2C(=O)NCc2cccnc2)c1,True,2.7811000000000012,-0.4178000000000006,0.47540983606557374,False,True
3.0,bin,4,-0.4522000253200531,-0.5143000483512878,-0.39010000228881836,1093926,CN(C(=O)CNc1cccc(OCC2CCCO2)c1)c1ccccc1,3.319300000000002,O=C(CNc1ccccc1)Nc1cccc(OCC2CCCO2)c1,True,3.2950000000000017,-0.02430000000000021,0.6779661016949152,False,False
3.0,bin,4,-0.4522000253200531,-0.5143000483512878,-0.39010000228881836,1107920,CCc1ccc(-n2cc(C(=O)NC(C)c3ccccc3)nn2)cc1,3.320700000000002,CC1CC=CC=C1n1cc(C(=O)NCc2ccccc2C#N)nn1,True,2.516680000000001,-0.8040200000000013,0.3026315789473684,False,True
3.0,bin,4,-0.4522000253200531,-0.5143000483512878,-0.39010000228881836,1113130,CC(NC(=O)Cn1nnnc1C(C)(C)C)c1cccc2ccccc12,3.0012000000000016,C=C(C)Cn1nnnc1CNC(=O)C(C)n1ccc2ccccc21,True,2.0812999999999997,-0.9199000000000019,0.3333333333333333,False,True
3.0,bin,4,-0.4522000253200531,-0.5143000483512878,-0.39010000228881836,1121751,COC(=O)Cn1ccc(NS(=O)(=O)c2ccc(F)c(F)c2F)n1,1.2742,COC(=O)CNC1=CC(NS(=O)(=O)c2ccc(OC)c(OC)c2)=N1,True,-0.0017999999999995797,-1.2759999999999996,0.2608695652173913,False,True
3.0,bin,4,-0.4522000253200531,-0.5143000483512878,-0.39010000228881836,1142531,CCOC(C)C(=O)NCCc1csc(-c2ccc(C)cc2)n1,3.2022200000000014,CC(=O)OC(C)C(=O)NCCc1csc(-c2ccc(C)cc2)n1,True,2.7288200000000007,-0.4734000000000007,0.7692307692307693,False,True
3.0,bin,4,-0.4522000253200531,-0.5143000483512878,-0.39010000228881836,1212157,CN(Cc1ccc(F)c(F)c1)C(=O)c1cncc(-c2cnn(C)c2)c1,3.0325000000000015,COc1cccc(CNC(=O)c2cncc(-c3cnn(C)c3)c2)c1,True,2.4207,-0.6118000000000015,0.4411764705882353,False,True
3.0,bin,4,-0.4522000253200531,-0.5143000483512878,-0.39010000228881836,1215394,CCn1nc(C)cc1C(=O)Oc1cccc(NC(=O)C(C)C)c1,3.025120000000001,CCOC(=O)c1ccc(OC(=O)c2cc(C)nn2CC)cc1,True,2.6073200000000005,-0.4178000000000006,0.5357142857142857,False,True
3.0,bin,4,-0.4522000253200531,-0.5143000483512878,-0.39010000228881836,1232922,CC(C)(C)OC(=O)NC1CCCN(S(=O)(=O)N2CCOCC2)C1,0.5525000000000011,CC(C)(C)OC(=O)NC1CCN(S(=O)(=O)N2CCOCC2)CC1,True,0.5525000000000011,0.0,0.7555555555555555,False,True
3.0,bin,4,-0.4522000253200531,-0.5143000483512878,-0.39010000228881836,1238973,FC(F)(F)c1cnc(N2CCn3c(nnc3C3CC3)C2)c(Cl)c1,3.2429000000000023,NC1c2nnc(C3CC3)n2CCN1C1=CC=C(C(F)(F)F)C1,True,2.2047,-1.0382000000000025,0.328125,False,True
3.0,bin,4,-0.4522000253200531,-0.5143000483512878,-0.39010000228881836,1299495,Cc1cc(CC(=O)N2CCCC2C(C#N)c2ccccc2)no1,2.823900000000001,Nc1cc(CC(=O)N2CCCC2Cc2ccc(O)c(F)c2)no1,True,1.8777000000000001,-0.9462000000000008,0.36,False,True
3.0,bin,4,-0.4522000253200531,-0.5143000483512878,-0.39010000228881836,1309906,CC(C)CC(NC(=O)c1cc(=O)c2ccccc2o1)C(=O)OC(C)C,2.8891000000000018,CCCCC(C#N)NC(=O)c1cc(=O)c2ccccc2o1,True,2.6051800000000007,-0.28392000000000106,0.5166666666666667,False,True
3.0,bin,4,-0.4522000253200531,-0.5143000483512878,-0.39010000228881836,1362816,COCc1cccc(C(=O)NC2CC2c2cccc(Cl)c2)c1,3.772300000000002,O=C(NC1CC1c1ccc(F)cc1)c1ccc(F)cc1,True,3.250700000000002,-0.5216000000000003,0.38181818181818183,False,True
3.0,bin,4,-0.4522000253200531,-0.5143000483512878,-0.39010000228881836,1441838,COCC(=O)NC(C(=O)Nc1cccc(-c2nccs2)c1)C(C)C,2.5358,COCC(=O)NC(C)C(=O)Nc1cccc(-c2nccs2)c1,True,1.8997,-0.6361000000000001,0.8181818181818182,False,True
3.0,bin,4,-0.4522000253200531,-0.5143000483512878,-0.39010000228881836,1450449,CCCNC(=O)CSc1nc2c(cc1C#N)CCCC2,2.450380000000001,CCCCc1cc(C#N)cnc1SCC(=O)N1COC(=O)C1,True,1.7308800000000002,-0.7195000000000007,0.2692307692307692,False,True
3.0,bin,4,-0.4522000253200531,-0.5143000483512878,-0.39010000228881836,1451910,O=S(=O)(NCc1nnc2ccccn12)c1ccc(F)c(F)c1,1.4859999999999995,N#Cc1ccc(S(=O)(=O)NCc2nnc3ccccn23)cc1,True,1.07948,-0.40651999999999955,0.6470588235294118,False,False
3.0,bin,4,-0.4522000253200531,-0.5143000483512878,-0.39010000228881836,1479798,Cc1nc(C)c(CCC(=O)N(CC(C)C)CC(F)(F)F)c(=O)[nH]1,2.3662400000000003,CCN(C(=O)CCC1=C(C)N=C(C)NC(=O)C1)C(C)C,True,2.2358000000000002,-0.1304400000000001,0.2537313432835821,False,True
3.0,bin,4,-0.4522000253200531,-0.5143000483512878,-0.39010000228881836,1507926,COC(=O)C(C)NC(=O)Cc1csc(-c2ccccc2Cl)n1,2.6837,CCN(CC(=O)NC)C(=O)Cc1csc(-c2ccccc2F)n1,True,2.0862,-0.5975000000000001,0.4,False,True
3.0,bin,4,-0.4522000253200531,-0.5143000483512878,-0.39010000228881836,1527882,Nc1ncccc1C(=O)Nc1ccc2cn[nH]c2c1,1.7923999999999998,NC(=O)c1n[nH]c2ccc(NC(=O)c3cccnc3N)cc12,True,0.8912999999999995,-0.9011000000000002,0.5925925925925926,False,True
3.0,bin,4,-0.4522000253200531,-0.5143000483512878,-0.39010000228881836,1532848,COc1ccc(-c2ccc3c(=O)[nH]cnc3c2)cc1Cl,3.2521000000000013,COc1ccc(-c2ccc3nc[nH]c(=O)c3c2)cc1F,True,2.7378,-0.5143000000000013,0.5833333333333334,False,False
3.0,bin,4,-0.4522000253200531,-0.5143000483512878,-0.39010000228881836,1548351,COc1cc(OC)c2c(c1)C(c1cnccn1)NCC2,1.7288999999999999,COc1cc2c(cc1O)C(c1cnccn1)NCC2,True,1.4258999999999995,-0.3030000000000004,0.5961538461538461,False,False
3.0,bin,4,-0.4522000253200531,-0.5143000483512878,-0.39010000228881836,1570134,COc1cccc(C(C)N2CCN(C(=O)c3ccc(O)cc3)CC2)c1,2.9198000000000013,Nc1ccc(C(=O)N2CCN(Cc3cccc(O)c3)CC2)cc1F,True,2.0715000000000003,-0.8483000000000009,0.3181818181818182,False,True
3.0,bin,4,-0.4522000253200531,-0.5143000483512878,-0.39010000228881836,1611406,CC(C)(C)N1CC(NC(=O)C2COc3ccc(F)cc3C2)CC1=O,1.8923999999999994,Cc1ccc2c(c1)OCC(C(=O)NC1CC(=O)N(C(C)C)C1)C2,True,1.6716199999999992,-0.2207800000000002,0.5,False,True
3.0,bin,4,-0.4522000253200531,-0.5143000483512878,-0.39010000228881836,1612684,CCCC1CN(C(=O)Nc2ccn(CCC(C)C)n2)CCO1,2.9620000000000015,CC(C)CC1COCCN1C(=O)Nc1ccn(CC(F)F)n1,True,2.4270000000000005,-0.535000000000001,0.43661971830985913,False,True
3.0,bin,4,-0.4522000253200531,-0.5143000483512878,-0.39010000228881836,1639675,CCC(CC)c1nnc(NC(=O)c2scnc2C2CC2)s1,4.0279000000000025,CCCCc1nnc(NC(=O)c2scnc2C2CC2)s1,True,3.4669000000000025,-0.5609999999999999,0.6923076923076923,False,False
3.0,bin,4,-0.4522000253200531,-0.5143000483512878,-0.39010000228881836,1675660,COc1ccnc(NC(=O)c2cccc(Cl)c2)c1,2.9959000000000007,COc1ccnc(NC(=O)c2cccc(NC(C)=O)c2)c1,True,2.3009000000000004,-0.6950000000000003,0.7021276595744681,False,False
3.0,bin,4,-0.4522000253200531,-0.5143000483512878,-0.39010000228881836,1689728,CCc1noc(CSc2ncnc3sc(C)cc23)n1,3.237420000000002,Cc1noc(CSc2nc(C)nc3sccc23)n1,True,2.9834400000000016,-0.2539800000000003,0.3728813559322034,False,True
3.0,bin,4,-0.4522000253200531,-0.5143000483512878,-0.39010000228881836,1720876,CC(C)(C)CC(=O)NCC(=O)Nc1ccc2c(c1)COC2,2.2077,CCCN(C)S(=O)(=O)Nc1ccc2c(c1)COC2,True,1.7152999999999998,-0.49240000000000017,0.38181818181818183,False,True
3.0,bin,4,-0.4522000253200531,-0.5143000483512878,-0.39010000228881836,1757109,CC(C)Cc1ncc(CNc2ccc3c(c2)COC3)s1,3.983900000000003,FC(F)(F)c1ncc(CNc2ccc3c(c2)COC3)s1,True,3.8042000000000016,-0.1797000000000013,0.6078431372549019,False,True
3.0,bin,4,-0.4522000253200531,-0.5143000483512878,-0.39010000228881836,1774061,O=C1NCCCc2[nH]c(-c3cccc4[nH]ccc34)nc21,2.234,NC1C(=O)NCCC1c1nc2c(=O)[nH]c3ccccc3c2[nH]1,True,0.33520000000000005,-1.8988,0.22535211267605634,False,True
3.0,bin,4,-0.4522000253200531,-0.5143000483512878,-0.39010000228881836,1800687,Cc1nn(C)c(-c2nc(-c3cccnn3)no2)c1Cl,1.8889199999999997,CC1N=CC(C=NOC(=N)c2cccnn2)=CN1,True,0.70827,-1.1806499999999998,0.1780821917808219,False,True
3.0,bin,4,-0.4522000253200531,-0.5143000483512878,-0.39010000228881836,1815867,FC(F)(F)c1ccc(CN2CCOCC2c2ncon2)cc1,2.661900000000001,Cc1cccc(CN2CCOCC2c2ncon2)c1C,True,2.2599400000000003,-0.40196000000000076,0.5614035087719298,False,True
3.0,bin,4,-0.4522000253200531,-0.5143000483512878,-0.39010000228881836,1828580,Cc1ccc(N2CC3OCC(=O)N(Cc4cccc(F)c4)C3C2)nn1,1.54032,N=NC1CCN(Cc2ccccc2)C(=O)COCC1Nc1ccc[nH]1,True,2.6438700000000006,1.1035500000000007,0.18181818181818182,False,True
3.0,bin,4,-0.4522000253200531,-0.5143000483512878,-0.39010000228881836,1836183,CCc1ccc(C(=O)NCc2nccc(N(C)C)n2)cc1,2.035,COc1cc(OC)cc(C(=O)NCc2nccc(C)n2)c1,True,1.73222,-0.30278000000000005,0.43636363636363634,False,True
3.0,bin,4,-0.4522000253200531,-0.5143000483512878,-0.39010000228881836,1842499,COc1ccccc1COc1ccccc1-c1cnn(CCO)c1,3.1300000000000017,Cc1cc(F)ccc1COc1ccccc1-c1cn(CC(N)=O)[nH]1,True,2.9950199999999993,-0.13498000000000232,0.30434782608695654,False,True
3.0,bin,4,-0.4522000253200531,-0.5143000483512878,-0.39010000228881836,1865564,COC(CNC(=O)c1ccoc1)c1cccc(F)c1,2.536200000000001,COC(=O)C=C1C=CC(C(O)CNC(=O)c2ccoc2)=C1,True,0.9659,-1.570300000000001,0.42857142857142855,False,True
3.0,bin,4,-0.4522000253200531,-0.5143000483512878,-0.39010000228881836,1868773,CCCOc1ccc(Cl)c2c1CCNC2C1CC(=O)C1,3.2947000000000015,O=C1CCC(C2NCCc3cc(F)c(Cl)c(F)c32)N1,True,2.0836,-1.2111000000000014,0.23529411764705882,False,True
3.0,bin,4,-0.4522000253200531,-0.5143000483512878,-0.39010000228881836,1873123,CCC1OC(=O)c2c(OC)ccc(Br)c21,3.079200000000002,COc1ccc(OC(C)=O)c2c1C(Br)C2=O,True,2.2528000000000006,-0.8264000000000014,0.32653061224489793,False,True
3.0,bin,4,-0.4522000253200531,-0.5143000483512878,-0.39010000228881836,1875028,Cc1cccc(C)c1NCC(=O)N1CCCC2CCCCC21,3.8965400000000034,CC12CCCC1CCCN2C(=O)CNC1=CC=CC(C#N)C1,True,2.740780000000001,-1.1557600000000026,0.2676056338028169,False,True
3.0,bin,4,-0.4522000253200531,-0.5143000483512878,-0.39010000228881836,1895921,CCC(CC)N(C)C(=O)CC1OC(=O)c2ccccc21,2.935200000000002,CC(C)CN(C)C(=O)CC1OC(=O)c2ccccc21,True,2.4026000000000005,-0.5326000000000013,0.6521739130434783,False,True
3.0,bin,4,-0.4522000253200531,-0.5143000483512878,-0.39010000228881836,1907077,Cc1ccc2[nH]nc(C(=O)Nc3nc(-c4ccco4)cs3)c2c1,3.8401200000000015,N#CC=CC=CNN=CC(=O)NC=NC(=CS)c1ccco1,True,1.8211799999999998,-2.0189400000000015,0.17647058823529413,False,True
3.0,bin,4,-0.4522000253200531,-0.5143000483512878,-0.39010000228881836,1913063,Cc1nn(C)c(C)c1CN(C(=O)c1cn2cccc(C)c2n1)C1CC1,2.797860000000001,COc1nn(C)cc1C(=O)N(C)Cc1cn2ccccc2n1,True,1.3485999999999996,-1.4492600000000013,0.2692307692307692,False,True
3.0,bin,4,-0.4522000253200531,-0.5143000483512878,-0.39010000228881836,1922265,CN(CCNC(=O)c1ccc2c(c1)ncn2C)c1ccccc1,2.4395000000000007,Nn1cncc2c(C(=O)NCCNc3cccc(F)c3)ccc1-2,True,1.6826999999999992,-0.7568000000000015,0.23684210526315788,False,True
3.0,bin,5,-0.34654998779296875,-0.39010000228881836,-0.30299997329711914,32052,COc1ccccc1CNC(=O)Cc1c[nH]c2ccccc12,3.035400000000001,CNC(=O)C(NC(=O)Cc1c[nH]c2ccccc12)c1cccc(F)c1,True,2.4530000000000003,-0.5824000000000007,0.43548387096774194,False,True
3.0,bin,5,-0.34654998779296875,-0.39010000228881836,-0.30299997329711914,116747,COCCSc1ccccc1C(=O)Nc1cccc(C)n1,3.3808200000000017,COCCOc1ncccc1NC(=O)c1ccc(C)cc1C,True,2.9759400000000014,-0.40488000000000035,0.328125,False,True
3.0,bin,5,-0.34654998779296875,-0.39010000228881836,-0.30299997329711914,131060,CS(=O)(=O)NCCc1csc(-c2ccc(F)cc2)n1,2.0408999999999997,CS(=O)(=O)NCCc1csc(-c2ccccc2)n1,True,1.9018,-0.13909999999999978,0.7619047619047619,False,True
3.0,bin,5,-0.34654998779296875,-0.39010000228881836,-0.30299997329711914,131949,CCc1c(C)nc(SCC(=O)NC(C)C)[nH]c1=O,1.25742,CCC(=O)NCCSc1nc(C)c(C)c(=O)[nH]1,True,1.00504,-0.25238000000000005,0.4339622641509434,False,True
3.0,bin,5,-0.34654998779296875,-0.39010000228881836,-0.30299997329711914,158879,COc1ccc(CC(=O)OCC(=O)c2c[nH]c3ccccc23)cc1,3.145100000000001,NC(=O)C(C(=O)OCC(=O)c1c[nH]c2ccccc12)c1ccc(F)cc1,True,2.3019999999999996,-0.8431000000000015,0.4745762711864407,False,True
3.0,bin,5,-0.34654998779296875,-0.39010000228881836,-0.30299997329711914,232056,COCCNC(=O)c1cc(=O)c2cc(C)ccc2o1,1.4776199999999993,COCCNC(=O)CNC(=O)c1cc(=O)c2cc(C)ccc2o1,True,0.5938200000000007,-0.8837999999999986,0.8478260869565217,False,True
3.0,bin,5,-0.34654998779296875,-0.39010000228881836,-0.30299997329711914,235788,O=C(Cn1nc(-c2ccco2)oc1=O)NCC(F)(F)F,0.7747999999999999,O=C(CN1COC(c2ccco2)=N1)ONCC(F)F,True,0.5438000000000003,-0.23099999999999965,0.3188405797101449,False,True
3.0,bin,5,-0.34654998779296875,-0.39010000228881836,-0.30299997329711914,236081,CC(=O)c1c(C)[nH]c(C(=O)CSc2nc(C(C)C)n[nH]2)c1C,3.0506400000000014,CC(=O)c1c(C)[nH]c(C(=O)CSc2nc(C(C)C)n[nH]2)c1C,True,3.0506400000000014,0.0,1.0,True,False
3.0,bin,5,-0.34654998779296875,-0.39010000228881836,-0.30299997329711914,281081,O=C(Cn1cccn1)NCc1cccnc1Oc1ccc(F)cc1F,2.665000000000001,O=C(Cn1cccn1)NCc1cccnc1Oc1ccccc1,True,2.3868,-0.2782000000000009,0.6724137931034483,False,False
3.0,bin,5,-0.34654998779296875,-0.39010000228881836,-0.30299997329711914,284170,COc1ccc(-c2nc(CC(=O)Nc3cccc(C)n3)cs2)cc1,3.7033200000000024,N#Cc1cccnc1NC(=O)Cc1csc(-c2ccccc2)n1,True,3.2579800000000017,-0.44534000000000074,0.42424242424242425,False,True
3.0,bin,5,-0.34654998779296875,-0.39010000228881836,-0.30299997329711914,288369,Cc1ccc(NCc2nnc3n2CCCCC3)cc1C,3.2334400000000016,Fc1ccccc1NCc1nnc2n1CCCCC2,True,2.755700000000001,-0.4777400000000007,0.5490196078431373,False,False
3.0,bin,5,-0.34654998779296875,-0.39010000228881836,-0.30299997329711914,302889,COc1ccc(OC)c(NC(=O)CCNC(=O)c2cccs2)c1,2.5239000000000003,Cc1c(NC(=O)CCNC(=O)c2cccs2)cccc1C(N)=O,True,1.91402,-0.6098800000000002,0.5423728813559322,False,True
3.0,bin,5,-0.34654998779296875,-0.39010000228881836,-0.30299997329711914,327141,COc1ccc(OC)c(S(=O)(=O)Nc2ccn(C)n2)c1,1.2381,COc1ccc(CO)c(S(=O)(=O)Nc2cc[nH]n2)c1,True,0.7113999999999998,-0.5267000000000002,0.42857142857142855,False,True
3.0,bin,5,-0.34654998779296875,-0.39010000228881836,-0.30299997329711914,327382,CNC(=O)C1CN(C(=O)c2c(C)noc2C)c2ccccc2O1,1.4452399999999996,CNC(=O)C1CN(C(=O)c2cnoc2C)c2ccccc2O1,True,1.1368199999999993,-0.30842000000000036,0.6727272727272727,False,True
3.0,bin,5,-0.34654998779296875,-0.39010000228881836,-0.30299997329711914,406491,COCCNC(=O)C1CCCN(S(=O)(=O)N2CCOCC2)C1,-0.9619999999999964,O=C(CO)N1CCCC(S(=O)(=O)N2CCOCC2)C1,True,-1.3682999999999983,-0.4063000000000019,0.3620689655172414,False,True
3.0,bin,5,-0.34654998779296875,-0.39010000228881836,-0.30299997329711914,413951,O=C(Cn1ncn2cccc2c1=O)N1CCCCCC1,0.8985999999999996,O=C(Cn1ncn2cccc2c1=O)NC1CCC(CO)CC1,True,0.1632999999999996,-0.7353000000000001,0.5178571428571429,False,True
3.0,bin,5,-0.34654998779296875,-0.39010000228881836,-0.30299997329711914,427929,CCNc1nc(NCc2ccccc2Cl)c2cnn(C)c2n1,3.060600000000001,CCNc1nc(NCc2ccc(F)c(F)c2)c2cnn(C)c2n1,True,2.6854000000000005,-0.3752000000000004,0.5892857142857143,False,True
3.0,bin,5,-0.34654998779296875,-0.39010000228881836,-0.30299997329711914,447130,CCC(NC(=O)C1CCN(C(=O)C2CC2)CC1)c1ccc(C)cc1,3.2109200000000016,C=CN(CCCC(=O)NCC1C=C(C)C=CC1)C(=O)C1CCCC1C,True,3.813500000000003,0.6025800000000014,0.14285714285714285,False,True
3.0,bin,5,-0.34654998779296875,-0.39010000228881836,-0.30299997329711914,481908,CCNS(=O)(=O)c1ccc(C)c(C(=O)Nc2ncccc2C)c1,2.24894,CCCc1cccnc1NC(=O)c1ccc(F)c(S(=O)(=O)NC)c1,True,2.3336000000000006,0.0846600000000004,0.4153846153846154,False,True
3.0,bin,5,-0.34654998779296875,-0.39010000228881836,-0.30299997329711914,485220,Cc1nn(CC(=O)N2CCN(C)CC2)c(C)c1Br,1.03644,Cc1nn(CC(=O)N2CCNCC2C)c(C)c1Br,True,1.0827399999999998,0.046299999999999786,0.5306122448979592,False,True
3.0,bin,5,-0.34654998779296875,-0.39010000228881836,-0.30299997329711914,526363,Cc1nnc(SCC(=O)Nc2ccc(O)cc2)n(N)c1=O,0.09692,Nc1nnc(SCC(=O)Nc2ccccc2)c(=O)n1N,True,-0.3348999999999999,-0.4318199999999999,0.4642857142857143,False,True
3.0,bin,5,-0.34654998779296875,-0.39010000228881836,-0.30299997329711914,536853,COc1ccc(C2CCCN2C(=O)C2CCC2)c(OC)c1,3.1674000000000015,CS(=O)c1ccc(C2CCCN2C(=O)C2CCC2)cc1,True,2.8876000000000017,-0.2797999999999998,0.4716981132075472,False,True
3.0,bin,5,-0.34654998779296875,-0.39010000228881836,-0.30299997329711914,540312,Cc1nn(C)c2nc(C3CC3)cc(C(=O)NCC(=O)NC(C)(C)C)c12,1.7986199999999997,CCn1nc(C)c2c(C(=O)N(C)CCC(=O)NC)cc(C3CC3)nc21,True,1.8451199999999996,0.046499999999999986,0.4305555555555556,False,True
3.0,bin,5,-0.34654998779296875,-0.39010000228881836,-0.30299997329711914,544381,Cc1nc(N2CCCC(C(=O)NC(C)C)C2)c2c(C)c(C)oc2n1,2.8890600000000006,Cc1nc(N2CCCC(O)C2)c2c(C(=O)NCC(C)C)c(C)oc2n1,True,2.18654,-0.7025200000000007,0.5303030303030303,False,True
3.0,bin,5,-0.34654998779296875,-0.39010000228881836,-0.30299997329711914,544382,CCCNC(=O)C1CCCN(c2nc(C)nc3oc(C)c(C)c23)C1,2.8906600000000013,Cc1nc(N2CCCCC(=O)NCC2)c2c(C)c(C)oc2n1,True,2.2545600000000006,-0.6361000000000008,0.4461538461538462,False,True
3.0,bin,5,-0.34654998779296875,-0.39010000228881836,-0.30299997329711914,550049,Cc1ccc(C)c(OCC(=O)Nc2cccc(-n3cnnc3)c2)c1,2.9016400000000013,Cc1ccc(OCC(=O)Nc2cccc(-n3cnnc3)c2)cc1,True,2.5932200000000005,-0.3084200000000008,0.7450980392156863,False,True
3.0,bin,5,-0.34654998779296875,-0.39010000228881836,-0.30299997329711914,573533,Cc1nn(-c2ncc(C(F)(F)F)cc2Cl)c(=O)o1,2.2011199999999995,O=c1oc(C(F)(F)F)nn1-c1ncc(Cl)cc1F,True,2.0318,-0.16931999999999947,0.48,False,True
3.0,bin,5,-0.34654998779296875,-0.39010000228881836,-0.30299997329711914,582555,O=C(NCC(O)c1ccccc1)c1ccc2c(=O)n3c(nc2c1)CCC3,1.8061000000000003,O=C(NCC1C=CC2=CC(=CO1)OC2)c1ccc2nc[nH]c(=O)c2c1,True,1.4058999999999997,-0.40020000000000056,0.23863636363636365,False,True
3.0,bin,5,-0.34654998779296875,-0.39010000228881836,-0.30299997329711914,588547,Cc1n[nH]c(C)c1NC(=O)CCc1ccc(Cl)cc1Cl,3.9046400000000023,Cc1ccc(Br)cc1CCC(=O)Nc1c(C)n[nH]c1C,True,3.6687600000000016,-0.23588000000000076,0.6153846153846154,False,True
3.0,bin,5,-0.34654998779296875,-0.39010000228881836,-0.30299997329711914,607673,CCCN(CC1CC1)S(=O)(=O)c1ccccc1F,2.636400000000001,CCN(CC1CC1)S(=O)(=O)c1cccc(C#N)c1,True,1.9788800000000002,-0.6575200000000008,0.3888888888888889,False,True
3.0,bin,5,-0.34654998779296875,-0.39010000228881836,-0.30299997329711914,617681,Cc1cc(C(=O)Nc2nc(-c3ccncc3)cs2)nn1C(C)C,3.5432200000000016,CC(C)n1nc(C(=O)Nc2nc(-c3ccncc3)cs2)cc1N,True,2.817,-0.7262200000000014,0.7884615384615384,False,True
3.0,bin,5,-0.34654998779296875,-0.39010000228881836,-0.30299997329711914,650267,COc1ccc2oc(C(=O)NC3CCCCNC3=O)c(C)c2c1,2.14832,COc1ccc2oc(C(=O)NC3CCCNC3=O)c(CO)c2c1,True,0.9420999999999999,-1.20622,0.7627118644067796,False,True
3.0,bin,5,-0.34654998779296875,-0.39010000228881836,-0.30299997329711914,668639,Cc1cc(NC(=O)c2ccccc2Cl)ncc1N,2.8779200000000005,Cc1ccc(C(=O)Nc2ncc(N)cc2C)cc1,True,2.532940000000001,-0.3449799999999996,0.3333333333333333,False,True
3.0,bin,5,-0.34654998779296875,-0.39010000228881836,-0.30299997329711914,673160,CCC(=O)Nc1ccc2oc(C(F)(F)F)cc(=O)c2c1,3.160300000000001,CC=C1C=COC(N(C)C(=O)CC)C=CC(=O)C=C1,True,2.3526000000000007,-0.8077000000000005,0.17647058823529413,False,True
3.0,bin,5,-0.34654998779296875,-0.39010000228881836,-0.30299997329711914,711169,Cc1cccc(C(C)C)c1NC(=O)N(C)Cc1ccncc1,4.177320000000003,CN(Cc1ccncc1)C(=O)Nc1ccc(OC(F)(F)F)cc1,True,3.6441000000000017,-0.5332200000000009,0.45614035087719296,False,False
3.0,bin,5,-0.34654998779296875,-0.39010000228881836,-0.30299997329711914,720969,Cc1noc(C)c1CCC(=O)OCC(=O)N1c2ccccc2CC1C,2.7450400000000013,Cc1noc(C)c1CCC(=O)OCC(=O)N1CCc2ccccc21,True,2.35654,-0.3885000000000014,0.6721311475409836,False,False
3.0,bin,5,-0.34654998779296875,-0.39010000228881836,-0.30299997329711914,730789,COC(=O)C1CCN(C(=O)c2cc3ccc(F)cc3nc2C)CC1,2.7075200000000006,COC(=O)C1CCN(C(=O)c2ccc3ccc(OC)cc3n2)CC1,True,2.2686,-0.4389200000000004,0.5344827586206896,False,True
3.0,bin,5,-0.34654998779296875,-0.39010000228881836,-0.30299997329711914,738178,Cc1ccc(-n2ccnc2SCc2nc(C3CC3)no2)cc1C,4.041840000000003,COc1cccc(-n2ccnc2SCc2nc(C3CC3)no2)c1,True,3.433600000000002,-0.6082400000000012,0.7192982456140351,False,True
3.0,bin,5,-0.34654998779296875,-0.39010000228881836,-0.30299997329711914,771897,COc1ccccc1OCC(=O)N(C)Cc1sccc1C,3.102520000000002,COc1ccccc1OCC(=O)NCc1sccc1C#N,True,2.3235800000000006,-0.7789400000000013,0.46551724137931033,False,True
3.0,bin,5,-0.34654998779296875,-0.39010000228881836,-0.30299997329711914,811446,COC(=O)C1(NC(=O)c2cc(Br)c[nH]2)CCCCCC1,2.7730000000000006,CCCn1cc(Br)cc1C(=O)NC(CC)C(=O)OC,True,2.3420000000000005,-0.43100000000000005,0.23809523809523808,False,True
3.0,bin,5,-0.34654998779296875,-0.39010000228881836,-0.30299997329711914,848291,CCC(C)NC(=O)NCc1noc(-c2cccs2)n1,2.3958000000000004,CCOC(C)C(=O)NCc1noc(-c2cccs2)n1,True,1.8393,-0.5565000000000004,0.6607142857142857,False,True
3.0,bin,5,-0.34654998779296875,-0.39010000228881836,-0.30299997329711914,863440,COc1ccc(-c2nc(CCCO)cs2)cc1OC,2.752200000000001,COc1ccc(-c2nc(CCCO)cs2)cc1OC,True,2.752200000000001,0.0,1.0,True,False
3.0,bin,5,-0.34654998779296875,-0.39010000228881836,-0.30299997329711914,864663,N#Cc1ccc(-c2cc(F)ccc2F)nc1N1CCCC1,3.498680000000002,N#Cc1cc(-c2ccc(N3CCC(CO)C3)cc2)ccc1F,True,3.1829800000000015,-0.31570000000000054,0.2857142857142857,False,True
3.0,bin,5,-0.34654998779296875,-0.39010000228881836,-0.30299997329711914,872100,CCc1cccc(C)c1NCC(O)c1ccc2c(c1)OCCO2,3.474120000000002,Cc1cc(F)ccc1NCC(O)c1ccc2c(c1)OCCO2,True,3.0508200000000008,-0.4233000000000011,0.5636363636363636,False,True
3.0,bin,5,-0.34654998779296875,-0.39010000228881836,-0.30299997329711914,886334,COc1ccc(C(=O)N2CCCC(C(=O)N3CCCCC3)C2)c(O)c1,2.2655000000000003,Nc1ccccc1C(=O)N1CCCC(C(=O)N2CCCCC2)C1,True,2.1334999999999997,-0.13200000000000056,0.5384615384615384,False,True
3.0,bin,5,-0.34654998779296875,-0.39010000228881836,-0.30299997329711914,887387,COCCNC(=O)N(Cc1cccc(F)c1)CC1CCCO1,2.1627,O=C(CO)N(Cc1ccc(F)cc1)CC1CCCO1,True,1.3256000000000001,-0.8371,0.4838709677419355,False,True
3.0,bin,5,-0.34654998779296875,-0.39010000228881836,-0.30299997329711914,889149,N#Cc1ccc(NC(=O)c2ccc(Br)cc2Cl)nc1,3.621480000000001,N#Cc1ccc(NC(=O)c2ccc(Cl)c(F)c2)nc1,True,2.9980800000000007,-0.6234000000000002,0.5769230769230769,False,True
3.0,bin,5,-0.34654998779296875,-0.39010000228881836,-0.30299997329711914,913483,O=C(CNC(=O)NCCc1c(Cl)cccc1Cl)NC1CC1,2.1137000000000006,O=C(CNC(=O)NCCc1ccc(C(F)(F)F)cc1)NC1CC1,True,1.8257000000000003,-0.28800000000000026,0.56,False,True
3.0,bin,5,-0.34654998779296875,-0.39010000228881836,-0.30299997329711914,917620,C=CCN(Cc1ccccc1OC)C(=O)c1csc(C)n1,3.288520000000002,C=CCN(Cc1ccccc1)C(=O)c1csc(NCCO)n1,True,2.3757000000000006,-0.9128200000000013,0.4603174603174603,False,True
3.0,bin,5,-0.34654998779296875,-0.39010000228881836,-0.30299997329711914,918312,CCOc1ccc(Cl)c(C(=O)N2CCN(c3ncccn3)CC2)n1,1.8860999999999997,CCOc1cc(C)nc(N2CCN(C(=O)c3ncccn3)CC2)c1,True,1.54112,-0.3449799999999996,0.43333333333333335,False,True
3.0,bin,5,-0.34654998779296875,-0.39010000228881836,-0.30299997329711914,922879,CC(=O)c1ccc(N2CCN(Cc3c(F)cccc3F)CC2)cc1,3.489600000000003,COc1cccc(OC)c1CN1CCN(c2ccc(F)cc2)CC1,True,3.1651000000000016,-0.32450000000000134,0.5106382978723404,False,True
3.0,bin,5,-0.34654998779296875,-0.39010000228881836,-0.30299997329711914,927535,COc1cc(CN2CCN(c3ccccc3F)CC2)ccc1O,2.862100000000002,C=C1CN(CCO)CCN1CC1(Oc2ccccc2)C=CC=COC1,True,2.0279,-0.8342000000000023,0.1625,False,True
3.0,bin,5,-0.34654998779296875,-0.39010000228881836,-0.30299997329711914,927567,Cc1ccccc1N1CCN(Cc2cccc(O)c2)CC1,3.022820000000001,Oc1cccc(CN2CCN(c3ccccc3F)CC2)c1,True,2.8535000000000013,-0.16931999999999992,0.7142857142857143,False,False
3.0,bin,5,-0.34654998779296875,-0.39010000228881836,-0.30299997329711914,938108,CC(c1ccccc1)N(C)C(=O)CCC(=O)Nc1nccs1,3.0814000000000012,CN(Cc1cccc(F)c1)C(=O)CCC(=O)Nc1nccs1,True,2.6595000000000004,-0.42190000000000083,0.5423728813559322,False,True
3.0,bin,5,-0.34654998779296875,-0.39010000228881836,-0.30299997329711914,943303,CN(CCCOc1ccccc1)C(=O)Nc1cccc2c1OCCO2,3.390600000000002,O=C(NCCC1COc2ccccc2O1)Nc1ccccc1,True,3.0382000000000016,-0.35240000000000027,0.2463768115942029,False,True
3.0,bin,5,-0.34654998779296875,-0.39010000228881836,-0.30299997329711914,946289,CC(NC(=O)C1(c2cc(-c3ccco3)on2)CC1)c1ccccc1,3.843600000000002,O=C(NCc1ccc(O)cc1)C1(c2cc(-c3ccco3)on2)CC1,True,2.988200000000001,-0.8554000000000013,0.5862068965517241,False,True
3.0,bin,5,-0.34654998779296875,-0.39010000228881836,-0.30299997329711914,994077,Cc1nnc(Cn2c(-c3cccc(Br)c3)noc2=O)o1,2.0055199999999997,Cc1ccc(-c2noc(=O)n2Cc2nnc(C)o2)cc1,True,1.55144,-0.4540799999999998,0.6666666666666666,False,True
3.0,bin,5,-0.34654998779296875,-0.39010000228881836,-0.30299997329711914,1065620,O=C(NCc1cccnc1Oc1ccccc1)c1cccnc1,3.198900000000002,Nc1cccc(C(=O)NCc2cccnc2Oc2ccccc2)n1,True,2.7811000000000012,-0.4178000000000006,0.6111111111111112,False,True
3.0,bin,5,-0.34654998779296875,-0.39010000228881836,-0.30299997329711914,1093926,CN(C(=O)CNc1cccc(OCC2CCCO2)c1)c1ccccc1,3.319300000000002,O=C(COC1CCCO1)Nc1cccc(Nc2ccccc2)c1,True,3.5218000000000016,0.20249999999999968,0.35714285714285715,False,True
3.0,bin,5,-0.34654998779296875,-0.39010000228881836,-0.30299997329711914,1107920,CCc1ccc(-n2cc(C(=O)NC(C)c3ccccc3)nn2)cc1,3.320700000000002,CC1=CC=C(CNC(=O)c2cn(-c3ccccc3)nn2)CC=C1,True,2.8297000000000008,-0.49100000000000144,0.4153846153846154,False,True
3.0,bin,5,-0.34654998779296875,-0.39010000228881836,-0.30299997329711914,1113130,CC(NC(=O)Cn1nnnc1C(C)(C)C)c1cccc2ccccc12,3.0012000000000016,CC(C)(C)c1nnnn1CC(=O)NCc1cccc2ccccc12,True,2.4402,-0.5610000000000017,0.6666666666666666,False,True
3.0,bin,5,-0.34654998779296875,-0.39010000228881836,-0.30299997329711914,1121751,COC(=O)Cn1ccc(NS(=O)(=O)c2ccc(F)c(F)c2F)n1,1.2742,COC(=O)Cn1ccc(NS(=O)(=O)c2cc(F)ccc2F)n1,True,1.1351,-0.1391,0.7450980392156863,False,True
3.0,bin,5,-0.34654998779296875,-0.39010000228881836,-0.30299997329711914,1142531,CCOC(C)C(=O)NCCc1csc(-c2ccc(C)cc2)n1,3.2022200000000014,COC(=O)N(C)CCc1csc(-c2ccc(OC)cc2)n1,True,3.059400000000002,-0.1428199999999995,0.41935483870967744,False,True
3.0,bin,5,-0.34654998779296875,-0.39010000228881836,-0.30299997329711914,1212157,CN(Cc1ccc(F)c(F)c1)C(=O)c1cncc(-c2cnn(C)c2)c1,3.0325000000000015,COc1ccc(CN(C)C(=O)c2cncc(-c3cnn(C)c3)c2)cc1,True,2.762900000000001,-0.2696000000000005,0.7142857142857143,False,True
3.0,bin,5,-0.34654998779296875,-0.39010000228881836,-0.30299997329711914,1215394,CCn1nc(C)cc1C(=O)Oc1cccc(NC(=O)C(C)C)c1,3.025120000000001,CC(=O)NC1=CC(F)=C(OC(=O)c2cc(CC(C)C)n[nH]2)CC=C1,True,2.926000000000001,-0.0991200000000001,0.19047619047619047,False,True
3.0,bin,5,-0.34654998779296875,-0.39010000228881836,-0.30299997329711914,1232922,CC(C)(C)OC(=O)NC1CCCN(S(=O)(=O)N2CCOCC2)C1,0.5525000000000011,CC(C)(C)OC(=O)NC1CCN(S(=O)(=O)N2CCOCC2)CC1,True,0.5525000000000011,0.0,0.7555555555555555,False,True
3.0,bin,5,-0.34654998779296875,-0.39010000228881836,-0.30299997329711914,1238973,FC(F)(F)c1cnc(N2CCn3c(nnc3C3CC3)C2)c(Cl)c1,3.2429000000000023,FC(F)(F)c1cc(Cl)cc(N2CCn3c(nnc3C3CC3)C2)n1,True,3.2429000000000014,-8.881784197001252e-16,0.5614035087719298,False,True
3.0,bin,5,-0.34654998779296875,-0.39010000228881836,-0.30299997329711914,1299495,Cc1cc(CC(=O)N2CCCC2C(C#N)c2ccccc2)no1,2.823900000000001,N#CC1(c2ccccc2)CCCN1C(=O)Cc1ccon1,True,2.2585800000000003,-0.5653200000000007,0.3472222222222222,False,True
3.0,bin,5,-0.34654998779296875,-0.39010000228881836,-0.30299997329711914,1309906,CC(C)CC(NC(=O)c1cc(=O)c2ccccc2o1)C(=O)OC(C)C,2.8891000000000018,CC(C)COC(=O)CC(=CCCl)NC(=O)C=C1C=CC=CC1=O,True,2.4361000000000006,-0.4530000000000012,0.18421052631578946,False,True
3.0,bin,5,-0.34654998779296875,-0.39010000228881836,-0.30299997329711914,1362816,COCc1cccc(C(=O)NC2CC2c2cccc(Cl)c2)c1,3.772300000000002,C=Cc1ccc(F)cc1C(=O)NC1CC1C1(F)C=CC=COC1,True,3.395400000000002,-0.3769,0.18072289156626506,False,True
3.0,bin,5,-0.34654998779296875,-0.39010000228881836,-0.30299997329711914,1441838,COCC(=O)NC(C(=O)Nc1cccc(-c2nccs2)c1)C(C)C,2.5358,CC(=O)NC(C)(C#N)C(=O)Nc1cccc(-c2nccs2)c1C,True,2.4753999999999996,-0.06040000000000045,0.28205128205128205,False,True
3.0,bin,5,-0.34654998779296875,-0.39010000228881836,-0.30299997329711914,1450449,CCCNC(=O)CSc1nc2c(cc1C#N)CCCC2,2.450380000000001,CCNC(=O)CSc1nc2c(cc1C#N)CCCC2,True,2.06028,-0.3901000000000008,0.8367346938775511,False,True
3.0,bin,5,-0.34654998779296875,-0.39010000228881836,-0.30299997329711914,1451910,O=S(=O)(NCc1nnc2ccccn12)c1ccc(F)c(F)c1,1.4859999999999995,CN(C)C(=O)c1ccccc1S(=O)(=O)NCc1nnc2ccccn12,True,0.9095999999999995,-0.5764,0.5172413793103449,False,True
3.0,bin,5,-0.34654998779296875,-0.39010000228881836,-0.30299997329711914,1479798,Cc1nc(C)c(CCC(=O)N(CC(C)C)CC(F)(F)F)c(=O)[nH]1,2.3662400000000003,CC=NC(C)=C(F)CCC(=O)N(CC(C)C)C(F)F,True,3.765500000000003,1.3992600000000026,0.23076923076923078,False,True
3.0,bin,5,-0.34654998779296875,-0.39010000228881836,-0.30299997329711914,1507926,COC(=O)C(C)NC(=O)Cc1csc(-c2ccccc2Cl)n1,2.6837,COC(=O)C(C)NC(=O)Cc1csc(-c2ccccc2Cl)n1,True,2.6837,0.0,1.0,True,False
3.0,bin,5,-0.34654998779296875,-0.39010000228881836,-0.30299997329711914,1527882,Nc1ncccc1C(=O)Nc1ccc2cn[nH]c2c1,1.7923999999999998,NC(=O)c1n[nH]c2ccc(NC(=O)c3cccnc3)cc12,True,1.3090999999999995,-0.4833000000000003,0.3870967741935484,False,False
3.0,bin,5,-0.34654998779296875,-0.39010000228881836,-0.30299997329711914,1532848,COc1ccc(-c2ccc3c(=O)[nH]cnc3c2)cc1Cl,3.2521000000000013,COc1ccc(-c2ccnc3cc(C)c(=O)[nH]c23)cc1OC,True,2.9157200000000003,-0.336380000000001,0.3448275862068966,False,True
3.0,bin,5,-0.34654998779296875,-0.39010000228881836,-0.30299997329711914,1548351,COc1cc(OC)c2c(c1)C(c1cnccn1)NCC2,1.7288999999999999,COc1c(O)ccc2c1C(c1cnccn1)NCC2,True,1.4258999999999995,-0.3030000000000004,0.45614035087719296,False,False
3.0,bin,5,-0.34654998779296875,-0.39010000228881836,-0.30299997329711914,1570134,COc1cccc(C(C)N2CCN(C(=O)c3ccc(O)cc3)CC2)c1,2.9198000000000013,CC(c1ccc(C#N)cc1)N1CCN(C(=O)c2ccccc2O)CC1,True,2.7828800000000014,-0.13691999999999993,0.39344262295081966,False,True
3.0,bin,5,-0.34654998779296875,-0.39010000228881836,-0.30299997329711914,1611406,CC(C)(C)N1CC(NC(=O)C2COc3ccc(F)cc3C2)CC1=O,1.8923999999999994,CC(C)N1CC(C(=O)NC2COc3ccc(F)cc3C2)CC1=O,True,1.5022999999999993,-0.3901000000000001,0.5967741935483871,False,True
3.0,bin,5,-0.34654998779296875,-0.39010000228881836,-0.30299997329711914,1612684,CCCC1CN(C(=O)Nc2ccn(CCC(C)C)n2)CCO1,2.9620000000000015,CCCC1CN(C(=O)Nc2ccn(CC(F)F)n2)CCO1,True,2.181,-0.7810000000000015,0.7719298245614035,False,False
3.0,bin,5,-0.34654998779296875,-0.39010000228881836,-0.30299997329711914,1639675,CCC(CC)c1nnc(NC(=O)c2scnc2C2CC2)s1,4.0279000000000025,CCC1C=NN=CNC(=O)c2scnc2C2CC2=NC1,True,1.8551,-2.1728000000000023,0.2328767123287671,False,True
3.0,bin,5,-0.34654998779296875,-0.39010000228881836,-0.30299997329711914,1675660,COc1ccnc(NC(=O)c2cccc(Cl)c2)c1,2.9959000000000007,CC(=O)Nc1ccc(C(=O)Nc2cccc(C)n2)cc1,True,2.600720000000001,-0.39517999999999986,0.30357142857142855,False,False
3.0,bin,5,-0.34654998779296875,-0.39010000228881836,-0.30299997329711914,1689728,CCc1noc(CSc2ncnc3sc(C)cc23)n1,3.237420000000002,Cc1noc(CSc2ncnc3sc(C)cc23)n1,True,2.9834400000000016,-0.2539800000000003,0.7659574468085106,False,False
3.0,bin,5,-0.34654998779296875,-0.39010000228881836,-0.30299997329711914,1720876,CC(C)(C)CC(=O)NCC(=O)Nc1ccc2c(c1)COC2,2.2077,CCC(=O)NC(=O)CNC(C)C,True,0.0371999999999999,-2.1705,0.1509433962264151,False,True
3.0,bin,5,-0.34654998779296875,-0.39010000228881836,-0.30299997329711914,1757109,CC(C)Cc1ncc(CNc2ccc3c(c2)COC3)s1,3.983900000000003,FC(F)(F)c1ncc(CNc2ccc3c(c2)COC3)s1,True,3.8042000000000016,-0.1797000000000013,0.6078431372549019,False,True
3.0,bin,5,-0.34654998779296875,-0.39010000228881836,-0.30299997329711914,1774061,O=C1NCCCc2[nH]c(-c3cccc4[nH]ccc34)nc21,2.234,O=CN1CCCC2=C1C(c1nc3ccccc3[nH]1)=NC2,True,1.8719,-0.3621000000000001,0.20833333333333334,False,True
3.0,bin,5,-0.34654998779296875,-0.39010000228881836,-0.30299997329711914,1800687,Cc1nn(C)c(-c2nc(-c3cccnn3)no2)c1Cl,1.8889199999999997,Cn1cc(C=N)c(C2Cc3ccc(nn3)C=NO2)n1,True,0.8556699999999999,-1.0332499999999998,0.13333333333333333,False,True
3.0,bin,5,-0.34654998779296875,-0.39010000228881836,-0.30299997329711914,1815867,FC(F)(F)c1ccc(CN2CCOCC2c2ncon2)cc1,2.661900000000001,CC(=CC=CCl)CN1CCOCC1c1ncon1,True,2.1417,-0.5202000000000009,0.5172413793103449,False,True
3.0,bin,5,-0.34654998779296875,-0.39010000228881836,-0.30299997329711914,1828580,Cc1ccc(N2CC3OCC(=O)N(Cc4cccc(F)c4)C3C2)nn1,1.54032,O=CC1OCC2C(CCN2Cc2ccccc2)N1c1cccnn1,True,1.4812999999999996,-0.059020000000000294,0.21428571428571427,False,True
3.0,bin,5,-0.34654998779296875,-0.39010000228881836,-0.30299997329711914,1836183,CCc1ccc(C(=O)NCc2nccc(N(C)C)n2)cc1,2.035,CN(C)c1cc(C(=O)NCc2ccc(F)cn2)ccn1,True,1.6117,-0.42330000000000023,0.41379310344827586,False,True
3.0,bin,5,-0.34654998779296875,-0.39010000228881836,-0.30299997329711914,1842499,COc1ccccc1COc1ccccc1-c1cnn(CCO)c1,3.1300000000000017,C=CC=C1C2=CC(=CC=C(C(N)=O)C=C2)OCc2cnn(CCO)c21,True,1.7668,-1.3632000000000017,0.15294117647058825,False,True
3.0,bin,5,-0.34654998779296875,-0.39010000228881836,-0.30299997329711914,1865564,COC(CNC(=O)c1ccoc1)c1cccc(F)c1,2.536200000000001,O=C(NCC(O)c1ccccc1)c1ccoc1,True,1.743,-0.7932000000000008,0.5294117647058824,False,True
3.0,bin,5,-0.34654998779296875,-0.39010000228881836,-0.30299997329711914,1868773,CCCOc1ccc(Cl)c2c1CCNC2C1CC(=O)C1,3.2947000000000015,O=CCCC1NCCc2cc(F)cc(Cl)c21,True,2.6450000000000014,-0.6497000000000002,0.22388059701492538,False,True
3.0,bin,5,-0.34654998779296875,-0.39010000228881836,-0.30299997329711914,1873123,CCC1OC(=O)c2c(OC)ccc(Br)c21,3.079200000000002,COc1cc(Br)cc2c1OC(=O)CC2,True,2.3092999999999995,-0.7699000000000025,0.2549019607843137,False,True
3.0,bin,5,-0.34654998779296875,-0.39010000228881836,-0.30299997329711914,1875028,Cc1cccc(C)c1NCC(=O)N1CCCC2CCCCC21,3.8965400000000034,COc1ccc(C)cc1NCC(=O)N1CCCC1C1CCCC1,True,3.596720000000002,-0.2998200000000013,0.5849056603773585,False,True
3.0,bin,5,-0.34654998779296875,-0.39010000228881836,-0.30299997329711914,1895921,CCC(CC)N(C)C(=O)CC1OC(=O)c2ccccc21,2.935200000000002,CCCCN(C)C(=O)CC1OC(=O)c2ccccc21,True,2.5467000000000004,-0.3885000000000014,0.6382978723404256,False,False
3.0,bin,5,-0.34654998779296875,-0.39010000228881836,-0.30299997329711914,1907077,Cc1ccc2[nH]nc(C(=O)Nc3nc(-c4ccco4)cs3)c2c1,3.8401200000000015,O=C(C=NNC=Cc1cccc(-c2ccco2)c1)Nc1nccs1,True,3.587900000000002,-0.25221999999999944,0.2804878048780488,False,True
3.0,bin,5,-0.34654998779296875,-0.39010000228881836,-0.30299997329711914,1913063,Cc1nn(C)c(C)c1CN(C(=O)c1cn2cccc(C)c2n1)C1CC1,2.797860000000001,Cc1c(C(=O)N(CCc2cn3ccccc3n2)C2CC2)cnn1C,True,2.2235199999999997,-0.5743400000000012,0.3815789473684211,False,True
3.0,bin,5,-0.34654998779296875,-0.39010000228881836,-0.30299997329711914,1922265,CN(CCNC(=O)c1ccc2c(c1)ncn2C)c1ccccc1,2.4395000000000007,O=C(NCCn1cnc2ccccc21)c1ccccc1,True,2.4662999999999995,0.026799999999998825,0.43859649122807015,False,False
3.0,bin,6,-0.2550499439239502,-0.30299997329711914,-0.20709991455078125,32052,COc1ccccc1CNC(=O)Cc1c[nH]c2ccccc12,3.035400000000001,N#Cc1ccc(CNC(=O)Cc2c[nH]c3ccc(N)cc23)cc1,True,2.4806800000000004,-0.5547200000000005,0.4166666666666667,False,True
3.0,bin,6,-0.2550499439239502,-0.30299997329711914,-0.20709991455078125,116747,COCCSc1ccccc1C(=O)Nc1cccc(C)n1,3.3808200000000017,COc1cc(OC)c(C(=O)Nc2cccc(SC)n2)cc1F,True,3.2121000000000013,-0.16872000000000043,0.39344262295081966,False,True
3.0,bin,6,-0.2550499439239502,-0.30299997329711914,-0.20709991455078125,131060,CS(=O)(=O)NCCc1csc(-c2ccc(F)cc2)n1,2.0408999999999997,CS(=O)(=O)NCCc1csc(-c2ccccc2)n1,True,1.9018,-0.13909999999999978,0.7619047619047619,False,True
3.0,bin,6,-0.2550499439239502,-0.30299997329711914,-0.20709991455078125,131949,CCc1c(C)nc(SCC(=O)NC(C)C)[nH]c1=O,1.25742,COCC(C)NC(=O)CSc1nc(C)c(C)c(=O)[nH]1,True,0.6299399999999995,-0.6274800000000005,0.5576923076923077,False,True
3.0,bin,6,-0.2550499439239502,-0.30299997329711914,-0.20709991455078125,158879,COc1ccc(CC(=O)OCC(=O)c2c[nH]c3ccccc23)cc1,3.145100000000001,Nc1cccc(C(=O)OCC(=O)Cc2c[nH]c3ccccc23)c1,True,2.718700000000001,-0.4264000000000001,0.3384615384615385,False,True
3.0,bin,6,-0.2550499439239502,-0.30299997329711914,-0.20709991455078125,232056,COCCNC(=O)c1cc(=O)c2cc(C)ccc2o1,1.4776199999999993,COCCNC(=O)c1cc(=O)c2cc(OC)ccc2o1,True,1.1777999999999993,-0.29982,0.7608695652173914,False,True
3.0,bin,6,-0.2550499439239502,-0.30299997329711914,-0.20709991455078125,235788,O=C(Cn1nc(-c2ccco2)oc1=O)NCC(F)(F)F,0.7747999999999999,C=CCNC(=O)Cn1nc(-c2ccco2)oc1=O,True,0.3984999999999997,-0.37630000000000025,0.7058823529411765,False,True
3.0,bin,6,-0.2550499439239502,-0.30299997329711914,-0.20709991455078125,236081,CC(=O)c1c(C)[nH]c(C(=O)CSc2nc(C(C)C)n[nH]2)c1C,3.0506400000000014,CCCc1n[nH]c(SCC(=O)c2[nH]c(C)c(C(C)=O)c2C)n1,True,2.8797400000000017,-0.1708999999999996,0.6730769230769231,False,True
3.0,bin,6,-0.2550499439239502,-0.30299997329711914,-0.20709991455078125,281081,O=C(Cn1cccn1)NCc1cccnc1Oc1ccc(F)cc1F,2.665000000000001,N#Cc1ccccc1Oc1ncccc1CNC(=O)Cn1cccn1,True,2.2584799999999996,-0.4065200000000013,0.6774193548387096,False,True
3.0,bin,6,-0.2550499439239502,-0.30299997329711914,-0.20709991455078125,284170,COc1ccc(-c2nc(CC(=O)Nc3cccc(C)n3)cs2)cc1,3.7033200000000024,COc1ccccc1-c1nc(CC(=O)Nc2cccc(O)n2)cs1,True,3.100500000000001,-0.6028200000000012,0.5666666666666667,False,True
3.0,bin,6,-0.2550499439239502,-0.30299997329711914,-0.20709991455078125,288369,Cc1ccc(NCc2nnc3n2CCCCC3)cc1C,3.2334400000000016,Brc1cccc(NCc2nnc3n2CCCCC3)c1,True,3.379100000000002,0.14566000000000034,0.6530612244897959,False,True
3.0,bin,6,-0.2550499439239502,-0.30299997329711914,-0.20709991455078125,302889,COc1ccc(OC)c(NC(=O)CCNC(=O)c2cccs2)c1,2.5239000000000003,Nc1cc(NC(=O)CCNC(=O)c2cccs2)ccc1F,True,2.2279999999999998,-0.2959000000000005,0.5,False,True
3.0,bin,6,-0.2550499439239502,-0.30299997329711914,-0.20709991455078125,327141,COc1ccc(OC)c(S(=O)(=O)Nc2ccn(C)n2)c1,1.2381,COC(=O)c1cccc(S(=O)(=O)Nc2ccn(C)n2)c1,True,1.0075,-0.23059999999999992,0.48148148148148145,False,False
3.0,bin,6,-0.2550499439239502,-0.30299997329711914,-0.20709991455078125,327382,CNC(=O)C1CN(C(=O)c2c(C)noc2C)c2ccccc2O1,1.4452399999999996,CNC(=O)C1CN(C(=O)c2c(C)noc2O)c2ccccc2O1,True,0.8424199999999997,-0.6028199999999999,0.8235294117647058,False,True
3.0,bin,6,-0.2550499439239502,-0.30299997329711914,-0.20709991455078125,406491,COCCNC(=O)C1CCCN(S(=O)(=O)N2CCOCC2)C1,-0.9619999999999964,O=C(NCCCO)C1CCCN(S(=O)(=O)N2CCOCC2)C1,True,-1.2259999999999962,-0.2639999999999998,0.72,False,True
3.0,bin,6,-0.2550499439239502,-0.30299997329711914,-0.20709991455078125,413951,O=C(Cn1ncn2cccc2c1=O)N1CCCCCC1,0.8985999999999996,N#CCCCCNC(=O)Cn1ncn2cccc2c1=O,True,0.3060799999999995,-0.5925200000000002,0.49122807017543857,False,True
3.0,bin,6,-0.2550499439239502,-0.30299997329711914,-0.20709991455078125,427929,CCNc1nc(NCc2ccccc2Cl)c2cnn(C)c2n1,3.060600000000001,CCOc1ccccc1CNc1nc(NC)nc2c1cnn2C,True,2.4158,-0.6448000000000009,0.5964912280701754,False,True
3.0,bin,6,-0.2550499439239502,-0.30299997329711914,-0.20709991455078125,447130,CCC(NC(=O)C1CCN(C(=O)C2CC2)CC1)c1ccc(C)cc1,3.2109200000000016,CCC1=CC=C(C(C)NC(=O)C2CCN(C(=O)C3CC3)CC2C)C1,True,3.052200000000002,-0.15871999999999975,0.36363636363636365,False,True
3.0,bin,6,-0.2550499439239502,-0.30299997329711914,-0.20709991455078125,481908,CCNS(=O)(=O)c1ccc(C)c(C(=O)Nc2ncccc2C)c1,2.24894,CNS(=O)(=O)c1ccc(C)c(C(=O)Nc2nc(C)ccc2C)c1,True,2.1672599999999997,-0.08168000000000042,0.5471698113207547,False,True
3.0,bin,6,-0.2550499439239502,-0.30299997329711914,-0.20709991455078125,485220,Cc1nn(CC(=O)N2CCN(C)CC2)c(C)c1Br,1.03644,CC1=NN(CC(=O)N2CCN(CC(F)F)CC2C)CC(=O)N1C,True,-0.10839999999999872,-1.1448399999999987,0.22388059701492538,False,True
3.0,bin,6,-0.2550499439239502,-0.30299997329711914,-0.20709991455078125,526363,Cc1nnc(SCC(=O)Nc2ccc(O)cc2)n(N)c1=O,0.09692,Nc1nnc(SCC(=O)Nc2ccccc2)c(=O)n1N,True,-0.3348999999999999,-0.4318199999999999,0.4642857142857143,False,True
3.0,bin,6,-0.2550499439239502,-0.30299997329711914,-0.20709991455078125,536853,COc1ccc(C2CCCN2C(=O)C2CCC2)c(OC)c1,3.1674000000000015,CS(=O)c1ccc(C2CCCN2C(=O)C2CCC2)cc1,True,2.8876000000000017,-0.2797999999999998,0.4716981132075472,False,True
3.0,bin,6,-0.2550499439239502,-0.30299997329711914,-0.20709991455078125,540312,Cc1nn(C)c2nc(C3CC3)cc(C(=O)NCC(=O)NC(C)(C)C)c12,1.7986199999999997,COC(=O)NCC(=O)c1cc(C2CC2)nc2c1c(C)nn2C(C)C,True,2.736720000000001,0.9381000000000013,0.47761194029850745,False,True
3.0,bin,6,-0.2550499439239502,-0.30299997329711914,-0.20709991455078125,544381,Cc1nc(N2CCCC(C(=O)NC(C)C)C2)c2c(C)c(C)oc2n1,2.8890600000000006,Cc1nc(N2CCCCC(=O)NCC2)c2c(C)c(C)oc2n1,True,2.2545600000000006,-0.6345000000000001,0.46774193548387094,False,True
3.0,bin,6,-0.2550499439239502,-0.30299997329711914,-0.20709991455078125,544382,CCCNC(=O)C1CCCN(c2nc(C)nc3oc(C)c(C)c23)C1,2.8906600000000013,Cc1nc(N2CCCCC(=O)OCC2)c2c(C)c(C)oc2n1,True,2.681560000000001,-0.20910000000000029,0.453125,False,True
3.0,bin,6,-0.2550499439239502,-0.30299997329711914,-0.20709991455078125,550049,Cc1ccc(C)c(OCC(=O)Nc2cccc(-n3cnnc3)c2)c1,2.9016400000000013,Cc1c(NC(=O)C(C)OC2C#CC=CC=C2)cccc1-n1cnnc1,True,2.41732,-0.4843200000000012,0.25316455696202533,False,True
3.0,bin,6,-0.2550499439239502,-0.30299997329711914,-0.20709991455078125,573533,Cc1nn(-c2ncc(C(F)(F)F)cc2Cl)c(=O)o1,2.2011199999999995,CCc1nn(-c2ncc(Br)cc2CC#N)c(=O)o1,True,1.61148,-0.5896399999999995,0.3064516129032258,False,True
3.0,bin,6,-0.2550499439239502,-0.30299997329711914,-0.20709991455078125,582555,O=C(NCC(O)c1ccccc1)c1ccc2c(=O)n3c(nc2c1)CCC3,1.8061000000000003,CCC(CNC(=O)c1ccc2c(=O)[nH]c(C)nc2c1)c1ccc[nH]1,True,2.48322,0.6771199999999999,0.35064935064935066,False,True
3.0,bin,6,-0.2550499439239502,-0.30299997329711914,-0.20709991455078125,588547,Cc1n[nH]c(C)c1NC(=O)CCc1ccc(Cl)cc1Cl,3.9046400000000023,CCC(CC(=O)Nc1c(C)n[nH]c1C)c1ccc(OC)c(Cl)c1,True,4.210940000000003,0.30630000000000024,0.4603174603174603,False,True
3.0,bin,6,-0.2550499439239502,-0.30299997329711914,-0.20709991455078125,607673,CCCN(CC1CC1)S(=O)(=O)c1ccccc1F,2.636400000000001,CCN(CC1CC1)S(=O)(=O)c1cc(OC)cc(OC)c1,True,2.1244000000000005,-0.5120000000000005,0.37254901960784315,False,True
3.0,bin,6,-0.2550499439239502,-0.30299997329711914,-0.20709991455078125,617681,Cc1cc(C(=O)Nc2nc(-c3ccncc3)cs2)nn1C(C)C,3.5432200000000016,C=CCn1nc(C(=O)Nc2nc(-c3ccncc3)cs2)cc1C,True,3.148320000000002,-0.3948999999999998,0.6551724137931034,False,True
3.0,bin,6,-0.2550499439239502,-0.30299997329711914,-0.20709991455078125,650267,COc1ccc2oc(C(=O)NC3CCCCNC3=O)c(C)c2c1,2.14832,O=C1NCCCCN1C(=O)C1OC=CC=COCC=[SH]1,True,0.9863999999999999,-1.16192,0.189873417721519,False,True
3.0,bin,6,-0.2550499439239502,-0.30299997329711914,-0.20709991455078125,668639,Cc1cc(NC(=O)c2ccccc2Cl)ncc1N,2.8779200000000005,COC=CC(C)=C(CCl)C(=O)Nc1ccc(N)cn1,True,2.3177000000000003,-0.5602200000000002,0.265625,False,True
3.0,bin,6,-0.2550499439239502,-0.30299997329711914,-0.20709991455078125,673160,CCC(=O)Nc1ccc2oc(C(F)(F)F)cc(=O)c2c1,3.160300000000001,CCC(=O)NC=C1C=c2oc(CC(F)(F)F)cc(=O)c2=C1,True,0.7292999999999998,-2.4310000000000014,0.3125,False,True
3.0,bin,6,-0.2550499439239502,-0.30299997329711914,-0.20709991455078125,711169,Cc1cccc(C(C)C)c1NC(=O)N(C)Cc1ccncc1,4.177320000000003,CN(Cc1ccnc(C(F)(F)F)c1)C(=O)Nc1ccccc1F,True,3.903400000000002,-0.2739200000000004,0.359375,False,True
3.0,bin,6,-0.2550499439239502,-0.30299997329711914,-0.20709991455078125,720969,Cc1noc(C)c1CCC(=O)OCC(=O)N1c2ccccc2CC1C,2.7450400000000013,Cc1noc(C)c1CCC(=O)OCC(=O)N1CCc2ccccc21,True,2.35654,-0.3885000000000014,0.6721311475409836,False,False
3.0,bin,6,-0.2550499439239502,-0.30299997329711914,-0.20709991455078125,730789,COC(=O)C1CCN(C(=O)c2cc3ccc(F)cc3nc2C)CC1,2.7075200000000006,COC(=O)C1CCN(C(=O)c2cc3ccccc3nc2C)CC1,True,2.5684200000000006,-0.1391,0.7450980392156863,False,True
3.0,bin,6,-0.2550499439239502,-0.30299997329711914,-0.20709991455078125,738178,Cc1ccc(-n2ccnc2SCc2nc(C3CC3)no2)cc1C,4.041840000000003,COC=CC=CCn1ccnc1SCc1nc(C2CC2)no1,True,3.1521000000000017,-0.8897400000000015,0.515625,False,True
3.0,bin,6,-0.2550499439239502,-0.30299997329711914,-0.20709991455078125,771897,COc1ccccc1OCC(=O)N(C)Cc1sccc1C,3.102520000000002,COc1cccc(OCC(=O)NCc2sccc2C)c1,True,2.760320000000001,-0.34220000000000095,0.4067796610169492,False,False
3.0,bin,6,-0.2550499439239502,-0.30299997329711914,-0.20709991455078125,811446,COC(=O)C1(NC(=O)c2cc(Br)c[nH]2)CCCCCC1,2.7730000000000006,CCCC(NC(=O)c1cc(Br)cn1CC)C(=O)OC,True,2.3420000000000005,-0.43100000000000005,0.23809523809523808,False,True
3.0,bin,6,-0.2550499439239502,-0.30299997329711914,-0.20709991455078125,848291,CCC(C)NC(=O)NCc1noc(-c2cccs2)n1,2.3958000000000004,C=CCNC(=O)NCc1noc(-c2cccs2)n1,True,1.7832999999999999,-0.6125000000000005,0.6363636363636364,False,True
3.0,bin,6,-0.2550499439239502,-0.30299997329711914,-0.20709991455078125,863440,COc1ccc(-c2nc(CCCO)cs2)cc1OC,2.752200000000001,COc1cccc(OC)c1-c1nc(CCCO)cs1,True,2.752200000000001,0.0,0.6444444444444445,False,True
3.0,bin,6,-0.2550499439239502,-0.30299997329711914,-0.20709991455078125,864663,N#Cc1ccc(-c2cc(F)ccc2F)nc1N1CCCC1,3.498680000000002,COc1ccc(-c2ccc(C#N)c(N3CCCC3)n2)cc1OC,True,3.237680000000002,-0.2610000000000001,0.5094339622641509,False,False
3.0,bin,6,-0.2550499439239502,-0.30299997329711914,-0.20709991455078125,872100,CCc1cccc(C)c1NCC(O)c1ccc2c(c1)OCCO2,3.474120000000002,CCOc1ccc(N(C)CC(O)c2ccc3c(c2)OCCO3)cc1,True,3.0263000000000018,-0.4478200000000001,0.4098360655737705,False,True
3.0,bin,6,-0.2550499439239502,-0.30299997329711914,-0.20709991455078125,886334,COc1ccc(C(=O)N2CCCC(C(=O)N3CCCCC3)C2)c(O)c1,2.2655000000000003,Nc1ccccc1C(=O)N1CCCC(C(=O)N2CCCCC2)C1,True,2.1334999999999997,-0.13200000000000056,0.5384615384615384,False,True
3.0,bin,6,-0.2550499439239502,-0.30299997329711914,-0.20709991455078125,887387,COCCNC(=O)N(Cc1cccc(F)c1)CC1CCCO1,2.1627,NC(=O)CCN(Cc1ccc(F)cc1)CC1CCCO1,True,1.6820999999999993,-0.4806000000000008,0.39705882352941174,False,True
3.0,bin,6,-0.2550499439239502,-0.30299997329711914,-0.20709991455078125,889149,N#Cc1ccc(NC(=O)c2ccc(Br)cc2Cl)nc1,3.621480000000001,CCOc1ccc(C(=O)Nc2ccc(C#N)cn2)cc1Br,True,3.366780000000002,-0.2546999999999988,0.5263157894736842,False,True
3.0,bin,6,-0.2550499439239502,-0.30299997329711914,-0.20709991455078125,913483,O=C(CNC(=O)NCCc1c(Cl)cccc1Cl)NC1CC1,2.1137000000000006,CC(C)(C)Oc1ccc(CCNC(=O)NCC(=O)NC2CC2)cc1,True,1.9841999999999997,-0.12950000000000084,0.5283018867924528,False,True
3.0,bin,6,-0.2550499439239502,-0.30299997329711914,-0.20709991455078125,917620,C=CCN(Cc1ccccc1OC)C(=O)c1csc(C)n1,3.288520000000002,C=CCNc1ccccc1CNC(=O)c1csc(C)n1,True,2.979420000000001,-0.3091000000000008,0.4444444444444444,False,True
3.0,bin,6,-0.2550499439239502,-0.30299997329711914,-0.20709991455078125,918312,CCOc1ccc(Cl)c(C(=O)N2CCN(c3ncccn3)CC2)n1,1.8860999999999997,CCOC1=C(Cl)C=C(OC)C=NC(C(=O)N2CCN(OCC)C2)=N1,True,1.4971999999999999,-0.3888999999999998,0.3013698630136986,False,True
3.0,bin,6,-0.2550499439239502,-0.30299997329711914,-0.20709991455078125,922879,CC(=O)c1ccc(N2CCN(Cc3c(F)cccc3F)CC2)cc1,3.489600000000003,COc1ccccc1CN1CCN(c2ccc(C(C)=O)cc2)CC1,True,3.2200000000000015,-0.2696000000000014,0.5714285714285714,False,True
3.0,bin,6,-0.2550499439239502,-0.30299997329711914,-0.20709991455078125,927535,COc1cc(CN2CCN(c3ccccc3F)CC2)ccc1O,2.862100000000002,COc1cc2c(cc1OC)NCCN(Cc1cccc(C#N)c1)C2,True,3.0031800000000013,0.1410799999999992,0.29411764705882354,False,True
3.0,bin,6,-0.2550499439239502,-0.30299997329711914,-0.20709991455078125,927567,Cc1ccccc1N1CCN(Cc2cccc(O)c2)CC1,3.022820000000001,N#Cc1ccccc1N1CCN(Cc2ccc(O)c(F)c2)CC1,True,2.725180000000001,-0.29764000000000035,0.4528301886792453,False,True
3.0,bin,6,-0.2550499439239502,-0.30299997329711914,-0.20709991455078125,938108,CC(c1ccccc1)N(C)C(=O)CCC(=O)Nc1nccs1,3.0814000000000012,CN(Cc1ccc(F)cc1)C(=O)CCC(=O)Nc1nccs1,True,2.6595000000000004,-0.42190000000000083,0.543859649122807,False,True
3.0,bin,6,-0.2550499439239502,-0.30299997329711914,-0.20709991455078125,943303,CN(CCCOc1ccccc1)C(=O)Nc1cccc2c1OCCO2,3.390600000000002,O=C(Nc1ccccc1O)Nc1ccccc1OCCC1CC=CO1,True,4.107700000000003,0.7171000000000012,0.24324324324324326,False,True
3.0,bin,6,-0.2550499439239502,-0.30299997329711914,-0.20709991455078125,946289,CC(NC(=O)C1(c2cc(-c3ccco3)on2)CC1)c1ccccc1,3.843600000000002,C=C(C=CC=COC)CNC(=O)C(C)c1cc(-c2ccco2)on1,True,3.426800000000002,-0.4168000000000003,0.36486486486486486,False,True
3.0,bin,6,-0.2550499439239502,-0.30299997329711914,-0.20709991455078125,994077,Cc1nnc(Cn2c(-c3cccc(Br)c3)noc2=O)o1,2.0055199999999997,C=CCOc1ccc(-c2nnc(Cn3c(C)noc3=O)o2)cc1,True,1.80782,-0.19769999999999976,0.390625,False,True
3.0,bin,6,-0.2550499439239502,-0.30299997329711914,-0.20709991455078125,1065620,O=C(NCc1cccnc1Oc1ccccc1)c1cccnc1,3.198900000000002,Nc1cccnc1C(=O)NCc1cccnc1Oc1ccccc1,True,2.7811000000000012,-0.4178000000000006,0.6470588235294118,False,True
3.0,bin,6,-0.2550499439239502,-0.30299997329711914,-0.20709991455078125,1093926,CN(C(=O)CNc1cccc(OCC2CCCO2)c1)c1ccccc1,3.319300000000002,O=C(COC1CCCO1)Nc1cccc(NCc2ccccc2)c1,True,3.3903000000000016,0.07099999999999973,0.38028169014084506,False,True
3.0,bin,6,-0.2550499439239502,-0.30299997329711914,-0.20709991455078125,1107920,CCc1ccc(-n2cc(C(=O)NC(C)c3ccccc3)nn2)cc1,3.320700000000002,COc1ccc(C(C)NC(=O)c2cn(-c3ccccc3)nn2)cc1C,True,3.0753200000000014,-0.24538000000000082,0.576271186440678,False,True
3.0,bin,6,-0.2550499439239502,-0.30299997329711914,-0.20709991455078125,1113130,CC(NC(=O)Cn1nnnc1C(C)(C)C)c1cccc2ccccc12,3.0012000000000016,C=C(C)Cn1nnnc1C(C)NC(=O)Cn1ccc2ccccc2c1=O,True,1.4414999999999996,-1.559700000000002,0.47761194029850745,False,True
3.0,bin,6,-0.2550499439239502,-0.30299997329711914,-0.20709991455078125,1121751,COC(=O)Cn1ccc(NS(=O)(=O)c2ccc(F)c(F)c2F)n1,1.2742,COC(=O)CN1C=CC(NS(=O)(=O)c2cc(C)ccc2O)C=N1,True,0.3356199999999999,-0.9385800000000001,0.3142857142857143,False,True
3.0,bin,6,-0.2550499439239502,-0.30299997329711914,-0.20709991455078125,1142531,CCOC(C)C(=O)NCCc1csc(-c2ccc(C)cc2)n1,3.2022200000000014,CCOC(=O)C(C)NCCc1csc(-c2ccccc2)n1,True,2.8938000000000015,-0.3084199999999999,0.5517241379310345,False,True
3.0,bin,6,-0.2550499439239502,-0.30299997329711914,-0.20709991455078125,1212157,CN(Cc1ccc(F)c(F)c1)C(=O)c1cncc(-c2cnn(C)c2)c1,3.0325000000000015,COc1ccccc1CN(C)C(=O)c1cncc(-c2cnn(C)c2)c1,True,2.762900000000001,-0.2696000000000005,0.6065573770491803,False,True
3.0,bin,6,-0.2550499439239502,-0.30299997329711914,-0.20709991455078125,1215394,CCn1nc(C)cc1C(=O)Oc1cccc(NC(=O)C(C)C)c1,3.025120000000001,CCC(=O)NC=C1C=CC(OC(=O)c2cc(C)nn2C)C=C1,True,1.79002,-1.2351000000000012,0.273972602739726,False,True
3.0,bin,6,-0.2550499439239502,-0.30299997329711914,-0.20709991455078125,1232922,CC(C)(C)OC(=O)NC1CCCN(S(=O)(=O)N2CCOCC2)C1,0.5525000000000011,CC(C)C(=O)NCC1CCCN(S(=O)(=O)N2CCOCC2)C1,True,0.04760000000000164,-0.5048999999999995,0.47368421052631576,False,False
3.0,bin,6,-0.2550499439239502,-0.30299997329711914,-0.20709991455078125,1238973,FC(F)(F)c1cnc(N2CCn3c(nnc3C3CC3)C2)c(Cl)c1,3.2429000000000023,FC(F)(F)Cl,True,1.7449999999999999,-1.4979000000000025,0.0851063829787234,False,True
3.0,bin,6,-0.2550499439239502,-0.30299997329711914,-0.20709991455078125,1299495,Cc1cc(CC(=O)N2CCCC2C(C#N)c2ccccc2)no1,2.823900000000001,N#CC(C(=O)N1CCCC1c1ccon1)C1C=CC=COC1,True,2.1941800000000002,-0.6297200000000007,0.2839506172839506,False,True
3.0,bin,6,-0.2550499439239502,-0.30299997329711914,-0.20709991455078125,1309906,CC(C)CC(NC(=O)c1cc(=O)c2ccccc2o1)C(=O)OC(C)C,2.8891000000000018,CC(CCC(C)NC(=O)C(C)C)NC(=O)c1cc(=O)c2ccccc2o1,True,2.8522,-0.03690000000000193,0.5636363636363636,False,True
3.0,bin,6,-0.2550499439239502,-0.30299997329711914,-0.20709991455078125,1362816,COCc1cccc(C(=O)NC2CC2c2cccc(Cl)c2)c1,3.772300000000002,O=C(NC1CC1c1cccc(Cl)c1)c1cccc(O)c1,True,3.331500000000002,-0.4408000000000003,0.7,False,True
3.0,bin,6,-0.2550499439239502,-0.30299997329711914,-0.20709991455078125,1441838,COCC(=O)NC(C(=O)Nc1cccc(-c2nccs2)c1)C(C)C,2.5358,CCOCC(O)CN(C)C(=O)Nc1cccc(-c2nccs2)c1,True,2.6712000000000007,0.13540000000000063,0.4857142857142857,False,True
3.0,bin,6,-0.2550499439239502,-0.30299997329711914,-0.20709991455078125,1450449,CCCNC(=O)CSc1nc2c(cc1C#N)CCCC2,2.450380000000001,CC#CC1=C(N=CSC(C)C(=O)NCC)CCCC1,True,3.1239000000000017,0.6735200000000008,0.2054794520547945,False,True
3.0,bin,6,-0.2550499439239502,-0.30299997329711914,-0.20709991455078125,1451910,O=S(=O)(NCc1nnc2ccccn12)c1ccc(F)c(F)c1,1.4859999999999995,COc1ccccc1S(=O)(=O)NCc1nnc2ccccn12,True,1.2164,-0.2695999999999996,0.5555555555555556,False,False
3.0,bin,6,-0.2550499439239502,-0.30299997329711914,-0.20709991455078125,1479798,Cc1nc(C)c(CCC(=O)N(CC(C)C)CC(F)(F)F)c(=O)[nH]1,2.3662400000000003,CCC(CC)N(CC)C(=O)CCc1c(C)nc(C)[nH]c1=O,True,2.35644,-0.009800000000000253,0.5370370370370371,False,True
3.0,bin,6,-0.2550499439239502,-0.30299997329711914,-0.20709991455078125,1507926,COC(=O)C(C)NC(=O)Cc1csc(-c2ccccc2Cl)n1,2.6837,COC(=O)CCC(=O)NCc1csc(-c2ccccc2F)n1,True,2.5186,-0.1650999999999998,0.4262295081967213,False,True
3.0,bin,6,-0.2550499439239502,-0.30299997329711914,-0.20709991455078125,1527882,Nc1ncccc1C(=O)Nc1ccc2cn[nH]c2c1,1.7923999999999998,CN(C)S(=O)(=O)c1cccc(C(=O)Nc2ccc3cn[nH]c3c2)c1,True,2.0655,0.27310000000000034,0.5084745762711864,False,True
3.0,bin,6,-0.2550499439239502,-0.30299997329711914,-0.20709991455078125,1532848,COc1ccc(-c2ccc3c(=O)[nH]cnc3c2)cc1Cl,3.2521000000000013,CCOc1cccc(-c2ccc3nc[nH]c(=O)c3c2)c1,True,2.9888000000000003,-0.263300000000001,0.42592592592592593,False,True
3.0,bin,6,-0.2550499439239502,-0.30299997329711914,-0.20709991455078125,1548351,COc1cc(OC)c2c(c1)C(c1cnccn1)NCC2,1.7288999999999999,Nc1cc(F)c2c(c1)C(c1cnccn1)NCC2,True,1.433,-0.29589999999999983,0.5490196078431373,False,True
3.0,bin,6,-0.2550499439239502,-0.30299997329711914,-0.20709991455078125,1570134,COc1cccc(C(C)N2CCN(C(=O)c3ccc(O)cc3)CC2)c1,2.9198000000000013,C=C1C(NC(=O)C2C=CC=COC2)CN1Cc1cccc(C#N)c1C,True,2.3971,-0.5227000000000013,0.12222222222222222,False,True
3.0,bin,6,-0.2550499439239502,-0.30299997329711914,-0.20709991455078125,1611406,CC(C)(C)N1CC(NC(=O)C2COc3ccc(F)cc3C2)CC1=O,1.8923999999999994,CCCCN1CC(C(=O)NC2COc3ccc(F)cc3C2)CC1=O,True,1.8939999999999997,0.0016000000000002679,0.5522388059701493,False,True
3.0,bin,6,-0.2550499439239502,-0.30299997329711914,-0.20709991455078125,1612684,CCCC1CN(C(=O)Nc2ccn(CCC(C)C)n2)CCO1,2.9620000000000015,CCC1CN(C(=O)Nc2ccn(CCC(F)(F)F)n2)CCO1,True,2.4782,-0.48380000000000134,0.6451612903225806,False,True
3.0,bin,6,-0.2550499439239502,-0.30299997329711914,-0.20709991455078125,1639675,CCC(CC)c1nnc(NC(=O)c2scnc2C2CC2)s1,4.0279000000000025,C=CC[SH]1C(CC)=NN=C1NC(=O)c1scnc1C1CC1,True,3.0306000000000015,-0.997300000000001,0.47619047619047616,False,True
3.0,bin,6,-0.2550499439239502,-0.30299997329711914,-0.20709991455078125,1675660,COc1ccnc(NC(=O)c2cccc(Cl)c2)c1,2.9959000000000007,CCOc1ccc(OC)c(C(=O)Nc2cc(OC)ccn2)c1,True,2.7498000000000005,-0.2461000000000002,0.5094339622641509,False,True
3.0,bin,6,-0.2550499439239502,-0.30299997329711914,-0.20709991455078125,1689728,CCc1noc(CSc2ncnc3sc(C)cc23)n1,3.237420000000002,CCc1noc(CSc2ncnc3sc(C)cc23)n1,True,3.237420000000002,0.0,1.0,True,False
3.0,bin,6,-0.2550499439239502,-0.30299997329711914,-0.20709991455078125,1720876,CC(C)(C)CC(=O)NCC(=O)Nc1ccc2c(c1)COC2,2.2077,O=C(CF)Nc1ccc2c(c1)COC2CF,True,2.1353999999999997,-0.07230000000000025,0.35714285714285715,False,True
3.0,bin,6,-0.2550499439239502,-0.30299997329711914,-0.20709991455078125,1757109,CC(C)Cc1ncc(CNc2ccc3c(c2)COC3)s1,3.983900000000003,FC(F)c1ncc(CNc2ccc3c(c2)COC3)s1,True,3.7230000000000016,-0.26090000000000124,0.64,False,True
3.0,bin,6,-0.2550499439239502,-0.30299997329711914,-0.20709991455078125,1774061,O=C1NCCCc2[nH]c(-c3cccc4[nH]ccc34)nc21,2.234,NC=CN=C1NCCCc2[nH]c(-c3cccc(N)c3)nc21,True,1.3712,-0.8628,0.34328358208955223,False,True
3.0,bin,6,-0.2550499439239502,-0.30299997329711914,-0.20709991455078125,1800687,Cc1nn(C)c(-c2nc(-c3cccnn3)no2)c1Cl,1.8889199999999997,C=CCn1nccc1-c1nc(-c2cccnn2)no1,True,1.5760999999999996,-0.3128200000000001,0.43859649122807015,False,True
3.0,bin,6,-0.2550499439239502,-0.30299997329711914,-0.20709991455078125,1815867,FC(F)(F)c1ccc(CN2CCOCC2c2ncon2)cc1,2.661900000000001,Brc1ccccc1CN1CCOCC1c1ncon1,True,2.4055999999999997,-0.2563000000000013,0.5818181818181818,False,True
3.0,bin,6,-0.2550499439239502,-0.30299997329711914,-0.20709991455078125,1828580,Cc1ccc(N2CC3OCC(=O)N(Cc4cccc(F)c4)C3C2)nn1,1.54032,COc1ccc(N2CCOCC(=O)N(Cc3ccccc3)CC2)nn1,True,1.3506,-0.1897199999999999,0.2987012987012987,False,True
3.0,bin,6,-0.2550499439239502,-0.30299997329711914,-0.20709991455078125,1836183,CCc1ccc(C(=O)NCc2nccc(N(C)C)n2)cc1,2.035,CN(C)c1nccc(CNC(=O)c2ccc(F)cc2)n1,True,1.6117000000000001,-0.4233,0.4716981132075472,False,True
3.0,bin,6,-0.2550499439239502,-0.30299997329711914,-0.20709991455078125,1842499,COc1ccccc1COc1ccccc1-c1cnn(CCO)c1,3.1300000000000017,NC(=O)Cn1cc(-c2ccccc2OCc2ccc(F)cc2F)cn1,True,2.8926000000000007,-0.23740000000000094,0.4918032786885246,False,True
3.0,bin,6,-0.2550499439239502,-0.30299997329711914,-0.20709991455078125,1865564,COC(CNC(=O)c1ccoc1)c1cccc(F)c1,2.536200000000001,N#CCOC=C1C=CC2C(=C(C=CO)C(=O)NCC2O)C1,True,0.84558,-1.690620000000001,0.06896551724137931,False,True
3.0,bin,6,-0.2550499439239502,-0.30299997329711914,-0.20709991455078125,1868773,CCCOc1ccc(Cl)c2c1CCNC2C1CC(=O)C1,3.2947000000000015,Cc1cc(OCC(C)C)cc2c1CCNC21CCC(=O)C1,True,3.123820000000001,-0.17088000000000036,0.20270270270270271,False,True
3.0,bin,6,-0.2550499439239502,-0.30299997329711914,-0.20709991455078125,1873123,CCC1OC(=O)c2c(OC)ccc(Br)c21,3.079200000000002,COc1ccc2c(c1OC)CC(C)(C)OC2=O,True,2.1953000000000005,-0.8839000000000015,0.2692307692307692,False,True
3.0,bin,6,-0.2550499439239502,-0.30299997329711914,-0.20709991455078125,1875028,Cc1cccc(C)c1NCC(=O)N1CCCC2CCCCC21,3.8965400000000034,COCc1ccc(NCC(=O)N2CCCC2C2CCC(C)C2)cc1,True,3.672100000000003,-0.22444000000000042,0.45,False,True
3.0,bin,6,-0.2550499439239502,-0.30299997329711914,-0.20709991455078125,1895921,CCC(CC)N(C)C(=O)CC1OC(=O)c2ccccc21,2.935200000000002,CCc1ccccc1C1C(=O)CN(CC)C(=O)C(C)OC1=O,True,1.6955,-1.2397000000000018,0.23809523809523808,False,True
3.0,bin,6,-0.2550499439239502,-0.30299997329711914,-0.20709991455078125,1907077,Cc1ccc2[nH]nc(C(=O)Nc3nc(-c4ccco4)cs3)c2c1,3.8401200000000015,C[SH]1C=CN=C1NC(=O)C=NNCC=CC=CC#N,True,0.78578,-3.0543400000000016,0.10227272727272728,False,True
3.0,bin,6,-0.2550499439239502,-0.30299997329711914,-0.20709991455078125,1913063,Cc1nn(C)c(C)c1CN(C(=O)c1cn2cccc(C)c2n1)C1CC1,2.797860000000001,COc1ccccnc(C(=O)N(Cc2cn(C)nc2C)C2CC2)c[nH]1,True,2.3894199999999994,-0.40844000000000147,0.3670886075949367,False,True
3.0,bin,6,-0.2550499439239502,-0.30299997329711914,-0.20709991455078125,1922265,CN(CCNC(=O)c1ccc2c(c1)ncn2C)c1ccccc1,2.4395000000000007,COC1=CC=CC(NC(=O)CNC(=O)c2cccc(N=CN)c2)C=C1,True,1.1759999999999993,-1.2635000000000014,0.18823529411764706,False,True
3.0,bin,7,-0.1658499836921692,-0.20709991455078125,-0.12460005283355713,32052,COc1ccccc1CNC(=O)Cc1c[nH]c2ccccc12,3.035400000000001,N#Cc1cccc(CNC(=O)Cc2c[nH]c3ccccc23)c1,True,2.898480000000001,-0.13691999999999993,0.5370370370370371,False,True
3.0,bin,7,-0.1658499836921692,-0.20709991455078125,-0.12460005283355713,116747,COCCSc1ccccc1C(=O)Nc1cccc(C)n1,3.3808200000000017,COCCSc1ccccc1C(=O)Nc1cccc(F)n1,True,3.211500000000001,-0.1693200000000008,0.7708333333333334,False,True
3.0,bin,7,-0.1658499836921692,-0.20709991455078125,-0.12460005283355713,131060,CS(=O)(=O)NCCc1csc(-c2ccc(F)cc2)n1,2.0408999999999997,CS(=O)(=O)NCCc1csc(-c2ccccc2)n1,True,1.9018,-0.13909999999999978,0.7619047619047619,False,True
3.0,bin,7,-0.1658499836921692,-0.20709991455078125,-0.12460005283355713,131949,CCc1c(C)nc(SCC(=O)NC(C)C)[nH]c1=O,1.25742,COC(=O)CSc1nc(C(C)(C)C)cc(=O)[nH]1,True,1.3324999999999998,0.07507999999999981,0.3103448275862069,False,True
3.0,bin,7,-0.1658499836921692,-0.20709991455078125,-0.12460005283355713,158879,COc1ccc(CC(=O)OCC(=O)c2c[nH]c3ccccc23)cc1,3.145100000000001,N#Cc1ccc(CC(=O)OCC(=O)c2c[nH]c3ccccc23)cc1,True,3.008180000000001,-0.13691999999999993,0.7058823529411765,False,True
3.0,bin,7,-0.1658499836921692,-0.20709991455078125,-0.12460005283355713,232056,COCCNC(=O)c1cc(=O)c2cc(C)ccc2o1,1.4776199999999993,COC(=O)CN(C)C(=O)c1oc2ccc(OC)cc2c1C,True,1.9948199999999998,0.5172000000000005,0.30158730158730157,False,True
3.0,bin,7,-0.1658499836921692,-0.20709991455078125,-0.12460005283355713,235788,O=C(Cn1nc(-c2ccco2)oc1=O)NCC(F)(F)F,0.7747999999999999,C=C(C)CNC(=O)Cn1nc(-c2ccco2)oc1=O,True,0.7886,0.013800000000000034,0.6792452830188679,False,True
3.0,bin,7,-0.1658499836921692,-0.20709991455078125,-0.12460005283355713,236081,CC(=O)c1c(C)[nH]c(C(=O)CSc2nc(C(C)C)n[nH]2)c1C,3.0506400000000014,CC(=O)c1c(C)[nH]c(C(=O)CSc2nc(C(C)C)n[nH]2)c1C,True,3.0506400000000014,0.0,1.0,True,False
3.0,bin,7,-0.1658499836921692,-0.20709991455078125,-0.12460005283355713,281081,O=C(Cn1cccn1)NCc1cccnc1Oc1ccc(F)cc1F,2.665000000000001,COc1ccc(Oc2ncccc2CNC(=O)Cn2cccn2)cc1,True,2.3954000000000004,-0.2696000000000005,0.6666666666666666,False,True
3.0,bin,7,-0.1658499836921692,-0.20709991455078125,-0.12460005283355713,284170,COc1ccc(-c2nc(CC(=O)Nc3cccc(C)n3)cs2)cc1,3.7033200000000024,O=C(Cc1csc(-c2ccc(F)cc2)n1)Nc1ccccn1,True,3.525400000000001,-0.1779200000000012,0.5423728813559322,False,True
3.0,bin,7,-0.1658499836921692,-0.20709991455078125,-0.12460005283355713,288369,Cc1ccc(NCc2nnc3n2CCCCC3)cc1C,3.2334400000000016,Fc1ccc(NCc2nnc3n2CCCCC3)c(F)c1F,True,3.033900000000002,-0.19953999999999983,0.5384615384615384,False,True
3.0,bin,7,-0.1658499836921692,-0.20709991455078125,-0.12460005283355713,302889,COc1ccc(OC)c(NC(=O)CCNC(=O)c2cccs2)c1,2.5239000000000003,N#Cc1ccc(NC(=O)CCNC(=O)c2cccs2)cc1,True,2.378380000000001,-0.14551999999999943,0.5,False,False
3.0,bin,7,-0.1658499836921692,-0.20709991455078125,-0.12460005283355713,327141,COc1ccc(OC)c(S(=O)(=O)Nc2ccn(C)n2)c1,1.2381,COc1c(N)ccc(S(=O)(=O)Nc2ccn(C)n2)c1F,True,0.9507999999999996,-0.28730000000000033,0.5283018867924528,False,True
3.0,bin,7,-0.1658499836921692,-0.20709991455078125,-0.12460005283355713,327382,CNC(=O)C1CN(C(=O)c2c(C)noc2C)c2ccccc2O1,1.4452399999999996,CNC(=O)CCN(C(=O)c1cnoc1)c1ccccc1O,True,1.1631000000000002,-0.2821399999999994,0.18421052631578946,False,True
3.0,bin,7,-0.1658499836921692,-0.20709991455078125,-0.12460005283355713,406491,COCCNC(=O)C1CCCN(S(=O)(=O)N2CCOCC2)C1,-0.9619999999999964,N#CC1CN(S(=O)(=O)N2CCC(C(N)=O)CC2)CCO1,True,-1.347119999999998,-0.3851200000000017,0.3225806451612903,False,True
3.0,bin,7,-0.1658499836921692,-0.20709991455078125,-0.12460005283355713,413951,O=C(Cn1ncn2cccc2c1=O)N1CCCCCC1,0.8985999999999996,CCCC(=O)Cn1ncn2cccc2c1=O,True,0.8652000000000001,-0.03339999999999954,0.5833333333333334,False,True
3.0,bin,7,-0.1658499836921692,-0.20709991455078125,-0.12460005283355713,427929,CCNc1nc(NCc2ccccc2Cl)c2cnn(C)c2n1,3.060600000000001,CCNc1nc(NCc2ccc(C)cc2)c2cnn(C)c2n1,True,2.7156200000000004,-0.3449800000000005,0.6346153846153846,False,False
3.0,bin,7,-0.1658499836921692,-0.20709991455078125,-0.12460005283355713,447130,CCC(NC(=O)C1CCN(C(=O)C2CC2)CC1)c1ccc(C)cc1,3.2109200000000016,CC(C)C(NC(=O)C1CCN(C(=O)C2CC2)CC1)c1ccccc1,True,3.148500000000002,-0.062419999999999476,0.5384615384615384,False,True
3.0,bin,7,-0.1658499836921692,-0.20709991455078125,-0.12460005283355713,481908,CCNS(=O)(=O)c1ccc(C)c(C(=O)Nc2ncccc2C)c1,2.24894,CC=CC(C=CS(=O)(=O)NCC)C(=O)Nc1ccccn1,True,1.6653999999999998,-0.5835400000000004,0.3181818181818182,False,True
3.0,bin,7,-0.1658499836921692,-0.20709991455078125,-0.12460005283355713,485220,Cc1nn(CC(=O)N2CCN(C)CC2)c(C)c1Br,1.03644,Cc1nn(CC(=O)NCc2cc(C)n(C)n2)cc1Br,True,1.3123399999999994,0.27589999999999937,0.2711864406779661,False,True
3.0,bin,7,-0.1658499836921692,-0.20709991455078125,-0.12460005283355713,526363,Cc1nnc(SCC(=O)Nc2ccc(O)cc2)n(N)c1=O,0.09692,CN(C)C(=O)c1ccc(NC(=O)CSc2nnc(N)n2N)cc1,True,0.006700000000000483,-0.09021999999999952,0.5357142857142857,False,True
3.0,bin,7,-0.1658499836921692,-0.20709991455078125,-0.12460005283355713,536853,COc1ccc(C2CCCN2C(=O)C2CCC2)c(OC)c1,3.1674000000000015,COC(=O)c1ccc(C2CCCN2C(=O)C2CCC2)cc1,True,2.9368000000000016,-0.23059999999999992,0.5192307692307693,False,True
3.0,bin,7,-0.1658499836921692,-0.20709991455078125,-0.12460005283355713,540312,Cc1nn(C)c2nc(C3CC3)cc(C(=O)NCC(=O)NC(C)(C)C)c12,1.7986199999999997,COCCCNC(=O)c1cc(C2CC2)nc2c1c(C)nn2C,True,1.9204199999999998,0.12180000000000013,0.65,False,True
3.0,bin,7,-0.1658499836921692,-0.20709991455078125,-0.12460005283355713,544381,Cc1nc(N2CCCC(C(=O)NC(C)C)C2)c2c(C)c(C)oc2n1,2.8890600000000006,CCC(=O)NCCCNC1=NC(C)=NCOC(C)=C(C)C1,True,1.9808999999999997,-0.908160000000001,0.1375,False,True
3.0,bin,7,-0.1658499836921692,-0.20709991455078125,-0.12460005283355713,544382,CCCNC(=O)C1CCCN(c2nc(C)nc3oc(C)c(C)c23)C1,2.8906600000000013,C=CCNC(=O)CCCN(C)c1nc(C)nc2oc(C)c(C)c12,True,2.666660000000001,-0.2240000000000002,0.32432432432432434,False,True
3.0,bin,7,-0.1658499836921692,-0.20709991455078125,-0.12460005283355713,550049,Cc1ccc(C)c(OCC(=O)Nc2cccc(-n3cnnc3)c2)c1,2.9016400000000013,CC(Oc1cccc(-n2cnnc2)c1)C(=O)Nc1ccccc1F,True,2.8124000000000002,-0.0892400000000011,0.36363636363636365,False,True
3.0,bin,7,-0.1658499836921692,-0.20709991455078125,-0.12460005283355713,573533,Cc1nn(-c2ncc(C(F)(F)F)cc2Cl)c(=O)o1,2.2011199999999995,CC(C)c1nnc(Nc2ncccc2Br)o1,True,3.094100000000001,0.8929800000000014,0.10606060606060606,False,True
3.0,bin,7,-0.1658499836921692,-0.20709991455078125,-0.12460005283355713,582555,O=C(NCC(O)c1ccccc1)c1ccc2c(=O)n3c(nc2c1)CCC3,1.8061000000000003,O=C(NCC(O)c1ccccc1O)c1ccc2c(=O)n3c(nc2c1)CCC3,True,1.5117000000000003,-0.2944,0.7833333333333333,False,True
3.0,bin,7,-0.1658499836921692,-0.20709991455078125,-0.12460005283355713,588547,Cc1n[nH]c(C)c1NC(=O)CCc1ccc(Cl)cc1Cl,3.9046400000000023,Cc1n[nH]c(C)c1NC(=O)CC(C)(C)c1ccc(F)c(F)c1,True,3.6111400000000025,-0.29349999999999987,0.46551724137931033,False,True
3.0,bin,7,-0.1658499836921692,-0.20709991455078125,-0.12460005283355713,607673,CCCN(CC1CC1)S(=O)(=O)c1ccccc1F,2.636400000000001,CCN(CC1CC1)S(=O)(=O)c1ccc(F)c(OC)c1,True,2.2549,-0.38150000000000084,0.4339622641509434,False,True
3.0,bin,7,-0.1658499836921692,-0.20709991455078125,-0.12460005283355713,617681,Cc1cc(C(=O)Nc2nc(-c3ccncc3)cs2)nn1C(C)C,3.5432200000000016,CC(C)Cn1ccc(C(=O)Nc2nc(-c3ccncc3)cs2)n1,True,3.3099000000000016,-0.23331999999999997,0.603448275862069,False,True
3.0,bin,7,-0.1658499836921692,-0.20709991455078125,-0.12460005283355713,650267,COc1ccc2oc(C(=O)NC3CCCCNC3=O)c(C)c2c1,2.14832,COc1ccc2oc(C(=O)NC3CCCNC3=O)c(C)c2c1,True,1.75822,-0.3901000000000001,0.9423076923076923,False,True
3.0,bin,7,-0.1658499836921692,-0.20709991455078125,-0.12460005283355713,668639,Cc1cc(NC(=O)c2ccccc2Cl)ncc1N,2.8779200000000005,Cc1ccnc(NC(=O)c2cccc(Br)c2)c1N,True,2.987020000000001,0.10910000000000064,0.3275862068965517,False,True
3.0,bin,7,-0.1658499836921692,-0.20709991455078125,-0.12460005283355713,673160,CCC(=O)Nc1ccc2oc(C(F)(F)F)cc(=O)c2c1,3.160300000000001,CCN(CC)C(=O)C=C1Oc2ccc(OC(F)F)cc2C1=O,True,2.615400000000001,-0.5449000000000002,0.2028985507246377,False,True
3.0,bin,7,-0.1658499836921692,-0.20709991455078125,-0.12460005283355713,711169,Cc1cccc(C(C)C)c1NC(=O)N(C)Cc1ccncc1,4.177320000000003,CN(Cc1ccccc1C(F)(F)F)C(=O)Nc1ccncc1,True,3.764300000000002,-0.4130200000000004,0.3898305084745763,False,True
3.0,bin,7,-0.1658499836921692,-0.20709991455078125,-0.12460005283355713,720969,Cc1noc(C)c1CCC(=O)OCC(=O)N1c2ccccc2CC1C,2.7450400000000013,Cc1noc(C)c1CCC(=O)OCC(=O)N1CCc2ccccc21,True,2.35654,-0.3885000000000014,0.6721311475409836,False,False
3.0,bin,7,-0.1658499836921692,-0.20709991455078125,-0.12460005283355713,730789,COC(=O)C1CCN(C(=O)c2cc3ccc(F)cc3nc2C)CC1,2.7075200000000006,COC(=O)C1CCN(C(=O)c2cnc3cc(OC)ccc3c2)CC1,True,2.2686,-0.4389200000000004,0.5081967213114754,False,True
3.0,bin,7,-0.1658499836921692,-0.20709991455078125,-0.12460005283355713,738178,Cc1ccc(-n2ccnc2SCc2nc(C3CC3)no2)cc1C,4.041840000000003,Fc1ccc(-n2ccnc2SCc2nc(C3CC3)no2)c(F)c1,True,3.7032000000000025,-0.3386400000000007,0.6271186440677966,False,True
3.0,bin,7,-0.1658499836921692,-0.20709991455078125,-0.12460005283355713,771897,COc1ccccc1OCC(=O)N(C)Cc1sccc1C,3.102520000000002,COc1ccc(OCC(=O)N(C)Cc2sccc2C)cc1OC,True,3.1111200000000023,0.008600000000000385,0.7346938775510204,False,True
3.0,bin,7,-0.1658499836921692,-0.20709991455078125,-0.12460005283355713,811446,COC(=O)C1(NC(=O)c2cc(Br)c[nH]2)CCCCCC1,2.7730000000000006,CCCCC(NC(=O)c1cc(Br)c(N(C)C)[nH]1)C(=O)OC,True,2.3048,-0.4682000000000004,0.26153846153846155,False,True
3.0,bin,7,-0.1658499836921692,-0.20709991455078125,-0.12460005283355713,848291,CCC(C)NC(=O)NCc1noc(-c2cccs2)n1,2.3958000000000004,CCN(CC)C(=O)CN(C)Cc1noc(-c2cccs2)n1,True,2.0983,-0.2975000000000003,0.4918032786885246,False,True
3.0,bin,7,-0.1658499836921692,-0.20709991455078125,-0.12460005283355713,863440,COc1ccc(-c2nc(CCCO)cs2)cc1OC,2.752200000000001,COc1ccc(-c2nc(CCO)cs2)cc1Br,True,3.1160000000000014,0.36380000000000035,0.6739130434782609,False,False
3.0,bin,7,-0.1658499836921692,-0.20709991455078125,-0.12460005283355713,864663,N#Cc1ccc(-c2cc(F)ccc2F)nc1N1CCCC1,3.498680000000002,N#Cc1c(N2CCCC2)ccnc1-c1ccc(F)cc1F,True,3.498680000000003,8.881784197001252e-16,0.41818181818181815,False,True
3.0,bin,7,-0.1658499836921692,-0.20709991455078125,-0.12460005283355713,872100,CCc1cccc(C)c1NCC(O)c1ccc2c(c1)OCCO2,3.474120000000002,Cc1cc(C)cc(NCC(O)c2ccc3c(c2)OCCO3)c1,True,3.2201400000000016,-0.2539800000000003,0.5882352941176471,False,False
3.0,bin,7,-0.1658499836921692,-0.20709991455078125,-0.12460005283355713,886334,COc1ccc(C(=O)N2CCCC(C(=O)N3CCCCC3)C2)c(O)c1,2.2655000000000003,Nc1ccc(C(=O)N2CCCC(C(=O)N3CCCCC3)C2)cc1,True,2.1334999999999997,-0.13200000000000056,0.5,False,True
3.0,bin,7,-0.1658499836921692,-0.20709991455078125,-0.12460005283355713,887387,COCCNC(=O)N(Cc1cccc(F)c1)CC1CCCO1,2.1627,COCC(=O)N(Cc1cccc(OC)c1)CC1CCCO1,True,1.8492,-0.3135000000000001,0.546875,False,True
3.0,bin,7,-0.1658499836921692,-0.20709991455078125,-0.12460005283355713,889149,N#Cc1ccc(NC(=O)c2ccc(Br)cc2Cl)nc1,3.621480000000001,Cc1cccnc1NC(=O)c1cc(Br)ccc1O,True,3.1104200000000017,-0.5110599999999992,0.31666666666666665,False,True
3.0,bin,7,-0.1658499836921692,-0.20709991455078125,-0.12460005283355713,913483,O=C(CNC(=O)NCCc1c(Cl)cccc1Cl)NC1CC1,2.1137000000000006,CC(C)C(CNC(=O)NCC(=O)NC1CC1)c1ccccc1F,True,2.1430999999999996,0.029399999999998983,0.43859649122807015,False,True
3.0,bin,7,-0.1658499836921692,-0.20709991455078125,-0.12460005283355713,917620,C=CCN(Cc1ccccc1OC)C(=O)c1csc(C)n1,3.288520000000002,C=CCN(Cc1ccc(OC)cc1)C(=O)c1csc(C)n1,True,3.288520000000002,0.0,0.6666666666666666,False,True
3.0,bin,7,-0.1658499836921692,-0.20709991455078125,-0.12460005283355713,918312,CCOc1ccc(Cl)c(C(=O)N2CCN(c3ncccn3)CC2)n1,1.8860999999999997,O=C(c1ncccc1Cl)N1CCN(c2ncc(Cl)cn2)CC1,True,2.1407999999999996,0.2546999999999999,0.5471698113207547,False,True
3.0,bin,7,-0.1658499836921692,-0.20709991455078125,-0.12460005283355713,922879,CC(=O)c1ccc(N2CCN(Cc3c(F)cccc3F)CC2)cc1,3.489600000000003,CC(=O)c1ccc(N2CCN(Cc3ccccc3F)CC2)cc1,True,3.350500000000002,-0.1391000000000009,0.7441860465116279,False,False
3.0,bin,7,-0.1658499836921692,-0.20709991455078125,-0.12460005283355713,927535,COc1cc(CN2CCN(c3ccccc3F)CC2)ccc1O,2.862100000000002,COc1cccc(N2CCN(Cc3ccccc3)CC2)c1O,True,2.723000000000001,-0.1391000000000009,0.5490196078431373,False,True
3.0,bin,7,-0.1658499836921692,-0.20709991455078125,-0.12460005283355713,927567,Cc1ccccc1N1CCN(Cc2cccc(O)c2)CC1,3.022820000000001,Oc1cccc(N2CCN(Cc3ccccc3F)CC2)c1,True,2.8535000000000013,-0.16931999999999992,0.44,False,True
3.0,bin,7,-0.1658499836921692,-0.20709991455078125,-0.12460005283355713,938108,CC(c1ccccc1)N(C)C(=O)CCC(=O)Nc1nccs1,3.0814000000000012,CC(C(=O)NCC(=O)Nc1nccs1)c1cccc(C#N)c1,True,1.8731799999999998,-1.2082200000000014,0.4461538461538462,False,True
3.0,bin,7,-0.1658499836921692,-0.20709991455078125,-0.12460005283355713,943303,CN(CCCOc1ccccc1)C(=O)Nc1cccc2c1OCCO2,3.390600000000002,O=C(NCCCOc1ccccc1F)Nc1cccc2c1OCCO2,True,3.187500000000001,-0.20310000000000095,0.484375,False,True
3.0,bin,7,-0.1658499836921692,-0.20709991455078125,-0.12460005283355713,946289,CC(NC(=O)C1(c2cc(-c3ccco3)on2)CC1)c1ccccc1,3.843600000000002,CC1NC(=O)C(C)(c2ccco2)C1c1cc(-c2ccccc2)on1,True,3.4944000000000024,-0.34919999999999973,0.273972602739726,False,True
3.0,bin,7,-0.1658499836921692,-0.20709991455078125,-0.12460005283355713,994077,Cc1nnc(Cn2c(-c3cccc(Br)c3)noc2=O)o1,2.0055199999999997,Cc1ccc(C)c(-c2nnc(Cn3c(C)noc3=O)o2)c1,True,1.85986,-0.14565999999999968,0.423728813559322,False,True
3.0,bin,7,-0.1658499836921692,-0.20709991455078125,-0.12460005283355713,1065620,O=C(NCc1cccnc1Oc1ccccc1)c1cccnc1,3.198900000000002,O=C(NCc1cccnc1Oc1ccccc1)c1cccnc1O,True,2.904500000000002,-0.2944,0.673469387755102,False,True
3.0,bin,7,-0.1658499836921692,-0.20709991455078125,-0.12460005283355713,1093926,CN(C(=O)CNc1cccc(OCC2CCCO2)c1)c1ccccc1,3.319300000000002,O=C(CNc1ccccc1)Nc1cccc(OCC2CCCO2)c1,True,3.2950000000000017,-0.02430000000000021,0.6779661016949152,False,False
3.0,bin,7,-0.1658499836921692,-0.20709991455078125,-0.12460005283355713,1107920,CCc1ccc(-n2cc(C(=O)NC(C)c3ccccc3)nn2)cc1,3.320700000000002,CSc1ccc(CNC(=O)c2cn(-c3ccccc3)nn2)cc1,True,2.919200000000001,-0.4015000000000013,0.5,False,True
3.0,bin,7,-0.1658499836921692,-0.20709991455078125,-0.12460005283355713,1113130,CC(NC(=O)Cn1nnnc1C(C)(C)C)c1cccc2ccccc12,3.0012000000000016,CCCn1nnnc1C(C)NC(=O)C(C)Nc1cccc2ccccc12,True,2.9141000000000004,-0.08710000000000129,0.43283582089552236,False,True
3.0,bin,7,-0.1658499836921692,-0.20709991455078125,-0.12460005283355713,1121751,COC(=O)Cn1ccc(NS(=O)(=O)c2ccc(F)c(F)c2F)n1,1.2742,COC(=O)Cn1ccc(NS(=O)(=O)c2cc(F)ccc2F)n1,True,1.1351,-0.1391,0.7450980392156863,False,True
3.0,bin,7,-0.1658499836921692,-0.20709991455078125,-0.12460005283355713,1142531,CCOC(C)C(=O)NCCc1csc(-c2ccc(C)cc2)n1,3.2022200000000014,C=CCC(=O)NCCC(N=CC1=CC=C(C)C1F)SC,True,3.0531000000000015,-0.14911999999999992,0.14814814814814814,False,True
3.0,bin,7,-0.1658499836921692,-0.20709991455078125,-0.12460005283355713,1212157,CN(Cc1ccc(F)c(F)c1)C(=O)c1cncc(-c2cnn(C)c2)c1,3.0325000000000015,CN(Cc1cccc(F)c1)C(=O)c1cncc(-c2cnn(C)c2)c1,True,2.8934000000000006,-0.1391000000000009,0.7636363636363637,False,True
3.0,bin,7,-0.1658499836921692,-0.20709991455078125,-0.12460005283355713,1215394,CCn1nc(C)cc1C(=O)Oc1cccc(NC(=O)C(C)C)c1,3.025120000000001,CCC(C#N)Oc1cccc(OC(=O)c2cc(C)nn2CC)c1,True,3.111600000000002,0.08648000000000078,0.603448275862069,False,True
3.0,bin,7,-0.1658499836921692,-0.20709991455078125,-0.12460005283355713,1232922,CC(C)(C)OC(=O)NC1CCCN(S(=O)(=O)N2CCOCC2)C1,0.5525000000000011,CCCCC(=O)NC1CCCN(S(=O)(=O)N2CCOCC2)C1,True,0.3342000000000014,-0.21829999999999972,0.6037735849056604,False,True
3.0,bin,7,-0.1658499836921692,-0.20709991455078125,-0.12460005283355713,1238973,FC(F)(F)c1cnc(N2CCn3c(nnc3C3CC3)C2)c(Cl)c1,3.2429000000000023,Clc1cnc(N2CCn3c(nnc3C3CC3)C2)c(Cl)c1,True,2.8775000000000013,-0.36540000000000106,0.7346938775510204,False,True
3.0,bin,7,-0.1658499836921692,-0.20709991455078125,-0.12460005283355713,1299495,Cc1cc(CC(=O)N2CCCC2C(C#N)c2ccccc2)no1,2.823900000000001,COc1ccc(C(C#N)CCCNC(=O)Cc2cc(C)on2)cc1,True,2.7379000000000007,-0.0860000000000003,0.37333333333333335,False,True
3.0,bin,7,-0.1658499836921692,-0.20709991455078125,-0.12460005283355713,1309906,CC(C)CC(NC(=O)c1cc(=O)c2ccccc2o1)C(=O)OC(C)C,2.8891000000000018,COC(O)(NC(=O)c1cc(=O)c2cc(Br)ccc2o1)C(C)C,True,2.2337999999999996,-0.6553000000000022,0.375,False,True
3.0,bin,7,-0.1658499836921692,-0.20709991455078125,-0.12460005283355713,1362816,COCc1cccc(C(=O)NC2CC2c2cccc(Cl)c2)c1,3.772300000000002,O=C(NC1CC1C(F)F)c1cccc(-c2ccccc2F)c1,True,3.8761000000000028,0.10380000000000056,0.31343283582089554,False,True
3.0,bin,7,-0.1658499836921692,-0.20709991455078125,-0.12460005283355713,1441838,COCC(=O)NC(C(=O)Nc1cccc(-c2nccs2)c1)C(C)C,2.5358,CCOCC(=O)NC(C)C(=O)Nc1cccc(-c2nccs2)c1,True,2.2897999999999996,-0.24600000000000044,0.6721311475409836,False,True
3.0,bin,7,-0.1658499836921692,-0.20709991455078125,-0.12460005283355713,1450449,CCCNC(=O)CSc1nc2c(cc1C#N)CCCC2,2.450380000000001,CCc1cnc(SCC(=O)NC(C)COC)c(C#N)c1,True,1.75888,-0.6915000000000009,0.36231884057971014,False,True
3.0,bin,7,-0.1658499836921692,-0.20709991455078125,-0.12460005283355713,1451910,O=S(=O)(NCc1nnc2ccccn12)c1ccc(F)c(F)c1,1.4859999999999995,COc1ccccc1S(=O)(=O)NCc1nnc2ccccn12,True,1.2164,-0.2695999999999996,0.5555555555555556,False,False
3.0,bin,7,-0.1658499836921692,-0.20709991455078125,-0.12460005283355713,1479798,Cc1nc(C)c(CCC(=O)N(CC(C)C)CC(F)(F)F)c(=O)[nH]1,2.3662400000000003,CC=NC(=C(F)CCC(=O)N(C)C(C)C(F)F)C(C)C,True,3.8064000000000027,1.4401600000000023,0.17647058823529413,False,True
3.0,bin,7,-0.1658499836921692,-0.20709991455078125,-0.12460005283355713,1507926,COC(=O)C(C)NC(=O)Cc1csc(-c2ccccc2Cl)n1,2.6837,COC(=O)C(C)NC(=O)Cc1csc(-c2ccccc2C)n1,True,2.3387199999999995,-0.3449800000000005,0.78,False,True
3.0,bin,7,-0.1658499836921692,-0.20709991455078125,-0.12460005283355713,1527882,Nc1ncccc1C(=O)Nc1ccc2cn[nH]c2c1,1.7923999999999998,NC1=NN=C2C=CC(NC(=O)c3cccnc3)=CC12,True,0.6080999999999994,-1.1843000000000004,0.25757575757575757,False,True
3.0,bin,7,-0.1658499836921692,-0.20709991455078125,-0.12460005283355713,1532848,COc1ccc(-c2ccc3c(=O)[nH]cnc3c2)cc1Cl,3.2521000000000013,Cc1c(C2C=CC=COCC2)ccc2nc[nH]c(=O)c12,True,2.80532,-0.4467800000000013,0.23880597014925373,False,True
3.0,bin,7,-0.1658499836921692,-0.20709991455078125,-0.12460005283355713,1548351,COc1cc(OC)c2c(c1)C(c1cnccn1)NCC2,1.7288999999999999,COc1ccc2c(c1OC)C(c1cnccn1)NCC2,True,1.7288999999999999,0.0,0.5185185185185185,False,False
3.0,bin,7,-0.1658499836921692,-0.20709991455078125,-0.12460005283355713,1570134,COc1cccc(C(C)N2CCN(C(=O)c3ccc(O)cc3)CC2)c1,2.9198000000000013,COc1ccc(C(=O)N2CCN(Cc3cccc(O)c3)CC2)c(F)c1,True,2.4979000000000005,-0.42190000000000083,0.38461538461538464,False,True
3.0,bin,7,-0.1658499836921692,-0.20709991455078125,-0.12460005283355713,1611406,CC(C)(C)N1CC(NC(=O)C2COc3ccc(F)cc3C2)CC1=O,1.8923999999999994,CC1c2ccccc2OCC1NC(=O)C1CN(C(C)(C)C)C1=O,True,1.9242,0.031800000000000495,0.352112676056338,False,True
3.0,bin,7,-0.1658499836921692,-0.20709991455078125,-0.12460005283355713,1612684,CCCC1CN(C(=O)Nc2ccn(CCC(C)C)n2)CCO1,2.9620000000000015,CC(C)CCn1ccc(NC(=O)N2CCCOC2C)n1,True,2.5294000000000008,-0.43260000000000076,0.5967741935483871,False,True
3.0,bin,7,-0.1658499836921692,-0.20709991455078125,-0.12460005283355713,1639675,CCC(CC)c1nnc(NC(=O)c2scnc2C2CC2)s1,4.0279000000000025,CC1C=NN=C(NC(=O)c2scnc2C2CC2S)CC1,True,2.4728000000000003,-1.5551000000000021,0.36363636363636365,False,True
3.0,bin,7,-0.1658499836921692,-0.20709991455078125,-0.12460005283355713,1675660,COc1ccnc(NC(=O)c2cccc(Cl)c2)c1,2.9959000000000007,COc1ccnc(NC(=O)c2ccc(Br)cc2O)c1,True,2.810600000000001,-0.1852999999999998,0.5192307692307693,False,False
3.0,bin,7,-0.1658499836921692,-0.20709991455078125,-0.12460005283355713,1689728,CCc1noc(CSc2ncnc3sc(C)cc23)n1,3.237420000000002,CCc1noc(CSc2ncnc3sc(C)cc23)n1,True,3.237420000000002,0.0,1.0,True,False
3.0,bin,7,-0.1658499836921692,-0.20709991455078125,-0.12460005283355713,1720876,CC(C)(C)CC(=O)NCC(=O)Nc1ccc2c(c1)COC2,2.2077,CCCC(NC(C)=O)C(=O)Nc1ccc2c(c1)COC2,True,1.9600999999999997,-0.24760000000000026,0.45454545454545453,False,True
3.0,bin,7,-0.1658499836921692,-0.20709991455078125,-0.12460005283355713,1757109,CC(C)Cc1ncc(CNc2ccc3c(c2)COC3)s1,3.983900000000003,FC(F)(F)CC=NC=C(S)CNc1ccc2c(c1)COC2,True,3.9231000000000016,-0.0608000000000013,0.34375,False,True
3.0,bin,7,-0.1658499836921692,-0.20709991455078125,-0.12460005283355713,1774061,O=C1NCCCc2[nH]c(-c3cccc4[nH]ccc34)nc21,2.234,O=CNCC1=CC(c2cccc3[nH]ccc23)NCC1,True,1.8746999999999998,-0.3593000000000002,0.27941176470588236,False,True
3.0,bin,7,-0.1658499836921692,-0.20709991455078125,-0.12460005283355713,1800687,Cc1nn(C)c(-c2nc(-c3cccnn3)no2)c1Cl,1.8889199999999997,CCn1nc(C)cc1-c1nc(-c2cccnn2)no1,True,1.7184199999999998,-0.17049999999999987,0.509090909090909,False,True
3.0,bin,7,-0.1658499836921692,-0.20709991455078125,-0.12460005283355713,1815867,FC(F)(F)c1ccc(CN2CCOCC2c2ncon2)cc1,2.661900000000001,CCSc1ccc(CN2CCOCC2c2ncon2)cc1,True,2.7551000000000014,0.0932000000000004,0.6666666666666666,False,True
3.0,bin,7,-0.1658499836921692,-0.20709991455078125,-0.12460005283355713,1828580,Cc1ccc(N2CC3OCC(=O)N(Cc4cccc(F)c4)C3C2)nn1,1.54032,O=C1COC2(CCN(Cc3ccccc3)C2)N1c1ccc(F)nn1,True,1.5811,0.04078000000000004,0.27848101265822783,False,True
3.0,bin,7,-0.1658499836921692,-0.20709991455078125,-0.12460005283355713,1836183,CCc1ccc(C(=O)NCc2nccc(N(C)C)n2)cc1,2.035,CC(=O)Nc1ccc(F)c(C(=O)NCc2nccc(C)n2)c1,True,1.81252,-0.22248000000000023,0.3492063492063492,False,True
3.0,bin,7,-0.1658499836921692,-0.20709991455078125,-0.12460005283355713,1842499,COc1ccccc1COc1ccccc1-c1cnn(CCO)c1,3.1300000000000017,NC(=O)NCc1cn(Cc2ccccc2-c2ccccc2)cn1,True,2.7667,-0.3633000000000015,0.2537313432835821,False,True
3.0,bin,7,-0.1658499836921692,-0.20709991455078125,-0.12460005283355713,1865564,COC(CNC(=O)c1ccoc1)c1cccc(F)c1,2.536200000000001,O=C(NCC(O)c1ccoc1)c1c(F)cccc1F,True,2.0212000000000003,-0.5150000000000006,0.42105263157894735,False,False
3.0,bin,7,-0.1658499836921692,-0.20709991455078125,-0.12460005283355713,1868773,CCCOc1ccc(Cl)c2c1CCNC2C1CC(=O)C1,3.2947000000000015,CCCC(C)(C)c1cccc2c1CCNC2C(O)CC=O,True,2.9010000000000007,-0.3937000000000008,0.22972972972972974,False,True
3.0,bin,7,-0.1658499836921692,-0.20709991455078125,-0.12460005283355713,1873123,CCC1OC(=O)c2c(OC)ccc(Br)c21,3.079200000000002,COc1ccc(Br)cc1C(C)(C)OC=O,True,2.865800000000001,-0.21340000000000092,0.2549019607843137,False,True
3.0,bin,7,-0.1658499836921692,-0.20709991455078125,-0.12460005283355713,1875028,Cc1cccc(C)c1NCC(=O)N1CCCC2CCCCC21,3.8965400000000034,O=C(CNc1ccc(F)cc1)N1CCCC1C1CCCC1,True,3.4188000000000027,-0.4777400000000007,0.6041666666666666,False,True
3.0,bin,7,-0.1658499836921692,-0.20709991455078125,-0.12460005283355713,1895921,CCC(CC)N(C)C(=O)CC1OC(=O)c2ccccc21,2.935200000000002,CCCN(CCC)C(=O)CC1OC(=O)c2ccccc21,True,2.9368000000000016,0.0015999999999998238,0.6444444444444445,False,False
3.0,bin,7,-0.1658499836921692,-0.20709991455078125,-0.12460005283355713,1907077,Cc1ccc2[nH]nc(C(=O)Nc3nc(-c4ccco4)cs3)c2c1,3.8401200000000015,O=C(Nc1nc(-c2ccccc2)cs1)c1n[nH]c2ccccc12,True,3.9387000000000016,0.09858000000000011,0.55,False,False
3.0,bin,7,-0.1658499836921692,-0.20709991455078125,-0.12460005283355713,1913063,Cc1nn(C)c(C)c1CN(C(=O)c1cn2cccc(C)c2n1)C1CC1,2.797860000000001,CCN(Cc1cn2ccccc2n1)C(=O)c1c(C)nn(C)c1C,True,2.34694,-0.4509200000000009,0.3698630136986301,False,True
3.0,bin,7,-0.1658499836921692,-0.20709991455078125,-0.12460005283355713,1922265,CN(CCNC(=O)c1ccc2c(c1)ncn2C)c1ccccc1,2.4395000000000007,Cn1cncc2c(C(=O)NCCNc3ccc(O)cc3)ccc1-2,True,2.0724,-0.36710000000000065,0.2676056338028169,False,True
3.0,bin,8,-0.0693100094795227,-0.12460005283355713,-0.014019966125488281,32052,COc1ccccc1CNC(=O)Cc1c[nH]c2ccccc12,3.035400000000001,C#CCOc1cccc(CNC(=O)Cc2c[nH]c3ccccc23)c1,True,3.038800000000001,0.0034000000000000696,0.5172413793103449,False,True
3.0,bin,8,-0.0693100094795227,-0.12460005283355713,-0.014019966125488281,116747,COCCSc1ccccc1C(=O)Nc1cccc(C)n1,3.3808200000000017,COCCSc1cccc(C(=O)Nc2cc(OC)ccn2)c1,True,3.0810000000000013,-0.2998200000000004,0.4032258064516129,False,True
3.0,bin,8,-0.0693100094795227,-0.12460005283355713,-0.014019966125488281,131060,CS(=O)(=O)NCCc1csc(-c2ccc(F)cc2)n1,2.0408999999999997,O=S(=O)(Cc1csc(-c2ccc(Cl)cc2)n1)NCCO,True,1.8752,-0.16569999999999974,0.46153846153846156,False,True
3.0,bin,8,-0.0693100094795227,-0.12460005283355713,-0.014019966125488281,131949,CCc1c(C)nc(SCC(=O)NC(C)C)[nH]c1=O,1.25742,CC(=O)NCCCSc1nc(C(C)C)cc(=O)[nH]1,True,1.5115999999999998,0.25417999999999985,0.2903225806451613,False,True
3.0,bin,8,-0.0693100094795227,-0.12460005283355713,-0.014019966125488281,158879,COc1ccc(CC(=O)OCC(=O)c2c[nH]c3ccccc23)cc1,3.145100000000001,CN(C)c1ccc(CC(=O)OCC(=O)c2c[nH]c3ccccc23)cc1,True,3.2025000000000015,0.05740000000000034,0.74,False,True
3.0,bin,8,-0.0693100094795227,-0.12460005283355713,-0.014019966125488281,232056,COCCNC(=O)c1cc(=O)c2cc(C)ccc2o1,1.4776199999999993,COCCCNC(=O)CNC(=O)c1cc(=O)c2ccc(C)cc2o1,True,0.9839200000000007,-0.4936999999999986,0.6111111111111112,False,True
3.0,bin,8,-0.0693100094795227,-0.12460005283355713,-0.014019966125488281,235788,O=C(Cn1nc(-c2ccco2)oc1=O)NCC(F)(F)F,0.7747999999999999,O=C(Cn1nc(-c2ccco2)oc1=O)C(F)(F)F,True,1.2276999999999998,0.45289999999999986,0.6938775510204082,False,True
3.0,bin,8,-0.0693100094795227,-0.12460005283355713,-0.014019966125488281,236081,CC(=O)c1c(C)[nH]c(C(=O)CSc2nc(C(C)C)n[nH]2)c1C,3.0506400000000014,CC(=O)c1[nH]c(SCC(=O)c2nc(C(F)F)[nH]c2C)nc1C,True,2.864840000000001,-0.1858000000000004,0.3709677419354839,False,True
3.0,bin,8,-0.0693100094795227,-0.12460005283355713,-0.014019966125488281,281081,O=C(Cn1cccn1)NCc1cccnc1Oc1ccc(F)cc1F,2.665000000000001,C=CN1CC(=O)NCc2cccnc2OC(C=CC=CNC(=O)CC)C=N1,True,1.4861999999999995,-1.1788000000000014,0.18556701030927836,False,True
3.0,bin,8,-0.0693100094795227,-0.12460005283355713,-0.014019966125488281,284170,COc1ccc(-c2nc(CC(=O)Nc3cccc(C)n3)cs2)cc1,3.7033200000000024,CC(=O)c1ccccc1NC(=O)Cc1csc(-c2ccccc2)n1,True,4.193900000000004,0.49058000000000135,0.48333333333333334,False,True
3.0,bin,8,-0.0693100094795227,-0.12460005283355713,-0.014019966125488281,288369,Cc1ccc(NCc2nnc3n2CCCCC3)cc1C,3.2334400000000016,Fc1ccc(Cl)cc1NCc1nnc2n1CCCCC2,True,3.4091000000000014,0.1756599999999997,0.5471698113207547,False,True
3.0,bin,8,-0.0693100094795227,-0.12460005283355713,-0.014019966125488281,302889,COc1ccc(OC)c(NC(=O)CCNC(=O)c2cccs2)c1,2.5239000000000003,CC(=O)N(C)c1cccc(NC(=O)CCNC(=O)c2cccs2)c1,True,2.4894000000000007,-0.03449999999999953,0.5,False,True
3.0,bin,8,-0.0693100094795227,-0.12460005283355713,-0.014019966125488281,327141,COc1ccc(OC)c(S(=O)(=O)Nc2ccn(C)n2)c1,1.2381,CNC=CC1=NC(=C(C=COC)OC)S(=O)(=O)N1,True,0.026600000000000013,-1.2115,0.1,False,True
3.0,bin,8,-0.0693100094795227,-0.12460005283355713,-0.014019966125488281,327382,CNC(=O)C1CN(C(=O)c2c(C)noc2C)c2ccccc2O1,1.4452399999999996,CNC(=O)C1CN(C(=O)c2conc2C)Cc2ccccc2O1,True,1.1324199999999998,-0.3128199999999999,0.484375,False,True
3.0,bin,8,-0.0693100094795227,-0.12460005283355713,-0.014019966125488281,406491,COCCNC(=O)C1CCCN(S(=O)(=O)N2CCOCC2)C1,-0.9619999999999964,NC(=O)C1CCCN(S(=O)(=O)N2CCOC(N)(Cl)C2)C1,True,-1.3879999999999972,-0.4260000000000008,0.39344262295081966,False,True
3.0,bin,8,-0.0693100094795227,-0.12460005283355713,-0.014019966125488281,413951,O=C(Cn1ncn2cccc2c1=O)N1CCCCCC1,0.8985999999999996,CN(C)c1nn(CC(=O)N2CCCCCC2)c(=O)cccc[nH]1,True,1.1643999999999992,0.2657999999999996,0.4067796610169492,False,True
3.0,bin,8,-0.0693100094795227,-0.12460005283355713,-0.014019966125488281,427929,CCNc1nc(NCc2ccccc2Cl)c2cnn(C)c2n1,3.060600000000001,CCn1ncc2c(NCC3=CC=C(OC(C)C)C=CO3)ncnc21,True,2.9948000000000015,-0.06579999999999941,0.23076923076923078,False,True
3.0,bin,8,-0.0693100094795227,-0.12460005283355713,-0.014019966125488281,447130,CCC(NC(=O)C1CCN(C(=O)C2CC2)CC1)c1ccc(C)cc1,3.2109200000000016,CC(C)C(NC(=O)C1CCN(C(=O)C2CC2)CC1)c1ccccc1,True,3.148500000000002,-0.062419999999999476,0.5384615384615384,False,True
3.0,bin,8,-0.0693100094795227,-0.12460005283355713,-0.014019966125488281,481908,CCNS(=O)(=O)c1ccc(C)c(C(=O)Nc2ncccc2C)c1,2.24894,C=COc1cccnc1NC(=O)C1CCNS(=O)(=O)C=CC=C1C,True,1.9417,-0.3072400000000002,0.2345679012345679,False,True
3.0,bin,8,-0.0693100094795227,-0.12460005283355713,-0.014019966125488281,485220,Cc1nn(CC(=O)N2CCN(C)CC2)c(C)c1Br,1.03644,CCN1CCN(C(=O)C2C=C(C)N(CC)N2C)C(=N)C1,True,0.5824700000000007,-0.4539699999999993,0.171875,False,True
3.0,bin,8,-0.0693100094795227,-0.12460005283355713,-0.014019966125488281,526363,Cc1nnc(SCC(=O)Nc2ccc(O)cc2)n(N)c1=O,0.09692,Cc1cccc(NC(=O)CSc2nncc(=O)n2N)c1,True,0.3913199999999998,0.2943999999999998,0.4915254237288136,False,False
3.0,bin,8,-0.0693100094795227,-0.12460005283355713,-0.014019966125488281,536853,COc1ccc(C2CCCN2C(=O)C2CCC2)c(OC)c1,3.1674000000000015,CC(=O)N(C)Cc1ccc(C2CCCN2C(=O)C2CCC2)cc1,True,3.1285000000000016,-0.038899999999999935,0.43103448275862066,False,True
3.0,bin,8,-0.0693100094795227,-0.12460005283355713,-0.014019966125488281,540312,Cc1nn(C)c2nc(C3CC3)cc(C(=O)NCC(=O)NC(C)(C)C)c12,1.7986199999999997,CCn1nc(C)c2c(C(=O)NCC(=O)NC)cc(C3CC3)nc21,True,1.1128200000000001,-0.6857999999999995,0.6229508196721312,False,True
3.0,bin,8,-0.0693100094795227,-0.12460005283355713,-0.014019966125488281,544381,Cc1nc(N2CCCC(C(=O)NC(C)C)C2)c2c(C)c(C)oc2n1,2.8890600000000006,Cc1coc2nc(C(C)C)nc(N3CCC(C(=O)N(C)C)CC3)c12,True,2.959220000000001,0.07016000000000044,0.3013698630136986,False,True
3.0,bin,8,-0.0693100094795227,-0.12460005283355713,-0.014019966125488281,544382,CCCNC(=O)C1CCCN(c2nc(C)nc3oc(C)c(C)c23)C1,2.8906600000000013,Cc1nc(N2C=CCNC(=O)CCCC2)c2c(C)c(C)oc2n1,True,2.7682600000000006,-0.12240000000000073,0.3611111111111111,False,True
3.0,bin,8,-0.0693100094795227,-0.12460005283355713,-0.014019966125488281,550049,Cc1ccc(C)c(OCC(=O)Nc2cccc(-n3cnnc3)c2)c1,2.9016400000000013,O=C(Cl)COc1cccc(-n2cnnc2)c1,True,1.4115,-1.4901400000000014,0.43636363636363634,False,True
3.0,bin,8,-0.0693100094795227,-0.12460005283355713,-0.014019966125488281,573533,Cc1nn(-c2ncc(C(F)(F)F)cc2Cl)c(=O)o1,2.2011199999999995,CCc1nn(-c2ncc(C(F)(F)F)cc2Cl)c(=O)o1,True,2.4551,0.2539800000000003,0.717391304347826,False,True
3.0,bin,8,-0.0693100094795227,-0.12460005283355713,-0.014019966125488281,582555,O=C(NCC(O)c1ccccc1)c1ccc2c(=O)n3c(nc2c1)CCC3,1.8061000000000003,O=C(NCC(O)c1ccccc1)c1ccc2c(=O)n3c(nc2c1)CCC3,True,1.8061000000000003,0.0,1.0,True,False
3.0,bin,8,-0.0693100094795227,-0.12460005283355713,-0.014019966125488281,588547,Cc1n[nH]c(C)c1NC(=O)CCc1ccc(Cl)cc1Cl,3.9046400000000023,CCn1nc(C(C)C)c(NC(=O)CCc2ccccc2F)c1C,True,4.045220000000003,0.14058000000000082,0.3088235294117647,False,True
3.0,bin,8,-0.0693100094795227,-0.12460005283355713,-0.014019966125488281,607673,CCCN(CC1CC1)S(=O)(=O)c1ccccc1F,2.636400000000001,CCN(CC1CC1)S(=O)(=O)c1ccc(F)c(F)c1F,True,2.5245000000000006,-0.11190000000000033,0.5434782608695652,False,True
3.0,bin,8,-0.0693100094795227,-0.12460005283355713,-0.014019966125488281,617681,Cc1cc(C(=O)Nc2nc(-c3ccncc3)cs2)nn1C(C)C,3.5432200000000016,C=CC1NN=C(C(=O)NC2=NC(C)=C[SH]2C)C1c1ccncc1,True,1.6571,-1.8861200000000016,0.2,False,True
3.0,bin,8,-0.0693100094795227,-0.12460005283355713,-0.014019966125488281,650267,COc1ccc2oc(C(=O)NC3CCCCNC3=O)c(C)c2c1,2.14832,CC(=O)c1ccc2oc(C(=O)NC3CCCNC3=O)c(C)c2c1,True,1.95222,-0.19609999999999994,0.6949152542372882,False,True
3.0,bin,8,-0.0693100094795227,-0.12460005283355713,-0.014019966125488281,668639,Cc1cc(NC(=O)c2ccccc2Cl)ncc1N,2.8779200000000005,CCC1CC(C(=O)Nc2ccc(N)cn2)=CC=CO1,True,2.2413,-0.6366200000000006,0.2923076923076923,False,True
3.0,bin,8,-0.0693100094795227,-0.12460005283355713,-0.014019966125488281,673160,CCC(=O)Nc1ccc2oc(C(F)(F)F)cc(=O)c2c1,3.160300000000001,COC1=CC(C(=O)NC(C)C(C)C)=CC(=O)C=CC=CO1,True,2.2305,-0.9298000000000011,0.14705882352941177,False,True
3.0,bin,8,-0.0693100094795227,-0.12460005283355713,-0.014019966125488281,711169,Cc1cccc(C(C)C)c1NC(=O)N(C)Cc1ccncc1,4.177320000000003,CC(C)c1cccc(Cl)c1NC(=O)N(C)Cc1ccncc1,True,4.522300000000003,0.3449800000000005,0.7708333333333334,False,True
3.0,bin,8,-0.0693100094795227,-0.12460005283355713,-0.014019966125488281,720969,Cc1noc(C)c1CCC(=O)OCC(=O)N1c2ccccc2CC1C,2.7450400000000013,Cc1noc(C)c1CCC(=O)OCC(=O)N1c2ccccc2CC1C,True,2.7450400000000013,0.0,1.0,True,False
3.0,bin,8,-0.0693100094795227,-0.12460005283355713,-0.014019966125488281,730789,COC(=O)C1CCN(C(=O)c2cc3ccc(F)cc3nc2C)CC1,2.7075200000000006,COC(=O)C1CCCN(C(=O)c2cnc3cc(OC)ccc3c2)CC1,True,2.6587000000000005,-0.048820000000000086,0.47692307692307695,False,True
3.0,bin,8,-0.0693100094795227,-0.12460005283355713,-0.014019966125488281,738178,Cc1ccc(-n2ccnc2SCc2nc(C3CC3)no2)cc1C,4.041840000000003,CC(=CC=CCl)n1ccnc1SCc1nc(C2CC2)no1,True,4.049100000000003,0.0072599999999996,0.532258064516129,False,True
3.0,bin,8,-0.0693100094795227,-0.12460005283355713,-0.014019966125488281,771897,COc1ccccc1OCC(=O)N(C)Cc1sccc1C,3.102520000000002,Cc1ccsc1CN(C)C(=O)COc1ccccc1N,True,2.67612,-0.4264000000000019,0.7659574468085106,False,True
3.0,bin,8,-0.0693100094795227,-0.12460005283355713,-0.014019966125488281,811446,COC(=O)C1(NC(=O)c2cc(Br)c[nH]2)CCCCCC1,2.7730000000000006,COC(=O)C1(NC(=O)c2cc(C(F)(F)F)c[nH]2)CCCCC1,True,2.6392000000000007,-0.13379999999999992,0.6808510638297872,False,True
3.0,bin,8,-0.0693100094795227,-0.12460005283355713,-0.014019966125488281,848291,CCC(C)NC(=O)NCc1noc(-c2cccs2)n1,2.3958000000000004,COC=CC=C(C=NC(F)CNC(=O)NCC(F)F)CS,True,1.9334000000000002,-0.46240000000000014,0.1282051282051282,False,True
3.0,bin,8,-0.0693100094795227,-0.12460005283355713,-0.014019966125488281,863440,COc1ccc(-c2nc(CCCO)cs2)cc1OC,2.752200000000001,COCCCC(S)N=Cc1cc(C)ccc1OC,True,3.1050200000000023,0.35282000000000124,0.203125,False,True
3.0,bin,8,-0.0693100094795227,-0.12460005283355713,-0.014019966125488281,864663,N#Cc1ccc(-c2cc(F)ccc2F)nc1N1CCCC1,3.498680000000002,COc1ccc(-c2ccc(C#N)c(N3CCCC3)n2)c(OC)c1,True,3.237680000000002,-0.2610000000000001,0.5576923076923077,False,False
3.0,bin,8,-0.0693100094795227,-0.12460005283355713,-0.014019966125488281,872100,CCc1cccc(C)c1NCC(O)c1ccc2c(c1)OCCO2,3.474120000000002,OC(CNc1ccc(Cl)cc1F)c1ccc2c(c1)OCCO2,True,3.395800000000002,-0.07831999999999972,0.4827586206896552,False,True
3.0,bin,8,-0.0693100094795227,-0.12460005283355713,-0.014019966125488281,886334,COc1ccc(C(=O)N2CCCC(C(=O)N3CCCCC3)C2)c(O)c1,2.2655000000000003,Nc1cccc(C(=O)N2CCCC(C(=O)N3CCCCC3)C2)c1,True,2.1334999999999997,-0.13200000000000056,0.4909090909090909,False,True
3.0,bin,8,-0.0693100094795227,-0.12460005283355713,-0.014019966125488281,887387,COCCNC(=O)N(Cc1cccc(F)c1)CC1CCCO1,2.1627,COCCN(Cc1ccc(S(C)=O)cc1)C(=O)NCC1CCCO1,True,1.761,-0.40170000000000017,0.4857142857142857,False,True
3.0,bin,8,-0.0693100094795227,-0.12460005283355713,-0.014019966125488281,889149,N#Cc1ccc(NC(=O)c2ccc(Br)cc2Cl)nc1,3.621480000000001,CCCOc1ccc(C(=O)Nc2ccc(C#N)cn2)c(Cl)c1,True,3.647780000000002,0.026300000000000878,0.6481481481481481,False,True
3.0,bin,8,-0.0693100094795227,-0.12460005283355713,-0.014019966125488281,913483,O=C(CNC(=O)NCCc1c(Cl)cccc1Cl)NC1CC1,2.1137000000000006,CC1C=CC=C(CCNC(=O)NCC(=O)NC2CC2C#N)CC1,True,1.6164800000000001,-0.49722000000000044,0.390625,False,True
3.0,bin,8,-0.0693100094795227,-0.12460005283355713,-0.014019966125488281,917620,C=CCN(Cc1ccccc1OC)C(=O)c1csc(C)n1,3.288520000000002,C=CCN(Cc1ccc(OC)cc1)C(=O)c1csc(C)n1,True,3.288520000000002,0.0,0.6666666666666666,False,True
3.0,bin,8,-0.0693100094795227,-0.12460005283355713,-0.014019966125488281,918312,CCOc1ccc(Cl)c(C(=O)N2CCN(c3ncccn3)CC2)n1,1.8860999999999997,CCOc1ccc(C(=O)NCCN(CC)c2nccc(Cl)n2)nc1,True,2.1799999999999997,0.29390000000000005,0.28169014084507044,False,True
3.0,bin,8,-0.0693100094795227,-0.12460005283355713,-0.014019966125488281,922879,CC(=O)c1ccc(N2CCN(Cc3c(F)cccc3F)CC2)cc1,3.489600000000003,C=C1C(NC2CC=CC=C2F)CN1Cc1ccc(NC(C)=O)cc1C,True,3.4228200000000015,-0.0667800000000014,0.19480519480519481,False,True
3.0,bin,8,-0.0693100094795227,-0.12460005283355713,-0.014019966125488281,927535,COc1cc(CN2CCN(c3ccccc3F)CC2)ccc1O,2.862100000000002,CNC(=O)c1cc(C)ccc1CN1CCN(c2ccccc2F)CC1,True,2.815920000000001,-0.046180000000001,0.4426229508196721,False,True
3.0,bin,8,-0.0693100094795227,-0.12460005283355713,-0.014019966125488281,927567,Cc1ccccc1N1CCN(Cc2cccc(O)c2)CC1,3.022820000000001,CC(=O)Nc1ccc(CN2CCN(c3ccccc3)CC2)cc1,True,2.967200000000001,-0.055620000000000225,0.35185185185185186,False,True
3.0,bin,8,-0.0693100094795227,-0.12460005283355713,-0.014019966125488281,938108,CC(c1ccccc1)N(C)C(=O)CCC(=O)Nc1nccs1,3.0814000000000012,CCc1ccc(CNC(=O)CCC(=O)Nc2ncc(C)s2)cc1,True,3.0490200000000005,-0.03238000000000074,0.2923076923076923,False,True
3.0,bin,8,-0.0693100094795227,-0.12460005283355713,-0.014019966125488281,943303,CN(CCCOc1ccccc1)C(=O)Nc1cccc2c1OCCO2,3.390600000000002,Cc1cccc(OCCCNC(=O)Nc2cccc3c2OCCO3)c1,True,3.356820000000001,-0.03378000000000103,0.5483870967741935,False,True
3.0,bin,8,-0.0693100094795227,-0.12460005283355713,-0.014019966125488281,946289,CC(NC(=O)C1(c2cc(-c3ccco3)on2)CC1)c1ccccc1,3.843600000000002,CCC(C(=O)NCC1=CC=CC1)c1cc(-c2ccc(C)o2)on1,True,3.7391200000000024,-0.10447999999999968,0.225,False,True
3.0,bin,8,-0.0693100094795227,-0.12460005283355713,-0.014019966125488281,994077,Cc1nnc(Cn2c(-c3cccc(Br)c3)noc2=O)o1,2.0055199999999997,CCc1nnc(Cn2c(-c3cccc(C)c3)noc2=O)o1,True,1.8054199999999998,-0.20009999999999994,0.6470588235294118,False,True
3.0,bin,8,-0.0693100094795227,-0.12460005283355713,-0.014019966125488281,1065620,O=C(NCc1cccnc1Oc1ccccc1)c1cccnc1,3.198900000000002,N#Cc1ccc(Oc2ncccc2CNC(=O)c2cccnc2)cc1,True,3.0705800000000014,-0.12832000000000043,0.7647058823529411,False,True
3.0,bin,8,-0.0693100094795227,-0.12460005283355713,-0.014019966125488281,1093926,CN(C(=O)CNc1cccc(OCC2CCCO2)c1)c1ccccc1,3.319300000000002,O=C(CNc1cccc(OCC2CCCO2)c1)Nc1ccc(F)cc1,True,3.4341000000000017,0.11479999999999979,0.6190476190476191,False,True
3.0,bin,8,-0.0693100094795227,-0.12460005283355713,-0.014019966125488281,1107920,CCc1ccc(-n2cc(C(=O)NC(C)c3ccccc3)nn2)cc1,3.320700000000002,CC(NC(=O)c1cn(-c2ccc(F)c(F)c2)nn1)c1cccc(F)c1,True,3.175600000000002,-0.14510000000000023,0.559322033898305,False,True
3.0,bin,8,-0.0693100094795227,-0.12460005283355713,-0.014019966125488281,1113130,CC(NC(=O)Cn1nnnc1C(C)(C)C)c1cccc2ccccc12,3.0012000000000016,CCCc1nnnn1C(C)C(=O)NC(C)c1cccc2ccccc12,True,3.217200000000002,0.2160000000000002,0.5245901639344263,False,True
3.0,bin,8,-0.0693100094795227,-0.12460005283355713,-0.014019966125488281,1121751,COC(=O)Cn1ccc(NS(=O)(=O)c2ccc(F)c(F)c2F)n1,1.2742,COC(=O)Cn1ccc(NS(=O)(=O)c2ccc(OC)c(C)c2)n1,True,1.17392,-0.10027999999999992,0.5517241379310345,False,True
3.0,bin,8,-0.0693100094795227,-0.12460005283355713,-0.014019966125488281,1142531,CCOC(C)C(=O)NCCc1csc(-c2ccc(C)cc2)n1,3.2022200000000014,Cc1ccc(-c2nc(CCNC(=O)NC(C)C)cs2)cc1,True,3.3686200000000017,0.16640000000000033,0.660377358490566,False,True
3.0,bin,8,-0.0693100094795227,-0.12460005283355713,-0.014019966125488281,1212157,CN(Cc1ccc(F)c(F)c1)C(=O)c1cncc(-c2cnn(C)c2)c1,3.0325000000000015,CCOc1ccccc1CNC(=O)c1cncc(-c2cnn(C)c2)c1,True,2.8108000000000013,-0.22170000000000023,0.4142857142857143,False,True
3.0,bin,8,-0.0693100094795227,-0.12460005283355713,-0.014019966125488281,1215394,CCn1nc(C)cc1C(=O)Oc1cccc(NC(=O)C(C)C)c1,3.025120000000001,CCC(=O)Nc1cccc(OC(=O)c2cc(CC)nn2C(C)C)c1,True,3.5941000000000027,0.5689800000000016,0.5079365079365079,False,True
3.0,bin,8,-0.0693100094795227,-0.12460005283355713,-0.014019966125488281,1232922,CC(C)(C)OC(=O)NC1CCCN(S(=O)(=O)N2CCOCC2)C1,0.5525000000000011,CC(C)(C)OC(=O)NCC1CCN(S(=O)(=O)N2CCOCC2)C1,True,0.4100000000000015,-0.14249999999999963,0.6037735849056604,False,True
3.0,bin,8,-0.0693100094795227,-0.12460005283355713,-0.014019966125488281,1238973,FC(F)(F)c1cnc(N2CCn3c(nnc3C3CC3)C2)c(Cl)c1,3.2429000000000023,FC(F)(F)C=C1C=NNC(NCCn2c(Cl)nnc2C2CC2Cl)=N1,True,2.0069999999999997,-1.2359000000000027,0.1686746987951807,False,True
3.0,bin,8,-0.0693100094795227,-0.12460005283355713,-0.014019966125488281,1299495,Cc1cc(CC(=O)N2CCCC2C(C#N)c2ccccc2)no1,2.823900000000001,N#CC(CC(=O)N1CCCC1c1ccc(F)cc1F)c1ccon1,True,3.313780000000002,0.4898800000000012,0.325,False,True
3.0,bin,8,-0.0693100094795227,-0.12460005283355713,-0.014019966125488281,1309906,CC(C)CC(NC(=O)c1cc(=O)c2ccccc2o1)C(=O)OC(C)C,2.8891000000000018,C=C(C)COC(=O)C(NC(=O)c1cc(=O)c2ccccc2o1)C(C)C,True,2.6667000000000005,-0.22240000000000126,0.559322033898305,False,True
3.0,bin,8,-0.0693100094795227,-0.12460005283355713,-0.014019966125488281,1362816,COCc1cccc(C(=O)NC2CC2c2cccc(Cl)c2)c1,3.772300000000002,CCOCc1ccc(C(=O)NC2CC2c2ccc(C)cc2F)cc1,True,3.956520000000003,0.18422000000000072,0.38235294117647056,False,True
3.0,bin,8,-0.0693100094795227,-0.12460005283355713,-0.014019966125488281,1441838,COCC(=O)NC(C(=O)Nc1cccc(-c2nccs2)c1)C(C)C,2.5358,CCOCC(=O)NC(C)C(=O)Nc1cccc(-c2nccs2)c1,True,2.2897999999999996,-0.24600000000000044,0.6721311475409836,False,True
3.0,bin,8,-0.0693100094795227,-0.12460005283355713,-0.014019966125488281,1450449,CCCNC(=O)CSc1nc2c(cc1C#N)CCCC2,2.450380000000001,C=CCNC(=O)CSc1ncc(CC)cc1C#N,True,1.90998,-0.5404000000000009,0.421875,False,True
3.0,bin,8,-0.0693100094795227,-0.12460005283355713,-0.014019966125488281,1451910,O=S(=O)(NCc1nnc2ccccn12)c1ccc(F)c(F)c1,1.4859999999999995,COCc1cccc(S(=O)(=O)NCc2nnc3ccccn23)c1,True,1.3541999999999998,-0.1317999999999997,0.6181818181818182,False,True
3.0,bin,8,-0.0693100094795227,-0.12460005283355713,-0.014019966125488281,1479798,Cc1nc(C)c(CCC(=O)N(CC(C)C)CC(F)(F)F)c(=O)[nH]1,2.3662400000000003,Cc1nc(C(C)(C)C)[nH]c(=O)c1CCC(=O)NC(C)(C)C,True,2.2231199999999998,-0.14312000000000058,0.3728813559322034,False,True
3.0,bin,8,-0.0693100094795227,-0.12460005283355713,-0.014019966125488281,1507926,COC(=O)C(C)NC(=O)Cc1csc(-c2ccccc2Cl)n1,2.6837,COC(=O)C(C)(C)NC(=O)Cc1csc(-c2ccc(C)cc2)n1,True,2.7288200000000007,0.045120000000000715,0.4262295081967213,False,True
3.0,bin,8,-0.0693100094795227,-0.12460005283355713,-0.014019966125488281,1527882,Nc1ncccc1C(=O)Nc1ccc2cn[nH]c2c1,1.7923999999999998,Nc1ncccc1C(=O)Nc1ccc2[nH]ncc2c1,True,1.7923999999999998,0.0,0.8260869565217391,False,False
3.0,bin,8,-0.0693100094795227,-0.12460005283355713,-0.014019966125488281,1532848,COc1ccc(-c2ccc3c(=O)[nH]cnc3c2)cc1Cl,3.2521000000000013,O=c1[nH]cnc2ccc(-c3cc(Br)ccc3O)cc12,True,3.0582000000000003,-0.19390000000000107,0.35714285714285715,False,True
3.0,bin,8,-0.0693100094795227,-0.12460005283355713,-0.014019966125488281,1548351,COc1cc(OC)c2c(c1)C(c1cnccn1)NCC2,1.7288999999999999,Oc1ccc(F)c2c1CCNC2c1cnccn1,True,1.5563999999999998,-0.1725000000000001,0.42857142857142855,False,True
3.0,bin,8,-0.0693100094795227,-0.12460005283355713,-0.014019966125488281,1570134,COc1cccc(C(C)N2CCN(C(=O)c3ccc(O)cc3)CC2)c1,2.9198000000000013,CC(=O)Nc1ccc(C(=O)N2CCN(Cc3ccccc3)CC2)cc1,True,2.6030000000000006,-0.31680000000000064,0.30158730158730157,False,False
3.0,bin,8,-0.0693100094795227,-0.12460005283355713,-0.014019966125488281,1611406,CC(C)(C)N1CC(NC(=O)C2COc3ccc(F)cc3C2)CC1=O,1.8923999999999994,C=CCc1ccc2c(c1)CC(C(=O)NC1CC(=O)N(CCC)C1)CO2,True,2.0932999999999993,0.20089999999999986,0.5285714285714286,False,True
3.0,bin,8,-0.0693100094795227,-0.12460005283355713,-0.014019966125488281,1612684,CCCC1CN(C(=O)Nc2ccn(CCC(C)C)n2)CCO1,2.9620000000000015,CCCC1CN(C(=O)Nc2ccn(CCC(F)(F)F)n2)CCO1,True,2.8683000000000014,-0.09370000000000012,0.7627118644067796,False,True
3.0,bin,8,-0.0693100094795227,-0.12460005283355713,-0.014019966125488281,1639675,CCC(CC)c1nnc(NC(=O)c2scnc2C2CC2)s1,4.0279000000000025,CC(C)(C)Cc1nnc(NC(=O)c2scnc2C2CC2)s1,True,3.712900000000003,-0.3149999999999995,0.660377358490566,False,True
3.0,bin,8,-0.0693100094795227,-0.12460005283355713,-0.014019966125488281,1675660,COc1ccnc(NC(=O)c2cccc(Cl)c2)c1,2.9959000000000007,O=C(Nc1ccccn1)c1cccc(Cl)c1O,True,2.692900000000001,-0.3029999999999995,0.35185185185185186,False,True
3.0,bin,8,-0.0693100094795227,-0.12460005283355713,-0.014019966125488281,1689728,CCc1noc(CSc2ncnc3sc(C)cc23)n1,3.237420000000002,CCc1noc(CSc2ncnc3c(C)c(C)sc23)n1,True,3.545840000000002,0.3084199999999999,0.6153846153846154,False,True
3.0,bin,8,-0.0693100094795227,-0.12460005283355713,-0.014019966125488281,1720876,CC(C)(C)CC(=O)NCC(=O)Nc1ccc2c(c1)COC2,2.2077,CCC(CC)C(=O)NCC(=O)Nc1ccc2c(c1)COC2,True,2.2077,0.0,0.6458333333333334,False,True
3.0,bin,8,-0.0693100094795227,-0.12460005283355713,-0.014019966125488281,1757109,CC(C)Cc1ncc(CNc2ccc3c(c2)COC3)s1,3.983900000000003,FC(F)(F)CC=NC=C(S)CNc1ccc2c(c1)COC2,True,3.9231000000000016,-0.0608000000000013,0.34375,False,True
3.0,bin,8,-0.0693100094795227,-0.12460005283355713,-0.014019966125488281,1774061,O=C1NCCCc2[nH]c(-c3cccc4[nH]ccc34)nc21,2.234,CNCC1CNC(=O)c2nc(-c3ccc4[nH]ccc4c3)ncc21,True,1.6712999999999996,-0.5627000000000004,0.25333333333333335,False,True
3.0,bin,8,-0.0693100094795227,-0.12460005283355713,-0.014019966125488281,1800687,Cc1nn(C)c(-c2nc(-c3cccnn3)no2)c1Cl,1.8889199999999997,Brc1cnn(-c2nc(-c3cccnn3)no2)c1,True,1.4747999999999994,-0.41412000000000027,0.40350877192982454,False,True
3.0,bin,8,-0.0693100094795227,-0.12460005283355713,-0.014019966125488281,1815867,FC(F)(F)c1ccc(CN2CCOCC2c2ncon2)cc1,2.661900000000001,BrC=CC=CCCN1CCOCC1c1ncon1,True,2.2978000000000005,-0.36410000000000053,0.4915254237288136,False,True
3.0,bin,8,-0.0693100094795227,-0.12460005283355713,-0.014019966125488281,1828580,Cc1ccc(N2CC3OCC(=O)N(Cc4cccc(F)c4)C3C2)nn1,1.54032,CN1CCN(c2ccc(C(F)(F)F)nn2)C(O)c2cccc(c2)C1,True,2.438300000000001,0.8979800000000009,0.2073170731707317,False,True
3.0,bin,8,-0.0693100094795227,-0.12460005283355713,-0.014019966125488281,1836183,CCc1ccc(C(=O)NCc2nccc(N(C)C)n2)cc1,2.035,CC(=O)c1cccc(C(=O)NCc2ccnc(N(C)C)n2)c1C,True,1.98362,-0.0513800000000002,0.3442622950819672,False,True
3.0,bin,8,-0.0693100094795227,-0.12460005283355713,-0.014019966125488281,1842499,COc1ccccc1COc1ccccc1-c1cnn(CCO)c1,3.1300000000000017,Cc1cccc(-c2cnn(CCO)c2COc2cccc(N)c2)c1,True,3.0120200000000006,-0.11798000000000108,0.30434782608695654,False,True
3.0,bin,8,-0.0693100094795227,-0.12460005283355713,-0.014019966125488281,1865564,COC(CNC(=O)c1ccoc1)c1cccc(F)c1,2.536200000000001,COc1ccc(C(CNC(=O)c2coc(C#N)c2)OC)cc1,True,2.27738,-0.25882000000000094,0.42857142857142855,False,True
3.0,bin,8,-0.0693100094795227,-0.12460005283355713,-0.014019966125488281,1868773,CCCOc1ccc(Cl)c2c1CCNC2C1CC(=O)C1,3.2947000000000015,O=CCCC(P)C1NCCc2cc(Cl)cc(Cl)c21,True,3.4030000000000022,0.10830000000000073,0.21428571428571427,False,True
3.0,bin,8,-0.0693100094795227,-0.12460005283355713,-0.014019966125488281,1873123,CCC1OC(=O)c2c(OC)ccc(Br)c21,3.079200000000002,COc1cc(C)cc2oc(=O)c(Br)c(C)c12,True,3.1809400000000014,0.1017399999999995,0.25,False,True
3.0,bin,8,-0.0693100094795227,-0.12460005283355713,-0.014019966125488281,1875028,Cc1cccc(C)c1NCC(=O)N1CCCC2CCCCC21,3.8965400000000034,CC=C1C=CCC(NCC(=O)NCCCC2CCCC2C)=C1,True,3.698700000000003,-0.19784000000000024,0.1891891891891892,False,True
3.0,bin,8,-0.0693100094795227,-0.12460005283355713,-0.014019966125488281,1895921,CCC(CC)N(C)C(=O)CC1OC(=O)c2ccccc21,2.935200000000002,CCCCN(C)C(=O)CC1OC(=O)c2cc(C)ccc21,True,2.855120000000001,-0.0800800000000006,0.4727272727272727,False,True
3.0,bin,8,-0.0693100094795227,-0.12460005283355713,-0.014019966125488281,1907077,Cc1ccc2[nH]nc(C(=O)Nc3nc(-c4ccco4)cs3)c2c1,3.8401200000000015,CN(C(=O)c1n[nH]c2ccc(-c3ccco3)cc12)c1ncc(F)s1,True,3.695100000000002,-0.1450199999999997,0.4,False,True
3.0,bin,8,-0.0693100094795227,-0.12460005283355713,-0.014019966125488281,1913063,Cc1nn(C)c(C)c1CN(C(=O)c1cn2cccc(C)c2n1)C1CC1,2.797860000000001,CCC=CC=NCC(=O)N(C=CN)Cc1cn(C)nc1C1CC1(C)C,True,2.7291000000000007,-0.06876000000000015,0.18478260869565216,False,True
3.0,bin,8,-0.0693100094795227,-0.12460005283355713,-0.014019966125488281,1922265,CN(CCNC(=O)c1ccc2c(c1)ncn2C)c1ccccc1,2.4395000000000007,CN(CCNC(=O)c1ccccc1)C(=O)c1ccc2c(c1)ncn2C,True,2.0752999999999995,-0.3642000000000012,0.7222222222222222,False,True
3.0,bin,9,-0.007009983062744141,-0.014019966125488281,0.0,32052,COc1ccccc1CNC(=O)Cc1c[nH]c2ccccc12,3.035400000000001,O=C(Cc1c[nH]c2ccccc12)NCc1ccc(O)cc1F,True,2.871500000000001,-0.16389999999999993,0.5769230769230769,False,True
3.0,bin,9,-0.007009983062744141,-0.014019966125488281,0.0,116747,COCCSc1ccccc1C(=O)Nc1cccc(C)n1,3.3808200000000017,Cc1cccnc1NC(=O)c1cccc(OC(F)(F)F)c1,True,3.5409200000000016,0.1600999999999999,0.21739130434782608,False,True
3.0,bin,9,-0.007009983062744141,-0.014019966125488281,0.0,131060,CS(=O)(=O)NCCc1csc(-c2ccc(F)cc2)n1,2.0408999999999997,OCC(O)CSc1nc(-c2ccc(F)cc2)cs1,True,2.3945000000000007,0.353600000000001,0.2711864406779661,False,True
3.0,bin,9,-0.007009983062744141,-0.014019966125488281,0.0,131949,CCc1c(C)nc(SCC(=O)NC(C)C)[nH]c1=O,1.25742,CCCCNC(=O)CSC(CNC(=O)CC)=NCC,True,1.5805000000000002,0.32308000000000026,0.15625,False,True
3.0,bin,9,-0.007009983062744141,-0.014019966125488281,0.0,158879,COc1ccc(CC(=O)OCC(=O)c2c[nH]c3ccccc23)cc1,3.145100000000001,O=C(Cc1ccccc1)OCC(=O)c1c[nH]c2ccccc12,True,3.1365000000000016,-0.008599999999999497,0.7777777777777778,False,True
3.0,bin,9,-0.007009983062744141,-0.014019966125488281,0.0,232056,COCCNC(=O)c1cc(=O)c2cc(C)ccc2o1,1.4776199999999993,COCCCNC(=O)c1cc(=O)c2cc(OC)ccc2o1,True,1.5678999999999996,0.09028000000000036,0.66,False,True
3.0,bin,9,-0.007009983062744141,-0.014019966125488281,0.0,235788,O=C(Cn1nc(-c2ccco2)oc1=O)NCC(F)(F)F,0.7747999999999999,O=C(Cn1nc(-c2ccco2)oc1=O)NCC(F)(F)F,True,0.7747999999999999,0.0,1.0,True,False
3.0,bin,9,-0.007009983062744141,-0.014019966125488281,0.0,236081,CC(=O)c1c(C)[nH]c(C(=O)CSc2nc(C(C)C)n[nH]2)c1C,3.0506400000000014,CC(=O)c1c(C)[nH]c(C(=O)C(C)Sc2nc(C(C)C)n[nH]2)c1C,True,3.439140000000002,0.3885000000000005,0.6666666666666666,False,False
3.0,bin,9,-0.007009983062744141,-0.014019966125488281,0.0,281081,O=C(Cn1cccn1)NCc1cccnc1Oc1ccc(F)cc1F,2.665000000000001,O=C(Cc1cccnc1Oc1cccc(F)c1)Cn1cccn1,True,3.021300000000001,0.35630000000000006,0.5384615384615384,False,True
3.0,bin,9,-0.007009983062744141,-0.014019966125488281,0.0,284170,COc1ccc(-c2nc(CC(=O)Nc3cccc(C)n3)cs2)cc1,3.7033200000000024,Cc1ccc(NC(=O)Cc2csc(-c3ccccc3)n2)nc1,True,3.694720000000002,-0.008600000000000385,0.5423728813559322,False,True
3.0,bin,9,-0.007009983062744141,-0.014019966125488281,0.0,288369,Cc1ccc(NCc2nnc3n2CCCCC3)cc1C,3.2334400000000016,Clc1ccccc1NCc1nnc2n1CCCCC2,True,3.2700000000000014,0.036559999999999704,0.5490196078431373,False,True
3.0,bin,9,-0.007009983062744141,-0.014019966125488281,0.0,302889,COc1ccc(OC)c(NC(=O)CCNC(=O)c2cccs2)c1,2.5239000000000003,O=C(CCNC(=O)c1cccs1)Nc1ccccc1,True,2.5067000000000004,-0.017199999999999882,0.5576923076923077,False,False
3.0,bin,9,-0.007009983062744141,-0.014019966125488281,0.0,327141,COc1ccc(OC)c(S(=O)(=O)Nc2ccn(C)n2)c1,1.2381,COc1ccc(OC)c(S(=O)(=O)Nc2cc[nH]n2)c1,True,1.2276999999999998,-0.010400000000000187,0.6170212765957447,False,True
3.0,bin,9,-0.007009983062744141,-0.014019966125488281,0.0,327382,CNC(=O)C1CN(C(=O)c2c(C)noc2C)c2ccccc2O1,1.4452399999999996,CNC(=O)C1CN(C(=O)c2c(C)noc2OC)c2ccccc2O1,True,1.1454199999999997,-0.29982,0.7777777777777778,False,True
3.0,bin,9,-0.007009983062744141,-0.014019966125488281,0.0,406491,COCCNC(=O)C1CCCN(S(=O)(=O)N2CCOCC2)C1,-0.9619999999999964,CC1C(CCCO)OCCN1C(=O)CCCCNC(=O)CO,True,-0.34639999999999904,0.6155999999999974,0.1891891891891892,False,True
3.0,bin,9,-0.007009983062744141,-0.014019966125488281,0.0,413951,O=C(Cn1ncn2cccc2c1=O)N1CCCCCC1,0.8985999999999996,O=C(Cn1ncn2cccc2c1=O)N1CCCCC1,True,0.5084999999999997,-0.3900999999999999,1.0,False,False
3.0,bin,9,-0.007009983062744141,-0.014019966125488281,0.0,427929,CCNc1nc(NCc2ccccc2Cl)c2cnn(C)c2n1,3.060600000000001,CC(C)(C)n1ncc2c(NCc3ccccc3)ncnc21,True,3.1934000000000013,0.13280000000000047,0.3387096774193548,False,True
3.0,bin,9,-0.007009983062744141,-0.014019966125488281,0.0,447130,CCC(NC(=O)C1CCN(C(=O)C2CC2)CC1)c1ccc(C)cc1,3.2109200000000016,CCN(CC1CC(=O)NC2C(=O)C=C(C)C=CCCC12)C1CC1,True,2.457,-0.7539200000000017,0.14285714285714285,False,True
3.0,bin,9,-0.007009983062744141,-0.014019966125488281,0.0,481908,CCNS(=O)(=O)c1ccc(C)c(C(=O)Nc2ncccc2C)c1,2.24894,CNS(=O)(=O)c1cc(Br)ccc1C(=O)Nc1ccccn1,True,2.0044999999999997,-0.24444000000000043,0.34375,False,True
3.0,bin,9,-0.007009983062744141,-0.014019966125488281,0.0,485220,Cc1nn(CC(=O)N2CCN(C)CC2)c(C)c1Br,1.03644,CC(=O)N1CCN(Cc2[nH]nc(C)c2Br)CC1,True,1.14472,0.10827999999999993,0.3333333333333333,False,True
3.0,bin,9,-0.007009983062744141,-0.014019966125488281,0.0,526363,Cc1nnc(SCC(=O)Nc2ccc(O)cc2)n(N)c1=O,0.09692,NNC(N)=NN=C(C=O)SCC(=O)Nc1ccccc1,True,-0.3512999999999993,-0.4482199999999993,0.26153846153846155,False,True
3.0,bin,9,-0.007009983062744141,-0.014019966125488281,0.0,536853,COc1ccc(C2CCCN2C(=O)C2CCC2)c(OC)c1,3.1674000000000015,COc1ccc(OC)c(C2CCCN2C(=O)C2CCC2)c1,True,3.1674000000000015,0.0,0.8222222222222222,False,True
3.0,bin,9,-0.007009983062744141,-0.014019966125488281,0.0,540312,Cc1nn(C)c2nc(C3CC3)cc(C(=O)NCC(=O)NC(C)(C)C)c12,1.7986199999999997,COCC(C)(C)N(C)C(=O)c1ccnn(C)cnc(C2CC2)c1,True,2.3139000000000003,0.5152800000000006,0.2692307692307692,False,True
3.0,bin,9,-0.007009983062744141,-0.014019966125488281,0.0,544381,Cc1nc(N2CCCC(C(=O)NC(C)C)C2)c2c(C)c(C)oc2n1,2.8890600000000006,Cc1nc(C2CCCN(C)C2=O)nc2oc(C(C)C)c(C)c12,True,3.298840000000002,0.40978000000000137,0.29577464788732394,False,True
3.0,bin,9,-0.007009983062744141,-0.014019966125488281,0.0,544382,CCCNC(=O)C1CCCN(c2nc(C)nc3oc(C)c(C)c23)C1,2.8906600000000013,Cc1nc(N2CCCCC(=O)OCC2)c2c(C)c(C)oc2n1,True,2.681560000000001,-0.20910000000000029,0.453125,False,True
3.0,bin,9,-0.007009983062744141,-0.014019966125488281,0.0,550049,Cc1ccc(C)c(OCC(=O)Nc2cccc(-n3cnnc3)c2)c1,2.9016400000000013,Cc1ccc(-n2cnnc2)c(OCC(=O)Nc2ccccc2)c1,True,2.5932200000000005,-0.3084200000000008,0.6481481481481481,False,True
3.0,bin,9,-0.007009983062744141,-0.014019966125488281,0.0,573533,Cc1nn(-c2ncc(C(F)(F)F)cc2Cl)c(=O)o1,2.2011199999999995,O=c1oc(Cl)cn1-c1ncc(C(F)(F)F)cn1,True,1.8926999999999996,-0.3084199999999999,0.4,False,True
3.0,bin,9,-0.007009983062744141,-0.014019966125488281,0.0,582555,O=C(NCC(O)c1ccccc1)c1ccc2c(=O)n3c(nc2c1)CCC3,1.8061000000000003,O=C(NC1Nc2cccc(c2)C1O)c1ccc2[nH]c(=O)ccc2c1,True,1.7430999999999999,-0.06300000000000039,0.1951219512195122,False,True
3.0,bin,9,-0.007009983062744141,-0.014019966125488281,0.0,588547,Cc1n[nH]c(C)c1NC(=O)CCc1ccc(Cl)cc1Cl,3.9046400000000023,Cc1n[nH]c(C)c1NC(=O)C(C)(C)Cc1ccc(Cl)cc1,True,3.8873400000000027,-0.01729999999999965,0.4909090909090909,False,True
3.0,bin,9,-0.007009983062744141,-0.014019966125488281,0.0,607673,CCCN(CC1CC1)S(=O)(=O)c1ccccc1F,2.636400000000001,CC(C)CN(CC1CC1)S(=O)(=O)c1ccc(N)cc1,True,2.325500000000001,-0.3109000000000002,0.39215686274509803,False,True
3.0,bin,9,-0.007009983062744141,-0.014019966125488281,0.0,617681,Cc1cc(C(=O)Nc2nc(-c3ccncc3)cs2)nn1C(C)C,3.5432200000000016,Cc1cc(C(=O)Nc2nc(-c3ccncc3)cs2)nn1C(C)C,True,3.5432200000000016,0.0,1.0,True,False
3.0,bin,9,-0.007009983062744141,-0.014019966125488281,0.0,650267,COc1ccc2oc(C(=O)NC3CCCCNC3=O)c(C)c2c1,2.14832,C=C1C(=COC)C=COC1(C)C(=O)NC1CCCNC1=O,True,0.7702999999999995,-1.3780200000000005,0.36,False,True
3.0,bin,9,-0.007009983062744141,-0.014019966125488281,0.0,668639,Cc1cc(NC(=O)c2ccccc2Cl)ncc1N,2.8779200000000005,O=C(Nc1cccc(Cl)n1)c1ccccc1F,True,3.126400000000001,0.2484800000000007,0.36538461538461536,False,True
3.0,bin,9,-0.007009983062744141,-0.014019966125488281,0.0,673160,CCC(=O)Nc1ccc2oc(C(F)(F)F)cc(=O)c2c1,3.160300000000001,Cc1cc(=O)c2cc(NC(=O)C(C)(C)C)ccc2o1,True,3.0860200000000013,-0.0742799999999999,0.49019607843137253,False,True
3.0,bin,9,-0.007009983062744141,-0.014019966125488281,0.0,711169,Cc1cccc(C(C)C)c1NC(=O)N(C)Cc1ccncc1,4.177320000000003,CC(C)CC(=O)Nc1cc(CN(C)c2ccccc2Cl)ccn1,True,4.356000000000003,0.17868000000000084,0.2898550724637681,False,True
3.0,bin,9,-0.007009983062744141,-0.014019966125488281,0.0,720969,Cc1noc(C)c1CCC(=O)OCC(=O)N1c2ccccc2CC1C,2.7450400000000013,Cc1noc(C)c1CCC(=O)OCC(=O)N1c2ccccc2CC1C,True,2.7450400000000013,0.0,1.0,True,False
3.0,bin,9,-0.007009983062744141,-0.014019966125488281,0.0,730789,COC(=O)C1CCN(C(=O)c2cc3ccc(F)cc3nc2C)CC1,2.7075200000000006,COC(=O)C1CCCN(C(=O)c2cc3ccccc3nc2C)C1,True,2.5684200000000006,-0.1391,0.576271186440678,False,True
3.0,bin,9,-0.007009983062744141,-0.014019966125488281,0.0,738178,Cc1ccc(-n2ccnc2SCc2nc(C3CC3)no2)cc1C,4.041840000000003,Clc1ccccc1-n1ccnc1SCc1nc(C2CC2)no1,True,4.078400000000002,0.036559999999998816,0.6206896551724138,False,True
3.0,bin,9,-0.007009983062744141,-0.014019966125488281,0.0,771897,COc1ccccc1OCC(=O)N(C)Cc1sccc1C,3.102520000000002,COc1cccc(OCC(=O)N(C)Cc2sccc2C)c1,True,3.102520000000002,0.0,0.68,False,True
3.0,bin,9,-0.007009983062744141,-0.014019966125488281,0.0,811446,COC(=O)C1(NC(=O)c2cc(Br)c[nH]2)CCCCCC1,2.7730000000000006,O=C(NC1(Br)CCCCC1)c1cc(CO)c[nH]1,True,2.2920999999999996,-0.480900000000001,0.45098039215686275,False,True
3.0,bin,9,-0.007009983062744141,-0.014019966125488281,0.0,848291,CCC(C)NC(=O)NCc1noc(-c2cccs2)n1,2.3958000000000004,CCCC(=O)NCc1noc(-c2cccs2)n1,True,2.2144000000000004,-0.1814,0.660377358490566,False,True
3.0,bin,9,-0.007009983062744141,-0.014019966125488281,0.0,863440,COc1ccc(-c2nc(CCCO)cs2)cc1OC,2.752200000000001,COc1ccc(-c2nc(CCO)cs2)cc1Br,True,3.1160000000000014,0.36380000000000035,0.6739130434782609,False,False
3.0,bin,9,-0.007009983062744141,-0.014019966125488281,0.0,864663,N#Cc1ccc(-c2cc(F)ccc2F)nc1N1CCCC1,3.498680000000002,N#Cc1ccc(-c2ccccc2)nc1N1CCCC1,True,3.220480000000001,-0.2782000000000009,0.5652173913043478,False,True
3.0,bin,9,-0.007009983062744141,-0.014019966125488281,0.0,872100,CCc1cccc(C)c1NCC(O)c1ccc2c(c1)OCCO2,3.474120000000002,Cc1cc(Br)ccc1NCC(O)c1ccc2c(c1)OCCO2,True,3.674220000000002,0.20009999999999994,0.5636363636363636,False,True
3.0,bin,9,-0.007009983062744141,-0.014019966125488281,0.0,886334,COc1ccc(C(=O)N2CCCC(C(=O)N3CCCCC3)C2)c(O)c1,2.2655000000000003,O=C(c1ccc(O)cc1)N1CCCC(C(=O)N2CCCCC2)C1,True,2.256900000000001,-0.008599999999999497,0.5714285714285714,False,True
3.0,bin,9,-0.007009983062744141,-0.014019966125488281,0.0,887387,COCCNC(=O)N(Cc1cccc(F)c1)CC1CCCO1,2.1627,CC(=CC=CS(C)=O)CN(CCCO)CC1CCCO1,True,1.6883000000000001,-0.47439999999999993,0.24050632911392406,False,True
3.0,bin,9,-0.007009983062744141,-0.014019966125488281,0.0,889149,N#Cc1ccc(NC(=O)c2ccc(Br)cc2Cl)nc1,3.621480000000001,O=C(Nc1ccccn1)c1ccc(Br)c(Cl)c1,True,3.7498000000000014,0.12832000000000043,0.3508771929824561,False,True
3.0,bin,9,-0.007009983062744141,-0.014019966125488281,0.0,913483,O=C(CNC(=O)NCCc1c(Cl)cccc1Cl)NC1CC1,2.1137000000000006,O=C(CNC(=O)NCCc1ccc(Cl)c(C(F)(F)F)c1)NC1CC1,True,2.4791000000000007,0.36540000000000017,0.5849056603773585,False,True
3.0,bin,9,-0.007009983062744141,-0.014019966125488281,0.0,917620,C=CCN(Cc1ccccc1OC)C(=O)c1csc(C)n1,3.288520000000002,C=CCN(Cc1cccc(OC)c1)C(=O)c1csc(C)n1,True,3.288520000000002,0.0,0.6491228070175439,False,True
3.0,bin,9,-0.007009983062744141,-0.014019966125488281,0.0,918312,CCOc1ccc(Cl)c(C(=O)N2CCN(c3ncccn3)CC2)n1,1.8860999999999997,O=C(c1ncccn1)N1CCN(c2cc(C(F)(F)F)ccn2)CC1,True,1.8528,-0.03329999999999966,0.31746031746031744,False,True
3.0,bin,9,-0.007009983062744141,-0.014019966125488281,0.0,922879,CC(=O)c1ccc(N2CCN(Cc3c(F)cccc3F)CC2)cc1,3.489600000000003,Fc1cccc(N2CCN(Cc3ccc(F)c(F)c3)CC2)c1,True,3.4261000000000017,-0.06350000000000122,0.38461538461538464,False,True
3.0,bin,9,-0.007009983062744141,-0.014019966125488281,0.0,927535,COc1cc(CN2CCN(c3ccccc3F)CC2)ccc1O,2.862100000000002,Oc1cccc(N2CCN(Cc3cccc(F)c3)CC2)c1,True,2.8535000000000013,-0.00860000000000083,0.39285714285714285,False,True
3.0,bin,9,-0.007009983062744141,-0.014019966125488281,0.0,927567,Cc1ccccc1N1CCN(Cc2cccc(O)c2)CC1,3.022820000000001,Cc1ccccc1N1CCN(Cc2ccc(O)cc2)CC1,True,3.022820000000001,0.0,0.725,False,False
3.0,bin,9,-0.007009983062744141,-0.014019966125488281,0.0,938108,CC(c1ccccc1)N(C)C(=O)CCC(=O)Nc1nccs1,3.0814000000000012,CC(NC(=O)CCC(=O)N(C)c1nccs1)c1ccccc1,True,2.7635000000000005,-0.31790000000000074,0.5535714285714286,False,True
3.0,bin,9,-0.007009983062744141,-0.014019966125488281,0.0,943303,CN(CCCOc1ccccc1)C(=O)Nc1cccc2c1OCCO2,3.390600000000002,C=CC=CC=COCCCNC=O,True,1.3949999999999998,-1.995600000000002,0.08823529411764706,False,True
3.0,bin,9,-0.007009983062744141,-0.014019966125488281,0.0,946289,CC(NC(=O)C1(c2cc(-c3ccco3)on2)CC1)c1ccccc1,3.843600000000002,CC1NC(=O)CC=CCc2cc(co2)C=C1c1ccco1,True,3.420300000000003,-0.42329999999999934,0.22972972972972974,False,True
3.0,bin,9,-0.007009983062744141,-0.014019966125488281,0.0,994077,Cc1nnc(Cn2c(-c3cccc(Br)c3)noc2=O)o1,2.0055199999999997,Cc1nnc(Cn2c(-c3ccc(Cl)cc3)noc2=O)o1,True,1.8964199999999998,-0.10909999999999997,0.64,False,True
3.0,bin,9,-0.007009983062744141,-0.014019966125488281,0.0,1065620,O=C(NCc1cccnc1Oc1ccccc1)c1cccnc1,3.198900000000002,O=C(NCc1cccnc1)c1ccc(Oc2ccccc2)nc1,True,3.198900000000002,0.0,0.5740740740740741,False,True
3.0,bin,9,-0.007009983062744141,-0.014019966125488281,0.0,1093926,CN(C(=O)CNc1cccc(OCC2CCCO2)c1)c1ccccc1,3.319300000000002,O=C(CNc1ccccc1)Nc1cccc(OCC2CCCO2)c1,True,3.2950000000000017,-0.02430000000000021,0.6779661016949152,False,False
3.0,bin,9,-0.007009983062744141,-0.014019966125488281,0.0,1107920,CCc1ccc(-n2cc(C(=O)NC(C)c3ccccc3)nn2)cc1,3.320700000000002,CCC(NC(=O)c1c[nH]nc1-c1ccc(C)cc1)c1ccccc1,True,4.266220000000002,0.9455200000000001,0.2753623188405797,False,True
3.0,bin,9,-0.007009983062744141,-0.014019966125488281,0.0,1113130,CC(NC(=O)Cn1nnnc1C(C)(C)C)c1cccc2ccccc12,3.0012000000000016,CC(CC(=O)Nc1cccc2ccc(C(C)(C)C)cc12)n1cnnn1,True,3.7136000000000013,0.7123999999999997,0.36619718309859156,False,True
3.0,bin,9,-0.007009983062744141,-0.014019966125488281,0.0,1121751,COC(=O)Cn1ccc(NS(=O)(=O)c2ccc(F)c(F)c2F)n1,1.2742,O=S(=O)(Nc1cc[nH]n1)c1ccc(F)cc1F,True,1.4887,0.2144999999999999,0.3220338983050847,False,True
3.0,bin,9,-0.007009983062744141,-0.014019966125488281,0.0,1142531,CCOC(C)C(=O)NCCc1csc(-c2ccc(C)cc2)n1,3.2022200000000014,Cc1ccccc1C=NC(CCNC(=O)C(C)C)OCS,True,2.806220000000002,-0.39599999999999946,0.2465753424657534,False,True
3.0,bin,9,-0.007009983062744141,-0.014019966125488281,0.0,1212157,CN(Cc1ccc(F)c(F)c1)C(=O)c1cncc(-c2cnn(C)c2)c1,3.0325000000000015,CN(Cc1ccc(F)cc1)C(=O)c1cncc(-c2cnn(C)c2)c1,True,2.8934000000000015,-0.1391,0.8076923076923077,False,True
3.0,bin,9,-0.007009983062744141,-0.014019966125488281,0.0,1215394,CCn1nc(C)cc1C(=O)Oc1cccc(NC(=O)C(C)C)c1,3.025120000000001,CCCn1nc(C)cc1C(=O)Oc1cccc(NC(C)=O)c1,True,2.7791200000000007,-0.24600000000000044,0.6607142857142857,False,True
3.0,bin,9,-0.007009983062744141,-0.014019966125488281,0.0,1232922,CC(C)(C)OC(=O)NC1CCCN(S(=O)(=O)N2CCOCC2)C1,0.5525000000000011,CCC(C)NC(=O)N1CCCC(S(=O)(=O)N2CCOCC2)C1,True,0.6209000000000016,0.06840000000000046,0.3492063492063492,False,True
3.0,bin,9,-0.007009983062744141,-0.014019966125488281,0.0,1238973,FC(F)(F)c1cnc(N2CCn3c(nnc3C3CC3)C2)c(Cl)c1,3.2429000000000023,ClC(Cl)c1ccc(N2CCn3c(nnc3C3CC3)C2)nc1,True,3.046900000000001,-0.1960000000000015,0.4745762711864407,False,True
3.0,bin,9,-0.007009983062744141,-0.014019966125488281,0.0,1299495,Cc1cc(CC(=O)N2CCCC2C(C#N)c2ccccc2)no1,2.823900000000001,Cc1cc(C(C#N)C(=O)N2CCCC2c2ccccc2)no1,True,2.9539000000000017,0.13000000000000078,0.4925373134328358,False,True
3.0,bin,9,-0.007009983062744141,-0.014019966125488281,0.0,1309906,CC(C)CC(NC(=O)c1cc(=O)c2ccccc2o1)C(=O)OC(C)C,2.8891000000000018,CC=C1Oc2ccccc2C(O)(C(C)C)CC(=O)OC1(C)C,True,3.538300000000002,0.6492000000000004,0.16,False,True
3.0,bin,9,-0.007009983062744141,-0.014019966125488281,0.0,1362816,COCc1cccc(C(=O)NC2CC2c2cccc(Cl)c2)c1,3.772300000000002,O=C(NC1CC1c1cccc(Cl)c1)c1ccccc1,True,3.6259000000000023,-0.14639999999999986,0.673469387755102,False,False
3.0,bin,9,-0.007009983062744141,-0.014019966125488281,0.0,1441838,COCC(=O)NC(C(=O)Nc1cccc(-c2nccs2)c1)C(C)C,2.5358,CCCNC(=O)CNC(=O)Nc1cc(-c2nccs2)ccc1C,True,2.7662200000000006,0.2304200000000005,0.39436619718309857,False,True
3.0,bin,9,-0.007009983062744141,-0.014019966125488281,0.0,1450449,CCCNC(=O)CSc1nc2c(cc1C#N)CCCC2,2.450380000000001,C=CCNC(=O)C(C)Sc1nc2c(cc1C#N)CCCC2,True,2.6148800000000003,0.16449999999999942,0.5238095238095238,False,False
3.0,bin,9,-0.007009983062744141,-0.014019966125488281,0.0,1451910,O=S(=O)(NCc1nnc2ccccn12)c1ccc(F)c(F)c1,1.4859999999999995,COCc1ccc(S(=O)(=O)NCc2nnc3ccccn23)cc1,True,1.3541999999999998,-0.1317999999999997,0.6226415094339622,False,True
3.0,bin,9,-0.007009983062744141,-0.014019966125488281,0.0,1479798,Cc1nc(C)c(CCC(=O)N(CC(C)C)CC(F)(F)F)c(=O)[nH]1,2.3662400000000003,Cc1nc(C)c(CCC(=O)N(CC(F)(F)F)C(C)C)c(=O)[nH]1,True,2.11864,-0.24760000000000026,0.72,False,True
3.0,bin,9,-0.007009983062744141,-0.014019966125488281,0.0,1507926,COC(=O)C(C)NC(=O)Cc1csc(-c2ccccc2Cl)n1,2.6837,CCN(CC)S(=O)(=O)Cc1csc(-c2ccccc2C)n1,True,3.2901200000000017,0.6064200000000017,0.3225806451612903,False,True
3.0,bin,9,-0.007009983062744141,-0.014019966125488281,0.0,1527882,Nc1ncccc1C(=O)Nc1ccc2cn[nH]c2c1,1.7923999999999998,O=C(C=C1C=CNN=C1)Nc1cccc2[nH]ncc12,True,1.5304999999999997,-0.2619,0.2647058823529412,False,True
3.0,bin,9,-0.007009983062744141,-0.014019966125488281,0.0,1532848,COc1ccc(-c2ccc3c(=O)[nH]cnc3c2)cc1Cl,3.2521000000000013,O=c1[nH]cnc2ccc(-c3ccc(Br)cc3)cc12,True,3.3526000000000016,0.10050000000000026,0.44680851063829785,False,True
3.0,bin,9,-0.007009983062744141,-0.014019966125488281,0.0,1548351,COc1cc(OC)c2c(c1)C(c1cnccn1)NCC2,1.7288999999999999,COc1c(O)ccc2c1C(c1cnccn1)NCC2,True,1.4258999999999995,-0.3030000000000004,0.45614035087719296,False,False
3.0,bin,9,-0.007009983062744141,-0.014019966125488281,0.0,1570134,COc1cccc(C(C)N2CCN(C(=O)c3ccc(O)cc3)CC2)c1,2.9198000000000013,COc1cccc(C(=O)N2CCN(Cc3ccccc3OC)CC2)c1,True,2.6618000000000013,-0.258,0.43333333333333335,False,False
3.0,bin,9,-0.007009983062744141,-0.014019966125488281,0.0,1611406,CC(C)(C)N1CC(NC(=O)C2COc3ccc(F)cc3C2)CC1=O,1.8923999999999994,CC(C)(C)N1CC(C(=O)NC2COc3ccc(F)cc3C2)CC1=O,True,1.8923999999999994,0.0,0.7857142857142857,False,True
3.0,bin,9,-0.007009983062744141,-0.014019966125488281,0.0,1612684,CCCC1CN(C(=O)Nc2ccn(CCC(C)C)n2)CCO1,2.9620000000000015,CC(C)NC(=O)NC1C=NC(C2CC(C(C)C)CCO2)=C1,True,2.4821,-0.47990000000000155,0.18518518518518517,False,True
3.0,bin,9,-0.007009983062744141,-0.014019966125488281,0.0,1639675,CCC(CC)c1nnc(NC(=O)c2scnc2C2CC2)s1,4.0279000000000025,CC(Sc1nnc(C(C)(C)C)s1)C(=O)Nc1nc(C2CC2)cs1,True,4.288800000000003,0.26090000000000035,0.2777777777777778,False,True
3.0,bin,9,-0.007009983062744141,-0.014019966125488281,0.0,1675660,COc1ccnc(NC(=O)c2cccc(Cl)c2)c1,2.9959000000000007,O=C(Nc1ccccn1)c1cccc(OC(F)F)c1,True,2.9353000000000007,-0.06059999999999999,0.4528301886792453,False,True
3.0,bin,9,-0.007009983062744141,-0.014019966125488281,0.0,1689728,CCc1noc(CSc2ncnc3sc(C)cc23)n1,3.237420000000002,Cc1nsc(CSc2ncnc3sc(C)cc23)n1,True,3.4519400000000022,0.21452000000000027,0.5576923076923077,False,True
3.0,bin,9,-0.007009983062744141,-0.014019966125488281,0.0,1720876,CC(C)(C)CC(=O)NCC(=O)Nc1ccc2c(c1)COC2,2.2077,CC(NC(=O)CC(F)(F)F)C(=O)Nc1ccc2c(c1)COC2,True,2.1124,-0.09529999999999994,0.5283018867924528,False,True
3.0,bin,9,-0.007009983062744141,-0.014019966125488281,0.0,1757109,CC(C)Cc1ncc(CNc2ccc3c(c2)COC3)s1,3.983900000000003,CC(C)CC=NC=C(S)CNc1ccc2c(c1)COC2,True,4.016800000000003,0.03289999999999971,0.4406779661016949,False,True
3.0,bin,9,-0.007009983062744141,-0.014019966125488281,0.0,1774061,O=C1NCCCc2[nH]c(-c3cccc4[nH]ccc34)nc21,2.234,O=C1CC2NCCC(CN1)c1c2ccc2[nH]ccc12,True,1.8057999999999996,-0.42820000000000036,0.2727272727272727,False,True
3.0,bin,9,-0.007009983062744141,-0.014019966125488281,0.0,1800687,Cc1nn(C)c(-c2nc(-c3cccnn3)no2)c1Cl,1.8889199999999997,Cc1n[nH]c(-c2nc(-c3cccnn3)no2)c1Br,True,1.9876199999999997,0.09870000000000001,0.5,False,True
3.0,bin,9,-0.007009983062744141,-0.014019966125488281,0.0,1815867,FC(F)(F)c1ccc(CN2CCOCC2c2ncon2)cc1,2.661900000000001,FC(F)(F)c1ccc(CN2CCOCC2c2ncon2)cc1,True,2.661900000000001,0.0,1.0,True,False
3.0,bin,9,-0.007009983062744141,-0.014019966125488281,0.0,1828580,Cc1ccc(N2CC3OCC(=O)N(Cc4cccc(F)c4)C3C2)nn1,1.54032,O=CN(CCNC1COCc2cccnc21)Cc1ccc(F)cc1,True,2.0401999999999996,0.49987999999999966,0.1797752808988764,False,True
3.0,bin,9,-0.007009983062744141,-0.014019966125488281,0.0,1836183,CCc1ccc(C(=O)NCc2nccc(N(C)C)n2)cc1,2.035,CN(C)c1nccc(CNC(=O)c2ccc(Cl)cc2)n1,True,2.1260000000000003,0.09100000000000019,0.4716981132075472,False,True
3.0,bin,9,-0.007009983062744141,-0.014019966125488281,0.0,1842499,COc1ccccc1COc1ccccc1-c1cnn(CCO)c1,3.1300000000000017,OCCn1cc(-c2ccccc2OCc2ccccc2)cn1,True,3.1214000000000013,-0.008600000000000385,0.7021276595744681,False,True
3.0,bin,9,-0.007009983062744141,-0.014019966125488281,0.0,1865564,COC(CNC(=O)c1ccoc1)c1cccc(F)c1,2.536200000000001,O=C(NCC(O)c1ccccc1)c1ccoc1Cl,True,2.3964000000000008,-0.13980000000000015,0.2903225806451613,False,True
3.0,bin,9,-0.007009983062744141,-0.014019966125488281,0.0,1868773,CCCOc1ccc(Cl)c2c1CCNC2C1CC(=O)C1,3.2947000000000015,CC1CC2=C(Cl)NC=C(CC2=O)c2ccccc2S1,True,3.9246000000000025,0.629900000000001,0.18055555555555555,False,True
3.0,bin,9,-0.007009983062744141,-0.014019966125488281,0.0,1873123,CCC1OC(=O)c2c(OC)ccc(Br)c21,3.079200000000002,CCC1OC(=O)c2c1ccc(Br)c2O,True,2.7762000000000016,-0.3030000000000004,0.5116279069767442,False,True
3.0,bin,9,-0.007009983062744141,-0.014019966125488281,0.0,1875028,Cc1cccc(C)c1NCC(=O)N1CCCC2CCCCC21,3.8965400000000034,CC(C1C2CCCC21)N(C)C(=O)CNc1cc(F)ccc1F,True,3.269700000000001,-0.6268400000000023,0.23529411764705882,False,True
3.0,bin,9,-0.007009983062744141,-0.014019966125488281,0.0,1895921,CCC(CC)N(C)C(=O)CC1OC(=O)c2ccccc21,2.935200000000002,CC(C)CC(C)NC(=O)CC1OC(=O)c2ccccc21,True,2.8390000000000013,-0.09620000000000051,0.5098039215686274,False,True
3.0,bin,9,-0.007009983062744141,-0.014019966125488281,0.0,1907077,Cc1ccc2[nH]nc(C(=O)Nc3nc(-c4ccco4)cs3)c2c1,3.8401200000000015,O=C(Nc1nccs1)c1[nH]nc(-c2ccco2)c1C=CC=CF,True,3.874900000000002,0.03478000000000048,0.3291139240506329,False,True
3.0,bin,9,-0.007009983062744141,-0.014019966125488281,0.0,1913063,Cc1nn(C)c(C)c1CN(C(=O)c1cn2cccc(C)c2n1)C1CC1,2.797860000000001,Cc1[nH]ncc1C(=O)N1CC(=CN2C=C(C(F)(F)F)C=CC2)N1C1CC1,True,2.712720000000001,-0.08514,0.1368421052631579,False,True
3.0,bin,9,-0.007009983062744141,-0.014019966125488281,0.0,1922265,CN(CCNC(=O)c1ccc2c(c1)ncn2C)c1ccccc1,2.4395000000000007,CN1CC=CC=CCc2c(ccc3[nH]c(N)nc23)C(=O)NCC1,True,1.4752,-0.9643000000000006,0.09411764705882353,False,True
3.0,bin,10,0.007009983062744141,0.0,0.014019966125488281,32052,COc1ccccc1CNC(=O)Cc1c[nH]c2ccccc12,3.035400000000001,COc1ccc(OC)c(CNC(=O)Cc2c[nH]c3ccccc23)c1,True,3.0440000000000014,0.008600000000000385,0.7708333333333334,False,True
3.0,bin,10,0.007009983062744141,0.0,0.014019966125488281,116747,COCCSc1ccccc1C(=O)Nc1cccc(C)n1,3.3808200000000017,COCCSc1ccccc1C(=O)Nc1cc(C)ccn1,True,3.3808200000000017,0.0,0.6538461538461539,False,False
3.0,bin,10,0.007009983062744141,0.0,0.014019966125488281,131060,CS(=O)(=O)NCCc1csc(-c2ccc(F)cc2)n1,2.0408999999999997,CS(=O)(=O)NCCc1csc(-c2ccc(F)cc2)n1,True,2.0408999999999997,0.0,1.0,True,False
3.0,bin,10,0.007009983062744141,0.0,0.014019966125488281,131949,CCc1c(C)nc(SCC(=O)NC(C)C)[nH]c1=O,1.25742,CCc1c(C)nc(SCC(=O)NC(C)C)[nH]c1=O,True,1.25742,0.0,1.0,True,False
3.0,bin,10,0.007009983062744141,0.0,0.014019966125488281,158879,COc1ccc(CC(=O)OCC(=O)c2c[nH]c3ccccc23)cc1,3.145100000000001,COc1ccc(CC(=O)OCC(=O)c2c[nH]c3ccccc23)cc1,True,3.145100000000001,0.0,1.0,True,False
3.0,bin,10,0.007009983062744141,0.0,0.014019966125488281,232056,COCCNC(=O)c1cc(=O)c2cc(C)ccc2o1,1.4776199999999993,COCCNC(=O)c1cc(=O)c2cc(OC)ccc2o1,True,1.1777999999999993,-0.29982,0.7608695652173914,False,True
3.0,bin,10,0.007009983062744141,0.0,0.014019966125488281,235788,O=C(Cn1nc(-c2ccco2)oc1=O)NCC(F)(F)F,0.7747999999999999,O=C(CN1COC(c2ccco2)=N1)ONCC(F)(F)F,True,0.8410000000000002,0.06620000000000026,0.421875,False,True
3.0,bin,10,0.007009983062744141,0.0,0.014019966125488281,236081,CC(=O)c1c(C)[nH]c(C(=O)CSc2nc(C(C)C)n[nH]2)c1C,3.0506400000000014,CC(=O)c1c(C)[nH]c(C(=O)CSc2nc(C(C)(C)C)n[nH]2)c1C,True,3.2247400000000015,0.17410000000000014,0.6862745098039216,False,True
3.0,bin,10,0.007009983062744141,0.0,0.014019966125488281,281081,O=C(Cn1cccn1)NCc1cccnc1Oc1ccc(F)cc1F,2.665000000000001,O=C(Cn1cccc1Cn1cc(F)cn1)NCc1ccccc1F,True,2.3275000000000006,-0.33750000000000036,0.3698630136986301,False,True
3.0,bin,10,0.007009983062744141,0.0,0.014019966125488281,284170,COc1ccc(-c2nc(CC(=O)Nc3cccc(C)n3)cs2)cc1,3.7033200000000024,Cc1ccc(-c2nc(CC(=O)NC3COC=CC=N3)cs2)cc1,True,2.718020000000001,-0.9853000000000014,0.4117647058823529,False,True
3.0,bin,10,0.007009983062744141,0.0,0.014019966125488281,288369,Cc1ccc(NCc2nnc3n2CCCCC3)cc1C,3.2334400000000016,Clc1ccccc1NCc1nnc2n1CCCCC2,True,3.2700000000000014,0.036559999999999704,0.5490196078431373,False,True
3.0,bin,10,0.007009983062744141,0.0,0.014019966125488281,302889,COc1ccc(OC)c(NC(=O)CCNC(=O)c2cccs2)c1,2.5239000000000003,COc1ccc(NC(=O)CCNC(=O)c2cccs2)c(OC)c1,True,2.5239000000000003,0.0,0.84,False,False
3.0,bin,10,0.007009983062744141,0.0,0.014019966125488281,327141,COc1ccc(OC)c(S(=O)(=O)Nc2ccn(C)n2)c1,1.2381,COc1ccc(S(=O)(=O)Nc2ccn(C)n2)c(OC)c1,True,1.2380999999999998,-2.220446049250313e-16,0.813953488372093,False,True
3.0,bin,10,0.007009983062744141,0.0,0.014019966125488281,327382,CNC(=O)C1CN(C(=O)c2c(C)noc2C)c2ccccc2O1,1.4452399999999996,CCc1oncc1C(=O)N1CC(C(=O)NC)Oc2ccccc21,True,1.3907999999999991,-0.05444000000000049,0.5833333333333334,False,True
3.0,bin,10,0.007009983062744141,0.0,0.014019966125488281,406491,COCCNC(=O)C1CCCN(S(=O)(=O)N2CCOCC2)C1,-0.9619999999999964,COCCNC(=O)C1CCN(S(=O)(=O)N2CCOCC2)CC1,True,-0.9619999999999964,0.0,0.7659574468085106,False,True
3.0,bin,10,0.007009983062744141,0.0,0.014019966125488281,413951,O=C(Cn1ncn2cccc2c1=O)N1CCCCCC1,0.8985999999999996,O=C(Cn1nc2ccccn2c1=O)N1CCCCCC1,True,0.8985999999999996,0.0,0.4807692307692308,False,False
3.0,bin,10,0.007009983062744141,0.0,0.014019966125488281,427929,CCNc1nc(NCc2ccccc2Cl)c2cnn(C)c2n1,3.060600000000001,CCNc1nc(NCc2ccccc2Cl)c2cnn(C)c2n1,True,3.060600000000001,0.0,1.0,True,False
3.0,bin,10,0.007009983062744141,0.0,0.014019966125488281,447130,CCC(NC(=O)C1CCN(C(=O)C2CC2)CC1)c1ccc(C)cc1,3.2109200000000016,CCC(NC(=O)C1CCN(C(=O)C2CC2C)CC1)c1ccccc1,True,3.148500000000002,-0.062419999999999476,0.6346153846153846,False,True
3.0,bin,10,0.007009983062744141,0.0,0.014019966125488281,481908,CCNS(=O)(=O)c1ccc(C)c(C(=O)Nc2ncccc2C)c1,2.24894,CCNS(=O)(=O)c1ccc(C)cc1C(=O)Nc1cccc(C)n1,True,2.24894,0.0,0.4032258064516129,False,True
3.0,bin,10,0.007009983062744141,0.0,0.014019966125488281,485220,Cc1nn(CC(=O)N2CCN(C)CC2)c(C)c1Br,1.03644,Cc1nn(CC(=O)NC2C=C(Br)N(C)C2)c(C)c1C,True,1.4748600000000003,0.43842000000000025,0.35714285714285715,False,True
3.0,bin,10,0.007009983062744141,0.0,0.014019966125488281,526363,Cc1nnc(SCC(=O)Nc2ccc(O)cc2)n(N)c1=O,0.09692,CC1=NN=C(SCC(=O)Nc2ccccc2)N(N)C(=O)N1N,True,0.5327000000000002,0.43578000000000017,0.47368421052631576,False,True
3.0,bin,10,0.007009983062744141,0.0,0.014019966125488281,536853,COc1ccc(C2CCCN2C(=O)C2CCC2)c(OC)c1,3.1674000000000015,COc1ccc(OC)c(C2CCCN2C(=O)C2CCC2)c1,True,3.1674000000000015,0.0,0.8222222222222222,False,True
3.0,bin,10,0.007009983062744141,0.0,0.014019966125488281,540312,Cc1nn(C)c2nc(C3CC3)cc(C(=O)NCC(=O)NC(C)(C)C)c12,1.7986199999999997,Cc1cc(C(=O)NCC(=O)NC(C)(C)C)cc(C2CC2)ncn(C)n1,True,1.7698199999999993,-0.02880000000000038,0.5230769230769231,False,True
3.0,bin,10,0.007009983062744141,0.0,0.014019966125488281,544381,Cc1nc(N2CCCC(C(=O)NC(C)C)C2)c2c(C)c(C)oc2n1,2.8890600000000006,CC1=C(C(=O)N2CCCC2CO)CCC=NC1NCC(F)(F)F,True,1.6287999999999998,-1.2602600000000008,0.17857142857142858,False,True
3.0,bin,10,0.007009983062744141,0.0,0.014019966125488281,544382,CCCNC(=O)C1CCCN(c2nc(C)nc3oc(C)c(C)c23)C1,2.8906600000000013,CC=NC(=CC1OC1=NC(C)=CC)N1CCC(C(=O)OC)CC1,True,2.5245000000000006,-0.3661600000000007,0.1686746987951807,False,True
3.0,bin,10,0.007009983062744141,0.0,0.014019966125488281,550049,Cc1ccc(C)c(OCC(=O)Nc2cccc(-n3cnnc3)c2)c1,2.9016400000000013,Cc1ccc(OCC(=O)Nc2cccc(-n3cnnc3)c2)cc1C,True,2.9016400000000013,0.0,0.7169811320754716,False,False
3.0,bin,10,0.007009983062744141,0.0,0.014019966125488281,573533,Cc1nn(-c2ncc(C(F)(F)F)cc2Cl)c(=O)o1,2.2011199999999995,Cc1nn(-c2cc(Cl)c(Cl)cn2)c(=O)o1,True,1.83572,-0.3653999999999995,0.5217391304347826,False,True
3.0,bin,10,0.007009983062744141,0.0,0.014019966125488281,582555,O=C(NCC(O)c1ccccc1)c1ccc2c(=O)n3c(nc2c1)CCC3,1.8061000000000003,O=C1NCC(O)c2ccc3c(=O)[nH]cnc3c2C2C=CC=C1CCC2,True,1.8363999999999998,0.03029999999999955,0.12903225806451613,False,True
3.0,bin,10,0.007009983062744141,0.0,0.014019966125488281,588547,Cc1n[nH]c(C)c1NC(=O)CCc1ccc(Cl)cc1Cl,3.9046400000000023,Cc1n[nH]c(C)c1NC(=O)CCc1ccc(Cl)c(Cl)c1,True,3.9046400000000023,0.0,0.66,False,True
3.0,bin,10,0.007009983062744141,0.0,0.014019966125488281,607673,CCCN(CC1CC1)S(=O)(=O)c1ccccc1F,2.636400000000001,CCCN(CC1CC1)S(=O)(=O)c1ccccc1F,True,2.636400000000001,0.0,1.0,True,False
3.0,bin,10,0.007009983062744141,0.0,0.014019966125488281,617681,Cc1cc(C(=O)Nc2nc(-c3ccncc3)cs2)nn1C(C)C,3.5432200000000016,Cc1cc(C(=O)Nc2nc(-c3ccncc3)cs2)nn1C(C)C,True,3.5432200000000016,0.0,1.0,True,False
3.0,bin,10,0.007009983062744141,0.0,0.014019966125488281,650267,COc1ccc2oc(C(=O)NC3CCCCNC3=O)c(C)c2c1,2.14832,C=C1C(C=COC)=COC1(C)C(=O)NC1CCCCNC1=O,True,1.1603999999999994,-0.9879200000000006,0.4027777777777778,False,True
3.0,bin,10,0.007009983062744141,0.0,0.014019966125488281,668639,Cc1cc(NC(=O)c2ccccc2Cl)ncc1N,2.8779200000000005,Cc1c(N)ccnc1NC(=O)c1cccc(Cl)c1,True,2.8779200000000005,0.0,0.3508771929824561,False,True
3.0,bin,10,0.007009983062744141,0.0,0.014019966125488281,673160,CCC(=O)Nc1ccc2oc(C(F)(F)F)cc(=O)c2c1,3.160300000000001,CCC(=O)Nc1cccc(OC(=O)C=CC(F)(F)F)c1,True,3.059000000000001,-0.10130000000000017,0.3793103448275862,False,True
3.0,bin,10,0.007009983062744141,0.0,0.014019966125488281,711169,Cc1cccc(C(C)C)c1NC(=O)N(C)Cc1ccncc1,4.177320000000003,Cc1cccc(C(C)C)c1NC(=O)N(C)Cc1ccncc1,True,4.177320000000003,0.0,1.0,True,False
3.0,bin,10,0.007009983062744141,0.0,0.014019966125488281,720969,Cc1noc(C)c1CCC(=O)OCC(=O)N1c2ccccc2CC1C,2.7450400000000013,Cc1noc(C)c1CCC(=O)OCC(=O)N1c2ccccc2CC1C,True,2.7450400000000013,0.0,1.0,True,False
3.0,bin,10,0.007009983062744141,0.0,0.014019966125488281,730789,COC(=O)C1CCN(C(=O)c2cc3ccc(F)cc3nc2C)CC1,2.7075200000000006,COC(=O)C1CCCN(C(=O)c2cc3c(F)cccc3nc2C)C1,True,2.7075200000000006,0.0,0.53125,False,True
3.0,bin,10,0.007009983062744141,0.0,0.014019966125488281,738178,Cc1ccc(-n2ccnc2SCc2nc(C3CC3)no2)cc1C,4.041840000000003,Cc1cc(C)cc(-n2ccnc2SCc2nc(C3CC3)no2)c1,True,4.041840000000003,0.0,0.7692307692307693,False,False
3.0,bin,10,0.007009983062744141,0.0,0.014019966125488281,771897,COc1ccccc1OCC(=O)N(C)Cc1sccc1C,3.102520000000002,COc1ccccc1OC(C)C(=O)N(C)Cc1sccc1C#N,True,3.054280000000002,-0.04823999999999984,0.4666666666666667,False,True
3.0,bin,10,0.007009983062744141,0.0,0.014019966125488281,811446,COC(=O)C1(NC(=O)c2cc(Br)c[nH]2)CCCCCC1,2.7730000000000006,CCCC(NC(=O)c1cc(Br)cn1C(C)C)C(=O)OC,True,2.9030000000000014,0.13000000000000078,0.234375,False,True
3.0,bin,10,0.007009983062744141,0.0,0.014019966125488281,848291,CCC(C)NC(=O)NCc1noc(-c2cccs2)n1,2.3958000000000004,CC(C)CNC(=O)NCc1noc(-c2cccs2)n1,True,2.2533000000000003,-0.14250000000000007,0.7307692307692307,False,False
3.0,bin,10,0.007009983062744141,0.0,0.014019966125488281,863440,COc1ccc(-c2nc(CCCO)cs2)cc1OC,2.752200000000001,COc1ccc(OC)c(-c2nc(CC(C)O)cs2)c1,True,2.7506000000000013,-0.0015999999999998238,0.42592592592592593,False,True
3.0,bin,10,0.007009983062744141,0.0,0.014019966125488281,864663,N#Cc1ccc(-c2cc(F)ccc2F)nc1N1CCCC1,3.498680000000002,N#Cc1ccc(-c2ccc(F)cc2)nc1N1CCCC1,True,3.359580000000002,-0.1391,0.6818181818181818,False,False
3.0,bin,10,0.007009983062744141,0.0,0.014019966125488281,872100,CCc1cccc(C)c1NCC(O)c1ccc2c(c1)OCCO2,3.474120000000002,CCc1cccc(C)c1NCC(O)c1ccc2c(c1)OCCO2,True,3.474120000000002,0.0,1.0,True,False
3.0,bin,10,0.007009983062744141,0.0,0.014019966125488281,886334,COc1ccc(C(=O)N2CCCC(C(=O)N3CCCCC3)C2)c(O)c1,2.2655000000000003,COc1ccc(C(=O)N2CCCC(C(=O)N3CCCCC3)C2)cc1O,True,2.2655000000000007,4.440892098500626e-16,0.6226415094339622,False,True
3.0,bin,10,0.007009983062744141,0.0,0.014019966125488281,887387,COCCNC(=O)N(Cc1cccc(F)c1)CC1CCCO1,2.1627,COCCNC(=O)N(Cc1ccc(F)cc1)CC1CCCO1,True,2.1627,0.0,0.7857142857142857,False,True
3.0,bin,10,0.007009983062744141,0.0,0.014019966125488281,889149,N#Cc1ccc(NC(=O)c2ccc(Br)cc2Cl)nc1,3.621480000000001,N#Cc1cccnc1NC(=O)c1ccc(Cl)c(Br)c1,True,3.621480000000001,0.0,0.36065573770491804,False,True
3.0,bin,10,0.007009983062744141,0.0,0.014019966125488281,913483,O=C(CNC(=O)NCCc1c(Cl)cccc1Cl)NC1CC1,2.1137000000000006,O=C(CNC(=O)NCC1CC1(Cl)Cl)NCCc1ccccc1,True,1.8383,-0.27540000000000053,0.39285714285714285,False,True
3.0,bin,10,0.007009983062744141,0.0,0.014019966125488281,917620,C=CCN(Cc1ccccc1OC)C(=O)c1csc(C)n1,3.288520000000002,C=CCN(Cc1ccc(OC)cc1)C(=O)c1csc(CC)n1,True,3.542500000000002,0.2539800000000003,0.5081967213114754,False,True
3.0,bin,10,0.007009983062744141,0.0,0.014019966125488281,918312,CCOc1ccc(Cl)c(C(=O)N2CCN(c3ncccn3)CC2)n1,1.8860999999999997,CCOc1ccnc(N2CCN(C(=O)c3ncc(Cl)cc3N)CC2)n1,True,1.4683,-0.4177999999999997,0.5833333333333334,False,True
3.0,bin,10,0.007009983062744141,0.0,0.014019966125488281,922879,CC(=O)c1ccc(N2CCN(Cc3c(F)cccc3F)CC2)cc1,3.489600000000003,CC(=O)c1ccccc1CN1CCN(c2ccc(F)c(F)c2)CC1,True,3.489600000000003,0.0,0.5,False,True
3.0,bin,10,0.007009983062744141,0.0,0.014019966125488281,927535,COc1cc(CN2CCN(c3ccccc3F)CC2)ccc1O,2.862100000000002,COc1ccc(CN2CCN(c3ccccc3F)CC2)c(O)c1,True,2.8621000000000016,-4.440892098500626e-16,0.6274509803921569,False,True
3.0,bin,10,0.007009983062744141,0.0,0.014019966125488281,927567,Cc1ccccc1N1CCN(Cc2cccc(O)c2)CC1,3.022820000000001,Cc1ccccc1N1CCN(Cc2cccc(CO)c2)CC1,True,2.809520000000001,-0.21330000000000027,0.7560975609756098,False,True
3.0,bin,10,0.007009983062744141,0.0,0.014019966125488281,938108,CC(c1ccccc1)N(C)C(=O)CCC(=O)Nc1nccs1,3.0814000000000012,CC(c1ccccc1)N(C)C(=O)CCC(=O)Nc1nccs1,True,3.0814000000000012,0.0,1.0,True,False
3.0,bin,10,0.007009983062744141,0.0,0.014019966125488281,943303,CN(CCCOc1ccccc1)C(=O)Nc1cccc2c1OCCO2,3.390600000000002,CN(CCCOc1ccccc1)C(=O)Nc1cccc2c1OCCO2,True,3.390600000000002,0.0,1.0,True,False
3.0,bin,10,0.007009983062744141,0.0,0.014019966125488281,946289,CC(NC(=O)C1(c2cc(-c3ccco3)on2)CC1)c1ccccc1,3.843600000000002,C=C1C=CC=CC(C)NC(=O)C(c2cc(-c3ccco3)on2)C1,True,3.595200000000002,-0.24840000000000018,0.29333333333333333,False,True
3.0,bin,10,0.007009983062744141,0.0,0.014019966125488281,994077,Cc1nnc(Cn2c(-c3cccc(Br)c3)noc2=O)o1,2.0055199999999997,CC=NN=CCn1c(-c2cccc(Br)c2)noc1=O,True,2.3423,0.3367800000000001,0.5636363636363636,False,True
3.0,bin,10,0.007009983062744141,0.0,0.014019966125488281,1065620,O=C(NCc1cccnc1Oc1ccccc1)c1cccnc1,3.198900000000002,O=C(NCc1cccnc1Oc1cccnc1)c1ccccc1,True,3.198900000000002,0.0,0.8666666666666667,False,True
3.0,bin,10,0.007009983062744141,0.0,0.014019966125488281,1093926,CN(C(=O)CNc1cccc(OCC2CCCO2)c1)c1ccccc1,3.319300000000002,CN(CC(=O)Nc1cccc(C#N)c1)c1cccc(OC2CCCO2)c1,True,3.148480000000001,-0.17082000000000086,0.3974358974358974,False,True
3.0,bin,10,0.007009983062744141,0.0,0.014019966125488281,1107920,CCc1ccc(-n2cc(C(=O)NC(C)c3ccccc3)nn2)cc1,3.320700000000002,Cc1cccc(CN=CN(N)C(=O)C(C)NC(C)c2ccccc2)c1,True,2.964920000000001,-0.3557800000000011,0.2602739726027397,False,True
3.0,bin,10,0.007009983062744141,0.0,0.014019966125488281,1113130,CC(NC(=O)Cn1nnnc1C(C)(C)C)c1cccc2ccccc12,3.0012000000000016,CC(C)c1nnnn1C(C)C(=O)NC(C)c1cccc2ccccc12,True,3.3881000000000023,0.3869000000000007,0.5344827586206896,False,True
3.0,bin,10,0.007009983062744141,0.0,0.014019966125488281,1121751,COC(=O)Cn1ccc(NS(=O)(=O)c2ccc(F)c(F)c2F)n1,1.2742,COC(=O)Cn1ccc(NS(=O)(=O)c2ccccc2SC)n1,True,1.5788000000000002,0.3046000000000002,0.6181818181818182,False,True
3.0,bin,10,0.007009983062744141,0.0,0.014019966125488281,1142531,CCOC(C)C(=O)NCCc1csc(-c2ccc(C)cc2)n1,3.2022200000000014,CCOC(CC)C(=O)NCCc1csc(-c2ccccc2)n1,True,3.283900000000002,0.08168000000000042,0.6428571428571429,False,True
3.0,bin,10,0.007009983062744141,0.0,0.014019966125488281,1212157,CN(Cc1ccc(F)c(F)c1)C(=O)c1cncc(-c2cnn(C)c2)c1,3.0325000000000015,CNN=CC1=CC1C=CC=CCN(C)CC(=CN)c1cncc(F)c1,True,2.3259,-0.7066000000000017,0.1797752808988764,False,True
3.0,bin,10,0.007009983062744141,0.0,0.014019966125488281,1215394,CCn1nc(C)cc1C(=O)Oc1cccc(NC(=O)C(C)C)c1,3.025120000000001,CCn1nc(C(C)C)cc1C(=O)Oc1cccc(NC(C)=O)c1,True,3.2040000000000015,0.17888000000000037,0.6727272727272727,False,True
3.0,bin,10,0.007009983062744141,0.0,0.014019966125488281,1232922,CC(C)(C)OC(=O)NC1CCCN(S(=O)(=O)N2CCOCC2)C1,0.5525000000000011,CC(C)(C)OC(=O)NC1CCCN(S(=O)(=O)N2CCOCC2)C1,True,0.5525000000000011,0.0,1.0,True,False
3.0,bin,10,0.007009983062744141,0.0,0.014019966125488281,1238973,FC(F)(F)c1cnc(N2CCn3c(nnc3C3CC3)C2)c(Cl)c1,3.2429000000000023,FC1=CC(=CC(F)(F)F)N=C1NCCn1cnnc1C(F)(F)F,True,2.598200000000001,-0.6447000000000012,0.11392405063291139,False,True
3.0,bin,10,0.007009983062744141,0.0,0.014019966125488281,1299495,Cc1cc(CC(=O)N2CCCC2C(C#N)c2ccccc2)no1,2.823900000000001,Cc1cc(CC(=O)N2CCCC2C(=O)Cc2ccccc2)no1,True,2.3283200000000006,-0.49558000000000035,0.5901639344262295,False,True
3.0,bin,10,0.007009983062744141,0.0,0.014019966125488281,1309906,CC(C)CC(NC(=O)c1cc(=O)c2ccccc2o1)C(=O)OC(C)C,2.8891000000000018,CC(C)CC(F)NC(=O)COCC(F)F,True,1.726,-1.1631000000000018,0.2542372881355932,False,True
3.0,bin,10,0.007009983062744141,0.0,0.014019966125488281,1362816,COCc1cccc(C(=O)NC2CC2c2cccc(Cl)c2)c1,3.772300000000002,COCc1c(Cl)cccc1C(=O)NC1CC1c1cccc(F)c1,True,3.911400000000002,0.1391,0.532258064516129,False,True
3.0,bin,10,0.007009983062744141,0.0,0.014019966125488281,1441838,COCC(=O)NC(C(=O)Nc1cccc(-c2nccs2)c1)C(C)C,2.5358,COCCC(=O)NC(C)C(=O)Nc1cccc(-c2nc(C)cs2)c1,True,2.5982200000000004,0.062420000000000364,0.4714285714285714,False,True
3.0,bin,10,0.007009983062744141,0.0,0.014019966125488281,1450449,CCCNC(=O)CSc1nc2c(cc1C#N)CCCC2,2.450380000000001,CCCNC(=O)CSc1nc2c(cc1C#N)CCCC2,True,2.450380000000001,0.0,1.0,True,False
3.0,bin,10,0.007009983062744141,0.0,0.014019966125488281,1451910,O=S(=O)(NCc1nnc2ccccn12)c1ccc(F)c(F)c1,1.4859999999999995,O=S(=O)(NCc1nnc2ccccn12)c1cc(F)ccc1F,True,1.4859999999999998,2.220446049250313e-16,0.7,False,False
3.0,bin,10,0.007009983062744141,0.0,0.014019966125488281,1479798,Cc1nc(C)c(CCC(=O)N(CC(C)C)CC(F)(F)F)c(=O)[nH]1,2.3662400000000003,CNC(=O)CCN(CC(F)(F)F)C(=O)CCC1=C(C)N=C(C)NC1,True,1.5891999999999995,-0.7770400000000008,0.34328358208955223,False,True
3.0,bin,10,0.007009983062744141,0.0,0.014019966125488281,1507926,COC(=O)C(C)NC(=O)Cc1csc(-c2ccccc2Cl)n1,2.6837,COC(=O)C(NC(=O)Cc1csc(-c2ccccc2)n1)C(C)C,True,2.666400000000001,-0.01729999999999876,0.5892857142857143,False,False
3.0,bin,10,0.007009983062744141,0.0,0.014019966125488281,1527882,Nc1ncccc1C(=O)Nc1ccc2cn[nH]c2c1,1.7923999999999998,Nc1ncccc1C(=O)Nc1ccc2[nH]ncc2c1,True,1.7923999999999998,0.0,0.8260869565217391,False,False
3.0,bin,10,0.007009983062744141,0.0,0.014019966125488281,1532848,COc1ccc(-c2ccc3c(=O)[nH]cnc3c2)cc1Cl,3.2521000000000013,COC=CC=C(C)c1ccc2nc[nH]c(=O)c2c1Cl,True,3.1399000000000017,-0.11219999999999963,0.32786885245901637,False,True
3.0,bin,10,0.007009983062744141,0.0,0.014019966125488281,1548351,COc1cc(OC)c2c(c1)C(c1cnccn1)NCC2,1.7288999999999999,COc1cc2c(c(OC)c1)C(c1cnccn1)NCC2,True,1.7288999999999999,0.0,0.673469387755102,False,False
3.0,bin,10,0.007009983062744141,0.0,0.014019966125488281,1570134,COc1cccc(C(C)N2CCN(C(=O)c3ccc(O)cc3)CC2)c1,2.9198000000000013,COc1cccc(C(C)N2CCN(C(=O)c3cccc(O)c3)CC2)c1,True,2.9198000000000013,0.0,0.8125,False,True
3.0,bin,10,0.007009983062744141,0.0,0.014019966125488281,1611406,CC(C)(C)N1CC(NC(=O)C2COc3ccc(F)cc3C2)CC1=O,1.8923999999999994,CC1c2cc(F)ccc2OCC1NC(=O)C1CN(C(C)(C)C)C1=O,True,2.0633,0.1709000000000005,0.47058823529411764,False,True
3.0,bin,10,0.007009983062744141,0.0,0.014019966125488281,1612684,CCCC1CN(C(=O)Nc2ccn(CCC(C)C)n2)CCO1,2.9620000000000015,CCCC1CN(C(=O)Nc2ccn(CCC(C)C)n2)CCO1,True,2.9620000000000015,0.0,1.0,True,False
3.0,bin,10,0.007009983062744141,0.0,0.014019966125488281,1639675,CCC(CC)c1nnc(NC(=O)c2scnc2C2CC2)s1,4.0279000000000025,CC(C)C(C)c1nnc(NC(=O)CC2(C)C=NC=CSC2)s1,True,3.9213000000000022,-0.10660000000000025,0.3,False,True
3.0,bin,10,0.007009983062744141,0.0,0.014019966125488281,1675660,COc1ccnc(NC(=O)c2cccc(Cl)c2)c1,2.9959000000000007,COc1ccnc(NC(=O)c2ccc(Cl)c(F)c2)c1,True,3.1350000000000007,0.1391,0.6666666666666666,False,True
3.0,bin,10,0.007009983062744141,0.0,0.014019966125488281,1689728,CCc1noc(CSc2ncnc3sc(C)cc23)n1,3.237420000000002,Cc1cc2c(SCC3CCC=NO3)ncnc2s1,True,3.2566200000000016,0.019199999999999662,0.45,False,True
3.0,bin,10,0.007009983062744141,0.0,0.014019966125488281,1720876,CC(C)(C)CC(=O)NCC(=O)Nc1ccc2c(c1)COC2,2.2077,CC(C)(C)C(=O)NCC(=O)Nc1ccc2c(c1)COC2,True,1.8175999999999997,-0.39010000000000034,0.75,False,False
3.0,bin,10,0.007009983062744141,0.0,0.014019966125488281,1757109,CC(C)Cc1ncc(CNc2ccc3c(c2)COC3)s1,3.983900000000003,CC(C)Cc1ncc(CNc2ccc3c(c2)COC3)s1,True,3.983900000000003,0.0,1.0,True,False
3.0,bin,10,0.007009983062744141,0.0,0.014019966125488281,1774061,O=C1NCCCc2[nH]c(-c3cccc4[nH]ccc34)nc21,2.234,O=CNCC1=CC(c2cccc3[nH]ccc23)NCC1,True,1.8746999999999998,-0.3593000000000002,0.27941176470588236,False,True
3.0,bin,10,0.007009983062744141,0.0,0.014019966125488281,1800687,Cc1nn(C)c(-c2nc(-c3cccnn3)no2)c1Cl,1.8889199999999997,Cc1nn(C)c(Cl)c1-c1nc(-c2cccnn2)no1,True,1.8889199999999993,-4.440892098500626e-16,0.7083333333333334,False,True
3.0,bin,10,0.007009983062744141,0.0,0.014019966125488281,1815867,FC(F)(F)c1ccc(CN2CCOCC2c2ncon2)cc1,2.661900000000001,FC(F)(F)c1cccc(CN2CCOCC2c2ncon2)c1,True,2.6619,-8.881784197001252e-16,0.7692307692307693,False,True
3.0,bin,10,0.007009983062744141,0.0,0.014019966125488281,1828580,Cc1ccc(N2CC3OCC(=O)N(Cc4cccc(F)c4)C3C2)nn1,1.54032,Cc1ccc(N2CC3OCC(=O)N(Cc4ccc(F)cc4)C3C2)nn1,True,1.54032,0.0,0.7894736842105263,False,True
3.0,bin,10,0.007009983062744141,0.0,0.014019966125488281,1836183,CCc1ccc(C(=O)NCc2nccc(N(C)C)n2)cc1,2.035,Cc1cc(C)nc(CNC(=O)c2ccc(C#N)cc2)n1,True,1.89512,-0.13988000000000023,0.38181818181818183,False,True
3.0,bin,10,0.007009983062744141,0.0,0.014019966125488281,1842499,COc1ccccc1COc1ccccc1-c1cnn(CCO)c1,3.1300000000000017,COc1cccc(Cn2cc(OCc3ccc(O)cc3)cn2)c1F,True,3.3637000000000024,0.23370000000000068,0.375,False,True
3.0,bin,10,0.007009983062744141,0.0,0.014019966125488281,1865564,COC(CNC(=O)c1ccoc1)c1cccc(F)c1,2.536200000000001,COC(CNC(=O)c1ccoc1)c1ccc(F)c(F)c1,True,2.675300000000001,0.1391,0.74,False,True
3.0,bin,10,0.007009983062744141,0.0,0.014019966125488281,1868773,CCCOc1ccc(Cl)c2c1CCNC2C1CC(=O)C1,3.2947000000000015,CCCOc1ccc2c(c1Cl)C1(CCC(=O)C1N)CC2,True,3.003,-0.2917000000000014,0.359375,False,True
3.0,bin,10,0.007009983062744141,0.0,0.014019966125488281,1873123,CCC1OC(=O)c2c(OC)ccc(Br)c21,3.079200000000002,COc1cc(Br)cc2c1C(=O)OCC2C,True,2.7316000000000003,-0.3476000000000017,0.3137254901960784,False,True
3.0,bin,10,0.007009983062744141,0.0,0.014019966125488281,1875028,Cc1cccc(C)c1NCC(=O)N1CCCC2CCCCC21,3.8965400000000034,Cc1cccc(C)c1NCC(=O)N1CCCC1C1CCCC1,True,3.8965400000000034,0.0,1.0,False,True
3.0,bin,10,0.007009983062744141,0.0,0.014019966125488281,1895921,CCC(CC)N(C)C(=O)CC1OC(=O)c2ccccc21,2.935200000000002,CC(C)CCN(C)C(=O)CC1OC(=O)c2ccccc21,True,2.792700000000001,-0.14250000000000096,0.625,False,False
3.0,bin,10,0.007009983062744141,0.0,0.014019966125488281,1907077,Cc1ccc2[nH]nc(C(=O)Nc3nc(-c4ccco4)cs3)c2c1,3.8401200000000015,Cc1cccc(C=NOC2=NN(C=NCc3ccco3)C2=O)c1,True,2.3227200000000003,-1.5174000000000012,0.19767441860465115,False,True
3.0,bin,10,0.007009983062744141,0.0,0.014019966125488281,1913063,Cc1nn(C)c(C)c1CN(C(=O)c1cn2cccc(C)c2n1)C1CC1,2.797860000000001,CC1=CC=CNC=C(C(=O)N(Cc2cn(C)nc2C)C2CC2)N(C)C1,True,2.05592,-0.7419400000000009,0.3125,False,True
3.0,bin,10,0.007009983062744141,0.0,0.014019966125488281,1922265,CN(CCNC(=O)c1ccc2c(c1)ncn2C)c1ccccc1,2.4395000000000007,CN(CCNC(=O)c1ccccc1)C(=O)c1ccc2c(c1)ncn2C,True,2.0752999999999995,-0.3642000000000012,0.7222222222222222,False,True
3.0,bin,11,0.0693100094795227,0.014019966125488281,0.12460005283355713,32052,COc1ccccc1CNC(=O)Cc1c[nH]c2ccccc12,3.035400000000001,C=CC=CNC=CCC(=O)N(C)Cc1ccc(OC)c(OC)c1,True,2.8553000000000015,-0.18009999999999948,0.19444444444444445,False,True
3.0,bin,11,0.0693100094795227,0.014019966125488281,0.12460005283355713,116747,COCCSc1ccccc1C(=O)Nc1cccc(C)n1,3.3808200000000017,CCCN(C)c1ccc(C(=O)Nc2cccc(C)n2)cc1,True,3.488520000000002,0.10770000000000035,0.41379310344827586,False,True
3.0,bin,11,0.0693100094795227,0.014019966125488281,0.12460005283355713,131060,CS(=O)(=O)NCCc1csc(-c2ccc(F)cc2)n1,2.0408999999999997,CS(=O)(=O)NCCc1csc(-c2ccc(F)c(F)c2)n1,True,2.1799999999999997,0.1391,0.7555555555555555,False,True
3.0,bin,11,0.0693100094795227,0.014019966125488281,0.12460005283355713,131949,CCc1c(C)nc(SCC(=O)NC(C)C)[nH]c1=O,1.25742,CCOC(=O)C(Sc1nc(C)c(C)c(=O)[nH]1)C(C)C,True,2.06654,0.8091199999999998,0.38181818181818183,False,True
3.0,bin,11,0.0693100094795227,0.014019966125488281,0.12460005283355713,158879,COc1ccc(CC(=O)OCC(=O)c2c[nH]c3ccccc23)cc1,3.145100000000001,CN(C)c1ccc(C(=O)OCC(=O)Cc2c[nH]c3ccccc23)cc1,True,3.2025000000000015,0.05740000000000034,0.359375,False,True
3.0,bin,11,0.0693100094795227,0.014019966125488281,0.12460005283355713,232056,COCCNC(=O)c1cc(=O)c2cc(C)ccc2o1,1.4776199999999993,Cc1cc(=O)c2cc(C(=O)NC(C)CO)ccc2o1,True,1.2120199999999999,-0.2655999999999994,0.43636363636363634,False,True
3.0,bin,11,0.0693100094795227,0.014019966125488281,0.12460005283355713,235788,O=C(Cn1nc(-c2ccco2)oc1=O)NCC(F)(F)F,0.7747999999999999,O=C(Cn1nc(-c2ccco2)oc1=O)NCC(F)(F)F,True,0.7747999999999999,0.0,1.0,True,False
3.0,bin,11,0.0693100094795227,0.014019966125488281,0.12460005283355713,236081,CC(=O)c1c(C)[nH]c(C(=O)CSc2nc(C(C)C)n[nH]2)c1C,3.0506400000000014,CCC(CC)c1n[nH]c(SCC(=O)c2cc(C(C)=O)[nH]c2C)n1,True,3.522420000000001,0.47177999999999987,0.48333333333333334,False,True
3.0,bin,11,0.0693100094795227,0.014019966125488281,0.12460005283355713,281081,O=C(Cn1cccn1)NCc1cccnc1Oc1ccc(F)cc1F,2.665000000000001,C=CC=COc1ncccc1NCC(=O)N(C)Cc1ccc(F)cc1,True,3.3697000000000026,0.7047000000000017,0.26506024096385544,False,True
3.0,bin,11,0.0693100094795227,0.014019966125488281,0.12460005283355713,284170,COc1ccc(-c2nc(CC(=O)Nc3cccc(C)n3)cs2)cc1,3.7033200000000024,Cc1cccc(N(C)C(=O)Cc2csc(-c3ccccc3F)n2)n1,True,3.858120000000003,0.15480000000000071,0.3939393939393939,False,True
3.0,bin,11,0.0693100094795227,0.014019966125488281,0.12460005283355713,288369,Cc1ccc(NCc2nnc3n2CCCCC3)cc1C,3.2334400000000016,Clc1ccccc1NCc1nnc2n1CCCCC2,True,3.2700000000000014,0.036559999999999704,0.5490196078431373,False,True
3.0,bin,11,0.0693100094795227,0.014019966125488281,0.12460005283355713,302889,COc1ccc(OC)c(NC(=O)CCNC(=O)c2cccs2)c1,2.5239000000000003,O=C(CCNC(=O)c1cccs1)Nc1ccc(F)cc1,True,2.6458000000000004,0.12190000000000012,0.5272727272727272,False,False
3.0,bin,11,0.0693100094795227,0.014019966125488281,0.12460005283355713,327141,COc1ccc(OC)c(S(=O)(=O)Nc2ccn(C)n2)c1,1.2381,CC(=O)N(C)Cc1ccc(S(=O)(=O)Nc2ccn(C)n2)cc1,True,1.1991999999999996,-0.03890000000000038,0.39655172413793105,False,True
3.0,bin,11,0.0693100094795227,0.014019966125488281,0.12460005283355713,327382,CNC(=O)C1CN(C(=O)c2c(C)noc2C)c2ccccc2O1,1.4452399999999996,Cc1noc(C)c1C(=O)N1CCOc2ccccc21,True,2.33064,0.8854000000000002,0.5925925925925926,False,False
3.0,bin,11,0.0693100094795227,0.014019966125488281,0.12460005283355713,406491,COCCNC(=O)C1CCCN(S(=O)(=O)N2CCOCC2)C1,-0.9619999999999964,CNS(=O)(=O)N1CCCC(C(=O)N2CCOC(C)(C)C2)C1,True,-0.19999999999999907,0.7619999999999973,0.3384615384615385,False,True
3.0,bin,11,0.0693100094795227,0.014019966125488281,0.12460005283355713,413951,O=C(Cn1ncn2cccc2c1=O)N1CCCCCC1,0.8985999999999996,CN(C)c1cc2cc(n1)C(=O)N(CC(=O)N1CCCCC1)C=NN2,True,0.9710999999999996,0.07250000000000001,0.29850746268656714,False,True
3.0,bin,11,0.0693100094795227,0.014019966125488281,0.12460005283355713,427929,CCNc1nc(NCc2ccccc2Cl)c2cnn(C)c2n1,3.060600000000001,CCCNC=NC(NCc1ccc(Cl)cc1)=C1C=NN(C)C1=N,True,2.5775699999999997,-0.4830300000000012,0.17721518987341772,False,True
3.0,bin,11,0.0693100094795227,0.014019966125488281,0.12460005283355713,447130,CCC(NC(=O)C1CCN(C(=O)C2CC2)CC1)c1ccc(C)cc1,3.2109200000000016,CC(C)C(NC(=O)C1CCN(C(=O)C2CC2)CC1)c1ccccc1,True,3.148500000000002,-0.062419999999999476,0.5384615384615384,False,True
3.0,bin,11,0.0693100094795227,0.014019966125488281,0.12460005283355713,481908,CCNS(=O)(=O)c1ccc(C)c(C(=O)Nc2ncccc2C)c1,2.24894,COc1ccc(C(=O)Nc2cccnc2OCCO)c(C)c1,True,2.0220199999999995,-0.22692000000000068,0.34328358208955223,False,True
3.0,bin,11,0.0693100094795227,0.014019966125488281,0.12460005283355713,485220,Cc1nn(CC(=O)N2CCN(C)CC2)c(C)c1Br,1.03644,Cc1cc(Br)n(CC(=O)N2CCNC(C)C2)n1,True,0.7743199999999995,-0.2621200000000006,0.36363636363636365,False,True
3.0,bin,11,0.0693100094795227,0.014019966125488281,0.12460005283355713,526363,Cc1nnc(SCC(=O)Nc2ccc(O)cc2)n(N)c1=O,0.09692,COC=CC=CCNC(=O)CSc1nncc(=O)n1N,True,-0.7232999999999987,-0.8202199999999987,0.390625,False,True
3.0,bin,11,0.0693100094795227,0.014019966125488281,0.12460005283355713,536853,COc1ccc(C2CCCN2C(=O)C2CCC2)c(OC)c1,3.1674000000000015,C=C1CCC1C(=O)N1CCCC1C1COC=CC=C1OC,True,2.6340000000000012,-0.5334000000000003,0.27941176470588236,False,True
3.0,bin,11,0.0693100094795227,0.014019966125488281,0.12460005283355713,540312,Cc1nn(C)c2nc(C3CC3)cc(C(=O)NCC(=O)NC(C)(C)C)c12,1.7986199999999997,C=CCNC(=O)c1cc(C2CC2)nc2c1c(C)nn2C,True,2.0699199999999998,0.2713000000000001,0.6724137931034483,False,False
3.0,bin,11,0.0693100094795227,0.014019966125488281,0.12460005283355713,544381,Cc1nc(N2CCCC(C(=O)NC(C)C)C2)c2c(C)c(C)oc2n1,2.8890600000000006,COC(=O)C1CCCN(c2nc(C)nc3c2C(C)=C(C)C3)C1,True,2.5239200000000004,-0.36514000000000024,0.4090909090909091,False,True
3.0,bin,11,0.0693100094795227,0.014019966125488281,0.12460005283355713,544382,CCCNC(=O)C1CCCN(c2nc(C)nc3oc(C)c(C)c23)C1,2.8906600000000013,Cc1nc(N2CCCCC(=O)OCCC2)c2c(C)c(C)oc2n1,True,3.0716600000000014,0.18100000000000005,0.453125,False,True
3.0,bin,11,0.0693100094795227,0.014019966125488281,0.12460005283355713,550049,Cc1ccc(C)c(OCC(=O)Nc2cccc(-n3cnnc3)c2)c1,2.9016400000000013,O=C(COc1cccc(-n2cnnc2)c1)Nc1cccc(Cl)c1,True,2.9382,0.036559999999998816,0.5892857142857143,False,True
3.0,bin,11,0.0693100094795227,0.014019966125488281,0.12460005283355713,573533,Cc1nn(-c2ncc(C(F)(F)F)cc2Cl)c(=O)o1,2.2011199999999995,CC(C)c1nn(-c2ncc(Cl)cc2Cl)c(=O)o1,True,2.6507000000000005,0.449580000000001,0.48,False,True
3.0,bin,11,0.0693100094795227,0.014019966125488281,0.12460005283355713,582555,O=C(NCC(O)c1ccccc1)c1ccc2c(=O)n3c(nc2c1)CCC3,1.8061000000000003,NC(CNC(=O)c1ccc2c(=O)n3c(nc2c1)CCC3)c1ccccc1,True,1.7724999999999997,-0.03360000000000052,0.8103448275862069,False,True
3.0,bin,11,0.0693100094795227,0.014019966125488281,0.12460005283355713,588547,Cc1n[nH]c(C)c1NC(=O)CCc1ccc(Cl)cc1Cl,3.9046400000000023,Cc1n[nH]c(C)c1NC(=O)CC(C)(C)c1cccc(Cl)c1,True,3.986340000000003,0.08170000000000055,0.5357142857142857,False,True
3.0,bin,11,0.0693100094795227,0.014019966125488281,0.12460005283355713,607673,CCCN(CC1CC1)S(=O)(=O)c1ccccc1F,2.636400000000001,CCCN(CC1CC1)S(=O)(=O)c1ccc(F)cc1,True,2.636400000000001,0.0,0.627906976744186,False,False
3.0,bin,11,0.0693100094795227,0.014019966125488281,0.12460005283355713,617681,Cc1cc(C(=O)Nc2nc(-c3ccncc3)cs2)nn1C(C)C,3.5432200000000016,CC(C)n1nc(-c2ccncc2)cc1C(=O)N(C)c1nc(F)cs1,True,3.398200000000002,-0.1450199999999997,0.40298507462686567,False,True
3.0,bin,11,0.0693100094795227,0.014019966125488281,0.12460005283355713,650267,COc1ccc2oc(C(=O)NC3CCCCNC3=O)c(C)c2c1,2.14832,COc1cccc2c1OOC(C(=O)N(C)C1CCCNC1)=CC2,True,1.656,-0.4923200000000001,0.19767441860465115,False,True
3.0,bin,11,0.0693100094795227,0.014019966125488281,0.12460005283355713,668639,Cc1cc(NC(=O)c2ccccc2Cl)ncc1N,2.8779200000000005,O=C(Nc1cc(Br)ccn1)c1ccccc1O,True,2.802000000000001,-0.07591999999999954,0.4117647058823529,False,True
3.0,bin,11,0.0693100094795227,0.014019966125488281,0.12460005283355713,673160,CCC(=O)Nc1ccc2oc(C(F)(F)F)cc(=O)c2c1,3.160300000000001,CCCC(=O)Nc1ccc2oc(C(F)(F)F)cc(=O)c2c1,True,3.5504000000000016,0.39010000000000034,0.8409090909090909,False,True
3.0,bin,11,0.0693100094795227,0.014019966125488281,0.12460005283355713,711169,Cc1cccc(C(C)C)c1NC(=O)N(C)Cc1ccncc1,4.177320000000003,CCN(Cc1ccncc1)C(=O)Nc1c(Cl)cccc1Cl,True,4.442400000000003,0.2650800000000002,0.45454545454545453,False,True
3.0,bin,11,0.0693100094795227,0.014019966125488281,0.12460005283355713,720969,Cc1noc(C)c1CCC(=O)OCC(=O)N1c2ccccc2CC1C,2.7450400000000013,Cc1noc(C)c1COC(=O)CCC(=O)N1c2ccccc2CC1C,True,3.092640000000001,0.3475999999999999,0.7457627118644068,False,True
3.0,bin,11,0.0693100094795227,0.014019966125488281,0.12460005283355713,730789,COC(=O)C1CCN(C(=O)c2cc3ccc(F)cc3nc2C)CC1,2.7075200000000006,COc1cc2ccc(F)cc2nc1C(=O)N1CCCC(OC)C1,True,2.6335000000000006,-0.07401999999999997,0.4393939393939394,False,True
3.0,bin,11,0.0693100094795227,0.014019966125488281,0.12460005283355713,738178,Cc1ccc(-n2ccnc2SCc2nc(C3CC3)no2)cc1C,4.041840000000003,Clc1ccc(-n2ccnc2SCc2nc(C3CC3)no2)cc1,True,4.078400000000002,0.036559999999998816,0.7358490566037735,False,True
3.0,bin,11,0.0693100094795227,0.014019966125488281,0.12460005283355713,771897,COc1ccccc1OCC(=O)N(C)Cc1sccc1C,3.102520000000002,CCOc1ccccc1OCC(=O)NCc1sccc1C,True,3.1504200000000013,0.04789999999999939,0.5283018867924528,False,True
3.0,bin,11,0.0693100094795227,0.014019966125488281,0.12460005283355713,811446,COC(=O)C1(NC(=O)c2cc(Br)c[nH]2)CCCCCC1,2.7730000000000006,O=C(NC1(Br)CCCCC1O)c1cc(F)c[nH]1,True,1.9096999999999997,-0.8633000000000008,0.39285714285714285,False,True
3.0,bin,11,0.0693100094795227,0.014019966125488281,0.12460005283355713,848291,CCC(C)NC(=O)NCc1noc(-c2cccs2)n1,2.3958000000000004,CC(C)COCC(=O)NCc1noc(-c2cccs2)n1,True,2.0869,-0.3089000000000004,0.631578947368421,False,True
3.0,bin,11,0.0693100094795227,0.014019966125488281,0.12460005283355713,863440,COc1ccc(-c2nc(CCCO)cs2)cc1OC,2.752200000000001,COc1ccc(Br)cc1-c1csc(CO)n1,True,3.0735000000000015,0.32130000000000036,0.3392857142857143,False,False
3.0,bin,11,0.0693100094795227,0.014019966125488281,0.12460005283355713,864663,N#Cc1ccc(-c2cc(F)ccc2F)nc1N1CCCC1,3.498680000000002,CCOc1ccccc1-c1ccc(C#N)c(N2CCCC2)n1,True,3.6191800000000027,0.12050000000000072,0.5471698113207547,False,True
3.0,bin,11,0.0693100094795227,0.014019966125488281,0.12460005283355713,872100,CCc1cccc(C)c1NCC(O)c1ccc2c(c1)OCCO2,3.474120000000002,CSc1ccc(C)c(NCC(O)c2ccc3c(c2)OCCO3)c1,True,3.6336200000000014,0.15949999999999953,0.543859649122807,False,True
3.0,bin,11,0.0693100094795227,0.014019966125488281,0.12460005283355713,886334,COc1ccc(C(=O)N2CCCC(C(=O)N3CCCCC3)C2)c(O)c1,2.2655000000000003,N#CCOc1cccc(C(=O)N2CCCC(C(=O)N3CCCC3)C2)c1,True,2.06358,-0.20192000000000032,0.47540983606557374,False,True
3.0,bin,11,0.0693100094795227,0.014019966125488281,0.12460005283355713,887387,COCCNC(=O)N(Cc1cccc(F)c1)CC1CCCO1,2.1627,O=C(NCc1ccc(F)cc1)N(CCO)CC1CCCO1,True,1.5086000000000002,-0.6540999999999999,0.49230769230769234,False,True
3.0,bin,11,0.0693100094795227,0.014019966125488281,0.12460005283355713,889149,N#Cc1ccc(NC(=O)c2ccc(Br)cc2Cl)nc1,3.621480000000001,O=C(Nc1ccc(Cl)cn1)c1ccc(Cl)cc1,True,3.6407000000000016,0.01922000000000068,0.3877551020408163,False,False
3.0,bin,11,0.0693100094795227,0.014019966125488281,0.12460005283355713,913483,O=C(CNC(=O)NCCc1c(Cl)cccc1Cl)NC1CC1,2.1137000000000006,CC1(C)C=CC=C(CCNC(=O)NCC(=O)NC2CC2C#N)CC1,True,2.00658,-0.10712000000000055,0.3484848484848485,False,True
3.0,bin,11,0.0693100094795227,0.014019966125488281,0.12460005283355713,917620,C=CCN(Cc1ccccc1OC)C(=O)c1csc(C)n1,3.288520000000002,C=CCN(Cc1ccc(OC)cc1)C(=O)c1csc(C)n1,True,3.288520000000002,0.0,0.6666666666666666,False,True
3.0,bin,11,0.0693100094795227,0.014019966125488281,0.12460005283355713,918312,CCOc1ccc(Cl)c(C(=O)N2CCN(c3ncccn3)CC2)n1,1.8860999999999997,CC(C)(C)Oc1cc(C(=O)N2CCN(c3ncccn3)CC2)ccn1,True,2.0113,0.1252000000000002,0.46551724137931033,False,True
3.0,bin,11,0.0693100094795227,0.014019966125488281,0.12460005283355713,922879,CC(=O)c1ccc(N2CCN(Cc3c(F)cccc3F)CC2)cc1,3.489600000000003,Fc1cccc(CN2CCN(c3ccccc3Cl)CC2)c1,True,3.801300000000003,0.3117000000000001,0.3090909090909091,False,True
3.0,bin,11,0.0693100094795227,0.014019966125488281,0.12460005283355713,927535,COc1cc(CN2CCN(c3ccccc3F)CC2)ccc1O,2.862100000000002,Nc1c(Cl)cccc1N1CCN(Cc2ccccc2)CC1,True,3.2444000000000024,0.3823000000000003,0.36363636363636365,False,True
3.0,bin,11,0.0693100094795227,0.014019966125488281,0.12460005283355713,927567,Cc1ccccc1N1CCN(Cc2cccc(O)c2)CC1,3.022820000000001,COc1cccc(CN2CCN(c3cccc(F)c3F)CC2)c1,True,3.295600000000002,0.2727800000000009,0.46153846153846156,False,True
3.0,bin,11,0.0693100094795227,0.014019966125488281,0.12460005283355713,938108,CC(c1ccccc1)N(C)C(=O)CCC(=O)Nc1nccs1,3.0814000000000012,CCN(Cc1ccccc1C)C(=O)CCC(=O)Nc1nccs1,True,3.2189200000000016,0.1375200000000003,0.5423728813559322,False,False
3.0,bin,11,0.0693100094795227,0.014019966125488281,0.12460005283355713,943303,CN(CCCOc1ccccc1)C(=O)Nc1cccc2c1OCCO2,3.390600000000002,C=CC=CC=COCCCN=C,True,2.3496000000000006,-1.0410000000000013,0.05970149253731343,False,True
3.0,bin,11,0.0693100094795227,0.014019966125488281,0.12460005283355713,946289,CC(NC(=O)C1(c2cc(-c3ccco3)on2)CC1)c1ccccc1,3.843600000000002,CC(C(=O)N(C)Cc1ccccc1Br)c1cc(-c2ccco2)on1,True,4.459200000000004,0.6156000000000015,0.37142857142857144,False,True
3.0,bin,11,0.0693100094795227,0.014019966125488281,0.12460005283355713,994077,Cc1nnc(Cn2c(-c3cccc(Br)c3)noc2=O)o1,2.0055199999999997,CC(C)C=NN=CCn1c(-c2ccccc2N)noc1=O,True,1.7981,-0.20741999999999972,0.27941176470588236,False,True
3.0,bin,11,0.0693100094795227,0.014019966125488281,0.12460005283355713,1065620,O=C(NCc1cccnc1Oc1ccccc1)c1cccnc1,3.198900000000002,CN(Cc1ccccn1)C(=O)c1cccnc1Oc1cccc(C#N)c1,True,3.4127800000000024,0.21388000000000051,0.2916666666666667,False,True
3.0,bin,11,0.0693100094795227,0.014019966125488281,0.12460005283355713,1093926,CN(C(=O)CNc1cccc(OCC2CCCO2)c1)c1ccccc1,3.319300000000002,CN(CC1CCCO1)C(=O)CNc1cccc(OCc2ccccc2)c1,True,3.3149000000000015,-0.004400000000000404,0.65625,False,True
3.0,bin,11,0.0693100094795227,0.014019966125488281,0.12460005283355713,1107920,CCc1ccc(-n2cc(C(=O)NC(C)c3ccccc3)nn2)cc1,3.320700000000002,CSc1ccc(C(C)NC(=O)c2cn(-c3ccccc3)nn2)cc1,True,3.4802000000000017,0.15949999999999953,0.660377358490566,False,True
3.0,bin,11,0.0693100094795227,0.014019966125488281,0.12460005283355713,1113130,CC(NC(=O)Cn1nnnc1C(C)(C)C)c1cccc2ccccc12,3.0012000000000016,CC1=CC=CC=C2CC=CC=C2C(C)(C)c2nnnn2CCC(=O)N1,True,2.7433000000000005,-0.25790000000000113,0.13414634146341464,False,True
3.0,bin,11,0.0693100094795227,0.014019966125488281,0.12460005283355713,1121751,COC(=O)Cn1ccc(NS(=O)(=O)c2ccc(F)c(F)c2F)n1,1.2742,O=S(=O)(CC=C(F)C=CF)Nc1ccn(CCCO)n1,True,1.3438,0.0696000000000001,0.3088235294117647,False,True
3.0,bin,11,0.0693100094795227,0.014019966125488281,0.12460005283355713,1142531,CCOC(C)C(=O)NCCc1csc(-c2ccc(C)cc2)n1,3.2022200000000014,CCN(CC)C(=O)NCCc1csc(-c2ccc(F)cc2)n1,True,3.5431000000000017,0.3408800000000003,0.5084745762711864,False,True
3.0,bin,11,0.0693100094795227,0.014019966125488281,0.12460005283355713,1212157,CN(Cc1ccc(F)c(F)c1)C(=O)c1cncc(-c2cnn(C)c2)c1,3.0325000000000015,C=CC(=CC=COC)C(C)N(C)C(=O)c1cncc(-c2cnn(C)c2)c1,True,3.2151000000000014,0.18259999999999987,0.43661971830985913,False,True
3.0,bin,11,0.0693100094795227,0.014019966125488281,0.12460005283355713,1215394,CCn1nc(C)cc1C(=O)Oc1cccc(NC(=O)C(C)C)c1,3.025120000000001,CCn1nc(C(C)C)cc1C(=O)Oc1ccc(OC)c(OC)c1,True,3.262800000000002,0.237680000000001,0.4666666666666667,False,True
3.0,bin,11,0.0693100094795227,0.014019966125488281,0.12460005283355713,1232922,CC(C)(C)OC(=O)NC1CCCN(S(=O)(=O)N2CCOCC2)C1,0.5525000000000011,CC(C)(C)OC(=O)NCC1CCN(S(=O)(=O)N2CCOCC2)C1,True,0.4100000000000015,-0.14249999999999963,0.6037735849056604,False,True
3.0,bin,11,0.0693100094795227,0.014019966125488281,0.12460005283355713,1238973,FC(F)(F)c1cnc(N2CCn3c(nnc3C3CC3)C2)c(Cl)c1,3.2429000000000023,FC(F)(Cl)c1nnc2n1CCN(c1ncc(Cl)nc1C1CC1)C2,True,2.9072000000000013,-0.335700000000001,0.5,False,True
3.0,bin,11,0.0693100094795227,0.014019966125488281,0.12460005283355713,1299495,Cc1cc(CC(=O)N2CCCC2C(C#N)c2ccccc2)no1,2.823900000000001,NOC=CCC1CCCN1C(=O)CC1C2=CC=C1OCC=CO2,True,2.1197,-0.704200000000001,0.21428571428571427,False,True
3.0,bin,11,0.0693100094795227,0.014019966125488281,0.12460005283355713,1309906,CC(C)CC(NC(=O)c1cc(=O)c2ccccc2o1)C(=O)OC(C)C,2.8891000000000018,CC(C)CCCNC(=O)c1cc(=O)c2cc(F)c(F)cc2o1,True,3.2372000000000014,0.34809999999999963,0.3709677419354839,False,True
3.0,bin,11,0.0693100094795227,0.014019966125488281,0.12460005283355713,1362816,COCc1cccc(C(=O)NC2CC2c2cccc(Cl)c2)c1,3.772300000000002,O=C(NC1CC1c1cccc(Br)c1)c1cccc(O)c1,True,3.4406000000000017,-0.33170000000000055,0.5178571428571429,False,True
3.0,bin,11,0.0693100094795227,0.014019966125488281,0.12460005283355713,1441838,COCC(=O)NC(C(=O)Nc1cccc(-c2nccs2)c1)C(C)C,2.5358,COCC(=O)Nc1cc(-c2nc(C)cs2)ccc1F,True,2.8425200000000013,0.3067200000000012,0.3380281690140845,False,True
3.0,bin,11,0.0693100094795227,0.014019966125488281,0.12460005283355713,1450449,CCCNC(=O)CSc1nc2c(cc1C#N)CCCC2,2.450380000000001,CCCc1cnc(SC(C)(C)C(=O)OC)c(C#N)c1,True,2.949480000000001,0.4991000000000003,0.3088235294117647,False,True
3.0,bin,11,0.0693100094795227,0.014019966125488281,0.12460005283355713,1451910,O=S(=O)(NCc1nnc2ccccn12)c1ccc(F)c(F)c1,1.4859999999999995,COCCN(C=O)Cc1cccn1S,True,0.7857999999999996,-0.7001999999999999,0.11594202898550725,False,True
3.0,bin,11,0.0693100094795227,0.014019966125488281,0.12460005283355713,1479798,Cc1nc(C)c(CCC(=O)N(CC(C)C)CC(F)(F)F)c(=O)[nH]1,2.3662400000000003,CC=NC(C)=C(F)CCC(=O)NC(C)CCC(F)(F)CF,True,3.948000000000003,1.5817600000000027,0.1643835616438356,False,True
3.0,bin,11,0.0693100094795227,0.014019966125488281,0.12460005283355713,1507926,COC(=O)C(C)NC(=O)Cc1csc(-c2ccccc2Cl)n1,2.6837,CCNC(=O)CCc1csc(-c2ccc(F)c(F)c2)n1,True,3.157000000000001,0.47330000000000094,0.31343283582089554,False,True
3.0,bin,11,0.0693100094795227,0.014019966125488281,0.12460005283355713,1527882,Nc1ncccc1C(=O)Nc1ccc2cn[nH]c2c1,1.7923999999999998,COC(=O)CCn1ncc2ccc(NC(=O)c3cccnc3)cc21,True,2.2466999999999997,0.4542999999999999,0.29577464788732394,False,True
3.0,bin,11,0.0693100094795227,0.014019966125488281,0.12460005283355713,1532848,COc1ccc(-c2ccc3c(=O)[nH]cnc3c2)cc1Cl,3.2521000000000013,O=c1[nH]cnc2cc(-c3ccccc3Br)ccc12,True,3.3526000000000016,0.10050000000000026,0.4897959183673469,False,True
3.0,bin,11,0.0693100094795227,0.014019966125488281,0.12460005283355713,1548351,COc1cc(OC)c2c(c1)C(c1cnccn1)NCC2,1.7288999999999999,Oc1cc2c(cc1Br)CCNC2c1cnccn1,True,2.1797999999999993,0.4508999999999994,0.45454545454545453,False,True
3.0,bin,11,0.0693100094795227,0.014019966125488281,0.12460005283355713,1570134,COc1cccc(C(C)N2CCN(C(=O)c3ccc(O)cc3)CC2)c1,2.9198000000000013,O=C(c1ccccc1F)N1CCN(C(O)c2ccc(F)cc2)CC1,True,2.4137000000000004,-0.5061000000000009,0.2903225806451613,False,True
3.0,bin,11,0.0693100094795227,0.014019966125488281,0.12460005283355713,1611406,CC(C)(C)N1CC(NC(=O)C2COc3ccc(F)cc3C2)CC1=O,1.8923999999999994,CCC(C)N1CC(C(=O)NC2COc3ccc(F)cc3C2)CC1=O,True,1.8923999999999994,0.0,0.5522388059701493,False,True
3.0,bin,11,0.0693100094795227,0.014019966125488281,0.12460005283355713,1612684,CCCC1CN(C(=O)Nc2ccn(CCC(C)C)n2)CCO1,2.9620000000000015,CCCC1CN(C(=O)Nc2ccn(CCC(C)C)n2)CCO1,True,2.9620000000000015,0.0,1.0,True,False
3.0,bin,11,0.0693100094795227,0.014019966125488281,0.12460005283355713,1639675,CCC(CC)c1nnc(NC(=O)c2scnc2C2CC2)s1,4.0279000000000025,CCC1C=NN=C(NC(=O)c2scnc2C2CC2S)CC1,True,2.8629000000000016,-1.165000000000001,0.3880597014925373,False,True
3.0,bin,11,0.0693100094795227,0.014019966125488281,0.12460005283355713,1675660,COc1ccnc(NC(=O)c2cccc(Cl)c2)c1,2.9959000000000007,CCCOC=C1C=CC(C(=O)Nc2cc(OC)ccn2)=C1,True,2.835400000000001,-0.16049999999999986,0.45,False,True
3.0,bin,11,0.0693100094795227,0.014019966125488281,0.12460005283355713,1689728,CCc1noc(CSc2ncnc3sc(C)cc23)n1,3.237420000000002,Cc1cc2c(SCc3nc(Br)no3)ncnc2s1,True,3.43752,0.20009999999999817,0.7346938775510204,False,True
3.0,bin,11,0.0693100094795227,0.014019966125488281,0.12460005283355713,1720876,CC(C)(C)CC(=O)NCC(=O)Nc1ccc2c(c1)COC2,2.2077,CC(=O)Nc1cccc(CNC(=O)C(O)C(F)(F)F)c1,True,1.1844,-1.0233,0.23809523809523808,False,True
3.0,bin,11,0.0693100094795227,0.014019966125488281,0.12460005283355713,1757109,CC(C)Cc1ncc(CNc2ccc3c(c2)COC3)s1,3.983900000000003,FC(F)(F)CCC=NC=C(S)CNc1ccc2c(c1)COC2,True,4.313200000000003,0.3292999999999999,0.3384615384615385,False,True
3.0,bin,11,0.0693100094795227,0.014019966125488281,0.12460005283355713,1774061,O=C1NCCCc2[nH]c(-c3cccc4[nH]ccc34)nc21,2.234,C=CC(=CN=CC1c2cc[nH]c2C(=O)N1CCOC)c1ccc[nH]1,True,2.7840000000000007,0.5500000000000007,0.11627906976744186,False,True
3.0,bin,11,0.0693100094795227,0.014019966125488281,0.12460005283355713,1800687,Cc1nn(C)c(-c2nc(-c3cccnn3)no2)c1Cl,1.8889199999999997,CCSc1ccc(-c2nc(-c3cccnn3)no2)nn1,True,2.0956,0.20668000000000042,0.44642857142857145,False,True
3.0,bin,11,0.0693100094795227,0.014019966125488281,0.12460005283355713,1815867,FC(F)(F)c1ccc(CN2CCOCC2c2ncon2)cc1,2.661900000000001,FC(F)(F)c1cccc(CN2CCOCC2c2ncon2)c1,True,2.6619,-8.881784197001252e-16,0.7692307692307693,False,True
3.0,bin,11,0.0693100094795227,0.014019966125488281,0.12460005283355713,1828580,Cc1ccc(N2CC3OCC(=O)N(Cc4cccc(F)c4)C3C2)nn1,1.54032,O=C1COCCN(Cc2cccc(C(F)(F)F)c2)CCN=C2CN12,True,1.7782999999999998,0.23797999999999986,0.24096385542168675,False,True
3.0,bin,11,0.0693100094795227,0.014019966125488281,0.12460005283355713,1836183,CCc1ccc(C(=O)NCc2nccc(N(C)C)n2)cc1,2.035,Cc1nc(CNC(=O)c2ccc(Br)cc2)ncc1N,True,2.05972,0.024719999999999853,0.4107142857142857,False,True
3.0,bin,11,0.0693100094795227,0.014019966125488281,0.12460005283355713,1842499,COc1ccccc1COc1ccccc1-c1cnn(CCO)c1,3.1300000000000017,CNC(=O)C1=CC=C(COc2ccccc2-c2cnn(C)c2C)C1,True,2.7768200000000007,-0.35318000000000094,0.3188405797101449,False,True
3.0,bin,11,0.0693100094795227,0.014019966125488281,0.12460005283355713,1865564,COC(CNC(=O)c1ccoc1)c1cccc(F)c1,2.536200000000001,O=C(F)NCC(O)c1ccccc1C(F)F,True,2.3367000000000004,-0.19950000000000045,0.23728813559322035,False,True
3.0,bin,11,0.0693100094795227,0.014019966125488281,0.12460005283355713,1868773,CCCOc1ccc(Cl)c2c1CCNC2C1CC(=O)C1,3.2947000000000015,CC(C)(C)c1ccc2c(c1)C(C1CC(=O)C1Cl)NCC2,True,3.367300000000002,0.07260000000000044,0.25,False,True
3.0,bin,11,0.0693100094795227,0.014019966125488281,0.12460005283355713,1873123,CCC1OC(=O)c2c(OC)ccc(Br)c21,3.079200000000002,CCOC(=O)C=C(Br)C=COC(C)C,True,2.7670000000000012,-0.3122000000000007,0.10526315789473684,False,True
3.0,bin,11,0.0693100094795227,0.014019966125488281,0.12460005283355713,1875028,Cc1cccc(C)c1NCC(=O)N1CCCC2CCCCC21,3.8965400000000034,O=C(CNc1cccc(Cl)c1)N1CCCC1C1CCCC1,True,3.933100000000003,0.036559999999999704,0.62,False,True
3.0,bin,11,0.0693100094795227,0.014019966125488281,0.12460005283355713,1895921,CCC(CC)N(C)C(=O)CC1OC(=O)c2ccccc21,2.935200000000002,CCCCN(CC)C(=O)CC1OC(=O)c2ccccc21,True,2.9368000000000016,0.0015999999999998238,0.5918367346938775,False,False
3.0,bin,11,0.0693100094795227,0.014019966125488281,0.12460005283355713,1907077,Cc1ccc2[nH]nc(C(=O)Nc3nc(-c4ccco4)cs3)c2c1,3.8401200000000015,CN(C=NC(=CS)c1ccco1)C(=O)C12CN1c1ccccc1N2,True,2.6365,-1.2036200000000017,0.16853932584269662,False,True
3.0,bin,11,0.0693100094795227,0.014019966125488281,0.12460005283355713,1913063,Cc1nn(C)c(C)c1CN(C(=O)c1cn2cccc(C)c2n1)C1CC1,2.797860000000001,CCNC=C1C=NC(=C2C=Cn3cccc3CC=N2)CN(CC2CC2)C1=O,True,2.6137000000000006,-0.18416000000000032,0.14583333333333334,False,True
3.0,bin,11,0.0693100094795227,0.014019966125488281,0.12460005283355713,1922265,CN(CCNC(=O)c1ccc2c(c1)ncn2C)c1ccccc1,2.4395000000000007,COc1ccccc1N(C)CCNC(=O)c1ccc2c(c1)ncn2C,True,2.4481,0.008599999999999497,0.7192982456140351,False,True
3.0,bin,12,0.1658499836921692,0.12460005283355713,0.20709991455078125,32052,COc1ccccc1CNC(=O)Cc1c[nH]c2ccccc12,3.035400000000001,COc1ccccc1CN(C)C(=O)Cc1c[nH]c2ccccc12,True,3.377600000000002,0.34220000000000095,0.64,False,True
3.0,bin,12,0.1658499836921692,0.12460005283355713,0.20709991455078125,116747,COCCSc1ccccc1C(=O)Nc1cccc(C)n1,3.3808200000000017,CCSc1cc2ccc1C(=O)NC=CC=CC2C(=O)N(C)C=N,True,2.7609700000000004,-0.6198500000000013,0.13414634146341464,False,True
3.0,bin,12,0.1658499836921692,0.12460005283355713,0.20709991455078125,131060,CS(=O)(=O)NCCc1csc(-c2ccc(F)cc2)n1,2.0408999999999997,CCS(=O)(=O)NCCc1csc(-c2cccc(F)c2)n1,True,2.431,0.39010000000000034,0.6,False,False
3.0,bin,12,0.1658499836921692,0.12460005283355713,0.20709991455078125,131949,CCc1c(C)nc(SCC(=O)NC(C)C)[nH]c1=O,1.25742,CCN(CC)C(=O)CSc1nc(C)c(C(C)C)c(=O)[nH]1,True,2.16222,0.9048,0.4716981132075472,False,True
3.0,bin,12,0.1658499836921692,0.12460005283355713,0.20709991455078125,158879,COc1ccc(CC(=O)OCC(=O)c2c[nH]c3ccccc23)cc1,3.145100000000001,O=C(Cc1ccc(F)cc1)OCC(=O)c1c[nH]c2cccc(F)c12,True,3.4147000000000016,0.2696000000000005,0.5357142857142857,False,True
3.0,bin,12,0.1658499836921692,0.12460005283355713,0.20709991455078125,232056,COCCNC(=O)c1cc(=O)c2cc(C)ccc2o1,1.4776199999999993,COCCCNC(=O)c1cc(=O)c2cc(OC)ccc2o1,True,1.5678999999999996,0.09028000000000036,0.66,False,True
3.0,bin,12,0.1658499836921692,0.12460005283355713,0.20709991455078125,235788,O=C(Cn1nc(-c2ccco2)oc1=O)NCC(F)(F)F,0.7747999999999999,O=C(F)Cn1nc(-c2ccco2)oc1=O,True,0.5923999999999999,-0.1824,0.6666666666666666,False,True
3.0,bin,12,0.1658499836921692,0.12460005283355713,0.20709991455078125,236081,CC(=O)c1c(C)[nH]c(C(=O)CSc2nc(C(C)C)n[nH]2)c1C,3.0506400000000014,CCCCc1n[nH]c(SCC(=O)c2[nH]c(C)c(C(C)=O)c2C)n1,True,3.269840000000002,0.21920000000000073,0.6481481481481481,False,True
3.0,bin,12,0.1658499836921692,0.12460005283355713,0.20709991455078125,281081,O=C(Cn1cccn1)NCc1cccnc1Oc1ccc(F)cc1F,2.665000000000001,Cc1cccc(Oc2ncccc2CNC(=O)Cn2ccc(C)n2)c1,True,3.0036400000000008,0.33863999999999983,0.5072463768115942,False,True
3.0,bin,12,0.1658499836921692,0.12460005283355713,0.20709991455078125,284170,COc1ccc(-c2nc(CC(=O)Nc3cccc(C)n3)cs2)cc1,3.7033200000000024,Cc1cccc(NC(=O)Cc2csc(-c3cccc(F)c3F)n2)n1,True,3.972920000000002,0.2695999999999996,0.631578947368421,False,True
3.0,bin,12,0.1658499836921692,0.12460005283355713,0.20709991455078125,288369,Cc1ccc(NCc2nnc3n2CCCCC3)cc1C,3.2334400000000016,FC(F)(F)COc1cccc(NCc2nnc3n2CCCCC3)c1,True,3.5577000000000023,0.32426000000000066,0.5714285714285714,False,True
3.0,bin,12,0.1658499836921692,0.12460005283355713,0.20709991455078125,302889,COc1ccc(OC)c(NC(=O)CCNC(=O)c2cccs2)c1,2.5239000000000003,N[SH]1C=CC=C1C(=O)NCCC(=O)c1ccc(F)c(F)c1,True,1.9398999999999997,-0.5840000000000005,0.2054794520547945,False,True
3.0,bin,12,0.1658499836921692,0.12460005283355713,0.20709991455078125,327141,COc1ccc(OC)c(S(=O)(=O)Nc2ccn(C)n2)c1,1.2381,COCCn1ccc(NS(=O)(=O)c2ccc(OC)cc2)n1,True,1.3389,0.1008,0.46296296296296297,False,True
3.0,bin,12,0.1658499836921692,0.12460005283355713,0.20709991455078125,327382,CNC(=O)C1CN(C(=O)c2c(C)noc2C)c2ccccc2O1,1.4452399999999996,CNC(=O)C1CN(C(=O)c2conc2C)c2ccccc2O1,True,1.1368199999999997,-0.3084199999999999,0.6727272727272727,False,True
3.0,bin,12,0.1658499836921692,0.12460005283355713,0.20709991455078125,406491,COCCNC(=O)C1CCCN(S(=O)(=O)N2CCOCC2)C1,-0.9619999999999964,C#CCNC(=O)C1CCCN(S(=O)(=O)N2CCOC(C)C2)C1,True,-0.5866999999999978,0.37529999999999863,0.543859649122807,False,True
3.0,bin,12,0.1658499836921692,0.12460005283355713,0.20709991455078125,413951,O=C(Cn1ncn2cccc2c1=O)N1CCCCCC1,0.8985999999999996,O=C(Cn1ncn2cccc2c1=O)N1CCCCC1,True,0.5084999999999997,-0.3900999999999999,1.0,False,False
3.0,bin,12,0.1658499836921692,0.12460005283355713,0.20709991455078125,427929,CCNc1nc(NCc2ccccc2Cl)c2cnn(C)c2n1,3.060600000000001,CCNc1nc(NC(C)c2ccccc2)c2cnn(CC)c2n1,True,3.451100000000002,0.3905000000000012,0.4426229508196721,False,True
3.0,bin,12,0.1658499836921692,0.12460005283355713,0.20709991455078125,447130,CCC(NC(=O)C1CCN(C(=O)C2CC2)CC1)c1ccc(C)cc1,3.2109200000000016,CCCC(NC(=O)C1CCN(C(=O)C2CCC2)CC1)c1ccccc1,True,3.682700000000003,0.47178000000000164,0.6037735849056604,False,True
3.0,bin,12,0.1658499836921692,0.12460005283355713,0.20709991455078125,481908,CCNS(=O)(=O)c1ccc(C)c(C(=O)Nc2ncccc2C)c1,2.24894,CCNS(=O)(=O)C1=CC(C)=C(C)CC(=O)Nc2ncccc2C=C1,True,2.5966000000000005,0.3476600000000003,0.3142857142857143,False,True
3.0,bin,12,0.1658499836921692,0.12460005283355713,0.20709991455078125,485220,Cc1nn(CC(=O)N2CCN(C)CC2)c(C)c1Br,1.03644,Cc1c(CNC(=O)CN2CCN(C(F)(F)F)CC2)cnn1C,True,0.4821199999999999,-0.5543200000000001,0.24193548387096775,False,True
3.0,bin,12,0.1658499836921692,0.12460005283355713,0.20709991455078125,526363,Cc1nnc(SCC(=O)Nc2ccc(O)cc2)n(N)c1=O,0.09692,COC1=CC=CC(NC(=O)CSc2nnc(C)c(=O)[nH]2)N=C1,True,0.17861999999999983,0.08169999999999983,0.25675675675675674,False,True
3.0,bin,12,0.1658499836921692,0.12460005283355713,0.20709991455078125,536853,COc1ccc(C2CCCN2C(=O)C2CCC2)c(OC)c1,3.1674000000000015,O=C(C1CCC1)N1CCCC1c1ccc(F)c(F)c1,True,3.4284000000000026,0.261000000000001,0.4807692307692308,False,True
3.0,bin,12,0.1658499836921692,0.12460005283355713,0.20709991455078125,540312,Cc1nn(C)c2nc(C3CC3)cc(C(=O)NCC(=O)NC(C)(C)C)c12,1.7986199999999997,CCCNC(=O)C(C)NC(=O)c1cc(C2CC2)nc2c1c(C)nn2C,True,1.7986199999999992,-4.440892098500626e-16,0.5846153846153846,False,True
3.0,bin,12,0.1658499836921692,0.12460005283355713,0.20709991455078125,544381,Cc1nc(N2CCCC(C(=O)NC(C)C)C2)c2c(C)c(C)oc2n1,2.8890600000000006,CCOCCCC1CN1c1nc(C)nc2oc(C)c(C)c12,True,3.153360000000002,0.2643000000000013,0.3939393939393939,False,True
3.0,bin,12,0.1658499836921692,0.12460005283355713,0.20709991455078125,544382,CCCNC(=O)C1CCCN(c2nc(C)nc3oc(C)c(C)c23)C1,2.8906600000000013,CCN(CC)C(=O)C1CCCN(c2nc(C)nc3oc(C)c(C)c23)C1,True,3.2328600000000023,0.34220000000000095,0.6949152542372882,False,True
3.0,bin,12,0.1658499836921692,0.12460005283355713,0.20709991455078125,550049,Cc1ccc(C)c(OCC(=O)Nc2cccc(-n3cnnc3)c2)c1,2.9016400000000013,CSc1cccc(OCC(=O)Nc2cccc(-n3cnnc3)c2)c1,True,3.0067000000000013,0.10505999999999993,0.603448275862069,False,True
3.0,bin,12,0.1658499836921692,0.12460005283355713,0.20709991455078125,573533,Cc1nn(-c2ncc(C(F)(F)F)cc2Cl)c(=O)o1,2.2011199999999995,CC=NN(Cl)c1ccc(C(F)(F)F)cn1,True,3.066300000000001,0.8651800000000014,0.25,False,True
3.0,bin,12,0.1658499836921692,0.12460005283355713,0.20709991455078125,582555,O=C(NCC(O)c1ccccc1)c1ccc2c(=O)n3c(nc2c1)CCC3,1.8061000000000003,O=C(NCCc1cccc(F)c1)c1ccc2c(=O)n3c(nc2c1)CCC3,True,2.4543,0.6481999999999997,0.5970149253731343,False,True
3.0,bin,12,0.1658499836921692,0.12460005283355713,0.20709991455078125,588547,Cc1n[nH]c(C)c1NC(=O)CCc1ccc(Cl)cc1Cl,3.9046400000000023,Cc1n[nH]c(C)c1NC(=O)CC(C)(C)c1ccc(F)cc1Cl,True,4.125440000000003,0.22080000000000055,0.4915254237288136,False,True
3.0,bin,12,0.1658499836921692,0.12460005283355713,0.20709991455078125,607673,CCCN(CC1CC1)S(=O)(=O)c1ccccc1F,2.636400000000001,C=CCN(CC1CC1)S(=O)(=O)c1ccc(C)cc1F,True,2.7208200000000007,0.08441999999999972,0.4807692307692308,False,True
3.0,bin,12,0.1658499836921692,0.12460005283355713,0.20709991455078125,617681,Cc1cc(C(=O)Nc2nc(-c3ccncc3)cs2)nn1C(C)C,3.5432200000000016,Cc1cc(C(=O)Nc2nc(-c3ccncc3)cs2)nn1C(C)(C)C,True,3.7173200000000026,0.17410000000000103,0.7037037037037037,False,True
3.0,bin,12,0.1658499836921692,0.12460005283355713,0.20709991455078125,650267,COc1ccc2oc(C(=O)NC3CCCCNC3=O)c(C)c2c1,2.14832,CCc1c(F)c2cc(C(=O)NC3CCCNC3)ccc2oc1=O,True,1.9763000000000002,-0.17201999999999984,0.3037974683544304,False,True
3.0,bin,12,0.1658499836921692,0.12460005283355713,0.20709991455078125,668639,Cc1cc(NC(=O)c2ccccc2Cl)ncc1N,2.8779200000000005,Cc1nc(NC(=O)c2cc(F)ccc2Br)ccc1N,True,3.1261200000000002,0.24819999999999975,0.3684210526315789,False,True
3.0,bin,12,0.1658499836921692,0.12460005283355713,0.20709991455078125,673160,CCC(=O)Nc1ccc2oc(C(F)(F)F)cc(=O)c2c1,3.160300000000001,CCCCC(=O)Nc1ccc2oc(C(F)(F)F)cc(=O)c2c1,True,3.940500000000003,0.7802000000000016,0.7872340425531915,False,True
3.0,bin,12,0.1658499836921692,0.12460005283355713,0.20709991455078125,711169,Cc1cccc(C(C)C)c1NC(=O)N(C)Cc1ccncc1,4.177320000000003,CC(C)Sc1cccc(NC(=O)N(C)C(C)c2ccncc2)c1,True,4.807000000000004,0.6296800000000013,0.3492063492063492,False,True
3.0,bin,12,0.1658499836921692,0.12460005283355713,0.20709991455078125,720969,Cc1noc(C)c1CCC(=O)OCC(=O)N1c2ccccc2CC1C,2.7450400000000013,CCn1nc(C)c(CCC(=O)OCC(=O)N2CCc3ccccc32)c1C,True,2.5849400000000005,-0.1601000000000008,0.4444444444444444,False,True
3.0,bin,12,0.1658499836921692,0.12460005283355713,0.20709991455078125,730789,COC(=O)C1CCN(C(=O)c2cc3ccc(F)cc3nc2C)CC1,2.7075200000000006,COC(=O)CC1CCCN(C(=O)c2cc3c(F)cccc3nc2C)C1,True,3.097620000000002,0.3901000000000012,0.42857142857142855,False,True
3.0,bin,12,0.1658499836921692,0.12460005283355713,0.20709991455078125,738178,Cc1ccc(-n2ccnc2SCc2nc(C3CC3)no2)cc1C,4.041840000000003,Clc1ccccc1-n1ccnc1SCc1nc(C2CC2)no1,True,4.078400000000002,0.036559999999998816,0.6206896551724138,False,True
3.0,bin,12,0.1658499836921692,0.12460005283355713,0.20709991455078125,771897,COc1ccccc1OCC(=O)N(C)Cc1sccc1C,3.102520000000002,Cc1c(OCC(=O)N(C)CC2CC(=O)C=CS2)ccc(F)c1F,True,2.6987200000000007,-0.40380000000000127,0.3188405797101449,False,True
3.0,bin,12,0.1658499836921692,0.12460005283355713,0.20709991455078125,811446,COC(=O)C1(NC(=O)c2cc(Br)c[nH]2)CCCCCC1,2.7730000000000006,Cc1cc(C(=O)N2CCCCC2CC(C)O)c[nH]c1=O,True,1.4489199999999998,-1.3240800000000008,0.16901408450704225,False,True
3.0,bin,12,0.1658499836921692,0.12460005283355713,0.20709991455078125,848291,CCC(C)NC(=O)NCc1noc(-c2cccs2)n1,2.3958000000000004,CC(C)CCNC(=O)N(C)Cc1noc(-c2cccs2)n1,True,2.9856000000000016,0.5898000000000012,0.5573770491803278,False,True
3.0,bin,12,0.1658499836921692,0.12460005283355713,0.20709991455078125,863440,COc1ccc(-c2nc(CCCO)cs2)cc1OC,2.752200000000001,COc1ccc(-c2nc(CCO)cs2)cc1Br,True,3.1160000000000014,0.36380000000000035,0.6739130434782609,False,False
3.0,bin,12,0.1658499836921692,0.12460005283355713,0.20709991455078125,864663,N#Cc1ccc(-c2cc(F)ccc2F)nc1N1CCCC1,3.498680000000002,N#Cc1cc(-c2cccc(Cl)c2)ncc1N1CCCC1,True,3.8738800000000024,0.3752000000000004,0.3389830508474576,False,True
3.0,bin,12,0.1658499836921692,0.12460005283355713,0.20709991455078125,872100,CCc1cccc(C)c1NCC(O)c1ccc2c(c1)OCCO2,3.474120000000002,CC(C)C1(CNc2cccc(Oc3ccccc3)c2)OCCO1,True,4.289900000000003,0.8157800000000011,0.2028985507246377,False,True
3.0,bin,12,0.1658499836921692,0.12460005283355713,0.20709991455078125,886334,COc1ccc(C(=O)N2CCCC(C(=O)N3CCCCC3)C2)c(O)c1,2.2655000000000003,N#Cc1cccc(C(=O)N2CCCC(C(=O)N3CCCCC3)C2)c1,True,2.422980000000001,0.1574800000000005,0.46551724137931033,False,True
3.0,bin,12,0.1658499836921692,0.12460005283355713,0.20709991455078125,887387,COCCNC(=O)N(Cc1cccc(F)c1)CC1CCCO1,2.1627,COCCN(Cc1ccccc1)C(=O)NCC1CCCO1,True,2.0236,-0.1391,0.5714285714285714,False,True
3.0,bin,12,0.1658499836921692,0.12460005283355713,0.20709991455078125,889149,N#Cc1ccc(NC(=O)c2ccc(Br)cc2Cl)nc1,3.621480000000001,O=C(Nc1cc(Br)ccn1)c1ccc(F)cc1Cl,True,3.8889000000000014,0.26742000000000044,0.49056603773584906,False,True
3.0,bin,12,0.1658499836921692,0.12460005283355713,0.20709991455078125,913483,O=C(CNC(=O)NCCc1c(Cl)cccc1Cl)NC1CC1,2.1137000000000006,CC(C)Sc1ccccc1CCNC(=O)NCC(=O)NC1CC1,True,2.3073999999999995,0.19369999999999887,0.5370370370370371,False,True
3.0,bin,12,0.1658499836921692,0.12460005283355713,0.20709991455078125,917620,C=CCN(Cc1ccccc1OC)C(=O)c1csc(C)n1,3.288520000000002,C=CCN(Cc1ccccc1F)C(=O)c1csc(COC)n1,True,3.2570000000000023,-0.03151999999999955,0.5833333333333334,False,True
3.0,bin,12,0.1658499836921692,0.12460005283355713,0.20709991455078125,918312,CCOc1ccc(Cl)c(C(=O)N2CCN(c3ncccn3)CC2)n1,1.8860999999999997,O=C(c1ncccc1Cl)N1CCN(c2nccc(C(F)(F)F)n2)CC1,True,2.5062000000000006,0.620100000000001,0.5084745762711864,False,True
3.0,bin,12,0.1658499836921692,0.12460005283355713,0.20709991455078125,922879,CC(=O)c1ccc(N2CCN(Cc3c(F)cccc3F)CC2)cc1,3.489600000000003,CC1C(C=CF)=C(CF)NCCN1Cc1ccc(F)cc1F,True,3.465300000000002,-0.0243000000000011,0.18309859154929578,False,True
3.0,bin,12,0.1658499836921692,0.12460005283355713,0.20709991455078125,927535,COc1cc(CN2CCN(c3ccccc3F)CC2)ccc1O,2.862100000000002,Oc1cccc(CNC2CCN(c3cc(F)c(F)c(F)c3)C2)c1,True,3.1780000000000017,0.3158999999999996,0.25,False,True
3.0,bin,12,0.1658499836921692,0.12460005283355713,0.20709991455078125,927567,Cc1ccccc1N1CCN(Cc2cccc(O)c2)CC1,3.022820000000001,Oc1cc(F)cc(N2CCN(Cc3ccccc3F)CC2)c1,True,2.9926000000000013,-0.030219999999999914,0.35185185185185186,False,True
3.0,bin,12,0.1658499836921692,0.12460005283355713,0.20709991455078125,938108,CC(c1ccccc1)N(C)C(=O)CCC(=O)Nc1nccs1,3.0814000000000012,CCN(Cc1cccc(F)c1)C(=O)CCC(=O)Nc1nccs1,True,3.0496000000000008,-0.031800000000000495,0.5,False,False
3.0,bin,12,0.1658499836921692,0.12460005283355713,0.20709991455078125,943303,CN(CCCOc1ccccc1)C(=O)Nc1cccc2c1OCCO2,3.390600000000002,CN(CCC1Oc2ccc(F)cc2O1)C(=O)Nc1cccc(C#N)c1,True,3.3486800000000017,-0.04192000000000018,0.2894736842105263,False,True
3.0,bin,12,0.1658499836921692,0.12460005283355713,0.20709991455078125,946289,CC(NC(=O)C1(c2cc(-c3ccco3)on2)CC1)c1ccccc1,3.843600000000002,CCN1Nc2ccc(F)cc2NOC(C)=CCCCC(c2ccco2)C1=O,True,4.8091000000000035,0.9655000000000014,0.14130434782608695,False,True
3.0,bin,12,0.1658499836921692,0.12460005283355713,0.20709991455078125,994077,Cc1nnc(Cn2c(-c3cccc(Br)c3)noc2=O)o1,2.0055199999999997,CCCc1nnc(Cn2c(-c3ccc(F)cc3)noc2=O)o1,True,2.0262,0.02068000000000003,0.49122807017543857,False,True
3.0,bin,12,0.1658499836921692,0.12460005283355713,0.20709991455078125,1065620,O=C(NCc1cccnc1Oc1ccccc1)c1cccnc1,3.198900000000002,O=C(NCc1cccnc1Oc1cccnc1)c1ccc(F)cc1,True,3.338000000000002,0.1391,0.7058823529411765,False,True
3.0,bin,12,0.1658499836921692,0.12460005283355713,0.20709991455078125,1093926,CN(C(=O)CNc1cccc(OCC2CCCO2)c1)c1ccccc1,3.319300000000002,CN1CC=C(F)C=CCc2cc(OCC3CCCO3)ccc2NCC1=O,True,3.080400000000001,-0.238900000000001,0.3176470588235294,False,True
3.0,bin,12,0.1658499836921692,0.12460005283355713,0.20709991455078125,1107920,CCc1ccc(-n2cc(C(=O)NC(C)c3ccccc3)nn2)cc1,3.320700000000002,CSc1ccc(C(C)NC(=O)c2cn(-c3ccccc3)nn2)cc1,True,3.4802000000000017,0.15949999999999953,0.660377358490566,False,True
3.0,bin,12,0.1658499836921692,0.12460005283355713,0.20709991455078125,1113130,CC(NC(=O)Cn1nnnc1C(C)(C)C)c1cccc2ccccc12,3.0012000000000016,CC1=Cc2ccccc2C(C)C(C)C(C)(C)c2nnnn2CC(=O)N1,True,2.881100000000001,-0.12010000000000076,0.175,False,True
3.0,bin,12,0.1658499836921692,0.12460005283355713,0.20709991455078125,1121751,COC(=O)Cn1ccc(NS(=O)(=O)c2ccc(F)c(F)c2F)n1,1.2742,COC(=O)Cn1ccc(NS(=O)(=O)c2cc(C)ccc2C)n1,True,1.4737400000000003,0.19954000000000027,0.6296296296296297,False,True
3.0,bin,12,0.1658499836921692,0.12460005283355713,0.20709991455078125,1142531,CCOC(C)C(=O)NCCc1csc(-c2ccc(C)cc2)n1,3.2022200000000014,CCC(=O)NCCC(C=CS)N=Cc1cc(C)cc(C)c1,True,3.4507400000000024,0.24852000000000096,0.1891891891891892,False,True
3.0,bin,12,0.1658499836921692,0.12460005283355713,0.20709991455078125,1212157,CN(Cc1ccc(F)c(F)c1)C(=O)c1cncc(-c2cnn(C)c2)c1,3.0325000000000015,CCn1cc(C(=O)N(C)Cc2ccc(-c3ccc(F)cc3F)nc2)cn1,True,3.5154000000000023,0.4829000000000008,0.39436619718309857,False,True
3.0,bin,12,0.1658499836921692,0.12460005283355713,0.20709991455078125,1215394,CCn1nc(C)cc1C(=O)Oc1cccc(NC(=O)C(C)C)c1,3.025120000000001,CCn1nc(C(F)F)cc1C(=O)Oc1cccc(NC(C)=O)c1,True,3.018200000000001,-0.006920000000000037,0.6206896551724138,False,True
3.0,bin,12,0.1658499836921692,0.12460005283355713,0.20709991455078125,1232922,CC(C)(C)OC(=O)NC1CCCN(S(=O)(=O)N2CCOCC2)C1,0.5525000000000011,CC(=O)NC1CCCN(S(=O)(=O)N2CCCC(C)C2C)C1,True,0.9521000000000008,0.39959999999999973,0.45454545454545453,False,True
3.0,bin,12,0.1658499836921692,0.12460005283355713,0.20709991455078125,1238973,FC(F)(F)c1cnc(N2CCn3c(nnc3C3CC3)C2)c(Cl)c1,3.2429000000000023,CC1c2nnc(C(F)(F)F)n2CCN1C1=NC=C(Cl)C=C2CC21,True,3.1121000000000016,-0.1308000000000007,0.2638888888888889,False,True
3.0,bin,12,0.1658499836921692,0.12460005283355713,0.20709991455078125,1299495,Cc1cc(CC(=O)N2CCCC2C(C#N)c2ccccc2)no1,2.823900000000001,NOC=CCC1CCCN1C(=O)CC1C2=CCC=CC1C=C2,True,2.850100000000001,0.026200000000000223,0.1839080459770115,False,True
3.0,bin,12,0.1658499836921692,0.12460005283355713,0.20709991455078125,1309906,CC(C)CC(NC(=O)c1cc(=O)c2ccccc2o1)C(=O)OC(C)C,2.8891000000000018,CC(C)CCC(F)OCC(=O)N(C)CF,True,2.1202,-0.7689000000000017,0.13636363636363635,False,True
3.0,bin,12,0.1658499836921692,0.12460005283355713,0.20709991455078125,1362816,COCc1cccc(C(=O)NC2CC2c2cccc(Cl)c2)c1,3.772300000000002,O=C(NC1CC1c1cccc(Br)c1)c1c(F)cccc1F,True,4.013200000000002,0.2408999999999999,0.4,False,True
3.0,bin,12,0.1658499836921692,0.12460005283355713,0.20709991455078125,1441838,COCC(=O)NC(C(=O)Nc1cccc(-c2nccs2)c1)C(C)C,2.5358,C=CCNC(=O)C(C)Nc1cccc(-c2nccs2)c1,True,2.912700000000001,0.3769000000000009,0.5230769230769231,False,True
3.0,bin,12,0.1658499836921692,0.12460005283355713,0.20709991455078125,1450449,CCCNC(=O)CSc1nc2c(cc1C#N)CCCC2,2.450380000000001,C=CCNC(C=C(C#N)C1=CCCCC1)SCCC#N,True,3.685360000000003,1.234980000000002,0.1625,False,True
3.0,bin,12,0.1658499836921692,0.12460005283355713,0.20709991455078125,1451910,O=S(=O)(NCc1nnc2ccccn12)c1ccc(F)c(F)c1,1.4859999999999995,Cc1ccc(S(=O)(=O)NCc2nnc3ccccn23)cc1,True,1.5162200000000001,0.03022000000000058,0.6875,False,False
3.0,bin,12,0.1658499836921692,0.12460005283355713,0.20709991455078125,1479798,Cc1nc(C)c(CCC(=O)N(CC(C)C)CC(F)(F)F)c(=O)[nH]1,2.3662400000000003,CC=NC(C)=C1C(=O)NC1CC(=O)N(CC(F)(F)F)CC(F)(F)F,True,2.1928,-0.17344000000000026,0.26865671641791045,False,True
3.0,bin,12,0.1658499836921692,0.12460005283355713,0.20709991455078125,1507926,COC(=O)C(C)NC(=O)Cc1csc(-c2ccccc2Cl)n1,2.6837,COC(=O)C(NC(=O)Cc1csc(-c2ccccc2)n1)C(C)C,True,2.666400000000001,-0.01729999999999876,0.5892857142857143,False,False
3.0,bin,12,0.1658499836921692,0.12460005283355713,0.20709991455078125,1527882,Nc1ncccc1C(=O)Nc1ccc2cn[nH]c2c1,1.7923999999999998,Nc1n[nH]c2ccc(NC(=O)c3ccc(F)nc3)cc12,True,1.9314999999999998,0.1391,0.3770491803278688,False,True
3.0,bin,12,0.1658499836921692,0.12460005283355713,0.20709991455078125,1532848,COc1ccc(-c2ccc3c(=O)[nH]cnc3c2)cc1Cl,3.2521000000000013,O=c1[nH]cnc2cc(-c3ccc(F)c(Br)c3)ccc12,True,3.4917000000000016,0.23960000000000026,0.5208333333333334,False,True
3.0,bin,12,0.1658499836921692,0.12460005283355713,0.20709991455078125,1548351,COc1cc(OC)c2c(c1)C(c1cnccn1)NCC2,1.7288999999999999,COCCOc1cc2c(cc1F)C(c1cnccn1)NCC2,True,1.8760000000000001,0.14710000000000023,0.4915254237288136,False,True
3.0,bin,12,0.1658499836921692,0.12460005283355713,0.20709991455078125,1570134,COc1cccc(C(C)N2CCN(C(=O)c3ccc(O)cc3)CC2)c1,2.9198000000000013,COc1ccccc1C(C)N1CCN(C(=O)c2ccccc2F)CC1,True,3.3533000000000017,0.43350000000000044,0.4,False,True
3.0,bin,12,0.1658499836921692,0.12460005283355713,0.20709991455078125,1611406,CC(C)(C)N1CC(NC(=O)C2COc3ccc(F)cc3C2)CC1=O,1.8923999999999994,CCC(C)N1CC(C(=O)NC2COc3ccc(F)cc3C2)CC1=O,True,1.8923999999999994,0.0,0.5522388059701493,False,True
3.0,bin,12,0.1658499836921692,0.12460005283355713,0.20709991455078125,1612684,CCCC1CN(C(=O)Nc2ccn(CCC(C)C)n2)CCO1,2.9620000000000015,CC(C)CCC1CCOC(C(=O)Nc2ccn(CC(F)F)n2)C1,True,3.318100000000001,0.35609999999999964,0.4444444444444444,False,True
3.0,bin,12,0.1658499836921692,0.12460005283355713,0.20709991455078125,1639675,CCC(CC)c1nnc(NC(=O)c2scnc2C2CC2)s1,4.0279000000000025,CCC1C=NN=C(NC(=O)c2scnc2C2CC2S)CC1,True,2.8629000000000016,-1.165000000000001,0.3880597014925373,False,True
3.0,bin,12,0.1658499836921692,0.12460005283355713,0.20709991455078125,1675660,COc1ccnc(NC(=O)c2cccc(Cl)c2)c1,2.9959000000000007,O=C(Nc1ccccn1)c1ccc(F)c(Br)c1,True,3.235500000000001,0.23960000000000026,0.3888888888888889,False,True
3.0,bin,12,0.1658499836921692,0.12460005283355713,0.20709991455078125,1689728,CCc1noc(CSc2ncnc3sc(C)cc23)n1,3.237420000000002,CCc1noc(C(C)Sc2ncnc3sc(C)cc23)n1,True,3.798420000000003,0.5610000000000008,0.6296296296296297,False,False
3.0,bin,12,0.1658499836921692,0.12460005283355713,0.20709991455078125,1720876,CC(C)(C)CC(=O)NCC(=O)Nc1ccc2c(c1)COC2,2.2077,CC(C)CCNC(=O)NCc1ccc2c(c1)COC2,True,2.562100000000001,0.35440000000000094,0.3684210526315789,False,True
3.0,bin,12,0.1658499836921692,0.12460005283355713,0.20709991455078125,1757109,CC(C)Cc1ncc(CNc2ccc3c(c2)COC3)s1,3.983900000000003,FC(F)(F)c1sc(CNc2ccc3c(c2)COC3)nc1Cl,True,4.457600000000002,0.4736999999999991,0.46551724137931033,False,True
3.0,bin,12,0.1658499836921692,0.12460005283355713,0.20709991455078125,1774061,O=C1NCCCc2[nH]c(-c3cccc4[nH]ccc34)nc21,2.234,CC1c2nc(-c3cccc(F)c3)[nH]c2CCC1NC=O,True,2.3800999999999997,0.14609999999999967,0.20270270270270271,False,True
3.0,bin,12,0.1658499836921692,0.12460005283355713,0.20709991455078125,1800687,Cc1nn(C)c(-c2nc(-c3cccnn3)no2)c1Cl,1.8889199999999997,CCn1nc(C)c(-c2nc(-c3ccc(F)nn3)no2)c1C,True,2.16594,0.27702000000000027,0.36666666666666664,False,True
3.0,bin,12,0.1658499836921692,0.12460005283355713,0.20709991455078125,1815867,FC(F)(F)c1ccc(CN2CCOCC2c2ncon2)cc1,2.661900000000001,Clc1ccc(CN2CCOCC2c2ncon2)cc1Cl,True,2.9499000000000013,0.28800000000000026,0.7058823529411765,False,True
3.0,bin,12,0.1658499836921692,0.12460005283355713,0.20709991455078125,1828580,Cc1ccc(N2CC3OCC(=O)N(Cc4cccc(F)c4)C3C2)nn1,1.54032,CCN(Cc1cccc(C)c1)C(=O)COCCNc1cc(C)c(C)nn1,True,2.879060000000001,1.338740000000001,0.16666666666666666,False,True
3.0,bin,12,0.1658499836921692,0.12460005283355713,0.20709991455078125,1836183,CCc1ccc(C(=O)NCc2nccc(N(C)C)n2)cc1,2.035,CN(C)c1nccc(CNC(=O)c2cccc(OCC(F)F)c2)n1,True,2.1165000000000003,0.08150000000000013,0.3484848484848485,False,True
3.0,bin,12,0.1658499836921692,0.12460005283355713,0.20709991455078125,1842499,COc1ccccc1COc1ccccc1-c1cnn(CCO)c1,3.1300000000000017,COc1ccc(-c2cnn(CCO)c2-c2ccc(F)cc2)cc1,True,3.3571000000000017,0.22710000000000008,0.3620689655172414,False,True
3.0,bin,12,0.1658499836921692,0.12460005283355713,0.20709991455078125,1865564,COC(CNC(=O)c1ccoc1)c1cccc(F)c1,2.536200000000001,O=C(F)NCC(O)(c1ccccc1)C(F)F,True,1.8183999999999998,-0.7178000000000011,0.1935483870967742,False,True
3.0,bin,12,0.1658499836921692,0.12460005283355713,0.20709991455078125,1868773,CCCOc1ccc(Cl)c2c1CCNC2C1CC(=O)C1,3.2947000000000015,O=C1CC(CC(F)F)CCN2CCc3c(Cl)ccc(F)c3C12,True,4.0126000000000035,0.717900000000002,0.21621621621621623,False,True
3.0,bin,12,0.1658499836921692,0.12460005283355713,0.20709991455078125,1873123,CCC1OC(=O)c2c(OC)ccc(Br)c21,3.079200000000002,CCCOC(=O)COC(=O)Cc1cccc(Br)c1,True,2.4880000000000004,-0.5912000000000015,0.1896551724137931,False,True
3.0,bin,12,0.1658499836921692,0.12460005283355713,0.20709991455078125,1875028,Cc1cccc(C)c1NCC(=O)N1CCCC2CCCCC21,3.8965400000000034,CSc1cccc(NCC(=O)N2CCCC2C2CCCC2)c1,True,4.001600000000003,0.10505999999999993,0.6153846153846154,False,True
3.0,bin,12,0.1658499836921692,0.12460005283355713,0.20709991455078125,1895921,CCC(CC)N(C)C(=O)CC1OC(=O)c2ccccc21,2.935200000000002,CC(C)CCCN(C)C(=O)CC1OC(=O)c2ccccc21,True,3.182800000000002,0.24760000000000026,0.6,False,True
3.0,bin,12,0.1658499836921692,0.12460005283355713,0.20709991455078125,1907077,Cc1ccc2[nH]nc(C(=O)Nc3nc(-c4ccco4)cs3)c2c1,3.8401200000000015,Cc1nc(NC(=O)c2nc(C3=C4CCC=CC=C43)n[nH]2)sc1C,True,3.173940000000001,-0.6661800000000007,0.23170731707317074,False,True
3.0,bin,12,0.1658499836921692,0.12460005283355713,0.20709991455078125,1913063,Cc1nn(C)c(C)c1CN(C(=O)c1cn2cccc(C)c2n1)C1CC1,2.797860000000001,CCNN=C(C)C1CCCN1C(=O)c1cn2ccc(F)cc2n1,True,2.0633999999999997,-0.7344600000000012,0.2159090909090909,False,True
3.0,bin,12,0.1658499836921692,0.12460005283355713,0.20709991455078125,1922265,CN(CCNC(=O)c1ccc2c(c1)ncn2C)c1ccccc1,2.4395000000000007,CN(CCNC(=O)C1C=CCNC=NC=C1)c1ccc(F)cc1F,True,1.8347999999999995,-0.6047000000000011,0.2345679012345679,False,True
3.0,bin,13,0.2550499439239502,0.20709991455078125,0.30299997329711914,32052,COc1ccccc1CNC(=O)Cc1c[nH]c2ccccc12,3.035400000000001,O=C(Cc1c[nH]c2ccccc12)NCc1cc(F)ccc1F,True,3.3050000000000015,0.2696000000000005,0.6530612244897959,False,True
3.0,bin,13,0.2550499439239502,0.20709991455078125,0.30299997329711914,116747,COCCSc1ccccc1C(=O)Nc1cccc(C)n1,3.3808200000000017,COc1ccc(Br)cc1C(=O)Nc1cc(C)ccn1,True,3.4134200000000012,0.03259999999999952,0.28125,False,True
3.0,bin,13,0.2550499439239502,0.20709991455078125,0.30299997329711914,131060,CS(=O)(=O)NCCc1csc(-c2ccc(F)cc2)n1,2.0408999999999997,OCCSc1nc(-c2ccc(F)cc2F)cs1,True,3.1727000000000016,1.131800000000002,0.22950819672131148,False,True
3.0,bin,13,0.2550499439239502,0.20709991455078125,0.30299997329711914,131949,CCc1c(C)nc(SCC(=O)NC(C)C)[nH]c1=O,1.25742,Cc1nc(SCC(=O)NC(C)(C)C(C)C)[nH]c(=O)c1N,True,1.3034199999999998,0.04599999999999982,0.5,False,True
3.0,bin,13,0.2550499439239502,0.20709991455078125,0.30299997329711914,158879,COc1ccc(CC(=O)OCC(=O)c2c[nH]c3ccccc23)cc1,3.145100000000001,O=C(Cc1cccc(F)c1)OCC(=O)c1c[nH]c2ccccc12,True,3.2756000000000016,0.1305000000000005,0.6415094339622641,False,True
3.0,bin,13,0.2550499439239502,0.20709991455078125,0.30299997329711914,232056,COCCNC(=O)c1cc(=O)c2cc(C)ccc2o1,1.4776199999999993,COCCNC(=O)c1cc(=O)c2cc(Cl)ccc2o1,True,1.8225999999999996,0.3449800000000003,0.7608695652173914,False,True
3.0,bin,13,0.2550499439239502,0.20709991455078125,0.30299997329711914,235788,O=C(Cn1nc(-c2ccco2)oc1=O)NCC(F)(F)F,0.7747999999999999,O=C(CCC(F)(F)F)n1nc(-c2ccco2)oc1=O,True,2.0789999999999997,1.3041999999999998,0.5740740740740741,False,True
3.0,bin,13,0.2550499439239502,0.20709991455078125,0.30299997329711914,236081,CC(=O)c1c(C)[nH]c(C(=O)CSc2nc(C(C)C)n[nH]2)c1C,3.0506400000000014,CC1=NNCSCC(=O)CNC(C)=C1C(C)C(F)(F)F,True,2.2873,-0.7633400000000012,0.10666666666666667,False,True
3.0,bin,13,0.2550499439239502,0.20709991455078125,0.30299997329711914,281081,O=C(Cn1cccn1)NCc1cccnc1Oc1ccc(F)cc1F,2.665000000000001,CCc1cn(Cc2cccnc2CNC(=O)COc2ccc(F)c(F)c2)[nH]1,True,2.7953,0.1302999999999992,0.35,False,True
3.0,bin,13,0.2550499439239502,0.20709991455078125,0.30299997329711914,284170,COc1ccc(-c2nc(CC(=O)Nc3cccc(C)n3)cs2)cc1,3.7033200000000024,O=C(Cc1csc(-c2ccc(Cl)cc2)n1)Nc1ccccn1,True,4.0397000000000025,0.3363800000000001,0.5423728813559322,False,True
3.0,bin,13,0.2550499439239502,0.20709991455078125,0.30299997329711914,288369,Cc1ccc(NCc2nnc3n2CCCCC3)cc1C,3.2334400000000016,Fc1c(Cl)cccc1NCc1nnc2n1CCCCC2,True,3.4091000000000014,0.1756599999999997,0.509090909090909,False,True
3.0,bin,13,0.2550499439239502,0.20709991455078125,0.30299997329711914,302889,COc1ccc(OC)c(NC(=O)CCNC(=O)c2cccs2)c1,2.5239000000000003,Cc1cccc(NC(=O)CCNC(=O)c2cccs2)c1,True,2.815120000000001,0.2912200000000009,0.5535714285714286,False,False
3.0,bin,13,0.2550499439239502,0.20709991455078125,0.30299997329711914,327141,COc1ccc(OC)c(S(=O)(=O)Nc2ccn(C)n2)c1,1.2381,Cn1ccc(NS(=O)(=O)C2C=CCC(F)=C2)n1,True,1.3437,0.10559999999999992,0.3620689655172414,False,True
3.0,bin,13,0.2550499439239502,0.20709991455078125,0.30299997329711914,327382,CNC(=O)C1CN(C(=O)c2c(C)noc2C)c2ccccc2O1,1.4452399999999996,COC(=O)C1CN(C(=O)c2c(C)noc2C)c2ccccc2O1,True,1.8722399999999995,0.4269999999999998,0.7692307692307693,False,True
3.0,bin,13,0.2550499439239502,0.20709991455078125,0.30299997329711914,406491,COCCNC(=O)C1CCCN(S(=O)(=O)N2CCOCC2)C1,-0.9619999999999964,COC(=O)C1CCCN(S(=O)(=O)N2CCOC(C)C2)C1,True,-0.16309999999999802,0.7988999999999984,0.509090909090909,False,True
3.0,bin,13,0.2550499439239502,0.20709991455078125,0.30299997329711914,413951,O=C(Cn1ncn2cccc2c1=O)N1CCCCCC1,0.8985999999999996,N=c1ccc(Br)cn1C=NNCC(=O)N1CCCCC1O,True,0.44196999999999936,-0.45663000000000026,0.17333333333333334,False,True
3.0,bin,13,0.2550499439239502,0.20709991455078125,0.30299997329711914,427929,CCNc1nc(NCc2ccccc2Cl)c2cnn(C)c2n1,3.060600000000001,CC(C)Cc1nc(NCc2ccccc2)c2cnn(C)c2n1,True,3.1739000000000015,0.11330000000000062,0.46551724137931033,False,True
3.0,bin,13,0.2550499439239502,0.20709991455078125,0.30299997329711914,447130,CCC(NC(=O)C1CCN(C(=O)C2CC2)CC1)c1ccc(C)cc1,3.2109200000000016,CC1=CC=CC(C)N(C)C(=O)C2CCN(C(=O)C3CC3C)CC2C=C1,True,3.0263000000000018,-0.18461999999999978,0.2,False,True
3.0,bin,13,0.2550499439239502,0.20709991455078125,0.30299997329711914,481908,CCNS(=O)(=O)c1ccc(C)c(C(=O)Nc2ncccc2C)c1,2.24894,CC(=O)NC=CC=C(F)C(F)C(=O)Nc1cccnc1OCF,True,2.1672000000000002,-0.08173999999999992,0.24,False,True
3.0,bin,13,0.2550499439239502,0.20709991455078125,0.30299997329711914,485220,Cc1nn(CC(=O)N2CCN(C)CC2)c(C)c1Br,1.03644,CCC1=NN(CC(=O)N2CCN(C)CC2C)CC(C)=C1,True,1.1768,0.14036000000000004,0.26229508196721313,False,True
3.0,bin,13,0.2550499439239502,0.20709991455078125,0.30299997329711914,526363,Cc1nnc(SCC(=O)Nc2ccc(O)cc2)n(N)c1=O,0.09692,Cc1nnc(SCC(=O)Nc2ccc(F)cc2)n(N)c1=O,True,0.5304200000000001,0.4335000000000001,0.8085106382978723,False,False
3.0,bin,13,0.2550499439239502,0.20709991455078125,0.30299997329711914,536853,COc1ccc(C2CCCN2C(=O)C2CCC2)c(OC)c1,3.1674000000000015,O=C(C1CCC1)N1CCCC1c1ccc(F)c(F)c1,True,3.4284000000000026,0.261000000000001,0.4807692307692308,False,True
3.0,bin,13,0.2550499439239502,0.20709991455078125,0.30299997329711914,540312,Cc1nn(C)c2nc(C3CC3)cc(C(=O)NCC(=O)NC(C)(C)C)c12,1.7986199999999997,C=C(C)CNC(=O)c1cc(C2CC2)nc2c1c(C)nn2C,True,2.460020000000001,0.6614000000000013,0.7321428571428571,False,True
3.0,bin,13,0.2550499439239502,0.20709991455078125,0.30299997329711914,544381,Cc1nc(N2CCCC(C(=O)NC(C)C)C2)c2c(C)c(C)oc2n1,2.8890600000000006,CC=NC(=C1C(=N)OC(C(=O)OC)=C1C)N1CCCC(C(F)(F)F)C1,True,3.017470000000002,0.12841000000000147,0.2,False,True
3.0,bin,13,0.2550499439239502,0.20709991455078125,0.30299997329711914,544382,CCCNC(=O)C1CCCN(c2nc(C)nc3oc(C)c(C)c23)C1,2.8906600000000013,CCc1nc(CCCN(C)C(C)=O)c2c(C)c(C)oc2n1,True,2.812940000000001,-0.07772000000000023,0.273972602739726,False,True
3.0,bin,13,0.2550499439239502,0.20709991455078125,0.30299997329711914,550049,Cc1ccc(C)c(OCC(=O)Nc2cccc(-n3cnnc3)c2)c1,2.9016400000000013,CCc1cc(OCC(=O)NCC=N)cc(C)c1Nc1ccccc1,True,3.445590000000001,0.5439499999999997,0.29577464788732394,False,True
3.0,bin,13,0.2550499439239502,0.20709991455078125,0.30299997329711914,573533,Cc1nn(-c2ncc(C(F)(F)F)cc2Cl)c(=O)o1,2.2011199999999995,CCC=NN(C=O)c1ncc(C(F)(F)F)c(Cl)c1Cl,True,3.7658000000000014,1.5646800000000018,0.203125,False,True
3.0,bin,13,0.2550499439239502,0.20709991455078125,0.30299997329711914,582555,O=C(NCC(O)c1ccccc1)c1ccc2c(=O)n3c(nc2c1)CCC3,1.8061000000000003,O=C(NCCc1ccccc1)c1ccc2c(c1)N=C1CCCN1CNC2=O,True,2.4858000000000002,0.6797,0.325,False,True
3.0,bin,13,0.2550499439239502,0.20709991455078125,0.30299997329711914,588547,Cc1n[nH]c(C)c1NC(=O)CCc1ccc(Cl)cc1Cl,3.9046400000000023,Cc1n[nH]c(C)c1NC(=O)CC(c1ccccc1)C(C)(C)C,True,4.185040000000003,0.2804000000000011,0.43103448275862066,False,True
3.0,bin,13,0.2550499439239502,0.20709991455078125,0.30299997329711914,607673,CCCN(CC1CC1)S(=O)(=O)c1ccccc1F,2.636400000000001,CCCN(CC1CC1)S(=O)(=O)c1cc(F)c(F)c(F)c1,True,2.914600000000002,0.2782000000000009,0.6136363636363636,False,True
3.0,bin,13,0.2550499439239502,0.20709991455078125,0.30299997329711914,617681,Cc1cc(C(=O)Nc2nc(-c3ccncc3)cs2)nn1C(C)C,3.5432200000000016,CC(C)n1nc(C(=O)Nc2nc(-c3ccncc3)cs2)cc1Cl,True,3.888200000000003,0.3449800000000014,0.803921568627451,False,True
3.0,bin,13,0.2550499439239502,0.20709991455078125,0.30299997329711914,650267,COc1ccc2oc(C(=O)NC3CCCCNC3=O)c(C)c2c1,2.14832,O=C(NC1CCCCNC1=O)C1=CCC=CC(F)=CC1,True,1.9010999999999996,-0.24722000000000044,0.37681159420289856,False,True
3.0,bin,13,0.2550499439239502,0.20709991455078125,0.30299997329711914,668639,Cc1cc(NC(=O)c2ccccc2Cl)ncc1N,2.8779200000000005,Cc1cc(C)nc(NC(=O)c2cc(F)ccc2F)c1,True,3.2289400000000015,0.351020000000001,0.2982456140350877,False,True
3.0,bin,13,0.2550499439239502,0.20709991455078125,0.30299997329711914,673160,CCC(=O)Nc1ccc2oc(C(F)(F)F)cc(=O)c2c1,3.160300000000001,CC(C)CC(=O)Nc1ccc2oc(C(F)(F)F)cc(=O)c2c1,True,3.796400000000002,0.6361000000000008,0.7659574468085106,False,True
3.0,bin,13,0.2550499439239502,0.20709991455078125,0.30299997329711914,711169,Cc1cccc(C(C)C)c1NC(=O)N(C)Cc1ccncc1,4.177320000000003,CN(Cc1cccc(C(F)(F)F)c1)C(=O)Nc1ncccc1F,True,3.903400000000002,-0.2739200000000004,0.35384615384615387,False,True
3.0,bin,13,0.2550499439239502,0.20709991455078125,0.30299997329711914,720969,Cc1noc(C)c1CCC(=O)OCC(=O)N1c2ccccc2CC1C,2.7450400000000013,Cc1ccc2cc1N(C(=O)COC(=O)CCc1conc1C)CCC2,True,2.746640000000001,0.0015999999999998238,0.34177215189873417,False,True
3.0,bin,13,0.2550499439239502,0.20709991455078125,0.30299997329711914,730789,COC(=O)C1CCN(C(=O)c2cc3ccc(F)cc3nc2C)CC1,2.7075200000000006,CC(=O)NC1CCN(C(=O)c2cc3c(Cl)cccc3nc2C)CC1,True,2.9373200000000015,0.2298000000000009,0.4461538461538462,False,True
3.0,bin,13,0.2550499439239502,0.20709991455078125,0.30299997329711914,738178,Cc1ccc(-n2ccnc2SCc2nc(C3CC3)no2)cc1C,4.041840000000003,Clc1ccccc1-n1ccnc1SCc1nc(C2CC2)no1,True,4.078400000000002,0.036559999999998816,0.6206896551724138,False,True
3.0,bin,13,0.2550499439239502,0.20709991455078125,0.30299997329711914,771897,COc1ccccc1OCC(=O)N(C)Cc1sccc1C,3.102520000000002,Cc1ccsc1CN(C)C(=O)COc1cccc(F)c1,True,3.2330200000000016,0.13049999999999962,0.6037735849056604,False,True
3.0,bin,13,0.2550499439239502,0.20709991455078125,0.30299997329711914,811446,COC(=O)C1(NC(=O)c2cc(Br)c[nH]2)CCCCCC1,2.7730000000000006,CCCC(NC(=O)c1cc(Br)c(C)[nH]1)C(=O)OCC,True,2.547220000000001,-0.22577999999999943,0.24193548387096775,False,True
3.0,bin,13,0.2550499439239502,0.20709991455078125,0.30299997329711914,848291,CCC(C)NC(=O)NCc1noc(-c2cccs2)n1,2.3958000000000004,C=C(NC(=O)NCC=NOC(=N)c1cccs1)C(F)(F)F,True,2.4510700000000005,0.05527000000000015,0.22077922077922077,False,True
3.0,bin,13,0.2550499439239502,0.20709991455078125,0.30299997329711914,863440,COc1ccc(-c2nc(CCCO)cs2)cc1OC,2.752200000000001,CCC(=O)NCc1csc(-c2cc(C)ccc2OC)n1,True,3.1533200000000017,0.4011200000000006,0.39655172413793105,False,True
3.0,bin,13,0.2550499439239502,0.20709991455078125,0.30299997329711914,864663,N#Cc1ccc(-c2cc(F)ccc2F)nc1N1CCCC1,3.498680000000002,CCOc1ccccc1-c1ccc(N2CCCC2)c(C#N)n1,True,3.6191800000000027,0.12050000000000072,0.3442622950819672,False,True
3.0,bin,13,0.2550499439239502,0.20709991455078125,0.30299997329711914,872100,CCc1cccc(C)c1NCC(O)c1ccc2c(c1)OCCO2,3.474120000000002,C=C1OCCOC1=CC=C(O)CNc1c(F)cc(F)cc1Cl,True,3.916400000000002,0.44228000000000023,0.17105263157894737,False,True
3.0,bin,13,0.2550499439239502,0.20709991455078125,0.30299997329711914,886334,COc1ccc(C(=O)N2CCCC(C(=O)N3CCCCC3)C2)c(O)c1,2.2655000000000003,O=C(c1ccccc1F)N1CCCC(C(=O)N2CCCCC2)C1,True,2.6904000000000012,0.42490000000000094,0.5384615384615384,False,True
3.0,bin,13,0.2550499439239502,0.20709991455078125,0.30299997329711914,887387,COCCNC(=O)N(Cc1cccc(F)c1)CC1CCCO1,2.1627,CCNC(=O)N(Cc1ccc(CC)cc1)CC1CCCO1,True,2.959500000000002,0.796800000000002,0.5409836065573771,False,True
3.0,bin,13,0.2550499439239502,0.20709991455078125,0.30299997329711914,889149,N#Cc1ccc(NC(=O)c2ccc(Br)cc2Cl)nc1,3.621480000000001,O=C(Nc1ccc(Cl)c(C(F)(F)F)n1)c1ccccc1,True,4.006100000000002,0.38462000000000085,0.26666666666666666,False,True
3.0,bin,13,0.2550499439239502,0.20709991455078125,0.30299997329711914,913483,O=C(CNC(=O)NCCc1c(Cl)cccc1Cl)NC1CC1,2.1137000000000006,CC(CN(C)C(=O)NCC(C)(C)c1ccccc1)C(=O)NC1CC1,True,2.5203000000000007,0.4066000000000001,0.25757575757575757,False,True
3.0,bin,13,0.2550499439239502,0.20709991455078125,0.30299997329711914,917620,C=CCN(Cc1ccccc1OC)C(=O)c1csc(C)n1,3.288520000000002,CCN(C(=O)c1csc(C)n1)C(C)c1ccccc1,True,3.674820000000003,0.3863000000000012,0.4166666666666667,False,True
3.0,bin,13,0.2550499439239502,0.20709991455078125,0.30299997329711914,918312,CCOc1ccc(Cl)c(C(=O)N2CCN(c3ncccn3)CC2)n1,1.8860999999999997,N=C(N=CC=CN=CC=O)OC(F)F,True,1.01457,-0.8715299999999997,0.05714285714285714,False,True
3.0,bin,13,0.2550499439239502,0.20709991455078125,0.30299997329711914,922879,CC(=O)c1ccc(N2CCN(Cc3c(F)cccc3F)CC2)cc1,3.489600000000003,Fc1ccccc1CN1CCN(c2cccc(C(F)(F)F)c2)CC1,True,4.166700000000004,0.6771000000000011,0.3888888888888889,False,True
3.0,bin,13,0.2550499439239502,0.20709991455078125,0.30299997329711914,927535,COc1cc(CN2CCN(c3ccccc3F)CC2)ccc1O,2.862100000000002,Fc1cccc(CN2CCN(c3ccccc3F)CC2)c1,True,3.2870000000000017,0.4248999999999996,0.5833333333333334,False,True
3.0,bin,13,0.2550499439239502,0.20709991455078125,0.30299997329711914,927567,Cc1ccccc1N1CCN(Cc2cccc(O)c2)CC1,3.022820000000001,Oc1cccc(N2CCN(Cc3cccc(C(F)(F)F)c3)CC2)c1,True,3.7332000000000027,0.7103800000000016,0.5,False,True
3.0,bin,13,0.2550499439239502,0.20709991455078125,0.30299997329711914,938108,CC(c1ccccc1)N(C)C(=O)CCC(=O)Nc1nccs1,3.0814000000000012,CC(C)N(Cc1ccccc1)C(=O)CCC(=O)Nc1nccs1,True,3.2990000000000013,0.21760000000000002,0.6481481481481481,False,False
3.0,bin,13,0.2550499439239502,0.20709991455078125,0.30299997329711914,943303,CN(CCCOc1ccccc1)C(=O)Nc1cccc2c1OCCO2,3.390600000000002,O=C(NCCCOC1=CC=CC1)Nc1cccc2c1OCCO2,True,2.8298000000000005,-0.5608000000000013,0.47692307692307695,False,True
3.0,bin,13,0.2550499439239502,0.20709991455078125,0.30299997329711914,946289,CC(NC(=O)C1(c2cc(-c3ccco3)on2)CC1)c1ccccc1,3.843600000000002,O=C1NC(c2c(F)cccc2F)CC1c1cc(-c2ccco2)on1,True,3.5576000000000016,-0.2860000000000005,0.2916666666666667,False,True
3.0,bin,13,0.2550499439239502,0.20709991455078125,0.30299997329711914,994077,Cc1nnc(Cn2c(-c3cccc(Br)c3)noc2=O)o1,2.0055199999999997,C=C(C)c1ccc(-c2nnc(Cn3c(C)noc3=O)o2)cc1,True,2.2761200000000006,0.27060000000000084,0.43333333333333335,False,True
3.0,bin,13,0.2550499439239502,0.20709991455078125,0.30299997329711914,1065620,O=C(NCc1cccnc1Oc1ccccc1)c1cccnc1,3.198900000000002,CN(Cc1cccnc1)C(=O)c1cccnc1Oc1ccc(F)cc1,True,3.680200000000003,0.48130000000000095,0.36923076923076925,False,True
3.0,bin,13,0.2550499439239502,0.20709991455078125,0.30299997329711914,1093926,CN(C(=O)CNc1cccc(OCC2CCCO2)c1)c1ccccc1,3.319300000000002,CC(Nc1cccc(N(C)C)c1)C(=O)Nc1cccc(C2CCCO2)c1,True,4.043200000000002,0.7239000000000004,0.34210526315789475,False,True
3.0,bin,13,0.2550499439239502,0.20709991455078125,0.30299997329711914,1107920,CCc1ccc(-n2cc(C(=O)NC(C)c3ccccc3)nn2)cc1,3.320700000000002,CCC(NC(=O)c1cn(-c2cccc(C)c2)nn1)c1cc(F)ccc1F,True,3.7350200000000022,0.41432,0.4057971014492754,False,True
3.0,bin,13,0.2550499439239502,0.20709991455078125,0.30299997329711914,1113130,CC(NC(=O)Cn1nnnc1C(C)(C)C)c1cccc2ccccc12,3.0012000000000016,CC(C)CNC(=O)Cn1nnnc1C(C)(C)C,True,0.7427999999999995,-2.258400000000002,0.5576923076923077,False,True
3.0,bin,13,0.2550499439239502,0.20709991455078125,0.30299997329711914,1121751,COC(=O)Cn1ccc(NS(=O)(=O)c2ccc(F)c(F)c2F)n1,1.2742,Cn1ccc(NS(=O)(=O)CC=C(F)C(F)=CF)n1,True,1.7955999999999999,0.5213999999999999,0.296875,False,True
3.0,bin,13,0.2550499439239502,0.20709991455078125,0.30299997329711914,1142531,CCOC(C)C(=O)NCCc1csc(-c2ccc(C)cc2)n1,3.2022200000000014,CCCC(=O)NCCc1csc(-c2ccc(C)cc2)n1,True,3.577320000000002,0.37510000000000066,0.6730769230769231,False,True
3.0,bin,13,0.2550499439239502,0.20709991455078125,0.30299997329711914,1212157,CN(Cc1ccc(F)c(F)c1)C(=O)c1cncc(-c2cnn(C)c2)c1,3.0325000000000015,CCN(Cc1cccc(F)c1)C(=O)c1cncc(-c2cnn(C)c2)c1,True,3.283500000000002,0.25100000000000033,0.5967741935483871,False,True
3.0,bin,13,0.2550499439239502,0.20709991455078125,0.30299997329711914,1215394,CCn1nc(C)cc1C(=O)Oc1cccc(NC(=O)C(C)C)c1,3.025120000000001,CCn1nc(C(C)C)cc1C(=O)Oc1cccc(C#N)c1,True,3.117280000000002,0.09216000000000069,0.5166666666666667,False,True
3.0,bin,13,0.2550499439239502,0.20709991455078125,0.30299997329711914,1232922,CC(C)(C)OC(=O)NC1CCCN(S(=O)(=O)N2CCOCC2)C1,0.5525000000000011,O=S(=O)(NC1CCCN(CC(F)(F)C(F)F)C1)N1CCOCC1,True,0.5178000000000003,-0.03470000000000084,0.3709677419354839,False,True
3.0,bin,13,0.2550499439239502,0.20709991455078125,0.30299997329711914,1238973,FC(F)(F)c1cnc(N2CCn3c(nnc3C3CC3)C2)c(Cl)c1,3.2429000000000023,ClC(Cl)Cl,True,1.9864,-1.2565000000000024,0.020833333333333332,False,True
3.0,bin,13,0.2550499439239502,0.20709991455078125,0.30299997329711914,1299495,Cc1cc(CC(=O)N2CCCC2C(C#N)c2ccccc2)no1,2.823900000000001,Cc1cc(CCC(=O)N2CCCC2c2ccc(F)c(F)c2)no1,True,3.557520000000002,0.733620000000001,0.4142857142857143,False,True
3.0,bin,13,0.2550499439239502,0.20709991455078125,0.30299997329711914,1309906,CC(C)CC(NC(=O)c1cc(=O)c2ccccc2o1)C(=O)OC(C)C,2.8891000000000018,O=C(CF)NCC(CF)c1cc2ccccc2o1,True,2.571600000000001,-0.3175000000000008,0.24615384615384617,False,True
3.0,bin,13,0.2550499439239502,0.20709991455078125,0.30299997329711914,1362816,COCc1cccc(C(=O)NC2CC2c2cccc(Cl)c2)c1,3.772300000000002,O=C1CC=C(F)C(F)=CCc2c(F)cc(Cl)cc2C2CC2N1,True,4.104200000000002,0.3319000000000001,0.16666666666666666,False,True
3.0,bin,13,0.2550499439239502,0.20709991455078125,0.30299997329711914,1441838,COCC(=O)NC(C(=O)Nc1cccc(-c2nccs2)c1)C(C)C,2.5358,CC(=O)NC(C)C(=O)NC1=CC=CCC1c1nccs1,True,1.7113,-0.8245,0.2597402597402597,False,True
3.0,bin,13,0.2550499439239502,0.20709991455078125,0.30299997329711914,1450449,CCCNC(=O)CSc1nc2c(cc1C#N)CCCC2,2.450380000000001,CC(C)COC(C)C(=O)NCC(=O)Nc1cc2c(s1)CCCC2,True,2.742700000000001,0.29232000000000014,0.24324324324324326,False,True
3.0,bin,13,0.2550499439239502,0.20709991455078125,0.30299997329711914,1451910,O=S(=O)(NCc1nnc2ccccn12)c1ccc(F)c(F)c1,1.4859999999999995,CCOc1cccc(S(=O)(=O)NCc2nnc3ccccn23)c1,True,1.6065,0.1205000000000005,0.6181818181818182,False,True
3.0,bin,13,0.2550499439239502,0.20709991455078125,0.30299997329711914,1479798,Cc1nc(C)c(CCC(=O)N(CC(C)C)CC(F)(F)F)c(=O)[nH]1,2.3662400000000003,CCC=NC(C)=C(F)CCC(=O)N(CC(C)C)CC(F)F,True,4.198100000000004,1.8318600000000034,0.27692307692307694,False,True
3.0,bin,13,0.2550499439239502,0.20709991455078125,0.30299997329711914,1507926,COC(=O)C(C)NC(=O)Cc1csc(-c2ccccc2Cl)n1,2.6837,CC(C)NC(=O)CCc1csc(-c2ccc(C(=O)N(C)C)cc2)n1,True,2.969100000000001,0.285400000000001,0.34328358208955223,False,True
3.0,bin,13,0.2550499439239502,0.20709991455078125,0.30299997329711914,1527882,Nc1ncccc1C(=O)Nc1ccc2cn[nH]c2c1,1.7923999999999998,CCOc1ncccc1C(=O)Nc1ccc2[nH]ncc2c1N,True,2.1910999999999996,0.39869999999999983,0.421875,False,True
3.0,bin,13,0.2550499439239502,0.20709991455078125,0.30299997329711914,1532848,COc1ccc(-c2ccc3c(=O)[nH]cnc3c2)cc1Cl,3.2521000000000013,O=c1[nH]cnc2cc(-c3ccc(Cl)c(F)c3)ccc12,True,3.382600000000001,0.13049999999999962,0.6222222222222222,False,True
3.0,bin,13,0.2550499439239502,0.20709991455078125,0.30299997329711914,1548351,COc1cc(OC)c2c(c1)C(c1cnccn1)NCC2,1.7288999999999999,Fc1cc2c(c(F)c1F)CCNC2c1cnccn1,True,2.1289999999999996,0.4000999999999997,0.56,False,False
3.0,bin,13,0.2550499439239502,0.20709991455078125,0.30299997329711914,1570134,COc1cccc(C(C)N2CCN(C(=O)c3ccc(O)cc3)CC2)c1,2.9198000000000013,CC1=CC(F)=CC=C(F)CC2CN(C(=O)c3ccc(O)cc3)CCN12,True,3.5329000000000024,0.6131000000000011,0.3283582089552239,False,True
3.0,bin,13,0.2550499439239502,0.20709991455078125,0.30299997329711914,1611406,CC(C)(C)N1CC(NC(=O)C2COc3ccc(F)cc3C2)CC1=O,1.8923999999999994,CC(NC(=O)C1COc2ccc(C(F)(F)F)cc2C1C=O)N1CCC1,True,2.1643999999999997,0.27200000000000024,0.2716049382716049,False,True
3.0,bin,13,0.2550499439239502,0.20709991455078125,0.30299997329711914,1612684,CCCC1CN(C(=O)Nc2ccn(CCC(C)C)n2)CCO1,2.9620000000000015,CC(C)CCCCC1CN(C(=O)Nc2ccn(C(C)C)n2)CCO1,True,3.9131000000000027,0.9511000000000012,0.6451612903225806,False,True
3.0,bin,13,0.2550499439239502,0.20709991455078125,0.30299997329711914,1639675,CCC(CC)c1nnc(NC(=O)c2scnc2C2CC2)s1,4.0279000000000025,CCC1C=NN=C(NC(=O)c2scnc2C2CC2S)CC1,True,2.8629000000000016,-1.165000000000001,0.3880597014925373,False,True
3.0,bin,13,0.2550499439239502,0.20709991455078125,0.30299997329711914,1675660,COc1ccnc(NC(=O)c2cccc(Cl)c2)c1,2.9959000000000007,O=C(Nc1ccccn1)c1cc(F)ccc1Br,True,3.235500000000001,0.23960000000000026,0.29310344827586204,False,False
3.0,bin,13,0.2550499439239502,0.20709991455078125,0.30299997329711914,1689728,CCc1noc(CSc2ncnc3sc(C)cc23)n1,3.237420000000002,CCCc1noc(CSc2ncnc3sc(C)cc23)n1,True,3.6275200000000023,0.39010000000000034,0.8333333333333334,False,False
3.0,bin,13,0.2550499439239502,0.20709991455078125,0.30299997329711914,1720876,CC(C)(C)CC(=O)NCC(=O)Nc1ccc2c(c1)COC2,2.2077,C=C(C)CN(CC)C(=O)NCc1ccc2c(c1)COC2,True,2.8244000000000016,0.6167000000000016,0.35,False,True
3.0,bin,13,0.2550499439239502,0.20709991455078125,0.30299997329711914,1757109,CC(C)Cc1ncc(CNc2ccc3c(c2)COC3)s1,3.983900000000003,FC(F)(F)c1sc(CNc2ccc3c(c2)COC3)nc1Cl,True,4.457600000000002,0.4736999999999991,0.46551724137931033,False,True
3.0,bin,13,0.2550499439239502,0.20709991455078125,0.30299997329711914,1774061,O=C1NCCCc2[nH]c(-c3cccc4[nH]ccc34)nc21,2.234,O=C1CC2=C(CCN1)CNC(C=C1C=C(N(F)F)NC=C1F)=N2,True,1.4050999999999998,-0.8289000000000002,0.1375,False,True
3.0,bin,13,0.2550499439239502,0.20709991455078125,0.30299997329711914,1800687,Cc1nn(C)c(-c2nc(-c3cccnn3)no2)c1Cl,1.8889199999999997,FC(F)(F)c1nc(-c2nc(-c3cccnn3)no2)cn1Cl,True,2.4108,0.5218800000000003,0.4642857142857143,False,True
3.0,bin,13,0.2550499439239502,0.20709991455078125,0.30299997329711914,1815867,FC(F)(F)c1ccc(CN2CCOCC2c2ncon2)cc1,2.661900000000001,FC(F)(F)Cl,True,1.7449999999999999,-0.9169000000000012,0.08695652173913043,False,True
3.0,bin,13,0.2550499439239502,0.20709991455078125,0.30299997329711914,1828580,Cc1ccc(N2CC3OCC(=O)N(Cc4cccc(F)c4)C3C2)nn1,1.54032,CCc1ccc(CN2CCN(c3ccc(F)nn3)CCOCC2=O)cc1,True,2.0435,0.50318,0.2987012987012987,False,True
3.0,bin,13,0.2550499439239502,0.20709991455078125,0.30299997329711914,1836183,CCc1ccc(C(=O)NCc2nccc(N(C)C)n2)cc1,2.035,CCN(CC)c1nccc(CNC(=O)c2ccc(F)c(OC)c2)n1,True,2.4005,0.36549999999999994,0.35384615384615387,False,True
3.0,bin,13,0.2550499439239502,0.20709991455078125,0.30299997329711914,1842499,COc1ccccc1COc1ccccc1-c1cnn(CCO)c1,3.1300000000000017,Cc1nn(Cc2cccc(N)c2)cc1C1(C)C=CC=CC1,True,3.5958200000000025,0.4658200000000008,0.1282051282051282,False,True
3.0,bin,13,0.2550499439239502,0.20709991455078125,0.30299997329711914,1865564,COC(CNC(=O)c1ccoc1)c1cccc(F)c1,2.536200000000001,CCOc1ccc(C(O)CNC(=O)c2ccoc2)cc1C,True,2.45012,-0.08608000000000082,0.45161290322580644,False,True
3.0,bin,13,0.2550499439239502,0.20709991455078125,0.30299997329711914,1868773,CCCOc1ccc(Cl)c2c1CCNC2C1CC(=O)C1,3.2947000000000015,O=C1C=CCC(CNCCc2cc(Cl)cc(C(F)(F)F)c2)C1,True,4.026200000000003,0.7315000000000014,0.14102564102564102,False,True
3.0,bin,13,0.2550499439239502,0.20709991455078125,0.30299997329711914,1873123,CCC1OC(=O)c2c(OC)ccc(Br)c21,3.079200000000002,COc1c(Cl)ccc(Cl)c1OC(C)(C)C=O,True,3.3583000000000025,0.27910000000000057,0.15384615384615385,False,True
3.0,bin,13,0.2550499439239502,0.20709991455078125,0.30299997329711914,1875028,Cc1cccc(C)c1NCC(=O)N1CCCC2CCCCC21,3.8965400000000034,O=C(CNc1cccc(C(F)(F)F)c1)N1CCCC2CCCCC21,True,4.298500000000003,0.4019599999999999,0.5849056603773585,False,True
3.0,bin,13,0.2550499439239502,0.20709991455078125,0.30299997329711914,1895921,CCC(CC)N(C)C(=O)CC1OC(=O)c2ccccc21,2.935200000000002,CCC(CC)N(CC)C(=O)CC1OC(=O)c2ccccc21,True,3.325300000000002,0.39010000000000034,0.75,False,True
3.0,bin,13,0.2550499439239502,0.20709991455078125,0.30299997329711914,1907077,Cc1ccc2[nH]nc(C(=O)Nc3nc(-c4ccco4)cs3)c2c1,3.8401200000000015,CCc1cccc2[nH]c(C(=O)Nc3nc(-c4ccco4)cs3)nc12,True,4.094100000000002,0.2539800000000003,0.5223880597014925,False,True
3.0,bin,13,0.2550499439239502,0.20709991455078125,0.30299997329711914,1913063,Cc1nn(C)c(C)c1CN(C(=O)c1cn2cccc(C)c2n1)C1CC1,2.797860000000001,CCCN(CC12CN=CC(CC)=CC=C1N2)C(=O)c1cn(C)nc1C,True,2.2274199999999995,-0.5704400000000014,0.19318181818181818,False,True
3.0,bin,13,0.2550499439239502,0.20709991455078125,0.30299997329711914,1922265,CN(CCNC(=O)c1ccc2c(c1)ncn2C)c1ccccc1,2.4395000000000007,CC(CNC(=O)c1ccc2[nH]cnc2c1)CN(C)c1ccccc1,True,3.0652000000000017,0.625700000000001,0.4393939393939394,False,True
3.0,bin,14,0.34654998779296875,0.30299997329711914,0.39010000228881836,32052,COc1ccccc1CNC(=O)Cc1c[nH]c2ccccc12,3.035400000000001,COc1ccc(C)cc1CN(C)C(=O)Cc1c[nH]c2ccccc12,True,3.686020000000002,0.6506200000000009,0.5357142857142857,False,False
3.0,bin,14,0.34654998779296875,0.30299997329711914,0.39010000228881836,116747,COCCSc1ccccc1C(=O)Nc1cccc(C)n1,3.3808200000000017,CCSc1ccccc1C(=O)Nc1ccc(C)c(C)n1,True,4.0627400000000025,0.6819200000000007,0.5283018867924528,False,True
3.0,bin,14,0.34654998779296875,0.30299997329711914,0.39010000228881836,131060,CS(=O)(=O)NCCc1csc(-c2ccc(F)cc2)n1,2.0408999999999997,CCS(=O)(=O)NCCc1csc(-c2ccc(F)cc2)n1,True,2.431,0.39010000000000034,0.8095238095238095,False,False
3.0,bin,14,0.34654998779296875,0.30299997329711914,0.39010000228881836,131949,CCc1c(C)nc(SCC(=O)NC(C)C)[nH]c1=O,1.25742,CCC(C)NC(=O)CSc1nc(C)c(C)c(=O)[nH]1,True,1.3935399999999998,0.1361199999999998,0.625,False,True
3.0,bin,14,0.34654998779296875,0.30299997329711914,0.39010000228881836,158879,COc1ccc(CC(=O)OCC(=O)c2c[nH]c3ccccc23)cc1,3.145100000000001,COc1ccc(CC(=O)OC(C)C(=O)c2c[nH]c3ccccc23)cc1,True,3.5336000000000016,0.3885000000000005,0.660377358490566,False,True
3.0,bin,14,0.34654998779296875,0.30299997329711914,0.39010000228881836,232056,COCCNC(=O)c1cc(=O)c2cc(C)ccc2o1,1.4776199999999993,COCC(C)NC(=O)c1cc(=O)c2cccc(C)c2o1,True,1.86612,0.38850000000000073,0.45614035087719296,False,True
3.0,bin,14,0.34654998779296875,0.30299997329711914,0.39010000228881836,235788,O=C(Cn1nc(-c2ccco2)oc1=O)NCC(F)(F)F,0.7747999999999999,CCC(CC)NC(=O)Cn1nc(-c2ccco2)oc1=O,True,1.4010999999999998,0.6262999999999999,0.6296296296296297,False,True
3.0,bin,14,0.34654998779296875,0.30299997329711914,0.39010000228881836,236081,CC(=O)c1c(C)[nH]c(C(=O)CSc2nc(C(C)C)n[nH]2)c1C,3.0506400000000014,CC1=NNCSC(C)C(=O)c2[nH]c(C)c(C(=O)CC(C)C)c2C=N1,True,3.1693200000000017,0.11868000000000034,0.22077922077922077,False,True
3.0,bin,14,0.34654998779296875,0.30299997329711914,0.39010000228881836,281081,O=C(Cn1cccn1)NCc1cccnc1Oc1ccc(F)cc1F,2.665000000000001,Cc1ccn(CC(=O)NCc2cccnc2Oc2cccc(F)c2)n1,True,2.834320000000001,0.16931999999999992,0.582089552238806,False,True
3.0,bin,14,0.34654998779296875,0.30299997329711914,0.39010000228881836,284170,COc1ccc(-c2nc(CC(=O)Nc3cccc(C)n3)cs2)cc1,3.7033200000000024,Cc1ccc(-c2nc(CC(=O)N(C)c3cccc(C)n3)cs2)cc1,True,4.027440000000003,0.32412000000000063,0.4918032786885246,False,True
3.0,bin,14,0.34654998779296875,0.30299997329711914,0.39010000228881836,288369,Cc1ccc(NCc2nnc3n2CCCCC3)cc1C,3.2334400000000016,Clc1cccc(NCc2nnc3n2CCCCC3)c1,True,3.2700000000000014,0.036559999999999704,0.6530612244897959,False,False
3.0,bin,14,0.34654998779296875,0.30299997329711914,0.39010000228881836,302889,COc1ccc(OC)c(NC(=O)CCNC(=O)c2cccs2)c1,2.5239000000000003,CCOc1ccccc1NC(=O)CCNC(=O)c1cccs1,True,2.905400000000001,0.38150000000000084,0.6181818181818182,False,False
3.0,bin,14,0.34654998779296875,0.30299997329711914,0.39010000228881836,327141,COc1ccc(OC)c(S(=O)(=O)Nc2ccn(C)n2)c1,1.2381,COc1cc(C)c(S(=O)(=O)Nc2ccn(C)n2)cc1C#N,True,1.4096,0.17149999999999999,0.5849056603773585,False,True
3.0,bin,14,0.34654998779296875,0.30299997329711914,0.39010000228881836,327382,CNC(=O)C1CN(C(=O)c2c(C)noc2C)c2ccccc2O1,1.4452399999999996,C=CC=CC=CNc1onc(C)c1C(=O)NCCC(=O)OC,True,1.9437199999999997,0.49848000000000003,0.19480519480519481,False,True
3.0,bin,14,0.34654998779296875,0.30299997329711914,0.39010000228881836,406491,COCCNC(=O)C1CCCN(S(=O)(=O)N2CCOCC2)C1,-0.9619999999999964,COCCC(=O)N1CCCC(S(=O)(=O)N2CCOCC2)C1,True,-0.3240999999999983,0.6378999999999981,0.49122807017543857,False,True
3.0,bin,14,0.34654998779296875,0.30299997329711914,0.39010000228881836,413951,O=C(Cn1ncn2cccc2c1=O)N1CCCCCC1,0.8985999999999996,CC1CCCCN1C(=O)Cn1ncn2cccc2c1=O,True,0.8969999999999998,-0.0015999999999998238,0.6666666666666666,False,False
3.0,bin,14,0.34654998779296875,0.30299997329711914,0.39010000228881836,427929,CCNc1nc(NCc2ccccc2Cl)c2cnn(C)c2n1,3.060600000000001,CCC(C)Nc1nc(NCc2ccc(F)cc2F)c2cnn(C)c2n1,True,3.4640000000000013,0.4034000000000004,0.484375,False,True
3.0,bin,14,0.34654998779296875,0.30299997329711914,0.39010000228881836,447130,CCC(NC(=O)C1CCN(C(=O)C2CC2)CC1)c1ccc(C)cc1,3.2109200000000016,CCC(C)C=CC=C1C2C=CC1(C)NC(=O)C2CCN(C)C(=O)C1CC1,True,3.4643000000000024,0.2533800000000008,0.18072289156626506,False,True
3.0,bin,14,0.34654998779296875,0.30299997329711914,0.39010000228881836,481908,CCNS(=O)(=O)c1ccc(C)c(C(=O)Nc2ncccc2C)c1,2.24894,CCCNS(=O)(=O)C=CC(C)=C1CC1C(=O)Nc1ncccc1F,True,2.3387000000000002,0.08976000000000006,0.30666666666666664,False,True
3.0,bin,14,0.34654998779296875,0.30299997329711914,0.39010000228881836,485220,Cc1nn(CC(=O)N2CCN(C)CC2)c(C)c1Br,1.03644,Cc1cc(C(=O)N2CCN(C(C)C)CC2)nn1C(C)C,True,1.9386199999999998,0.9021799999999998,0.25925925925925924,False,True
3.0,bin,14,0.34654998779296875,0.30299997329711914,0.39010000228881836,526363,Cc1nnc(SCC(=O)Nc2ccc(O)cc2)n(N)c1=O,0.09692,COc1ccccc1NC(=O)CSc1nnc(C)c(=O)n1N,True,0.39991999999999994,0.30299999999999994,0.6181818181818182,False,False
3.0,bin,14,0.34654998779296875,0.30299997329711914,0.39010000228881836,536853,COc1ccc(C2CCCN2C(=O)C2CCC2)c(OC)c1,3.1674000000000015,COc1ccc(Br)cc1C1CCCN1C(=O)C1CCC1,True,3.9213000000000022,0.7539000000000007,0.66,False,False
3.0,bin,14,0.34654998779296875,0.30299997329711914,0.39010000228881836,540312,Cc1nn(C)c2nc(C3CC3)cc(C(=O)NCC(=O)NC(C)(C)C)c12,1.7986199999999997,CNN=C(C=C(CC=CC1CC1)C(=O)N(C)CC(=O)NC)C(F)(F)F,True,1.6111999999999995,-0.18742000000000014,0.12643678160919541,False,True
3.0,bin,14,0.34654998779296875,0.30299997329711914,0.39010000228881836,544381,Cc1nc(N2CCCC(C(=O)NC(C)C)C2)c2c(C)c(C)oc2n1,2.8890600000000006,Cc1nc(NC(C)C)cc(C2CCCN(C(=O)CC(F)(F)F)C2)n1,True,3.263720000000002,0.3746600000000013,0.27631578947368424,False,True
3.0,bin,14,0.34654998779296875,0.30299997329711914,0.39010000228881836,544382,CCCNC(=O)C1CCCN(c2nc(C)nc3oc(C)c(C)c23)C1,2.8906600000000013,Cc1nc(N2CCCCC(=O)NC(C)CC2)c2c(C)c(C)oc2n1,True,3.0331600000000014,0.14250000000000007,0.4626865671641791,False,True
3.0,bin,14,0.34654998779296875,0.30299997329711914,0.39010000228881836,550049,Cc1ccc(C)c(OCC(=O)Nc2cccc(-n3cnnc3)c2)c1,2.9016400000000013,Cc1nnc(NC(=O)C(C)Oc2cccc(C)c2-c2ccc(F)cc2)o1,True,3.8985400000000023,0.996900000000001,0.20512820512820512,False,True
3.0,bin,14,0.34654998779296875,0.30299997329711914,0.39010000228881836,573533,Cc1nn(-c2ncc(C(F)(F)F)cc2Cl)c(=O)o1,2.2011199999999995,Cc1nn(-c2ncc(C(C)(C)C)cc2Cl)c(=O)o1,True,2.479820000000001,0.2787000000000015,0.7857142857142857,False,True
3.0,bin,14,0.34654998779296875,0.30299997329711914,0.39010000228881836,582555,O=C(NCC(O)c1ccccc1)c1ccc2c(=O)n3c(nc2c1)CCC3,1.8061000000000003,Cc1ccccc1CCNC(=O)c1ccc2c(=O)n3c(nc2c1)CCC3,True,2.6236200000000007,0.8175200000000005,0.6307692307692307,False,True
3.0,bin,14,0.34654998779296875,0.30299997329711914,0.39010000228881836,588547,Cc1n[nH]c(C)c1NC(=O)CCc1ccc(Cl)cc1Cl,3.9046400000000023,Cc1n[nH]c(C)c1NC(=O)CC(C)(C)c1ccc(Cl)c(F)c1,True,4.125440000000003,0.22080000000000055,0.4915254237288136,False,True
3.0,bin,14,0.34654998779296875,0.30299997329711914,0.39010000228881836,607673,CCCN(CC1CC1)S(=O)(=O)c1ccccc1F,2.636400000000001,CC(C)CN(CC1CC1)S(=O)(=O)c1ccccc1,True,2.7433000000000014,0.10690000000000044,0.46808510638297873,False,True
3.0,bin,14,0.34654998779296875,0.30299997329711914,0.39010000228881836,617681,Cc1cc(C(=O)Nc2nc(-c3ccncc3)cs2)nn1C(C)C,3.5432200000000016,CC(=NC(C(C)C)N1C=CC1)NC(=O)c1cc(C)n(C)n1,True,1.68812,-1.8551000000000015,0.2638888888888889,False,True
3.0,bin,14,0.34654998779296875,0.30299997329711914,0.39010000228881836,650267,COc1ccc2oc(C(=O)NC3CCCCNC3=O)c(C)c2c1,2.14832,COC1=C(C)CC2=C(C(=O)N(C)CC3CCNC(=O)C3CO)C21,True,0.4399,-1.70842,0.2345679012345679,False,True
3.0,bin,14,0.34654998779296875,0.30299997329711914,0.39010000228881836,668639,Cc1cc(NC(=O)c2ccccc2Cl)ncc1N,2.8779200000000005,Cc1cc(Cl)ccc1C(=O)Nc1cccc(N)n1,True,2.8779200000000005,0.0,0.4339622641509434,False,True
3.0,bin,14,0.34654998779296875,0.30299997329711914,0.39010000228881836,673160,CCC(=O)Nc1ccc2oc(C(F)(F)F)cc(=O)c2c1,3.160300000000001,CC(C)CC(=O)Nc1ccc2c(C(F)(F)F)cc(=O)oc2c1,True,3.796400000000002,0.6361000000000008,0.43103448275862066,False,True
3.0,bin,14,0.34654998779296875,0.30299997329711914,0.39010000228881836,711169,Cc1cccc(C(C)C)c1NC(=O)N(C)Cc1ccncc1,4.177320000000003,CC(C)Sc1ccc(NC(=O)N(C)C(C)c2ccncc2)cc1,True,4.807000000000004,0.6296800000000013,0.3064516129032258,False,True
3.0,bin,14,0.34654998779296875,0.30299997329711914,0.39010000228881836,720969,Cc1noc(C)c1CCC(=O)OCC(=O)N1c2ccccc2CC1C,2.7450400000000013,Cc1ccc2c(c1)CCCN2C(=O)C(C)OC(=O)CCc1conc1C,True,3.1351400000000016,0.39010000000000034,0.2558139534883721,False,True
3.0,bin,14,0.34654998779296875,0.30299997329711914,0.39010000228881836,730789,COC(=O)C1CCN(C(=O)c2cc3ccc(F)cc3nc2C)CC1,2.7075200000000006,COC(=O)C1CCN(C(=O)c2cc3cc(C)c(C)cc3nc2C)CC1,True,3.1852600000000013,0.4777400000000007,0.7254901960784313,False,True
3.0,bin,14,0.34654998779296875,0.30299997329711914,0.39010000228881836,738178,Cc1ccc(-n2ccnc2SCc2nc(C3CC3)no2)cc1C,4.041840000000003,Clc1cccc(-n2ccnc2SCc2nc(C3CC3)no2)c1,True,4.078400000000002,0.036559999999998816,0.7272727272727273,False,True
3.0,bin,14,0.34654998779296875,0.30299997329711914,0.39010000228881836,771897,COc1ccccc1OCC(=O)N(C)Cc1sccc1C,3.102520000000002,CCOc1ccccc1OCC(=O)N(CC)Cc1sccc1C,True,3.8827200000000035,0.7802000000000016,0.64,False,True
3.0,bin,14,0.34654998779296875,0.30299997329711914,0.39010000228881836,811446,COC(=O)C1(NC(=O)c2cc(Br)c[nH]2)CCCCCC1,2.7730000000000006,CCCCC(NC(=O)c1cc(SCC#N)c[nH]1)C(=O)OCC,True,2.48208,-0.29092000000000073,0.22535211267605634,False,True
3.0,bin,14,0.34654998779296875,0.30299997329711914,0.39010000228881836,848291,CCC(C)NC(=O)NCc1noc(-c2cccs2)n1,2.3958000000000004,CCC(C)C(=O)NC(C)c1noc(-c2cccs2)n1,True,3.0214000000000016,0.6256000000000013,0.5517241379310345,False,True
3.0,bin,14,0.34654998779296875,0.30299997329711914,0.39010000228881836,863440,COc1ccc(-c2nc(CCCO)cs2)cc1OC,2.752200000000001,COc1ccc(-c2nc(CC(F)(F)F)cs2)cc1N,True,3.505700000000002,0.7535000000000007,0.5,False,True
3.0,bin,14,0.34654998779296875,0.30299997329711914,0.39010000228881836,864663,N#Cc1ccc(-c2cc(F)ccc2F)nc1N1CCCC1,3.498680000000002,N#Cc1ccc(-c2ccc(Br)cc2)nc1N1CCCC1,True,3.982980000000003,0.48430000000000106,0.5416666666666666,False,True
3.0,bin,14,0.34654998779296875,0.30299997329711914,0.39010000228881836,872100,CCc1cccc(C)c1NCC(O)c1ccc2c(c1)OCCO2,3.474120000000002,CC(C)Cc1cccc(NCC(O)c2ccc3c(c2)OCCO3)c1,True,3.8018000000000027,0.32768000000000086,0.543859649122807,False,True
3.0,bin,14,0.34654998779296875,0.30299997329711914,0.39010000228881836,886334,COc1ccc(C(=O)N2CCCC(C(=O)N3CCCCC3)C2)c(O)c1,2.2655000000000003,CC(=O)c1ccccc1C(=O)N1CCCC(C(=O)N2CCCCC2)C1,True,2.7539000000000016,0.4884000000000013,0.5686274509803921,False,True
3.0,bin,14,0.34654998779296875,0.30299997329711914,0.39010000228881836,887387,COCCNC(=O)N(Cc1cccc(F)c1)CC1CCCO1,2.1627,COCCN(Cc1c(F)cccc1F)C(=O)NCC1CCCO1,True,2.3018,0.1391,0.5454545454545454,False,True
3.0,bin,14,0.34654998779296875,0.30299997329711914,0.39010000228881836,889149,N#Cc1ccc(NC(=O)c2ccc(Br)cc2Cl)nc1,3.621480000000001,O=C(Nc1cccc(C(F)(F)F)n1)c1ccc(Cl)cc1,True,4.006100000000002,0.38462000000000085,0.22950819672131148,False,True
3.0,bin,14,0.34654998779296875,0.30299997329711914,0.39010000228881836,913483,O=C(CNC(=O)NCCc1c(Cl)cccc1Cl)NC1CC1,2.1137000000000006,CC(Cc1ccccc1Cl)N(C)C(=O)NCCC(=O)NC1CC1,True,2.581100000000001,0.4674000000000005,0.4166666666666667,False,True
3.0,bin,14,0.34654998779296875,0.30299997329711914,0.39010000228881836,917620,C=CCN(Cc1ccccc1OC)C(=O)c1csc(C)n1,3.288520000000002,C=C(C)CN(Cc1cccc(OC)c1)C(=O)c1csc(C)n1,True,3.678620000000003,0.3901000000000012,0.47619047619047616,False,True
3.0,bin,14,0.34654998779296875,0.30299997329711914,0.39010000228881836,918312,CCOc1ccc(Cl)c(C(=O)N2CCN(c3ncccn3)CC2)n1,1.8860999999999997,C=CC1(C=C(C)N=CC(=O)N2C=C(F)C(C)C2)NC=NC(Cl)=C1N,True,2.1731,0.28700000000000014,0.12222222222222222,False,True
3.0,bin,14,0.34654998779296875,0.30299997329711914,0.39010000228881836,922879,CC(=O)c1ccc(N2CCN(Cc3c(F)cccc3F)CC2)cc1,3.489600000000003,Fc1ccc(N2CCN(Cc3ccc(Cl)c(F)c3)CC2)cc1,True,3.940400000000003,0.4508000000000001,0.38461538461538464,False,True
3.0,bin,14,0.34654998779296875,0.30299997329711914,0.39010000228881836,927535,COc1cc(CN2CCN(c3ccccc3F)CC2)ccc1O,2.862100000000002,COc1ccc(N2CCN(Cc3ccc(OC)c(O)c3)CC2)cc1C,True,3.040020000000001,0.17791999999999897,0.4909090909090909,False,True
3.0,bin,14,0.34654998779296875,0.30299997329711914,0.39010000228881836,927567,Cc1ccccc1N1CCN(Cc2cccc(O)c2)CC1,3.022820000000001,CCOc1ccccc1CN1CCN(c2cccc(C)c2O)CC1,True,3.421520000000002,0.3987000000000007,0.4716981132075472,False,True
3.0,bin,14,0.34654998779296875,0.30299997329711914,0.39010000228881836,938108,CC(c1ccccc1)N(C)C(=O)CCC(=O)Nc1nccs1,3.0814000000000012,CCCN(Cc1ccccc1)C(=O)CCC(=O)Nc1nc(C)cs1,True,3.609020000000002,0.5276200000000006,0.3787878787878788,False,True
3.0,bin,14,0.34654998779296875,0.30299997329711914,0.39010000228881836,943303,CN(CCCOc1ccccc1)C(=O)Nc1cccc2c1OCCO2,3.390600000000002,Cc1ccccc1OCCCN(C)C(=O)Nc1cccc2c1OCCO2,True,3.6990200000000026,0.3084200000000008,0.7636363636363637,False,True
3.0,bin,14,0.34654998779296875,0.30299997329711914,0.39010000228881836,946289,CC(NC(=O)C1(c2cc(-c3ccco3)on2)CC1)c1ccccc1,3.843600000000002,CC=CC=C1OC(C=C2N=C2C=C(O)c2ccco2)C(=O)N(C)C1C,True,3.2227000000000015,-0.6209000000000007,0.1590909090909091,False,True
3.0,bin,14,0.34654998779296875,0.30299997329711914,0.39010000228881836,994077,Cc1nnc(Cn2c(-c3cccc(Br)c3)noc2=O)o1,2.0055199999999997,CCCc1nnc(Cn2c(-c3cccc(C)c3)noc2=O)o1,True,2.19552,0.1900000000000004,0.6226415094339622,False,True
3.0,bin,14,0.34654998779296875,0.30299997329711914,0.39010000228881836,1065620,O=C(NCc1cccnc1Oc1ccccc1)c1cccnc1,3.198900000000002,Cc1ncccc1C(=O)NCc1cccnc1Oc1ccccc1,True,3.5073200000000018,0.3084199999999999,0.6470588235294118,False,True
3.0,bin,14,0.34654998779296875,0.30299997329711914,0.39010000228881836,1093926,CN(C(=O)CNc1cccc(OCC2CCCO2)c1)c1ccccc1,3.319300000000002,Cc1cccc(NCC(=O)N(C)c2ccccc2OCC2CCCO2)c1,True,3.6277200000000027,0.3084200000000008,0.671875,False,True
3.0,bin,14,0.34654998779296875,0.30299997329711914,0.39010000228881836,1107920,CCc1ccc(-n2cc(C(=O)NC(C)c3ccccc3)nn2)cc1,3.320700000000002,CC(NC(=O)c1cn(-c2ccc(F)c(Cl)c2)nn1)c1ccccc1,True,3.5508000000000015,0.2300999999999993,0.6428571428571429,False,True
3.0,bin,14,0.34654998779296875,0.30299997329711914,0.39010000228881836,1113130,CC(NC(=O)Cn1nnnc1C(C)(C)C)c1cccc2ccccc12,3.0012000000000016,CC=CC=CCc1nnnn1C(C)C(=O)N1c2ccccc2C1(C)C,True,3.190800000000002,0.18960000000000043,0.24675324675324675,False,True
3.0,bin,14,0.34654998779296875,0.30299997329711914,0.39010000228881836,1121751,COC(=O)Cn1ccc(NS(=O)(=O)c2ccc(F)c(F)c2F)n1,1.2742,CCOC(=O)Cn1ccc(NS(=O)(=O)c2ccc(Cl)cc2)n1,True,1.9004,0.6262000000000001,0.5172413793103449,False,True
3.0,bin,14,0.34654998779296875,0.30299997329711914,0.39010000228881836,1142531,CCOC(C)C(=O)NCCc1csc(-c2ccc(C)cc2)n1,3.2022200000000014,CCC(C)C(=O)NCCc1csc(-c2ccc(C)cc2)n1,True,3.8233200000000025,0.6211000000000011,0.7450980392156863,False,True
3.0,bin,14,0.34654998779296875,0.30299997329711914,0.39010000228881836,1212157,CN(Cc1ccc(F)c(F)c1)C(=O)c1cncc(-c2cnn(C)c2)c1,3.0325000000000015,Cc1nn(C)c(C)c1C(=O)N(C)C1C=CC=CC(c2ccc(F)cc2)=C1,True,3.826240000000003,0.7937400000000014,0.2125,False,True
3.0,bin,14,0.34654998779296875,0.30299997329711914,0.39010000228881836,1215394,CCn1nc(C)cc1C(=O)Oc1cccc(NC(=O)C(C)C)c1,3.025120000000001,CCn1nc(C(C)C)cc1C(=O)Oc1ccc(OC)cc1,True,3.2542000000000018,0.22908000000000062,0.47368421052631576,False,True
3.0,bin,14,0.34654998779296875,0.30299997329711914,0.39010000228881836,1232922,CC(C)(C)OC(=O)NC1CCCN(S(=O)(=O)N2CCOCC2)C1,0.5525000000000011,CCCC(C)C(=O)NC1CCCN(S(=O)(=O)N2CCOCC2)C1,True,0.5802000000000014,0.02770000000000028,0.5925925925925926,False,True
3.0,bin,14,0.34654998779296875,0.30299997329711914,0.39010000228881836,1238973,FC(F)(F)c1cnc(N2CCn3c(nnc3C3CC3)C2)c(Cl)c1,3.2429000000000023,C=C1c2nnc(C3CC3)n2CCN1C1CC(C)(C)C=C(Cl)C=N1,True,3.391300000000002,0.14839999999999964,0.2777777777777778,False,True
3.0,bin,14,0.34654998779296875,0.30299997329711914,0.39010000228881836,1299495,Cc1cc(CC(=O)N2CCCC2C(C#N)c2ccccc2)no1,2.823900000000001,Cc1cc(CC(=O)N2CCCC2c2cccc(C)c2C#N)no1,True,3.069320000000002,0.24542000000000108,0.5606060606060606,False,True
3.0,bin,14,0.34654998779296875,0.30299997329711914,0.39010000228881836,1309906,CC(C)CC(NC(=O)c1cc(=O)c2ccccc2o1)C(=O)OC(C)C,2.8891000000000018,CCOC(=O)C(NC(=O)c1cc(=O)c2ccccc2o1)C(C)(CC)CC,True,3.280800000000001,0.39169999999999927,0.559322033898305,False,True
3.0,bin,14,0.34654998779296875,0.30299997329711914,0.39010000228881836,1362816,COCc1cccc(C(=O)NC2CC2c2cccc(Cl)c2)c1,3.772300000000002,O=C(F)NC1CC1c1ccccc1C(F)F,True,3.159200000000002,-0.6131000000000002,0.25396825396825395,False,True
3.0,bin,14,0.34654998779296875,0.30299997329711914,0.39010000228881836,1441838,COCC(=O)NC(C(=O)Nc1cccc(-c2nccs2)c1)C(C)C,2.5358,COCCOC(C)C(=O)Nc1cccc(-c2nccs2)c1,True,2.8001000000000014,0.2643000000000013,0.65,False,True
3.0,bin,14,0.34654998779296875,0.30299997329711914,0.39010000228881836,1450449,CCCNC(=O)CSc1nc2c(cc1C#N)CCCC2,2.450380000000001,Cc1ncc(OCCC(C)C)c(Cl)c1SCCN,True,3.519120000000002,1.068740000000001,0.1038961038961039,False,True
3.0,bin,14,0.34654998779296875,0.30299997329711914,0.39010000228881836,1451910,O=S(=O)(NCc1nnc2ccccn12)c1ccc(F)c(F)c1,1.4859999999999995,Cc1ccc(S(=O)(=O)NCc2nnc3ccccn23)cc1C,True,1.82464,0.3386400000000005,0.7142857142857143,False,False
3.0,bin,14,0.34654998779296875,0.30299997329711914,0.39010000228881836,1479798,Cc1nc(C)c(CCC(=O)N(CC(C)C)CC(F)(F)F)c(=O)[nH]1,2.3662400000000003,CCCN(CCC(C)(C)C)C(=O)CCC=C(C)N=C(C)NC(C)=O,True,3.899700000000003,1.5334600000000025,0.14666666666666667,False,True
3.0,bin,14,0.34654998779296875,0.30299997329711914,0.39010000228881836,1507926,COC(=O)C(C)NC(=O)Cc1csc(-c2ccccc2Cl)n1,2.6837,CCOC(C)C(=O)NCc1csc(-c2ccccc2Cl)n1,True,3.5047000000000015,0.8210000000000015,0.5517241379310345,False,True
3.0,bin,14,0.34654998779296875,0.30299997329711914,0.39010000228881836,1527882,Nc1ncccc1C(=O)Nc1ccc2cn[nH]c2c1,1.7923999999999998,Cc1nc2ccccc2c(NC(=O)c2ccc(CO)nc2)c1N,True,2.2650200000000003,0.4726200000000005,0.2222222222222222,False,True
3.0,bin,14,0.34654998779296875,0.30299997329711914,0.39010000228881836,1532848,COc1ccc(-c2ccc3c(=O)[nH]cnc3c2)cc1Cl,3.2521000000000013,O=c1[nH]cnc2cc(-c3ccccc3OC(F)F)c(Cl)cc12,True,3.8449000000000018,0.5928000000000004,0.42105263157894735,False,True
3.0,bin,14,0.34654998779296875,0.30299997329711914,0.39010000228881836,1548351,COc1cc(OC)c2c(c1)C(c1cnccn1)NCC2,1.7288999999999999,COc1ccc(Cl)c2c1CCNC2c1cnccn1,True,2.3737000000000004,0.6448000000000005,0.5660377358490566,False,False
3.0,bin,14,0.34654998779296875,0.30299997329711914,0.39010000228881836,1570134,COc1cccc(C(C)N2CCN(C(=O)c3ccc(O)cc3)CC2)c1,2.9198000000000013,COc1ccc(Cl)cc1CN1CCN(C(=O)c2ccccc2)CC1,True,3.306600000000002,0.3868000000000009,0.34375,False,False
3.0,bin,14,0.34654998779296875,0.30299997329711914,0.39010000228881836,1611406,CC(C)(C)N1CC(NC(=O)C2COc3ccc(F)cc3C2)CC1=O,1.8923999999999994,C=C(C)CCCN1CCC(C(=O)NC2COc3ccc(F)c(F)c3C2)C1,True,3.062700000000002,1.1703000000000028,0.35443037974683544,False,True
3.0,bin,14,0.34654998779296875,0.30299997329711914,0.39010000228881836,1612684,CCCC1CN(C(=O)Nc2ccn(CCC(C)C)n2)CCO1,2.9620000000000015,CCC1(CC)CN(C(=O)Nc2ccn(CCC(C)C)n2)CO1,True,3.3096000000000023,0.3476000000000008,0.5714285714285714,False,True
3.0,bin,14,0.34654998779296875,0.30299997329711914,0.39010000228881836,1639675,CCC(CC)c1nnc(NC(=O)c2scnc2C2CC2)s1,4.0279000000000025,CC(C)Sc1nc(NC(=O)c2scnc2C(F)(F)F)sc1C1CC1,True,5.248600000000002,1.2207,0.40298507462686567,False,True
3.0,bin,14,0.34654998779296875,0.30299997329711914,0.39010000228881836,1675660,COc1ccnc(NC(=O)c2cccc(Cl)c2)c1,2.9959000000000007,COc1c(C)cc(NC(=O)c2cccc(OC(F)F)c2)nc1C,True,3.560740000000002,0.5648400000000011,0.4,False,True
3.0,bin,14,0.34654998779296875,0.30299997329711914,0.39010000228881836,1689728,CCc1noc(CSc2ncnc3sc(C)cc23)n1,3.237420000000002,CCCc1noc(CSc2ncnc3oc(C)cc23)n1,True,3.1590200000000017,-0.07840000000000025,0.5263157894736842,False,True
3.0,bin,14,0.34654998779296875,0.30299997329711914,0.39010000228881836,1720876,CC(C)(C)CC(=O)NCC(=O)Nc1ccc2c(c1)COC2,2.2077,CC(NC(=O)OC(C)(C)C)C(=O)Nc1ccc2c(c1)COC2,True,2.568500000000001,0.3608000000000011,0.5,False,True
3.0,bin,14,0.34654998779296875,0.30299997329711914,0.39010000228881836,1757109,CC(C)Cc1ncc(CNc2ccc3c(c2)COC3)s1,3.983900000000003,FC(Cl)(Cl)c1ncc(CNc2ccc3c(c2)COC3)s1,True,4.342800000000001,0.35889999999999844,0.5849056603773585,False,True
3.0,bin,14,0.34654998779296875,0.30299997329711914,0.39010000228881836,1774061,O=C1NCCCc2[nH]c(-c3cccc4[nH]ccc34)nc21,2.234,Cc1[nH]c(C#N)nc1C1=CNC=CC2=CCC=C21,True,2.3041,0.07010000000000005,0.10666666666666667,False,True
3.0,bin,14,0.34654998779296875,0.30299997329711914,0.39010000228881836,1800687,Cc1nn(C)c(-c2nc(-c3cccnn3)no2)c1Cl,1.8889199999999997,Cc1nc(-c2noc(-c3cnn(C)c3C)n2)ccc1Cl,True,2.802340000000001,0.9134200000000012,0.3793103448275862,False,True
3.0,bin,14,0.34654998779296875,0.30299997329711914,0.39010000228881836,1815867,FC(F)(F)c1ccc(CN2CCOCC2c2ncon2)cc1,2.661900000000001,Clc1ccc(Cl)c(CN2CCOCC2c2ncon2)c1,True,2.9499000000000013,0.28800000000000026,0.5892857142857143,False,True
3.0,bin,14,0.34654998779296875,0.30299997329711914,0.39010000228881836,1828580,Cc1ccc(N2CC3OCC(=O)N(Cc4cccc(F)c4)C3C2)nn1,1.54032,CC=C1C=C(NC2COC3C(=O)N(Cc4cccc(C)c4)CC3C2)N=N1,True,2.911520000000001,1.3712000000000013,0.26136363636363635,False,True
3.0,bin,14,0.34654998779296875,0.30299997329711914,0.39010000228881836,1836183,CCc1ccc(C(=O)NCc2nccc(N(C)C)n2)cc1,2.035,O=C(NCc1nccc(Cl)c1Cl)c1ccncc1,True,2.713400000000001,0.6784000000000008,0.37037037037037035,False,True
3.0,bin,14,0.34654998779296875,0.30299997329711914,0.39010000228881836,1842499,COc1ccccc1COc1ccccc1-c1cnn(CCO)c1,3.1300000000000017,CC(=O)NCc1ccccc1OCc1cn(C)nc1-c1ccccc1,True,3.302200000000002,0.17220000000000013,0.3384615384615385,False,True
3.0,bin,14,0.34654998779296875,0.30299997329711914,0.39010000228881836,1865564,COC(CNC(=O)c1ccoc1)c1cccc(F)c1,2.536200000000001,CCc1oc(C)cc1C(=O)NCC(Cc1cccc(OC)c1)OC,True,3.1465200000000015,0.6103200000000006,0.2876712328767123,False,True
3.0,bin,14,0.34654998779296875,0.30299997329711914,0.39010000228881836,1868773,CCCOc1ccc(Cl)c2c1CCNC2C1CC(=O)C1,3.2947000000000015,CCC(C)(C)Oc1ccc(Cl)cc1C1(CC)CCC(=O)C1N,True,4.245400000000003,0.9507000000000012,0.2328767123287671,False,True
3.0,bin,14,0.34654998779296875,0.30299997329711914,0.39010000228881836,1873123,CCC1OC(=O)c2c(OC)ccc(Br)c21,3.079200000000002,CC(C)OC(=O)COc1cc(F)cc(Br)c1,True,2.9186000000000014,-0.16060000000000052,0.13559322033898305,False,True
3.0,bin,14,0.34654998779296875,0.30299997329711914,0.39010000228881836,1875028,Cc1cccc(C)c1NCC(=O)N1CCCC2CCCCC21,3.8965400000000034,Cc1cc(C)c(NCC(=O)N2CCCC23CCCC(C)C3)c(C)c1,True,4.595060000000005,0.6985200000000011,0.3770491803278688,False,True
3.0,bin,14,0.34654998779296875,0.30299997329711914,0.39010000228881836,1895921,CCC(CC)N(C)C(=O)CC1OC(=O)c2ccccc21,2.935200000000002,CCC(CC)N(CC)C(=O)CC1OC(=O)c2ccccc21,True,3.325300000000002,0.39010000000000034,0.75,False,True
3.0,bin,14,0.34654998779296875,0.30299997329711914,0.39010000228881836,1907077,Cc1ccc2[nH]nc(C(=O)Nc3nc(-c4ccco4)cs3)c2c1,3.8401200000000015,Cc1cc(C)c2c(C(=O)Nc3nc(-c4ccco4)cs3)n[nH]c2c1,True,4.148540000000002,0.3084200000000008,0.7288135593220338,False,True
3.0,bin,14,0.34654998779296875,0.30299997329711914,0.39010000228881836,1913063,Cc1nn(C)c(C)c1CN(C(=O)c1cn2cccc(C)c2n1)C1CC1,2.797860000000001,C=C(C)CNN=CC(=C)C(=O)N(C)CC=c1c2c(cn1C1CC1)C=CN=2,True,1.3734999999999997,-1.4243600000000012,0.15625,False,True
3.0,bin,14,0.34654998779296875,0.30299997329711914,0.39010000228881836,1922265,CN(CCNC(=O)c1ccc2c(c1)ncn2C)c1ccccc1,2.4395000000000007,Cc1ccccc1NC(=O)CN(C)Cc1ccc2c(c1)ncn2C,True,2.9522200000000014,0.5127200000000007,0.417910447761194,False,True
3.0,bin,15,0.4522000253200531,0.39010000228881836,0.5143000483512878,32052,COc1ccccc1CNC(=O)Cc1c[nH]c2ccccc12,3.035400000000001,C=CCOc1ccc(CNC(=O)Cc2c[nH]c3ccccc23)cc1,True,3.5916000000000015,0.5562000000000005,0.5454545454545454,False,True
3.0,bin,15,0.4522000253200531,0.39010000228881836,0.5143000483512878,116747,COCCSc1ccccc1C(=O)Nc1cccc(C)n1,3.3808200000000017,CCSc1ccccc1C(=O)Nc1cccc(C(=O)NC(C)C)n1,True,3.584100000000001,0.20327999999999946,0.5454545454545454,False,True
3.0,bin,15,0.4522000253200531,0.39010000228881836,0.5143000483512878,131060,CS(=O)(=O)NCCc1csc(-c2ccc(F)cc2)n1,2.0408999999999997,CN(C)C(=O)CCc1nc(-c2ccc(F)cc2)cs1,True,2.9700000000000015,0.9291000000000018,0.3333333333333333,False,True
3.0,bin,15,0.4522000253200531,0.39010000228881836,0.5143000483512878,131949,CCc1c(C)nc(SCC(=O)NC(C)C)[nH]c1=O,1.25742,CCC=C(C)N=C(CNC=O)SCC(=O)OC(C)C,True,2.1295,0.8720800000000002,0.17647058823529413,False,True
3.0,bin,15,0.4522000253200531,0.39010000228881836,0.5143000483512878,158879,COc1ccc(CC(=O)OCC(=O)c2c[nH]c3ccccc23)cc1,3.145100000000001,Cc1ccc2[nH]cc(C(=O)OCC(=O)Cc3ccc(F)c(F)c3)c2c1,True,3.7231200000000024,0.5780200000000013,0.3484848484848485,False,True
3.0,bin,15,0.4522000253200531,0.39010000228881836,0.5143000483512878,232056,COCCNC(=O)c1cc(=O)c2cc(C)ccc2o1,1.4776199999999993,COCCCNC(=O)C(C)c1cc(=O)c2ccccc2o1,True,2.0492,0.5715800000000006,0.4482758620689655,False,True
3.0,bin,15,0.4522000253200531,0.39010000228881836,0.5143000483512878,235788,O=C(Cn1nc(-c2ccco2)oc1=O)NCC(F)(F)F,0.7747999999999999,CCC(CC)NC(=O)Cn1nc(-c2ccco2)oc1=O,True,1.4010999999999998,0.6262999999999999,0.6296296296296297,False,True
3.0,bin,15,0.4522000253200531,0.39010000228881836,0.5143000483512878,236081,CC(=O)c1c(C)[nH]c(C(=O)CSc2nc(C(C)C)n[nH]2)c1C,3.0506400000000014,CC=NNc1nnc(C(=O)CSC2=NC(C(C)(C)C)=C(C)C2)s1,True,3.9939000000000036,0.9432600000000022,0.1625,False,True
3.0,bin,15,0.4522000253200531,0.39010000228881836,0.5143000483512878,281081,O=C(Cn1cccn1)NCc1cccnc1Oc1ccc(F)cc1F,2.665000000000001,CCN(Cc1ccc(F)cc1)C(=O)CNc1cccnc1OC=CC=N,True,3.223370000000001,0.55837,0.27380952380952384,False,True
3.0,bin,15,0.4522000253200531,0.39010000228881836,0.5143000483512878,284170,COc1ccc(-c2nc(CC(=O)Nc3cccc(C)n3)cs2)cc1,3.7033200000000024,O=C(Cc1csc(-c2cc(Cl)ccc2F)n1)Nc1ccccn1,True,4.1788000000000025,0.4754800000000001,0.417910447761194,False,True
3.0,bin,15,0.4522000253200531,0.39010000228881836,0.5143000483512878,288369,Cc1ccc(NCc2nnc3n2CCCCC3)cc1C,3.2334400000000016,Brc1ccc(NCc2nnc3n2CCCCC3)cc1,True,3.379100000000002,0.14566000000000034,0.6739130434782609,False,False
3.0,bin,15,0.4522000253200531,0.39010000228881836,0.5143000483512878,302889,COc1ccc(OC)c(NC(=O)CCNC(=O)c2cccs2)c1,2.5239000000000003,CCOCc1cccc(NC(=O)CCNC(=O)c2cccs2)c1,True,3.0432000000000015,0.5193000000000012,0.5161290322580645,False,True
3.0,bin,15,0.4522000253200531,0.39010000228881836,0.5143000483512878,327141,COc1ccc(OC)c(S(=O)(=O)Nc2ccn(C)n2)c1,1.2381,Cc1cc(C)cc(S(=O)(=O)Nc2ccn(C)n2)c1,True,1.8377400000000002,0.5996400000000002,0.5434782608695652,False,True
3.0,bin,15,0.4522000253200531,0.39010000228881836,0.5143000483512878,327382,CNC(=O)C1CN(C(=O)c2c(C)noc2C)c2ccccc2O1,1.4452399999999996,CNc1onc(C)c1C(=O)N1Cc2ccccc2OC(C(=O)OC)C1,True,1.6011199999999999,0.15588000000000024,0.4411764705882353,False,True
3.0,bin,15,0.4522000253200531,0.39010000228881836,0.5143000483512878,406491,COCCNC(=O)C1CCCN(S(=O)(=O)N2CCOCC2)C1,-0.9619999999999964,C#CCNC(=O)C1CCCN(S(=O)(=O)N2CCOC(C)C2)C1,True,-0.5866999999999978,0.37529999999999863,0.543859649122807,False,True
3.0,bin,15,0.4522000253200531,0.39010000228881836,0.5143000483512878,413951,O=C(Cn1ncn2cccc2c1=O)N1CCCCCC1,0.8985999999999996,O=C(Cn1ncn2cccc2c1=O)N1CCCCC1,True,0.5084999999999997,-0.3900999999999999,1.0,False,False
3.0,bin,15,0.4522000253200531,0.39010000228881836,0.5143000483512878,427929,CCNc1nc(NCc2ccccc2Cl)c2cnn(C)c2n1,3.060600000000001,CCC(C)CNc1nc(NCc2ccc(F)cc2)c2cnn(C)c2n1,True,3.5725000000000016,0.5119000000000007,0.4838709677419355,False,True
3.0,bin,15,0.4522000253200531,0.39010000228881836,0.5143000483512878,447130,CCC(NC(=O)C1CCN(C(=O)C2CC2)CC1)c1ccc(C)cc1,3.2109200000000016,CCCC(NC(=O)C1CCN(C(=O)C2CC2)CC1)c1ccc(Cl)cc1,True,3.9460000000000033,0.7350800000000017,0.6666666666666666,False,True
3.0,bin,15,0.4522000253200531,0.39010000228881836,0.5143000483512878,481908,CCNS(=O)(=O)c1ccc(C)c(C(=O)Nc2ncccc2C)c1,2.24894,Cc1ccc(NC(=O)c2ccc(F)c(F)c2F)nc1,True,3.0596200000000007,0.8106800000000005,0.234375,False,True
3.0,bin,15,0.4522000253200531,0.39010000228881836,0.5143000483512878,485220,Cc1nn(CC(=O)N2CCN(C)CC2)c(C)c1Br,1.03644,CCN1CCCN(C(=O)Cn2ccc(C(F)(F)F)n2)CC1,True,1.4560999999999997,0.4196599999999997,0.2833333333333333,False,True
3.0,bin,15,0.4522000253200531,0.39010000228881836,0.5143000483512878,526363,Cc1nnc(SCC(=O)Nc2ccc(O)cc2)n(N)c1=O,0.09692,CC1=CC=C(NC(=O)CSc2nncc(=O)[nH]2)NC=C1,True,0.27779999999999994,0.18087999999999993,0.27941176470588236,False,True
3.0,bin,15,0.4522000253200531,0.39010000228881836,0.5143000483512878,536853,COc1ccc(C2CCCN2C(=O)C2CCC2)c(OC)c1,3.1674000000000015,O=C(C1CCCC1)N1CCCC1c1cccc(F)c1F,True,3.818500000000003,0.6511000000000013,0.5,False,True
3.0,bin,15,0.4522000253200531,0.39010000228881836,0.5143000483512878,540312,Cc1nn(C)c2nc(C3CC3)cc(C(=O)NCC(=O)NC(C)(C)C)c12,1.7986199999999997,C=C(C)CN(C)C(=O)c1cc(C2CC2)nc2c1c(C)nn2C,True,2.802220000000001,1.0036000000000014,0.53125,False,True
3.0,bin,15,0.4522000253200531,0.39010000228881836,0.5143000483512878,544381,Cc1nc(N2CCCC(C(=O)NC(C)C)C2)c2c(C)c(C)oc2n1,2.8890600000000006,CCCCN(C)C(=O)C1CCN(c2nc(C)nc3oc(C)cc23)CC1,True,3.314540000000002,0.4254800000000012,0.32,False,True
3.0,bin,15,0.4522000253200531,0.39010000228881836,0.5143000483512878,544382,CCCNC(=O)C1CCCN(c2nc(C)nc3oc(C)c(C)c23)C1,2.8906600000000013,CCCC(C)N1C(=O)CCCN1C1=NC(C)=NCOC(C)=C(C)C1,True,3.503000000000003,0.6123400000000014,0.17857142857142858,False,True
3.0,bin,15,0.4522000253200531,0.39010000228881836,0.5143000483512878,550049,Cc1ccc(C)c(OCC(=O)Nc2cccc(-n3cnnc3)c2)c1,2.9016400000000013,CSc1cccc(OC(C)C(=O)Nc2cccc(-n3cnnc3)c2)c1,True,3.3952000000000018,0.49356000000000044,0.4307692307692308,False,True
3.0,bin,15,0.4522000253200531,0.39010000228881836,0.5143000483512878,573533,Cc1nn(-c2ncc(C(F)(F)F)cc2Cl)c(=O)o1,2.2011199999999995,CC(C)(C)c1nn(-c2cc(Cl)c(Cl)cn2)c(=O)o1,True,2.8248000000000015,0.623680000000002,0.37735849056603776,False,True
3.0,bin,15,0.4522000253200531,0.39010000228881836,0.5143000483512878,582555,O=C(NCC(O)c1ccccc1)c1ccc2c(=O)n3c(nc2c1)CCC3,1.8061000000000003,CC1=CC=CCCNC(=O)c2ccc3c(=O)n4c(nc3c2)CCC4C=C1,True,3.0760000000000014,1.2699000000000011,0.21348314606741572,False,True
3.0,bin,15,0.4522000253200531,0.39010000228881836,0.5143000483512878,588547,Cc1n[nH]c(C)c1NC(=O)CCc1ccc(Cl)cc1Cl,3.9046400000000023,Cc1n[nH]c(C)c1NC(=O)CC(c1cc(Cl)ccc1Cl)C(C)C,True,5.101740000000004,1.1971000000000016,0.5714285714285714,False,True
3.0,bin,15,0.4522000253200531,0.39010000228881836,0.5143000483512878,607673,CCCN(CC1CC1)S(=O)(=O)c1ccccc1F,2.636400000000001,CCCN(CC1CC1)S(=O)(=O)c1c(F)cccc1Cl,True,3.2898000000000023,0.6534000000000013,0.6521739130434783,False,True
3.0,bin,15,0.4522000253200531,0.39010000228881836,0.5143000483512878,617681,Cc1cc(C(=O)Nc2nc(-c3ccncc3)cs2)nn1C(C)C,3.5432200000000016,CCC(C)n1nc(C(=O)Nc2nc(-c3ccncc3)cs2)cc1C,True,3.933320000000003,0.3901000000000012,0.8113207547169812,False,True
3.0,bin,15,0.4522000253200531,0.39010000228881836,0.5143000483512878,650267,COc1ccc2oc(C(=O)NC3CCCCNC3=O)c(C)c2c1,2.14832,Cc1cc(C)c2c(c1)CCC(C(=O)NC1CCCNC1=O)O2,True,1.39184,-0.75648,0.3611111111111111,False,True
3.0,bin,15,0.4522000253200531,0.39010000228881836,0.5143000483512878,668639,Cc1cc(NC(=O)c2ccccc2Cl)ncc1N,2.8779200000000005,Cc1cccnc1NC(=O)c1c(F)cc(Cl)cc1F,True,3.573920000000001,0.6960000000000006,0.3157894736842105,False,True
3.0,bin,15,0.4522000253200531,0.39010000228881836,0.5143000483512878,673160,CCC(=O)Nc1ccc2oc(C(F)(F)F)cc(=O)c2c1,3.160300000000001,CC(C)CC(=O)Nc1ccc2oc(C(F)(F)F)cc(=O)c2c1,True,3.796400000000002,0.6361000000000008,0.7659574468085106,False,True
3.0,bin,15,0.4522000253200531,0.39010000228881836,0.5143000483512878,711169,Cc1cccc(C(C)C)c1NC(=O)N(C)Cc1ccncc1,4.177320000000003,CC(C)c1cccc(C(C)C)c1NC(=O)N(C)Cc1ccncc1,True,4.992300000000004,0.8149800000000011,0.8604651162790697,False,False
3.0,bin,15,0.4522000253200531,0.39010000228881836,0.5143000483512878,720969,Cc1noc(C)c1CCC(=O)OCC(=O)N1c2ccccc2CC1C,2.7450400000000013,CCN1N=C(C)C(CCC(=O)OCC(=O)N2CCc3ccccc32)C=C1C,True,3.1305000000000014,0.38546000000000014,0.35443037974683544,False,True
3.0,bin,15,0.4522000253200531,0.39010000228881836,0.5143000483512878,730789,COC(=O)C1CCN(C(=O)c2cc3ccc(F)cc3nc2C)CC1,2.7075200000000006,CCOC(=O)C1CCCN(C(=O)c2cnc3cc(F)ccc3c2)CC1,True,3.1793000000000013,0.47178000000000075,0.5230769230769231,False,True
3.0,bin,15,0.4522000253200531,0.39010000228881836,0.5143000483512878,738178,Cc1ccc(-n2ccnc2SCc2nc(C3CC3)no2)cc1C,4.041840000000003,Brc1cccc(-n2ccnc2SCc2nc(C3CC3)no2)c1,True,4.187500000000002,0.14565999999999857,0.7142857142857143,False,True
3.0,bin,15,0.4522000253200531,0.39010000228881836,0.5143000483512878,771897,COc1ccccc1OCC(=O)N(C)Cc1sccc1C,3.102520000000002,CCc1ccc(OCC(=O)N(C)Cc2sccc2C)cc1,True,3.6563200000000027,0.5538000000000007,0.6078431372549019,False,True
3.0,bin,15,0.4522000253200531,0.39010000228881836,0.5143000483512878,811446,COC(=O)C1(NC(=O)c2cc(Br)c[nH]2)CCCCCC1,2.7730000000000006,CCCC(C(=O)OC)N(C)C(=O)c1sccc1Br,True,2.9243000000000015,0.15130000000000088,0.18461538461538463,False,True
3.0,bin,15,0.4522000253200531,0.39010000228881836,0.5143000483512878,848291,CCC(C)NC(=O)NCc1noc(-c2cccs2)n1,2.3958000000000004,CC(OCC(F)(F)F)C(=O)NCc1noc(-c2cccs2)n1,True,2.3817000000000004,-0.014100000000000001,0.6,False,True
3.0,bin,15,0.4522000253200531,0.39010000228881836,0.5143000483512878,863440,COc1ccc(-c2nc(CCCO)cs2)cc1OC,2.752200000000001,CCCc1ccc(-c2nc(CCO)cs2)cc1OC,True,3.306000000000002,0.5538000000000007,0.6458333333333334,False,True
3.0,bin,15,0.4522000253200531,0.39010000228881836,0.5143000483512878,864663,N#Cc1ccc(-c2cc(F)ccc2F)nc1N1CCCC1,3.498680000000002,N#Cc1ccc(-c2ccc(Br)c(F)c2)nc1N1CCC1,True,3.731980000000002,0.23329999999999984,0.5686274509803921,False,True
3.0,bin,15,0.4522000253200531,0.39010000228881836,0.5143000483512878,872100,CCc1cccc(C)c1NCC(O)c1ccc2c(c1)OCCO2,3.474120000000002,CC(C)C1C=CC=C(NCC(O)c2ccc3c(c2)OCCO3)C1,True,3.1968000000000014,-0.27732000000000046,0.48333333333333334,False,True
3.0,bin,15,0.4522000253200531,0.39010000228881836,0.5143000483512878,886334,COc1ccc(C(=O)N2CCCC(C(=O)N3CCCCC3)C2)c(O)c1,2.2655000000000003,Cc1ccccc1C(=O)N1CCCC(C(=O)N2CCC(C)C2O)C1,True,2.03402,-0.23148000000000035,0.41935483870967744,False,True
3.0,bin,15,0.4522000253200531,0.39010000228881836,0.5143000483512878,887387,COCCNC(=O)N(Cc1cccc(F)c1)CC1CCCO1,2.1627,CCNC(=O)N(Cc1ccc(OCC(F)F)cc1)CC1CCCO1,True,3.041000000000002,0.8783000000000021,0.4927536231884058,False,True
3.0,bin,15,0.4522000253200531,0.39010000228881836,0.5143000483512878,889149,N#Cc1ccc(NC(=O)c2ccc(Br)cc2Cl)nc1,3.621480000000001,O=C(Nc1ccc(Cl)c(Cl)n1)c1ccc(F)c(F)c1,True,3.9189000000000007,0.2974199999999998,0.288135593220339,False,True
3.0,bin,15,0.4522000253200531,0.39010000228881836,0.5143000483512878,913483,O=C(CNC(=O)NCCc1c(Cl)cccc1Cl)NC1CC1,2.1137000000000006,O=C(Cl)CNC(=O)C1CC1Cl,True,0.49530000000000013,-1.6184000000000005,0.2,False,True
3.0,bin,15,0.4522000253200531,0.39010000228881836,0.5143000483512878,917620,C=CCN(Cc1ccccc1OC)C(=O)c1csc(C)n1,3.288520000000002,CCCN(Cc1cc(OC)ccc1OC)C(=O)c1csc(C)n1,True,3.5211200000000025,0.23260000000000058,0.559322033898305,False,True
3.0,bin,15,0.4522000253200531,0.39010000228881836,0.5143000483512878,918312,CCOc1ccc(Cl)c(C(=O)N2CCN(c3ncccn3)CC2)n1,1.8860999999999997,CCSc1cc(Cl)cc(C(=O)N2CCN(c3ncccn3)CC2)n1,True,2.5994,0.7133000000000005,0.48333333333333334,False,True
3.0,bin,15,0.4522000253200531,0.39010000228881836,0.5143000483512878,922879,CC(=O)c1ccc(N2CCN(Cc3c(F)cccc3F)CC2)cc1,3.489600000000003,CC1CN(Cc2c(F)cccc2Cl)CCN1C1=CC=C(F)C1,True,4.126200000000003,0.6366000000000005,0.32786885245901637,False,True
3.0,bin,15,0.4522000253200531,0.39010000228881836,0.5143000483512878,927535,COc1cc(CN2CCN(c3ccccc3F)CC2)ccc1O,2.862100000000002,Fc1ccccc1CN1CCN(c2cccc(F)c2F)CC1,True,3.4261000000000026,0.5640000000000005,0.4230769230769231,False,True
3.0,bin,15,0.4522000253200531,0.39010000228881836,0.5143000483512878,927567,Cc1ccccc1N1CCN(Cc2cccc(O)c2)CC1,3.022820000000001,Oc1cc(N2CCN(Cc3cccc(Cl)c3)CC2)ccc1F,True,3.5069000000000026,0.4840800000000014,0.41509433962264153,False,True
3.0,bin,15,0.4522000253200531,0.39010000228881836,0.5143000483512878,938108,CC(c1ccccc1)N(C)C(=O)CCC(=O)Nc1nccs1,3.0814000000000012,C=C(C)N(Cc1cccc(F)c1)C(=O)CCC(=O)Nc1nccs1,True,3.5633000000000017,0.48190000000000044,0.484375,False,True
3.0,bin,15,0.4522000253200531,0.39010000228881836,0.5143000483512878,943303,CN(CCCOc1ccccc1)C(=O)Nc1cccc2c1OCCO2,3.390600000000002,C=CC=CC=COCCCN(C)C(=O)NC(=C)c1cccc2c1OCCO2,True,3.7325000000000026,0.34190000000000076,0.4714285714285714,False,True
3.0,bin,15,0.4522000253200531,0.39010000228881836,0.5143000483512878,946289,CC(NC(=O)C1(c2cc(-c3ccco3)on2)CC1)c1ccccc1,3.843600000000002,CC=CC(F)=CC(C)N(C)C(=O)C(C)c1cc(-c2ccco2)on1,True,4.314500000000003,0.4709000000000012,0.3424657534246575,False,True
3.0,bin,15,0.4522000253200531,0.39010000228881836,0.5143000483512878,994077,Cc1nnc(Cn2c(-c3cccc(Br)c3)noc2=O)o1,2.0055199999999997,CC=NN=CCn1c(-c2ccc(Br)cc2F)noc1=O,True,2.4814000000000007,0.47588000000000097,0.35384615384615387,False,True
3.0,bin,15,0.4522000253200531,0.39010000228881836,0.5143000483512878,1065620,O=C(NCc1cccnc1Oc1ccccc1)c1cccnc1,3.198900000000002,CCN(Cc1ccccc1)C(=O)c1cccnc1Oc1cccc(O)c1,True,4.241800000000005,1.042900000000003,0.3235294117647059,False,True
3.0,bin,15,0.4522000253200531,0.39010000228881836,0.5143000483512878,1093926,CN(C(=O)CNc1cccc(OCC2CCCO2)c1)c1ccccc1,3.319300000000002,CCN(CC(=O)Nc1cccc(OCC2CCCO2)c1)c1ccc(F)cc1,True,3.848500000000003,0.5292000000000012,0.5507246376811594,False,True
3.0,bin,15,0.4522000253200531,0.39010000228881836,0.5143000483512878,1107920,CCc1ccc(-n2cc(C(=O)NC(C)c3ccccc3)nn2)cc1,3.320700000000002,CCCc1ccc(C(C)NC(=O)c2cn(-c3ccccc3)nn2)cc1,True,3.7108000000000025,0.39010000000000034,0.7647058823529411,False,True
3.0,bin,15,0.4522000253200531,0.39010000228881836,0.5143000483512878,1113130,CC(NC(=O)Cn1nnnc1C(C)(C)C)c1cccc2ccccc12,3.0012000000000016,CCC(C)(C)c1nnnn1CC(=O)NC(=Cc1ccccc1)CC(C)C,True,3.5641000000000025,0.5629000000000008,0.44776119402985076,False,True
3.0,bin,15,0.4522000253200531,0.39010000228881836,0.5143000483512878,1121751,COC(=O)Cn1ccc(NS(=O)(=O)c2ccc(F)c(F)c2F)n1,1.2742,COC(=O)Cn1ccc(NS(=O)(=O)c2ccc(C(F)(F)F)cc2)n1,True,1.8757000000000001,0.6015000000000001,0.6,False,True
3.0,bin,15,0.4522000253200531,0.39010000228881836,0.5143000483512878,1142531,CCOC(C)C(=O)NCCc1csc(-c2ccc(C)cc2)n1,3.2022200000000014,CCN(CC)C(=O)NCCc1csc(-c2ccc(Cl)cc2)n1,True,4.057400000000003,0.8551800000000016,0.5084745762711864,False,True
3.0,bin,15,0.4522000253200531,0.39010000228881836,0.5143000483512878,1212157,CN(Cc1ccc(F)c(F)c1)C(=O)c1cncc(-c2cnn(C)c2)c1,3.0325000000000015,CCNC=C(C=N)c1cncc(C(=O)N(C)C(C)c2ccc(F)cc2)c1,True,3.653870000000003,0.6213700000000015,0.2692307692307692,False,True
3.0,bin,15,0.4522000253200531,0.39010000228881836,0.5143000483512878,1215394,CCn1nc(C)cc1C(=O)Oc1cccc(NC(=O)C(C)C)c1,3.025120000000001,CCn1nc(C(C)C)cc1C(=O)Oc1cc(F)ccc1F,True,3.5238000000000023,0.4986800000000011,0.4426229508196721,False,True
3.0,bin,15,0.4522000253200531,0.39010000228881836,0.5143000483512878,1232922,CC(C)(C)OC(=O)NC1CCCN(S(=O)(=O)N2CCOCC2)C1,0.5525000000000011,CCCCC1CCC(NS(=O)(=O)N2CCOC(C(C)=O)C2)C1,True,1.4694999999999998,0.9169999999999987,0.2714285714285714,False,True
3.0,bin,15,0.4522000253200531,0.39010000228881836,0.5143000483512878,1238973,FC(F)(F)c1cnc(N2CCn3c(nnc3C3CC3)C2)c(Cl)c1,3.2429000000000023,ClC(Cl)(Cl)c1ccc(N2CCn3c(nnc3C3CC3)C2)nc1,True,3.397400000000002,0.15449999999999964,0.5535714285714286,False,True
3.0,bin,15,0.4522000253200531,0.39010000228881836,0.5143000483512878,1299495,Cc1cc(CC(=O)N2CCCC2C(C#N)c2ccccc2)no1,2.823900000000001,CCC(C)C(CC(=O)N1CCCC1c1ccon1)C1=CC=C(C)C1,True,4.6669000000000045,1.8430000000000035,0.27710843373493976,False,True
3.0,bin,15,0.4522000253200531,0.39010000228881836,0.5143000483512878,1309906,CC(C)CC(NC(=O)c1cc(=O)c2ccccc2o1)C(=O)OC(C)C,2.8891000000000018,CC(C=O)SCOCC(F)(F)F,True,1.8434,-1.0457000000000019,0.14516129032258066,False,True
3.0,bin,15,0.4522000253200531,0.39010000228881836,0.5143000483512878,1362816,COCc1cccc(C(=O)NC2CC2c2cccc(Cl)c2)c1,3.772300000000002,O=C(NC1CC1c1ccc(Cl)c(Cl)c1)c1cccc(F)c1,True,4.418400000000002,0.6460999999999997,0.5,False,True
3.0,bin,15,0.4522000253200531,0.39010000228881836,0.5143000483512878,1441838,COCC(=O)NC(C(=O)Nc1cccc(-c2nccs2)c1)C(C)C,2.5358,CCCNC(=O)NC(C)c1cccc(-c2nccs2)c1,True,3.580300000000002,1.044500000000002,0.47692307692307695,False,True
3.0,bin,15,0.4522000253200531,0.39010000228881836,0.5143000483512878,1450449,CCCNC(=O)CSc1nc2c(cc1C#N)CCCC2,2.450380000000001,C=C(C)CSc1ncc(CCC)cc1C#N,True,3.5739800000000024,1.1236000000000015,0.3333333333333333,False,True
3.0,bin,15,0.4522000253200531,0.39010000228881836,0.5143000483512878,1451910,O=S(=O)(NCc1nnc2ccccn12)c1ccc(F)c(F)c1,1.4859999999999995,CCCc1ccc(S(=O)(=O)NCc2nnc3ccccn23)cc1,True,2.1603000000000003,0.6743000000000008,0.6346153846153846,False,False
3.0,bin,15,0.4522000253200531,0.39010000228881836,0.5143000483512878,1479798,Cc1nc(C)c(CCC(=O)N(CC(C)C)CC(F)(F)F)c(=O)[nH]1,2.3662400000000003,CCC(C)CCN(CC(C)C)C(=O)CCc1c(C)nc(C)[nH]c1=O,True,3.240140000000001,0.8739000000000008,0.6666666666666666,False,True
3.0,bin,15,0.4522000253200531,0.39010000228881836,0.5143000483512878,1507926,COC(=O)C(C)NC(=O)Cc1csc(-c2ccccc2Cl)n1,2.6837,CCN(CC)C(=O)CCc1csc(-c2ccccc2O)n1,True,3.316700000000002,0.6330000000000022,0.3492063492063492,False,True
3.0,bin,15,0.4522000253200531,0.39010000228881836,0.5143000483512878,1527882,Nc1ncccc1C(=O)Nc1ccc2cn[nH]c2c1,1.7923999999999998,C=CCNc1cccc(C(=O)Nc2ccc3[nH]ncc3c2)c1N,True,2.9952999999999994,1.2028999999999996,0.47619047619047616,False,True
3.0,bin,15,0.4522000253200531,0.39010000228881836,0.5143000483512878,1532848,COc1ccc(-c2ccc3c(=O)[nH]cnc3c2)cc1Cl,3.2521000000000013,O=c1[nH]cnc2ccc(C=C3C=C=CC=C3OCF)c(Cl)c12,True,3.5123000000000015,0.2602000000000002,0.2647058823529412,False,True
3.0,bin,15,0.4522000253200531,0.39010000228881836,0.5143000483512878,1548351,COc1cc(OC)c2c(c1)C(c1cnccn1)NCC2,1.7288999999999999,Fc1cc2c(cc1OC(F)F)C(c1cnccn1)NCC2,True,2.4522000000000004,0.7233000000000005,0.46551724137931033,False,True
3.0,bin,15,0.4522000253200531,0.39010000228881836,0.5143000483512878,1570134,COc1cccc(C(C)N2CCN(C(=O)c3ccc(O)cc3)CC2)c1,2.9198000000000013,CC(c1cccc(F)c1)N1CCN(C(=O)c2cccc(C#N)c2)CC1,True,3.216380000000002,0.2965800000000005,0.48333333333333334,False,True
3.0,bin,15,0.4522000253200531,0.39010000228881836,0.5143000483512878,1611406,CC(C)(C)N1CC(NC(=O)C2COc3ccc(F)cc3C2)CC1=O,1.8923999999999994,O=C1CCc2cc(F)ccc2CC2C(CCC(F)(F)F)OCCN12,True,3.252900000000002,1.3605000000000027,0.2727272727272727,False,True
3.0,bin,15,0.4522000253200531,0.39010000228881836,0.5143000483512878,1612684,CCCC1CN(C(=O)Nc2ccn(CCC(C)C)n2)CCO1,2.9620000000000015,CC(C)CCCCC1CN(C(=O)Nc2ccn(C(C)C)n2)CCO1,True,3.9131000000000027,0.9511000000000012,0.6451612903225806,False,True
3.0,bin,15,0.4522000253200531,0.39010000228881836,0.5143000483512878,1639675,CCC(CC)c1nnc(NC(=O)c2scnc2C2CC2)s1,4.0279000000000025,CC1=S(CSCC(C)C)C1NC(=O)c1scnc1CC1CC1=N,True,3.6026700000000016,-0.4252300000000009,0.3013698630136986,False,True
3.0,bin,15,0.4522000253200531,0.39010000228881836,0.5143000483512878,1675660,COc1ccnc(NC(=O)c2cccc(Cl)c2)c1,2.9959000000000007,O=C(Nc1ccccn1)c1ccc(Br)c(F)c1F,True,3.374600000000001,0.37870000000000026,0.27586206896551724,False,True
3.0,bin,15,0.4522000253200531,0.39010000228881836,0.5143000483512878,1689728,CCc1noc(CSc2ncnc3sc(C)cc23)n1,3.237420000000002,CC(C)(C)c1noc(SCc2ncnc3sccc23)n1,True,3.664100000000002,0.42668000000000017,0.2835820895522388,False,True
3.0,bin,15,0.4522000253200531,0.39010000228881836,0.5143000483512878,1720876,CC(C)(C)CC(=O)NCC(=O)Nc1ccc2c(c1)COC2,2.2077,CC(OCC(F)(F)F)C(=O)Nc1ccc2c(c1)COC2,True,2.622700000000001,0.4150000000000009,0.4727272727272727,False,False
3.0,bin,15,0.4522000253200531,0.39010000228881836,0.5143000483512878,1757109,CC(C)Cc1ncc(CNc2ccc3c(c2)COC3)s1,3.983900000000003,CC1=S(CC(F)(F)F)C(CNc2cccc(COC(C)C)c2)=N1,True,4.416600000000003,0.43270000000000053,0.20270270270270271,False,True
3.0,bin,15,0.4522000253200531,0.39010000228881836,0.5143000483512878,1774061,O=C1NCCCc2[nH]c(-c3cccc4[nH]ccc34)nc21,2.234,CCn1c(=O)c(-c2nc3c([nH]2)CCCN3C2CC2)cc2ccccc21,True,3.326500000000002,1.092500000000002,0.25,False,True
3.0,bin,15,0.4522000253200531,0.39010000228881836,0.5143000483512878,1800687,Cc1nn(C)c(-c2nc(-c3cccnn3)no2)c1Cl,1.8889199999999997,Fc1ccc(-c2noc(-n3ccc(C(F)(F)F)n3)n2)nn1,True,1.8701999999999992,-0.018720000000000514,0.2698412698412698,False,True
3.0,bin,15,0.4522000253200531,0.39010000228881836,0.5143000483512878,1815867,FC(F)(F)c1ccc(CN2CCOCC2c2ncon2)cc1,2.661900000000001,Clc1ccc(CN2CCOCC2c2ncon2)c(Cl)c1,True,2.9499000000000013,0.28800000000000026,0.5892857142857143,False,True
3.0,bin,15,0.4522000253200531,0.39010000228881836,0.5143000483512878,1828580,Cc1ccc(N2CC3OCC(=O)N(Cc4cccc(F)c4)C3C2)nn1,1.54032,C=CC=CCN(C(C)C)C1CC2C(OCCN2c2ccc(F)nn2)O1,True,2.346,0.8056800000000002,0.1956521739130435,False,True
3.0,bin,15,0.4522000253200531,0.39010000228881836,0.5143000483512878,1836183,CCc1ccc(C(=O)NCc2nccc(N(C)C)n2)cc1,2.035,CCN(CC)c1cc(C(=O)NCc2nccc(C)n2)ccc1OC,True,2.569820000000001,0.5348200000000007,0.4426229508196721,False,True
3.0,bin,15,0.4522000253200531,0.39010000228881836,0.5143000483512878,1842499,COc1ccccc1COc1ccccc1-c1cnn(CCO)c1,3.1300000000000017,CN1C=C(c2ccccc2OCc2c(F)cc(F)cc2F)CN=N1,True,4.336400000000004,1.2064000000000021,0.2878787878787879,False,True
3.0,bin,15,0.4522000253200531,0.39010000228881836,0.5143000483512878,1865564,COC(CNC(=O)c1ccoc1)c1cccc(F)c1,2.536200000000001,O=C(NCCc1ccc(Br)cc1)c1ccoc1,True,3.0146000000000015,0.4784000000000006,0.3684210526315789,False,True
3.0,bin,15,0.4522000253200531,0.39010000228881836,0.5143000483512878,1868773,CCCOc1ccc(Cl)c2c1CCNC2C1CC(=O)C1,3.2947000000000015,CC(C)(Cl)CC1C=CC(F)=CC2=CCCNC2CC(=O)C1,True,4.0709000000000035,0.776200000000002,0.21621621621621623,False,True
3.0,bin,15,0.4522000253200531,0.39010000228881836,0.5143000483512878,1873123,CCC1OC(=O)c2c(OC)ccc(Br)c21,3.079200000000002,CCOc1cc(Br)cc(Br)c1OC(=O)CC,True,3.9257000000000017,0.8464999999999998,0.2037037037037037,False,True
3.0,bin,15,0.4522000253200531,0.39010000228881836,0.5143000483512878,1875028,Cc1cccc(C)c1NCC(=O)N1CCCC2CCCCC21,3.8965400000000034,O=C(CNc1cccc(C(F)(F)F)c1)N1CCCC2CCCCC21,True,4.298500000000003,0.4019599999999999,0.5849056603773585,False,True
3.0,bin,15,0.4522000253200531,0.39010000228881836,0.5143000483512878,1895921,CCC(CC)N(C)C(=O)CC1OC(=O)c2ccccc21,2.935200000000002,CCCCCCN(C)C(=O)CC1OC(=O)c2ccccc21,True,3.326900000000002,0.39170000000000016,0.6122448979591837,False,True
3.0,bin,15,0.4522000253200531,0.39010000228881836,0.5143000483512878,1907077,Cc1ccc2[nH]nc(C(=O)Nc3nc(-c4ccco4)cs3)c2c1,3.8401200000000015,CC(C)N1C(=O)C=NNC=Cc2cc(F)cc(c2)N=C2SC=CN21,True,3.044900000000001,-0.7952200000000005,0.0967741935483871,False,True
3.0,bin,15,0.4522000253200531,0.39010000228881836,0.5143000483512878,1913063,Cc1nn(C)c(C)c1CN(C(=O)c1cn2cccc(C)c2n1)C1CC1,2.797860000000001,CCNN=C(C)C1CCCCN(CCc2cn3cccc(C)c3n2)C1=O,True,2.7993200000000007,0.0014599999999997948,0.3253012048192771,False,True
3.0,bin,15,0.4522000253200531,0.39010000228881836,0.5143000483512878,1922265,CN(CCNC(=O)c1ccc2c(c1)ncn2C)c1ccccc1,2.4395000000000007,CCN(CCNC(=O)c1ccc2c(c1)ncn2C)c1ccccc1,True,2.829600000000001,0.39010000000000034,0.7884615384615384,False,True
3.0,bin,16,0.5795501172542572,0.5143000483512878,0.6448001861572266,32052,COc1ccccc1CNC(=O)Cc1c[nH]c2ccccc12,3.035400000000001,CC(NC(=O)Cc1c[nH]c2ccccc12)c1ccc(F)c(F)c1,True,3.8660000000000023,0.8306000000000013,0.46551724137931033,False,True
3.0,bin,16,0.5795501172542572,0.5143000483512878,0.6448001861572266,116747,COCCSc1ccccc1C(=O)Nc1cccc(C)n1,3.3808200000000017,COc1cccc(NC(=O)c2cc(SC)ccc2Cl)n1,True,3.717800000000002,0.3369800000000005,0.39344262295081966,False,True
3.0,bin,16,0.5795501172542572,0.5143000483512878,0.6448001861572266,131060,CS(=O)(=O)NCCc1csc(-c2ccc(F)cc2)n1,2.0408999999999997,CC(=O)NCCCc1csc(-c2ccc(F)cc2)n1,True,3.017900000000001,0.9770000000000012,0.5918367346938775,False,True
3.0,bin,16,0.5795501172542572,0.5143000483512878,0.6448001861572266,131949,CCc1c(C)nc(SCC(=O)NC(C)C)[nH]c1=O,1.25742,CC1=C(SCC(=O)N(CC(C)C#N)C(C)C)NC(=O)NC1C,True,2.04908,0.79166,0.19718309859154928,False,True
3.0,bin,16,0.5795501172542572,0.5143000483512878,0.6448001861572266,158879,COc1ccc(CC(=O)OCC(=O)c2c[nH]c3ccccc23)cc1,3.145100000000001,O=C(Cc1c(F)cccc1Cl)OCC(=O)c1c[nH]c2ccccc12,True,3.929000000000002,0.7839000000000009,0.5614035087719298,False,True
3.0,bin,16,0.5795501172542572,0.5143000483512878,0.6448001861572266,232056,COCCNC(=O)c1cc(=O)c2cc(C)ccc2o1,1.4776199999999993,CCCCNC(=O)c1cc(=O)c2cc(OC)ccc2o1,True,2.3315,0.8538800000000009,0.5961538461538461,False,True
3.0,bin,16,0.5795501172542572,0.5143000483512878,0.6448001861572266,235788,O=C(Cn1nc(-c2ccco2)oc1=O)NCC(F)(F)F,0.7747999999999999,O=C(Cn1nc(-c2ccco2)oc1=O)CC(F)(F)F,True,1.6178000000000001,0.8430000000000002,0.7,False,True
3.0,bin,16,0.5795501172542572,0.5143000483512878,0.6448001861572266,236081,CC(=O)c1c(C)[nH]c(C(=O)CSc2nc(C(C)C)n[nH]2)c1C,3.0506400000000014,CCC(CC)c1n[nH]c(SC(C)C(=O)c2[nH]c(C)c(C)c2C)n1,True,4.325160000000003,1.2745200000000017,0.4166666666666667,False,True
3.0,bin,16,0.5795501172542572,0.5143000483512878,0.6448001861572266,281081,O=C(Cn1cccn1)NCc1cccnc1Oc1ccc(F)cc1F,2.665000000000001,CC(=CC=C(F)C=CF)NC(=O)Cn1cccc1Cn1cccn1,True,3.089500000000002,0.424500000000001,0.2839506172839506,False,True
3.0,bin,16,0.5795501172542572,0.5143000483512878,0.6448001861572266,284170,COc1ccc(-c2nc(CC(=O)Nc3cccc(C)n3)cs2)cc1,3.7033200000000024,CCc1cccc(C)c1NC(=O)Cc1csc(-c2ccc(F)cc2)n1,True,5.001220000000004,1.297900000000002,0.532258064516129,False,True
3.0,bin,16,0.5795501172542572,0.5143000483512878,0.6448001861572266,288369,Cc1ccc(NCc2nnc3n2CCCCC3)cc1C,3.2334400000000016,Clc1ccc(NCc2nnc3n2CCCCC3)c(Cl)c1,True,3.9234000000000027,0.689960000000001,0.5576923076923077,False,True
3.0,bin,16,0.5795501172542572,0.5143000483512878,0.6448001861572266,302889,COc1ccc(OC)c(NC(=O)CCNC(=O)c2cccs2)c1,2.5239000000000003,O=C(CCNC(=O)c1cccs1)Nc1ccc(Cl)cc1,True,3.160100000000001,0.6362000000000005,0.5272727272727272,False,False
3.0,bin,16,0.5795501172542572,0.5143000483512878,0.6448001861572266,327141,COc1ccc(OC)c(S(=O)(=O)Nc2ccn(C)n2)c1,1.2381,Cn1ccc(NS(=O)(=O)c2ccccc2Br)n1,True,1.9833999999999998,0.7452999999999999,0.5208333333333334,False,False
3.0,bin,16,0.5795501172542572,0.5143000483512878,0.6448001861572266,327382,CNC(=O)C1CN(C(=O)c2c(C)noc2C)c2ccccc2O1,1.4452399999999996,Cc1noc(C)c1C(=O)N1CC(C)Oc2ccc(N)cc21,True,2.3013399999999997,0.8561000000000001,0.5333333333333333,False,True
3.0,bin,16,0.5795501172542572,0.5143000483512878,0.6448001861572266,406491,COCCNC(=O)C1CCCN(S(=O)(=O)N2CCOCC2)C1,-0.9619999999999964,COC(=O)C1CCN(S(=O)(=O)N2CC(C)OCC2C)CC1,True,0.2254000000000007,1.1873999999999971,0.31746031746031744,False,True
3.0,bin,16,0.5795501172542572,0.5143000483512878,0.6448001861572266,413951,O=C(Cn1ncn2cccc2c1=O)N1CCCCCC1,0.8985999999999996,Cc1cccn2c(=O)n(CC(=O)N3CCCCCC3)nc12,True,1.2070199999999995,0.3084199999999999,0.49056603773584906,False,True
3.0,bin,16,0.5795501172542572,0.5143000483512878,0.6448001861572266,427929,CCNc1nc(NCc2ccccc2Cl)c2cnn(C)c2n1,3.060600000000001,CCC(C)Nc1nc(NCc2ccccc2)c2cnn(CC)c2n1,True,3.668700000000002,0.6081000000000012,0.40625,False,True
3.0,bin,16,0.5795501172542572,0.5143000483512878,0.6448001861572266,447130,CCC(NC(=O)C1CCN(C(=O)C2CC2)CC1)c1ccc(C)cc1,3.2109200000000016,CC(C)CC(NC(=O)C1CCN(C(=O)C2CC2)CC1)c1ccc(F)cc1,True,3.6777000000000024,0.46678000000000086,0.6346153846153846,False,True
3.0,bin,16,0.5795501172542572,0.5143000483512878,0.6448001861572266,481908,CCNS(=O)(=O)c1ccc(C)c(C(=O)Nc2ncccc2C)c1,2.24894,CCC(=O)Nc1ccc(F)c(C(=O)Nc2cccc(C)n2)c1,True,3.129920000000001,0.880980000000001,0.2608695652173913,False,True
3.0,bin,16,0.5795501172542572,0.5143000483512878,0.6448001861572266,485220,Cc1nn(CC(=O)N2CCN(C)CC2)c(C)c1Br,1.03644,CC=NN(CC(=O)N1CCN(C)CC1C)CC(C)=CBr,True,1.7553000000000003,0.7188600000000003,0.20634920634920634,False,True
3.0,bin,16,0.5795501172542572,0.5143000483512878,0.6448001861572266,526363,Cc1nnc(SCC(=O)Nc2ccc(O)cc2)n(N)c1=O,0.09692,COCCNC(C)=NN=C(C=O)SCC(=O)Nc1ccccc1,True,1.5250999999999995,1.4281799999999993,0.2361111111111111,False,True
3.0,bin,16,0.5795501172542572,0.5143000483512878,0.6448001861572266,536853,COc1ccc(C2CCCN2C(=O)C2CCC2)c(OC)c1,3.1674000000000015,O=C(C1CCC1)N1CCCC1c1cccc(Cl)c1,True,3.803600000000003,0.6362000000000014,0.5,False,True
3.0,bin,16,0.5795501172542572,0.5143000483512878,0.6448001861572266,540312,Cc1nn(C)c2nc(C3CC3)cc(C(=O)NCC(=O)NC(C)(C)C)c12,1.7986199999999997,C=C(C)CN(CC)C(=O)c1cc(C2CC2)nc2c1c(C)nn2C,True,3.1923200000000014,1.3937000000000017,0.5230769230769231,False,True
3.0,bin,16,0.5795501172542572,0.5143000483512878,0.6448001861572266,544381,Cc1nc(N2CCCC(C(=O)NC(C)C)C2)c2c(C)c(C)oc2n1,2.8890600000000006,Cc1nc(N2CCCCC2)c2oc(C)c(Br)c2n1,True,3.5924400000000025,0.7033800000000019,0.2857142857142857,False,True
3.0,bin,16,0.5795501172542572,0.5143000483512878,0.6448001861572266,544382,CCCNC(=O)C1CCCN(c2nc(C)nc3oc(C)c(C)c23)C1,2.8906600000000013,CCCc1nc(CCC)c2c(C(=O)N3CCCC3)c(C)oc2n1,True,3.672220000000003,0.7815600000000016,0.30985915492957744,False,True
3.0,bin,16,0.5795501172542572,0.5143000483512878,0.6448001861572266,550049,Cc1ccc(C)c(OCC(=O)Nc2cccc(-n3cnnc3)c2)c1,2.9016400000000013,CCCN1CC=CC=CCc2c(cccc2-n2cnnc2)OC(C)C1=O,True,2.941700000000001,0.04005999999999954,0.18518518518518517,False,True
3.0,bin,16,0.5795501172542572,0.5143000483512878,0.6448001861572266,573533,Cc1nn(-c2ncc(C(F)(F)F)cc2Cl)c(=O)o1,2.2011199999999995,CC(C)C=NN(C=O)c1ncc(C(F)(F)F)cc1Cl,True,3.3584000000000023,1.1572800000000028,0.3448275862068966,False,True
3.0,bin,16,0.5795501172542572,0.5143000483512878,0.6448001861572266,582555,O=C(NCC(O)c1ccccc1)c1ccc2c(=O)n3c(nc2c1)CCC3,1.8061000000000003,C=CC1CCc2nc3cc(C(=O)NCCC4=CC=CC4)ccc3c(=O)n21,True,3.0760000000000014,1.2699000000000011,0.36585365853658536,False,True
3.0,bin,16,0.5795501172542572,0.5143000483512878,0.6448001861572266,588547,Cc1n[nH]c(C)c1NC(=O)CCc1ccc(Cl)cc1Cl,3.9046400000000023,Cc1n[nH]c(C)c1NC(=O)CC1=C(C(C)C)C(=CC=CCCl)CC1,True,4.8229400000000044,0.9183000000000021,0.34782608695652173,False,True
3.0,bin,16,0.5795501172542572,0.5143000483512878,0.6448001861572266,607673,CCCN(CC1CC1)S(=O)(=O)c1ccccc1F,2.636400000000001,CCCN(CC1CC1)S(=O)(=O)c1ccc(Cl)cc1F,True,3.2898000000000023,0.6534000000000013,0.6888888888888889,False,True
3.0,bin,16,0.5795501172542572,0.5143000483512878,0.6448001861572266,617681,Cc1cc(C(=O)Nc2nc(-c3ccncc3)cs2)nn1C(C)C,3.5432200000000016,Cc1cc(C(=O)Nc2nc(-c3ccncc3)cs2)nn1C(C)C(C)C,True,4.179320000000002,0.6361000000000008,0.8431372549019608,False,True
3.0,bin,16,0.5795501172542572,0.5143000483512878,0.6448001861572266,650267,COc1ccc2oc(C(=O)NC3CCCCNC3=O)c(C)c2c1,2.14832,CC1C=C(C(=O)NC2CCCCNC2=O)OC=CC=CC1,True,1.7814999999999999,-0.36682000000000015,0.4,False,True
3.0,bin,16,0.5795501172542572,0.5143000483512878,0.6448001861572266,668639,Cc1cc(NC(=O)c2ccccc2Cl)ncc1N,2.8779200000000005,Cc1cc(C)nc(NC(=O)c2cc(F)c(Br)cc2O)c1,True,3.557940000000001,0.6800200000000007,0.2833333333333333,False,True
3.0,bin,16,0.5795501172542572,0.5143000483512878,0.6448001861572266,673160,CCC(=O)Nc1ccc2oc(C(F)(F)F)cc(=O)c2c1,3.160300000000001,Cc1cccc2oc(C(=O)NC(C)C(F)(F)F)cc(=O)c12,True,2.782020000000001,-0.37828000000000017,0.2903225806451613,False,True
3.0,bin,16,0.5795501172542572,0.5143000483512878,0.6448001861572266,711169,Cc1cccc(C(C)C)c1NC(=O)N(C)Cc1ccncc1,4.177320000000003,CC(C)c1cccc(C(C)C)c1NC(=O)N(C)Cc1ccncc1,True,4.992300000000004,0.8149800000000011,0.8604651162790697,False,False
3.0,bin,16,0.5795501172542572,0.5143000483512878,0.6448001861572266,720969,Cc1noc(C)c1CCC(=O)OCC(=O)N1c2ccccc2CC1C,2.7450400000000013,C=C1CCc2onc(C)c2CCC(=O)OCC(=O)N2C=CC=C1C2(C)C,True,3.022120000000002,0.27708000000000066,0.14444444444444443,False,True
3.0,bin,16,0.5795501172542572,0.5143000483512878,0.6448001861572266,730789,COC(=O)C1CCN(C(=O)c2cc3ccc(F)cc3nc2C)CC1,2.7075200000000006,COC(=O)C1CCN(C(=O)c2cnc3c(C)cc(Cl)cc3c2)CC1,True,3.221820000000002,0.5143000000000013,0.4307692307692308,False,True
3.0,bin,16,0.5795501172542572,0.5143000483512878,0.6448001861572266,738178,Cc1ccc(-n2ccnc2SCc2nc(C3CC3)no2)cc1C,4.041840000000003,Clc1ccc(-n2ccnc2SCc2nc(C3CC3)no2)cc1Cl,True,4.731800000000002,0.6899599999999984,0.7592592592592593,False,True
3.0,bin,16,0.5795501172542572,0.5143000483512878,0.6448001861572266,771897,COc1ccccc1OCC(=O)N(C)Cc1sccc1C,3.102520000000002,CC=CC=C(F)OCC(=O)N(C)Cc1sccc1CF,True,3.579600000000003,0.47708000000000084,0.4032258064516129,False,True
3.0,bin,16,0.5795501172542572,0.5143000483512878,0.6448001861572266,811446,COC(=O)C1(NC(=O)c2cc(Br)c[nH]2)CCCCCC1,2.7730000000000006,CCCCC(NC(=O)c1cc(Br)cn1C)C(=O)OC(C)C,True,3.027800000000002,0.25480000000000125,0.18840579710144928,False,True
3.0,bin,16,0.5795501172542572,0.5143000483512878,0.6448001861572266,848291,CCC(C)NC(=O)NCc1noc(-c2cccs2)n1,2.3958000000000004,CC(C)CCN(C)C(=O)NCc1noc(-c2cccs2)n1,True,2.9856000000000016,0.5898000000000012,0.6101694915254238,False,True
3.0,bin,16,0.5795501172542572,0.5143000483512878,0.6448001861572266,863440,COc1ccc(-c2nc(CCCO)cs2)cc1OC,2.752200000000001,CCCc1ccc(-c2nc(CO)c(CC)s2)cc1N,True,3.3995000000000015,0.6473000000000004,0.2786885245901639,False,True
3.0,bin,16,0.5795501172542572,0.5143000483512878,0.6448001861572266,864663,N#Cc1ccc(-c2cc(F)ccc2F)nc1N1CCCC1,3.498680000000002,N#Cc1cc(-c2ccc(Br)cc2F)ccc1N1CCCC1,True,4.727080000000003,1.2284000000000006,0.38181818181818183,False,True
3.0,bin,16,0.5795501172542572,0.5143000483512878,0.6448001861572266,872100,CCc1cccc(C)c1NCC(O)c1ccc2c(c1)OCCO2,3.474120000000002,CCC(CNc1cc(C)cc(C)c1F)Oc1ccc2c(c1)OCCO2,True,4.483240000000004,1.009120000000002,0.3382352941176471,False,True
3.0,bin,16,0.5795501172542572,0.5143000483512878,0.6448001861572266,886334,COc1ccc(C(=O)N2CCCC(C(=O)N3CCCCC3)C2)c(O)c1,2.2655000000000003,CCc1ccc(C(=O)N2CCCC(C(=O)N3CCCCC3)C2)cc1,True,3.1137000000000015,0.8482000000000012,0.5,False,True
3.0,bin,16,0.5795501172542572,0.5143000483512878,0.6448001861572266,887387,COCCNC(=O)N(Cc1cccc(F)c1)CC1CCCO1,2.1627,CCCNC(=O)N(Cc1ccc(OC)cc1)CC1CCCO1,True,2.7958000000000016,0.6331000000000016,0.5714285714285714,False,False
3.0,bin,16,0.5795501172542572,0.5143000483512878,0.6448001861572266,889149,N#Cc1ccc(NC(=O)c2ccc(Br)cc2Cl)nc1,3.621480000000001,O=C(Nc1ccccn1)c1c(Cl)ccc(C(F)(F)F)c1Cl,True,4.659500000000001,1.0380200000000004,0.2698412698412698,False,True
3.0,bin,16,0.5795501172542572,0.5143000483512878,0.6448001861572266,913483,O=C(CNC(=O)NCCc1c(Cl)cccc1Cl)NC1CC1,2.1137000000000006,CCC(NC(=O)CNC(=O)NC(C)C1CC1C)C1=CC=CC=CC1,True,2.6674000000000007,0.5537000000000001,0.2318840579710145,False,True
3.0,bin,16,0.5795501172542572,0.5143000483512878,0.6448001861572266,917620,C=CCN(Cc1ccccc1OC)C(=O)c1csc(C)n1,3.288520000000002,C=C(C)CN(Cc1ccc(OC)cc1)C(=O)c1csc(C)n1,True,3.678620000000003,0.3901000000000012,0.48333333333333334,False,True
3.0,bin,16,0.5795501172542572,0.5143000483512878,0.6448001861572266,918312,CCOc1ccc(Cl)c(C(=O)N2CCN(c3ncccn3)CC2)n1,1.8860999999999997,CC(C)c1cc(Cl)cc(C(=O)N2CCN(c3ncccn3)CC2)n1,True,2.6108000000000002,0.7247000000000006,0.4576271186440678,False,True
3.0,bin,16,0.5795501172542572,0.5143000483512878,0.6448001861572266,922879,CC(=O)c1ccc(N2CCN(Cc3c(F)cccc3F)CC2)cc1,3.489600000000003,Fc1ccc(CN2CCN(c3ccc(C(F)(F)F)cc3)CC2)cc1,True,4.166700000000003,0.6771000000000003,0.37254901960784315,False,True
3.0,bin,16,0.5795501172542572,0.5143000483512878,0.6448001861572266,927535,COc1cc(CN2CCN(c3ccccc3F)CC2)ccc1O,2.862100000000002,Fc1ccc(N2CCN(Cc3c(F)cccc3F)CC2)cc1,True,3.4261000000000026,0.5640000000000005,0.3333333333333333,False,True
3.0,bin,16,0.5795501172542572,0.5143000483512878,0.6448001861572266,927567,Cc1ccccc1N1CCN(Cc2cccc(O)c2)CC1,3.022820000000001,Oc1c(F)cccc1CN1CCN(c2ccc(Cl)cc2)CC1,True,3.5069000000000026,0.4840800000000014,0.30357142857142855,False,True
3.0,bin,16,0.5795501172542572,0.5143000483512878,0.6448001861572266,938108,CC(c1ccccc1)N(C)C(=O)CCC(=O)Nc1nccs1,3.0814000000000012,CC(NC(=O)CCC(=O)N(C)c1nccs1)c1ccc(Cl)cc1,True,3.416900000000002,0.3355000000000006,0.43548387096774194,False,True
3.0,bin,16,0.5795501172542572,0.5143000483512878,0.6448001861572266,943303,CN(CCCOc1ccccc1)C(=O)Nc1cccc2c1OCCO2,3.390600000000002,CC1=CC=CC2=C(Cc3ccccc3C(C)N(C)C(=O)N1)OCCO2,True,3.6635000000000018,0.2728999999999999,0.14457831325301204,False,True
3.0,bin,16,0.5795501172542572,0.5143000483512878,0.6448001861572266,946289,CC(NC(=O)C1(c2cc(-c3ccco3)on2)CC1)c1ccccc1,3.843600000000002,C#CC=CC=CC1(C)CC2=C(CC(C(=O)N3CCCC3C)C2O)N1,True,2.1298,-1.7138000000000022,0.07446808510638298,False,True
3.0,bin,16,0.5795501172542572,0.5143000483512878,0.6448001861572266,994077,Cc1nnc(Cn2c(-c3cccc(Br)c3)noc2=O)o1,2.0055199999999997,CCCCC=NN=C(CN1CON=C1c1ccc(F)cc1)OO,True,2.841100000000001,0.8355800000000011,0.12048192771084337,False,True
3.0,bin,16,0.5795501172542572,0.5143000483512878,0.6448001861572266,1065620,O=C(NCc1cccnc1Oc1ccccc1)c1cccnc1,3.198900000000002,CC(NC(=O)c1cccnc1Oc1ccccc1)c1ccc(F)cn1,True,3.8990000000000027,0.7001000000000008,0.390625,False,True
3.0,bin,16,0.5795501172542572,0.5143000483512878,0.6448001861572266,1093926,CN(C(=O)CNc1cccc(OCC2CCCO2)c1)c1ccccc1,3.319300000000002,CC(Nc1cccc(F)c1)C(=O)N(C)c1cccc(OC2CCCO2)c1,True,3.804400000000003,0.485100000000001,0.38961038961038963,False,True
3.0,bin,16,0.5795501172542572,0.5143000483512878,0.6448001861572266,1107920,CCc1ccc(-n2cc(C(=O)NC(C)c3ccccc3)nn2)cc1,3.320700000000002,Cc1cc(C(C)C)ccc1C(C)NC(=O)c1cn(-c2ccccc2)nn1,True,4.190120000000002,0.8694199999999999,0.5689655172413793,False,True
3.0,bin,16,0.5795501172542572,0.5143000483512878,0.6448001861572266,1113130,CC(NC(=O)Cn1nnnc1C(C)(C)C)c1cccc2ccccc12,3.0012000000000016,CCC(CC)n1nnnc1C(C)(C)NC(=O)Cc1ccc2ccccc2c1,True,3.7814000000000023,0.7802000000000007,0.37681159420289856,False,True
3.0,bin,16,0.5795501172542572,0.5143000483512878,0.6448001861572266,1121751,COC(=O)Cn1ccc(NS(=O)(=O)c2ccc(F)c(F)c2F)n1,1.2742,COC(=O)Cn1ccc(NS(=O)(=O)c2ccc(Cl)cc2C)n1,True,1.8187200000000001,0.5445200000000001,0.6666666666666666,False,True
3.0,bin,16,0.5795501172542572,0.5143000483512878,0.6448001861572266,1142531,CCOC(C)C(=O)NCCc1csc(-c2ccc(C)cc2)n1,3.2022200000000014,C=CC(C)N(C(=O)NCC(S)N=Cc1ccc(C)c(C)c1)C(C)C,True,3.9727400000000026,0.7705200000000012,0.16049382716049382,False,True
3.0,bin,16,0.5795501172542572,0.5143000483512878,0.6448001861572266,1212157,CN(Cc1ccc(F)c(F)c1)C(=O)c1cncc(-c2cnn(C)c2)c1,3.0325000000000015,CC(c1ccc(Cl)cc1)N(C)C(=O)c1cncc(-c2cn[nH]c2)c1,True,3.958300000000002,0.9258000000000006,0.323943661971831,False,True
3.0,bin,16,0.5795501172542572,0.5143000483512878,0.6448001861572266,1215394,CCn1nc(C)cc1C(=O)Oc1cccc(NC(=O)C(C)C)c1,3.025120000000001,CCn1nc(C(C)C)cc1C(=O)Oc1cccc(C(=O)OC(C)C)c1,True,3.810800000000003,0.7856800000000019,0.5166666666666667,False,True
3.0,bin,16,0.5795501172542572,0.5143000483512878,0.6448001861572266,1232922,CC(C)(C)OC(=O)NC1CCCN(S(=O)(=O)N2CCOCC2)C1,0.5525000000000011,CCC12CCCN(S(=O)(=O)NCC(F)(F)F)C1COCCNC2,True,0.8636999999999997,0.3111999999999986,0.19480519480519481,False,True
3.0,bin,16,0.5795501172542572,0.5143000483512878,0.6448001861572266,1238973,FC(F)(F)c1cnc(N2CCn3c(nnc3C3CC3)C2)c(Cl)c1,3.2429000000000023,ClCl,True,1.379,-1.8639000000000023,0.021739130434782608,False,True
3.0,bin,16,0.5795501172542572,0.5143000483512878,0.6448001861572266,1299495,Cc1cc(CC(=O)N2CCCC2C(C#N)c2ccccc2)no1,2.823900000000001,CC1=CCC2CCCN2C(=O)C(C#N)c2ccc(C)c(C)c2NO1,True,3.552620000000002,0.7287200000000009,0.2,False,True
3.0,bin,16,0.5795501172542572,0.5143000483512878,0.6448001861572266,1309906,CC(C)CC(NC(=O)c1cc(=O)c2ccccc2o1)C(=O)OC(C)C,2.8891000000000018,CCC1(CCCN(C)C(=O)c2oc3ccccc3c2Br)C=N1,True,4.280700000000004,1.3916000000000022,0.24324324324324326,False,True
3.0,bin,16,0.5795501172542572,0.5143000483512878,0.6448001861572266,1362816,COCc1cccc(C(=O)NC2CC2c2cccc(Cl)c2)c1,3.772300000000002,O=C(NC1CC1c1ccccc1C(F)F)c1ccccc1Cl,True,4.563500000000003,0.7912000000000008,0.30303030303030304,False,True
3.0,bin,16,0.5795501172542572,0.5143000483512878,0.6448001861572266,1441838,COCC(=O)NC(C(=O)Nc1cccc(-c2nccs2)c1)C(C)C,2.5358,CCOC(CC)C(=O)NC(C)C(=O)Nc1cccc(-c2nccs2)c1,True,3.0684000000000005,0.5326000000000004,0.5846153846153846,False,True
3.0,bin,16,0.5795501172542572,0.5143000483512878,0.6448001861572266,1450449,CCCNC(=O)CSc1nc2c(cc1C#N)CCCC2,2.450380000000001,CCc1cnc(SCC(=O)NCCC(C)C)c(C#N)c1,True,2.770080000000001,0.3197000000000001,0.4603174603174603,False,True
3.0,bin,16,0.5795501172542572,0.5143000483512878,0.6448001861572266,1451910,O=S(=O)(NCc1nnc2ccccn12)c1ccc(F)c(F)c1,1.4859999999999995,O=S(=O)(NCc1nnc2ccccn12)c1ccc(C(F)(F)F)cc1,True,2.2265999999999995,0.7405999999999999,0.68,False,True
3.0,bin,16,0.5795501172542572,0.5143000483512878,0.6448001861572266,1479798,Cc1nc(C)c(CCC(=O)N(CC(C)C)CC(F)(F)F)c(=O)[nH]1,2.3662400000000003,CC=NC(C)=C(C=O)CCC(=O)N(CC(C)C)CC(F)(F)F,True,3.377100000000002,1.0108600000000019,0.4166666666666667,False,True
3.0,bin,16,0.5795501172542572,0.5143000483512878,0.6448001861572266,1507926,COC(=O)C(C)NC(=O)Cc1csc(-c2ccccc2Cl)n1,2.6837,CCOCCC(=O)Nc1nc(-c2ccccc2Cl)cs1,True,3.8286000000000024,1.1449000000000025,0.40625,False,True
3.0,bin,16,0.5795501172542572,0.5143000483512878,0.6448001861572266,1527882,Nc1ncccc1C(=O)Nc1ccc2cn[nH]c2c1,1.7923999999999998,CC1=NNC=Nc2ccc(NC(=O)c3cccnc3C)cc21,True,2.6293200000000008,0.836920000000001,0.375,False,True
3.0,bin,16,0.5795501172542572,0.5143000483512878,0.6448001861572266,1532848,COc1ccc(-c2ccc3c(=O)[nH]cnc3c2)cc1Cl,3.2521000000000013,O=c1[nH]cnc2ccc(-c3cc(Cl)cc(Cl)c3)cc12,True,3.8969000000000014,0.6448,0.48936170212765956,False,True
3.0,bin,16,0.5795501172542572,0.5143000483512878,0.6448001861572266,1548351,COc1cc(OC)c2c(c1)C(c1cnccn1)NCC2,1.7288999999999999,FC(F)Oc1cccc2c1C(c1cnccn1)NCC2,True,2.3130999999999995,0.5841999999999996,0.4,False,False
3.0,bin,16,0.5795501172542572,0.5143000483512878,0.6448001861572266,1570134,COc1cccc(C(C)N2CCN(C(=O)c3ccc(O)cc3)CC2)c1,2.9198000000000013,CC(c1ccc(O)cc1)N1CCN(C(=O)c2cccc(Cl)c2)CC1,True,3.564600000000002,0.6448000000000009,0.5849056603773585,False,True
3.0,bin,16,0.5795501172542572,0.5143000483512878,0.6448001861572266,1611406,CC(C)(C)N1CC(NC(=O)C2COc3ccc(F)cc3C2)CC1=O,1.8923999999999994,CCC(CC)N1CC(C(=O)NC2COc3ccc(F)cc3C2)CC1=O,True,2.2824999999999998,0.39010000000000034,0.5606060606060606,False,True
3.0,bin,16,0.5795501172542572,0.5143000483512878,0.6448001861572266,1612684,CCCC1CN(C(=O)Nc2ccn(CCC(C)C)n2)CCO1,2.9620000000000015,CCCCC1OCCN1C(=O)NC1=NCC(C)OC(C)CN(CC)C=C1,True,2.5858000000000008,-0.37620000000000076,0.27380952380952384,False,True
3.0,bin,16,0.5795501172542572,0.5143000483512878,0.6448001861572266,1639675,CCC(CC)c1nnc(NC(=O)c2scnc2C2CC2)s1,4.0279000000000025,CCC(CC)c1nnc(NC(=O)c2scnc2C(C)C2CC2)s1,True,4.664000000000003,0.6361000000000008,0.7169811320754716,False,True
3.0,bin,16,0.5795501172542572,0.5143000483512878,0.6448001861572266,1675660,COc1ccnc(NC(=O)c2cccc(Cl)c2)c1,2.9959000000000007,O=C(Nc1cccc(C(F)(F)F)n1)c1ccc(Cl)cc1,True,4.006100000000002,1.010200000000001,0.35185185185185186,False,True
3.0,bin,16,0.5795501172542572,0.5143000483512878,0.6448001861572266,1689728,CCc1noc(CSc2ncnc3sc(C)cc23)n1,3.237420000000002,Cc1nc(SC(C)C2CCCC=NO2)c2ccsc2n1,True,4.035220000000003,0.7978000000000014,0.16883116883116883,False,True
3.0,bin,16,0.5795501172542572,0.5143000483512878,0.6448001861572266,1720876,CC(C)(C)CC(=O)NCC(=O)Nc1ccc2c(c1)COC2,2.2077,O=C(NCCC(F)(F)F)Nc1ccc2c(c1)COC2,True,2.790700000000001,0.5830000000000011,0.5098039215686274,False,True
3.0,bin,16,0.5795501172542572,0.5143000483512878,0.6448001861572266,1757109,CC(C)Cc1ncc(CNc2ccc3c(c2)COC3)s1,3.983900000000003,FC(F)(F)c1sc(CNc2ccc3c(c2)COC3)nc1Cl,True,4.457600000000002,0.4736999999999991,0.46551724137931033,False,True
3.0,bin,16,0.5795501172542572,0.5143000483512878,0.6448001861572266,1774061,O=C1NCCCc2[nH]c(-c3cccc4[nH]ccc34)nc21,2.234,O=c1[nH]c(-c2c(F)cccc2Cl)ncc1-c1ncc2n1CCC2,True,3.0391000000000012,0.8051000000000013,0.21052631578947367,False,True
3.0,bin,16,0.5795501172542572,0.5143000483512878,0.6448001861572266,1800687,Cc1nn(C)c(-c2nc(-c3cccnn3)no2)c1Cl,1.8889199999999997,Cc1nn(C(C)(C)C)c(C)c1-c1nc(-c2cccnn2)no1,True,2.761940000000001,0.8730200000000012,0.5370370370370371,False,True
3.0,bin,16,0.5795501172542572,0.5143000483512878,0.6448001861572266,1815867,FC(F)(F)c1ccc(CN2CCOCC2c2ncon2)cc1,2.661900000000001,C=NCC1COCCN1C(C)C(=CC=CCl)C(=C)F,True,2.9384000000000015,0.2765000000000004,0.2,False,True
3.0,bin,16,0.5795501172542572,0.5143000483512878,0.6448001861572266,1828580,Cc1ccc(N2CC3OCC(=O)N(Cc4cccc(F)c4)C3C2)nn1,1.54032,CCC1COCCN(c2cccnn2)CCCN1C(C)c1ccccc1,True,3.5451000000000032,2.0047800000000033,0.16853932584269662,False,True
3.0,bin,16,0.5795501172542572,0.5143000483512878,0.6448001861572266,1836183,CCc1ccc(C(=O)NCc2nccc(N(C)C)n2)cc1,2.035,Cc1ccc(C(=O)NCc2ccnc(C(C)C)n2)c(F)c1,True,2.977520000000001,0.9425200000000009,0.2727272727272727,False,True
3.0,bin,16,0.5795501172542572,0.5143000483512878,0.6448001861572266,1842499,COc1ccccc1COc1ccccc1-c1cnn(CCO)c1,3.1300000000000017,Cc1ccc(-c2cn(C)nc2COc2ccccc2F)cc1,True,4.113620000000003,0.983620000000001,0.3442622950819672,False,True
3.0,bin,16,0.5795501172542572,0.5143000483512878,0.6448001861572266,1865564,COC(CNC(=O)c1ccoc1)c1cccc(F)c1,2.536200000000001,COC(CNC(=O)c1cc(C)oc1C)c1ccccc1F,True,3.1530400000000016,0.6168400000000007,0.3968253968253968,False,True
3.0,bin,16,0.5795501172542572,0.5143000483512878,0.6448001861572266,1868773,CCCOc1ccc(Cl)c2c1CCNC2C1CC(=O)C1,3.2947000000000015,ClC(Cl)(Cl)Cl,True,2.5529,-0.7418000000000013,0.02127659574468085,False,True
3.0,bin,16,0.5795501172542572,0.5143000483512878,0.6448001861572266,1873123,CCC1OC(=O)c2c(OC)ccc(Br)c21,3.079200000000002,Cc1cc2c(cc1Br)C(=O)OC(C)CO2,True,2.695220000000001,-0.3839800000000011,0.22641509433962265,False,True
3.0,bin,16,0.5795501172542572,0.5143000483512878,0.6448001861572266,1875028,Cc1cccc(C)c1NCC(=O)N1CCCC2CCCCC21,3.8965400000000034,CCC1C=CC=C(NCC(=O)N2CCCC23CCCC3C)CC1,True,4.017300000000003,0.12075999999999976,0.2714285714285714,False,True
3.0,bin,16,0.5795501172542572,0.5143000483512878,0.6448001861572266,1895921,CCC(CC)N(C)C(=O)CC1OC(=O)c2ccccc21,2.935200000000002,CCC(C)C(CC)N(C)C(=O)CC1OC(=O)c2ccccc21,True,3.5713000000000026,0.6361000000000008,0.7555555555555555,False,True
3.0,bin,16,0.5795501172542572,0.5143000483512878,0.6448001861572266,1907077,Cc1ccc2[nH]nc(C(=O)Nc3nc(-c4ccco4)cs3)c2c1,3.8401200000000015,CCC1=C(C)C=CC2NC(=O)c3n[nH]cc3C(c3ccco3)=NC=S12,True,3.192000000000001,-0.6481200000000005,0.20224719101123595,False,True
3.0,bin,16,0.5795501172542572,0.5143000483512878,0.6448001861572266,1913063,Cc1nn(C)c(C)c1CN(C(=O)c1cn2cccc(C)c2n1)C1CC1,2.797860000000001,CCNN=C(C)C1CC(C)N(C(=O)c2cn3cccc(C)c3n2)C1C,True,2.8672200000000014,0.06936000000000053,0.37662337662337664,False,True
3.0,bin,16,0.5795501172542572,0.5143000483512878,0.6448001861572266,1922265,CN(CCNC(=O)c1ccc2c(c1)ncn2C)c1ccccc1,2.4395000000000007,CCn1cnc2cc(C(=O)N(C)CCNc3ccccc3)ccc21,True,3.2403000000000013,0.8008000000000006,0.4461538461538462,False,True
3.0,bin,17,0.7375200986862183,0.6448001861572266,0.83024001121521,32052,COc1ccccc1CNC(=O)Cc1c[nH]c2ccccc12,3.035400000000001,O=C(Cc1c[nH]c2ccccc12)NCc1ccccc1Br,True,3.7893000000000017,0.7539000000000007,0.6739130434782609,False,True
3.0,bin,17,0.7375200986862183,0.6448001861572266,0.83024001121521,116747,COCCSc1ccccc1C(=O)Nc1cccc(C)n1,3.3808200000000017,CSc1c(Br)cccc1C(=O)Nc1cccc(C)n1,True,4.126720000000002,0.7459000000000007,0.5192307692307693,False,True
3.0,bin,17,0.7375200986862183,0.6448001861572266,0.83024001121521,131060,CS(=O)(=O)NCCc1csc(-c2ccc(F)cc2)n1,2.0408999999999997,OCc1nc(-c2ccc(OC(F)F)cc2)cs1,True,2.9038000000000013,0.8629000000000016,0.2,False,False
3.0,bin,17,0.7375200986862183,0.6448001861572266,0.83024001121521,131949,CCc1c(C)nc(SCC(=O)NC(C)C)[nH]c1=O,1.25742,CCCCNC(=O)CSc1nc(C(F)(F)F)cc(=O)[nH]1,True,1.7971000000000001,0.5396800000000002,0.3387096774193548,False,True
3.0,bin,17,0.7375200986862183,0.6448001861572266,0.83024001121521,158879,COc1ccc(CC(=O)OCC(=O)c2c[nH]c3ccccc23)cc1,3.145100000000001,O=C(Cc1ccccc1Br)OCC(=O)c1c[nH]c2ccccc12,True,3.899000000000002,0.7539000000000007,0.6153846153846154,False,True
3.0,bin,17,0.7375200986862183,0.6448001861572266,0.83024001121521,232056,COCCNC(=O)c1cc(=O)c2cc(C)ccc2o1,1.4776199999999993,CCNC(=O)C=C1Oc2c(OC(C)C)cccc2C1=O,True,2.0689,0.5912800000000009,0.21739130434782608,False,True
3.0,bin,17,0.7375200986862183,0.6448001861572266,0.83024001121521,235788,O=C(Cn1nc(-c2ccco2)oc1=O)NCC(F)(F)F,0.7747999999999999,CCC(CC)C(=O)NCCn1nc(-c2ccco2)oc1=O,True,1.6487,0.8739000000000001,0.5254237288135594,False,True
3.0,bin,17,0.7375200986862183,0.6448001861572266,0.83024001121521,236081,CC(=O)c1c(C)[nH]c(C(=O)CSc2nc(C(C)C)n[nH]2)c1C,3.0506400000000014,C=C(C)c1sc(C(=O)CSc2nc(C(C)(C)C)n[nH]2)c(C)c1C,True,4.7886400000000044,1.738000000000003,0.36507936507936506,False,True
3.0,bin,17,0.7375200986862183,0.6448001861572266,0.83024001121521,281081,O=C(Cn1cccn1)NCc1cccnc1Oc1ccc(F)cc1F,2.665000000000001,CC(C)(NC(=O)Cn1cccc1Oc1ccccn1)c1ccc(F)cc1,True,3.8660000000000023,1.2010000000000014,0.3116883116883117,False,True
3.0,bin,17,0.7375200986862183,0.6448001861572266,0.83024001121521,284170,COc1ccc(-c2nc(CC(=O)Nc3cccc(C)n3)cs2)cc1,3.7033200000000024,CC(C)c1cccnc1NC(=O)Cc1csc(-c2ccccc2)n1,True,4.509700000000004,0.8063800000000017,0.4461538461538462,False,True
3.0,bin,17,0.7375200986862183,0.6448001861572266,0.83024001121521,288369,Cc1ccc(NCc2nnc3n2CCCCC3)cc1C,3.2334400000000016,C=C1CCCCn2c(CNCC(Cl)=CC=CCl)nnc21,True,3.440000000000002,0.20656000000000052,0.2923076923076923,False,True
3.0,bin,17,0.7375200986862183,0.6448001861572266,0.83024001121521,302889,COc1ccc(OC)c(NC(=O)CCNC(=O)c2cccs2)c1,2.5239000000000003,O=C(CCNC(=O)c1cccs1)Nc1ccccc1SC(F)F,True,3.8214000000000024,1.297500000000002,0.5166666666666667,False,True
3.0,bin,17,0.7375200986862183,0.6448001861572266,0.83024001121521,327141,COc1ccc(OC)c(S(=O)(=O)Nc2ccn(C)n2)c1,1.2381,O=S(=O)(NC1=NCNC=C1)c1ccccc1OC(F)F,True,1.0391999999999997,-0.1989000000000003,0.22727272727272727,False,True
3.0,bin,17,0.7375200986862183,0.6448001861572266,0.83024001121521,327382,CNC(=O)C1CN(C(=O)c2c(C)noc2C)c2ccccc2O1,1.4452399999999996,Cc1noc(C)c1C(=O)N1CC(C)Oc2ccccc21,True,2.7191400000000012,1.2739000000000016,0.7058823529411765,False,True
3.0,bin,17,0.7375200986862183,0.6448001861572266,0.83024001121521,406491,COCCNC(=O)C1CCCN(S(=O)(=O)N2CCOCC2)C1,-0.9619999999999964,CCOCC1CN(C(=O)C2CCCN(C(=O)OC)C2)CCO1,True,0.7287000000000001,1.6906999999999965,0.2898550724637681,False,True
3.0,bin,17,0.7375200986862183,0.6448001861572266,0.83024001121521,413951,O=C(Cn1ncn2cccc2c1=O)N1CCCCCC1,0.8985999999999996,O=C(Cn1cncccc[nH]c1=O)N1CCCCC1Cl,True,1.2731999999999997,0.37460000000000004,0.2537313432835821,False,True
3.0,bin,17,0.7375200986862183,0.6448001861572266,0.83024001121521,427929,CCNc1nc(NCc2ccccc2Cl)c2cnn(C)c2n1,3.060600000000001,Cn1ncc2c1nc(NCc1cccc(Cl)c1)n2CC(F)(F)F,True,3.5976000000000017,0.5370000000000008,0.3142857142857143,False,True
3.0,bin,17,0.7375200986862183,0.6448001861572266,0.83024001121521,447130,CCC(NC(=O)C1CCN(C(=O)C2CC2)CC1)c1ccc(C)cc1,3.2109200000000016,CCCC(NC(=O)C1CCNCc2cc(C)cc(C)c2CC1)C1CC1,True,4.040440000000003,0.8295200000000014,0.2857142857142857,False,True
3.0,bin,17,0.7375200986862183,0.6448001861572266,0.83024001121521,481908,CCNS(=O)(=O)c1ccc(C)c(C(=O)Nc2ncccc2C)c1,2.24894,Cc1ccnc(NC(=O)c2cc(Br)ccc2O)c1,True,3.1104200000000013,0.8614800000000011,0.265625,False,True
3.0,bin,17,0.7375200986862183,0.6448001861572266,0.83024001121521,485220,Cc1nn(CC(=O)N2CCN(C)CC2)c(C)c1Br,1.03644,CC(C)C1C=C(Cl)C(C(=O)N2CCN(C)CC2=N)N1C,True,1.1989699999999999,0.16252999999999984,0.1746031746031746,False,True
3.0,bin,17,0.7375200986862183,0.6448001861572266,0.83024001121521,526363,Cc1nnc(SCC(=O)Nc2ccc(O)cc2)n(N)c1=O,0.09692,Cc1ccccc1NC(=O)C(C)Sc1nnc(N)c(=O)n1C,True,1.18522,1.0882999999999998,0.29850746268656714,False,True
3.0,bin,17,0.7375200986862183,0.6448001861572266,0.83024001121521,536853,COc1ccc(C2CCCN2C(=O)C2CCC2)c(OC)c1,3.1674000000000015,O=C(C1CCCC1)N1CCCC1c1ccccc1C(F)(F)F,True,4.559100000000004,1.3917000000000028,0.46296296296296297,False,True
3.0,bin,17,0.7375200986862183,0.6448001861572266,0.83024001121521,540312,Cc1nn(C)c2nc(C3CC3)cc(C(=O)NCC(=O)NC(C)(C)C)c12,1.7986199999999997,C=CC(C)(C)C(=O)CNC(=O)C1=C=C(C2CC2)N=CN(C)N=CC1,True,2.0527,0.2540800000000005,0.2875,False,True
3.0,bin,17,0.7375200986862183,0.6448001861572266,0.83024001121521,544381,Cc1nc(N2CCCC(C(=O)NC(C)C)C2)c2c(C)c(C)oc2n1,2.8890600000000006,Cc1nc(C2CCN(C(=O)CC(C)(C)C)C2)cc(N2CCCC2)n1,True,3.1373200000000017,0.24826000000000104,0.25675675675675674,False,True
3.0,bin,17,0.7375200986862183,0.6448001861572266,0.83024001121521,544382,CCCNC(=O)C1CCCN(c2nc(C)nc3oc(C)c(C)c23)C1,2.8906600000000013,Cc1nc(N2CC(C)CC2C(C)C)c2c(C)c(C)oc2n1,True,4.018860000000004,1.1282000000000023,0.38461538461538464,False,True
3.0,bin,17,0.7375200986862183,0.6448001861572266,0.83024001121521,550049,Cc1ccc(C)c(OCC(=O)Nc2cccc(-n3cnnc3)c2)c1,2.9016400000000013,Cc1c(Cl)cccc1OC(C)C(=O)Nc1cccc(-n2cnnc2)c1,True,3.6351200000000006,0.7334799999999992,0.46875,False,True
3.0,bin,17,0.7375200986862183,0.6448001861572266,0.83024001121521,573533,Cc1nn(-c2ncc(C(F)(F)F)cc2Cl)c(=O)o1,2.2011199999999995,CC1C=NN(c2cc(Cl)c(Cl)cn2)C(=O)OC1,True,2.9669000000000016,0.7657800000000021,0.22950819672131148,False,True
3.0,bin,17,0.7375200986862183,0.6448001861572266,0.83024001121521,582555,O=C(NCC(O)c1ccccc1)c1ccc2c(=O)n3c(nc2c1)CCC3,1.8061000000000003,CC=C1C=CC(OC)=C(C)CNC(=O)c2ccc3c(c2)ncn3CCC1,True,3.982800000000003,2.1767000000000025,0.16129032258064516,False,True
3.0,bin,17,0.7375200986862183,0.6448001861572266,0.83024001121521,588547,Cc1n[nH]c(C)c1NC(=O)CCc1ccc(Cl)cc1Cl,3.9046400000000023,CCC1=CC=C(Cl)C=CCCC(C)c2[nH]nc(C)c2NC(=O)CC1,True,5.349420000000005,1.4447800000000024,0.17721518987341772,False,True
3.0,bin,17,0.7375200986862183,0.6448001861572266,0.83024001121521,607673,CCCN(CC1CC1)S(=O)(=O)c1ccccc1F,2.636400000000001,CCCCN(CC1CC1)S(=O)(=O)c1cc(C)ccc1F,True,3.334920000000002,0.6985200000000011,0.6041666666666666,False,True
3.0,bin,17,0.7375200986862183,0.6448001861572266,0.83024001121521,617681,Cc1cc(C(=O)Nc2nc(-c3ccncc3)cs2)nn1C(C)C,3.5432200000000016,Cc1cc(C(=O)Nc2nc(-c3ccnc(Cl)c3)cs2)nn1C(C)C,True,4.196620000000002,0.6534000000000004,0.7777777777777778,False,True
3.0,bin,17,0.7375200986862183,0.6448001861572266,0.83024001121521,650267,COc1ccc2oc(C(=O)NC3CCCCNC3=O)c(C)c2c1,2.14832,CSC1=C(C(=O)NCC2CCNC(=O)C2CO)c2c(C)cccc21,True,1.4005199999999995,-0.7478000000000005,0.24096385542168675,False,True
3.0,bin,17,0.7375200986862183,0.6448001861572266,0.83024001121521,668639,Cc1cc(NC(=O)c2ccccc2Cl)ncc1N,2.8779200000000005,Cc1nc(NC(=O)c2ccc(Cl)cc2Br)ccc1N,True,3.6404200000000015,0.7625000000000011,0.41818181818181815,False,True
3.0,bin,17,0.7375200986862183,0.6448001861572266,0.83024001121521,673160,CCC(=O)Nc1ccc2oc(C(F)(F)F)cc(=O)c2c1,3.160300000000001,CC(C)(C)CC(=O)NC=C1C=c2oc(C(F)(F)F)cc(=O)c2=C1,True,1.6695,-1.4908000000000012,0.3548387096774194,False,True
3.0,bin,17,0.7375200986862183,0.6448001861572266,0.83024001121521,711169,Cc1cccc(C(C)C)c1NC(=O)N(C)Cc1ccncc1,4.177320000000003,CC(C)Sc1cc(Cl)ccc1NC(=O)N(C)Cc1ccncc1,True,4.899400000000004,0.7220800000000018,0.4666666666666667,False,True
3.0,bin,17,0.7375200986862183,0.6448001861572266,0.83024001121521,720969,Cc1noc(C)c1CCC(=O)OCC(=O)N1c2ccccc2CC1C,2.7450400000000013,C=C(C)c1ccccc1NC(=O)COC(=O)CCc1c(C)noc1C,True,3.439040000000002,0.6940000000000008,0.4852941176470588,False,True
3.0,bin,17,0.7375200986862183,0.6448001861572266,0.83024001121521,730789,COC(=O)C1CCN(C(=O)c2cc3ccc(F)cc3nc2C)CC1,2.7075200000000006,Cc1nc2ccc(Cl)cc2cc1C(=O)N1CCC(C#N)CC1,True,3.5724000000000027,0.8648800000000021,0.4444444444444444,False,True
3.0,bin,17,0.7375200986862183,0.6448001861572266,0.83024001121521,738178,Cc1ccc(-n2ccnc2SCc2nc(C3CC3)no2)cc1C,4.041840000000003,Clc1ccc(Cl)c(-n2ccnc2SCc2nc(C3CC3)no2)c1,True,4.7318000000000024,0.6899599999999992,0.6271186440677966,False,True
3.0,bin,17,0.7375200986862183,0.6448001861572266,0.83024001121521,771897,COc1ccccc1OCC(=O)N(C)Cc1sccc1C,3.102520000000002,CSc1ccc(OCC(=O)N(C)Cc2sc(C)cc2C)cc1,True,4.124240000000003,1.021720000000001,0.4,False,True
3.0,bin,17,0.7375200986862183,0.6448001861572266,0.83024001121521,811446,COC(=O)C1(NC(=O)c2cc(Br)c[nH]2)CCCCCC1,2.7730000000000006,CCCCC(NC(=O)c1cc(Br)cn1CC)C(=O)OC(C)C,True,3.5107000000000026,0.737700000000002,0.18571428571428572,False,True
3.0,bin,17,0.7375200986862183,0.6448001861572266,0.83024001121521,848291,CCC(C)NC(=O)NCc1noc(-c2cccs2)n1,2.3958000000000004,CCC(CC)C(=O)NCc1noc(-c2cccs2)n1,True,2.850500000000001,0.45470000000000077,0.7115384615384616,False,False
3.0,bin,17,0.7375200986862183,0.6448001861572266,0.83024001121521,863440,COc1ccc(-c2nc(CCCO)cs2)cc1OC,2.752200000000001,C=C(C)CNc1nc(-c2ccc(OC)c(OCC)c2)cs1,True,4.205400000000004,1.4532000000000025,0.3548387096774194,False,True
3.0,bin,17,0.7375200986862183,0.6448001861572266,0.83024001121521,864663,N#Cc1ccc(-c2cc(F)ccc2F)nc1N1CCCC1,3.498680000000002,Fc1ccc(-c2ccc(C(F)(F)F)nc2N2CCC2)cc1F,True,4.255700000000002,0.7570199999999998,0.3392857142857143,False,True
3.0,bin,17,0.7375200986862183,0.6448001861572266,0.83024001121521,872100,CCc1cccc(C)c1NCC(O)c1ccc2c(c1)OCCO2,3.474120000000002,CC(C)(C)c1ccc(NCC(O)c2cc(F)c3c(c2)OCCO3)cc1,True,4.039900000000003,0.5657800000000011,0.36923076923076925,False,True
3.0,bin,17,0.7375200986862183,0.6448001861572266,0.83024001121521,886334,COc1ccc(C(=O)N2CCCC(C(=O)N3CCCCC3)C2)c(O)c1,2.2655000000000003,Cc1ccc(C(=O)N2CCCC(C(=O)N3CCCCC3)C2)cc1C,True,3.168140000000002,0.9026400000000017,0.5283018867924528,False,True
3.0,bin,17,0.7375200986862183,0.6448001861572266,0.83024001121521,887387,COCCNC(=O)N(Cc1cccc(F)c1)CC1CCCO1,2.1627,Cc1cc(CN(CCC#N)C(=O)C2CCCO2)c(C)cc1F,True,2.8638200000000014,0.7011200000000013,0.2948717948717949,False,True
3.0,bin,17,0.7375200986862183,0.6448001861572266,0.83024001121521,889149,N#Cc1ccc(NC(=O)c2ccc(Br)cc2Cl)nc1,3.621480000000001,O=C(Nc1ccccn1)c1cc(Cl)c(Cl)cc1Br,True,4.403200000000001,0.78172,0.4074074074074074,False,True
3.0,bin,17,0.7375200986862183,0.6448001861572266,0.83024001121521,913483,O=C(CNC(=O)NCCc1c(Cl)cccc1Cl)NC1CC1,2.1137000000000006,CC(C)C(O)(CNC(=O)N(C)C1CC1Cl)Cc1ccccc1,True,2.6373000000000006,0.5236000000000001,0.18840579710144928,False,True
3.0,bin,17,0.7375200986862183,0.6448001861572266,0.83024001121521,917620,C=CCN(Cc1ccccc1OC)C(=O)c1csc(C)n1,3.288520000000002,CCN(Cc1ccc(SC)c(Br)c1)C(=O)c1csc(C)n1,True,4.598220000000003,1.3097000000000012,0.373134328358209,False,True
3.0,bin,17,0.7375200986862183,0.6448001861572266,0.83024001121521,918312,CCOc1ccc(Cl)c(C(=O)N2CCN(c3ncccn3)CC2)n1,1.8860999999999997,CC(C)(C)c1cccnc1N1CCN(C(=O)c2nccc(Cl)n2)CC1,True,2.7849000000000013,0.8988000000000016,0.36923076923076925,False,True
3.0,bin,17,0.7375200986862183,0.6448001861572266,0.83024001121521,922879,CC(=O)c1ccc(N2CCN(Cc3c(F)cccc3F)CC2)cc1,3.489600000000003,Fc1ccc(N2CCN(Cc3ccccc3Cl)CC2)cc1Cl,True,4.454700000000003,0.9651000000000005,0.37735849056603776,False,True
3.0,bin,17,0.7375200986862183,0.6448001861572266,0.83024001121521,927535,COc1cc(CN2CCN(c3ccccc3F)CC2)ccc1O,2.862100000000002,Fc1ccccc1N1CCN(Cc2c(F)cccc2Cl)CC1,True,3.940400000000003,1.078300000000001,0.46153846153846156,False,True
3.0,bin,17,0.7375200986862183,0.6448001861572266,0.83024001121521,927567,Cc1ccccc1N1CCN(Cc2cccc(O)c2)CC1,3.022820000000001,Fc1ccccc1N1CCN(Cc2ccccc2Cl)CC1,True,3.801300000000003,0.7784800000000018,0.35294117647058826,False,True
3.0,bin,17,0.7375200986862183,0.6448001861572266,0.83024001121521,938108,CC(c1ccccc1)N(C)C(=O)CCC(=O)Nc1nccs1,3.0814000000000012,CC(C)N(Cc1ccccc1F)C(=O)CCC(=O)Nc1nccs1,True,3.438100000000002,0.3567000000000009,0.576271186440678,False,True
3.0,bin,17,0.7375200986862183,0.6448001861572266,0.83024001121521,943303,CN(CCCOc1ccccc1)C(=O)Nc1cccc2c1OCCO2,3.390600000000002,CN(C(=O)NC(C)(C)c1ccccc1)C1CCOc2ccccc21,True,4.0869000000000035,0.6963000000000017,0.30434782608695654,False,True
3.0,bin,17,0.7375200986862183,0.6448001861572266,0.83024001121521,946289,CC(NC(=O)C1(c2cc(-c3ccco3)on2)CC1)c1ccccc1,3.843600000000002,CC=CC(F)=CCC(C)N(C)C(=O)Cc1cc(-c2ccco2)on1,True,4.143600000000004,0.3000000000000016,0.35135135135135137,False,True
3.0,bin,17,0.7375200986862183,0.6448001861572266,0.83024001121521,994077,Cc1nnc(Cn2c(-c3cccc(Br)c3)noc2=O)o1,2.0055199999999997,CCC(C)C=NN=CCn1c(-c2cccc(F)c2)noc1=O,True,2.7451000000000008,0.739580000000001,0.373134328358209,False,True
3.0,bin,17,0.7375200986862183,0.6448001861572266,0.83024001121521,1065620,O=C(NCc1cccnc1Oc1ccccc1)c1cccnc1,3.198900000000002,O=C(NCc1cccnc1Oc1ccc(F)c(Cl)c1)c1cccnc1,True,3.991400000000003,0.7925000000000013,0.6909090909090909,False,True
3.0,bin,17,0.7375200986862183,0.6448001861572266,0.83024001121521,1093926,CN(C(=O)CNc1cccc(OCC2CCCO2)c1)c1ccccc1,3.319300000000002,CC(Nc1ccc(F)cc1)C(=O)N(C)c1cccc(OC2CCCO2)c1,True,3.804400000000003,0.485100000000001,0.39473684210526316,False,True
3.0,bin,17,0.7375200986862183,0.6448001861572266,0.83024001121521,1107920,CCc1ccc(-n2cc(C(=O)NC(C)c3ccccc3)nn2)cc1,3.320700000000002,CCC(NC(=O)c1cn(-c2cccc(Cl)c2)nn1)c1ccccc1C,True,4.110220000000003,0.7895200000000004,0.4461538461538462,False,True
3.0,bin,17,0.7375200986862183,0.6448001861572266,0.83024001121521,1113130,CC(NC(=O)Cn1nnnc1C(C)(C)C)c1cccc2ccccc12,3.0012000000000016,CCCn1nnnc1C(CC(C)C)C(=O)N(C)C1C=Cc2ccccc2C1,True,3.309300000000002,0.3081000000000005,0.25609756097560976,False,True
3.0,bin,17,0.7375200986862183,0.6448001861572266,0.83024001121521,1121751,COC(=O)Cn1ccc(NS(=O)(=O)c2ccc(F)c(F)c2F)n1,1.2742,CCn1ccc(NS(=O)(=O)c2ccccc2Br)n1,True,2.4663000000000004,1.1921000000000004,0.42105263157894735,False,True
3.0,bin,17,0.7375200986862183,0.6448001861572266,0.83024001121521,1142531,CCOC(C)C(=O)NCCc1csc(-c2ccc(C)cc2)n1,3.2022200000000014,CCC(CC)C(=O)NCCc1csc(-c2ccc(F)cc2)n1,True,4.044100000000003,0.8418800000000015,0.5892857142857143,False,True
3.0,bin,17,0.7375200986862183,0.6448001861572266,0.83024001121521,1212157,CN(Cc1ccc(F)c(F)c1)C(=O)c1cncc(-c2cnn(C)c2)c1,3.0325000000000015,CC(C)C(c1ccc(F)cc1)N(C)C(=O)c1cncc(-c2cn[nH]c2)c1,True,4.0801000000000025,1.047600000000001,0.3333333333333333,False,True
3.0,bin,17,0.7375200986862183,0.6448001861572266,0.83024001121521,1215394,CCn1nc(C)cc1C(=O)Oc1cccc(NC(=O)C(C)C)c1,3.025120000000001,CCn1nc(C(F)F)cc1C(=O)Oc1c(C)ccc(C)c1C,True,3.9850600000000034,0.9599400000000022,0.3968253968253968,False,True
3.0,bin,17,0.7375200986862183,0.6448001861572266,0.83024001121521,1232922,CC(C)(C)OC(=O)NC1CCCN(S(=O)(=O)N2CCOCC2)C1,0.5525000000000011,CCCC(CCC)C(=O)N1CCCC(S(=O)(=O)N2CCOCC2)C1,True,1.8558000000000003,1.3032999999999992,0.3442622950819672,False,True
3.0,bin,17,0.7375200986862183,0.6448001861572266,0.83024001121521,1238973,FC(F)(F)c1cnc(N2CCn3c(nnc3C3CC3)C2)c(Cl)c1,3.2429000000000023,ClCl,True,1.379,-1.8639000000000023,0.021739130434782608,False,True
3.0,bin,17,0.7375200986862183,0.6448001861572266,0.83024001121521,1299495,Cc1cc(CC(=O)N2CCCC2C(C#N)c2ccccc2)no1,2.823900000000001,CC(C)c1cc(CC(=O)N2CCCC2C(C#N)c2ccccc2)no1,True,3.638880000000003,0.814980000000002,0.8070175438596491,False,True
3.0,bin,17,0.7375200986862183,0.6448001861572266,0.83024001121521,1309906,CC(C)CC(NC(=O)c1cc(=O)c2ccccc2o1)C(=O)OC(C)C,2.8891000000000018,CCCCCCCNC(=O)c1cc(=O)c2c(Cl)cccc2o1,True,4.146600000000003,1.2575000000000012,0.3333333333333333,False,True
3.0,bin,17,0.7375200986862183,0.6448001861572266,0.83024001121521,1362816,COCc1cccc(C(=O)NC2CC2c2cccc(Cl)c2)c1,3.772300000000002,O=C(F)NC1CC1c1ccccc1C(F)F,True,3.159200000000002,-0.6131000000000002,0.25396825396825395,False,True
3.0,bin,17,0.7375200986862183,0.6448001861572266,0.83024001121521,1441838,COCC(=O)NC(C(=O)Nc1cccc(-c2nccs2)c1)C(C)C,2.5358,CCCCC(=O)NCC(=O)Nc1cccc(-c2nccs2)c1,True,3.0550000000000006,0.5192000000000005,0.53125,False,True
3.0,bin,17,0.7375200986862183,0.6448001861572266,0.83024001121521,1450449,CCCNC(=O)CSc1nc2c(cc1C#N)CCCC2,2.450380000000001,CCc1cnc(SCC(=O)C(C)CC)c(C#N)c1,True,3.2229800000000015,0.7726000000000006,0.359375,False,True
3.0,bin,17,0.7375200986862183,0.6448001861572266,0.83024001121521,1451910,O=S(=O)(NCc1nnc2ccccn12)c1ccc(F)c(F)c1,1.4859999999999995,CSc1ccc(S(=O)(=O)NCc2nnc3ccccn23)c(C)c1,True,2.2381200000000003,0.7521200000000008,0.5344827586206896,False,True
3.0,bin,17,0.7375200986862183,0.6448001861572266,0.83024001121521,1479798,Cc1nc(C)c(CCC(=O)N(CC(C)C)CC(F)(F)F)c(=O)[nH]1,2.3662400000000003,CC=NC(C)=C(C=O)CCC(=O)N(CCC(C)C)CC(F)(F)F,True,3.7672000000000025,1.4009600000000022,0.3384615384615385,False,True
3.0,bin,17,0.7375200986862183,0.6448001861572266,0.83024001121521,1507926,COC(=O)C(C)NC(=O)Cc1csc(-c2ccccc2Cl)n1,2.6837,CC(C)CNC(=O)Cc1csc(-c2ccccc2Cl)n1,True,3.7782000000000027,1.0945000000000027,0.6862745098039216,False,True
3.0,bin,17,0.7375200986862183,0.6448001861572266,0.83024001121521,1527882,Nc1ncccc1C(=O)Nc1ccc2cn[nH]c2c1,1.7923999999999998,N#CCSc1ncccc1C(=O)Nc1ccc2[nH]ncc2c1,True,2.8258800000000006,1.0334800000000008,0.5245901639344263,False,True
3.0,bin,17,0.7375200986862183,0.6448001861572266,0.83024001121521,1532848,COc1ccc(-c2ccc3c(=O)[nH]cnc3c2)cc1Cl,3.2521000000000013,O=c1[nH]cnc2ccc(-c3cccc(C(F)(F)F)c3Cl)cc12,True,4.2623000000000015,1.0102000000000002,0.3793103448275862,False,True
3.0,bin,17,0.7375200986862183,0.6448001861572266,0.83024001121521,1548351,COc1cc(OC)c2c(c1)C(c1cnccn1)NCC2,1.7288999999999999,Fc1cc2c(c(C(F)(F)F)c1)CCNC2c1cnccn1,True,2.8696,1.1407000000000003,0.5185185185185185,False,False
3.0,bin,17,0.7375200986862183,0.6448001861572266,0.83024001121521,1570134,COc1cccc(C(C)N2CCN(C(=O)c3ccc(O)cc3)CC2)c1,2.9198000000000013,CSc1ccc(C(=O)N2CCN(C(C)c3ccccc3)CC2)cc1,True,3.927500000000003,1.0077000000000016,0.5283018867924528,False,True
3.0,bin,17,0.7375200986862183,0.6448001861572266,0.83024001121521,1611406,CC(C)(C)N1CC(NC(=O)C2COc3ccc(F)cc3C2)CC1=O,1.8923999999999994,CCN1Cc2cc(F)ccc2OC1CC(=O)NC1CCC(C)(C)C1,True,3.451100000000002,1.5587000000000026,0.32051282051282054,False,True
3.0,bin,17,0.7375200986862183,0.6448001861572266,0.83024001121521,1612684,CCCC1CN(C(=O)Nc2ccn(CCC(C)C)n2)CCO1,2.9620000000000015,C=C(SC=NN(CC)C(=O)n1cncc1CCCC)C(F)(F)F,True,4.268200000000004,1.3062000000000022,0.1348314606741573,False,True
3.0,bin,17,0.7375200986862183,0.6448001861572266,0.83024001121521,1639675,CCC(CC)c1nnc(NC(=O)c2scnc2C2CC2)s1,4.0279000000000025,CC(C)CC1=C(C(=O)N(c2nnc(CC(C)C)s2)C2CC2)SCS1,True,4.9272000000000045,0.899300000000002,0.1917808219178082,False,True
3.0,bin,17,0.7375200986862183,0.6448001861572266,0.83024001121521,1675660,COc1ccnc(NC(=O)c2cccc(Cl)c2)c1,2.9959000000000007,O=C(Nc1cccc(C(F)(F)F)n1)c1cc(Cl)ccc1O,True,3.711700000000001,0.7158000000000002,0.31666666666666665,False,True
3.0,bin,17,0.7375200986862183,0.6448001861572266,0.83024001121521,1689728,CCc1noc(CSc2ncnc3sc(C)cc23)n1,3.237420000000002,Cc1cc2c(SCc3nc(C(C)(C)C)no3)ncnc2s1,True,3.972520000000003,0.735100000000001,0.7058823529411765,False,True
3.0,bin,17,0.7375200986862183,0.6448001861572266,0.83024001121521,1720876,CC(C)(C)CC(=O)NCC(=O)Nc1ccc2c(c1)COC2,2.2077,O=C(Br)Nc1cccc(C(F)(F)F)c1,True,3.6322,1.4245,0.21818181818181817,False,True
3.0,bin,17,0.7375200986862183,0.6448001861572266,0.83024001121521,1757109,CC(C)Cc1ncc(CNc2ccc3c(c2)COC3)s1,3.983900000000003,CC(C)CCCc1ncc(CNc2ccc3c(c2)COC3)s1,True,4.764100000000004,0.7802000000000016,0.76,False,True
3.0,bin,17,0.7375200986862183,0.6448001861572266,0.83024001121521,1774061,O=C1NCCCc2[nH]c(-c3cccc4[nH]ccc34)nc21,2.234,O=CNCCC1=Cc2nc(-c3cccc(OCC(F)F)c3)[nH]c21,True,2.710700000000001,0.476700000000001,0.14634146341463414,False,True
3.0,bin,17,0.7375200986862183,0.6448001861572266,0.83024001121521,1800687,Cc1nn(C)c(-c2nc(-c3cccnn3)no2)c1Cl,1.8889199999999997,CC(C)CCc1cc(-c2nc(-c3ccc(F)nn3)no2)n(C)n1,True,2.6548000000000007,0.765880000000001,0.3333333333333333,False,True
3.0,bin,17,0.7375200986862183,0.6448001861572266,0.83024001121521,1815867,FC(F)(F)c1ccc(CN2CCOCC2c2ncon2)cc1,2.661900000000001,FC(Cl)(Cl)c1ccccc1CN1CCOCC1c1ncon1,True,3.2005000000000017,0.5386000000000006,0.6428571428571429,False,True
3.0,bin,17,0.7375200986862183,0.6448001861572266,0.83024001121521,1828580,Cc1ccc(N2CC3OCC(=O)N(Cc4cccc(F)c4)C3C2)nn1,1.54032,CC1C=CC=C(NCC2OCC(=O)N(Cc3ccc(F)cc3)C2C)C1,True,3.0111000000000017,1.4707800000000018,0.2839506172839506,False,True
3.0,bin,17,0.7375200986862183,0.6448001861572266,0.83024001121521,1836183,CCc1ccc(C(=O)NCc2nccc(N(C)C)n2)cc1,2.035,CCN(C(=O)c1ccnc(NC(C)(C)C)n1)c1ccc(OC)cc1,True,3.362300000000002,1.327300000000002,0.2318840579710145,False,True
3.0,bin,17,0.7375200986862183,0.6448001861572266,0.83024001121521,1842499,COc1ccccc1COc1ccccc1-c1cnn(CCO)c1,3.1300000000000017,Cn1cc(COc2ccc(Cl)cc2)c(OCc2ccccc2)n1,True,4.231500000000003,1.1015000000000015,0.2698412698412698,False,True
3.0,bin,17,0.7375200986862183,0.6448001861572266,0.83024001121521,1865564,COC(CNC(=O)c1ccoc1)c1cccc(F)c1,2.536200000000001,CCC(CNC(=O)c1ccoc1)c1ccc(F)c(OC)c1,True,3.350900000000002,0.8147000000000011,0.5254237288135594,False,True
3.0,bin,17,0.7375200986862183,0.6448001861572266,0.83024001121521,1868773,CCCOc1ccc(Cl)c2c1CCNC2C1CC(=O)C1,3.2947000000000015,C=C(CCC=O)C1NCCc2c(Cl)c(Cl)cc(Cl)c21,True,4.368900000000003,1.0742000000000012,0.2537313432835821,False,True
3.0,bin,17,0.7375200986862183,0.6448001861572266,0.83024001121521,1873123,CCC1OC(=O)c2c(OC)ccc(Br)c21,3.079200000000002,CC(C)COC(=O)COc1cc(Br)ccc1Br,True,3.7896000000000027,0.7104000000000008,0.21428571428571427,False,True
3.0,bin,17,0.7375200986862183,0.6448001861572266,0.83024001121521,1875028,Cc1cccc(C)c1NCC(=O)N1CCCC2CCCCC21,3.8965400000000034,CC(C)CC1=CC=C(NCC(=O)N2CCCC2C2CCCC2C)C1,True,4.263300000000004,0.3667600000000002,0.375,False,True
3.0,bin,17,0.7375200986862183,0.6448001861572266,0.83024001121521,1895921,CCC(CC)N(C)C(=O)CC1OC(=O)c2ccccc21,2.935200000000002,CCN(C(=O)CCOC(=O)c1ccccc1)C1(C(C)C)CC1,True,3.2706000000000017,0.3353999999999999,0.2153846153846154,False,True
3.0,bin,17,0.7375200986862183,0.6448001861572266,0.83024001121521,1907077,Cc1ccc2[nH]nc(C(=O)Nc3nc(-c4ccco4)cs3)c2c1,3.8401200000000015,CC1C=C(c2ccco2)N=C(NC(=O)c2n[nH]c3ccccc23)SC1,True,3.665700000000002,-0.17441999999999958,0.43243243243243246,False,True
3.0,bin,17,0.7375200986862183,0.6448001861572266,0.83024001121521,1913063,Cc1nn(C)c(C)c1CN(C(=O)c1cn2cccc(C)c2n1)C1CC1,2.797860000000001,CCn1cc(C(=O)N(Cc2cn3ccccc3n2)CC2CC2)c(Cl)n1,True,3.2565000000000017,0.4586400000000008,0.27710843373493976,False,True
3.0,bin,17,0.7375200986862183,0.6448001861572266,0.83024001121521,1922265,CN(CCNC(=O)c1ccc2c(c1)ncn2C)c1ccccc1,2.4395000000000007,CN(CCNc1cccc(Cl)c1)C(=O)c1ccc2c(c1)ncn2C,True,3.410800000000002,0.9713000000000012,0.49230769230769234,False,True
3.0,bin,18,0.9854800075292588,0.83024001121521,1.1407200038433076,32052,COc1ccccc1CNC(=O)Cc1c[nH]c2ccccc12,3.035400000000001,O=C(Cc1c[nH]c2ccccc12)NCc1ccccc1C(F)(F)F,True,4.045600000000002,1.010200000000001,0.6326530612244898,False,True
3.0,bin,18,0.9854800075292588,0.83024001121521,1.1407200038433076,116747,COCCSc1ccccc1C(=O)Nc1cccc(C)n1,3.3808200000000017,CC[SH]1C=CC(C(=O)Nc2ncccc2C)=C(F)C=C1F,True,3.9114200000000023,0.5306000000000006,0.1891891891891892,False,True
3.0,bin,18,0.9854800075292588,0.83024001121521,1.1407200038433076,131060,CS(=O)(=O)NCCc1csc(-c2ccc(F)cc2)n1,2.0408999999999997,CC(C)(C)NC(=O)Cc1csc(-c2ccc(F)c(F)c2)n1,True,3.5455000000000014,1.5046000000000017,0.39285714285714285,False,True
3.0,bin,18,0.9854800075292588,0.83024001121521,1.1407200038433076,131949,CCc1c(C)nc(SCC(=O)NC(C)C)[nH]c1=O,1.25742,CCC(CC)N(C(=O)CSc1nc(C)c(C)c(=O)[nH]1)C(C)C,True,2.904440000000001,1.647020000000001,0.45454545454545453,False,True
3.0,bin,18,0.9854800075292588,0.83024001121521,1.1407200038433076,158879,COc1ccc(CC(=O)OCC(=O)c2c[nH]c3ccccc23)cc1,3.145100000000001,CC(C(=O)OCC(=O)c1c[nH]c2ccccc12)c1cc(F)c(F)cc1F,True,4.1148000000000025,0.9697000000000013,0.4915254237288136,False,True
3.0,bin,18,0.9854800075292588,0.83024001121521,1.1407200038433076,232056,COCCNC(=O)c1cc(=O)c2cc(C)ccc2o1,1.4776199999999993,CCOCCCNC(=O)c1cc(=O)c2cc(C)cc(C)c2o1,True,2.5662400000000005,1.0886200000000013,0.49122807017543857,False,True
3.0,bin,18,0.9854800075292588,0.83024001121521,1.1407200038433076,235788,O=C(Cn1nc(-c2ccco2)oc1=O)NCC(F)(F)F,0.7747999999999999,O=C(CCn1nc(-c2ccco2)oc1=O)OCC(F)(F)F,True,1.5918999999999999,0.8170999999999999,0.5789473684210527,False,True
3.0,bin,18,0.9854800075292588,0.83024001121521,1.1407200038433076,236081,CC(=O)c1c(C)[nH]c(C(=O)CSc2nc(C(C)C)n[nH]2)c1C,3.0506400000000014,Cc1nc(C(C)C)[nH]c1C(=O)CSc1nc(C)c(C)s1,True,3.889860000000003,0.8392200000000019,0.36666666666666664,False,True
3.0,bin,18,0.9854800075292588,0.83024001121521,1.1407200038433076,281081,O=C(Cn1cccn1)NCc1cccnc1Oc1ccc(F)cc1F,2.665000000000001,CC(Oc1cc(Cl)ccc1F)C(=O)NCc1cccnc1-n1cccn1,True,3.1435000000000004,0.4784999999999995,0.4025974025974026,False,True
3.0,bin,18,0.9854800075292588,0.83024001121521,1.1407200038433076,284170,COc1ccc(-c2nc(CC(=O)Nc3cccc(C)n3)cs2)cc1,3.7033200000000024,CC(C)(C)c1ccc(-c2nc(CC(=O)Nc3ccccn3)cs2)cc1,True,4.683800000000003,0.9804800000000009,0.5409836065573771,False,True
3.0,bin,18,0.9854800075292588,0.83024001121521,1.1407200038433076,288369,Cc1ccc(NCc2nnc3n2CCCCC3)cc1C,3.2334400000000016,ClCl,True,1.379,-1.8544400000000016,0.0,False,True
3.0,bin,18,0.9854800075292588,0.83024001121521,1.1407200038433076,302889,COc1ccc(OC)c(NC(=O)CCNC(=O)c2cccs2)c1,2.5239000000000003,O=C(CCNC(=O)c1cccs1)Nc1cccc(C(F)(F)F)c1,True,3.525500000000001,1.0016000000000007,0.5,False,False
3.0,bin,18,0.9854800075292588,0.83024001121521,1.1407200038433076,327141,COc1ccc(OC)c(S(=O)(=O)Nc2ccn(C)n2)c1,1.2381,Cc1cc(Br)ccc1S(=O)(=O)Nc1ccn(C)n1,True,2.2918199999999995,1.0537199999999995,0.52,False,True
3.0,bin,18,0.9854800075292588,0.83024001121521,1.1407200038433076,327382,CNC(=O)C1CN(C(=O)c2c(C)noc2C)c2ccccc2O1,1.4452399999999996,CCOCc1cc2cc(c1)N(C(=O)c1c(C)noc1C)CC2O,True,2.5217400000000008,1.0765000000000011,0.37142857142857144,False,True
3.0,bin,18,0.9854800075292588,0.83024001121521,1.1407200038433076,406491,COCCNC(=O)C1CCCN(S(=O)(=O)N2CCOCC2)C1,-0.9619999999999964,CCOC(=O)C1CCCN(S(=O)(=O)N2CCOC(C)C2)C1,True,0.22700000000000142,1.1889999999999978,0.4576271186440678,False,True
3.0,bin,18,0.9854800075292588,0.83024001121521,1.1407200038433076,413951,O=C(Cn1ncn2cccc2c1=O)N1CCCCCC1,0.8985999999999996,CC1CCCCN(C(=O)Cn2ncn3cccc3c2=O)C1,True,1.1445999999999998,0.24600000000000022,0.74,False,True
3.0,bin,18,0.9854800075292588,0.83024001121521,1.1407200038433076,427929,CCNc1nc(NCc2ccccc2Cl)c2cnn(C)c2n1,3.060600000000001,CCC(C)CN1N=C2C=C(NCc3cc(Cl)ccc3N(C)C)N=C21,True,3.4668000000000028,0.4062000000000019,0.1875,False,True
3.0,bin,18,0.9854800075292588,0.83024001121521,1.1407200038433076,447130,CCC(NC(=O)C1CCN(C(=O)C2CC2)CC1)c1ccc(C)cc1,3.2109200000000016,C=CC(NC(=O)C(C)(C)CC1CC1)C1=CC=CC(Cl)C1,True,3.9772000000000034,0.7662800000000018,0.17567567567567569,False,True
3.0,bin,18,0.9854800075292588,0.83024001121521,1.1407200038433076,481908,CCNS(=O)(=O)c1ccc(C)c(C(=O)Nc2ncccc2C)c1,2.24894,Cc1ccnc(NC(=O)c2cccc(Br)c2O)c1,True,3.1104200000000013,0.8614800000000011,0.30158730158730157,False,True
3.0,bin,18,0.9854800075292588,0.83024001121521,1.1407200038433076,485220,Cc1nn(CC(=O)N2CCN(C)CC2)c(C)c1Br,1.03644,Cc1nn(C(C)C(=O)N2CCN(C(C)C)CC2)c(C)c1Br,True,2.3760400000000006,1.3396000000000006,0.40816326530612246,False,True
3.0,bin,18,0.9854800075292588,0.83024001121521,1.1407200038433076,526363,Cc1nnc(SCC(=O)Nc2ccc(O)cc2)n(N)c1=O,0.09692,CCCc1nnc(SCC(=O)Nc2ccc(OC)cc2)n(N)c1=O,True,1.0439999999999998,0.9470799999999998,0.5964912280701754,False,True
3.0,bin,18,0.9854800075292588,0.83024001121521,1.1407200038433076,536853,COc1ccc(C2CCCN2C(=O)C2CCC2)c(OC)c1,3.1674000000000015,O=C(C1CC1C=CC=CCC(F)(F)F)N1CCCC12CCC2,True,4.232400000000004,1.0650000000000022,0.12162162162162163,False,True
3.0,bin,18,0.9854800075292588,0.83024001121521,1.1407200038433076,540312,Cc1nn(C)c2nc(C3CC3)cc(C(=O)NCC(=O)NC(C)(C)C)c12,1.7986199999999997,CCC(C)n1nc(C)c2c(C(=O)NC(C)C)cc(C3CC3)nc21,True,3.726320000000003,1.9277000000000033,0.48484848484848486,False,True
3.0,bin,18,0.9854800075292588,0.83024001121521,1.1407200038433076,544381,Cc1nc(N2CCCC(C(=O)NC(C)C)C2)c2c(C)c(C)oc2n1,2.8890600000000006,CC=NC(=NCCCCOCCCC)N1CCCC(=O)NC(C)(C)CCC1=CC1=C(C)CCCCCCCCCCC=C(C)CCCCCOCC1C,True,12.075199999999986,9.186139999999986,0.09917355371900827,False,True
3.0,bin,18,0.9854800075292588,0.83024001121521,1.1407200038433076,544382,CCCNC(=O)C1CCCN(c2nc(C)nc3oc(C)c(C)c23)C1,2.8906600000000013,Cc1nc(N2CCCC(C)CCC2)c2c(C)c(C)oc2n1,True,4.164560000000003,1.273900000000002,0.5535714285714286,False,True
3.0,bin,18,0.9854800075292588,0.83024001121521,1.1407200038433076,550049,Cc1ccc(C)c(OCC(=O)Nc2cccc(-n3cnnc3)c2)c1,2.9016400000000013,CC(C)Sc1ccc(OCC(=O)Nc2cccc(-n3cnnc3)c2)cc1,True,3.785300000000002,0.8836600000000008,0.5833333333333334,False,True
3.0,bin,18,0.9854800075292588,0.83024001121521,1.1407200038433076,573533,Cc1nn(-c2ncc(C(F)(F)F)cc2Cl)c(=O)o1,2.2011199999999995,CC(C)c1nn(C=Nc2ccc(Cl)cc2C(C)(C)C)c(=O)o1,True,4.118700000000004,1.9175800000000045,0.22058823529411764,False,True
3.0,bin,18,0.9854800075292588,0.83024001121521,1.1407200038433076,582555,O=C(NCC(O)c1ccccc1)c1ccc2c(=O)n3c(nc2c1)CCC3,1.8061000000000003,CC(Cc1ccccc1)N(C)C(=O)c1ccc2c(=O)n3c(nc2c1)CCC3,True,3.0459000000000014,1.2398000000000011,0.5588235294117647,False,True
3.0,bin,18,0.9854800075292588,0.83024001121521,1.1407200038433076,588547,Cc1n[nH]c(C)c1NC(=O)CCc1ccc(Cl)cc1Cl,3.9046400000000023,C#CC(NC(=O)CC(c1ccccc1)C(C)C)C(C)=NNC(C)(C)C,True,3.6983000000000024,-0.20633999999999997,0.1282051282051282,False,True
3.0,bin,18,0.9854800075292588,0.83024001121521,1.1407200038433076,607673,CCCN(CC1CC1)S(=O)(=O)c1ccccc1F,2.636400000000001,CC(C)CN(CC1CC1)S(=O)(=O)c1cc(Br)ccc1F,True,3.6449000000000025,1.0085000000000015,0.5098039215686274,False,True
3.0,bin,18,0.9854800075292588,0.83024001121521,1.1407200038433076,617681,Cc1cc(C(=O)Nc2nc(-c3ccncc3)cs2)nn1C(C)C,3.5432200000000016,C=S1C(C(C)C)=C(C(C)C)N=CC1(N)C=CC(=O)NC1=NC=CC1,True,2.938600000000001,-0.6046200000000006,0.15853658536585366,False,True
3.0,bin,18,0.9854800075292588,0.83024001121521,1.1407200038433076,650267,COc1ccc2oc(C(=O)NC3CCCCNC3=O)c(C)c2c1,2.14832,CC(C)(C)c1ccc2oc(C(=O)NC3CCCNC3=O)c(F)c2c1,True,2.8778000000000006,0.7294800000000006,0.5454545454545454,False,True
3.0,bin,18,0.9854800075292588,0.83024001121521,1.1407200038433076,668639,Cc1cc(NC(=O)c2ccccc2Cl)ncc1N,2.8779200000000005,CCCCOc1ccccc1C(=O)Nc1ccc(Cl)cn1,True,4.1662000000000035,1.288280000000003,0.40350877192982454,False,True
3.0,bin,18,0.9854800075292588,0.83024001121521,1.1407200038433076,673160,CCC(=O)Nc1ccc2oc(C(F)(F)F)cc(=O)c2c1,3.160300000000001,Cc1cc(=O)cc2oc(C(=O)N(CCC(F)(F)F)C(C)C)ccc1-2,True,3.8560200000000036,0.6957200000000023,0.2112676056338028,False,True
3.0,bin,18,0.9854800075292588,0.83024001121521,1.1407200038433076,711169,Cc1cccc(C(C)C)c1NC(=O)N(C)Cc1ccncc1,4.177320000000003,CCC1C=CC=C(NC(=O)N(CC)Cc2ccncc2)CC=CCC1C,True,5.065500000000005,0.8881800000000029,0.3194444444444444,False,True
3.0,bin,18,0.9854800075292588,0.83024001121521,1.1407200038433076,720969,Cc1noc(C)c1CCC(=O)OCC(=O)N1c2ccccc2CC1C,2.7450400000000013,CCC1CC(=O)OC(C)c2c(C)noc2-c2ccccc2CCC(=O)N1,True,3.4853200000000015,0.7402800000000003,0.25925925925925924,False,True
3.0,bin,18,0.9854800075292588,0.83024001121521,1.1407200038433076,730789,COC(=O)C1CCN(C(=O)c2cc3ccc(F)cc3nc2C)CC1,2.7075200000000006,Cc1nc2ccc(Cl)cc2cc1C(=O)N1CCCCC1,True,3.822720000000003,1.1152000000000024,0.423728813559322,False,True
3.0,bin,18,0.9854800075292588,0.83024001121521,1.1407200038433076,738178,Cc1ccc(-n2ccnc2SCc2nc(C3CC3)no2)cc1C,4.041840000000003,ClC(Cl)(Cl)C=CC=CC1=NOC(=NCC2CC2)CSc2nccn21,True,4.458100000000003,0.4162599999999994,0.17647058823529413,False,True
3.0,bin,18,0.9854800075292588,0.83024001121521,1.1407200038433076,771897,COc1ccccc1OCC(=O)N(C)Cc1sccc1C,3.102520000000002,Cc1cc(C)c(OCC(=O)N(C)Cc2sccc2C)c(C)c1,True,4.019180000000004,0.916660000000002,0.6326530612244898,False,True
3.0,bin,18,0.9854800075292588,0.83024001121521,1.1407200038433076,811446,COC(=O)C1(NC(=O)c2cc(Br)c[nH]2)CCCCCC1,2.7730000000000006,CC1CCCCC(NC(=O)c2cc(Br)c[nH]2)C1,True,3.4758000000000013,0.7028000000000008,0.4339622641509434,False,True
3.0,bin,18,0.9854800075292588,0.83024001121521,1.1407200038433076,848291,CCC(C)NC(=O)NCc1noc(-c2cccs2)n1,2.3958000000000004,CCC(CC)C(=O)NCc1noc(-c2cccs2)n1,True,2.850500000000001,0.45470000000000077,0.7115384615384616,False,False
3.0,bin,18,0.9854800075292588,0.83024001121521,1.1407200038433076,863440,COc1ccc(-c2nc(CCCO)cs2)cc1OC,2.752200000000001,CC(C)COc1cc(-c2csc(CCO)n2)ccc1F,True,3.5188000000000024,0.7666000000000013,0.3225806451612903,False,True
3.0,bin,18,0.9854800075292588,0.83024001121521,1.1407200038433076,864663,N#Cc1ccc(-c2cc(F)ccc2F)nc1N1CCCC1,3.498680000000002,FC(F)(F)c1ccccc1-c1ccc(N2CCCC2)nc1,True,4.367600000000003,0.868920000000001,0.23333333333333334,False,True
3.0,bin,18,0.9854800075292588,0.83024001121521,1.1407200038433076,872100,CCc1cccc(C)c1NCC(O)c1ccc2c(c1)OCCO2,3.474120000000002,ClCSc1ccccc1NCC(Cl)c1ccc2c(c1)OCCO2,True,5.138200000000003,1.6640800000000011,0.359375,False,True
3.0,bin,18,0.9854800075292588,0.83024001121521,1.1407200038433076,886334,COc1ccc(C(=O)N2CCCC(C(=O)N3CCCCC3)C2)c(O)c1,2.2655000000000003,CC1CN2CCCCC(=O)N1CC=CC=CCCCCCC2=O,True,3.292500000000002,1.027000000000002,0.19117647058823528,False,True
3.0,bin,18,0.9854800075292588,0.83024001121521,1.1407200038433076,887387,COCCNC(=O)N(Cc1cccc(F)c1)CC1CCCO1,2.1627,CCN(Cc1ccc(C(F)(F)F)cc1)C(=O)NCC1CCCO1,True,3.4159000000000015,1.2532000000000014,0.43478260869565216,False,True
3.0,bin,18,0.9854800075292588,0.83024001121521,1.1407200038433076,889149,N#Cc1ccc(NC(=O)c2ccc(Br)cc2Cl)nc1,3.621480000000001,O=C(Nc1ccc(C(F)(F)F)cn1)c1cc(C(F)(F)F)ccc1Cl,True,5.0249000000000015,1.4034200000000006,0.41818181818181815,False,True
3.0,bin,18,0.9854800075292588,0.83024001121521,1.1407200038433076,913483,O=C(CNC(=O)NCCc1c(Cl)cccc1Cl)NC1CC1,2.1137000000000006,CC1=CC=C(Cl)C=CCC2CC2C(NC(=O)CC(C)C)C(=O)N1,True,3.256000000000001,1.1423000000000005,0.17333333333333334,False,True
3.0,bin,18,0.9854800075292588,0.83024001121521,1.1407200038433076,917620,C=CCN(Cc1ccccc1OC)C(=O)c1csc(C)n1,3.288520000000002,C=C(C)CN(Cc1ccccc1Cl)C(=O)c1csc(C)n1,True,4.323420000000004,1.0349000000000022,0.5344827586206896,False,True
3.0,bin,18,0.9854800075292588,0.83024001121521,1.1407200038433076,918312,CCOc1ccc(Cl)c(C(=O)N2CCN(c3ncccn3)CC2)n1,1.8860999999999997,CC(C)C=CC1=NC(N2CCN(C(=O)c3ccccn3)CC2)=NCC1C,True,2.4983000000000004,0.6122000000000007,0.28,False,True
3.0,bin,18,0.9854800075292588,0.83024001121521,1.1407200038433076,922879,CC(=O)c1ccc(N2CCN(Cc3c(F)cccc3F)CC2)cc1,3.489600000000003,ClCl,True,1.379,-2.110600000000003,0.0,False,True
3.0,bin,18,0.9854800075292588,0.83024001121521,1.1407200038433076,927535,COc1cc(CN2CCN(c3ccccc3F)CC2)ccc1O,2.862100000000002,FC(F)Cl,True,1.4478,-1.4143000000000021,0.02127659574468085,False,True
3.0,bin,18,0.9854800075292588,0.83024001121521,1.1407200038433076,927567,Cc1ccccc1N1CCN(Cc2cccc(O)c2)CC1,3.022820000000001,Clc1ccc(CN2CCN(c3ccccc3Cl)CC2)cc1,True,4.3156000000000025,1.2927800000000014,0.4444444444444444,False,True
3.0,bin,18,0.9854800075292588,0.83024001121521,1.1407200038433076,938108,CC(c1ccccc1)N(C)C(=O)CCC(=O)Nc1nccs1,3.0814000000000012,CC(C)(C)N(C=CC=CS)C(=O)CCC(=O)N1C=CC1,True,2.706800000000001,-0.37460000000000004,0.15492957746478872,False,True
3.0,bin,18,0.9854800075292588,0.83024001121521,1.1407200038433076,943303,CN(CCCOc1ccccc1)C(=O)Nc1cccc2c1OCCO2,3.390600000000002,CCN(C(=O)Nc1ccc2cc1OCC2)C(C)CCOc1ccc(C)cc1,True,4.641320000000005,1.250720000000003,0.34210526315789475,False,True
3.0,bin,18,0.9854800075292588,0.83024001121521,1.1407200038433076,946289,CC(NC(=O)C1(c2cc(-c3ccco3)on2)CC1)c1ccccc1,3.843600000000002,C=CC=CC(Cl)N(C(=O)C(C)c1cc(-c2ccco2)on1)C(C)C,True,4.582200000000005,0.7386000000000026,0.3424657534246575,False,True
3.0,bin,18,0.9854800075292588,0.83024001121521,1.1407200038433076,994077,Cc1nnc(Cn2c(-c3cccc(Br)c3)noc2=O)o1,2.0055199999999997,CC(C)CCC=NN=CCn1c(-c2ccc(F)cc2)noc1=O,True,3.135200000000002,1.1296800000000022,0.29850746268656714,False,True
3.0,bin,18,0.9854800075292588,0.83024001121521,1.1407200038433076,1065620,O=C(NCc1cccnc1Oc1ccccc1)c1cccnc1,3.198900000000002,CC(c1cccnc1)N(C)C(=O)c1cccnc1Oc1ccc(F)cc1,True,4.241200000000004,1.0423000000000018,0.34328358208955223,False,True
3.0,bin,18,0.9854800075292588,0.83024001121521,1.1407200038433076,1093926,CN(C(=O)CNc1cccc(OCC2CCCO2)c1)c1ccccc1,3.319300000000002,Cc1cc(Cl)ccc1NCC(=O)N(C)c1cccc(C2CCCO2)c1,True,4.574820000000003,1.2555200000000015,0.4520547945205479,False,True
3.0,bin,18,0.9854800075292588,0.83024001121521,1.1407200038433076,1107920,CCc1ccc(-n2cc(C(=O)NC(C)c3ccccc3)nn2)cc1,3.320700000000002,CC(C)CC(NC(=O)c1cn(-c2ccc(Cl)cc2)nn1)c1ccccc1,True,4.437900000000003,1.1172000000000004,0.5964912280701754,False,True
3.0,bin,18,0.9854800075292588,0.83024001121521,1.1407200038433076,1113130,CC(NC(=O)Cn1nnnc1C(C)(C)C)c1cccc2ccccc12,3.0012000000000016,CCCC(c1cccc2ccccc12)N(CC(C)C)C(=O)CC,True,5.575600000000005,2.5744000000000034,0.3230769230769231,False,True
3.0,bin,18,0.9854800075292588,0.83024001121521,1.1407200038433076,1121751,COC(=O)Cn1ccc(NS(=O)(=O)c2ccc(F)c(F)c2F)n1,1.2742,O=S(=O)(Nc1cc[nH]n1)c1cc(C(F)(F)F)ccc1F,True,2.3684000000000003,1.0942000000000003,0.30158730158730157,False,True
3.0,bin,18,0.9854800075292588,0.83024001121521,1.1407200038433076,1142531,CCOC(C)C(=O)NCCc1csc(-c2ccc(C)cc2)n1,3.2022200000000014,O=C(CCC(F)(F)F)NCCc1csc(-c2ccc(Cl)cc2)n1,True,4.464700000000003,1.2624800000000018,0.45161290322580644,False,True
3.0,bin,18,0.9854800075292588,0.83024001121521,1.1407200038433076,1212157,CN(Cc1ccc(F)c(F)c1)C(=O)c1cncc(-c2cnn(C)c2)c1,3.0325000000000015,Cn1cc(-c2cncc(C(=O)N(Cc3ccccc3)C(C)(C)C)c2)cn1,True,3.9230000000000027,0.8905000000000012,0.5573770491803278,False,True
3.0,bin,18,0.9854800075292588,0.83024001121521,1.1407200038433076,1215394,CCn1nc(C)cc1C(=O)Oc1cccc(NC(=O)C(C)C)c1,3.025120000000001,CCn1nc(C(C)(C)C)cc1C(=O)Oc1cccc(OC(F)F)c1,True,4.021100000000003,0.9959800000000021,0.4838709677419355,False,True
3.0,bin,18,0.9854800075292588,0.83024001121521,1.1407200038433076,1232922,CC(C)(C)OC(=O)NC1CCCN(S(=O)(=O)N2CCOCC2)C1,0.5525000000000011,CC(C)N1C(C)CCCCOCCC2CCCCN(C2)S1(=O)=O,True,3.022800000000002,2.470300000000001,0.22388059701492538,False,True
3.0,bin,18,0.9854800075292588,0.83024001121521,1.1407200038433076,1238973,FC(F)(F)c1cnc(N2CCn3c(nnc3C3CC3)C2)c(Cl)c1,3.2429000000000023,CC(C)C1=CCS2(C(C)(C)Cl)NC2(NCc2cnc(C3CC3)[nH]2)N1,True,3.4288000000000016,0.1858999999999993,0.14285714285714285,False,True
3.0,bin,18,0.9854800075292588,0.83024001121521,1.1407200038433076,1299495,Cc1cc(CC(=O)N2CCCC2C(C#N)c2ccccc2)no1,2.823900000000001,CC(C)(C)c1cc(CC(=O)N2CCCC2C(C#N)c2ccccc2)no1,True,3.812980000000003,0.9890800000000022,0.7796610169491526,False,True
3.0,bin,18,0.9854800075292588,0.83024001121521,1.1407200038433076,1309906,CC(C)CC(NC(=O)c1cc(=O)c2ccccc2o1)C(=O)OC(C)C,2.8891000000000018,CCC(CC)C(C)(C)NC(=O)c1cc(=O)c2cc(F)cc(F)c2o1,True,4.015800000000003,1.1267000000000014,0.2898550724637681,False,True
3.0,bin,18,0.9854800075292588,0.83024001121521,1.1407200038433076,1362816,COCc1cccc(C(=O)NC2CC2c2cccc(Cl)c2)c1,3.772300000000002,O=C(NC1CC1c1cccc(Cl)c1Cl)C(F)C=CC=CCl,True,4.612300000000002,0.8399999999999999,0.2638888888888889,False,True
3.0,bin,18,0.9854800075292588,0.83024001121521,1.1407200038433076,1441838,COCC(=O)NC(C(=O)Nc1cccc(-c2nccs2)c1)C(C)C,2.5358,CCN(CC)C(=O)NC(C)c1cccc(-c2nccs2)c1,True,3.922500000000003,1.386700000000003,0.46153846153846156,False,True
3.0,bin,18,0.9854800075292588,0.83024001121521,1.1407200038433076,1450449,CCCNC(=O)CSc1nc2c(cc1C#N)CCCC2,2.450380000000001,C=CCC(C#N)c1cnc(SCC(=C)C)c(C(C)=O)c1,True,4.135680000000004,1.6853000000000034,0.22972972972972974,False,True
3.0,bin,18,0.9854800075292588,0.83024001121521,1.1407200038433076,1451910,O=S(=O)(NCc1nnc2ccccn12)c1ccc(F)c(F)c1,1.4859999999999995,O=S(=O)(NCc1nnc2c(C(F)(F)F)cccn12)c1ccccc1,True,2.2266000000000004,0.7406000000000008,0.47368421052631576,False,True
3.0,bin,18,0.9854800075292588,0.83024001121521,1.1407200038433076,1479798,Cc1nc(C)c(CCC(=O)N(CC(C)C)CC(F)(F)F)c(=O)[nH]1,2.3662400000000003,CCCC1N=C(C)NC(=O)C(C)C(C)(C)N(C(C)C)C(=O)CC1C,True,3.3812000000000024,1.014960000000002,0.12987012987012986,False,True
3.0,bin,18,0.9854800075292588,0.83024001121521,1.1407200038433076,1507926,COC(=O)C(C)NC(=O)Cc1csc(-c2ccccc2Cl)n1,2.6837,CC(C)CNC(=O)Cc1csc(-c2ccccc2Cl)n1,True,3.7782000000000027,1.0945000000000027,0.6862745098039216,False,True
3.0,bin,18,0.9854800075292588,0.83024001121521,1.1407200038433076,1527882,Nc1ncccc1C(=O)Nc1ccc2cn[nH]c2c1,1.7923999999999998,O=C(Nc1ccc2[nH]ncc2c1Br)c1cccnc1,True,2.9727000000000006,1.1803000000000008,0.31746031746031744,False,True
3.0,bin,18,0.9854800075292588,0.83024001121521,1.1407200038433076,1532848,COc1ccc(-c2ccc3c(=O)[nH]cnc3c2)cc1Cl,3.2521000000000013,CC(=CC=Cc1cnc[nH]c1=O)c1ccc(Cl)c(C(F)(F)F)c1C,True,4.867220000000002,1.615120000000001,0.22535211267605634,False,True
3.0,bin,18,0.9854800075292588,0.83024001121521,1.1407200038433076,1548351,COc1cc(OC)c2c(c1)C(c1cnccn1)NCC2,1.7288999999999999,Clc1cc(Br)c2c(c1)CCNC2c1cnccn1,True,3.127600000000002,1.398700000000002,0.4107142857142857,False,True
3.0,bin,18,0.9854800075292588,0.83024001121521,1.1407200038433076,1570134,COc1cccc(C(C)N2CCN(C(=O)c3ccc(O)cc3)CC2)c1,2.9198000000000013,CCC(c1cccc(OC)c1)N1CCN(C(=O)c2ccc(C)cc2)CC1,True,3.912720000000003,0.9929200000000016,0.6181818181818182,False,True
3.0,bin,18,0.9854800075292588,0.83024001121521,1.1407200038433076,1611406,CC(C)(C)N1CC(NC(=O)C2COc3ccc(F)cc3C2)CC1=O,1.8923999999999994,CCC1c2cc(Cl)ccc2OCCC1NC(=O)C1CCC(C)C1,True,4.537100000000004,2.6447000000000047,0.25,False,True
3.0,bin,18,0.9854800075292588,0.83024001121521,1.1407200038433076,1612684,CCCC1CN(C(=O)Nc2ccn(CCC(C)C)n2)CCO1,2.9620000000000015,CC(C)CCn1ccc(NC(=O)N2CCCCCOC(C(C)C)C2)n1,True,3.9882000000000035,1.026200000000002,0.6349206349206349,False,True
3.0,bin,18,0.9854800075292588,0.83024001121521,1.1407200038433076,1639675,CCC(CC)c1nnc(NC(=O)c2scnc2C2CC2)s1,4.0279000000000025,CC(CS)CCc1ncsc1C(=O)NC1=NN=CSC(C2CC2)C1,True,3.628700000000002,-0.39920000000000044,0.3026315789473684,False,True
3.0,bin,18,0.9854800075292588,0.83024001121521,1.1407200038433076,1675660,COc1ccnc(NC(=O)c2cccc(Cl)c2)c1,2.9959000000000007,O=C(Nc1cccc(C(F)(F)F)n1)c1c(F)cccc1Cl,True,4.145200000000001,1.1493000000000002,0.26229508196721313,False,True
3.0,bin,18,0.9854800075292588,0.83024001121521,1.1407200038433076,1689728,CCc1noc(CSc2ncnc3sc(C)cc23)n1,3.237420000000002,Cc1nc(SCc2nc(C(C)(C)C)no2)c2cc(C)sc2n1,True,4.280940000000004,1.0435200000000018,0.5087719298245614,False,True
3.0,bin,18,0.9854800075292588,0.83024001121521,1.1407200038433076,1720876,CC(C)(C)CC(=O)NCC(=O)Nc1ccc2c(c1)COC2,2.2077,CC(CC(F)(F)F)C(=O)Nc1ccc2c(c1)COC2C,True,3.804800000000003,1.5971000000000029,0.31746031746031744,False,True
3.0,bin,18,0.9854800075292588,0.83024001121521,1.1407200038433076,1757109,CC(C)Cc1ncc(CNc2ccc3c(c2)COC3)s1,3.983900000000003,ClC(Cl)(Cl)Cl,True,2.5529,-1.4310000000000027,0.0,False,True
3.0,bin,18,0.9854800075292588,0.83024001121521,1.1407200038433076,1774061,O=C1NCCCc2[nH]c(-c3cccc4[nH]ccc34)nc21,2.234,CCNC(=O)c1c(C2=C(N=CC(C)C)NCC2)[nH]c2ccccc12,True,3.306300000000002,1.072300000000002,0.175,False,True
3.0,bin,18,0.9854800075292588,0.83024001121521,1.1407200038433076,1800687,Cc1nn(C)c(-c2nc(-c3cccnn3)no2)c1Cl,1.8889199999999997,CCC(CC)n1nc(C)cc1-c1nc(-c2ccc(F)nn2)no1,True,3.1987200000000016,1.3098000000000019,0.3230769230769231,False,True
3.0,bin,18,0.9854800075292588,0.83024001121521,1.1407200038433076,1815867,FC(F)(F)c1ccc(CN2CCOCC2c2ncon2)cc1,2.661900000000001,ClCl,True,1.379,-1.282900000000001,0.022222222222222223,False,True
3.0,bin,18,0.9854800075292588,0.83024001121521,1.1407200038433076,1828580,Cc1ccc(N2CC3OCC(=O)N(Cc4cccc(F)c4)C3C2)nn1,1.54032,CC(C)(C)C=CC=C(N=N)N1CC2OCC(=O)N(Cc3ccccc3)C2C1,True,3.5728700000000027,2.0325500000000027,0.3670886075949367,False,True
3.0,bin,18,0.9854800075292588,0.83024001121521,1.1407200038433076,1836183,CCc1ccc(C(=O)NCc2nccc(N(C)C)n2)cc1,2.035,CC(C)Sc1ccccc1C(=O)NCc1nccc(N(C)C)n1,True,2.9731000000000005,0.9381000000000004,0.5357142857142857,False,True
3.0,bin,18,0.9854800075292588,0.83024001121521,1.1407200038433076,1842499,COc1ccccc1COc1ccccc1-c1cnn(CCO)c1,3.1300000000000017,Fc1cc(OCc2cnn(Cc3ccccc3)c2)ccc1Cl,True,4.302900000000003,1.1729000000000012,0.23880597014925373,False,True
3.0,bin,18,0.9854800075292588,0.83024001121521,1.1407200038433076,1865564,COC(CNC(=O)c1ccoc1)c1cccc(F)c1,2.536200000000001,COC=CC(=O)NCC(Cc1cccc(F)c1)C(F)(F)F,True,2.8230000000000013,0.2868000000000004,0.3283582089552239,False,True
3.0,bin,18,0.9854800075292588,0.83024001121521,1.1407200038433076,1868773,CCCOc1ccc(Cl)c2c1CCNC2C1CC(=O)C1,3.2947000000000015,CC=CCCCC=C1C=C(C(C)(C)C)C=CC1F,True,5.539600000000005,2.244900000000004,0.0958904109589041,False,True
3.0,bin,18,0.9854800075292588,0.83024001121521,1.1407200038433076,1873123,CCC1OC(=O)c2c(OC)ccc(Br)c21,3.079200000000002,CC(C)c1nc(=O)c2c(Br)cc(Cl)cc2o1,True,3.7273000000000023,0.6481000000000003,0.17543859649122806,False,True
3.0,bin,18,0.9854800075292588,0.83024001121521,1.1407200038433076,1875028,Cc1cccc(C)c1NCC(=O)N1CCCC2CCCCC21,3.8965400000000034,CC1CCCC12CCCN2C(=O)CNC1=CC=CC(C)(C)CC1F,True,3.9653000000000027,0.06875999999999927,0.25,False,True
3.0,bin,18,0.9854800075292588,0.83024001121521,1.1407200038433076,1895921,CCC(CC)N(C)C(=O)CC1OC(=O)c2ccccc21,2.935200000000002,CCC(CC)CCCC(=O)N(C)CC1OC(=O)c2ccccc21,True,3.9630000000000036,1.0278000000000018,0.5471698113207547,False,True
3.0,bin,18,0.9854800075292588,0.83024001121521,1.1407200038433076,1907077,Cc1ccc2[nH]nc(C(=O)Nc3nc(-c4ccco4)cs3)c2c1,3.8401200000000015,C=C1C2=CC(C)(C)CC(C)(NC(=O)c3ncc[nH]3)SC=CC1OC=C2,True,3.9276000000000026,0.08748000000000111,0.1368421052631579,False,True
3.0,bin,18,0.9854800075292588,0.83024001121521,1.1407200038433076,1913063,Cc1nn(C)c(C)c1CN(C(=O)c1cn2cccc(C)c2n1)C1CC1,2.797860000000001,C=CC(C(=O)NCc1cccccn(C)nc1C)C(C)=NNCCC,True,2.646820000000001,-0.15104000000000006,0.17582417582417584,False,True
3.0,bin,18,0.9854800075292588,0.83024001121521,1.1407200038433076,1922265,CN(CCNC(=O)c1ccc2c(c1)ncn2C)c1ccccc1,2.4395000000000007,CC(C)n1cnc2cc(C(=O)N(C)CCNc3ccccc3)ccc21,True,3.801300000000003,1.3618000000000023,0.4393939393939394,False,True
3.0,bin,19,1.2959600001573564,1.1407200038433076,inf,32052,COc1ccccc1CNC(=O)Cc1c[nH]c2ccccc12,3.035400000000001,O=C(Cc1c[nH]c2ccccc12)NCc1ccc(Cl)c(C(F)(F)F)c1,True,4.6990000000000025,1.6636000000000015,0.5087719298245614,False,True
3.0,bin,19,1.2959600001573564,1.1407200038433076,inf,116747,COCCSc1ccccc1C(=O)Nc1cccc(C)n1,3.3808200000000017,CSc1ccc(Cl)c(C(=O)Nc2nc(C)ccc2Cl)c1,True,4.671020000000002,1.2902000000000005,0.29508196721311475,False,True
3.0,bin,19,1.2959600001573564,1.1407200038433076,inf,131060,CS(=O)(=O)NCCc1csc(-c2ccc(F)cc2)n1,2.0408999999999997,FC(F)OCCc1csc(-c2ccc(Cl)cc2)n1,True,4.245200000000002,2.2043000000000026,0.39622641509433965,False,True
3.0,bin,19,1.2959600001573564,1.1407200038433076,inf,131949,CCc1c(C)nc(SCC(=O)NC(C)C)[nH]c1=O,1.25742,CCCCN(C(=O)CSc1nc(CC)cc(=O)[nH]1)C(C)CC,True,2.8516000000000012,1.5941800000000013,0.328125,False,True
3.0,bin,19,1.2959600001573564,1.1407200038433076,inf,158879,COc1ccc(CC(=O)OCC(=O)c2c[nH]c3ccccc23)cc1,3.145100000000001,CC(C)(C)C(C(=O)OCC(=O)c1c[nH]c2ccccc12)c1ccccc1,True,4.723700000000004,1.5786000000000024,0.5178571428571429,False,True
3.0,bin,19,1.2959600001573564,1.1407200038433076,inf,232056,COCCNC(=O)c1cc(=O)c2cc(C)ccc2o1,1.4776199999999993,CCCCCNC(=O)c1cc(=O)c2cc(C)ccc2o1,True,3.0214200000000018,1.5438000000000025,0.723404255319149,False,True
3.0,bin,19,1.2959600001573564,1.1407200038433076,inf,235788,O=C(Cn1nc(-c2ccco2)oc1=O)NCC(F)(F)F,0.7747999999999999,C=C(F)C=C1OC(c2ccco2)=NN1C(=O)CCCCC,True,3.704900000000002,2.930100000000002,0.29577464788732394,False,True
3.0,bin,19,1.2959600001573564,1.1407200038433076,inf,236081,CC(=O)c1c(C)[nH]c(C(=O)CSc2nc(C(C)C)n[nH]2)c1C,3.0506400000000014,CCCC(C)c1n[nH]c(SCC(=O)c2sc(C(C)C)nc2C)n1,True,4.571620000000004,1.5209800000000024,0.42857142857142855,False,True
3.0,bin,19,1.2959600001573564,1.1407200038433076,inf,281081,O=C(Cn1cccn1)NCc1cccnc1Oc1ccc(F)cc1F,2.665000000000001,C=C(F)C=C(F)C=C(NC(=O)Cn1cccc1Cn1cccn1)C(C)C,True,3.7256000000000027,1.0606000000000018,0.2926829268292683,False,True
3.0,bin,19,1.2959600001573564,1.1407200038433076,inf,284170,COc1ccc(-c2nc(CC(=O)Nc3cccc(C)n3)cs2)cc1,3.7033200000000024,CC(C)(C)c1ccc(-c2nc(CC(=O)Nc3ccccn3)cs2)cc1,True,4.683800000000003,0.9804800000000009,0.5409836065573771,False,True
3.0,bin,19,1.2959600001573564,1.1407200038433076,inf,288369,Cc1ccc(NCc2nnc3n2CCCCC3)cc1C,3.2334400000000016,ClCl,True,1.379,-1.8544400000000016,0.0,False,True
3.0,bin,19,1.2959600001573564,1.1407200038433076,inf,302889,COc1ccc(OC)c(NC(=O)CCNC(=O)c2cccs2)c1,2.5239000000000003,O=C(CCNC(=O)c1scc(C(F)(F)F)c1Cl)c1ccccc1,True,4.423100000000003,1.899200000000003,0.2753623188405797,False,True
3.0,bin,19,1.2959600001573564,1.1407200038433076,inf,327141,COc1ccc(OC)c(S(=O)(=O)Nc2ccn(C)n2)c1,1.2381,CNC=CC(Cl)(Cl)NS(=O)(=O)c1ccc(Cl)cc1,True,2.482800000000001,1.244700000000001,0.14516129032258066,False,True
3.0,bin,19,1.2959600001573564,1.1407200038433076,inf,327382,CNC(=O)C1CN(C(=O)c2c(C)noc2C)c2ccccc2O1,1.4452399999999996,Cc1noc(C)c1C(=O)N1CC(OCC(C)C)Oc2ccccc21,True,3.329340000000002,1.8841000000000023,0.6,False,True
3.0,bin,19,1.2959600001573564,1.1407200038433076,inf,406491,COCCNC(=O)C1CCCN(S(=O)(=O)N2CCOCC2)C1,-0.9619999999999964,CCC1CCCCN1S(=O)(=O)N1CCOCC1,True,0.8279000000000001,1.7898999999999965,0.35714285714285715,False,False
3.0,bin,19,1.2959600001573564,1.1407200038433076,inf,413951,O=C(Cn1ncn2cccc2c1=O)N1CCCCCC1,0.8985999999999996,CCCC1NN=C(C(=O)N2CCCC(C)C2)n2cccc2C1=O,True,1.8627999999999993,0.9641999999999997,0.24324324324324326,False,True
3.0,bin,19,1.2959600001573564,1.1407200038433076,inf,427929,CCNc1nc(NCc2ccccc2Cl)c2cnn(C)c2n1,3.060600000000001,FC(F)(F)CN1CC(N2C(Cl)=CN=CC2C(F)(F)F)=CC=N1,True,3.0890000000000013,0.028400000000000425,0.08860759493670886,False,True
3.0,bin,19,1.2959600001573564,1.1407200038433076,inf,447130,CCC(NC(=O)C1CCN(C(=O)C2CC2)CC1)c1ccc(C)cc1,3.2109200000000016,CCCCCC1CCN(C(=O)C2CCN(C(C)c3ccc(C)cc3)CC2)C1,True,5.196820000000005,1.9859000000000036,0.4666666666666667,False,True
3.0,bin,19,1.2959600001573564,1.1407200038433076,inf,481908,CCNS(=O)(=O)c1ccc(C)c(C(=O)Nc2ncccc2C)c1,2.24894,Cc1cccnc1NC(=O)c1cc(Cl)cc(Br)c1,True,4.058220000000001,1.809280000000001,0.45614035087719296,False,True
3.0,bin,19,1.2959600001573564,1.1407200038433076,inf,485220,Cc1nn(CC(=O)N2CCN(C)CC2)c(C)c1Br,1.03644,CCCCC(CNC(=O)C(C)N1N=C(C)C1Br)C(C)(C)C,True,3.7561000000000027,2.719660000000003,0.16417910447761194,False,True
3.0,bin,19,1.2959600001573564,1.1407200038433076,inf,526363,Cc1nnc(SCC(=O)Nc2ccc(O)cc2)n(N)c1=O,0.09692,C=C(C)Cn1c(C)nnc1SCC(=O)Nc1ccc(F)cc1,True,3.0325200000000008,2.935600000000001,0.45,False,True
3.0,bin,19,1.2959600001573564,1.1407200038433076,inf,536853,COc1ccc(C2CCCN2C(=O)C2CCC2)c(OC)c1,3.1674000000000015,O=C(CC1CCCO1)N1CCCC1c1c(Cl)cc(Cl)cc1Cl,True,4.879400000000004,1.7120000000000024,0.25757575757575757,False,True
3.0,bin,19,1.2959600001573564,1.1407200038433076,inf,540312,Cc1nn(C)c2nc(C3CC3)cc(C(=O)NCC(=O)NC(C)(C)C)c12,1.7986199999999997,CCCC(CCC)NC(=O)c1cc(C2CC2)nc2c1c(C)nn2C,True,3.8527200000000024,2.0541000000000027,0.6065573770491803,False,True
3.0,bin,19,1.2959600001573564,1.1407200038433076,inf,544381,Cc1nc(N2CCCC(C(=O)NC(C)C)C2)c2c(C)c(C)oc2n1,2.8890600000000006,Cc1nc(N2CCC(OC(C)(C)C)CC2)c2c(Cl)c(C)oc2n1,True,4.276940000000003,1.3878800000000027,0.36923076923076925,False,True
3.0,bin,19,1.2959600001573564,1.1407200038433076,inf,544382,CCCNC(=O)C1CCCN(c2nc(C)nc3oc(C)c(C)c23)C1,2.8906600000000013,CCCCCC1CCCN(C=NC(C)=Nc2oc(C)c(C)c2C(C)=N)C1,True,5.654710000000006,2.7640500000000046,0.26506024096385544,False,True
3.0,bin,19,1.2959600001573564,1.1407200038433076,inf,550049,Cc1ccc(C)c(OCC(=O)Nc2cccc(-n3cnnc3)c2)c1,2.9016400000000013,Cc1c(OC(C)(O)Nc2cccc3nc[nH]c23)ccc(Cl)c1C(C)(C)C,True,4.9791200000000035,2.077480000000002,0.16049382716049382,False,True
3.0,bin,19,1.2959600001573564,1.1407200038433076,inf,573533,Cc1nn(-c2ncc(C(F)(F)F)cc2Cl)c(=O)o1,2.2011199999999995,CCn1oc(=O)c(C(F)(F)F)c1N=C[SH]1C(Cl)=C1C(C)C,True,4.218500000000002,2.017380000000003,0.17391304347826086,False,True
3.0,bin,19,1.2959600001573564,1.1407200038433076,inf,582555,O=C(NCC(O)c1ccccc1)c1ccc2c(=O)n3c(nc2c1)CCC3,1.8061000000000003,C=C1C=C(F)C=CC(CC)C2=CN3C(=O)CC=C(C(=O)NCC1)C3C=C2,True,3.479300000000001,1.673200000000001,0.10309278350515463,False,True
3.0,bin,19,1.2959600001573564,1.1407200038433076,inf,588547,Cc1n[nH]c(C)c1NC(=O)CCc1ccc(Cl)cc1Cl,3.9046400000000023,Cc1cc(C(F)(F)F)ccc1SC(C)CC(=O)NC(C)(C)CC=N[NH],True,4.438120000000003,0.5334800000000008,0.15,False,True
3.0,bin,19,1.2959600001573564,1.1407200038433076,inf,607673,CCCN(CC1CC1)S(=O)(=O)c1ccccc1F,2.636400000000001,CCCCN(C=O)CC1CCC1S,True,1.9533,-0.6831000000000009,0.2,False,True
3.0,bin,19,1.2959600001573564,1.1407200038433076,inf,617681,Cc1cc(C(=O)Nc2nc(-c3ccncc3)cs2)nn1C(C)C,3.5432200000000016,C=CC(C)(C)C1N=CC=C1SCCN=CNC(=O)C1=NNC(C)C1,True,2.151,-1.3922200000000018,0.10752688172043011,False,True
3.0,bin,19,1.2959600001573564,1.1407200038433076,inf,650267,COc1ccc2oc(C(=O)NC3CCCCNC3=O)c(C)c2c1,2.14832,CC(C)(C)C1=COC2=CC=C(C(=O)NC3CCCNC3=O)C21,True,1.7814999999999999,-0.36682000000000015,0.3611111111111111,False,True
3.0,bin,19,1.2959600001573564,1.1407200038433076,inf,668639,Cc1cc(NC(=O)c2ccccc2Cl)ncc1N,2.8779200000000005,O=C(Nc1ccc(Cl)c(Cl)c1Cl)c1cccnc1,True,4.294100000000002,1.4161800000000015,0.2631578947368421,False,True
3.0,bin,19,1.2959600001573564,1.1407200038433076,inf,673160,CCC(=O)Nc1ccc2oc(C(F)(F)F)cc(=O)c2c1,3.160300000000001,CC(C)(C)CCCC(=O)Nc1ccc2oc(C(F)(F)F)cc2c1,True,5.606500000000004,2.446200000000003,0.509090909090909,False,True
3.0,bin,19,1.2959600001573564,1.1407200038433076,inf,711169,Cc1cccc(C(C)C)c1NC(=O)N(C)Cc1ccncc1,4.177320000000003,CC(C)c1cc(C(C)C)c(NC(=O)N(C)Cc2ccncc2)c(C(C)C)c1,True,6.115700000000006,1.938380000000003,0.673469387755102,False,True
3.0,bin,19,1.2959600001573564,1.1407200038433076,inf,720969,Cc1noc(C)c1CCC(=O)OCC(=O)N1c2ccccc2CC1C,2.7450400000000013,Cc1noc(C)c1CCCC(=O)N1CC(C)(C)c2ccccc21,True,3.9385400000000033,1.193500000000002,0.4411764705882353,False,True
3.0,bin,19,1.2959600001573564,1.1407200038433076,inf,730789,COC(=O)C1CCN(C(=O)c2cc3ccc(F)cc3nc2C)CC1,2.7075200000000006,CCCC(C)NC(=O)c1cc2cc(Br)ccc2nc1C,True,4.224120000000003,1.5166000000000022,0.2571428571428571,False,True
3.0,bin,19,1.2959600001573564,1.1407200038433076,inf,738178,Cc1ccc(-n2ccnc2SCc2nc(C3CC3)no2)cc1C,4.041840000000003,ClCl,True,1.379,-2.662840000000003,0.0,False,True
3.0,bin,19,1.2959600001573564,1.1407200038433076,inf,771897,COc1ccccc1OCC(=O)N(C)Cc1sccc1C,3.102520000000002,Cc1ccsc1CN(C)C(=O)COc1c(C)cc(C(C)C)cc1C,True,4.834160000000004,1.7316400000000023,0.5849056603773585,False,True
3.0,bin,19,1.2959600001573564,1.1407200038433076,inf,811446,COC(=O)C1(NC(=O)c2cc(Br)c[nH]2)CCCCCC1,2.7730000000000006,CC1CCCCC(NC(=O)c2cc(Br)c[nH]2)CC1,True,3.8659000000000026,1.092900000000002,0.4339622641509434,False,True
3.0,bin,19,1.2959600001573564,1.1407200038433076,inf,848291,CCC(C)NC(=O)NCc1noc(-c2cccs2)n1,2.3958000000000004,CC(C)CCCC(C)NC(=O)NCc1noc(-c2cccs2)n1,True,3.812100000000002,1.4163000000000014,0.7777777777777778,False,True
3.0,bin,19,1.2959600001573564,1.1407200038433076,inf,863440,COc1ccc(-c2nc(CCCO)cs2)cc1OC,2.752200000000001,C[SH]1C=C(Cl)N=C1C1=CC=CN(C(=O)OC(C)(C)C)C1,True,3.7580000000000027,1.0058000000000016,0.09333333333333334,False,True
3.0,bin,19,1.2959600001573564,1.1407200038433076,inf,864663,N#Cc1ccc(-c2cc(F)ccc2F)nc1N1CCCC1,3.498680000000002,ClC(Cl)(Cl)Cl,True,2.5529,-0.9457800000000018,0.0,False,True
3.0,bin,19,1.2959600001573564,1.1407200038433076,inf,872100,CCc1cccc(C)c1NCC(O)c1ccc2c(c1)OCCO2,3.474120000000002,ClCl,True,1.379,-2.095120000000002,0.0,False,True
3.0,bin,19,1.2959600001573564,1.1407200038433076,inf,886334,COc1ccc(C(=O)N2CCCC(C(=O)N3CCCCC3)C2)c(O)c1,2.2655000000000003,CC(C)(C)c1ccc(C(=O)N2CCCC(C(=O)N3CCCC3)C2)cc1,True,3.458700000000002,1.1932000000000018,0.5,False,True
3.0,bin,19,1.2959600001573564,1.1407200038433076,inf,887387,COCCNC(=O)N(Cc1cccc(F)c1)CC1CCCO1,2.1627,CCCCOC1=CC=C(CN(CC2CCCO2)C(C)=O)CC=C1,True,3.600800000000003,1.438100000000003,0.33766233766233766,False,True
3.0,bin,19,1.2959600001573564,1.1407200038433076,inf,889149,N#Cc1ccc(NC(=O)c2ccc(Br)cc2Cl)nc1,3.621480000000001,CC(C)(C)C=CC=C(F)NC(=O)c1c(Cl)cccc1C(F)F,True,5.420600000000003,1.799120000000002,0.1527777777777778,False,True
3.0,bin,19,1.2959600001573564,1.1407200038433076,inf,913483,O=C(CNC(=O)NCCc1c(Cl)cccc1Cl)NC1CC1,2.1137000000000006,C=CC(Cl)=CC=C(CC(C)C)NC(=O)NC1CC=CC1Cl,True,4.460200000000003,2.3465000000000025,0.1527777777777778,False,True
3.0,bin,19,1.2959600001573564,1.1407200038433076,inf,917620,C=CCN(Cc1ccccc1OC)C(=O)c1csc(C)n1,3.288520000000002,CCCCN(Cc1ccccc1Cl)C(=O)c1csc(C)n1,True,4.547420000000004,1.2589000000000024,0.5,False,True
3.0,bin,19,1.2959600001573564,1.1407200038433076,inf,918312,CCOc1ccc(Cl)c(C(=O)N2CCN(c3ncccn3)CC2)n1,1.8860999999999997,C=CC=CN1C(=O)C=NC(C(F)F)=CC(N2CCCC2=N)C(C)(C)C1C,True,3.604470000000002,1.7183700000000022,0.1,False,True
3.0,bin,19,1.2959600001573564,1.1407200038433076,inf,922879,CC(=O)c1ccc(N2CCN(Cc3c(F)cccc3F)CC2)cc1,3.489600000000003,ClCl,True,1.379,-2.110600000000003,0.0,False,True
3.0,bin,19,1.2959600001573564,1.1407200038433076,inf,927535,COc1cc(CN2CCN(c3ccccc3F)CC2)ccc1O,2.862100000000002,Clc1cccc(CN2CCN(c3ccccc3)CC2)c1Cl,True,4.315600000000003,1.4535000000000013,0.2542372881355932,False,True
3.0,bin,19,1.2959600001573564,1.1407200038433076,inf,927567,Cc1ccccc1N1CCN(Cc2cccc(O)c2)CC1,3.022820000000001,ClCl,True,1.379,-1.6438200000000012,0.0,False,True
3.0,bin,19,1.2959600001573564,1.1407200038433076,inf,938108,CC(c1ccccc1)N(C)C(=O)CCC(=O)Nc1nccs1,3.0814000000000012,CC(c1ccccc1)N(C(=O)CC(C)(C)c1cccs1)C(F)F,True,5.228200000000005,2.1468000000000034,0.3492063492063492,False,True
3.0,bin,19,1.2959600001573564,1.1407200038433076,inf,943303,CN(CCCOc1ccccc1)C(=O)Nc1cccc2c1OCCO2,3.390600000000002,CC1COC2=CC=CCN1C(CCOc1ccccc1Cl)C(=O)NC2,True,2.7681000000000004,-0.6225000000000014,0.17045454545454544,False,True
3.0,bin,19,1.2959600001573564,1.1407200038433076,inf,946289,CC(NC(=O)C1(c2cc(-c3ccco3)on2)CC1)c1ccccc1,3.843600000000002,C=CC=CC(NC(=O)C(C)c1cc(-c2ccco2)on1)C(C)(C)C,True,4.311200000000003,0.4676000000000009,0.38028169014084506,False,True
3.0,bin,19,1.2959600001573564,1.1407200038433076,inf,994077,Cc1nnc(Cn2c(-c3cccc(Br)c3)noc2=O)o1,2.0055199999999997,Cc1noc(=O)n1CC1=NN=CC2=CC=CSC(C)(C)C21,True,2.1668200000000004,0.16130000000000067,0.2465753424657534,False,True
3.0,bin,19,1.2959600001573564,1.1407200038433076,inf,1065620,O=C(NCc1cccnc1Oc1ccccc1)c1cccnc1,3.198900000000002,CC(NC(=O)c1cccnc1Oc1cccnc1)c1cccc(Cl)c1,True,4.413300000000003,1.2144000000000013,0.373134328358209,False,True
3.0,bin,19,1.2959600001573564,1.1407200038433076,inf,1093926,CN(C(=O)CNc1cccc(OCC2CCCO2)c1)c1ccccc1,3.319300000000002,Cc1ccc(Cl)cc1NC(C)C(=O)N(C)c1cccc(C2CCCO2)c1,True,4.963320000000004,1.644020000000002,0.325,False,True
3.0,bin,19,1.2959600001573564,1.1407200038433076,inf,1107920,CCc1ccc(-n2cc(C(=O)NC(C)c3ccccc3)nn2)cc1,3.320700000000002,CC(=N)NC(=O)C=CNC(c1ccc(C(C)(C)C)cc1)C(C)CN,True,2.83667,-0.4840300000000024,0.15789473684210525,False,True
3.0,bin,19,1.2959600001573564,1.1407200038433076,inf,1113130,CC(NC(=O)Cn1nnnc1C(C)(C)C)c1cccc2ccccc12,3.0012000000000016,C=C(C)Cn1nnnc1C(C(C)C)N(C)C(C)c1cccc2ccccc12,True,4.792500000000005,1.7913000000000032,0.417910447761194,False,True
3.0,bin,19,1.2959600001573564,1.1407200038433076,inf,1121751,COC(=O)Cn1ccc(NS(=O)(=O)c2ccc(F)c(F)c2F)n1,1.2742,CCCn1ccc(NS(=O)(=O)c2ccccc2Br)n1,True,2.8564000000000007,1.5822000000000007,0.4067796610169492,False,True
3.0,bin,19,1.2959600001573564,1.1407200038433076,inf,1142531,CCOC(C)C(=O)NCCc1csc(-c2ccc(C)cc2)n1,3.2022200000000014,CC(C)(C)CCC(=O)NCCc1csc(-c2ccc(Cl)cc2)n1,True,4.9485000000000054,1.746280000000004,0.46774193548387094,False,True
3.0,bin,19,1.2959600001573564,1.1407200038433076,inf,1212157,CN(Cc1ccc(F)c(F)c1)C(=O)c1cncc(-c2cnn(C)c2)c1,3.0325000000000015,Cc1c(CC=NC=CC(=O)N2CC2(C)C)cnn1C(C)(C)C,True,2.694320000000001,-0.33818000000000037,0.14634146341463414,False,True
3.0,bin,19,1.2959600001573564,1.1407200038433076,inf,1215394,CCn1nc(C)cc1C(=O)Oc1cccc(NC(=O)C(C)C)c1,3.025120000000001,CCn1nc(C(C)C)cc1C(=O)Oc1c(Cl)cccc1Cl,True,4.552400000000003,1.527280000000002,0.4576271186440678,False,True
3.0,bin,19,1.2959600001573564,1.1407200038433076,inf,1232922,CC(C)(C)OC(=O)NC1CCCN(S(=O)(=O)N2CCOCC2)C1,0.5525000000000011,CCC(C)C(=O)N1CCCN(S(=O)(=O)N2C(C)CCCC2CC)C1,True,2.4221000000000004,1.8695999999999993,0.20833333333333334,False,True
3.0,bin,19,1.2959600001573564,1.1407200038433076,inf,1238973,FC(F)(F)c1cnc(N2CCn3c(nnc3C3CC3)C2)c(Cl)c1,3.2429000000000023,ClCl,True,1.379,-1.8639000000000023,0.021739130434782608,False,True
3.0,bin,19,1.2959600001573564,1.1407200038433076,inf,1299495,Cc1cc(CC(=O)N2CCCC2C(C#N)c2ccccc2)no1,2.823900000000001,CC1(C)C=CC(CCCC(=O)N2CCCC2c2cccc(Cl)c2NO)C1,True,5.577200000000005,2.753300000000004,0.21348314606741572,False,True
3.0,bin,19,1.2959600001573564,1.1407200038433076,inf,1309906,CC(C)CC(NC(=O)c1cc(=O)c2ccccc2o1)C(=O)OC(C)C,2.8891000000000018,CC(Cl)CCC(C)(C)N(C)C(=O)Oc1ccccc1,True,4.303300000000004,1.414200000000002,0.18840579710144928,False,True
3.0,bin,19,1.2959600001573564,1.1407200038433076,inf,1362816,COCc1cccc(C(=O)NC2CC2c2cccc(Cl)c2)c1,3.772300000000002,CC1=CC=C(C(F)(F)F)SC1=CC(=O)NC1CC1c1cccc(Cl)c1,True,5.335300000000004,1.5630000000000015,0.43478260869565216,False,True
3.0,bin,19,1.2959600001573564,1.1407200038433076,inf,1441838,COCC(=O)NC(C(=O)Nc1cccc(-c2nccs2)c1)C(C)C,2.5358,CCCOC(CC)C(=O)Nc1cccc(-c2nccs2)c1,True,3.953800000000003,1.4180000000000028,0.5714285714285714,False,True
3.0,bin,19,1.2959600001573564,1.1407200038433076,inf,1450449,CCCNC(=O)CSc1nc2c(cc1C#N)CCCC2,2.450380000000001,CCCC(C)NC(=O)CSc1nc2c(cc1Cl)CCCC2,True,4.010700000000003,1.5603200000000017,0.5,False,True
3.0,bin,19,1.2959600001573564,1.1407200038433076,inf,1451910,O=S(=O)(NCc1nnc2ccccn12)c1ccc(F)c(F)c1,1.4859999999999995,CC(C)(C)C(c1ccccc1)S(=O)(=O)NCc1nnc2ccccn12,True,2.9361000000000006,1.450100000000001,0.49122807017543857,False,True
3.0,bin,19,1.2959600001573564,1.1407200038433076,inf,1479798,Cc1nc(C)c(CCC(=O)N(CC(C)C)CC(F)(F)F)c(=O)[nH]1,2.3662400000000003,CC=NC(=CCCC(=O)N(CCC(F)(F)F)C(C)C)CC(C)C,True,4.9767000000000055,2.610460000000005,0.2112676056338028,False,True
3.0,bin,19,1.2959600001573564,1.1407200038433076,inf,1507926,COC(=O)C(C)NC(=O)Cc1csc(-c2ccccc2Cl)n1,2.6837,CCCOC(C)C(=O)Nc1nc(-c2ccccc2Cl)cs1,True,4.217100000000003,1.533400000000003,0.421875,False,True
3.0,bin,19,1.2959600001573564,1.1407200038433076,inf,1527882,Nc1ncccc1C(=O)Nc1ccc2cn[nH]c2c1,1.7923999999999998,CCCCOc1ncccc1C(=O)Nc1ccc2cn[nH]c2c1,True,3.389100000000001,1.5967000000000011,0.6545454545454545,False,True
3.0,bin,19,1.2959600001573564,1.1407200038433076,inf,1532848,COc1ccc(-c2ccc3c(=O)[nH]cnc3c2)cc1Cl,3.2521000000000013,O=C1C=CC(C(F)(F)F)=CC=CCC(c2cccc(Cl)c2)=CN=CN1,True,4.830200000000004,1.5781000000000027,0.15789473684210525,False,True
3.0,bin,19,1.2959600001573564,1.1407200038433076,inf,1548351,COc1cc(OC)c2c(c1)C(c1cnccn1)NCC2,1.7288999999999999,ClC(Cl)(Cl)Cl,True,2.5529,0.8240000000000003,0.0,False,True
3.0,bin,19,1.2959600001573564,1.1407200038433076,inf,1570134,COc1cccc(C(C)N2CCN(C(=O)c3ccc(O)cc3)CC2)c1,2.9198000000000013,CCN(CCNC(C)C1=CC=CC1)C(=O)c1c(C)cc(C)c(C)c1C,True,4.246780000000004,1.3269800000000025,0.14285714285714285,False,True
3.0,bin,19,1.2959600001573564,1.1407200038433076,inf,1611406,CC(C)(C)N1CC(NC(=O)C2COc3ccc(F)cc3C2)CC1=O,1.8923999999999994,C=C1OCC(C(=O)N(c2cccc(F)c2C)C(C)C)C1NCCC(C)C,True,4.039920000000003,2.1475200000000036,0.18181818181818182,False,True
3.0,bin,19,1.2959600001573564,1.1407200038433076,inf,1612684,CCCC1CN(C(=O)Nc2ccn(CCC(C)C)n2)CCO1,2.9620000000000015,CCCCCCN(C(=O)Nc1ccn(C2CCC2(C)C)n1)C(C)CC,True,5.456900000000005,2.494900000000004,0.2839506172839506,False,True
3.0,bin,19,1.2959600001573564,1.1407200038433076,inf,1639675,CCC(CC)c1nnc(NC(=O)c2scnc2C2CC2)s1,4.0279000000000025,CC1=CC(C)CSC(NC(=O)c2scnc2C(C)C2CC2)=N1,True,4.029100000000003,0.001200000000000756,0.3333333333333333,False,True
3.0,bin,19,1.2959600001573564,1.1407200038433076,inf,1675660,COc1ccnc(NC(=O)c2cccc(Cl)c2)c1,2.9959000000000007,O=C(Nc1cccc(C(F)(F)F)n1)c1ccc(Cl)c(Cl)c1,True,4.659500000000001,1.6636000000000006,0.3508771929824561,False,True
3.0,bin,19,1.2959600001573564,1.1407200038433076,inf,1689728,CCc1noc(CSc2ncnc3sc(C)cc23)n1,3.237420000000002,CC(C)C1=Nc2sccc2[SH](C(c2ncno2)C(C)C)C=N1,True,4.616400000000004,1.378980000000002,0.11392405063291139,False,True
3.0,bin,19,1.2959600001573564,1.1407200038433076,inf,1720876,CC(C)(C)CC(=O)NCC(=O)Nc1ccc2c(c1)COC2,2.2077,C=CC=CC=CCC(NC(=O)N(CC)C(C)C)C(=C)COC,True,3.6860000000000026,1.4783000000000026,0.07792207792207792,False,True
3.0,bin,19,1.2959600001573564,1.1407200038433076,inf,1757109,CC(C)Cc1ncc(CNc2ccc3c(c2)COC3)s1,3.983900000000003,ClCl,True,1.379,-2.604900000000003,0.0,False,True
3.0,bin,19,1.2959600001573564,1.1407200038433076,inf,1774061,O=C1NCCCc2[nH]c(-c3cccc4[nH]ccc34)nc21,2.234,O=C1NCCc2[nH]c(-c3ccccc3C(Cl)(Cl)Cl)nc21,True,3.189300000000001,0.9553000000000011,0.4909090909090909,False,True
3.0,bin,19,1.2959600001573564,1.1407200038433076,inf,1800687,Cc1nn(C)c(-c2nc(-c3cccnn3)no2)c1Cl,1.8889199999999997,CC(C)c1nn(C(C)C)c(-c2nc(-c3cccnn3)no2)c1Cl,True,3.7478000000000025,1.8588800000000028,0.5925925925925926,False,True
3.0,bin,19,1.2959600001573564,1.1407200038433076,inf,1815867,FC(F)(F)c1ccc(CN2CCOCC2c2ncon2)cc1,2.661900000000001,CC(C)(Cl)SCCl,True,2.8908000000000014,0.22890000000000033,0.05454545454545454,False,True
3.0,bin,19,1.2959600001573564,1.1407200038433076,inf,1828580,Cc1ccc(N2CC3OCC(=O)N(Cc4cccc(F)c4)C3C2)nn1,1.54032,CC(C)(C)C=CC=CN1CC(C2CN(Cc3ccccc3)CCO2)C1N=N,True,4.292270000000004,2.751950000000004,0.17777777777777778,False,True
3.0,bin,19,1.2959600001573564,1.1407200038433076,inf,1836183,CCc1ccc(C(=O)NCc2nccc(N(C)C)n2)cc1,2.035,CC(C)Sc1ccc(C(=O)NCc2nccc(C(F)(F)F)n2)cc1,True,3.925900000000002,1.890900000000002,0.4406779661016949,False,True
3.0,bin,19,1.2959600001573564,1.1407200038433076,inf,1842499,COc1ccccc1COc1ccccc1-c1cnn(CCO)c1,3.1300000000000017,Cn1cc(-c2ccccc2OCc2c(Cl)cccc2Cl)cn1,True,4.972900000000004,1.842900000000002,0.4727272727272727,False,True
3.0,bin,19,1.2959600001573564,1.1407200038433076,inf,1865564,COC(CNC(=O)c1ccoc1)c1cccc(F)c1,2.536200000000001,CC(Cc1c(Cl)cccc1Cl)N(C)C(=O)c1ccoc1,True,4.289600000000004,1.7534000000000027,0.31746031746031744,False,True
3.0,bin,19,1.2959600001573564,1.1407200038433076,inf,1868773,CCCOc1ccc(Cl)c2c1CCNC2C1CC(=O)C1,3.2947000000000015,ClCl,True,1.379,-1.9157000000000015,0.022222222222222223,False,True
3.0,bin,19,1.2959600001573564,1.1407200038433076,inf,1873123,CCC1OC(=O)c2c(OC)ccc(Br)c21,3.079200000000002,CC(C)CCOC(=O)Cc1cc(Br)cc(Cl)c1O,True,3.939900000000003,0.8607000000000009,0.12698412698412698,False,True
3.0,bin,19,1.2959600001573564,1.1407200038433076,inf,1875028,Cc1cccc(C)c1NCC(=O)N1CCCC2CCCCC21,3.8965400000000034,CC(C)c1cccc(C(C)C)c1NCC(=O)N1CCCC12CCCC2,True,5.280500000000004,1.383960000000001,0.3620689655172414,False,True
3.0,bin,19,1.2959600001573564,1.1407200038433076,inf,1895921,CCC(CC)N(C)C(=O)CC1OC(=O)c2ccccc21,2.935200000000002,CC1CCN(C(=O)CCOC(=O)c2c(Cl)cccc2Cl)C1,True,3.4087000000000023,0.4735000000000005,0.14285714285714285,False,True
3.0,bin,19,1.2959600001573564,1.1407200038433076,inf,1907077,Cc1ccc2[nH]nc(C(=O)Nc3nc(-c4ccco4)cs3)c2c1,3.8401200000000015,C=CC(=NNC=CC=CC(C)(C)C)C(=O)Nc1nc(-c2ccco2)cs1,True,4.5892000000000035,0.749080000000002,0.4,False,True
3.0,bin,19,1.2959600001573564,1.1407200038433076,inf,1913063,Cc1nn(C)c(C)c1CN(C(=O)c1cn2cccc(C)c2n1)C1CC1,2.797860000000001,CC=CCCCCCC=CCCC=CCCCCCC=CCCCCCC1CCCCCCC1CCCCCCCCCCCCCCC(=CNC(C)C)C=C(CCC)C(=O)N(C)C(C)c1c(C)nn(C)c1C,True,21.089140000000004,18.291280000000004,0.20192307692307693,False,True
3.0,bin,19,1.2959600001573564,1.1407200038433076,inf,1922265,CN(CCNC(=O)c1ccc2c(c1)ncn2C)c1ccccc1,2.4395000000000007,CN(CCNc1ccccc1)C(=O)C1=CC=C2C1=CN=C2NC(C)(C)C,True,3.107400000000002,0.6679000000000013,0.22077922077922077,False,True
