guidance,request,requested_bin,requested_centre,bin_lo,bin_hi,seed_row,seed_smiles,seed_value,generated,valid,generated_value,obtained_delta,tanimoto_to_seed,is_copy,novel
1.0,null,20,,,,32052,COc1ccccc1CNC(=O)Cc1c[nH]c2ccccc12,3.035400000000001,Cc1ccc(CNC(=O)Cc2c[nH]c3ccccc23)c(F)c1,True,3.4743200000000014,0.4389200000000004,0.5961538461538461,False,True
1.0,null,20,,,,116747,COCCSc1ccccc1C(=O)Nc1cccc(C)n1,3.3808200000000017,C=CCSc1ccccc1C(=O)Nc1cc(OC)ccn1,True,3.6206000000000014,0.23977999999999966,0.45901639344262296,False,True
1.0,null,20,,,,131060,CS(=O)(=O)NCCc1csc(-c2ccc(F)cc2)n1,2.0408999999999997,Cc1ccc(-c2nc(CCN(C)S(C)(=O)=O)cs2)cc1,True,2.5524200000000006,0.5115200000000009,0.49019607843137253,False,True
1.0,null,20,,,,131949,CCc1c(C)nc(SCC(=O)NC(C)C)[nH]c1=O,1.25742,CCNC(=O)CSc1nc(C)c(Cl)c(=O)[nH]1,True,0.9599199999999999,-0.2975000000000001,0.52,False,True
1.0,null,20,,,,158879,COc1ccc(CC(=O)OCC(=O)c2c[nH]c3ccccc23)cc1,3.145100000000001,COc1ccc(CC(=O)OCC(=O)c2c[nH]c3ccccc23)cc1,True,3.145100000000001,0.0,1.0,True,False
1.0,null,20,,,,232056,COCCNC(=O)c1cc(=O)c2cc(C)ccc2o1,1.4776199999999993,CC(CO)NC(=O)c1cc(=O)c2c(o1)=CCC=2,True,-1.2848999999999988,-2.762519999999998,0.3220338983050847,False,True
1.0,null,20,,,,235788,O=C(Cn1nc(-c2ccco2)oc1=O)NCC(F)(F)F,0.7747999999999999,COC(=O)N(CCCCC#N)Cc1ccco1,True,2.541880000000001,1.7670800000000009,0.19718309859154928,False,True
1.0,null,20,,,,236081,CC(=O)c1c(C)[nH]c(C(=O)CSc2nc(C(C)C)n[nH]2)c1C,3.0506400000000014,COC(=O)c1c(C)[nH]c(C(=O)CSc2nc(C(C)C)n[nH]2)c1C,True,2.63464,-0.41600000000000126,0.78,False,False
1.0,null,20,,,,281081,O=C(Cn1cccn1)NCc1cccnc1Oc1ccc(F)cc1F,2.665000000000001,O=C(Cn1cccn1)NCc1cccnc1Oc1cccc(F)c1,True,2.5259,-0.1391000000000009,0.7457627118644068,False,True
1.0,null,20,,,,284170,COc1ccc(-c2nc(CC(=O)Nc3cccc(C)n3)cs2)cc1,3.7033200000000024,O=C(Cc1csc(-c2cccc(F)c2)n1)Nc1ccccn1,True,3.525400000000002,-0.1779200000000003,0.5,False,False
1.0,null,20,,,,288369,Cc1ccc(NCc2nnc3n2CCCCC3)cc1C,3.2334400000000016,Cc1ccc(NCc2nnc3n2CCCCC3)cc1C,True,3.2334400000000016,0.0,1.0,True,False
1.0,null,20,,,,302889,COc1ccc(OC)c(NC(=O)CCNC(=O)c2cccs2)c1,2.5239000000000003,O=C(CCNC(=O)c1cccs1)Nc1ccc(F)c(Br)c1,True,3.4083000000000014,0.8844000000000012,0.5,False,True
1.0,null,20,,,,327141,COc1ccc(OC)c(S(=O)(=O)Nc2ccn(C)n2)c1,1.2381,Cc1cc(S(=O)(=O)Nc2ccn(C)n2)ccc1F,True,1.66842,0.43032000000000004,0.46153846153846156,False,True
1.0,null,20,,,,327382,CNC(=O)C1CN(C(=O)c2c(C)noc2C)c2ccccc2O1,1.4452399999999996,CC(=O)NC1CN(C(=O)c2c(C)noc2C)c2ccccc2O1,True,1.7928399999999995,0.3475999999999999,0.6851851851851852,False,True
1.0,null,20,,,,406491,COCCNC(=O)C1CCCN(S(=O)(=O)N2CCOCC2)C1,-0.9619999999999964,CCCOC(=O)C1CCN(S(=O)(=O)N2CCOCC2)CC1,True,0.22860000000000125,1.1905999999999977,0.45454545454545453,False,True
1.0,null,20,,,,413951,O=C(Cn1ncn2cccc2c1=O)N1CCCCCC1,0.8985999999999996,CC1CCCCN1C(=O)Cn1ncn2cccc2c1=O,True,0.8969999999999998,-0.0015999999999998238,0.6666666666666666,False,False
1.0,null,20,,,,427929,CCNc1nc(NCc2ccccc2Cl)c2cnn(C)c2n1,3.060600000000001,CC(CN)CNC1=c2cnn(C)c2=NC1NCc1ccc(F)cc1,True,-0.3990999999999978,-3.459699999999999,0.189873417721519,False,True
1.0,null,20,,,,447130,CCC(NC(=O)C1CCN(C(=O)C2CC2)CC1)c1ccc(C)cc1,3.2109200000000016,CCC(NC(=O)C1CCN(C(=O)C2CC2)CC1)c1ccccc1,True,2.9025000000000016,-0.3084199999999999,0.8,False,True
1.0,null,20,,,,481908,CCNS(=O)(=O)c1ccc(C)c(C(=O)Nc2ncccc2C)c1,2.24894,COCCNC(=O)c1ccc(C)c(C(=O)Nc2ccccn2)c1,True,2.0185199999999996,-0.2304200000000005,0.36923076923076925,False,True
1.0,null,20,,,,485220,Cc1nn(CC(=O)N2CCN(C)CC2)c(C)c1Br,1.03644,CN1CCN(C(=O)C2CCNC=C2Br)C(=N)C1,True,0.58347,-0.45297,0.21311475409836064,False,True
1.0,null,20,,,,526363,Cc1nnc(SCC(=O)Nc2ccc(O)cc2)n(N)c1=O,0.09692,Cc1ccc(NC(=O)CSc2nnc(C)c(=O)n2N)cc1C,True,1.0081599999999997,0.9112399999999997,0.7551020408163265,False,False
1.0,null,20,,,,536853,COc1ccc(C2CCCN2C(=O)C2CCC2)c(OC)c1,3.1674000000000015,N#CCC(=O)N1CCCC1C(=O)N1CCCC1c1ccccc1,True,2.2547800000000002,-0.9126200000000013,0.30158730158730157,False,True
1.0,null,20,,,,540312,Cc1nn(C)c2nc(C3CC3)cc(C(=O)NCC(=O)NC(C)(C)C)c12,1.7986199999999997,Cc1nn(C)c2nc(C3CC3)cc(C(=O)NCC(C)C)c12,True,2.5399200000000004,0.7413000000000007,0.6842105263157895,False,False
1.0,null,20,,,,544381,Cc1nc(N2CCCC(C(=O)NC(C)C)C2)c2c(C)c(C)oc2n1,2.8890600000000006,CC1=CC(C)=NC(NCC(N)=O)=CC(N2CCCCC2)=N1,True,1.1653999999999998,-1.7236600000000009,0.1891891891891892,False,True
1.0,null,20,,,,544382,CCCNC(=O)C1CCCN(c2nc(C)nc3oc(C)c(C)c23)C1,2.8906600000000013,Cc1nc(N2CCCC(CC(N)=O)C2)c2c(C(C)C)noc2n1,True,2.14142,-0.7492400000000012,0.3972602739726027,False,True
1.0,null,20,,,,550049,Cc1ccc(C)c(OCC(=O)Nc2cccc(-n3cnnc3)c2)c1,2.9016400000000013,Cc1cccc(OC(C)C(=O)Nc2cccc(-n3cnnc3)c2)c1,True,2.981720000000001,0.08007999999999971,0.5254237288135594,False,False
1.0,null,20,,,,573533,Cc1nn(-c2ncc(C(F)(F)F)cc2Cl)c(=O)o1,2.2011199999999995,Cc1nn(-c2ncc(C(F)(F)F)cc2Cl)c(=O)o1,True,2.2011199999999995,0.0,1.0,True,False
1.0,null,20,,,,582555,O=C(NCC(O)c1ccccc1)c1ccc2c(=O)n3c(nc2c1)CCC3,1.8061000000000003,C=CCc1nc2c(c(=O)[nH]1)=CCC(=O)NCC(O)c1ccc(F)cc1CC=2,True,-0.005499999999999838,-1.8116,0.1134020618556701,False,True
1.0,null,20,,,,588547,Cc1n[nH]c(C)c1NC(=O)CCc1ccc(Cl)cc1Cl,3.9046400000000023,Cc1cc(C)c(CCC(=O)Nc2c(C)n[nH]c2C)c(C)c1,True,3.523100000000002,-0.3815400000000002,0.58,False,True
1.0,null,20,,,,607673,CCCN(CC1CC1)S(=O)(=O)c1ccccc1F,2.636400000000001,CCCN(CC1CC1)S(=O)(=O)c1cc(C)ccc1C,True,3.1141400000000017,0.4777400000000007,0.5869565217391305,False,True
1.0,null,20,,,,617681,Cc1cc(C(=O)Nc2nc(-c3ccncc3)cs2)nn1C(C)C,3.5432200000000016,COc1cc(-c2csc(NC(=O)c3ccn(C)n3)n2)ccn1,True,2.1994999999999996,-1.343720000000002,0.46153846153846156,False,True
1.0,null,20,,,,650267,COc1ccc2oc(C(=O)NC3CCCCNC3=O)c(C)c2c1,2.14832,CC1=C(C(=O)NC2CCCCNC2)OOc2ccc(F)cc21,True,2.1390000000000002,-0.009319999999999773,0.26582278481012656,False,True
1.0,null,20,,,,668639,Cc1cc(NC(=O)c2ccccc2Cl)ncc1N,2.8779200000000005,Nc1ccc(NC(=O)c2cc(Cl)ccc2Cl)nc1,True,3.222900000000001,0.3449800000000005,0.48,False,True
1.0,null,20,,,,673160,CCC(=O)Nc1ccc2oc(C(F)(F)F)cc(=O)c2c1,3.160300000000001,CCC(=O)N1C=CC2=COC(C(F)(F)F)C(=O)C2=C1,True,2.0503,-1.1100000000000012,0.208955223880597,False,True
1.0,null,20,,,,711169,Cc1cccc(C(C)C)c1NC(=O)N(C)Cc1ccncc1,4.177320000000003,CC(=O)Nc1cc(NC(=O)N(C)Cc2ccncc2)ccc1C,True,3.0123200000000017,-1.165000000000001,0.5,False,True
1.0,null,20,,,,720969,Cc1noc(C)c1CCC(=O)OCC(=O)N1c2ccccc2CC1C,2.7450400000000013,Cc1noc(C)c1CCC(=O)OCC(=O)N1c2ccccc2CC1C,True,2.7450400000000013,0.0,1.0,True,False
1.0,null,20,,,,730789,COC(=O)C1CCN(C(=O)c2cc3ccc(F)cc3nc2C)CC1,2.7075200000000006,NC(=O)C1CCN(C(=O)c2cc3cc(F)ccc3nc2O)CC1,True,1.4169999999999994,-1.2905200000000012,0.48333333333333334,False,True
1.0,null,20,,,,738178,Cc1ccc(-n2ccnc2SCc2nc(C3CC3)no2)cc1C,4.041840000000003,Cc1cccc(C)c1-n1ccnc1SCc1nc(C2CC2)no1,True,4.041840000000003,0.0,0.7222222222222222,False,True
1.0,null,20,,,,771897,COc1ccccc1OCC(=O)N(C)Cc1sccc1C,3.102520000000002,COC1=CC=C(C(C)=O)C(OCC(=O)N(C)Cc2cccs2)C=C1,True,2.7072000000000003,-0.39532000000000167,0.3333333333333333,False,True
1.0,null,20,,,,811446,COC(=O)C1(NC(=O)c2cc(Br)c[nH]2)CCCCCC1,2.7730000000000006,CCCCC(NC(=O)c1cc(Br)c[nH]1)C(=O)OCC,True,2.6289000000000007,-0.1440999999999999,0.38596491228070173,False,True
1.0,null,20,,,,848291,CCC(C)NC(=O)NCc1noc(-c2cccs2)n1,2.3958000000000004,CC(C)CC(=O)NCc1noc(-c2cccs2)n1,True,2.460400000000001,0.06460000000000043,0.6792452830188679,False,True
1.0,null,20,,,,863440,COc1ccc(-c2nc(CCCO)cs2)cc1OC,2.752200000000001,CC(C)(C)NC(=O)Nc1ccc(-c2nc(CCO)cs2)cc1,True,3.2649000000000017,0.5127000000000006,0.4107142857142857,False,True
1.0,null,20,,,,864663,N#Cc1ccc(-c2cc(F)ccc2F)nc1N1CCCC1,3.498680000000002,COC=CC1=CC1c1nc(N2CCCC2)ccc1C#N,True,2.7371800000000013,-0.7615000000000007,0.296875,False,True
1.0,null,20,,,,872100,CCc1cccc(C)c1NCC(O)c1ccc2c(c1)OCCO2,3.474120000000002,COc1cc(NCC(O)c2ccc3c(c2)OCCO3)cc(OC)c1,True,2.6205000000000007,-0.8536200000000012,0.5272727272727272,False,True
1.0,null,20,,,,886334,COc1ccc(C(=O)N2CCCC(C(=O)N3CCCCC3)C2)c(O)c1,2.2655000000000003,CC1CCCCN1C(=O)C1CCCN(C(=O)c2ccc(Cl)cc2)C1,True,3.593200000000003,1.3277000000000028,0.4098360655737705,False,False
1.0,null,20,,,,887387,COCCNC(=O)N(Cc1cccc(F)c1)CC1CCCO1,2.1627,CS(=O)(=O)NCC(=O)N(Cc1cccc(F)c1)CC1CCCO1,True,0.8824999999999994,-1.2802000000000007,0.625,False,False
1.0,null,20,,,,889149,N#Cc1ccc(NC(=O)c2ccc(Br)cc2Cl)nc1,3.621480000000001,N#Cc1ccnc(NC(=O)c2ccccc2Br)c1,True,2.9680800000000005,-0.6534000000000004,0.4444444444444444,False,True
1.0,null,20,,,,913483,O=C(CNC(=O)NCCc1c(Cl)cccc1Cl)NC1CC1,2.1137000000000006,Cc1cc(F)ccc1CCNC(=O)NCC(=O)NC1CC1,True,1.2544199999999996,-0.8592800000000009,0.5283018867924528,False,False
1.0,null,20,,,,917620,C=CCN(Cc1ccccc1OC)C(=O)c1csc(C)n1,3.288520000000002,C=CCN(Cc1c(F)cccc1F)C(=O)c1csc(C)n1,True,3.5581200000000024,0.2696000000000005,0.6181818181818182,False,True
1.0,null,20,,,,918312,CCOc1ccc(Cl)c(C(=O)N2CCN(c3ncccn3)CC2)n1,1.8860999999999997,COc1ccnc(N2CCN(C(=O)c3ncccc3O)CC2)n1,True,0.5482,-1.3378999999999996,0.4915254237288136,False,True
1.0,null,20,,,,922879,CC(=O)c1ccc(N2CCN(Cc3c(F)cccc3F)CC2)cc1,3.489600000000003,Cc1cccc(CN2CCN(c3cccc(O)c3)CC2)c1C,True,3.331240000000002,-0.15836000000000094,0.34545454545454546,False,True
1.0,null,20,,,,927535,COc1cc(CN2CCN(c3ccccc3F)CC2)ccc1O,2.862100000000002,COc1ccc(CN2CCN(c3cccc(C)c3)CC2)cc1O,True,3.031420000000002,0.16931999999999992,0.5,False,True
1.0,null,20,,,,927567,Cc1ccccc1N1CCN(Cc2cccc(O)c2)CC1,3.022820000000001,Cc1ccccc1N1CCN(C(N)c2ccccc2F)CC1,True,2.9136200000000017,-0.10919999999999952,0.39215686274509803,False,True
1.0,null,20,,,,938108,CC(c1ccccc1)N(C)C(=O)CCC(=O)Nc1nccs1,3.0814000000000012,CN(Cc1ccc(F)cc1)C(=O)CCC(=O)Nc1nccs1,True,2.6595000000000004,-0.42190000000000083,0.543859649122807,False,True
1.0,null,20,,,,943303,CN(CCCOc1ccccc1)C(=O)Nc1cccc2c1OCCO2,3.390600000000002,CCc1ccccc1OCCCNC(=O)Nc1cccc2c1OCCO2,True,3.610800000000001,0.22019999999999929,0.5,False,True
1.0,null,20,,,,946289,CC(NC(=O)C1(c2cc(-c3ccco3)on2)CC1)c1ccccc1,3.843600000000002,COC1=CC=C(CNC(=O)C2(c3cc(-c4ccco4)on3)CC2C)C1,True,3.1888000000000014,-0.6548000000000007,0.410958904109589,False,True
1.0,null,20,,,,994077,Cc1nnc(Cn2c(-c3cccc(Br)c3)noc2=O)o1,2.0055199999999997,Cc1nnc(Cn2c(-c3ccc(Br)cc3)noc2=O)o1,True,2.0055199999999997,0.0,0.7446808510638298,False,True
1.0,null,20,,,,1065620,O=C(NCc1cccnc1Oc1ccccc1)c1cccnc1,3.198900000000002,Cc1ccc(Oc2ncccc2CNC(=O)c2ccc(C)nc2)cc1,True,3.8157400000000017,0.6168399999999998,0.6415094339622641,False,True
1.0,null,20,,,,1093926,CN(C(=O)CNc1cccc(OCC2CCCO2)c1)c1ccccc1,3.319300000000002,O=C(CNc1cccc(OCC2CCCO2)c1)Nc1ccccc1,True,3.2950000000000017,-0.02430000000000021,0.7068965517241379,False,False
1.0,null,20,,,,1107920,CCc1ccc(-n2cc(C(=O)NC(C)c3ccccc3)nn2)cc1,3.320700000000002,O=C(NCc1ccc(F)cc1)c1cn(-c2ccccc2)nn1,True,2.3364000000000003,-0.984300000000002,0.5,False,False
1.0,null,20,,,,1113130,CC(NC(=O)Cn1nnnc1C(C)(C)C)c1cccc2ccccc12,3.0012000000000016,CC(=O)NC(=O)Cn1nnnc1CN,True,-2.205499999999999,-5.2067000000000005,0.3220338983050847,False,True
1.0,null,20,,,,1121751,COC(=O)Cn1ccc(NS(=O)(=O)c2ccc(F)c(F)c2F)n1,1.2742,CC(=O)c1ccc(S(=O)(=O)Nc2ccn(C(C)C)n2)cc1,True,2.4674000000000005,1.1932000000000005,0.3225806451612903,False,True
1.0,null,20,,,,1142531,CCOC(C)C(=O)NCCc1csc(-c2ccc(C)cc2)n1,3.2022200000000014,O=C(NCCc1csc(-c2ccc(Br)cc2)n1)OCC(F)(F)F,True,4.403600000000003,1.2013800000000012,0.4603174603174603,False,True
1.0,null,20,,,,1212157,CN(Cc1ccc(F)c(F)c1)C(=O)c1cncc(-c2cnn(C)c2)c1,3.0325000000000015,CN(Cc1ccccc1)C(=O)c1cncc(-c2cnn(C)c2)c1,True,2.7543000000000006,-0.2782000000000009,0.7358490566037735,False,True
1.0,null,20,,,,1215394,CCn1nc(C)cc1C(=O)Oc1cccc(NC(=O)C(C)C)c1,3.025120000000001,CCn1nc(C)cc1C(=O)Oc1cc(S(N)(=O)=O)ccc1C,True,1.3864399999999997,-1.6386800000000015,0.4444444444444444,False,True
1.0,null,20,,,,1232922,CC(C)(C)OC(=O)NC1CCCN(S(=O)(=O)N2CCOCC2)C1,0.5525000000000011,COC(=O)CNC1CCCN(S(=O)(=O)N2CCOCC2)C1,True,-1.2095999999999971,-1.7620999999999982,0.5961538461538461,False,True
1.0,null,20,,,,1238973,FC(F)(F)c1cnc(N2CCn3c(nnc3C3CC3)C2)c(Cl)c1,3.2429000000000023,CC1c2nnc(C(F)(F)F)n2CCN1c1ncc(F)cc1O,True,2.1178000000000003,-1.125100000000002,0.3088235294117647,False,True
1.0,null,20,,,,1299495,Cc1cc(CC(=O)N2CCCC2C(C#N)c2ccccc2)no1,2.823900000000001,CC1=CC(CC(=O)N2CCCC2Cc2cccc(Cl)c2N)O1,True,3.1484000000000005,0.32449999999999957,0.2625,False,True
1.0,null,20,,,,1309906,CC(C)CC(NC(=O)c1cc(=O)c2ccccc2o1)C(=O)OC(C)C,2.8891000000000018,NC(=O)CNC(=O)c1cc(=O)c2ccccc2o1,True,0.008099999999999774,-2.881000000000002,0.5094339622641509,False,True
1.0,null,20,,,,1362816,COCc1cccc(C(=O)NC2CC2c2cccc(Cl)c2)c1,3.772300000000002,COc1cc(C2CC2NC(=O)c2ccccc2)cc(OC)c1OC,True,2.9983000000000013,-0.7740000000000009,0.46551724137931033,False,True
1.0,null,20,,,,1441838,COCC(=O)NC(C(=O)Nc1cccc(-c2nccs2)c1)C(C)C,2.5358,CC(C)(CO)CNC(=O)Nc1cccc(-c2nccs2)c1,True,2.950100000000001,0.4143000000000008,0.515625,False,True
1.0,null,20,,,,1450449,CCCNC(=O)CSc1nc2c(cc1C#N)CCCC2,2.450380000000001,CN(C)C(=O)CSc1nc2c(cc1C(N)=O)CCCC2,True,1.2395999999999996,-1.2107800000000013,0.4262295081967213,False,True
1.0,null,20,,,,1451910,O=S(=O)(NCc1nnc2ccccn12)c1ccc(F)c(F)c1,1.4859999999999995,COc1ccc(S(=O)(=O)NCc2nnc3ccccn23)cc1OC,True,1.2249999999999996,-0.2609999999999999,0.6730769230769231,False,True
1.0,null,20,,,,1479798,Cc1nc(C)c(CCC(=O)N(CC(C)C)CC(F)(F)F)c(=O)[nH]1,2.3662400000000003,CC=NC(C)=C(C=O)CCC(=O)NCC(F)(F)F,True,2.0087,-0.3575400000000002,0.16176470588235295,False,True
1.0,null,20,,,,1507926,COC(=O)C(C)NC(=O)Cc1csc(-c2ccccc2Cl)n1,2.6837,COCCNC(=O)NCCc1csc(-c2ccccc2Cl)n1,True,2.951600000000001,0.2679000000000009,0.5254237288135594,False,True
1.0,null,20,,,,1527882,Nc1ncccc1C(=O)Nc1ccc2cn[nH]c2c1,1.7923999999999998,CC(C)(C)CNc1ncccc1C(=O)Nc1ccc2cn[nH]c2c1,True,3.6682000000000015,1.8758000000000017,0.6428571428571429,False,True
1.0,null,20,,,,1532848,COc1ccc(-c2ccc3c(=O)[nH]cnc3c2)cc1Cl,3.2521000000000013,CCc1ccc(-c2ccc3c(=O)[nH]cnc3c2)cc1,True,3.1525000000000007,-0.09960000000000058,0.5777777777777777,False,True
1.0,null,20,,,,1548351,COc1cc(OC)c2c(c1)C(c1cnccn1)NCC2,1.7288999999999999,COc1cccc2c1C(c1cncc(C)c1)NCC2,True,2.6337200000000003,0.9048200000000004,0.3225806451612903,False,False
1.0,null,20,,,,1570134,COc1cccc(C(C)N2CCN(C(=O)c3ccc(O)cc3)CC2)c1,2.9198000000000013,CCc1ccc(C(=O)N2CCN(C(C)c3ccccc3)CC2)cc1,True,3.7680000000000033,0.8482000000000021,0.5283018867924528,False,True
1.0,null,20,,,,1611406,CC(C)(C)N1CC(NC(=O)C2COc3ccc(F)cc3C2)CC1=O,1.8923999999999994,CN1CC(NC(=O)C2COc3ccc(F)cc3C2)CC1=O,True,0.7236999999999989,-1.1687000000000005,0.7636363636363637,False,True
1.0,null,20,,,,1612684,CCCC1CN(C(=O)Nc2ccn(CCC(C)C)n2)CCO1,2.9620000000000015,CCC1CN(C(=O)Nc2ccn(CC(O)CO)n2)CCO1,True,-0.121,-3.0830000000000015,0.6190476190476191,False,True
1.0,null,20,,,,1639675,CCC(CC)c1nnc(NC(=O)c2scnc2C2CC2)s1,4.0279000000000025,CCC(CC)c1nnc(NC(=O)c2scnc2C2CC2)s1,True,4.0279000000000025,0.0,1.0,True,False
1.0,null,20,,,,1675660,COc1ccnc(NC(=O)c2cccc(Cl)c2)c1,2.9959000000000007,CCOC(=O)c1ccnc(NC(=O)c2cccc(Cl)c2)c1,True,3.1640000000000015,0.1681000000000008,0.64,False,True
1.0,null,20,,,,1689728,CCc1noc(CSc2ncnc3sc(C)cc23)n1,3.237420000000002,Cc1noc(CSc2ncnc3sc(C)c(C)c23)n1,True,3.2918600000000025,0.05444000000000049,0.48214285714285715,False,True
1.0,null,20,,,,1720876,CC(C)(C)CC(=O)NCC(=O)Nc1ccc2c(c1)COC2,2.2077,COCC(C)NC(=O)Nc1ccc2c(c1)COC2,True,1.8732,-0.3345,0.46296296296296297,False,False
1.0,null,20,,,,1757109,CC(C)Cc1ncc(CNc2ccc3c(c2)COC3)s1,3.983900000000003,CC1C=C(CNc2ccc3c(c2)COC3)SC=N1,True,3.1762000000000015,-0.8077000000000014,0.45614035087719296,False,True
1.0,null,20,,,,1774061,O=C1NCCCc2[nH]c(-c3cccc4[nH]ccc34)nc21,2.234,COc1cccc2[nH]c(-c3nc4c([nH]3)CCCNC4=O)nc12,True,1.6375999999999997,-0.5964000000000003,0.543859649122807,False,True
1.0,null,20,,,,1800687,Cc1nn(C)c(-c2nc(-c3cccnn3)no2)c1Cl,1.8889199999999997,CNC(=O)c1cnn(-c2nc(-c3ccc(Cl)nn3)no2)c1C,True,1.0337199999999998,-0.8552,0.2714285714285714,False,True
1.0,null,20,,,,1815867,FC(F)(F)c1ccc(CN2CCOCC2c2ncon2)cc1,2.661900000000001,FC(F)(F)Oc1cccc(CN2CCOCC2c2ncon2)c1,True,2.5417000000000005,-0.12020000000000053,0.6379310344827587,False,True
1.0,null,20,,,,1828580,Cc1ccc(N2CC3OCC(=O)N(Cc4cccc(F)c4)C3C2)nn1,1.54032,COc1ccc(CN2CC3OCC(=O)N(c4ccc(C)nn4)C3C2)cc1,True,1.4098199999999996,-0.13050000000000028,0.4444444444444444,False,True
1.0,null,20,,,,1836183,CCc1ccc(C(=O)NCc2nccc(N(C)C)n2)cc1,2.035,Nc1ccnc(CNC(=O)c2c(F)cc(F)cc2Cl)n1,True,1.9204,-0.11460000000000004,0.3387096774193548,False,True
1.0,null,20,,,,1842499,COc1ccccc1COc1ccccc1-c1cnn(CCO)c1,3.1300000000000017,COc1cc(C#N)ccc1OCc1ccccc1-c1cnn(C)c1,True,3.546380000000002,0.4163800000000002,0.47540983606557374,False,True
1.0,null,20,,,,1865564,COC(CNC(=O)c1ccoc1)c1cccc(F)c1,2.536200000000001,CN(C)c1ccc(C(O)CNC(=O)c2ccoc2)cc1,True,1.809,-0.727200000000001,0.45614035087719296,False,True
1.0,null,20,,,,1868773,CCCOc1ccc(Cl)c2c1CCNC2C1CC(=O)C1,3.2947000000000015,O=C1CCC(C2NCCc3ccc(Cl)cc32)C1,True,2.8960000000000017,-0.39869999999999983,0.32786885245901637,False,True
1.0,null,20,,,,1873123,CCC1OC(=O)c2c(OC)ccc(Br)c21,3.079200000000002,CCCOC(=O)c1cc(Cl)ccc1C(O)CCOC,True,2.976700000000001,-0.10250000000000092,0.140625,False,True
1.0,null,20,,,,1875028,Cc1cccc(C)c1NCC(=O)N1CCCC2CCCCC21,3.8965400000000034,CC(=O)Nc1ccc(NCC(=O)N2CCCC3CCCCC32)cc1,True,3.238100000000002,-0.6584400000000015,0.6122448979591837,False,True
1.0,null,20,,,,1895921,CCC(CC)N(C)C(=O)CC1OC(=O)c2ccccc21,2.935200000000002,CCOC(=O)C(C)OCC1OC(=O)c2ccccc21,True,1.8662999999999998,-1.068900000000002,0.5098039215686274,False,True
1.0,null,20,,,,1907077,Cc1ccc2[nH]nc(C(=O)Nc3nc(-c4ccco4)cs3)c2c1,3.8401200000000015,COc1ccc[nH]nc(C(=O)Nc2nc(-c3ccco3)cs2)cc1,True,3.5115000000000007,-0.3286200000000008,0.5,False,True
1.0,null,20,,,,1913063,Cc1nn(C)c(C)c1CN(C(=O)c1cn2cccc(C)c2n1)C1CC1,2.797860000000001,CC=CC=CN1C=C1C(=O)N(Cc1cn(C)nc1CCC)C1CC1,True,3.110400000000002,0.31254000000000115,0.2804878048780488,False,True
1.0,null,20,,,,1922265,CN(CCNC(=O)c1ccc2c(c1)ncn2C)c1ccccc1,2.4395000000000007,CN(CCNC(=O)c1ccc2[nH]cnc2c1)Cc1ccc(F)cc1,True,2.5637999999999996,0.12429999999999897,0.37681159420289856,False,True
1.0,bin,0,-1.2959600001573561,-inf,-1.1407200038433074,32052,COc1ccccc1CNC(=O)Cc1c[nH]c2ccccc12,3.035400000000001,NS(=O)(=O)c1cccc(CNC(=O)Cc2c[nH]c3ccccc23)c1,True,1.6742000000000001,-1.3612000000000009,0.5370370370370371,False,True
1.0,bin,0,-1.2959600001573561,-inf,-1.1407200038433074,116747,COCCSc1ccccc1C(=O)Nc1cccc(C)n1,3.3808200000000017,COc1ccccc1C(=O)Nc1cccc(N)n1,True,1.9246999999999999,-1.4561200000000019,0.4444444444444444,False,True
1.0,bin,0,-1.2959600001573561,-inf,-1.1407200038433074,131060,CS(=O)(=O)NCCc1csc(-c2ccc(F)cc2)n1,2.0408999999999997,NC(=O)c1csc(-c2ccc(S(N)(=O)=O)cc2)n1,True,0.5564000000000002,-1.4844999999999995,0.33962264150943394,False,True
1.0,bin,0,-1.2959600001573561,-inf,-1.1407200038433074,131949,CCc1c(C)nc(SCC(=O)NC(C)C)[nH]c1=O,1.25742,COCCCNC(=O)CSc1nc(C)cc(=O)[nH]1,True,0.3231199999999999,-0.9343000000000001,0.3442622950819672,False,True
1.0,bin,0,-1.2959600001573561,-inf,-1.1407200038433074,158879,COc1ccc(CC(=O)OCC(=O)c2c[nH]c3ccccc23)cc1,3.145100000000001,NC(=O)C(C(=O)OCC(=O)c1c[nH]c2ccccc12)c1ccccc1,True,2.1628999999999996,-0.9822000000000015,0.509090909090909,False,True
1.0,bin,0,-1.2959600001573561,-inf,-1.1407200038433074,232056,COCCNC(=O)c1cc(=O)c2cc(C)ccc2o1,1.4776199999999993,CNC(=O)CNC(=O)c1cc(=O)c2cc(C)ccc2o1,True,0.5772199999999998,-0.9003999999999994,0.6666666666666666,False,True
1.0,bin,0,-1.2959600001573561,-inf,-1.1407200038433074,235788,O=C(Cn1nc(-c2ccco2)oc1=O)NCC(F)(F)F,0.7747999999999999,CC(=O)NCCNC(=O)Cn1nc(-c2ccco2)oc1=O,True,-0.6514,-1.4262,0.6923076923076923,False,True
1.0,bin,0,-1.2959600001573561,-inf,-1.1407200038433074,236081,CC(=O)c1c(C)[nH]c(C(=O)CSc2nc(C(C)C)n[nH]2)c1C,3.0506400000000014,CC(=O)c1c(C)[nH]c(C(=O)CSc2nc(C#N)n[nH]2)c1C,True,1.7989199999999999,-1.2517200000000015,0.6730769230769231,False,True
1.0,bin,0,-1.2959600001573561,-inf,-1.1407200038433074,281081,O=C(Cn1cccn1)NCc1cccnc1Oc1ccc(F)cc1F,2.665000000000001,NC(=O)c1cccc(Oc2ncccc2CNC(=O)Cn2cccn2)c1,True,1.4856999999999998,-1.1793000000000011,0.6153846153846154,False,True
1.0,bin,0,-1.2959600001573561,-inf,-1.1407200038433074,284170,COc1ccc(-c2nc(CC(=O)Nc3cccc(C)n3)cs2)cc1,3.7033200000000024,NC(=O)c1ccnc(NC(=O)Cc2csc(-c3ccc(F)cc3)n2)c1,True,2.6243000000000007,-1.0790200000000016,0.45454545454545453,False,True
1.0,bin,0,-1.2959600001573561,-inf,-1.1407200038433074,288369,Cc1ccc(NCc2nnc3n2CCCCC3)cc1C,3.2334400000000016,CS(=O)(=O)Nc1ccccc1NCc1nnc2n1CCCCC2,True,1.9881,-1.2453400000000017,0.5272727272727272,False,True
1.0,bin,0,-1.2959600001573561,-inf,-1.1407200038433074,302889,COc1ccc(OC)c(NC(=O)CCNC(=O)c2cccs2)c1,2.5239000000000003,NC(=O)c1ccc(NC(=O)CCNC(=O)c2cccs2)cc1,True,1.605599999999999,-0.9183000000000012,0.5087719298245614,False,False
1.0,bin,0,-1.2959600001573561,-inf,-1.1407200038433074,327141,COc1ccc(OC)c(S(=O)(=O)Nc2ccn(C)n2)c1,1.2381,Cn1ccc(NS(=O)(=O)c2cccc(NS(C)(=O)=O)c2)n1,True,0.5924000000000001,-0.6456999999999998,0.4528301886792453,False,True
1.0,bin,0,-1.2959600001573561,-inf,-1.1407200038433074,327382,CNC(=O)C1CN(C(=O)c2c(C)noc2C)c2ccccc2O1,1.4452399999999996,Cc1noc(N)c1C(=O)N1CCOc2ccccc21,True,1.60442,0.15918000000000032,0.4666666666666667,False,True
1.0,bin,0,-1.2959600001573561,-inf,-1.1407200038433074,406491,COCCNC(=O)C1CCCN(S(=O)(=O)N2CCOCC2)C1,-0.9619999999999964,NS(=O)(=O)C1CCCN(S(=O)(=O)N2CCOCC2)C1,True,-1.6836999999999962,-0.7216999999999998,0.4423076923076923,False,True
1.0,bin,0,-1.2959600001573561,-inf,-1.1407200038433074,413951,O=C(Cn1ncn2cccc2c1=O)N1CCCCCC1,0.8985999999999996,COC1CCCN(C(=O)Cn2nc(C(N)=O)n3cccc3c2=O)C1,True,-0.7676999999999985,-1.6662999999999981,0.4090909090909091,False,True
1.0,bin,0,-1.2959600001573561,-inf,-1.1407200038433074,427929,CCNc1nc(NCc2ccccc2Cl)c2cnn(C)c2n1,3.060600000000001,CN(C)c1nc(NCc2ccccc2)c2cnn(C)c2n1,True,2.0413999999999994,-1.0192000000000014,0.47368421052631576,False,False
1.0,bin,0,-1.2959600001573561,-inf,-1.1407200038433074,447130,CCC(NC(=O)C1CCN(C(=O)C2CC2)CC1)c1ccc(C)cc1,3.2109200000000016,COc1ccc(CNC(=O)C2CCN(C(=O)C3CC3)CC2)cc1,True,1.9599999999999993,-1.2509200000000023,0.44642857142857145,False,False
1.0,bin,0,-1.2959600001573561,-inf,-1.1407200038433074,481908,CCNS(=O)(=O)c1ccc(C)c(C(=O)Nc2ncccc2C)c1,2.24894,C#Cc1cccc(C(=O)Nc2cccc(OCC(N)=O)n2)c1,True,1.1792999999999998,-1.0696400000000004,0.18666666666666668,False,True
1.0,bin,0,-1.2959600001573561,-inf,-1.1407200038433074,485220,Cc1nn(CC(=O)N2CCN(C)CC2)c(C)c1Br,1.03644,Cc1cc(C)n(CC(=O)N2CCN(CCO)CC2)n1,True,-0.3635599999999992,-1.3999999999999992,0.42,False,True
1.0,bin,0,-1.2959600001573561,-inf,-1.1407200038433074,526363,Cc1nnc(SCC(=O)Nc2ccc(O)cc2)n(N)c1=O,0.09692,NC(=O)c1ccccc1NC(=O)CSc1nncc(=O)n1N,True,-0.8182000000000003,-0.9151200000000003,0.43333333333333335,False,False
1.0,bin,0,-1.2959600001573561,-inf,-1.1407200038433074,536853,COc1ccc(C2CCCN2C(=O)C2CCC2)c(OC)c1,3.1674000000000015,NS(=O)(=O)c1ccc(C2CCCN2C(=O)C2CCC2)cc1,True,1.7975999999999999,-1.3698000000000017,0.4444444444444444,False,True
1.0,bin,0,-1.2959600001573561,-inf,-1.1407200038433074,540312,Cc1nn(C)c2nc(C3CC3)cc(C(=O)NCC(=O)NC(C)(C)C)c12,1.7986199999999997,Cc1nn(C)c2nc(C3CC3)cc(C(=O)NCC(N)=O)c12,True,0.36922000000000005,-1.4293999999999996,0.7454545454545455,False,False
1.0,bin,0,-1.2959600001573561,-inf,-1.1407200038433074,544381,Cc1nc(N2CCCC(C(=O)NC(C)C)C2)c2c(C)c(C)oc2n1,2.8890600000000006,CCOC=NC(=CC(=N)C(N)=O)N1CCCCC1,True,0.8835699999999995,-2.005490000000001,0.10256410256410256,False,True
1.0,bin,0,-1.2959600001573561,-inf,-1.1407200038433074,544382,CCCNC(=O)C1CCCN(c2nc(C)nc3oc(C)c(C)c23)C1,2.8906600000000013,CC=CN=C(C)C=C(N=COCC)N1CCC(O)CC1,True,2.3438000000000008,-0.5468600000000006,0.1111111111111111,False,True
1.0,bin,0,-1.2959600001573561,-inf,-1.1407200038433074,550049,Cc1ccc(C)c(OCC(=O)Nc2cccc(-n3cnnc3)c2)c1,2.9016400000000013,NC(=O)c1ccc(OCC(=O)Nc2cccc(-n3cnnc3)c2)cc1,True,1.3836999999999995,-1.5179400000000018,0.5964912280701754,False,True
1.0,bin,0,-1.2959600001573561,-inf,-1.1407200038433074,573533,Cc1nn(-c2ncc(C(F)(F)F)cc2Cl)c(=O)o1,2.2011199999999995,CC=NN(CC(N)=O)C(=O)Oc1ncc(C(F)(F)F)cc1Cl,True,2.0456000000000003,-0.15551999999999921,0.30303030303030304,False,True
1.0,bin,0,-1.2959600001573561,-inf,-1.1407200038433074,582555,O=C(NCC(O)c1ccccc1)c1ccc2c(=O)n3c(nc2c1)CCC3,1.8061000000000003,C=CC=CC=C(CNC(=O)c1ccc2c(=O)n3c(nc2c1)CCC3C)C(N)=O,True,1.7873999999999997,-0.018700000000000605,0.3614457831325301,False,True
1.0,bin,0,-1.2959600001573561,-inf,-1.1407200038433074,588547,Cc1n[nH]c(C)c1NC(=O)CCc1ccc(Cl)cc1Cl,3.9046400000000023,Cc1ccccc1CCC(=O)Nc1cn[nH]c1C,True,2.5978400000000006,-1.3068000000000017,0.3793103448275862,False,True
1.0,bin,0,-1.2959600001573561,-inf,-1.1407200038433074,607673,CCCN(CC1CC1)S(=O)(=O)c1ccccc1F,2.636400000000001,CCN(CC1CC1)S(=O)(=O)c1ccc(S(N)(=O)=O)cc1,True,0.7546,-1.881800000000001,0.4166666666666667,False,True
1.0,bin,0,-1.2959600001573561,-inf,-1.1407200038433074,617681,Cc1cc(C(=O)Nc2nc(-c3ccncc3)cs2)nn1C(C)C,3.5432200000000016,Cc1cc(C(=O)Nc2nc(C(N)=O)cs2)nn1-c1ccncc1,True,1.38342,-2.1598000000000015,0.5333333333333333,False,True
1.0,bin,0,-1.2959600001573561,-inf,-1.1407200038433074,650267,COc1ccc2oc(C(=O)NC3CCCCNC3=O)c(C)c2c1,2.14832,Cc1c(C(=O)NC2CCC(O)CNC2)oc2ccccc12,True,1.5839199999999993,-0.5644000000000007,0.37681159420289856,False,True
1.0,bin,0,-1.2959600001573561,-inf,-1.1407200038433074,668639,Cc1cc(NC(=O)c2ccccc2Cl)ncc1N,2.8779200000000005,Cc1ccc(NC(=O)c2ccccc2)c(C(N)=O)n1,True,1.7412199999999998,-1.1367000000000007,0.26785714285714285,False,True
1.0,bin,0,-1.2959600001573561,-inf,-1.1407200038433074,673160,CCC(=O)Nc1ccc2oc(C(F)(F)F)cc(=O)c2c1,3.160300000000001,COC(C)C(=O)Nc1ccc2oc(C(C)=O)cc(=O)c2c1,True,1.969,-1.1913000000000011,0.42105263157894735,False,True
1.0,bin,0,-1.2959600001573561,-inf,-1.1407200038433074,711169,Cc1cccc(C(C)C)c1NC(=O)N(C)Cc1ccncc1,4.177320000000003,CN(C)C(=O)c1cccc(NC(=O)N(C)Cc2ccncc2)c1,True,2.447300000000001,-1.7300200000000014,0.509090909090909,False,True
1.0,bin,0,-1.2959600001573561,-inf,-1.1407200038433074,720969,Cc1noc(C)c1CCC(=O)OCC(=O)N1c2ccccc2CC1C,2.7450400000000013,Cc1noc(C)c1CCC(=O)OCC(=O)N1c2ccccc2CC1O,True,1.67494,-1.0701000000000012,0.8245614035087719,False,True
1.0,bin,0,-1.2959600001573561,-inf,-1.1407200038433074,730789,COC(=O)C1CCN(C(=O)c2cc3ccc(F)cc3nc2C)CC1,2.7075200000000006,COc1ccc2cc(C(=O)N3CCC(C(N)=O)CC3)c(C)nc2c1,True,1.8893199999999999,-0.8182000000000007,0.6140350877192983,False,False
1.0,bin,0,-1.2959600001573561,-inf,-1.1407200038433074,738178,Cc1ccc(-n2ccnc2SCc2nc(C3CC3)no2)cc1C,4.041840000000003,COc1ccccc1-n1ccnc1SCc1nc(C2CC2)no1,True,3.433600000000002,-0.6082400000000012,0.6166666666666667,False,True
1.0,bin,0,-1.2959600001573561,-inf,-1.1407200038433074,771897,COc1ccccc1OCC(=O)N(C)Cc1sccc1C,3.102520000000002,COc1ccccc1COC(=O)CNC1=CC=CSN1,True,1.9344999999999999,-1.168020000000002,0.2463768115942029,False,True
1.0,bin,0,-1.2959600001573561,-inf,-1.1407200038433074,811446,COC(=O)C1(NC(=O)c2cc(Br)c[nH]2)CCCCCC1,2.7730000000000006,COC(=O)C1(NC(=O)c2cc(N)c[nH]2)CCCCC1,True,1.2025999999999992,-1.5704000000000014,0.7272727272727273,False,True
1.0,bin,0,-1.2959600001573561,-inf,-1.1407200038433074,848291,CCC(C)NC(=O)NCc1noc(-c2cccs2)n1,2.3958000000000004,COCCNC(=O)NCc1noc(-c2cccs2)n1,True,1.2436999999999998,-1.1521000000000006,0.6428571428571429,False,False
1.0,bin,0,-1.2959600001573561,-inf,-1.1407200038433074,863440,COc1ccc(-c2nc(CCCO)cs2)cc1OC,2.752200000000001,NC(=O)CCc1csc(-c2ccc(O)c(N)c2)n1,True,1.5157999999999998,-1.2364000000000013,0.42592592592592593,False,True
1.0,bin,0,-1.2959600001573561,-inf,-1.1407200038433074,864663,N#Cc1ccc(-c2cc(F)ccc2F)nc1N1CCCC1,3.498680000000002,CN(CC(=CC=CC#N)C=C1C=C(N2CCCC2)C=N1)S(N)(=O)=O,True,1.0758800000000004,-2.4228000000000014,0.16455696202531644,False,True
1.0,bin,0,-1.2959600001573561,-inf,-1.1407200038433074,872100,CCc1cccc(C)c1NCC(O)c1ccc2c(c1)OCCO2,3.474120000000002,NC(=O)c1ccc(NCC(O)c2ccc3c(c2)OCCO3)cc1,True,1.7022,-1.771920000000002,0.5178571428571429,False,True
1.0,bin,0,-1.2959600001573561,-inf,-1.1407200038433074,886334,COc1ccc(C(=O)N2CCCC(C(=O)N3CCCCC3)C2)c(O)c1,2.2655000000000003,NC(=O)C1CCCN(C(=O)C2CCCN(C(=O)c3ccccc3)C2)C1,True,1.2626999999999993,-1.002800000000001,0.42857142857142855,False,True
1.0,bin,0,-1.2959600001573561,-inf,-1.1407200038433074,887387,COCCNC(=O)N(Cc1cccc(F)c1)CC1CCCO1,2.1627,CN(C)S(=O)(=O)NCC(=O)N(Cc1ccc(F)cc1)C1CCCO1,True,0.6867999999999996,-1.4759000000000004,0.3157894736842105,False,True
1.0,bin,0,-1.2959600001573561,-inf,-1.1407200038433074,889149,N#Cc1ccc(NC(=O)c2ccc(Br)cc2Cl)nc1,3.621480000000001,COc1ccc(C(=O)Nc2ccc(C#N)cn2)c(OC)c1,True,2.22278,-1.3987000000000007,0.5555555555555556,False,False
1.0,bin,0,-1.2959600001573561,-inf,-1.1407200038433074,913483,O=C(CNC(=O)NCCc1c(Cl)cccc1Cl)NC1CC1,2.1137000000000006,COc1ccc(CCNC(=O)NCC(=O)NC2CC2)cc1,True,0.8154999999999997,-1.298200000000001,0.56,False,True
1.0,bin,0,-1.2959600001573561,-inf,-1.1407200038433074,917620,C=CCN(Cc1ccccc1OC)C(=O)c1csc(C)n1,3.288520000000002,COc1ccccc1CN(CC(N)=O)C(=O)c1csc(C)n1,True,1.58782,-1.7007000000000019,0.7169811320754716,False,True
1.0,bin,0,-1.2959600001573561,-inf,-1.1407200038433074,918312,CCOc1ccc(Cl)c(C(=O)N2CCN(c3ncccn3)CC2)n1,1.8860999999999997,COc1cccnc1C(=O)N1CCN(c2ncccn2)CC1,True,0.8426,-1.0434999999999997,0.5283018867924528,False,True
1.0,bin,0,-1.2959600001573561,-inf,-1.1407200038433074,922879,CC(=O)c1ccc(N2CCN(Cc3c(F)cccc3F)CC2)cc1,3.489600000000003,OCc1ccc(CN2CCN(c3c(F)cccc3F)CC2)cc1,True,2.779300000000001,-0.7103000000000019,0.40816326530612246,False,True
1.0,bin,0,-1.2959600001573561,-inf,-1.1407200038433074,927535,COc1cc(CN2CCN(c3ccccc3F)CC2)ccc1O,2.862100000000002,NS(=O)(=O)c1ccc(CN2CCN(c3ccccc3O)CC2)cc1,True,1.3617999999999992,-1.5003000000000029,0.43636363636363634,False,True
1.0,bin,0,-1.2959600001573561,-inf,-1.1407200038433074,927567,Cc1ccccc1N1CCN(Cc2cccc(O)c2)CC1,3.022820000000001,NS(=O)(=O)c1ccc(CN2CCN(c3cccc(O)c3)CC2)cc1,True,1.3617999999999995,-1.6610200000000017,0.4339622641509434,False,True
1.0,bin,0,-1.2959600001573561,-inf,-1.1407200038433074,938108,CC(c1ccccc1)N(C)C(=O)CCC(=O)Nc1nccs1,3.0814000000000012,COc1ccccc1CNC(=O)CCC(=O)Nc1nccs1,True,2.1868,-0.8946000000000014,0.4915254237288136,False,False
1.0,bin,0,-1.2959600001573561,-inf,-1.1407200038433074,943303,CN(CCCOc1ccccc1)C(=O)Nc1cccc2c1OCCO2,3.390600000000002,Nc1cccc(OCCCNC(=O)Nc2cccc3c2OCCO3)c1,True,2.630600000000001,-0.7600000000000007,0.5238095238095238,False,True
1.0,bin,0,-1.2959600001573561,-inf,-1.1407200038433074,946289,CC(NC(=O)C1(c2cc(-c3ccco3)on2)CC1)c1ccccc1,3.843600000000002,CCC(C(=O)NC1(c2ccccc2)NC1=O)c1cc(-c2ccco2)on1,True,2.5272000000000006,-1.3164000000000016,0.39436619718309857,False,True
1.0,bin,0,-1.2959600001573561,-inf,-1.1407200038433074,994077,Cc1nnc(Cn2c(-c3cccc(Br)c3)noc2=O)o1,2.0055199999999997,COc1ccc(-c2noc(=O)n2Cc2nnc(C)o2)c(N)c1,True,0.83382,-1.1716999999999997,0.5254237288135594,False,True
1.0,bin,0,-1.2959600001573561,-inf,-1.1407200038433074,1065620,O=C(NCc1cccnc1Oc1ccccc1)c1cccnc1,3.198900000000002,O=C(NCc1cccnc1Oc1cccc(CO)c1)c1cccnc1,True,2.691200000000001,-0.5077000000000007,0.75,False,True
1.0,bin,0,-1.2959600001573561,-inf,-1.1407200038433074,1093926,CN(C(=O)CNc1cccc(OCC2CCCO2)c1)c1ccccc1,3.319300000000002,NC(=O)CN(C(=O)CNC=C1C=CC(OC2CCCO2)=C1)c1ccccc1,True,1.5852,-1.734100000000002,0.3132530120481928,False,True
1.0,bin,0,-1.2959600001573561,-inf,-1.1407200038433074,1107920,CCc1ccc(-n2cc(C(=O)NC(C)c3ccccc3)nn2)cc1,3.320700000000002,COc1ccc(-n2cc(C(=O)NCc3ccccc3O)nn2)cc1,True,1.9114999999999998,-1.4092000000000025,0.42857142857142855,False,True
1.0,bin,0,-1.2959600001573561,-inf,-1.1407200038433074,1113130,CC(NC(=O)Cn1nnnc1C(C)(C)C)c1cccc2ccccc12,3.0012000000000016,CC(NC(=O)Cn1nnnc1CO)c1cccc2ccccc12,True,1.196,-1.8052000000000017,0.7169811320754716,False,True
1.0,bin,0,-1.2959600001573561,-inf,-1.1407200038433074,1121751,COC(=O)Cn1ccc(NS(=O)(=O)c2ccc(F)c(F)c2F)n1,1.2742,NC(=O)Cn1ccc(NS(=O)(=O)c2cccc(F)c2)n1,True,0.3082999999999992,-0.9659000000000009,0.45,False,True
1.0,bin,0,-1.2959600001573561,-inf,-1.1407200038433074,1142531,CCOC(C)C(=O)NCCc1csc(-c2ccc(C)cc2)n1,3.2022200000000014,Cc1ccc(-c2nc(CC(=O)NCCO)cs2)cc1,True,1.76952,-1.4327000000000014,0.5178571428571429,False,False
1.0,bin,0,-1.2959600001573561,-inf,-1.1407200038433074,1212157,CN(Cc1ccc(F)c(F)c1)C(=O)c1cncc(-c2cnn(C)c2)c1,3.0325000000000015,CN(Cc1ccccc1O)C(=O)c1cncc(-c2cnn(C)c2)c1,True,2.4599,-0.5726000000000013,0.6379310344827587,False,True
1.0,bin,0,-1.2959600001573561,-inf,-1.1407200038433074,1215394,CCn1nc(C)cc1C(=O)Oc1cccc(NC(=O)C(C)C)c1,3.025120000000001,CCn1nc(C)cc1C(=O)Oc1ccc(NC=O)cc1,True,1.9989199999999996,-1.0262000000000016,0.5614035087719298,False,True
1.0,bin,0,-1.2959600001573561,-inf,-1.1407200038433074,1232922,CC(C)(C)OC(=O)NC1CCCN(S(=O)(=O)N2CCOCC2)C1,0.5525000000000011,COC(=O)CNC1CCCN(S(=O)(=O)N2CCOCC2)C1,True,-1.2095999999999971,-1.7620999999999982,0.5961538461538461,False,True
1.0,bin,0,-1.2959600001573561,-inf,-1.1407200038433074,1238973,FC(F)(F)c1cnc(N2CCn3c(nnc3C3CC3)C2)c(Cl)c1,3.2429000000000023,COc1cccc(NC2Cc3nnc(C4CC45CC5)n3C2)n1,True,1.9859999999999998,-1.2569000000000026,0.14634146341463414,False,True
1.0,bin,0,-1.2959600001573561,-inf,-1.1407200038433074,1299495,Cc1cc(CC(=O)N2CCCC2C(C#N)c2ccccc2)no1,2.823900000000001,Cc1cc(CC(=O)N2CCC(C(N)=O)C2c2ccccc2)no1,True,1.6006199999999997,-1.2232800000000013,0.5076923076923077,False,True
1.0,bin,0,-1.2959600001573561,-inf,-1.1407200038433074,1309906,CC(C)CC(NC(=O)c1cc(=O)c2ccccc2o1)C(=O)OC(C)C,2.8891000000000018,COCCOC(=O)c1cc(=O)c2ccccc2o1,True,1.5962000000000003,-1.2929000000000015,0.5185185185185185,False,True
1.0,bin,0,-1.2959600001573561,-inf,-1.1407200038433074,1362816,COCc1cccc(C(=O)NC2CC2c2cccc(Cl)c2)c1,3.772300000000002,O=C(NC1CC1c1cccc(O)c1)c1ccc(F)c(F)c1,True,2.9563000000000015,-0.8160000000000007,0.5087719298245614,False,True
1.0,bin,0,-1.2959600001573561,-inf,-1.1407200038433074,1441838,COCC(=O)NC(C(=O)Nc1cccc(-c2nccs2)c1)C(C)C,2.5358,CN(C)C(=O)CNC(=O)Nc1cccc(-c2nccs2)c1,True,2.0198,-0.516,0.5238095238095238,False,True
1.0,bin,0,-1.2959600001573561,-inf,-1.1407200038433074,1450449,CCCNC(=O)CSc1nc2c(cc1C#N)CCCC2,2.450380000000001,CC(=O)NCCNC(=O)CSc1cc2c(cn1)CCCC2,True,1.3047999999999995,-1.1455800000000014,0.4098360655737705,False,True
1.0,bin,0,-1.2959600001573561,-inf,-1.1407200038433074,1451910,O=S(=O)(NCc1nnc2ccccn12)c1ccc(F)c(F)c1,1.4859999999999995,NC(=O)c1ccc(S(=O)(=O)NCc2nnc3ccccn23)cc1,True,0.30669999999999953,-1.1793,0.6346153846153846,False,False
1.0,bin,0,-1.2959600001573561,-inf,-1.1407200038433074,1479798,Cc1nc(C)c(CCC(=O)N(CC(C)C)CC(F)(F)F)c(=O)[nH]1,2.3662400000000003,CCOC(=O)CN(C)C(=O)CCc1c(C)nc(C)[nH]c1=O,True,0.34083999999999964,-2.0254000000000008,0.5,False,True
1.0,bin,0,-1.2959600001573561,-inf,-1.1407200038433074,1507926,COC(=O)C(C)NC(=O)Cc1csc(-c2ccccc2Cl)n1,2.6837,NS(=O)(=O)CCNC(=O)Cc1csc(-c2ccccc2Cl)n1,True,1.4107000000000005,-1.2729999999999995,0.5517241379310345,False,True
1.0,bin,0,-1.2959600001573561,-inf,-1.1407200038433074,1527882,Nc1ncccc1C(=O)Nc1ccc2cn[nH]c2c1,1.7923999999999998,Nc1ncccc1C(=O)Nc1ccc2cn[nH]c2c1N,True,1.3745999999999998,-0.41779999999999995,0.6153846153846154,False,True
1.0,bin,0,-1.2959600001573561,-inf,-1.1407200038433074,1532848,COc1ccc(-c2ccc3c(=O)[nH]cnc3c2)cc1Cl,3.2521000000000013,NC(=O)COc1ccc(-c2ccc3c(=O)[nH]cnc3c2)cc1,True,1.4542,-1.7979000000000014,0.5098039215686274,False,True
1.0,bin,0,-1.2959600001573561,-inf,-1.1407200038433074,1548351,COc1cc(OC)c2c(c1)C(c1cnccn1)NCC2,1.7288999999999999,COc1c(O)ccc2c1C(c1cnccn1)NCC2,True,1.4258999999999995,-0.3030000000000004,0.45614035087719296,False,False
1.0,bin,0,-1.2959600001573561,-inf,-1.1407200038433074,1570134,COc1cccc(C(C)N2CCN(C(=O)c3ccc(O)cc3)CC2)c1,2.9198000000000013,C=C1CN(C(C(N)=O)c2ccccc2)CCN1C(=O)C1C=CC=COC1,True,1.5871999999999997,-1.3326000000000016,0.189873417721519,False,True
1.0,bin,0,-1.2959600001573561,-inf,-1.1407200038433074,1611406,CC(C)(C)N1CC(NC(=O)C2COc3ccc(F)cc3C2)CC1=O,1.8923999999999994,CN1C(=O)CC(NC(=O)C2COc3ccc(F)cc3C2)C1=O,True,0.25029999999999997,-1.6420999999999994,0.6166666666666667,False,True
1.0,bin,0,-1.2959600001573561,-inf,-1.1407200038433074,1612684,CCCC1CN(C(=O)Nc2ccn(CCC(C)C)n2)CCO1,2.9620000000000015,CCCC1CN(C(=O)Nc2ccn(S(C)(=O)=O)n2)CCO1,True,0.7235999999999998,-2.2384000000000017,0.6666666666666666,False,True
1.0,bin,0,-1.2959600001573561,-inf,-1.1407200038433074,1639675,CCC(CC)c1nnc(NC(=O)c2scnc2C2CC2)s1,4.0279000000000025,CC(C)c1nnc(NC(=O)c2scnc2C2CC2)s1,True,3.247700000000002,-0.7802000000000007,0.7872340425531915,False,False
1.0,bin,0,-1.2959600001573561,-inf,-1.1407200038433074,1675660,COc1ccnc(NC(=O)c2cccc(Cl)c2)c1,2.9959000000000007,COc1ccc(C(=O)Nc2ccc(N)cn2)c(N)c1,True,1.5069,-1.4890000000000008,0.3684210526315789,False,True
1.0,bin,0,-1.2959600001573561,-inf,-1.1407200038433074,1689728,CCc1noc(CSc2ncnc3sc(C)cc23)n1,3.237420000000002,Cc1cc2c(SCc3nc(N)no3)ncnc2s1,True,2.2572199999999993,-0.9802000000000026,0.7346938775510204,False,True
1.0,bin,0,-1.2959600001573561,-inf,-1.1407200038433074,1720876,CC(C)(C)CC(=O)NCC(=O)Nc1ccc2c(c1)COC2,2.2077,CCOCC(CO)NC(=O)Nc1ccc2c(c1)COC2,True,1.2357,-0.972,0.43859649122807015,False,True
1.0,bin,0,-1.2959600001573561,-inf,-1.1407200038433074,1757109,CC(C)Cc1ncc(CNc2ccc3c(c2)COC3)s1,3.983900000000003,CCSC(CNc1ccc2c(c1)COC2)=NCCC(=O)OC,True,2.843400000000001,-1.140500000000002,0.3235294117647059,False,True
1.0,bin,0,-1.2959600001573561,-inf,-1.1407200038433074,1774061,O=C1NCCCc2[nH]c(-c3cccc4[nH]ccc34)nc21,2.234,NC(=O)CNC(=O)CCC1C=CC=CCN1c1ncc(CCCNC=O)[nH]1,True,-0.22899999999999893,-2.4629999999999987,0.08421052631578947,False,True
1.0,bin,0,-1.2959600001573561,-inf,-1.1407200038433074,1800687,Cc1nn(C)c(-c2nc(-c3cccnn3)no2)c1Cl,1.8889199999999997,Cc1c(-c2nc(-c3ccc(N)nn3)no2)nnn1C,True,0.2127199999999997,-1.6762000000000001,0.4107142857142857,False,True
1.0,bin,0,-1.2959600001573561,-inf,-1.1407200038433074,1815867,FC(F)(F)c1ccc(CN2CCOCC2c2ncon2)cc1,2.661900000000001,Oc1ccc(CN2CCOCC2c2ncon2)cc1,True,1.3487,-1.313200000000001,0.7346938775510204,False,True
1.0,bin,0,-1.2959600001573561,-inf,-1.1407200038433074,1828580,Cc1ccc(N2CC3OCC(=O)N(Cc4cccc(F)c4)C3C2)nn1,1.54032,O=CCOCC(CNCc1cccnn1)NCc1cccc(O)c1,True,0.6457000000000002,-0.8946199999999997,0.13043478260869565,False,True
1.0,bin,0,-1.2959600001573561,-inf,-1.1407200038433074,1836183,CCc1ccc(C(=O)NCc2nccc(N(C)C)n2)cc1,2.035,CNS(=O)(=O)c1ccc(C(=O)NCc2nccc(C)n2)cc1,True,0.6231199999999992,-1.411880000000001,0.48148148148148145,False,True
1.0,bin,0,-1.2959600001573561,-inf,-1.1407200038433074,1842499,COc1ccccc1COc1ccccc1-c1cnn(CCO)c1,3.1300000000000017,Cn1cc(-c2ccccc2OCc2ccccc2S(N)(=O)=O)cn1,True,2.3135000000000003,-0.8165000000000013,0.5087719298245614,False,True
1.0,bin,0,-1.2959600001573561,-inf,-1.1407200038433074,1865564,COC(CNC(=O)c1ccoc1)c1cccc(F)c1,2.536200000000001,NS(=O)(=O)OC(CNC(=O)c1ccoc1)c1ccccc1,True,0.9707999999999992,-1.5654000000000017,0.5357142857142857,False,True
1.0,bin,0,-1.2959600001573561,-inf,-1.1407200038433074,1868773,CCCOc1ccc(Cl)c2c1CCNC2C1CC(=O)C1,3.2947000000000015,COc1ccc2c(c1OC)CCNC21CCC(=O)C1,True,1.7978,-1.4969000000000015,0.23880597014925373,False,True
1.0,bin,0,-1.2959600001573561,-inf,-1.1407200038433074,1873123,CCC1OC(=O)c2c(OC)ccc(Br)c21,3.079200000000002,CCCOC(=O)C=C(C)c1ccc(S(=O)(=O)NC)cc1,True,1.9512000000000003,-1.1280000000000017,0.12698412698412698,False,True
1.0,bin,0,-1.2959600001573561,-inf,-1.1407200038433074,1875028,Cc1cccc(C)c1NCC(=O)N1CCCC2CCCCC21,3.8965400000000034,NC(=O)Cc1ccccc1NCC(=O)NCCC1CCCCC1,True,2.2128999999999985,-1.683640000000005,0.26153846153846155,False,True
1.0,bin,0,-1.2959600001573561,-inf,-1.1407200038433074,1895921,CCC(CC)N(C)C(=O)CC1OC(=O)c2ccccc21,2.935200000000002,CN(C)C(=O)CCOC(=O)CC1OC(=O)c2ccccc21,True,1.3096999999999996,-1.6255000000000022,0.5490196078431373,False,True
1.0,bin,0,-1.2959600001573561,-inf,-1.1407200038433074,1907077,Cc1ccc2[nH]nc(C(=O)Nc3nc(-c4ccco4)cs3)c2c1,3.8401200000000015,C=C(N=CNC(=O)C1=NNC=CC(=CC(N)=O)C=CCS1)c1ccco1,True,1.5263,-2.3138200000000015,0.20652173913043478,False,True
1.0,bin,0,-1.2959600001573561,-inf,-1.1407200038433074,1913063,Cc1nn(C)c(C)c1CN(C(=O)c1cn2cccc(C)c2n1)C1CC1,2.797860000000001,Cc1nn(C)cc1CN(C)C(=O)c1cn2ccccc2n1,True,1.64842,-1.149440000000001,0.36619718309859156,False,False
1.0,bin,0,-1.2959600001573561,-inf,-1.1407200038433074,1922265,CN(CCNC(=O)c1ccc2c(c1)ncn2C)c1ccccc1,2.4395000000000007,NC(=O)Cn1cnc2cc(C(=O)NCCNc3ccccc3)ccc21,True,1.3634999999999993,-1.0760000000000014,0.5,False,True
1.0,bin,1,-0.9854800075292587,-1.1407200038433074,-0.83024001121521,32052,COc1ccccc1CNC(=O)Cc1c[nH]c2ccccc12,3.035400000000001,NC(=O)c1cccc(CNC(=O)Cc2c[nH]c3ccccc23)c1,True,2.1256999999999993,-0.9097000000000017,0.5471698113207547,False,False
1.0,bin,1,-0.9854800075292587,-1.1407200038433074,-0.83024001121521,116747,COCCSc1ccccc1C(=O)Nc1cccc(C)n1,3.3808200000000017,C#CCNS(=O)(=O)c1ccccc1C(=O)Nc1cccc(C)n1,True,1.55382,-1.8270000000000017,0.4827586206896552,False,True
1.0,bin,1,-0.9854800075292587,-1.1407200038433074,-0.83024001121521,131060,CS(=O)(=O)NCCc1csc(-c2ccc(F)cc2)n1,2.0408999999999997,NC(=O)CNC(=O)Cc1csc(-c2ccc(F)cc2)n1,True,1.0932,-0.9476999999999998,0.4716981132075472,False,True
1.0,bin,1,-0.9854800075292587,-1.1407200038433074,-0.83024001121521,131949,CCc1c(C)nc(SCC(=O)NC(C)C)[nH]c1=O,1.25742,Cc1nc(SCC(=O)NCC(C)O)[nH]c(=O)c1C,True,-0.02416000000000057,-1.2815800000000006,0.5294117647058824,False,True
1.0,bin,1,-0.9854800075292587,-1.1407200038433074,-0.83024001121521,158879,COc1ccc(CC(=O)OCC(=O)c2c[nH]c3ccccc23)cc1,3.145100000000001,NC(=O)CC1C(=O)OCC(=O)c2ccc(F)cc2CNc2ccccc21,True,2.1362999999999994,-1.0088000000000017,0.11764705882352941,False,True
1.0,bin,1,-0.9854800075292587,-1.1407200038433074,-0.83024001121521,232056,COCCNC(=O)c1cc(=O)c2cc(C)ccc2o1,1.4776199999999993,COC(=O)CNC(=O)c1cc(=O)c2cc(F)ccc2o1,True,0.8348999999999993,-0.64272,0.5576923076923077,False,True
1.0,bin,1,-0.9854800075292587,-1.1407200038433074,-0.83024001121521,235788,O=C(Cn1nc(-c2ccco2)oc1=O)NCC(F)(F)F,0.7747999999999999,CN(C)C(=O)Cn1nc(-c2ccco2)oc1=O,True,0.1844999999999999,-0.5903,0.6078431372549019,False,True
1.0,bin,1,-0.9854800075292587,-1.1407200038433074,-0.83024001121521,236081,CC(=O)c1c(C)[nH]c(C(=O)CSc2nc(C(C)C)n[nH]2)c1C,3.0506400000000014,CC1=CC(=O)CC(C)(C(=O)CSc2nc(C)n[nH]2)N1,True,0.9992199999999998,-2.0514200000000016,0.2835820895522388,False,True
1.0,bin,1,-0.9854800075292587,-1.1407200038433074,-0.83024001121521,281081,O=C(Cn1cccn1)NCc1cccnc1Oc1ccc(F)cc1F,2.665000000000001,O=S1(=O)C=CC=C(Oc2ncccc2CNc2ccncc2F)N1,True,1.8946999999999998,-0.7703000000000011,0.31645569620253167,False,True
1.0,bin,1,-0.9854800075292587,-1.1407200038433074,-0.83024001121521,284170,COc1ccc(-c2nc(CC(=O)Nc3cccc(C)n3)cs2)cc1,3.7033200000000024,COc1ccnc(NC(=O)Cc2csc(-c3cccc(CO)c3)n2)c1,True,2.887200000000001,-0.8161200000000015,0.5873015873015873,False,True
1.0,bin,1,-0.9854800075292587,-1.1407200038433074,-0.83024001121521,288369,Cc1ccc(NCc2nnc3n2CCCCC3)cc1C,3.2334400000000016,CC(C)NS(=O)(=O)c1cccc(NCc2nnc3n2CCCCC3)c1,True,2.3033,-0.9301400000000015,0.5789473684210527,False,True
1.0,bin,1,-0.9854800075292587,-1.1407200038433074,-0.83024001121521,302889,COc1ccc(OC)c(NC(=O)CCNC(=O)c2cccs2)c1,2.5239000000000003,CNS(=O)(=O)c1ccc(NC(=O)CCNC(=O)c2cccs2)cc1,True,1.4148000000000003,-1.1091,0.5,False,True
1.0,bin,1,-0.9854800075292587,-1.1407200038433074,-0.83024001121521,327141,COc1ccc(OC)c(S(=O)(=O)Nc2ccn(C)n2)c1,1.2381,Cn1ccc(NS(=O)(=O)c2ccc(C(N)=O)cc2)n1,True,0.31979999999999975,-0.9183000000000002,0.4423076923076923,False,True
1.0,bin,1,-0.9854800075292587,-1.1407200038433074,-0.83024001121521,327382,CNC(=O)C1CN(C(=O)c2c(C)noc2C)c2ccccc2O1,1.4452399999999996,Cc1onc(C(N)=O)c1C(=O)N1CCOc2ccccc21,True,1.1211199999999995,-0.3241200000000002,0.45161290322580644,False,True
1.0,bin,1,-0.9854800075292587,-1.1407200038433074,-0.83024001121521,406491,COCCNC(=O)C1CCCN(S(=O)(=O)N2CCOCC2)C1,-0.9619999999999964,NC(=O)C1CCCN(S(=O)(=O)N2CCOC(O)C2)C1,True,-1.9208999999999963,-0.9588999999999999,0.42857142857142855,False,True
1.0,bin,1,-0.9854800075292587,-1.1407200038433074,-0.83024001121521,413951,O=C(Cn1ncn2cccc2c1=O)N1CCCCCC1,0.8985999999999996,Cc1cc2cn(CC(=O)N3CCCC(C(N)=O)C3)ncn-2c1=O,True,-0.495879999999999,-1.3944799999999986,0.30434782608695654,False,True
1.0,bin,1,-0.9854800075292587,-1.1407200038433074,-0.83024001121521,427929,CCNc1nc(NCc2ccccc2Cl)c2cnn(C)c2n1,3.060600000000001,COC(=O)c1ccc(CNc2nc(C)nc3c2cnn3C)cc1,True,2.0704199999999995,-0.9901800000000014,0.390625,False,True
1.0,bin,1,-0.9854800075292587,-1.1407200038433074,-0.83024001121521,447130,CCC(NC(=O)C1CCN(C(=O)C2CC2)CC1)c1ccc(C)cc1,3.2109200000000016,O=C(NCc1ccccc1F)C1CCN(C(=O)C2CC2)CC1,True,2.0904999999999996,-1.120420000000002,0.42857142857142855,False,False
1.0,bin,1,-0.9854800075292587,-1.1407200038433074,-0.83024001121521,481908,CCNS(=O)(=O)c1ccc(C)c(C(=O)Nc2ncccc2C)c1,2.24894,CNS(=O)(=O)c1cccc(C(=O)Nc2ccc(C)cn2)c1,True,1.5504199999999997,-0.6985200000000005,0.328125,False,False
1.0,bin,1,-0.9854800075292587,-1.1407200038433074,-0.83024001121521,485220,Cc1nn(CC(=O)N2CCN(C)CC2)c(C)c1Br,1.03644,Cc1nn(CC(=O)N2CCN(C)CC2C)cc1N,True,-0.06377999999999873,-1.1002199999999989,0.3157894736842105,False,True
1.0,bin,1,-0.9854800075292587,-1.1407200038433074,-0.83024001121521,526363,Cc1nnc(SCC(=O)Nc2ccc(O)cc2)n(N)c1=O,0.09692,Nc1nnc(SCC(=O)Nc2ccc(CO)cc2)n(N)c1=O,True,-0.8426000000000002,-0.9395200000000002,0.6037735849056604,False,True
1.0,bin,1,-0.9854800075292587,-1.1407200038433074,-0.83024001121521,536853,COc1ccc(C2CCCN2C(=O)C2CCC2)c(OC)c1,3.1674000000000015,NC(=O)COc1cccc(C2CCCN2C(=O)C2CCC2)c1,True,2.0142999999999995,-1.153100000000002,0.4827586206896552,False,True
1.0,bin,1,-0.9854800075292587,-1.1407200038433074,-0.83024001121521,540312,Cc1nn(C)c2nc(C3CC3)cc(C(=O)NCC(=O)NC(C)(C)C)c12,1.7986199999999997,Cc1nn(C)c2nc(C3CC3)cc(C(=O)N(C)CCO)c12,True,1.2184199999999998,-0.5801999999999998,0.5483870967741935,False,True
1.0,bin,1,-0.9854800075292587,-1.1407200038433074,-0.83024001121521,544381,Cc1nc(N2CCCC(C(=O)NC(C)C)C2)c2c(C)c(C)oc2n1,2.8890600000000006,CC1=NC2C(C)=C(C)OC(=N1)C=C1CC(CCC(N)=O)CCN12,True,2.3285,-0.5605600000000006,0.16666666666666666,False,True
1.0,bin,1,-0.9854800075292587,-1.1407200038433074,-0.83024001121521,544382,CCCNC(=O)C1CCCN(c2nc(C)nc3oc(C)c(C)c23)C1,2.8906600000000013,Cc1nc(N2CCCC(C(N)=O)C2)c2c(C)c(C)oc2n1,True,1.84976,-1.0409000000000013,0.6964285714285714,False,True
1.0,bin,1,-0.9854800075292587,-1.1407200038433074,-0.83024001121521,550049,Cc1ccc(C)c(OCC(=O)Nc2cccc(-n3cnnc3)c2)c1,2.9016400000000013,N#Cc1ccc(OCC(=O)Nc2cccc(-n3cnnc3)c2)cc1,True,2.15648,-0.7451600000000012,0.625,False,True
1.0,bin,1,-0.9854800075292587,-1.1407200038433074,-0.83024001121521,573533,Cc1nn(-c2ncc(C(F)(F)F)cc2Cl)c(=O)o1,2.2011199999999995,COC(=O)c1cc(C)nc(-n2nc(C(F)(F)F)oc2=O)c1,True,1.33432,-0.8667999999999996,0.3064516129032258,False,True
1.0,bin,1,-0.9854800075292587,-1.1407200038433074,-0.83024001121521,582555,O=C(NCC(O)c1ccccc1)c1ccc2c(=O)n3c(nc2c1)CCC3,1.8061000000000003,NC(=O)C=CC=CC1=CCCc2nc3cc(ccc3c(=O)[nH]2)C(=O)NCC1,True,1.5132999999999996,-0.2928000000000006,0.1797752808988764,False,True
1.0,bin,1,-0.9854800075292587,-1.1407200038433074,-0.83024001121521,588547,Cc1n[nH]c(C)c1NC(=O)CCc1ccc(Cl)cc1Cl,3.9046400000000023,Cc1cccc(CCC(=O)Nc2c(C)n[nH]c2C)c1,True,2.9062600000000005,-0.9983800000000018,0.5769230769230769,False,False
1.0,bin,1,-0.9854800075292587,-1.1407200038433074,-0.83024001121521,607673,CCCN(CC1CC1)S(=O)(=O)c1ccccc1F,2.636400000000001,O=S(=O)(c1cc(Cl)ccc1O)N(CCO)CC1CC1,True,1.4386,-1.1978000000000009,0.41509433962264153,False,True
1.0,bin,1,-0.9854800075292587,-1.1407200038433074,-0.83024001121521,617681,Cc1cc(C(=O)Nc2nc(-c3ccncc3)cs2)nn1C(C)C,3.5432200000000016,CCCn1ccc(C(=O)Nc2nc(-c3ccncc3)cs2)n1,True,3.063900000000001,-0.4793200000000004,0.559322033898305,False,True
1.0,bin,1,-0.9854800075292587,-1.1407200038433074,-0.83024001121521,650267,COc1ccc2oc(C(=O)NC3CCCCNC3=O)c(C)c2c1,2.14832,CS(=O)(=O)NC1=CC=CC(C(=O)NC2CCCCNC2=O)=CC1,True,0.09069999999999961,-2.0576200000000004,0.3698630136986301,False,True
1.0,bin,1,-0.9854800075292587,-1.1407200038433074,-0.83024001121521,668639,Cc1cc(NC(=O)c2ccccc2Cl)ncc1N,2.8779200000000005,COC1COC=CC=C1C(=O)Nc1cc(N)ccn1,True,1.0876000000000001,-1.7903200000000004,0.26865671641791045,False,True
1.0,bin,1,-0.9854800075292587,-1.1407200038433074,-0.83024001121521,673160,CCC(=O)Nc1ccc2oc(C(F)(F)F)cc(=O)c2c1,3.160300000000001,CC(=O)NCCCC(=O)Nc1ccc2oc(C)cc(=O)c2c1,True,1.9562199999999996,-1.2040800000000016,0.47368421052631576,False,True
1.0,bin,1,-0.9854800075292587,-1.1407200038433074,-0.83024001121521,711169,Cc1cccc(C(C)C)c1NC(=O)N(C)Cc1ccncc1,4.177320000000003,C#CCOc1ccc(NC(=O)N(CC)Cc2ccncc2)cc1,True,3.1476000000000015,-1.029720000000001,0.3181818181818182,False,True
1.0,bin,1,-0.9854800075292587,-1.1407200038433074,-0.83024001121521,720969,Cc1noc(C)c1CCC(=O)OCC(=O)N1c2ccccc2CC1C,2.7450400000000013,Cc1onc(O)c1CCC(=O)NC(=O)CC1Cc2ccccc2N1O,True,1.47462,-1.2704200000000012,0.4246575342465753,False,True
1.0,bin,1,-0.9854800075292587,-1.1407200038433074,-0.83024001121521,730789,COC(=O)C1CCN(C(=O)c2cc3ccc(F)cc3nc2C)CC1,2.7075200000000006,CNC(=O)C1CCCN(C(=O)c2cc3ccc(F)cc3nc2O)C1,True,1.6776999999999995,-1.029820000000001,0.5,False,True
1.0,bin,1,-0.9854800075292587,-1.1407200038433074,-0.83024001121521,738178,Cc1ccc(-n2ccnc2SCc2nc(C3CC3)no2)cc1C,4.041840000000003,Nc1cccc(-n2ccnc2SCc2nc(C3CC3)no2)c1,True,3.007200000000002,-1.0346400000000013,0.7142857142857143,False,True
1.0,bin,1,-0.9854800075292587,-1.1407200038433074,-0.83024001121521,771897,COc1ccccc1OCC(=O)N(C)Cc1sccc1C,3.102520000000002,CNC(=O)c1ccc(OCC(=O)N(C)Cc2sccc2C)cc1,True,2.45352,-0.6490000000000018,0.5740740740740741,False,True
1.0,bin,1,-0.9854800075292587,-1.1407200038433074,-0.83024001121521,811446,COC(=O)C1(NC(=O)c2cc(Br)c[nH]2)CCCCCC1,2.7730000000000006,COC(=O)C1(NC(=O)c2cc(N)cn2C)CCCCC1,True,1.2129999999999992,-1.5600000000000014,0.4807692307692308,False,True
1.0,bin,1,-0.9854800075292587,-1.1407200038433074,-0.83024001121521,848291,CCC(C)NC(=O)NCc1noc(-c2cccs2)n1,2.3958000000000004,CCNC(=O)CN(CC)C(=O)c1noc(-c2cccs2)n1,True,1.3962999999999994,-0.9995000000000009,0.453125,False,True
1.0,bin,1,-0.9854800075292587,-1.1407200038433074,-0.83024001121521,863440,COc1ccc(-c2nc(CCCO)cs2)cc1OC,2.752200000000001,COc1ccc(-c2nccs2)cc1OCC(O)CO,True,1.5506999999999995,-1.2015000000000016,0.4107142857142857,False,True
1.0,bin,1,-0.9854800075292587,-1.1407200038433074,-0.83024001121521,864663,N#Cc1ccc(-c2cc(F)ccc2F)nc1N1CCCC1,3.498680000000002,N#CC=CC=C(CN1CCCC1)c1ccc(F)c(C#N)c1N,True,2.83856,-0.6601200000000018,0.23529411764705882,False,True
1.0,bin,1,-0.9854800075292587,-1.1407200038433074,-0.83024001121521,872100,CCc1cccc(C)c1NCC(O)c1ccc2c(c1)OCCO2,3.474120000000002,COc1ccc(NCC(O)c2ccc3c(c2)OCCO3)cc1,True,2.6119000000000003,-0.8622200000000015,0.5272727272727272,False,True
1.0,bin,1,-0.9854800075292587,-1.1407200038433074,-0.83024001121521,886334,COc1ccc(C(=O)N2CCCC(C(=O)N3CCCCC3)C2)c(O)c1,2.2655000000000003,NC(=O)C1CCCN(C(=O)C2CCCN(C(=O)c3ccccc3)C2)C1,True,1.2626999999999993,-1.002800000000001,0.42857142857142855,False,True
1.0,bin,1,-0.9854800075292587,-1.1407200038433074,-0.83024001121521,887387,COCCNC(=O)N(Cc1cccc(F)c1)CC1CCCO1,2.1627,CNC(=O)N(C)CC(=O)N(Cc1ccccc1)CC1CCCO1,True,1.4653999999999994,-0.6973000000000007,0.47761194029850745,False,True
1.0,bin,1,-0.9854800075292587,-1.1407200038433074,-0.83024001121521,889149,N#Cc1ccc(NC(=O)c2ccc(Br)cc2Cl)nc1,3.621480000000001,Cc1ccc(F)cc1C(=O)Nc1ccc(C#N)cn1,True,2.6531000000000002,-0.9683800000000007,0.5471698113207547,False,False
1.0,bin,1,-0.9854800075292587,-1.1407200038433074,-0.83024001121521,913483,O=C(CNC(=O)NCCc1c(Cl)cccc1Cl)NC1CC1,2.1137000000000006,O=C(CNC(=O)NC1CC1)NCCc1ccc(F)c(F)c1,True,1.0851,-1.0286000000000006,0.4444444444444444,False,True
1.0,bin,1,-0.9854800075292587,-1.1407200038433074,-0.83024001121521,917620,C=CCN(Cc1ccccc1OC)C(=O)c1csc(C)n1,3.288520000000002,COC(=O)CN(Cc1ccccc1C)C(=O)c1csc(C)n1,True,2.5753400000000006,-0.7131800000000013,0.5614035087719298,False,True
1.0,bin,1,-0.9854800075292587,-1.1407200038433074,-0.83024001121521,918312,CCOc1ccc(Cl)c(C(=O)N2CCN(c3ncccn3)CC2)n1,1.8860999999999997,COc1ccnc(N2CCN(C(=O)c3ccccn3)CC2)n1,True,0.8426,-1.0434999999999997,0.4576271186440678,False,False
1.0,bin,1,-0.9854800075292587,-1.1407200038433074,-0.83024001121521,922879,CC(=O)c1ccc(N2CCN(Cc3c(F)cccc3F)CC2)cc1,3.489600000000003,NC(=O)Cc1ccccc1N1CCN(Cc2cccc(F)c2)CC1,True,2.1757,-1.313900000000003,0.3333333333333333,False,True
1.0,bin,1,-0.9854800075292587,-1.1407200038433074,-0.83024001121521,927535,COc1cc(CN2CCN(c3ccccc3F)CC2)ccc1O,2.862100000000002,NC(=O)c1ccccc1CN1CCN(c2ccccc2O)CC1,True,1.8133,-1.0488000000000022,0.3620689655172414,False,True
1.0,bin,1,-0.9854800075292587,-1.1407200038433074,-0.83024001121521,927567,Cc1ccccc1N1CCN(Cc2cccc(O)c2)CC1,3.022820000000001,N#Cc1cccc(N2CCN(Cc3cccc(C(N)=O)c3)CC2)c1,True,1.97938,-1.0434400000000013,0.3559322033898305,False,True
1.0,bin,1,-0.9854800075292587,-1.1407200038433074,-0.83024001121521,938108,CC(c1ccccc1)N(C)C(=O)CCC(=O)Nc1nccs1,3.0814000000000012,CC(NC(=O)CCC(=O)Nc1nccs1)c1ccccc1,True,2.7392000000000003,-0.34220000000000095,0.6938775510204082,False,True
1.0,bin,1,-0.9854800075292587,-1.1407200038433074,-0.83024001121521,943303,CN(CCCOc1ccccc1)C(=O)Nc1cccc2c1OCCO2,3.390600000000002,Nc1cccc(OCCCNC(=O)Nc2cccc3c2OCCO3)c1,True,2.630600000000001,-0.7600000000000007,0.5238095238095238,False,True
1.0,bin,1,-0.9854800075292587,-1.1407200038433074,-0.83024001121521,946289,CC(NC(=O)C1(c2cc(-c3ccco3)on2)CC1)c1ccccc1,3.843600000000002,O=C(NCc1cc(-c2ccco2)no1)C1(c2ccccc2)CC1O,True,2.2534000000000005,-1.5902000000000016,0.35714285714285715,False,True
1.0,bin,1,-0.9854800075292587,-1.1407200038433074,-0.83024001121521,994077,Cc1nnc(Cn2c(-c3cccc(Br)c3)noc2=O)o1,2.0055199999999997,O=c1onc(-c2ccccc2)n1CC1=NN=CC1,True,1.3338,-0.6717199999999997,0.39655172413793105,False,True
1.0,bin,1,-0.9854800075292587,-1.1407200038433074,-0.83024001121521,1065620,O=C(NCc1cccnc1Oc1ccccc1)c1cccnc1,3.198900000000002,NC(=O)c1ccc(C(=O)NCc2cccnc2Oc2ccccc2)cn1,True,2.2978000000000005,-0.9011000000000013,0.7115384615384616,False,True
1.0,bin,1,-0.9854800075292587,-1.1407200038433074,-0.83024001121521,1093926,CN(C(=O)CNc1cccc(OCC2CCCO2)c1)c1ccccc1,3.319300000000002,NC(=O)c1cccc(NCC(=O)Nc2cccc(OCC3CCCO3)c2)c1,True,2.3939000000000004,-0.9254000000000016,0.5909090909090909,False,True
1.0,bin,1,-0.9854800075292587,-1.1407200038433074,-0.83024001121521,1107920,CCc1ccc(-n2cc(C(=O)NC(C)c3ccccc3)nn2)cc1,3.320700000000002,Cc1ccc(CNC(=O)c2cn(-c3ccc(N(C)C)cc3)nn2)cc1,True,2.571720000000001,-0.7489800000000013,0.4426229508196721,False,True
1.0,bin,1,-0.9854800075292587,-1.1407200038433074,-0.83024001121521,1113130,CC(NC(=O)Cn1nnnc1C(C)(C)C)c1cccc2ccccc12,3.0012000000000016,CCc1nnnn1C(C)C(=O)NCc1cccc2ccccc12,True,2.2661,-0.7351000000000019,0.4153846153846154,False,True
1.0,bin,1,-0.9854800075292587,-1.1407200038433074,-0.83024001121521,1121751,COC(=O)Cn1ccc(NS(=O)(=O)c2ccc(F)c(F)c2F)n1,1.2742,Nc1cc(OC(F)(F)F)ccc1S(=O)(=O)NC1C=CNCC(=O)N1,True,0.0049000000000002375,-1.2692999999999999,0.1625,False,True
1.0,bin,1,-0.9854800075292587,-1.1407200038433074,-0.83024001121521,1142531,CCOC(C)C(=O)NCCc1csc(-c2ccc(C)cc2)n1,3.2022200000000014,CCS(=O)(=O)NC(C)(O)NCCc1csc(-c2ccccc2)n1,True,1.5475000000000003,-1.654720000000001,0.4,False,True
1.0,bin,1,-0.9854800075292587,-1.1407200038433074,-0.83024001121521,1212157,CN(Cc1ccc(F)c(F)c1)C(=O)c1cncc(-c2cnn(C)c2)c1,3.0325000000000015,CN(Cc1cccc(C#N)c1)C(=O)c1cncc(-c2cnn(C)c2)c1,True,2.625980000000001,-0.40652000000000044,0.6666666666666666,False,True
1.0,bin,1,-0.9854800075292587,-1.1407200038433074,-0.83024001121521,1215394,CCn1nc(C)cc1C(=O)Oc1cccc(NC(=O)C(C)C)c1,3.025120000000001,CCCn1nccc1C(=O)Oc1cccc(N)c1,True,2.0945,-0.9306200000000011,0.375,False,True
1.0,bin,1,-0.9854800075292587,-1.1407200038433074,-0.83024001121521,1232922,CC(C)(C)OC(=O)NC1CCCN(S(=O)(=O)N2CCOCC2)C1,0.5525000000000011,CCCNC(=O)C1CCN(S(=O)(=O)N2CCOCC2)CC1,True,-0.19839999999999836,-0.7508999999999995,0.39285714285714285,False,True
1.0,bin,1,-0.9854800075292587,-1.1407200038433074,-0.83024001121521,1238973,FC(F)(F)c1cnc(N2CCn3c(nnc3C3CC3)C2)c(Cl)c1,3.2429000000000023,C=CC(=NN=CN(F)CCn1cncc1C)C(F)(F)F,True,2.510620000000001,-0.7322800000000012,0.0975609756097561,False,True
1.0,bin,1,-0.9854800075292587,-1.1407200038433074,-0.83024001121521,1299495,Cc1cc(CC(=O)N2CCCC2C(C#N)c2ccccc2)no1,2.823900000000001,CC1=CC(C2CCCN2C(=O)C(O)c2ccccc2ON)O1,True,1.2660999999999998,-1.5578000000000012,0.27631578947368424,False,True
1.0,bin,1,-0.9854800075292587,-1.1407200038433074,-0.83024001121521,1309906,CC(C)CC(NC(=O)c1cc(=O)c2ccccc2o1)C(=O)OC(C)C,2.8891000000000018,CCCNC(=O)CCNC(=O)c1cc(=O)c2ccccc2o1,True,1.4390999999999992,-1.4500000000000026,0.4745762711864407,False,True
1.0,bin,1,-0.9854800075292587,-1.1407200038433074,-0.83024001121521,1362816,COCc1cccc(C(=O)NC2CC2c2cccc(Cl)c2)c1,3.772300000000002,COc1cccc(C(=O)NC2CC2c2ccccc2)c1O,True,2.6867000000000014,-1.0856000000000008,0.4406779661016949,False,True
1.0,bin,1,-0.9854800075292587,-1.1407200038433074,-0.83024001121521,1441838,COCC(=O)NC(C(=O)Nc1cccc(-c2nccs2)c1)C(C)C,2.5358,CCS(=O)(=O)NCC(=O)Nc1cccc(-c2nccs2)c1,True,1.6878999999999993,-0.8479000000000008,0.5238095238095238,False,True
1.0,bin,1,-0.9854800075292587,-1.1407200038433074,-0.83024001121521,1450449,CCCNC(=O)CSc1nc2c(cc1C#N)CCCC2,2.450380000000001,COC(=O)COC(=O)CSc1nc2c(cc1C#N)CCCC2,True,1.64038,-0.8100000000000009,0.6428571428571429,False,True
1.0,bin,1,-0.9854800075292587,-1.1407200038433074,-0.83024001121521,1451910,O=S(=O)(NCc1nnc2ccccn12)c1ccc(F)c(F)c1,1.4859999999999995,NC(=O)c1ccc(S(=O)(=O)NCc2nnc3ccccn23)cc1,True,0.30669999999999953,-1.1793,0.6346153846153846,False,False
1.0,bin,1,-0.9854800075292587,-1.1407200038433074,-0.83024001121521,1479798,Cc1nc(C)c(CCC(=O)N(CC(C)C)CC(F)(F)F)c(=O)[nH]1,2.3662400000000003,CCC(C)C(NC(=O)CCc1c(C)nc(C)[nH]c1=O)C(=O)OC,True,1.02324,-1.3430000000000004,0.43548387096774194,False,True
1.0,bin,1,-0.9854800075292587,-1.1407200038433074,-0.83024001121521,1507926,COC(=O)C(C)NC(=O)Cc1csc(-c2ccccc2Cl)n1,2.6837,COC(=O)CNC(=O)Cc1csc(-c2ccccc2OC)n1,True,1.6503999999999999,-1.0333,0.4915254237288136,False,True
1.0,bin,1,-0.9854800075292587,-1.1407200038433074,-0.83024001121521,1527882,Nc1ncccc1C(=O)Nc1ccc2cn[nH]c2c1,1.7923999999999998,NC(=O)c1ncccc1C(=O)Nc1ccc2cn[nH]c2c1,True,1.3090999999999997,-0.48330000000000006,0.7551020408163265,False,True
1.0,bin,1,-0.9854800075292587,-1.1407200038433074,-0.83024001121521,1532848,COc1ccc(-c2ccc3c(=O)[nH]cnc3c2)cc1Cl,3.2521000000000013,COc1cc(-c2ccc3c(=O)[nH]cnc3c2)cc(OC)c1OC,True,2.615900000000001,-0.6362000000000005,0.7045454545454546,False,True
1.0,bin,1,-0.9854800075292587,-1.1407200038433074,-0.83024001121521,1548351,COc1cc(OC)c2c(c1)C(c1cnccn1)NCC2,1.7288999999999999,CS(=O)(=O)c1ccc2c(c1)C(c1cnccn1)NCC2,True,1.1152000000000002,-0.6136999999999997,0.45614035087719296,False,True
1.0,bin,1,-0.9854800075292587,-1.1407200038433074,-0.83024001121521,1570134,COc1cccc(C(C)N2CCN(C(=O)c3ccc(O)cc3)CC2)c1,2.9198000000000013,O=C(c1ccccc1)N1CCN(Cc2cccc(CO)c2)CC1,True,2.1369,-0.7829000000000015,0.31666666666666665,False,True
1.0,bin,1,-0.9854800075292587,-1.1407200038433074,-0.83024001121521,1611406,CC(C)(C)N1CC(NC(=O)C2COc3ccc(F)cc3C2)CC1=O,1.8923999999999994,CN1CC(=O)CC(NC(=O)C2COc3ccc(F)cc3C2)C1,True,0.7661999999999991,-1.1262000000000003,0.6779661016949152,False,True
1.0,bin,1,-0.9854800075292587,-1.1407200038433074,-0.83024001121521,1612684,CCCC1CN(C(=O)Nc2ccn(CCC(C)C)n2)CCO1,2.9620000000000015,CCCC1CN(C(=O)Nc2ccn(CC(O)CC)n2)CCO1,True,1.6867999999999996,-1.2752000000000019,0.7457627118644068,False,True
1.0,bin,1,-0.9854800075292587,-1.1407200038433074,-0.83024001121521,1639675,CCC(CC)c1nnc(NC(=O)c2scnc2C2CC2)s1,4.0279000000000025,CC(C)c1nnc(NC(=O)c2scnc2C2CC2)s1,True,3.247700000000002,-0.7802000000000007,0.7872340425531915,False,False
1.0,bin,1,-0.9854800075292587,-1.1407200038433074,-0.83024001121521,1675660,COc1ccnc(NC(=O)c2cccc(Cl)c2)c1,2.9959000000000007,COC(=O)c1ccccc1C(=O)Nc1ncccc1OC,True,2.1291,-0.8668000000000005,0.29310344827586204,False,True
1.0,bin,1,-0.9854800075292587,-1.1407200038433074,-0.83024001121521,1689728,CCc1noc(CSc2ncnc3sc(C)cc23)n1,3.237420000000002,Nc1nc(SCC2CC=NO2)c2ccsc2n1,True,2.1403,-1.097120000000002,0.1643835616438356,False,True
1.0,bin,1,-0.9854800075292587,-1.1407200038433074,-0.83024001121521,1720876,CC(C)(C)CC(=O)NCC(=O)Nc1ccc2c(c1)COC2,2.2077,CCCCS(=O)(=O)NCC(=O)Nc1ccc2c(c1)COC2,True,1.3747999999999998,-0.8329000000000002,0.5471698113207547,False,True
1.0,bin,1,-0.9854800075292587,-1.1407200038433074,-0.83024001121521,1757109,CC(C)Cc1ncc(CNc2ccc3c(c2)COC3)s1,3.983900000000003,COCCc1ncc(CNc2ccc3c(c2)COC3)s1,True,2.9743000000000013,-1.0096000000000016,0.6862745098039216,False,True
1.0,bin,1,-0.9854800075292587,-1.1407200038433074,-0.83024001121521,1774061,O=C1NCCCc2[nH]c(-c3cccc4[nH]ccc34)nc21,2.234,CNC(=O)C1NCCCc2[nH]c(-c3cccc4[nH]ccc34)nc21,True,1.8808999999999996,-0.3531000000000004,0.532258064516129,False,True
1.0,bin,1,-0.9854800075292587,-1.1407200038433074,-0.83024001121521,1800687,Cc1nn(C)c(-c2nc(-c3cccnn3)no2)c1Cl,1.8889199999999997,Cn1ncc(Cl)c1-c1nc(-c2cccnn2)no1,True,1.5804999999999993,-0.30842000000000036,0.6530612244897959,False,True
1.0,bin,1,-0.9854800075292587,-1.1407200038433074,-0.83024001121521,1815867,FC(F)(F)c1ccc(CN2CCOCC2c2ncon2)cc1,2.661900000000001,CCN(Cc1ccc(-c2ncon2)cc1)CC1COCCO1,True,1.9738999999999998,-0.6880000000000013,0.2857142857142857,False,True
1.0,bin,1,-0.9854800075292587,-1.1407200038433074,-0.83024001121521,1828580,Cc1ccc(N2CC3OCC(=O)N(Cc4cccc(F)c4)C3C2)nn1,1.54032,C=C1C2C(CN1CC1(O)C=CC=COC1)OCC(=O)N2c1cccnn1,True,0.23749999999999938,-1.3028200000000005,0.22826086956521738,False,True
1.0,bin,1,-0.9854800075292587,-1.1407200038433074,-0.83024001121521,1836183,CCc1ccc(C(=O)NCc2nccc(N(C)C)n2)cc1,2.035,CN(C)c1ccnc(CNC(=O)c2ccccc2O)n1,True,1.1782,-0.8568000000000002,0.6,False,True
1.0,bin,1,-0.9854800075292587,-1.1407200038433074,-0.83024001121521,1842499,COc1ccccc1COc1ccccc1-c1cnn(CCO)c1,3.1300000000000017,OCCn1cc(COc2ccccc2-c2ccccc2O)cn1,True,2.827000000000001,-0.3030000000000008,0.5283018867924528,False,True
1.0,bin,1,-0.9854800075292587,-1.1407200038433074,-0.83024001121521,1865564,COC(CNC(=O)c1ccoc1)c1cccc(F)c1,2.536200000000001,O=C(NCC(O)c1cccc(OCC(F)F)c1)c1ccoc1,True,2.3869000000000007,-0.1493000000000002,0.5166666666666667,False,True
1.0,bin,1,-0.9854800075292587,-1.1407200038433074,-0.83024001121521,1868773,CCCOc1ccc(Cl)c2c1CCNC2C1CC(=O)C1,3.2947000000000015,CCOc1c(F)ccc2c1CCNC2C1CCC(=O)C1,True,2.780400000000001,-0.5143000000000004,0.390625,False,True
1.0,bin,1,-0.9854800075292587,-1.1407200038433074,-0.83024001121521,1873123,CCC1OC(=O)c2c(OC)ccc(Br)c21,3.079200000000002,CCCOC(=O)C=C(C)C=C1C(F)OC(=O)C1O,True,1.0255999999999998,-2.053600000000002,0.15873015873015872,False,True
1.0,bin,1,-0.9854800075292587,-1.1407200038433074,-0.83024001121521,1875028,Cc1cccc(C)c1NCC(=O)N1CCCC2CCCCC21,3.8965400000000034,CN(C)C(=O)Cc1ccccc1NCC(=O)NCC1CCCCC1,True,2.4257,-1.4708400000000035,0.27692307692307694,False,True
1.0,bin,1,-0.9854800075292587,-1.1407200038433074,-0.83024001121521,1895921,CCC(CC)N(C)C(=O)CC1OC(=O)c2ccccc21,2.935200000000002,CCN(CC(=O)NC(C)C)C(=O)CC1OC(=O)c2ccccc21,True,1.6612999999999996,-1.2739000000000023,0.5660377358490566,False,False
1.0,bin,1,-0.9854800075292587,-1.1407200038433074,-0.83024001121521,1907077,Cc1ccc2[nH]nc(C(=O)Nc3nc(-c4ccco4)cs3)c2c1,3.8401200000000015,C=CC=CNN=CC(=O)Nc1nc(-c2ccccc2C(N)=O)cs1,True,2.1226,-1.7175200000000017,0.25925925925925924,False,True
1.0,bin,1,-0.9854800075292587,-1.1407200038433074,-0.83024001121521,1913063,Cc1nn(C)c(C)c1CN(C(=O)c1cn2cccc(C)c2n1)C1CC1,2.797860000000001,Cc1nn(C)cc1CNC(=O)c1cn2ccccc2n1,True,1.30622,-1.491640000000001,0.2972972972972973,False,True
1.0,bin,1,-0.9854800075292587,-1.1407200038433074,-0.83024001121521,1922265,CN(CCNC(=O)c1ccc2c(c1)ncn2C)c1ccccc1,2.4395000000000007,C=CC=CN(C)C(CNC(=O)C12Cc3ccccc3C1N2)C(N)=O,True,0.22740000000000044,-2.2121000000000004,0.16091954022988506,False,True
1.0,bin,2,-0.7375200986862183,-0.83024001121521,-0.6448001861572266,32052,COc1ccccc1CNC(=O)Cc1c[nH]c2ccccc12,3.035400000000001,NC(=O)c1ccc(CNC(=O)Cc2c[nH]c3cc(F)ccc23)cc1,True,2.2648,-0.7706000000000008,0.4482758620689655,False,True
1.0,bin,2,-0.7375200986862183,-0.83024001121521,-0.6448001861572266,116747,COCCSc1ccccc1C(=O)Nc1cccc(C)n1,3.3808200000000017,COC(=O)c1ccccc1C(=O)Nc1cccc(OC)n1,True,2.1291,-1.2517200000000015,0.4528301886792453,False,True
1.0,bin,2,-0.7375200986862183,-0.83024001121521,-0.6448001861572266,131060,CS(=O)(=O)NCCc1csc(-c2ccc(F)cc2)n1,2.0408999999999997,CNC(=O)CNC(=O)NCCc1csc(-c2ccc(F)cc2)n1,True,1.5369,-0.5039999999999998,0.5660377358490566,False,True
1.0,bin,2,-0.7375200986862183,-0.83024001121521,-0.6448001861572266,131949,CCc1c(C)nc(SCC(=O)NC(C)C)[nH]c1=O,1.25742,CCCn1c(SCC(=O)NC)nc(C)cc1=O,True,0.7998199999999998,-0.45760000000000023,0.2786885245901639,False,True
1.0,bin,2,-0.7375200986862183,-0.83024001121521,-0.6448001861572266,158879,COc1ccc(CC(=O)OCC(=O)c2c[nH]c3ccccc23)cc1,3.145100000000001,NC(=O)C(C(=O)OCC(=O)c1c[nH]c2ccccc12)c1ccccc1,True,2.1628999999999996,-0.9822000000000015,0.509090909090909,False,True
1.0,bin,2,-0.7375200986862183,-0.83024001121521,-0.6448001861572266,232056,COCCNC(=O)c1cc(=O)c2cc(C)ccc2o1,1.4776199999999993,CNC(=O)CN(C)C(=O)c1cc(=O)c2cccc(C)c2o1,True,0.9194200000000001,-0.5581999999999991,0.31746031746031744,False,True
1.0,bin,2,-0.7375200986862183,-0.83024001121521,-0.6448001861572266,235788,O=C(Cn1nc(-c2ccco2)oc1=O)NCC(F)(F)F,0.7747999999999999,CCC(=O)N(C)C(=O)Cn1nc(-c2ccco2)oc1=O,True,0.49129999999999985,-0.2835000000000001,0.5636363636363636,False,True
1.0,bin,2,-0.7375200986862183,-0.83024001121521,-0.6448001861572266,236081,CC(=O)c1c(C)[nH]c(C(=O)CSc2nc(C(C)C)n[nH]2)c1C,3.0506400000000014,CC1=CC(=O)CC(C)(C(=O)CSc2nc(C)n[nH]2)N1,True,0.9992199999999998,-2.0514200000000016,0.2835820895522388,False,True
1.0,bin,2,-0.7375200986862183,-0.83024001121521,-0.6448001861572266,281081,O=C(Cn1cccn1)NCc1cccnc1Oc1ccc(F)cc1F,2.665000000000001,C=CC=CC=COc1ncccc1NCC(=O)NCc1ccc[nH]1,True,2.7727000000000004,0.10769999999999946,0.25301204819277107,False,True
1.0,bin,2,-0.7375200986862183,-0.83024001121521,-0.6448001861572266,284170,COc1ccc(-c2nc(CC(=O)Nc3cccc(C)n3)cs2)cc1,3.7033200000000024,Nc1ccnc(NC(=O)Cc2csc(-c3ccccc3F)n2)c1,True,3.1076000000000015,-0.5957200000000009,0.40298507462686567,False,True
1.0,bin,2,-0.7375200986862183,-0.83024001121521,-0.6448001861572266,288369,Cc1ccc(NCc2nnc3n2CCCCC3)cc1C,3.2334400000000016,N#CCc1ccc(NCc2nnc3n2CCCCC3)cc1,True,2.6826800000000013,-0.5507600000000004,0.62,False,True
1.0,bin,2,-0.7375200986862183,-0.83024001121521,-0.6448001861572266,302889,COc1ccc(OC)c(NC(=O)CCNC(=O)c2cccs2)c1,2.5239000000000003,NC(=O)c1ccccc1NC(=O)CCNC(=O)c1cccs1,True,1.6055999999999997,-0.9183000000000006,0.5636363636363636,False,True
1.0,bin,2,-0.7375200986862183,-0.83024001121521,-0.6448001861572266,327141,COc1ccc(OC)c(S(=O)(=O)Nc2ccn(C)n2)c1,1.2381,Cn1ccc(NS(=O)(=O)c2ccc(CCO)cc2)n1,True,0.7556999999999998,-0.48240000000000016,0.4339622641509434,False,True
1.0,bin,2,-0.7375200986862183,-0.83024001121521,-0.6448001861572266,327382,CNC(=O)C1CN(C(=O)c2c(C)noc2C)c2ccccc2O1,1.4452399999999996,Cc1noc(N)c1C(=O)N1CCOc2cc(N)ccc21,True,1.1866199999999998,-0.25861999999999985,0.36363636363636365,False,True
1.0,bin,2,-0.7375200986862183,-0.83024001121521,-0.6448001861572266,406491,COCCNC(=O)C1CCCN(S(=O)(=O)N2CCOCC2)C1,-0.9619999999999964,CS(=O)(=O)NC1CCCN(S(=O)(=O)N2CCOCC2)C1,True,-1.4229999999999967,-0.4610000000000003,0.4716981132075472,False,True
1.0,bin,2,-0.7375200986862183,-0.83024001121521,-0.6448001861572266,413951,O=C(Cn1ncn2cccc2c1=O)N1CCCCCC1,0.8985999999999996,O=C1CCCCN(C(=O)Cn2ncn3cccc3c2=O)N1,True,-0.4602999999999999,-1.3588999999999996,0.6666666666666666,False,True
1.0,bin,2,-0.7375200986862183,-0.83024001121521,-0.6448001861572266,427929,CCNc1nc(NCc2ccccc2Cl)c2cnn(C)c2n1,3.060600000000001,CC(C)Nc1nc(NCc2ccccc2)c2cnn(C)c2n1,True,2.795700000000001,-0.2648999999999999,0.5357142857142857,False,True
1.0,bin,2,-0.7375200986862183,-0.83024001121521,-0.6448001861572266,447130,CCC(NC(=O)C1CCN(C(=O)C2CC2)CC1)c1ccc(C)cc1,3.2109200000000016,Cc1cc(F)ccc1CNC(=O)C1CCN(C(=O)C2CC2)CC1,True,2.3989200000000004,-0.8120000000000012,0.4482758620689655,False,True
1.0,bin,2,-0.7375200986862183,-0.83024001121521,-0.6448001861572266,481908,CCNS(=O)(=O)c1ccc(C)c(C(=O)Nc2ncccc2C)c1,2.24894,Cc1cccnc1NC(=O)c1cccc(NS(C)(=O)=O)c1,True,2.01382,-0.23512000000000022,0.46551724137931033,False,False
1.0,bin,2,-0.7375200986862183,-0.83024001121521,-0.6448001861572266,485220,Cc1nn(CC(=O)N2CCN(C)CC2)c(C)c1Br,1.03644,CC1=NN(CC(=O)N2CCN(C)CC2C)CC=C1C(=O)N(C)C,True,-0.1449999999999978,-1.1814399999999978,0.24615384615384617,False,True
1.0,bin,2,-0.7375200986862183,-0.83024001121521,-0.6448001861572266,526363,Cc1nnc(SCC(=O)Nc2ccc(O)cc2)n(N)c1=O,0.09692,NC(=O)c1ccc(NC(=O)CSc2nncc(=O)n2N)cc1,True,-0.8181999999999994,-0.9151199999999994,0.5178571428571429,False,True
1.0,bin,2,-0.7375200986862183,-0.83024001121521,-0.6448001861572266,536853,COc1ccc(C2CCCN2C(=O)C2CCC2)c(OC)c1,3.1674000000000015,COc1cccc(C2CCCN2C(=O)C(N)C2CCC2)c1OC,True,2.494700000000001,-0.6727000000000007,0.45,False,True
1.0,bin,2,-0.7375200986862183,-0.83024001121521,-0.6448001861572266,540312,Cc1nn(C)c2nc(C3CC3)cc(C(=O)NCC(=O)NC(C)(C)C)c12,1.7986199999999997,CCOC(=O)CNC(=O)c1cc(C2CC2)nc2c1c(C)nn2C,True,1.4470199999999995,-0.35160000000000013,0.7368421052631579,False,True
1.0,bin,2,-0.7375200986862183,-0.83024001121521,-0.6448001861572266,544381,Cc1nc(N2CCCC(C(=O)NC(C)C)C2)c2c(C)c(C)oc2n1,2.8890600000000006,Cc1nc(N2CCC(O)CC2)c2c(C(=O)OC(C)C)c(C)oc2n1,True,2.36594,-0.5231200000000005,0.4461538461538462,False,True
1.0,bin,2,-0.7375200986862183,-0.83024001121521,-0.6448001861572266,544382,CCCNC(=O)C1CCCN(c2nc(C)nc3oc(C)c(C)c23)C1,2.8906600000000013,CNC(=O)C1CCCN(c2ncnc3oc(C)c(C)c23)CC1,True,2.1921399999999993,-0.698520000000002,0.4696969696969697,False,True
1.0,bin,2,-0.7375200986862183,-0.83024001121521,-0.6448001861572266,550049,Cc1ccc(C)c(OCC(=O)Nc2cccc(-n3cnnc3)c2)c1,2.9016400000000013,N#Cc1cccc(OCC(=O)Nc2cccc(-n3cnnc3)c2)c1,True,2.1564799999999993,-0.745160000000002,0.603448275862069,False,True
1.0,bin,2,-0.7375200986862183,-0.83024001121521,-0.6448001861572266,573533,Cc1nn(-c2ncc(C(F)(F)F)cc2Cl)c(=O)o1,2.2011199999999995,COCCOCc1nn(-c2ncc(Cl)c(C)n2)c(=O)o1,True,0.7403199999999999,-1.4607999999999997,0.296875,False,True
1.0,bin,2,-0.7375200986862183,-0.83024001121521,-0.6448001861572266,582555,O=C(NCC(O)c1ccccc1)c1ccc2c(=O)n3c(nc2c1)CCC3,1.8061000000000003,CCc1nc2cc(C(=O)NC(Cc3ccccc3)C(N)=O)ccc2c(=O)[nH]1,True,1.3118999999999996,-0.49420000000000064,0.31645569620253167,False,True
1.0,bin,2,-0.7375200986862183,-0.83024001121521,-0.6448001861572266,588547,Cc1n[nH]c(C)c1NC(=O)CCc1ccc(Cl)cc1Cl,3.9046400000000023,Cc1n[nH]c(C)c1NC(=O)CCc1ccccc1C(F)(F)F,True,3.616640000000002,-0.28800000000000026,0.5740740740740741,False,True
1.0,bin,2,-0.7375200986862183,-0.83024001121521,-0.6448001861572266,607673,CCCN(CC1CC1)S(=O)(=O)c1ccccc1F,2.636400000000001,CCN(CC1CC1)S(=O)(=O)c1cccc(C#N)c1,True,1.9788800000000002,-0.6575200000000008,0.3888888888888889,False,True
1.0,bin,2,-0.7375200986862183,-0.83024001121521,-0.6448001861572266,617681,Cc1cc(C(=O)Nc2nc(-c3ccncc3)cs2)nn1C(C)C,3.5432200000000016,CCn1ccc(C(=O)Nc2nc(-c3ccncc3)cs2)n1,True,2.673800000000001,-0.8694200000000007,0.5789473684210527,False,False
1.0,bin,2,-0.7375200986862183,-0.83024001121521,-0.6448001861572266,650267,COc1ccc2oc(C(=O)NC3CCCCNC3=O)c(C)c2c1,2.14832,Nc1c(C(=O)NC2CCCCNC2=O)oc2ccccc12,True,1.4134999999999998,-0.7348200000000003,0.5737704918032787,False,True
1.0,bin,2,-0.7375200986862183,-0.83024001121521,-0.6448001861572266,668639,Cc1cc(NC(=O)c2ccccc2Cl)ncc1N,2.8779200000000005,C=CC(=CC=CC(=O)OC)C(=O)Nc1cc(N)ccn1,True,1.4438999999999997,-1.4340200000000007,0.24242424242424243,False,True
1.0,bin,2,-0.7375200986862183,-0.83024001121521,-0.6448001861572266,673160,CCC(=O)Nc1ccc2oc(C(F)(F)F)cc(=O)c2c1,3.160300000000001,CCC(=O)Nc1ccc2oc(C(=O)OC)cc(=O)c2c1,True,1.9281,-1.2322000000000013,0.6326530612244898,False,False
1.0,bin,2,-0.7375200986862183,-0.83024001121521,-0.6448001861572266,711169,Cc1cccc(C(C)C)c1NC(=O)N(C)Cc1ccncc1,4.177320000000003,Cc1ccc(NC(=O)N(C)Cc2ccncc2)c(C)c1,True,3.3623400000000023,-0.8149800000000003,0.5384615384615384,False,False
1.0,bin,2,-0.7375200986862183,-0.83024001121521,-0.6448001861572266,720969,Cc1noc(C)c1CCC(=O)OCC(=O)N1c2ccccc2CC1C,2.7450400000000013,Cc1noc(C)c1CCC(=O)OCC(=O)N1CCc2ccccc21,True,2.35654,-0.3885000000000014,0.6721311475409836,False,False
1.0,bin,2,-0.7375200986862183,-0.83024001121521,-0.6448001861572266,730789,COC(=O)C1CCN(C(=O)c2cc3ccc(F)cc3nc2C)CC1,2.7075200000000006,Cc1nc2cc(F)ccc2cc1C(=O)N1CCC(C(N)=O)CC1,True,2.01982,-0.6877000000000004,0.7647058823529411,False,False
1.0,bin,2,-0.7375200986862183,-0.83024001121521,-0.6448001861572266,738178,Cc1ccc(-n2ccnc2SCc2nc(C3CC3)no2)cc1C,4.041840000000003,N#Cc1ccccc1-n1ccnc1SCc1nc(C2CC2)no1,True,3.296680000000002,-0.7451600000000012,0.5901639344262295,False,True
1.0,bin,2,-0.7375200986862183,-0.83024001121521,-0.6448001861572266,771897,COc1ccccc1OCC(=O)N(C)Cc1sccc1C,3.102520000000002,COC=CC=C(CN)OCC(=O)NCC1=CC=C[SH]1C,True,1.1641000000000001,-1.9384200000000018,0.1282051282051282,False,True
1.0,bin,2,-0.7375200986862183,-0.83024001121521,-0.6448001861572266,811446,COC(=O)C1(NC(=O)c2cc(Br)c[nH]2)CCCCCC1,2.7730000000000006,CCCCCC(NC(=O)c1cc(Br)c[nH]1)C(N)=O,True,1.9411999999999998,-0.8318000000000008,0.3684210526315789,False,True
1.0,bin,2,-0.7375200986862183,-0.83024001121521,-0.6448001861572266,848291,CCC(C)NC(=O)NCc1noc(-c2cccs2)n1,2.3958000000000004,CN(C)C(=O)CCCCNC(=O)c1noc(-c2cccs2)n1,True,1.7863999999999995,-0.6094000000000008,0.42424242424242425,False,True
1.0,bin,2,-0.7375200986862183,-0.83024001121521,-0.6448001861572266,863440,COc1ccc(-c2nc(CCCO)cs2)cc1OC,2.752200000000001,COc1cc(-c2nc(CO)cs2)cc(OC)c1O,True,2.0252000000000003,-0.7270000000000008,0.5434782608695652,False,True
1.0,bin,2,-0.7375200986862183,-0.83024001121521,-0.6448001861572266,864663,N#Cc1ccc(-c2cc(F)ccc2F)nc1N1CCCC1,3.498680000000002,COc1cc(OC)cc(-c2ccc(C#N)c(N3CCCC3)n2)c1,True,3.237680000000002,-0.2610000000000001,0.5294117647058824,False,True
1.0,bin,2,-0.7375200986862183,-0.83024001121521,-0.6448001861572266,872100,CCc1cccc(C)c1NCC(O)c1ccc2c(c1)OCCO2,3.474120000000002,OC(CNc1ccc(F)cc1)c1ccc2c(c1)OCCO2,True,2.742400000000001,-0.731720000000001,0.5283018867924528,False,False
1.0,bin,2,-0.7375200986862183,-0.83024001121521,-0.6448001861572266,886334,COc1ccc(C(=O)N2CCCC(C(=O)N3CCCCC3)C2)c(O)c1,2.2655000000000003,NC(=O)C1CCN(C(=O)C2CCCN(C(=O)c3ccccc3)C2)CC1,True,1.2626999999999995,-1.0028000000000008,0.43859649122807015,False,True
1.0,bin,2,-0.7375200986862183,-0.83024001121521,-0.6448001861572266,887387,COCCNC(=O)N(Cc1cccc(F)c1)CC1CCCO1,2.1627,COCCNC(=O)CN(Cc1cccc(O)c1)CC1CCCO1,True,1.1357999999999997,-1.0269000000000004,0.6060606060606061,False,True
1.0,bin,2,-0.7375200986862183,-0.83024001121521,-0.6448001861572266,889149,N#Cc1ccc(NC(=O)c2ccc(Br)cc2Cl)nc1,3.621480000000001,Cc1cc(N)ccc1C(=O)Nc1ccc(Cl)cn1,True,2.8779200000000005,-0.7435600000000004,0.4107142857142857,False,True
1.0,bin,2,-0.7375200986862183,-0.83024001121521,-0.6448001861572266,913483,O=C(CNC(=O)NCCc1c(Cl)cccc1Cl)NC1CC1,2.1137000000000006,O=C(CNC(=O)NCCc1cccc(Br)c1)NC1CC1,True,1.5694,-0.5443000000000007,0.6122448979591837,False,True
1.0,bin,2,-0.7375200986862183,-0.83024001121521,-0.6448001861572266,917620,C=CCN(Cc1ccccc1OC)C(=O)c1csc(C)n1,3.288520000000002,COC(=O)C=CC=C(C)CN(C)C(=O)c1csc(C)n1,True,2.19902,-1.089500000000002,0.38461538461538464,False,True
1.0,bin,2,-0.7375200986862183,-0.83024001121521,-0.6448001861572266,918312,CCOc1ccc(Cl)c(C(=O)N2CCN(c3ncccn3)CC2)n1,1.8860999999999997,COc1ccnc(C)n1,True,0.7936199999999999,-1.0924799999999997,0.18181818181818182,False,True
1.0,bin,2,-0.7375200986862183,-0.83024001121521,-0.6448001861572266,922879,CC(=O)c1ccc(N2CCN(Cc3c(F)cccc3F)CC2)cc1,3.489600000000003,Oc1cccc(CN2CCN(c3ccc(F)c(F)c3)CC2)c1,True,2.9926000000000013,-0.49700000000000166,0.4230769230769231,False,True
1.0,bin,2,-0.7375200986862183,-0.83024001121521,-0.6448001861572266,927535,COc1cc(CN2CCN(c3ccccc3F)CC2)ccc1O,2.862100000000002,COc1ccc(O)c(CN2CCN(c3cccc(CO)c3)CC2)c1,True,2.2153,-0.646800000000002,0.3870967741935484,False,True
1.0,bin,2,-0.7375200986862183,-0.83024001121521,-0.6448001861572266,927567,Cc1ccccc1N1CCN(Cc2cccc(O)c2)CC1,3.022820000000001,COc1ccccc1CN1CCN(c2ccccc2N)CC1,True,2.5996000000000006,-0.4232200000000006,0.3584905660377358,False,False
1.0,bin,2,-0.7375200986862183,-0.83024001121521,-0.6448001861572266,938108,CC(c1ccccc1)N(C)C(=O)CCC(=O)Nc1nccs1,3.0814000000000012,N[SH]1C(O)=CN=C1NC(=O)CCC(=O)Cc1ccccc1,True,1.2959999999999994,-1.7854000000000019,0.2537313432835821,False,True
1.0,bin,2,-0.7375200986862183,-0.83024001121521,-0.6448001861572266,943303,CN(CCCOc1ccccc1)C(=O)Nc1cccc2c1OCCO2,3.390600000000002,COc1ccccc1OCCCNC(=O)Nc1cccc2c1OCCO2,True,3.0570000000000013,-0.33360000000000056,0.5079365079365079,False,True
1.0,bin,2,-0.7375200986862183,-0.83024001121521,-0.6448001861572266,946289,CC(NC(=O)C1(c2cc(-c3ccco3)on2)CC1)c1ccccc1,3.843600000000002,O=C(NCc1ccccc1)C1(c2cc(-c3ccco3)on2)CC1,True,3.282600000000002,-0.5609999999999999,0.6545454545454545,False,False
1.0,bin,2,-0.7375200986862183,-0.83024001121521,-0.6448001861572266,994077,Cc1nnc(Cn2c(-c3cccc(Br)c3)noc2=O)o1,2.0055199999999997,COc1ccc(-c2noc(=O)n2Cc2nnc(C)o2)cc1C,True,1.5600399999999999,-0.4454799999999999,0.6296296296296297,False,True
1.0,bin,2,-0.7375200986862183,-0.83024001121521,-0.6448001861572266,1065620,O=C(NCc1cccnc1Oc1ccccc1)c1cccnc1,3.198900000000002,Nc1ncccc1CNC(=O)c1cccnc1Oc1ccccc1,True,2.7811000000000012,-0.4178000000000006,0.5849056603773585,False,True
1.0,bin,2,-0.7375200986862183,-0.83024001121521,-0.6448001861572266,1093926,CN(C(=O)CNc1cccc(OCC2CCCO2)c1)c1ccccc1,3.319300000000002,O=C(CNc1cccc(OCC2CCCO2)c1)Nc1ccccc1O,True,3.0006000000000017,-0.3187000000000002,0.625,False,True
1.0,bin,2,-0.7375200986862183,-0.83024001121521,-0.6448001861572266,1107920,CCc1ccc(-n2cc(C(=O)NC(C)c3ccccc3)nn2)cc1,3.320700000000002,O=C(NCc1ccccc1)c1cn(-c2ccc(F)cc2)nn1,True,2.3364000000000003,-0.984300000000002,0.5,False,True
1.0,bin,2,-0.7375200986862183,-0.83024001121521,-0.6448001861572266,1113130,CC(NC(=O)Cn1nnnc1C(C)(C)C)c1cccc2ccccc12,3.0012000000000016,CC(C)C(NC(=O)Cn1nnnc1C#N)c1cccc2ccccc12,True,2.21148,-0.7897200000000018,0.5573770491803278,False,True
1.0,bin,2,-0.7375200986862183,-0.83024001121521,-0.6448001861572266,1121751,COC(=O)Cn1ccc(NS(=O)(=O)c2ccc(F)c(F)c2F)n1,1.2742,COC(=O)Cn1ccc(NS(=O)(=O)c2ccc(OC)cc2N)n1,True,0.4477000000000001,-0.8264999999999999,0.625,False,True
1.0,bin,2,-0.7375200986862183,-0.83024001121521,-0.6448001861572266,1142531,CCOC(C)C(=O)NCCc1csc(-c2ccc(C)cc2)n1,3.2022200000000014,CCS(=O)(=O)NCCc1csc(-c2ccc(F)cc2)n1,True,2.431,-0.7712200000000013,0.4482758620689655,False,False
1.0,bin,2,-0.7375200986862183,-0.83024001121521,-0.6448001861572266,1212157,CN(Cc1ccc(F)c(F)c1)C(=O)c1cncc(-c2cnn(C)c2)c1,3.0325000000000015,CN(Cc1ccccc1)C(=O)c1cncc(-c2cnn(C)c2)c1,True,2.7543000000000006,-0.2782000000000009,0.7358490566037735,False,True
1.0,bin,2,-0.7375200986862183,-0.83024001121521,-0.6448001861572266,1215394,CCn1nc(C)cc1C(=O)Oc1cccc(NC(=O)C(C)C)c1,3.025120000000001,CCOc1cccc(OC(=O)c2cc(C)nn2C)c1,True,2.34642,-0.678700000000001,0.4827586206896552,False,True
1.0,bin,2,-0.7375200986862183,-0.83024001121521,-0.6448001861572266,1232922,CC(C)(C)OC(=O)NC1CCCN(S(=O)(=O)N2CCOCC2)C1,0.5525000000000011,CCC(=O)NC1CCCN(S(=O)(=O)N2CCOCC2)C1,True,-0.4459999999999982,-0.9984999999999993,0.6530612244897959,False,True
1.0,bin,2,-0.7375200986862183,-0.83024001121521,-0.6448001861572266,1238973,FC(F)(F)c1cnc(N2CCn3c(nnc3C3CC3)C2)c(Cl)c1,3.2429000000000023,CCC1c2ncc(F)n2CCN1c1ccc(C(F)(F)F)nn1,True,2.8023000000000007,-0.44060000000000166,0.2361111111111111,False,True
1.0,bin,2,-0.7375200986862183,-0.83024001121521,-0.6448001861572266,1299495,Cc1cc(CC(=O)N2CCCC2C(C#N)c2ccccc2)no1,2.823900000000001,C=CC=CC=CC1CCCN1C(=O)C(C#N)c1ccon1,True,2.571180000000001,-0.25272000000000006,0.2911392405063291,False,True
1.0,bin,2,-0.7375200986862183,-0.83024001121521,-0.6448001861572266,1309906,CC(C)CC(NC(=O)c1cc(=O)c2ccccc2o1)C(=O)OC(C)C,2.8891000000000018,COCCN(CC(=O)N(C)C)C(=O)c1cc(=O)c2ccccc2o1,True,0.9698,-1.9193000000000018,0.421875,False,False
1.0,bin,2,-0.7375200986862183,-0.83024001121521,-0.6448001861572266,1362816,COCc1cccc(C(=O)NC2CC2c2cccc(Cl)c2)c1,3.772300000000002,CCOc1c(C)cccc1C1CC1NC(=O)C1=CC=C(CNC(C)=O)C1,True,2.758420000000001,-1.0138800000000012,0.2987012987012987,False,True
1.0,bin,2,-0.7375200986862183,-0.83024001121521,-0.6448001861572266,1441838,COCC(=O)NC(C(=O)Nc1cccc(-c2nccs2)c1)C(C)C,2.5358,CC(=O)NCC(=O)Nc1cccc(-c2nccs2)c1,True,1.8846999999999996,-0.6511000000000005,0.576271186440678,False,True
1.0,bin,2,-0.7375200986862183,-0.83024001121521,-0.6448001861572266,1450449,CCCNC(=O)CSc1nc2c(cc1C#N)CCCC2,2.450380000000001,CNC(=O)C(C)Sc1nc2c(cc1C#N)CCCC2,True,2.05868,-0.39170000000000105,0.5344827586206896,False,True
1.0,bin,2,-0.7375200986862183,-0.83024001121521,-0.6448001861572266,1451910,O=S(=O)(NCc1nnc2ccccn12)c1ccc(F)c(F)c1,1.4859999999999995,COc1cc(S(=O)(=O)NCc2nnc3ccccn23)ccc1O,True,0.9219999999999997,-0.5639999999999998,0.6363636363636364,False,True
1.0,bin,2,-0.7375200986862183,-0.83024001121521,-0.6448001861572266,1479798,Cc1nc(C)c(CCC(=O)N(CC(C)C)CC(F)(F)F)c(=O)[nH]1,2.3662400000000003,CC=NC(C)=C(C=O)CCC(=O)N(C)CC(F)(F)F,True,2.3509,-0.015340000000000131,0.23076923076923078,False,True
1.0,bin,2,-0.7375200986862183,-0.83024001121521,-0.6448001861572266,1507926,COC(=O)C(C)NC(=O)Cc1csc(-c2ccccc2Cl)n1,2.6837,COCC(NC(=O)Cc1csc(-c2ccccc2)n1)C(N)=O,True,0.9690999999999996,-1.7146000000000003,0.5254237288135594,False,False
1.0,bin,2,-0.7375200986862183,-0.83024001121521,-0.6448001861572266,1527882,Nc1ncccc1C(=O)Nc1ccc2cn[nH]c2c1,1.7923999999999998,CN(C)S(=O)(=O)c1ccc(C(=O)Nc2ccc3cn[nH]c3c2)cn1,True,1.4605000000000001,-0.33189999999999964,0.48333333333333334,False,True
1.0,bin,2,-0.7375200986862183,-0.83024001121521,-0.6448001861572266,1532848,COc1ccc(-c2ccc3c(=O)[nH]cnc3c2)cc1Cl,3.2521000000000013,COc1ccc(-c2ccc3c(=O)[nH]cnc3c2)cc1OC,True,2.6073000000000004,-0.6448000000000009,0.7804878048780488,False,False
1.0,bin,2,-0.7375200986862183,-0.83024001121521,-0.6448001861572266,1548351,COc1cc(OC)c2c(c1)C(c1cnccn1)NCC2,1.7288999999999999,COc1cc(OC)c2c(c1)C(c1cnccn1)NCC2,True,1.7288999999999999,0.0,1.0,True,False
1.0,bin,2,-0.7375200986862183,-0.83024001121521,-0.6448001861572266,1570134,COc1cccc(C(C)N2CCN(C(=O)c3ccc(O)cc3)CC2)c1,2.9198000000000013,COc1cccc(C(=O)N2CCN(Cc3ccccc3)CC2)c1O,True,2.358800000000001,-0.5610000000000004,0.3125,False,False
1.0,bin,2,-0.7375200986862183,-0.83024001121521,-0.6448001861572266,1611406,CC(C)(C)N1CC(NC(=O)C2COc3ccc(F)cc3C2)CC1=O,1.8923999999999994,CCN1CC(NC(=O)C2COc3ccc(F)cc3C2)CC1=O,True,1.113799999999999,-0.7786000000000004,0.7241379310344828,False,True
1.0,bin,2,-0.7375200986862183,-0.83024001121521,-0.6448001861572266,1612684,CCCC1CN(C(=O)Nc2ccn(CCC(C)C)n2)CCO1,2.9620000000000015,CCCC1CN(C(=O)Nc2ccn(C(C)(C)C)n2)CCO1,True,2.6709000000000005,-0.291100000000001,0.6779661016949152,False,True
1.0,bin,2,-0.7375200986862183,-0.83024001121521,-0.6448001861572266,1639675,CCC(CC)c1nnc(NC(=O)c2scnc2C2CC2)s1,4.0279000000000025,CC(C)Cc1nnc(NC(=O)c2scnc2C2CC2)s1,True,3.3228000000000018,-0.7051000000000007,0.6923076923076923,False,False
1.0,bin,2,-0.7375200986862183,-0.83024001121521,-0.6448001861572266,1675660,COc1ccnc(NC(=O)c2cccc(Cl)c2)c1,2.9959000000000007,COCc1ccc(C(=O)Nc2ncccc2O)cc1,True,2.1859,-0.8100000000000005,0.3050847457627119,False,True
1.0,bin,2,-0.7375200986862183,-0.83024001121521,-0.6448001861572266,1689728,CCc1noc(CSc2ncnc3sc(C)cc23)n1,3.237420000000002,Cc1noc(CSc2ncnc3sc(C)cc23)n1,True,2.9834400000000016,-0.2539800000000003,0.7659574468085106,False,False
1.0,bin,2,-0.7375200986862183,-0.83024001121521,-0.6448001861572266,1720876,CC(C)(C)CC(=O)NCC(=O)Nc1ccc2c(c1)COC2,2.2077,CCN(CC)S(=O)(=O)Nc1ccc2c(c1)COC2,True,1.7152999999999998,-0.49240000000000017,0.40384615384615385,False,True
1.0,bin,2,-0.7375200986862183,-0.83024001121521,-0.6448001861572266,1757109,CC(C)Cc1ncc(CNc2ccc3c(c2)COC3)s1,3.983900000000003,COc1cc(CNc2ccc3c(c2)COC3)c(OC)s1,True,3.407600000000002,-0.5763000000000007,0.4642857142857143,False,True
1.0,bin,2,-0.7375200986862183,-0.83024001121521,-0.6448001861572266,1774061,O=C1NCCCc2[nH]c(-c3cccc4[nH]ccc34)nc21,2.234,N#CC=CC=C1NC(c2nc3c([nH]2)CCCNC3)=CC1=O,True,0.9223799999999999,-1.31162,0.22972972972972974,False,True
1.0,bin,2,-0.7375200986862183,-0.83024001121521,-0.6448001861572266,1800687,Cc1nn(C)c(-c2nc(-c3cccnn3)no2)c1Cl,1.8889199999999997,Cc1c(C(=O)N(C)C)cnn1-c1nc(-c2cccnn2)no1,True,0.7225199999999998,-1.1663999999999999,0.390625,False,True
1.0,bin,2,-0.7375200986862183,-0.83024001121521,-0.6448001861572266,1815867,FC(F)(F)c1ccc(CN2CCOCC2c2ncon2)cc1,2.661900000000001,COc1cccc(CN2CCOCC2c2ncon2)c1,True,1.6517000000000002,-1.0102000000000009,0.5862068965517241,False,True
1.0,bin,2,-0.7375200986862183,-0.83024001121521,-0.6448001861572266,1828580,Cc1ccc(N2CC3OCC(=O)N(Cc4cccc(F)c4)C3C2)nn1,1.54032,NC=C1C=CC(CN2CCOCC(=O)N(Cc3ccccc3)CC2)=N1,True,1.1582999999999999,-0.38202,0.18604651162790697,False,True
1.0,bin,2,-0.7375200986862183,-0.83024001121521,-0.6448001861572266,1836183,CCc1ccc(C(=O)NCc2nccc(N(C)C)n2)cc1,2.035,COc1cccc(C(=O)NCc2nccc(N)n2)c1F,True,1.1364999999999998,-0.8985000000000003,0.3492063492063492,False,True
1.0,bin,2,-0.7375200986862183,-0.83024001121521,-0.6448001861572266,1842499,COc1ccccc1COc1ccccc1-c1cnn(CCO)c1,3.1300000000000017,N#Cc1cccc(COc2ccccc2-c2cnn(CC(N)=O)c2)c1,True,2.4860800000000003,-0.6439200000000014,0.42424242424242425,False,True
1.0,bin,2,-0.7375200986862183,-0.83024001121521,-0.6448001861572266,1865564,COC(CNC(=O)c1ccoc1)c1cccc(F)c1,2.536200000000001,COc1ccccc1C(O)CNC(=O)c1ccoc1,True,1.7515999999999998,-0.7846000000000011,0.5,False,True
1.0,bin,2,-0.7375200986862183,-0.83024001121521,-0.6448001861572266,1868773,CCCOc1ccc(Cl)c2c1CCNC2C1CC(=O)C1,3.2947000000000015,O=CCC(CCO)C1NCCc2cc(F)ccc21,True,1.6000999999999999,-1.6946000000000017,0.17567567567567569,False,True
1.0,bin,2,-0.7375200986862183,-0.83024001121521,-0.6448001861572266,1873123,CCC1OC(=O)c2c(OC)ccc(Br)c21,3.079200000000002,COc1ccc(C(=O)OC(C)(C)CN)c(OC)c1,True,1.5979,-1.4813000000000018,0.19298245614035087,False,True
1.0,bin,2,-0.7375200986862183,-0.83024001121521,-0.6448001861572266,1875028,Cc1cccc(C)c1NCC(=O)N1CCCC2CCCCC21,3.8965400000000034,O=C(CNc1ccccc1O)N1CCCC2CCCCC21,True,2.9853000000000014,-0.911240000000002,0.6382978723404256,False,True
1.0,bin,2,-0.7375200986862183,-0.83024001121521,-0.6448001861572266,1895921,CCC(CC)N(C)C(=O)CC1OC(=O)c2ccccc21,2.935200000000002,CCN(CC(C)C#N)C(=O)CC1OC(=O)c2ccccc21,True,2.29638,-0.6388200000000017,0.5660377358490566,False,True
1.0,bin,2,-0.7375200986862183,-0.83024001121521,-0.6448001861572266,1907077,Cc1ccc2[nH]nc(C(=O)Nc3nc(-c4ccco4)cs3)c2c1,3.8401200000000015,N=c1cc(C=CS)nc[nH]c(=O)[nH]c2ccccc12,True,1.7555699999999999,-2.084550000000002,0.1375,False,True
1.0,bin,2,-0.7375200986862183,-0.83024001121521,-0.6448001861572266,1913063,Cc1nn(C)c(C)c1CN(C(=O)c1cn2cccc(C)c2n1)C1CC1,2.797860000000001,Cc1nn(C)cc1C1CN1C(=O)c1cn2ccccc2n1,True,1.5733199999999998,-1.224540000000001,0.30666666666666664,False,True
1.0,bin,2,-0.7375200986862183,-0.83024001121521,-0.6448001861572266,1922265,CN(CCNC(=O)c1ccc2c(c1)ncn2C)c1ccccc1,2.4395000000000007,Nc1nc2cc(C(=O)NCCNc3ccccc3)ccc2[nH]1,True,1.9869999999999994,-0.45250000000000123,0.36923076923076925,False,True
1.0,bin,3,-0.5795501172542572,-0.6448001861572266,-0.5143000483512878,32052,COc1ccccc1CNC(=O)Cc1c[nH]c2ccccc12,3.035400000000001,NC(=O)C(NC(=O)Cc1c[nH]c2cc(F)ccc12)c1ccccc1,True,2.1923000000000004,-0.8431000000000006,0.39344262295081966,False,True
1.0,bin,3,-0.5795501172542572,-0.6448001861572266,-0.5143000483512878,116747,COCCSc1ccccc1C(=O)Nc1cccc(C)n1,3.3808200000000017,COC(=O)c1cccc(NC(=O)c2ccccc2Cl)n1,True,2.7739000000000003,-0.6069200000000015,0.4444444444444444,False,True
1.0,bin,3,-0.5795501172542572,-0.6448001861572266,-0.5143000483512878,131060,CS(=O)(=O)NCCc1csc(-c2ccc(F)cc2)n1,2.0408999999999997,CS(=O)(=O)NCCc1csc(-c2cccc(C#N)c2)n1,True,1.77348,-0.26741999999999977,0.5961538461538461,False,True
1.0,bin,3,-0.5795501172542572,-0.6448001861572266,-0.5143000483512878,131949,CCc1c(C)nc(SCC(=O)NC(C)C)[nH]c1=O,1.25742,COC(=O)CSc1nc(C)c(C(C)C)c(=O)[nH]1,True,1.4668199999999998,0.2093999999999998,0.49019607843137253,False,True
1.0,bin,3,-0.5795501172542572,-0.6448001861572266,-0.5143000483512878,158879,COc1ccc(CC(=O)OCC(=O)c2c[nH]c3ccccc23)cc1,3.145100000000001,NC(=O)C(C(=O)OCC(=O)c1c[nH]c2ccccc12)c1ccccc1,True,2.1628999999999996,-0.9822000000000015,0.509090909090909,False,True
1.0,bin,3,-0.5795501172542572,-0.6448001861572266,-0.5143000483512878,232056,COCCNC(=O)c1cc(=O)c2cc(C)ccc2o1,1.4776199999999993,COC(=O)CNCc1cc(=O)c2cc(OC)ccc2o1,True,1.0641999999999994,-0.4134199999999999,0.3728813559322034,False,True
1.0,bin,3,-0.5795501172542572,-0.6448001861572266,-0.5143000483512878,235788,O=C(Cn1nc(-c2ccco2)oc1=O)NCC(F)(F)F,0.7747999999999999,CCC(OC)C(=O)NCCn1nc(-c2ccco2)oc1=O,True,0.6374999999999997,-0.1373000000000002,0.49206349206349204,False,True
1.0,bin,3,-0.5795501172542572,-0.6448001861572266,-0.5143000483512878,236081,CC(=O)c1c(C)[nH]c(C(=O)CSc2nc(C(C)C)n[nH]2)c1C,3.0506400000000014,COCc1c(C)[nH]c(C(=O)CSc2nc(C(C)(C)C)n[nH]2)c1C,True,3.168540000000001,0.11789999999999967,0.45901639344262296,False,True
1.0,bin,3,-0.5795501172542572,-0.6448001861572266,-0.5143000483512878,281081,O=C(Cn1cccn1)NCc1cccnc1Oc1ccc(F)cc1F,2.665000000000001,CNC(=O)c1ccccc1Oc1ncccc1Cn1cccn1,True,2.478300000000001,-0.1867000000000001,0.5076923076923077,False,True
1.0,bin,3,-0.5795501172542572,-0.6448001861572266,-0.5143000483512878,284170,COc1ccc(-c2nc(CC(=O)Nc3cccc(C)n3)cs2)cc1,3.7033200000000024,O=C(Cc1csc(-c2ccc(F)cc2)n1)Nc1ccccn1,True,3.525400000000001,-0.1779200000000012,0.5423728813559322,False,True
1.0,bin,3,-0.5795501172542572,-0.6448001861572266,-0.5143000483512878,288369,Cc1ccc(NCc2nnc3n2CCCCC3)cc1C,3.2334400000000016,COc1ccc(NCc2nnc3n2CCCCC3)cc1OC,True,2.633800000000001,-0.5996400000000008,0.6938775510204082,False,True
1.0,bin,3,-0.5795501172542572,-0.6448001861572266,-0.5143000483512878,302889,COc1ccc(OC)c(NC(=O)CCNC(=O)c2cccs2)c1,2.5239000000000003,NC(=O)c1ccc(NC(=O)CCNC(=O)c2cccs2)cc1,True,1.605599999999999,-0.9183000000000012,0.5087719298245614,False,False
1.0,bin,3,-0.5795501172542572,-0.6448001861572266,-0.5143000483512878,327141,COc1ccc(OC)c(S(=O)(=O)Nc2ccn(C)n2)c1,1.2381,Cn1ccc(NS(=O)(=O)c2ccc(CC(N)=O)cc2)n1,True,0.2486999999999998,-0.9894000000000002,0.41818181818181815,False,True
1.0,bin,3,-0.5795501172542572,-0.6448001861572266,-0.5143000483512878,327382,CNC(=O)C1CN(C(=O)c2c(C)noc2C)c2ccccc2O1,1.4452399999999996,Cc1noc(C)c1C(=O)N1CC(C(N)=O)Oc2c(F)cccc21,True,1.3236399999999995,-0.12160000000000015,0.5666666666666667,False,True
1.0,bin,3,-0.5795501172542572,-0.6448001861572266,-0.5143000483512878,406491,COCCNC(=O)C1CCCN(S(=O)(=O)N2CCOCC2)C1,-0.9619999999999964,NC(=O)C1CCCN(S(=O)(=O)N2CCOCC2)C1,True,-1.239299999999998,-0.27730000000000166,0.5714285714285714,False,True
1.0,bin,3,-0.5795501172542572,-0.6448001861572266,-0.5143000483512878,413951,O=C(Cn1ncn2cccc2c1=O)N1CCCCCC1,0.8985999999999996,COC(=O)C1CCON(C(=O)CN2Cc3cccn3C(C)=N2)CC1,True,0.8283999999999994,-0.07020000000000026,0.2236842105263158,False,True
1.0,bin,3,-0.5795501172542572,-0.6448001861572266,-0.5143000483512878,427929,CCNc1nc(NCc2ccccc2Cl)c2cnn(C)c2n1,3.060600000000001,CCNc1nc(NCc2ccc(F)cc2)c2cnn(C)c2n1,True,2.5463000000000005,-0.5143000000000004,0.6226415094339622,False,False
1.0,bin,3,-0.5795501172542572,-0.6448001861572266,-0.5143000483512878,447130,CCC(NC(=O)C1CCN(C(=O)C2CC2)CC1)c1ccc(C)cc1,3.2109200000000016,CCc1ccc(CNC(=O)C2CCN(C(=O)C3CC3)CC2)cc1,True,2.5138,-0.6971200000000017,0.5,False,True
1.0,bin,3,-0.5795501172542572,-0.6448001861572266,-0.5143000483512878,481908,CCNS(=O)(=O)c1ccc(C)c(C(=O)Nc2ncccc2C)c1,2.24894,CCNS(=O)(=O)c1cccc(C(=O)Nc2ccccn2)c1,True,1.6320999999999999,-0.6168400000000003,0.4827586206896552,False,False
1.0,bin,3,-0.5795501172542572,-0.6448001861572266,-0.5143000483512878,485220,Cc1nn(CC(=O)N2CCN(C)CC2)c(C)c1Br,1.03644,Cc1nn(CC(=O)N2CCN(C)CC2)c(C)c1C,True,0.5823600000000002,-0.4540799999999998,0.7368421052631579,False,True
1.0,bin,3,-0.5795501172542572,-0.6448001861572266,-0.5143000483512878,526363,Cc1nnc(SCC(=O)Nc2ccc(O)cc2)n(N)c1=O,0.09692,Cc1nnc(SCC(=O)Nc2ccccc2)n(N)c1=O,True,0.39132,0.2944,0.8043478260869565,False,False
1.0,bin,3,-0.5795501172542572,-0.6448001861572266,-0.5143000483512878,536853,COc1ccc(C2CCCN2C(=O)C2CCC2)c(OC)c1,3.1674000000000015,CS(=O)(=O)Nc1cccc(C2CCCN2C(=O)C2CCC2)c1,True,2.521700000000001,-0.6457000000000006,0.46551724137931033,False,True
1.0,bin,3,-0.5795501172542572,-0.6448001861572266,-0.5143000483512878,540312,Cc1nn(C)c2nc(C3CC3)cc(C(=O)NCC(=O)NC(C)(C)C)c12,1.7986199999999997,CCn1nc(C)c2c(C(=O)NCCCO)cc(C3CC3)nc21,True,1.7492199999999996,-0.04940000000000011,0.5230769230769231,False,True
1.0,bin,3,-0.5795501172542572,-0.6448001861572266,-0.5143000483512878,544381,Cc1nc(N2CCCC(C(=O)NC(C)C)C2)c2c(C)c(C)oc2n1,2.8890600000000006,CCN(CC)C(=O)CCCCN(C)c1ncnc2oc(C)c(C)c12,True,3.314540000000002,0.4254800000000012,0.2077922077922078,False,True
1.0,bin,3,-0.5795501172542572,-0.6448001861572266,-0.5143000483512878,544382,CCCNC(=O)C1CCCN(c2nc(C)nc3oc(C)c(C)c23)C1,2.8906600000000013,CCNC(=O)C1CCN(c2nc(C)nc3oc(C)c(C)c23)CC1,True,2.50056,-0.3901000000000012,0.6551724137931034,False,True
1.0,bin,3,-0.5795501172542572,-0.6448001861572266,-0.5143000483512878,550049,Cc1ccc(C)c(OCC(=O)Nc2cccc(-n3cnnc3)c2)c1,2.9016400000000013,O=C(COc1ccccc1O)Nc1cccc(-n2cnnc2)c1,True,1.9903999999999995,-0.9112400000000018,0.6792452830188679,False,True
1.0,bin,3,-0.5795501172542572,-0.6448001861572266,-0.5143000483512878,573533,Cc1nn(-c2ncc(C(F)(F)F)cc2Cl)c(=O)o1,2.2011199999999995,Cc1nn(-c2ncccc2Br)c(=O)o1,True,1.29142,-0.9096999999999995,0.42,False,True
1.0,bin,3,-0.5795501172542572,-0.6448001861572266,-0.5143000483512878,582555,O=C(NCC(O)c1ccccc1)c1ccc2c(=O)n3c(nc2c1)CCC3,1.8061000000000003,C=Cc1nc2cc(C(CNC(=O)c3ccccc3O)C(N)=O)ccc2c(=O)[nH]1,True,1.2705999999999997,-0.5355000000000005,0.30120481927710846,False,True
1.0,bin,3,-0.5795501172542572,-0.6448001861572266,-0.5143000483512878,588547,Cc1n[nH]c(C)c1NC(=O)CCc1ccc(Cl)cc1Cl,3.9046400000000023,Cc1n[nH]c(C)c1NC(=O)CCc1ccc(F)c(Cl)c1,True,3.390340000000002,-0.5143000000000004,0.6538461538461539,False,True
1.0,bin,3,-0.5795501172542572,-0.6448001861572266,-0.5143000483512878,607673,CCCN(CC1CC1)S(=O)(=O)c1ccccc1F,2.636400000000001,CN(CC1CC1)S(=O)(=O)c1ccccc1F,True,1.8562000000000003,-0.7802000000000007,0.6585365853658537,False,True
1.0,bin,3,-0.5795501172542572,-0.6448001861572266,-0.5143000483512878,617681,Cc1cc(C(=O)Nc2nc(-c3ccncc3)cs2)nn1C(C)C,3.5432200000000016,CCn1nc(C(=O)Nc2nc(-c3ccncc3)cs2)cc1C,True,2.9822200000000016,-0.5609999999999999,0.7037037037037037,False,False
1.0,bin,3,-0.5795501172542572,-0.6448001861572266,-0.5143000483512878,650267,COc1ccc2oc(C(=O)NC3CCCCNC3=O)c(C)c2c1,2.14832,Nc1ccc2oc(C(=O)NC3CCCCNC3=O)cc2c1,True,1.4134999999999995,-0.7348200000000005,0.5,False,True
1.0,bin,3,-0.5795501172542572,-0.6448001861572266,-0.5143000483512878,668639,Cc1cc(NC(=O)c2ccccc2Cl)ncc1N,2.8779200000000005,COc1ccc(C(=O)Nc2cc(C)c(N)cn2)cc1,True,2.2331199999999995,-0.6448000000000009,0.5510204081632653,False,True
1.0,bin,3,-0.5795501172542572,-0.6448001861572266,-0.5143000483512878,673160,CCC(=O)Nc1ccc2oc(C(F)(F)F)cc(=O)c2c1,3.160300000000001,CCS(=O)(=O)c1ccc2oc(C(F)(F)F)cc(=O)c2c1,True,2.6054000000000004,-0.5549000000000008,0.5510204081632653,False,True
1.0,bin,3,-0.5795501172542572,-0.6448001861572266,-0.5143000483512878,711169,Cc1cccc(C(C)C)c1NC(=O)N(C)Cc1ccncc1,4.177320000000003,CC(C)COc1ccc(NC(=O)N(C)Cc2ccncc2)c(O)c1,True,3.4859000000000018,-0.6914200000000008,0.45901639344262296,False,True
1.0,bin,3,-0.5795501172542572,-0.6448001861572266,-0.5143000483512878,720969,Cc1noc(C)c1CCC(=O)OCC(=O)N1c2ccccc2CC1C,2.7450400000000013,Cc1noc(C)c1CCC(=O)OCC(=O)N1CCc2ccccc21,True,2.35654,-0.3885000000000014,0.6721311475409836,False,False
1.0,bin,3,-0.5795501172542572,-0.6448001861572266,-0.5143000483512878,730789,COC(=O)C1CCN(C(=O)c2cc3ccc(F)cc3nc2C)CC1,2.7075200000000006,Cc1nc2ccc(F)cc2cc1C(=O)N1CCCC(NS(C)(=O)=O)C1,True,1.8361199999999998,-0.8714000000000008,0.49230769230769234,False,True
1.0,bin,3,-0.5795501172542572,-0.6448001861572266,-0.5143000483512878,738178,Cc1ccc(-n2ccnc2SCc2nc(C3CC3)no2)cc1C,4.041840000000003,Fc1ccccc1-n1ccnc1SCc1nc(C2CC2)no1,True,3.5641000000000016,-0.4777400000000016,0.6206896551724138,False,True
1.0,bin,3,-0.5795501172542572,-0.6448001861572266,-0.5143000483512878,771897,COc1ccccc1OCC(=O)N(C)Cc1sccc1C,3.102520000000002,Cc1ccsc1CN(C)C(=O)COc1ccccc1C(N)=O,True,2.1928199999999998,-0.9097000000000022,0.7708333333333334,False,True
1.0,bin,3,-0.5795501172542572,-0.6448001861572266,-0.5143000483512878,811446,COC(=O)C1(NC(=O)c2cc(Br)c[nH]2)CCCCCC1,2.7730000000000006,CCCCCCC(NC(=O)c1cc(N)c[nH]1)C(=O)OC,True,1.8386999999999998,-0.9343000000000008,0.2903225806451613,False,True
1.0,bin,3,-0.5795501172542572,-0.6448001861572266,-0.5143000483512878,848291,CCC(C)NC(=O)NCc1noc(-c2cccs2)n1,2.3958000000000004,CCCS(=O)(=O)NCc1noc(-c2cccs2)n1,True,1.6274999999999997,-0.7683000000000006,0.543859649122807,False,False
1.0,bin,3,-0.5795501172542572,-0.6448001861572266,-0.5143000483512878,863440,COc1ccc(-c2nc(CCCO)cs2)cc1OC,2.752200000000001,COc1ccc(NC(C)=O)c(-c2nc(CO)cs2)c1,True,2.2694,-0.482800000000001,0.3559322033898305,False,True
1.0,bin,3,-0.5795501172542572,-0.6448001861572266,-0.5143000483512878,864663,N#Cc1ccc(-c2cc(F)ccc2F)nc1N1CCCC1,3.498680000000002,CCOc1ccccc1-c1ccc(C#N)c(N2CCCC2)n1,True,3.6191800000000027,0.12050000000000072,0.5471698113207547,False,True
1.0,bin,3,-0.5795501172542572,-0.6448001861572266,-0.5143000483512878,872100,CCc1cccc(C)c1NCC(O)c1ccc2c(c1)OCCO2,3.474120000000002,Cc1ccc(NCC(O)c2ccc3c(c2)OCCO3)cc1F,True,3.0508200000000016,-0.42330000000000023,0.5636363636363636,False,True
1.0,bin,3,-0.5795501172542572,-0.6448001861572266,-0.5143000483512878,886334,COc1ccc(C(=O)N2CCCC(C(=O)N3CCCCC3)C2)c(O)c1,2.2655000000000003,CNC(=O)C1CCCN(C(=O)C2CCCN(C(=O)c3ccccc3)C2)C1,True,1.5233999999999992,-0.7421000000000011,0.43103448275862066,False,True
1.0,bin,3,-0.5795501172542572,-0.6448001861572266,-0.5143000483512878,887387,COCCNC(=O)N(Cc1cccc(F)c1)CC1CCCO1,2.1627,CC(=O)NCCNC(=O)N(Cc1ccc(F)cc1)CC1CCCO1,True,1.6523999999999992,-0.5103000000000009,0.6229508196721312,False,True
1.0,bin,3,-0.5795501172542572,-0.6448001861572266,-0.5143000483512878,889149,N#Cc1ccc(NC(=O)c2ccc(Br)cc2Cl)nc1,3.621480000000001,COC(=O)c1ccc(NC(=O)c2ccc(OC(F)F)cc2)nc1,True,2.7219000000000007,-0.8995800000000003,0.2698412698412698,False,True
1.0,bin,3,-0.5795501172542572,-0.6448001861572266,-0.5143000483512878,913483,O=C(CNC(=O)NCCc1c(Cl)cccc1Cl)NC1CC1,2.1137000000000006,O=C(CNC(=O)NCCc1ccc(Cl)cc1)NC1CC1,True,1.4603,-0.6534000000000006,0.6666666666666666,False,True
1.0,bin,3,-0.5795501172542572,-0.6448001861572266,-0.5143000483512878,917620,C=CCN(Cc1ccccc1OC)C(=O)c1csc(C)n1,3.288520000000002,C=CCN(Cc1ccccc1)C(=O)c1csc(C#CC)n1,True,3.342900000000002,0.054380000000000095,0.5166666666666667,False,True
1.0,bin,3,-0.5795501172542572,-0.6448001861572266,-0.5143000483512878,918312,CCOc1ccc(Cl)c(C(=O)N2CCN(c3ncccn3)CC2)n1,1.8860999999999997,O=C(c1ncccn1)N1CCN(c2ccc(F)cn2)CC1,True,0.9730999999999999,-0.9129999999999998,0.3333333333333333,False,True
1.0,bin,3,-0.5795501172542572,-0.6448001861572266,-0.5143000483512878,922879,CC(=O)c1ccc(N2CCN(Cc3c(F)cccc3F)CC2)cc1,3.489600000000003,COc1ccccc1N1CCN(Cc2ccc(F)c(N)c2)CC1,True,2.7387000000000006,-0.7509000000000023,0.29508196721311475,False,True
1.0,bin,3,-0.5795501172542572,-0.6448001861572266,-0.5143000483512878,927535,COc1cc(CN2CCN(c3ccccc3F)CC2)ccc1O,2.862100000000002,CCN(CCNC1=CC=COC1Nc1ccccc1)CC(C)O,True,2.1447000000000007,-0.7174000000000014,0.1111111111111111,False,True
1.0,bin,3,-0.5795501172542572,-0.6448001861572266,-0.5143000483512878,927567,Cc1ccccc1N1CCN(Cc2cccc(O)c2)CC1,3.022820000000001,Cc1cccc(CN2CCN(c3cccc(O)c3)CC2)c1O,True,2.728420000000001,-0.2944,0.5208333333333334,False,True
1.0,bin,3,-0.5795501172542572,-0.6448001861572266,-0.5143000483512878,938108,CC(c1ccccc1)N(C)C(=O)CCC(=O)Nc1nccs1,3.0814000000000012,CN(Cc1ccccc1)C(=O)CCC(=O)Nc1nccs1,True,2.5204000000000004,-0.5610000000000008,0.6538461538461539,False,False
1.0,bin,3,-0.5795501172542572,-0.6448001861572266,-0.5143000483512878,943303,CN(CCCOc1ccccc1)C(=O)Nc1cccc2c1OCCO2,3.390600000000002,O=C(NCCCOc1ccccc1)Nc1cccc2c1OCCO2,True,3.048400000000001,-0.34220000000000095,0.6545454545454545,False,True
1.0,bin,3,-0.5795501172542572,-0.6448001861572266,-0.5143000483512878,946289,CC(NC(=O)C1(c2cc(-c3ccco3)on2)CC1)c1ccccc1,3.843600000000002,O=C(NCc1cccc(F)c1)C1(c2cc(-c3ccco3)on2)CC1,True,3.421700000000002,-0.42189999999999994,0.5483870967741935,False,True
1.0,bin,3,-0.5795501172542572,-0.6448001861572266,-0.5143000483512878,994077,Cc1nnc(Cn2c(-c3cccc(Br)c3)noc2=O)o1,2.0055199999999997,CCOc1cccc(-c2noc(=O)n2Cc2nnc(C)o2)c1,True,1.6417199999999996,-0.3638000000000001,0.6981132075471698,False,True
1.0,bin,3,-0.5795501172542572,-0.6448001861572266,-0.5143000483512878,1065620,O=C(NCc1cccnc1Oc1ccccc1)c1cccnc1,3.198900000000002,Nc1ccc(C(=O)NCc2cccnc2Oc2ccccc2)cn1,True,2.7811000000000012,-0.4178000000000006,0.74,False,True
1.0,bin,3,-0.5795501172542572,-0.6448001861572266,-0.5143000483512878,1093926,CN(C(=O)CNc1cccc(OCC2CCCO2)c1)c1ccccc1,3.319300000000002,NC(=O)c1cccc(NCC(=O)Nc2cccc(OCC3CCCO3)c2)c1,True,2.3939000000000004,-0.9254000000000016,0.5909090909090909,False,True
1.0,bin,3,-0.5795501172542572,-0.6448001861572266,-0.5143000483512878,1107920,CCc1ccc(-n2cc(C(=O)NC(C)c3ccccc3)nn2)cc1,3.320700000000002,CCOc1ccc(-n2cc(C(=O)NCc3ccccc3F)nn2)cc1,True,2.735100000000001,-0.5856000000000012,0.4307692307692308,False,True
1.0,bin,3,-0.5795501172542572,-0.6448001861572266,-0.5143000483512878,1113130,CC(NC(=O)Cn1nnnc1C(C)(C)C)c1cccc2ccccc12,3.0012000000000016,CCC(NC(=O)Cn1nnnc1C)c1cccc2ccccc12,True,2.4022200000000007,-0.598980000000001,0.5689655172413793,False,True
1.0,bin,3,-0.5795501172542572,-0.6448001861572266,-0.5143000483512878,1121751,COC(=O)Cn1ccc(NS(=O)(=O)c2ccc(F)c(F)c2F)n1,1.2742,COc1ccc(S(=O)(=O)Nc2ccn(CCC(N)=O)n2)cc1C,True,0.8763199999999997,-0.39788000000000034,0.3880597014925373,False,True
1.0,bin,3,-0.5795501172542572,-0.6448001861572266,-0.5143000483512878,1142531,CCOC(C)C(=O)NCCc1csc(-c2ccc(C)cc2)n1,3.2022200000000014,O=C(NCCO)c1csc(-c2ccc(Cl)cc2)n1,True,2.1856,-1.0166200000000014,0.3442622950819672,False,False
1.0,bin,3,-0.5795501172542572,-0.6448001861572266,-0.5143000483512878,1212157,CN(Cc1ccc(F)c(F)c1)C(=O)c1cncc(-c2cnn(C)c2)c1,3.0325000000000015,COC(=O)CN(Cc1cncc(-c2cnn(C)c2)c1)c1ccccc1,True,2.6617000000000006,-0.3708000000000009,0.4264705882352941,False,True
1.0,bin,3,-0.5795501172542572,-0.6448001861572266,-0.5143000483512878,1215394,CCn1nc(C)cc1C(=O)Oc1cccc(NC(=O)C(C)C)c1,3.025120000000001,CCOc1ccc(OC(=O)c2cc(NC(C)=O)nn2C)cc1,True,1.9963999999999997,-1.0287200000000014,0.3333333333333333,False,True
1.0,bin,3,-0.5795501172542572,-0.6448001861572266,-0.5143000483512878,1232922,CC(C)(C)OC(=O)NC1CCCN(S(=O)(=O)N2CCOCC2)C1,0.5525000000000011,CCCNC(=O)CNC1CCC(NS(=O)(=O)N2CCOCC2)C1,True,-0.8100999999999963,-1.3625999999999974,0.30303030303030304,False,True
1.0,bin,3,-0.5795501172542572,-0.6448001861572266,-0.5143000483512878,1238973,FC(F)(F)c1cnc(N2CCn3c(nnc3C3CC3)C2)c(Cl)c1,3.2429000000000023,FC(F)(F)c1cccnc1N1CCn2cnnc2C2CC2C1,True,2.3156,-0.9273000000000025,0.22972972972972974,False,True
1.0,bin,3,-0.5795501172542572,-0.6448001861572266,-0.5143000483512878,1299495,Cc1cc(CC(=O)N2CCCC2C(C#N)c2ccccc2)no1,2.823900000000001,COc1ccccc1C(C#N)C1CCCN1C(=O)Cc1ccon1,True,2.5240800000000005,-0.2998200000000004,0.5588235294117647,False,True
1.0,bin,3,-0.5795501172542572,-0.6448001861572266,-0.5143000483512878,1309906,CC(C)CC(NC(=O)c1cc(=O)c2ccccc2o1)C(=O)OC(C)C,2.8891000000000018,C=CCNC(=O)c1cc(=O)c2ccccc2o1,True,1.7088,-1.1803000000000017,0.4909090909090909,False,True
1.0,bin,3,-0.5795501172542572,-0.6448001861572266,-0.5143000483512878,1362816,COCc1cccc(C(=O)NC2CC2c2cccc(Cl)c2)c1,3.772300000000002,COc1cccc(C2CC2NC(=O)c2ccc(N(C)C)cc2)c1,True,3.0471000000000013,-0.725200000000001,0.47540983606557374,False,True
1.0,bin,3,-0.5795501172542572,-0.6448001861572266,-0.5143000483512878,1441838,COCC(=O)NC(C(=O)Nc1cccc(-c2nccs2)c1)C(C)C,2.5358,CC(C)C(=O)NC(=O)c1ccc(-c2nccs2)cc1CN,True,2.1812,-0.3546,0.39705882352941174,False,True
1.0,bin,3,-0.5795501172542572,-0.6448001861572266,-0.5143000483512878,1450449,CCCNC(=O)CSc1nc2c(cc1C#N)CCCC2,2.450380000000001,CC(=O)NCCNc1nc2c(cc1C#N)CCCC2,True,1.3800799999999998,-1.0703000000000011,0.5172413793103449,False,True
1.0,bin,3,-0.5795501172542572,-0.6448001861572266,-0.5143000483512878,1451910,O=S(=O)(NCc1nnc2ccccn12)c1ccc(F)c(F)c1,1.4859999999999995,Nc1ccc(S(=O)(=O)NCc2nnc3ccccn23)cc1,True,0.7899999999999991,-0.6960000000000004,0.6875,False,True
1.0,bin,3,-0.5795501172542572,-0.6448001861572266,-0.5143000483512878,1479798,Cc1nc(C)c(CCC(=O)N(CC(C)C)CC(F)(F)F)c(=O)[nH]1,2.3662400000000003,C=CCN(CC=C)C(=O)CCc1c(C)nc(C)[nH]c1=O,True,1.5199399999999998,-0.8463000000000005,0.5769230769230769,False,False
1.0,bin,3,-0.5795501172542572,-0.6448001861572266,-0.5143000483512878,1507926,COC(=O)C(C)NC(=O)Cc1csc(-c2ccccc2Cl)n1,2.6837,COCC(O)CNC(=O)Cc1csc(-c2ccccc2Cl)n1,True,2.1295,-0.5541999999999998,0.631578947368421,False,True
1.0,bin,3,-0.5795501172542572,-0.6448001861572266,-0.5143000483512878,1527882,Nc1ncccc1C(=O)Nc1ccc2cn[nH]c2c1,1.7923999999999998,NC(=O)c1ncccc1C(=O)Nc1ccc2cn[nH]c2c1,True,1.3090999999999997,-0.48330000000000006,0.7551020408163265,False,True
1.0,bin,3,-0.5795501172542572,-0.6448001861572266,-0.5143000483512878,1532848,COc1ccc(-c2ccc3c(=O)[nH]cnc3c2)cc1Cl,3.2521000000000013,CCOC=C1C(O)=CC=C1c1ccc2c(=O)[nH]cnc2c1,True,2.6824000000000003,-0.569700000000001,0.4406779661016949,False,True
1.0,bin,3,-0.5795501172542572,-0.6448001861572266,-0.5143000483512878,1548351,COc1cc(OC)c2c(c1)C(c1cnccn1)NCC2,1.7288999999999999,NC(=O)c1ccc2c(c1)C(c1cnccn1)NCC2,True,0.8105999999999998,-0.9183000000000001,0.43103448275862066,False,True
1.0,bin,3,-0.5795501172542572,-0.6448001861572266,-0.5143000483512878,1570134,COc1cccc(C(C)N2CCN(C(=O)c3ccc(O)cc3)CC2)c1,2.9198000000000013,COc1cccc(C(=O)N2CCN(Cc3cccc(O)c3)CC2)c1,True,2.3588000000000005,-0.5610000000000008,0.4827586206896552,False,True
1.0,bin,3,-0.5795501172542572,-0.6448001861572266,-0.5143000483512878,1611406,CC(C)(C)N1CC(NC(=O)C2COc3ccc(F)cc3C2)CC1=O,1.8923999999999994,CCN1CC(NC(=O)C2COc3ccc(F)cc3C2)CC1=O,True,1.113799999999999,-0.7786000000000004,0.7241379310344828,False,True
1.0,bin,3,-0.5795501172542572,-0.6448001861572266,-0.5143000483512878,1612684,CCCC1CN(C(=O)Nc2ccn(CCC(C)C)n2)CCO1,2.9620000000000015,CCCC1CN(C(=O)Nc2ccn(C)n2)CCO1,True,1.4528999999999999,-1.5091000000000017,0.7454545454545455,False,False
1.0,bin,3,-0.5795501172542572,-0.6448001861572266,-0.5143000483512878,1639675,CCC(CC)c1nnc(NC(=O)c2scnc2C2CC2)s1,4.0279000000000025,CCc1nnc(NC(=O)c2scnc2C2CC2)s1,True,2.686700000000001,-1.3412000000000015,0.7346938775510204,False,False
1.0,bin,3,-0.5795501172542572,-0.6448001861572266,-0.5143000483512878,1675660,COc1ccnc(NC(=O)c2cccc(Cl)c2)c1,2.9959000000000007,COc1ccnc(NC(=O)c2cccc(C#N)c2)c1,True,2.21418,-0.7817200000000009,0.6875,False,False
1.0,bin,3,-0.5795501172542572,-0.6448001861572266,-0.5143000483512878,1689728,CCc1noc(CSc2ncnc3sc(C)cc23)n1,3.237420000000002,COCc1noc(CSc2ncnc3sc(C)cc23)n1,True,2.8214200000000007,-0.41600000000000126,0.78,False,True
1.0,bin,3,-0.5795501172542572,-0.6448001861572266,-0.5143000483512878,1720876,CC(C)(C)CC(=O)NCC(=O)Nc1ccc2c(c1)COC2,2.2077,CCCN(CC(=O)OC)C(=O)c1ccc2c(c1)COC2,True,1.7419999999999998,-0.4657000000000002,0.3333333333333333,False,True
1.0,bin,3,-0.5795501172542572,-0.6448001861572266,-0.5143000483512878,1757109,CC(C)Cc1ncc(CNc2ccc3c(c2)COC3)s1,3.983900000000003,CCOCCc1ncc(CNc2ccc3c(c2)COC3)s1,True,3.3644000000000016,-0.6195000000000013,0.6730769230769231,False,True
1.0,bin,3,-0.5795501172542572,-0.6448001861572266,-0.5143000483512878,1774061,O=C1NCCCc2[nH]c(-c3cccc4[nH]ccc34)nc21,2.234,CCC(=NCC(=O)NCC#N)C1=C2C=CCNC=CC1C2=O,True,0.6457799999999998,-1.5882200000000002,0.06818181818181818,False,True
1.0,bin,3,-0.5795501172542572,-0.6448001861572266,-0.5143000483512878,1800687,Cc1nn(C)c(-c2nc(-c3cccnn3)no2)c1Cl,1.8889199999999997,COC(=O)Cn1nc(C)cc1-c1nc(-c2cccnn2)no1,True,0.8715199999999996,-1.0174,0.4444444444444444,False,True
1.0,bin,3,-0.5795501172542572,-0.6448001861572266,-0.5143000483512878,1815867,FC(F)(F)c1ccc(CN2CCOCC2c2ncon2)cc1,2.661900000000001,CCC(=O)NC=CC1=CC1CN1CCOCC1c1ncon1,True,1.0389999999999995,-1.6229000000000016,0.4142857142857143,False,True
1.0,bin,3,-0.5795501172542572,-0.6448001861572266,-0.5143000483512878,1828580,Cc1ccc(N2CC3OCC(=O)N(Cc4cccc(F)c4)C3C2)nn1,1.54032,COc1ccc(CN2CCOCC(=O)N(c3cccnn3)CC2)cc1,True,1.3505999999999998,-0.1897200000000001,0.21176470588235294,False,True
1.0,bin,3,-0.5795501172542572,-0.6448001861572266,-0.5143000483512878,1836183,CCc1ccc(C(=O)NCc2nccc(N(C)C)n2)cc1,2.035,CN(C)c1nccc(CNC(=O)c2ccc(O)cc2)n1,True,1.1782,-0.8568000000000002,0.4807692307692308,False,True
1.0,bin,3,-0.5795501172542572,-0.6448001861572266,-0.5143000483512878,1842499,COc1ccccc1COc1ccccc1-c1cnn(CCO)c1,3.1300000000000017,NC(=O)CNC1=C(c2ccccc2OCc2ccc(F)cc2)C=N1,True,2.2325999999999997,-0.897400000000002,0.24285714285714285,False,True
1.0,bin,3,-0.5795501172542572,-0.6448001861572266,-0.5143000483512878,1865564,COC(CNC(=O)c1ccoc1)c1cccc(F)c1,2.536200000000001,O=C(NCC(O)c1ccc(C(F)(F)F)cc1)c1ccoc1,True,2.761800000000001,0.22560000000000002,0.48214285714285715,False,True
1.0,bin,3,-0.5795501172542572,-0.6448001861572266,-0.5143000483512878,1868773,CCCOc1ccc(Cl)c2c1CCNC2C1CC(=O)C1,3.2947000000000015,O=C1CCC(C2NCCc3c(Cl)cccc32)C1,True,2.8960000000000017,-0.39869999999999983,0.39655172413793105,False,True
1.0,bin,3,-0.5795501172542572,-0.6448001861572266,-0.5143000483512878,1873123,CCC1OC(=O)c2c(OC)ccc(Br)c21,3.079200000000002,COc1ccc(Br)c2c1OC(=O)C2CO,True,1.4525999999999997,-1.6266000000000023,0.44680851063829785,False,True
1.0,bin,3,-0.5795501172542572,-0.6448001861572266,-0.5143000483512878,1875028,Cc1cccc(C)c1NCC(=O)N1CCCC2CCCCC21,3.8965400000000034,Cc1ccc(NCC(=O)N2CCCC3CCCCC32)cc1C(=O)N(C)C,True,3.289920000000002,-0.6066200000000013,0.5818181818181818,False,True
1.0,bin,3,-0.5795501172542572,-0.6448001861572266,-0.5143000483512878,1895921,CCC(CC)N(C)C(=O)CC1OC(=O)c2ccccc21,2.935200000000002,CCN(C)C(=O)CC1OC(=O)c2cc(C)ccc21,True,2.0749199999999997,-0.8602800000000022,0.5098039215686274,False,True
1.0,bin,3,-0.5795501172542572,-0.6448001861572266,-0.5143000483512878,1907077,Cc1ccc2[nH]nc(C(=O)Nc3nc(-c4ccco4)cs3)c2c1,3.8401200000000015,O=C(Nc1nc(-c2ccco2)cs1)c1n[nH]c2ccccc12,True,3.5317000000000007,-0.3084200000000008,0.7636363636363637,False,False
1.0,bin,3,-0.5795501172542572,-0.6448001861572266,-0.5143000483512878,1913063,Cc1nn(C)c(C)c1CN(C(=O)c1cn2cccc(C)c2n1)C1CC1,2.797860000000001,Cc1ccn2cc(CN(C(=O)c3cn(C)nc3N)C3CC3)nc2c1,True,1.76322,-1.034640000000001,0.3684210526315789,False,True
1.0,bin,3,-0.5795501172542572,-0.6448001861572266,-0.5143000483512878,1922265,CN(CCNC(=O)c1ccc2c(c1)ncn2C)c1ccccc1,2.4395000000000007,Cn1cncc2c(C(=O)NCCNc3cccc(O)c3)ccc1-2,True,2.0724,-0.36710000000000065,0.2876712328767123,False,True
1.0,bin,4,-0.4522000253200531,-0.5143000483512878,-0.39010000228881836,32052,COc1ccccc1CNC(=O)Cc1c[nH]c2ccccc12,3.035400000000001,COc1ccc2[nH]cc(CC(=O)NCc3cccc(C#N)c3)c2c1,True,2.9070800000000014,-0.12831999999999955,0.4918032786885246,False,True
1.0,bin,4,-0.4522000253200531,-0.5143000483512878,-0.39010000228881836,116747,COCCSc1ccccc1C(=O)Nc1cccc(C)n1,3.3808200000000017,Cc1cccc(NC(=O)c2ccccc2S(C)(=O)=O)n1,True,2.04582,-1.3350000000000017,0.5294117647058824,False,False
1.0,bin,4,-0.4522000253200531,-0.5143000483512878,-0.39010000228881836,131060,CS(=O)(=O)NCCc1csc(-c2ccc(F)cc2)n1,2.0408999999999997,CN(C)S(=O)(=O)Cc1csc(-c2ccc(F)cc2)n1,True,2.3406000000000002,0.2997000000000005,0.574468085106383,False,True
1.0,bin,4,-0.4522000253200531,-0.5143000483512878,-0.39010000228881836,131949,CCc1c(C)nc(SCC(=O)NC(C)C)[nH]c1=O,1.25742,CCCc1cc(=O)[nH]c(SCC(=O)N(C)C)n1,True,0.9027000000000001,-0.3547199999999999,0.3050847457627119,False,False
1.0,bin,4,-0.4522000253200531,-0.5143000483512878,-0.39010000228881836,158879,COc1ccc(CC(=O)OCC(=O)c2c[nH]c3ccccc23)cc1,3.145100000000001,O=C(Cc1ccccc1CO)OCC(=O)c1c[nH]c2ccccc12,True,2.628800000000001,-0.5163000000000002,0.64,False,True
1.0,bin,4,-0.4522000253200531,-0.5143000483512878,-0.39010000228881836,232056,COCCNC(=O)c1cc(=O)c2cc(C)ccc2o1,1.4776199999999993,COCCNC(=O)CNc1c(O)cccc1C=O,True,0.3791999999999995,-1.0984199999999997,0.2903225806451613,False,True
1.0,bin,4,-0.4522000253200531,-0.5143000483512878,-0.39010000228881836,235788,O=C(Cn1nc(-c2ccco2)oc1=O)NCC(F)(F)F,0.7747999999999999,CCCNC(=O)Cn1nc(-c2ccco2)oc1=O,True,0.6224999999999998,-0.1523000000000001,0.72,False,True
1.0,bin,4,-0.4522000253200531,-0.5143000483512878,-0.39010000228881836,236081,CC(=O)c1c(C)[nH]c(C(=O)CSc2nc(C(C)C)n[nH]2)c1C,3.0506400000000014,CSc1n[nH]c(SCC(=O)c2[nH]c(C)c(C)c2C#N)n1,True,2.31822,-0.7324200000000012,0.45,False,True
1.0,bin,4,-0.4522000253200531,-0.5143000483512878,-0.39010000228881836,281081,O=C(Cn1cccn1)NCc1cccnc1Oc1ccc(F)cc1F,2.665000000000001,O=C(Cn1cccn1)NCc1cccnc1Oc1ccccc1,True,2.3868,-0.2782000000000009,0.6724137931034483,False,False
1.0,bin,4,-0.4522000253200531,-0.5143000483512878,-0.39010000228881836,284170,COc1ccc(-c2nc(CC(=O)Nc3cccc(C)n3)cs2)cc1,3.7033200000000024,Nc1cccc(NC(=O)Cc2csc(-c3ccccc3)n2)n1,True,2.9685000000000006,-0.7348200000000018,0.5892857142857143,False,True
1.0,bin,4,-0.4522000253200531,-0.5143000483512878,-0.39010000228881836,288369,Cc1ccc(NCc2nnc3n2CCCCC3)cc1C,3.2334400000000016,Fc1cccc(NCc2nnc3n2CCCCC3)c1F,True,2.894800000000002,-0.33863999999999983,0.5283018867924528,False,True
1.0,bin,4,-0.4522000253200531,-0.5143000483512878,-0.39010000228881836,302889,COc1ccc(OC)c(NC(=O)CCNC(=O)c2cccs2)c1,2.5239000000000003,NC(=O)c1cc(NC(=O)CCNC(=O)c2cccs2)ccc1F,True,1.7447,-0.7792000000000003,0.4838709677419355,False,True
1.0,bin,4,-0.4522000253200531,-0.5143000483512878,-0.39010000228881836,327141,COc1ccc(OC)c(S(=O)(=O)Nc2ccn(C)n2)c1,1.2381,COc1ccc(S(N)(=O)=O)cc1S(=O)(=O)Nc1ccn(C)n1,True,-0.12310000000000065,-1.3612000000000006,0.723404255319149,False,True
1.0,bin,4,-0.4522000253200531,-0.5143000483512878,-0.39010000228881836,327382,CNC(=O)C1CN(C(=O)c2c(C)noc2C)c2ccccc2O1,1.4452399999999996,Cc1noc(C)c1C(=O)N1CCOc2ccccc21,True,2.33064,0.8854000000000002,0.5925925925925926,False,False
1.0,bin,4,-0.4522000253200531,-0.5143000483512878,-0.39010000228881836,406491,COCCNC(=O)C1CCCN(S(=O)(=O)N2CCOCC2)C1,-0.9619999999999964,CNC(=O)C1CCCN(S(=O)(=O)N2CCOC(CO)C2)C1,True,-1.6176999999999957,-0.6556999999999993,0.5087719298245614,False,True
1.0,bin,4,-0.4522000253200531,-0.5143000483512878,-0.39010000228881836,413951,O=C(Cn1ncn2cccc2c1=O)N1CCCCCC1,0.8985999999999996,O=C(Cn1ncn2cccc2c1=O)N1CCCCOC1,True,0.0924999999999998,-0.8060999999999998,0.7708333333333334,False,True
1.0,bin,4,-0.4522000253200531,-0.5143000483512878,-0.39010000228881836,427929,CCNc1nc(NCc2ccccc2Cl)c2cnn(C)c2n1,3.060600000000001,COCCNC=NC(NCc1ccccc1Cl)=C1C=NN(C)C1=N,True,1.8139699999999994,-1.2466300000000015,0.2727272727272727,False,True
1.0,bin,4,-0.4522000253200531,-0.5143000483512878,-0.39010000228881836,447130,CCC(NC(=O)C1CCN(C(=O)C2CC2)CC1)c1ccc(C)cc1,3.2109200000000016,Cc1cccc(C(C)NC(=O)C2CCN(C(=O)C3CC3)CC2)c1,True,2.820820000000001,-0.39010000000000034,0.5660377358490566,False,True
1.0,bin,4,-0.4522000253200531,-0.5143000483512878,-0.39010000228881836,481908,CCNS(=O)(=O)c1ccc(C)c(C(=O)Nc2ncccc2C)c1,2.24894,CNS(=O)(=O)c1cc(C)cc(C(=O)Nc2cccc(C)n2)c1,True,1.85884,-0.3901000000000001,0.2878787878787879,False,True
1.0,bin,4,-0.4522000253200531,-0.5143000483512878,-0.39010000228881836,485220,Cc1nn(CC(=O)N2CCN(C)CC2)c(C)c1Br,1.03644,Cc1nn(CC(=O)N2CCN(CCO)CC2)c(C)c1Cl,True,0.2898400000000001,-0.7465999999999999,0.5319148936170213,False,False
1.0,bin,4,-0.4522000253200531,-0.5143000483512878,-0.39010000228881836,526363,Cc1nnc(SCC(=O)Nc2ccc(O)cc2)n(N)c1=O,0.09692,Nc1nnc(SCC(=O)N(CCO)c2ccccc2)n(N)c1=O,True,-0.9480999999999997,-1.0450199999999996,0.359375,False,True
1.0,bin,4,-0.4522000253200531,-0.5143000483512878,-0.39010000228881836,536853,COc1ccc(C2CCCN2C(=O)C2CCC2)c(OC)c1,3.1674000000000015,CS(=O)(=O)Nc1ccc(C2CCCN2C(=O)C2CCC2)cc1,True,2.521700000000001,-0.6457000000000006,0.44642857142857145,False,True
1.0,bin,4,-0.4522000253200531,-0.5143000483512878,-0.39010000228881836,540312,Cc1nn(C)c2nc(C3CC3)cc(C(=O)NCC(=O)NC(C)(C)C)c12,1.7986199999999997,Cc1nn(C)c2nc(C3CC3)cc(C(=O)NC(C)CO)c12,True,1.2647199999999998,-0.5338999999999998,0.6166666666666667,False,True
1.0,bin,4,-0.4522000253200531,-0.5143000483512878,-0.39010000228881836,544381,Cc1nc(N2CCCC(C(=O)NC(C)C)C2)c2c(C)c(C)oc2n1,2.8890600000000006,Cc1nc(N2CCCC(C)C2)c2c(C(=O)N(C)C)c(C)oc2n1,True,2.7777400000000014,-0.1113199999999992,0.5079365079365079,False,True
1.0,bin,4,-0.4522000253200531,-0.5143000483512878,-0.39010000228881836,544382,CCCNC(=O)C1CCCN(c2nc(C)nc3oc(C)c(C)c23)C1,2.8906600000000013,CCOC(=O)CCC=Nc1ncnc2oc(C)c(C)c12,True,2.8852400000000014,-0.00541999999999998,0.25,False,True
1.0,bin,4,-0.4522000253200531,-0.5143000483512878,-0.39010000228881836,550049,Cc1ccc(C)c(OCC(=O)Nc2cccc(-n3cnnc3)c2)c1,2.9016400000000013,O=C(COc1ccc(F)cc1)Nc1cccc(-n2cnnc2)c1,True,2.4238999999999997,-0.4777400000000016,0.6181818181818182,False,True
1.0,bin,4,-0.4522000253200531,-0.5143000483512878,-0.39010000228881836,573533,Cc1nn(-c2ncc(C(F)(F)F)cc2Cl)c(=O)o1,2.2011199999999995,Cc1noc(=O)n1-c1ncc(Cl)cc1Cl,True,1.83572,-0.3653999999999995,0.36538461538461536,False,True
1.0,bin,4,-0.4522000253200531,-0.5143000483512878,-0.39010000228881836,582555,O=C(NCC(O)c1ccccc1)c1ccc2c(=O)n3c(nc2c1)CCC3,1.8061000000000003,NC(CNC(=O)c1ccc2c(=O)n3c(nc2c1)CCC3)c1ccccc1,True,1.7724999999999997,-0.03360000000000052,0.8103448275862069,False,True
1.0,bin,4,-0.4522000253200531,-0.5143000483512878,-0.39010000228881836,588547,Cc1n[nH]c(C)c1NC(=O)CCc1ccc(Cl)cc1Cl,3.9046400000000023,Cc1n[nH]c(C)c1NC(=O)CCc1ccc(F)cc1Cl,True,3.390340000000002,-0.5143000000000004,0.7916666666666666,False,True
1.0,bin,4,-0.4522000253200531,-0.5143000483512878,-0.39010000228881836,607673,CCCN(CC1CC1)S(=O)(=O)c1ccccc1F,2.636400000000001,CCCN(CC1CC1)S(=O)(=O)c1ccccc1N,True,2.0795000000000003,-0.5569000000000006,0.7142857142857143,False,False
1.0,bin,4,-0.4522000253200531,-0.5143000483512878,-0.39010000228881836,617681,Cc1cc(C(=O)Nc2nc(-c3ccncc3)cs2)nn1C(C)C,3.5432200000000016,CCn1ccc(C(=O)Nc2nc(-c3ccnc(OC)c3)cs2)n1,True,2.6824000000000012,-0.8608200000000004,0.4411764705882353,False,True
1.0,bin,4,-0.4522000253200531,-0.5143000483512878,-0.39010000228881836,650267,COc1ccc2oc(C(=O)NC3CCCCNC3=O)c(C)c2c1,2.14832,COCC1=C(C(=O)NC2CCCCNC2)OOc2ccccc21,True,1.6263999999999998,-0.5219200000000002,0.25925925925925924,False,True
1.0,bin,4,-0.4522000253200531,-0.5143000483512878,-0.39010000228881836,668639,Cc1cc(NC(=O)c2ccccc2Cl)ncc1N,2.8779200000000005,CN(C)c1ccccc1C(=O)Nc1cc(Cl)c(N)cn1,True,2.6354999999999995,-0.24242000000000097,0.6122448979591837,False,True
1.0,bin,4,-0.4522000253200531,-0.5143000483512878,-0.39010000228881836,673160,CCC(=O)Nc1ccc2oc(C(F)(F)F)cc(=O)c2c1,3.160300000000001,CCCNC(=O)c1cc(=O)c2cc(C(F)(F)F)ccc2o1,True,2.951600000000001,-0.20870000000000033,0.4642857142857143,False,True
1.0,bin,4,-0.4522000253200531,-0.5143000483512878,-0.39010000228881836,711169,Cc1cccc(C(C)C)c1NC(=O)N(C)Cc1ccncc1,4.177320000000003,Cc1ccc(NC(=O)N(C)Cc2ccncc2)cc1Cl,True,3.707320000000003,-0.46999999999999975,0.5185185185185185,False,False
1.0,bin,4,-0.4522000253200531,-0.5143000483512878,-0.39010000228881836,720969,Cc1noc(C)c1CCC(=O)OCC(=O)N1c2ccccc2CC1C,2.7450400000000013,Cc1noc(C)c1CCC(=O)OCC(=O)N1CCc2ccccc21,True,2.35654,-0.3885000000000014,0.6721311475409836,False,False
1.0,bin,4,-0.4522000253200531,-0.5143000483512878,-0.39010000228881836,730789,COC(=O)C1CCN(C(=O)c2cc3ccc(F)cc3nc2C)CC1,2.7075200000000006,COC(=O)C1CCN(C(=O)c2cnc3ccc(OC)cc3c2)CC1,True,2.2686,-0.4389200000000004,0.4603174603174603,False,True
1.0,bin,4,-0.4522000253200531,-0.5143000483512878,-0.39010000228881836,738178,Cc1ccc(-n2ccnc2SCc2nc(C3CC3)no2)cc1C,4.041840000000003,Fc1ccccc1-n1ccnc1SCc1nc(C2CC2)no1,True,3.5641000000000016,-0.4777400000000016,0.6206896551724138,False,True
1.0,bin,4,-0.4522000253200531,-0.5143000483512878,-0.39010000228881836,771897,COc1ccccc1OCC(=O)N(C)Cc1sccc1C,3.102520000000002,Cc1ccsc1CN(C)C(=O)COc1cccc(C#N)c1,True,2.965600000000001,-0.13692000000000082,0.5714285714285714,False,True
1.0,bin,4,-0.4522000253200531,-0.5143000483512878,-0.39010000228881836,811446,COC(=O)C1(NC(=O)c2cc(Br)c[nH]2)CCCCCC1,2.7730000000000006,COC(=O)C1(NC(=O)c2cc(C)c[nH]2)CCCCC1,True,1.9288199999999993,-0.8441800000000013,0.7441860465116279,False,True
1.0,bin,4,-0.4522000253200531,-0.5143000483512878,-0.39010000228881836,848291,CCC(C)NC(=O)NCc1noc(-c2cccs2)n1,2.3958000000000004,CCC(OC)C(=O)NCc1noc(-c2cccs2)n1,True,1.8393,-0.5565000000000004,0.6607142857142857,False,False
1.0,bin,4,-0.4522000253200531,-0.5143000483512878,-0.39010000228881836,863440,COc1ccc(-c2nc(CCCO)cs2)cc1OC,2.752200000000001,COc1ccc(-c2nc(CO)cs2)c(OC)c1OC,True,2.3282000000000007,-0.4240000000000004,0.46938775510204084,False,True
1.0,bin,4,-0.4522000253200531,-0.5143000483512878,-0.39010000228881836,864663,N#Cc1ccc(-c2cc(F)ccc2F)nc1N1CCCC1,3.498680000000002,N#Cc1ccc(-c2ccc(O)c(F)c2)nc1N1CCCC1,True,3.0651800000000016,-0.43350000000000044,0.6,False,True
1.0,bin,4,-0.4522000253200531,-0.5143000483512878,-0.39010000228881836,872100,CCc1cccc(C)c1NCC(O)c1ccc2c(c1)OCCO2,3.474120000000002,Cc1cccc(NCC(CO)c2ccc3c(c2)OCCO3)c1,True,2.954220000000001,-0.5199000000000007,0.4576271186440678,False,True
1.0,bin,4,-0.4522000253200531,-0.5143000483512878,-0.39010000228881836,886334,COc1ccc(C(=O)N2CCCC(C(=O)N3CCCCC3)C2)c(O)c1,2.2655000000000003,Nc1cccc(C(=O)N2CCCC(C(=O)N3CCCCC3)C2)c1,True,2.1334999999999997,-0.13200000000000056,0.4909090909090909,False,True
1.0,bin,4,-0.4522000253200531,-0.5143000483512878,-0.39010000228881836,887387,COCCNC(=O)N(Cc1cccc(F)c1)CC1CCCO1,2.1627,CC(=O)NCC(=O)N(Cc1ccccc1)CC1CCCO1,True,1.3302999999999991,-0.8324000000000009,0.5,False,True
1.0,bin,4,-0.4522000253200531,-0.5143000483512878,-0.39010000228881836,889149,N#Cc1ccc(NC(=O)c2ccc(Br)cc2Cl)nc1,3.621480000000001,N#Cc1ccc(NC(=O)c2cc(F)ccc2Br)nc1,True,3.1071800000000005,-0.5143000000000004,0.6078431372549019,False,False
1.0,bin,4,-0.4522000253200531,-0.5143000483512878,-0.39010000228881836,913483,O=C(CNC(=O)NCCc1c(Cl)cccc1Cl)NC1CC1,2.1137000000000006,O=C(CNC(=O)NCCc1ccccc1Cl)NC1CC1,True,1.4602999999999995,-0.6534000000000011,0.75,False,False
1.0,bin,4,-0.4522000253200531,-0.5143000483512878,-0.39010000228881836,917620,C=CCN(Cc1ccccc1OC)C(=O)c1csc(C)n1,3.288520000000002,COCCN(Cc1ccccc1)C(=O)c1csc(C)n1,True,2.7403200000000014,-0.5482000000000005,0.5,False,True
1.0,bin,4,-0.4522000253200531,-0.5143000483512878,-0.39010000228881836,918312,CCOc1ccc(Cl)c(C(=O)N2CCN(c3ncccn3)CC2)n1,1.8860999999999997,CCN(CCC(=O)c1ncccc1Cl)c1ncccn1,True,2.6243000000000007,0.7382000000000011,0.3114754098360656,False,True
1.0,bin,4,-0.4522000253200531,-0.5143000483512878,-0.39010000228881836,922879,CC(=O)c1ccc(N2CCN(Cc3c(F)cccc3F)CC2)cc1,3.489600000000003,CCN(CCNC1=CC=C(OC)C1F)Cc1cccc(F)c1NC,True,3.0448000000000013,-0.44480000000000164,0.16,False,True
1.0,bin,4,-0.4522000253200531,-0.5143000483512878,-0.39010000228881836,927535,COc1cc(CN2CCN(c3ccccc3F)CC2)ccc1O,2.862100000000002,NC(=O)Nc1cccc(CN2CCN(c3ccccc3F)CC2)c1,True,2.6385000000000014,-0.2236000000000007,0.5087719298245614,False,True
1.0,bin,4,-0.4522000253200531,-0.5143000483512878,-0.39010000228881836,927567,Cc1ccccc1N1CCN(Cc2cccc(O)c2)CC1,3.022820000000001,CN(C)C(=O)c1ccc(N2CCN(Cc3cccc(O)c3)CC2)cc1,True,2.416200000000001,-0.6066200000000004,0.5294117647058824,False,True
1.0,bin,4,-0.4522000253200531,-0.5143000483512878,-0.39010000228881836,938108,CC(c1ccccc1)N(C)C(=O)CCC(=O)Nc1nccs1,3.0814000000000012,CN(Cc1cccc(F)c1)C(=O)CCC(=O)Nc1nccs1,True,2.6595000000000004,-0.42190000000000083,0.5423728813559322,False,True
1.0,bin,4,-0.4522000253200531,-0.5143000483512878,-0.39010000228881836,943303,CN(CCCOc1ccccc1)C(=O)Nc1cccc2c1OCCO2,3.390600000000002,CN(CCCOc1ccccc1)C(=O)Nc1cccc2c1OCCO2,True,3.390600000000002,0.0,1.0,True,False
1.0,bin,4,-0.4522000253200531,-0.5143000483512878,-0.39010000228881836,946289,CC(NC(=O)C1(c2cc(-c3ccco3)on2)CC1)c1ccccc1,3.843600000000002,O=C(NCc1cccc(F)c1)C1(c2ccco2)CC1c1ccon1,True,3.1484000000000014,-0.6952000000000007,0.24050632911392406,False,True
1.0,bin,4,-0.4522000253200531,-0.5143000483512878,-0.39010000228881836,994077,Cc1nnc(Cn2c(-c3cccc(Br)c3)noc2=O)o1,2.0055199999999997,CC=NN=CCn1c(-c2ccc(F)cc2)noc1=O,True,1.7188999999999999,-0.2866199999999999,0.3225806451612903,False,True
1.0,bin,4,-0.4522000253200531,-0.5143000483512878,-0.39010000228881836,1065620,O=C(NCc1cccnc1Oc1ccccc1)c1cccnc1,3.198900000000002,Nc1ncccc1C(=O)NCc1cccnc1Oc1ccccc1,True,2.7811000000000012,-0.4178000000000006,0.6470588235294118,False,True
1.0,bin,4,-0.4522000253200531,-0.5143000483512878,-0.39010000228881836,1093926,CN(C(=O)CNc1cccc(OCC2CCCO2)c1)c1ccccc1,3.319300000000002,N#Cc1c(NCC(=O)Nc2ccccc2)cccc1OCC1CCCO1,True,3.1666800000000013,-0.15262000000000064,0.4788732394366197,False,True
1.0,bin,4,-0.4522000253200531,-0.5143000483512878,-0.39010000228881836,1107920,CCc1ccc(-n2cc(C(=O)NC(C)c3ccccc3)nn2)cc1,3.320700000000002,O=C(NCc1ccc(F)cc1)c1cn(-c2ccccc2Cl)nn1,True,2.9898000000000016,-0.33090000000000064,0.375,False,False
1.0,bin,4,-0.4522000253200531,-0.5143000483512878,-0.39010000228881836,1113130,CC(NC(=O)Cn1nnnc1C(C)(C)C)c1cccc2ccccc12,3.0012000000000016,Cc1nnnn1CC(=O)NC(C)c1ccc(Cl)c2ccccc12,True,2.6655200000000008,-0.33568000000000087,0.559322033898305,False,True
1.0,bin,4,-0.4522000253200531,-0.5143000483512878,-0.39010000228881836,1121751,COC(=O)Cn1ccc(NS(=O)(=O)c2ccc(F)c(F)c2F)n1,1.2742,COC(=O)Cn1ccc(NS(=O)(=O)c2ccc(OC)cc2)n1,True,0.8654999999999999,-0.40870000000000006,0.6037735849056604,False,True
1.0,bin,4,-0.4522000253200531,-0.5143000483512878,-0.39010000228881836,1142531,CCOC(C)C(=O)NCCc1csc(-c2ccc(C)cc2)n1,3.2022200000000014,CCOCCNC(=O)c1csc(-c2ccc(C)cc2)n1,True,2.8848200000000013,-0.3174000000000001,0.4915254237288136,False,True
1.0,bin,4,-0.4522000253200531,-0.5143000483512878,-0.39010000228881836,1212157,CN(Cc1ccc(F)c(F)c1)C(=O)c1cncc(-c2cnn(C)c2)c1,3.0325000000000015,COc1cccc(CN(C)C(=O)c2cncc(-c3cnn(C)c3)c2)c1,True,2.762900000000001,-0.2696000000000005,0.6779661016949152,False,True
1.0,bin,4,-0.4522000253200531,-0.5143000483512878,-0.39010000228881836,1215394,CCn1nc(C)cc1C(=O)Oc1cccc(NC(=O)C(C)C)c1,3.025120000000001,CCn1nc(C)cc1C(=O)Oc1cccc(NC(C)=O)c1,True,2.3890200000000004,-0.6361000000000008,0.7843137254901961,False,True
1.0,bin,4,-0.4522000253200531,-0.5143000483512878,-0.39010000228881836,1232922,CC(C)(C)OC(=O)NC1CCCN(S(=O)(=O)N2CCOCC2)C1,0.5525000000000011,CCOC(=O)C1CCN(S(=O)(=O)N2CCOCC2)CC1,True,-0.1614999999999982,-0.7139999999999993,0.4074074074074074,False,True
1.0,bin,4,-0.4522000253200531,-0.5143000483512878,-0.39010000228881836,1238973,FC(F)(F)c1cnc(N2CCn3c(nnc3C3CC3)C2)c(Cl)c1,3.2429000000000023,FC(F)(F)c1cc2c(nn1)N1CCc3ncc(Cl)n3C(C2)C1,True,2.5052000000000003,-0.737700000000002,0.3,False,True
1.0,bin,4,-0.4522000253200531,-0.5143000483512878,-0.39010000228881836,1299495,Cc1cc(CC(=O)N2CCCC2C(C#N)c2ccccc2)no1,2.823900000000001,N#CC=CC(=CF)C1CCCN1C(=O)Cc1cc(O)on1,True,1.84688,-0.9770200000000009,0.3972602739726027,False,True
1.0,bin,4,-0.4522000253200531,-0.5143000483512878,-0.39010000228881836,1309906,CC(C)CC(NC(=O)c1cc(=O)c2ccccc2o1)C(=O)OC(C)C,2.8891000000000018,COC(=O)C(CC(C)C)NC(=O)c1cc(=O)c2ccccc2o1,True,2.1105,-0.7786000000000017,0.8333333333333334,False,False
1.0,bin,4,-0.4522000253200531,-0.5143000483512878,-0.39010000228881836,1362816,COCc1cccc(C(=O)NC2CC2c2cccc(Cl)c2)c1,3.772300000000002,COc1cccc(C2CC2NC(=O)c2ccc(OC)cc2OC)c1,True,2.9983000000000013,-0.7740000000000009,0.4426229508196721,False,True
1.0,bin,4,-0.4522000253200531,-0.5143000483512878,-0.39010000228881836,1441838,COCC(=O)NC(C(=O)Nc1cccc(-c2nccs2)c1)C(C)C,2.5358,CN(C)C(=O)CCNC(=O)Nc1cccc(-c2nccs2)c1,True,2.4099000000000004,-0.12589999999999968,0.5076923076923077,False,True
1.0,bin,4,-0.4522000253200531,-0.5143000483512878,-0.39010000228881836,1450449,CCCNC(=O)CSc1nc2c(cc1C#N)CCCC2,2.450380000000001,CCCCOc1cnc(SCC(=O)NC(C)C)c(CN)c1,True,2.3358999999999996,-0.11448000000000125,0.2777777777777778,False,True
1.0,bin,4,-0.4522000253200531,-0.5143000483512878,-0.39010000228881836,1451910,O=S(=O)(NCc1nnc2ccccn12)c1ccc(F)c(F)c1,1.4859999999999995,COc1ccccc1S(=O)(=O)NCc1nnc2ccccn12,True,1.2164,-0.2695999999999996,0.5555555555555556,False,False
1.0,bin,4,-0.4522000253200531,-0.5143000483512878,-0.39010000228881836,1479798,Cc1nc(C)c(CCC(=O)N(CC(C)C)CC(F)(F)F)c(=O)[nH]1,2.3662400000000003,CCCCC(C)NC(=O)CCc1c(C)nc(C)[nH]c1=O,True,2.01424,-0.3520000000000003,0.4576271186440678,False,True
1.0,bin,4,-0.4522000253200531,-0.5143000483512878,-0.39010000228881836,1507926,COC(=O)C(C)NC(=O)Cc1csc(-c2ccccc2Cl)n1,2.6837,COC(=O)CNC(=O)Cc1csc(-c2ccccc2)n1,True,1.6418,-1.0419,0.46551724137931033,False,True
1.0,bin,4,-0.4522000253200531,-0.5143000483512878,-0.39010000228881836,1527882,Nc1ncccc1C(=O)Nc1ccc2cn[nH]c2c1,1.7923999999999998,Nc1ncccc1C(=O)Nc1cc2cncc(N)c2[nH]1,True,1.3745999999999998,-0.41779999999999995,0.49122807017543857,False,True
1.0,bin,4,-0.4522000253200531,-0.5143000483512878,-0.39010000228881836,1532848,COc1ccc(-c2ccc3c(=O)[nH]cnc3c2)cc1Cl,3.2521000000000013,COc1cc(OC)c(-c2ccc3c(=O)[nH]cnc3c2)c(OC)c1OC,True,2.6245000000000003,-0.627600000000001,0.625,False,True
1.0,bin,4,-0.4522000253200531,-0.5143000483512878,-0.39010000228881836,1548351,COc1cc(OC)c2c(c1)C(c1cnccn1)NCC2,1.7288999999999999,OCCOc1cccc2c1C(c1cnccn1)NCC2,True,1.0827999999999998,-0.6461000000000001,0.4166666666666667,False,True
1.0,bin,4,-0.4522000253200531,-0.5143000483512878,-0.39010000228881836,1570134,COc1cccc(C(C)N2CCN(C(=O)c3ccc(O)cc3)CC2)c1,2.9198000000000013,COc1ccc(CN2CCN(C(=O)c3cccc(C#N)c3)CC2)cc1,True,2.5248800000000013,-0.39491999999999994,0.36923076923076925,False,True
1.0,bin,4,-0.4522000253200531,-0.5143000483512878,-0.39010000228881836,1611406,CC(C)(C)N1CC(NC(=O)C2COc3ccc(F)cc3C2)CC1=O,1.8923999999999994,CCN1CC(NC(=O)C2COc3ccc(Cl)cc3C2)CC1=O,True,1.6280999999999994,-0.2643,0.5625,False,True
1.0,bin,4,-0.4522000253200531,-0.5143000483512878,-0.39010000228881836,1612684,CCCC1CN(C(=O)Nc2ccn(CCC(C)C)n2)CCO1,2.9620000000000015,CCc1nc(NC(=O)N2CCOC(CC(F)(F)F)C2)[nH]c1C,True,2.4656200000000004,-0.49638000000000115,0.36486486486486486,False,True
1.0,bin,4,-0.4522000253200531,-0.5143000483512878,-0.39010000228881836,1639675,CCC(CC)c1nnc(NC(=O)c2scnc2C2CC2)s1,4.0279000000000025,CC1=C(C(=O)Nc2nnc(C(C)C)s2)SC=NC1C1CC1,True,3.4277000000000024,-0.6002000000000001,0.375,False,True
1.0,bin,4,-0.4522000253200531,-0.5143000483512878,-0.39010000228881836,1675660,COc1ccnc(NC(=O)c2cccc(Cl)c2)c1,2.9959000000000007,COC(=O)Nc1ccc(C(=O)Nc2cc(C)ccn2)cc1,True,2.820620000000001,-0.17527999999999988,0.4339622641509434,False,True
1.0,bin,4,-0.4522000253200531,-0.5143000483512878,-0.39010000228881836,1689728,CCc1noc(CSc2ncnc3sc(C)cc23)n1,3.237420000000002,COCc1noc(CSc2ncnc3sc(C)cc23)n1,True,2.8214200000000007,-0.41600000000000126,0.78,False,True
1.0,bin,4,-0.4522000253200531,-0.5143000483512878,-0.39010000228881836,1720876,CC(C)(C)CC(=O)NCC(=O)Nc1ccc2c(c1)COC2,2.2077,CCOCCOCC(=O)Nc1ccc2c(c1)COC2,True,1.7083999999999997,-0.4993000000000003,0.54,False,False
1.0,bin,4,-0.4522000253200531,-0.5143000483512878,-0.39010000228881836,1757109,CC(C)Cc1ncc(CNc2ccc3c(c2)COC3)s1,3.983900000000003,Cc1nc(N(C)C)sc1CNc1ccc2c(c1)COC2,True,3.1598200000000016,-0.8240800000000013,0.47368421052631576,False,False
1.0,bin,4,-0.4522000253200531,-0.5143000483512878,-0.39010000228881836,1774061,O=C1NCCCc2[nH]c(-c3cccc4[nH]ccc34)nc21,2.234,CN1C(=O)c2nc(C3=CC=CCNC=C4NCCCC43)[nH]c2C1=O,True,1.0193,-1.2147,0.24,False,True
1.0,bin,4,-0.4522000253200531,-0.5143000483512878,-0.39010000228881836,1800687,Cc1nn(C)c(-c2nc(-c3cccnn3)no2)c1Cl,1.8889199999999997,COc1cc(-c2noc(-c3c(Cl)c(C)nn3C)n2)nn1C,True,1.8410199999999994,-0.047900000000000276,0.5769230769230769,False,True
1.0,bin,4,-0.4522000253200531,-0.5143000483512878,-0.39010000228881836,1815867,FC(F)(F)c1ccc(CN2CCOCC2c2ncon2)cc1,2.661900000000001,Cc1ccc(C)c(CN2CCOCC2c2ncon2)c1,True,2.2599400000000003,-0.40196000000000076,0.5714285714285714,False,True
1.0,bin,4,-0.4522000253200531,-0.5143000483512878,-0.39010000228881836,1828580,Cc1ccc(N2CC3OCC(=O)N(Cc4cccc(F)c4)C3C2)nn1,1.54032,O=C1COC2CN(c3cccnn3)CC2N1Cc1ccc(O)cc1,True,0.7983999999999998,-0.7419200000000001,0.5223880597014925,False,True
1.0,bin,4,-0.4522000253200531,-0.5143000483512878,-0.39010000228881836,1836183,CCc1ccc(C(=O)NCc2nccc(N(C)C)n2)cc1,2.035,COc1cc(OC)cc(C(=O)NCc2nccc(C)n2)c1,True,1.73222,-0.30278000000000005,0.43636363636363634,False,True
1.0,bin,4,-0.4522000253200531,-0.5143000483512878,-0.39010000228881836,1842499,COc1ccccc1COc1ccccc1-c1cnn(CCO)c1,3.1300000000000017,COCCCOc1ccccc1C(=CNCCO)NNCc1ccccc1,True,2.2765999999999993,-0.8534000000000024,0.2191780821917808,False,True
1.0,bin,4,-0.4522000253200531,-0.5143000483512878,-0.39010000228881836,1865564,COC(CNC(=O)c1ccoc1)c1cccc(F)c1,2.536200000000001,CCOC(=O)C(CNC(=O)c1ccoc1)c1cccc(F)c1,True,2.495400000000001,-0.04079999999999995,0.6851851851851852,False,True
1.0,bin,4,-0.4522000253200531,-0.5143000483512878,-0.39010000228881836,1868773,CCCOc1ccc(Cl)c2c1CCNC2C1CC(=O)C1,3.2947000000000015,NC1CC1C1CCc2ccc(OC(F)(F)F)c1c2,True,2.962200000000001,-0.33250000000000046,0.15942028985507245,False,True
1.0,bin,4,-0.4522000253200531,-0.5143000483512878,-0.39010000228881836,1873123,CCC1OC(=O)c2c(OC)ccc(Br)c21,3.079200000000002,CCCOC(=O)c1cc(Br)ccc1O,True,2.721500000000001,-0.3577000000000008,0.18518518518518517,False,True
1.0,bin,4,-0.4522000253200531,-0.5143000483512878,-0.39010000228881836,1875028,Cc1cccc(C)c1NCC(=O)N1CCCC2CCCCC21,3.8965400000000034,O=C(CNc1ccccc1F)N1CCCC2CCCCC21,True,3.4188000000000027,-0.4777400000000007,0.625,False,False
1.0,bin,4,-0.4522000253200531,-0.5143000483512878,-0.39010000228881836,1895921,CCC(CC)N(C)C(=O)CC1OC(=O)c2ccccc21,2.935200000000002,CC(C)CCN(CCO)C(=O)CC1OC(=O)c2ccccc21,True,2.1552,-0.780000000000002,0.5576923076923077,False,True
1.0,bin,4,-0.4522000253200531,-0.5143000483512878,-0.39010000228881836,1907077,Cc1ccc2[nH]nc(C(=O)Nc3nc(-c4ccco4)cs3)c2c1,3.8401200000000015,N#Cc1cccc2sc(NC(=O)c3n[nH]c4ccc(N)cc34)nc12,True,2.87878,-0.9613400000000016,0.3918918918918919,False,True
1.0,bin,4,-0.4522000253200531,-0.5143000483512878,-0.39010000228881836,1913063,Cc1nn(C)c(C)c1CN(C(=O)c1cn2cccc(C)c2n1)C1CC1,2.797860000000001,Cc1c(CN(C(=O)c2cnn(C)c2)C2CC2)cc2ccccn12,True,2.7860200000000015,-0.011839999999999407,0.3835616438356164,False,True
1.0,bin,4,-0.4522000253200531,-0.5143000483512878,-0.39010000228881836,1922265,CN(CCNC(=O)c1ccc2c(c1)ncn2C)c1ccccc1,2.4395000000000007,CN(CCNC(=O)c1ccccc1)c1ccc2c(c1)ncn2C,True,2.4395,-8.881784197001252e-16,0.803921568627451,False,True
1.0,bin,5,-0.34654998779296875,-0.39010000228881836,-0.30299997329711914,32052,COc1ccccc1CNC(=O)Cc1c[nH]c2ccccc12,3.035400000000001,CNC(=O)c1ccc(CNC(=O)Cc2c[nH]c3ccccc23)cc1,True,2.3864,-0.6490000000000009,0.5882352941176471,False,True
1.0,bin,5,-0.34654998779296875,-0.39010000228881836,-0.30299997329711914,116747,COCCSc1ccccc1C(=O)Nc1cccc(C)n1,3.3808200000000017,COC(=O)Nc1cccc(C(=O)Nc2ncccc2C)c1,True,2.820620000000001,-0.5602000000000009,0.24242424242424243,False,True
1.0,bin,5,-0.34654998779296875,-0.39010000228881836,-0.30299997329711914,131060,CS(=O)(=O)NCCc1csc(-c2ccc(F)cc2)n1,2.0408999999999997,CCS(=O)(=O)NCCNC(=O)c1csc(-c2ccccc2)n1,True,1.4791999999999996,-0.5617000000000001,0.3620689655172414,False,True
1.0,bin,5,-0.34654998779296875,-0.39010000228881836,-0.30299997329711914,131949,CCc1c(C)nc(SCC(=O)NC(C)C)[nH]c1=O,1.25742,CNC(=O)CCSc1nc(C)c(C)c(=O)[nH]1,True,0.61494,-0.6424799999999999,0.4230769230769231,False,True
1.0,bin,5,-0.34654998779296875,-0.39010000228881836,-0.30299997329711914,158879,COc1ccc(CC(=O)OCC(=O)c2c[nH]c3ccccc23)cc1,3.145100000000001,CN(C(=O)COC(=O)c1c[nH]c2ccccc12)c1ccccc1C(N)=O,True,2.0866,-1.0585000000000013,0.3968253968253968,False,True
1.0,bin,5,-0.34654998779296875,-0.39010000228881836,-0.30299997329711914,232056,COCCNC(=O)c1cc(=O)c2cc(C)ccc2o1,1.4776199999999993,COCCNC(=O)c1cc(=O)c2cc(C)ccc2o1,True,1.4776199999999993,0.0,1.0,True,False
1.0,bin,5,-0.34654998779296875,-0.39010000228881836,-0.30299997329711914,235788,O=C(Cn1nc(-c2ccco2)oc1=O)NCC(F)(F)F,0.7747999999999999,COCC(C)NC(=O)Cn1nc(-c2ccco2)oc1=O,True,0.2473999999999999,-0.5274000000000001,0.5862068965517241,False,True
1.0,bin,5,-0.34654998779296875,-0.39010000228881836,-0.30299997329711914,236081,CC(=O)c1c(C)[nH]c(C(=O)CSc2nc(C(C)C)n[nH]2)c1C,3.0506400000000014,CCCc1n[nH]c(SCC(=O)c2[nH]c(C(C)=O)cc2C)n1,True,2.571320000000001,-0.4793200000000004,0.4426229508196721,False,True
1.0,bin,5,-0.34654998779296875,-0.39010000228881836,-0.30299997329711914,281081,O=C(Cn1cccn1)NCc1cccnc1Oc1ccc(F)cc1F,2.665000000000001,O=C(Cn1cccn1)NCc1cccnc1Oc1ccc(F)cc1,True,2.525900000000001,-0.1391,0.7543859649122807,False,True
1.0,bin,5,-0.34654998779296875,-0.39010000228881836,-0.30299997329711914,284170,COc1ccc(-c2nc(CC(=O)Nc3cccc(C)n3)cs2)cc1,3.7033200000000024,COc1cccc(-c2nc(CC(=O)Nc3ncccc3N)cs2)c1,True,2.9771,-0.7262200000000023,0.546875,False,True
1.0,bin,5,-0.34654998779296875,-0.39010000228881836,-0.30299997329711914,288369,Cc1ccc(NCc2nnc3n2CCCCC3)cc1C,3.2334400000000016,C#CCOc1cc(F)ccc1NCc1nnc2n1CCCCC2,True,2.7677000000000014,-0.46574000000000026,0.46774193548387094,False,True
1.0,bin,5,-0.34654998779296875,-0.39010000228881836,-0.30299997329711914,302889,COc1ccc(OC)c(NC(=O)CCNC(=O)c2cccs2)c1,2.5239000000000003,COC(=O)c1cccc(NC(=O)CCNC(=O)c2cccs2)c1,True,2.2933000000000003,-0.23059999999999992,0.5689655172413793,False,False
1.0,bin,5,-0.34654998779296875,-0.39010000228881836,-0.30299997329711914,327141,COc1ccc(OC)c(S(=O)(=O)Nc2ccn(C)n2)c1,1.2381,COc1ccc(S(=O)(=O)Nc2ccn(C)n2)c(N)c1,True,0.8116999999999999,-0.4264000000000001,0.717391304347826,False,True
1.0,bin,5,-0.34654998779296875,-0.39010000228881836,-0.30299997329711914,327382,CNC(=O)C1CN(C(=O)c2c(C)noc2C)c2ccccc2O1,1.4452399999999996,Cc1noc(N)c1C(=O)N1CCOc2ccccc21,True,1.60442,0.15918000000000032,0.4666666666666667,False,True
1.0,bin,5,-0.34654998779296875,-0.39010000228881836,-0.30299997329711914,406491,COCCNC(=O)C1CCCN(S(=O)(=O)N2CCOCC2)C1,-0.9619999999999964,O=C1CCCN(S(=O)(=O)N2CCOCC2)COCCCN1,True,-0.8603999999999967,0.10159999999999969,0.2903225806451613,False,True
1.0,bin,5,-0.34654998779296875,-0.39010000228881836,-0.30299997329711914,413951,O=C(Cn1ncn2cccc2c1=O)N1CCCCCC1,0.8985999999999996,O=C(Cn1ncn2cccc2c1=O)N1CCCCCC1,True,0.8985999999999996,0.0,1.0,True,False
1.0,bin,5,-0.34654998779296875,-0.39010000228881836,-0.30299997329711914,427929,CCNc1nc(NCc2ccccc2Cl)c2cnn(C)c2n1,3.060600000000001,CN(C)c1nc(NCc2ccccc2Cl)nc2c1cnn2C,True,2.6948000000000008,-0.3658000000000001,0.6730769230769231,False,True
1.0,bin,5,-0.34654998779296875,-0.39010000228881836,-0.30299997329711914,447130,CCC(NC(=O)C1CCN(C(=O)C2CC2)CC1)c1ccc(C)cc1,3.2109200000000016,CCc1ccc(CNC(=O)C2CCN(C(=O)C3CC3)CC2)cc1,True,2.5138,-0.6971200000000017,0.5,False,True
1.0,bin,5,-0.34654998779296875,-0.39010000228881836,-0.30299997329711914,481908,CCNS(=O)(=O)c1ccc(C)c(C(=O)Nc2ncccc2C)c1,2.24894,CNS(=O)(=O)c1cc(C(=O)Nc2ncccc2C)ccc1Cl,True,2.2038199999999994,-0.045120000000000715,0.4915254237288136,False,True
1.0,bin,5,-0.34654998779296875,-0.39010000228881836,-0.30299997329711914,485220,Cc1nn(CC(=O)N2CCN(C)CC2)c(C)c1Br,1.03644,Cc1nn(CC(=O)N2CCN(C(C)O)CC2)c(C)c1Cl,True,0.6358400000000002,-0.40059999999999985,0.5,False,True
1.0,bin,5,-0.34654998779296875,-0.39010000228881836,-0.30299997329711914,526363,Cc1nnc(SCC(=O)Nc2ccc(O)cc2)n(N)c1=O,0.09692,Nn1c(SCC(=O)Nc2cccc(O)c2)nncc1=O,True,-0.21149999999999997,-0.30841999999999997,0.5,False,False
1.0,bin,5,-0.34654998779296875,-0.39010000228881836,-0.30299997329711914,536853,COc1ccc(C2CCCN2C(=O)C2CCC2)c(OC)c1,3.1674000000000015,N#Cc1ccc(C2CCCN2C(=O)C2CCC2)cc1,True,3.0218800000000012,-0.14552000000000032,0.4528301886792453,False,True
1.0,bin,5,-0.34654998779296875,-0.39010000228881836,-0.30299997329711914,540312,Cc1nn(C)c2nc(C3CC3)cc(C(=O)NCC(=O)NC(C)(C)C)c12,1.7986199999999997,CCC(CCO)NC(=O)c1cc(C2CC2)nc2[nH]nc(C)c12,True,2.0345199999999997,0.2359,0.3561643835616438,False,True
1.0,bin,5,-0.34654998779296875,-0.39010000228881836,-0.30299997329711914,544381,Cc1nc(N2CCCC(C(=O)NC(C)C)C2)c2c(C)c(C)oc2n1,2.8890600000000006,CCCNC(=O)CCCCN(C)c1ncnc2oc(C)c(C)c12,True,2.972340000000001,0.08328000000000024,0.21518987341772153,False,True
1.0,bin,5,-0.34654998779296875,-0.39010000228881836,-0.30299997329711914,544382,CCCNC(=O)C1CCCN(c2nc(C)nc3oc(C)c(C)c23)C1,2.8906600000000013,COC(=O)C1CCCN(c2nc(C)nc3oc(C)c(C)c23)C1,True,2.5374600000000003,-0.35320000000000107,0.7017543859649122,False,True
1.0,bin,5,-0.34654998779296875,-0.39010000228881836,-0.30299997329711914,550049,Cc1ccc(C)c(OCC(=O)Nc2cccc(-n3cnnc3)c2)c1,2.9016400000000013,COc1ccccc1OCC(=O)Nc1cccc(-n2cnnc2)c1,True,2.2934,-0.6082400000000012,0.6981132075471698,False,True
1.0,bin,5,-0.34654998779296875,-0.39010000228881836,-0.30299997329711914,573533,Cc1nn(-c2ncc(C(F)(F)F)cc2Cl)c(=O)o1,2.2011199999999995,Cc1nn(-c2ncc(Br)cn2)c(=O)o1,True,0.6864199999999999,-1.5146999999999995,0.425531914893617,False,True
1.0,bin,5,-0.34654998779296875,-0.39010000228881836,-0.30299997329711914,582555,O=C(NCC(O)c1ccccc1)c1ccc2c(=O)n3c(nc2c1)CCC3,1.8061000000000003,CCc1nc2c(c(=O)[nH]1)=CCC(=O)NCC(O)c1ccc(O)cc1CC=2,True,-0.6050999999999995,-2.4112,0.11827956989247312,False,True
1.0,bin,5,-0.34654998779296875,-0.39010000228881836,-0.30299997329711914,588547,Cc1n[nH]c(C)c1NC(=O)CCc1ccc(Cl)cc1Cl,3.9046400000000023,Cc1n[nH]c(C)c1NC(=O)CCc1ccccc1Br,True,3.3603400000000017,-0.5443000000000007,0.6078431372549019,False,True
1.0,bin,5,-0.34654998779296875,-0.39010000228881836,-0.30299997329711914,607673,CCCN(CC1CC1)S(=O)(=O)c1ccccc1F,2.636400000000001,CCCN(CC1CC1)S(=O)(=O)c1ccc(O)cc1,True,2.2029000000000005,-0.43350000000000044,0.5555555555555556,False,True
1.0,bin,5,-0.34654998779296875,-0.39010000228881836,-0.30299997329711914,617681,Cc1cc(C(=O)Nc2nc(-c3ccncc3)cs2)nn1C(C)C,3.5432200000000016,CCCn1ccc(C(=O)Nc2nc(-c3ccncc3)cs2)n1,True,3.063900000000001,-0.4793200000000004,0.559322033898305,False,True
1.0,bin,5,-0.34654998779296875,-0.39010000228881836,-0.30299997329711914,650267,COc1ccc2oc(C(=O)NC3CCCCNC3=O)c(C)c2c1,2.14832,COc1ccc2oc(C(=O)NC3CCCCNC3)c(C)c2c1,True,2.6217200000000007,0.4734000000000007,0.6833333333333333,False,True
1.0,bin,5,-0.34654998779296875,-0.39010000228881836,-0.30299997329711914,668639,Cc1cc(NC(=O)c2ccccc2Cl)ncc1N,2.8779200000000005,Cc1cccc(NC(=O)c2ccc(F)cc2N)n1,True,2.36362,-0.5143000000000004,0.38181818181818183,False,True
1.0,bin,5,-0.34654998779296875,-0.39010000228881836,-0.30299997329711914,673160,CCC(=O)Nc1ccc2oc(C(F)(F)F)cc(=O)c2c1,3.160300000000001,CCNC(=O)COc1ccc2oc(C(F)(F)F)cc(=O)c2c1,True,2.3267000000000007,-0.8336000000000006,0.5740740740740741,False,True
1.0,bin,5,-0.34654998779296875,-0.39010000228881836,-0.30299997329711914,711169,Cc1cccc(C(C)C)c1NC(=O)N(C)Cc1ccncc1,4.177320000000003,CC(C)Nc1ccc(NC(=O)N(C)Cc2ccncc2)cc1,True,3.565800000000002,-0.6115200000000005,0.5490196078431373,False,True
1.0,bin,5,-0.34654998779296875,-0.39010000228881836,-0.30299997329711914,720969,Cc1noc(C)c1CCC(=O)OCC(=O)N1c2ccccc2CC1C,2.7450400000000013,Cc1noc(C)c1CCC(=O)OCC(=O)N1c2ccccc2CC1C,True,2.7450400000000013,0.0,1.0,True,False
1.0,bin,5,-0.34654998779296875,-0.39010000228881836,-0.30299997329711914,730789,COC(=O)C1CCN(C(=O)c2cc3ccc(F)cc3nc2C)CC1,2.7075200000000006,COC(=O)C1CCN(C(=O)c2cc3ccccc3nc2O)CC1,True,1.9655999999999998,-0.7419200000000008,0.5892857142857143,False,True
1.0,bin,5,-0.34654998779296875,-0.39010000228881836,-0.30299997329711914,738178,Cc1ccc(-n2ccnc2SCc2nc(C3CC3)no2)cc1C,4.041840000000003,Cc1ccccc1-n1ccnc1SCc1nc(C2CC2)no1,True,3.7334200000000024,-0.3084200000000008,0.7090909090909091,False,True
1.0,bin,5,-0.34654998779296875,-0.39010000228881836,-0.30299997329711914,771897,COc1ccccc1OCC(=O)N(C)Cc1sccc1C,3.102520000000002,COc1ccc(OCC(=O)N(C)Cc2sccc2C)cc1,True,3.102520000000002,0.0,0.7021276595744681,False,False
1.0,bin,5,-0.34654998779296875,-0.39010000228881836,-0.30299997329711914,811446,COC(=O)C1(NC(=O)c2cc(Br)c[nH]2)CCCCCC1,2.7730000000000006,CCCCCC(NC(=O)c1cc(F)c[nH]1)C(=O)OC,True,2.0055,-0.7675000000000005,0.29508196721311475,False,True
1.0,bin,5,-0.34654998779296875,-0.39010000228881836,-0.30299997329711914,848291,CCC(C)NC(=O)NCc1noc(-c2cccs2)n1,2.3958000000000004,COC(=O)C(NC(=O)Cc1noc(-c2cccs2)n1)C(C)C,True,1.6544,-0.7414000000000003,0.5409836065573771,False,True
1.0,bin,5,-0.34654998779296875,-0.39010000228881836,-0.30299997329711914,863440,COc1ccc(-c2nc(CCCO)cs2)cc1OC,2.752200000000001,CC#CC(N=CC1=CC(=COC)C=C1OC)OCS,True,2.311100000000001,-0.44110000000000005,0.09722222222222222,False,True
1.0,bin,5,-0.34654998779296875,-0.39010000228881836,-0.30299997329711914,864663,N#Cc1ccc(-c2cc(F)ccc2F)nc1N1CCCC1,3.498680000000002,COC(=O)c1ccc(-c2ccc(C#N)c(N3CCCC3)n2)cc1,True,3.007080000000002,-0.49160000000000004,0.4642857142857143,False,True
1.0,bin,5,-0.34654998779296875,-0.39010000228881836,-0.30299997329711914,872100,CCc1cccc(C)c1NCC(O)c1ccc2c(c1)OCCO2,3.474120000000002,OC(CNc1ccc2c(c1)OCCO2)c1cc(F)cc(F)c1F,True,3.0206000000000017,-0.45352000000000015,0.3709677419354839,False,True
1.0,bin,5,-0.34654998779296875,-0.39010000228881836,-0.30299997329711914,886334,COc1ccc(C(=O)N2CCCC(C(=O)N3CCCCC3)C2)c(O)c1,2.2655000000000003,O=C(c1ccccc1)N1CCCC(C(=O)N2CCC(O)CC2)C1,True,1.5221,-0.7434000000000003,0.45454545454545453,False,True
1.0,bin,5,-0.34654998779296875,-0.39010000228881836,-0.30299997329711914,887387,COCCNC(=O)N(Cc1cccc(F)c1)CC1CCCO1,2.1627,COCC(=O)NCCN(Cc1ccccc1OC)C1CCCO1,True,1.3962999999999999,-0.7664000000000002,0.33766233766233766,False,True
1.0,bin,5,-0.34654998779296875,-0.39010000228881836,-0.30299997329711914,889149,N#Cc1ccc(NC(=O)c2ccc(Br)cc2Cl)nc1,3.621480000000001,COc1ccc(Cl)c(C(=O)Nc2ccc(C#N)cn2)c1,True,2.8675800000000002,-0.7539000000000007,0.6037735849056604,False,True
1.0,bin,5,-0.34654998779296875,-0.39010000228881836,-0.30299997329711914,913483,O=C(CNC(=O)NCCc1c(Cl)cccc1Cl)NC1CC1,2.1137000000000006,C=CC=CC=CCCN(C)C(=O)NCC=O,True,1.5151999999999999,-0.5985000000000007,0.09090909090909091,False,True
1.0,bin,5,-0.34654998779296875,-0.39010000228881836,-0.30299997329711914,917620,C=CCN(Cc1ccccc1OC)C(=O)c1csc(C)n1,3.288520000000002,COCCN(Cc1ccccc1)C(=O)c1csc(C)n1,True,2.7403200000000014,-0.5482000000000005,0.5,False,True
1.0,bin,5,-0.34654998779296875,-0.39010000228881836,-0.30299997329711914,918312,CCOc1ccc(Cl)c(C(=O)N2CCN(c3ncccn3)CC2)n1,1.8860999999999997,CCN(CCNC(=O)C12C=CC=C(N1)OCC2)c1ncccn1,True,0.5790000000000002,-1.3070999999999995,0.175,False,True
1.0,bin,5,-0.34654998779296875,-0.39010000228881836,-0.30299997329711914,922879,CC(=O)c1ccc(N2CCN(Cc3c(F)cccc3F)CC2)cc1,3.489600000000003,Oc1ccc(CN2CCN(c3ccc(F)cc3F)CC2)c(F)c1,True,3.1317000000000013,-0.35790000000000166,0.2982456140350877,False,True
1.0,bin,5,-0.34654998779296875,-0.39010000228881836,-0.30299997329711914,927535,COc1cc(CN2CCN(c3ccccc3F)CC2)ccc1O,2.862100000000002,NC(=O)Nc1cccc(CN2CCN(c3ccccc3F)CC2)c1,True,2.6385000000000014,-0.2236000000000007,0.5087719298245614,False,True
1.0,bin,5,-0.34654998779296875,-0.39010000228881836,-0.30299997329711914,927567,Cc1ccccc1N1CCN(Cc2cccc(O)c2)CC1,3.022820000000001,Oc1ccc(N2CCN(Cc3cccc(O)c3)CC2)cc1,True,2.420000000000001,-0.6028200000000004,0.6190476190476191,False,True
1.0,bin,5,-0.34654998779296875,-0.39010000228881836,-0.30299997329711914,938108,CC(c1ccccc1)N(C)C(=O)CCC(=O)Nc1nccs1,3.0814000000000012,CC(NC(=O)CCC(=O)Nc1nccs1)c1ccccc1,True,2.7392000000000003,-0.34220000000000095,0.6938775510204082,False,True
1.0,bin,5,-0.34654998779296875,-0.39010000228881836,-0.30299997329711914,943303,CN(CCCOc1ccccc1)C(=O)Nc1cccc2c1OCCO2,3.390600000000002,O=C(NCCCOc1ccc(O)cc1)Nc1cccc2c1OCCO2,True,2.7540000000000013,-0.6366000000000005,0.55,False,True
1.0,bin,5,-0.34654998779296875,-0.39010000228881836,-0.30299997329711914,946289,CC(NC(=O)C1(c2cc(-c3ccco3)on2)CC1)c1ccccc1,3.843600000000002,O=C(NC1C=C2ON=C2C#CCO1)C1(c2ccccc2F)CC1,True,1.6032999999999997,-2.240300000000002,0.21518987341772153,False,True
1.0,bin,5,-0.34654998779296875,-0.39010000228881836,-0.30299997329711914,994077,Cc1nnc(Cn2c(-c3cccc(Br)c3)noc2=O)o1,2.0055199999999997,CCC=NN=C(CN1CON=C1c1ccccc1OC)OO,True,1.9304000000000001,-0.07511999999999963,0.12195121951219512,False,True
1.0,bin,5,-0.34654998779296875,-0.39010000228881836,-0.30299997329711914,1065620,O=C(NCc1cccnc1Oc1ccccc1)c1cccnc1,3.198900000000002,N#Cc1ccc(C(=O)NCc2cccnc2Oc2ccccc2)cn1,True,3.0705800000000014,-0.12832000000000043,0.6981132075471698,False,True
1.0,bin,5,-0.34654998779296875,-0.39010000228881836,-0.30299997329711914,1093926,CN(C(=O)CNc1cccc(OCC2CCCO2)c1)c1ccccc1,3.319300000000002,O=C(CNc1cccc(OCC2CCCO2)c1)Nc1ccccc1O,True,3.0006000000000017,-0.3187000000000002,0.625,False,True
1.0,bin,5,-0.34654998779296875,-0.39010000228881836,-0.30299997329711914,1107920,CCc1ccc(-n2cc(C(=O)NC(C)c3ccccc3)nn2)cc1,3.320700000000002,O=C(NCc1ccc(Cl)cc1)c1cn(-c2ccccc2)nn1,True,2.8507000000000007,-0.4700000000000015,0.5,False,False
1.0,bin,5,-0.34654998779296875,-0.39010000228881836,-0.30299997329711914,1113130,CC(NC(=O)Cn1nnnc1C(C)(C)C)c1cccc2ccccc12,3.0012000000000016,CC(C)(C)c1nnnn1CC(=O)NCc1cccc2ccccc12,True,2.4402,-0.5610000000000017,0.6666666666666666,False,True
1.0,bin,5,-0.34654998779296875,-0.39010000228881836,-0.30299997329711914,1121751,COC(=O)Cn1ccc(NS(=O)(=O)c2ccc(F)c(F)c2F)n1,1.2742,COC(=O)Cn1ccc(NS(=O)(=O)c2cc(F)cc(F)c2)n1,True,1.1351,-0.1391,0.6538461538461539,False,True
1.0,bin,5,-0.34654998779296875,-0.39010000228881836,-0.30299997329711914,1142531,CCOC(C)C(=O)NCCc1csc(-c2ccc(C)cc2)n1,3.2022200000000014,CCNC(=O)CN(CC)C(=O)Cc1csc(-c2ccc(C)cc2)n1,True,2.645620000000001,-0.5566000000000004,0.4918032786885246,False,True
1.0,bin,5,-0.34654998779296875,-0.39010000228881836,-0.30299997329711914,1212157,CN(Cc1ccc(F)c(F)c1)C(=O)c1cncc(-c2cnn(C)c2)c1,3.0325000000000015,CN(Cc1cccc(O)c1)C(=O)c1cncc(-c2cnn(C)c2)c1,True,2.4599,-0.5726000000000013,0.7142857142857143,False,True
1.0,bin,5,-0.34654998779296875,-0.39010000228881836,-0.30299997329711914,1215394,CCn1nc(C)cc1C(=O)Oc1cccc(NC(=O)C(C)C)c1,3.025120000000001,CCn1nc(C)cc1C(=O)Oc1ccc(F)cc1F,True,2.708820000000001,-0.3163,0.5,False,True
1.0,bin,5,-0.34654998779296875,-0.39010000228881836,-0.30299997329711914,1232922,CC(C)(C)OC(=O)NC1CCCN(S(=O)(=O)N2CCOCC2)C1,0.5525000000000011,CCCNC(=O)NC1CCCN(S(=O)(=O)N2CCOCC2)C1,True,-0.2629999999999988,-0.8154999999999999,0.6037735849056604,False,True
1.0,bin,5,-0.34654998779296875,-0.39010000228881836,-0.30299997329711914,1238973,FC(F)(F)c1cnc(N2CCn3c(nnc3C3CC3)C2)c(Cl)c1,3.2429000000000023,Fc1cc(N2CCn3c(nnc3C3CC3)C2)cnc1C(F)(F)F,True,2.728600000000001,-0.5143000000000013,0.5614035087719298,False,True
1.0,bin,5,-0.34654998779296875,-0.39010000228881836,-0.30299997329711914,1299495,Cc1cc(CC(=O)N2CCCC2C(C#N)c2ccccc2)no1,2.823900000000001,N#CC(C(=O)N1CCCC1)C(c1ccccc1)c1ccon1,True,2.5686800000000005,-0.25522000000000045,0.323943661971831,False,True
1.0,bin,5,-0.34654998779296875,-0.39010000228881836,-0.30299997329711914,1309906,CC(C)CC(NC(=O)c1cc(=O)c2ccccc2o1)C(=O)OC(C)C,2.8891000000000018,CC(C)CC(C)(C#N)NC(=O)c1cc(=O)c2ccccc2o1,True,2.851180000000001,-0.03792000000000062,0.5,False,True
1.0,bin,5,-0.34654998779296875,-0.39010000228881836,-0.30299997329711914,1362816,COCc1cccc(C(=O)NC2CC2c2cccc(Cl)c2)c1,3.772300000000002,COc1ccc(OC)c(C(=O)NC2CC2c2cccc(F)c2)c1,True,3.128800000000002,-0.6435000000000004,0.4153846153846154,False,True
1.0,bin,5,-0.34654998779296875,-0.39010000228881836,-0.30299997329711914,1441838,COCC(=O)NC(C(=O)Nc1cccc(-c2nccs2)c1)C(C)C,2.5358,O=C(NCCCO)Nc1cccc(-c2nccs2)c1,True,2.314,-0.2218,0.5161290322580645,False,True
1.0,bin,5,-0.34654998779296875,-0.39010000228881836,-0.30299997329711914,1450449,CCCNC(=O)CSc1nc2c(cc1C#N)CCCC2,2.450380000000001,C#CCNC(=O)C1C=Cc2cc(C#N)cnc2S1,True,1.19018,-1.2602000000000009,0.19736842105263158,False,True
1.0,bin,5,-0.34654998779296875,-0.39010000228881836,-0.30299997329711914,1451910,O=S(=O)(NCc1nnc2ccccn12)c1ccc(F)c(F)c1,1.4859999999999995,Cc1ccc(S(=O)(=O)NCc2nnc3ccccn23)cc1O,True,1.2218200000000001,-0.2641799999999994,0.6730769230769231,False,True
1.0,bin,5,-0.34654998779296875,-0.39010000228881836,-0.30299997329711914,1479798,Cc1nc(C)c(CCC(=O)N(CC(C)C)CC(F)(F)F)c(=O)[nH]1,2.3662400000000003,CC=NC(C)=C(C=O)CCC(=O)NCCCCC(C)CC,True,3.6628000000000025,1.2965600000000022,0.11688311688311688,False,True
1.0,bin,5,-0.34654998779296875,-0.39010000228881836,-0.30299997329711914,1507926,COC(=O)C(C)NC(=O)Cc1csc(-c2ccccc2Cl)n1,2.6837,CC(NC(=O)Cc1csc(-c2ccccc2Cl)n1)C(N)=O,True,1.9959999999999996,-0.6877000000000004,0.8163265306122449,False,False
1.0,bin,5,-0.34654998779296875,-0.39010000228881836,-0.30299997329711914,1527882,Nc1ncccc1C(=O)Nc1ccc2cn[nH]c2c1,1.7923999999999998,COc1ncccc1C(=O)Nc1ccc2cn[nH]c2c1N,True,1.8009999999999997,0.008599999999999941,0.45901639344262296,False,True
1.0,bin,5,-0.34654998779296875,-0.39010000228881836,-0.30299997329711914,1532848,COc1ccc(-c2ccc3c(=O)[nH]cnc3c2)cc1Cl,3.2521000000000013,O=c1[nH]cnc2ccc(-c3ccc(F)c(F)c3)cc12,True,2.8683000000000014,-0.3837999999999999,0.42857142857142855,False,False
1.0,bin,5,-0.34654998779296875,-0.39010000228881836,-0.30299997329711914,1548351,COc1cc(OC)c2c(c1)C(c1cnccn1)NCC2,1.7288999999999999,COc1cc(CO)c2c(c1)C(c1cnccn1)NCC2,True,1.2126,-0.5163,0.72,False,True
1.0,bin,5,-0.34654998779296875,-0.39010000228881836,-0.30299997329711914,1570134,COc1cccc(C(C)N2CCN(C(=O)c3ccc(O)cc3)CC2)c1,2.9198000000000013,O=C(c1ccc(O)cc1)N1CCN(Cc2ccccc2F)CC1,True,2.489300000000001,-0.4305000000000003,0.3793103448275862,False,False
1.0,bin,5,-0.34654998779296875,-0.39010000228881836,-0.30299997329711914,1611406,CC(C)(C)N1CC(NC(=O)C2COc3ccc(F)cc3C2)CC1=O,1.8923999999999994,CCN1CC(NC(=O)C2COc3ccc(F)cc3C2)CC1=O,True,1.113799999999999,-0.7786000000000004,0.7241379310344828,False,True
1.0,bin,5,-0.34654998779296875,-0.39010000228881836,-0.30299997329711914,1612684,CCCC1CN(C(=O)Nc2ccn(CCC(C)C)n2)CCO1,2.9620000000000015,CCCCC1CN(C(=O)Nc2ccn(CC(F)F)n2)CCO1,True,2.5711000000000004,-0.39090000000000114,0.6885245901639344,False,True
1.0,bin,5,-0.34654998779296875,-0.39010000228881836,-0.30299997329711914,1639675,CCC(CC)c1nnc(NC(=O)c2scnc2C2CC2)s1,4.0279000000000025,CC(C)(C)c1nnc(NC(=O)c2scnc2C2CC2)s1,True,3.421800000000002,-0.6061000000000005,0.6666666666666666,False,False
1.0,bin,5,-0.34654998779296875,-0.39010000228881836,-0.30299997329711914,1675660,COc1ccnc(NC(=O)c2cccc(Cl)c2)c1,2.9959000000000007,C=CNc1c(C)cccc1C(=O)NC1COC=CC=N1,True,2.22102,-0.7748800000000005,0.16,False,True
1.0,bin,5,-0.34654998779296875,-0.39010000228881836,-0.30299997329711914,1689728,CCc1noc(CSc2ncnc3sc(C)cc23)n1,3.237420000000002,Cc1noc(CSc2ncnc3sc(C)cc23)n1,True,2.9834400000000016,-0.2539800000000003,0.7659574468085106,False,False
1.0,bin,5,-0.34654998779296875,-0.39010000228881836,-0.30299997329711914,1720876,CC(C)(C)CC(=O)NCC(=O)Nc1ccc2c(c1)COC2,2.2077,CCCNC(=O)CCC(=O)Nc1ccc2c(c1)COC2,True,1.9616999999999996,-0.24600000000000044,0.5714285714285714,False,False
1.0,bin,5,-0.34654998779296875,-0.39010000228881836,-0.30299997329711914,1757109,CC(C)Cc1ncc(CNc2ccc3c(c2)COC3)s1,3.983900000000003,SCCC1OCc2cc(NCC3=CN=CCOC3)ccc21,True,2.9746000000000015,-1.0093000000000014,0.2676056338028169,False,True
1.0,bin,5,-0.34654998779296875,-0.39010000228881836,-0.30299997329711914,1774061,O=C1NCCCc2[nH]c(-c3cccc4[nH]ccc34)nc21,2.234,N#CCC1CCC(C2=C3C=CCNC=CC2C3[NH])=NCC(=O)N1,True,0.8706799999999999,-1.36332,0.09090909090909091,False,True
1.0,bin,5,-0.34654998779296875,-0.39010000228881836,-0.30299997329711914,1800687,Cc1nn(C)c(-c2nc(-c3cccnn3)no2)c1Cl,1.8889199999999997,Cc1cc(C)n(-c2nc(-c3cccnn3)no2)n1,True,1.3291399999999998,-0.5597799999999999,0.48148148148148145,False,True
1.0,bin,5,-0.34654998779296875,-0.39010000228881836,-0.30299997329711914,1815867,FC(F)(F)c1ccc(CN2CCOCC2c2ncon2)cc1,2.661900000000001,FC=CC=C(F)CN1CCOCC1c1ncon1,True,1.7794999999999999,-0.8824000000000012,0.5172413793103449,False,True
1.0,bin,5,-0.34654998779296875,-0.39010000228881836,-0.30299997329711914,1828580,Cc1ccc(N2CC3OCC(=O)N(Cc4cccc(F)c4)C3C2)nn1,1.54032,O=C1COCCN(c2ccc(F)nn2)CCN1Cc1ccccc1,True,1.4810999999999999,-0.05922000000000005,0.32432432432432434,False,True
1.0,bin,5,-0.34654998779296875,-0.39010000228881836,-0.30299997329711914,1836183,CCc1ccc(C(=O)NCc2nccc(N(C)C)n2)cc1,2.035,CN(C)c1cccc(C(=O)NCc2nccc(N(C)C)n2)c1,True,1.5385999999999997,-0.4964000000000004,0.64,False,True
1.0,bin,5,-0.34654998779296875,-0.39010000228881836,-0.30299997329711914,1842499,COc1ccccc1COc1ccccc1-c1cnn(CCO)c1,3.1300000000000017,COc1ccccc1-c1cnn(CCO)c1-c1ccccc1O,True,2.9236000000000018,-0.20639999999999992,0.44642857142857145,False,True
1.0,bin,5,-0.34654998779296875,-0.39010000228881836,-0.30299997329711914,1865564,COC(CNC(=O)c1ccoc1)c1cccc(F)c1,2.536200000000001,COc1ccccc1C(CNC(=O)c1ccoc1)OC,True,2.4057000000000004,-0.1305000000000005,0.6037735849056604,False,False
1.0,bin,5,-0.34654998779296875,-0.39010000228881836,-0.30299997329711914,1868773,CCCOc1ccc(Cl)c2c1CCNC2C1CC(=O)C1,3.2947000000000015,O=C1CCC(C2NCCc3cc(Br)c(F)cc32)C1,True,3.1442000000000014,-0.15050000000000008,0.27692307692307694,False,True
1.0,bin,5,-0.34654998779296875,-0.39010000228881836,-0.30299997329711914,1873123,CCC1OC(=O)c2c(OC)ccc(Br)c21,3.079200000000002,CCC1OC(=O)c2cc(Br)cc(O)c21,True,2.7762000000000016,-0.3030000000000004,0.41304347826086957,False,True
1.0,bin,5,-0.34654998779296875,-0.39010000228881836,-0.30299997329711914,1875028,Cc1cccc(C)c1NCC(=O)N1CCCC2CCCCC21,3.8965400000000034,COc1ccc(F)cc1NCC(=O)NCCC1CCCCC1,True,3.3328000000000015,-0.5637400000000019,0.25,False,True
1.0,bin,5,-0.34654998779296875,-0.39010000228881836,-0.30299997329711914,1895921,CCC(CC)N(C)C(=O)CC1OC(=O)c2ccccc21,2.935200000000002,CC(C)CCN(C)C(=O)CC1OC(=O)c2ccccc21,True,2.792700000000001,-0.14250000000000096,0.625,False,False
1.0,bin,5,-0.34654998779296875,-0.39010000228881836,-0.30299997329711914,1907077,Cc1ccc2[nH]nc(C(=O)Nc3nc(-c4ccco4)cs3)c2c1,3.8401200000000015,O=C1NNc2ccccc2C[SH]2C=C(c3ccco3)N=C2N1,True,2.7887000000000004,-1.0514200000000011,0.1875,False,True
1.0,bin,5,-0.34654998779296875,-0.39010000228881836,-0.30299997329711914,1913063,Cc1nn(C)c(C)c1CN(C(=O)c1cn2cccc(C)c2n1)C1CC1,2.797860000000001,C=C1Cc2c(cnn2C)CN(C(=O)C2N=C3C=CC=C(C)N32)C1,True,1.3747999999999998,-1.423060000000001,0.14606741573033707,False,True
1.0,bin,5,-0.34654998779296875,-0.39010000228881836,-0.30299997329711914,1922265,CN(CCNC(=O)c1ccc2c(c1)ncn2C)c1ccccc1,2.4395000000000007,COc1ccc(NCCNC(=O)c2ccc3c(c2)ncn3C)cc1,True,2.4238,-0.015700000000000713,0.559322033898305,False,True
1.0,bin,6,-0.2550499439239502,-0.30299997329711914,-0.20709991455078125,32052,COc1ccccc1CNC(=O)Cc1c[nH]c2ccccc12,3.035400000000001,CN(C)C(=O)c1cccc(CNC(=O)Cc2c[nH]c3ccccc23)c1,True,2.728600000000001,-0.30679999999999996,0.5454545454545454,False,True
1.0,bin,6,-0.2550499439239502,-0.30299997329711914,-0.20709991455078125,116747,COCCSc1ccccc1C(=O)Nc1cccc(C)n1,3.3808200000000017,COc1ccnc(NC(=O)c2ccc(Cl)cc2F)c1,True,3.1350000000000016,-0.24582000000000015,0.25757575757575757,False,False
1.0,bin,6,-0.2550499439239502,-0.30299997329711914,-0.20709991455078125,131060,CS(=O)(=O)NCCc1csc(-c2ccc(F)cc2)n1,2.0408999999999997,CN(C)S(=O)(=O)NCCc1csc(-c2ccc(F)cc2)n1,True,1.8877000000000004,-0.15319999999999934,0.7555555555555555,False,True
1.0,bin,6,-0.2550499439239502,-0.30299997329711914,-0.20709991455078125,131949,CCc1c(C)nc(SCC(=O)NC(C)C)[nH]c1=O,1.25742,CCSc1c(C)nc(SCC(=O)N(C)C)[nH]c1=O,True,1.37062,0.11319999999999997,0.4339622641509434,False,True
1.0,bin,6,-0.2550499439239502,-0.30299997329711914,-0.20709991455078125,158879,COc1ccc(CC(=O)OCC(=O)c2c[nH]c3ccccc23)cc1,3.145100000000001,O=C(CC(=O)c1ccc(O)cc1)Cc1c[nH]c2ccccc12,True,3.2581000000000016,0.11300000000000043,0.3333333333333333,False,True
1.0,bin,6,-0.2550499439239502,-0.30299997329711914,-0.20709991455078125,232056,COCCNC(=O)c1cc(=O)c2cc(C)ccc2o1,1.4776199999999993,COCCNC(=O)Cc1cc(=O)c2cc(C)ccc2o1,True,1.4065199999999993,-0.07109999999999994,0.6938775510204082,False,True
1.0,bin,6,-0.2550499439239502,-0.30299997329711914,-0.20709991455078125,235788,O=C(Cn1nc(-c2ccco2)oc1=O)NCC(F)(F)F,0.7747999999999999,CCOC(=O)COC(=O)Cn1nc(-c2ccco2)oc1=O,True,0.20259999999999967,-0.5722000000000003,0.5344827586206896,False,True
1.0,bin,6,-0.2550499439239502,-0.30299997329711914,-0.20709991455078125,236081,CC(=O)c1c(C)[nH]c(C(=O)CSc2nc(C(C)C)n[nH]2)c1C,3.0506400000000014,CC(=O)c1c(C)[nH]c(C(=O)CSc2nc(C(C)C)n[nH]2)c1C,True,3.0506400000000014,0.0,1.0,True,False
1.0,bin,6,-0.2550499439239502,-0.30299997329711914,-0.20709991455078125,281081,O=C(Cn1cccn1)NCc1cccnc1Oc1ccc(F)cc1F,2.665000000000001,O=C(Cn1cccn1)NCc1cccnc1Oc1ccc(O)cc1,True,2.0923999999999996,-0.5726000000000013,0.65,False,True
1.0,bin,6,-0.2550499439239502,-0.30299997329711914,-0.20709991455078125,284170,COc1ccc(-c2nc(CC(=O)Nc3cccc(C)n3)cs2)cc1,3.7033200000000024,COc1ccccc1-c1nc(CC(=O)Nc2ccccn2)cs1,True,3.3949000000000016,-0.3084200000000008,0.5245901639344263,False,True
1.0,bin,6,-0.2550499439239502,-0.30299997329711914,-0.20709991455078125,288369,Cc1ccc(NCc2nnc3n2CCCCC3)cc1C,3.2334400000000016,CCOC(=O)c1ccccc1NCc1nnc2n1CCCCC2,True,2.7933000000000012,-0.4401400000000004,0.5084745762711864,False,True
1.0,bin,6,-0.2550499439239502,-0.30299997329711914,-0.20709991455078125,302889,COc1ccc(OC)c(NC(=O)CCNC(=O)c2cccs2)c1,2.5239000000000003,Cc1cccc(NC(=O)CCNC(=O)c2cccs2)c1O,True,2.520720000000001,-0.0031799999999990725,0.5714285714285714,False,True
1.0,bin,6,-0.2550499439239502,-0.30299997329711914,-0.20709991455078125,327141,COc1ccc(OC)c(S(=O)(=O)Nc2ccn(C)n2)c1,1.2381,Cn1ccc(NS(=O)(=O)c2cccc(C#N)c2)n1,True,1.0925799999999999,-0.1455200000000001,0.4444444444444444,False,True
1.0,bin,6,-0.2550499439239502,-0.30299997329711914,-0.20709991455078125,327382,CNC(=O)C1CN(C(=O)c2c(C)noc2C)c2ccccc2O1,1.4452399999999996,CNC(=O)C1CN(C(=O)c2cnoc2C)c2ccccc2O1,True,1.1368199999999993,-0.30842000000000036,0.6727272727272727,False,True
1.0,bin,6,-0.2550499439239502,-0.30299997329711914,-0.20709991455078125,406491,COCCNC(=O)C1CCCN(S(=O)(=O)N2CCOCC2)C1,-0.9619999999999964,NC(=O)C1CCN(S(=O)(=O)N2CCOCC2)CC1,True,-1.239299999999998,-0.27730000000000166,0.4117647058823529,False,True
1.0,bin,6,-0.2550499439239502,-0.30299997329711914,-0.20709991455078125,413951,O=C(Cn1ncn2cccc2c1=O)N1CCCCCC1,0.8985999999999996,O=C(Cn1ncn2cccc2c1=O)N1CCCCCC1,True,0.8985999999999996,0.0,1.0,True,False
1.0,bin,6,-0.2550499439239502,-0.30299997329711914,-0.20709991455078125,427929,CCNc1nc(NCc2ccccc2Cl)c2cnn(C)c2n1,3.060600000000001,COCCNc1nc(N(C)Cc2ccccc2C)c2cnn(C)c2n1,True,2.3664199999999997,-0.6941800000000011,0.39705882352941174,False,True
1.0,bin,6,-0.2550499439239502,-0.30299997329711914,-0.20709991455078125,447130,CCC(NC(=O)C1CCN(C(=O)C2CC2)CC1)c1ccc(C)cc1,3.2109200000000016,CC(NC(=O)C1CCN(C(=O)C2CC2)CC1)c1ccccc1,True,2.5124000000000004,-0.6985200000000011,0.56,False,False
1.0,bin,6,-0.2550499439239502,-0.30299997329711914,-0.20709991455078125,481908,CCNS(=O)(=O)c1ccc(C)c(C(=O)Nc2ncccc2C)c1,2.24894,CNS(=O)(=O)c1cc(C(=O)Nc2ncccc2C)ccc1C,True,1.8588399999999996,-0.39010000000000056,0.5454545454545454,False,True
1.0,bin,6,-0.2550499439239502,-0.30299997329711914,-0.20709991455078125,485220,Cc1nn(CC(=O)N2CCN(C)CC2)c(C)c1Br,1.03644,Cc1nn(CC(=O)N2CCN(C)CC2)c(C)c1Br,True,1.03644,0.0,1.0,True,False
1.0,bin,6,-0.2550499439239502,-0.30299997329711914,-0.20709991455078125,526363,Cc1nnc(SCC(=O)Nc2ccc(O)cc2)n(N)c1=O,0.09692,NNC(=O)Cn1c(N)nnc1SCC(=O)Nc1ccccc1,True,-0.4190000000000005,-0.5159200000000005,0.423728813559322,False,True
1.0,bin,6,-0.2550499439239502,-0.30299997329711914,-0.20709991455078125,536853,COc1ccc(C2CCCN2C(=O)C2CCC2)c(OC)c1,3.1674000000000015,COC(=O)c1ccc(C2CCCN2C(=O)C2CCC2)cc1,True,2.9368000000000016,-0.23059999999999992,0.5192307692307693,False,True
1.0,bin,6,-0.2550499439239502,-0.30299997329711914,-0.20709991455078125,540312,Cc1nn(C)c2nc(C3CC3)cc(C(=O)NCC(=O)NC(C)(C)C)c12,1.7986199999999997,CCNC(=O)CN(CC)C(=O)c1cc(C2CC2)nc2c1c(C)nn2C,True,1.7523199999999992,-0.04630000000000045,0.5692307692307692,False,True
1.0,bin,6,-0.2550499439239502,-0.30299997329711914,-0.20709991455078125,544381,Cc1nc(N2CCCC(C(=O)NC(C)C)C2)c2c(C)c(C)oc2n1,2.8890600000000006,Cc1nc(N2CCCCC(=O)OCC2)c2c(C)c(C)oc2n1,True,2.681560000000001,-0.20749999999999957,0.47540983606557374,False,True
1.0,bin,6,-0.2550499439239502,-0.30299997329711914,-0.20709991455078125,544382,CCCNC(=O)C1CCCN(c2nc(C)nc3oc(C)c(C)c23)C1,2.8906600000000013,CCOC(=O)C1CCCN(c2nc(C)nc3oc(C)c(C(C)=O)c23)C1,True,2.821740000000001,-0.06892000000000031,0.5692307692307692,False,True
1.0,bin,6,-0.2550499439239502,-0.30299997329711914,-0.20709991455078125,550049,Cc1ccc(C)c(OCC(=O)Nc2cccc(-n3cnnc3)c2)c1,2.9016400000000013,O=C(COc1ccc(F)cc1)Nc1cccc(-n2cnnc2)c1,True,2.4238999999999997,-0.4777400000000016,0.6181818181818182,False,True
1.0,bin,6,-0.2550499439239502,-0.30299997329711914,-0.20709991455078125,573533,Cc1nn(-c2ncc(C(F)(F)F)cc2Cl)c(=O)o1,2.2011199999999995,Cc1nn(-c2ncc(C(F)(F)F)cc2Cl)c(=O)o1,True,2.2011199999999995,0.0,1.0,True,False
1.0,bin,6,-0.2550499439239502,-0.30299997329711914,-0.20709991455078125,582555,O=C(NCC(O)c1ccccc1)c1ccc2c(=O)n3c(nc2c1)CCC3,1.8061000000000003,CCCNc1ccc2cc1C=c1[nH]c(=O)ccc1=CC(=O)NCC2O,True,-0.030699999999999172,-1.8367999999999993,0.10869565217391304,False,True
1.0,bin,6,-0.2550499439239502,-0.30299997329711914,-0.20709991455078125,588547,Cc1n[nH]c(C)c1NC(=O)CCc1ccc(Cl)cc1Cl,3.9046400000000023,Cc1n[nH]c(C)c1NC(=O)CCc1ccc(SC(F)F)cc1,True,3.9125400000000026,0.00790000000000024,0.5087719298245614,False,True
1.0,bin,6,-0.2550499439239502,-0.30299997329711914,-0.20709991455078125,607673,CCCN(CC1CC1)S(=O)(=O)c1ccccc1F,2.636400000000001,COCCN(CC1CC1)S(=O)(=O)c1ccc(F)cc1F,True,2.0119,-0.6245000000000012,0.54,False,True
1.0,bin,6,-0.2550499439239502,-0.30299997329711914,-0.20709991455078125,617681,Cc1cc(C(=O)Nc2nc(-c3ccncc3)cs2)nn1C(C)C,3.5432200000000016,CCCn1ccc(C(=O)Nc2nc(-c3ccncc3)cs2)n1,True,3.063900000000001,-0.4793200000000004,0.559322033898305,False,True
1.0,bin,6,-0.2550499439239502,-0.30299997329711914,-0.20709991455078125,650267,COc1ccc2oc(C(=O)NC3CCCCNC3=O)c(C)c2c1,2.14832,COC1=CC=COC(C(=O)NC2CCCCNC2=O)=C(OC)C=C1,True,1.2596999999999998,-0.8886200000000002,0.43661971830985913,False,True
1.0,bin,6,-0.2550499439239502,-0.30299997329711914,-0.20709991455078125,668639,Cc1cc(NC(=O)c2ccccc2Cl)ncc1N,2.8779200000000005,COC1C=CC=CC(C(=O)Nc2cc(C)ccn2)=C1,True,2.3959200000000003,-0.4820000000000002,0.265625,False,True
1.0,bin,6,-0.2550499439239502,-0.30299997329711914,-0.20709991455078125,673160,CCC(=O)Nc1ccc2oc(C(F)(F)F)cc(=O)c2c1,3.160300000000001,CCCC(=O)Nc1ccc2oc(C)cc(=O)c2c1,True,2.840020000000001,-0.32028000000000034,0.5714285714285714,False,True
1.0,bin,6,-0.2550499439239502,-0.30299997329711914,-0.20709991455078125,711169,Cc1cccc(C(C)C)c1NC(=O)N(C)Cc1ccncc1,4.177320000000003,Cc1ccc(NC(=O)N(C)Cc2ccncc2)cc1Cl,True,3.707320000000003,-0.46999999999999975,0.5185185185185185,False,False
1.0,bin,6,-0.2550499439239502,-0.30299997329711914,-0.20709991455078125,720969,Cc1noc(C)c1CCC(=O)OCC(=O)N1c2ccccc2CC1C,2.7450400000000013,Cc1cccc2c1CCN2C(=O)COC(=O)CCc1c(C)noc1C,True,2.6649600000000007,-0.0800800000000006,0.5757575757575758,False,True
1.0,bin,6,-0.2550499439239502,-0.30299997329711914,-0.20709991455078125,730789,COC(=O)C1CCN(C(=O)c2cc3ccc(F)cc3nc2C)CC1,2.7075200000000006,Cc1ccc2cc(C(=O)N3CCC(CC(N)=O)CC3)c(C)nc2c1,True,2.5792400000000004,-0.12828000000000017,0.5254237288135594,False,False
1.0,bin,6,-0.2550499439239502,-0.30299997329711914,-0.20709991455078125,738178,Cc1ccc(-n2ccnc2SCc2nc(C3CC3)no2)cc1C,4.041840000000003,Fc1ccc(F)c(-n2ccnc2SCc2nc(C3CC3)no2)c1,True,3.7032000000000025,-0.3386400000000007,0.6379310344827587,False,True
1.0,bin,6,-0.2550499439239502,-0.30299997329711914,-0.20709991455078125,771897,COc1ccccc1OCC(=O)N(C)Cc1sccc1C,3.102520000000002,COc1cccc(OCC(=O)N(C)Cc2sccc2C)c1O,True,2.808120000000001,-0.2944000000000009,0.8085106382978723,False,True
1.0,bin,6,-0.2550499439239502,-0.30299997329711914,-0.20709991455078125,811446,COC(=O)C1(NC(=O)c2cc(Br)c[nH]2)CCCCCC1,2.7730000000000006,COC(=O)C1(N(C)C(=O)c2cccn2C)CCCCC1,True,1.9729999999999992,-0.8000000000000014,0.2833333333333333,False,True
1.0,bin,6,-0.2550499439239502,-0.30299997329711914,-0.20709991455078125,848291,CCC(C)NC(=O)NCc1noc(-c2cccs2)n1,2.3958000000000004,CCN(CC)S(=O)(=O)NCc1noc(-c2cccs2)n1,True,1.4742999999999997,-0.9215000000000007,0.5344827586206896,False,False
1.0,bin,6,-0.2550499439239502,-0.30299997329711914,-0.20709991455078125,863440,COc1ccc(-c2nc(CCCO)cs2)cc1OC,2.752200000000001,COC(=O)c1csc(-c2ccc(OC)cc2)n1,True,2.6052999999999997,-0.14690000000000136,0.33962264150943394,False,True
1.0,bin,6,-0.2550499439239502,-0.30299997329711914,-0.20709991455078125,864663,N#Cc1ccc(-c2cc(F)ccc2F)nc1N1CCCC1,3.498680000000002,N#Cc1ccc(-c2cccc(F)c2F)nc1N1CCCC1,True,3.498680000000002,0.0,0.6595744680851063,False,True
1.0,bin,6,-0.2550499439239502,-0.30299997329711914,-0.20709991455078125,872100,CCc1cccc(C)c1NCC(O)c1ccc2c(c1)OCCO2,3.474120000000002,OC(F)CNc1ccc2c(c1)OCCO2,True,1.1575999999999997,-2.3165200000000024,0.3888888888888889,False,True
1.0,bin,6,-0.2550499439239502,-0.30299997329711914,-0.20709991455078125,886334,COc1ccc(C(=O)N2CCCC(C(=O)N3CCCCC3)C2)c(O)c1,2.2655000000000003,O=C(c1ccc(O)cc1)N1CCCC(C(=O)N2CCCCC2)C1,True,2.256900000000001,-0.008599999999999497,0.5714285714285714,False,True
1.0,bin,6,-0.2550499439239502,-0.30299997329711914,-0.20709991455078125,887387,COCCNC(=O)N(Cc1cccc(F)c1)CC1CCCO1,2.1627,CC(=O)NCC(=O)N(Cc1ccccc1)CC1CCCO1,True,1.3302999999999991,-0.8324000000000009,0.5,False,True
1.0,bin,6,-0.2550499439239502,-0.30299997329711914,-0.20709991455078125,889149,N#Cc1ccc(NC(=O)c2ccc(Br)cc2Cl)nc1,3.621480000000001,N#Cc1ccc(NC(=O)c2ccc(Cl)c(Cl)c2)nc1,True,3.512380000000001,-0.10909999999999975,0.6122448979591837,False,False
1.0,bin,6,-0.2550499439239502,-0.30299997329711914,-0.20709991455078125,913483,O=C(CNC(=O)NCCc1c(Cl)cccc1Cl)NC1CC1,2.1137000000000006,COc1ccccc1CCNC(=O)NCC(=O)NC1CC1(Cl)Cl,True,1.5993,-0.5144000000000006,0.423728813559322,False,True
1.0,bin,6,-0.2550499439239502,-0.30299997329711914,-0.20709991455078125,917620,C=CCN(Cc1ccccc1OC)C(=O)c1csc(C)n1,3.288520000000002,Cc1nc(C(=O)N(C)Cc2ccc(F)c(F)c2)cs1,True,3.001920000000002,-0.28659999999999997,0.4098360655737705,False,True
1.0,bin,6,-0.2550499439239502,-0.30299997329711914,-0.20709991455078125,918312,CCOc1ccc(Cl)c(C(=O)N2CCN(c3ncccn3)CC2)n1,1.8860999999999997,CSc1ccc(C)nc1C(=O)N1CCN(c2ncccn2)CC1,True,1.86432,-0.02177999999999969,0.5,False,True
1.0,bin,6,-0.2550499439239502,-0.30299997329711914,-0.20709991455078125,922879,CC(=O)c1ccc(N2CCN(Cc3c(F)cccc3F)CC2)cc1,3.489600000000003,COC(=O)c1ccc(N2CCN(Cc3ccccc3C)CC2)cc1,True,3.1038200000000016,-0.38578000000000134,0.4528301886792453,False,True
1.0,bin,6,-0.2550499439239502,-0.30299997329711914,-0.20709991455078125,927535,COc1cc(CN2CCN(c3ccccc3F)CC2)ccc1O,2.862100000000002,COC(=O)c1ccccc1N1CCN(Cc2ccccc2)CC1,True,2.7954000000000008,-0.06670000000000131,0.43636363636363634,False,True
1.0,bin,6,-0.2550499439239502,-0.30299997329711914,-0.20709991455078125,927567,Cc1ccccc1N1CCN(Cc2cccc(O)c2)CC1,3.022820000000001,COc1ccc(C(N)=O)cc1N1CCN(Cc2ccccc2)CC1,True,2.1163,-0.9065200000000013,0.4107142857142857,False,True
1.0,bin,6,-0.2550499439239502,-0.30299997329711914,-0.20709991455078125,938108,CC(c1ccccc1)N(C)C(=O)CCC(=O)Nc1nccs1,3.0814000000000012,COc1cccc(CN(C)C(=O)CCC(=O)Nc2nccs2)c1,True,2.529,-0.5524000000000013,0.5245901639344263,False,True
1.0,bin,6,-0.2550499439239502,-0.30299997329711914,-0.20709991455078125,943303,CN(CCCOc1ccccc1)C(=O)Nc1cccc2c1OCCO2,3.390600000000002,CN(CCCOc1ccc(O)cc1)C(=O)Nc1cccc2c1OCCO2,True,3.0962000000000014,-0.29440000000000044,0.8461538461538461,False,True
1.0,bin,6,-0.2550499439239502,-0.30299997329711914,-0.20709991455078125,946289,CC(NC(=O)C1(c2cc(-c3ccco3)on2)CC1)c1ccccc1,3.843600000000002,O=C(NCc1ccc(F)cc1)C1(c2cc(-c3ccco3)on2)CC1,True,3.421700000000002,-0.42189999999999994,0.576271186440678,False,False
1.0,bin,6,-0.2550499439239502,-0.30299997329711914,-0.20709991455078125,994077,Cc1nnc(Cn2c(-c3cccc(Br)c3)noc2=O)o1,2.0055199999999997,CCC1=NN=C1Cn1c(-c2cccc(OC)c2)noc1=O,True,1.7325000000000002,-0.2730199999999996,0.45,False,True
1.0,bin,6,-0.2550499439239502,-0.30299997329711914,-0.20709991455078125,1065620,O=C(NCc1cccnc1Oc1ccccc1)c1cccnc1,3.198900000000002,O=C(NCc1cccnc1Oc1cccc(O)c1)c1cccnc1,True,2.9045000000000005,-0.2944000000000013,0.78,False,True
1.0,bin,6,-0.2550499439239502,-0.30299997329711914,-0.20709991455078125,1093926,CN(C(=O)CNc1cccc(OCC2CCCO2)c1)c1ccccc1,3.319300000000002,O=C(CNc1cccc(OCC2CCCO2)c1)Nc1ccccc1,True,3.2950000000000017,-0.02430000000000021,0.7068965517241379,False,False
1.0,bin,6,-0.2550499439239502,-0.30299997329711914,-0.20709991455078125,1107920,CCc1ccc(-n2cc(C(=O)NC(C)c3ccccc3)nn2)cc1,3.320700000000002,COc1ccccc1C(NC(=O)c1cn(-c2ccccc2)nn1)C(C)C,True,3.4030000000000022,0.08230000000000004,0.5084745762711864,False,True
1.0,bin,6,-0.2550499439239502,-0.30299997329711914,-0.20709991455078125,1113130,CC(NC(=O)Cn1nnnc1C(C)(C)C)c1cccc2ccccc12,3.0012000000000016,CCc1nnnn1CC(=O)NC(C)c1cccc2ccccc12,True,2.2661,-0.7351000000000019,0.7169811320754716,False,True
1.0,bin,6,-0.2550499439239502,-0.30299997329711914,-0.20709991455078125,1121751,COC(=O)Cn1ccc(NS(=O)(=O)c2ccc(F)c(F)c2F)n1,1.2742,COC(=O)Cn1ccc(NS(=O)(=O)c2ccc(C)cc2O)n1,True,0.8709199999999999,-0.4032800000000001,0.6481481481481481,False,True
1.0,bin,6,-0.2550499439239502,-0.30299997329711914,-0.20709991455078125,1142531,CCOC(C)C(=O)NCCc1csc(-c2ccc(C)cc2)n1,3.2022200000000014,CCOC(=O)Cc1csc(-c2cc(OC)ccc2OC)n1,True,2.932900000000001,-0.26932000000000045,0.3283582089552239,False,True
1.0,bin,6,-0.2550499439239502,-0.30299997329711914,-0.20709991455078125,1212157,CN(Cc1ccc(F)c(F)c1)C(=O)c1cncc(-c2cnn(C)c2)c1,3.0325000000000015,CN(Cc1ccc(F)cc1)C(=O)c1cncc(-c2cnn(C)c2)c1,True,2.8934000000000015,-0.1391,0.8076923076923077,False,True
1.0,bin,6,-0.2550499439239502,-0.30299997329711914,-0.20709991455078125,1215394,CCn1nc(C)cc1C(=O)Oc1cccc(NC(=O)C(C)C)c1,3.025120000000001,CCCn1nc(C)cc1C(=O)Oc1ccc(C(=O)OC)cc1,True,2.6073200000000005,-0.4178000000000006,0.4666666666666667,False,True
1.0,bin,6,-0.2550499439239502,-0.30299997329711914,-0.20709991455078125,1232922,CC(C)(C)OC(=O)NC1CCCN(S(=O)(=O)N2CCOCC2)C1,0.5525000000000011,CCCN(C)C(=O)NCC1CCN(S(=O)(=O)NC2CO2)C1,True,-0.44959999999999734,-1.0020999999999984,0.2222222222222222,False,True
1.0,bin,6,-0.2550499439239502,-0.30299997329711914,-0.20709991455078125,1238973,FC(F)(F)c1cnc(N2CCn3c(nnc3C3CC3)C2)c(Cl)c1,3.2429000000000023,Clc1ccnc(N2CCNC(=NC(=NC=CBr)C3CC3)C2)c1,True,3.2177000000000016,-0.025200000000000777,0.17073170731707318,False,True
1.0,bin,6,-0.2550499439239502,-0.30299997329711914,-0.20709991455078125,1299495,Cc1cc(CC(=O)N2CCCC2C(C#N)c2ccccc2)no1,2.823900000000001,Cc1cc(CC(=O)N2CCCC2Cc2ccc(C#N)cc2)no1,True,2.6309000000000013,-0.19299999999999962,0.5538461538461539,False,True
1.0,bin,6,-0.2550499439239502,-0.30299997329711914,-0.20709991455078125,1309906,CC(C)CC(NC(=O)c1cc(=O)c2ccccc2o1)C(=O)OC(C)C,2.8891000000000018,CCN(CCC=CC(C)=O)C(=O)c1cc(=O)c2ccccc2o1,True,2.790400000000001,-0.0987000000000009,0.3787878787878788,False,True
1.0,bin,6,-0.2550499439239502,-0.30299997329711914,-0.20709991455078125,1362816,COCc1cccc(C(=O)NC2CC2c2cccc(Cl)c2)c1,3.772300000000002,COc1ccc(C(=O)NC2CC2c2cccc(SC)c2)cc1,True,3.703000000000003,-0.06929999999999925,0.47540983606557374,False,True
1.0,bin,6,-0.2550499439239502,-0.30299997329711914,-0.20709991455078125,1441838,COCC(=O)NC(C(=O)Nc1cccc(-c2nccs2)c1)C(C)C,2.5358,COCCOCC(=O)Nc1cccc(-c2nccs2)c1,True,2.4116,-0.12420000000000009,0.6166666666666667,False,False
1.0,bin,6,-0.2550499439239502,-0.30299997329711914,-0.20709991455078125,1450449,CCCNC(=O)CSc1nc2c(cc1C#N)CCCC2,2.450380000000001,Cc1c2ncc(CC#N)c1CCCN(C(C)C)C(=O)CS2,True,2.7314000000000007,0.2810199999999998,0.1625,False,True
1.0,bin,6,-0.2550499439239502,-0.30299997329711914,-0.20709991455078125,1451910,O=S(=O)(NCc1nnc2ccccn12)c1ccc(F)c(F)c1,1.4859999999999995,COc1ccc(S(=O)(=O)NCc2nnc3ccccn23)cc1C,True,1.5248199999999998,0.0388200000000003,0.6481481481481481,False,True
1.0,bin,6,-0.2550499439239502,-0.30299997329711914,-0.20709991455078125,1479798,Cc1nc(C)c(CCC(=O)N(CC(C)C)CC(F)(F)F)c(=O)[nH]1,2.3662400000000003,CCC(CC)CN(CC)C(=O)CCc1c(C)nc(C)[nH]c1=O,True,2.6040400000000004,0.2378,0.6037735849056604,False,True
1.0,bin,6,-0.2550499439239502,-0.30299997329711914,-0.20709991455078125,1507926,COC(=O)C(C)NC(=O)Cc1csc(-c2ccccc2Cl)n1,2.6837,CN(CCO)C(=O)Cc1csc(-c2ccccc2Cl)n1,True,2.4566999999999997,-0.2270000000000003,0.5263157894736842,False,True
1.0,bin,6,-0.2550499439239502,-0.30299997329711914,-0.20709991455078125,1527882,Nc1ncccc1C(=O)Nc1ccc2cn[nH]c2c1,1.7923999999999998,Nc1ncccc1C(=O)Nc1ccc2cn[nH]c2c1,True,1.7923999999999998,0.0,1.0,True,False
1.0,bin,6,-0.2550499439239502,-0.30299997329711914,-0.20709991455078125,1532848,COc1ccc(-c2ccc3c(=O)[nH]cnc3c2)cc1Cl,3.2521000000000013,COC1=CC=Cc2cc(Cl)c(OC)c(c2)C=CN=CNC1=O,True,3.020900000000001,-0.2312000000000003,0.20588235294117646,False,True
1.0,bin,6,-0.2550499439239502,-0.30299997329711914,-0.20709991455078125,1548351,COc1cc(OC)c2c(c1)C(c1cnccn1)NCC2,1.7288999999999999,COc1ccc2c(c1O)CCNC2c1cnccn1,True,1.4259,-0.30299999999999994,0.6274509803921569,False,False
1.0,bin,6,-0.2550499439239502,-0.30299997329711914,-0.20709991455078125,1570134,COc1cccc(C(C)N2CCN(C(=O)c3ccc(O)cc3)CC2)c1,2.9198000000000013,COc1ccc(C(=O)N2CCN(Cc3cccc(O)c3)CC2)c(OC)c1,True,2.3674,-0.5524000000000013,0.390625,False,True
1.0,bin,6,-0.2550499439239502,-0.30299997329711914,-0.20709991455078125,1611406,CC(C)(C)N1CC(NC(=O)C2COc3ccc(F)cc3C2)CC1=O,1.8923999999999994,CC1c2cc(F)ccc2OCC1C(=O)NC1CN(C)C1(Cl)Cl,True,2.4994000000000005,0.6070000000000011,0.3561643835616438,False,True
1.0,bin,6,-0.2550499439239502,-0.30299997329711914,-0.20709991455078125,1612684,CCCC1CN(C(=O)Nc2ccn(CCC(C)C)n2)CCO1,2.9620000000000015,CCCC1CN(C(=O)Nc2ccn(CC(F)(F)F)n2)CCO1,True,2.4782,-0.48380000000000134,0.7288135593220338,False,False
1.0,bin,6,-0.2550499439239502,-0.30299997329711914,-0.20709991455078125,1639675,CCC(CC)c1nnc(NC(=O)c2scnc2C2CC2)s1,4.0279000000000025,CCC(CC)c1nnc(NC(=O)c2scnc2C2CC2)s1,True,4.0279000000000025,0.0,1.0,True,False
1.0,bin,6,-0.2550499439239502,-0.30299997329711914,-0.20709991455078125,1675660,COc1ccnc(NC(=O)c2cccc(Cl)c2)c1,2.9959000000000007,CCOc1cccc(NC(=O)c2ccc(OC)c(OC)c2)n1,True,2.7498000000000014,-0.24609999999999932,0.39655172413793105,False,True
1.0,bin,6,-0.2550499439239502,-0.30299997329711914,-0.20709991455078125,1689728,CCc1noc(CSc2ncnc3sc(C)cc23)n1,3.237420000000002,CCc1cc2c(SCc3nc(C)no3)ncnc2s1,True,3.237420000000002,0.0,0.6666666666666666,False,True
1.0,bin,6,-0.2550499439239502,-0.30299997329711914,-0.20709991455078125,1720876,CC(C)(C)CC(=O)NCC(=O)Nc1ccc2c(c1)COC2,2.2077,CC(C)(C)OC(=O)CNC(=O)c1ccc2c(c1)COC2,True,1.7883,-0.4194,0.4528301886792453,False,True
1.0,bin,6,-0.2550499439239502,-0.30299997329711914,-0.20709991455078125,1757109,CC(C)Cc1ncc(CNc2ccc3c(c2)COC3)s1,3.983900000000003,CC(C)c1ncc(CNc2ccc3c(c2)COC3)s1,True,3.908800000000003,-0.07509999999999994,0.7083333333333334,False,False
1.0,bin,6,-0.2550499439239502,-0.30299997329711914,-0.20709991455078125,1774061,O=C1NCCCc2[nH]c(-c3cccc4[nH]ccc34)nc21,2.234,O=CNCC1=C(C2=CC=C(O)CNC=CC2)NCC1,True,0.8550999999999996,-1.3789000000000002,0.10126582278481013,False,True
1.0,bin,6,-0.2550499439239502,-0.30299997329711914,-0.20709991455078125,1800687,Cc1nn(C)c(-c2nc(-c3cccnn3)no2)c1Cl,1.8889199999999997,CC(C)OCc1noc(-c2cc(-c3cccnn3)nn2C)n1,True,1.8520999999999994,-0.0368200000000003,0.390625,False,True
1.0,bin,6,-0.2550499439239502,-0.30299997329711914,-0.20709991455078125,1815867,FC(F)(F)c1ccc(CN2CCOCC2c2ncon2)cc1,2.661900000000001,CC(C)Oc1ccc(CN2CCOCC2c2ncon2)cc1,True,2.430300000000001,-0.23160000000000025,0.6545454545454545,False,True
1.0,bin,6,-0.2550499439239502,-0.30299997329711914,-0.20709991455078125,1828580,Cc1ccc(N2CC3OCC(=O)N(Cc4cccc(F)c4)C3C2)nn1,1.54032,COc1ccccc1N1C(=O)COC2CN(c3cccnn3)CC21,True,1.1058,-0.43452,0.37333333333333335,False,True
1.0,bin,6,-0.2550499439239502,-0.30299997329711914,-0.20709991455078125,1836183,CCc1ccc(C(=O)NCc2nccc(N(C)C)n2)cc1,2.035,CN(C)c1ccnc(CNC(=O)c2ccc(F)c(F)c2)n1,True,1.7508000000000001,-0.2842,0.673469387755102,False,True
1.0,bin,6,-0.2550499439239502,-0.30299997329711914,-0.20709991455078125,1842499,COc1ccccc1COc1ccccc1-c1cnn(CCO)c1,3.1300000000000017,OCCn1cc(-c2ccccc2OCc2ccc(O)cc2)cn1,True,2.827000000000001,-0.3030000000000008,0.673469387755102,False,True
1.0,bin,6,-0.2550499439239502,-0.30299997329711914,-0.20709991455078125,1865564,COC(CNC(=O)c1ccoc1)c1cccc(F)c1,2.536200000000001,COC(=O)C(CNC(=O)c1ccoc1)c1ccc(F)c(F)c1,True,2.2443999999999997,-0.29180000000000117,0.543859649122807,False,True
1.0,bin,6,-0.2550499439239502,-0.30299997329711914,-0.20709991455078125,1868773,CCCOc1ccc(Cl)c2c1CCNC2C1CC(=O)C1,3.2947000000000015,COc1cc2c(c(Cl)c1Cl)CCNC21CCC(=O)C1,True,3.096000000000002,-0.19869999999999965,0.23529411764705882,False,True
1.0,bin,6,-0.2550499439239502,-0.30299997329711914,-0.20709991455078125,1873123,CCC1OC(=O)c2c(OC)ccc(Br)c21,3.079200000000002,COc1ccc(Br)c2c1C(C)OC(=O)C2CO,True,2.1514,-0.9278000000000017,0.4583333333333333,False,True
1.0,bin,6,-0.2550499439239502,-0.30299997329711914,-0.20709991455078125,1875028,Cc1cccc(C)c1NCC(=O)N1CCCC2CCCCC21,3.8965400000000034,O=C(CNc1ccc(F)cc1F)N1CCCC1C1CCCC1,True,3.5579000000000027,-0.3386400000000007,0.5686274509803921,False,True
1.0,bin,6,-0.2550499439239502,-0.30299997329711914,-0.20709991455078125,1895921,CCC(CC)N(C)C(=O)CC1OC(=O)c2ccccc21,2.935200000000002,CC(C)CC(=O)N(C)CC1OC(=O)c2ccccc21,True,2.4026000000000005,-0.5326000000000013,0.5510204081632653,False,True
1.0,bin,6,-0.2550499439239502,-0.30299997329711914,-0.20709991455078125,1907077,Cc1ccc2[nH]nc(C(=O)Nc3nc(-c4ccco4)cs3)c2c1,3.8401200000000015,C=c1c(NC(=O)c2n[nH]c3ccc(F)cc23)nccc1=COC,True,1.144,-2.6961200000000014,0.33766233766233766,False,True
1.0,bin,6,-0.2550499439239502,-0.30299997329711914,-0.20709991455078125,1913063,Cc1nn(C)c(C)c1CN(C(=O)c1cn2cccc(C)c2n1)C1CC1,2.797860000000001,Cc1ccn2cc(C(=O)NCc3cn(C)nc3C)nc2c1,True,1.6146399999999999,-1.183220000000001,0.2597402597402597,False,True
1.0,bin,6,-0.2550499439239502,-0.30299997329711914,-0.20709991455078125,1922265,CN(CCNC(=O)c1ccc2c(c1)ncn2C)c1ccccc1,2.4395000000000007,COc1ccccc1NC(=O)CNC(=O)c1ccc2c(c1)ncn2C,True,1.9503999999999997,-0.489100000000001,0.5238095238095238,False,True
1.0,bin,7,-0.1658499836921692,-0.20709991455078125,-0.12460005283355713,32052,COc1ccccc1CNC(=O)Cc1c[nH]c2ccccc12,3.035400000000001,CNC(=O)C(NC(=O)Cc1c[nH]c2ccccc12)c1ccccc1C,True,2.622320000000001,-0.4130799999999999,0.49122807017543857,False,True
1.0,bin,7,-0.1658499836921692,-0.20709991455078125,-0.12460005283355713,116747,COCCSc1ccccc1C(=O)Nc1cccc(C)n1,3.3808200000000017,COC=CC=CC(=COC)C(=O)Nc1cccc(C)n1,True,2.57512,-0.8057000000000016,0.41379310344827586,False,True
1.0,bin,7,-0.1658499836921692,-0.20709991455078125,-0.12460005283355713,131060,CS(=O)(=O)NCCc1csc(-c2ccc(F)cc2)n1,2.0408999999999997,CC(=O)NCC(=O)NCCc1csc(-c2ccc(C)cc2)n1,True,1.9133200000000004,-0.12757999999999936,0.45454545454545453,False,True
1.0,bin,7,-0.1658499836921692,-0.20709991455078125,-0.12460005283355713,131949,CCc1c(C)nc(SCC(=O)NC(C)C)[nH]c1=O,1.25742,CCNC(=O)CSc1nc(C)c(CC)c(=O)[nH]1,True,0.8689200000000001,-0.38849999999999985,0.7272727272727273,False,True
1.0,bin,7,-0.1658499836921692,-0.20709991455078125,-0.12460005283355713,158879,COc1ccc(CC(=O)OCC(=O)c2c[nH]c3ccccc23)cc1,3.145100000000001,O=C(Cc1ccccc1)OCC(=O)c1c[nH]c2ccccc12,True,3.1365000000000016,-0.008599999999999497,0.7777777777777778,False,True
1.0,bin,7,-0.1658499836921692,-0.20709991455078125,-0.12460005283355713,232056,COCCNC(=O)c1cc(=O)c2cc(C)ccc2o1,1.4776199999999993,COCCNC(=O)c1cc(=O)c2cc(C)c(C)cc2o1,True,1.7860399999999994,0.30842000000000014,0.7333333333333333,False,True
1.0,bin,7,-0.1658499836921692,-0.20709991455078125,-0.12460005283355713,235788,O=C(Cn1nc(-c2ccco2)oc1=O)NCC(F)(F)F,0.7747999999999999,O=C(Cn1nc(-c2ccco2)oc1=O)NCC(F)(F)F,True,0.7747999999999999,0.0,1.0,True,False
1.0,bin,7,-0.1658499836921692,-0.20709991455078125,-0.12460005283355713,236081,CC(=O)c1c(C)[nH]c(C(=O)CSc2nc(C(C)C)n[nH]2)c1C,3.0506400000000014,CCc1n[nH]c(SCC(=O)c2[nH]c(C)c(CC)c2C)n1,True,2.8494400000000013,-0.20120000000000005,0.509090909090909,False,True
1.0,bin,7,-0.1658499836921692,-0.20709991455078125,-0.12460005283355713,281081,O=C(Cn1cccn1)NCc1cccnc1Oc1ccc(F)cc1F,2.665000000000001,O=C(Cn1cccn1)NCc1cccnc1Oc1ccc(F)cc1,True,2.525900000000001,-0.1391,0.7543859649122807,False,True
1.0,bin,7,-0.1658499836921692,-0.20709991455078125,-0.12460005283355713,284170,COc1ccc(-c2nc(CC(=O)Nc3cccc(C)n3)cs2)cc1,3.7033200000000024,O=C(Cc1csc(-c2ccc(F)cc2)n1)Nc1ccccn1,True,3.525400000000001,-0.1779200000000012,0.5423728813559322,False,True
1.0,bin,7,-0.1658499836921692,-0.20709991455078125,-0.12460005283355713,288369,Cc1ccc(NCc2nnc3n2CCCCC3)cc1C,3.2334400000000016,COc1cc(C)c(NCc2nnc3n2CCCCC3)cc1OC,True,2.9422200000000016,-0.29122000000000003,0.5961538461538461,False,True
1.0,bin,7,-0.1658499836921692,-0.20709991455078125,-0.12460005283355713,302889,COc1ccc(OC)c(NC(=O)CCNC(=O)c2cccs2)c1,2.5239000000000003,COc1ccc(NC(=O)CCNC(=O)c2cccs2)cc1N,True,2.0975,-0.4264000000000001,0.6607142857142857,False,True
1.0,bin,7,-0.1658499836921692,-0.20709991455078125,-0.12460005283355713,327141,COc1ccc(OC)c(S(=O)(=O)Nc2ccn(C)n2)c1,1.2381,Cn1ccc(NS(=O)(=O)c2ccccc2O)n1,True,0.9264999999999999,-0.3116000000000001,0.5208333333333334,False,True
1.0,bin,7,-0.1658499836921692,-0.20709991455078125,-0.12460005283355713,327382,CNC(=O)C1CN(C(=O)c2c(C)noc2C)c2ccccc2O1,1.4452399999999996,Cc1noc(C)c1C(=O)N1CCOc2ccccc21,True,2.33064,0.8854000000000002,0.5925925925925926,False,False
1.0,bin,7,-0.1658499836921692,-0.20709991455078125,-0.12460005283355713,406491,COCCNC(=O)C1CCCN(S(=O)(=O)N2CCOCC2)C1,-0.9619999999999964,CNC(=O)C1CCCN(S(=O)(=O)N2CCOCC2)C1,True,-0.9785999999999977,-0.01660000000000128,0.6666666666666666,False,True
1.0,bin,7,-0.1658499836921692,-0.20709991455078125,-0.12460005283355713,413951,O=C(Cn1ncn2cccc2c1=O)N1CCCCCC1,0.8985999999999996,COCCCCN(C)C(=O)Cn1ncn2cccc2c1=O,True,0.3809999999999998,-0.5175999999999998,0.4827586206896552,False,True
1.0,bin,7,-0.1658499836921692,-0.20709991455078125,-0.12460005283355713,427929,CCNc1nc(NCc2ccccc2Cl)c2cnn(C)c2n1,3.060600000000001,CNc1nc(NCc2ccccc2)c2cnn(C(C)C)c2n1,True,3.0610000000000017,0.0004000000000008441,0.4098360655737705,False,True
1.0,bin,7,-0.1658499836921692,-0.20709991455078125,-0.12460005283355713,447130,CCC(NC(=O)C1CCN(C(=O)C2CC2)CC1)c1ccc(C)cc1,3.2109200000000016,Cc1ccc(C(C)NC(=O)C2CCN(C(=O)C3CC3)CC2)cc1F,True,2.959920000000001,-0.25100000000000033,0.5454545454545454,False,True
1.0,bin,7,-0.1658499836921692,-0.20709991455078125,-0.12460005283355713,481908,CCNS(=O)(=O)c1ccc(C)c(C(=O)Nc2ncccc2C)c1,2.24894,CCS(=O)(=O)c1cccc(C(=O)Nc2cc(C)ccn2)c1,True,2.4359200000000003,0.18698000000000015,0.328125,False,True
1.0,bin,7,-0.1658499836921692,-0.20709991455078125,-0.12460005283355713,485220,Cc1nn(CC(=O)N2CCN(C)CC2)c(C)c1Br,1.03644,CCN1CCN(C(=O)Cn2nc(C)c(Br)c2N)CC1,True,0.7003199999999997,-0.3361200000000003,0.5652173913043478,False,True
1.0,bin,7,-0.1658499836921692,-0.20709991455078125,-0.12460005283355713,526363,Cc1nnc(SCC(=O)Nc2ccc(O)cc2)n(N)c1=O,0.09692,NOCCn1c(SCC(=O)c2ccccc2)nnc(O)c1=O,True,0.2092000000000001,0.1122800000000001,0.30303030303030304,False,True
1.0,bin,7,-0.1658499836921692,-0.20709991455078125,-0.12460005283355713,536853,COc1ccc(C2CCCN2C(=O)C2CCC2)c(OC)c1,3.1674000000000015,COC(=O)c1ccc(C2CCCN2C(=O)C2CCC2)cc1,True,2.9368000000000016,-0.23059999999999992,0.5192307692307693,False,True
1.0,bin,7,-0.1658499836921692,-0.20709991455078125,-0.12460005283355713,540312,Cc1nn(C)c2nc(C3CC3)cc(C(=O)NCC(=O)NC(C)(C)C)c12,1.7986199999999997,CNC(=O)C(C)OC(=O)c1cc(C2CC2)nc2c1c(C)nn2C,True,1.4454199999999993,-0.3532000000000004,0.5230769230769231,False,True
1.0,bin,7,-0.1658499836921692,-0.20709991455078125,-0.12460005283355713,544381,Cc1nc(N2CCCC(C(=O)NC(C)C)C2)c2c(C)c(C)oc2n1,2.8890600000000006,COCCNC(=O)C1CCN(c2nc(C)nc3oc(C)c(C)c23)CC1,True,2.1270599999999993,-0.7620000000000013,0.53125,False,False
1.0,bin,7,-0.1658499836921692,-0.20709991455078125,-0.12460005283355713,544382,CCCNC(=O)C1CCCN(c2nc(C)nc3oc(C)c(C)c23)C1,2.8906600000000013,CC1=NC(N2CC(C)CCC2C)=C2C(C(=O)N(C)C)=NCOC(C)=C12,True,2.583800000000001,-0.30686000000000035,0.15476190476190477,False,True
1.0,bin,7,-0.1658499836921692,-0.20709991455078125,-0.12460005283355713,550049,Cc1ccc(C)c(OCC(=O)Nc2cccc(-n3cnnc3)c2)c1,2.9016400000000013,Cc1ccccc1OCC(=O)Nc1cccc(-n2cnnc2)c1,True,2.5932200000000005,-0.3084200000000008,0.8,False,False
1.0,bin,7,-0.1658499836921692,-0.20709991455078125,-0.12460005283355713,573533,Cc1nn(-c2ncc(C(F)(F)F)cc2Cl)c(=O)o1,2.2011199999999995,Cc1nn(-c2ncc(Br)cc2Cl)c(=O)o1,True,1.94482,-0.25629999999999953,0.6590909090909091,False,True
1.0,bin,7,-0.1658499836921692,-0.20709991455078125,-0.12460005283355713,582555,O=C(NCC(O)c1ccccc1)c1ccc2c(=O)n3c(nc2c1)CCC3,1.8061000000000003,CCc1nc2cc(C(=O)NCC(O)c3cccc(F)c3)ccc2c(=O)[nH]1,True,2.088,0.2818999999999998,0.4520547945205479,False,True
1.0,bin,7,-0.1658499836921692,-0.20709991455078125,-0.12460005283355713,588547,Cc1n[nH]c(C)c1NC(=O)CCc1ccc(Cl)cc1Cl,3.9046400000000023,Cc1n[nH]c(C)c1NC(=O)CCc1ccc(F)cc1C(F)(F)F,True,3.755740000000002,-0.14890000000000025,0.6,False,True
1.0,bin,7,-0.1658499836921692,-0.20709991455078125,-0.12460005283355713,607673,CCCN(CC1CC1)S(=O)(=O)c1ccccc1F,2.636400000000001,CCCN(CC1CC1)S(=O)(=O)c1ccc(F)cc1,True,2.636400000000001,0.0,0.627906976744186,False,False
1.0,bin,7,-0.1658499836921692,-0.20709991455078125,-0.12460005283355713,617681,Cc1cc(C(=O)Nc2nc(-c3ccncc3)cs2)nn1C(C)C,3.5432200000000016,CC(C)Cn1ccc(C(=O)Nc2nc(-c3ccncc3)cs2)n1,True,3.3099000000000016,-0.23331999999999997,0.603448275862069,False,True
1.0,bin,7,-0.1658499836921692,-0.20709991455078125,-0.12460005283355713,650267,COc1ccc2oc(C(=O)NC3CCCCNC3=O)c(C)c2c1,2.14832,Cc1c(C(=O)NC2CCCCNC2=O)oc2ccccc12,True,2.1397199999999996,-0.008600000000000385,0.7142857142857143,False,True
1.0,bin,7,-0.1658499836921692,-0.20709991455078125,-0.12460005283355713,668639,Cc1cc(NC(=O)c2ccccc2Cl)ncc1N,2.8779200000000005,COC=CC(=CC(=COC)OC)C(=O)Nc1cc(C)ccn1,True,2.549220000000001,-0.32869999999999955,0.22727272727272727,False,True
1.0,bin,7,-0.1658499836921692,-0.20709991455078125,-0.12460005283355713,673160,CCC(=O)Nc1ccc2oc(C(F)(F)F)cc(=O)c2c1,3.160300000000001,O=c1cc(C(F)(F)F)oc2cc(O)ccc12,True,2.5174000000000003,-0.6429000000000009,0.4583333333333333,False,True
1.0,bin,7,-0.1658499836921692,-0.20709991455078125,-0.12460005283355713,711169,Cc1cccc(C(C)C)c1NC(=O)N(C)Cc1ccncc1,4.177320000000003,Cc1cc(C)c(NC(=O)N(C)Cc2ccnc(C)c2)c(C)c1,True,3.979180000000003,-0.19813999999999954,0.4727272727272727,False,True
1.0,bin,7,-0.1658499836921692,-0.20709991455078125,-0.12460005283355713,720969,Cc1noc(C)c1CCC(=O)OCC(=O)N1c2ccccc2CC1C,2.7450400000000013,Cc1noc(C)c1CCC(=O)OCC(=O)N1c2ccccc2CC1C,True,2.7450400000000013,0.0,1.0,True,False
1.0,bin,7,-0.1658499836921692,-0.20709991455078125,-0.12460005283355713,730789,COC(=O)C1CCN(C(=O)c2cc3ccc(F)cc3nc2C)CC1,2.7075200000000006,CNC(=O)CC1CCN(C(=O)c2cc3ccc(F)cc3nc2C)CC1,True,2.6706200000000004,-0.036900000000000155,0.6666666666666666,False,True
1.0,bin,7,-0.1658499836921692,-0.20709991455078125,-0.12460005283355713,738178,Cc1ccc(-n2ccnc2SCc2nc(C3CC3)no2)cc1C,4.041840000000003,Cc1ccc(-n2ccnc2SCc2nc(C3CC3)no2)cc1F,True,3.8725200000000024,-0.1693200000000008,0.8490566037735849,False,True
1.0,bin,7,-0.1658499836921692,-0.20709991455078125,-0.12460005283355713,771897,COc1ccccc1OCC(=O)N(C)Cc1sccc1C,3.102520000000002,Cc1ccsc1CN(C)C(=O)COc1ccccc1O,True,2.7995200000000016,-0.3030000000000004,0.782608695652174,False,False
1.0,bin,7,-0.1658499836921692,-0.20709991455078125,-0.12460005283355713,811446,COC(=O)C1(NC(=O)c2cc(Br)c[nH]2)CCCCCC1,2.7730000000000006,CCCCC(NC(=O)c1cc(Cl)c[nH]1)C(=O)OC,True,2.1296999999999997,-0.6433000000000009,0.3,False,True
1.0,bin,7,-0.1658499836921692,-0.20709991455078125,-0.12460005283355713,848291,CCC(C)NC(=O)NCc1noc(-c2cccs2)n1,2.3958000000000004,CC(C)(C#N)CC(=O)NCc1noc(-c2cccs2)n1,True,2.3541800000000004,-0.04161999999999999,0.5666666666666667,False,True
1.0,bin,7,-0.1658499836921692,-0.20709991455078125,-0.12460005283355713,863440,COc1ccc(-c2nc(CCCO)cs2)cc1OC,2.752200000000001,COCCCNC(=O)c1csc(-c2cc(C)cc(C)c2)n1,True,3.193240000000002,0.441040000000001,0.31666666666666665,False,True
1.0,bin,7,-0.1658499836921692,-0.20709991455078125,-0.12460005283355713,864663,N#Cc1ccc(-c2cc(F)ccc2F)nc1N1CCCC1,3.498680000000002,N#CC(=CC=CC1=CC=COC1)C(=N)N1CCCC1,True,2.5359500000000006,-0.9627300000000014,0.15714285714285714,False,True
1.0,bin,7,-0.1658499836921692,-0.20709991455078125,-0.12460005283355713,872100,CCc1cccc(C)c1NCC(O)c1ccc2c(c1)OCCO2,3.474120000000002,Cc1ccc(NCC(O)c2ccc3c(c2)OCCO3)cc1C,True,3.2201400000000016,-0.2539800000000003,0.5961538461538461,False,False
1.0,bin,7,-0.1658499836921692,-0.20709991455078125,-0.12460005283355713,886334,COc1ccc(C(=O)N2CCCC(C(=O)N3CCCCC3)C2)c(O)c1,2.2655000000000003,O=C(c1ccc(O)cc1)N1CCCC(C(=O)N2CCCCC2)C1,True,2.256900000000001,-0.008599999999999497,0.5714285714285714,False,True
1.0,bin,7,-0.1658499836921692,-0.20709991455078125,-0.12460005283355713,887387,COCCNC(=O)N(Cc1cccc(F)c1)CC1CCCO1,2.1627,COCCNC(=O)N(Cc1ccccc1)CC1CCCO1,True,2.0235999999999996,-0.13910000000000045,0.7818181818181819,False,False
1.0,bin,7,-0.1658499836921692,-0.20709991455078125,-0.12460005283355713,889149,N#Cc1ccc(NC(=O)c2ccc(Br)cc2Cl)nc1,3.621480000000001,CC(C)N(C)c1cccc(C(=O)Nc2ccc(C#N)cn2)c1,True,3.050180000000001,-0.5712999999999999,0.45,False,True
1.0,bin,7,-0.1658499836921692,-0.20709991455078125,-0.12460005283355713,913483,O=C(CNC(=O)NCCc1c(Cl)cccc1Cl)NC1CC1,2.1137000000000006,CSc1ccc(CCNC(=O)NCC(=O)NC2CC2)cc1,True,1.5287999999999997,-0.5849000000000009,0.56,False,True
1.0,bin,7,-0.1658499836921692,-0.20709991455078125,-0.12460005283355713,917620,C=CCN(Cc1ccccc1OC)C(=O)c1csc(C)n1,3.288520000000002,COc1ccc(F)cc1CN(C)C(=O)c1csc(C)n1,True,2.8714200000000014,-0.41710000000000047,0.5614035087719298,False,True
1.0,bin,7,-0.1658499836921692,-0.20709991455078125,-0.12460005283355713,918312,CCOc1ccc(Cl)c(C(=O)N2CCN(c3ncccn3)CC2)n1,1.8860999999999997,O=C(c1ccccn1)N1CCN(c2ncc(Cl)cn2)CC1,True,1.4874,-0.3986999999999996,0.44642857142857145,False,True
1.0,bin,7,-0.1658499836921692,-0.20709991455078125,-0.12460005283355713,922879,CC(=O)c1ccc(N2CCN(Cc3c(F)cccc3F)CC2)cc1,3.489600000000003,N#Cc1cccc(N2CCN(Cc3ccc(F)cc3F)CC2)c1,True,3.1586800000000013,-0.33092000000000166,0.3448275862068966,False,True
1.0,bin,7,-0.1658499836921692,-0.20709991455078125,-0.12460005283355713,927535,COc1cc(CN2CCN(c3ccccc3F)CC2)ccc1O,2.862100000000002,COc1ccccc1N1CCN(Cc2ccccc2)CC1,True,3.017400000000001,0.1552999999999991,0.5416666666666666,False,True
1.0,bin,7,-0.1658499836921692,-0.20709991455078125,-0.12460005283355713,927567,Cc1ccccc1N1CCN(Cc2cccc(O)c2)CC1,3.022820000000001,Oc1cccc(CN2CCN(c3ccccc3F)CC2)c1,True,2.8535000000000013,-0.16931999999999992,0.7142857142857143,False,False
1.0,bin,7,-0.1658499836921692,-0.20709991455078125,-0.12460005283355713,938108,CC(c1ccccc1)N(C)C(=O)CCC(=O)Nc1nccs1,3.0814000000000012,Cc1cccc(CN(C)C(=O)CCC(=O)Nc2nccs2)c1,True,2.8288200000000003,-0.2525800000000009,0.5517241379310345,False,True
1.0,bin,7,-0.1658499836921692,-0.20709991455078125,-0.12460005283355713,943303,CN(CCCOc1ccccc1)C(=O)Nc1cccc2c1OCCO2,3.390600000000002,O=C(NCCCOc1ccccc1)Nc1cccc2c1OCCO2,True,3.048400000000001,-0.34220000000000095,0.6545454545454545,False,True
1.0,bin,7,-0.1658499836921692,-0.20709991455078125,-0.12460005283355713,946289,CC(NC(=O)C1(c2cc(-c3ccco3)on2)CC1)c1ccccc1,3.843600000000002,O=C(NCc1cccc(F)c1)C1(c2cc(-c3ccco3)on2)CC1,True,3.421700000000002,-0.42189999999999994,0.5483870967741935,False,True
1.0,bin,7,-0.1658499836921692,-0.20709991455078125,-0.12460005283355713,994077,Cc1nnc(Cn2c(-c3cccc(Br)c3)noc2=O)o1,2.0055199999999997,O=c1oncn1Cc1nnc(-c2ccc(Br)cc2)o1,True,1.6971,-0.3084199999999997,0.35,False,True
1.0,bin,7,-0.1658499836921692,-0.20709991455078125,-0.12460005283355713,1065620,O=C(NCc1cccnc1Oc1ccccc1)c1cccnc1,3.198900000000002,Nc1ncccc1C(=O)NCc1cccnc1Oc1ccccc1,True,2.7811000000000012,-0.4178000000000006,0.6470588235294118,False,True
1.0,bin,7,-0.1658499836921692,-0.20709991455078125,-0.12460005283355713,1093926,CN(C(=O)CNc1cccc(OCC2CCCO2)c1)c1ccccc1,3.319300000000002,CN(C(=O)CNc1cccc(OCC2CCCO2)c1)c1ccccc1,True,3.319300000000002,0.0,1.0,True,False
1.0,bin,7,-0.1658499836921692,-0.20709991455078125,-0.12460005283355713,1107920,CCc1ccc(-n2cc(C(=O)NC(C)c3ccccc3)nn2)cc1,3.320700000000002,CCc1ccc(-n2cc(C(=O)NCc3ccc(F)cc3)nn2)cc1,True,2.8988000000000014,-0.42190000000000083,0.5636363636363636,False,False
1.0,bin,7,-0.1658499836921692,-0.20709991455078125,-0.12460005283355713,1113130,CC(NC(=O)Cn1nnnc1C(C)(C)C)c1cccc2ccccc12,3.0012000000000016,CC1=CC(CNC(=O)Cn2nnnc2C(C)C)C=Cc2ccccc21,True,2.659200000000001,-0.3420000000000005,0.32,False,True
1.0,bin,7,-0.1658499836921692,-0.20709991455078125,-0.12460005283355713,1121751,COC(=O)Cn1ccc(NS(=O)(=O)c2ccc(F)c(F)c2F)n1,1.2742,COC(=O)Cn1ccc(NS(=O)(=O)c2ccccc2C)n1,True,1.1653200000000001,-0.10887999999999987,0.6538461538461539,False,True
1.0,bin,7,-0.1658499836921692,-0.20709991455078125,-0.12460005283355713,1142531,CCOC(C)C(=O)NCCc1csc(-c2ccc(C)cc2)n1,3.2022200000000014,CCC(C)C(=O)NCCc1csc(-c2ccccc2)n1,True,3.5149000000000017,0.3126800000000003,0.6,False,True
1.0,bin,7,-0.1658499836921692,-0.20709991455078125,-0.12460005283355713,1212157,CN(Cc1ccc(F)c(F)c1)C(=O)c1cncc(-c2cnn(C)c2)c1,3.0325000000000015,CN(Cc1ccc(F)cc1F)C(=O)c1cncc(-c2cnn(C)c2)c1,True,3.0325000000000015,0.0,0.7017543859649122,False,True
1.0,bin,7,-0.1658499836921692,-0.20709991455078125,-0.12460005283355713,1215394,CCn1nc(C)cc1C(=O)Oc1cccc(NC(=O)C(C)C)c1,3.025120000000001,CCn1nc(C)cc1C(=O)Oc1ccc(F)c(F)c1,True,2.708820000000001,-0.3163,0.5636363636363636,False,True
1.0,bin,7,-0.1658499836921692,-0.20709991455078125,-0.12460005283355713,1232922,CC(C)(C)OC(=O)NC1CCCN(S(=O)(=O)N2CCOCC2)C1,0.5525000000000011,COCCNS(=O)(=O)N1CCCCN1C(=O)C(C)(C)C,True,0.3527000000000009,-0.1998000000000002,0.2153846153846154,False,True
1.0,bin,7,-0.1658499836921692,-0.20709991455078125,-0.12460005283355713,1238973,FC(F)(F)c1cnc(N2CCn3c(nnc3C3CC3)C2)c(Cl)c1,3.2429000000000023,CC1CC1c1nncn1CCNc1ncccc1C(F)(F)F,True,2.9274000000000004,-0.3155000000000019,0.17721518987341772,False,True
1.0,bin,7,-0.1658499836921692,-0.20709991455078125,-0.12460005283355713,1299495,Cc1cc(CC(=O)N2CCCC2C(C#N)c2ccccc2)no1,2.823900000000001,Cc1cc(CC(=O)N2CCCC2C(C#N)c2ccccc2)no1,True,2.823900000000001,0.0,1.0,True,False
1.0,bin,7,-0.1658499836921692,-0.20709991455078125,-0.12460005283355713,1309906,CC(C)CC(NC(=O)c1cc(=O)c2ccccc2o1)C(=O)OC(C)C,2.8891000000000018,CCC(CC)C(=O)c1cc(=O)c2ccccc2o1,True,3.411900000000002,0.5228000000000002,0.49056603773584906,False,True
1.0,bin,7,-0.1658499836921692,-0.20709991455078125,-0.12460005283355713,1362816,COCc1cccc(C(=O)NC2CC2c2cccc(Cl)c2)c1,3.772300000000002,COc1cccc(C(=O)NC2CC2c2c(Cl)cccc2OC)c1,True,3.6431000000000022,-0.12919999999999998,0.46774193548387094,False,True
1.0,bin,7,-0.1658499836921692,-0.20709991455078125,-0.12460005283355713,1441838,COCC(=O)NC(C(=O)Nc1cccc(-c2nccs2)c1)C(C)C,2.5358,COCC(C)NC(=O)CNc1cccc(-c2nccs2)c1,True,2.3731,-0.16270000000000007,0.5873015873015873,False,True
1.0,bin,7,-0.1658499836921692,-0.20709991455078125,-0.12460005283355713,1450449,CCCNC(=O)CSc1nc2c(cc1C#N)CCCC2,2.450380000000001,CCCCN(C)C(=O)CNc1nccc(CCC)c1C#N,True,2.576180000000001,0.1257999999999999,0.19480519480519481,False,True
1.0,bin,7,-0.1658499836921692,-0.20709991455078125,-0.12460005283355713,1451910,O=S(=O)(NCc1nnc2ccccn12)c1ccc(F)c(F)c1,1.4859999999999995,CN(C)c1ccc(S(=O)(=O)NCc2nnc3ccccn23)cc1,True,1.2737999999999996,-0.21219999999999994,0.6470588235294118,False,True
1.0,bin,7,-0.1658499836921692,-0.20709991455078125,-0.12460005283355713,1479798,Cc1nc(C)c(CCC(=O)N(CC(C)C)CC(F)(F)F)c(=O)[nH]1,2.3662400000000003,CC=NC(C)=C(C=O)CCCC(=O)N(C)C(C)CC(C)CC,True,4.003400000000004,1.6371600000000033,0.14666666666666667,False,True
1.0,bin,7,-0.1658499836921692,-0.20709991455078125,-0.12460005283355713,1507926,COC(=O)C(C)NC(=O)Cc1csc(-c2ccccc2Cl)n1,2.6837,C=CCNC(=O)Cc1csc(-c2ccccc2C)n1,True,2.9632200000000006,0.27952000000000066,0.45,False,True
1.0,bin,7,-0.1658499836921692,-0.20709991455078125,-0.12460005283355713,1527882,Nc1ncccc1C(=O)Nc1ccc2cn[nH]c2c1,1.7923999999999998,CN(C)C(=O)c1ccc(C(=O)Nc2ccc3cn[nH]c3c2)cn1,True,1.9119999999999997,0.11959999999999993,0.5,False,True
1.0,bin,7,-0.1658499836921692,-0.20709991455078125,-0.12460005283355713,1532848,COc1ccc(-c2ccc3c(=O)[nH]cnc3c2)cc1Cl,3.2521000000000013,COc1cc(C)[nH]c(=O)c1C=CC1=CC=COC1,True,2.17542,-1.0766800000000014,0.19696969696969696,False,True
1.0,bin,7,-0.1658499836921692,-0.20709991455078125,-0.12460005283355713,1548351,COc1cc(OC)c2c(c1)C(c1cnccn1)NCC2,1.7288999999999999,Oc1cc2c(cc1F)CCNC2c1cnccn1,True,1.5563999999999998,-0.1725000000000001,0.45454545454545453,False,True
1.0,bin,7,-0.1658499836921692,-0.20709991455078125,-0.12460005283355713,1570134,COc1cccc(C(C)N2CCN(C(=O)c3ccc(O)cc3)CC2)c1,2.9198000000000013,CC(c1ccccc1F)N1CCN(C(=O)c2ccc(O)cc2)CC1,True,3.050300000000002,0.1305000000000005,0.5471698113207547,False,True
1.0,bin,7,-0.1658499836921692,-0.20709991455078125,-0.12460005283355713,1611406,CC(C)(C)N1CC(NC(=O)C2COc3ccc(F)cc3C2)CC1=O,1.8923999999999994,CCN1CC(NC(=O)C2COc3ccc(Cl)cc3C2)CC1=O,True,1.6280999999999994,-0.2643,0.5625,False,True
1.0,bin,7,-0.1658499836921692,-0.20709991455078125,-0.12460005283355713,1612684,CCCC1CN(C(=O)Nc2ccn(CCC(C)C)n2)CCO1,2.9620000000000015,CCCCC1OCCN1C(=O)Nc1ccn(CCC(C)C)n1,True,3.3096000000000023,0.3476000000000008,0.6612903225806451,False,True
1.0,bin,7,-0.1658499836921692,-0.20709991455078125,-0.12460005283355713,1639675,CCC(CC)c1nnc(NC(=O)c2scnc2C2CC2)s1,4.0279000000000025,CCc1nc(NC(=O)c2scnc2C2CC2)sc1CC,True,3.8541000000000025,-0.17379999999999995,0.6111111111111112,False,True
1.0,bin,7,-0.1658499836921692,-0.20709991455078125,-0.12460005283355713,1675660,COc1ccnc(NC(=O)c2cccc(Cl)c2)c1,2.9959000000000007,COc1ccnc(NC(=O)c2cccc(OC(F)F)c2)c1,True,2.943900000000001,-0.0519999999999996,0.6875,False,False
1.0,bin,7,-0.1658499836921692,-0.20709991455078125,-0.12460005283355713,1689728,CCc1noc(CSc2ncnc3sc(C)cc23)n1,3.237420000000002,CCc1noc(CSc2ncnc3c2sn3CC)n1,True,2.750400000000001,-0.4870200000000011,0.5357142857142857,False,True
1.0,bin,7,-0.1658499836921692,-0.20709991455078125,-0.12460005283355713,1720876,CC(C)(C)CC(=O)NCC(=O)Nc1ccc2c(c1)COC2,2.2077,CCC1OCc2cc(NC(=O)C(C)NC(C)=O)ccc21,True,2.1310000000000002,-0.07669999999999977,0.296875,False,True
1.0,bin,7,-0.1658499836921692,-0.20709991455078125,-0.12460005283355713,1757109,CC(C)Cc1ncc(CNc2ccc3c(c2)COC3)s1,3.983900000000003,CCCc1ncc(CNc2ccc3c(c2)COC3)s1,True,3.7379000000000024,-0.24600000000000044,0.7291666666666666,False,True
1.0,bin,7,-0.1658499836921692,-0.20709991455078125,-0.12460005283355713,1774061,O=C1NCCCc2[nH]c(-c3cccc4[nH]ccc34)nc21,2.234,O=C1NCCCc2[nH]c(-c3cccc4[nH]ccc34)nc21,True,2.234,0.0,1.0,True,False
1.0,bin,7,-0.1658499836921692,-0.20709991455078125,-0.12460005283355713,1800687,Cc1nn(C)c(-c2nc(-c3cccnn3)no2)c1Cl,1.8889199999999997,Cc1nn(C)c(-c2nc(-c3cccnn3)no2)c1Cl,True,1.8889199999999997,0.0,1.0,True,False
1.0,bin,7,-0.1658499836921692,-0.20709991455078125,-0.12460005283355713,1815867,FC(F)(F)c1ccc(CN2CCOCC2c2ncon2)cc1,2.661900000000001,Cc1nc(C2COCCN2Cc2ccccc2Cl)no1,True,2.604920000000001,-0.05698000000000025,0.390625,False,True
1.0,bin,7,-0.1658499836921692,-0.20709991455078125,-0.12460005283355713,1828580,Cc1ccc(N2CC3OCC(=O)N(Cc4cccc(F)c4)C3C2)nn1,1.54032,O=CCOC1C(=O)N(c2ccc(F)nn2)CCN1Cc1ccc(F)cc1,True,1.1451999999999998,-0.39512000000000014,0.24390243902439024,False,True
1.0,bin,7,-0.1658499836921692,-0.20709991455078125,-0.12460005283355713,1836183,CCc1ccc(C(=O)NCc2nccc(N(C)C)n2)cc1,2.035,CCOc1ccc(C(=O)NCc2nccc(C)n2)cc1,True,2.11372,0.07871999999999968,0.5192307692307693,False,True
1.0,bin,7,-0.1658499836921692,-0.20709991455078125,-0.12460005283355713,1842499,COc1ccccc1COc1ccccc1-c1cnn(CCO)c1,3.1300000000000017,OCCn1cc(-c2ccccc2OCc2cccc(O)c2)cn1,True,2.827000000000001,-0.3030000000000008,0.6346153846153846,False,True
1.0,bin,7,-0.1658499836921692,-0.20709991455078125,-0.12460005283355713,1865564,COC(CNC(=O)c1ccoc1)c1cccc(F)c1,2.536200000000001,COc1cccc(C(CNC(=O)c2ccoc2)OC)c1,True,2.4057000000000004,-0.1305000000000005,0.76,False,False
1.0,bin,7,-0.1658499836921692,-0.20709991455078125,-0.12460005283355713,1868773,CCCOc1ccc(Cl)c2c1CCNC2C1CC(=O)C1,3.2947000000000015,CCOc1ccc2c(c1Cl)C(C1CCC(=O)C1)NCC2,True,3.2947000000000015,0.0,0.48333333333333334,False,True
1.0,bin,7,-0.1658499836921692,-0.20709991455078125,-0.12460005283355713,1873123,CCC1OC(=O)c2c(OC)ccc(Br)c21,3.079200000000002,CCC1OC(=O)c2c(OC)ccc(Br)c21,True,3.079200000000002,0.0,1.0,True,False
1.0,bin,7,-0.1658499836921692,-0.20709991455078125,-0.12460005283355713,1875028,Cc1cccc(C)c1NCC(=O)N1CCCC2CCCCC21,3.8965400000000034,O=C(CNc1ccc(F)cc1F)N1CCCC2CCCCC21,True,3.5579000000000027,-0.3386400000000007,0.5686274509803921,False,True
1.0,bin,7,-0.1658499836921692,-0.20709991455078125,-0.12460005283355713,1895921,CCC(CC)N(C)C(=O)CC1OC(=O)c2ccccc21,2.935200000000002,CCCN(C(=O)CC1C=CC(=O)O1)C(CC(C)C)C(=O)OC,True,1.6844,-1.250800000000002,0.23529411764705882,False,True
1.0,bin,7,-0.1658499836921692,-0.20709991455078125,-0.12460005283355713,1907077,Cc1ccc2[nH]nc(C(=O)Nc3nc(-c4ccco4)cs3)c2c1,3.8401200000000015,O=C1NNc2ccc(F)cc2C[SH]2C=C(c3ccco3)N=C2N1,True,2.9278000000000004,-0.9123200000000011,0.20481927710843373,False,True
1.0,bin,7,-0.1658499836921692,-0.20709991455078125,-0.12460005283355713,1913063,Cc1nn(C)c(C)c1CN(C(=O)c1cn2cccc(C)c2n1)C1CC1,2.797860000000001,Cc1nn(C)c(C)c1CN(C(=O)c1cn2cccc(F)c2n1)C1CC1,True,2.628540000000001,-0.16931999999999992,0.8275862068965517,False,True
1.0,bin,7,-0.1658499836921692,-0.20709991455078125,-0.12460005283355713,1922265,CN(CCNC(=O)c1ccc2c(c1)ncn2C)c1ccccc1,2.4395000000000007,Cn1cncc2c(C(=O)NCCNc3ccc(CC#N)cc3)ccc1-2,True,2.432880000000001,-0.006619999999999848,0.24675324675324675,False,True
1.0,bin,8,-0.0693100094795227,-0.12460005283355713,-0.014019966125488281,32052,COc1ccccc1CNC(=O)Cc1c[nH]c2ccccc12,3.035400000000001,COC(=O)Nc1ccc(CNC(=O)Cc2c[nH]c3ccccc23)cc1,True,3.2051000000000016,0.16970000000000063,0.6274509803921569,False,True
1.0,bin,8,-0.0693100094795227,-0.12460005283355713,-0.014019966125488281,116747,COCCSc1ccccc1C(=O)Nc1cccc(C)n1,3.3808200000000017,Cc1cccc(NC(=O)c2ccc(F)c(F)c2)n1,True,2.9205200000000007,-0.46030000000000104,0.42592592592592593,False,True
1.0,bin,8,-0.0693100094795227,-0.12460005283355713,-0.014019966125488281,131060,CS(=O)(=O)NCCc1csc(-c2ccc(F)cc2)n1,2.0408999999999997,NS(=O)(=O)CCc1csc(-c2ccc(F)cc2)n1,True,1.7802000000000004,-0.26069999999999927,0.6222222222222222,False,True
1.0,bin,8,-0.0693100094795227,-0.12460005283355713,-0.014019966125488281,131949,CCc1c(C)nc(SCC(=O)NC(C)C)[nH]c1=O,1.25742,CCC=C1N=CC(SCC(=O)N(C)CCC)NC1=O,True,1.4085999999999999,0.15117999999999987,0.16901408450704225,False,True
1.0,bin,8,-0.0693100094795227,-0.12460005283355713,-0.014019966125488281,158879,COc1ccc(CC(=O)OCC(=O)c2c[nH]c3ccccc23)cc1,3.145100000000001,N#CC(C(=O)OCC(=O)c1c[nH]c2ccccc12)c1ccccc1F,True,3.3402800000000017,0.19518000000000058,0.45901639344262296,False,True
1.0,bin,8,-0.0693100094795227,-0.12460005283355713,-0.014019966125488281,232056,COCCNC(=O)c1cc(=O)c2cc(C)ccc2o1,1.4776199999999993,CCCNC(=O)CNC(=O)c1cc(=O)c2ccc(OC)cc2o1,True,1.0575999999999999,-0.4200199999999994,0.4576271186440678,False,True
1.0,bin,8,-0.0693100094795227,-0.12460005283355713,-0.014019966125488281,235788,O=C(Cn1nc(-c2ccco2)oc1=O)NCC(F)(F)F,0.7747999999999999,C=CCNC(=O)Cn1nc(-c2ccco2)oc1=O,True,0.3984999999999997,-0.37630000000000025,0.7058823529411765,False,True
1.0,bin,8,-0.0693100094795227,-0.12460005283355713,-0.014019966125488281,236081,CC(=O)c1c(C)[nH]c(C(=O)CSc2nc(C(C)C)n[nH]2)c1C,3.0506400000000014,C=CCc1c(CC)[nH]c(C(=O)CSc2nc(C(C)=O)n[nH]2)c1C,True,2.909720000000001,-0.14092000000000038,0.4375,False,True
1.0,bin,8,-0.0693100094795227,-0.12460005283355713,-0.014019966125488281,281081,O=C(Cn1cccn1)NCc1cccnc1Oc1ccc(F)cc1F,2.665000000000001,COc1cccc(Oc2ncccc2CNC(=O)Cn2cccn2)c1,True,2.3954000000000004,-0.2696000000000005,0.6612903225806451,False,True
1.0,bin,8,-0.0693100094795227,-0.12460005283355713,-0.014019966125488281,284170,COc1ccc(-c2nc(CC(=O)Nc3cccc(C)n3)cs2)cc1,3.7033200000000024,O=C(Cc1csc(-c2cccc(F)c2)n1)Nc1ccccn1,True,3.525400000000002,-0.1779200000000003,0.5,False,False
1.0,bin,8,-0.0693100094795227,-0.12460005283355713,-0.014019966125488281,288369,Cc1ccc(NCc2nnc3n2CCCCC3)cc1C,3.2334400000000016,Fc1ccc(NCc2nnc3n2CCCCC3)cc1F,True,2.894800000000002,-0.33863999999999983,0.7021276595744681,False,True
1.0,bin,8,-0.0693100094795227,-0.12460005283355713,-0.014019966125488281,302889,COc1ccc(OC)c(NC(=O)CCNC(=O)c2cccs2)c1,2.5239000000000003,Cc1cccc(NC(=O)CCNC(=O)c2cccs2)c1N,True,2.39732,-0.12658000000000014,0.5614035087719298,False,True
1.0,bin,8,-0.0693100094795227,-0.12460005283355713,-0.014019966125488281,327141,COc1ccc(OC)c(S(=O)(=O)Nc2ccn(C)n2)c1,1.2381,COc1ccc(OC)c(S(=O)(=O)Nc2ccn(C)n2)c1,True,1.2381,0.0,1.0,True,False
1.0,bin,8,-0.0693100094795227,-0.12460005283355713,-0.014019966125488281,327382,CNC(=O)C1CN(C(=O)c2c(C)noc2C)c2ccccc2O1,1.4452399999999996,Cc1noc(C)c1C(=O)N1CC(C(N)=O)Oc2ccccc21,True,1.1845399999999995,-0.26070000000000015,0.78,False,True
1.0,bin,8,-0.0693100094795227,-0.12460005283355713,-0.014019966125488281,406491,COCCNC(=O)C1CCCN(S(=O)(=O)N2CCOCC2)C1,-0.9619999999999964,CCCN1CCCC(=O)NCC(O)OCCNS1(=O)=O,True,-1.2221999999999975,-0.2602000000000011,0.14102564102564102,False,True
1.0,bin,8,-0.0693100094795227,-0.12460005283355713,-0.014019966125488281,413951,O=C(Cn1ncn2cccc2c1=O)N1CCCCCC1,0.8985999999999996,CNC(=O)CCCCCNC(=O)Cn1ncn2cccc2c1=O,True,-0.08139999999999903,-0.9799999999999986,0.4827586206896552,False,True
1.0,bin,8,-0.0693100094795227,-0.12460005283355713,-0.014019966125488281,427929,CCNc1nc(NCc2ccccc2Cl)c2cnn(C)c2n1,3.060600000000001,CNc1nc(NCc2ccc(Cl)cc2)c2cnn(C)c2n1,True,2.6705000000000005,-0.39010000000000034,0.5454545454545454,False,False
1.0,bin,8,-0.0693100094795227,-0.12460005283355713,-0.014019966125488281,447130,CCC(NC(=O)C1CCN(C(=O)C2CC2)CC1)c1ccc(C)cc1,3.2109200000000016,CC(C)C(NC(=O)C1CCN(C(=O)C2CC2)CC1)c1ccc(F)cc1,True,3.287600000000002,0.07668000000000053,0.5471698113207547,False,True
1.0,bin,8,-0.0693100094795227,-0.12460005283355713,-0.014019966125488281,481908,CCNS(=O)(=O)c1ccc(C)c(C(=O)Nc2ncccc2C)c1,2.24894,CCS(=O)(=O)c1ccc(F)c(C(=O)Nc2ccccn2)c1,True,2.2666000000000004,0.01766000000000023,0.4098360655737705,False,True
1.0,bin,8,-0.0693100094795227,-0.12460005283355713,-0.014019966125488281,485220,Cc1nn(CC(=O)N2CCN(C)CC2)c(C)c1Br,1.03644,Cc1nn(CC(=O)N2CCN(C)CC2)c(C)c1Br,True,1.03644,0.0,1.0,True,False
1.0,bin,8,-0.0693100094795227,-0.12460005283355713,-0.014019966125488281,526363,Cc1nnc(SCC(=O)Nc2ccc(O)cc2)n(N)c1=O,0.09692,Nn1c(SCC(=O)Nc2ccccc2)nncc1=O,True,0.08289999999999975,-0.014020000000000254,0.5185185185185185,False,False
1.0,bin,8,-0.0693100094795227,-0.12460005283355713,-0.014019966125488281,536853,COc1ccc(C2CCCN2C(=O)C2CCC2)c(OC)c1,3.1674000000000015,Nc1cc(C2CCCN2C(=O)C2CCC2)ccc1Cl,True,3.3858000000000024,0.21840000000000082,0.45454545454545453,False,True
1.0,bin,8,-0.0693100094795227,-0.12460005283355713,-0.014019966125488281,540312,Cc1nn(C)c2nc(C3CC3)cc(C(=O)NCC(=O)NC(C)(C)C)c12,1.7986199999999997,CC1=NN2C=NC(C3CC3)=CC(C(=O)N(C)C)=C1C2,True,1.3985,-0.4001199999999996,0.18181818181818182,False,True
1.0,bin,8,-0.0693100094795227,-0.12460005283355713,-0.014019966125488281,544381,Cc1nc(N2CCCC(C(=O)NC(C)C)C2)c2c(C)c(C)oc2n1,2.8890600000000006,CCOC(=O)C1CCN(c2nc(C)nc3oc(C)c(C)c23)CC1,True,2.9275600000000015,0.03850000000000087,0.5333333333333333,False,True
1.0,bin,8,-0.0693100094795227,-0.12460005283355713,-0.014019966125488281,544382,CCCNC(=O)C1CCCN(c2nc(C)nc3oc(C)c(C)c23)C1,2.8906600000000013,COC(=O)C1CCCN(c2nc(C(C)C)nc3oc(C)cc23)C1,True,3.0440200000000015,0.15336000000000016,0.36486486486486486,False,True
1.0,bin,8,-0.0693100094795227,-0.12460005283355713,-0.014019966125488281,550049,Cc1ccc(C)c(OCC(=O)Nc2cccc(-n3cnnc3)c2)c1,2.9016400000000013,O=C(COc1ccc(Cl)cc1)Nc1cccc(-n2cnnc2)c1,True,2.9382,0.036559999999998816,0.6181818181818182,False,False
1.0,bin,8,-0.0693100094795227,-0.12460005283355713,-0.014019966125488281,573533,Cc1nn(-c2ncc(C(F)(F)F)cc2Cl)c(=O)o1,2.2011199999999995,CCCc1nn(-c2ccc(Cl)cn2)c(=O)o1,True,1.8263999999999996,-0.37471999999999994,0.29310344827586204,False,True
1.0,bin,8,-0.0693100094795227,-0.12460005283355713,-0.014019966125488281,582555,O=C(NCC(O)c1ccccc1)c1ccc2c(=O)n3c(nc2c1)CCC3,1.8061000000000003,CCCc1nc2cc(C(=O)NCCC3=CC=CNC(=O)C3)ccc2c(=O)[nH]1,True,1.9554999999999998,0.14939999999999953,0.2857142857142857,False,True
1.0,bin,8,-0.0693100094795227,-0.12460005283355713,-0.014019966125488281,588547,Cc1n[nH]c(C)c1NC(=O)CCc1ccc(Cl)cc1Cl,3.9046400000000023,CCC(CC(=O)Nc1c(C)n[nH]c1C)c1ccc(Cl)cc1,True,4.202340000000002,0.29769999999999985,0.5272727272727272,False,True
1.0,bin,8,-0.0693100094795227,-0.12460005283355713,-0.014019966125488281,607673,CCCN(CC1CC1)S(=O)(=O)c1ccccc1F,2.636400000000001,CCC(CC)N(CC1CC1)S(=O)(=O)c1ccccc1N,True,2.8581000000000003,0.22169999999999934,0.43137254901960786,False,True
1.0,bin,8,-0.0693100094795227,-0.12460005283355713,-0.014019966125488281,617681,Cc1cc(C(=O)Nc2nc(-c3ccncc3)cs2)nn1C(C)C,3.5432200000000016,Cc1cc(C(=O)Nc2nc(-c3ccnc(F)c3)cs2)nn1C(C)C,True,3.6823200000000016,0.1391,0.7636363636363637,False,True
1.0,bin,8,-0.0693100094795227,-0.12460005283355713,-0.014019966125488281,650267,COc1ccc2oc(C(=O)NC3CCCCNC3=O)c(C)c2c1,2.14832,CC(=O)c1c(C(=O)NC2CCCCNC2=O)oc2ccccc12,True,2.0339,-0.11441999999999997,0.5806451612903226,False,True
1.0,bin,8,-0.0693100094795227,-0.12460005283355713,-0.014019966125488281,668639,Cc1cc(NC(=O)c2ccccc2Cl)ncc1N,2.8779200000000005,Nc1ccnc(NC(=O)c2c(F)c(F)cc(F)c2F)c1Cl,True,3.1259000000000006,0.2479800000000001,0.29310344827586204,False,True
1.0,bin,8,-0.0693100094795227,-0.12460005283355713,-0.014019966125488281,673160,CCC(=O)Nc1ccc2oc(C(F)(F)F)cc(=O)c2c1,3.160300000000001,COC(=O)Cc1cc(=O)c2cc(C(F)(F)F)ccc2o1,True,2.5273000000000003,-0.6330000000000009,0.45454545454545453,False,True
1.0,bin,8,-0.0693100094795227,-0.12460005283355713,-0.014019966125488281,711169,Cc1cccc(C(C)C)c1NC(=O)N(C)Cc1ccncc1,4.177320000000003,CCC(C)Nc1cccc(NC(=O)N(C)Cc2ccncc2)c1,True,3.9559000000000024,-0.22142000000000017,0.5357142857142857,False,True
1.0,bin,8,-0.0693100094795227,-0.12460005283355713,-0.014019966125488281,720969,Cc1noc(C)c1CCC(=O)OCC(=O)N1c2ccccc2CC1C,2.7450400000000013,Cc1noc(C)c1CCC(=O)OCC(=O)N1c2ccccc2CC1C,True,2.7450400000000013,0.0,1.0,True,False
1.0,bin,8,-0.0693100094795227,-0.12460005283355713,-0.014019966125488281,730789,COC(=O)C1CCN(C(=O)c2cc3ccc(F)cc3nc2C)CC1,2.7075200000000006,COC(=O)C1CCCN(C(=O)c2cnc3cc(OC)ccc3c2)CC1,True,2.6587000000000005,-0.048820000000000086,0.47692307692307695,False,True
1.0,bin,8,-0.0693100094795227,-0.12460005283355713,-0.014019966125488281,738178,Cc1ccc(-n2ccnc2SCc2nc(C3CC3)no2)cc1C,4.041840000000003,Clc1ccc(-n2ccnc2SCc2nc(C3CC3)no2)cc1,True,4.078400000000002,0.036559999999998816,0.7358490566037735,False,True
1.0,bin,8,-0.0693100094795227,-0.12460005283355713,-0.014019966125488281,771897,COc1ccccc1OCC(=O)N(C)Cc1sccc1C,3.102520000000002,COc1cc(OC)cc(OCC(=O)N(C)Cc2sccc2C)c1,True,3.1111200000000014,0.008599999999999497,0.6875,False,True
1.0,bin,8,-0.0693100094795227,-0.12460005283355713,-0.014019966125488281,811446,COC(=O)C1(NC(=O)c2cc(Br)c[nH]2)CCCCCC1,2.7730000000000006,CCCCCCC(NC(=O)c1ccc[nH]1)C(=O)OC,True,2.2565,-0.5165000000000006,0.21875,False,True
1.0,bin,8,-0.0693100094795227,-0.12460005283355713,-0.014019966125488281,848291,CCC(C)NC(=O)NCc1noc(-c2cccs2)n1,2.3958000000000004,CC(C)(C)C(=O)NCc1noc(-c2cccs2)n1,True,2.460400000000001,0.06460000000000043,0.6415094339622641,False,False
1.0,bin,8,-0.0693100094795227,-0.12460005283355713,-0.014019966125488281,863440,COc1ccc(-c2nc(CCCO)cs2)cc1OC,2.752200000000001,COCCCc1csc(-c2ccc(OC)c(N)c2)n1,True,2.9799000000000007,0.22769999999999957,0.6122448979591837,False,True
1.0,bin,8,-0.0693100094795227,-0.12460005283355713,-0.014019966125488281,864663,N#Cc1ccc(-c2cc(F)ccc2F)nc1N1CCCC1,3.498680000000002,Cc1ccc(-c2ccc(C#N)c(N3CCCC3)n2)cc1,True,3.528900000000003,0.030220000000000802,0.5416666666666666,False,True
1.0,bin,8,-0.0693100094795227,-0.12460005283355713,-0.014019966125488281,872100,CCc1cccc(C)c1NCC(O)c1ccc2c(c1)OCCO2,3.474120000000002,OC(CNc1ccc2c(c1)OCCO2)c1ccc(Cl)cc1F,True,3.395800000000002,-0.07831999999999972,0.36507936507936506,False,True
1.0,bin,8,-0.0693100094795227,-0.12460005283355713,-0.014019966125488281,886334,COc1ccc(C(=O)N2CCCC(C(=O)N3CCCCC3)C2)c(O)c1,2.2655000000000003,CS(=O)c1cccc(C(=O)N2CCCC(C(=O)N3CCCCC3)C2)c1,True,2.2887000000000004,0.02320000000000011,0.4827586206896552,False,True
1.0,bin,8,-0.0693100094795227,-0.12460005283355713,-0.014019966125488281,887387,COCCNC(=O)N(Cc1cccc(F)c1)CC1CCCO1,2.1627,COCCNC(=O)N(Cc1cccc(F)c1)CC1CCCO1,True,2.1627,0.0,1.0,True,False
1.0,bin,8,-0.0693100094795227,-0.12460005283355713,-0.014019966125488281,889149,N#Cc1ccc(NC(=O)c2ccc(Br)cc2Cl)nc1,3.621480000000001,N#Cc1cccc(NC(=O)c2ccc(Cl)cc2Br)n1,True,3.621480000000001,0.0,0.41379310344827586,False,True
1.0,bin,8,-0.0693100094795227,-0.12460005283355713,-0.014019966125488281,913483,O=C(CNC(=O)NCCc1c(Cl)cccc1Cl)NC1CC1,2.1137000000000006,Cc1c(Cl)cccc1CCNC(=O)NCC(=O)NC1CC1,True,1.7687199999999996,-0.34498000000000095,0.723404255319149,False,True
1.0,bin,8,-0.0693100094795227,-0.12460005283355713,-0.014019966125488281,917620,C=CCN(Cc1ccccc1OC)C(=O)c1csc(C)n1,3.288520000000002,CCc1nc(C(=O)N(C)Cc2cccc(C(=O)N(C)C)c2)cs1,True,2.679500000000001,-0.609020000000001,0.30434782608695654,False,True
1.0,bin,8,-0.0693100094795227,-0.12460005283355713,-0.014019966125488281,918312,CCOc1ccc(Cl)c(C(=O)N2CCN(c3ncccn3)CC2)n1,1.8860999999999997,Cc1ccnc(N2CCN(C(=O)c3ccc(Cl)cn3)CC2)n1,True,1.79582,-0.0902799999999997,0.4098360655737705,False,True
1.0,bin,8,-0.0693100094795227,-0.12460005283355713,-0.014019966125488281,922879,CC(=O)c1ccc(N2CCN(Cc3c(F)cccc3F)CC2)cc1,3.489600000000003,Fc1ccc(N2CCN(Cc3cc(F)c(F)cc3F)CC2)c(F)c1,True,3.7043000000000026,0.21469999999999967,0.2962962962962963,False,True
1.0,bin,8,-0.0693100094795227,-0.12460005283355713,-0.014019966125488281,927535,COc1cc(CN2CCN(c3ccccc3F)CC2)ccc1O,2.862100000000002,COCC(=O)Nc1cccc(N2CCN(Cc3ccccc3F)CC2)c1,True,2.732800000000001,-0.12930000000000108,0.3582089552238806,False,True
1.0,bin,8,-0.0693100094795227,-0.12460005283355713,-0.014019966125488281,927567,Cc1ccccc1N1CCN(Cc2cccc(O)c2)CC1,3.022820000000001,COc1cccc(CN2CCN(c3cccc(F)c3)CC2)c1,True,3.156500000000002,0.1336800000000009,0.3888888888888889,False,True
1.0,bin,8,-0.0693100094795227,-0.12460005283355713,-0.014019966125488281,938108,CC(c1ccccc1)N(C)C(=O)CCC(=O)Nc1nccs1,3.0814000000000012,CC(NC(=O)CCC(=O)Nc1nccs1)c1ccc(F)cc1,True,2.8783000000000003,-0.20310000000000095,0.5454545454545454,False,True
1.0,bin,8,-0.0693100094795227,-0.12460005283355713,-0.014019966125488281,943303,CN(CCCOc1ccccc1)C(=O)Nc1cccc2c1OCCO2,3.390600000000002,COc1cccc(OCCCNC(=O)Nc2cccc3c2OCCO3)c1,True,3.0570000000000013,-0.33360000000000056,0.5483870967741935,False,True
1.0,bin,8,-0.0693100094795227,-0.12460005283355713,-0.014019966125488281,946289,CC(NC(=O)C1(c2cc(-c3ccco3)on2)CC1)c1ccccc1,3.843600000000002,C=CC=C1OC(=CC=CC)C1CNC(=O)C(CC)c1cc(C)on1,True,3.7691200000000027,-0.07447999999999944,0.14942528735632185,False,True
1.0,bin,8,-0.0693100094795227,-0.12460005283355713,-0.014019966125488281,994077,Cc1nnc(Cn2c(-c3cccc(Br)c3)noc2=O)o1,2.0055199999999997,CC(C)Cc1nnc(Cn2c(-c3ccc(O)cc3)noc2=O)o1,True,1.8386999999999998,-0.16681999999999997,0.4827586206896552,False,True
1.0,bin,8,-0.0693100094795227,-0.12460005283355713,-0.014019966125488281,1065620,O=C(NCc1cccnc1Oc1ccccc1)c1cccnc1,3.198900000000002,CN(Cc1cccnc1Oc1ccccc1)C(=O)c1cccnc1O,True,3.246700000000002,0.047800000000000065,0.48214285714285715,False,True
1.0,bin,8,-0.0693100094795227,-0.12460005283355713,-0.014019966125488281,1093926,CN(C(=O)CNc1cccc(OCC2CCCO2)c1)c1ccccc1,3.319300000000002,COc1ccccc1NCC(=O)Nc1cccc(OCC2CCCO2)c1,True,3.303600000000002,-0.015699999999999825,0.582089552238806,False,True
1.0,bin,8,-0.0693100094795227,-0.12460005283355713,-0.014019966125488281,1107920,CCc1ccc(-n2cc(C(=O)NC(C)c3ccccc3)nn2)cc1,3.320700000000002,CC1=CC=C(n2cc(C(=O)NCc3ccc(F)c(F)c3)nn2)CC=C1,True,3.2334000000000014,-0.08730000000000082,0.3108108108108108,False,True
1.0,bin,8,-0.0693100094795227,-0.12460005283355713,-0.014019966125488281,1113130,CC(NC(=O)Cn1nnnc1C(C)(C)C)c1cccc2ccccc12,3.0012000000000016,CC(C)C(NC(=O)Cn1cnnn1)c1cccc2ccccc12,True,2.3397999999999994,-0.6614000000000022,0.47540983606557374,False,True
1.0,bin,8,-0.0693100094795227,-0.12460005283355713,-0.014019966125488281,1121751,COC(=O)Cn1ccc(NS(=O)(=O)c2ccc(F)c(F)c2F)n1,1.2742,COC(=O)Cn1ccc(NS(=O)(=O)c2ccc(C)cc2)n1,True,1.1653200000000001,-0.10887999999999987,0.6153846153846154,False,True
1.0,bin,8,-0.0693100094795227,-0.12460005283355713,-0.014019966125488281,1142531,CCOC(C)C(=O)NCCc1csc(-c2ccc(C)cc2)n1,3.2022200000000014,CC(=O)NCCc1csc(-c2ccc(Br)cc2)n1,True,3.2512000000000016,0.048980000000000246,0.5272727272727272,False,True
1.0,bin,8,-0.0693100094795227,-0.12460005283355713,-0.014019966125488281,1212157,CN(Cc1ccc(F)c(F)c1)C(=O)c1cncc(-c2cnn(C)c2)c1,3.0325000000000015,CCN(Cc1cccc(F)c1)C(=O)c1cncc(-c2cnn(C)c2)c1,True,3.283500000000002,0.25100000000000033,0.5967741935483871,False,True
1.0,bin,8,-0.0693100094795227,-0.12460005283355713,-0.014019966125488281,1215394,CCn1nc(C)cc1C(=O)Oc1cccc(NC(=O)C(C)C)c1,3.025120000000001,CCCn1nc(C)cc1C(=O)Oc1cc(OC)cc(OC)c1,True,2.8379200000000013,-0.1871999999999998,0.4482758620689655,False,True
1.0,bin,8,-0.0693100094795227,-0.12460005283355713,-0.014019966125488281,1232922,CC(C)(C)OC(=O)NC1CCCN(S(=O)(=O)N2CCOCC2)C1,0.5525000000000011,CCCCNC(=O)C1CCCN(S(=O)(=O)N2CCOCC2)C1,True,0.19170000000000154,-0.36079999999999957,0.46551724137931033,False,True
1.0,bin,8,-0.0693100094795227,-0.12460005283355713,-0.014019966125488281,1238973,FC(F)(F)c1cnc(N2CCn3c(nnc3C3CC3)C2)c(Cl)c1,3.2429000000000023,FC(F)(F)C=CN=C1CN(c2ccc(C(F)(F)F)nn2)CCN1,True,2.3794999999999993,-0.863400000000003,0.17333333333333334,False,True
1.0,bin,8,-0.0693100094795227,-0.12460005283355713,-0.014019966125488281,1299495,Cc1cc(CC(=O)N2CCCC2C(C#N)c2ccccc2)no1,2.823900000000001,Cc1cc(CC(=O)N2CCCC2Cc2cccc(C#N)c2)no1,True,2.6309000000000013,-0.19299999999999962,0.5522388059701493,False,True
1.0,bin,8,-0.0693100094795227,-0.12460005283355713,-0.014019966125488281,1309906,CC(C)CC(NC(=O)c1cc(=O)c2ccccc2o1)C(=O)OC(C)C,2.8891000000000018,CCCCOC(=O)c1cc(=O)c2ccccc2o1,True,2.749900000000001,-0.13920000000000066,0.48214285714285715,False,True
1.0,bin,8,-0.0693100094795227,-0.12460005283355713,-0.014019966125488281,1362816,COCc1cccc(C(=O)NC2CC2c2cccc(Cl)c2)c1,3.772300000000002,COc1cc(C2CC2NC(=O)c2cccc(Cl)c2)cc(OC)c1OC,True,3.6517000000000017,-0.12060000000000048,0.6071428571428571,False,True
1.0,bin,8,-0.0693100094795227,-0.12460005283355713,-0.014019966125488281,1441838,COCC(=O)NC(C(=O)Nc1cccc(-c2nccs2)c1)C(C)C,2.5358,CN(C)C(=O)CCC(=O)Nc1cccc(-c2nccs2)c1,True,2.617000000000001,0.08120000000000083,0.532258064516129,False,True
1.0,bin,8,-0.0693100094795227,-0.12460005283355713,-0.014019966125488281,1450449,CCCNC(=O)CSc1nc2c(cc1C#N)CCCC2,2.450380000000001,CC(C)NC(=O)CSc1nc2c(cc1C(N)=O)CCCC2,True,1.676,-0.774380000000001,0.48333333333333334,False,True
1.0,bin,8,-0.0693100094795227,-0.12460005283355713,-0.014019966125488281,1451910,O=S(=O)(NCc1nnc2ccccn12)c1ccc(F)c(F)c1,1.4859999999999995,COCc1ccccc1S(=O)(=O)NCc1nnc2ccccn12,True,1.3541999999999998,-0.1317999999999997,0.5357142857142857,False,True
1.0,bin,8,-0.0693100094795227,-0.12460005283355713,-0.014019966125488281,1479798,Cc1nc(C)c(CCC(=O)N(CC(C)C)CC(F)(F)F)c(=O)[nH]1,2.3662400000000003,Cc1nc(C)c(CCC(=O)N(C(C)C)C(C)C)c(=O)[nH]1,True,1.96474,-0.4015000000000004,0.6122448979591837,False,True
1.0,bin,8,-0.0693100094795227,-0.12460005283355713,-0.014019966125488281,1507926,COC(=O)C(C)NC(=O)Cc1csc(-c2ccccc2Cl)n1,2.6837,CC(C)C(=O)NC(C)C(=O)Nc1nc(-c2ccccc2Cl)cs1,True,3.5627000000000013,0.8790000000000013,0.4262295081967213,False,True
1.0,bin,8,-0.0693100094795227,-0.12460005283355713,-0.014019966125488281,1527882,Nc1ncccc1C(=O)Nc1ccc2cn[nH]c2c1,1.7923999999999998,COC(=O)c1cccnc1C(=O)Nc1ccc2cn[nH]c2c1,True,1.9967999999999997,0.20439999999999992,0.660377358490566,False,True
1.0,bin,8,-0.0693100094795227,-0.12460005283355713,-0.014019966125488281,1532848,COc1ccc(-c2ccc3c(=O)[nH]cnc3c2)cc1Cl,3.2521000000000013,N#Cc1ccc(-c2ccc3c(=O)[nH]cnc3c2)c(Cl)c1,True,3.1151800000000014,-0.13691999999999993,0.5192307692307693,False,True
1.0,bin,8,-0.0693100094795227,-0.12460005283355713,-0.014019966125488281,1548351,COc1cc(OC)c2c(c1)C(c1cnccn1)NCC2,1.7288999999999999,COc1cc2c(cc1O)C(c1cnccn1)NCC2,True,1.4258999999999995,-0.3030000000000004,0.5961538461538461,False,False
1.0,bin,8,-0.0693100094795227,-0.12460005283355713,-0.014019966125488281,1570134,COc1cccc(C(C)N2CCN(C(=O)c3ccc(O)cc3)CC2)c1,2.9198000000000013,COc1cccc(CN2CCN(C(=O)c3ccc(O)cc3)CC2)c1,True,2.3588000000000005,-0.5610000000000008,0.6037735849056604,False,True
1.0,bin,8,-0.0693100094795227,-0.12460005283355713,-0.014019966125488281,1611406,CC(C)(C)N1CC(NC(=O)C2COc3ccc(F)cc3C2)CC1=O,1.8923999999999994,CC(C)N1CC(NC(=O)C2COc3ccc(F)cc3C2)CC1=O,True,1.5022999999999993,-0.3901000000000001,0.7241379310344828,False,True
1.0,bin,8,-0.0693100094795227,-0.12460005283355713,-0.014019966125488281,1612684,CCCC1CN(C(=O)Nc2ccn(CCC(C)C)n2)CCO1,2.9620000000000015,CC(C)CCCC1=CC(NC(=O)NCCOC(F)C(F)F)ONN1C,True,2.2808,-0.6812000000000014,0.20689655172413793,False,True
1.0,bin,8,-0.0693100094795227,-0.12460005283355713,-0.014019966125488281,1639675,CCC(CC)c1nnc(NC(=O)c2scnc2C2CC2)s1,4.0279000000000025,CC(C)(C)c1nnc(NC(=O)c2scnc2C2CC2)s1,True,3.421800000000002,-0.6061000000000005,0.6666666666666666,False,False
1.0,bin,8,-0.0693100094795227,-0.12460005283355713,-0.014019966125488281,1675660,COc1ccnc(NC(=O)c2cccc(Cl)c2)c1,2.9959000000000007,COCCc1ccc(NC(=O)c2cccc(N(C)C)c2)nc1,True,2.588800000000001,-0.4070999999999998,0.3770491803278688,False,True
1.0,bin,8,-0.0693100094795227,-0.12460005283355713,-0.014019966125488281,1689728,CCc1noc(CSc2ncnc3sc(C)cc23)n1,3.237420000000002,C1=NOC(CSc2ncnc3sccc23)CC1,True,2.948200000000001,-0.28922000000000114,0.25,False,True
1.0,bin,8,-0.0693100094795227,-0.12460005283355713,-0.014019966125488281,1720876,CC(C)(C)CC(=O)NCC(=O)Nc1ccc2c(c1)COC2,2.2077,CCC(C)C(NC(N)=O)C(=O)Nc1ccc2c(c1)COC2,True,1.7383,-0.46940000000000004,0.4642857142857143,False,False
1.0,bin,8,-0.0693100094795227,-0.12460005283355713,-0.014019966125488281,1757109,CC(C)Cc1ncc(CNc2ccc3c(c2)COC3)s1,3.983900000000003,CCCCC=NC=C(S)CNc1ccc2c(c1)COC2,True,4.160900000000003,0.1770000000000005,0.359375,False,True
1.0,bin,8,-0.0693100094795227,-0.12460005283355713,-0.014019966125488281,1774061,O=C1NCCCc2[nH]c(-c3cccc4[nH]ccc34)nc21,2.234,COc1ccc2[nH]c(-c3cccc4[nH]ccc34)nc2n1,True,3.1148000000000007,0.8808000000000007,0.41379310344827586,False,True
1.0,bin,8,-0.0693100094795227,-0.12460005283355713,-0.014019966125488281,1800687,Cc1nn(C)c(-c2nc(-c3cccnn3)no2)c1Cl,1.8889199999999997,Cc1nn(C)c(-c2nc(-c3cccnn3)no2)c1Br,True,1.99802,0.1091000000000002,0.7446808510638298,False,True
1.0,bin,8,-0.0693100094795227,-0.12460005283355713,-0.014019966125488281,1815867,FC(F)(F)c1ccc(CN2CCOCC2c2ncon2)cc1,2.661900000000001,OC1=CCC=CC=C(CN2CCOCC2c2ncon2)CC1,True,2.5513000000000003,-0.1106000000000007,0.484375,False,True
1.0,bin,8,-0.0693100094795227,-0.12460005283355713,-0.014019966125488281,1828580,Cc1ccc(N2CC3OCC(=O)N(Cc4cccc(F)c4)C3C2)nn1,1.54032,Cc1ccc(N2CC3OCC(=O)N(CC4C=CC=CC4)C3(C)C2)nn1,True,1.72342,0.18310000000000004,0.35,False,True
1.0,bin,8,-0.0693100094795227,-0.12460005283355713,-0.014019966125488281,1836183,CCc1ccc(C(=O)NCc2nccc(N(C)C)n2)cc1,2.035,CCOc1ccc(C(=O)NCc2nccc(N(C)C)n2)cc1,True,1.8712999999999997,-0.1637000000000004,0.7446808510638298,False,True
1.0,bin,8,-0.0693100094795227,-0.12460005283355713,-0.014019966125488281,1842499,COc1ccccc1COc1ccccc1-c1cnn(CCO)c1,3.1300000000000017,Nc1c(-c2ccccc2OCc2ccccc2)cnn1CCCO,True,3.0937000000000014,-0.03630000000000022,0.3770491803278688,False,True
1.0,bin,8,-0.0693100094795227,-0.12460005283355713,-0.014019966125488281,1865564,COC(CNC(=O)c1ccoc1)c1cccc(F)c1,2.536200000000001,COC(=O)NC(CNC(=O)c1ccoc1)c1ccccc1,True,2.1067,-0.4295000000000009,0.5454545454545454,False,True
1.0,bin,8,-0.0693100094795227,-0.12460005283355713,-0.014019966125488281,1868773,CCCOc1ccc(Cl)c2c1CCNC2C1CC(=O)C1,3.2947000000000015,CCC1(c2cc(Cl)ccc2Cl)CCC(=O)CC1N,True,3.7215000000000016,0.42680000000000007,0.296875,False,True
1.0,bin,8,-0.0693100094795227,-0.12460005283355713,-0.014019966125488281,1873123,CCC1OC(=O)c2c(OC)ccc(Br)c21,3.079200000000002,COc1cc(Br)c2c(c1Br)OC(=O)C2OC,True,2.8267000000000007,-0.2525000000000013,0.32,False,True
1.0,bin,8,-0.0693100094795227,-0.12460005283355713,-0.014019966125488281,1875028,Cc1cccc(C)c1NCC(=O)N1CCCC2CCCCC21,3.8965400000000034,COc1cc(Cl)ccc1NCC(=O)N1CCC2CCCCC21,True,3.5516000000000023,-0.34494000000000113,0.5,False,True
1.0,bin,8,-0.0693100094795227,-0.12460005283355713,-0.014019966125488281,1895921,CCC(CC)N(C)C(=O)CC1OC(=O)c2ccccc21,2.935200000000002,CCN(CC(F)(F)F)C(=O)CC1OC(=O)c2ccccc21,True,2.6990000000000007,-0.23620000000000108,0.58,False,True
1.0,bin,8,-0.0693100094795227,-0.12460005283355713,-0.014019966125488281,1907077,Cc1ccc2[nH]nc(C(=O)Nc3nc(-c4ccco4)cs3)c2c1,3.8401200000000015,O=C(Nc1nc(-c2ccco2)cs1)c1n[nH]c2ccccc12,True,3.5317000000000007,-0.3084200000000008,0.7636363636363637,False,False
1.0,bin,8,-0.0693100094795227,-0.12460005283355713,-0.014019966125488281,1913063,Cc1nn(C)c(C)c1CN(C(=O)c1cn2cccc(C)c2n1)C1CC1,2.797860000000001,CCC=CN1C=C1CN(CCC)C(=O)c1cn2cc(C)ccc2n1,True,3.5756200000000025,0.7777600000000016,0.24390243902439024,False,True
1.0,bin,8,-0.0693100094795227,-0.12460005283355713,-0.014019966125488281,1922265,CN(CCNC(=O)c1ccc2c(c1)ncn2C)c1ccccc1,2.4395000000000007,COc1cccc(NCCNC(=O)c2ccc3c(c2)ncn3C)c1,True,2.4238,-0.015700000000000713,0.5573770491803278,False,True
1.0,bin,9,-0.007009983062744141,-0.014019966125488281,0.0,32052,COc1ccccc1CNC(=O)Cc1c[nH]c2ccccc12,3.035400000000001,COc1ccc(CNC(=O)Cc2c[nH]c3ccc(C)cc23)cc1,True,3.343820000000002,0.3084200000000008,0.5272727272727272,False,True
1.0,bin,9,-0.007009983062744141,-0.014019966125488281,0.0,116747,COCCSc1ccccc1C(=O)Nc1cccc(C)n1,3.3808200000000017,C=CCOc1ccccc1C(=O)Nc1ccccn1,True,2.8987000000000007,-0.482120000000001,0.3559322033898305,False,True
1.0,bin,9,-0.007009983062744141,-0.014019966125488281,0.0,131060,CS(=O)(=O)NCCc1csc(-c2ccc(F)cc2)n1,2.0408999999999997,CC(NC(N)=O)C(=O)NCCc1csc(-c2ccc(F)cc2)n1,True,1.6647000000000003,-0.3761999999999994,0.5454545454545454,False,True
1.0,bin,9,-0.007009983062744141,-0.014019966125488281,0.0,131949,CCc1c(C)nc(SCC(=O)NC(C)C)[nH]c1=O,1.25742,CCCc1cc(=O)[nH]c(SCC(=O)NC(C)C)n1,True,1.3391000000000002,0.0816800000000002,0.5384615384615384,False,False
1.0,bin,9,-0.007009983062744141,-0.014019966125488281,0.0,158879,COc1ccc(CC(=O)OCC(=O)c2c[nH]c3ccccc23)cc1,3.145100000000001,O=C(Cc1ccccc1)OCC(=O)c1c[nH]c2ccccc12,True,3.1365000000000016,-0.008599999999999497,0.7777777777777778,False,True
1.0,bin,9,-0.007009983062744141,-0.014019966125488281,0.0,232056,COCCNC(=O)c1cc(=O)c2cc(C)ccc2o1,1.4776199999999993,COCC(C)NC(=O)c1cc(=O)c2ccccc2o1,True,1.5577,0.08008000000000082,0.5384615384615384,False,False
1.0,bin,9,-0.007009983062744141,-0.014019966125488281,0.0,235788,O=C(Cn1nc(-c2ccco2)oc1=O)NCC(F)(F)F,0.7747999999999999,C=CCNC(=O)Cn1nc(-c2ccco2)oc1=O,True,0.3984999999999997,-0.37630000000000025,0.7058823529411765,False,True
1.0,bin,9,-0.007009983062744141,-0.014019966125488281,0.0,236081,CC(=O)c1c(C)[nH]c(C(=O)CSc2nc(C(C)C)n[nH]2)c1C,3.0506400000000014,CC(=O)c1c(C)[nH]c(C(=O)CSc2nc(C(C)(C)C)n[nH]2)c1C,True,3.2247400000000015,0.17410000000000014,0.6862745098039216,False,True
1.0,bin,9,-0.007009983062744141,-0.014019966125488281,0.0,281081,O=C(Cn1cccn1)NCc1cccnc1Oc1ccc(F)cc1F,2.665000000000001,COc1ccccc1Oc1ncccc1CNC(=O)Cn1cccn1,True,2.3953999999999995,-0.2696000000000014,0.7241379310344828,False,True
1.0,bin,9,-0.007009983062744141,-0.014019966125488281,0.0,284170,COc1ccc(-c2nc(CC(=O)Nc3cccc(C)n3)cs2)cc1,3.7033200000000024,Cc1cccc(NC(=O)Cc2csc(-c3ccccc3F)n2)n1,True,3.833820000000003,0.1305000000000005,0.6545454545454545,False,True
1.0,bin,9,-0.007009983062744141,-0.014019966125488281,0.0,288369,Cc1ccc(NCc2nnc3n2CCCCC3)cc1C,3.2334400000000016,C=CCOc1ccccc1NCc1nnc2n1CCCCC2,True,3.181400000000002,-0.052039999999999864,0.4745762711864407,False,True
1.0,bin,9,-0.007009983062744141,-0.014019966125488281,0.0,302889,COc1ccc(OC)c(NC(=O)CCNC(=O)c2cccs2)c1,2.5239000000000003,COc1ccccc1NC(=O)CCNC(=O)c1cccs1,True,2.5153000000000008,-0.008599999999999497,0.76,False,False
1.0,bin,9,-0.007009983062744141,-0.014019966125488281,0.0,327141,COc1ccc(OC)c(S(=O)(=O)Nc2ccn(C)n2)c1,1.2381,Cc1ccc(S(=O)(=O)Nc2ccn(C)n2)cc1N,True,1.1115199999999998,-0.12658000000000014,0.46153846153846156,False,True
1.0,bin,9,-0.007009983062744141,-0.014019966125488281,0.0,327382,CNC(=O)C1CN(C(=O)c2c(C)noc2C)c2ccccc2O1,1.4452399999999996,Cc1noc(C)c1C(=O)N1CCOc2ccccc21,True,2.33064,0.8854000000000002,0.5925925925925926,False,False
1.0,bin,9,-0.007009983062744141,-0.014019966125488281,0.0,406491,COCCNC(=O)C1CCCN(S(=O)(=O)N2CCOCC2)C1,-0.9619999999999964,COCC(=O)NC1CCCN(S(=O)(=O)N2CCOCC2)C1,True,-1.2095999999999962,-0.24759999999999982,0.5636363636363636,False,True
1.0,bin,9,-0.007009983062744141,-0.014019966125488281,0.0,413951,O=C(Cn1ncn2cccc2c1=O)N1CCCCCC1,0.8985999999999996,O=C(Cn1ncn2cccc2c1=O)N1CCCCCC1,True,0.8985999999999996,0.0,1.0,True,False
1.0,bin,9,-0.007009983062744141,-0.014019966125488281,0.0,427929,CCNc1nc(NCc2ccccc2Cl)c2cnn(C)c2n1,3.060600000000001,CC(C#N)Sc1nc(NCc2ccccc2)c2cnn(C)c2n1,True,2.9795800000000012,-0.08101999999999965,0.4153846153846154,False,True
1.0,bin,9,-0.007009983062744141,-0.014019966125488281,0.0,447130,CCC(NC(=O)C1CCN(C(=O)C2CC2)CC1)c1ccc(C)cc1,3.2109200000000016,CCC(NC(=O)C1CCN(C(=O)C2CC2)CC1)c1ccccc1,True,2.9025000000000016,-0.3084199999999999,0.8,False,True
1.0,bin,9,-0.007009983062744141,-0.014019966125488281,0.0,481908,CCNS(=O)(=O)c1ccc(C)c(C(=O)Nc2ncccc2C)c1,2.24894,Cc1cccnc1NC(=O)c1ccc(S(C)(=O)=O)cc1,True,2.04582,-0.2031200000000002,0.5384615384615384,False,False
1.0,bin,9,-0.007009983062744141,-0.014019966125488281,0.0,485220,Cc1nn(CC(=O)N2CCN(C)CC2)c(C)c1Br,1.03644,C=CCN1CCN(C(=O)Cn2nc(C)c(Cl)c2C)CC1,True,1.48354,0.44710000000000005,0.48,False,True
1.0,bin,9,-0.007009983062744141,-0.014019966125488281,0.0,526363,Cc1nnc(SCC(=O)Nc2ccc(O)cc2)n(N)c1=O,0.09692,CNC(=O)Cn1c(C)nnc(SCC(=O)Nc2ccccc2)c1=O,True,0.4235199999999986,0.3265999999999986,0.4098360655737705,False,True
1.0,bin,9,-0.007009983062744141,-0.014019966125488281,0.0,536853,COc1ccc(C2CCCN2C(=O)C2CCC2)c(OC)c1,3.1674000000000015,COc1ccc(C2CCCN2C(=O)C2CCC2)cc1,True,3.158800000000002,-0.008599999999999497,0.6739130434782609,False,False
1.0,bin,9,-0.007009983062744141,-0.014019966125488281,0.0,540312,Cc1nn(C)c2nc(C3CC3)cc(C(=O)NCC(=O)NC(C)(C)C)c12,1.7986199999999997,CCCNC(=O)CNC(=O)c1cc(C2CC2)nc2c1c(C)nn2C,True,1.410119999999999,-0.38850000000000073,0.7543859649122807,False,True
1.0,bin,9,-0.007009983062744141,-0.014019966125488281,0.0,544381,Cc1nc(N2CCCC(C(=O)NC(C)C)C2)c2c(C)c(C)oc2n1,2.8890600000000006,CCCCC=Nc1nc(C)nc2oc(C)c(C)c12,True,4.040560000000004,1.151500000000003,0.2923076923076923,False,True
1.0,bin,9,-0.007009983062744141,-0.014019966125488281,0.0,544382,CCCNC(=O)C1CCCN(c2nc(C)nc3oc(C)c(C)c23)C1,2.8906600000000013,Cc1nc2c(c(N3CCC(C)(C)CC3)n1)C2NCCCCOCO,True,2.15042,-0.7402400000000013,0.2692307692307692,False,True
1.0,bin,9,-0.007009983062744141,-0.014019966125488281,0.0,550049,Cc1ccc(C)c(OCC(=O)Nc2cccc(-n3cnnc3)c2)c1,2.9016400000000013,Cc1cc(NC(=O)COc2ccccc2)cc(-n2cnnc2)c1C,True,2.9016400000000013,0.0,0.47540983606557374,False,True
1.0,bin,9,-0.007009983062744141,-0.014019966125488281,0.0,573533,Cc1nn(-c2ncc(C(F)(F)F)cc2Cl)c(=O)o1,2.2011199999999995,Cc1noc(=O)n1-c1cc(C(F)(F)F)c(Cl)cn1,True,2.2011199999999995,0.0,0.35714285714285715,False,True
1.0,bin,9,-0.007009983062744141,-0.014019966125488281,0.0,582555,O=C(NCC(O)c1ccccc1)c1ccc2c(=O)n3c(nc2c1)CCC3,1.8061000000000003,C=CCc1nc2cc(C(=O)NCC(O)c3ccc(F)cc3)ccc2c(=O)[nH]1,True,2.2540999999999998,0.4479999999999995,0.43243243243243246,False,True
1.0,bin,9,-0.007009983062744141,-0.014019966125488281,0.0,588547,Cc1n[nH]c(C)c1NC(=O)CCc1ccc(Cl)cc1Cl,3.9046400000000023,Cc1n[nH]c(C)c1NC(=O)CC(C)(C)c1ccc(F)c(F)c1,True,3.6111400000000025,-0.29349999999999987,0.46551724137931033,False,True
1.0,bin,9,-0.007009983062744141,-0.014019966125488281,0.0,607673,CCCN(CC1CC1)S(=O)(=O)c1ccccc1F,2.636400000000001,CCCCN(CC1CC1)S(=O)(=O)c1ccc(O)cc1,True,2.593000000000001,-0.043400000000000105,0.4791666666666667,False,True
1.0,bin,9,-0.007009983062744141,-0.014019966125488281,0.0,617681,Cc1cc(C(=O)Nc2nc(-c3ccncc3)cs2)nn1C(C)C,3.5432200000000016,CC1=CC(C(=O)NC2=NC(c3ccncc3)=CS2=N)N1C(C)C,True,2.24287,-1.3003500000000017,0.2916666666666667,False,True
1.0,bin,9,-0.007009983062744141,-0.014019966125488281,0.0,650267,COc1ccc2oc(C(=O)NC3CCCCNC3=O)c(C)c2c1,2.14832,O=C1NCCCCN1C(=O)C1=CCc2ccccc21,True,1.9581,-0.19022000000000006,0.18666666666666668,False,True
1.0,bin,9,-0.007009983062744141,-0.014019966125488281,0.0,668639,Cc1cc(NC(=O)c2ccccc2Cl)ncc1N,2.8779200000000005,COc1ccc(Cl)cc1C(=O)Nc1ccc(N)cn1,True,2.578099999999999,-0.2998200000000013,0.4107142857142857,False,False
1.0,bin,9,-0.007009983062744141,-0.014019966125488281,0.0,673160,CCC(=O)Nc1ccc2oc(C(F)(F)F)cc(=O)c2c1,3.160300000000001,CCC(=O)Nc1ccc2oc(C(F)(F)F)cc(=O)c2c1,True,3.160300000000001,0.0,1.0,True,False
1.0,bin,9,-0.007009983062744141,-0.014019966125488281,0.0,711169,Cc1cccc(C(C)C)c1NC(=O)N(C)Cc1ccncc1,4.177320000000003,CCC(C)c1ccc(NC(=O)N(C)Cc2ccncc2)cc1,True,4.259000000000003,0.08168000000000042,0.5185185185185185,False,True
1.0,bin,9,-0.007009983062744141,-0.014019966125488281,0.0,720969,Cc1noc(C)c1CCC(=O)OCC(=O)N1c2ccccc2CC1C,2.7450400000000013,Cc1noc(C)c1CCC(=O)OCC(=O)N1c2ccccc2CC1C,True,2.7450400000000013,0.0,1.0,True,False
1.0,bin,9,-0.007009983062744141,-0.014019966125488281,0.0,730789,COC(=O)C1CCN(C(=O)c2cc3ccc(F)cc3nc2C)CC1,2.7075200000000006,CC(=O)NCC1CCCN(C(=O)c2cc3cc(F)ccc3nc2C)C1,True,2.6706200000000013,-0.03689999999999927,0.47761194029850745,False,True
1.0,bin,9,-0.007009983062744141,-0.014019966125488281,0.0,738178,Cc1ccc(-n2ccnc2SCc2nc(C3CC3)no2)cc1C,4.041840000000003,Cc1ccc(C)c(-n2ccnc2SCc2nc(C3CC3)no2)c1,True,4.041840000000003,0.0,0.7454545454545455,False,True
1.0,bin,9,-0.007009983062744141,-0.014019966125488281,0.0,771897,COc1ccccc1OCC(=O)N(C)Cc1sccc1C,3.102520000000002,Cc1ccsc1CN(C)C(=O)COc1ccc(F)cc1,True,3.2330200000000016,0.13049999999999962,0.6530612244897959,False,False
1.0,bin,9,-0.007009983062744141,-0.014019966125488281,0.0,811446,COC(=O)C1(NC(=O)c2cc(Br)c[nH]2)CCCCCC1,2.7730000000000006,O=C(NC1(CO)CCCCC1)c1cc(Br)c[nH]1,True,2.2021999999999995,-0.5708000000000011,0.6086956521739131,False,True
1.0,bin,9,-0.007009983062744141,-0.014019966125488281,0.0,848291,CCC(C)NC(=O)NCc1noc(-c2cccs2)n1,2.3958000000000004,CC(C)C(C)NC(=O)NCc1noc(-c2cccs2)n1,True,2.641800000000001,0.24600000000000044,0.7843137254901961,False,False
1.0,bin,9,-0.007009983062744141,-0.014019966125488281,0.0,863440,COc1ccc(-c2nc(CCCO)cs2)cc1OC,2.752200000000001,C=S1C(CCCOC)N=CC12C=C(OC)C(OC)=C2OC,True,2.3115000000000006,-0.44070000000000054,0.13043478260869565,False,True
1.0,bin,9,-0.007009983062744141,-0.014019966125488281,0.0,864663,N#Cc1ccc(-c2cc(F)ccc2F)nc1N1CCCC1,3.498680000000002,Oc1ccc(-c2cc(F)ccc2F)nc1N1CCCC1,True,3.332600000000002,-0.16608,0.6666666666666666,False,True
1.0,bin,9,-0.007009983062744141,-0.014019966125488281,0.0,872100,CCc1cccc(C)c1NCC(O)c1ccc2c(c1)OCCO2,3.474120000000002,CC(C)c1cccc(NCC(O)c2ccc3c(c2)OCCO3)c1,True,3.726700000000002,0.25258,0.5740740740740741,False,True
1.0,bin,9,-0.007009983062744141,-0.014019966125488281,0.0,886334,COc1ccc(C(=O)N2CCCC(C(=O)N3CCCCC3)C2)c(O)c1,2.2655000000000003,O=C(c1cccc(O)c1)N1CCCC(C(=O)N2CCCCC2)C1,True,2.2569,-0.008600000000000385,0.5576923076923077,False,True
1.0,bin,9,-0.007009983062744141,-0.014019966125488281,0.0,887387,COCCNC(=O)N(Cc1cccc(F)c1)CC1CCCO1,2.1627,CCS(=O)(=O)N(Cc1ccccc1)CC1CCCO1,True,2.0173,-0.14539999999999997,0.38461538461538464,False,True
1.0,bin,9,-0.007009983062744141,-0.014019966125488281,0.0,889149,N#Cc1ccc(NC(=O)c2ccc(Br)cc2Cl)nc1,3.621480000000001,CSc1ccc(Cl)c(C(=O)Nc2ccc(C)cn2)c1,True,4.017620000000003,0.3961400000000017,0.39655172413793105,False,False
1.0,bin,9,-0.007009983062744141,-0.014019966125488281,0.0,913483,O=C(CNC(=O)NCCc1c(Cl)cccc1Cl)NC1CC1,2.1137000000000006,CC=C1C=C1C(C)(C)CNC(=O)NCC(=O)NCCC,True,1.7243000000000002,-0.3894000000000004,0.24193548387096775,False,True
1.0,bin,9,-0.007009983062744141,-0.014019966125488281,0.0,917620,C=CCN(Cc1ccccc1OC)C(=O)c1csc(C)n1,3.288520000000002,CN(Cc1ccccc1OC(F)F)C(=O)C1N=CCS1,True,2.3901000000000003,-0.8984200000000016,0.2777777777777778,False,True
1.0,bin,9,-0.007009983062744141,-0.014019966125488281,0.0,918312,CCOc1ccc(Cl)c(C(=O)N2CCN(c3ncccn3)CC2)n1,1.8860999999999997,O=C(c1cnc(Cl)cn1)N1CCN(c2ncccn2)CC1,True,0.8823999999999997,-1.0036999999999998,0.46296296296296297,False,True
1.0,bin,9,-0.007009983062744141,-0.014019966125488281,0.0,922879,CC(=O)c1ccc(N2CCN(Cc3c(F)cccc3F)CC2)cc1,3.489600000000003,Fc1ccccc1CN1CCN(c2c(F)cccc2F)CC1,True,3.4261000000000017,-0.06350000000000122,0.40425531914893614,False,True
1.0,bin,9,-0.007009983062744141,-0.014019966125488281,0.0,927535,COc1cc(CN2CCN(c3ccccc3F)CC2)ccc1O,2.862100000000002,N#Cc1ccc(CN2CCN(CC(F)F)CC2)c2c(O)ccc(O)c12,True,2.505380000000001,-0.35672000000000104,0.265625,False,True
1.0,bin,9,-0.007009983062744141,-0.014019966125488281,0.0,927567,Cc1ccccc1N1CCN(Cc2cccc(O)c2)CC1,3.022820000000001,Cc1cccc(N2CCN(Cc3cccc(C#N)c3)CC2)c1,True,3.188900000000002,0.1660800000000009,0.41509433962264153,False,True
1.0,bin,9,-0.007009983062744141,-0.014019966125488281,0.0,938108,CC(c1ccccc1)N(C)C(=O)CCC(=O)Nc1nccs1,3.0814000000000012,CC(c1ccccc1)N(C)C(=O)CCC(=O)Nc1nccs1,True,3.0814000000000012,0.0,1.0,True,False
1.0,bin,9,-0.007009983062744141,-0.014019966125488281,0.0,943303,CN(CCCOc1ccccc1)C(=O)Nc1cccc2c1OCCO2,3.390600000000002,O=C(NCCCOc1ccccc1)Nc1cccc2c1OCCO2,True,3.048400000000001,-0.34220000000000095,0.6545454545454545,False,True
1.0,bin,9,-0.007009983062744141,-0.014019966125488281,0.0,946289,CC(NC(=O)C1(c2cc(-c3ccco3)on2)CC1)c1ccccc1,3.843600000000002,CC(NC(=O)C1(c2cc(-c3ccco3)on2)CC1)c1ccccc1,True,3.843600000000002,0.0,1.0,True,False
1.0,bin,9,-0.007009983062744141,-0.014019966125488281,0.0,994077,Cc1nnc(Cn2c(-c3cccc(Br)c3)noc2=O)o1,2.0055199999999997,COc1cccc(-c2noc(=O)n2Cc2nnc(SC)o2)c1,True,1.6650999999999998,-0.34041999999999994,0.559322033898305,False,True
1.0,bin,9,-0.007009983062744141,-0.014019966125488281,0.0,1065620,O=C(NCc1cccnc1Oc1ccccc1)c1cccnc1,3.198900000000002,O=C(NCc1cccnc1Oc1ccccc1)c1cccnc1,True,3.198900000000002,0.0,1.0,True,False
1.0,bin,9,-0.007009983062744141,-0.014019966125488281,0.0,1093926,CN(C(=O)CNc1cccc(OCC2CCCO2)c1)c1ccccc1,3.319300000000002,O=C(CNc1cccc(OCC2CCCO2)c1)Nc1ccccc1,True,3.2950000000000017,-0.02430000000000021,0.7068965517241379,False,False
1.0,bin,9,-0.007009983062744141,-0.014019966125488281,0.0,1107920,CCc1ccc(-n2cc(C(=O)NC(C)c3ccccc3)nn2)cc1,3.320700000000002,CC(NC(=O)c1cn(-c2ccc(F)cc2)nn1)c1ccccc1,True,2.897400000000001,-0.4233000000000011,0.7551020408163265,False,True
1.0,bin,9,-0.007009983062744141,-0.014019966125488281,0.0,1113130,CC(NC(=O)Cn1nnnc1C(C)(C)C)c1cccc2ccccc12,3.0012000000000016,Cc1nnnn1CC(=O)NC(C=Cc1ccccc1)C(C)(C)C,True,2.2258199999999997,-0.775380000000002,0.4153846153846154,False,True
1.0,bin,9,-0.007009983062744141,-0.014019966125488281,0.0,1121751,COC(=O)Cn1ccc(NS(=O)(=O)c2ccc(F)c(F)c2F)n1,1.2742,COC(=O)Cn1ccc(NS(=O)(=O)c2ccc(F)cc2C)n1,True,1.3044200000000001,0.030220000000000136,0.6981132075471698,False,True
1.0,bin,9,-0.007009983062744141,-0.014019966125488281,0.0,1142531,CCOC(C)C(=O)NCCc1csc(-c2ccc(C)cc2)n1,3.2022200000000014,Cc1ccc(-c2nc(CCNC(=O)NC(C)(C)C)cs2)cc1,True,3.758720000000002,0.5565000000000007,0.6111111111111112,False,True
1.0,bin,9,-0.007009983062744141,-0.014019966125488281,0.0,1212157,CN(Cc1ccc(F)c(F)c1)C(=O)c1cncc(-c2cnn(C)c2)c1,3.0325000000000015,CN(Cc1c(F)cccc1F)C(=O)c1cncc(-c2cnn(C)c2)c1,True,3.0325000000000015,0.0,0.7272727272727273,False,True
1.0,bin,9,-0.007009983062744141,-0.014019966125488281,0.0,1215394,CCn1nc(C)cc1C(=O)Oc1cccc(NC(=O)C(C)C)c1,3.025120000000001,CCn1nc(C)cc1C(=O)Oc1ccc(C(=O)N(C)C)c(C)c1,True,2.4408400000000006,-0.5842800000000006,0.5166666666666667,False,True
1.0,bin,9,-0.007009983062744141,-0.014019966125488281,0.0,1232922,CC(C)(C)OC(=O)NC1CCCN(S(=O)(=O)N2CCOCC2)C1,0.5525000000000011,CCC1CN(S(=O)(=O)N2CCCC(NC(=O)OC)C2)CCO1,True,0.16240000000000165,-0.39009999999999945,0.5636363636363636,False,True
1.0,bin,9,-0.007009983062744141,-0.014019966125488281,0.0,1238973,FC(F)(F)c1cnc(N2CCn3c(nnc3C3CC3)C2)c(Cl)c1,3.2429000000000023,CC1CC1n1cnnc1N1CCNN=CC=CC(Cl)=CSC1,True,2.581500000000001,-0.6614000000000013,0.12941176470588237,False,True
1.0,bin,9,-0.007009983062744141,-0.014019966125488281,0.0,1299495,Cc1cc(CC(=O)N2CCCC2C(C#N)c2ccccc2)no1,2.823900000000001,N#Cc1cc(CC(=O)N2CCCC2C2C=CCC(F)=C2)no1,True,2.5092800000000004,-0.31462000000000057,0.3918918918918919,False,True
1.0,bin,9,-0.007009983062744141,-0.014019966125488281,0.0,1309906,CC(C)CC(NC(=O)c1cc(=O)c2ccccc2o1)C(=O)OC(C)C,2.8891000000000018,CC(C)CC(C)N(C)C(=O)c1cc(=O)c2ccccc2o1,True,3.2996000000000016,0.41049999999999986,0.5272727272727272,False,True
1.0,bin,9,-0.007009983062744141,-0.014019966125488281,0.0,1362816,COCc1cccc(C(=O)NC2CC2c2cccc(Cl)c2)c1,3.772300000000002,CCOc1ccc(C2CC2NC(=O)c2cccc(F)c2)cc1,True,3.5103000000000018,-0.26200000000000045,0.46774193548387094,False,True
1.0,bin,9,-0.007009983062744141,-0.014019966125488281,0.0,1441838,COCC(=O)NC(C(=O)Nc1cccc(-c2nccs2)c1)C(C)C,2.5358,CNC(=O)CCC(=O)Nc1cccc(-c2nccs2)c1,True,2.2748,-0.2610000000000001,0.559322033898305,False,True
1.0,bin,9,-0.007009983062744141,-0.014019966125488281,0.0,1450449,CCCNC(=O)CSc1nc2c(cc1C#N)CCCC2,2.450380000000001,CC(C)NC(=O)CSc1nc2c(cc1C#N)CCCC2,True,2.44878,-0.001600000000000712,0.7307692307692307,False,False
1.0,bin,9,-0.007009983062744141,-0.014019966125488281,0.0,1451910,O=S(=O)(NCc1nnc2ccccn12)c1ccc(F)c(F)c1,1.4859999999999995,COc1ccccc1S(=O)(=O)NCc1nnc2ccccn12,True,1.2164,-0.2695999999999996,0.5555555555555556,False,False
1.0,bin,9,-0.007009983062744141,-0.014019966125488281,0.0,1479798,Cc1nc(C)c(CCC(=O)N(CC(C)C)CC(F)(F)F)c(=O)[nH]1,2.3662400000000003,CCCCN(C)C(=O)CCC1=C(C)N=C(C)NC(=O)C1,True,2.2374,-0.1288400000000003,0.21428571428571427,False,True
1.0,bin,9,-0.007009983062744141,-0.014019966125488281,0.0,1507926,COC(=O)C(C)NC(=O)Cc1csc(-c2ccccc2Cl)n1,2.6837,COCCCNC(=O)Cc1csc(-c2ccccc2Cl)n1,True,3.1587000000000014,0.4750000000000014,0.625,False,True
1.0,bin,9,-0.007009983062744141,-0.014019966125488281,0.0,1527882,Nc1ncccc1C(=O)Nc1ccc2cn[nH]c2c1,1.7923999999999998,Nc1ncccc1C(=O)Nc1ccc2cn[nH]c2c1,True,1.7923999999999998,0.0,1.0,True,False
1.0,bin,9,-0.007009983062744141,-0.014019966125488281,0.0,1532848,COc1ccc(-c2ccc3c(=O)[nH]cnc3c2)cc1Cl,3.2521000000000013,O=c1[nH]cnc2ccc(-c3ccccc3Cl)cc12,True,3.243500000000001,-0.008600000000000385,0.46,False,False
1.0,bin,9,-0.007009983062744141,-0.014019966125488281,0.0,1548351,COc1cc(OC)c2c(c1)C(c1cnccn1)NCC2,1.7288999999999999,COc1ccc2c(c1F)CCNC2c1cnccn1,True,1.8593999999999997,0.13049999999999984,0.6274509803921569,False,True
1.0,bin,9,-0.007009983062744141,-0.014019966125488281,0.0,1570134,COc1cccc(C(C)N2CCN(C(=O)c3ccc(O)cc3)CC2)c1,2.9198000000000013,COc1ccc(C(=O)N2CCN(C(C)c3ccccc3)CC2)cc1,True,3.2142000000000017,0.29440000000000044,0.6875,False,True
1.0,bin,9,-0.007009983062744141,-0.014019966125488281,0.0,1611406,CC(C)(C)N1CC(NC(=O)C2COc3ccc(F)cc3C2)CC1=O,1.8923999999999994,CCC(C)N1CC(NC(=O)C2COc3ccc(F)cc3C2)CC1=O,True,1.8923999999999994,0.0,0.6774193548387096,False,True
1.0,bin,9,-0.007009983062744141,-0.014019966125488281,0.0,1612684,CCCC1CN(C(=O)Nc2ccn(CCC(C)C)n2)CCO1,2.9620000000000015,CCC1CN(C(=O)Nc2ccn(CC)n2)CC(C)O1,True,1.9342,-1.0278000000000016,0.484375,False,True
1.0,bin,9,-0.007009983062744141,-0.014019966125488281,0.0,1639675,CCC(CC)c1nnc(NC(=O)c2scnc2C2CC2)s1,4.0279000000000025,CC(C)CCc1nnc(NC(=O)c2scnc2C2CC2)s1,True,3.712900000000003,-0.3149999999999995,0.6666666666666666,False,True
1.0,bin,9,-0.007009983062744141,-0.014019966125488281,0.0,1675660,COc1ccnc(NC(=O)c2cccc(Cl)c2)c1,2.9959000000000007,O=C(Nc1ccccn1)c1cccc(Cl)c1,True,2.987300000000001,-0.008599999999999497,0.6363636363636364,False,True
1.0,bin,9,-0.007009983062744141,-0.014019966125488281,0.0,1689728,CCc1noc(CSc2ncnc3sc(C)cc23)n1,3.237420000000002,Cc1noc(CSc2ncnc3sc(C)cc23)n1,True,2.9834400000000016,-0.2539800000000003,0.7659574468085106,False,False
1.0,bin,9,-0.007009983062744141,-0.014019966125488281,0.0,1720876,CC(C)(C)CC(=O)NCC(=O)Nc1ccc2c(c1)COC2,2.2077,CN(CC(F)(F)F)C(=O)NCc1ccc2c(c1)COC2,True,2.4205000000000005,0.21280000000000054,0.3793103448275862,False,True
1.0,bin,9,-0.007009983062744141,-0.014019966125488281,0.0,1757109,CC(C)Cc1ncc(CNc2ccc3c(c2)COC3)s1,3.983900000000003,CC(C)Cc1ncc(CNc2ccc3c(c2)COC3)s1,True,3.983900000000003,0.0,1.0,True,False
1.0,bin,9,-0.007009983062744141,-0.014019966125488281,0.0,1774061,O=C1NCCCc2[nH]c(-c3cccc4[nH]ccc34)nc21,2.234,O=C1CN=C(c2cccc3[nH]ccc23)NCCCCN1,True,1.4140999999999997,-0.8199000000000003,0.4727272727272727,False,True
1.0,bin,9,-0.007009983062744141,-0.014019966125488281,0.0,1800687,Cc1nn(C)c(-c2nc(-c3cccnn3)no2)c1Cl,1.8889199999999997,CCNN=NCCC=Cc1nc(-c2cccnn2)no1,True,1.9065999999999999,0.01768000000000014,0.3484848484848485,False,True
1.0,bin,9,-0.007009983062744141,-0.014019966125488281,0.0,1815867,FC(F)(F)c1ccc(CN2CCOCC2c2ncon2)cc1,2.661900000000001,Clc1ccc(CN2CCOCC2c2ncon2)cc1,True,2.2965,-0.36540000000000106,0.75,False,False
1.0,bin,9,-0.007009983062744141,-0.014019966125488281,0.0,1828580,Cc1ccc(N2CC3OCC(=O)N(Cc4cccc(F)c4)C3C2)nn1,1.54032,O=C1COC2CNC3CC=CC=CCC=C3C2N1c1cccnn1,True,1.3813999999999997,-0.15892000000000017,0.22093023255813954,False,True
1.0,bin,9,-0.007009983062744141,-0.014019966125488281,0.0,1836183,CCc1ccc(C(=O)NCc2nccc(N(C)C)n2)cc1,2.035,Cc1ccc(C(=O)NCc2nccc(C)n2)cc1,True,2.02344,-0.011560000000000237,0.5416666666666666,False,True
1.0,bin,9,-0.007009983062744141,-0.014019966125488281,0.0,1842499,COc1ccccc1COc1ccccc1-c1cnn(CCO)c1,3.1300000000000017,OCCn1cc(-c2ccccc2OCc2ccccc2)cn1,True,3.1214000000000013,-0.008600000000000385,0.7021276595744681,False,True
1.0,bin,9,-0.007009983062744141,-0.014019966125488281,0.0,1865564,COC(CNC(=O)c1ccoc1)c1cccc(F)c1,2.536200000000001,O=C(F)NCC(O)c1ccccc1C(F)F,True,2.3367000000000004,-0.19950000000000045,0.23728813559322035,False,True
1.0,bin,9,-0.007009983062744141,-0.014019966125488281,0.0,1868773,CCCOc1ccc(Cl)c2c1CCNC2C1CC(=O)C1,3.2947000000000015,CCCCOc1ccc2cc1C1(CCC(=O)C1N)CC2,True,2.739700000000001,-0.5550000000000006,0.30303030303030304,False,True
1.0,bin,9,-0.007009983062744141,-0.014019966125488281,0.0,1873123,CCC1OC(=O)c2c(OC)ccc(Br)c21,3.079200000000002,CC1COC(=O)c2c(Br)cccc21,True,2.7230000000000008,-0.3562000000000012,0.2653061224489796,False,True
1.0,bin,9,-0.007009983062744141,-0.014019966125488281,0.0,1875028,Cc1cccc(C)c1NCC(=O)N1CCCC2CCCCC21,3.8965400000000034,Cc1ccc(NCC(=O)N2CCCC3CCCCC32)cc1C,True,3.8965400000000034,0.0,0.6666666666666666,False,True
1.0,bin,9,-0.007009983062744141,-0.014019966125488281,0.0,1895921,CCC(CC)N(C)C(=O)CC1OC(=O)c2ccccc21,2.935200000000002,CC(C)C(C)N(C)C(=O)CC1OC(=O)c2ccccc21,True,2.791100000000001,-0.14410000000000078,0.7272727272727273,False,True
1.0,bin,9,-0.007009983062744141,-0.014019966125488281,0.0,1907077,Cc1ccc2[nH]nc(C(=O)Nc3nc(-c4ccco4)cs3)c2c1,3.8401200000000015,Cc1ccc2[nH]nc(C(=O)Nc3nc(-c4ccco4)cs3)c2c1,True,3.8401200000000015,0.0,1.0,True,False
1.0,bin,9,-0.007009983062744141,-0.014019966125488281,0.0,1913063,Cc1nn(C)c(C)c1CN(C(=O)c1cn2cccc(C)c2n1)C1CC1,2.797860000000001,CC1=CC=C2NC=C(C(=O)N(Cc3c(C)n[nH]c3N)C3CC3)C12,True,1.73842,-1.0594400000000008,0.3116883116883117,False,True
1.0,bin,9,-0.007009983062744141,-0.014019966125488281,0.0,1922265,CN(CCNC(=O)c1ccc2c(c1)ncn2C)c1ccccc1,2.4395000000000007,Cn1cncc2c(C(=O)NCCNc3ccccc3)ccc1-2,True,2.3668000000000005,-0.07270000000000021,0.3283582089552239,False,True
1.0,bin,10,0.007009983062744141,0.0,0.014019966125488281,32052,COc1ccccc1CNC(=O)Cc1c[nH]c2ccccc12,3.035400000000001,COc1ccc(CNC(=O)Cc2c[nH]c3ccccc23)cc1OC,True,3.0440000000000014,0.008600000000000385,0.7291666666666666,False,False
1.0,bin,10,0.007009983062744141,0.0,0.014019966125488281,116747,COCCSc1ccccc1C(=O)Nc1cccc(C)n1,3.3808200000000017,COCCSc1ccccc1C(=O)Nc1cccc(C)n1,True,3.3808200000000017,0.0,1.0,True,False
1.0,bin,10,0.007009983062744141,0.0,0.014019966125488281,131060,CS(=O)(=O)NCCc1csc(-c2ccc(F)cc2)n1,2.0408999999999997,CC1=CC=C(C=NC(=O)CCNS(C)=O)OC=C1,True,1.2311,-0.8097999999999996,0.1111111111111111,False,True
1.0,bin,10,0.007009983062744141,0.0,0.014019966125488281,131949,CCc1c(C)nc(SCC(=O)NC(C)C)[nH]c1=O,1.25742,CCc1c(C)nc(SCC(=O)NC(C)C)[nH]c1=O,True,1.25742,0.0,1.0,True,False
1.0,bin,10,0.007009983062744141,0.0,0.014019966125488281,158879,COc1ccc(CC(=O)OCC(=O)c2c[nH]c3ccccc23)cc1,3.145100000000001,COc1ccc(CC(=O)OCC(=O)c2c[nH]c3ccccc23)cc1,True,3.145100000000001,0.0,1.0,True,False
1.0,bin,10,0.007009983062744141,0.0,0.014019966125488281,232056,COCCNC(=O)c1cc(=O)c2cc(C)ccc2o1,1.4776199999999993,COCCNC(=O)c1cc(=O)c2ccc(C)cc2o1,True,1.4776199999999995,2.220446049250313e-16,0.8181818181818182,False,True
1.0,bin,10,0.007009983062744141,0.0,0.014019966125488281,235788,O=C(Cn1nc(-c2ccco2)oc1=O)NCC(F)(F)F,0.7747999999999999,O=C(Cn1nc(-c2ccco2)oc1=O)CC(F)(F)F,True,1.6178000000000001,0.8430000000000002,0.7,False,True
1.0,bin,10,0.007009983062744141,0.0,0.014019966125488281,236081,CC(=O)c1c(C)[nH]c(C(=O)CSc2nc(C(C)C)n[nH]2)c1C,3.0506400000000014,CC(=O)c1c(C)[nH]c(C(=O)CSc2nc(C(C)(C)C)n[nH]2)c1C,True,3.2247400000000015,0.17410000000000014,0.6862745098039216,False,True
1.0,bin,10,0.007009983062744141,0.0,0.014019966125488281,281081,O=C(Cn1cccn1)NCc1cccnc1Oc1ccc(F)cc1F,2.665000000000001,O=C(Cn1cccn1)NCc1cccnc1Oc1ccc(F)cc1F,True,2.665000000000001,0.0,1.0,True,False
1.0,bin,10,0.007009983062744141,0.0,0.014019966125488281,284170,COc1ccc(-c2nc(CC(=O)Nc3cccc(C)n3)cs2)cc1,3.7033200000000024,COc1ccc(-c2nc(CC(=O)Nc3ccccn3)cs2)cc1C,True,3.7033200000000024,0.0,0.5806451612903226,False,True
1.0,bin,10,0.007009983062744141,0.0,0.014019966125488281,288369,Cc1ccc(NCc2nnc3n2CCCCC3)cc1C,3.2334400000000016,Cc1ccc(NCc2nnc3n2CCCCC3)cc1C,True,3.2334400000000016,0.0,1.0,True,False
1.0,bin,10,0.007009983062744141,0.0,0.014019966125488281,302889,COc1ccc(OC)c(NC(=O)CCNC(=O)c2cccs2)c1,2.5239000000000003,COc1ccc(OC)c(NC(=O)CCNC(=O)c2cccs2)c1,True,2.5239000000000003,0.0,1.0,True,False
1.0,bin,10,0.007009983062744141,0.0,0.014019966125488281,327141,COc1ccc(OC)c(S(=O)(=O)Nc2ccn(C)n2)c1,1.2381,COc1ccc(OC)c(S(=O)(=O)Nc2ccn(C)n2)c1,True,1.2381,0.0,1.0,True,False
1.0,bin,10,0.007009983062744141,0.0,0.014019966125488281,327382,CNC(=O)C1CN(C(=O)c2c(C)noc2C)c2ccccc2O1,1.4452399999999996,CNC(=O)C1CN(C(=O)c2c(C)noc2NC)Cc2ccccc2O1,True,1.17412,-0.2711199999999996,0.5645161290322581,False,True
1.0,bin,10,0.007009983062744141,0.0,0.014019966125488281,406491,COCCNC(=O)C1CCCN(S(=O)(=O)N2CCOCC2)C1,-0.9619999999999964,COCCNC(=O)C1CCCN(S(=O)(=O)N2CCOCC2)C1,True,-0.9619999999999964,0.0,1.0,True,False
1.0,bin,10,0.007009983062744141,0.0,0.014019966125488281,413951,O=C(Cn1ncn2cccc2c1=O)N1CCCCCC1,0.8985999999999996,O=C(Cn1ncn2cccc2c1=O)N1CCCCCC1,True,0.8985999999999996,0.0,1.0,True,False
1.0,bin,10,0.007009983062744141,0.0,0.014019966125488281,427929,CCNc1nc(NCc2ccccc2Cl)c2cnn(C)c2n1,3.060600000000001,CCNc1nc(NCc2ccc(Cl)cc2)c2cnn(C)c2n1,True,3.060600000000001,0.0,0.6862745098039216,False,False
1.0,bin,10,0.007009983062744141,0.0,0.014019966125488281,447130,CCC(NC(=O)C1CCN(C(=O)C2CC2)CC1)c1ccc(C)cc1,3.2109200000000016,CCC(NC(=O)C1CCN(C(=O)C2CC2)CC1)c1cccc(C)c1,True,3.2109200000000016,0.0,0.7551020408163265,False,True
1.0,bin,10,0.007009983062744141,0.0,0.014019966125488281,481908,CCNS(=O)(=O)c1ccc(C)c(C(=O)Nc2ncccc2C)c1,2.24894,CC1=CC=CS(=O)(=O)NCCC1C(=O)Nc1ncccc1C#N,True,1.2910799999999996,-0.9578600000000006,0.2597402597402597,False,True
1.0,bin,10,0.007009983062744141,0.0,0.014019966125488281,485220,Cc1nn(CC(=O)N2CCN(C)CC2)c(C)c1Br,1.03644,COCCN1CCN(C(=O)Cn2nc(C)c(Br)c2C)CC1,True,1.05304,0.016599999999999948,0.7045454545454546,False,True
1.0,bin,10,0.007009983062744141,0.0,0.014019966125488281,526363,Cc1nnc(SCC(=O)Nc2ccc(O)cc2)n(N)c1=O,0.09692,Cc1nnc(SCC(=O)Nc2cccc(C(N)=O)c2)n(C)c1=O,True,0.3134199999999999,0.21649999999999991,0.5254237288135594,False,True
1.0,bin,10,0.007009983062744141,0.0,0.014019966125488281,536853,COc1ccc(C2CCCN2C(=O)C2CCC2)c(OC)c1,3.1674000000000015,COc1ccc(C2CCCN2C(=O)C2CCC2)cc1OC,True,3.1674000000000015,0.0,0.6326530612244898,False,True
1.0,bin,10,0.007009983062744141,0.0,0.014019966125488281,540312,Cc1nn(C)c2nc(C3CC3)cc(C(=O)NCC(=O)NC(C)(C)C)c12,1.7986199999999997,CNC(=O)CNC(=O)C1C=C2CN(C=NC(C3CC3)=C1)N=C2C,True,0.41850000000000054,-1.3801199999999991,0.25316455696202533,False,True
1.0,bin,10,0.007009983062744141,0.0,0.014019966125488281,544381,Cc1nc(N2CCCC(C(=O)NC(C)C)C2)c2c(C)c(C)oc2n1,2.8890600000000006,Cc1nc(N2CCC(C)(C)CC2)c2c(C(=O)NCC(C)C)coc2n1,True,3.543420000000002,0.6543600000000014,0.3424657534246575,False,True
1.0,bin,10,0.007009983062744141,0.0,0.014019966125488281,544382,CCCNC(=O)C1CCCN(c2nc(C)nc3oc(C)c(C)c23)C1,2.8906600000000013,CCCNC(=O)C1CCN(c2nc(C)nc3oc(C)c(C)c23)CC1,True,2.8906600000000013,0.0,0.7818181818181819,False,False
1.0,bin,10,0.007009983062744141,0.0,0.014019966125488281,550049,Cc1ccc(C)c(OCC(=O)Nc2cccc(-n3cnnc3)c2)c1,2.9016400000000013,Cc1cc(C)cc(OCC(=O)Nc2cccc(-n3cnnc3)c2)c1,True,2.9016400000000013,0.0,0.7115384615384616,False,True
1.0,bin,10,0.007009983062744141,0.0,0.014019966125488281,573533,Cc1nn(-c2ncc(C(F)(F)F)cc2Cl)c(=O)o1,2.2011199999999995,CC=NN(Cl)c1ccc(C(F)(F)F)cn1,True,3.066300000000001,0.8651800000000014,0.25,False,True
1.0,bin,10,0.007009983062744141,0.0,0.014019966125488281,582555,O=C(NCC(O)c1ccccc1)c1ccc2c(=O)n3c(nc2c1)CCC3,1.8061000000000003,O=C(NCC(O)c1ccccc1F)c1ccc2c(=O)n3c(nc2c1)CCC3,True,1.9452,0.13909999999999978,0.7704918032786885,False,True
1.0,bin,10,0.007009983062744141,0.0,0.014019966125488281,588547,Cc1n[nH]c(C)c1NC(=O)CCc1ccc(Cl)cc1Cl,3.9046400000000023,Cc1n[nH]c(C)c1NC(=O)CCc1ccc(Cl)cc1Cl,True,3.9046400000000023,0.0,1.0,True,False
1.0,bin,10,0.007009983062744141,0.0,0.014019966125488281,607673,CCCN(CC1CC1)S(=O)(=O)c1ccccc1F,2.636400000000001,CCCN(CC1CC1)S(=O)(=O)c1cccc(F)c1,True,2.636400000000001,0.0,0.6086956521739131,False,False
1.0,bin,10,0.007009983062744141,0.0,0.014019966125488281,617681,Cc1cc(C(=O)Nc2nc(-c3ccncc3)cs2)nn1C(C)C,3.5432200000000016,Cc1cc(C(=O)Nc2nc(-c3ccnc(F)c3)cs2)nn1C(C)C,True,3.6823200000000016,0.1391,0.7636363636363637,False,True
1.0,bin,10,0.007009983062744141,0.0,0.014019966125488281,650267,COc1ccc2oc(C(=O)NC3CCCCNC3=O)c(C)c2c1,2.14832,COc1ccc2c(C)c(C(=O)NC3CCCCNC3=O)oc2c1,True,2.14832,0.0,0.8545454545454545,False,False
1.0,bin,10,0.007009983062744141,0.0,0.014019966125488281,668639,Cc1cc(NC(=O)c2ccccc2Cl)ncc1N,2.8779200000000005,Cc1ccc(NC(=O)c2ccc(N)cc2Cl)nc1,True,2.8779200000000005,0.0,0.52,False,False
1.0,bin,10,0.007009983062744141,0.0,0.014019966125488281,673160,CCC(=O)Nc1ccc2oc(C(F)(F)F)cc(=O)c2c1,3.160300000000001,CCCC(=O)Nc1ccc2oc(C(F)(F)F)cc(=O)c2c1,True,3.5504000000000016,0.39010000000000034,0.8409090909090909,False,True
1.0,bin,10,0.007009983062744141,0.0,0.014019966125488281,711169,Cc1cccc(C(C)C)c1NC(=O)N(C)Cc1ccncc1,4.177320000000003,CC(C)c1cccc(C(C)C)c1NC(=O)N(C)Cc1ccncc1,True,4.992300000000004,0.8149800000000011,0.8604651162790697,False,False
1.0,bin,10,0.007009983062744141,0.0,0.014019966125488281,720969,Cc1noc(C)c1CCC(=O)OCC(=O)N1c2ccccc2CC1C,2.7450400000000013,Cc1noc(C)c1CCC(=O)OCC(=O)N1c2ccccc2CC1C,True,2.7450400000000013,0.0,1.0,True,False
1.0,bin,10,0.007009983062744141,0.0,0.014019966125488281,730789,COC(=O)C1CCN(C(=O)c2cc3ccc(F)cc3nc2C)CC1,2.7075200000000006,CCc1nc2ccccc2cc1C(=O)N1CCC(C(=O)OC)CC1,True,2.822400000000001,0.11488000000000032,0.559322033898305,False,True
1.0,bin,10,0.007009983062744141,0.0,0.014019966125488281,738178,Cc1ccc(-n2ccnc2SCc2nc(C3CC3)no2)cc1C,4.041840000000003,C1=CCC(n2ccnc2SCc2nc(C3CC3)no2)=C1,True,3.236600000000002,-0.8052400000000013,0.631578947368421,False,True
1.0,bin,10,0.007009983062744141,0.0,0.014019966125488281,771897,COc1ccccc1OCC(=O)N(C)Cc1sccc1C,3.102520000000002,COc1ccc(OCC(=O)N(C)Cc2sccc2C)cc1,True,3.102520000000002,0.0,0.7021276595744681,False,False
1.0,bin,10,0.007009983062744141,0.0,0.014019966125488281,811446,COC(=O)C1(NC(=O)c2cc(Br)c[nH]2)CCCCCC1,2.7730000000000006,CCCCCCC(NC(=O)c1cc(Br)c[nH]1)C(=O)OC,True,3.019,0.24599999999999955,0.42857142857142855,False,True
1.0,bin,10,0.007009983062744141,0.0,0.014019966125488281,848291,CCC(C)NC(=O)NCc1noc(-c2cccs2)n1,2.3958000000000004,CCCNC(=O)NC(C)c1noc(-c2cccs2)n1,True,2.5683000000000007,0.17250000000000032,0.5862068965517241,False,True
1.0,bin,10,0.007009983062744141,0.0,0.014019966125488281,863440,COc1ccc(-c2nc(CCCO)cs2)cc1OC,2.752200000000001,COc1ccc(-c2nc(CCO)cs2)cc1OC,True,2.3621000000000008,-0.39010000000000034,0.85,False,False
1.0,bin,10,0.007009983062744141,0.0,0.014019966125488281,864663,N#Cc1ccc(-c2cc(F)ccc2F)nc1N1CCCC1,3.498680000000002,N#Cc1cc(-c2ccc(F)cc2F)nc(N2CCCC2)c1C#N,True,3.3703600000000025,-0.12831999999999955,0.6122448979591837,False,True
1.0,bin,10,0.007009983062744141,0.0,0.014019966125488281,872100,CCc1cccc(C)c1NCC(O)c1ccc2c(c1)OCCO2,3.474120000000002,CCc1cccc(C)c1NCC(O)c1ccc2c(c1)OCCO2,True,3.474120000000002,0.0,1.0,True,False
1.0,bin,10,0.007009983062744141,0.0,0.014019966125488281,886334,COc1ccc(C(=O)N2CCCC(C(=O)N3CCCCC3)C2)c(O)c1,2.2655000000000003,COc1ccc(C(=O)N2CCCC(C(=O)N3CCCCC3)C2)cc1O,True,2.2655000000000007,4.440892098500626e-16,0.6226415094339622,False,True
1.0,bin,10,0.007009983062744141,0.0,0.014019966125488281,887387,COCCNC(=O)N(Cc1cccc(F)c1)CC1CCCO1,2.1627,COCCNC(=O)N(Cc1ccccc1F)CC1CCCO1,True,2.1627,0.0,0.7,False,True
1.0,bin,10,0.007009983062744141,0.0,0.014019966125488281,889149,N#Cc1ccc(NC(=O)c2ccc(Br)cc2Cl)nc1,3.621480000000001,N#Cc1ccc(NC(=O)c2cc(Br)ccc2Cl)nc1,True,3.621480000000001,0.0,0.8222222222222222,False,False
1.0,bin,10,0.007009983062744141,0.0,0.014019966125488281,913483,O=C(CNC(=O)NCCc1c(Cl)cccc1Cl)NC1CC1,2.1137000000000006,O=C(CNC(=O)NCCc1ccc(Cl)cc1)NC1CC1,True,1.4603,-0.6534000000000006,0.6666666666666666,False,True
1.0,bin,10,0.007009983062744141,0.0,0.014019966125488281,917620,C=CCN(Cc1ccccc1OC)C(=O)c1csc(C)n1,3.288520000000002,C=CCN(Cc1ccccc1F)C(=O)c1csc(C)n1,True,3.4190200000000024,0.1305000000000005,0.7307692307692307,False,True
1.0,bin,10,0.007009983062744141,0.0,0.014019966125488281,918312,CCOc1ccc(Cl)c(C(=O)N2CCN(c3ncccn3)CC2)n1,1.8860999999999997,CCOc1ccc(Cl)c(C(=O)N2CCN(c3ncccn3)CC2)n1,True,1.8860999999999997,0.0,1.0,True,False
1.0,bin,10,0.007009983062744141,0.0,0.014019966125488281,922879,CC(=O)c1ccc(N2CCN(Cc3c(F)cccc3F)CC2)cc1,3.489600000000003,CC(=O)c1c(F)cccc1N1CCN(Cc2ccccc2F)CC1,True,3.489600000000003,0.0,0.49019607843137253,False,True
1.0,bin,10,0.007009983062744141,0.0,0.014019966125488281,927535,COc1cc(CN2CCN(c3ccccc3F)CC2)ccc1O,2.862100000000002,COc1cccc(N2CCN(Cc3ccc(O)cc3F)CC2)c1,True,2.8621000000000016,-4.440892098500626e-16,0.4,False,True
1.0,bin,10,0.007009983062744141,0.0,0.014019966125488281,927567,Cc1ccccc1N1CCN(Cc2cccc(O)c2)CC1,3.022820000000001,COc1ccc(CN2CCN(c3cccc(O)c3)CC2)cc1F,True,2.8621000000000016,-0.16071999999999953,0.46296296296296297,False,True
1.0,bin,10,0.007009983062744141,0.0,0.014019966125488281,938108,CC(c1ccccc1)N(C)C(=O)CCC(=O)Nc1nccs1,3.0814000000000012,CC(NC(=O)CCC(=O)N(C)c1nccs1)c1ccccc1,True,2.7635000000000005,-0.31790000000000074,0.5535714285714286,False,True
1.0,bin,10,0.007009983062744141,0.0,0.014019966125488281,943303,CN(CCCOc1ccccc1)C(=O)Nc1cccc2c1OCCO2,3.390600000000002,CN(CCCOc1ccccc1)C(=O)Nc1cccc2c1OCCO2,True,3.390600000000002,0.0,1.0,True,False
1.0,bin,10,0.007009983062744141,0.0,0.014019966125488281,946289,CC(NC(=O)C1(c2cc(-c3ccco3)on2)CC1)c1ccccc1,3.843600000000002,CC(NC(=O)C1(c2cc(-c3ccco3)on2)CC1)c1ccccc1,True,3.843600000000002,0.0,1.0,True,False
1.0,bin,10,0.007009983062744141,0.0,0.014019966125488281,994077,Cc1nnc(Cn2c(-c3cccc(Br)c3)noc2=O)o1,2.0055199999999997,CC=NN=CCn1c(-c2cccc(Br)c2)noc1=O,True,2.3423,0.3367800000000001,0.5636363636363636,False,True
1.0,bin,10,0.007009983062744141,0.0,0.014019966125488281,1065620,O=C(NCc1cccnc1Oc1ccccc1)c1cccnc1,3.198900000000002,O=C(NCc1cccnc1Oc1ccccc1)c1cccnc1,True,3.198900000000002,0.0,1.0,True,False
1.0,bin,10,0.007009983062744141,0.0,0.014019966125488281,1093926,CN(C(=O)CNc1cccc(OCC2CCCO2)c1)c1ccccc1,3.319300000000002,CN(C(=O)CNc1cccc(OCC2CCCO2)c1)c1ccccc1,True,3.319300000000002,0.0,1.0,True,False
1.0,bin,10,0.007009983062744141,0.0,0.014019966125488281,1107920,CCc1ccc(-n2cc(C(=O)NC(C)c3ccccc3)nn2)cc1,3.320700000000002,CCC(NC(=O)c1cn(-c2ccc(C)cc2)nn1)c1ccccc1,True,3.4568200000000022,0.13612000000000002,0.6296296296296297,False,True
1.0,bin,10,0.007009983062744141,0.0,0.014019966125488281,1113130,CC(NC(=O)Cn1nnnc1C(C)(C)C)c1cccc2ccccc12,3.0012000000000016,CC(Cc1cccc2ccccc12)NC(=O)Cn1nnnc1C(C)C,True,2.6971000000000007,-0.3041000000000009,0.5333333333333333,False,True
1.0,bin,10,0.007009983062744141,0.0,0.014019966125488281,1121751,COC(=O)Cn1ccc(NS(=O)(=O)c2ccc(F)c(F)c2F)n1,1.2742,COC(=O)Cn1ccc(NS(=O)(=O)c2ccc(OC)c(F)c2)n1,True,1.0046,-0.26960000000000006,0.625,False,True
1.0,bin,10,0.007009983062744141,0.0,0.014019966125488281,1142531,CCOC(C)C(=O)NCCc1csc(-c2ccc(C)cc2)n1,3.2022200000000014,CCOC(C)C(=O)NCCc1csc(-c2ccc(OC)cc2)n1,True,2.902400000000001,-0.2998200000000004,0.8076923076923077,False,True
1.0,bin,10,0.007009983062744141,0.0,0.014019966125488281,1212157,CN(Cc1ccc(F)c(F)c1)C(=O)c1cncc(-c2cnn(C)c2)c1,3.0325000000000015,CN(Cc1ccc(F)cc1)C(=O)c1cncc(-c2cnn(C)c2)c1,True,2.8934000000000015,-0.1391,0.8076923076923077,False,True
1.0,bin,10,0.007009983062744141,0.0,0.014019966125488281,1215394,CCn1nc(C)cc1C(=O)Oc1cccc(NC(=O)C(C)C)c1,3.025120000000001,CCn1nc(C)cc1C(=O)Oc1cc(NC(C)=O)ccc1Cl,True,3.042420000000001,0.01729999999999965,0.5245901639344263,False,True
1.0,bin,10,0.007009983062744141,0.0,0.014019966125488281,1232922,CC(C)(C)OC(=O)NC1CCCN(S(=O)(=O)N2CCOCC2)C1,0.5525000000000011,CC(C)CCNC(=O)NC1CCCN(S(=O)(=O)N2CCOCC2)C1,True,0.37310000000000154,-0.17939999999999956,0.5818181818181818,False,True
1.0,bin,10,0.007009983062744141,0.0,0.014019966125488281,1238973,FC(F)(F)c1cnc(N2CCn3c(nnc3C3CC3)C2)c(Cl)c1,3.2429000000000023,C=NNc1nnc(C2CC2Cl)n1CCNC=CC=CC(F)(F)F,True,2.6221000000000005,-0.6208000000000018,0.14634146341463414,False,True
1.0,bin,10,0.007009983062744141,0.0,0.014019966125488281,1299495,Cc1cc(CC(=O)N2CCCC2C(C#N)c2ccccc2)no1,2.823900000000001,Cc1cc(CC(=O)N2CCCC2C(C#N)c2ccccc2)no1,True,2.823900000000001,0.0,1.0,True,False
1.0,bin,10,0.007009983062744141,0.0,0.014019966125488281,1309906,CC(C)CC(NC(=O)c1cc(=O)c2ccccc2o1)C(=O)OC(C)C,2.8891000000000018,CC(C)OC(=O)C(C)(C)NC(=O)c1cc(=O)c2ccccc2o1,True,2.253,-0.6361000000000017,0.5818181818181818,False,True
1.0,bin,10,0.007009983062744141,0.0,0.014019966125488281,1362816,COCc1cccc(C(=O)NC2CC2c2cccc(Cl)c2)c1,3.772300000000002,COc1cccc(C(=O)NC2CC2c2cccc(Cl)c2)c1OC,True,3.6431000000000022,-0.12919999999999998,0.5689655172413793,False,True
1.0,bin,10,0.007009983062744141,0.0,0.014019966125488281,1441838,COCC(=O)NC(C(=O)Nc1cccc(-c2nccs2)c1)C(C)C,2.5358,COCCC(=O)Nc1cccc(-c2nc(C)c(C)s2)c1,True,3.4019400000000015,0.8661400000000015,0.39705882352941174,False,True
1.0,bin,10,0.007009983062744141,0.0,0.014019966125488281,1450449,CCCNC(=O)CSc1nc2c(cc1C#N)CCCC2,2.450380000000001,CCCNC(=O)CSc1nc2c(cc1C#N)CCCC2,True,2.450380000000001,0.0,1.0,True,False
1.0,bin,10,0.007009983062744141,0.0,0.014019966125488281,1451910,O=S(=O)(NCc1nnc2ccccn12)c1ccc(F)c(F)c1,1.4859999999999995,O=S(=O)(NCc1nnc2ccccn12)c1c(F)cccc1F,True,1.4859999999999998,2.220446049250313e-16,0.6875,False,False
1.0,bin,10,0.007009983062744141,0.0,0.014019966125488281,1479798,Cc1nc(C)c(CCC(=O)N(CC(C)C)CC(F)(F)F)c(=O)[nH]1,2.3662400000000003,CC=NC(C)=C(C=O)CCC(=O)N(CC(C)C)CC(F)(F)F,True,3.377100000000002,1.0108600000000019,0.4166666666666667,False,True
1.0,bin,10,0.007009983062744141,0.0,0.014019966125488281,1507926,COC(=O)C(C)NC(=O)Cc1csc(-c2ccccc2Cl)n1,2.6837,COC(=O)C(C)NC(=O)Cc1csc(-c2ccccc2Cl)n1,True,2.6837,0.0,1.0,True,False
1.0,bin,10,0.007009983062744141,0.0,0.014019966125488281,1527882,Nc1ncccc1C(=O)Nc1ccc2cn[nH]c2c1,1.7923999999999998,Nc1ncccc1C(=O)Nc1ccc2cn[nH]c2c1,True,1.7923999999999998,0.0,1.0,True,False
1.0,bin,10,0.007009983062744141,0.0,0.014019966125488281,1532848,COc1ccc(-c2ccc3c(=O)[nH]cnc3c2)cc1Cl,3.2521000000000013,COc1ccc(-c2ccc3c(=O)[nH]cnc3c2)cc1Cl,True,3.2521000000000013,0.0,1.0,True,False
1.0,bin,10,0.007009983062744141,0.0,0.014019966125488281,1548351,COc1cc(OC)c2c(c1)C(c1cnccn1)NCC2,1.7288999999999999,COc1cc2c(cc1OC(C)=O)C(c1cnccn1)NCC2,True,1.6456,-0.08329999999999993,0.543859649122807,False,True
1.0,bin,10,0.007009983062744141,0.0,0.014019966125488281,1570134,COc1cccc(C(C)N2CCN(C(=O)c3ccc(O)cc3)CC2)c1,2.9198000000000013,COc1cccc(C(=O)N2CCN(C(C)c3ccccc3O)CC2)c1,True,2.9198000000000013,0.0,0.6111111111111112,False,True
1.0,bin,10,0.007009983062744141,0.0,0.014019966125488281,1611406,CC(C)(C)N1CC(NC(=O)C2COc3ccc(F)cc3C2)CC1=O,1.8923999999999994,CC1c2cc(Br)ccc2OCC1C(=O)NC1CN(C)C1=O,True,1.518,-0.3743999999999994,0.29333333333333333,False,True
1.0,bin,10,0.007009983062744141,0.0,0.014019966125488281,1612684,CCCC1CN(C(=O)Nc2ccn(CCC(C)C)n2)CCO1,2.9620000000000015,CCCC1CN(C(=O)Nc2ccn(CCC(C)(C)C)n2)CCO1,True,3.352100000000002,0.39010000000000034,0.7758620689655172,False,True
1.0,bin,10,0.007009983062744141,0.0,0.014019966125488281,1639675,CCC(CC)c1nnc(NC(=O)c2scnc2C2CC2)s1,4.0279000000000025,CC(C)CCc1nnc(NC(=O)c2scnc2C2CC2)s1,True,3.712900000000003,-0.3149999999999995,0.6666666666666666,False,True
1.0,bin,10,0.007009983062744141,0.0,0.014019966125488281,1675660,COc1ccnc(NC(=O)c2cccc(Cl)c2)c1,2.9959000000000007,COc1ccnc(NC(=O)c2cc(Cl)ccc2F)c1,True,3.1350000000000016,0.1391000000000009,0.6458333333333334,False,False
1.0,bin,10,0.007009983062744141,0.0,0.014019966125488281,1689728,CCc1noc(CSc2ncnc3sc(C)cc23)n1,3.237420000000002,CCc1noc(CSc2nc(C)nc3sccc23)n1,True,3.237420000000002,0.0,0.5178571428571429,False,True
1.0,bin,10,0.007009983062744141,0.0,0.014019966125488281,1720876,CC(C)(C)CC(=O)NCC(=O)Nc1ccc2c(c1)COC2,2.2077,CC(C)(C)CC(=O)NCC(=O)Nc1ccc2c(c1)COC2,True,2.2077,0.0,1.0,True,False
1.0,bin,10,0.007009983062744141,0.0,0.014019966125488281,1757109,CC(C)Cc1ncc(CNc2ccc3c(c2)COC3)s1,3.983900000000003,CC(C)Cc1ncc(CNc2ccc3c(c2)COC3)s1,True,3.983900000000003,0.0,1.0,True,False
1.0,bin,10,0.007009983062744141,0.0,0.014019966125488281,1774061,O=C1NCCCc2[nH]c(-c3cccc4[nH]ccc34)nc21,2.234,O=C1NCCCc2[nH]c(-c3cccc4[nH]ccc34)nc21,True,2.234,0.0,1.0,True,False
1.0,bin,10,0.007009983062744141,0.0,0.014019966125488281,1800687,Cc1nn(C)c(-c2nc(-c3cccnn3)no2)c1Cl,1.8889199999999997,Cc1nn(C)c(-c2nc(-c3cccnn3)no2)c1Cl,True,1.8889199999999997,0.0,1.0,True,False
1.0,bin,10,0.007009983062744141,0.0,0.014019966125488281,1815867,FC(F)(F)c1ccc(CN2CCOCC2c2ncon2)cc1,2.661900000000001,FC(F)(F)c1ccc(CN2CCOCC2c2ncon2)cc1,True,2.661900000000001,0.0,1.0,True,False
1.0,bin,10,0.007009983062744141,0.0,0.014019966125488281,1828580,Cc1ccc(N2CC3OCC(=O)N(Cc4cccc(F)c4)C3C2)nn1,1.54032,CC1=CC=C(CN2CC3OCC(=O)N(c4ccc(C)nn4)C3C2C)C1,True,1.8659199999999996,0.32559999999999967,0.3815789473684211,False,True
1.0,bin,10,0.007009983062744141,0.0,0.014019966125488281,1836183,CCc1ccc(C(=O)NCc2nccc(N(C)C)n2)cc1,2.035,CCc1ccc(C(=O)NCc2nccc(N(C)C)n2)cc1,True,2.035,0.0,1.0,True,False
1.0,bin,10,0.007009983062744141,0.0,0.014019966125488281,1842499,COc1ccccc1COc1ccccc1-c1cnn(CCO)c1,3.1300000000000017,COC1(c2ccccc2Oc2cnn(CCO)c2C)C=CC=COC1,True,2.9179200000000005,-0.21208000000000116,0.3013698630136986,False,True
1.0,bin,10,0.007009983062744141,0.0,0.014019966125488281,1865564,COC(CNC(=O)c1ccoc1)c1cccc(F)c1,2.536200000000001,COC(CNC(=O)c1ccoc1)c1cc(F)ccc1F,True,2.675300000000001,0.1391,0.6923076923076923,False,True
1.0,bin,10,0.007009983062744141,0.0,0.014019966125488281,1868773,CCCOc1ccc(Cl)c2c1CCNC2C1CC(=O)C1,3.2947000000000015,CCOc1ccc(Cl)c2c1CCNC21CCC(=O)C1,True,2.832700000000001,-0.46200000000000063,0.3870967741935484,False,True
1.0,bin,10,0.007009983062744141,0.0,0.014019966125488281,1873123,CCC1OC(=O)c2c(OC)ccc(Br)c21,3.079200000000002,CCOC1C(=O)Oc2ccc(OC)c(Br)c21,True,2.454300000000001,-0.6249000000000011,0.38,False,True
1.0,bin,10,0.007009983062744141,0.0,0.014019966125488281,1875028,Cc1cccc(C)c1NCC(=O)N1CCCC2CCCCC21,3.8965400000000034,COc1ccc(Cl)cc1NCC(=O)NCCC1CCCCC1,True,3.847100000000003,-0.049440000000000595,0.25,False,True
1.0,bin,10,0.007009983062744141,0.0,0.014019966125488281,1895921,CCC(CC)N(C)C(=O)CC1OC(=O)c2ccccc21,2.935200000000002,CCC(CC)N(C)C(=O)CC1OC(=O)c2ccccc21,True,2.935200000000002,0.0,1.0,True,False
1.0,bin,10,0.007009983062744141,0.0,0.014019966125488281,1907077,Cc1ccc2[nH]nc(C(=O)Nc3nc(-c4ccco4)cs3)c2c1,3.8401200000000015,C[SH]1C=C(c2ccco2)N=C1NC(=O)C1=NNC=CC=CC1,True,2.114,-1.7261200000000017,0.25925925925925924,False,True
1.0,bin,10,0.007009983062744141,0.0,0.014019966125488281,1913063,Cc1nn(C)c(C)c1CN(C(=O)c1cn2cccc(C)c2n1)C1CC1,2.797860000000001,CC1=CC=C2NC=C(C(=O)N(c3cnn(C)c3C)C3CC3N)C12,True,1.10822,-1.689640000000001,0.20238095238095238,False,True
1.0,bin,10,0.007009983062744141,0.0,0.014019966125488281,1922265,CN(CCNC(=O)c1ccc2c(c1)ncn2C)c1ccccc1,2.4395000000000007,C=NCCNC(=O)c1cccc(N=CN)c1,True,0.7355,-1.7040000000000006,0.2727272727272727,False,True
1.0,bin,11,0.0693100094795227,0.014019966125488281,0.12460005283355713,32052,COc1ccccc1CNC(=O)Cc1c[nH]c2ccccc12,3.035400000000001,CN(C)c1cccc(CNC(=O)Cc2c[nH]c3ccccc23)c1,True,3.0928000000000013,0.05740000000000034,0.5660377358490566,False,False
1.0,bin,11,0.0693100094795227,0.014019966125488281,0.12460005283355713,116747,COCCSc1ccccc1C(=O)Nc1cccc(C)n1,3.3808200000000017,COc1cccc(C(=O)Nc2ncccc2C)c1OC(F)F,True,3.252320000000001,-0.12850000000000072,0.27941176470588236,False,False
1.0,bin,11,0.0693100094795227,0.014019966125488281,0.12460005283355713,131060,CS(=O)(=O)NCCc1csc(-c2ccc(F)cc2)n1,2.0408999999999997,C=CNS(=O)(=O)NCCC(N=CC1=CC=C(C)C1)SC,True,1.9803,-0.060599999999999765,0.17142857142857143,False,True
1.0,bin,11,0.0693100094795227,0.014019966125488281,0.12460005283355713,131949,CCc1c(C)nc(SCC(=O)NC(C)C)[nH]c1=O,1.25742,Cc1nc(SCC(=O)NC(C)C)[nH]c(=O)c1C,True,1.0034399999999999,-0.2539800000000001,0.7441860465116279,False,False
1.0,bin,11,0.0693100094795227,0.014019966125488281,0.12460005283355713,158879,COc1ccc(CC(=O)OCC(=O)c2c[nH]c3ccccc23)cc1,3.145100000000001,O=C(CC1C=CC=COC1)OCC(=O)c1c[nH]c2ccccc12,True,3.0002000000000013,-0.1448999999999998,0.4838709677419355,False,True
1.0,bin,11,0.0693100094795227,0.014019966125488281,0.12460005283355713,232056,COCCNC(=O)c1cc(=O)c2cc(C)ccc2o1,1.4776199999999993,CCN(CCO)C(=O)c1cc(=O)c2cc(Cl)ccc2o1,True,1.9007999999999998,0.42318000000000056,0.3898305084745763,False,True
1.0,bin,11,0.0693100094795227,0.014019966125488281,0.12460005283355713,235788,O=C(Cn1nc(-c2ccco2)oc1=O)NCC(F)(F)F,0.7747999999999999,CC(C)CCNC(=O)Cn1nc(-c2ccco2)oc1=O,True,1.2586000000000002,0.48380000000000023,0.6666666666666666,False,True
1.0,bin,11,0.0693100094795227,0.014019966125488281,0.12460005283355713,236081,CC(=O)c1c(C)[nH]c(C(=O)CSc2nc(C(C)C)n[nH]2)c1C,3.0506400000000014,CC(=O)c1c(C)[nH]c(C(=O)CSc2nc(C(C)C)n[nH]2)c1C,True,3.0506400000000014,0.0,1.0,True,False
1.0,bin,11,0.0693100094795227,0.014019966125488281,0.12460005283355713,281081,O=C(Cn1cccn1)NCc1cccnc1Oc1ccc(F)cc1F,2.665000000000001,Cc1cc(C)n(CC(=O)NCc2cccnc2Oc2ccccc2)n1,True,3.0036400000000016,0.3386400000000007,0.47058823529411764,False,True
1.0,bin,11,0.0693100094795227,0.014019966125488281,0.12460005283355713,284170,COc1ccc(-c2nc(CC(=O)Nc3cccc(C)n3)cs2)cc1,3.7033200000000024,Cc1ccc(NC(=O)Cc2csc(-c3ccccc3F)n2)nc1,True,3.833820000000002,0.13049999999999962,0.453125,False,True
1.0,bin,11,0.0693100094795227,0.014019966125488281,0.12460005283355713,288369,Cc1ccc(NCc2nnc3n2CCCCC3)cc1C,3.2334400000000016,Fc1ccc(NCc2nnc3n2CCCCC3)c(Br)c1,True,3.518200000000003,0.28476000000000123,0.5370370370370371,False,True
1.0,bin,11,0.0693100094795227,0.014019966125488281,0.12460005283355713,302889,COc1ccc(OC)c(NC(=O)CCNC(=O)c2cccs2)c1,2.5239000000000003,O=C(CCNC(=O)c1cccs1)Nc1ccc(F)cc1,True,2.6458000000000004,0.12190000000000012,0.5272727272727272,False,False
1.0,bin,11,0.0693100094795227,0.014019966125488281,0.12460005283355713,327141,COc1ccc(OC)c(S(=O)(=O)Nc2ccn(C)n2)c1,1.2381,COc1ccc(F)cc1S(=O)(=O)Nc1ccn(C)n1,True,1.3686,0.13050000000000006,0.7555555555555555,False,True
1.0,bin,11,0.0693100094795227,0.014019966125488281,0.12460005283355713,327382,CNC(=O)C1CN(C(=O)c2c(C)noc2C)c2ccccc2O1,1.4452399999999996,Cc1noc(C(N)=O)c1C(=O)NC1c2ccccc2OC1C(C)C,True,1.9700199999999997,0.52478,0.323943661971831,False,True
1.0,bin,11,0.0693100094795227,0.014019966125488281,0.12460005283355713,406491,COCCNC(=O)C1CCCN(S(=O)(=O)N2CCOCC2)C1,-0.9619999999999964,CCOC(=O)C1CCCN(S(=O)(=O)N2CCOC(C)C2)C1,True,0.22700000000000142,1.1889999999999978,0.4576271186440678,False,True
1.0,bin,11,0.0693100094795227,0.014019966125488281,0.12460005283355713,413951,O=C(Cn1ncn2cccc2c1=O)N1CCCCCC1,0.8985999999999996,CN(C)C(C(=O)N1CCCCCC1)n1ncn2cccc2c1=O,True,0.9587999999999992,0.06019999999999959,0.5370370370370371,False,True
1.0,bin,11,0.0693100094795227,0.014019966125488281,0.12460005283355713,427929,CCNc1nc(NCc2ccccc2Cl)c2cnn(C)c2n1,3.060600000000001,CCNc1nc(NCc2cccc(Cl)c2)c2cnn(C)c2n1,True,3.060600000000001,0.0,0.6666666666666666,False,False
1.0,bin,11,0.0693100094795227,0.014019966125488281,0.12460005283355713,447130,CCC(NC(=O)C1CCN(C(=O)C2CC2)CC1)c1ccc(C)cc1,3.2109200000000016,C#CC(=CC=CC)C1(NC(=O)C2CCN(CC(C)C)CC2)CCC1=O,True,2.708000000000001,-0.5029200000000005,0.2236842105263158,False,True
1.0,bin,11,0.0693100094795227,0.014019966125488281,0.12460005283355713,481908,CCNS(=O)(=O)c1ccc(C)c(C(=O)Nc2ncccc2C)c1,2.24894,Cc1cccnc1NC(=O)c1cccc(CNS(C)(=O)=O)c1,True,1.69152,-0.5574200000000002,0.4915254237288136,False,True
1.0,bin,11,0.0693100094795227,0.014019966125488281,0.12460005283355713,485220,Cc1nn(CC(=O)N2CCN(C)CC2)c(C)c1Br,1.03644,CC1=NN(CC(=O)N2CCN(C)CC2C)CC(C)=C1Br,True,1.5093000000000003,0.4728600000000003,0.3103448275862069,False,True
1.0,bin,11,0.0693100094795227,0.014019966125488281,0.12460005283355713,526363,Cc1nnc(SCC(=O)Nc2ccc(O)cc2)n(N)c1=O,0.09692,Cc1nnc(SCC(=O)Nc2cccc(O)c2)n(N)c1=O,True,0.09691999999999984,-1.6653345369377348e-16,0.76,False,False
1.0,bin,11,0.0693100094795227,0.014019966125488281,0.12460005283355713,536853,COc1ccc(C2CCCN2C(=O)C2CCC2)c(OC)c1,3.1674000000000015,O=C(C1CCC1)N1CCCC1c1cccc(F)c1,True,3.2893000000000026,0.12190000000000101,0.5,False,True
1.0,bin,11,0.0693100094795227,0.014019966125488281,0.12460005283355713,540312,Cc1nn(C)c2nc(C3CC3)cc(C(=O)NCC(=O)NC(C)(C)C)c12,1.7986199999999997,CC=NN(C)C=NC1=CC(C(=O)NCCC(=O)N(C)C(C)C)=CC12CC2,True,1.9293999999999998,0.13078000000000012,0.12087912087912088,False,True
1.0,bin,11,0.0693100094795227,0.014019966125488281,0.12460005283355713,544381,Cc1nc(N2CCCC(C(=O)NC(C)C)C2)c2c(C)c(C)oc2n1,2.8890600000000006,Cc1oc2nc(N3CCC(C(=O)N(C)C)CC3)cc(C)c2c1C,True,3.057660000000001,0.16860000000000053,0.373134328358209,False,True
1.0,bin,11,0.0693100094795227,0.014019966125488281,0.12460005283355713,544382,CCCNC(=O)C1CCCN(c2nc(C)nc3oc(C)c(C)c23)C1,2.8906600000000013,C=CCOC(=O)CCCC=Nc1ncnc2oc(C)c(C)c12,True,3.4414400000000027,0.5507800000000014,0.21686746987951808,False,True
1.0,bin,11,0.0693100094795227,0.014019966125488281,0.12460005283355713,550049,Cc1ccc(C)c(OCC(=O)Nc2cccc(-n3cnnc3)c2)c1,2.9016400000000013,CC(Oc1ccccc1)C(=O)Nc1cccc(-n2cnnc2)c1,True,2.673300000000001,-0.2283400000000002,0.4666666666666667,False,True
1.0,bin,11,0.0693100094795227,0.014019966125488281,0.12460005283355713,573533,Cc1nn(-c2ncc(C(F)(F)F)cc2Cl)c(=O)o1,2.2011199999999995,Cc1nn(-c2ccc(C(F)(F)F)cn2)c(=O)o1,True,1.5477199999999995,-0.6534,0.5869565217391305,False,True
1.0,bin,11,0.0693100094795227,0.014019966125488281,0.12460005283355713,582555,O=C(NCC(O)c1ccccc1)c1ccc2c(=O)n3c(nc2c1)CCC3,1.8061000000000003,O=C1CCC(c2ccccc2)c2nc3cc(ccc3c(=O)[nH]2)C(O)CN1,True,1.9983999999999993,0.19229999999999903,0.2345679012345679,False,True
1.0,bin,11,0.0693100094795227,0.014019966125488281,0.12460005283355713,588547,Cc1n[nH]c(C)c1NC(=O)CCc1ccc(Cl)cc1Cl,3.9046400000000023,Cc1n[nH]c(C)c1NC(=O)CCc1ccccc1C(F)(F)F,True,3.616640000000002,-0.28800000000000026,0.5740740740740741,False,True
1.0,bin,11,0.0693100094795227,0.014019966125488281,0.12460005283355713,607673,CCCN(CC1CC1)S(=O)(=O)c1ccccc1F,2.636400000000001,CCCN(CC1CC1)S(=O)(=O)c1cccc(F)c1,True,2.636400000000001,0.0,0.6086956521739131,False,False
1.0,bin,11,0.0693100094795227,0.014019966125488281,0.12460005283355713,617681,Cc1cc(C(=O)Nc2nc(-c3ccncc3)cs2)nn1C(C)C,3.5432200000000016,CCCCn1ccc(C(=O)Nc2nc(-c3ccncc3)cs2)n1,True,3.4540000000000015,-0.08922000000000008,0.5409836065573771,False,True
1.0,bin,11,0.0693100094795227,0.014019966125488281,0.12460005283355713,650267,COc1ccc2oc(C(=O)NC3CCCCNC3=O)c(C)c2c1,2.14832,O=C(NC1CCCCNC1=O)c1cc2ccccc2o1,True,1.8312999999999993,-0.31702000000000075,0.49206349206349204,False,True
1.0,bin,11,0.0693100094795227,0.014019966125488281,0.12460005283355713,668639,Cc1cc(NC(=O)c2ccccc2Cl)ncc1N,2.8779200000000005,Cc1cnc(NC(=O)c2cccc(Cl)c2Cl)cc1C(=O)N(C)C,True,3.650920000000003,0.7730000000000024,0.5283018867924528,False,True
1.0,bin,11,0.0693100094795227,0.014019966125488281,0.12460005283355713,673160,CCC(=O)Nc1ccc2oc(C(F)(F)F)cc(=O)c2c1,3.160300000000001,CC(C)(C)NC(=O)Cc1cc(=O)c2cc(C(F)(F)F)ccc2o1,True,3.269000000000002,0.10870000000000068,0.4642857142857143,False,True
1.0,bin,11,0.0693100094795227,0.014019966125488281,0.12460005283355713,711169,Cc1cccc(C(C)C)c1NC(=O)N(C)Cc1ccncc1,4.177320000000003,CC(C)c1cccc(C(F)F)c1NC(=O)NCc1ccncc1,True,4.464300000000002,0.2869799999999998,0.48214285714285715,False,True
1.0,bin,11,0.0693100094795227,0.014019966125488281,0.12460005283355713,720969,Cc1noc(C)c1CCC(=O)OCC(=O)N1c2ccccc2CC1C,2.7450400000000013,Cc1noc(C)c1CCC(=O)OCC(=O)N1c2ccccc2CC1C,True,2.7450400000000013,0.0,1.0,True,False
1.0,bin,11,0.0693100094795227,0.014019966125488281,0.12460005283355713,730789,COC(=O)C1CCN(C(=O)c2cc3ccc(F)cc3nc2C)CC1,2.7075200000000006,COC(=O)C1CCN(C(=O)c2cc3cc(F)ccc3nc2C)CC1,True,2.7075200000000006,0.0,0.84,False,True
1.0,bin,11,0.0693100094795227,0.014019966125488281,0.12460005283355713,738178,Cc1ccc(-n2ccnc2SCc2nc(C3CC3)no2)cc1C,4.041840000000003,Cc1cc(C)cc(-n2ccnc2SCc2nc(C3CC3)no2)c1,True,4.041840000000003,0.0,0.7692307692307693,False,False
1.0,bin,11,0.0693100094795227,0.014019966125488281,0.12460005283355713,771897,COc1ccccc1OCC(=O)N(C)Cc1sccc1C,3.102520000000002,CN(Cc1sccc1C#N)C(=O)COC1C=CC=COC1,True,2.06348,-1.0390400000000017,0.34782608695652173,False,True
1.0,bin,11,0.0693100094795227,0.014019966125488281,0.12460005283355713,811446,COC(=O)C1(NC(=O)c2cc(Br)c[nH]2)CCCCCC1,2.7730000000000006,COC(=O)C1(NC(=O)c2cc(C)cn2C)CCCCC1,True,1.9392199999999993,-0.8337800000000013,0.49019607843137253,False,True
1.0,bin,11,0.0693100094795227,0.014019966125488281,0.12460005283355713,848291,CCC(C)NC(=O)NCc1noc(-c2cccs2)n1,2.3958000000000004,CC(C)CC(=O)NCc1noc(-c2cccs2)n1,True,2.460400000000001,0.06460000000000043,0.6792452830188679,False,True
1.0,bin,11,0.0693100094795227,0.014019966125488281,0.12460005283355713,863440,COc1ccc(-c2nc(CCCO)cs2)cc1OC,2.752200000000001,CCOc1c(F)cc(-c2nc(CCO)cs2)cc1F,True,3.0218000000000016,0.2696000000000005,0.4339622641509434,False,True
1.0,bin,11,0.0693100094795227,0.014019966125488281,0.12460005283355713,864663,N#Cc1ccc(-c2cc(F)ccc2F)nc1N1CCCC1,3.498680000000002,CCOc1ccc(-c2ccc(C#N)c(N3CCCC3)n2)cc1,True,3.619180000000002,0.12049999999999983,0.48148148148148145,False,True
1.0,bin,11,0.0693100094795227,0.014019966125488281,0.12460005283355713,872100,CCc1cccc(C)c1NCC(O)c1ccc2c(c1)OCCO2,3.474120000000002,COc1c(C)cc(NCC(O)c2ccc3c(c2)OCCO3)cc1Cl,True,3.5737200000000016,0.09959999999999969,0.5166666666666667,False,True
1.0,bin,11,0.0693100094795227,0.014019966125488281,0.12460005283355713,886334,COc1ccc(C(=O)N2CCCC(C(=O)N3CCCCC3)C2)c(O)c1,2.2655000000000003,O=C1NCCCCOC2CCCCCN2C(=O)c2ccccc21,True,2.5691000000000006,0.3036000000000003,0.1643835616438356,False,True
1.0,bin,11,0.0693100094795227,0.014019966125488281,0.12460005283355713,887387,COCCNC(=O)N(Cc1cccc(F)c1)CC1CCCO1,2.1627,COCCNC(=O)N(Cc1cc(OC)ccc1OC)C1CCCO1,True,1.9982999999999993,-0.16440000000000077,0.4507042253521127,False,True
1.0,bin,11,0.0693100094795227,0.014019966125488281,0.12460005283355713,889149,N#Cc1ccc(NC(=O)c2ccc(Br)cc2Cl)nc1,3.621480000000001,N#Cc1ccc(NC(=O)c2ccc(Cl)cc2)nc1Cl,True,3.512380000000001,-0.10909999999999975,0.3392857142857143,False,True
1.0,bin,11,0.0693100094795227,0.014019966125488281,0.12460005283355713,913483,O=C(CNC(=O)NCCc1c(Cl)cccc1Cl)NC1CC1,2.1137000000000006,CC(Cc1ccccc1Cl)NC(=O)NCC(=O)NC1CC1,True,1.8488000000000002,-0.26490000000000036,0.5283018867924528,False,True
1.0,bin,11,0.0693100094795227,0.014019966125488281,0.12460005283355713,917620,C=CCN(Cc1ccccc1OC)C(=O)c1csc(C)n1,3.288520000000002,Cc1nc(C(=O)N(C)Cc2cc(F)cc(F)c2)cs1,True,3.001920000000002,-0.28659999999999997,0.4067796610169492,False,True
1.0,bin,11,0.0693100094795227,0.014019966125488281,0.12460005283355713,918312,CCOc1ccc(Cl)c(C(=O)N2CCN(c3ncccn3)CC2)n1,1.8860999999999997,CCOc1cccnc1N1CCN(C(=O)c2nccc(C)n2)CC1,True,1.5411199999999998,-0.34497999999999984,0.42857142857142855,False,True
1.0,bin,11,0.0693100094795227,0.014019966125488281,0.12460005283355713,922879,CC(=O)c1ccc(N2CCN(Cc3c(F)cccc3F)CC2)cc1,3.489600000000003,N#Cc1ccc(N2CCN(Cc3ccc(F)c(F)c3F)CC2)c(F)c1,True,3.436880000000002,-0.052720000000000766,0.26229508196721313,False,True
1.0,bin,11,0.0693100094795227,0.014019966125488281,0.12460005283355713,927535,COc1cc(CN2CCN(c3ccccc3F)CC2)ccc1O,2.862100000000002,COc1ccc(N2CCN(Cc3ccccc3O)CC2)cc1F,True,2.8621000000000008,-1.3322676295501878e-15,0.5,False,True
1.0,bin,11,0.0693100094795227,0.014019966125488281,0.12460005283355713,927567,Cc1ccccc1N1CCN(Cc2cccc(O)c2)CC1,3.022820000000001,CCc1cc(CN2CCN(c3cccc(O)c3)CC2)ccc1OC,True,3.285400000000002,0.2625800000000007,0.45454545454545453,False,True
1.0,bin,11,0.0693100094795227,0.014019966125488281,0.12460005283355713,938108,CC(c1ccccc1)N(C)C(=O)CCC(=O)Nc1nccs1,3.0814000000000012,Cc1csc(NC(=O)CCC(=O)NC(C)c2ccccc2)n1,True,3.047620000000002,-0.033779999999999255,0.48214285714285715,False,True
1.0,bin,11,0.0693100094795227,0.014019966125488281,0.12460005283355713,943303,CN(CCCOc1ccccc1)C(=O)Nc1cccc2c1OCCO2,3.390600000000002,O=C(NCCCOC1=CC=COC1)Nc1cccc2c1OCCO2,True,2.4138,-0.9768000000000017,0.4696969696969697,False,True
1.0,bin,11,0.0693100094795227,0.014019966125488281,0.12460005283355713,946289,CC(NC(=O)C1(c2cc(-c3ccco3)on2)CC1)c1ccccc1,3.843600000000002,O=C(NCc1ccccc1Cl)C1(c2cc(-c3ccco3)on2)CC1,True,3.9360000000000026,0.09240000000000048,0.5833333333333334,False,False
1.0,bin,11,0.0693100094795227,0.014019966125488281,0.12460005283355713,994077,Cc1nnc(Cn2c(-c3cccc(Br)c3)noc2=O)o1,2.0055199999999997,CCc1nnc(Cn2c(-c3cccc(Cl)c3)noc2=O)o1,True,2.1503999999999994,0.14487999999999968,0.6111111111111112,False,True
1.0,bin,11,0.0693100094795227,0.014019966125488281,0.12460005283355713,1065620,O=C(NCc1cccnc1Oc1ccccc1)c1cccnc1,3.198900000000002,C=CC=CC=COc1ncccc1CN=C,True,2.916900000000001,-0.2820000000000009,0.24193548387096775,False,True
1.0,bin,11,0.0693100094795227,0.014019966125488281,0.12460005283355713,1093926,CN(C(=O)CNc1cccc(OCC2CCCO2)c1)c1ccccc1,3.319300000000002,CC(=O)c1ccccc1NCC(=O)Nc1cccc(OCC2CCCO2)c1,True,3.497600000000002,0.17830000000000013,0.5735294117647058,False,True
1.0,bin,11,0.0693100094795227,0.014019966125488281,0.12460005283355713,1107920,CCc1ccc(-n2cc(C(=O)NC(C)c3ccccc3)nn2)cc1,3.320700000000002,CCC(NC(=O)c1cn(-c2ccc(F)cc2)nn1)c1ccc(F)cc1,True,3.4266000000000014,0.10589999999999922,0.5357142857142857,False,True
1.0,bin,11,0.0693100094795227,0.014019966125488281,0.12460005283355713,1113130,CC(NC(=O)Cn1nnnc1C(C)(C)C)c1cccc2ccccc12,3.0012000000000016,CC(NC(=O)Cn1nnnc1C(C)(C)C)c1cccc2ccccc12,True,3.0012000000000016,0.0,1.0,True,False
1.0,bin,11,0.0693100094795227,0.014019966125488281,0.12460005283355713,1121751,COC(=O)Cn1ccc(NS(=O)(=O)c2ccc(F)c(F)c2F)n1,1.2742,O=S(=O)(Nc1ccn(CCCC(F)F)n1)c1cc(F)ccc1O,True,2.5739000000000014,1.2997000000000014,0.4,False,True
1.0,bin,11,0.0693100094795227,0.014019966125488281,0.12460005283355713,1142531,CCOC(C)C(=O)NCCc1csc(-c2ccc(C)cc2)n1,3.2022200000000014,CC(C)(C)NC(=O)CNC(=O)Cc1csc(-c2ccc(Cl)cc2)n1,True,3.036900000000001,-0.16532000000000036,0.36923076923076925,False,True
1.0,bin,11,0.0693100094795227,0.014019966125488281,0.12460005283355713,1212157,CN(Cc1ccc(F)c(F)c1)C(=O)c1cncc(-c2cnn(C)c2)c1,3.0325000000000015,Cc1ccccc1CN(C)C(=O)c1cncc(-c2cnn(C)c2)c1,True,3.0627200000000014,0.030219999999999914,0.6379310344827587,False,True
1.0,bin,11,0.0693100094795227,0.014019966125488281,0.12460005283355713,1215394,CCn1nc(C)cc1C(=O)Oc1cccc(NC(=O)C(C)C)c1,3.025120000000001,CCn1nc(C)cc1C(=O)Oc1ccc(C(=O)N(C)C)cc1,True,2.1324199999999998,-0.8927000000000014,0.5172413793103449,False,True
1.0,bin,11,0.0693100094795227,0.014019966125488281,0.12460005283355713,1232922,CC(C)(C)OC(=O)NC1CCCN(S(=O)(=O)N2CCOCC2)C1,0.5525000000000011,CC(C)(C)C(=O)NC1CCN(S(=O)(=O)N2CCOCC2)CC1,True,0.1901000000000017,-0.3623999999999994,0.52,False,True
1.0,bin,11,0.0693100094795227,0.014019966125488281,0.12460005283355713,1238973,FC(F)(F)c1cnc(N2CCn3c(nnc3C3CC3)C2)c(Cl)c1,3.2429000000000023,CC(C)c1cccnc1NC1CCc2nnc(C(F)(F)F)n2C1,True,3.2422000000000013,-0.0007000000000010331,0.2236842105263158,False,True
1.0,bin,11,0.0693100094795227,0.014019966125488281,0.12460005283355713,1299495,Cc1cc(CC(=O)N2CCCC2C(C#N)c2ccccc2)no1,2.823900000000001,CC1=CC(C2CCCN2C(=O)Cc2cc(C#N)on2)C=CNC1C,True,2.1476800000000003,-0.6762200000000007,0.40789473684210525,False,True
1.0,bin,11,0.0693100094795227,0.014019966125488281,0.12460005283355713,1309906,CC(C)CC(NC(=O)c1cc(=O)c2ccccc2o1)C(=O)OC(C)C,2.8891000000000018,CC(C)CCC(C#N)NC(=O)c1cc(=O)c2ccccc2o1,True,2.851180000000001,-0.03792000000000062,0.5614035087719298,False,True
1.0,bin,11,0.0693100094795227,0.014019966125488281,0.12460005283355713,1362816,COCc1cccc(C(=O)NC2CC2c2cccc(Cl)c2)c1,3.772300000000002,O=C(NC1CC1c1ccccc1)c1ccccc1Cl,True,3.6259000000000023,-0.14639999999999986,0.4107142857142857,False,True
1.0,bin,11,0.0693100094795227,0.014019966125488281,0.12460005283355713,1441838,COCC(=O)NC(C(=O)Nc1cccc(-c2nccs2)c1)C(C)C,2.5358,O=C(NCC(F)F)Nc1cccc(-c2nccs2)c1,True,3.1967000000000017,0.6609000000000016,0.5409836065573771,False,True
1.0,bin,11,0.0693100094795227,0.014019966125488281,0.12460005283355713,1450449,CCCNC(=O)CSc1nc2c(cc1C#N)CCCC2,2.450380000000001,CC(=O)C(C)Sc1nc2c(cc1C(N)=O)CCCC2,True,2.1289,-0.3214800000000011,0.3492063492063492,False,True
1.0,bin,11,0.0693100094795227,0.014019966125488281,0.12460005283355713,1451910,O=S(=O)(NCc1nnc2ccccn12)c1ccc(F)c(F)c1,1.4859999999999995,CCOc1ccccc1S(=O)(=O)NCc1nnc2ccccn12,True,1.6065,0.1205000000000005,0.5357142857142857,False,True
1.0,bin,11,0.0693100094795227,0.014019966125488281,0.12460005283355713,1479798,Cc1nc(C)c(CCC(=O)N(CC(C)C)CC(F)(F)F)c(=O)[nH]1,2.3662400000000003,Cc1nc(C)c(CCC(=O)NC(C)CCC(C)(C)C)c(=O)[nH]1,True,2.65034,0.2840999999999996,0.4745762711864407,False,True
1.0,bin,11,0.0693100094795227,0.014019966125488281,0.12460005283355713,1507926,COC(=O)C(C)NC(=O)Cc1csc(-c2ccccc2Cl)n1,2.6837,COCC(C)NC(=O)Cc1csc(-c2ccccc2Cl)n1,True,3.1571000000000007,0.4734000000000007,0.75,False,True
1.0,bin,11,0.0693100094795227,0.014019966125488281,0.12460005283355713,1527882,Nc1ncccc1C(=O)Nc1ccc2cn[nH]c2c1,1.7923999999999998,COc1ccc(OC)c(C(=O)Nc2ccc3cn[nH]c3c2)c1,True,2.8324000000000007,1.040000000000001,0.5357142857142857,False,True
1.0,bin,11,0.0693100094795227,0.014019966125488281,0.12460005283355713,1532848,COc1ccc(-c2ccc3c(=O)[nH]cnc3c2)cc1Cl,3.2521000000000013,CN=CNC(=O)c1cccc(C2=CC=CC(C)OC2Cl)c1,True,2.997700000000002,-0.2543999999999995,0.11688311688311688,False,True
1.0,bin,11,0.0693100094795227,0.014019966125488281,0.12460005283355713,1548351,COc1cc(OC)c2c(c1)C(c1cnccn1)NCC2,1.7288999999999999,CC(=O)Nc1ccc2c(c1)C(c1cnccn1)NCC2,True,1.6700999999999997,-0.058800000000000185,0.4576271186440678,False,False
1.0,bin,11,0.0693100094795227,0.014019966125488281,0.12460005283355713,1570134,COc1cccc(C(C)N2CCN(C(=O)c3ccc(O)cc3)CC2)c1,2.9198000000000013,COc1cccc(C(C)N2CCN(C(=O)c3ccccc3N)CC2)c1,True,2.796400000000001,-0.12340000000000018,0.660377358490566,False,True
1.0,bin,11,0.0693100094795227,0.014019966125488281,0.12460005283355713,1611406,CC(C)(C)N1CC(NC(=O)C2COc3ccc(F)cc3C2)CC1=O,1.8923999999999994,CCC1c2cc(OC)ccc2OCC1C(=O)NC1(O)CCCNC1,True,1.3856000000000002,-0.5067999999999993,0.20454545454545456,False,True
1.0,bin,11,0.0693100094795227,0.014019966125488281,0.12460005283355713,1612684,CCCC1CN(C(=O)Nc2ccn(CCC(C)C)n2)CCO1,2.9620000000000015,CCC1CN(C(=O)Nc2cc(C)n(CC(C)C)n2)CC(C)O1,True,2.8787200000000013,-0.08328000000000024,0.3698630136986301,False,True
1.0,bin,11,0.0693100094795227,0.014019966125488281,0.12460005283355713,1639675,CCC(CC)c1nnc(NC(=O)c2scnc2C2CC2)s1,4.0279000000000025,CCC(C)c1nnc(NC(=O)c2scnc2C2CC2)s1,True,3.637800000000002,-0.39010000000000034,0.8333333333333334,False,True
1.0,bin,11,0.0693100094795227,0.014019966125488281,0.12460005283355713,1675660,COc1ccnc(NC(=O)c2cccc(Cl)c2)c1,2.9959000000000007,CSc1ccc(C(=O)Nc2cc(F)ccn2)cc1,True,3.1949000000000014,0.19900000000000073,0.3888888888888889,False,True
1.0,bin,11,0.0693100094795227,0.014019966125488281,0.12460005283355713,1689728,CCc1noc(CSc2ncnc3sc(C)cc23)n1,3.237420000000002,Cc1cc2c(SCC3CCC=NO3)ncnc2s1,True,3.2566200000000016,0.019199999999999662,0.45,False,True
1.0,bin,11,0.0693100094795227,0.014019966125488281,0.12460005283355713,1720876,CC(C)(C)CC(=O)NCC(=O)Nc1ccc2c(c1)COC2,2.2077,CCC(CC)CC(=O)NCC(=O)Nc1ccc2c(c1)COC2,True,2.597800000000001,0.3901000000000012,0.6666666666666666,False,True
1.0,bin,11,0.0693100094795227,0.014019966125488281,0.12460005283355713,1757109,CC(C)Cc1ncc(CNc2ccc3c(c2)COC3)s1,3.983900000000003,CC(C)C1=NC=CCNc2ccc3c(c2)COC3CO1,True,3.268200000000001,-0.7157000000000018,0.16216216216216217,False,True
1.0,bin,11,0.0693100094795227,0.014019966125488281,0.12460005283355713,1774061,O=C1NCCCc2[nH]c(-c3cccc4[nH]ccc34)nc21,2.234,O=C1CCCNC(c2cccc3[nH]ccc23)=CN1,True,1.9658999999999998,-0.2681000000000002,0.5,False,True
1.0,bin,11,0.0693100094795227,0.014019966125488281,0.12460005283355713,1800687,Cc1nn(C)c(-c2nc(-c3cccnn3)no2)c1Cl,1.8889199999999997,Cc1nn(C)c(-c2nc(-c3cccnn3)no2)c1Br,True,1.99802,0.1091000000000002,0.7446808510638298,False,True
1.0,bin,11,0.0693100094795227,0.014019966125488281,0.12460005283355713,1815867,FC(F)(F)c1ccc(CN2CCOCC2c2ncon2)cc1,2.661900000000001,Cc1nc(C2COCCN2Cc2ccc(F)cc2Cl)no1,True,2.744020000000001,0.08211999999999975,0.3880597014925373,False,True
1.0,bin,11,0.0693100094795227,0.014019966125488281,0.12460005283355713,1828580,Cc1ccc(N2CC3OCC(=O)N(Cc4cccc(F)c4)C3C2)nn1,1.54032,Cc1ccc(CN2C(=O)COC3CN(c4ccc(C)nn4)CC32)nc1,True,1.1046399999999996,-0.4356800000000003,0.6349206349206349,False,True
1.0,bin,11,0.0693100094795227,0.014019966125488281,0.12460005283355713,1836183,CCc1ccc(C(=O)NCc2nccc(N(C)C)n2)cc1,2.035,COc1ccc(C(=O)NCc2nccc(OC(F)(F)F)n2)cc1OC,True,2.3224,0.2873999999999999,0.4032258064516129,False,True
1.0,bin,11,0.0693100094795227,0.014019966125488281,0.12460005283355713,1842499,COc1ccccc1COc1ccccc1-c1cnn(CCO)c1,3.1300000000000017,Cn1cc(-c2ccccc2OCc2ccc(O)cc2)cn1,True,3.3717000000000024,0.2417000000000007,0.5094339622641509,False,True
1.0,bin,11,0.0693100094795227,0.014019966125488281,0.12460005283355713,1865564,COC(CNC(=O)c1ccoc1)c1cccc(F)c1,2.536200000000001,COc1ccccc1C(CNC(=O)c1ccoc1)OC,True,2.4057000000000004,-0.1305000000000005,0.6037735849056604,False,False
1.0,bin,11,0.0693100094795227,0.014019966125488281,0.12460005283355713,1868773,CCCOc1ccc(Cl)c2c1CCNC2C1CC(=O)C1,3.2947000000000015,O=CCCCC1NCCc2cccc(Br)c21,True,3.0051000000000014,-0.2896000000000001,0.19117647058823528,False,True
1.0,bin,11,0.0693100094795227,0.014019966125488281,0.12460005283355713,1873123,CCC1OC(=O)c2c(OC)ccc(Br)c21,3.079200000000002,COc1ccc(Br)c2c1C(=O)OC2C,True,2.6891000000000007,-0.3901000000000012,0.6842105263157895,False,False
1.0,bin,11,0.0693100094795227,0.014019966125488281,0.12460005283355713,1875028,Cc1cccc(C)c1NCC(=O)N1CCCC2CCCCC21,3.8965400000000034,COc1ccc(Cl)cc1N(C)CC(=O)NCCC1CCCCC1,True,3.871400000000003,-0.025140000000000384,0.1917808219178082,False,True
1.0,bin,11,0.0693100094795227,0.014019966125488281,0.12460005283355713,1895921,CCC(CC)N(C)C(=O)CC1OC(=O)c2ccccc21,2.935200000000002,CCCCN(CC)C(=O)CC1OC(=O)c2ccccc21,True,2.9368000000000016,0.0015999999999998238,0.5918367346938775,False,False
1.0,bin,11,0.0693100094795227,0.014019966125488281,0.12460005283355713,1907077,Cc1ccc2[nH]nc(C(=O)Nc3nc(-c4ccco4)cs3)c2c1,3.8401200000000015,CC1=NNc2ccccc2[SH]2C=C(c3ccco3)N=C2NC1=O,True,2.9255000000000013,-0.9146200000000002,0.20987654320987653,False,True
1.0,bin,11,0.0693100094795227,0.014019966125488281,0.12460005283355713,1913063,Cc1nn(C)c(C)c1CN(C(=O)c1cn2cccc(C)c2n1)C1CC1,2.797860000000001,C=C1CCc2c(c(C)nn2C)CN(C(=O)C2=NC(C)=CC=CC=N2)C1,True,2.5024200000000008,-0.29544000000000015,0.1724137931034483,False,True
1.0,bin,11,0.0693100094795227,0.014019966125488281,0.12460005283355713,1922265,CN(CCNC(=O)c1ccc2c(c1)ncn2C)c1ccccc1,2.4395000000000007,Cc1ccccc1N(C)CCNC(=O)c1ccc2c(c1)ncn2C,True,2.7479200000000015,0.3084200000000008,0.7735849056603774,False,True
1.0,bin,12,0.1658499836921692,0.12460005283355713,0.20709991455078125,32052,COc1ccccc1CNC(=O)Cc1c[nH]c2ccccc12,3.035400000000001,O=C(Cc1c[nH]c2ccccc12)NCc1cccc(F)c1,True,3.1659000000000015,0.1305000000000005,0.5686274509803921,False,False
1.0,bin,12,0.1658499836921692,0.12460005283355713,0.20709991455078125,116747,COCCSc1ccccc1C(=O)Nc1cccc(C)n1,3.3808200000000017,Cc1cccc(NC(=O)c2cccc(F)c2Cl)n1,True,3.434820000000002,0.05400000000000027,0.5,False,True
1.0,bin,12,0.1658499836921692,0.12460005283355713,0.20709991455078125,131060,CS(=O)(=O)NCCc1csc(-c2ccc(F)cc2)n1,2.0408999999999997,CS(=O)(=O)NCCc1csc(-c2ccc(F)cc2)n1,True,2.0408999999999997,0.0,1.0,True,False
1.0,bin,12,0.1658499836921692,0.12460005283355713,0.20709991455078125,131949,CCc1c(C)nc(SCC(=O)NC(C)C)[nH]c1=O,1.25742,CCNC(=O)CSC1=NC(C)=C(C)C(=O)NC1,True,0.6778999999999997,-0.5795200000000003,0.2833333333333333,False,True
1.0,bin,12,0.1658499836921692,0.12460005283355713,0.20709991455078125,158879,COc1ccc(CC(=O)OCC(=O)c2c[nH]c3ccccc23)cc1,3.145100000000001,O=C(Cc1ccccc1F)OCC(=O)c1c[nH]c2ccccc12,True,3.2756000000000016,0.1305000000000005,0.6153846153846154,False,False
1.0,bin,12,0.1658499836921692,0.12460005283355713,0.20709991455078125,232056,COCCNC(=O)c1cc(=O)c2cc(C)ccc2o1,1.4776199999999993,COCCCNC(=O)c1cc(=O)c2cc(F)ccc2o1,True,1.6984,0.22078000000000064,0.66,False,True
1.0,bin,12,0.1658499836921692,0.12460005283355713,0.20709991455078125,235788,O=C(Cn1nc(-c2ccco2)oc1=O)NCC(F)(F)F,0.7747999999999999,CN(CC(F)(F)F)C(=O)Cn1nc(-c2ccco2)oc1=O,True,1.117,0.34220000000000006,0.6481481481481481,False,True
1.0,bin,12,0.1658499836921692,0.12460005283355713,0.20709991455078125,236081,CC(=O)c1c(C)[nH]c(C(=O)CSc2nc(C(C)C)n[nH]2)c1C,3.0506400000000014,CC(=O)C1=C(C)NC(SCC(=O)c2cnc(C(C)(C)C)[nH]2)C=N1,True,2.4436999999999998,-0.6069400000000016,0.21621621621621623,False,True
1.0,bin,12,0.1658499836921692,0.12460005283355713,0.20709991455078125,281081,O=C(Cn1cccn1)NCc1cccnc1Oc1ccc(F)cc1F,2.665000000000001,Cc1cnn(CC(=O)NCc2cccnc2Oc2ccc(F)cc2)c1,True,2.834320000000001,0.16931999999999992,0.5846153846153846,False,True
1.0,bin,12,0.1658499836921692,0.12460005283355713,0.20709991455078125,284170,COc1ccc(-c2nc(CC(=O)Nc3cccc(C)n3)cs2)cc1,3.7033200000000024,Cc1ccc(NC(=O)Cc2csc(-c3cc(F)ccc3F)n2)nc1,True,3.972920000000003,0.2696000000000005,0.4117647058823529,False,True
1.0,bin,12,0.1658499836921692,0.12460005283355713,0.20709991455078125,288369,Cc1ccc(NCc2nnc3n2CCCCC3)cc1C,3.2334400000000016,CCCOc1ccccc1NCc1nnc2n1CCCCC2,True,3.405400000000002,0.17196000000000033,0.5087719298245614,False,True
1.0,bin,12,0.1658499836921692,0.12460005283355713,0.20709991455078125,302889,COc1ccc(OC)c(NC(=O)CCNC(=O)c2cccs2)c1,2.5239000000000003,Cc1ccc(NC(=O)CCNC(=O)c2cccs2)cc1,True,2.815120000000001,0.2912200000000009,0.5555555555555556,False,False
1.0,bin,12,0.1658499836921692,0.12460005283355713,0.20709991455078125,327141,COc1ccc(OC)c(S(=O)(=O)Nc2ccn(C)n2)c1,1.2381,CNC=CCNS(=O)(=O)c1ccc(F)c(F)c1N,True,0.5584000000000002,-0.6796999999999997,0.15151515151515152,False,True
1.0,bin,12,0.1658499836921692,0.12460005283355713,0.20709991455078125,327382,CNC(=O)C1CN(C(=O)c2c(C)noc2C)c2ccccc2O1,1.4452399999999996,Cc1noc(C)c1C(=O)N1CC2=CC=CC=C1COCCN(C)C2=O,True,1.60234,0.15710000000000046,0.3333333333333333,False,True
1.0,bin,12,0.1658499836921692,0.12460005283355713,0.20709991455078125,406491,COCCNC(=O)C1CCCN(S(=O)(=O)N2CCOCC2)C1,-0.9619999999999964,CC(=O)NC1CCCN(S(=O)(=O)N2CCOC(C#N)C2)C1,True,-0.943919999999997,0.01807999999999943,0.359375,False,True
1.0,bin,12,0.1658499836921692,0.12460005283355713,0.20709991455078125,413951,O=C(Cn1ncn2cccc2c1=O)N1CCCCCC1,0.8985999999999996,O=C1CNCCCCCCC#CC=C2c3cccn3C=NN2C1,True,2.0622,1.1636000000000002,0.1891891891891892,False,True
1.0,bin,12,0.1658499836921692,0.12460005283355713,0.20709991455078125,427929,CCNc1nc(NCc2ccccc2Cl)c2cnn(C)c2n1,3.060600000000001,CCCNc1nc(NCc2ccccc2)c2cnn(C)c2n1,True,2.797300000000001,-0.2633000000000001,0.5925925925925926,False,False
1.0,bin,12,0.1658499836921692,0.12460005283355713,0.20709991455078125,447130,CCC(NC(=O)C1CCN(C(=O)C2CC2)CC1)c1ccc(C)cc1,3.2109200000000016,CCC(NC(=O)C1CCN(C(=O)C2CC2)CC1)c1cccc(F)c1,True,3.0416000000000016,-0.16931999999999992,0.6730769230769231,False,True
1.0,bin,12,0.1658499836921692,0.12460005283355713,0.20709991455078125,481908,CCNS(=O)(=O)c1ccc(C)c(C(=O)Nc2ncccc2C)c1,2.24894,Cc1ccnc(NC(=O)c2ccc(F)cc2F)c1N,True,2.50272,0.2537799999999999,0.3387096774193548,False,True
1.0,bin,12,0.1658499836921692,0.12460005283355713,0.20709991455078125,485220,Cc1nn(CC(=O)N2CCN(C)CC2)c(C)c1Br,1.03644,CCN1CCN(C(=O)Cn2nc(C(C)C)c(Cl)c2N)CC1,True,1.4061999999999997,0.36975999999999964,0.34545454545454546,False,True
1.0,bin,12,0.1658499836921692,0.12460005283355713,0.20709991455078125,526363,Cc1nnc(SCC(=O)Nc2ccc(O)cc2)n(N)c1=O,0.09692,Cc1nnc(SCC(=O)Nc2cccc(C#N)c2)n(N)c1=O,True,0.2629999999999998,0.16607999999999978,0.6428571428571429,False,False
1.0,bin,12,0.1658499836921692,0.12460005283355713,0.20709991455078125,536853,COc1ccc(C2CCCN2C(=O)C2CCC2)c(OC)c1,3.1674000000000015,COc1c(F)cc(C2CCCN2C(=O)C2CCC2)cc1F,True,3.437000000000002,0.2696000000000005,0.5384615384615384,False,True
1.0,bin,12,0.1658499836921692,0.12460005283355713,0.20709991455078125,540312,Cc1nn(C)c2nc(C3CC3)cc(C(=O)NCC(=O)NC(C)(C)C)c12,1.7986199999999997,CCNC(=O)c1cc(C2CC2)nc2c1c(C)nn2C,True,1.90382,0.1052000000000004,0.7222222222222222,False,False
1.0,bin,12,0.1658499836921692,0.12460005283355713,0.20709991455078125,544381,Cc1nc(N2CCCC(C(=O)NC(C)C)C2)c2c(C)c(C)oc2n1,2.8890600000000006,C=CCNC(=O)C1CCN(c2nc(C)nc3oc(C)c(C)c23)CC1,True,2.666660000000001,-0.2223999999999995,0.5396825396825397,False,True
1.0,bin,12,0.1658499836921692,0.12460005283355713,0.20709991455078125,544382,CCCNC(=O)C1CCCN(c2nc(C)nc3oc(C)c(C)c23)C1,2.8906600000000013,CCOC(=O)C1CCN(c2nc(C)nc3oc(C)c(C)c23)CC1,True,2.9275600000000015,0.036900000000000155,0.5573770491803278,False,True
1.0,bin,12,0.1658499836921692,0.12460005283355713,0.20709991455078125,550049,Cc1ccc(C)c(OCC(=O)Nc2cccc(-n3cnnc3)c2)c1,2.9016400000000013,O=C(COc1ccccc1Br)Nc1cccc(-n2cnnc2)c1,True,3.0473,0.14565999999999857,0.6666666666666666,False,True
1.0,bin,12,0.1658499836921692,0.12460005283355713,0.20709991455078125,573533,Cc1nn(-c2ncc(C(F)(F)F)cc2Cl)c(=O)o1,2.2011199999999995,CC=NN(Cl)c1ccc(C(F)(F)F)cn1,True,3.066300000000001,0.8651800000000014,0.25,False,True
1.0,bin,12,0.1658499836921692,0.12460005283355713,0.20709991455078125,582555,O=C(NCC(O)c1ccccc1)c1ccc2c(=O)n3c(nc2c1)CCC3,1.8061000000000003,O=C(NCCc1ccccc1)c1ccc2c(=O)n3c(nc2c1)CCC3,True,2.3152,0.5090999999999997,0.7,False,False
1.0,bin,12,0.1658499836921692,0.12460005283355713,0.20709991455078125,588547,Cc1n[nH]c(C)c1NC(=O)CCc1ccc(Cl)cc1Cl,3.9046400000000023,Cc1n[nH]c(C)c1NC(=O)CC(C)(C)c1ccc(Cl)cc1,True,3.986340000000003,0.08170000000000055,0.5471698113207547,False,True
1.0,bin,12,0.1658499836921692,0.12460005283355713,0.20709991455078125,607673,CCCN(CC1CC1)S(=O)(=O)c1ccccc1F,2.636400000000001,CCCN(CC1CC1)S(=O)(=O)c1ccc(F)c(F)c1,True,2.775500000000001,0.1391,0.6222222222222222,False,False
1.0,bin,12,0.1658499836921692,0.12460005283355713,0.20709991455078125,617681,Cc1cc(C(=O)Nc2nc(-c3ccncc3)cs2)nn1C(C)C,3.5432200000000016,CCn1nc(C(=O)Nc2nc(-c3ccncc3)cs2)cc1Cl,True,3.327200000000002,-0.21601999999999943,0.6140350877192983,False,True
1.0,bin,12,0.1658499836921692,0.12460005283355713,0.20709991455078125,650267,COc1ccc2oc(C(=O)NC3CCCCNC3=O)c(C)c2c1,2.14832,O=C(NC1CCCCNC1=O)C1=CCC=CC=CC1,True,1.6038999999999994,-0.5444200000000006,0.421875,False,True
1.0,bin,12,0.1658499836921692,0.12460005283355713,0.20709991455078125,668639,Cc1cc(NC(=O)c2ccccc2Cl)ncc1N,2.8779200000000005,Cc1ccccc1C(=O)Nc1ccc(Br)cn1,True,3.4048200000000017,0.5269000000000013,0.5,False,False
1.0,bin,12,0.1658499836921692,0.12460005283355713,0.20709991455078125,673160,CCC(=O)Nc1ccc2oc(C(F)(F)F)cc(=O)c2c1,3.160300000000001,CCOC(=O)N(C)c1ccc2oc(C(F)(F)F)cc(=O)c2c1,True,3.4045000000000023,0.24420000000000108,0.5272727272727272,False,True
1.0,bin,12,0.1658499836921692,0.12460005283355713,0.20709991455078125,711169,Cc1cccc(C(C)C)c1NC(=O)N(C)Cc1ccncc1,4.177320000000003,CCc1cccc(CC)c1NC(=O)N(C)Cc1ccncc1,True,3.870300000000003,-0.3070199999999996,0.625,False,False
1.0,bin,12,0.1658499836921692,0.12460005283355713,0.20709991455078125,720969,Cc1noc(C)c1CCC(=O)OCC(=O)N1c2ccccc2CC1C,2.7450400000000013,Cc1noc(C)c1CCC(=O)OCC(=O)N1c2ccccc2CC1C,True,2.7450400000000013,0.0,1.0,True,False
1.0,bin,12,0.1658499836921692,0.12460005283355713,0.20709991455078125,730789,COC(=O)C1CCN(C(=O)c2cc3ccc(F)cc3nc2C)CC1,2.7075200000000006,CCc1nc2ccccc2cc1C(=O)N1CCCC(C(=O)OC)CC1,True,3.2125000000000012,0.5049800000000007,0.5238095238095238,False,True
1.0,bin,12,0.1658499836921692,0.12460005283355713,0.20709991455078125,738178,Cc1ccc(-n2ccnc2SCc2nc(C3CC3)no2)cc1C,4.041840000000003,Clc1cccc(-n2ccnc2SCc2nc(C3CC3)no2)c1,True,4.078400000000002,0.036559999999998816,0.7272727272727273,False,True
1.0,bin,12,0.1658499836921692,0.12460005283355713,0.20709991455078125,771897,COc1ccccc1OCC(=O)N(C)Cc1sccc1C,3.102520000000002,Cc1cccc(OCC(=O)N(C)Cc2cccs2)c1C,True,3.4023400000000024,0.2998200000000004,0.5185185185185185,False,False
1.0,bin,12,0.1658499836921692,0.12460005283355713,0.20709991455078125,811446,COC(=O)C1(NC(=O)c2cc(Br)c[nH]2)CCCCCC1,2.7730000000000006,CCCCCC(NC(=O)c1cc(Br)c[nH]1)C(C)=O,True,3.044900000000001,0.2719000000000005,0.375,False,True
1.0,bin,12,0.1658499836921692,0.12460005283355713,0.20709991455078125,848291,CCC(C)NC(=O)NCc1noc(-c2cccs2)n1,2.3958000000000004,CC(C)(C)C(=O)NCc1noc(-c2cccs2)n1,True,2.460400000000001,0.06460000000000043,0.6415094339622641,False,False
1.0,bin,12,0.1658499836921692,0.12460005283355713,0.20709991455078125,863440,COc1ccc(-c2nc(CCCO)cs2)cc1OC,2.752200000000001,CCC(=O)NCc1csc(-c2cc(F)ccc2OC)n1,True,2.984000000000001,0.23179999999999978,0.3898305084745763,False,True
1.0,bin,12,0.1658499836921692,0.12460005283355713,0.20709991455078125,864663,N#Cc1ccc(-c2cc(F)ccc2F)nc1N1CCCC1,3.498680000000002,Cc1ccc(-c2ccc(C#N)c(N3CCCC3)n2)cc1,True,3.528900000000003,0.030220000000000802,0.5416666666666666,False,True
1.0,bin,12,0.1658499836921692,0.12460005283355713,0.20709991455078125,872100,CCc1cccc(C)c1NCC(O)c1ccc2c(c1)OCCO2,3.474120000000002,OC(CNc1ccccc1C(F)(F)F)c1ccc2c(c1)OCCO2,True,3.6221000000000023,0.14798000000000044,0.5357142857142857,False,True
1.0,bin,12,0.1658499836921692,0.12460005283355713,0.20709991455078125,886334,COc1ccc(C(=O)N2CCCC(C(=O)N3CCCCC3)C2)c(O)c1,2.2655000000000003,COc1cccc(C(=O)N2CCCC(C(=O)N3CCCCC3)C2)c1O,True,2.2655000000000007,4.440892098500626e-16,0.6226415094339622,False,True
1.0,bin,12,0.1658499836921692,0.12460005283355713,0.20709991455078125,887387,COCCNC(=O)N(Cc1cccc(F)c1)CC1CCCO1,2.1627,COCCNC(=O)N(Cc1ccccc1)CC1CCCO1,True,2.0235999999999996,-0.13910000000000045,0.7818181818181819,False,False
1.0,bin,12,0.1658499836921692,0.12460005283355713,0.20709991455078125,889149,N#Cc1ccc(NC(=O)c2ccc(Br)cc2Cl)nc1,3.621480000000001,O=C(Nc1ccc(C(F)(F)F)cn1)c1ccc(Br)cc1,True,4.1152000000000015,0.4937200000000006,0.3888888888888889,False,True
1.0,bin,12,0.1658499836921692,0.12460005283355713,0.20709991455078125,913483,O=C(CNC(=O)NCCc1c(Cl)cccc1Cl)NC1CC1,2.1137000000000006,CC(Cc1ccccc1Cl)NC(=O)NCC(=O)NC1CC1,True,1.8488000000000002,-0.26490000000000036,0.5283018867924528,False,True
1.0,bin,12,0.1658499836921692,0.12460005283355713,0.20709991455078125,917620,C=CCN(Cc1ccccc1OC)C(=O)c1csc(C)n1,3.288520000000002,C=CCN(Cc1ccccc1OC)C(=O)c1csc(C)n1,True,3.288520000000002,0.0,1.0,True,False
1.0,bin,12,0.1658499836921692,0.12460005283355713,0.20709991455078125,918312,CCOc1ccc(Cl)c(C(=O)N2CCN(c3ncccn3)CC2)n1,1.8860999999999997,CC(C)(C)Oc1ccc(C(=O)N2CCN(c3ncccn3)CC2)nc1,True,2.0113,0.1252000000000002,0.4576271186440678,False,True
1.0,bin,12,0.1658499836921692,0.12460005283355713,0.20709991455078125,922879,CC(=O)c1ccc(N2CCN(Cc3c(F)cccc3F)CC2)cc1,3.489600000000003,COc1cccc(CN2CCN(c3ccc(C(C)=O)cc3F)CC2)c1,True,3.3591000000000024,-0.1305000000000005,0.47368421052631576,False,True
1.0,bin,12,0.1658499836921692,0.12460005283355713,0.20709991455078125,927535,COc1cc(CN2CCN(c3ccccc3F)CC2)ccc1O,2.862100000000002,COc1ccccc1CN1CCN(c2ccc(C#N)cc2)CC1,True,2.8890800000000016,0.02697999999999956,0.35,False,True
1.0,bin,12,0.1658499836921692,0.12460005283355713,0.20709991455078125,927567,Cc1ccccc1N1CCN(Cc2cccc(O)c2)CC1,3.022820000000001,Oc1cccc(CN2CCN(c3ccc(F)c(Cl)c3)CC2)c1,True,3.5069000000000026,0.4840800000000014,0.52,False,True
1.0,bin,12,0.1658499836921692,0.12460005283355713,0.20709991455078125,938108,CC(c1ccccc1)N(C)C(=O)CCC(=O)Nc1nccs1,3.0814000000000012,CN(Cc1ccc(Cl)cc1)C(=O)CCC(=O)Nc1nccs1,True,3.173800000000001,0.0923999999999996,0.543859649122807,False,True
1.0,bin,12,0.1658499836921692,0.12460005283355713,0.20709991455078125,943303,CN(CCCOc1ccccc1)C(=O)Nc1cccc2c1OCCO2,3.390600000000002,CN(CCCOc1ccccc1)C(=O)Nc1cccc2c1OCCO2,True,3.390600000000002,0.0,1.0,True,False
1.0,bin,12,0.1658499836921692,0.12460005283355713,0.20709991455078125,946289,CC(NC(=O)C1(c2cc(-c3ccco3)on2)CC1)c1ccccc1,3.843600000000002,O=C(NCc1ccccc1Cl)C1(c2cc(-c3ccco3)on2)CC1,True,3.9360000000000026,0.09240000000000048,0.5833333333333334,False,False
1.0,bin,12,0.1658499836921692,0.12460005283355713,0.20709991455078125,994077,Cc1nnc(Cn2c(-c3cccc(Br)c3)noc2=O)o1,2.0055199999999997,CC(C)Cc1ccc(-c2noc(=O)n2Cc2nnco2)cc1,True,2.1330999999999998,0.12758000000000003,0.4262295081967213,False,True
1.0,bin,12,0.1658499836921692,0.12460005283355713,0.20709991455078125,1065620,O=C(NCc1cccnc1Oc1ccccc1)c1cccnc1,3.198900000000002,O=C(NCc1cccnc1Oc1ccc(F)cc1)c1cccnc1,True,3.338000000000002,0.1391,0.8125,False,True
1.0,bin,12,0.1658499836921692,0.12460005283355713,0.20709991455078125,1093926,CN(C(=O)CNc1cccc(OCC2CCCO2)c1)c1ccccc1,3.319300000000002,Cc1cccc(NC(=O)CNc2cccc(OCC3CCCO3)c2)c1,True,3.6034200000000025,0.2841200000000006,0.6349206349206349,False,True
1.0,bin,12,0.1658499836921692,0.12460005283355713,0.20709991455078125,1107920,CCc1ccc(-n2cc(C(=O)NC(C)c3ccccc3)nn2)cc1,3.320700000000002,Cc1ccc(-n2cc(C(=O)NC(C)c3ccc(F)cc3)nn2)cc1C,True,3.514240000000002,0.1935399999999996,0.5517241379310345,False,True
1.0,bin,12,0.1658499836921692,0.12460005283355713,0.20709991455078125,1113130,CC(NC(=O)Cn1nnnc1C(C)(C)C)c1cccc2ccccc12,3.0012000000000016,Cc1nnnn1CC(=O)NC(C)c1cccc2ccc(Cl)cc12,True,2.66552,-0.33568000000000175,0.5833333333333334,False,True
1.0,bin,12,0.1658499836921692,0.12460005283355713,0.20709991455078125,1121751,COC(=O)Cn1ccc(NS(=O)(=O)c2ccc(F)c(F)c2F)n1,1.2742,COC(=O)Cn1ccc(NS(=O)(=O)c2ccc(F)cc2C)n1,True,1.3044200000000001,0.030220000000000136,0.6981132075471698,False,True
1.0,bin,12,0.1658499836921692,0.12460005283355713,0.20709991455078125,1142531,CCOC(C)C(=O)NCCc1csc(-c2ccc(C)cc2)n1,3.2022200000000014,Cc1ccc(-c2nc(CCNC(=O)CC(F)(F)F)cs2)cc1,True,3.7296200000000024,0.527400000000001,0.5892857142857143,False,True
1.0,bin,12,0.1658499836921692,0.12460005283355713,0.20709991455078125,1212157,CN(Cc1ccc(F)c(F)c1)C(=O)c1cncc(-c2cnn(C)c2)c1,3.0325000000000015,CN(Cc1ccc(Cl)cc1)C(=O)c1cncc(-c2cnn(C)c2)c1,True,3.407700000000002,0.3752000000000004,0.7735849056603774,False,True
1.0,bin,12,0.1658499836921692,0.12460005283355713,0.20709991455078125,1215394,CCn1nc(C)cc1C(=O)Oc1cccc(NC(=O)C(C)C)c1,3.025120000000001,CCn1nc(C)cc1C(=O)Oc1ccc(F)c(Cl)c1,True,3.2231200000000015,0.1980000000000004,0.5344827586206896,False,True
1.0,bin,12,0.1658499836921692,0.12460005283355713,0.20709991455078125,1232922,CC(C)(C)OC(=O)NC1CCCN(S(=O)(=O)N2CCOCC2)C1,0.5525000000000011,CCC1CCCN(S(=O)(=O)N2CCCC(CO)C2)C1,True,1.0574999999999999,0.5049999999999988,0.3333333333333333,False,True
1.0,bin,12,0.1658499836921692,0.12460005283355713,0.20709991455078125,1238973,FC(F)(F)c1cnc(N2CCn3c(nnc3C3CC3)C2)c(Cl)c1,3.2429000000000023,CC1Cc2nnc(C(F)(F)F)n2CC1Nc1ncccc1F,True,2.5039000000000007,-0.7390000000000017,0.19736842105263158,False,True
1.0,bin,12,0.1658499836921692,0.12460005283355713,0.20709991455078125,1299495,Cc1cc(CC(=O)N2CCCC2C(C#N)c2ccccc2)no1,2.823900000000001,N#CC(c1ccccc1F)C1CCCN1C(=O)CC1C=CCO1,True,2.768980000000001,-0.05492000000000008,0.4305555555555556,False,True
1.0,bin,12,0.1658499836921692,0.12460005283355713,0.20709991455078125,1309906,CC(C)CC(NC(=O)c1cc(=O)c2ccccc2o1)C(=O)OC(C)C,2.8891000000000018,COC(=O)C(NC(=O)c1cc(=O)c2cc(Cl)cc(Cl)c2o1)C(C)C,True,3.0272000000000006,0.13809999999999878,0.35384615384615387,False,True
1.0,bin,12,0.1658499836921692,0.12460005283355713,0.20709991455078125,1362816,COCc1cccc(C(=O)NC2CC2c2cccc(Cl)c2)c1,3.772300000000002,O=C(NC1CC1c1cccc(Cl)c1Cl)c1ccccc1,True,4.279300000000003,0.5070000000000006,0.41379310344827586,False,True
1.0,bin,12,0.1658499836921692,0.12460005283355713,0.20709991455078125,1441838,COCC(=O)NC(C(=O)Nc1cccc(-c2nccs2)c1)C(C)C,2.5358,C#CCN(CCC)C(=O)Nc1cccc(-c2nccs2)c1,True,3.6872000000000016,1.1514000000000015,0.463768115942029,False,True
1.0,bin,12,0.1658499836921692,0.12460005283355713,0.20709991455078125,1450449,CCCNC(=O)CSc1nc2c(cc1C#N)CCCC2,2.450380000000001,CCOC(=O)C[SH]1CCc2cnc1c(C#N)c2,True,1.43258,-1.017800000000001,0.2714285714285714,False,True
1.0,bin,12,0.1658499836921692,0.12460005283355713,0.20709991455078125,1451910,O=S(=O)(NCc1nnc2ccccn12)c1ccc(F)c(F)c1,1.4859999999999995,CCOc1ccc(S(=O)(=O)NCc2nnc3ccccn23)cc1,True,1.6065,0.1205000000000005,0.6226415094339622,False,False
1.0,bin,12,0.1658499836921692,0.12460005283355713,0.20709991455078125,1479798,Cc1nc(C)c(CCC(=O)N(CC(C)C)CC(F)(F)F)c(=O)[nH]1,2.3662400000000003,Cc1nc(C)c(CCC(=O)N(CC(C)C)CC(F)(F)F)c(=O)[nH]1,True,2.3662400000000003,0.0,1.0,True,False
1.0,bin,12,0.1658499836921692,0.12460005283355713,0.20709991455078125,1507926,COC(=O)C(C)NC(=O)Cc1csc(-c2ccccc2Cl)n1,2.6837,COc1ccccc1-c1nc(CC(=O)NC(C)C)cs1,True,2.8858000000000015,0.2021000000000015,0.6111111111111112,False,True
1.0,bin,12,0.1658499836921692,0.12460005283355713,0.20709991455078125,1527882,Nc1ncccc1C(=O)Nc1ccc2cn[nH]c2c1,1.7923999999999998,Nc1ncccc1C(=O)Nc1ccc2cn[nH]c2c1,True,1.7923999999999998,0.0,1.0,True,False
1.0,bin,12,0.1658499836921692,0.12460005283355713,0.20709991455078125,1532848,COc1ccc(-c2ccc3c(=O)[nH]cnc3c2)cc1Cl,3.2521000000000013,O=c1[nH]cnc2cc(-c3ccc(F)c(Cl)c3)ccc12,True,3.382600000000001,0.13049999999999962,0.6590909090909091,False,True
1.0,bin,12,0.1658499836921692,0.12460005283355713,0.20709991455078125,1548351,COc1cc(OC)c2c(c1)C(c1cnccn1)NCC2,1.7288999999999999,CCOc1c(O)ccc2c1C(c1cnccn1)NCC2,True,1.8159999999999996,0.08709999999999973,0.39344262295081966,False,False
1.0,bin,12,0.1658499836921692,0.12460005283355713,0.20709991455078125,1570134,COc1cccc(C(C)N2CCN(C(=O)c3ccc(O)cc3)CC2)c1,2.9198000000000013,CC(c1ccc(F)cc1F)N1CCN(C(=O)c2ccc(O)cc2)CC1,True,3.189400000000002,0.2696000000000005,0.5272727272727272,False,True
1.0,bin,12,0.1658499836921692,0.12460005283355713,0.20709991455078125,1611406,CC(C)(C)N1CC(NC(=O)C2COc3ccc(F)cc3C2)CC1=O,1.8923999999999994,CC(C)(C)N1CC(NC(=O)C2COc3ccc(F)cc3C2)CC1=O,True,1.8923999999999994,0.0,1.0,True,False
1.0,bin,12,0.1658499836921692,0.12460005283355713,0.20709991455078125,1612684,CCCC1CN(C(=O)Nc2ccn(CCC(C)C)n2)CCO1,2.9620000000000015,CCCC1CN(C(=O)Nc2ccn(CCC(C)C)n2)CCO1,True,2.9620000000000015,0.0,1.0,True,False
1.0,bin,12,0.1658499836921692,0.12460005283355713,0.20709991455078125,1639675,CCC(CC)c1nnc(NC(=O)c2scnc2C2CC2)s1,4.0279000000000025,CCC(CC)c1nnc(NC(=O)c2scnc2C2CC2)s1,True,4.0279000000000025,0.0,1.0,True,False
1.0,bin,12,0.1658499836921692,0.12460005283355713,0.20709991455078125,1675660,COc1ccnc(NC(=O)c2cccc(Cl)c2)c1,2.9959000000000007,COc1ccnc(NC(=O)c2cc(F)cc(Br)c2)c1,True,3.2441000000000013,0.24820000000000064,0.5686274509803921,False,False
1.0,bin,12,0.1658499836921692,0.12460005283355713,0.20709991455078125,1689728,CCc1noc(CSc2ncnc3sc(C)cc23)n1,3.237420000000002,CCc1noc(CSc2ncnc3sc(C)c(C)c23)n1,True,3.5458400000000028,0.3084200000000008,0.6538461538461539,False,True
1.0,bin,12,0.1658499836921692,0.12460005283355713,0.20709991455078125,1720876,CC(C)(C)CC(=O)NCC(=O)Nc1ccc2c(c1)COC2,2.2077,CN(CC(F)(F)F)C(=O)NCC(=O)Nc1ccc2c(c1)COC2,True,1.8589999999999998,-0.34870000000000023,0.6153846153846154,False,True
1.0,bin,12,0.1658499836921692,0.12460005283355713,0.20709991455078125,1757109,CC(C)Cc1ncc(CNc2ccc3c(c2)COC3)s1,3.983900000000003,CC(C)c1ncc(CNc2ccc3c(c2)COC3)s1,True,3.908800000000003,-0.07509999999999994,0.7083333333333334,False,False
1.0,bin,12,0.1658499836921692,0.12460005283355713,0.20709991455078125,1774061,O=C1NCCCc2[nH]c(-c3cccc4[nH]ccc34)nc21,2.234,O=CNCCCC1=CC(C2=C3C=CCNC=CC2C3=O)N1,True,0.5368999999999998,-1.6971000000000003,0.07058823529411765,False,True
1.0,bin,12,0.1658499836921692,0.12460005283355713,0.20709991455078125,1800687,Cc1nn(C)c(-c2nc(-c3cccnn3)no2)c1Cl,1.8889199999999997,CCCn1ncc(Cl)c1-c1nc(-c2cccnn2)no1,True,2.4535,0.5645800000000003,0.5636363636363636,False,True
1.0,bin,12,0.1658499836921692,0.12460005283355713,0.20709991455078125,1815867,FC(F)(F)c1ccc(CN2CCOCC2c2ncon2)cc1,2.661900000000001,CC(C)(C)Oc1ccc(CN2CCOCC2c2ncon2)cc1,True,2.820400000000001,0.15850000000000009,0.6851851851851852,False,True
1.0,bin,12,0.1658499836921692,0.12460005283355713,0.20709991455078125,1828580,Cc1ccc(N2CC3OCC(=O)N(Cc4cccc(F)c4)C3C2)nn1,1.54032,Cc1ccc(NCC2OC3C(=O)N(Cc4ccccc4F)CC3N2N)[nH]1,True,1.1857199999999997,-0.35460000000000025,0.22727272727272727,False,True
1.0,bin,12,0.1658499836921692,0.12460005283355713,0.20709991455078125,1836183,CCc1ccc(C(=O)NCc2nccc(N(C)C)n2)cc1,2.035,CN(C)c1ccnc(CNC(=O)c2ccc(F)c(Cl)c2)n1,True,2.2651000000000003,0.2301000000000002,0.6346153846153846,False,True
1.0,bin,12,0.1658499836921692,0.12460005283355713,0.20709991455078125,1842499,COc1ccccc1COc1ccccc1-c1cnn(CCO)c1,3.1300000000000017,OCCn1cc(-c2ccccc2OCc2ccccc2)cn1,True,3.1214000000000013,-0.008600000000000385,0.7021276595744681,False,True
1.0,bin,12,0.1658499836921692,0.12460005283355713,0.20709991455078125,1865564,COC(CNC(=O)c1ccoc1)c1cccc(F)c1,2.536200000000001,COC(CNC(=O)c1ccoc1)c1cc(C)ccc1F,True,2.8446200000000017,0.3084200000000008,0.6181818181818182,False,True
1.0,bin,12,0.1658499836921692,0.12460005283355713,0.20709991455078125,1868773,CCCOc1ccc(Cl)c2c1CCNC2C1CC(=O)C1,3.2947000000000015,O=C1CCC(C2NCCc3ccc(Cl)c(Cl)c32)C1,True,3.549400000000002,0.2547000000000006,0.42105263157894735,False,True
1.0,bin,12,0.1658499836921692,0.12460005283355713,0.20709991455078125,1873123,CCC1OC(=O)c2c(OC)ccc(Br)c21,3.079200000000002,CCCOC(=O)c1c(F)ccc(C(F)(F)F)c1N,True,2.993500000000001,-0.085700000000001,0.13114754098360656,False,True
1.0,bin,12,0.1658499836921692,0.12460005283355713,0.20709991455078125,1875028,Cc1cccc(C)c1NCC(=O)N1CCCC2CCCCC21,3.8965400000000034,CCN(CC(=O)N1CCCC2CCCCC21)c1cccc(C)c1,True,4.002520000000003,0.10597999999999974,0.5,False,True
1.0,bin,12,0.1658499836921692,0.12460005283355713,0.20709991455078125,1895921,CCC(CC)N(C)C(=O)CC1OC(=O)c2ccccc21,2.935200000000002,CC(C)CCN(CCC#N)C(=O)CC1OC(=O)c2ccccc21,True,3.0765800000000016,0.14137999999999984,0.5178571428571429,False,True
1.0,bin,12,0.1658499836921692,0.12460005283355713,0.20709991455078125,1907077,Cc1ccc2[nH]nc(C(=O)Nc3nc(-c4ccco4)cs3)c2c1,3.8401200000000015,C[SH]1C=C(c2ccco2)N=C1NC(=O)C1=NNC=CC=CCC1,True,2.5041,-1.3360200000000013,0.25,False,True
1.0,bin,12,0.1658499836921692,0.12460005283355713,0.20709991455078125,1913063,Cc1nn(C)c(C)c1CN(C(=O)c1cn2cccc(C)c2n1)C1CC1,2.797860000000001,Cc1ccn2cc(C(=O)N(Cc3c(C)nn(C)c3C)C3CC3)nc2c1,True,2.797860000000001,0.0,0.6774193548387096,False,False
1.0,bin,12,0.1658499836921692,0.12460005283355713,0.20709991455078125,1922265,CN(CCNC(=O)c1ccc2c(c1)ncn2C)c1ccccc1,2.4395000000000007,CC(CNC(=O)c1ccccc1)NC(=O)c1ccc2c(c1)ncn2C,True,2.1216,-0.31790000000000074,0.5862068965517241,False,True
1.0,bin,13,0.2550499439239502,0.20709991455078125,0.30299997329711914,32052,COc1ccccc1CNC(=O)Cc1c[nH]c2ccccc12,3.035400000000001,O=C(Cc1c[nH]c2ccccc12)NCc1cccc(F)c1F,True,3.3050000000000015,0.2696000000000005,0.6326530612244898,False,True
1.0,bin,13,0.2550499439239502,0.20709991455078125,0.30299997329711914,116747,COCCSc1ccccc1C(=O)Nc1cccc(C)n1,3.3808200000000017,COC=CC=C(C=CBr)C(=O)Nc1cccc(C)n1,True,3.323620000000001,-0.057200000000000806,0.3770491803278688,False,True
1.0,bin,13,0.2550499439239502,0.20709991455078125,0.30299997329711914,131060,CS(=O)(=O)NCCc1csc(-c2ccc(F)cc2)n1,2.0408999999999997,CS(=O)(=O)NCCCc1csc(-c2ccc(F)cc2)n1,True,2.431,0.39010000000000034,0.8571428571428571,False,True
1.0,bin,13,0.2550499439239502,0.20709991455078125,0.30299997329711914,131949,CCc1c(C)nc(SCC(=O)NC(C)C)[nH]c1=O,1.25742,COC(=O)CSc1nc(C(C)C)c(C)c(=O)[nH]1,True,1.4668199999999998,0.2093999999999998,0.4339622641509434,False,True
1.0,bin,13,0.2550499439239502,0.20709991455078125,0.30299997329711914,158879,COc1ccc(CC(=O)OCC(=O)c2c[nH]c3ccccc23)cc1,3.145100000000001,O=C(Cc1ccccc1F)OCC(=O)c1c[nH]c2ccccc12,True,3.2756000000000016,0.1305000000000005,0.6153846153846154,False,False
1.0,bin,13,0.2550499439239502,0.20709991455078125,0.30299997329711914,232056,COCCNC(=O)c1cc(=O)c2cc(C)ccc2o1,1.4776199999999993,Cc1ccc2oc(C(=O)N(C)CCC#N)cc(=O)c2c1,True,2.0870999999999995,0.6094800000000002,0.4909090909090909,False,True
1.0,bin,13,0.2550499439239502,0.20709991455078125,0.30299997329711914,235788,O=C(Cn1nc(-c2ccco2)oc1=O)NCC(F)(F)F,0.7747999999999999,CCNC(=O)C(C)n1nc(-c2ccco2)oc1=O,True,0.7933999999999999,0.01859999999999995,0.4745762711864407,False,True
1.0,bin,13,0.2550499439239502,0.20709991455078125,0.30299997329711914,236081,CC(=O)c1c(C)[nH]c(C(=O)CSc2nc(C(C)C)n[nH]2)c1C,3.0506400000000014,COCc1nc(SCC(=O)c2[nH]c(C)nc2C(C)(C)C)[nH]c1C,True,3.168540000000001,0.11789999999999967,0.3181818181818182,False,True
1.0,bin,13,0.2550499439239502,0.20709991455078125,0.30299997329711914,281081,O=C(Cn1cccn1)NCc1cccnc1Oc1ccc(F)cc1F,2.665000000000001,CC(c1ccccn1)N(C)C(=O)CNc1cccnc1Oc1ccccc1,True,3.900400000000003,1.235400000000002,0.2345679012345679,False,True
1.0,bin,13,0.2550499439239502,0.20709991455078125,0.30299997329711914,284170,COc1ccc(-c2nc(CC(=O)Nc3cccc(C)n3)cs2)cc1,3.7033200000000024,Cc1cccnc1NC(=O)Cc1csc(-c2ccc(F)cc2F)n1,True,3.972920000000002,0.2695999999999996,0.38571428571428573,False,True
1.0,bin,13,0.2550499439239502,0.20709991455078125,0.30299997329711914,288369,Cc1ccc(NCc2nnc3n2CCCCC3)cc1C,3.2334400000000016,FC(F)(F)c1ccc(NCc2nnc3n2CCCCC3)cc1,True,3.6354000000000024,0.40196000000000076,0.6326530612244898,False,True
1.0,bin,13,0.2550499439239502,0.20709991455078125,0.30299997329711914,302889,COc1ccc(OC)c(NC(=O)CCNC(=O)c2cccs2)c1,2.5239000000000003,O=C(CCNC(=O)c1cccs1)Nc1cc(F)ccc1F,True,2.7849000000000004,0.2610000000000001,0.5714285714285714,False,False
1.0,bin,13,0.2550499439239502,0.20709991455078125,0.30299997329711914,327141,COc1ccc(OC)c(S(=O)(=O)Nc2ccn(C)n2)c1,1.2381,Cc1cccc(S(=O)(=O)Nc2ccn(C)n2)c1,True,1.52932,0.29122000000000003,0.48,False,True
1.0,bin,13,0.2550499439239502,0.20709991455078125,0.30299997329711914,327382,CNC(=O)C1CN(C(=O)c2c(C)noc2C)c2ccccc2O1,1.4452399999999996,Cc1noc(C)c1C(=O)N1CC(C)Oc2ccccc21,True,2.7191400000000012,1.2739000000000016,0.7058823529411765,False,True
1.0,bin,13,0.2550499439239502,0.20709991455078125,0.30299997329711914,406491,COCCNC(=O)C1CCCN(S(=O)(=O)N2CCOCC2)C1,-0.9619999999999964,COC1CC(C#N)CN(S(=O)(=O)N2CCOC(C)C2)C1,True,-0.1876199999999988,0.7743799999999976,0.26865671641791045,False,True
1.0,bin,13,0.2550499439239502,0.20709991455078125,0.30299997329711914,413951,O=C(Cn1ncn2cccc2c1=O)N1CCCCCC1,0.8985999999999996,O=C(Cn1ncn2cccc2c1=O)N1CCCCC1,True,0.5084999999999997,-0.3900999999999999,1.0,False,False
1.0,bin,13,0.2550499439239502,0.20709991455078125,0.30299997329711914,427929,CCNc1nc(NCc2ccccc2Cl)c2cnn(C)c2n1,3.060600000000001,CCC(C)Nc1nc(NCc2ccccc2)c2cnn(C)c2n1,True,3.1858000000000013,0.12520000000000042,0.5344827586206896,False,True
1.0,bin,13,0.2550499439239502,0.20709991455078125,0.30299997329711914,447130,CCC(NC(=O)C1CCN(C(=O)C2CC2)CC1)c1ccc(C)cc1,3.2109200000000016,CC(NC(=O)C1CCN(C(=O)C2CC2C)CC1)c1ccc(Cl)cc1,True,3.411800000000002,0.2008800000000006,0.4482758620689655,False,True
1.0,bin,13,0.2550499439239502,0.20709991455078125,0.30299997329711914,481908,CCNS(=O)(=O)c1ccc(C)c(C(=O)Nc2ncccc2C)c1,2.24894,Cc1ccnc(NC(=O)c2ccc(Br)cc2)c1N,True,2.9870200000000002,0.7380800000000001,0.29508196721311475,False,True
1.0,bin,13,0.2550499439239502,0.20709991455078125,0.30299997329711914,485220,Cc1nn(CC(=O)N2CCN(C)CC2)c(C)c1Br,1.03644,Cc1nn(CC(=O)N2CCN(C)CC2)c(C)c1Br,True,1.03644,0.0,1.0,True,False
1.0,bin,13,0.2550499439239502,0.20709991455078125,0.30299997329711914,526363,Cc1nnc(SCC(=O)Nc2ccc(O)cc2)n(N)c1=O,0.09692,Cc1ccc(NC(=O)CSc2nnc(N)c(=O)n2N)cc1F,True,0.11261999999999989,0.01569999999999988,0.5789473684210527,False,True
1.0,bin,13,0.2550499439239502,0.20709991455078125,0.30299997329711914,536853,COc1ccc(C2CCCN2C(=O)C2CCC2)c(OC)c1,3.1674000000000015,Cc1ccc(F)c(C2CCCN2C(=O)C2CCC2)c1,True,3.5977200000000025,0.4303200000000009,0.5384615384615384,False,True
1.0,bin,13,0.2550499439239502,0.20709991455078125,0.30299997329711914,540312,Cc1nn(C)c2nc(C3CC3)cc(C(=O)NCC(=O)NC(C)(C)C)c12,1.7986199999999997,C=C(C=C(N=CN(C)N=CC)C1CC1)C(=O)N(C)C(C)C,True,2.669100000000001,0.8704800000000015,0.08333333333333333,False,True
1.0,bin,13,0.2550499439239502,0.20709991455078125,0.30299997329711914,544381,Cc1nc(N2CCCC(C(=O)NC(C)C)C2)c2c(C)c(C)oc2n1,2.8890600000000006,Cc1oc2ncnc(NCC(C)C)c2c1C(=O)N1CCCC(C)C1,True,3.4712200000000024,0.5821600000000018,0.3076923076923077,False,True
1.0,bin,13,0.2550499439239502,0.20709991455078125,0.30299997329711914,544382,CCCNC(=O)C1CCCN(c2nc(C)nc3oc(C)c(C)c23)C1,2.8906600000000013,Cc1oc2c(c1C)=C(N1CCC(C)CC1CC#N)N=CCN=2,True,1.6803199999999998,-1.2103400000000015,0.20238095238095238,False,True
1.0,bin,13,0.2550499439239502,0.20709991455078125,0.30299997329711914,550049,Cc1ccc(C)c(OCC(=O)Nc2cccc(-n3cnnc3)c2)c1,2.9016400000000013,Cc1ccccc1OCC(=O)Nc1cc(Cl)ccnnccn1,True,2.97532,0.07367999999999864,0.38461538461538464,False,True
1.0,bin,13,0.2550499439239502,0.20709991455078125,0.30299997329711914,573533,Cc1nn(-c2ncc(C(F)(F)F)cc2Cl)c(=O)o1,2.2011199999999995,CC(C)OCCc1nn(-c2cc(Cl)c(Cl)cn2)c(=O)o1,True,2.4948000000000006,0.29368000000000105,0.3114754098360656,False,True
1.0,bin,13,0.2550499439239502,0.20709991455078125,0.30299997329711914,582555,O=C(NCC(O)c1ccccc1)c1ccc2c(=O)n3c(nc2c1)CCC3,1.8061000000000003,C=Cc1nc(=C)c(=CCC(=O)NCC(O)c2ccc(F)cc2F)c(=O)[nH]1,True,0.1217999999999998,-1.6843000000000004,0.20454545454545456,False,True
1.0,bin,13,0.2550499439239502,0.20709991455078125,0.30299997329711914,588547,Cc1n[nH]c(C)c1NC(=O)CCc1ccc(Cl)cc1Cl,3.9046400000000023,CSc1ccc(Cl)cc1CCC(=O)Nc1c(C)n[nH]c1C,True,3.9731400000000026,0.06850000000000023,0.7254901960784313,False,True
1.0,bin,13,0.2550499439239502,0.20709991455078125,0.30299997329711914,607673,CCCN(CC1CC1)S(=O)(=O)c1ccccc1F,2.636400000000001,CCCN(CC1CC1)S(=O)(=O)c1ccc(F)c(F)c1,True,2.775500000000001,0.1391,0.6222222222222222,False,False
1.0,bin,13,0.2550499439239502,0.20709991455078125,0.30299997329711914,617681,Cc1cc(C(=O)Nc2nc(-c3ccncc3)cs2)nn1C(C)C,3.5432200000000016,CCCn1ccc(C(=O)Nc2nc(-c3ccncc3)c(C(C)C)s2)n1,True,4.187300000000003,0.6440800000000015,0.38571428571428573,False,True
1.0,bin,13,0.2550499439239502,0.20709991455078125,0.30299997329711914,650267,COc1ccc2oc(C(=O)NC3CCCCNC3=O)c(C)c2c1,2.14832,CC1=CC=C(C)CC(C)=C(C(=O)NC2CCCCNC2)OOC1,True,2.7632000000000003,0.6148800000000003,0.24358974358974358,False,True
1.0,bin,13,0.2550499439239502,0.20709991455078125,0.30299997329711914,668639,Cc1cc(NC(=O)c2ccccc2Cl)ncc1N,2.8779200000000005,Nc1cnc(NC(=O)c2ccc(Cl)cc2)c(Cl)c1,True,3.222900000000001,0.3449800000000005,0.3584905660377358,False,True
1.0,bin,13,0.2550499439239502,0.20709991455078125,0.30299997329711914,673160,CCC(=O)Nc1ccc2oc(C(F)(F)F)cc(=O)c2c1,3.160300000000001,CCCC(=O)Nc1ccc2oc(C(F)(F)F)cc(=O)c2c1,True,3.5504000000000016,0.39010000000000034,0.8409090909090909,False,True
1.0,bin,13,0.2550499439239502,0.20709991455078125,0.30299997329711914,711169,Cc1cccc(C(C)C)c1NC(=O)N(C)Cc1ccncc1,4.177320000000003,CC(C)c1cccc(C(C)C)c1NC(=O)N(C)Cc1ccncc1,True,4.992300000000004,0.8149800000000011,0.8604651162790697,False,False
1.0,bin,13,0.2550499439239502,0.20709991455078125,0.30299997329711914,720969,Cc1noc(C)c1CCC(=O)OCC(=O)N1c2ccccc2CC1C,2.7450400000000013,Cc1noc(C)c1CCC(=O)OCC(=O)N1CC(C)c2ccccc21,True,2.9175400000000016,0.17250000000000032,0.6612903225806451,False,True
1.0,bin,13,0.2550499439239502,0.20709991455078125,0.30299997329711914,730789,COC(=O)C1CCN(C(=O)c2cc3ccc(F)cc3nc2C)CC1,2.7075200000000006,CNc1nc2cc(Cl)ccc2cc1C(=O)N1CCC(C(=O)OC)CC1,True,2.9551000000000007,0.24758000000000013,0.5932203389830508,False,True
1.0,bin,13,0.2550499439239502,0.20709991455078125,0.30299997329711914,738178,Cc1ccc(-n2ccnc2SCc2nc(C3CC3)no2)cc1C,4.041840000000003,CC1=CC=CCC1n1ccnc1SCc1nc(C2CC2)no1,True,3.8831000000000024,-0.15874000000000077,0.5396825396825397,False,True
1.0,bin,13,0.2550499439239502,0.20709991455078125,0.30299997329711914,771897,COc1ccccc1OCC(=O)N(C)Cc1sccc1C,3.102520000000002,Cc1ccsc1CN(C)C(=O)COc1ccc(F)c(F)c1,True,3.3721200000000024,0.2696000000000005,0.5849056603773585,False,True
1.0,bin,13,0.2550499439239502,0.20709991455078125,0.30299997329711914,811446,COC(=O)C1(NC(=O)c2cc(Br)c[nH]2)CCCCCC1,2.7730000000000006,CCC1CCCC(NC(=O)c2cc(C(=O)OC)c[nH]2)C1,True,2.4999000000000002,-0.27310000000000034,0.30158730158730157,False,True
1.0,bin,13,0.2550499439239502,0.20709991455078125,0.30299997329711914,848291,CCC(C)NC(=O)NCc1noc(-c2cccs2)n1,2.3958000000000004,CC(C)CCNC(=O)Cc1noc(-c2cccs2)n1,True,2.5029000000000003,0.10709999999999997,0.5689655172413793,False,True
1.0,bin,13,0.2550499439239502,0.20709991455078125,0.30299997329711914,863440,COc1ccc(-c2nc(CCCO)cs2)cc1OC,2.752200000000001,CCOc1ccc(-c2nc(CC(=O)OC)cs2)cc1,True,2.9243000000000015,0.17210000000000036,0.4,False,False
1.0,bin,13,0.2550499439239502,0.20709991455078125,0.30299997329711914,864663,N#Cc1ccc(-c2cc(F)ccc2F)nc1N1CCCC1,3.498680000000002,N#Cc1ccc(-c2ccc(Cl)c(F)c2)nc1N1CCCC1,True,4.012980000000002,0.5143000000000004,0.6,False,True
1.0,bin,13,0.2550499439239502,0.20709991455078125,0.30299997329711914,872100,CCc1cccc(C)c1NCC(O)c1ccc2c(c1)OCCO2,3.474120000000002,Cc1ccc(CCCC(O)c2ccc3c(c2)OCCO3)cc1Cl,True,4.475920000000004,1.001800000000002,0.4406779661016949,False,True
1.0,bin,13,0.2550499439239502,0.20709991455078125,0.30299997329711914,886334,COc1ccc(C(=O)N2CCCC(C(=O)N3CCCCC3)C2)c(O)c1,2.2655000000000003,O=C(c1ccccc1F)N1CCCC(C(=O)N2CCCCC2)C1,True,2.6904000000000012,0.42490000000000094,0.5384615384615384,False,True
1.0,bin,13,0.2550499439239502,0.20709991455078125,0.30299997329711914,887387,COCCNC(=O)N(Cc1cccc(F)c1)CC1CCCO1,2.1627,C=CCNC(=O)N(Cc1cccc(F)c1)CC1CCCO1,True,2.702300000000001,0.539600000000001,0.7166666666666667,False,True
1.0,bin,13,0.2550499439239502,0.20709991455078125,0.30299997329711914,889149,N#Cc1ccc(NC(=O)c2ccc(Br)cc2Cl)nc1,3.621480000000001,CC(C)c1ccc(F)cc1C(=O)Nc1ccc(C#N)cn1,True,3.4680800000000014,-0.15339999999999954,0.5272727272727272,False,True
1.0,bin,13,0.2550499439239502,0.20709991455078125,0.30299997329711914,913483,O=C(CNC(=O)NCCc1c(Cl)cccc1Cl)NC1CC1,2.1137000000000006,CC(Cc1ccc(F)c(Cl)c1)NC(=O)NCC(=O)NC1CC1,True,1.9878999999999996,-0.12580000000000102,0.4406779661016949,False,True
1.0,bin,13,0.2550499439239502,0.20709991455078125,0.30299997329711914,917620,C=CCN(Cc1ccccc1OC)C(=O)c1csc(C)n1,3.288520000000002,CCc1nc(C(=O)N(C)Cc2ccc(OC)c(C)c2)cs1,True,3.2947200000000016,0.006199999999999761,0.3939393939393939,False,True
1.0,bin,13,0.2550499439239502,0.20709991455078125,0.30299997329711914,918312,CCOc1ccc(Cl)c(C(=O)N2CCN(c3ncccn3)CC2)n1,1.8860999999999997,CCN(CCNC1=NC=CC(C)CC=N1)C(=O)c1ccccn1,True,2.1136,0.22750000000000026,0.18518518518518517,False,True
1.0,bin,13,0.2550499439239502,0.20709991455078125,0.30299997329711914,922879,CC(=O)c1ccc(N2CCN(Cc3c(F)cccc3F)CC2)cc1,3.489600000000003,Cc1cc(F)ccc1N1CCN(Cc2ccccc2Cl)CC1,True,4.109720000000004,0.6201200000000009,0.288135593220339,False,True
1.0,bin,13,0.2550499439239502,0.20709991455078125,0.30299997329711914,927535,COc1cc(CN2CCN(c3ccccc3F)CC2)ccc1O,2.862100000000002,COc1cccc(CN2CCN(c3ccc(F)c(C#N)c3)CC2)c1F,True,3.1672800000000016,0.30517999999999956,0.36923076923076925,False,True
1.0,bin,13,0.2550499439239502,0.20709991455078125,0.30299997329711914,927567,Cc1ccccc1N1CCN(Cc2cccc(O)c2)CC1,3.022820000000001,COc1ccc(F)c(N2CCN(Cc3ccccc3F)CC2)c1,True,3.295600000000002,0.2727800000000009,0.3392857142857143,False,True
1.0,bin,13,0.2550499439239502,0.20709991455078125,0.30299997329711914,938108,CC(c1ccccc1)N(C)C(=O)CCC(=O)Nc1nccs1,3.0814000000000012,CC(C)N(Cc1ccccc1)C(=O)CCC(=O)Nc1nccs1,True,3.2990000000000013,0.21760000000000002,0.6481481481481481,False,False
1.0,bin,13,0.2550499439239502,0.20709991455078125,0.30299997329711914,943303,CN(CCCOc1ccccc1)C(=O)Nc1cccc2c1OCCO2,3.390600000000002,CC(CCOc1ccccc1C#N)NC(=O)Nc1cccc2c1OCCO2,True,3.308580000000001,-0.08202000000000087,0.43661971830985913,False,True
1.0,bin,13,0.2550499439239502,0.20709991455078125,0.30299997329711914,946289,CC(NC(=O)C1(c2cc(-c3ccco3)on2)CC1)c1ccccc1,3.843600000000002,CC1=NOC=C(c2ccccc2C)C(=O)N2C1CC2c1ccco1,True,3.677220000000003,-0.1663799999999993,0.19480519480519481,False,True
1.0,bin,13,0.2550499439239502,0.20709991455078125,0.30299997329711914,994077,Cc1nnc(Cn2c(-c3cccc(Br)c3)noc2=O)o1,2.0055199999999997,Cc1cccc(-c2noc(=O)n2Cc2nnc(CC(C)C)o2)c1,True,2.4415200000000006,0.43600000000000083,0.6111111111111112,False,True
1.0,bin,13,0.2550499439239502,0.20709991455078125,0.30299997329711914,1065620,O=C(NCc1cccnc1Oc1ccccc1)c1cccnc1,3.198900000000002,Cc1ccccc1Oc1ncccc1CNC(=O)c1cccnc1,True,3.507320000000001,0.30841999999999903,0.74,False,True
1.0,bin,13,0.2550499439239502,0.20709991455078125,0.30299997329711914,1093926,CN(C(=O)CNc1cccc(OCC2CCCO2)c1)c1ccccc1,3.319300000000002,O=C(CNc1cccc(OCC2CCCO2)c1)Nc1cccc(F)c1,True,3.4341000000000017,0.11479999999999979,0.609375,False,True
1.0,bin,13,0.2550499439239502,0.20709991455078125,0.30299997329711914,1107920,CCc1ccc(-n2cc(C(=O)NC(C)c3ccccc3)nn2)cc1,3.320700000000002,CCC(NC(=O)c1cn(-c2ccc(C)cc2)nn1)c1ccccc1,True,3.4568200000000022,0.13612000000000002,0.6296296296296297,False,True
1.0,bin,13,0.2550499439239502,0.20709991455078125,0.30299997329711914,1113130,CC(NC(=O)Cn1nnnc1C(C)(C)C)c1cccc2ccccc12,3.0012000000000016,Cc1nnnn1CC(=O)NC(C)c1ccc(Cl)c2ccccc12,True,2.6655200000000008,-0.33568000000000087,0.559322033898305,False,True
1.0,bin,13,0.2550499439239502,0.20709991455078125,0.30299997329711914,1121751,COC(=O)Cn1ccc(NS(=O)(=O)c2ccc(F)c(F)c2F)n1,1.2742,COC(=O)CCn1ccc(NS(=O)(=O)c2cc(C)ccc2F)n1,True,1.69452,0.42032,0.5862068965517241,False,True
1.0,bin,13,0.2550499439239502,0.20709991455078125,0.30299997329711914,1142531,CCOC(C)C(=O)NCCc1csc(-c2ccc(C)cc2)n1,3.2022200000000014,Cc1ccc(C=NC(C=CS)CCNC(=O)C(C)C)cc1,True,3.388320000000001,0.1860999999999997,0.2753623188405797,False,True
1.0,bin,13,0.2550499439239502,0.20709991455078125,0.30299997329711914,1212157,CN(Cc1ccc(F)c(F)c1)C(=O)c1cncc(-c2cnn(C)c2)c1,3.0325000000000015,CN(Cc1ccc(F)c(Cl)c1)C(=O)c1cncc(-c2cnn(C)c2)c1,True,3.546800000000002,0.5143000000000004,0.8333333333333334,False,True
1.0,bin,13,0.2550499439239502,0.20709991455078125,0.30299997329711914,1215394,CCn1nc(C)cc1C(=O)Oc1cccc(NC(=O)C(C)C)c1,3.025120000000001,CCn1nc(C)cc1C(=O)Oc1c(C)cccc1C,True,3.047460000000002,0.022340000000000693,0.5660377358490566,False,True
1.0,bin,13,0.2550499439239502,0.20709991455078125,0.30299997329711914,1232922,CC(C)(C)OC(=O)NC1CCCN(S(=O)(=O)N2CCOCC2)C1,0.5525000000000011,CC1CCCN(S(=O)(=O)N2CCOC(C)C2)C1,True,0.6838000000000002,0.13129999999999908,0.37735849056603776,False,True
1.0,bin,13,0.2550499439239502,0.20709991455078125,0.30299997329711914,1238973,FC(F)(F)c1cnc(N2CCn3c(nnc3C3CC3)C2)c(Cl)c1,3.2429000000000023,FC(F)(F)c1cc(Cl)c(N2CCn3c(Cl)cnc3C2)nn1,True,3.0189000000000012,-0.2240000000000011,0.47368421052631576,False,True
1.0,bin,13,0.2550499439239502,0.20709991455078125,0.30299997329711914,1299495,Cc1cc(CC(=O)N2CCCC2C(C#N)c2ccccc2)no1,2.823900000000001,C=CC=CC=CC(C#N)C1CCCN1C(=O)CC12C=C(C1)ON2,True,2.36688,-0.45702000000000087,0.3048780487804878,False,True
1.0,bin,13,0.2550499439239502,0.20709991455078125,0.30299997329711914,1309906,CC(C)CC(NC(=O)c1cc(=O)c2ccccc2o1)C(=O)OC(C)C,2.8891000000000018,CCCNC(=O)c1cc(=O)c2cc(C)cc(C)c2o1,True,2.549640000000001,-0.33946000000000076,0.31746031746031744,False,True
1.0,bin,13,0.2550499439239502,0.20709991455078125,0.30299997329711914,1362816,COCc1cccc(C(=O)NC2CC2c2cccc(Cl)c2)c1,3.772300000000002,CCOc1cccc(C(=O)NC2CC2c2ccc(Cl)cc2F)c1,True,4.163700000000003,0.39140000000000086,0.484375,False,True
1.0,bin,13,0.2550499439239502,0.20709991455078125,0.30299997329711914,1441838,COCC(=O)NC(C(=O)Nc1cccc(-c2nccs2)c1)C(C)C,2.5358,CNC(=O)NCC1=CC=CC1(C)NC(=O)C(C)C(C)=NC=CS,True,1.7845,-0.7513000000000001,0.13636363636363635,False,True
1.0,bin,13,0.2550499439239502,0.20709991455078125,0.30299997329711914,1450449,CCCNC(=O)CSc1nc2c(cc1C#N)CCCC2,2.450380000000001,CCCNC(=O)CSc1nc2c(cc1C#N)CCCC2,True,2.450380000000001,0.0,1.0,True,False
1.0,bin,13,0.2550499439239502,0.20709991455078125,0.30299997329711914,1451910,O=S(=O)(NCc1nnc2ccccn12)c1ccc(F)c(F)c1,1.4859999999999995,CCc1ccc(S(=O)(=O)NCc2nnc3ccccn23)cc1,True,1.7702,0.28420000000000045,0.66,False,False
1.0,bin,13,0.2550499439239502,0.20709991455078125,0.30299997329711914,1479798,Cc1nc(C)c(CCC(=O)N(CC(C)C)CC(F)(F)F)c(=O)[nH]1,2.3662400000000003,CC=NC(C)=C(F)CCC(=O)NC(C)CCC(F)(F)CF,True,3.948000000000003,1.5817600000000027,0.1643835616438356,False,True
1.0,bin,13,0.2550499439239502,0.20709991455078125,0.30299997329711914,1507926,COC(=O)C(C)NC(=O)Cc1csc(-c2ccccc2Cl)n1,2.6837,CN(C(N)=O)C(=O)CC=CSC(F)c1ccccc1C(F)F,True,3.7664000000000026,1.0827000000000027,0.18055555555555555,False,True
1.0,bin,13,0.2550499439239502,0.20709991455078125,0.30299997329711914,1527882,Nc1ncccc1C(=O)Nc1ccc2cn[nH]c2c1,1.7923999999999998,Nc1ncccc1C(=O)Nc1ccc2cn[nH]c2c1,True,1.7923999999999998,0.0,1.0,True,False
1.0,bin,13,0.2550499439239502,0.20709991455078125,0.30299997329711914,1532848,COc1ccc(-c2ccc3c(=O)[nH]cnc3c2)cc1Cl,3.2521000000000013,O=c1[nH]cnc2c(-c3ccc(Br)cc3)cccc12,True,3.3526000000000007,0.10049999999999937,0.3148148148148148,False,True
1.0,bin,13,0.2550499439239502,0.20709991455078125,0.30299997329711914,1548351,COc1cc(OC)c2c(c1)C(c1cnccn1)NCC2,1.7288999999999999,Fc1ccc2c(c1F)C(c1cnccn1)NCC2,True,1.9898999999999996,0.2609999999999997,0.39285714285714285,False,True
1.0,bin,13,0.2550499439239502,0.20709991455078125,0.30299997329711914,1570134,COc1cccc(C(C)N2CCN(C(=O)c3ccc(O)cc3)CC2)c1,2.9198000000000013,COc1ccc(C(=O)N2CCN(Cc3ccccc3)CC2)c(F)c1,True,2.792300000000001,-0.1275000000000004,0.34375,False,True
1.0,bin,13,0.2550499439239502,0.20709991455078125,0.30299997329711914,1611406,CC(C)(C)N1CC(NC(=O)C2COc3ccc(F)cc3C2)CC1=O,1.8923999999999994,CCC1c2cc(SC)ccc2OCC1C(=O)NC1(O)CNC1,True,1.3186999999999998,-0.5736999999999997,0.21951219512195122,False,True
1.0,bin,13,0.2550499439239502,0.20709991455078125,0.30299997329711914,1612684,CCCC1CN(C(=O)Nc2ccn(CCC(C)C)n2)CCO1,2.9620000000000015,CCCCn1ccc(NC(=O)N2CCOC(CC(C)C)C2)n1,True,2.9620000000000015,0.0,0.7457627118644068,False,True
1.0,bin,13,0.2550499439239502,0.20709991455078125,0.30299997329711914,1639675,CCC(CC)c1nnc(NC(=O)c2scnc2C2CC2)s1,4.0279000000000025,CCCC(C)c1nnc(NC(=O)c2scnc2C2CC2)s1,True,4.0279000000000025,0.0,0.7647058823529411,False,True
1.0,bin,13,0.2550499439239502,0.20709991455078125,0.30299997329711914,1675660,COc1ccnc(NC(=O)c2cccc(Cl)c2)c1,2.9959000000000007,CC(=O)C=C1C=CC(C(=O)Nc2cc(Cl)cc(C)n2)=C1,True,2.99352,-0.002380000000000493,0.25,False,True
1.0,bin,13,0.2550499439239502,0.20709991455078125,0.30299997329711914,1689728,CCc1noc(CSc2ncnc3sc(C)cc23)n1,3.237420000000002,Cc1sc2ncnc(SCC3CCC=NO3)c2c1C,True,3.5650400000000024,0.32762000000000047,0.2608695652173913,False,True
1.0,bin,13,0.2550499439239502,0.20709991455078125,0.30299997329711914,1720876,CC(C)(C)CC(=O)NCC(=O)Nc1ccc2c(c1)COC2,2.2077,CC(C)NC(=O)C(C)(C)NC(=O)Cc1ccc2c(c1)COC2C,True,2.2397,0.03200000000000003,0.2463768115942029,False,True
1.0,bin,13,0.2550499439239502,0.20709991455078125,0.30299997329711914,1757109,CC(C)Cc1ncc(CNc2ccc3c(c2)COC3)s1,3.983900000000003,CC(C)CC1=NC=CCNc2ccc3c(c2)COC3CS1,True,4.374900000000003,0.391,0.2361111111111111,False,True
1.0,bin,13,0.2550499439239502,0.20709991455078125,0.30299997329711914,1774061,O=C1NCCCc2[nH]c(-c3cccc4[nH]ccc34)nc21,2.234,O=CNCC1=CC(c2cccc3[nH]ccc23)NCC1,True,1.8746999999999998,-0.3593000000000002,0.27941176470588236,False,True
1.0,bin,13,0.2550499439239502,0.20709991455078125,0.30299997329711914,1800687,Cc1nn(C)c(-c2nc(-c3cccnn3)no2)c1Cl,1.8889199999999997,Cn1nc(C(F)(F)F)cc1-c1nc(-c2cccnn2)no1,True,1.9458999999999997,0.05698000000000003,0.5272727272727272,False,True
1.0,bin,13,0.2550499439239502,0.20709991455078125,0.30299997329711914,1815867,FC(F)(F)c1ccc(CN2CCOCC2c2ncon2)cc1,2.661900000000001,FC=C(F)CN1CCOCC1c1ncon1,True,1.2233,-1.438600000000001,0.5555555555555556,False,True
1.0,bin,13,0.2550499439239502,0.20709991455078125,0.30299997329711914,1828580,Cc1ccc(N2CC3OCC(=O)N(Cc4cccc(F)c4)C3C2)nn1,1.54032,CCc1cccc(N2CC3OCC(=O)N(Cc4cccc(F)c4)C3C2)n1,True,2.3993,0.8589800000000003,0.6984126984126984,False,True
1.0,bin,13,0.2550499439239502,0.20709991455078125,0.30299997329711914,1836183,CCc1ccc(C(=O)NCc2nccc(N(C)C)n2)cc1,2.035,CN(C)c1ccnc(CNC(=O)c2ccc(OC(F)(F)F)cc2)n1,True,2.371200000000001,0.3362000000000007,0.7,False,True
1.0,bin,13,0.2550499439239502,0.20709991455078125,0.30299997329711914,1842499,COc1ccccc1COc1ccccc1-c1cnn(CCO)c1,3.1300000000000017,C#CCn1cc(-c2ccccc2OCc2cccc(F)c2)cn1,True,3.9014000000000033,0.7714000000000016,0.43548387096774194,False,True
1.0,bin,13,0.2550499439239502,0.20709991455078125,0.30299997329711914,1865564,COC(CNC(=O)c1ccoc1)c1cccc(F)c1,2.536200000000001,C=COc1occc1C(=O)NC(C)CC1C=CC=COC1,True,3.026600000000001,0.49040000000000017,0.1728395061728395,False,True
1.0,bin,13,0.2550499439239502,0.20709991455078125,0.30299997329711914,1868773,CCCOc1ccc(Cl)c2c1CCNC2C1CC(=O)C1,3.2947000000000015,CSc1cc2c(c(Cl)c1Cl)CCNC21CCC(=O)C1,True,3.809300000000002,0.5146000000000006,0.2,False,True
1.0,bin,13,0.2550499439239502,0.20709991455078125,0.30299997329711914,1873123,CCC1OC(=O)c2c(OC)ccc(Br)c21,3.079200000000002,CCC1OC(=O)c2cc(Br)cc(C)c21,True,3.3790200000000024,0.2998200000000004,0.4222222222222222,False,True
1.0,bin,13,0.2550499439239502,0.20709991455078125,0.30299997329711914,1875028,Cc1cccc(C)c1NCC(=O)N1CCCC2CCCCC21,3.8965400000000034,CCc1cccc(C)c1NCC(=O)N1CCCC2CCCCC21,True,4.150520000000004,0.2539800000000003,0.8444444444444444,False,True
1.0,bin,13,0.2550499439239502,0.20709991455078125,0.30299997329711914,1895921,CCC(CC)N(C)C(=O)CC1OC(=O)c2ccccc21,2.935200000000002,CCCCN(CC)C(=O)CC1OC(=O)c2ccccc21,True,2.9368000000000016,0.0015999999999998238,0.5918367346938775,False,False
1.0,bin,13,0.2550499439239502,0.20709991455078125,0.30299997329711914,1907077,Cc1ccc2[nH]nc(C(=O)Nc3nc(-c4ccco4)cs3)c2c1,3.8401200000000015,CCn1nc(C(=O)Nc2nc(-c3ccco3)cs2)c2ccccc21,True,4.025000000000002,0.1848800000000006,0.5223880597014925,False,True
1.0,bin,13,0.2550499439239502,0.20709991455078125,0.30299997329711914,1913063,Cc1nn(C)c(C)c1CN(C(=O)c1cn2cccc(C)c2n1)C1CC1,2.797860000000001,CC=CC=CN1C=C1CN(CCC)C(=O)C=C1N=C(C)C(Cl)=CN1,True,3.4575000000000022,0.6596400000000013,0.13043478260869565,False,True
1.0,bin,13,0.2550499439239502,0.20709991455078125,0.30299997329711914,1922265,CN(CCNC(=O)c1ccc2c(c1)ncn2C)c1ccccc1,2.4395000000000007,CCOc1ccc(NCCNC(=O)c2ccc3c(c2)ncn3C)cc1,True,2.813900000000001,0.3744000000000005,0.55,False,True
1.0,bin,14,0.34654998779296875,0.30299997329711914,0.39010000228881836,32052,COc1ccccc1CNC(=O)Cc1c[nH]c2ccccc12,3.035400000000001,COC1=CC2=C(OC)CC12CN(C)C(=O)Cc1cccccc[nH]c1,True,2.974500000000001,-0.060900000000000176,0.21333333333333335,False,True
1.0,bin,14,0.34654998779296875,0.30299997329711914,0.39010000228881836,116747,COCCSc1ccccc1C(=O)Nc1cccc(C)n1,3.3808200000000017,COc1ccccc1C(=O)Nc1cccc(S(C)(=O)=O)n1,True,1.7459999999999998,-1.634820000000002,0.42105263157894735,False,True
1.0,bin,14,0.34654998779296875,0.30299997329711914,0.39010000228881836,131060,CS(=O)(=O)NCCc1csc(-c2ccc(F)cc2)n1,2.0408999999999997,COc1ccc(-c2nc(C(C)NS(C)(=O)=O)cs2)cc1,True,2.4289000000000005,0.3880000000000008,0.375,False,True
1.0,bin,14,0.34654998779296875,0.30299997329711914,0.39010000228881836,131949,CCc1c(C)nc(SCC(=O)NC(C)C)[nH]c1=O,1.25742,CCCNC(=O)C(C)[SH]1C=NC(CCC)=CC(=O)N1,True,1.6593999999999998,0.4019799999999998,0.19117647058823528,False,True
1.0,bin,14,0.34654998779296875,0.30299997329711914,0.39010000228881836,158879,COc1ccc(CC(=O)OCC(=O)c2c[nH]c3ccccc23)cc1,3.145100000000001,COc1ccc(C)cc1CC(=O)OCC(=O)c1c[nH]c2ccccc12,True,3.453520000000002,0.3084200000000008,0.625,False,True
1.0,bin,14,0.34654998779296875,0.30299997329711914,0.39010000228881836,232056,COCCNC(=O)c1cc(=O)c2cc(C)ccc2o1,1.4776199999999993,COCCCNC(=O)c1cc(=O)c2cccc(C)c2o1,True,1.8677199999999998,0.39010000000000056,0.5471698113207547,False,True
1.0,bin,14,0.34654998779296875,0.30299997329711914,0.39010000228881836,235788,O=C(Cn1nc(-c2ccco2)oc1=O)NCC(F)(F)F,0.7747999999999999,CCCC(O)(NC)n1nc(-c2ccco2)oc1=O,True,0.7183999999999999,-0.056400000000000006,0.45,False,True
1.0,bin,14,0.34654998779296875,0.30299997329711914,0.39010000228881836,236081,CC(=O)c1c(C)[nH]c(C(=O)CSc2nc(C(C)C)n[nH]2)c1C,3.0506400000000014,CC1=CC(=O)CC(C)(C(=O)CSc2nc(C(C)C)n[nH]2)N1,True,1.8141999999999998,-1.2364400000000015,0.42857142857142855,False,True
1.0,bin,14,0.34654998779296875,0.30299997329711914,0.39010000228881836,281081,O=C(Cn1cccn1)NCc1cccnc1Oc1ccc(F)cc1F,2.665000000000001,Cc1cc(C)cc(Oc2ncccc2CNC(=O)Cn2cccn2)c1,True,3.00364,0.33863999999999894,0.6833333333333333,False,True
1.0,bin,14,0.34654998779296875,0.30299997329711914,0.39010000228881836,284170,COc1ccc(-c2nc(CC(=O)Nc3cccc(C)n3)cs2)cc1,3.7033200000000024,COc1cccc(-c2nc(CC(=O)Nc3cc(C)cc(C)n3)cs2)c1,True,4.011740000000003,0.3084200000000008,0.6724137931034483,False,True
1.0,bin,14,0.34654998779296875,0.30299997329711914,0.39010000228881836,288369,Cc1ccc(NCc2nnc3n2CCCCC3)cc1C,3.2334400000000016,Fc1cc(NCc2nnc3n2CCCCC3)ccc1Cl,True,3.4091000000000022,0.1756600000000006,0.66,False,True
1.0,bin,14,0.34654998779296875,0.30299997329711914,0.39010000228881836,302889,COc1ccc(OC)c(NC(=O)CCNC(=O)c2cccs2)c1,2.5239000000000003,CC(=O)c1ccccc1NC(=O)CCNC(=O)c1cccs1,True,2.7093000000000007,0.18540000000000045,0.5818181818181818,False,True
1.0,bin,14,0.34654998779296875,0.30299997329711914,0.39010000228881836,327141,COc1ccc(OC)c(S(=O)(=O)Nc2ccn(C)n2)c1,1.2381,O=S(=O)(NC1C=CNC1)c1cc(F)ccc1F,True,0.7285999999999999,-0.5095000000000001,0.15384615384615385,False,True
1.0,bin,14,0.34654998779296875,0.30299997329711914,0.39010000228881836,327382,CNC(=O)C1CN(C(=O)c2c(C)noc2C)c2ccccc2O1,1.4452399999999996,CNC(=O)C1CN(C(=O)c2c(C)noc2C)c2ccccc2O1,True,1.4452399999999996,0.0,1.0,True,False
1.0,bin,14,0.34654998779296875,0.30299997329711914,0.39010000228881836,406491,COCCNC(=O)C1CCCN(S(=O)(=O)N2CCOCC2)C1,-0.9619999999999964,CCNC(=O)C1CCCN(S(=O)(=O)N2CCOCC2)C1,True,-0.588499999999998,0.3734999999999984,0.7291666666666666,False,False
1.0,bin,14,0.34654998779296875,0.30299997329711914,0.39010000228881836,413951,O=C(Cn1ncn2cccc2c1=O)N1CCCCCC1,0.8985999999999996,CC=CC=CN(C=O)CC(=O)N1CCC(C)CC1C,True,2.1816000000000004,1.2830000000000008,0.11267605633802817,False,True
1.0,bin,14,0.34654998779296875,0.30299997329711914,0.39010000228881836,427929,CCNc1nc(NCc2ccccc2Cl)c2cnn(C)c2n1,3.060600000000001,CCCNc1nc(NCc2ccccc2F)c2cnn(C)c2n1,True,2.936400000000001,-0.12420000000000009,0.6363636363636364,False,True
1.0,bin,14,0.34654998779296875,0.30299997329711914,0.39010000228881836,447130,CCC(NC(=O)C1CCN(C(=O)C2CC2)CC1)c1ccc(C)cc1,3.2109200000000016,CCC(NC(=O)C1CCN(C(=O)C2CC2)CC1)c1cccc(Cl)c1,True,3.555900000000002,0.3449800000000005,0.6730769230769231,False,True
1.0,bin,14,0.34654998779296875,0.30299997329711914,0.39010000228881836,481908,CCNS(=O)(=O)c1ccc(C)c(C(=O)Nc2ncccc2C)c1,2.24894,Cc1cccnc1NC(=O)c1ccc(S(C)(=O)=O)c(Cl)c1,True,2.6992200000000013,0.4502800000000011,0.4576271186440678,False,True
1.0,bin,14,0.34654998779296875,0.30299997329711914,0.39010000228881836,485220,Cc1nn(CC(=O)N2CCN(C)CC2)c(C)c1Br,1.03644,C=CCN1CCN(C(=O)Cn2nc(C)c(Cl)c2C)CC1,True,1.48354,0.44710000000000005,0.48,False,True
1.0,bin,14,0.34654998779296875,0.30299997329711914,0.39010000228881836,526363,Cc1nnc(SCC(=O)Nc2ccc(O)cc2)n(N)c1=O,0.09692,Cc1ccc(NC(=O)CSc2nnc(N)c(=O)n2N)cc1,True,-0.02648000000000017,-0.12340000000000018,0.68,False,True
1.0,bin,14,0.34654998779296875,0.30299997329711914,0.39010000228881836,536853,COc1ccc(C2CCCN2C(=O)C2CCC2)c(OC)c1,3.1674000000000015,N#CCOc1ccc(C2CCCN2C(=O)C2CCC2)cc1Cl,True,3.705980000000003,0.5385800000000014,0.43548387096774194,False,True
1.0,bin,14,0.34654998779296875,0.30299997329711914,0.39010000228881836,540312,Cc1nn(C)c2nc(C3CC3)cc(C(=O)NCC(=O)NC(C)(C)C)c12,1.7986199999999997,CCC(C)NC(=O)COC(=O)c1cc(C2CC2)nc2c1c(C)nn2C,True,2.22562,0.4270000000000005,0.5294117647058824,False,True
1.0,bin,14,0.34654998779296875,0.30299997329711914,0.39010000228881836,544381,Cc1nc(N2CCCC(C(=O)NC(C)C)C2)c2c(C)c(C)oc2n1,2.8890600000000006,CC=C(C)OCN=C(N=CN1CCCC(=O)OCC1)C(F)(F)F,True,2.5123000000000006,-0.37676,0.11627906976744186,False,True
1.0,bin,14,0.34654998779296875,0.30299997329711914,0.39010000228881836,544382,CCCNC(=O)C1CCCN(c2nc(C)nc3oc(C)c(C)c23)C1,2.8906600000000013,Cc1nc(N2CCC(C(=O)N(C)C)CC2)c2c(C)c(C)oc2n1,True,2.4526600000000007,-0.4380000000000006,0.5245901639344263,False,True
1.0,bin,14,0.34654998779296875,0.30299997329711914,0.39010000228881836,550049,Cc1ccc(C)c(OCC(=O)Nc2cccc(-n3cnnc3)c2)c1,2.9016400000000013,Cc1ccc(NC(=O)COc2ccc(F)cc2Cl)cc1-n1cnnc1,True,3.385720000000002,0.4840800000000005,0.5238095238095238,False,True
1.0,bin,14,0.34654998779296875,0.30299997329711914,0.39010000228881836,573533,Cc1nn(-c2ncc(C(F)(F)F)cc2Cl)c(=O)o1,2.2011199999999995,Cc1nn(-c2cc(Cl)c(C(F)(F)F)cn2)c(=O)o1,True,2.2011199999999995,0.0,0.5833333333333334,False,True
1.0,bin,14,0.34654998779296875,0.30299997329711914,0.39010000228881836,582555,O=C(NCC(O)c1ccccc1)c1ccc2c(=O)n3c(nc2c1)CCC3,1.8061000000000003,C#CC(=CC=CC)C(O)CNC(=O)c1ccc2c(=O)n3c(nc2c1)CCC3,True,1.5691,-0.23700000000000032,0.6285714285714286,False,True
1.0,bin,14,0.34654998779296875,0.30299997329711914,0.39010000228881836,588547,Cc1n[nH]c(C)c1NC(=O)CCc1ccc(Cl)cc1Cl,3.9046400000000023,Cc1n[nH]c(C)c1NC(=O)CC(C)(C)c1ccc(Cl)cc1,True,3.986340000000003,0.08170000000000055,0.5471698113207547,False,True
1.0,bin,14,0.34654998779296875,0.30299997329711914,0.39010000228881836,607673,CCCN(CC1CC1)S(=O)(=O)c1ccccc1F,2.636400000000001,CCCN(CC1CC1)S(=O)(=O)c1cccc(OC(F)F)c1,True,3.098700000000002,0.4623000000000008,0.5094339622641509,False,True
1.0,bin,14,0.34654998779296875,0.30299997329711914,0.39010000228881836,617681,Cc1cc(C(=O)Nc2nc(-c3ccncc3)cs2)nn1C(C)C,3.5432200000000016,Cc1cc(C(=O)Nc2nc(-c3ccncc3)cs2)nn1C(C)(C)C,True,3.7173200000000026,0.17410000000000103,0.7037037037037037,False,True
1.0,bin,14,0.34654998779296875,0.30299997329711914,0.39010000228881836,650267,COc1ccc2oc(C(=O)NC3CCCCNC3=O)c(C)c2c1,2.14832,O=C(NC1CCCCNC1=O)C1=CCC=CC(Cl)=CC1,True,2.1704,0.022079999999999878,0.37681159420289856,False,True
1.0,bin,14,0.34654998779296875,0.30299997329711914,0.39010000228881836,668639,Cc1cc(NC(=O)c2ccccc2Cl)ncc1N,2.8779200000000005,Cc1ccnc(NC(=O)c2ccccc2Br)c1N,True,2.9870200000000002,0.10909999999999975,0.41509433962264153,False,True
1.0,bin,14,0.34654998779296875,0.30299997329711914,0.39010000228881836,673160,CCC(=O)Nc1ccc2oc(C(F)(F)F)cc(=O)c2c1,3.160300000000001,CC(=O)Nc1ccc2oc(C(F)(F)F)cc(=O)c2c1C,True,3.0786200000000017,-0.08167999999999953,0.4716981132075472,False,True
1.0,bin,14,0.34654998779296875,0.30299997329711914,0.39010000228881836,711169,Cc1cccc(C(C)C)c1NC(=O)N(C)Cc1ccncc1,4.177320000000003,CCN(Cc1ccncc1)C(=O)Nc1c(C)ccc(C(C)C)c1C,True,4.875840000000005,0.698520000000002,0.5636363636363636,False,True
1.0,bin,14,0.34654998779296875,0.30299997329711914,0.39010000228881836,720969,Cc1noc(C)c1CCC(=O)OCC(=O)N1c2ccccc2CC1C,2.7450400000000013,Cc1noc(C)c1CCC(=O)OCC(=O)N1c2ccccc2CC1C,True,2.7450400000000013,0.0,1.0,True,False
1.0,bin,14,0.34654998779296875,0.30299997329711914,0.39010000228881836,730789,COC(=O)C1CCN(C(=O)c2cc3ccc(F)cc3nc2C)CC1,2.7075200000000006,CC(=O)NC1CCCN(C(=O)c2cc3cc(C)cc(C)c3nc2C)C1,True,2.900760000000002,0.1932400000000012,0.34285714285714286,False,True
1.0,bin,14,0.34654998779296875,0.30299997329711914,0.39010000228881836,738178,Cc1ccc(-n2ccnc2SCc2nc(C3CC3)no2)cc1C,4.041840000000003,Clc1ccccc1-n1ccnc1SCc1nc(C2CC2)no1,True,4.078400000000002,0.036559999999998816,0.6206896551724138,False,True
1.0,bin,14,0.34654998779296875,0.30299997329711914,0.39010000228881836,771897,COc1ccccc1OCC(=O)N(C)Cc1sccc1C,3.102520000000002,COc1cc(C)ccc1OCC(=O)N(C)Cc1sccc1C,True,3.4109400000000027,0.3084200000000008,0.7708333333333334,False,False
1.0,bin,14,0.34654998779296875,0.30299997329711914,0.39010000228881836,811446,COC(=O)C1(NC(=O)c2cc(Br)c[nH]2)CCCCCC1,2.7730000000000006,CCCCCC(NC(=O)c1cc(C)c(C)[nH]1)C(=O)OC,True,2.4832400000000003,-0.28976000000000024,0.21875,False,True
1.0,bin,14,0.34654998779296875,0.30299997329711914,0.39010000228881836,848291,CCC(C)NC(=O)NCc1noc(-c2cccs2)n1,2.3958000000000004,CC(C)COC(C)C(=O)NCc1noc(-c2cccs2)n1,True,2.4754000000000005,0.07960000000000012,0.6206896551724138,False,True
1.0,bin,14,0.34654998779296875,0.30299997329711914,0.39010000228881836,863440,COc1ccc(-c2nc(CCCO)cs2)cc1OC,2.752200000000001,COC=CC=C(CN)C1=NC(CCCCO)=C[SH]1C,True,2.0787,-0.6735000000000011,0.19117647058823528,False,True
1.0,bin,14,0.34654998779296875,0.30299997329711914,0.39010000228881836,864663,N#Cc1ccc(-c2cc(F)ccc2F)nc1N1CCCC1,3.498680000000002,COc1ccc(-c2ccc(C#N)c(N3CCCC3)n2)c(Cl)c1,True,3.882480000000003,0.3838000000000008,0.5471698113207547,False,True
1.0,bin,14,0.34654998779296875,0.30299997329711914,0.39010000228881836,872100,CCc1cccc(C)c1NCC(O)c1ccc2c(c1)OCCO2,3.474120000000002,Cc1c(Cl)cccc1NCC(O)c1ccc2c(c1)OCCO2,True,3.565120000000001,0.0909999999999993,0.5818181818181818,False,True
1.0,bin,14,0.34654998779296875,0.30299997329711914,0.39010000228881836,886334,COc1ccc(C(=O)N2CCCC(C(=O)N3CCCCC3)C2)c(O)c1,2.2655000000000003,COc1ccc(C(=O)N2CCCC(C(=O)N3CCCCC3)C2)cc1,True,2.5599000000000007,0.29440000000000044,0.6875,False,True
1.0,bin,14,0.34654998779296875,0.30299997329711914,0.39010000228881836,887387,COCCNC(=O)N(Cc1cccc(F)c1)CC1CCCO1,2.1627,O=C(NCC(F)(F)F)N(Cc1ccccc1)CC1CCCO1,True,2.9395000000000016,0.7768000000000015,0.5645161290322581,False,True
1.0,bin,14,0.34654998779296875,0.30299997329711914,0.39010000228881836,889149,N#Cc1ccc(NC(=O)c2ccc(Br)cc2Cl)nc1,3.621480000000001,CSc1ccc(Cl)c(C(=O)Nc2ccc(C#N)cn2)c1,True,3.5808800000000023,-0.04059999999999864,0.6037735849056604,False,True
1.0,bin,14,0.34654998779296875,0.30299997329711914,0.39010000228881836,913483,O=C(CNC(=O)NCCc1c(Cl)cccc1Cl)NC1CC1,2.1137000000000006,CCC(Cc1ccccc1Cl)NC(=O)NCC(=O)NC1CC1,True,2.2389,0.12519999999999953,0.509090909090909,False,True
1.0,bin,14,0.34654998779296875,0.30299997329711914,0.39010000228881836,917620,C=CCN(Cc1ccccc1OC)C(=O)c1csc(C)n1,3.288520000000002,CCN(Cc1ccc(C#N)cc1)C(=O)c1csc(C)n1,True,2.985500000000002,-0.30302000000000007,0.4032258064516129,False,True
1.0,bin,14,0.34654998779296875,0.30299997329711914,0.39010000228881836,918312,CCOc1ccc(Cl)c(C(=O)N2CCN(c3ncccn3)CC2)n1,1.8860999999999997,Cc1ccnc(N2CCN(C(=O)c3nc(C)ccc3Cl)CC2)n1,True,2.10424,0.21814000000000022,0.5849056603773585,False,True
1.0,bin,14,0.34654998779296875,0.30299997329711914,0.39010000228881836,922879,CC(=O)c1ccc(N2CCN(Cc3c(F)cccc3F)CC2)cc1,3.489600000000003,Fc1ccccc1CN1CCN(c2c(F)cccc2Cl)CC1,True,3.940400000000003,0.4508000000000001,0.36538461538461536,False,True
1.0,bin,14,0.34654998779296875,0.30299997329711914,0.39010000228881836,927535,COc1cc(CN2CCN(c3ccccc3F)CC2)ccc1O,2.862100000000002,COc1ccc(CN2CCN(c3ccccc3OC)CC2)cc1,True,3.0260000000000016,0.1638999999999995,0.54,False,True
1.0,bin,14,0.34654998779296875,0.30299997329711914,0.39010000228881836,927567,Cc1ccccc1N1CCN(Cc2cccc(O)c2)CC1,3.022820000000001,CC(=O)c1cccc(N2CCN(Cc3ccc(O)cc3)CC2)c1C,True,3.2254200000000015,0.20260000000000034,0.49019607843137253,False,True
1.0,bin,14,0.34654998779296875,0.30299997329711914,0.39010000228881836,938108,CC(c1ccccc1)N(C)C(=O)CCC(=O)Nc1nccs1,3.0814000000000012,C=CCN(Cc1ccccc1)C(=O)CCC(=O)Nc1nccs1,True,3.076600000000001,-0.0048000000000003595,0.5423728813559322,False,True
1.0,bin,14,0.34654998779296875,0.30299997329711914,0.39010000228881836,943303,CN(CCCOc1ccccc1)C(=O)Nc1cccc2c1OCCO2,3.390600000000002,Cc1cccc(OCCCN(C)C(=O)Nc2cccc3c2OCCO3)c1,True,3.6990200000000018,0.3084199999999999,0.8148148148148148,False,True
1.0,bin,14,0.34654998779296875,0.30299997329711914,0.39010000228881836,946289,CC(NC(=O)C1(c2cc(-c3ccco3)on2)CC1)c1ccccc1,3.843600000000002,CC(NC(=O)C1(c2cc(-c3ccco3)on2)CC1)c1ccc(F)cc1,True,3.982700000000002,0.1391,0.8301886792452831,False,True
1.0,bin,14,0.34654998779296875,0.30299997329711914,0.39010000228881836,994077,Cc1nnc(Cn2c(-c3cccc(Br)c3)noc2=O)o1,2.0055199999999997,CC1=NN=C1Cn1c(-c2cc(Cl)ccc2Cl)noc1=O,True,2.6406,0.6350800000000003,0.3333333333333333,False,True
1.0,bin,14,0.34654998779296875,0.30299997329711914,0.39010000228881836,1065620,O=C(NCc1cccnc1Oc1ccccc1)c1cccnc1,3.198900000000002,Cc1ncccc1C(=O)NCc1cccnc1Oc1ccccc1,True,3.5073200000000018,0.3084199999999999,0.6470588235294118,False,True
1.0,bin,14,0.34654998779296875,0.30299997329711914,0.39010000228881836,1093926,CN(C(=O)CNc1cccc(OCC2CCCO2)c1)c1ccccc1,3.319300000000002,CN(C(=O)CNc1cccc(OCC2CCCO2)c1)c1ccc(F)cc1,True,3.458400000000002,0.1391,0.8596491228070176,False,True
1.0,bin,14,0.34654998779296875,0.30299997329711914,0.39010000228881836,1107920,CCc1ccc(-n2cc(C(=O)NC(C)c3ccccc3)nn2)cc1,3.320700000000002,C=C(C)C(=CC=CC)n1cc(C(=O)N(C)C(C)c2ccccc2C)nn1,True,4.4128200000000035,1.0921200000000013,0.23076923076923078,False,True
1.0,bin,14,0.34654998779296875,0.30299997329711914,0.39010000228881836,1113130,CC(NC(=O)Cn1nnnc1C(C)(C)C)c1cccc2ccccc12,3.0012000000000016,CC1=CC=CC(C)(C(C)NC(=O)Cn2nnnc2C=Cc2ccccc2)C1,True,3.2607000000000017,0.25950000000000006,0.33766233766233766,False,True
1.0,bin,14,0.34654998779296875,0.30299997329711914,0.39010000228881836,1121751,COC(=O)Cn1ccc(NS(=O)(=O)c2ccc(F)c(F)c2F)n1,1.2742,CCOC(=O)Cn1ccc(NS(=O)(=O)c2ccc(C)cc2F)n1,True,1.69452,0.42032,0.6140350877192983,False,True
1.0,bin,14,0.34654998779296875,0.30299997329711914,0.39010000228881836,1142531,CCOC(C)C(=O)NCCc1csc(-c2ccc(C)cc2)n1,3.2022200000000014,COC(=O)CCc1csc(-c2cccc(C(F)(F)F)c2)n1,True,3.9345000000000026,0.7322800000000012,0.3582089552238806,False,True
1.0,bin,14,0.34654998779296875,0.30299997329711914,0.39010000228881836,1212157,CN(Cc1ccc(F)c(F)c1)C(=O)c1cncc(-c2cnn(C)c2)c1,3.0325000000000015,Cc1c(-c2cncc(C(=O)N(C)Cc3ccc(F)cc3)c2)cnn1C,True,3.2018200000000014,0.16931999999999992,0.5573770491803278,False,True
1.0,bin,14,0.34654998779296875,0.30299997329711914,0.39010000228881836,1215394,CCn1nc(C)cc1C(=O)Oc1cccc(NC(=O)C(C)C)c1,3.025120000000001,CCCCc1[nH]n(C(C)C)c1C(=O)Oc1cccc(C(=O)N(C)C)c1,True,3.660700000000003,0.6355800000000018,0.2972972972972973,False,True
1.0,bin,14,0.34654998779296875,0.30299997329711914,0.39010000228881836,1232922,CC(C)(C)OC(=O)NC1CCCN(S(=O)(=O)N2CCOCC2)C1,0.5525000000000011,CC(C)CCC(=O)NC1CCCN(S(=O)(=O)N2CCOCC2)C1,True,0.5802000000000014,0.02770000000000028,0.6037735849056604,False,True
1.0,bin,14,0.34654998779296875,0.30299997329711914,0.39010000228881836,1238973,FC(F)(F)c1cnc(N2CCn3c(nnc3C3CC3)C2)c(Cl)c1,3.2429000000000023,CC(C)c1cc(Cl)cnc1N1CCC2CC2c2nncn2CC1,True,3.463700000000002,0.22079999999999966,0.25675675675675674,False,True
1.0,bin,14,0.34654998779296875,0.30299997329711914,0.39010000228881836,1299495,Cc1cc(CC(=O)N2CCCC2C(C#N)c2ccccc2)no1,2.823900000000001,Cc1cc(CC(=O)N2CCCC2C(C#N)c2cccc(F)c2)no1,True,2.963000000000002,0.1391000000000009,0.8135593220338984,False,True
1.0,bin,14,0.34654998779296875,0.30299997329711914,0.39010000228881836,1309906,CC(C)CC(NC(=O)c1cc(=O)c2ccccc2o1)C(=O)OC(C)C,2.8891000000000018,CC(C)C(NC(=O)c1cc(=O)c2cccc(Cl)c2o1)C(C)CO,True,2.8292000000000015,-0.059900000000000286,0.38461538461538464,False,True
1.0,bin,14,0.34654998779296875,0.30299997329711914,0.39010000228881836,1362816,COCc1cccc(C(=O)NC2CC2c2cccc(Cl)c2)c1,3.772300000000002,Cc1cc(C)c(C(=O)NC2CC2c2cccc(F)c2)c(C)c1,True,4.036860000000003,0.26456000000000035,0.4098360655737705,False,True
1.0,bin,14,0.34654998779296875,0.30299997329711914,0.39010000228881836,1441838,COCC(=O)NC(C(=O)Nc1cccc(-c2nccs2)c1)C(C)C,2.5358,CCN(CC)S(=O)(=O)c1cccc(-c2nccs2)c1,True,2.840600000000001,0.30480000000000107,0.390625,False,True
1.0,bin,14,0.34654998779296875,0.30299997329711914,0.39010000228881836,1450449,CCCNC(=O)CSc1nc2c(cc1C#N)CCCC2,2.450380000000001,N#CCSc1nc2c(cc1Cl)CCCC2C#N,True,3.2941600000000024,0.8437800000000015,0.2463768115942029,False,True
1.0,bin,14,0.34654998779296875,0.30299997329711914,0.39010000228881836,1451910,O=S(=O)(NCc1nnc2ccccn12)c1ccc(F)c(F)c1,1.4859999999999995,CCOc1ccc(S(=O)(=O)NCc2nnc3ccccn23)cc1C,True,1.9149200000000002,0.42892000000000063,0.625,False,True
1.0,bin,14,0.34654998779296875,0.30299997329711914,0.39010000228881836,1479798,Cc1nc(C)c(CCC(=O)N(CC(C)C)CC(F)(F)F)c(=O)[nH]1,2.3662400000000003,Cc1nc(C)c(CCC(=O)N(CC(C)C)CC(C)C)c(=O)[nH]1,True,2.4599399999999996,0.09369999999999923,0.8,False,True
1.0,bin,14,0.34654998779296875,0.30299997329711914,0.39010000228881836,1507926,COC(=O)C(C)NC(=O)Cc1csc(-c2ccccc2Cl)n1,2.6837,COc1ccccc1-c1nc(CC(=O)OC(C)C)cs1,True,3.312800000000002,0.629100000000002,0.4827586206896552,False,True
1.0,bin,14,0.34654998779296875,0.30299997329711914,0.39010000228881836,1527882,Nc1ncccc1C(=O)Nc1ccc2cn[nH]c2c1,1.7923999999999998,Cc1c(N)cncc1C(=O)Nc1ccc2cn[nH]c2c1,True,2.1008199999999997,0.3084199999999999,0.6037735849056604,False,True
1.0,bin,14,0.34654998779296875,0.30299997329711914,0.39010000228881836,1532848,COc1ccc(-c2ccc3c(=O)[nH]cnc3c2)cc1Cl,3.2521000000000013,O=c1[nH]cnc2cc(-c3ccc(O)c(Cl)c3)ccc12,True,2.9491000000000005,-0.3030000000000008,0.6590909090909091,False,True
1.0,bin,14,0.34654998779296875,0.30299997329711914,0.39010000228881836,1548351,COc1cc(OC)c2c(c1)C(c1cnccn1)NCC2,1.7288999999999999,COc1cc2c(c(Cl)c1OC)C(c1cnccn1)NCC2,True,2.3823,0.6534,0.5178571428571429,False,True
1.0,bin,14,0.34654998779296875,0.30299997329711914,0.39010000228881836,1570134,COc1cccc(C(C)N2CCN(C(=O)c3ccc(O)cc3)CC2)c1,2.9198000000000013,CC(c1ccc(N(C)C)cc1)N1CCN(C(=O)c2ccccc2O)CC1,True,2.9772000000000016,0.05740000000000034,0.4,False,True
1.0,bin,14,0.34654998779296875,0.30299997329711914,0.39010000228881836,1611406,CC(C)(C)N1CC(NC(=O)C2COc3ccc(F)cc3C2)CC1=O,1.8923999999999994,CCN1CC2NC(=O)C(COc3ccc(C(C)(C)C)cc3)C2CC1=O,True,2.3458999999999994,0.4535,0.1686746987951807,False,True
1.0,bin,14,0.34654998779296875,0.30299997329711914,0.39010000228881836,1612684,CCCC1CN(C(=O)Nc2ccn(CCC(C)C)n2)CCO1,2.9620000000000015,CC(C)CCn1ccc(NC(=O)N2CCOC(CC(C)C)C2)n1,True,3.208000000000002,0.24600000000000044,0.8181818181818182,False,True
1.0,bin,14,0.34654998779296875,0.30299997329711914,0.39010000228881836,1639675,CCC(CC)c1nnc(NC(=O)c2scnc2C2CC2)s1,4.0279000000000025,CCC(CC)c1nnc(NC(=O)c2scnc2C2CC2)s1,True,4.0279000000000025,0.0,1.0,True,False
1.0,bin,14,0.34654998779296875,0.30299997329711914,0.39010000228881836,1675660,COc1ccnc(NC(=O)c2cccc(Cl)c2)c1,2.9959000000000007,O=C(Nc1ccc(Cl)cn1)c1cccc(Cl)c1,True,3.6407000000000016,0.6448000000000009,0.5652173913043478,False,False
1.0,bin,14,0.34654998779296875,0.30299997329711914,0.39010000228881836,1689728,CCc1noc(CSc2ncnc3sc(C)cc23)n1,3.237420000000002,Cc1cc2c(SCC3CC=NO3)ncnc2s1,True,2.8665200000000013,-0.3709000000000007,0.46551724137931033,False,True
1.0,bin,14,0.34654998779296875,0.30299997329711914,0.39010000228881836,1720876,CC(C)(C)CC(=O)NCC(=O)Nc1ccc2c(c1)COC2,2.2077,CCN(CC)C(=O)CCCC(=O)Nc1ccc2c(c1)COC2,True,2.694000000000001,0.48630000000000084,0.5094339622641509,False,False
1.0,bin,14,0.34654998779296875,0.30299997329711914,0.39010000228881836,1757109,CC(C)Cc1ncc(CNc2ccc3c(c2)COC3)s1,3.983900000000003,CC(C)CCc1ncc(CNc2ccc3c(c2)COC3)s1,True,4.374000000000003,0.39010000000000034,0.7916666666666666,False,True
1.0,bin,14,0.34654998779296875,0.30299997329711914,0.39010000228881836,1774061,O=C1NCCCc2[nH]c(-c3cccc4[nH]ccc34)nc21,2.234,C=CC1Cc2[nH]c(-c3cccc4[nH]ccc34)nc2C(=O)N1,True,2.3984999999999994,0.16449999999999942,0.5789473684210527,False,True
1.0,bin,14,0.34654998779296875,0.30299997329711914,0.39010000228881836,1800687,Cc1nn(C)c(-c2nc(-c3cccnn3)no2)c1Cl,1.8889199999999997,CCn1nc(C)c(Cl)c1-c1nc(-c2cccnn2)no1,True,2.3718199999999996,0.4828999999999999,0.7346938775510204,False,True
1.0,bin,14,0.34654998779296875,0.30299997329711914,0.39010000228881836,1815867,FC(F)(F)c1ccc(CN2CCOCC2c2ncon2)cc1,2.661900000000001,FC(F)(F)c1ccc(CN2CCOCC2c2ncon2)cc1,True,2.661900000000001,0.0,1.0,True,False
1.0,bin,14,0.34654998779296875,0.30299997329711914,0.39010000228881836,1828580,Cc1ccc(N2CC3OCC(=O)N(Cc4cccc(F)c4)C3C2)nn1,1.54032,C=NN1C(=CC=CC)NCC12OCC(=O)N(Cc1ccc(C)c(F)c1)C2N,True,1.4123199999999996,-0.12800000000000034,0.24731182795698925,False,True
1.0,bin,14,0.34654998779296875,0.30299997329711914,0.39010000228881836,1836183,CCc1ccc(C(=O)NCc2nccc(N(C)C)n2)cc1,2.035,CN(C)c1ccnc(CNC(=O)c2cc(F)ccc2Cl)n1,True,2.2651000000000003,0.2301000000000002,0.5454545454545454,False,True
1.0,bin,14,0.34654998779296875,0.30299997329711914,0.39010000228881836,1842499,COc1ccccc1COc1ccccc1-c1cnn(CCO)c1,3.1300000000000017,Cc1ccccc1-c1cnn(CCO)c1-c1ccccc1,True,3.5178200000000013,0.3878199999999996,0.3508771929824561,False,True
1.0,bin,14,0.34654998779296875,0.30299997329711914,0.39010000228881836,1865564,COC(CNC(=O)c1ccoc1)c1cccc(F)c1,2.536200000000001,COc1ccc(C(O)CNC(=O)c2ccoc2)cc1OC(C)C,True,2.5388,0.0025999999999992696,0.46774193548387094,False,True
1.0,bin,14,0.34654998779296875,0.30299997329711914,0.39010000228881836,1868773,CCCOc1ccc(Cl)c2c1CCNC2C1CC(=O)C1,3.2947000000000015,O=CCC1CC1CNCCc1cc(F)cc(Cl)c1,True,2.8363000000000014,-0.45840000000000014,0.12162162162162163,False,True
1.0,bin,14,0.34654998779296875,0.30299997329711914,0.39010000228881836,1873123,CCC1OC(=O)c2c(OC)ccc(Br)c21,3.079200000000002,COc1cc(Br)c2c(c1C)OC(=O)C2(C)C,True,2.962720000000001,-0.11648000000000103,0.2692307692307692,False,True
1.0,bin,14,0.34654998779296875,0.30299997329711914,0.39010000228881836,1875028,Cc1cccc(C)c1NCC(=O)N1CCCC2CCCCC21,3.8965400000000034,O=C(CNc1ccc(Cl)c(F)c1)N1CCCC2CCCCC21,True,4.072200000000003,0.1756599999999997,0.5370370370370371,False,True
1.0,bin,14,0.34654998779296875,0.30299997329711914,0.39010000228881836,1895921,CCC(CC)N(C)C(=O)CC1OC(=O)c2ccccc21,2.935200000000002,CC(C)CN(C(=O)CC1OC(=O)c2ccccc21)C(C)C,True,3.1812000000000022,0.24600000000000044,0.6170212765957447,False,True
1.0,bin,14,0.34654998779296875,0.30299997329711914,0.39010000228881836,1907077,Cc1ccc2[nH]nc(C(=O)Nc3nc(-c4ccco4)cs3)c2c1,3.8401200000000015,C[SH]1C=C(c2ccco2)N=C1NC(=O)C1=NNC=CC=CC1,True,2.114,-1.7261200000000017,0.25925925925925924,False,True
1.0,bin,14,0.34654998779296875,0.30299997329711914,0.39010000228881836,1913063,Cc1nn(C)c(C)c1CN(C(=O)c1cn2cccc(C)c2n1)C1CC1,2.797860000000001,Cc1ccc2[nH]cc(C(=O)N(Cc3cn(C)nc3C)C3CC3)nc1-2,True,2.669640000000001,-0.12821999999999978,0.40540540540540543,False,True
1.0,bin,14,0.34654998779296875,0.30299997329711914,0.39010000228881836,1922265,CN(CCNC(=O)c1ccc2c(c1)ncn2C)c1ccccc1,2.4395000000000007,CCN(CCNC(=O)c1ccc2c(c1)ncn2C)c1ccccc1,True,2.829600000000001,0.39010000000000034,0.7884615384615384,False,True
1.0,bin,15,0.4522000253200531,0.39010000228881836,0.5143000483512878,32052,COc1ccccc1CNC(=O)Cc1c[nH]c2ccccc12,3.035400000000001,O=C(Cc1c[nH]c2ccccc12)NCc1ccc(Cl)cc1,True,3.680200000000002,0.6448000000000009,0.6041666666666666,False,False
1.0,bin,15,0.4522000253200531,0.39010000228881836,0.5143000483512878,116747,COCCSc1ccccc1C(=O)Nc1cccc(C)n1,3.3808200000000017,Cc1cccc(NC(=O)c2ccccc2OCC(F)(F)F)n1,True,3.583420000000002,0.20260000000000034,0.5272727272727272,False,True
1.0,bin,15,0.4522000253200531,0.39010000228881836,0.5143000483512878,131060,CS(=O)(=O)NCCc1csc(-c2ccc(F)cc2)n1,2.0408999999999997,O=C(Cc1csc(-c2ccc(Cl)cc2)n1)NCCO,True,2.114500000000001,0.07360000000000122,0.375,False,True
1.0,bin,15,0.4522000253200531,0.39010000228881836,0.5143000483512878,131949,CCc1c(C)nc(SCC(=O)NC(C)C)[nH]c1=O,1.25742,CCCc1c(C)nc(SCC(=O)N(C)C)[nH]c1=O,True,1.2111200000000002,-0.046299999999999786,0.5098039215686274,False,True
1.0,bin,15,0.4522000253200531,0.39010000228881836,0.5143000483512878,158879,COc1ccc(CC(=O)OCC(=O)c2c[nH]c3ccccc23)cc1,3.145100000000001,Cc1ccc(CC(=O)OCC(=O)c2c[nH]c3ccccc23)cc1,True,3.4449200000000015,0.2998200000000004,0.7872340425531915,False,True
1.0,bin,15,0.4522000253200531,0.39010000228881836,0.5143000483512878,232056,COCCNC(=O)c1cc(=O)c2cc(C)ccc2o1,1.4776199999999993,CC(C)NC(=O)c1cc(=O)c2cccc(OCC#N)c2o1,True,1.83358,0.3559600000000007,0.328125,False,True
1.0,bin,15,0.4522000253200531,0.39010000228881836,0.5143000483512878,235788,O=C(Cn1nc(-c2ccco2)oc1=O)NCC(F)(F)F,0.7747999999999999,CC(C)CNC(=O)Cn1nc(-c2ccco2)oc1=O,True,0.8684999999999998,0.0936999999999999,0.6923076923076923,False,True
1.0,bin,15,0.4522000253200531,0.39010000228881836,0.5143000483512878,236081,CC(=O)c1c(C)[nH]c(C(=O)CSc2nc(C(C)C)n[nH]2)c1C,3.0506400000000014,CCC=C(C)NC(=NCC)SCC(=O)c1[nH]c(C)nc1C,True,3.2217400000000014,0.17110000000000003,0.2571428571428571,False,True
1.0,bin,15,0.4522000253200531,0.39010000228881836,0.5143000483512878,281081,O=C(Cn1cccn1)NCc1cccnc1Oc1ccc(F)cc1F,2.665000000000001,Cc1cccc(Oc2ncccc2CNC(=O)Cn2cc(C)cn2)c1,True,3.0036400000000008,0.33863999999999983,0.5147058823529411,False,True
1.0,bin,15,0.4522000253200531,0.39010000228881836,0.5143000483512878,284170,COc1ccc(-c2nc(CC(=O)Nc3cccc(C)n3)cs2)cc1,3.7033200000000024,NC1(c2ccccc2Cl)SC=CCC(=O)NC2C=CC=C1C2,True,3.473200000000002,-0.23012000000000032,0.07954545454545454,False,True
1.0,bin,15,0.4522000253200531,0.39010000228881836,0.5143000483512878,288369,Cc1ccc(NCc2nnc3n2CCCCC3)cc1C,3.2334400000000016,CCSc1ccccc1NCc1nnc2n1CCCCC2,True,3.728600000000002,0.49516000000000027,0.5272727272727272,False,True
1.0,bin,15,0.4522000253200531,0.39010000228881836,0.5143000483512878,302889,COc1ccc(OC)c(NC(=O)CCNC(=O)c2cccs2)c1,2.5239000000000003,O=C(CCNC(=O)c1cccs1)Nc1ccc(F)c(F)c1F,True,2.9240000000000013,0.400100000000001,0.5535714285714286,False,False
1.0,bin,15,0.4522000253200531,0.39010000228881836,0.5143000483512878,327141,COc1ccc(OC)c(S(=O)(=O)Nc2ccn(C)n2)c1,1.2381,Cc1cc(C)cc(S(=O)(=O)Nc2ccn(C)n2)c1,True,1.8377400000000002,0.5996400000000002,0.5434782608695652,False,True
1.0,bin,15,0.4522000253200531,0.39010000228881836,0.5143000483512878,327382,CNC(=O)C1CN(C(=O)c2c(C)noc2C)c2ccccc2O1,1.4452399999999996,CCc1onc(C)c1C(=O)N1CC(C(=O)NC)Oc2ccccc21,True,1.6992199999999995,0.2539799999999999,0.7777777777777778,False,True
1.0,bin,15,0.4522000253200531,0.39010000228881836,0.5143000483512878,406491,COCCNC(=O)C1CCCN(S(=O)(=O)N2CCOCC2)C1,-0.9619999999999964,C=CCNC(=O)C1CCCN(S(=O)(=O)N2CCOCC2)C1,True,-0.4223999999999981,0.5395999999999983,0.6538461538461539,False,True
1.0,bin,15,0.4522000253200531,0.39010000228881836,0.5143000483512878,413951,O=C(Cn1ncn2cccc2c1=O)N1CCCCCC1,0.8985999999999996,CC1CCCN(C(=O)CNN=Cn2cccc2C(=O)C=O)C1C,True,0.8976999999999993,-0.000900000000000345,0.2,False,True
1.0,bin,15,0.4522000253200531,0.39010000228881836,0.5143000483512878,427929,CCNc1nc(NCc2ccccc2Cl)c2cnn(C)c2n1,3.060600000000001,CCCNc1nc(NCc2ccccc2)c2cnn(CC)c2n1,True,3.2802000000000016,0.21960000000000068,0.45,False,True
1.0,bin,15,0.4522000253200531,0.39010000228881836,0.5143000483512878,447130,CCC(NC(=O)C1CCN(C(=O)C2CC2)CC1)c1ccc(C)cc1,3.2109200000000016,Cc1ccccc1C(C)N1CCCC2(C)CC2C(=O)NCCCC1=O,True,3.601020000000002,0.39010000000000034,0.13924050632911392,False,True
1.0,bin,15,0.4522000253200531,0.39010000228881836,0.5143000483512878,481908,CCNS(=O)(=O)c1ccc(C)c(C(=O)Nc2ncccc2C)c1,2.24894,CCOC(=O)c1ccc(C(=O)Nc2ncccc2C)cc1,True,2.819020000000001,0.5700800000000008,0.4727272727272727,False,True
1.0,bin,15,0.4522000253200531,0.39010000228881836,0.5143000483512878,485220,Cc1nn(CC(=O)N2CCN(C)CC2)c(C)c1Br,1.03644,CCc1c(Cl)c(C)nn1CC(=O)N1CCN(CC)CC1,True,1.5714199999999998,0.5349799999999998,0.44,False,True
1.0,bin,15,0.4522000253200531,0.39010000228881836,0.5143000483512878,526363,Cc1nnc(SCC(=O)Nc2ccc(O)cc2)n(N)c1=O,0.09692,Cc1nnc(SCC(=O)Nc2cccc(F)c2)n(N)c1=O,True,0.5304200000000001,0.4335000000000001,0.6792452830188679,False,False
1.0,bin,15,0.4522000253200531,0.39010000228881836,0.5143000483512878,536853,COc1ccc(C2CCCN2C(=O)C2CCC2)c(OC)c1,3.1674000000000015,CCOc1ccc(C2CCCN2C(=O)C2CCC2)cc1OC,True,3.557500000000002,0.39010000000000034,0.5636363636363636,False,True
1.0,bin,15,0.4522000253200531,0.39010000228881836,0.5143000483512878,540312,Cc1nn(C)c2nc(C3CC3)cc(C(=O)NCC(=O)NC(C)(C)C)c12,1.7986199999999997,COCC(C)OC(=O)c1cc(C2CC2)nc2c1c(C)nn2C,True,2.3458200000000007,0.547200000000001,0.5230769230769231,False,True
1.0,bin,15,0.4522000253200531,0.39010000228881836,0.5143000483512878,544381,Cc1nc(N2CCCC(C(=O)NC(C)C)C2)c2c(C)c(C)oc2n1,2.8890600000000006,C=CCOC(=O)CCCN(C)c1nc(C)nc2oc(C)c(C)c12,True,3.0936600000000016,0.204600000000001,0.28378378378378377,False,True
1.0,bin,15,0.4522000253200531,0.39010000228881836,0.5143000483512878,544382,CCCNC(=O)C1CCCN(c2nc(C)nc3oc(C)c(C)c23)C1,2.8906600000000013,Cc1nc(N2CCC(C(=O)N(C)C)CC2)c2c(C)c(C)oc2n1,True,2.4526600000000007,-0.4380000000000006,0.5245901639344263,False,True
1.0,bin,15,0.4522000253200531,0.39010000228881836,0.5143000483512878,550049,Cc1ccc(C)c(OCC(=O)Nc2cccc(-n3cnnc3)c2)c1,2.9016400000000013,CC1=CC=CCC1OC(C)C(=O)Nc1cccc(-n2cnnc2)c1C,True,3.1941200000000016,0.2924800000000003,0.2564102564102564,False,True
1.0,bin,15,0.4522000253200531,0.39010000228881836,0.5143000483512878,573533,Cc1nn(-c2ncc(C(F)(F)F)cc2Cl)c(=O)o1,2.2011199999999995,CC=NN(Cl)c1ccc(C(F)(F)F)cn1,True,3.066300000000001,0.8651800000000014,0.25,False,True
1.0,bin,15,0.4522000253200531,0.39010000228881836,0.5143000483512878,582555,O=C(NCC(O)c1ccccc1)c1ccc2c(=O)n3c(nc2c1)CCC3,1.8061000000000003,O=C(NCCc1ccc(F)cc1)c1ccc2c(=O)n3c(nc2c1)CCC3,True,2.4543,0.6481999999999997,0.6,False,True
1.0,bin,15,0.4522000253200531,0.39010000228881836,0.5143000483512878,588547,Cc1n[nH]c(C)c1NC(=O)CCc1ccc(Cl)cc1Cl,3.9046400000000023,Cc1n[nH]c(C)c1NC(=O)CC(C)(C)c1ccc(Cl)c(F)c1,True,4.125440000000003,0.22080000000000055,0.4915254237288136,False,True
1.0,bin,15,0.4522000253200531,0.39010000228881836,0.5143000483512878,607673,CCCN(CC1CC1)S(=O)(=O)c1ccccc1F,2.636400000000001,CCN(CC1CC1)S(=O)(=O)c1ccc(C#N)c(C(F)(F)F)c1,True,2.9976800000000017,0.3612800000000007,0.3559322033898305,False,True
1.0,bin,15,0.4522000253200531,0.39010000228881836,0.5143000483512878,617681,Cc1cc(C(=O)Nc2nc(-c3ccncc3)cs2)nn1C(C)C,3.5432200000000016,CCCCn1nc(C(=O)Nc2nc(-c3ccncc3)cs2)cc1CC,True,4.016400000000003,0.47318000000000104,0.5645161290322581,False,True
1.0,bin,15,0.4522000253200531,0.39010000228881836,0.5143000483512878,650267,COc1ccc2oc(C(=O)NC3CCCCNC3=O)c(C)c2c1,2.14832,Cc1cccc2c1C(C(=O)NC1CCCCNC1=O)=CC2,True,1.71942,-0.42890000000000006,0.4264705882352941,False,True
1.0,bin,15,0.4522000253200531,0.39010000228881836,0.5143000483512878,668639,Cc1cc(NC(=O)c2ccccc2Cl)ncc1N,2.8779200000000005,CC(C)c1ccc(NC(=O)c2cccc(N)c2)nc1,True,3.039500000000001,0.16158000000000072,0.3508771929824561,False,True
1.0,bin,15,0.4522000253200531,0.39010000228881836,0.5143000483512878,673160,CCC(=O)Nc1ccc2oc(C(F)(F)F)cc(=O)c2c1,3.160300000000001,CN1CC(=O)N(C=CC=C2CC=C(C(F)(F)F)O2)C1C(F)(F)F,True,2.9129000000000014,-0.24739999999999984,0.16666666666666666,False,True
1.0,bin,15,0.4522000253200531,0.39010000228881836,0.5143000483512878,711169,Cc1cccc(C(C)C)c1NC(=O)N(C)Cc1ccncc1,4.177320000000003,Cc1cc(Cl)c(Cl)c(C)c1NC(=O)N(C)Cc1ccncc1,True,4.669140000000004,0.4918200000000015,0.5555555555555556,False,True
1.0,bin,15,0.4522000253200531,0.39010000228881836,0.5143000483512878,720969,Cc1noc(C)c1CCC(=O)OCC(=O)N1c2ccccc2CC1C,2.7450400000000013,CCCN(C(=O)COC(=O)CCc1c(C)noc1C)c1cccc(C)c1,True,3.518860000000002,0.7738200000000006,0.4444444444444444,False,True
1.0,bin,15,0.4522000253200531,0.39010000228881836,0.5143000483512878,730789,COC(=O)C1CCN(C(=O)c2cc3ccc(F)cc3nc2C)CC1,2.7075200000000006,COC(=O)C1CCN(C(=O)c2cc3cc(Cl)ccc3nc2C)CC1,True,3.221820000000002,0.5143000000000013,0.6727272727272727,False,False
1.0,bin,15,0.4522000253200531,0.39010000228881836,0.5143000483512878,738178,Cc1ccc(-n2ccnc2SCc2nc(C3CC3)no2)cc1C,4.041840000000003,Cc1cccc(Cl)c1-n1ccnc1SCc1nc(C2CC2)no1,True,4.386820000000003,0.3449799999999996,0.6610169491525424,False,True
1.0,bin,15,0.4522000253200531,0.39010000228881836,0.5143000483512878,771897,COc1ccccc1OCC(=O)N(C)Cc1sccc1C,3.102520000000002,Cc1ccsc1CN(C)C(=O)COc1c(C)cccc1C,True,3.7107600000000023,0.6082400000000003,0.6808510638297872,False,True
1.0,bin,15,0.4522000253200531,0.39010000228881836,0.5143000483512878,811446,COC(=O)C1(NC(=O)c2cc(Br)c[nH]2)CCCCCC1,2.7730000000000006,CCCCC(NC(=O)c1cc(Br)c[nH]1)C(=O)OCC,True,2.6289000000000007,-0.1440999999999999,0.38596491228070173,False,True
1.0,bin,15,0.4522000253200531,0.39010000228881836,0.5143000483512878,848291,CCC(C)NC(=O)NCc1noc(-c2cccs2)n1,2.3958000000000004,CC(C)CCNC(=O)NCc1noc(-c2cccs2)n1,True,2.6434000000000006,0.24760000000000026,0.7037037037037037,False,False
1.0,bin,15,0.4522000253200531,0.39010000228881836,0.5143000483512878,863440,COc1ccc(-c2nc(CCCO)cs2)cc1OC,2.752200000000001,COc1ccc(-c2nc(CC(C)O)cs2)cc1OC,True,2.7506000000000013,-0.0015999999999998238,0.6521739130434783,False,True
1.0,bin,15,0.4522000253200531,0.39010000228881836,0.5143000483512878,864663,N#Cc1ccc(-c2cc(F)ccc2F)nc1N1CCCC1,3.498680000000002,N#Cc1ccc(-c2cccc(Cl)c2F)nc1N1CCCC1,True,4.012980000000002,0.5143000000000004,0.6,False,True
1.0,bin,15,0.4522000253200531,0.39010000228881836,0.5143000483512878,872100,CCc1cccc(C)c1NCC(O)c1ccc2c(c1)OCCO2,3.474120000000002,CCc1ccc(NCC(O)c2ccc3c(c2)OCC(C)O3)cc1,True,3.5542000000000025,0.0800800000000006,0.43548387096774194,False,True
1.0,bin,15,0.4522000253200531,0.39010000228881836,0.5143000483512878,886334,COc1ccc(C(=O)N2CCCC(C(=O)N3CCCCC3)C2)c(O)c1,2.2655000000000003,O=C(c1cccc(F)c1)N1CCCC(C(=O)N2CCCCC2)C1,True,2.6904000000000012,0.42490000000000094,0.4909090909090909,False,False
1.0,bin,15,0.4522000253200531,0.39010000228881836,0.5143000483512878,887387,COCCNC(=O)N(Cc1cccc(F)c1)CC1CCCO1,2.1627,O=C(NCC(F)(F)F)N(Cc1ccccc1)CC1CCCO1,True,2.9395000000000016,0.7768000000000015,0.5645161290322581,False,True
1.0,bin,15,0.4522000253200531,0.39010000228881836,0.5143000483512878,889149,N#Cc1ccc(NC(=O)c2ccc(Br)cc2Cl)nc1,3.621480000000001,N#Cc1ccc(NC(=O)c2cc(Cl)cc(Cl)c2Cl)nc1,True,4.165780000000001,0.5442999999999998,0.6530612244897959,False,True
1.0,bin,15,0.4522000253200531,0.39010000228881836,0.5143000483512878,913483,O=C(CNC(=O)NCCc1c(Cl)cccc1Cl)NC1CC1,2.1137000000000006,O=C(CNC(=O)NCCc1ccccc1Cl)NC1CC1(Cl)Cl,True,2.2440999999999995,0.13039999999999896,0.5384615384615384,False,True
1.0,bin,15,0.4522000253200531,0.39010000228881836,0.5143000483512878,917620,C=CCN(Cc1ccccc1OC)C(=O)c1csc(C)n1,3.288520000000002,C=CCN(Cc1ccccc1C)C(=O)c1csc(C)n1,True,3.5883400000000023,0.2998200000000004,0.76,False,True
1.0,bin,15,0.4522000253200531,0.39010000228881836,0.5143000483512878,918312,CCOc1ccc(Cl)c(C(=O)N2CCN(c3ncccn3)CC2)n1,1.8860999999999997,O=C(c1cc(Cl)cc(Cl)n1)N1CCN(c2ncccn2)CC1,True,2.1407999999999996,0.2546999999999999,0.4727272727272727,False,True
1.0,bin,15,0.4522000253200531,0.39010000228881836,0.5143000483512878,922879,CC(=O)c1ccc(N2CCN(Cc3c(F)cccc3F)CC2)cc1,3.489600000000003,CCC(=O)Nc1ccc(N2CCN(Cc3cccc(C)c3)CC2)cc1,True,3.665720000000003,0.17612000000000005,0.39655172413793105,False,True
1.0,bin,15,0.4522000253200531,0.39010000228881836,0.5143000483512878,927535,COc1cc(CN2CCN(c3ccccc3F)CC2)ccc1O,2.862100000000002,N#Cc1cccc(CN2CCN(c3ccc(F)cc3)CC2)c1,True,3.0195800000000013,0.15747999999999918,0.3333333333333333,False,False
1.0,bin,15,0.4522000253200531,0.39010000228881836,0.5143000483512878,927567,Cc1ccccc1N1CCN(Cc2cccc(O)c2)CC1,3.022820000000001,CC(C)c1ccc(N2CCN(Cc3cccc(O)c3)CC2)cc1,True,3.837800000000003,0.814980000000002,0.574468085106383,False,True
1.0,bin,15,0.4522000253200531,0.39010000228881836,0.5143000483512878,938108,CC(c1ccccc1)N(C)C(=O)CCC(=O)Nc1nccs1,3.0814000000000012,CCN(Cc1ccccc1Cl)C(=O)CCC(=O)Nc1nccs1,True,3.563900000000002,0.4825000000000008,0.5333333333333333,False,True
1.0,bin,15,0.4522000253200531,0.39010000228881836,0.5143000483512878,943303,CN(CCCOc1ccccc1)C(=O)Nc1cccc2c1OCCO2,3.390600000000002,CCN(CCCOc1ccccc1)C(=O)Nc1cccc2c1OCCO2,True,3.780700000000002,0.39010000000000034,0.7777777777777778,False,True
1.0,bin,15,0.4522000253200531,0.39010000228881836,0.5143000483512878,946289,CC(NC(=O)C1(c2cc(-c3ccco3)on2)CC1)c1ccccc1,3.843600000000002,CCC(NC(=O)C1(c2cc(-c3ccco3)on2)CC1)c1ccccc1,True,4.2337000000000025,0.39010000000000034,0.7636363636363637,False,True
1.0,bin,15,0.4522000253200531,0.39010000228881836,0.5143000483512878,994077,Cc1nnc(Cn2c(-c3cccc(Br)c3)noc2=O)o1,2.0055199999999997,Cc1nnc(Cn2c(-c3ccc(Br)cc3)noc2=O)o1,True,2.0055199999999997,0.0,0.7446808510638298,False,True
1.0,bin,15,0.4522000253200531,0.39010000228881836,0.5143000483512878,1065620,O=C(NCc1cccnc1Oc1ccccc1)c1cccnc1,3.198900000000002,Cc1ccccc1Oc1ncccc1CNC(=O)c1cccnc1,True,3.507320000000001,0.30841999999999903,0.74,False,True
1.0,bin,15,0.4522000253200531,0.39010000228881836,0.5143000483512878,1093926,CN(C(=O)CNc1cccc(OCC2CCCO2)c1)c1ccccc1,3.319300000000002,CC(Nc1ccccc1)C(=O)Nc1cccc(OCC2CCCO2)c1,True,3.683500000000002,0.3642000000000003,0.59375,False,True
1.0,bin,15,0.4522000253200531,0.39010000228881836,0.5143000483512878,1107920,CCc1ccc(-n2cc(C(=O)NC(C)c3ccccc3)nn2)cc1,3.320700000000002,CC(C)C(NC(=O)c1cn(-c2ccc(F)cc2)nn1)c1ccc(F)cc1,True,3.672600000000002,0.35189999999999966,0.5178571428571429,False,True
1.0,bin,15,0.4522000253200531,0.39010000228881836,0.5143000483512878,1113130,CC(NC(=O)Cn1nnnc1C(C)(C)C)c1cccc2ccccc12,3.0012000000000016,CCC(C)c1nnnn1CC(=O)NC(C)c1cccc2ccccc12,True,3.217200000000002,0.2160000000000002,0.6909090909090909,False,True
1.0,bin,15,0.4522000253200531,0.39010000228881836,0.5143000483512878,1121751,COC(=O)Cn1ccc(NS(=O)(=O)c2ccc(F)c(F)c2F)n1,1.2742,COCCCn1ccc(NS(=O)(=O)c2ccc(F)c(F)c2)n1,True,1.9986000000000004,0.7244000000000004,0.45901639344262296,False,True
1.0,bin,15,0.4522000253200531,0.39010000228881836,0.5143000483512878,1142531,CCOC(C)C(=O)NCCc1csc(-c2ccc(C)cc2)n1,3.2022200000000014,C=CCNC(=O)CCc1csc(-c2ccc(Br)cc2)n1,True,3.807400000000003,0.6051800000000016,0.390625,False,True
1.0,bin,15,0.4522000253200531,0.39010000228881836,0.5143000483512878,1212157,CN(Cc1ccc(F)c(F)c1)C(=O)c1cncc(-c2cnn(C)c2)c1,3.0325000000000015,CC(c1cccc(Cl)c1)N(C)C(=O)c1cncc(-c2cnn(C)c2)c1,True,3.968700000000003,0.9362000000000013,0.5076923076923077,False,True
1.0,bin,15,0.4522000253200531,0.39010000228881836,0.5143000483512878,1215394,CCn1nc(C)cc1C(=O)Oc1cccc(NC(=O)C(C)C)c1,3.025120000000001,CCCn1nc(C)cc1C(=O)Oc1cccc(Cl)c1,True,3.474120000000002,0.44900000000000073,0.5344827586206896,False,True
1.0,bin,15,0.4522000253200531,0.39010000228881836,0.5143000483512878,1232922,CC(C)(C)OC(=O)NC1CCCN(S(=O)(=O)N2CCOCC2)C1,0.5525000000000011,CC1CCCCN1S(=O)(=O)NC1CCC(NC(C)(C)C)OC1,True,1.5883999999999996,1.0358999999999985,0.23880597014925373,False,True
1.0,bin,15,0.4522000253200531,0.39010000228881836,0.5143000483512878,1238973,FC(F)(F)c1cnc(N2CCn3c(nnc3C3CC3)C2)c(Cl)c1,3.2429000000000023,N=C(C(Cl)=C(Cl)C=CC(F)(F)F)N1CCn2c(nnc2C2CC2)C1,True,3.756070000000002,0.5131699999999997,0.3787878787878788,False,True
1.0,bin,15,0.4522000253200531,0.39010000228881836,0.5143000483512878,1299495,Cc1cc(CC(=O)N2CCCC2C(C#N)c2ccccc2)no1,2.823900000000001,Cc1cc(C2CCCN2C(=O)CCc2ccc(C(F)(F)F)cc2)no1,True,4.2981200000000035,1.4742200000000025,0.36,False,True
1.0,bin,15,0.4522000253200531,0.39010000228881836,0.5143000483512878,1309906,CC(C)CC(NC(=O)c1cc(=O)c2ccccc2o1)C(=O)OC(C)C,2.8891000000000018,CC(C)CCCCNC(=O)c1cc(=O)c2ccccc2o1,True,3.3491000000000017,0.45999999999999996,0.5357142857142857,False,True
1.0,bin,15,0.4522000253200531,0.39010000228881836,0.5143000483512878,1362816,COCc1cccc(C(=O)NC2CC2c2cccc(Cl)c2)c1,3.772300000000002,Cc1cccc(C)c1C1CC1NC(=O)c1cccc(Cl)c1,True,4.242740000000003,0.47044000000000086,0.5660377358490566,False,True
1.0,bin,15,0.4522000253200531,0.39010000228881836,0.5143000483512878,1441838,COCC(=O)NC(C(=O)Nc1cccc(-c2nccs2)c1)C(C)C,2.5358,CCN(CC)C(=O)COC(=O)c1cccc(-c2nccs2)c1,True,2.835300000000001,0.299500000000001,0.4117647058823529,False,True
1.0,bin,15,0.4522000253200531,0.39010000228881836,0.5143000483512878,1450449,CCCNC(=O)CSc1nc2c(cc1C#N)CCCC2,2.450380000000001,CCCCOc1cnc(SCC(=O)NCCC)c(CC)c1,True,3.441200000000002,0.9908200000000011,0.3968253968253968,False,True
1.0,bin,15,0.4522000253200531,0.39010000228881836,0.5143000483512878,1451910,O=S(=O)(NCc1nnc2ccccn12)c1ccc(F)c(F)c1,1.4859999999999995,Cc1ccc(C)c(S(=O)(=O)NCc2nnc3ccc(C)cn23)c1,True,2.1330600000000004,0.6470600000000009,0.4067796610169492,False,True
1.0,bin,15,0.4522000253200531,0.39010000228881836,0.5143000483512878,1479798,Cc1nc(C)c(CCC(=O)N(CC(C)C)CC(F)(F)F)c(=O)[nH]1,2.3662400000000003,CCC(CC)CN(CC(C)C)C(=O)Cc1c(C)nc(C)[nH]c1=O,True,2.850040000000001,0.48380000000000045,0.5454545454545454,False,True
1.0,bin,15,0.4522000253200531,0.39010000228881836,0.5143000483512878,1507926,COC(=O)C(C)NC(=O)Cc1csc(-c2ccccc2Cl)n1,2.6837,CN(C)C(=O)Cc1csc(-c2ccccc2Cl)n1,True,3.0942000000000016,0.41050000000000164,0.5769230769230769,False,True
1.0,bin,15,0.4522000253200531,0.39010000228881836,0.5143000483512878,1527882,Nc1ncccc1C(=O)Nc1ccc2cn[nH]c2c1,1.7923999999999998,Cc1ncccc1C(=O)Nc1ccc2cn[nH]c2c1,True,2.5186200000000003,0.7262200000000005,0.75,False,True
1.0,bin,15,0.4522000253200531,0.39010000228881836,0.5143000483512878,1532848,COc1ccc(-c2ccc3c(=O)[nH]cnc3c2)cc1Cl,3.2521000000000013,O=c1[nH]cnc2cc(-c3ccc(Br)cc3)ccc12,True,3.3526000000000016,0.10050000000000026,0.5813953488372093,False,True
1.0,bin,15,0.4522000253200531,0.39010000228881836,0.5143000483512878,1548351,COc1cc(OC)c2c(c1)C(c1cnccn1)NCC2,1.7288999999999999,CCOc1ccc2c(c1)CCNC2c1cnccn1,True,2.1104,0.38149999999999995,0.509090909090909,False,False
1.0,bin,15,0.4522000253200531,0.39010000228881836,0.5143000483512878,1570134,COc1cccc(C(C)N2CCN(C(=O)c3ccc(O)cc3)CC2)c1,2.9198000000000013,COCc1cccc(C(=O)N2CCN(C(C)c3ccccc3)CC2)c1,True,3.352000000000002,0.4322000000000008,0.5535714285714286,False,True
1.0,bin,15,0.4522000253200531,0.39010000228881836,0.5143000483512878,1611406,CC(C)(C)N1CC(NC(=O)C2COc3ccc(F)cc3C2)CC1=O,1.8923999999999994,CCCC1c2cc(Cl)ccc2OCC1C(=O)NC1(O)CCCNC1,True,2.4204999999999997,0.5281000000000002,0.20454545454545456,False,True
1.0,bin,15,0.4522000253200531,0.39010000228881836,0.5143000483512878,1612684,CCCC1CN(C(=O)Nc2ccn(CCC(C)C)n2)CCO1,2.9620000000000015,CCCC1CN(C(=O)Nc2ccn(CCC(C)(C)C)n2)CCO1,True,3.352100000000002,0.39010000000000034,0.7758620689655172,False,True
1.0,bin,15,0.4522000253200531,0.39010000228881836,0.5143000483512878,1639675,CCC(CC)c1nnc(NC(=O)c2scnc2C2CC2)s1,4.0279000000000025,CCCC(C)c1nnc(NC(=O)c2scnc2C2CC2)s1,True,4.0279000000000025,0.0,0.7647058823529411,False,True
1.0,bin,15,0.4522000253200531,0.39010000228881836,0.5143000483512878,1675660,COc1ccnc(NC(=O)c2cccc(Cl)c2)c1,2.9959000000000007,O=C(Nc1ccccn1)c1c(Cl)cccc1Cl,True,3.6407000000000007,0.6448,0.38,False,False
1.0,bin,15,0.4522000253200531,0.39010000228881836,0.5143000483512878,1689728,CCc1noc(CSc2ncnc3sc(C)cc23)n1,3.237420000000002,CC(C)c1cc2c(SCC3CC=NO3)ncnc2s1,True,3.6815000000000024,0.4440800000000005,0.3384615384615385,False,True
1.0,bin,15,0.4522000253200531,0.39010000228881836,0.5143000483512878,1720876,CC(C)(C)CC(=O)NCC(=O)Nc1ccc2c(c1)COC2,2.2077,O=CNc1ccc2c(c1)COC2,True,1.2851,-0.9226000000000001,0.41304347826086957,False,True
1.0,bin,15,0.4522000253200531,0.39010000228881836,0.5143000483512878,1757109,CC(C)Cc1ncc(CNc2ccc3c(c2)COC3)s1,3.983900000000003,CC(C)(C)c1ncc(CNc2ccc3c(c2)COC3)s1,True,4.082900000000003,0.0990000000000002,0.64,False,True
1.0,bin,15,0.4522000253200531,0.39010000228881836,0.5143000483512878,1774061,O=C1NCCCc2[nH]c(-c3cccc4[nH]ccc34)nc21,2.234,O=C1CN=C(c2cccc3[nH]ccc23)CCN1,True,1.4768999999999999,-0.7571000000000001,0.45454545454545453,False,True
1.0,bin,15,0.4522000253200531,0.39010000228881836,0.5143000483512878,1800687,Cc1nn(C)c(-c2nc(-c3cccnn3)no2)c1Cl,1.8889199999999997,CCCn1nc(C)cc1-c1nc(-c2cccnn2)no1,True,2.1085199999999995,0.2195999999999998,0.5178571428571429,False,True
1.0,bin,15,0.4522000253200531,0.39010000228881836,0.5143000483512878,1815867,FC(F)(F)c1ccc(CN2CCOCC2c2ncon2)cc1,2.661900000000001,Clc1cc(Cl)cc(CN2CCOCC2c2ncon2)c1,True,2.9499000000000013,0.28800000000000026,0.6666666666666666,False,True
1.0,bin,15,0.4522000253200531,0.39010000228881836,0.5143000483512878,1828580,Cc1ccc(N2CC3OCC(=O)N(Cc4cccc(F)c4)C3C2)nn1,1.54032,CC(C)c1ccc(N2CC3OCC(=O)N(Cc4ccccc4)C3C2N)[nH]1,True,2.0391,0.49878,0.31645569620253167,False,True
1.0,bin,15,0.4522000253200531,0.39010000228881836,0.5143000483512878,1836183,CCc1ccc(C(=O)NCc2nccc(N(C)C)n2)cc1,2.035,CN(C)c1ccnc(CNC(=O)c2ccc(Cl)c(Cl)c2)n1,True,2.7794000000000008,0.7444000000000006,0.673469387755102,False,True
1.0,bin,15,0.4522000253200531,0.39010000228881836,0.5143000483512878,1842499,COc1ccccc1COc1ccccc1-c1cnn(CCO)c1,3.1300000000000017,Cn1nc(COc2ccccc2F)c(-c2cccc(F)c2)c1N,True,3.5265000000000013,0.39649999999999963,0.2647058823529412,False,True
1.0,bin,15,0.4522000253200531,0.39010000228881836,0.5143000483512878,1865564,COC(CNC(=O)c1ccoc1)c1cccc(F)c1,2.536200000000001,CCOC(CNC(=O)c1ccoc1)c1cccc(F)c1,True,2.9263000000000012,0.39010000000000034,0.8,False,True
1.0,bin,15,0.4522000253200531,0.39010000228881836,0.5143000483512878,1868773,CCCOc1ccc(Cl)c2c1CCNC2C1CC(=O)C1,3.2947000000000015,O=C1CCC2(C1)NCCc1c2ccc(Cl)c1Cl,True,3.0874000000000015,-0.20730000000000004,0.25396825396825395,False,True
1.0,bin,15,0.4522000253200531,0.39010000228881836,0.5143000483512878,1873123,CCC1OC(=O)c2c(OC)ccc(Br)c21,3.079200000000002,CCCc1c(Br)c(Cl)cc2c1OC(=O)C2,True,3.5165000000000024,0.43730000000000047,0.1724137931034483,False,True
1.0,bin,15,0.4522000253200531,0.39010000228881836,0.5143000483512878,1875028,Cc1cccc(C)c1NCC(=O)N1CCCC2CCCCC21,3.8965400000000034,Cc1cc(C)c(NCC(=O)N2CCCC3CCCCC32)c(C)c1,True,4.204960000000003,0.3084199999999999,0.7727272727272727,False,True
1.0,bin,15,0.4522000253200531,0.39010000228881836,0.5143000483512878,1895921,CCC(CC)N(C)C(=O)CC1OC(=O)c2ccccc21,2.935200000000002,CCC(CC)CNC(=O)CC1OC(=O)c2cc(C)ccc21,True,3.149020000000002,0.21382000000000012,0.42105263157894735,False,True
1.0,bin,15,0.4522000253200531,0.39010000228881836,0.5143000483512878,1907077,Cc1ccc2[nH]nc(C(=O)Nc3nc(-c4ccco4)cs3)c2c1,3.8401200000000015,O=C(Nc1nc(-c2ccc(Cl)o2)cs1)c1n[nH]c2ccccc12,True,4.185100000000002,0.3449800000000005,0.546875,False,True
1.0,bin,15,0.4522000253200531,0.39010000228881836,0.5143000483512878,1913063,Cc1nn(C)c(C)c1CN(C(=O)c1cn2cccc(C)c2n1)C1CC1,2.797860000000001,CNC=C(CC(C)C)CN(C(=O)c1cn2c(C)cccc2n1)C1CC1,True,3.396720000000003,0.598860000000002,0.325,False,True
1.0,bin,15,0.4522000253200531,0.39010000228881836,0.5143000483512878,1922265,CN(CCNC(=O)c1ccc2c(c1)ncn2C)c1ccccc1,2.4395000000000007,CCN(CCNC(=O)c1ccc2c(c1)ncn2C)c1ccccc1,True,2.829600000000001,0.39010000000000034,0.7884615384615384,False,True
1.0,bin,16,0.5795501172542572,0.5143000483512878,0.6448001861572266,32052,COc1ccccc1CNC(=O)Cc1c[nH]c2ccccc12,3.035400000000001,O=C(Cc1c[nH]c2ccccc12)NCc1c(O)cccc1Cl,True,3.3858000000000015,0.3504000000000005,0.5576923076923077,False,True
1.0,bin,16,0.5795501172542572,0.5143000483512878,0.6448001861572266,116747,COCCSc1ccccc1C(=O)Nc1cccc(C)n1,3.3808200000000017,CCOC(=O)Nc1ccc(C(=O)Nc2cccc(C)n2)cc1Cl,True,3.8641200000000024,0.48330000000000073,0.4032258064516129,False,True
1.0,bin,16,0.5795501172542572,0.5143000483512878,0.6448001861572266,131060,CS(=O)(=O)NCCc1csc(-c2ccc(F)cc2)n1,2.0408999999999997,COC(=O)CCc1csc(-c2ccc(OC)cc2)n1,True,2.9243000000000015,0.8834000000000017,0.4339622641509434,False,False
1.0,bin,16,0.5795501172542572,0.5143000483512878,0.6448001861572266,131949,CCc1c(C)nc(SCC(=O)NC(C)C)[nH]c1=O,1.25742,CCCC(C)NC(=O)CSc1nc(C)c(C)c(=O)[nH]1,True,1.7836399999999997,0.5262199999999997,0.6,False,True
1.0,bin,16,0.5795501172542572,0.5143000483512878,0.6448001861572266,158879,COc1ccc(CC(=O)OCC(=O)c2c[nH]c3ccccc23)cc1,3.145100000000001,Cc1ccc(CC(=O)OCC(=O)c2c[nH]c3ccccc23)c(C)c1,True,3.7533400000000023,0.6082400000000012,0.6,False,True
1.0,bin,16,0.5795501172542572,0.5143000483512878,0.6448001861572266,232056,COCCNC(=O)c1cc(=O)c2cc(C)ccc2o1,1.4776199999999993,COCCCNC(=O)c1cc(=O)c2ccc(Cl)cc2o1,True,2.2127,0.7350800000000006,0.5660377358490566,False,True
1.0,bin,16,0.5795501172542572,0.5143000483512878,0.6448001861572266,235788,O=C(Cn1nc(-c2ccco2)oc1=O)NCC(F)(F)F,0.7747999999999999,CCC(C)(C)NC(=O)Cn1nc(-c2ccco2)oc1=O,True,1.4010999999999998,0.6262999999999999,0.6481481481481481,False,True
1.0,bin,16,0.5795501172542572,0.5143000483512878,0.6448001861572266,236081,CC(=O)c1c(C)[nH]c(C(=O)CSc2nc(C(C)C)n[nH]2)c1C,3.0506400000000014,CCc1c(C(=O)CSC2C=NC(SC)=NN2)[nH]c(C)c1C(C)=O,True,2.6381200000000007,-0.41252000000000066,0.3142857142857143,False,True
1.0,bin,16,0.5795501172542572,0.5143000483512878,0.6448001861572266,281081,O=C(Cn1cccn1)NCc1cccnc1Oc1ccc(F)cc1F,2.665000000000001,Cc1cc(C)n(CC(=O)NCc2cccnc2Oc2ccc(F)cc2)n1,True,3.1427400000000016,0.4777400000000007,0.5373134328358209,False,True
1.0,bin,16,0.5795501172542572,0.5143000483512878,0.6448001861572266,284170,COc1ccc(-c2nc(CC(=O)Nc3cccc(C)n3)cs2)cc1,3.7033200000000024,Cc1cccc(NC(=O)Cc2csc(-c3ccccc3)n2)n1,True,3.694720000000003,-0.008599999999999497,0.78,False,False
1.0,bin,16,0.5795501172542572,0.5143000483512878,0.6448001861572266,288369,Cc1ccc(NCc2nnc3n2CCCCC3)cc1C,3.2334400000000016,CC(C)Sc1ccccc1NCc1nnc2n1CCCCC2,True,4.117100000000002,0.8836600000000008,0.5178571428571429,False,True
1.0,bin,16,0.5795501172542572,0.5143000483512878,0.6448001861572266,302889,COc1ccc(OC)c(NC(=O)CCNC(=O)c2cccs2)c1,2.5239000000000003,O=C(CCNC(=O)c1cccs1)Nc1ccc(F)c(Cl)c1,True,3.299200000000001,0.7753000000000005,0.5,False,False
1.0,bin,16,0.5795501172542572,0.5143000483512878,0.6448001861572266,327141,COc1ccc(OC)c(S(=O)(=O)Nc2ccn(C)n2)c1,1.2381,Cn1ccc(NS(=O)(=O)c2cccc(Br)c2)n1,True,1.9833999999999998,0.7452999999999999,0.47058823529411764,False,False
1.0,bin,16,0.5795501172542572,0.5143000483512878,0.6448001861572266,327382,CNC(=O)C1CN(C(=O)c2c(C)noc2C)c2ccccc2O1,1.4452399999999996,CC(=O)c1onc(C)c1C(=O)N1CC(C)Oc2ccccc21,True,2.6133200000000008,1.1680800000000011,0.5517241379310345,False,True
1.0,bin,16,0.5795501172542572,0.5143000483512878,0.6448001861572266,406491,COCCNC(=O)C1CCCN(S(=O)(=O)N2CCOCC2)C1,-0.9619999999999964,CC(C)NC(=O)C1CCN(S(=O)(=O)N2CCOCC2)CC1,True,-0.19999999999999818,0.7619999999999982,0.4716981132075472,False,False
1.0,bin,16,0.5795501172542572,0.5143000483512878,0.6448001861572266,413951,O=C(Cn1ncn2cccc2c1=O)N1CCCCCC1,0.8985999999999996,CC1CCCN(C(=O)Cn2ncn3cccc3c2=O)C1,True,0.7544999999999997,-0.1440999999999999,0.72,False,True
1.0,bin,16,0.5795501172542572,0.5143000483512878,0.6448001861572266,427929,CCNc1nc(NCc2ccccc2Cl)c2cnn(C)c2n1,3.060600000000001,CCn1ncc2c(NCc3c(Cl)cccc3Cl)ncnc21,True,3.765100000000002,0.7045000000000012,0.4,False,True
1.0,bin,16,0.5795501172542572,0.5143000483512878,0.6448001861572266,447130,CCC(NC(=O)C1CCN(C(=O)C2CC2)CC1)c1ccc(C)cc1,3.2109200000000016,CC1=C(Cl)C=CC=C(Cl)CC2CN(C(=O)C3CC3)CCC2C(=O)N1,True,3.5302000000000024,0.3192800000000009,0.2676056338028169,False,True
1.0,bin,16,0.5795501172542572,0.5143000483512878,0.6448001861572266,481908,CCNS(=O)(=O)c1ccc(C)c(C(=O)Nc2ncccc2C)c1,2.24894,CCOC(=O)c1cc(C(=O)Nc2ncccc2C)ccc1C,True,3.1274400000000018,0.8785000000000016,0.5636363636363636,False,True
1.0,bin,16,0.5795501172542572,0.5143000483512878,0.6448001861572266,485220,Cc1nn(CC(=O)N2CCN(C)CC2)c(C)c1Br,1.03644,Cc1nn(CC(=O)N2CCN(C(C)C)CC2)c(C)c1Cl,True,1.70594,0.6695,0.5106382978723404,False,True
1.0,bin,16,0.5795501172542572,0.5143000483512878,0.6448001861572266,526363,Cc1nnc(SCC(=O)Nc2ccc(O)cc2)n(N)c1=O,0.09692,Nn1c(SCC(=O)Nc2ccccc2F)nncc1=O,True,0.22200000000000003,0.12508000000000002,0.4098360655737705,False,False
1.0,bin,16,0.5795501172542572,0.5143000483512878,0.6448001861572266,536853,COc1ccc(C2CCCN2C(=O)C2CCC2)c(OC)c1,3.1674000000000015,CCCOc1ccc(C2CCCN2C(=O)C2CCC2)cc1,True,3.9390000000000036,0.7716000000000021,0.5185185185185185,False,True
1.0,bin,16,0.5795501172542572,0.5143000483512878,0.6448001861572266,540312,Cc1nn(C)c2nc(C3CC3)cc(C(=O)NCC(=O)NC(C)(C)C)c12,1.7986199999999997,CCN(CC)C(=O)CN(C)C(=O)c1cc(C2CC2)nc2c1c(C)nn2C,True,2.0945199999999993,0.2958999999999996,0.5151515151515151,False,True
1.0,bin,16,0.5795501172542572,0.5143000483512878,0.6448001861572266,544381,Cc1nc(N2CCCC(C(=O)NC(C)C)C2)c2c(C)c(C)oc2n1,2.8890600000000006,Cc1nc(N2CCCC(C)(C)C2)c2c(C(=O)NCC(C)C)coc2n1,True,3.543420000000002,0.6543600000000014,0.35135135135135137,False,True
1.0,bin,16,0.5795501172542572,0.5143000483512878,0.6448001861572266,544382,CCCNC(=O)C1CCCN(c2nc(C)nc3oc(C)c(C)c23)C1,2.8906600000000013,COC1CCCN(c2nc(C)nc3oc(C)c(C(C)C)c23)C1,True,3.5782400000000028,0.6875800000000014,0.45454545454545453,False,True
1.0,bin,16,0.5795501172542572,0.5143000483512878,0.6448001861572266,550049,Cc1ccc(C)c(OCC(=O)Nc2cccc(-n3cnnc3)c2)c1,2.9016400000000013,C=CCc1ccc(OCC(=O)Nc2cccc(-n3cnnc3)c2)cc1C,True,3.321720000000002,0.42008000000000045,0.5967741935483871,False,True
1.0,bin,16,0.5795501172542572,0.5143000483512878,0.6448001861572266,573533,Cc1nn(-c2ncc(C(F)(F)F)cc2Cl)c(=O)o1,2.2011199999999995,CCCCCOc1cc(Cl)cnc1-n1nc(C)oc1=O,True,2.7513200000000007,0.5502000000000011,0.4727272727272727,False,True
1.0,bin,16,0.5795501172542572,0.5143000483512878,0.6448001861572266,582555,O=C(NCC(O)c1ccccc1)c1ccc2c(=O)n3c(nc2c1)CCC3,1.8061000000000003,C=CC1CCc2nc3cc(C(=O)NCCC4=CC=CC4)ccc3c(=O)n21,True,3.0760000000000014,1.2699000000000011,0.36585365853658536,False,True
1.0,bin,16,0.5795501172542572,0.5143000483512878,0.6448001861572266,588547,Cc1n[nH]c(C)c1NC(=O)CCc1ccc(Cl)cc1Cl,3.9046400000000023,Cc1n[nH]c(C)c1NC(=O)CCc1ccc(Cl)c(Cl)c1Cl,True,4.558040000000003,0.6534000000000004,0.7291666666666666,False,True
1.0,bin,16,0.5795501172542572,0.5143000483512878,0.6448001861572266,607673,CCCN(CC1CC1)S(=O)(=O)c1ccccc1F,2.636400000000001,CCCN(CC1CC1)S(=O)(=O)c1cccc(Br)c1,True,3.259800000000002,0.6234000000000011,0.5416666666666666,False,True
1.0,bin,16,0.5795501172542572,0.5143000483512878,0.6448001861572266,617681,Cc1cc(C(=O)Nc2nc(-c3ccncc3)cs2)nn1C(C)C,3.5432200000000016,Cc1cc(C)c(C(=O)Nc2nc(-c3ccnc(C(C)C)c3)cs2)[nH]1,True,4.525740000000003,0.9825200000000018,0.4393939393939394,False,True
1.0,bin,16,0.5795501172542572,0.5143000483512878,0.6448001861572266,650267,COc1ccc2oc(C(=O)NC3CCCCNC3=O)c(C)c2c1,2.14832,CC(=O)N1CCCCC(NC(=O)c2oc3c(Cl)cccc3c2C)C1,True,3.525420000000002,1.3771000000000022,0.3076923076923077,False,True
1.0,bin,16,0.5795501172542572,0.5143000483512878,0.6448001861572266,668639,Cc1cc(NC(=O)c2ccccc2Cl)ncc1N,2.8779200000000005,Cc1cc(NC(=O)c2ccc(Cl)cc2Cl)ncc1N,True,3.531320000000001,0.6534000000000004,0.75,False,True
1.0,bin,16,0.5795501172542572,0.5143000483512878,0.6448001861572266,673160,CCC(=O)Nc1ccc2oc(C(F)(F)F)cc(=O)c2c1,3.160300000000001,CCC(CC)C(=O)OC=C1C=c2oc(C(F)(F)F)cc(=O)c2=C1,True,2.0965,-1.0638000000000014,0.328125,False,True
1.0,bin,16,0.5795501172542572,0.5143000483512878,0.6448001861572266,711169,Cc1cccc(C(C)C)c1NC(=O)N(C)Cc1ccncc1,4.177320000000003,CC(C)c1cccc(C(C)C)c1NC(=O)N(C)Cc1ccncc1,True,4.992300000000004,0.8149800000000011,0.8604651162790697,False,False
1.0,bin,16,0.5795501172542572,0.5143000483512878,0.6448001861572266,720969,Cc1noc(C)c1CCC(=O)OCC(=O)N1c2ccccc2CC1C,2.7450400000000013,CCc1c2cccc1N2C(=O)C(C)OC(=O)CCCC(C)=NOC,True,3.3514000000000017,0.6063600000000005,0.20987654320987653,False,True
1.0,bin,16,0.5795501172542572,0.5143000483512878,0.6448001861572266,730789,COC(=O)C1CCN(C(=O)c2cc3ccc(F)cc3nc2C)CC1,2.7075200000000006,Cc1ccc2nc(C)c(C(=O)N3CCCC(C(C)O)C3)cc2c1,True,3.084640000000001,0.37712000000000057,0.3880597014925373,False,True
1.0,bin,16,0.5795501172542572,0.5143000483512878,0.6448001861572266,738178,Cc1ccc(-n2ccnc2SCc2nc(C3CC3)no2)cc1C,4.041840000000003,Cc1ccc(-n2ccnc2SC(C)c2nc(C3CC3)no2)c(C)c1,True,4.602840000000004,0.5610000000000008,0.4696969696969697,False,True
1.0,bin,16,0.5795501172542572,0.5143000483512878,0.6448001861572266,771897,COc1ccccc1OCC(=O)N(C)Cc1sccc1C,3.102520000000002,Cc1ccsc1CN(C)C(=O)COc1ccc(Cl)cc1O,True,3.452920000000003,0.35040000000000093,0.6226415094339622,False,True
1.0,bin,16,0.5795501172542572,0.5143000483512878,0.6448001861572266,811446,COC(=O)C1(NC(=O)c2cc(Br)c[nH]2)CCCCCC1,2.7730000000000006,COC(=O)C1(NC(=O)c2cc(Br)c(C)[nH]2)CCCCCC1,True,3.0814200000000014,0.3084200000000008,0.6521739130434783,False,True
1.0,bin,16,0.5795501172542572,0.5143000483512878,0.6448001861572266,848291,CCC(C)NC(=O)NCc1noc(-c2cccs2)n1,2.3958000000000004,CCC(CC)C(=O)NCc1noc(-c2cccs2)n1,True,2.850500000000001,0.45470000000000077,0.7115384615384616,False,False
1.0,bin,16,0.5795501172542572,0.5143000483512878,0.6448001861572266,863440,COc1ccc(-c2nc(CCCO)cs2)cc1OC,2.752200000000001,COc1ccc(-c2nc(CCC#N)cs2)cc1OC,True,3.2834800000000017,0.5312800000000006,0.6739130434782609,False,True
1.0,bin,16,0.5795501172542572,0.5143000483512878,0.6448001861572266,864663,N#Cc1ccc(-c2cc(F)ccc2F)nc1N1CCCC1,3.498680000000002,N#Cc1ccc(-c2ccc(Cl)cc2F)nc1N1CCCC1,True,4.012980000000002,0.5143000000000004,0.717391304347826,False,True
1.0,bin,16,0.5795501172542572,0.5143000483512878,0.6448001861572266,872100,CCc1cccc(C)c1NCC(O)c1ccc2c(c1)OCCO2,3.474120000000002,CC(C)c1ccccc1NCC(O)c1ccc2c(c1)OCCO2,True,3.726700000000002,0.25258,0.5454545454545454,False,False
1.0,bin,16,0.5795501172542572,0.5143000483512878,0.6448001861572266,886334,COc1ccc(C(=O)N2CCCC(C(=O)N3CCCCC3)C2)c(O)c1,2.2655000000000003,CC1CCN(C(=O)C2CCCN(C(=O)c3ccc(F)cc3)C2)CC1,True,2.9364000000000017,0.6709000000000014,0.45614035087719296,False,True
1.0,bin,16,0.5795501172542572,0.5143000483512878,0.6448001861572266,887387,COCCNC(=O)N(Cc1cccc(F)c1)CC1CCCO1,2.1627,CNC(=O)C1=CC=CC(CN(CC2CCCO2)C(=O)C(C)C)C=C1,True,2.0645999999999995,-0.09810000000000052,0.34210526315789475,False,True
1.0,bin,16,0.5795501172542572,0.5143000483512878,0.6448001861572266,889149,N#Cc1ccc(NC(=O)c2ccc(Br)cc2Cl)nc1,3.621480000000001,Cc1cc(C)c(Br)c(C(=O)Nc2ccc(C#N)cn2)c1C,True,3.893340000000003,0.271860000000002,0.5370370370370371,False,True
1.0,bin,16,0.5795501172542572,0.5143000483512878,0.6448001861572266,913483,O=C(CNC(=O)NCCc1c(Cl)cccc1Cl)NC1CC1,2.1137000000000006,CC(CNC(=O)NCCc1ccccc1Cl)NC(=O)NC1CC1,True,2.0317999999999996,-0.08190000000000097,0.48214285714285715,False,True
1.0,bin,16,0.5795501172542572,0.5143000483512878,0.6448001861572266,917620,C=CCN(Cc1ccccc1OC)C(=O)c1csc(C)n1,3.288520000000002,CCCN(Cc1ccccc1)C(=O)C1C=CSC(C)=N1,True,3.4727000000000023,0.18418000000000045,0.2222222222222222,False,True
1.0,bin,16,0.5795501172542572,0.5143000483512878,0.6448001861572266,918312,CCOc1ccc(Cl)c(C(=O)N2CCN(c3ncccn3)CC2)n1,1.8860999999999997,CCCCc1cccnc1C(=O)N1CCN(c2ncccn2)CC1,True,2.1766000000000005,0.29050000000000087,0.5178571428571429,False,True
1.0,bin,16,0.5795501172542572,0.5143000483512878,0.6448001861572266,922879,CC(=O)c1ccc(N2CCN(Cc3c(F)cccc3F)CC2)cc1,3.489600000000003,COc1cc(C)cc(C)c1CN1CCN(c2ccc(C(C)=O)cc2)CC1,True,3.836840000000003,0.3472400000000002,0.5576923076923077,False,True
1.0,bin,16,0.5795501172542572,0.5143000483512878,0.6448001861572266,927535,COc1cc(CN2CCN(c3ccccc3F)CC2)ccc1O,2.862100000000002,COc1cc(F)cc(CN2CCN(c3ccc(C)cc3)CC2)c1,True,3.464920000000003,0.6028200000000008,0.3728813559322034,False,True
1.0,bin,16,0.5795501172542572,0.5143000483512878,0.6448001861572266,927567,Cc1ccccc1N1CCN(Cc2cccc(O)c2)CC1,3.022820000000001,Cc1cc(C)cc(N2CCN(Cc3cccc(C)c3O)CC2)c1,True,3.639660000000003,0.6168400000000016,0.44,False,True
1.0,bin,16,0.5795501172542572,0.5143000483512878,0.6448001861572266,938108,CC(c1ccccc1)N(C)C(=O)CCC(=O)Nc1nccs1,3.0814000000000012,C=CC=CC=CC(C)N(C)C(=O)CCC(=O)NC(=C)c1nccs1,True,3.1555000000000017,0.0741000000000005,0.39705882352941174,False,True
1.0,bin,16,0.5795501172542572,0.5143000483512878,0.6448001861572266,943303,CN(CCCOc1ccccc1)C(=O)Nc1cccc2c1OCCO2,3.390600000000002,CC(CCOc1cccc(F)c1)NC(=O)Nc1cccc2c1OCCO2,True,3.5760000000000014,0.18539999999999957,0.4925373134328358,False,True
1.0,bin,16,0.5795501172542572,0.5143000483512878,0.6448001861572266,946289,CC(NC(=O)C1(c2cc(-c3ccco3)on2)CC1)c1ccccc1,3.843600000000002,CC(c1ccccc1)N(C)C(=O)C1(c2cc(-c3ccco3)on2)CC1,True,4.185800000000003,0.34220000000000095,0.6666666666666666,False,True
1.0,bin,16,0.5795501172542572,0.5143000483512878,0.6448001861572266,994077,Cc1nnc(Cn2c(-c3cccc(Br)c3)noc2=O)o1,2.0055199999999997,CCC1=NN=C1Cn1c(-c2c(F)cccc2Cl)noc1=O,True,2.516400000000001,0.5108800000000011,0.3384615384615385,False,True
1.0,bin,16,0.5795501172542572,0.5143000483512878,0.6448001861572266,1065620,O=C(NCc1cccnc1Oc1ccccc1)c1cccnc1,3.198900000000002,CC(Oc1ccccc1)c1cccnc1Oc1cccnc1,True,4.408900000000004,1.2100000000000017,0.41818181818181815,False,True
1.0,bin,16,0.5795501172542572,0.5143000483512878,0.6448001861572266,1093926,CN(C(=O)CNc1cccc(OCC2CCCO2)c1)c1ccccc1,3.319300000000002,CC(Nc1ccccc1)C(=O)Nc1cccc(OCC2CCCO2)c1,True,3.683500000000002,0.3642000000000003,0.59375,False,True
1.0,bin,16,0.5795501172542572,0.5143000483512878,0.6448001861572266,1107920,CCc1ccc(-n2cc(C(=O)NC(C)c3ccccc3)nn2)cc1,3.320700000000002,CCCC(NC(=O)c1cn(-c2ccc(F)cc2)nn1)c1ccccc1F,True,3.8167000000000026,0.49600000000000044,0.5,False,True
1.0,bin,16,0.5795501172542572,0.5143000483512878,0.6448001861572266,1113130,CC(NC(=O)Cn1nnnc1C(C)(C)C)c1cccc2ccccc12,3.0012000000000016,Cc1nnnn1CC(=O)NC(C(C)C)C(C)(C)c1cccc2ccccc12,True,3.2533200000000013,0.2521199999999997,0.5573770491803278,False,True
1.0,bin,16,0.5795501172542572,0.5143000483512878,0.6448001861572266,1121751,COC(=O)Cn1ccc(NS(=O)(=O)c2ccc(F)c(F)c2F)n1,1.2742,O=S(=O)(Nc1ccn(CC(F)(F)F)n1)c1ccc(F)cc1,True,2.3853,1.1111,0.39655172413793105,False,True
1.0,bin,16,0.5795501172542572,0.5143000483512878,0.6448001861572266,1142531,CCOC(C)C(=O)NCCc1csc(-c2ccc(C)cc2)n1,3.2022200000000014,C=CC(C)C(=O)NCCC(N=CC1=CC=C(OCC)C1)SC,True,3.3252000000000024,0.12298000000000098,0.24675324675324675,False,True
1.0,bin,16,0.5795501172542572,0.5143000483512878,0.6448001861572266,1212157,CN(Cc1ccc(F)c(F)c1)C(=O)c1cncc(-c2cnn(C)c2)c1,3.0325000000000015,Cc1cccc(CN(C)C(=O)C2=CC(=Cc3c(C)nn(C)c3C)N=C2)c1,True,3.355660000000002,0.32316000000000056,0.26582278481012656,False,True
1.0,bin,16,0.5795501172542572,0.5143000483512878,0.6448001861572266,1215394,CCn1nc(C)cc1C(=O)Oc1cccc(NC(=O)C(C)C)c1,3.025120000000001,CCn1nc(C)cc1C(=O)Oc1cccc(Br)c1C,True,3.501540000000003,0.47642000000000184,0.543859649122807,False,True
1.0,bin,16,0.5795501172542572,0.5143000483512878,0.6448001861572266,1232922,CC(C)(C)OC(=O)NC1CCCN(S(=O)(=O)N2CCOCC2)C1,0.5525000000000011,CC(C)CCC(=O)NC1CCCN(S(=O)(=O)N2CCOCC2)C1,True,0.5802000000000014,0.02770000000000028,0.6037735849056604,False,True
1.0,bin,16,0.5795501172542572,0.5143000483512878,0.6448001861572266,1238973,FC(F)(F)c1cnc(N2CCn3c(nnc3C3CC3)C2)c(Cl)c1,3.2429000000000023,CCCCc1c(Cl)cncc1N1CCn2c(nnc2C2CC2)C1,True,3.5667000000000018,0.3237999999999994,0.453125,False,True
1.0,bin,16,0.5795501172542572,0.5143000483512878,0.6448001861572266,1299495,Cc1cc(CC(=O)N2CCCC2C(C#N)c2ccccc2)no1,2.823900000000001,Cc1cc(CC(=O)N2CCCC2C(C#N)c2ccccc2Cl)no1,True,3.4773000000000023,0.6534000000000013,0.7666666666666667,False,True
1.0,bin,16,0.5795501172542572,0.5143000483512878,0.6448001861572266,1309906,CC(C)CC(NC(=O)c1cc(=O)c2ccccc2o1)C(=O)OC(C)C,2.8891000000000018,CC(C)CCN(CC(F)(F)F)C(=O)c1cc(=O)c2ccccc2o1,True,3.843600000000003,0.9545000000000012,0.42857142857142855,False,True
1.0,bin,16,0.5795501172542572,0.5143000483512878,0.6448001861572266,1362816,COCc1cccc(C(=O)NC2CC2c2cccc(Cl)c2)c1,3.772300000000002,O=C(F)NC1CC1c1ccccc1C(F)F,True,3.159200000000002,-0.6131000000000002,0.25396825396825395,False,True
1.0,bin,16,0.5795501172542572,0.5143000483512878,0.6448001861572266,1441838,COCC(=O)NC(C(=O)Nc1cccc(-c2nccs2)c1)C(C)C,2.5358,CCN(CC)C(=O)CN(C)C(=O)Nc1cccc(-c2nccs2)c1,True,3.1422000000000008,0.6064000000000007,0.47761194029850745,False,True
1.0,bin,16,0.5795501172542572,0.5143000483512878,0.6448001861572266,1450449,CCCNC(=O)CSc1nc2c(cc1C#N)CCCC2,2.450380000000001,CCN(CC)C(=O)CSc1nc2c(cc1C#N)CCCC2,True,2.792580000000001,0.34220000000000006,0.6666666666666666,False,False
1.0,bin,16,0.5795501172542572,0.5143000483512878,0.6448001861572266,1451910,O=S(=O)(NCc1nnc2ccccn12)c1ccc(F)c(F)c1,1.4859999999999995,O=S(=O)(NCc1nnc2ccccn12)c1ccc(F)cc1Cl,True,2.0002999999999997,0.5143000000000002,0.6111111111111112,False,False
1.0,bin,16,0.5795501172542572,0.5143000483512878,0.6448001861572266,1479798,Cc1nc(C)c(CCC(=O)N(CC(C)C)CC(F)(F)F)c(=O)[nH]1,2.3662400000000003,Cc1nc(C)c(CCC(=O)N(CCC(C)C)CC(C)C)c(=O)[nH]1,True,2.850040000000001,0.48380000000000045,0.7346938775510204,False,True
1.0,bin,16,0.5795501172542572,0.5143000483512878,0.6448001861572266,1507926,COC(=O)C(C)NC(=O)Cc1csc(-c2ccccc2Cl)n1,2.6837,CC(=O)NC(C(=O)Nc1nc(-c2ccccc2Cl)cs1)C(C)C,True,3.562700000000002,0.8790000000000022,0.390625,False,True
1.0,bin,16,0.5795501172542572,0.5143000483512878,0.6448001861572266,1527882,Nc1ncccc1C(=O)Nc1ccc2cn[nH]c2c1,1.7923999999999998,Cc1ccc(C(=O)Nc2ccc3cn[nH]c3c2)cn1,True,2.5186199999999994,0.7262199999999996,0.5769230769230769,False,True
1.0,bin,16,0.5795501172542572,0.5143000483512878,0.6448001861572266,1532848,COc1ccc(-c2ccc3c(=O)[nH]cnc3c2)cc1Cl,3.2521000000000013,O=c1[nH]cnc2cc(-c3ccc(Cl)c(Cl)c3)ccc12,True,3.8969000000000014,0.6448,0.7073170731707317,False,True
1.0,bin,16,0.5795501172542572,0.5143000483512878,0.6448001861572266,1548351,COc1cc(OC)c2c(c1)C(c1cnccn1)NCC2,1.7288999999999999,Fc1ccc(Cl)c2c1CCNC2c1cnccn1,True,2.504200000000001,0.775300000000001,0.42857142857142855,False,False
1.0,bin,16,0.5795501172542572,0.5143000483512878,0.6448001861572266,1570134,COc1cccc(C(C)N2CCN(C(=O)c3ccc(O)cc3)CC2)c1,2.9198000000000013,CCOc1ccc(C(=O)N2CCN(C(C)c3ccccc3)CC2)cc1,True,3.604300000000003,0.6845000000000017,0.5555555555555556,False,True
1.0,bin,16,0.5795501172542572,0.5143000483512878,0.6448001861572266,1611406,CC(C)(C)N1CC(NC(=O)C2COc3ccc(F)cc3C2)CC1=O,1.8923999999999994,CC(C)(C)N1CC(NC(=O)C2COc3ccc(Cl)cc3C2)CC1=O,True,2.4067,0.5143000000000004,0.7857142857142857,False,True
1.0,bin,16,0.5795501172542572,0.5143000483512878,0.6448001861572266,1612684,CCCC1CN(C(=O)Nc2ccn(CCC(C)C)n2)CCO1,2.9620000000000015,CCC(CC)CNC1=CC(NC(=O)N2CCOC(C(C)C)C2)=N1,True,2.3321000000000005,-0.629900000000001,0.3698630136986301,False,True
1.0,bin,16,0.5795501172542572,0.5143000483512878,0.6448001861572266,1639675,CCC(CC)c1nnc(NC(=O)c2scnc2C2CC2)s1,4.0279000000000025,CCC(C)Cc1nnc(NC(=O)c2scnc2C2CC2)s1,True,3.712900000000003,-0.3149999999999995,0.7169811320754716,False,True
1.0,bin,16,0.5795501172542572,0.5143000483512878,0.6448001861572266,1675660,COc1ccnc(NC(=O)c2cccc(Cl)c2)c1,2.9959000000000007,CSc1ccc(Cl)c(C(=O)Nc2ccccn2)c1,True,3.709200000000002,0.7133000000000012,0.3448275862068966,False,False
1.0,bin,16,0.5795501172542572,0.5143000483512878,0.6448001861572266,1689728,CCc1noc(CSc2ncnc3sc(C)cc23)n1,3.237420000000002,CCc1cc2c(SCc3nc(C)no3)ncnc2s1,True,3.237420000000002,0.0,0.6666666666666666,False,True
1.0,bin,16,0.5795501172542572,0.5143000483512878,0.6448001861572266,1720876,CC(C)(C)CC(=O)NCC(=O)Nc1ccc2c(c1)COC2,2.2077,CCC1OCc2cc(NC(=O)NC(C)(C)C)ccc21,True,3.587900000000002,1.380200000000002,0.3559322033898305,False,True
1.0,bin,16,0.5795501172542572,0.5143000483512878,0.6448001861572266,1757109,CC(C)Cc1ncc(CNc2ccc3c(c2)COC3)s1,3.983900000000003,CC(C)(C)C1=NC=CCNc2ccc3c(c2)COC3CS1,True,4.374900000000003,0.391,0.1506849315068493,False,True
1.0,bin,16,0.5795501172542572,0.5143000483512878,0.6448001861572266,1774061,O=C1NCCCc2[nH]c(-c3cccc4[nH]ccc34)nc21,2.234,Cc1cc(-c2nc3c([nH]2)CCCNC3c2ccccn2)c[nH]1,True,2.7334200000000006,0.49942000000000064,0.2857142857142857,False,True
1.0,bin,16,0.5795501172542572,0.5143000483512878,0.6448001861572266,1800687,Cc1nn(C)c(-c2nc(-c3cccnn3)no2)c1Cl,1.8889199999999997,CCn1nc(C(F)F)cc1-c1nc(-c2cccnn2)no1,True,2.3476,0.4586800000000002,0.4576271186440678,False,True
1.0,bin,16,0.5795501172542572,0.5143000483512878,0.6448001861572266,1815867,FC(F)(F)c1ccc(CN2CCOCC2c2ncon2)cc1,2.661900000000001,FC(F)(F)C=CC=CCCN1CCOCC1c1ncon1,True,2.5077000000000007,-0.15420000000000034,0.5423728813559322,False,True
1.0,bin,16,0.5795501172542572,0.5143000483512878,0.6448001861572266,1828580,Cc1ccc(N2CC3OCC(=O)N(Cc4cccc(F)c4)C3C2)nn1,1.54032,CCc1ccc(NC2C(N)C3C2OCC(=O)N3Cc2cccc(C)c2)[nH]1,True,1.8031199999999998,0.2627999999999999,0.30952380952380953,False,True
1.0,bin,16,0.5795501172542572,0.5143000483512878,0.6448001861572266,1836183,CCc1ccc(C(=O)NCc2nccc(N(C)C)n2)cc1,2.035,CCN1C=CC=C(C(=O)NCc2nccc(OC)n2)CC1C,True,1.6556,-0.3794000000000002,0.3333333333333333,False,True
1.0,bin,16,0.5795501172542572,0.5143000483512878,0.6448001861572266,1842499,COc1ccccc1COc1ccccc1-c1cnn(CCO)c1,3.1300000000000017,Cc1ccccc1COc1ccccc1-c1cnn(CCO)c1,True,3.429820000000002,0.2998200000000004,0.7872340425531915,False,True
1.0,bin,16,0.5795501172542572,0.5143000483512878,0.6448001861572266,1865564,COC(CNC(=O)c1ccoc1)c1cccc(F)c1,2.536200000000001,O=C(NCC(O)c1ccccc1C(F)(F)F)c1ccoc1,True,2.761800000000001,0.22560000000000002,0.4482758620689655,False,True
1.0,bin,16,0.5795501172542572,0.5143000483512878,0.6448001861572266,1868773,CCCOc1ccc(Cl)c2c1CCNC2C1CC(=O)C1,3.2947000000000015,CCCOc1ccc2c(c1C)CCNC21CCC(=O)C1,True,2.8778200000000007,-0.4168800000000008,0.375,False,True
1.0,bin,16,0.5795501172542572,0.5143000483512878,0.6448001861572266,1873123,CCC1OC(=O)c2c(OC)ccc(Br)c21,3.079200000000002,CCC1OC(=O)c2c(OC)cc(Br)c(Cl)c21,True,3.7326000000000024,0.6534000000000004,0.6428571428571429,False,True
1.0,bin,16,0.5795501172542572,0.5143000483512878,0.6448001861572266,1875028,Cc1cccc(C)c1NCC(=O)N1CCCC2CCCCC21,3.8965400000000034,CCC(C)Oc1cccc(NCC(=O)N2CCCC3CCCCC32)c1,True,4.457000000000004,0.5604600000000008,0.5614035087719298,False,True
1.0,bin,16,0.5795501172542572,0.5143000483512878,0.6448001861572266,1895921,CCC(CC)N(C)C(=O)CC1OC(=O)c2ccccc21,2.935200000000002,CC(C)N(C(=O)CC1OC(=O)c2ccccc21)C(C)C,True,2.933600000000001,-0.001600000000000712,0.6744186046511628,False,True
1.0,bin,16,0.5795501172542572,0.5143000483512878,0.6448001861572266,1907077,Cc1ccc2[nH]nc(C(=O)Nc3nc(-c4ccco4)cs3)c2c1,3.8401200000000015,O=C(NC=NC(=CS)c1ccco1)c1n[nH]c2ccc(Cl)cc12,True,3.495800000000001,-0.3443200000000006,0.3918918918918919,False,True
1.0,bin,16,0.5795501172542572,0.5143000483512878,0.6448001861572266,1913063,Cc1nn(C)c(C)c1CN(C(=O)c1cn2cccc(C)c2n1)C1CC1,2.797860000000001,Cc1cc(C)n2nc(CN(C(=O)c3ccccn3)C3CC3)cc2c1C,True,3.459360000000002,0.6615000000000011,0.35526315789473684,False,True
1.0,bin,16,0.5795501172542572,0.5143000483512878,0.6448001861572266,1922265,CN(CCNC(=O)c1ccc2c(c1)ncn2C)c1ccccc1,2.4395000000000007,C=C(CNC(=O)c1cccc(N=CN)c1)c1cccc(F)c1,True,2.8874000000000013,0.44790000000000063,0.20270270270270271,False,True
1.0,bin,17,0.7375200986862183,0.6448001861572266,0.83024001121521,32052,COc1ccccc1CNC(=O)Cc1c[nH]c2ccccc12,3.035400000000001,C=CC(=CC=C(C)NC(=O)Cc1c[nH]c2ccc(F)cc12)OC(F)F,True,4.178600000000003,1.143200000000002,0.34782608695652173,False,True
1.0,bin,17,0.7375200986862183,0.6448001861572266,0.83024001121521,116747,COCCSc1ccccc1C(=O)Nc1cccc(C)n1,3.3808200000000017,CCSc1ccc(C)cc1C(=O)Nc1cccc(SC)n1,True,4.476220000000003,1.0954000000000015,0.4576271186440678,False,True
1.0,bin,17,0.7375200986862183,0.6448001861572266,0.83024001121521,131060,CS(=O)(=O)NCCc1csc(-c2ccc(F)cc2)n1,2.0408999999999997,CN(C)C(=O)CCC(=O)NCCc1csc(-c2ccc(F)cc2)n1,True,2.4763,0.43540000000000045,0.5555555555555556,False,True
1.0,bin,17,0.7375200986862183,0.6448001861572266,0.83024001121521,131949,CCc1c(C)nc(SCC(=O)NC(C)C)[nH]c1=O,1.25742,CC=NC(SCCC(C)C)=C(C)C([NH])=O,True,2.897400000000001,1.639980000000001,0.12698412698412698,False,True
1.0,bin,17,0.7375200986862183,0.6448001861572266,0.83024001121521,158879,COc1ccc(CC(=O)OCC(=O)c2c[nH]c3ccccc23)cc1,3.145100000000001,O=C(Cc1ccc(F)cc1Cl)OCC(=O)c1c[nH]c2ccccc12,True,3.929000000000002,0.7839000000000009,0.5517241379310345,False,True
1.0,bin,17,0.7375200986862183,0.6448001861572266,0.83024001121521,232056,COCCNC(=O)c1cc(=O)c2cc(C)ccc2o1,1.4776199999999993,CCN(CC)C(=O)c1cc(=O)c2cc(OC)ccc2o1,True,2.2836,0.8059800000000006,0.46296296296296297,False,True
1.0,bin,17,0.7375200986862183,0.6448001861572266,0.83024001121521,235788,O=C(Cn1nc(-c2ccco2)oc1=O)NCC(F)(F)F,0.7747999999999999,CCC(CC)NC(=O)Cn1nc(-c2ccco2)oc1=O,True,1.4010999999999998,0.6262999999999999,0.6296296296296297,False,True
1.0,bin,17,0.7375200986862183,0.6448001861572266,0.83024001121521,236081,CC(=O)c1c(C)[nH]c(C(=O)CSc2nc(C(C)C)n[nH]2)c1C,3.0506400000000014,CC1=CC(=O)CC(C)(C(=O)CSc2nc(C(C)(C)C)n[nH]2)N1,True,1.9883,-1.0623400000000014,0.2676056338028169,False,True
1.0,bin,17,0.7375200986862183,0.6448001861572266,0.83024001121521,281081,O=C(Cn1cccn1)NCc1cccnc1Oc1ccc(F)cc1F,2.665000000000001,CC(C)c1ccc(Oc2ncccc2CNC(=O)Cn2cccn2)cc1,True,3.510200000000001,0.8452000000000002,0.6349206349206349,False,True
1.0,bin,17,0.7375200986862183,0.6448001861572266,0.83024001121521,284170,COc1ccc(-c2nc(CC(=O)Nc3cccc(C)n3)cs2)cc1,3.7033200000000024,O=C(CC(=CS)N=CC1=CC=CCC=C1)Nc1ccccn1,True,3.6947000000000028,-0.008619999999999628,0.21518987341772153,False,True
1.0,bin,17,0.7375200986862183,0.6448001861572266,0.83024001121521,288369,Cc1ccc(NCc2nnc3n2CCCCC3)cc1C,3.2334400000000016,Clc1ccc(NCc2nnc3n2CCCCC3)cc1Cl,True,3.9234000000000027,0.689960000000001,0.7021276595744681,False,False
1.0,bin,17,0.7375200986862183,0.6448001861572266,0.83024001121521,302889,COc1ccc(OC)c(NC(=O)CCNC(=O)c2cccs2)c1,2.5239000000000003,Cc1ccc(NC(=O)CCNC(=O)c2cccs2)cc1C,True,3.123540000000001,0.5996400000000008,0.5535714285714286,False,False
1.0,bin,17,0.7375200986862183,0.6448001861572266,0.83024001121521,327141,COc1ccc(OC)c(S(=O)(=O)Nc2ccn(C)n2)c1,1.2381,COc1ccc(Cl)cc1S(=O)(=O)Nc1ccn(C)n1,True,1.8829,0.6448,0.7555555555555555,False,True
1.0,bin,17,0.7375200986862183,0.6448001861572266,0.83024001121521,327382,CNC(=O)C1CN(C(=O)c2c(C)noc2C)c2ccccc2O1,1.4452399999999996,C=CCNC(=O)C1CN(C(=O)c2cnoc2C)c2ccccc2O1,True,1.6930199999999995,0.2477799999999999,0.5,False,True
1.0,bin,17,0.7375200986862183,0.6448001861572266,0.83024001121521,406491,COCCNC(=O)C1CCCN(S(=O)(=O)N2CCOCC2)C1,-0.9619999999999964,CCOC(=O)C1CCN(S(=O)(=O)N2CCOCC2)CC1,True,-0.1614999999999982,0.8004999999999982,0.4444444444444444,False,True
1.0,bin,17,0.7375200986862183,0.6448001861572266,0.83024001121521,413951,O=C(Cn1ncn2cccc2c1=O)N1CCCCCC1,0.8985999999999996,CC1CCCCCN1C(=O)Cn1ncn2cccc2c1=O,True,1.2871,0.3885000000000003,0.6862745098039216,False,True
1.0,bin,17,0.7375200986862183,0.6448001861572266,0.83024001121521,427929,CCNc1nc(NCc2ccccc2Cl)c2cnn(C)c2n1,3.060600000000001,CSc1nc(NCc2ccc(Cl)cc2)c2cnn(C)c2n1,True,3.3507000000000016,0.2901000000000007,0.4576271186440678,False,True
1.0,bin,17,0.7375200986862183,0.6448001861572266,0.83024001121521,447130,CCC(NC(=O)C1CCN(C(=O)C2CC2)CC1)c1ccc(C)cc1,3.2109200000000016,CCC(C)C=CC=C1C=CC1(C)NC(=O)C1CCN(C(=O)C2CC2)CC1,True,3.6084000000000023,0.3974800000000007,0.4153846153846154,False,True
1.0,bin,17,0.7375200986862183,0.6448001861572266,0.83024001121521,481908,CCNS(=O)(=O)c1ccc(C)c(C(=O)Nc2ncccc2C)c1,2.24894,CCN(CC)C(=O)c1ccccc1C(=O)Nc1ncccc1C,True,3.124320000000001,0.8753800000000007,0.509090909090909,False,True
1.0,bin,17,0.7375200986862183,0.6448001861572266,0.83024001121521,485220,Cc1nn(CC(=O)N2CCN(C)CC2)c(C)c1Br,1.03644,Cc1cn(CC(=O)N2CCN(CCC(C)C)CC2)nc1C,True,1.6902399999999997,0.6537999999999997,0.37037037037037035,False,True
1.0,bin,17,0.7375200986862183,0.6448001861572266,0.83024001121521,526363,Cc1nnc(SCC(=O)Nc2ccc(O)cc2)n(N)c1=O,0.09692,CCc1nnc(SCC(=O)Nc2ccc(F)cc2)n(N)c1=O,True,0.7844000000000002,0.6874800000000002,0.6111111111111112,False,True
1.0,bin,17,0.7375200986862183,0.6448001861572266,0.83024001121521,536853,COc1ccc(C2CCCN2C(=O)C2CCC2)c(OC)c1,3.1674000000000015,O=C(C1CCC1)N1CCCC1c1ccccc1Br,True,3.9127000000000036,0.7453000000000021,0.52,False,True
1.0,bin,17,0.7375200986862183,0.6448001861572266,0.83024001121521,540312,Cc1nn(C)c2nc(C3CC3)cc(C(=O)NCC(=O)NC(C)(C)C)c12,1.7986199999999997,C=CCNC(=O)c1cc(C2CC2)nc2c1c(C)nn2C(C)C,True,3.1138200000000023,1.3152000000000026,0.5151515151515151,False,True
1.0,bin,17,0.7375200986862183,0.6448001861572266,0.83024001121521,544381,Cc1nc(N2CCCC(C(=O)NC(C)C)C2)c2c(C)c(C)oc2n1,2.8890600000000006,CCOc1c(C)oc2nc(C)nc(N3CCCC(C)C3C)c12,True,3.863140000000003,0.9740800000000025,0.35294117647058826,False,True
1.0,bin,17,0.7375200986862183,0.6448001861572266,0.83024001121521,544382,CCCNC(=O)C1CCCN(c2nc(C)nc3oc(C)c(C)c23)C1,2.8906600000000013,CCOC(=O)CC1CCN(c2nc(C(C)C)nc3oc(C)cc23)C1,True,3.434120000000002,0.5434600000000005,0.3,False,True
1.0,bin,17,0.7375200986862183,0.6448001861572266,0.83024001121521,550049,Cc1ccc(C)c(OCC(=O)Nc2cccc(-n3cnnc3)c2)c1,2.9016400000000013,CC=CC=CCOC(C)C(=O)Nc1cc(-n2cnnc2)ccc1Cl,True,3.396600000000002,0.49496000000000073,0.29333333333333333,False,True
1.0,bin,17,0.7375200986862183,0.6448001861572266,0.83024001121521,573533,Cc1nn(-c2ncc(C(F)(F)F)cc2Cl)c(=O)o1,2.2011199999999995,CCCCCc1nn(-c2ncc(Cl)cc2Cl)c(=O)o1,True,3.2600000000000025,1.058880000000003,0.43636363636363634,False,True
1.0,bin,17,0.7375200986862183,0.6448001861572266,0.83024001121521,582555,O=C(NCC(O)c1ccccc1)c1ccc2c(=O)n3c(nc2c1)CCC3,1.8061000000000003,O=C(NCCc1ccccc1)c1ccc2c(=O)n3c(nc2c1)CCC3,True,2.3152,0.5090999999999997,0.7,False,False
1.0,bin,17,0.7375200986862183,0.6448001861572266,0.83024001121521,588547,Cc1n[nH]c(C)c1NC(=O)CCc1ccc(Cl)cc1Cl,3.9046400000000023,CCc1[nH]nc(C)c1NC(=O)CC(CC)(CC)c1ccc(Cl)cc1,True,5.020520000000004,1.1158800000000015,0.4098360655737705,False,True
1.0,bin,17,0.7375200986862183,0.6448001861572266,0.83024001121521,607673,CCCN(CC1CC1)S(=O)(=O)c1ccccc1F,2.636400000000001,CCCN(CC1CC1)S(=O)(=O)c1cccc(C(F)(F)F)c1,True,3.5161000000000024,0.8797000000000015,0.54,False,True
1.0,bin,17,0.7375200986862183,0.6448001861572266,0.83024001121521,617681,Cc1cc(C(=O)Nc2nc(-c3ccncc3)cs2)nn1C(C)C,3.5432200000000016,CCC(C)n1ccc(C(=O)Nc2nc(-c3ccnc(C)c3)cs2)n1,True,3.933320000000003,0.3901000000000012,0.5,False,True
1.0,bin,17,0.7375200986862183,0.6448001861572266,0.83024001121521,650267,COc1ccc2oc(C(=O)NC3CCCCNC3=O)c(C)c2c1,2.14832,CC1=C(C(=O)NC2CCCCNC2=O)C2=CCC=CC2=C1,True,1.9141,-0.2342200000000001,0.4117647058823529,False,True
1.0,bin,17,0.7375200986862183,0.6448001861572266,0.83024001121521,668639,Cc1cc(NC(=O)c2ccccc2Cl)ncc1N,2.8779200000000005,Cc1ccc(NC(=O)c2ccc(C(F)(F)F)cc2)cn1,True,3.661120000000002,0.7832000000000017,0.2413793103448276,False,True
1.0,bin,17,0.7375200986862183,0.6448001861572266,0.83024001121521,673160,CCC(=O)Nc1ccc2oc(C(F)(F)F)cc(=O)c2c1,3.160300000000001,CCC(=O)C1=CC(C(C)C)=CC(=O)C=C(C(F)(F)F)OC=C1,True,4.033500000000004,0.8732000000000024,0.25396825396825395,False,True
1.0,bin,17,0.7375200986862183,0.6448001861572266,0.83024001121521,711169,Cc1cccc(C(C)C)c1NC(=O)N(C)Cc1ccncc1,4.177320000000003,CC(NC(=O)N(C)c1ccc(Cl)c(C(F)(F)F)c1)c1ccncc1,True,4.660800000000004,0.483480000000001,0.2608695652173913,False,True
1.0,bin,17,0.7375200986862183,0.6448001861572266,0.83024001121521,720969,Cc1noc(C)c1CCC(=O)OCC(=O)N1c2ccccc2CC1C,2.7450400000000013,Cc1noc(C)c1CCC(=O)OC(C)C(=O)N1c2ccccc2CC1C,True,3.1335400000000018,0.3885000000000005,0.7096774193548387,False,True
1.0,bin,17,0.7375200986862183,0.6448001861572266,0.83024001121521,730789,COC(=O)C1CCN(C(=O)c2cc3ccc(F)cc3nc2C)CC1,2.7075200000000006,Cc1ccc2nc(C)c(C(=O)N3CCC(OC(F)F)CC3)cc2c1,True,3.6954400000000023,0.9879200000000017,0.4838709677419355,False,True
1.0,bin,17,0.7375200986862183,0.6448001861572266,0.83024001121521,738178,Cc1ccc(-n2ccnc2SCc2nc(C3CC3)no2)cc1C,4.041840000000003,CC(C)c1ccc(-n2ccnc2SCc2nc(C3CC3)no2)cc1,True,4.548400000000004,0.5065600000000012,0.7272727272727273,False,True
1.0,bin,17,0.7375200986862183,0.6448001861572266,0.83024001121521,771897,COc1ccccc1OCC(=O)N(C)Cc1sccc1C,3.102520000000002,Cc1ccc(OCC(=O)N(C)Cc2sccc2C)cc1Cl,True,4.055740000000004,0.9532200000000017,0.5849056603773585,False,True
1.0,bin,17,0.7375200986862183,0.6448001861572266,0.83024001121521,811446,COC(=O)C1(NC(=O)c2cc(Br)c[nH]2)CCCCCC1,2.7730000000000006,[NH]C1=C(Br)C=CC(=O)NC2CCCCCC12,True,2.510700000000001,-0.26229999999999976,0.14754098360655737,False,True
1.0,bin,17,0.7375200986862183,0.6448001861572266,0.83024001121521,848291,CCC(C)NC(=O)NCc1noc(-c2cccs2)n1,2.3958000000000004,CCC(CC)C(=O)NCc1noc(-c2cccs2)n1,True,2.850500000000001,0.45470000000000077,0.7115384615384616,False,False
1.0,bin,17,0.7375200986862183,0.6448001861572266,0.83024001121521,863440,COc1ccc(-c2nc(CCCO)cs2)cc1OC,2.752200000000001,COc1ccc(-c2nc(CC#N)cs2)cc1OC(C)C,True,3.6719800000000022,0.9197800000000012,0.5283018867924528,False,True
1.0,bin,17,0.7375200986862183,0.6448001861572266,0.83024001121521,864663,N#Cc1ccc(-c2cc(F)ccc2F)nc1N1CCCC1,3.498680000000002,N#Cc1ccc(-c2ccc(Cl)cc2Cl)nc1N1CCCC1,True,4.527280000000002,1.0286,0.6382978723404256,False,True
1.0,bin,17,0.7375200986862183,0.6448001861572266,0.83024001121521,872100,CCc1cccc(C)c1NCC(O)c1ccc2c(c1)OCCO2,3.474120000000002,CSc1ccc(Cl)cc1NCC(O)c1ccc2c(c1)OCCO2,True,3.978600000000003,0.5044800000000009,0.48333333333333334,False,True
1.0,bin,17,0.7375200986862183,0.6448001861572266,0.83024001121521,886334,COc1ccc(C(=O)N2CCCC(C(=O)N3CCCCC3)C2)c(O)c1,2.2655000000000003,Cc1ccc(C(=O)N2CCCC(C(=O)N3CCCCC3)C2)cc1C,True,3.168140000000002,0.9026400000000017,0.5283018867924528,False,True
1.0,bin,17,0.7375200986862183,0.6448001861572266,0.83024001121521,887387,COCCNC(=O)N(Cc1cccc(F)c1)CC1CCCO1,2.1627,N#CCCNC(=O)N(Cc1cccc(Cl)c1)CC1CCCO1,True,2.944280000000002,0.7815800000000017,0.5909090909090909,False,True
1.0,bin,17,0.7375200986862183,0.6448001861572266,0.83024001121521,889149,N#Cc1ccc(NC(=O)c2ccc(Br)cc2Cl)nc1,3.621480000000001,CC(C)Sc1ccccc1C(=O)Nc1ccc(Cl)cn1,True,4.487800000000003,0.8663200000000018,0.35,False,True
1.0,bin,17,0.7375200986862183,0.6448001861572266,0.83024001121521,913483,O=C(CNC(=O)NCCc1c(Cl)cccc1Cl)NC1CC1,2.1137000000000006,CC(C)(CNC(=O)NCCc1ccccc1Cl)NC1CC1,True,2.712300000000001,0.5986000000000002,0.45454545454545453,False,True
1.0,bin,17,0.7375200986862183,0.6448001861572266,0.83024001121521,917620,C=CCN(Cc1ccccc1OC)C(=O)c1csc(C)n1,3.288520000000002,C=CCN1C=C(CN(C)C(=O)c2csc(C)n2)C=C(F)C(=C)C1,True,3.318620000000002,0.030100000000000016,0.3698630136986301,False,True
1.0,bin,17,0.7375200986862183,0.6448001861572266,0.83024001121521,918312,CCOc1ccc(Cl)c(C(=O)N2CCN(c3ncccn3)CC2)n1,1.8860999999999997,O=C(c1cc(Cl)c(Cl)cn1)N1CCN(c2ncccn2)CC1,True,2.1407999999999996,0.2546999999999999,0.48148148148148145,False,True
1.0,bin,17,0.7375200986862183,0.6448001861572266,0.83024001121521,922879,CC(=O)c1ccc(N2CCN(Cc3c(F)cccc3F)CC2)cc1,3.489600000000003,CC(=O)c1cccc(N2CCN(Cc3c(F)cccc3Cl)CC2)c1,True,4.003900000000003,0.5143000000000004,0.6530612244897959,False,True
1.0,bin,17,0.7375200986862183,0.6448001861572266,0.83024001121521,927535,COc1cc(CN2CCN(c3ccccc3F)CC2)ccc1O,2.862100000000002,Fc1cccc(CN2CCN(c3ccccc3Cl)CC2)c1,True,3.801300000000003,0.9392000000000009,0.4528301886792453,False,True
1.0,bin,17,0.7375200986862183,0.6448001861572266,0.83024001121521,927567,Cc1ccccc1N1CCN(Cc2cccc(O)c2)CC1,3.022820000000001,Cc1cccc(C)c1N1CCN(Cc2ccc(F)cc2F)CC1,True,3.9038400000000033,0.8810200000000021,0.38461538461538464,False,True
1.0,bin,17,0.7375200986862183,0.6448001861572266,0.83024001121521,938108,CC(c1ccccc1)N(C)C(=O)CCC(=O)Nc1nccs1,3.0814000000000012,Cc1csc(NC(=O)CCC(=O)N(C)C(C)c2ccccc2)n1,True,3.389820000000002,0.3084200000000008,0.6792452830188679,False,True
1.0,bin,17,0.7375200986862183,0.6448001861572266,0.83024001121521,943303,CN(CCCOc1ccccc1)C(=O)Nc1cccc2c1OCCO2,3.390600000000002,CN(CCCOC1=CC=CC1)C(=O)Nc1cccc2c1OCCO2,True,3.1720000000000015,-0.21860000000000035,0.7192982456140351,False,True
1.0,bin,17,0.7375200986862183,0.6448001861572266,0.83024001121521,946289,CC(NC(=O)C1(c2cc(-c3ccco3)on2)CC1)c1ccccc1,3.843600000000002,CC(C=CC=C=O)NC(=O)C1(c2cc(-c3ccc(F)cc3F)on2)CC1,True,3.100100000000001,-0.7435000000000009,0.410958904109589,False,True
1.0,bin,17,0.7375200986862183,0.6448001861572266,0.83024001121521,994077,Cc1nnc(Cn2c(-c3cccc(Br)c3)noc2=O)o1,2.0055199999999997,C=CCSc1nnc(Cn2c(-c3cccc(Cl)c3)noc2=O)o1,True,2.866100000000002,0.8605800000000023,0.5161290322580645,False,True
1.0,bin,17,0.7375200986862183,0.6448001861572266,0.83024001121521,1065620,O=C(NCc1cccnc1Oc1ccccc1)c1cccnc1,3.198900000000002,O=C(NCc1cccnc1Oc1ccc(F)c(Cl)c1)c1cccnc1,True,3.991400000000003,0.7925000000000013,0.6909090909090909,False,True
1.0,bin,17,0.7375200986862183,0.6448001861572266,0.83024001121521,1093926,CN(C(=O)CNc1cccc(OCC2CCCO2)c1)c1ccccc1,3.319300000000002,CC(Nc1ccccc1)C(=O)Nc1ccc(OCC2CCCO2)c(F)c1,True,3.822600000000002,0.5033000000000003,0.43243243243243246,False,True
1.0,bin,17,0.7375200986862183,0.6448001861572266,0.83024001121521,1107920,CCc1ccc(-n2cc(C(=O)NC(C)c3ccccc3)nn2)cc1,3.320700000000002,C=CC(=CC=CC)NC1=C(C(=O)NC(c2ccccc2F)C(C)CN)N1,True,2.5857,-0.7350000000000021,0.17647058823529413,False,True
1.0,bin,17,0.7375200986862183,0.6448001861572266,0.83024001121521,1113130,CC(NC(=O)Cn1nnnc1C(C)(C)C)c1cccc2ccccc12,3.0012000000000016,CC1=CC=C2CC=C(C(C)NC(=O)Cn3nnnc3C(C)(C)C)C12,True,2.3079,-0.6933000000000016,0.53125,False,True
1.0,bin,17,0.7375200986862183,0.6448001861572266,0.83024001121521,1121751,COC(=O)Cn1ccc(NS(=O)(=O)c2ccc(F)c(F)c2F)n1,1.2742,CCOc1ccc(F)c(S(=O)(=O)Nc2ccn(C(C)=O)n2)c1F,True,2.0209,0.7467000000000001,0.43548387096774194,False,True
1.0,bin,17,0.7375200986862183,0.6448001861572266,0.83024001121521,1142531,CCOC(C)C(=O)NCCc1csc(-c2ccc(C)cc2)n1,3.2022200000000014,COCc1ccc(-c2nc(CCNC(=O)C(C)C)cs2)cc1,True,3.271200000000002,0.06898000000000071,0.6071428571428571,False,True
1.0,bin,17,0.7375200986862183,0.6448001861572266,0.83024001121521,1212157,CN(Cc1ccc(F)c(F)c1)C(=O)c1cncc(-c2cnn(C)c2)c1,3.0325000000000015,CN(Cc1cccc(Cl)c1)C(=O)c1cncc(-c2cnn(C)c2)c1,True,3.407700000000002,0.3752000000000004,0.7321428571428571,False,True
1.0,bin,17,0.7375200986862183,0.6448001861572266,0.83024001121521,1215394,CCn1nc(C)cc1C(=O)Oc1cccc(NC(=O)C(C)C)c1,3.025120000000001,Cn1nc(C(C)(C)C)cc1C(=O)Oc1cccc(Br)c1,True,3.6993000000000027,0.6741800000000016,0.3384615384615385,False,True
1.0,bin,17,0.7375200986862183,0.6448001861572266,0.83024001121521,1232922,CC(C)(C)OC(=O)NC1CCCN(S(=O)(=O)N2CCOCC2)C1,0.5525000000000011,CCCCCNC(=O)C1CCCN(S(=O)(=O)N2CCOCC2)C1,True,0.5818000000000021,0.029300000000000992,0.4576271186440678,False,True
1.0,bin,17,0.7375200986862183,0.6448001861572266,0.83024001121521,1238973,FC(F)(F)c1cnc(N2CCn3c(nnc3C3CC3)C2)c(Cl)c1,3.2429000000000023,FC(F)(F)c1nnc2n1CCN(c1ncc(Cl)c(Cl)c1Cl)C2,True,3.672300000000001,0.42939999999999845,0.5,False,True
1.0,bin,17,0.7375200986862183,0.6448001861572266,0.83024001121521,1299495,Cc1cc(CC(=O)N2CCCC2C(C#N)c2ccccc2)no1,2.823900000000001,Cc1cc(CC(=O)N2CCCC2Cc2ccc(C(C)C)cc2)no1,True,3.882620000000003,1.0587200000000019,0.5384615384615384,False,True
1.0,bin,17,0.7375200986862183,0.6448001861572266,0.83024001121521,1309906,CC(C)CC(NC(=O)c1cc(=O)c2ccccc2o1)C(=O)OC(C)C,2.8891000000000018,CC(C)CN(CC(C)C)C(=O)c1cc(=O)c2ccccc2o1,True,3.547200000000003,0.658100000000001,0.5,False,True
1.0,bin,17,0.7375200986862183,0.6448001861572266,0.83024001121521,1362816,COCc1cccc(C(=O)NC2CC2c2cccc(Cl)c2)c1,3.772300000000002,CC1=CC=C(C2CC2NC(=O)c2ccc(Cl)c(Cl)c2C)C1,True,4.696520000000003,0.9242200000000009,0.31343283582089554,False,True
1.0,bin,17,0.7375200986862183,0.6448001861572266,0.83024001121521,1441838,COCC(=O)NC(C(=O)Nc1cccc(-c2nccs2)c1)C(C)C,2.5358,COCCCN(C)C(=O)Nc1cccc(-c2nccs2)c1,True,3.3103000000000016,0.7745000000000015,0.5384615384615384,False,False
1.0,bin,17,0.7375200986862183,0.6448001861572266,0.83024001121521,1450449,CCCNC(=O)CSc1nc2c(cc1C#N)CCCC2,2.450380000000001,CCCCNC(=O)C(C)Sc1nc2c(cc1C#N)CCCC2,True,3.2289800000000017,0.7786000000000008,0.6,False,True
1.0,bin,17,0.7375200986862183,0.6448001861572266,0.83024001121521,1451910,O=S(=O)(NCc1nnc2ccccn12)c1ccc(F)c(F)c1,1.4859999999999995,Cc1cc(C)c(S(=O)(=O)NCc2nnc3ccccn23)c(C)c1,True,2.1330600000000004,0.6470600000000009,0.5961538461538461,False,False
1.0,bin,17,0.7375200986862183,0.6448001861572266,0.83024001121521,1479798,Cc1nc(C)c(CCC(=O)N(CC(C)C)CC(F)(F)F)c(=O)[nH]1,2.3662400000000003,Cc1nc(C)c(CCC(=O)N(CC(C)C)CC(F)(F)F)c(=O)[nH]1,True,2.3662400000000003,0.0,1.0,True,False
1.0,bin,17,0.7375200986862183,0.6448001861572266,0.83024001121521,1507926,COC(=O)C(C)NC(=O)Cc1csc(-c2ccccc2Cl)n1,2.6837,COC(=O)C[SH]1C=CC(c2ccccc2Cl)=N1,True,2.7456000000000014,0.0619000000000014,0.3387096774193548,False,True
1.0,bin,17,0.7375200986862183,0.6448001861572266,0.83024001121521,1527882,Nc1ncccc1C(=O)Nc1ccc2cn[nH]c2c1,1.7923999999999998,CCCOc1ncccc1C(=O)Nc1ccc2cn[nH]c2c1,True,2.9990000000000006,1.2066000000000008,0.6666666666666666,False,True
1.0,bin,17,0.7375200986862183,0.6448001861572266,0.83024001121521,1532848,COc1ccc(-c2ccc3c(=O)[nH]cnc3c2)cc1Cl,3.2521000000000013,O=c1[nH]cnc2cc(-c3ccc(Cl)cc3)ccc12,True,3.243500000000001,-0.008600000000000385,0.6585365853658537,False,False
1.0,bin,17,0.7375200986862183,0.6448001861572266,0.83024001121521,1548351,COc1cc(OC)c2c(c1)C(c1cnccn1)NCC2,1.7288999999999999,FC(F)(F)Oc1cccc2c1C(c1cnccn1)NCC2,True,2.6103000000000005,0.8814000000000006,0.4,False,False
1.0,bin,17,0.7375200986862183,0.6448001861572266,0.83024001121521,1570134,COc1cccc(C(C)N2CCN(C(=O)c3ccc(O)cc3)CC2)c1,2.9198000000000013,CC(C)C=CC=CC1=CC1(C)N1CCN(C(=O)c2ccc(O)cc2)CC1,True,3.6171000000000024,0.6973000000000011,0.3968253968253968,False,True
1.0,bin,17,0.7375200986862183,0.6448001861572266,0.83024001121521,1611406,CC(C)(C)N1CC(NC(=O)C2COc3ccc(F)cc3C2)CC1=O,1.8923999999999994,CC(C)CN1CC(NC(=O)CCOc2ccc(C(F)(F)F)cc2)C1=O,True,2.457300000000001,0.5649000000000015,0.2073170731707317,False,True
1.0,bin,17,0.7375200986862183,0.6448001861572266,0.83024001121521,1612684,CCCC1CN(C(=O)Nc2ccn(CCC(C)C)n2)CCO1,2.9620000000000015,CC(C)CCn1ccc(NC(=O)N2OCC(C)C2CC(F)(F)F)n1,True,3.6654000000000018,0.7034000000000002,0.4927536231884058,False,True
1.0,bin,17,0.7375200986862183,0.6448001861572266,0.83024001121521,1639675,CCC(CC)c1nnc(NC(=O)c2scnc2C2CC2)s1,4.0279000000000025,CC(C)C1=NN=C(NC(=O)c2scnc2C2CC2C(C)C)CS1,True,3.747200000000003,-0.2806999999999995,0.36363636363636365,False,True
1.0,bin,17,0.7375200986862183,0.6448001861572266,0.83024001121521,1675660,COc1ccnc(NC(=O)c2cccc(Cl)c2)c1,2.9959000000000007,CC(C)C(=O)Nc1ccc(C(=O)Nc2cc(Cl)ccn2)cc1,True,3.581800000000001,0.5859000000000005,0.4716981132075472,False,True
1.0,bin,17,0.7375200986862183,0.6448001861572266,0.83024001121521,1689728,CCc1noc(CSc2ncnc3sc(C)cc23)n1,3.237420000000002,CCCCc1noc(CSc2ncnc3sc(C)cc23)n1,True,4.0176200000000035,0.7802000000000016,0.8,False,True
1.0,bin,17,0.7375200986862183,0.6448001861572266,0.83024001121521,1720876,CC(C)(C)CC(=O)NCC(=O)Nc1ccc2c(c1)COC2,2.2077,CC(CNC(=O)CC(C)(C)C)C(=O)Nc1ccc2c(c1)COC2,True,2.8438000000000017,0.6361000000000017,0.6938775510204082,False,True
1.0,bin,17,0.7375200986862183,0.6448001861572266,0.83024001121521,1757109,CC(C)Cc1ncc(CNc2ccc3c(c2)COC3)s1,3.983900000000003,CCC1C=NC=C(CNc2ccc3c(c2)COC3S)CC1,True,4.331800000000004,0.347900000000001,0.28169014084507044,False,True
1.0,bin,17,0.7375200986862183,0.6448001861572266,0.83024001121521,1774061,O=C1NCCCc2[nH]c(-c3cccc4[nH]ccc34)nc21,2.234,O=CNC1=Cc2nc(-c3cccc(Br)c3)[nH]c2CC1,True,2.872300000000001,0.638300000000001,0.2112676056338028,False,True
1.0,bin,17,0.7375200986862183,0.6448001861572266,0.83024001121521,1800687,Cc1nn(C)c(-c2nc(-c3cccnn3)no2)c1Cl,1.8889199999999997,Cc1nn(C(C)C)c(-c2nc(-c3cccnn3)no2)c1Cl,True,2.9328200000000013,1.0439000000000016,0.7346938775510204,False,True
1.0,bin,17,0.7375200986862183,0.6448001861572266,0.83024001121521,1815867,FC(F)(F)c1ccc(CN2CCOCC2c2ncon2)cc1,2.661900000000001,FC=CC=C(F)CN1CCOCC1c1ncon1,True,1.7794999999999999,-0.8824000000000012,0.5172413793103449,False,True
1.0,bin,17,0.7375200986862183,0.6448001861572266,0.83024001121521,1828580,Cc1ccc(N2CC3OCC(=O)N(Cc4cccc(F)c4)C3C2)nn1,1.54032,Cc1ccc(N2CC3OCC(=O)N(Cc4ccc(Cl)cc4)C3C2N)[nH]1,True,1.8775199999999999,0.33719999999999994,0.3037974683544304,False,True
1.0,bin,17,0.7375200986862183,0.6448001861572266,0.83024001121521,1836183,CCc1ccc(C(=O)NCc2nccc(N(C)C)n2)cc1,2.035,CCN(CC)c1ccc(C(=O)NCc2nccc(C)n2)cc1,True,2.5612200000000005,0.5262200000000004,0.5384615384615384,False,True
1.0,bin,17,0.7375200986862183,0.6448001861572266,0.83024001121521,1842499,COc1ccccc1COc1ccccc1-c1cnn(CCO)c1,3.1300000000000017,COc1ccccc1COc1ccccc1-c1cnn(C)c1,True,3.6747000000000023,0.5447000000000006,0.7391304347826086,False,True
1.0,bin,17,0.7375200986862183,0.6448001861572266,0.83024001121521,1865564,COC(CNC(=O)c1ccoc1)c1cccc(F)c1,2.536200000000001,O=C(NCC(F)c1cccc(Br)c1F)c1ccoc1,True,3.621800000000002,1.0856000000000012,0.4827586206896552,False,True
1.0,bin,17,0.7375200986862183,0.6448001861572266,0.83024001121521,1868773,CCCOc1ccc(Cl)c2c1CCNC2C1CC(=O)C1,3.2947000000000015,O=C1CCC(C2NCCc3c(Cl)ccc(Cl)c32)C1,True,3.549400000000002,0.2547000000000006,0.5490196078431373,False,True
1.0,bin,17,0.7375200986862183,0.6448001861572266,0.83024001121521,1873123,CCC1OC(=O)c2c(OC)ccc(Br)c21,3.079200000000002,CCC1COC(=O)c2cc(Br)ccc21,True,3.113100000000002,0.03390000000000004,0.2692307692307692,False,True
1.0,bin,17,0.7375200986862183,0.6448001861572266,0.83024001121521,1875028,Cc1cccc(C)c1NCC(=O)N1CCCC2CCCCC21,3.8965400000000034,Cc1cccc(C(C)C)c1NCC(=O)N1CCCC2CCCCC21,True,4.711520000000004,0.8149800000000003,0.8085106382978723,False,True
1.0,bin,17,0.7375200986862183,0.6448001861572266,0.83024001121521,1895921,CCC(CC)N(C)C(=O)CC1OC(=O)c2ccccc21,2.935200000000002,CCCCCC(C)NC(=O)CC1OC(=O)c2ccccc21,True,3.3732000000000015,0.4379999999999997,0.5,False,True
1.0,bin,17,0.7375200986862183,0.6448001861572266,0.83024001121521,1907077,Cc1ccc2[nH]nc(C(=O)Nc3nc(-c4ccco4)cs3)c2c1,3.8401200000000015,CC(C)c1ccc2[nH]nc(C(=O)Nc3nc(-c4ccco4)cs3)c2c1,True,4.655100000000003,0.8149800000000011,0.7796610169491526,False,True
1.0,bin,17,0.7375200986862183,0.6448001861572266,0.83024001121521,1913063,Cc1nn(C)c(C)c1CN(C(=O)c1cn2cccc(C)c2n1)C1CC1,2.797860000000001,CCN(Cc1c(C)nn(C(F)F)c1C)C(=O)c1cn2cc(C)ccc2n1,True,3.513460000000003,0.715600000000002,0.34210526315789475,False,True
1.0,bin,17,0.7375200986862183,0.6448001861572266,0.83024001121521,1922265,CN(CCNC(=O)c1ccc2c(c1)ncn2C)c1ccccc1,2.4395000000000007,CCC(CNC(=O)c1ccc2c(c1)ncn2CC)N(C)c1ccccc1,True,3.701000000000003,1.2615000000000025,0.515625,False,True
1.0,bin,18,0.9854800075292588,0.83024001121521,1.1407200038433076,32052,COc1ccccc1CNC(=O)Cc1c[nH]c2ccccc12,3.035400000000001,CC(C)C(NC(=O)Cc1c[nH]c2ccccc12)c1ccccc1,True,4.223900000000002,1.1885000000000012,0.5094339622641509,False,True
1.0,bin,18,0.9854800075292588,0.83024001121521,1.1407200038433076,116747,COCCSc1ccccc1C(=O)Nc1cccc(C)n1,3.3808200000000017,Cc1cccc(NC(=O)c2ccccc2SC(F)(F)F)n1,True,4.254220000000002,0.8734000000000002,0.62,False,True
1.0,bin,18,0.9854800075292588,0.83024001121521,1.1407200038433076,131060,CS(=O)(=O)NCCc1csc(-c2ccc(F)cc2)n1,2.0408999999999997,CC(C)C(=O)NCCc1csc(-c2ccc(F)cc2)n1,True,3.2639000000000014,1.2230000000000016,0.6122448979591837,False,True
1.0,bin,18,0.9854800075292588,0.83024001121521,1.1407200038433076,131949,CCc1c(C)nc(SCC(=O)NC(C)C)[nH]c1=O,1.25742,CCC=C(C)N=C(NC=O)SCC(=O)NC(C)CC(C)C,True,2.6862000000000013,1.4287800000000013,0.208955223880597,False,True
1.0,bin,18,0.9854800075292588,0.83024001121521,1.1407200038433076,158879,COc1ccc(CC(=O)OCC(=O)c2c[nH]c3ccccc23)cc1,3.145100000000001,CC(C(=O)OCC(=O)c1c[nH]c2ccccc12)c1ccc(Cl)cc1,True,4.350900000000003,1.2058000000000018,0.5087719298245614,False,True
1.0,bin,18,0.9854800075292588,0.83024001121521,1.1407200038433076,232056,COCCNC(=O)c1cc(=O)c2cc(C)ccc2o1,1.4776199999999993,COCCNC(=O)c1cc(=O)c2cc(OC(C)C)ccc2o1,True,1.9563999999999993,0.47878,0.7291666666666666,False,True
1.0,bin,18,0.9854800075292588,0.83024001121521,1.1407200038433076,235788,O=C(Cn1nc(-c2ccco2)oc1=O)NCC(F)(F)F,0.7747999999999999,CC(C)CN(CC(C)C)C(=O)Cn1nc(-c2ccco2)oc1=O,True,2.2369000000000003,1.4621000000000004,0.5535714285714286,False,True
1.0,bin,18,0.9854800075292588,0.83024001121521,1.1407200038433076,236081,CC(=O)c1c(C)[nH]c(C(=O)CSc2nc(C(C)C)n[nH]2)c1C,3.0506400000000014,CC1=CC(=O)CC(C)(C(=O)CSc2nc(C(C)(C)C)n[nH]2)N1,True,1.9883,-1.0623400000000014,0.2676056338028169,False,True
1.0,bin,18,0.9854800075292588,0.83024001121521,1.1407200038433076,281081,O=C(Cn1cccn1)NCc1cccnc1Oc1ccc(F)cc1F,2.665000000000001,Cc1ccn(CC(=O)NCc2cccnc2Oc2ccc(Cl)cc2)n1,True,3.3486200000000013,0.6836200000000003,0.4927536231884058,False,True
1.0,bin,18,0.9854800075292588,0.83024001121521,1.1407200038433076,284170,COc1ccc(-c2nc(CC(=O)Nc3cccc(C)n3)cs2)cc1,3.7033200000000024,Cc1cc(C)nc(NC(=O)Cc2csc(-c3ccc(F)cc3F)n2)c1,True,4.281340000000003,0.5780200000000004,0.46153846153846156,False,True
1.0,bin,18,0.9854800075292588,0.83024001121521,1.1407200038433076,288369,Cc1ccc(NCc2nnc3n2CCCCC3)cc1C,3.2334400000000016,CC1CCCc2nnc(CNc3ccc(Cl)c(Cl)c3)n2C1,True,4.169400000000003,0.9359600000000015,0.49122807017543857,False,True
1.0,bin,18,0.9854800075292588,0.83024001121521,1.1407200038433076,302889,COc1ccc(OC)c(NC(=O)CCNC(=O)c2cccs2)c1,2.5239000000000003,Cc1cccc(C(C)C)c1NC(=O)CCNC(=O)c1cccs1,True,3.9385200000000022,1.414620000000002,0.4918032786885246,False,False
1.0,bin,18,0.9854800075292588,0.83024001121521,1.1407200038433076,327141,COc1ccc(OC)c(S(=O)(=O)Nc2ccn(C)n2)c1,1.2381,Cn1ccc(NS(=O)(=O)c2cc(Cl)ccc2Cl)n1,True,2.5277000000000003,1.2896000000000003,0.5306122448979592,False,False
1.0,bin,18,0.9854800075292588,0.83024001121521,1.1407200038433076,327382,CNC(=O)C1CN(C(=O)c2c(C)noc2C)c2ccccc2O1,1.4452399999999996,Cc1onc(C(C)C)c1C(=O)N1CCOc2ccccc21,True,3.145620000000002,1.7003800000000022,0.45161290322580644,False,True
1.0,bin,18,0.9854800075292588,0.83024001121521,1.1407200038433076,406491,COCCNC(=O)C1CCCN(S(=O)(=O)N2CCOCC2)C1,-0.9619999999999964,COC(=O)C1CCCCN1S(=O)(=O)N1CCOCC1,True,-0.4090999999999989,0.5528999999999975,0.43636363636363634,False,False
1.0,bin,18,0.9854800075292588,0.83024001121521,1.1407200038433076,413951,O=C(Cn1ncn2cccc2c1=O)N1CCCCCC1,0.8985999999999996,CC(C)c1nn(CC(=O)N2CCCCCC2)c(=O)c2cccn12,True,2.0220000000000002,1.1234000000000006,0.5660377358490566,False,True
1.0,bin,18,0.9854800075292588,0.83024001121521,1.1407200038433076,427929,CCNc1nc(NCc2ccccc2Cl)c2cnn(C)c2n1,3.060600000000001,CC(C)c1nc(NCc2ccccc2Cl)c2cnn(C)c2n1,True,3.752200000000002,0.6916000000000011,0.6923076923076923,False,True
1.0,bin,18,0.9854800075292588,0.83024001121521,1.1407200038433076,447130,CCC(NC(=O)C1CCN(C(=O)C2CC2)CC1)c1ccc(C)cc1,3.2109200000000016,CCC=CC=C1C=CN(C(=O)CC2CCN(C(=O)C(C)C3CC3)C2)C1C,True,3.9081000000000037,0.6971800000000021,0.21794871794871795,False,True
1.0,bin,18,0.9854800075292588,0.83024001121521,1.1407200038433076,481908,CCNS(=O)(=O)c1ccc(C)c(C(=O)Nc2ncccc2C)c1,2.24894,C=CCc1cccnc1NC(=O)C1CC(=O)NC=CC=C1F,True,2.2518000000000002,0.0028600000000000847,0.23076923076923078,False,True
1.0,bin,18,0.9854800075292588,0.83024001121521,1.1407200038433076,485220,Cc1nn(CC(=O)N2CCN(C)CC2)c(C)c1Br,1.03644,C=C(C)CN1CCN(C(=O)Cn2nc(C)cc2Br)CC1,True,1.6743199999999996,0.6378799999999996,0.4230769230769231,False,True
1.0,bin,18,0.9854800075292588,0.83024001121521,1.1407200038433076,526363,Cc1nnc(SCC(=O)Nc2ccc(O)cc2)n(N)c1=O,0.09692,COc1ccc(C)cc1NC(=O)CSc1nnc(C)c(=O)n1N,True,0.7083400000000002,0.6114200000000002,0.5964912280701754,False,False
1.0,bin,18,0.9854800075292588,0.83024001121521,1.1407200038433076,536853,COc1ccc(C2CCCN2C(=O)C2CCC2)c(OC)c1,3.1674000000000015,CC(C)Oc1ccc(C2CCCN2C(=O)C2CCC2)cc1F,True,4.076500000000004,0.9091000000000022,0.4827586206896552,False,True
1.0,bin,18,0.9854800075292588,0.83024001121521,1.1407200038433076,540312,Cc1nn(C)c2nc(C3CC3)cc(C(=O)NCC(=O)NC(C)(C)C)c12,1.7986199999999997,CC1=NN2C=NC(C3CC3)=CC(C(=O)NCCCOC(C)C)C=C1C2,True,2.4876000000000005,0.6889800000000008,0.19540229885057472,False,True
1.0,bin,18,0.9854800075292588,0.83024001121521,1.1407200038433076,544381,Cc1nc(N2CCCC(C(=O)NC(C)C)C2)c2c(C)c(C)oc2n1,2.8890600000000006,CCOC(=O)CCCCNC1=NC(C(C)C)=NCOC(C)=C(C)C1,True,3.4341000000000026,0.545040000000002,0.14285714285714285,False,True
1.0,bin,18,0.9854800075292588,0.83024001121521,1.1407200038433076,544382,CCCNC(=O)C1CCCN(c2nc(C)nc3oc(C)c(C)c23)C1,2.8906600000000013,CCOC(=O)C1CCN(c2nc(C(C)C)nc3oc(C)c(C)c23)CC1,True,3.7425400000000026,0.8518800000000013,0.43478260869565216,False,True
1.0,bin,18,0.9854800075292588,0.83024001121521,1.1407200038433076,550049,Cc1ccc(C)c(OCC(=O)Nc2cccc(-n3cnnc3)c2)c1,2.9016400000000013,Cc1cccc(C(C)C)c1OCC(=O)Nc1cccc(-n2cnnc2)c1,True,3.7166200000000016,0.8149800000000003,0.6379310344827587,False,True
1.0,bin,18,0.9854800075292588,0.83024001121521,1.1407200038433076,573533,Cc1nn(-c2ncc(C(F)(F)F)cc2Cl)c(=O)o1,2.2011199999999995,CC=NN(Cl)c1ccc(C(C)(C)C)cn1,True,3.3450000000000015,1.143880000000002,0.1694915254237288,False,True
1.0,bin,18,0.9854800075292588,0.83024001121521,1.1407200038433076,582555,O=C(NCC(O)c1ccccc1)c1ccc2c(=O)n3c(nc2c1)CCC3,1.8061000000000003,O=C(NCCc1ccc(F)cc1Cl)c1ccc2c(=O)n3c(nc2c1)CCC3,True,3.1077000000000012,1.301600000000001,0.5571428571428572,False,True
1.0,bin,18,0.9854800075292588,0.83024001121521,1.1407200038433076,588547,Cc1n[nH]c(C)c1NC(=O)CCc1ccc(Cl)cc1Cl,3.9046400000000023,Cc1n[nH]c(C)c1NC(=O)CC(C)(C)c1ccc(Cl)c(Cl)c1,True,4.639740000000003,0.735100000000001,0.5178571428571429,False,True
1.0,bin,18,0.9854800075292588,0.83024001121521,1.1407200038433076,607673,CCCN(CC1CC1)S(=O)(=O)c1ccccc1F,2.636400000000001,CCCN(CC1CC1)S(=O)(=O)c1cc(Br)ccc1F,True,3.398900000000002,0.7625000000000011,0.6888888888888889,False,True
1.0,bin,18,0.9854800075292588,0.83024001121521,1.1407200038433076,617681,Cc1cc(C(=O)Nc2nc(-c3ccncc3)cs2)nn1C(C)C,3.5432200000000016,CC1=CC(C(=O)NC2=NC(c3ccncc3Cl)=CS2=N)N1C(C)C,True,2.8962700000000012,-0.6469500000000004,0.24050632911392406,False,True
1.0,bin,18,0.9854800075292588,0.83024001121521,1.1407200038433076,650267,COc1ccc2oc(C(=O)NC3CCCCNC3=O)c(C)c2c1,2.14832,Cc1c(C(=O)NC2CCCCN(C(C)(C)C)C2)oc2ccccc12,True,4.124020000000003,1.9757000000000033,0.38028169014084506,False,True
1.0,bin,18,0.9854800075292588,0.83024001121521,1.1407200038433076,668639,Cc1cc(NC(=O)c2ccccc2Cl)ncc1N,2.8779200000000005,CC(C)c1cc(NC(=O)c2ccc(F)c(Cl)c2)ncc1N,True,3.8320000000000016,0.9540800000000011,0.43859649122807015,False,True
1.0,bin,18,0.9854800075292588,0.83024001121521,1.1407200038433076,673160,CCC(=O)Nc1ccc2oc(C(F)(F)F)cc(=O)c2c1,3.160300000000001,O=c1cc(C(F)(F)F)c2cc(C(F)(F)F)ccc2o1,True,3.8306000000000013,0.6703000000000001,0.3269230769230769,False,True
1.0,bin,18,0.9854800075292588,0.83024001121521,1.1407200038433076,711169,Cc1cccc(C(C)C)c1NC(=O)N(C)Cc1ccncc1,4.177320000000003,CC(C)c1cccc(C(C)C)c1NC(=O)N(C)Cc1ccncc1,True,4.992300000000004,0.8149800000000011,0.8604651162790697,False,False
1.0,bin,18,0.9854800075292588,0.83024001121521,1.1407200038433076,720969,Cc1noc(C)c1CCC(=O)OCC(=O)N1c2ccccc2CC1C,2.7450400000000013,Cc1noc(C)c1CCC(=O)OC(C)C(=O)N1CCc2ccccc21,True,2.7450400000000013,0.0,0.5072463768115942,False,True
1.0,bin,18,0.9854800075292588,0.83024001121521,1.1407200038433076,730789,COC(=O)C1CCN(C(=O)c2cc3ccc(F)cc3nc2C)CC1,2.7075200000000006,Cc1nc2ccc(F)cc2cc1C(=O)N1CCCC(C(F)(F)F)C1,True,4.096820000000003,1.3893000000000022,0.5161290322580645,False,True
1.0,bin,18,0.9854800075292588,0.83024001121521,1.1407200038433076,738178,Cc1ccc(-n2ccnc2SCc2nc(C3CC3)no2)cc1C,4.041840000000003,CC=CC=C(C)n1ccnc1SC(C)c1nc(C2CC2)no1,True,4.4337000000000035,0.3918600000000003,0.36619718309859156,False,True
1.0,bin,18,0.9854800075292588,0.83024001121521,1.1407200038433076,771897,COc1ccccc1OCC(=O)N(C)Cc1sccc1C,3.102520000000002,Cc1cccc(C)c1OCC(=O)N(C)Cc1sccc1C(F)F,True,4.339940000000004,1.237420000000002,0.5178571428571429,False,True
1.0,bin,18,0.9854800075292588,0.83024001121521,1.1407200038433076,811446,COC(=O)C1(NC(=O)c2cc(Br)c[nH]2)CCCCCC1,2.7730000000000006,Cc1cc(Br)c(C(=O)NC2(C#N)CCCCC2)[nH]1,True,3.041900000000001,0.26890000000000036,0.3508771929824561,False,True
1.0,bin,18,0.9854800075292588,0.83024001121521,1.1407200038433076,848291,CCC(C)NC(=O)NCc1noc(-c2cccs2)n1,2.3958000000000004,CC(NC(=O)C(C)(C)C)c1noc(-c2cccs2)n1,True,3.0214000000000016,0.6256000000000013,0.4915254237288136,False,True
1.0,bin,18,0.9854800075292588,0.83024001121521,1.1407200038433076,863440,COc1ccc(-c2nc(CCCO)cs2)cc1OC,2.752200000000001,COC=C1C=C(c2nc(C#N)cs2)C=C1C(C)C,True,3.5244800000000023,0.7722800000000012,0.18181818181818182,False,True
1.0,bin,18,0.9854800075292588,0.83024001121521,1.1407200038433076,864663,N#Cc1ccc(-c2cc(F)ccc2F)nc1N1CCCC1,3.498680000000002,N#Cc1ccc(-c2ccc(F)c(F)c2)nc1N1CCCC1C(F)(F)F,True,4.429580000000001,0.9308999999999994,0.43333333333333335,False,True
1.0,bin,18,0.9854800075292588,0.83024001121521,1.1407200038433076,872100,CCc1cccc(C)c1NCC(O)c1ccc2c(c1)OCCO2,3.474120000000002,Cc1cccc(C(C)C)c1NCC(O)c1ccc2c(c1)OCCO2,True,4.035120000000002,0.5609999999999999,0.7254901960784313,False,True
1.0,bin,18,0.9854800075292588,0.83024001121521,1.1407200038433076,886334,COc1ccc(C(=O)N2CCCC(C(=O)N3CCCCC3)C2)c(O)c1,2.2655000000000003,Cc1ccccc1C(=O)N1CCCC(C(=O)N2CCC(C)CC2)C1,True,3.1057200000000016,0.8402200000000013,0.5,False,True
1.0,bin,18,0.9854800075292588,0.83024001121521,1.1407200038433076,887387,COCCNC(=O)N(Cc1cccc(F)c1)CC1CCCO1,2.1627,COCCCNC(=O)N(Cc1ccc(Cl)cc1)CC1CCCO1,True,3.0671000000000017,0.9044000000000016,0.6190476190476191,False,True
1.0,bin,18,0.9854800075292588,0.83024001121521,1.1407200038433076,889149,N#Cc1ccc(NC(=O)c2ccc(Br)cc2Cl)nc1,3.621480000000001,C=C(C(=CC=CC(C)(C)C)C(=O)Nc1ccc(C#N)cn1)C(F)(F)F,True,4.538980000000003,0.9175000000000022,0.36363636363636365,False,True
1.0,bin,18,0.9854800075292588,0.83024001121521,1.1407200038433076,913483,O=C(CNC(=O)NCCc1c(Cl)cccc1Cl)NC1CC1,2.1137000000000006,Cc1cc(C)c(CCNC(=O)NCC(=O)NC2CC2)c(C(C)(C)C)c1,True,2.7212400000000008,0.6075400000000002,0.5370370370370371,False,True
1.0,bin,18,0.9854800075292588,0.83024001121521,1.1407200038433076,917620,C=CCN(Cc1ccccc1OC)C(=O)c1csc(C)n1,3.288520000000002,CC(C)Oc1ccc(CN(C)C(=O)C2N=CCS2)c(Cl)c1,True,3.229300000000002,-0.05921999999999983,0.175,False,True
1.0,bin,18,0.9854800075292588,0.83024001121521,1.1407200038433076,918312,CCOc1ccc(Cl)c(C(=O)N2CCN(c3ncccn3)CC2)n1,1.8860999999999997,CCSc1ccc(Cl)c(C(=O)N2CCN(c3ncccn3)CC2)n1,True,2.599400000000001,0.7133000000000014,0.6792452830188679,False,True
1.0,bin,18,0.9854800075292588,0.83024001121521,1.1407200038433076,922879,CC(=O)c1ccc(N2CCN(Cc3c(F)cccc3F)CC2)cc1,3.489600000000003,Fc1ccc(CN2CCN(c3c(Cl)cccc3Cl)CC2)cc1,True,4.454700000000003,0.9651000000000005,0.3333333333333333,False,True
1.0,bin,18,0.9854800075292588,0.83024001121521,1.1407200038433076,927535,COc1cc(CN2CCN(c3ccccc3F)CC2)ccc1O,2.862100000000002,C=C1N(c2ccccc2Cl)CCNCC1(C=CF)C=CF,True,4.2161000000000035,1.3540000000000014,0.17142857142857143,False,True
1.0,bin,18,0.9854800075292588,0.83024001121521,1.1407200038433076,927567,Cc1ccccc1N1CCN(Cc2cccc(O)c2)CC1,3.022820000000001,C=C1CN(c2ccc(F)c(C)c2)CCN1CC1C=C(C)C=CC1,True,4.292220000000004,1.2694000000000027,0.18309859154929578,False,True
1.0,bin,18,0.9854800075292588,0.83024001121521,1.1407200038433076,938108,CC(c1ccccc1)N(C)C(=O)CCC(=O)Nc1nccs1,3.0814000000000012,CN(Cc1ccccc1)C(=O)CCC(=O)Nc1nc(C(C)(C)C)cs1,True,3.8179000000000025,0.7365000000000013,0.42857142857142855,False,True
1.0,bin,18,0.9854800075292588,0.83024001121521,1.1407200038433076,943303,CN(CCCOc1ccccc1)C(=O)Nc1cccc2c1OCCO2,3.390600000000002,CC(C)N(CCCOc1ccccc1)C(=O)Nc1cccc2c1OCCO2,True,4.169200000000003,0.7786000000000008,0.7636363636363637,False,True
1.0,bin,18,0.9854800075292588,0.83024001121521,1.1407200038433076,946289,CC(NC(=O)C1(c2cc(-c3ccco3)on2)CC1)c1ccccc1,3.843600000000002,CCC(C(=O)NC(C)c1cc(-c2ccco2)on1)c1ccccc1C,True,4.614020000000004,0.7704200000000014,0.4264705882352941,False,True
1.0,bin,18,0.9854800075292588,0.83024001121521,1.1407200038433076,994077,Cc1nnc(Cn2c(-c3cccc(Br)c3)noc2=O)o1,2.0055199999999997,CC(C)c1nnc(Cn2c(-c3cccc(Cl)c3)noc2=O)o1,True,2.711400000000001,0.7058800000000014,0.5789473684210527,False,True
1.0,bin,18,0.9854800075292588,0.83024001121521,1.1407200038433076,1065620,O=C(NCc1cccnc1Oc1ccccc1)c1cccnc1,3.198900000000002,CCCc1ccc(C(=O)NCc2cccnc2Oc2ccccc2)cn1,True,4.151400000000002,0.9525000000000006,0.6851851851851852,False,True
1.0,bin,18,0.9854800075292588,0.83024001121521,1.1407200038433076,1093926,CN(C(=O)CNc1cccc(OCC2CCCO2)c1)c1ccccc1,3.319300000000002,CC(C)(Nc1ccccc1)C(=O)Nc1cccc(OCC2CCCO2)c1,True,4.0736000000000026,0.7543000000000006,0.59375,False,True
1.0,bin,18,0.9854800075292588,0.83024001121521,1.1407200038433076,1107920,CCc1ccc(-n2cc(C(=O)NC(C)c3ccccc3)nn2)cc1,3.320700000000002,C=CC(=CC=CC)N1C=C(C(=O)NC(c2ccccc2)C(C)C)CN=N1,True,4.712600000000005,1.3919000000000024,0.24358974358974358,False,True
1.0,bin,18,0.9854800075292588,0.83024001121521,1.1407200038433076,1113130,CC(NC(=O)Cn1nnnc1C(C)(C)C)c1cccc2ccccc12,3.0012000000000016,CC(NC(=O)CNc1cccc2ccccc12)c1nnnn1C(C)C,True,2.6965000000000003,-0.3047000000000013,0.47619047619047616,False,True
1.0,bin,18,0.9854800075292588,0.83024001121521,1.1407200038433076,1121751,COC(=O)Cn1ccc(NS(=O)(=O)c2ccc(F)c(F)c2F)n1,1.2742,CCOC(=O)Cn1ccc(NS(=O)(=O)c2cccc(Cl)c2F)n1,True,2.0395000000000003,0.7653000000000003,0.5932203389830508,False,True
1.0,bin,18,0.9854800075292588,0.83024001121521,1.1407200038433076,1142531,CCOC(C)C(=O)NCCc1csc(-c2ccc(C)cc2)n1,3.2022200000000014,CC(C)OCCCC(=O)NCCc1csc(-c2ccccc2)n1,True,3.674000000000002,0.47178000000000075,0.5161290322580645,False,True
1.0,bin,18,0.9854800075292588,0.83024001121521,1.1407200038433076,1212157,CN(Cc1ccc(F)c(F)c1)C(=O)c1cncc(-c2cnn(C)c2)c1,3.0325000000000015,Cc1ccccc1C(C)(C)NC(=O)c1cncc(-c2cnn(C)c2)c1,True,3.4556200000000015,0.42311999999999994,0.417910447761194,False,True
1.0,bin,18,0.9854800075292588,0.83024001121521,1.1407200038433076,1215394,CCn1nc(C)cc1C(=O)Oc1cccc(NC(=O)C(C)C)c1,3.025120000000001,CCn1nc(C)cc1C(=O)Oc1cc(Cl)cc(Cl)c1,True,3.737420000000003,0.7123000000000017,0.5370370370370371,False,True
1.0,bin,18,0.9854800075292588,0.83024001121521,1.1407200038433076,1232922,CC(C)(C)OC(=O)NC1CCCN(S(=O)(=O)N2CCOCC2)C1,0.5525000000000011,CC(C)CCCOCCN(C)S(=O)(=O)N1CCOC(C)(C)C1,True,1.7266000000000006,1.1740999999999995,0.19444444444444445,False,True
1.0,bin,18,0.9854800075292588,0.83024001121521,1.1407200038433076,1238973,FC(F)(F)c1cnc(N2CCn3c(nnc3C3CC3)C2)c(Cl)c1,3.2429000000000023,CCc1cc(C(F)(F)F)nnc1NCCn1cncc1C(C)(C)C,True,3.6639000000000026,0.42100000000000026,0.13924050632911392,False,True
1.0,bin,18,0.9854800075292588,0.83024001121521,1.1407200038433076,1299495,Cc1cc(CC(=O)N2CCCC2C(C#N)c2ccccc2)no1,2.823900000000001,CC=CCCC(=O)N1CCCC1C(C)(C)c1cccc(F)c1,True,4.450600000000004,1.6267000000000031,0.25316455696202533,False,True
1.0,bin,18,0.9854800075292588,0.83024001121521,1.1407200038433076,1309906,CC(C)CC(NC(=O)c1cc(=O)c2ccccc2o1)C(=O)OC(C)C,2.8891000000000018,Cc1cccc2c(=O)cc(C(=O)NC(C(C)C)C(C)C)oc12,True,3.511820000000003,0.622720000000001,0.43103448275862066,False,True
1.0,bin,18,0.9854800075292588,0.83024001121521,1.1407200038433076,1362816,COCc1cccc(C(=O)NC2CC2c2cccc(Cl)c2)c1,3.772300000000002,O=C(NC1CC1c1cccc(Cl)c1)c1ccc(C(F)(F)F)cc1,True,4.644700000000002,0.8723999999999998,0.5818181818181818,False,True
1.0,bin,18,0.9854800075292588,0.83024001121521,1.1407200038433076,1441838,COCC(=O)NC(C(=O)Nc1cccc(-c2nccs2)c1)C(C)C,2.5358,CCN(CC)C(=O)C(C)NC(=O)Nc1cccc(-c2nccs2)c1,True,3.1885000000000003,0.6527000000000003,0.5384615384615384,False,True
1.0,bin,18,0.9854800075292588,0.83024001121521,1.1407200038433076,1450449,CCCNC(=O)CSc1nc2c(cc1C#N)CCCC2,2.450380000000001,CCN(CCC(=O)OC)c1nc2c(cc1C#N)CCCC2,True,2.2214799999999997,-0.2289000000000012,0.453125,False,True
1.0,bin,18,0.9854800075292588,0.83024001121521,1.1407200038433076,1451910,O=S(=O)(NCc1nnc2ccccn12)c1ccc(F)c(F)c1,1.4859999999999995,CC(C)(C)c1ccc(S(=O)(=O)NCc2nnc3ccccn23)cc1,True,2.505300000000001,1.0193000000000014,0.6470588235294118,False,True
1.0,bin,18,0.9854800075292588,0.83024001121521,1.1407200038433076,1479798,Cc1nc(C)c(CCC(=O)N(CC(C)C)CC(F)(F)F)c(=O)[nH]1,2.3662400000000003,CC1=C(CCC(=O)N(CCC(F)(F)F)CC(C)C)ONCC=N1,True,3.040700000000001,0.6744600000000007,0.3880597014925373,False,True
1.0,bin,18,0.9854800075292588,0.83024001121521,1.1407200038433076,1507926,COC(=O)C(C)NC(=O)Cc1csc(-c2ccccc2Cl)n1,2.6837,C#CCOC(=O)Cc1csc(-c2ccccc2Cl)n1,True,3.182400000000002,0.49870000000000214,0.5636363636363636,False,True
1.0,bin,18,0.9854800075292588,0.83024001121521,1.1407200038433076,1527882,Nc1ncccc1C(=O)Nc1ccc2cn[nH]c2c1,1.7923999999999998,Cc1ccc(NC(=O)c2cccnc2N)c2c1cnn2C(C)C,True,3.155120000000001,1.3627200000000013,0.38461538461538464,False,True
1.0,bin,18,0.9854800075292588,0.83024001121521,1.1407200038433076,1532848,COc1ccc(-c2ccc3c(=O)[nH]cnc3c2)cc1Cl,3.2521000000000013,O=c1[nH]cnc2cc(-c3ccccc3Cl)ccc12,True,3.243500000000001,-0.008600000000000385,0.5869565217391305,False,False
1.0,bin,18,0.9854800075292588,0.83024001121521,1.1407200038433076,1548351,COc1cc(OC)c2c(c1)C(c1cnccn1)NCC2,1.7288999999999999,FC(F)(F)Oc1ccc2c(c1)C(c1cnccn1)NCC2,True,2.6103000000000014,0.8814000000000015,0.5,False,False
1.0,bin,18,0.9854800075292588,0.83024001121521,1.1407200038433076,1570134,COc1cccc(C(C)N2CCN(C(=O)c3ccc(O)cc3)CC2)c1,2.9198000000000013,COC=CC=CC1=CC2CN(C(C)c3ccc(C)c(F)c3)CCN2C1=O,True,3.364220000000002,0.4444200000000009,0.25,False,True
1.0,bin,18,0.9854800075292588,0.83024001121521,1.1407200038433076,1611406,CC(C)(C)N1CC(NC(=O)C2COc3ccc(F)cc3C2)CC1=O,1.8923999999999994,C=C1C(NC(=O)CCOc2cccc(C)c2)CC(=O)N1CC(F)(F)F,True,2.5570200000000005,0.6646200000000011,0.20930232558139536,False,True
1.0,bin,18,0.9854800075292588,0.83024001121521,1.1407200038433076,1612684,CCCC1CN(C(=O)Nc2ccn(CCC(C)C)n2)CCO1,2.9620000000000015,CCCC1CN(C(=O)Nc2ccn(C(C)(C)C(C)C)n2)CCO1,True,3.307000000000002,0.34500000000000064,0.7,False,True
1.0,bin,18,0.9854800075292588,0.83024001121521,1.1407200038433076,1639675,CCC(CC)c1nnc(NC(=O)c2scnc2C2CC2)s1,4.0279000000000025,CCC(CC)Cc1nnc(NC(=O)c2scnc2C2CC2)s1,True,4.103000000000003,0.07510000000000083,0.7307692307692307,False,True
1.0,bin,18,0.9854800075292588,0.83024001121521,1.1407200038433076,1675660,COc1ccnc(NC(=O)c2cccc(Cl)c2)c1,2.9959000000000007,O=C(Nc1cc(Br)ccn1)C1=CCC=CC=C1,True,3.225100000000002,0.2292000000000014,0.3,False,True
1.0,bin,18,0.9854800075292588,0.83024001121521,1.1407200038433076,1689728,CCc1noc(CSc2ncnc3sc(C)cc23)n1,3.237420000000002,Cc1cc2c(SCC3CCC=NO3)nc(C(C)C)nc2s1,True,4.380020000000004,1.1426000000000016,0.3,False,True
1.0,bin,18,0.9854800075292588,0.83024001121521,1.1407200038433076,1720876,CC(C)(C)CC(=O)NCC(=O)Nc1ccc2c(c1)COC2,2.2077,CCSC(NC(=O)Nc1ccc2c(c1)COC2)C(C)C,True,3.573500000000002,1.365800000000002,0.44642857142857145,False,True
1.0,bin,18,0.9854800075292588,0.83024001121521,1.1407200038433076,1757109,CC(C)Cc1ncc(CNc2ccc3c(c2)COC3)s1,3.983900000000003,CC(C)CCC1=NC=CCNc2ccc3c(c2)COC3CS1,True,4.765000000000004,0.7811000000000012,0.19736842105263158,False,True
1.0,bin,18,0.9854800075292588,0.83024001121521,1.1407200038433076,1774061,O=C1NCCCc2[nH]c(-c3cccc4[nH]ccc34)nc21,2.234,CC(C)N1C=CCNC(c2cccc3c2cnc2[nH]ccc23)C1=O,True,3.1111000000000013,0.8771000000000013,0.22972972972972974,False,True
1.0,bin,18,0.9854800075292588,0.83024001121521,1.1407200038433076,1800687,Cc1nn(C)c(-c2nc(-c3cccnn3)no2)c1Cl,1.8889199999999997,CCCCn1nc(C)cc1-c1nc(-c2cccnn2)no1,True,2.4986200000000007,0.609700000000001,0.5,False,True
1.0,bin,18,0.9854800075292588,0.83024001121521,1.1407200038433076,1815867,FC(F)(F)c1ccc(CN2CCOCC2c2ncon2)cc1,2.661900000000001,CC(=CC=CCN1CCOCC1CCC(F)(F)F)c1ncon1,True,3.072400000000002,0.41050000000000075,0.352112676056338,False,True
1.0,bin,18,0.9854800075292588,0.83024001121521,1.1407200038433076,1828580,Cc1ccc(N2CC3OCC(=O)N(Cc4cccc(F)c4)C3C2)nn1,1.54032,O=C1COCCN(c2ccc(Cl)cc2Cl)CCN1c1cccnn1,True,2.653200000000001,1.112880000000001,0.19047619047619047,False,True
1.0,bin,18,0.9854800075292588,0.83024001121521,1.1407200038433076,1836183,CCc1ccc(C(=O)NCc2nccc(N(C)C)n2)cc1,2.035,CCCCOc1ccc(C(=O)NCc2nccc(CC)n2)cc1,True,3.1479000000000017,1.1129000000000016,0.5185185185185185,False,True
1.0,bin,18,0.9854800075292588,0.83024001121521,1.1407200038433076,1842499,COc1ccccc1COc1ccccc1-c1cnn(CCO)c1,3.1300000000000017,Cc1ccccc1COc1ccccc1-c1cnn(CC(F)F)c1,True,4.702620000000003,1.5726200000000015,0.5636363636363636,False,True
1.0,bin,18,0.9854800075292588,0.83024001121521,1.1407200038433076,1865564,COC(CNC(=O)c1ccoc1)c1cccc(F)c1,2.536200000000001,COC(CNC(=O)c1ccoc1)c1ccc(C(C)(C)C)cc1,True,3.694600000000003,1.158400000000002,0.6226415094339622,False,True
1.0,bin,18,0.9854800075292588,0.83024001121521,1.1407200038433076,1868773,CCCOc1ccc(Cl)c2c1CCNC2C1CC(=O)C1,3.2947000000000015,CC(C)Oc1cc2c(c(Cl)c1Cl)CCNC21CCC(=O)C1,True,3.8746000000000027,0.5799000000000012,0.22535211267605634,False,True
1.0,bin,18,0.9854800075292588,0.83024001121521,1.1407200038433076,1873123,CCC1OC(=O)c2c(OC)ccc(Br)c21,3.079200000000002,CCC1OC(=O)c2c(Cl)c(Br)cc(OC)c21,True,3.7326000000000024,0.6534000000000004,0.627906976744186,False,True
1.0,bin,18,0.9854800075292588,0.83024001121521,1.1407200038433076,1875028,Cc1cccc(C)c1NCC(=O)N1CCCC2CCCCC21,3.8965400000000034,CC(C)(C)c1cccc(NCC(=O)N2CCCC3CCCCC32)c1,True,4.577200000000004,0.6806600000000005,0.6153846153846154,False,True
1.0,bin,18,0.9854800075292588,0.83024001121521,1.1407200038433076,1895921,CCC(CC)N(C)C(=O)CC1OC(=O)c2ccccc21,2.935200000000002,CC(C)CCN(CC(C)C)C(=O)C1OC(=O)c2ccccc21,True,3.4288000000000025,0.4936000000000007,0.4,False,True
1.0,bin,18,0.9854800075292588,0.83024001121521,1.1407200038433076,1907077,Cc1ccc2[nH]nc(C(=O)Nc3nc(-c4ccco4)cs3)c2c1,3.8401200000000015,Cc1sc(NC(=O)c2n[nH]c3ccc(Cl)cc23)nc1-c1ccco1,True,4.493520000000002,0.6534000000000004,0.5909090909090909,False,True
1.0,bin,18,0.9854800075292588,0.83024001121521,1.1407200038433076,1913063,Cc1nn(C)c(C)c1CN(C(=O)c1cn2cccc(C)c2n1)C1CC1,2.797860000000001,CCNN=C(C)C1=CC1N(C(=O)c1cn2ccc(C)cc2n1)C1CC1,True,2.5413200000000007,-0.2565400000000002,0.2976190476190476,False,True
1.0,bin,18,0.9854800075292588,0.83024001121521,1.1407200038433076,1922265,CN(CCNC(=O)c1ccc2c(c1)ncn2C)c1ccccc1,2.4395000000000007,C=c1ncn(C)c1=CCN(C)CCNC(=O)c1ccccc1Cl,True,0.6261000000000001,-1.8134000000000006,0.36619718309859156,False,True
1.0,bin,19,1.2959600001573564,1.1407200038433076,inf,32052,COc1ccccc1CNC(=O)Cc1c[nH]c2ccccc12,3.035400000000001,O=C(Cc1c[nH]c2ccccc12)NCc1ccccc1C(F)(F)F,True,4.045600000000002,1.010200000000001,0.6326530612244898,False,True
1.0,bin,19,1.2959600001573564,1.1407200038433076,inf,116747,COCCSc1ccccc1C(=O)Nc1cccc(C)n1,3.3808200000000017,Cc1cccc(NC(=O)c2cc(Cl)ccc2SCC(F)F)n1,True,4.652920000000002,1.2721,0.5084745762711864,False,True
1.0,bin,19,1.2959600001573564,1.1407200038433076,inf,131060,CS(=O)(=O)NCCc1csc(-c2ccc(F)cc2)n1,2.0408999999999997,CC(C)OCC(=O)NCCc1csc(-c2ccc(F)cc2)n1,True,3.0329000000000015,0.9920000000000018,0.5555555555555556,False,True
1.0,bin,19,1.2959600001573564,1.1407200038433076,inf,131949,CCc1c(C)nc(SCC(=O)NC(C)C)[nH]c1=O,1.25742,CCN=C(CNC(=O)CC(C)C)SCC(=O)NC(C)C(C)C,True,2.4609999999999994,1.2035799999999994,0.24193548387096775,False,True
1.0,bin,19,1.2959600001573564,1.1407200038433076,inf,158879,COc1ccc(CC(=O)OCC(=O)c2c[nH]c3ccccc23)cc1,3.145100000000001,Cc1ccccc1C(C)(C)C(=O)OCC(=O)c1c[nH]c2ccccc12,True,4.1800200000000025,1.0349200000000014,0.5087719298245614,False,True
1.0,bin,19,1.2959600001573564,1.1407200038433076,inf,232056,COCCNC(=O)c1cc(=O)c2cc(C)ccc2o1,1.4776199999999993,CCOc1ccc2oc(C(=O)N(CC)C(C)C)cc(=O)c2c1,True,3.0622000000000016,1.5845800000000023,0.4067796610169492,False,True
1.0,bin,19,1.2959600001573564,1.1407200038433076,inf,235788,O=C(Cn1nc(-c2ccco2)oc1=O)NCC(F)(F)F,0.7747999999999999,CC(C)(C)CC(C)(C)NC(=O)Cn1nc(-c2ccco2)oc1=O,True,2.4273000000000007,1.6525000000000007,0.6363636363636364,False,True
1.0,bin,19,1.2959600001573564,1.1407200038433076,inf,236081,CC(=O)c1c(C)[nH]c(C(=O)CSc2nc(C(C)C)n[nH]2)c1C,3.0506400000000014,CC(=O)c1c(C)[nH]c(C(=O)CSc2nc(C(C)(C)C)n[nH]2)c1C,True,3.2247400000000015,0.17410000000000014,0.6862745098039216,False,True
1.0,bin,19,1.2959600001573564,1.1407200038433076,inf,281081,O=C(Cn1cccn1)NCc1cccnc1Oc1ccc(F)cc1F,2.665000000000001,Cc1ccc(C)c(Oc2ncccc2CNC(=O)C(C)n2cccn2)c1,True,3.5646400000000016,0.8996400000000007,0.4583333333333333,False,True
1.0,bin,19,1.2959600001573564,1.1407200038433076,inf,284170,COc1ccc(-c2nc(CC(=O)Nc3cccc(C)n3)cs2)cc1,3.7033200000000024,CCc1cccnc1NC(=O)CC1=C[SH](C)C(C2=CC=C(C)C2)=N1,True,4.133500000000003,0.4301800000000009,0.2222222222222222,False,True
1.0,bin,19,1.2959600001573564,1.1407200038433076,inf,288369,Cc1ccc(NCc2nnc3n2CCCCC3)cc1C,3.2334400000000016,Cc1cc(Cl)c(Cl)cc1NCc1nnc2n1CCCCC2,True,4.2318200000000035,0.9983800000000018,0.62,False,True
1.0,bin,19,1.2959600001573564,1.1407200038433076,inf,302889,COc1ccc(OC)c(NC(=O)CCNC(=O)c2cccs2)c1,2.5239000000000003,CC(C)c1ccc(NC(=O)CCNC(=O)c2cccs2)cc1Cl,True,4.283500000000003,1.7596000000000025,0.5,False,True
1.0,bin,19,1.2959600001573564,1.1407200038433076,inf,327141,COc1ccc(OC)c(S(=O)(=O)Nc2ccn(C)n2)c1,1.2381,Cc1c(Cl)cc(Cl)cc1S(=O)(=O)Nc1ccn(C)n1,True,2.83612,1.5980200000000002,0.5098039215686274,False,True
1.0,bin,19,1.2959600001573564,1.1407200038433076,inf,327382,CNC(=O)C1CN(C(=O)c2c(C)noc2C)c2ccccc2O1,1.4452399999999996,Cc1noc(C(C)C)c1C(=O)N1CC(C)Oc2ccccc21,True,3.5341200000000024,2.0888800000000027,0.5423728813559322,False,True
1.0,bin,19,1.2959600001573564,1.1407200038433076,inf,406491,COCCNC(=O)C1CCCN(S(=O)(=O)N2CCOCC2)C1,-0.9619999999999964,CCN(CC)C(=O)C1CCCN(S(=O)(=O)N2CCOCC2)C1,True,0.14380000000000193,1.1057999999999983,0.5660377358490566,False,True
1.0,bin,19,1.2959600001573564,1.1407200038433076,inf,413951,O=C(Cn1ncn2cccc2c1=O)N1CCCCCC1,0.8985999999999996,Cc1nn(CC(=O)NC2(C)CCC(C)CC2C)c(=O)c2cccn12,True,2.135419999999999,1.2368199999999994,0.2777777777777778,False,True
1.0,bin,19,1.2959600001573564,1.1407200038433076,inf,427929,CCNc1nc(NCc2ccccc2Cl)c2cnn(C)c2n1,3.060600000000001,CCCCNc1nc(NCc2ccccc2)c2cnn(CC)c2n1,True,3.670300000000003,0.6097000000000019,0.43548387096774194,False,True
1.0,bin,19,1.2959600001573564,1.1407200038433076,inf,447130,CCC(NC(=O)C1CCN(C(=O)C2CC2)CC1)c1ccc(C)cc1,3.2109200000000016,Cc1ccc(C(C)C)cc1C(C)NC(=O)C1CCN(C(=O)C2CC2)CC1,True,3.944220000000003,0.7333000000000016,0.5454545454545454,False,True
1.0,bin,19,1.2959600001573564,1.1407200038433076,inf,481908,CCNS(=O)(=O)c1ccc(C)c(C(=O)Nc2ncccc2C)c1,2.24894,Cc1ccc(C(=O)Nc2ncccc2C)cc1Br,True,3.7132400000000025,1.4643000000000024,0.48148148148148145,False,True
1.0,bin,19,1.2959600001573564,1.1407200038433076,inf,485220,Cc1nn(CC(=O)N2CCN(C)CC2)c(C)c1Br,1.03644,Cc1nn(CC(=O)N2CCN(C(C)(C)C)CC2)c(C)c1Br,True,2.20514,1.1687,0.7317073170731707,False,True
1.0,bin,19,1.2959600001573564,1.1407200038433076,inf,526363,Cc1nnc(SCC(=O)Nc2ccc(O)cc2)n(N)c1=O,0.09692,CCCNC(C)=NN=C(SCC(=O)Nc1ccccc1)N(C=O)CC,True,2.5256000000000007,2.428680000000001,0.22972972972972974,False,True
1.0,bin,19,1.2959600001573564,1.1407200038433076,inf,536853,COc1ccc(C2CCCN2C(=O)C2CCC2)c(OC)c1,3.1674000000000015,O=C(C1CCC1)N1CCCC1c1ccc(Cl)c(Cl)c1,True,4.457000000000004,1.2896000000000027,0.4807692307692308,False,True
1.0,bin,19,1.2959600001573564,1.1407200038433076,inf,540312,Cc1nn(C)c2nc(C3CC3)cc(C(=O)NCC(=O)NC(C)(C)C)c12,1.7986199999999997,CCN(CCC#N)C(=O)c1cc(C2CC2)nc2c1c(C)nn2C(C)C,True,3.573800000000003,1.7751800000000033,0.4,False,True
1.0,bin,19,1.2959600001573564,1.1407200038433076,inf,544381,Cc1nc(N2CCCC(C(=O)NC(C)C)C2)c2c(C)c(C)oc2n1,2.8890600000000006,CC1=NC(N2CCCC(C(C)C)C2)=CC(C)=C(C)OC(C)=NC=N1,True,4.385000000000004,1.4959400000000036,0.21794871794871795,False,True
1.0,bin,19,1.2959600001573564,1.1407200038433076,inf,544382,CCCNC(=O)C1CCCN(c2nc(C)nc3oc(C)c(C)c23)C1,2.8906600000000013,CC=C(CC)c1c(N=CN=CN2CCCC(OCC)C2)oc(C)c1C,True,4.8987400000000045,2.008080000000003,0.23809523809523808,False,True
1.0,bin,19,1.2959600001573564,1.1407200038433076,inf,550049,Cc1ccc(C)c(OCC(=O)Nc2cccc(-n3cnnc3)c2)c1,2.9016400000000013,CC1=CC=C(C)C(C)OCC(=O)Nc2cccc(-n3cnnc3)c2C=C1,True,3.530300000000002,0.6286600000000009,0.1875,False,True
1.0,bin,19,1.2959600001573564,1.1407200038433076,inf,573533,Cc1nn(-c2ncc(C(F)(F)F)cc2Cl)c(=O)o1,2.2011199999999995,CC(C)(C)c1nn(-c2cc(C(F)(F)F)ccn2)c(=O)o1,True,2.5368000000000004,0.33568000000000087,0.38181818181818183,False,True
1.0,bin,19,1.2959600001573564,1.1407200038433076,inf,582555,O=C(NCC(O)c1ccccc1)c1ccc2c(=O)n3c(nc2c1)CCC3,1.8061000000000003,O=C(NCCc1ccc(Cl)cc1)c1ccc2c(=O)n3c(nc2c1)CCC3,True,2.9686000000000012,1.162500000000001,0.6,False,True
1.0,bin,19,1.2959600001573564,1.1407200038433076,inf,588547,Cc1n[nH]c(C)c1NC(=O)CCc1ccc(Cl)cc1Cl,3.9046400000000023,Cc1n[nH]c(C)c1NC(=O)CC(C)c1ccc(Cl)c(Cl)c1Cl,True,5.119040000000003,1.2144000000000004,0.49122807017543857,False,True
1.0,bin,19,1.2959600001573564,1.1407200038433076,inf,607673,CCCN(CC1CC1)S(=O)(=O)c1ccccc1F,2.636400000000001,CCCN(CC1CC1)S(=O)(=O)c1cc(Cl)ccc1Cl,True,3.8041000000000027,1.1677000000000017,0.574468085106383,False,True
1.0,bin,19,1.2959600001573564,1.1407200038433076,inf,617681,Cc1cc(C(=O)Nc2nc(-c3ccncc3)cs2)nn1C(C)C,3.5432200000000016,Cc1cc(C(=O)Nc2nc(-c3ccncc3)cs2)nn1CCC(C)C,True,4.008420000000003,0.46520000000000117,0.7017543859649122,False,True
1.0,bin,19,1.2959600001573564,1.1407200038433076,inf,650267,COc1ccc2oc(C(=O)NC3CCCCNC3=O)c(C)c2c1,2.14832,CC1=C(C(=O)N2CCCCC2c2cccc(C)c2)COC1=O,True,2.921920000000002,0.7736000000000018,0.20253164556962025,False,True
1.0,bin,19,1.2959600001573564,1.1407200038433076,inf,668639,Cc1cc(NC(=O)c2ccccc2Cl)ncc1N,2.8779200000000005,Cc1cc(C)cc(C(=O)Nc2cc(Br)c(Cl)cn2)c1,True,4.366640000000003,1.4887200000000025,0.43137254901960786,False,True
1.0,bin,19,1.2959600001573564,1.1407200038433076,inf,673160,CCC(=O)Nc1ccc2oc(C(F)(F)F)cc(=O)c2c1,3.160300000000001,CC(C)(C)CC(=O)Nc1ccc2oc(C(F)(F)F)cc(=O)c2c1,True,4.186500000000003,1.026200000000002,0.782608695652174,False,True
1.0,bin,19,1.2959600001573564,1.1407200038433076,inf,711169,Cc1cccc(C(C)C)c1NC(=O)N(C)Cc1ccncc1,4.177320000000003,CC(C)CN(Cc1ccncc1)C(=O)Nc1c(Cl)cccc1C(C)C,True,5.548500000000004,1.3711800000000016,0.5714285714285714,False,True
1.0,bin,19,1.2959600001573564,1.1407200038433076,inf,720969,Cc1noc(C)c1CCC(=O)OCC(=O)N1c2ccccc2CC1C,2.7450400000000013,Cc1noc(C)c1CCC(=O)OC(C)C(=O)N1c2ccccc2CC1C,True,3.1335400000000018,0.3885000000000005,0.7096774193548387,False,True
1.0,bin,19,1.2959600001573564,1.1407200038433076,inf,730789,COC(=O)C1CCN(C(=O)c2cc3ccc(F)cc3nc2C)CC1,2.7075200000000006,COCCC1CCCCN1C(=O)c1cc2cc(F)c(F)cc2nc1C,True,3.8526200000000035,1.145100000000003,0.4117647058823529,False,True
1.0,bin,19,1.2959600001573564,1.1407200038433076,inf,738178,Cc1ccc(-n2ccnc2SCc2nc(C3CC3)no2)cc1C,4.041840000000003,CC(C)(C)c1ccccc1-n1ccnc1SCc1nc(C2CC2)no1,True,4.722500000000005,0.6806600000000014,0.6166666666666667,False,True
1.0,bin,19,1.2959600001573564,1.1407200038433076,inf,771897,COc1ccccc1OCC(=O)N(C)Cc1sccc1C,3.102520000000002,Cc1ccsc1CN(C)C(=O)COc1ccccc1C(F)(F)F,True,4.112720000000003,1.010200000000001,0.72,False,True
1.0,bin,19,1.2959600001573564,1.1407200038433076,inf,811446,COC(=O)C1(NC(=O)c2cc(Br)c[nH]2)CCCCCC1,2.7730000000000006,O=C(F)NC(C(F)F)C1CCCCCC1,True,3.2696000000000023,0.4966000000000017,0.125,False,True
1.0,bin,19,1.2959600001573564,1.1407200038433076,inf,848291,CCC(C)NC(=O)NCc1noc(-c2cccs2)n1,2.3958000000000004,CC(C)CCN(CC(C)C)C(=O)NCc1noc(-c2cccs2)n1,True,4.011800000000003,1.6160000000000023,0.6,False,True
1.0,bin,19,1.2959600001573564,1.1407200038433076,inf,863440,COc1ccc(-c2nc(CCCO)cs2)cc1OC,2.752200000000001,Cc1ccc(-c2nc(CCO)cs2)cc1Br,True,3.415820000000002,0.6636200000000008,0.5102040816326531,False,True
1.0,bin,19,1.2959600001573564,1.1407200038433076,inf,864663,N#Cc1ccc(-c2cc(F)ccc2F)nc1N1CCCC1,3.498680000000002,N#Cc1ccc(-c2ccc(Cl)cc2Cl)nc1N1CCCC1,True,4.527280000000002,1.0286,0.6382978723404256,False,True
1.0,bin,19,1.2959600001573564,1.1407200038433076,inf,872100,CCc1cccc(C)c1NCC(O)c1ccc2c(c1)OCCO2,3.474120000000002,OC(F)CNc1ccccc1C(F)F,True,2.324,-1.150120000000002,0.1864406779661017,False,True
1.0,bin,19,1.2959600001573564,1.1407200038433076,inf,886334,COc1ccc(C(=O)N2CCCC(C(=O)N3CCCCC3)C2)c(O)c1,2.2655000000000003,O=C(c1c(Cl)cccc1Cl)N1CCCC(C(=O)N2CCCCC2)C1,True,3.858100000000002,1.5926000000000018,0.5,False,True
1.0,bin,19,1.2959600001573564,1.1407200038433076,inf,887387,COCCNC(=O)N(Cc1cccc(F)c1)CC1CCCO1,2.1627,CCCCNC(=O)N(Cc1ccc(C)cc1)CC1CCCO1,True,3.4857200000000024,1.3230200000000023,0.546875,False,True
1.0,bin,19,1.2959600001573564,1.1407200038433076,inf,889149,N#Cc1ccc(NC(=O)c2ccc(Br)cc2Cl)nc1,3.621480000000001,CCCCCc1ccc(C(=O)Nc2ccc(Cl)cn2)cc1,True,4.720000000000004,1.0985200000000033,0.3064516129032258,False,True
1.0,bin,19,1.2959600001573564,1.1407200038433076,inf,913483,O=C(CNC(=O)NCCc1c(Cl)cccc1Cl)NC1CC1,2.1137000000000006,O=C(CNC(=O)NCCc1cc(C(F)(F)F)ccc1Cl)NC1CC1,True,2.4791000000000007,0.36540000000000017,0.5849056603773585,False,True
1.0,bin,19,1.2959600001573564,1.1407200038433076,inf,917620,C=CCN(Cc1ccccc1OC)C(=O)c1csc(C)n1,3.288520000000002,CC=NC(F)C(=O)N(C)Cc1ccc(Cl)cc1C(F)F,True,3.6223000000000027,0.33378000000000085,0.15789473684210525,False,True
1.0,bin,19,1.2959600001573564,1.1407200038433076,inf,918312,CCOc1ccc(Cl)c(C(=O)N2CCN(c3ncccn3)CC2)n1,1.8860999999999997,CCCCCc1ccc(C(=O)N2CCN(c3ncccn3)CC2)nc1,True,2.566700000000001,0.6806000000000012,0.4426229508196721,False,True
1.0,bin,19,1.2959600001573564,1.1407200038433076,inf,922879,CC(=O)c1ccc(N2CCN(Cc3c(F)cccc3F)CC2)cc1,3.489600000000003,C=C1CN(Cc2c(F)cccc2Cl)CCN1CC=CC=CC(F)(F)F,True,4.7851000000000035,1.2955000000000005,0.2878787878787879,False,True
1.0,bin,19,1.2959600001573564,1.1407200038433076,inf,927535,COc1cc(CN2CCN(c3ccccc3F)CC2)ccc1O,2.862100000000002,Fc1ccccc1CN1CCN(c2cc(Cl)ccc2F)CC1,True,3.940400000000003,1.078300000000001,0.42592592592592593,False,True
1.0,bin,19,1.2959600001573564,1.1407200038433076,inf,927567,Cc1ccccc1N1CCN(Cc2cccc(O)c2)CC1,3.022820000000001,Cc1cccc(CN2CCN(c3ccc(Br)cc3)CC2)c1,True,4.079720000000003,1.0569000000000015,0.4489795918367347,False,True
1.0,bin,19,1.2959600001573564,1.1407200038433076,inf,938108,CC(c1ccccc1)N(C)C(=O)CCC(=O)Nc1nccs1,3.0814000000000012,Cc1csc(NC(=O)CCC(=O)N(c2ccccc2)C(C)C)n1,True,3.6118200000000025,0.5304200000000012,0.4426229508196721,False,True
1.0,bin,19,1.2959600001573564,1.1407200038433076,inf,943303,CN(CCCOc1ccccc1)C(=O)Nc1cccc2c1OCCO2,3.390600000000002,CC(C)(C)c1ccc(OCCCNC(=O)Nc2cccc3c2OCCO3)cc1,True,4.345900000000003,0.9553000000000011,0.5396825396825397,False,True
1.0,bin,19,1.2959600001573564,1.1407200038433076,inf,946289,CC(NC(=O)C1(c2cc(-c3ccco3)on2)CC1)c1ccccc1,3.843600000000002,CCN1CCC(c2ccc(Cl)cc2)C(Cc2[nH]oc2-c2ccco2)=N1,True,4.929000000000004,1.0854000000000017,0.17857142857142858,False,True
1.0,bin,19,1.2959600001573564,1.1407200038433076,inf,994077,Cc1nnc(Cn2c(-c3cccc(Br)c3)noc2=O)o1,2.0055199999999997,CCCCSc1nnc(Cn2c(-c3cccc(Cl)c3)noc2=O)o1,True,3.4802000000000026,1.4746800000000029,0.5238095238095238,False,True
1.0,bin,19,1.2959600001573564,1.1407200038433076,inf,1065620,O=C(NCc1cccnc1Oc1ccccc1)c1cccnc1,3.198900000000002,O=C(NCc1ccncc1Oc1ccc(Cl)cc1)c1ccc(Cl)nc1,True,4.505700000000003,1.3068000000000008,0.4426229508196721,False,True
1.0,bin,19,1.2959600001573564,1.1407200038433076,inf,1093926,CN(C(=O)CNc1cccc(OCC2CCCO2)c1)c1ccccc1,3.319300000000002,CC(C)(C)N(C(=O)CNc1cccc(OCC2CCCO2)c1)c1ccccc1,True,4.488000000000004,1.168700000000002,0.7833333333333333,False,True
1.0,bin,19,1.2959600001573564,1.1407200038433076,inf,1107920,CCc1ccc(-n2cc(C(=O)NC(C)c3ccccc3)nn2)cc1,3.320700000000002,CC(NC(=O)c1cn(-c2ccc(Cl)c(Cl)c2)nn1)c1ccccc1,True,4.065100000000002,0.7443999999999997,0.6792452830188679,False,True
1.0,bin,19,1.2959600001573564,1.1407200038433076,inf,1113130,CC(NC(=O)Cn1nnnc1C(C)(C)C)c1cccc2ccccc12,3.0012000000000016,CC(NC(=O)Cn1nnnc1C(C)(C)C)c1cccc2ccccc12,True,3.0012000000000016,0.0,1.0,True,False
1.0,bin,19,1.2959600001573564,1.1407200038433076,inf,1121751,COC(=O)Cn1ccc(NS(=O)(=O)c2ccc(F)c(F)c2F)n1,1.2742,CCCn1ccc(NS(=O)(=O)c2ccc(SC)c(OC)c2)n1,True,2.8244000000000007,1.5502000000000007,0.3582089552238806,False,True
1.0,bin,19,1.2959600001573564,1.1407200038433076,inf,1142531,CCOC(C)C(=O)NCCc1csc(-c2ccc(C)cc2)n1,3.2022200000000014,Cc1ccc(-c2nc(CC(=O)OCC(C)C)cs2)cc1,True,3.8602200000000026,0.6580000000000013,0.5087719298245614,False,True
1.0,bin,19,1.2959600001573564,1.1407200038433076,inf,1212157,CN(Cc1ccc(F)c(F)c1)C(=O)c1cncc(-c2cnn(C)c2)c1,3.0325000000000015,CC(c1cccc(Cl)c1)N(C)C(=O)c1cncc(-c2cnn(C)c2)c1,True,3.968700000000003,0.9362000000000013,0.5076923076923077,False,True
1.0,bin,19,1.2959600001573564,1.1407200038433076,inf,1215394,CCn1nc(C)cc1C(=O)Oc1cccc(NC(=O)C(C)C)c1,3.025120000000001,CCn1nc(C)cc1C(=O)Oc1ccc(C(C)C)c(Cl)c1,True,4.2074200000000035,1.1823000000000023,0.5689655172413793,False,True
1.0,bin,19,1.2959600001573564,1.1407200038433076,inf,1232922,CC(C)(C)OC(=O)NC1CCCN(S(=O)(=O)N2CCOCC2)C1,0.5525000000000011,CC1CC(N(C)S(=O)(=O)N2CCCC(NC(=O)C(C)C)C2)CCO1,True,0.9671000000000014,0.4146000000000003,0.36363636363636365,False,True
1.0,bin,19,1.2959600001573564,1.1407200038433076,inf,1238973,FC(F)(F)c1cnc(N2CCn3c(nnc3C3CC3)C2)c(Cl)c1,3.2429000000000023,CC(C)(C)Cc1ccc(N2CCn3c(nnc3C(F)(F)F)C2)nc1,True,3.3007000000000017,0.05779999999999941,0.3283582089552239,False,True
1.0,bin,19,1.2959600001573564,1.1407200038433076,inf,1299495,Cc1cc(CC(=O)N2CCCC2C(C#N)c2ccccc2)no1,2.823900000000001,CCC1(C)CCCN(C(=O)Cc2cc(C)on2)c2ccccc21,True,4.020220000000004,1.1963200000000027,0.4084507042253521,False,True
1.0,bin,19,1.2959600001573564,1.1407200038433076,inf,1309906,CC(C)CC(NC(=O)c1cc(=O)c2ccccc2o1)C(=O)OC(C)C,2.8891000000000018,CCCCC(CC)CNC(=O)c1cc(=O)c2ccccc2o1,True,3.739200000000002,0.8501000000000003,0.47540983606557374,False,True
1.0,bin,19,1.2959600001573564,1.1407200038433076,inf,1362816,COCc1cccc(C(=O)NC2CC2c2cccc(Cl)c2)c1,3.772300000000002,O=C(NC1CC1c1cccc(Cl)c1)c1cccc(C(F)(F)F)c1,True,4.644700000000002,0.8723999999999998,0.6181818181818182,False,True
1.0,bin,19,1.2959600001573564,1.1407200038433076,inf,1441838,COCC(=O)NC(C(=O)Nc1cccc(-c2nccs2)c1)C(C)C,2.5358,CC(C)CN(CC(C)C)C(=O)Nc1cccc(-c2nccs2)c1,True,4.956000000000005,2.420200000000005,0.5573770491803278,False,True
1.0,bin,19,1.2959600001573564,1.1407200038433076,inf,1450449,CCCNC(=O)CSc1nc2c(cc1C#N)CCCC2,2.450380000000001,CCCCN(C)C(=O)CSc1ncc(CC)cc1C#N,True,2.8662800000000015,0.4159000000000006,0.3382352941176471,False,True
1.0,bin,19,1.2959600001573564,1.1407200038433076,inf,1451910,O=S(=O)(NCc1nnc2ccccn12)c1ccc(F)c(F)c1,1.4859999999999995,O=S(=O)(NCc1nnc2ccccn12)c1ccc(Cl)cc1Cl,True,2.5146000000000006,1.028600000000001,0.6037735849056604,False,True
1.0,bin,19,1.2959600001573564,1.1407200038433076,inf,1479798,Cc1nc(C)c(CCC(=O)N(CC(C)C)CC(F)(F)F)c(=O)[nH]1,2.3662400000000003,CC=NC(C)=C1CC(=O)NC1CC(=O)N(C)C(C)CC(C)(C)CC,True,3.302900000000002,0.9366600000000016,0.1875,False,True
1.0,bin,19,1.2959600001573564,1.1407200038433076,inf,1507926,COC(=O)C(C)NC(=O)Cc1csc(-c2ccccc2Cl)n1,2.6837,Cc1ccccc1-c1nc(CC(=O)NC(C)C(C)C)cs1,True,3.8217200000000027,1.1380200000000027,0.5636363636363636,False,True
1.0,bin,19,1.2959600001573564,1.1407200038433076,inf,1527882,Nc1ncccc1C(=O)Nc1ccc2cn[nH]c2c1,1.7923999999999998,Nc1nc2ccc(NC(=O)c3cccnc3Br)cc2[nH]1,True,2.5549,0.7625000000000002,0.5087719298245614,False,True
1.0,bin,19,1.2959600001573564,1.1407200038433076,inf,1532848,COc1ccc(-c2ccc3c(=O)[nH]cnc3c2)cc1Cl,3.2521000000000013,O=CNC=Nc1cccc(-c2ccc(Br)cc2)c1,True,3.5219000000000023,0.26980000000000093,0.14516129032258066,False,True
1.0,bin,19,1.2959600001573564,1.1407200038433076,inf,1548351,COc1cc(OC)c2c(c1)C(c1cnccn1)NCC2,1.7288999999999999,Clc1cc2c(cc1Cl)C(c1cnccn1)NCC2,True,3.0185000000000013,1.2896000000000014,0.49019607843137253,False,False
1.0,bin,19,1.2959600001573564,1.1407200038433076,inf,1570134,COc1cccc(C(C)N2CCN(C(=O)c3ccc(O)cc3)CC2)c1,2.9198000000000013,C=C(C=CC=CC)C(=O)N1CCN(C(C)c2ccc(O)c(Cl)c2)CC1,True,3.939300000000003,1.0195000000000016,0.3382352941176471,False,True
1.0,bin,19,1.2959600001573564,1.1407200038433076,inf,1611406,CC(C)(C)N1CC(NC(=O)C2COc3ccc(F)cc3C2)CC1=O,1.8923999999999994,CCN1CC(NC(=O)C2COc3ccc(C(C)(C)C)cc3C2)CC1=O,True,2.2721999999999998,0.37980000000000036,0.59375,False,True
1.0,bin,19,1.2959600001573564,1.1407200038433076,inf,1612684,CCCC1CN(C(=O)Nc2ccn(CCC(C)C)n2)CCO1,2.9620000000000015,CCCCC1CN(C(=O)Nc2ccn(C(C)(C)C)n2)CC(C)O1,True,3.4495000000000022,0.4875000000000007,0.4225352112676056,False,True
1.0,bin,19,1.2959600001573564,1.1407200038433076,inf,1639675,CCC(CC)c1nnc(NC(=O)c2scnc2C2CC2)s1,4.0279000000000025,CC(C)C1C(NC(=O)c2scnc2C2CC2)=NN=C1C(C)(C)C,True,3.836700000000003,-0.19119999999999937,0.48333333333333334,False,True
1.0,bin,19,1.2959600001573564,1.1407200038433076,inf,1675660,COc1ccnc(NC(=O)c2cccc(Cl)c2)c1,2.9959000000000007,CCCN(CC)c1ccc(C(=O)Nc2cc(OC)ccn2)cc1,True,3.578800000000002,0.5829000000000013,0.5272727272727272,False,True
1.0,bin,19,1.2959600001573564,1.1407200038433076,inf,1689728,CCc1noc(CSc2ncnc3sc(C)cc23)n1,3.237420000000002,CCc1cc2c(SCc3nc(C(C)(C)C)no3)ncnc2s1,True,4.226500000000003,0.9890800000000013,0.6,False,True
1.0,bin,19,1.2959600001573564,1.1407200038433076,inf,1720876,CC(C)(C)CC(=O)NCC(=O)Nc1ccc2c(c1)COC2,2.2077,CC(CCOc1ccc2c(c1)COC2)NC(=O)C(C)(C)C,True,3.036500000000002,0.828800000000002,0.36666666666666664,False,True
1.0,bin,19,1.2959600001573564,1.1407200038433076,inf,1757109,CC(C)Cc1ncc(CNc2ccc3c(c2)COC3)s1,3.983900000000003,CC(C)c1ncc(CNc2c(Cl)cc3cc2C(C)(C)O3)s1,True,5.159500000000004,1.175600000000001,0.30303030303030304,False,True
1.0,bin,19,1.2959600001573564,1.1407200038433076,inf,1774061,O=C1NCCCc2[nH]c(-c3cccc4[nH]ccc34)nc21,2.234,O=CNC1CCCNC1=CC(Cl)=Cc1ccnc2[nH]ccc12,True,2.5244999999999997,0.29049999999999976,0.2077922077922078,False,True
1.0,bin,19,1.2959600001573564,1.1407200038433076,inf,1800687,Cc1nn(C)c(-c2nc(-c3cccnn3)no2)c1Cl,1.8889199999999997,CC(C)c1nn(C)c(-c2nc(-c3ccc(Cl)nn3)no2)c1Cl,True,3.357300000000002,1.4683800000000025,0.509090909090909,False,True
1.0,bin,19,1.2959600001573564,1.1407200038433076,inf,1815867,FC(F)(F)c1ccc(CN2CCOCC2c2ncon2)cc1,2.661900000000001,CC(C)(C)CC=CC=C(F)CN1CCOCC1c1ncon1,True,3.288700000000002,0.6268000000000011,0.49206349206349204,False,True
1.0,bin,19,1.2959600001573564,1.1407200038433076,inf,1828580,Cc1ccc(N2CC3OCC(=O)N(Cc4cccc(F)c4)C3C2)nn1,1.54032,Cc1cccc(CN2C(=O)COC3C(Nc4ccc(C)nn4)CC32)c1,True,2.07384,0.5335200000000002,0.4722222222222222,False,True
1.0,bin,19,1.2959600001573564,1.1407200038433076,inf,1836183,CCc1ccc(C(=O)NCc2nccc(N(C)C)n2)cc1,2.035,CCCOC=CC=C(C)C(=O)NCc1nccc(CC(C)C)n1,True,3.177900000000002,1.1429000000000018,0.3,False,True
1.0,bin,19,1.2959600001573564,1.1407200038433076,inf,1842499,COc1ccccc1COc1ccccc1-c1cnn(CCO)c1,3.1300000000000017,CCn1cc(-c2ccccc2COc2cccc(F)c2)cn1,True,4.288100000000004,1.158100000000002,0.43333333333333335,False,True
1.0,bin,19,1.2959600001573564,1.1407200038433076,inf,1865564,COC(CNC(=O)c1ccoc1)c1cccc(F)c1,2.536200000000001,CC(CNC(=O)c1ccoc1)c1c(Cl)ccc(Cl)c1Cl,True,4.7733000000000025,2.2371000000000016,0.43103448275862066,False,True
1.0,bin,19,1.2959600001573564,1.1407200038433076,inf,1868773,CCCOc1ccc(Cl)c2c1CCNC2C1CC(=O)C1,3.2947000000000015,CCC1(c2cc(Cl)ccc2C(F)(F)F)CCC(=O)C1N,True,3.6968000000000023,0.4021000000000008,0.19444444444444445,False,True
1.0,bin,19,1.2959600001573564,1.1407200038433076,inf,1873123,CCC1OC(=O)c2c(OC)ccc(Br)c21,3.079200000000002,CCCC1OC(=O)c2c(Br)ccc(Cl)c21,True,4.114100000000002,1.0349000000000004,0.45652173913043476,False,True
1.0,bin,19,1.2959600001573564,1.1407200038433076,inf,1875028,Cc1cccc(C)c1NCC(=O)N1CCCC2CCCCC21,3.8965400000000034,O=C(CNc1ccc(Cl)cc1Br)NCCC1CCCCC1,True,4.6010000000000035,0.7044600000000001,0.24242424242424243,False,True
1.0,bin,19,1.2959600001573564,1.1407200038433076,inf,1895921,CCC(CC)N(C)C(=O)CC1OC(=O)c2ccccc21,2.935200000000002,CCCN(CC(C)C)C(=O)C1OC(=O)c2cc(Cl)ccc21,True,3.446100000000002,0.5109000000000004,0.296875,False,True
1.0,bin,19,1.2959600001573564,1.1407200038433076,inf,1907077,Cc1ccc2[nH]nc(C(=O)Nc3nc(-c4ccco4)cs3)c2c1,3.8401200000000015,CCC1c2ccccc2-c2cc(C(=O)Nc3nc(C)c(C)s3)nn21,True,4.188540000000003,0.34842000000000173,0.21428571428571427,False,True
1.0,bin,19,1.2959600001573564,1.1407200038433076,inf,1913063,Cc1nn(C)c(C)c1CN(C(=O)c1cn2cccc(C)c2n1)C1CC1,2.797860000000001,CCNN=C(C)C1=CC1N(C(=O)c1cn2cccc(C)c2n1)C1CC1,True,2.5413200000000007,-0.2565400000000002,0.47297297297297297,False,True
1.0,bin,19,1.2959600001573564,1.1407200038433076,inf,1922265,CN(CCNC(=O)c1ccc2c(c1)ncn2C)c1ccccc1,2.4395000000000007,CN(Cc1cccc(Cl)c1)C(C)(C)CNC(=O)c1ccc2[nH]cnc2c1,True,3.856700000000002,1.4172000000000011,0.3157894736842105,False,True
3.0,null,20,,,,32052,COc1ccccc1CNC(=O)Cc1c[nH]c2ccccc12,3.035400000000001,COc1ccc(CNC(=O)Cc2c[nH]c3ccc(C)cc23)c(OC)c1,True,3.352420000000002,0.3170200000000012,0.5818181818181818,False,True
3.0,null,20,,,,116747,COCCSc1ccccc1C(=O)Nc1cccc(C)n1,3.3808200000000017,Cc1cccc(NC(=O)c2ccccc2SCCC#N)n1,True,3.648100000000002,0.2672800000000004,0.72,False,True
3.0,null,20,,,,131060,CS(=O)(=O)NCCc1csc(-c2ccc(F)cc2)n1,2.0408999999999997,CCCC(=O)NCCc1csc(-c2ccccc2)n1,True,3.268900000000002,1.2280000000000024,0.4444444444444444,False,True
3.0,null,20,,,,131949,CCc1c(C)nc(SCC(=O)NC(C)C)[nH]c1=O,1.25742,COCC(C)(O)CSc1nc(C)c(C)c(=O)[nH]1,True,0.8762399999999999,-0.3811800000000001,0.35714285714285715,False,True
3.0,null,20,,,,158879,COc1ccc(CC(=O)OCC(=O)c2c[nH]c3ccccc23)cc1,3.145100000000001,O=C(Cc1c[nH]c2ccc(F)cc12)OCC(=O)c1ccccc1,True,3.2756000000000016,0.1305000000000005,0.4098360655737705,False,True
3.0,null,20,,,,232056,COCCNC(=O)c1cc(=O)c2cc(C)ccc2o1,1.4776199999999993,COC(=O)CNC(=O)c1cc(=O)c2ccc(C)cc2o1,True,1.0042199999999992,-0.47340000000000004,0.6,False,True
3.0,null,20,,,,235788,O=C(Cn1nc(-c2ccco2)oc1=O)NCC(F)(F)F,0.7747999999999999,CC(C)CN(C)C(=O)Cn1nc(-c2ccco2)oc1=O,True,1.2106999999999999,0.43589999999999995,0.543859649122807,False,True
3.0,null,20,,,,236081,CC(=O)c1c(C)[nH]c(C(=O)CSc2nc(C(C)C)n[nH]2)c1C,3.0506400000000014,COC(=O)c1c(C)[nH]c(C(=O)CSc2nc(C(C)(C)C)n[nH]2)c1C,True,2.8087400000000002,-0.24190000000000111,0.5344827586206896,False,True
3.0,null,20,,,,281081,O=C(Cn1cccn1)NCc1cccnc1Oc1ccc(F)cc1F,2.665000000000001,COc1ccccc1Oc1ncccc1CNC(=O)Cn1cccn1,True,2.3953999999999995,-0.2696000000000014,0.7241379310344828,False,True
3.0,null,20,,,,284170,COc1ccc(-c2nc(CC(=O)Nc3cccc(C)n3)cs2)cc1,3.7033200000000024,Cc1cccc(NC(=O)Cc2csc(-c3ccccc3)n2)n1,True,3.694720000000003,-0.008599999999999497,0.78,False,False
3.0,null,20,,,,288369,Cc1ccc(NCc2nnc3n2CCCCC3)cc1C,3.2334400000000016,Brc1cccc(NCc2nnc3n2CCCCC3)c1,True,3.379100000000002,0.14566000000000034,0.6530612244897959,False,True
3.0,null,20,,,,302889,COc1ccc(OC)c(NC(=O)CCNC(=O)c2cccs2)c1,2.5239000000000003,O=C(CCNC(=O)c1cccs1)Nc1ccc(OC(F)F)cc1,True,3.108100000000001,0.5842000000000009,0.5517241379310345,False,False
3.0,null,20,,,,327141,COc1ccc(OC)c(S(=O)(=O)Nc2ccn(C)n2)c1,1.2381,COc1ccc(F)cc1S(=O)(=O)Nc1cc[nH]n1,True,1.3581999999999999,0.12009999999999987,0.4528301886792453,False,True
3.0,null,20,,,,327382,CNC(=O)C1CN(C(=O)c2c(C)noc2C)c2ccccc2O1,1.4452399999999996,Cc1noc(C)c1C(=O)N1CC(C)Oc2ccccc21,True,2.7191400000000012,1.2739000000000016,0.7058823529411765,False,True
3.0,null,20,,,,406491,COCCNC(=O)C1CCCN(S(=O)(=O)N2CCOCC2)C1,-0.9619999999999964,CCCCNC(=O)C1CCCN(S(=O)(=O)N2CCOCC2)C1,True,0.19170000000000154,1.153699999999998,0.74,False,True
3.0,null,20,,,,413951,O=C(Cn1ncn2cccc2c1=O)N1CCCCCC1,0.8985999999999996,CC(C)c1nn(CC(=O)N2CCCCCC2)c(=O)c2cccn12,True,2.0220000000000002,1.1234000000000006,0.5660377358490566,False,True
3.0,null,20,,,,427929,CCNc1nc(NCc2ccccc2Cl)c2cnn(C)c2n1,3.060600000000001,Cc1nc(NCc2ccc(Cl)cc2)c2cnn(C)c2n1,True,2.937220000000001,-0.12338000000000005,0.48214285714285715,False,True
3.0,null,20,,,,447130,CCC(NC(=O)C1CCN(C(=O)C2CC2)CC1)c1ccc(C)cc1,3.2109200000000016,COc1ccccc1CNC(=O)C1CCN(C(=O)C2CC2)CC1,True,1.9599999999999993,-1.2509200000000023,0.43103448275862066,False,False
3.0,null,20,,,,481908,CCNS(=O)(=O)c1ccc(C)c(C(=O)Nc2ncccc2C)c1,2.24894,Cc1cccnc1NC(=O)c1ccc(Cl)cc1O,True,3.001320000000002,0.7523800000000018,0.4909090909090909,False,False
3.0,null,20,,,,485220,Cc1nn(CC(=O)N2CCN(C)CC2)c(C)c1Br,1.03644,Cc1nn(CC(=O)N2CCN(C)CC2)c(C)c1Br,True,1.03644,0.0,1.0,True,False
3.0,null,20,,,,526363,Cc1nnc(SCC(=O)Nc2ccc(O)cc2)n(N)c1=O,0.09692,CCCc1nnc(SCC(=O)Nc2ccc(C)cc2)n(C)c1=O,True,2.16702,2.0701,0.5263157894736842,False,True
3.0,null,20,,,,536853,COc1ccc(C2CCCN2C(=O)C2CCC2)c(OC)c1,3.1674000000000015,COC=CC=C(COC(F)F)C1CCCN1C(=O)C1CCC1C,True,3.3492000000000024,0.18180000000000085,0.21621621621621623,False,True
3.0,null,20,,,,540312,Cc1nn(C)c2nc(C3CC3)cc(C(=O)NCC(=O)NC(C)(C)C)c12,1.7986199999999997,Cc1cc(C(=O)N(C)CC(F)(F)F)cc(C2CC2)ncn(C)n1,True,2.759620000000001,0.9610000000000012,0.27631578947368424,False,True
3.0,null,20,,,,544381,Cc1nc(N2CCCC(C(=O)NC(C)C)C2)c2c(C)c(C)oc2n1,2.8890600000000006,CCOC=NC1=CC(C(F)(F)F)=NC=CC2CCCN1C2,True,3.135200000000002,0.24614000000000136,0.15476190476190477,False,True
3.0,null,20,,,,544382,CCCNC(=O)C1CCCN(c2nc(C)nc3oc(C)c(C)c23)C1,2.8906600000000013,CCOC(=O)C1CCN(c2nc(C)nc3oc(C)c(C)c23)CC1,True,2.9275600000000015,0.036900000000000155,0.5573770491803278,False,True
3.0,null,20,,,,550049,Cc1ccc(C)c(OCC(=O)Nc2cccc(-n3cnnc3)c2)c1,2.9016400000000013,O=C(COc1ccccc1Cl)Nc1cccc(-n2cnnc2)c1,True,2.9382,0.036559999999998816,0.6666666666666666,False,False
3.0,null,20,,,,573533,Cc1nn(-c2ncc(C(F)(F)F)cc2Cl)c(=O)o1,2.2011199999999995,CCC(C)(C)NC(=O)C=CN=C(CC=O)N1N=C(C)OC1C,True,1.804,-0.3971199999999995,0.11538461538461539,False,True
3.0,null,20,,,,582555,O=C(NCC(O)c1ccccc1)c1ccc2c(=O)n3c(nc2c1)CCC3,1.8061000000000003,O=C(NCC(O)c1ccccc1F)c1ccc2c(=O)n3c(nc2c1)CCC3,True,1.9452,0.13909999999999978,0.7704918032786885,False,True
3.0,null,20,,,,588547,Cc1n[nH]c(C)c1NC(=O)CCc1ccc(Cl)cc1Cl,3.9046400000000023,COc1ccc(CCC(=O)Nc2c(C)n[nH]c2C)cc1,True,2.60644,-1.2982000000000022,0.5471698113207547,False,False
3.0,null,20,,,,607673,CCCN(CC1CC1)S(=O)(=O)c1ccccc1F,2.636400000000001,COCCN(CC1CC1)S(=O)(=O)c1ccc(F)cc1,True,1.8728,-0.763600000000001,0.46,False,True
3.0,null,20,,,,617681,Cc1cc(C(=O)Nc2nc(-c3ccncc3)cs2)nn1C(C)C,3.5432200000000016,C#CCn1nc(C(=O)Nc2nc(-c3ccncc3)cs2)cc1C,True,2.5955200000000005,-0.9477000000000011,0.6551724137931034,False,True
3.0,null,20,,,,650267,COc1ccc2oc(C(=O)NC3CCCCNC3=O)c(C)c2c1,2.14832,CC=CCOC(=O)C(=O)NC1CCCCNC1,True,0.36399999999999993,-1.7843200000000001,0.2,False,True
3.0,null,20,,,,668639,Cc1cc(NC(=O)c2ccccc2Cl)ncc1N,2.8779200000000005,CC(=O)Nc1cc(NC(=O)c2cccc(C)c2)ncc1Cl,True,3.2541200000000012,0.37620000000000076,0.43636363636363634,False,True
3.0,null,20,,,,673160,CCC(=O)Nc1ccc2oc(C(F)(F)F)cc(=O)c2c1,3.160300000000001,CC(=O)NC1=CC(OCC(C)C)=C2C(=O)C=C(C(F)(F)F)OC12,True,2.3608000000000002,-0.799500000000001,0.2647058823529412,False,True
3.0,null,20,,,,711169,Cc1cccc(C(C)C)c1NC(=O)N(C)Cc1ccncc1,4.177320000000003,CCN(Cc1cccc(OCC(N)=O)c1)C(=O)NCc1ccncc1,True,1.6773999999999996,-2.499920000000003,0.3,False,True
3.0,null,20,,,,720969,Cc1noc(C)c1CCC(=O)OCC(=O)N1c2ccccc2CC1C,2.7450400000000013,Cc1noc(C)c1CCC(=O)OCC(=O)N1CCc2ccccc21,True,2.35654,-0.3885000000000014,0.6721311475409836,False,False
3.0,null,20,,,,730789,COC(=O)C1CCN(C(=O)c2cc3ccc(F)cc3nc2C)CC1,2.7075200000000006,Cc1nc2ccc(F)cc2cc1C(=O)N1CCC(C)CC1,True,3.554420000000002,0.8469000000000015,0.6111111111111112,False,False
3.0,null,20,,,,738178,Cc1ccc(-n2ccnc2SCc2nc(C3CC3)no2)cc1C,4.041840000000003,Fc1ccc(-n2ccnc2SCc2nc(C3CC3)no2)c(F)c1,True,3.7032000000000025,-0.3386400000000007,0.6271186440677966,False,True
3.0,null,20,,,,771897,COc1ccccc1OCC(=O)N(C)Cc1sccc1C,3.102520000000002,Cc1cnccc1CN(C)C(=O)COc1ccc(CC#N)cc1,True,2.493500000000001,-0.609020000000001,0.31343283582089554,False,True
3.0,null,20,,,,811446,COC(=O)C1(NC(=O)c2cc(Br)c[nH]2)CCCCCC1,2.7730000000000006,CCCCCC(NC(=O)c1cc(Br)c[nH]1)C(C)=O,True,3.044900000000001,0.2719000000000005,0.375,False,True
3.0,null,20,,,,848291,CCC(C)NC(=O)NCc1noc(-c2cccs2)n1,2.3958000000000004,COC(=O)CNC(=O)c1noc(-c2cccs2)n1,True,0.7008999999999996,-1.6949000000000007,0.4666666666666667,False,True
3.0,null,20,,,,863440,COc1ccc(-c2nc(CCCO)cs2)cc1OC,2.752200000000001,COc1ccc(-c2nc(CC(N)=O)cs2)cc1OC,True,1.8551,-0.8971000000000011,0.6666666666666666,False,False
3.0,null,20,,,,864663,N#Cc1ccc(-c2cc(F)ccc2F)nc1N1CCCC1,3.498680000000002,Cc1ccc(C)c(-c2ccc(C#N)c(N3CCCC3)n2)c1,True,3.8373200000000027,0.3386400000000007,0.5918367346938775,False,True
3.0,null,20,,,,872100,CCc1cccc(C)c1NCC(O)c1ccc2c(c1)OCCO2,3.474120000000002,COc1ccc(C)cc1NCC(O)c1cc(OC)c2c(c1)OCCO2,True,2.9289200000000015,-0.5452000000000004,0.38461538461538464,False,True
3.0,null,20,,,,886334,COc1ccc(C(=O)N2CCCC(C(=O)N3CCCCC3)C2)c(O)c1,2.2655000000000003,COc1ccc(C(=O)N2CCCC(C(=O)N3CCCCC3)C2)cc1,True,2.5599000000000007,0.29440000000000044,0.6875,False,True
3.0,null,20,,,,887387,COCCNC(=O)N(Cc1cccc(F)c1)CC1CCCO1,2.1627,CCCNC(=O)N(Cc1cccc(C)c1)CC1CCCO1,True,3.095620000000002,0.932920000000002,0.6557377049180327,False,True
3.0,null,20,,,,889149,N#Cc1ccc(NC(=O)c2ccc(Br)cc2Cl)nc1,3.621480000000001,N#Cc1ccc(NC(=O)c2ccc(F)cc2F)nc1,True,2.4837800000000003,-1.1377000000000006,0.6,False,False
3.0,null,20,,,,913483,O=C(CNC(=O)NCCc1c(Cl)cccc1Cl)NC1CC1,2.1137000000000006,CC(CNC(=O)NCCC(=O)NC1CC1)c1ccccc1Cl,True,2.4114000000000004,0.29769999999999985,0.5,False,True
3.0,null,20,,,,917620,C=CCN(Cc1ccccc1OC)C(=O)c1csc(C)n1,3.288520000000002,CCN(Cc1cccc(OC(C)C)c1)C(=O)c1csc(C)n1,True,3.9010200000000035,0.6125000000000016,0.4153846153846154,False,True
3.0,null,20,,,,918312,CCOc1ccc(Cl)c(C(=O)N2CCN(c3ncccn3)CC2)n1,1.8860999999999997,CCN(CCC(=O)c1ncccn1)c1ccc(F)cn1,True,2.1100000000000003,0.22390000000000065,0.22058823529411764,False,True
3.0,null,20,,,,922879,CC(=O)c1ccc(N2CCN(Cc3c(F)cccc3F)CC2)cc1,3.489600000000003,Cc1c(O)cccc1N1CCN(Cc2ccccc2F)CC1,True,3.161920000000002,-0.32768000000000086,0.3888888888888889,False,True
3.0,null,20,,,,927535,COc1cc(CN2CCN(c3ccccc3F)CC2)ccc1O,2.862100000000002,Nc1ccc(CN2CCN(c3cccc(O)c3F)CC2)cc1,True,2.4357000000000006,-0.42640000000000144,0.49056603773584906,False,True
3.0,null,20,,,,927567,Cc1ccccc1N1CCN(Cc2cccc(O)c2)CC1,3.022820000000001,Oc1cccc(CN2CCN(c3ccccc3)CC2)c1,True,2.7144000000000013,-0.3084199999999999,0.6585365853658537,False,False
3.0,null,20,,,,938108,CC(c1ccccc1)N(C)C(=O)CCC(=O)Nc1nccs1,3.0814000000000012,Cc1csc(NC(=O)CCC(=O)N(C)Cc2ccccc2)n1,True,2.8288200000000012,-0.25258,0.4262295081967213,False,True
3.0,null,20,,,,943303,CN(CCCOc1ccccc1)C(=O)Nc1cccc2c1OCCO2,3.390600000000002,CN(CCCOc1ccccc1)C(=O)Nc1cccc2c1OCCO2,True,3.390600000000002,0.0,1.0,True,False
3.0,null,20,,,,946289,CC(NC(=O)C1(c2cc(-c3ccco3)on2)CC1)c1ccccc1,3.843600000000002,O=C(NCc1cccc(F)c1)C1(c2cc(-c3ccco3)on2)CC1,True,3.421700000000002,-0.42189999999999994,0.5483870967741935,False,True
3.0,null,20,,,,994077,Cc1nnc(Cn2c(-c3cccc(Br)c3)noc2=O)o1,2.0055199999999997,Cc1cccc(-c2noc(=O)n2Cc2nnc(C(C)C)o2)c1,True,2.3664199999999997,0.3609,0.6111111111111112,False,True
3.0,null,20,,,,1065620,O=C(NCc1cccnc1Oc1ccccc1)c1cccnc1,3.198900000000002,O=C(NCc1cccnc1Oc1cccc(Cl)c1)c1cccnc1,True,3.8523000000000023,0.6534000000000004,0.7647058823529411,False,True
3.0,null,20,,,,1093926,CN(C(=O)CNc1cccc(OCC2CCCO2)c1)c1ccccc1,3.319300000000002,COc1ccc(NC(=O)CNc2cccc(OCC3CCCO3)c2)cc1,True,3.303600000000002,-0.015699999999999825,0.625,False,True
3.0,null,20,,,,1107920,CCc1ccc(-n2cc(C(=O)NC(C)c3ccccc3)nn2)cc1,3.320700000000002,COc1ccc(-n2cc(C(=O)NCc3ccccc3OC)nn2)cc1,True,2.2145,-1.106200000000002,0.42857142857142855,False,False
3.0,null,20,,,,1113130,CC(NC(=O)Cn1nnnc1C(C)(C)C)c1cccc2ccccc12,3.0012000000000016,CC(NC(=O)Cn1nnnc1CC#N)c1cccc2ccccc12,True,1.76978,-1.2314200000000017,0.6666666666666666,False,True
3.0,null,20,,,,1121751,COC(=O)Cn1ccc(NS(=O)(=O)c2ccc(F)c(F)c2F)n1,1.2742,COC(=O)Cn1ccc(NS(=O)(=O)c2c(C)cccc2Cl)n1,True,1.81872,0.5445199999999999,0.5614035087719298,False,True
3.0,null,20,,,,1142531,CCOC(C)C(=O)NCCc1csc(-c2ccc(C)cc2)n1,3.2022200000000014,CCNC(=O)NCCc1csc(-c2ccc(C)cc2)n1,True,2.980120000000001,-0.2221000000000002,0.6538461538461539,False,True
3.0,null,20,,,,1212157,CN(Cc1ccc(F)c(F)c1)C(=O)c1cncc(-c2cnn(C)c2)c1,3.0325000000000015,CN(Cc1ccc(F)c(F)c1)C(=O)c1cncc(-c2cnn(C)c2)c1,True,3.0325000000000015,0.0,1.0,True,False
3.0,null,20,,,,1215394,CCn1nc(C)cc1C(=O)Oc1cccc(NC(=O)C(C)C)c1,3.025120000000001,CCn1nc(C)cc1C(=O)Oc1ccc(C#N)cc1,True,2.3023,-0.7228200000000014,0.5357142857142857,False,True
3.0,null,20,,,,1232922,CC(C)(C)OC(=O)NC1CCCN(S(=O)(=O)N2CCOCC2)C1,0.5525000000000011,C#CCC1CN(S(=O)(=O)N2CCCC(C(=O)N(C)C)C2)CCO1,True,-0.24449999999999839,-0.7969999999999995,0.3384615384615385,False,True
3.0,null,20,,,,1238973,FC(F)(F)c1cnc(N2CCn3c(nnc3C3CC3)C2)c(Cl)c1,3.2429000000000023,Cc1cnc(N2CCn3c(nnc3C(F)(F)F)C2)c(C2CC2)c1,True,2.897920000000002,-0.3449800000000005,0.5,False,True
3.0,null,20,,,,1299495,Cc1cc(CC(=O)N2CCCC2C(C#N)c2ccccc2)no1,2.823900000000001,Cc1cc(CC(C#N)C2CCCN2C(=O)Cc2ccccc2)no1,True,2.899000000000001,0.07509999999999994,0.6885245901639344,False,True
3.0,null,20,,,,1309906,CC(C)CC(NC(=O)c1cc(=O)c2ccccc2o1)C(=O)OC(C)C,2.8891000000000018,CCC(C)NC(=O)c1cc(=O)c2ccccc2o1,True,2.3213,-0.5678000000000019,0.6078431372549019,False,True
3.0,null,20,,,,1362816,COCc1cccc(C(=O)NC2CC2c2cccc(Cl)c2)c1,3.772300000000002,N#Cc1cccc(C(=O)NC2CC2c2ccccc2)c1,True,2.8441800000000015,-0.9281200000000007,0.46551724137931033,False,True
3.0,null,20,,,,1441838,COCC(=O)NC(C(=O)Nc1cccc(-c2nccs2)c1)C(C)C,2.5358,CC(CO)C(C)NC(=O)Nc1cccc(-c2nccs2)c1,True,2.948500000000001,0.41270000000000095,0.5645161290322581,False,True
3.0,null,20,,,,1450449,CCCNC(=O)CSc1nc2c(cc1C#N)CCCC2,2.450380000000001,C#CCNC(=O)CSc1ncc2c(c1C(=O)OCC)CCC2,True,1.5885,-0.8618800000000009,0.37142857142857144,False,True
3.0,null,20,,,,1451910,O=S(=O)(NCc1nnc2ccccn12)c1ccc(F)c(F)c1,1.4859999999999995,Cc1ccc(C)c(S(=O)(=O)NCc2nnc3ccccn23)c1,True,1.82464,0.3386400000000005,0.5740740740740741,False,False
3.0,null,20,,,,1479798,Cc1nc(C)c(CCC(=O)N(CC(C)C)CC(F)(F)F)c(=O)[nH]1,2.3662400000000003,CCN(C(=O)CCc1c(C)nc(C)[nH]c1=O)C(C)C,True,1.5762399999999999,-0.7900000000000005,0.5769230769230769,False,True
3.0,null,20,,,,1507926,COC(=O)C(C)NC(=O)Cc1csc(-c2ccccc2Cl)n1,2.6837,COC(=O)C(C)NC(=O)Cc1csc(-c2cc(F)ccc2F)n1,True,2.3084999999999996,-0.3752000000000004,0.6428571428571429,False,True
3.0,null,20,,,,1527882,Nc1ncccc1C(=O)Nc1ccc2cn[nH]c2c1,1.7923999999999998,Nc1ncccc1C(=O)Nc1ccc2cn[nH]c2c1,True,1.7923999999999998,0.0,1.0,True,False
3.0,null,20,,,,1532848,COc1ccc(-c2ccc3c(=O)[nH]cnc3c2)cc1Cl,3.2521000000000013,CC(C)OC=C1C=CC(c2ccc3c(=O)[nH]cnc3c2)=C1,True,3.185200000000001,-0.0669000000000004,0.45614035087719296,False,True
3.0,null,20,,,,1548351,COc1cc(OC)c2c(c1)C(c1cnccn1)NCC2,1.7288999999999999,Fc1cc(Br)c2c(c1)C(c1cnccn1)NCC2,True,2.6133000000000015,0.8844000000000016,0.5384615384615384,False,True
3.0,null,20,,,,1570134,COc1cccc(C(C)N2CCN(C(=O)c3ccc(O)cc3)CC2)c1,2.9198000000000013,COc1ccc(C(=O)N2CCN(C(O)c3ccccc3F)CC2)cc1,True,2.283200000000001,-0.6366000000000005,0.46551724137931033,False,True
3.0,null,20,,,,1611406,CC(C)(C)N1CC(NC(=O)C2COc3ccc(F)cc3C2)CC1=O,1.8923999999999994,CN1CC(NC(=O)C2COc3ccc(F)cc3C2)CC1=O,True,0.7236999999999989,-1.1687000000000005,0.7636363636363637,False,True
3.0,null,20,,,,1612684,CCCC1CN(C(=O)Nc2ccn(CCC(C)C)n2)CCO1,2.9620000000000015,CCCC1CN(C(=O)Nc2cc(NCC(C)C)[nH]n2)CCO1,True,2.5104000000000006,-0.4516000000000009,0.5757575757575758,False,True
3.0,null,20,,,,1639675,CCC(CC)c1nnc(NC(=O)c2scnc2C2CC2)s1,4.0279000000000025,COc1ccc(C(=O)Nc2nnc(CC#N)s2)cn1,True,1.2600799999999999,-2.7678200000000026,0.2753623188405797,False,True
3.0,null,20,,,,1675660,COc1ccnc(NC(=O)c2cccc(Cl)c2)c1,2.9959000000000007,COc1cccc(C(=O)Nc2ncc(S(C)(=O)=O)cc2C)c1,True,2.05442,-0.9414800000000008,0.43103448275862066,False,True
3.0,null,20,,,,1689728,CCc1noc(CSc2ncnc3sc(C)cc23)n1,3.237420000000002,Cc1noc(CSc2ncnc3sc(C)cc23)n1,True,2.9834400000000016,-0.2539800000000003,0.7659574468085106,False,False
3.0,null,20,,,,1720876,CC(C)(C)CC(=O)NCC(=O)Nc1ccc2c(c1)COC2,2.2077,CCOC(=O)CCCC(=O)Nc1ccc2c(c1)COC2,True,2.388700000000001,0.18100000000000094,0.5094339622641509,False,True
3.0,null,20,,,,1757109,CC(C)Cc1ncc(CNc2ccc3c(c2)COC3)s1,3.983900000000003,COCc1nc(C)sc1CNc1ccc2c(c1)COC2,True,3.2402200000000017,-0.7436800000000012,0.4576271186440678,False,True
3.0,null,20,,,,1774061,O=C1NCCCc2[nH]c(-c3cccc4[nH]ccc34)nc21,2.234,CCC(=NCC(=O)NCC(N)=O)c1cccc2[nH]ccc12,True,0.9685000000000004,-1.2654999999999996,0.2222222222222222,False,True
3.0,null,20,,,,1800687,Cc1nn(C)c(-c2nc(-c3cccnn3)no2)c1Cl,1.8889199999999997,Cc1nn(C(N)=O)c(C)c1-c1nc(-c2cccnn2)no1,True,0.9337399999999997,-0.95518,0.5087719298245614,False,True
3.0,null,20,,,,1815867,FC(F)(F)c1ccc(CN2CCOCC2c2ncon2)cc1,2.661900000000001,N#CC=CC(=CC=CCl)CN1CCOCC1c1ncon1,True,2.20158,-0.4603200000000012,0.46153846153846156,False,True
3.0,null,20,,,,1828580,Cc1ccc(N2CC3OCC(=O)N(Cc4cccc(F)c4)C3C2)nn1,1.54032,CC1=CC=CCN2C(=O)COC3CN(c4ccc(C#N)nn4)CC32N=C1,True,0.6788799999999999,-0.86144,0.26136363636363635,False,True
3.0,null,20,,,,1836183,CCc1ccc(C(=O)NCc2nccc(N(C)C)n2)cc1,2.035,N#Cc1ccnc(CNC(=O)c2ccc(Br)cc2F)n1,True,2.17988,0.14487999999999968,0.328125,False,True
3.0,null,20,,,,1842499,COc1ccccc1COc1ccccc1-c1cnn(CCO)c1,3.1300000000000017,COCCn1cc(-c2ccccc2OCc2ccccc2)cn1,True,3.7755000000000027,0.6455000000000011,0.5769230769230769,False,True
3.0,null,20,,,,1865564,COC(CNC(=O)c1ccoc1)c1cccc(F)c1,2.536200000000001,O=C(NCC(O)c1ccccc1C(F)(F)F)c1ccoc1,True,2.761800000000001,0.22560000000000002,0.4482758620689655,False,True
3.0,null,20,,,,1868773,CCCOc1ccc(Cl)c2c1CCNC2C1CC(=O)C1,3.2947000000000015,COc1cc(C)c2c(c1)C1(CCC(=O)C1)NCC2,True,2.09762,-1.1970800000000015,0.18571428571428572,False,True
3.0,null,20,,,,1873123,CCC1OC(=O)c2c(OC)ccc(Br)c21,3.079200000000002,COc1ccc(C(C)=O)c2c1OC(=O)C2C,True,1.9203,-1.158900000000002,0.28846153846153844,False,True
3.0,null,20,,,,1875028,Cc1cccc(C)c1NCC(=O)N1CCCC2CCCCC21,3.8965400000000034,N#Cc1ccc(NCC(=O)N2CCCC3CCCCC32)cc1,True,3.1513800000000014,-0.745160000000002,0.5686274509803921,False,True
3.0,null,20,,,,1895921,CCC(CC)N(C)C(=O)CC1OC(=O)c2ccccc21,2.935200000000002,COC(=O)CN(C)C(=O)CC1OC(=O)c2ccccc21,True,0.9195999999999996,-2.0156000000000023,0.5918367346938775,False,True
3.0,null,20,,,,1907077,Cc1ccc2[nH]nc(C(=O)Nc3nc(-c4ccco4)cs3)c2c1,3.8401200000000015,COc1ccc2[nH]nc(C(=O)Nc3nc(-c4ccco4)cs3)c2c1,True,3.540300000000001,-0.2998200000000004,0.7796610169491526,False,True
3.0,null,20,,,,1913063,Cc1nn(C)c(C)c1CN(C(=O)c1cn2cccc(C)c2n1)C1CC1,2.797860000000001,Cc1nn(C)c(C)c1CN(C)C(=O)c1cn2ccccc2n1,True,1.95684,-0.841020000000001,0.53125,False,True
3.0,null,20,,,,1922265,CN(CCNC(=O)c1ccc2c(c1)ncn2C)c1ccccc1,2.4395000000000007,CC1=CC=CC=CCCn2cnc3cc(ccc32)C(=O)NC1,True,3.2285000000000013,0.7890000000000006,0.19230769230769232,False,True
3.0,bin,0,-1.2959600001573561,-inf,-1.1407200038433074,32052,COc1ccccc1CNC(=O)Cc1c[nH]c2ccccc12,3.035400000000001,NS(=O)(=O)c1ccc(CNC(=O)Cc2c[nH]c3ccccc23)cc1,True,1.6741999999999997,-1.3612000000000013,0.5686274509803921,False,False
3.0,bin,0,-1.2959600001573561,-inf,-1.1407200038433074,116747,COCCSc1ccccc1C(=O)Nc1cccc(C)n1,3.3808200000000017,CNS(=O)(=O)c1cc(OC)cc(C(=O)Nc2cccc(C)n2)c1,True,1.5590199999999996,-1.821800000000002,0.4032258064516129,False,True
3.0,bin,0,-1.2959600001573561,-inf,-1.1407200038433074,131060,CS(=O)(=O)NCCc1csc(-c2ccc(F)cc2)n1,2.0408999999999997,NC(=O)NCc1csc(-c2ccc(S(N)(=O)=O)cc2)n1,True,0.6257999999999998,-1.4150999999999998,0.4074074074074074,False,True
3.0,bin,0,-1.2959600001573561,-inf,-1.1407200038433074,131949,CCc1c(C)nc(SCC(=O)NC(C)C)[nH]c1=O,1.25742,Cc1nc(SCC(=O)N(CCO)CCO)[nH]c(=O)c1C,True,-0.7079600000000004,-1.9653800000000003,0.4074074074074074,False,True
3.0,bin,0,-1.2959600001573561,-inf,-1.1407200038433074,158879,COc1ccc(CC(=O)OCC(=O)c2c[nH]c3ccccc23)cc1,3.145100000000001,NS(=O)(=O)c1ccc(CC(=O)OCC(=O)c2c[nH]c3ccccc23)cc1,True,1.7838999999999992,-1.361200000000002,0.6923076923076923,False,True
3.0,bin,0,-1.2959600001573561,-inf,-1.1407200038433074,232056,COCCNC(=O)c1cc(=O)c2cc(C)ccc2o1,1.4776199999999993,NS(=O)(=O)CCNC(=O)c1cc(=O)c2ccccc2o1,True,-0.18869999999999898,-1.6663199999999982,0.49056603773584906,False,True
3.0,bin,0,-1.2959600001573561,-inf,-1.1407200038433074,235788,O=C(Cn1nc(-c2ccco2)oc1=O)NCC(F)(F)F,0.7747999999999999,CS(=O)(=O)NCCNC(=O)Cn1nc(-c2ccco2)oc1=O,True,-1.238299999999999,-2.013099999999999,0.6428571428571429,False,True
3.0,bin,0,-1.2959600001573561,-inf,-1.1407200038433074,236081,CC(=O)c1c(C)[nH]c(C(=O)CSc2nc(C(C)C)n[nH]2)c1C,3.0506400000000014,CNC(=O)c1ccc(C(=O)CSc2nc(C(C)C)n[nH]2)nc1,True,1.6577,-1.3929400000000014,0.45161290322580644,False,True
3.0,bin,0,-1.2959600001573561,-inf,-1.1407200038433074,281081,O=C(Cn1cccn1)NCc1cccnc1Oc1ccc(F)cc1F,2.665000000000001,NS(=O)(=O)c1cccnc1CNC(=O)CNc1cccc2ncoc12,True,0.5984999999999999,-2.066500000000001,0.21176470588235294,False,True
3.0,bin,0,-1.2959600001573561,-inf,-1.1407200038433074,284170,COc1ccc(-c2nc(CC(=O)Nc3cccc(C)n3)cs2)cc1,3.7033200000000024,NC(=O)Cc1csc(NC(=O)Cc2csc(-c3ccccc3O)n2)n1,True,2.1812,-1.5221200000000024,0.38461538461538464,False,True
3.0,bin,0,-1.2959600001573561,-inf,-1.1407200038433074,288369,Cc1ccc(NCc2nnc3n2CCCCC3)cc1C,3.2334400000000016,NC(=O)COc1ccccc1NCc1nnc2n1CCCCC2,True,1.4806999999999988,-1.7527400000000029,0.45901639344262296,False,True
3.0,bin,0,-1.2959600001573561,-inf,-1.1407200038433074,302889,COc1ccc(OC)c(NC(=O)CCNC(=O)c2cccs2)c1,2.5239000000000003,NS(=O)(=O)c1cccc(NC(=O)CCNC(=O)c2cccs2)c1,True,1.1541,-1.3698000000000004,0.4918032786885246,False,True
3.0,bin,0,-1.2959600001573561,-inf,-1.1407200038433074,327141,COc1ccc(OC)c(S(=O)(=O)Nc2ccn(C)n2)c1,1.2381,COc1ccc(S(N)(=O)=O)cc1S(=O)(=O)Nc1ccn(C)n1,True,-0.12310000000000065,-1.3612000000000006,0.723404255319149,False,True
3.0,bin,0,-1.2959600001573561,-inf,-1.1407200038433074,327382,CNC(=O)C1CN(C(=O)c2c(C)noc2C)c2ccccc2O1,1.4452399999999996,Nc1oncc1C(=O)N1CC(S(N)(=O)=O)Oc2ccccc21,True,-0.08939999999999992,-1.5346399999999996,0.36363636363636365,False,True
3.0,bin,0,-1.2959600001573561,-inf,-1.1407200038433074,406491,COCCNC(=O)C1CCCN(S(=O)(=O)N2CCOCC2)C1,-0.9619999999999964,CCN(CCS(N)(=O)=O)S(=O)(=O)N1CCOCC1,True,-1.826199999999996,-0.8641999999999996,0.2459016393442623,False,True
3.0,bin,0,-1.2959600001573561,-inf,-1.1407200038433074,413951,O=C(Cn1ncn2cccc2c1=O)N1CCCCCC1,0.8985999999999996,CN(CCCC(N)=O)C(=O)Cn1ncn2cccc2c1=O,True,-0.7800999999999989,-1.6786999999999985,0.5,False,True
3.0,bin,0,-1.2959600001573561,-inf,-1.1407200038433074,427929,CCNc1nc(NCc2ccccc2Cl)c2cnn(C)c2n1,3.060600000000001,Cn1ncc2c(C(N)=O)nc(NCc3ccccc3F)nc21,True,1.2133999999999998,-1.847200000000001,0.48333333333333334,False,True
3.0,bin,0,-1.2959600001573561,-inf,-1.1407200038433074,447130,CCC(NC(=O)C1CCN(C(=O)C2CC2)CC1)c1ccc(C)cc1,3.2109200000000016,Nc1ccc(CNC(=O)C2CCN(C(=O)C3CC3)CC2)cc1,True,1.5335999999999994,-1.6773200000000021,0.4444444444444444,False,True
3.0,bin,0,-1.2959600001573561,-inf,-1.1407200038433074,481908,CCNS(=O)(=O)c1ccc(C)c(C(=O)Nc2ncccc2C)c1,2.24894,Cc1cccnc1NC(=O)c1ccccc1S(=O)C=O,True,1.94012,-0.3088200000000001,0.4482758620689655,False,True
3.0,bin,0,-1.2959600001573561,-inf,-1.1407200038433074,485220,Cc1nn(CC(=O)N2CCN(C)CC2)c(C)c1Br,1.03644,Cc1c(N)c(C(N)=O)nn1CC(=O)N1CCN(C)CC1,True,-1.3533799999999983,-2.3898199999999985,0.5777777777777777,False,True
3.0,bin,0,-1.2959600001573561,-inf,-1.1407200038433074,526363,Cc1nnc(SCC(=O)Nc2ccc(O)cc2)n(N)c1=O,0.09692,Nn1c(SCC(=O)Nc2ccc(S(N)(=O)=O)cc2)nncc1=O,True,-1.2696999999999992,-1.3666199999999993,0.5,False,True
3.0,bin,0,-1.2959600001573561,-inf,-1.1407200038433074,536853,COc1ccc(C2CCCN2C(=O)C2CCC2)c(OC)c1,3.1674000000000015,NS(=O)(=O)NCc1ccc(C2CCCN2C(=O)C2CCC2)cc1,True,1.4432999999999994,-1.7241000000000022,0.4,False,True
3.0,bin,0,-1.2959600001573561,-inf,-1.1407200038433074,540312,Cc1nn(C)c2nc(C3CC3)cc(C(=O)NCC(=O)NC(C)(C)C)c12,1.7986199999999997,CCCC(NC(=O)C1=CC(=NNC)C1)C(N)=O,True,-0.33789999999999915,-2.1365199999999986,0.1282051282051282,False,True
3.0,bin,0,-1.2959600001573561,-inf,-1.1407200038433074,544381,Cc1nc(N2CCCC(C(=O)NC(C)C)C2)c2c(C)c(C)oc2n1,2.8890600000000006,Cc1oc2ncnc(N3CCC(C(N)=O)CC3)c2c1C,True,1.54134,-1.3477200000000007,0.3968253968253968,False,True
3.0,bin,0,-1.2959600001573561,-inf,-1.1407200038433074,544382,CCCNC(=O)C1CCCN(c2nc(C)nc3oc(C)c(C)c23)C1,2.8906600000000013,CC1=CCC=NC(S(N)(=O)=O)=CC(N2CCCC(C(N)=O)C2)=N1,True,0.09040000000000104,-2.80026,0.2625,False,True
3.0,bin,0,-1.2959600001573561,-inf,-1.1407200038433074,550049,Cc1ccc(C)c(OCC(=O)Nc2cccc(-n3cnnc3)c2)c1,2.9016400000000013,NC(=O)c1ccc(OCC(=O)Nc2cccc(-n3cnnc3)c2)cc1,True,1.3836999999999995,-1.5179400000000018,0.5964912280701754,False,True
3.0,bin,0,-1.2959600001573561,-inf,-1.1407200038433074,573533,Cc1nn(-c2ncc(C(F)(F)F)cc2Cl)c(=O)o1,2.2011199999999995,COCCNC(=O)c1nn(-c2ncc(F)cc2Cl)c(=O)o1,True,0.3891999999999998,-1.8119199999999998,0.4032258064516129,False,True
3.0,bin,0,-1.2959600001573561,-inf,-1.1407200038433074,582555,O=C(NCC(O)c1ccccc1)c1ccc2c(=O)n3c(nc2c1)CCC3,1.8061000000000003,NS(=O)(=O)C=CC=CC1(O)CCCn2cnc(=O)cc2C=CC(=O)NC1,True,-0.7439999999999991,-2.5500999999999996,0.11578947368421053,False,True
3.0,bin,0,-1.2959600001573561,-inf,-1.1407200038433074,588547,Cc1n[nH]c(C)c1NC(=O)CCc1ccc(Cl)cc1Cl,3.9046400000000023,COC(=O)c1n[nH]c(C)c1NC(=O)CCc1ccc(F)cc1,True,2.2151199999999998,-1.6895200000000026,0.4166666666666667,False,True
3.0,bin,0,-1.2959600001573561,-inf,-1.1407200038433074,607673,CCCN(CC1CC1)S(=O)(=O)c1ccccc1F,2.636400000000001,O=C(CO)N(CC1CC1)S(=O)(=O)c1ccccc1F,True,0.7452999999999996,-1.8911000000000013,0.5531914893617021,False,True
3.0,bin,0,-1.2959600001573561,-inf,-1.1407200038433074,617681,Cc1cc(C(=O)Nc2nc(-c3ccncc3)cs2)nn1C(C)C,3.5432200000000016,COc1cc(C(=O)Nc2nc(-c3ccncc3)cs2)nn1C,True,2.1994999999999996,-1.343720000000002,0.6140350877192983,False,True
3.0,bin,0,-1.2959600001573561,-inf,-1.1407200038433074,650267,COc1ccc2oc(C(=O)NC3CCCCNC3=O)c(C)c2c1,2.14832,C=CC=CCC(=CS(N)(=O)=O)C(=O)NC1CCCCNC1=O,True,0.07600000000000101,-2.072319999999999,0.3026315789473684,False,True
3.0,bin,0,-1.2959600001573561,-inf,-1.1407200038433074,668639,Cc1cc(NC(=O)c2ccccc2Cl)ncc1N,2.8779200000000005,CNS(=O)(=O)C=C1C=CC(C(=O)Nc2cc(N)cc(C)n2)=C1,True,0.8400199999999998,-2.0379000000000005,0.23880597014925373,False,True
3.0,bin,0,-1.2959600001573561,-inf,-1.1407200038433074,673160,CCC(=O)Nc1ccc2oc(C(F)(F)F)cc(=O)c2c1,3.160300000000001,COC(=O)CC(=O)Nc1ccc2oc(CO)cc(=O)c2c1,True,0.7868999999999999,-2.373400000000001,0.5,False,True
3.0,bin,0,-1.2959600001573561,-inf,-1.1407200038433074,711169,Cc1cccc(C(C)C)c1NC(=O)N(C)Cc1ccncc1,4.177320000000003,CN(Cc1ccncc1)C(=O)Nc1cccc(NS(C)(=O)=O)c1,True,2.117,-2.0603200000000026,0.5,False,True
3.0,bin,0,-1.2959600001573561,-inf,-1.1407200038433074,720969,Cc1noc(C)c1CCC(=O)OCC(=O)N1c2ccccc2CC1C,2.7450400000000013,NC(=O)C1Cc2ccccc2N1C(=O)COC(=O)CCc1cnoc1,True,0.593599999999999,-2.1514400000000022,0.4788732394366197,False,True
3.0,bin,0,-1.2959600001573561,-inf,-1.1407200038433074,730789,COC(=O)C1CCN(C(=O)c2cc3ccc(F)cc3nc2C)CC1,2.7075200000000006,COc1ccc2cc(C(=O)N3CCC(C(N)=O)CC3)c(=O)nc-2cc1,True,0.8926999999999999,-1.8148200000000005,0.36764705882352944,False,True
3.0,bin,0,-1.2959600001573561,-inf,-1.1407200038433074,738178,Cc1ccc(-n2ccnc2SCc2nc(C3CC3)no2)cc1C,4.041840000000003,NC(=O)c1cccc(-n2ccnc2SCc2nc(C3CC3)no2)c1,True,2.5239000000000003,-1.517940000000003,0.6666666666666666,False,True
3.0,bin,0,-1.2959600001573561,-inf,-1.1407200038433074,771897,COc1ccccc1OCC(=O)N(C)Cc1sccc1C,3.102520000000002,CN(Cc1cccs1)C(=O)COc1ccccc1S(N)(=O)=O,True,1.4329000000000003,-1.6696200000000017,0.46551724137931033,False,True
3.0,bin,0,-1.2959600001573561,-inf,-1.1407200038433074,811446,COC(=O)C1(NC(=O)c2cc(Br)c[nH]2)CCCCCC1,2.7730000000000006,CCCCC(NC(=O)c1cc(C(N)=O)c[nH]1)S(N)(=O)=O,True,-0.35179999999999784,-3.1247999999999982,0.23076923076923078,False,True
3.0,bin,0,-1.2959600001573561,-inf,-1.1407200038433074,848291,CCC(C)NC(=O)NCc1noc(-c2cccs2)n1,2.3958000000000004,CN(CC(=O)NCc1noc(-c2cccs2)n1)S(C)(=O)=O,True,0.30569999999999964,-2.0901000000000005,0.5666666666666667,False,True
3.0,bin,0,-1.2959600001573561,-inf,-1.1407200038433074,863440,COc1ccc(-c2nc(CCCO)cs2)cc1OC,2.752200000000001,CNS(=O)(=O)NCC(=O)NCc1csc(-c2ccc(C)cc2)n1,True,0.7885199999999994,-1.9636800000000016,0.30158730158730157,False,True
3.0,bin,0,-1.2959600001573561,-inf,-1.1407200038433074,864663,N#Cc1ccc(-c2cc(F)ccc2F)nc1N1CCCC1,3.498680000000002,Cc1ccc(-c2ccc(F)cc2)nc1N1CCC(S(N)(=O)=O)CN1,True,1.5679199999999995,-1.9307600000000025,0.22857142857142856,False,True
3.0,bin,0,-1.2959600001573561,-inf,-1.1407200038433074,872100,CCc1cccc(C)c1NCC(O)c1ccc2c(c1)OCCO2,3.474120000000002,NC(=O)Nc1cccc(NCC(O)c2ccc3c(c2)OCCO3)c1,True,2.0939,-1.3802200000000018,0.543859649122807,False,True
3.0,bin,0,-1.2959600001573561,-inf,-1.1407200038433074,886334,COc1ccc(C(=O)N2CCCC(C(=O)N3CCCCC3)C2)c(O)c1,2.2655000000000003,CN(CCCS(N)(=O)=O)C(=O)C1CCCN(C(=O)c2ccccc2)C1,True,0.6758000000000017,-1.5896999999999986,0.3333333333333333,False,True
3.0,bin,0,-1.2959600001573561,-inf,-1.1407200038433074,887387,COCCNC(=O)N(Cc1cccc(F)c1)CC1CCCO1,2.1627,NS(=O)(=O)NCCNC(=O)N(Cc1ccccc1)CC1CCCO1,True,0.1703000000000019,-1.9923999999999982,0.5538461538461539,False,True
3.0,bin,0,-1.2959600001573561,-inf,-1.1407200038433074,889149,N#Cc1ccc(NC(=O)c2ccc(Br)cc2Cl)nc1,3.621480000000001,CNC(=O)CCOc1ccccc1C(=O)Nc1ccc(C#N)cn1,True,1.72048,-1.901000000000001,0.45901639344262296,False,True
3.0,bin,0,-1.2959600001573561,-inf,-1.1407200038433074,913483,O=C(CNC(=O)NCCc1c(Cl)cccc1Cl)NC1CC1,2.1137000000000006,O=C(CNC(=O)NCCc1ccccc1F)NC1CC1,True,0.9459999999999995,-1.167700000000001,0.6041666666666666,False,True
3.0,bin,0,-1.2959600001573561,-inf,-1.1407200038433074,917620,C=CCN(Cc1ccccc1OC)C(=O)c1csc(C)n1,3.288520000000002,Cc1nc(C(=O)N(CCC(N)=O)Cc2ccc(F)cc2)cs1,True,2.1084199999999997,-1.1801000000000021,0.4126984126984127,False,True
3.0,bin,0,-1.2959600001573561,-inf,-1.1407200038433074,918312,CCOc1ccc(Cl)c(C(=O)N2CCN(c3ncccn3)CC2)n1,1.8860999999999997,NC(=O)c1ccc(C(=O)N2CCN(c3ncccn3)CC2)nc1,True,-0.06710000000000038,-1.9532,0.41379310344827586,False,True
3.0,bin,0,-1.2959600001573561,-inf,-1.1407200038433074,922879,CC(=O)c1ccc(N2CCN(Cc3c(F)cccc3F)CC2)cc1,3.489600000000003,NS(=O)(=O)c1ccc(CN2CCN(c3ccc(F)cc3)CC2)cc1,True,1.7952999999999997,-1.6943000000000032,0.37735849056603776,False,True
3.0,bin,0,-1.2959600001573561,-inf,-1.1407200038433074,927535,COc1cc(CN2CCN(c3ccccc3F)CC2)ccc1O,2.862100000000002,NS(=O)(=O)NCC(=O)c1ccccc1N1CCN(Cc2ccccc2)CC1,True,0.984600000000001,-1.877500000000001,0.3492063492063492,False,True
3.0,bin,0,-1.2959600001573561,-inf,-1.1407200038433074,927567,Cc1ccccc1N1CCN(Cc2cccc(O)c2)CC1,3.022820000000001,NS(=O)(=O)c1cccc(CN2CCN(c3ccc(O)cc3)CC2)c1,True,1.3617999999999997,-1.6610200000000015,0.4339622641509434,False,True
3.0,bin,0,-1.2959600001573561,-inf,-1.1407200038433074,938108,CC(c1ccccc1)N(C)C(=O)CCC(=O)Nc1nccs1,3.0814000000000012,NC(=O)C(NC(=O)CCC(=O)Nc1nccs1)c1ccccc1,True,1.2045999999999986,-1.8768000000000027,0.5925925925925926,False,True
3.0,bin,0,-1.2959600001573561,-inf,-1.1407200038433074,943303,CN(CCCOc1ccccc1)C(=O)Nc1cccc2c1OCCO2,3.390600000000002,NC(=O)C(CCOc1ccccc1)NC(=O)Nc1cccc2c1OCCO2,True,1.9022999999999992,-1.4883000000000026,0.5645161290322581,False,True
3.0,bin,0,-1.2959600001573561,-inf,-1.1407200038433074,946289,CC(NC(=O)C1(c2cc(-c3ccco3)on2)CC1)c1ccccc1,3.843600000000002,NC(=O)C(NC(=O)C1(c2cc(-c3ccco3)on2)CC1)c1ccccc1,True,2.309,-1.534600000000002,0.7454545454545455,False,True
3.0,bin,0,-1.2959600001573561,-inf,-1.1407200038433074,994077,Cc1nnc(Cn2c(-c3cccc(Br)c3)noc2=O)o1,2.0055199999999997,CNC(=O)CSc1nnc(Cn2c(-c3ccccc3)noc2=O)o1,True,0.7727000000000002,-1.2328199999999996,0.47619047619047616,False,True
3.0,bin,0,-1.2959600001573561,-inf,-1.1407200038433074,1065620,O=C(NCc1cccnc1Oc1ccccc1)c1cccnc1,3.198900000000002,NS(=O)(=O)c1ccc(Oc2ncccc2CNC(=O)c2cccnc2)cc1,True,1.8463,-1.3526000000000018,0.75,False,True
3.0,bin,0,-1.2959600001573561,-inf,-1.1407200038433074,1093926,CN(C(=O)CNc1cccc(OCC2CCCO2)c1)c1ccccc1,3.319300000000002,NC(=O)CN(C(=O)CNc1cccc(OCC2CCCO2)c1)c1ccccc1,True,2.1748000000000003,-1.1445000000000016,0.7419354838709677,False,True
3.0,bin,0,-1.2959600001573561,-inf,-1.1407200038433074,1107920,CCc1ccc(-n2cc(C(=O)NC(C)c3ccccc3)nn2)cc1,3.320700000000002,NC(=O)Nc1cccc(CNC(=O)c2cn(-c3ccc(F)cc3)nn2)c1,True,1.8270000000000002,-1.493700000000002,0.38235294117647056,False,True
3.0,bin,0,-1.2959600001573561,-inf,-1.1407200038433074,1113130,CC(NC(=O)Cn1nnnc1C(C)(C)C)c1cccc2ccccc12,3.0012000000000016,Cc1nnnn1CC(=O)NCc1cccc2ccccc12,True,1.4511199999999997,-1.550080000000002,0.4915254237288136,False,True
3.0,bin,0,-1.2959600001573561,-inf,-1.1407200038433074,1121751,COC(=O)Cn1ccc(NS(=O)(=O)c2ccc(F)c(F)c2F)n1,1.2742,NS(=O)(=O)CCn1ccc(NS(=O)(=O)c2ccc(F)cc2F)n1,True,0.2506000000000002,-1.0235999999999998,0.45,False,True
3.0,bin,0,-1.2959600001573561,-inf,-1.1407200038433074,1142531,CCOC(C)C(=O)NCCc1csc(-c2ccc(C)cc2)n1,3.2022200000000014,NS(=O)(=O)NCCc1csc(-c2ccc(F)cc2)n1,True,1.2848000000000006,-1.9174200000000008,0.4,False,True
3.0,bin,0,-1.2959600001573561,-inf,-1.1407200038433074,1212157,CN(Cc1ccc(F)c(F)c1)C(=O)c1cncc(-c2cnn(C)c2)c1,3.0325000000000015,NC(=O)CNN=CC(=CC=CF)C(=O)NCc1cncc(-c2cn[nH]c2)c1,True,0.5582000000000005,-2.4743000000000013,0.19101123595505617,False,True
3.0,bin,0,-1.2959600001573561,-inf,-1.1407200038433074,1215394,CCn1nc(C)cc1C(=O)Oc1cccc(NC(=O)C(C)C)c1,3.025120000000001,CCn1nccc1C(=O)Oc1cccc(S(N)(=O)=O)c1,True,0.7696000000000002,-2.255520000000001,0.40625,False,True
3.0,bin,0,-1.2959600001573561,-inf,-1.1407200038433074,1232922,CC(C)(C)OC(=O)NC1CCCN(S(=O)(=O)N2CCOCC2)C1,0.5525000000000011,NC(=O)COC1CCN(S(=O)(=O)N2CCOCC2)CC1,True,-1.4702999999999966,-2.0227999999999975,0.38181818181818183,False,True
3.0,bin,0,-1.2959600001573561,-inf,-1.1407200038433074,1238973,FC(F)(F)c1cnc(N2CCn3c(nnc3C3CC3)C2)c(Cl)c1,3.2429000000000023,Cn1c(C2CC2)nnc1N1CCn2c(C(N)=O)cnc2C1,True,0.008099999999999608,-3.2348000000000026,0.34328358208955223,False,True
3.0,bin,0,-1.2959600001573561,-inf,-1.1407200038433074,1299495,Cc1cc(CC(=O)N2CCCC2C(C#N)c2ccccc2)no1,2.823900000000001,CC=CC=C1C(CC(=O)N2CCC(O)C2)C2=CC=C(C(N)=O)OC12,True,0.7964,-2.0275000000000007,0.15555555555555556,False,True
3.0,bin,0,-1.2959600001573561,-inf,-1.1407200038433074,1309906,CC(C)CC(NC(=O)c1cc(=O)c2ccccc2o1)C(=O)OC(C)C,2.8891000000000018,COCCNC(=O)C(C)OC(=O)c1cc(=O)c2ccccc2o1,True,1.1008999999999995,-1.7882000000000022,0.4918032786885246,False,True
3.0,bin,0,-1.2959600001573561,-inf,-1.1407200038433074,1362816,COCc1cccc(C(=O)NC2CC2c2cccc(Cl)c2)c1,3.772300000000002,NC(=O)COc1ccc(C(=O)NC2CC2c2cccc(F)c2)cc1,True,1.9757,-1.7966000000000022,0.4307692307692308,False,True
3.0,bin,0,-1.2959600001573561,-inf,-1.1407200038433074,1441838,COCC(=O)NC(C(=O)Nc1cccc(-c2nccs2)c1)C(C)C,2.5358,NS(=O)(=O)NCC(=O)Nc1cccc(-c2nccs2)c1,True,0.5417000000000007,-1.9940999999999993,0.5079365079365079,False,True
3.0,bin,0,-1.2959600001573561,-inf,-1.1407200038433074,1450449,CCCNC(=O)CSc1nc2c(cc1C#N)CCCC2,2.450380000000001,N#Cc1cc2c(nc1C(=O)NCCS(N)(=O)=O)CCCC2,True,-0.14962000000000053,-2.6000000000000014,0.46774193548387094,False,True
3.0,bin,0,-1.2959600001573561,-inf,-1.1407200038433074,1451910,O=S(=O)(NCc1nnc2ccccn12)c1ccc(F)c(F)c1,1.4859999999999995,NC(=O)COc1ccccc1S(=O)(=O)NCc1nnc2ccccn12,True,0.07189999999999985,-1.4140999999999997,0.5,False,True
3.0,bin,0,-1.2959600001573561,-inf,-1.1407200038433074,1479798,Cc1nc(C)c(CCC(=O)N(CC(C)C)CC(F)(F)F)c(=O)[nH]1,2.3662400000000003,CCOCCN(C)C(=O)CCc1c(C)nc(C)[nH]c1=O,True,0.8142399999999999,-1.5520000000000005,0.49122807017543857,False,True
3.0,bin,0,-1.2959600001573561,-inf,-1.1407200038433074,1507926,COC(=O)C(C)NC(=O)Cc1csc(-c2ccccc2Cl)n1,2.6837,NS(=O)(=O)CNC(=O)Cc1csc(-c2ccccc2Cl)n1,True,1.3682000000000005,-1.3154999999999994,0.5714285714285714,False,True
3.0,bin,0,-1.2959600001573561,-inf,-1.1407200038433074,1527882,Nc1ncccc1C(=O)Nc1ccc2cn[nH]c2c1,1.7923999999999998,NS(=O)(=O)c1cccc(C(=O)Nc2ccc3cn[nH]c3c2)n1,True,0.8575999999999999,-0.9347999999999999,0.5357142857142857,False,True
3.0,bin,0,-1.2959600001573561,-inf,-1.1407200038433074,1532848,COc1ccc(-c2ccc3c(=O)[nH]cnc3c2)cc1Cl,3.2521000000000013,NS(=O)(=O)c1ccc(-c2ccc3c(=O)[nH]cnc3c2)cc1,True,1.2375000000000003,-2.014600000000001,0.5319148936170213,False,True
3.0,bin,0,-1.2959600001573561,-inf,-1.1407200038433074,1548351,COc1cc(OC)c2c(c1)C(c1cnccn1)NCC2,1.7288999999999999,NS(=O)(=O)Cc1ccc2c(c1)C(c1cnccn1)NCC2,True,0.5002000000000002,-1.2286999999999997,0.4098360655737705,False,True
3.0,bin,0,-1.2959600001573561,-inf,-1.1407200038433074,1570134,COc1cccc(C(C)N2CCN(C(=O)c3ccc(O)cc3)CC2)c1,2.9198000000000013,NS(=O)(=O)c1ccc(C(=O)N2CCN(Cc3ccccc3)CC2)cc1,True,1.2919999999999996,-1.6278000000000017,0.2857142857142857,False,True
3.0,bin,0,-1.2959600001573561,-inf,-1.1407200038433074,1611406,CC(C)(C)N1CC(NC(=O)C2COc3ccc(F)cc3C2)CC1=O,1.8923999999999994,CN1CC(NC(=O)C2COc3ccccc3C2)CC1=O,True,0.5845999999999991,-1.3078000000000003,0.55,False,True
3.0,bin,0,-1.2959600001573561,-inf,-1.1407200038433074,1612684,CCCC1CN(C(=O)Nc2ccn(CCC(C)C)n2)CCO1,2.9620000000000015,COCCCn1ccc(NC(=O)N2CCCOCC2)n1,True,1.1738,-1.7882000000000016,0.45588235294117646,False,True
3.0,bin,0,-1.2959600001573561,-inf,-1.1407200038433074,1639675,CCC(CC)c1nnc(NC(=O)c2scnc2C2CC2)s1,4.0279000000000025,O=C(Nc1nnc(C2CC2)s1)c1nncs1,True,1.5192999999999999,-2.5086000000000026,0.4107142857142857,False,True
3.0,bin,0,-1.2959600001573561,-inf,-1.1407200038433074,1675660,COc1ccnc(NC(=O)c2cccc(Cl)c2)c1,2.9959000000000007,COc1ccnc(NC(=O)c2ccc(CCNS(N)(=O)=O)cc2)c1,True,0.6781000000000001,-2.3178000000000005,0.5087719298245614,False,True
3.0,bin,0,-1.2959600001573561,-inf,-1.1407200038433074,1689728,CCc1noc(CSc2ncnc3sc(C)cc23)n1,3.237420000000002,OCc1noc(CSc2ncnc3sccc23)n1,True,1.8588999999999996,-1.3785200000000024,0.5178571428571429,False,True
3.0,bin,0,-1.2959600001573561,-inf,-1.1407200038433074,1720876,CC(C)(C)CC(=O)NCC(=O)Nc1ccc2c(c1)COC2,2.2077,NS(=O)(=O)CCCC(=O)Nc1ccc2c(c1)COC2,True,0.7239999999999998,-1.4837000000000002,0.5,False,True
3.0,bin,0,-1.2959600001573561,-inf,-1.1407200038433074,1757109,CC(C)Cc1ncc(CNc2ccc3c(c2)COC3)s1,3.983900000000003,OCC=NC=C(S)CNc1ccc2c(c1)COC2,True,1.9629999999999999,-2.020900000000003,0.36666666666666664,False,True
3.0,bin,0,-1.2959600001573561,-inf,-1.1407200038433074,1774061,O=C1NCCCc2[nH]c(-c3cccc4[nH]ccc34)nc21,2.234,Nc1cc[nH]c1NCC(CS(N)(=O)=O)c1cccc2[nH]ccc12,True,1.5624,-0.6716,0.24285714285714285,False,True
3.0,bin,0,-1.2959600001573561,-inf,-1.1407200038433074,1800687,Cc1nn(C)c(-c2nc(-c3cccnn3)no2)c1Cl,1.8889199999999997,OCCc1cc(C=NC(=NO)c2cccnn2)[nH]n1,True,-0.010600000000000331,-1.89952,0.1506849315068493,False,True
3.0,bin,0,-1.2959600001573561,-inf,-1.1407200038433074,1815867,FC(F)(F)c1ccc(CN2CCOCC2c2ncon2)cc1,2.661900000000001,NC(=O)c1ccc(CN2CCOCC2c2ncon2)cc1,True,0.7419999999999995,-1.9199000000000015,0.6666666666666666,False,True
3.0,bin,0,-1.2959600001573561,-inf,-1.1407200038433074,1828580,Cc1ccc(N2CC3OCC(=O)N(Cc4cccc(F)c4)C3C2)nn1,1.54032,CC1C(CNc2ccc(C(N)=O)nn2)OCC(=O)N1Cc1ccccc1,True,0.8035000000000005,-0.7368199999999994,0.2926829268292683,False,True
3.0,bin,0,-1.2959600001573561,-inf,-1.1407200038433074,1836183,CCc1ccc(C(=O)NCc2nccc(N(C)C)n2)cc1,2.035,CNS(=O)(=O)c1cccc(C(=O)NCc2nccc(C)n2)c1,True,0.6231199999999995,-1.4118800000000007,0.39344262295081966,False,True
3.0,bin,0,-1.2959600001573561,-inf,-1.1407200038433074,1842499,COc1ccccc1COc1ccccc1-c1cnn(CCO)c1,3.1300000000000017,NS(=O)(=O)C=C1C=CC(c2cnn(CCO)c2OCc2ccccc2)=C1,True,1.5799999999999998,-1.5500000000000018,0.2876712328767123,False,True
3.0,bin,0,-1.2959600001573561,-inf,-1.1407200038433074,1865564,COC(CNC(=O)c1ccoc1)c1cccc(F)c1,2.536200000000001,NS(=O)(=O)Nc1ccc(C(O)CNC(=O)c2ccoc2)cc1,True,0.3584000000000001,-2.177800000000001,0.4098360655737705,False,True
3.0,bin,0,-1.2959600001573561,-inf,-1.1407200038433074,1868773,CCCOc1ccc(Cl)c2c1CCNC2C1CC(=O)C1,3.2947000000000015,NC(=O)COc1cccc2c1C1(CCC(=O)C1)NCC2,True,0.6446999999999996,-2.650000000000002,0.1891891891891892,False,True
3.0,bin,0,-1.2959600001573561,-inf,-1.1407200038433074,1873123,CCC1OC(=O)c2c(OC)ccc(Br)c21,3.079200000000002,COC(=O)c1cc(OC)cc2c1C(=O)OC2CO,True,0.6856,-2.393600000000002,0.3148148148148148,False,True
3.0,bin,0,-1.2959600001573561,-inf,-1.1407200038433074,1875028,Cc1cccc(C)c1NCC(=O)N1CCCC2CCCCC21,3.8965400000000034,CC(=CC=CC(N)=O)NCC(=O)NCCC1CCCCC1C,True,1.8538999999999992,-2.042640000000004,0.17142857142857143,False,True
3.0,bin,0,-1.2959600001573561,-inf,-1.1407200038433074,1895921,CCC(CC)N(C)C(=O)CC1OC(=O)c2ccccc21,2.935200000000002,O=C(CCO)CC1OC(=O)c2cccc(F)c21,True,1.3788,-1.5564000000000018,0.32142857142857145,False,True
3.0,bin,0,-1.2959600001573561,-inf,-1.1407200038433074,1907077,Cc1ccc2[nH]nc(C(=O)Nc3nc(-c4ccco4)cs3)c2c1,3.8401200000000015,CCNN=C(CC=NCC(N)=O)C(=O)NC=NCc1ccco1,True,-0.1641999999999988,-4.00432,0.16091954022988506,False,True
3.0,bin,0,-1.2959600001573561,-inf,-1.1407200038433074,1913063,Cc1nn(C)c(C)c1CN(C(=O)c1cn2cccc(C)c2n1)C1CC1,2.797860000000001,N=c1ccccn1C=CC(=O)NCC1=NN1C=CC(N)=O,True,-0.8174299999999992,-3.61529,0.1411764705882353,False,True
3.0,bin,0,-1.2959600001573561,-inf,-1.1407200038433074,1922265,CN(CCNC(=O)c1ccc2c(c1)ncn2C)c1ccccc1,2.4395000000000007,NC(=O)C(NCCNC(=O)c1ccc2[nH]cnc2c1)c1ccccc1,True,1.1089000000000002,-1.3306000000000004,0.34285714285714286,False,True
3.0,bin,1,-0.9854800075292587,-1.1407200038433074,-0.83024001121521,32052,COc1ccccc1CNC(=O)Cc1c[nH]c2ccccc12,3.035400000000001,NC(=O)c1ccc(CNC(=O)Cc2c[nH]c3ccccc23)cc1,True,2.1256999999999993,-0.9097000000000017,0.58,False,True
3.0,bin,1,-0.9854800075292587,-1.1407200038433074,-0.83024001121521,116747,COCCSc1ccccc1C(=O)Nc1cccc(C)n1,3.3808200000000017,CNC(=O)CCSc1ccccc1C(=O)Nc1ccccn1,True,2.562100000000001,-0.8187200000000008,0.5,False,True
3.0,bin,1,-0.9854800075292587,-1.1407200038433074,-0.83024001121521,131060,CS(=O)(=O)NCCc1csc(-c2ccc(F)cc2)n1,2.0408999999999997,NS(=O)(=O)NCC(=O)Cc1csc(-c2ccc(F)cc2)n1,True,0.8539000000000007,-1.186999999999999,0.5384615384615384,False,True
3.0,bin,1,-0.9854800075292587,-1.1407200038433074,-0.83024001121521,131949,CCc1c(C)nc(SCC(=O)NC(C)C)[nH]c1=O,1.25742,CCc1c(C)nc(SCC(=O)NCCOC)[nH]c1=O,True,0.49542,-0.762,0.64,False,False
3.0,bin,1,-0.9854800075292587,-1.1407200038433074,-0.83024001121521,158879,COc1ccc(CC(=O)OCC(=O)c2c[nH]c3ccccc23)cc1,3.145100000000001,NC(=O)COc1ccccc1CC(=O)OCC(=O)c1c[nH]c2ccccc12,True,2.0005999999999995,-1.1445000000000016,0.5714285714285714,False,True
3.0,bin,1,-0.9854800075292587,-1.1407200038433074,-0.83024001121521,232056,COCCNC(=O)c1cc(=O)c2cc(C)ccc2o1,1.4776199999999993,O=C(NCCO)c1cc(=O)c2ccccc2o1,True,0.5151,-0.9625199999999993,0.5306122448979592,False,True
3.0,bin,1,-0.9854800075292587,-1.1407200038433074,-0.83024001121521,235788,O=C(Cn1nc(-c2ccco2)oc1=O)NCC(F)(F)F,0.7747999999999999,CN(CCO)C(=O)Cn1nc(-c2ccco2)oc1=O,True,-0.4530000000000003,-1.2278000000000002,0.5535714285714286,False,True
3.0,bin,1,-0.9854800075292587,-1.1407200038433074,-0.83024001121521,236081,CC(=O)c1c(C)[nH]c(C(=O)CSc2nc(C(C)C)n[nH]2)c1C,3.0506400000000014,COC(=O)c1c(C)[nH]c(C(=O)CSc2nc(C)n[nH]2)c1C,True,1.8196599999999998,-1.2309800000000015,0.5740740740740741,False,True
3.0,bin,1,-0.9854800075292587,-1.1407200038433074,-0.83024001121521,281081,O=C(Cn1cccn1)NCc1cccnc1Oc1ccc(F)cc1F,2.665000000000001,C=CC=COc1ncccc1NCC(=O)NCc1ncccc1C(N)=O,True,1.3823,-1.2827000000000008,0.25301204819277107,False,True
3.0,bin,1,-0.9854800075292587,-1.1407200038433074,-0.83024001121521,284170,COc1ccc(-c2nc(CC(=O)Nc3cccc(C)n3)cs2)cc1,3.7033200000000024,NC(=O)c1ccnc(NC(=O)Cc2csc(-c3ccc(F)cc3)n2)c1,True,2.6243000000000007,-1.0790200000000016,0.45454545454545453,False,True
3.0,bin,1,-0.9854800075292587,-1.1407200038433074,-0.83024001121521,288369,Cc1ccc(NCc2nnc3n2CCCCC3)cc1C,3.2334400000000016,OCc1ccccc1NCc1nnc2n1CCCCC2,True,2.1089,-1.1245400000000014,0.5283018867924528,False,True
3.0,bin,1,-0.9854800075292587,-1.1407200038433074,-0.83024001121521,302889,COc1ccc(OC)c(NC(=O)CCNC(=O)c2cccs2)c1,2.5239000000000003,NC(=O)CC=C1C=NC(C(=O)NCCC(=O)Nc2ccccc2)=C1,True,0.9014999999999995,-1.6224000000000007,0.2638888888888889,False,True
3.0,bin,1,-0.9854800075292587,-1.1407200038433074,-0.83024001121521,327141,COc1ccc(OC)c(S(=O)(=O)Nc2ccn(C)n2)c1,1.2381,Cc1cc(S(=O)(=O)Nc2ccn(C)n2)cc(S(N)(=O)=O)c1F,True,0.3158200000000001,-0.9222799999999999,0.44642857142857145,False,True
3.0,bin,1,-0.9854800075292587,-1.1407200038433074,-0.83024001121521,327382,CNC(=O)C1CN(C(=O)c2c(C)noc2C)c2ccccc2O1,1.4452399999999996,NC(=O)C1CN(C(=O)c2cnoc2N)c2ccccc2O1,True,0.1498999999999991,-1.2953400000000006,0.4426229508196721,False,True
3.0,bin,1,-0.9854800075292587,-1.1407200038433074,-0.83024001121521,406491,COCCNC(=O)C1CCCN(S(=O)(=O)N2CCOCC2)C1,-0.9619999999999964,CC1CN(S(=O)(=O)N2CCC(S(N)(=O)=O)CC2)CCO1,True,-1.2951999999999964,-0.33319999999999994,0.3050847457627119,False,True
3.0,bin,1,-0.9854800075292587,-1.1407200038433074,-0.83024001121521,413951,O=C(Cn1ncn2cccc2c1=O)N1CCCCCC1,0.8985999999999996,CC1=NN(CC(=O)N2CCC(C(N)=O)CCO2)Cc2cccn21,True,0.14070000000000116,-0.7578999999999985,0.2328767123287671,False,True
3.0,bin,1,-0.9854800075292587,-1.1407200038433074,-0.83024001121521,427929,CCNc1nc(NCc2ccccc2Cl)c2cnn(C)c2n1,3.060600000000001,CN(CCO)c1nc(NCc2ccccc2)c2cnn(C)c2n1,True,1.4038999999999995,-1.6567000000000014,0.42857142857142855,False,False
3.0,bin,1,-0.9854800075292587,-1.1407200038433074,-0.83024001121521,447130,CCC(NC(=O)C1CCN(C(=O)C2CC2)CC1)c1ccc(C)cc1,3.2109200000000016,O=C(NCc1cccc(F)c1)C1CCN(C(=O)C2CC2)CC1,True,2.0904999999999996,-1.120420000000002,0.41379310344827586,False,True
3.0,bin,1,-0.9854800075292587,-1.1407200038433074,-0.83024001121521,481908,CCNS(=O)(=O)c1ccc(C)c(C(=O)Nc2ncccc2C)c1,2.24894,Cc1cccnc1NC(=O)c1ccc(F)c(S(N)(=O)=O)c1,True,1.4288200000000002,-0.82012,0.45,False,True
3.0,bin,1,-0.9854800075292587,-1.1407200038433074,-0.83024001121521,485220,Cc1nn(CC(=O)N2CCN(C)CC2)c(C)c1Br,1.03644,COC(=O)c1nn(CC(=O)N2CCNCC2)c(C)c1C,True,-0.2816599999999989,-1.318099999999999,0.40384615384615385,False,True
3.0,bin,1,-0.9854800075292587,-1.1407200038433074,-0.83024001121521,526363,Cc1nnc(SCC(=O)Nc2ccc(O)cc2)n(N)c1=O,0.09692,NC(=O)COc1ccc(NC(=O)CSc2nncc(=O)n2N)cc1,True,-1.0530000000000002,-1.1499200000000003,0.47540983606557374,False,True
3.0,bin,1,-0.9854800075292587,-1.1407200038433074,-0.83024001121521,536853,COc1ccc(C2CCCN2C(=O)C2CCC2)c(OC)c1,3.1674000000000015,NC(=O)COc1ccc(C2CCCN2C(=O)C2CCC2)cc1,True,2.0142999999999995,-1.153100000000002,0.4909090909090909,False,True
3.0,bin,1,-0.9854800075292587,-1.1407200038433074,-0.83024001121521,540312,Cc1nn(C)c2nc(C3CC3)cc(C(=O)NCC(=O)NC(C)(C)C)c12,1.7986199999999997,COC(=O)C(N)OC(=O)C1=CC2=NN(C)C(=NC1C1CC1)C2,True,-0.20399999999999885,-2.0026199999999985,0.16666666666666666,False,True
3.0,bin,1,-0.9854800075292587,-1.1407200038433074,-0.83024001121521,544381,Cc1nc(N2CCCC(C(=O)NC(C)C)C2)c2c(C)c(C)oc2n1,2.8890600000000006,Cc1oc2ncnc(N3CCC(C(N)=O)CC3)c2c1C(F)(F)F,True,2.2517200000000006,-0.63734,0.2916666666666667,False,True
3.0,bin,1,-0.9854800075292587,-1.1407200038433074,-0.83024001121521,544382,CCCNC(=O)C1CCCN(c2nc(C)nc3oc(C)c(C)c23)C1,2.8906600000000013,Cc1oc2nc(N)nc(N3CCC(C(C)O)CC3)c2c1C,True,2.0190399999999995,-0.8716200000000018,0.3939393939393939,False,True
3.0,bin,1,-0.9854800075292587,-1.1407200038433074,-0.83024001121521,550049,Cc1ccc(C)c(OCC(=O)Nc2cccc(-n3cnnc3)c2)c1,2.9016400000000013,Nc1nncn1-c1cccc(NC(=O)COc2ccccc2)c1,True,1.8669999999999998,-1.0346400000000016,0.4603174603174603,False,True
3.0,bin,1,-0.9854800075292587,-1.1407200038433074,-0.83024001121521,573533,Cc1nn(-c2ncc(C(F)(F)F)cc2Cl)c(=O)o1,2.2011199999999995,CCOC(=O)Nc1oc(C(F)(F)F)nc1OCC(=O)OC,True,1.8135999999999997,-0.38751999999999986,0.17647058823529413,False,True
3.0,bin,1,-0.9854800075292587,-1.1407200038433074,-0.83024001121521,582555,O=C(NCC(O)c1ccccc1)c1ccc2c(=O)n3c(nc2c1)CCC3,1.8061000000000003,NC(=O)NCC(O)CCn1cncc2c3ccccc3nc-2c1=O,True,0.3155999999999999,-1.4905000000000004,0.2716049382716049,False,True
3.0,bin,1,-0.9854800075292587,-1.1407200038433074,-0.83024001121521,588547,Cc1n[nH]c(C)c1NC(=O)CCc1ccc(Cl)cc1Cl,3.9046400000000023,COc1ccc(CCC(=O)Nc2c(C)n[nH]c2C)c(C)c1,True,2.914860000000001,-0.9897800000000014,0.6226415094339622,False,True
3.0,bin,1,-0.9854800075292587,-1.1407200038433074,-0.83024001121521,607673,CCCN(CC1CC1)S(=O)(=O)c1ccccc1F,2.636400000000001,N#Cc1ccccc1S(=O)(=O)N(CCO)CC1CC1,True,0.9512800000000001,-1.6851200000000008,0.5,False,True
3.0,bin,1,-0.9854800075292587,-1.1407200038433074,-0.83024001121521,617681,Cc1cc(C(=O)Nc2nc(-c3ccncc3)cs2)nn1C(C)C,3.5432200000000016,Cc1cn(C)nc1C(=O)Nc1nc(-c2ccncc2)cs1,True,2.49932,-1.0439000000000016,0.5714285714285714,False,False
3.0,bin,1,-0.9854800075292587,-1.1407200038433074,-0.83024001121521,650267,COc1ccc2oc(C(=O)NC3CCCCNC3=O)c(C)c2c1,2.14832,COc1c(C(=O)NC2(C(N)=O)CCCNC2=O)oc2ccc(F)cc12,True,0.4444000000000004,-1.7039199999999997,0.358974358974359,False,True
3.0,bin,1,-0.9854800075292587,-1.1407200038433074,-0.83024001121521,668639,Cc1cc(NC(=O)c2ccccc2Cl)ncc1N,2.8779200000000005,Nc1ccnc(NC(=O)C2(F)C=CC=COC2)c1,True,1.4107,-1.4672200000000004,0.25,False,True
3.0,bin,1,-0.9854800075292587,-1.1407200038433074,-0.83024001121521,673160,CCC(=O)Nc1ccc2oc(C(F)(F)F)cc(=O)c2c1,3.160300000000001,CC(=O)NCC(=O)Nc1ccc2oc(C(F)(F)F)cc(=O)c2c1,True,1.8863999999999999,-1.2739000000000014,0.75,False,True
3.0,bin,1,-0.9854800075292587,-1.1407200038433074,-0.83024001121521,711169,Cc1cccc(C(C)C)c1NC(=O)N(C)Cc1ccncc1,4.177320000000003,COc1cc(C)c(NC(=O)N(C)Cc2ccncc2)cc1OC,True,3.0711200000000014,-1.1062000000000012,0.509090909090909,False,True
3.0,bin,1,-0.9854800075292587,-1.1407200038433074,-0.83024001121521,720969,Cc1noc(C)c1CCC(=O)OCC(=O)N1c2ccccc2CC1C,2.7450400000000013,O=C(COC(=O)CCCc1ccccc1)NCc1ccon1,True,1.8569,-0.8881400000000013,0.2631578947368421,False,True
3.0,bin,1,-0.9854800075292587,-1.1407200038433074,-0.83024001121521,730789,COC(=O)C1CCN(C(=O)c2cc3ccc(F)cc3nc2C)CC1,2.7075200000000006,COc1nc2cc(F)ccc2cc1C(=O)N1CCC(C(N)=O)CC1,True,1.72,-0.9875200000000006,0.6428571428571429,False,True
3.0,bin,1,-0.9854800075292587,-1.1407200038433074,-0.83024001121521,738178,Cc1ccc(-n2ccnc2SCc2nc(C3CC3)no2)cc1C,4.041840000000003,Oc1noc(CSc2nccn2C2=CC3=CCC(O)C32)n1,True,1.4256999999999995,-2.6161400000000037,0.4057971014492754,False,True
3.0,bin,1,-0.9854800075292587,-1.1407200038433074,-0.83024001121521,771897,COc1ccccc1OCC(=O)N(C)Cc1sccc1C,3.102520000000002,Cc1ccsc1CN(C)C(=O)COc1ccc(C(N)=O)cc1,True,2.19282,-0.9097000000000017,0.64,False,True
3.0,bin,1,-0.9854800075292587,-1.1407200038433074,-0.83024001121521,811446,COC(=O)C1(NC(=O)c2cc(Br)c[nH]2)CCCCCC1,2.7730000000000006,NC(=O)C(CCCCO)NC(=O)c1cc(Br)c[nH]1,True,0.5234999999999996,-2.249500000000001,0.3508771929824561,False,True
3.0,bin,1,-0.9854800075292587,-1.1407200038433074,-0.83024001121521,848291,CCC(C)NC(=O)NCc1noc(-c2cccs2)n1,2.3958000000000004,CC(=O)NC(C)(O)C(=O)NCc1noc(-c2cccs2)n1,True,0.2589000000000004,-2.1369,0.5862068965517241,False,True
3.0,bin,1,-0.9854800075292587,-1.1407200038433074,-0.83024001121521,863440,COc1ccc(-c2nc(CCCO)cs2)cc1OC,2.752200000000001,CC(=O)NCc1csc(C2=CC(=CS(N)(=O)=O)C=C2)n1,True,0.9048000000000003,-1.8474000000000008,0.22727272727272727,False,True
3.0,bin,1,-0.9854800075292587,-1.1407200038433074,-0.83024001121521,864663,N#Cc1ccc(-c2cc(F)ccc2F)nc1N1CCCC1,3.498680000000002,N#Cc1ccc(N2CCCC2)nc1C1=CC=COCC(=O)N1,True,1.5544799999999999,-1.9442000000000021,0.2835820895522388,False,True
3.0,bin,1,-0.9854800075292587,-1.1407200038433074,-0.83024001121521,872100,CCc1cccc(C)c1NCC(O)c1ccc2c(c1)OCCO2,3.474120000000002,N#Cc1cc(NCC(O)c2ccc3c(c2)OCCO3)ccc1F,True,2.6140800000000004,-0.8600400000000015,0.45901639344262296,False,True
3.0,bin,1,-0.9854800075292587,-1.1407200038433074,-0.83024001121521,886334,COc1ccc(C(=O)N2CCCC(C(=O)N3CCCCC3)C2)c(O)c1,2.2655000000000003,CCCCNC(=O)C1CCCN(C(=O)c2cccc(S(N)(=O)=O)c2)C1,True,1.1025,-1.1630000000000003,0.3333333333333333,False,True
3.0,bin,1,-0.9854800075292587,-1.1407200038433074,-0.83024001121521,887387,COCCNC(=O)N(Cc1cccc(F)c1)CC1CCCO1,2.1627,NS(=O)(=O)N(Cc1cc(F)cc(NC(=O)F)c1)C1CCCO1,True,1.4691000000000007,-0.6935999999999993,0.3157894736842105,False,True
3.0,bin,1,-0.9854800075292587,-1.1407200038433074,-0.83024001121521,889149,N#Cc1ccc(NC(=O)c2ccc(Br)cc2Cl)nc1,3.621480000000001,COc1cc(C(=O)Nc2ccc(C#N)cn2)cc(OC)c1C,True,2.5312,-1.0902800000000008,0.4909090909090909,False,True
3.0,bin,1,-0.9854800075292587,-1.1407200038433074,-0.83024001121521,913483,O=C(CNC(=O)NCCc1c(Cl)cccc1Cl)NC1CC1,2.1137000000000006,O=C(CNC(=O)NCCc1cccc(F)c1)NC1CC1,True,0.946,-1.1677000000000006,0.6122448979591837,False,False
3.0,bin,1,-0.9854800075292587,-1.1407200038433074,-0.83024001121521,917620,C=CCN(Cc1ccccc1OC)C(=O)c1csc(C)n1,3.288520000000002,COc1cccc(CNC(=O)c2csc(C)n2)c1O,True,2.0957200000000005,-1.1928000000000014,0.48333333333333334,False,True
3.0,bin,1,-0.9854800075292587,-1.1407200038433074,-0.83024001121521,918312,CCOc1ccc(Cl)c(C(=O)N2CCN(c3ncccn3)CC2)n1,1.8860999999999997,COc1ccnc(N2CCN(C(=O)c3nccc(C#N)n3)CC2)n1,True,0.10928000000000004,-1.7768199999999996,0.40625,False,True
3.0,bin,1,-0.9854800075292587,-1.1407200038433074,-0.83024001121521,922879,CC(=O)c1ccc(N2CCN(Cc3c(F)cccc3F)CC2)cc1,3.489600000000003,NC(=O)Nc1ccc(CN2CCN(c3c(F)cccc3F)CC2)cc1,True,2.7776000000000014,-0.7120000000000015,0.4,False,True
3.0,bin,1,-0.9854800075292587,-1.1407200038433074,-0.83024001121521,927535,COc1cc(CN2CCN(c3ccccc3F)CC2)ccc1O,2.862100000000002,NS(=O)(=O)c1cccc(N2CCN(Cc3ccc(O)cc3F)CC2)c1,True,1.5009,-1.3612000000000022,0.3181818181818182,False,True
3.0,bin,1,-0.9854800075292587,-1.1407200038433074,-0.83024001121521,927567,Cc1ccccc1N1CCN(Cc2cccc(O)c2)CC1,3.022820000000001,NS(=O)(=O)c1cccc(CN2CCN(c3ccccc3F)CC2)c1,True,1.7953,-1.2275200000000013,0.4528301886792453,False,True
3.0,bin,1,-0.9854800075292587,-1.1407200038433074,-0.83024001121521,938108,CC(c1ccccc1)N(C)C(=O)CCC(=O)Nc1nccs1,3.0814000000000012,O=C(CCC(=O)Nc1nccs1)NCc1ccccc1,True,2.1782000000000004,-0.9032000000000009,0.5576923076923077,False,True
3.0,bin,1,-0.9854800075292587,-1.1407200038433074,-0.83024001121521,943303,CN(CCCOc1ccccc1)C(=O)Nc1cccc2c1OCCO2,3.390600000000002,NC(=O)C=CC=C1C=C1OCCCNC(=O)Nc1cccc2c1OCCO2,True,1.8513999999999993,-1.5392000000000026,0.43661971830985913,False,True
3.0,bin,1,-0.9854800075292587,-1.1407200038433074,-0.83024001121521,946289,CC(NC(=O)C1(c2cc(-c3ccco3)on2)CC1)c1ccccc1,3.843600000000002,Nc1cccc(CNC(=O)C2(c3cc(-c4ccco4)on3)CC2)c1,True,2.8648000000000007,-0.9788000000000014,0.5483870967741935,False,True
3.0,bin,1,-0.9854800075292587,-1.1407200038433074,-0.83024001121521,994077,Cc1nnc(Cn2c(-c3cccc(Br)c3)noc2=O)o1,2.0055199999999997,COc1ccc(-c2noc(=O)n2Cc2nnco2)cc1,True,0.9431999999999999,-1.0623199999999997,0.4406779661016949,False,True
3.0,bin,1,-0.9854800075292587,-1.1407200038433074,-0.83024001121521,1065620,O=C(NCc1cccnc1Oc1ccccc1)c1cccnc1,3.198900000000002,NC(=O)c1ccc(C(=O)NCc2cccnc2Oc2ccccc2)cn1,True,2.2978000000000005,-0.9011000000000013,0.7115384615384616,False,True
3.0,bin,1,-0.9854800075292587,-1.1407200038433074,-0.83024001121521,1093926,CN(C(=O)CNc1cccc(OCC2CCCO2)c1)c1ccccc1,3.319300000000002,NC(=O)C(NC(=O)CNc1cccc(OCC2CCCO2)c1)c1ccccc1,True,1.9990999999999997,-1.3202000000000023,0.6212121212121212,False,True
3.0,bin,1,-0.9854800075292587,-1.1407200038433074,-0.83024001121521,1107920,CCc1ccc(-n2cc(C(=O)NC(C)c3ccccc3)nn2)cc1,3.320700000000002,COc1ccc(-n2cc(C(=O)NCc3ccccc3F)nn2)cc1,True,2.3450000000000006,-0.9757000000000016,0.421875,False,True
3.0,bin,1,-0.9854800075292587,-1.1407200038433074,-0.83024001121521,1113130,CC(NC(=O)Cn1nnnc1C(C)(C)C)c1cccc2ccccc12,3.0012000000000016,CCc1nnnn1CC(=O)NC(C)c1cccc2ccccc12,True,2.2661,-0.7351000000000019,0.7169811320754716,False,True
3.0,bin,1,-0.9854800075292587,-1.1407200038433074,-0.83024001121521,1121751,COC(=O)Cn1ccc(NS(=O)(=O)c2ccc(F)c(F)c2F)n1,1.2742,CNS(=O)(=O)c1cc(S(=O)(=O)Nc2ccn(CC#N)n2)ccc1F,True,0.25467999999999963,-1.0195200000000004,0.42857142857142855,False,True
3.0,bin,1,-0.9854800075292587,-1.1407200038433074,-0.83024001121521,1142531,CCOC(C)C(=O)NCCc1csc(-c2ccc(C)cc2)n1,3.2022200000000014,CC(=O)NCCNC(=O)CCc1csc(-c2ccc(C)cc2)n1,True,2.30342,-0.8988000000000014,0.543859649122807,False,True
3.0,bin,1,-0.9854800075292587,-1.1407200038433074,-0.83024001121521,1212157,CN(Cc1ccc(F)c(F)c1)C(=O)c1cncc(-c2cnn(C)c2)c1,3.0325000000000015,O=C(NCc1ccccc1)c1cncc(-c2cn[nH]c2)c1,True,2.4017,-0.6308000000000016,0.2714285714285714,False,True
3.0,bin,1,-0.9854800075292587,-1.1407200038433074,-0.83024001121521,1215394,CCn1nc(C)cc1C(=O)Oc1cccc(NC(=O)C(C)C)c1,3.025120000000001,CC=C(SC=NNCC)C(=O)Oc1cccc(S(C)=O)c1,True,2.5192000000000005,-0.5059200000000006,0.23684210526315788,False,True
3.0,bin,1,-0.9854800075292587,-1.1407200038433074,-0.83024001121521,1232922,CC(C)(C)OC(=O)NC1CCCN(S(=O)(=O)N2CCOCC2)C1,0.5525000000000011,CN(C)C(=O)C1CCCN(S(=O)(=O)N2CCOCC2)C1,True,-0.6363999999999983,-1.1888999999999994,0.5,False,True
3.0,bin,1,-0.9854800075292587,-1.1407200038433074,-0.83024001121521,1238973,FC(F)(F)c1cnc(N2CCn3c(nnc3C3CC3)C2)c(Cl)c1,3.2429000000000023,Cc1ccc(C)c(NCCn2cnnc2C2CC2C)n1,True,2.5254400000000006,-0.7174600000000018,0.11392405063291139,False,True
3.0,bin,1,-0.9854800075292587,-1.1407200038433074,-0.83024001121521,1299495,Cc1cc(CC(=O)N2CCCC2C(C#N)c2ccccc2)no1,2.823900000000001,NC1=CC(C2CCCN2C(=O)C(O)c2ccccc2N)O1,True,0.4920999999999997,-2.331800000000001,0.25675675675675674,False,True
3.0,bin,1,-0.9854800075292587,-1.1407200038433074,-0.83024001121521,1309906,CC(C)CC(NC(=O)c1cc(=O)c2ccccc2o1)C(=O)OC(C)C,2.8891000000000018,CCOC(=O)C(CC=O)NC(=O)c1cc(=O)c2ccccc2o1,True,1.0434999999999997,-1.8456000000000021,0.6140350877192983,False,True
3.0,bin,1,-0.9854800075292587,-1.1407200038433074,-0.83024001121521,1362816,COCc1cccc(C(=O)NC2CC2c2cccc(Cl)c2)c1,3.772300000000002,CN(C)C(=O)COc1ccc(C(=O)NC2CC2c2cccc(F)c2)cc1,True,2.5786000000000007,-1.1937000000000015,0.43283582089552236,False,True
3.0,bin,1,-0.9854800075292587,-1.1407200038433074,-0.83024001121521,1441838,COCC(=O)NC(C(=O)Nc1cccc(-c2nccs2)c1)C(C)C,2.5358,CNS(=O)(=O)CC(=O)Nc1cccc(-c2nc(C)cs2)c1,True,1.6062199999999995,-0.9295800000000005,0.352112676056338,False,True
3.0,bin,1,-0.9854800075292587,-1.1407200038433074,-0.83024001121521,1450449,CCCNC(=O)CSc1nc2c(cc1C#N)CCCC2,2.450380000000001,CNC(=O)CN(C)C(=O)CSc1nc2c(cc1C#N)CCCC2,True,1.1285800000000001,-1.3218000000000008,0.6271186440677966,False,True
3.0,bin,1,-0.9854800075292587,-1.1407200038433074,-0.83024001121521,1451910,O=S(=O)(NCc1nnc2ccccn12)c1ccc(F)c(F)c1,1.4859999999999995,Cc1ccc(C(N)=O)cc1S(=O)(=O)NCc1nnc2ccccn12,True,0.6151199999999993,-0.8708800000000002,0.5166666666666667,False,True
3.0,bin,1,-0.9854800075292587,-1.1407200038433074,-0.83024001121521,1479798,Cc1nc(C)c(CCC(=O)N(CC(C)C)CC(F)(F)F)c(=O)[nH]1,2.3662400000000003,CCOC(=O)C(=O)NC(=O)CCC1=C(C)N=C(C)NC1,True,0.26809999999999984,-2.0981400000000003,0.18571428571428572,False,True
3.0,bin,1,-0.9854800075292587,-1.1407200038433074,-0.83024001121521,1507926,COC(=O)C(C)NC(=O)Cc1csc(-c2ccccc2Cl)n1,2.6837,NS(=O)(=O)Cc1csc(-c2ccccc2Cl)n1,True,2.2520000000000007,-0.4316999999999993,0.46296296296296297,False,True
3.0,bin,1,-0.9854800075292587,-1.1407200038433074,-0.83024001121521,1527882,Nc1ncccc1C(=O)Nc1ccc2cn[nH]c2c1,1.7923999999999998,NS(=O)(=O)c1ccc(C(=O)Nc2ccc3cn[nH]c3c2)cn1,True,0.8575999999999999,-0.9347999999999999,0.5357142857142857,False,True
3.0,bin,1,-0.9854800075292587,-1.1407200038433074,-0.83024001121521,1532848,COc1ccc(-c2ccc3c(=O)[nH]cnc3c2)cc1Cl,3.2521000000000013,COc1ccccc1-c1ccc2c(=O)[nH]cnc2c1,True,2.5987,-0.6534000000000013,0.6521739130434783,False,False
3.0,bin,1,-0.9854800075292587,-1.1407200038433074,-0.83024001121521,1548351,COc1cc(OC)c2c(c1)C(c1cnccn1)NCC2,1.7288999999999999,NC(=O)COc1ccc2c(c1)C(c1cnccn1)NCC2,True,0.5757999999999996,-1.1531000000000002,0.4666666666666667,False,True
3.0,bin,1,-0.9854800075292587,-1.1407200038433074,-0.83024001121521,1570134,COc1cccc(C(C)N2CCN(C(=O)c3ccc(O)cc3)CC2)c1,2.9198000000000013,NC(=O)c1ccc(C(=O)N2CCN(Cc3ccc(O)cc3)CC2)cc1,True,1.4490999999999996,-1.4707000000000017,0.3684210526315789,False,True
3.0,bin,1,-0.9854800075292587,-1.1407200038433074,-0.83024001121521,1611406,CC(C)(C)N1CC(NC(=O)C2COc3ccc(F)cc3C2)CC1=O,1.8923999999999994,CN1CC(NC(=O)C2COc3ccc(F)cc3C2)CC1=O,True,0.7236999999999989,-1.1687000000000005,0.7636363636363637,False,True
3.0,bin,1,-0.9854800075292587,-1.1407200038433074,-0.83024001121521,1612684,CCCC1CN(C(=O)Nc2ccn(CCC(C)C)n2)CCO1,2.9620000000000015,CCOCC1CN(C(=O)Nc2ccn(CC(F)(F)F)n2)CCO1,True,1.7146000000000001,-1.2474000000000014,0.5671641791044776,False,True
3.0,bin,1,-0.9854800075292587,-1.1407200038433074,-0.83024001121521,1639675,CCC(CC)c1nnc(NC(=O)c2scnc2C2CC2)s1,4.0279000000000025,CC1=NN=C(NC(=O)c2scnc2C2CC2)[SH]1C,True,2.0843,-1.9436000000000027,0.5,False,True
3.0,bin,1,-0.9854800075292587,-1.1407200038433074,-0.83024001121521,1675660,COc1ccnc(NC(=O)c2cccc(Cl)c2)c1,2.9959000000000007,COc1ccnc(NC(=O)c2cccc(S(C)(=O)=O)c2)c1,True,1.7459999999999998,-1.249900000000001,0.6875,False,False
3.0,bin,1,-0.9854800075292587,-1.1407200038433074,-0.83024001121521,1689728,CCc1noc(CSc2ncnc3sc(C)cc23)n1,3.237420000000002,NCc1noc(CSc2ncnc3sccc23)n1,True,1.8253,-1.412120000000002,0.5272727272727272,False,True
3.0,bin,1,-0.9854800075292587,-1.1407200038433074,-0.83024001121521,1720876,CC(C)(C)CC(=O)NCC(=O)Nc1ccc2c(c1)COC2,2.2077,CCN(CCO)C(=O)NCc1ccc2c(c1)COC2,True,1.2406,-0.9671000000000001,0.3559322033898305,False,True
3.0,bin,1,-0.9854800075292587,-1.1407200038433074,-0.83024001121521,1757109,CC(C)Cc1ncc(CNc2ccc3c(c2)COC3)s1,3.983900000000003,COCCc1ncc(CNc2ccc3c(c2)COC3)s1,True,2.9743000000000013,-1.0096000000000016,0.6862745098039216,False,True
3.0,bin,1,-0.9854800075292587,-1.1407200038433074,-0.83024001121521,1774061,O=C1NCCCc2[nH]c(-c3cccc4[nH]ccc34)nc21,2.234,[NH]N1CCCc2[nH]c(CN(CCC(N)=O)C3=CC=CC3N)nc21,True,-0.18139999999999812,-2.415399999999998,0.1411764705882353,False,True
3.0,bin,1,-0.9854800075292587,-1.1407200038433074,-0.83024001121521,1800687,Cc1nn(C)c(-c2nc(-c3cccnn3)no2)c1Cl,1.8889199999999997,Cc1nn(CCO)c(C)c1-c1nc(-c2cccnn2)no1,True,0.9992399999999999,-0.8896799999999998,0.5357142857142857,False,True
3.0,bin,1,-0.9854800075292587,-1.1407200038433074,-0.83024001121521,1815867,FC(F)(F)c1ccc(CN2CCOCC2c2ncon2)cc1,2.661900000000001,Oc1cccc(F)c1CN1CCOCC1c1ncon1,True,1.4877999999999998,-1.1741000000000013,0.5689655172413793,False,True
3.0,bin,1,-0.9854800075292587,-1.1407200038433074,-0.83024001121521,1828580,Cc1ccc(N2CC3OCC(=O)N(Cc4cccc(F)c4)C3C2)nn1,1.54032,CCN(C(=O)COCCNCc1ccc[nH]1)c1cccnn1,True,0.9639999999999992,-0.5763200000000007,0.10638297872340426,False,True
3.0,bin,1,-0.9854800075292587,-1.1407200038433074,-0.83024001121521,1836183,CCc1ccc(C(=O)NCc2nccc(N(C)C)n2)cc1,2.035,CNS(=O)(=O)c1ccc(C(=O)NCc2nccc(C(F)(F)F)n2)cc1,True,1.3335,-0.7015000000000002,0.45614035087719296,False,True
3.0,bin,1,-0.9854800075292587,-1.1407200038433074,-0.83024001121521,1842499,COc1ccccc1COc1ccccc1-c1cnn(CCO)c1,3.1300000000000017,NS(=O)(=O)c1ccccc1-c1ccccc1OCc1cnn(CCO)c1,True,1.7688000000000001,-1.3612000000000015,0.4745762711864407,False,True
3.0,bin,1,-0.9854800075292587,-1.1407200038433074,-0.83024001121521,1865564,COC(CNC(=O)c1ccoc1)c1cccc(F)c1,2.536200000000001,NC(=O)C(CNC(=O)c1ccoc1)c1ccccc1F,True,1.4175999999999993,-1.1186000000000016,0.46551724137931033,False,True
3.0,bin,1,-0.9854800075292587,-1.1407200038433074,-0.83024001121521,1868773,CCCOc1ccc(Cl)c2c1CCNC2C1CC(=O)C1,3.2947000000000015,COc1cc2cc(c1C)CC(=O)CCCCNC2,True,2.38872,-0.9059800000000013,0.17391304347826086,False,True
3.0,bin,1,-0.9854800075292587,-1.1407200038433074,-0.83024001121521,1873123,CCC1OC(=O)c2c(OC)ccc(Br)c21,3.079200000000002,COC(=O)C1OC(=O)c2c(F)cc(OC)c(Br)c21,True,1.9812999999999998,-1.097900000000002,0.3584905660377358,False,True
3.0,bin,1,-0.9854800075292587,-1.1407200038433074,-0.83024001121521,1875028,Cc1cccc(C)c1NCC(=O)N1CCCC2CCCCC21,3.8965400000000034,NC(=O)CSc1ccccc1NCC(=O)NCC1CCCCC1,True,2.3724,-1.5241400000000036,0.25757575757575757,False,True
3.0,bin,1,-0.9854800075292587,-1.1407200038433074,-0.83024001121521,1895921,CCC(CC)N(C)C(=O)CC1OC(=O)c2ccccc21,2.935200000000002,C=CCOC(=O)CC1OC(=O)c2ccccc21,True,2.0174,-0.917800000000002,0.47058823529411764,False,True
3.0,bin,1,-0.9854800075292587,-1.1407200038433074,-0.83024001121521,1907077,Cc1ccc2[nH]nc(C(=O)Nc3nc(-c4ccco4)cs3)c2c1,3.8401200000000015,Cc1ccc2[nH]nc(C(=O)Nc3n[nH]c4ccc(C(N)=O)cc34)c2c1,True,2.09882,-1.7413000000000016,0.46875,False,True
3.0,bin,1,-0.9854800075292587,-1.1407200038433074,-0.83024001121521,1913063,Cc1nn(C)c(C)c1CN(C(=O)c1cn2cccc(C)c2n1)C1CC1,2.797860000000001,O=C(c1cn2ccccc2n1)N(Cc1cn[nH]c1)C1CC1,True,1.8621999999999999,-0.935660000000001,0.4225352112676056,False,True
3.0,bin,1,-0.9854800075292587,-1.1407200038433074,-0.83024001121521,1922265,CN(CCNC(=O)c1ccc2c(c1)ncn2C)c1ccccc1,2.4395000000000007,N#Cn1cnc2cc(C(=O)NCC(Nc3ccccc3)C(N)=O)ccc21,True,1.0612799999999998,-1.3782200000000009,0.42028985507246375,False,True
3.0,bin,2,-0.7375200986862183,-0.83024001121521,-0.6448001861572266,32052,COc1ccccc1CNC(=O)Cc1c[nH]c2ccccc12,3.035400000000001,NC(=O)C(NC(=O)Cc1c[nH]c2ccccc12)c1ccccc1,True,2.0531999999999995,-0.9822000000000015,0.49056603773584906,False,True
3.0,bin,2,-0.7375200986862183,-0.83024001121521,-0.6448001861572266,116747,COCCSc1ccccc1C(=O)Nc1cccc(C)n1,3.3808200000000017,CCNC(=O)CSc1ccccc1C(=O)Nc1ccccn1,True,2.562100000000001,-0.8187200000000008,0.4482758620689655,False,True
3.0,bin,2,-0.7375200986862183,-0.83024001121521,-0.6448001861572266,131060,CS(=O)(=O)NCCc1csc(-c2ccc(F)cc2)n1,2.0408999999999997,NC(=O)COC(=O)Cc1csc(-c2ccc(F)cc2)n1,True,1.5202000000000004,-0.5206999999999993,0.4444444444444444,False,True
3.0,bin,2,-0.7375200986862183,-0.83024001121521,-0.6448001861572266,131949,CCc1c(C)nc(SCC(=O)NC(C)C)[nH]c1=O,1.25742,Cc1cc(=O)[nH]c(SCC(=O)NC(C)C)n1,True,0.6950199999999997,-0.5624000000000002,0.5833333333333334,False,True
3.0,bin,2,-0.7375200986862183,-0.83024001121521,-0.6448001861572266,158879,COc1ccc(CC(=O)OCC(=O)c2c[nH]c3ccccc23)cc1,3.145100000000001,NC(=O)C(C(=O)OCC(=O)c1c[nH]c2ccccc12)c1ccccc1,True,2.1628999999999996,-0.9822000000000015,0.509090909090909,False,True
3.0,bin,2,-0.7375200986862183,-0.83024001121521,-0.6448001861572266,232056,COCCNC(=O)c1cc(=O)c2cc(C)ccc2o1,1.4776199999999993,Cc1ccc2oc(C(=O)NCCCNS(C)(=O)=O)cc(=O)c2c1,True,0.7705199999999996,-0.7070999999999996,0.6666666666666666,False,True
3.0,bin,2,-0.7375200986862183,-0.83024001121521,-0.6448001861572266,235788,O=C(Cn1nc(-c2ccco2)oc1=O)NCC(F)(F)F,0.7747999999999999,COCCCNC(=O)Cn1nc(-c2ccco2)oc1=O,True,0.24899999999999972,-0.5258000000000003,0.6428571428571429,False,False
3.0,bin,2,-0.7375200986862183,-0.83024001121521,-0.6448001861572266,236081,CC(=O)c1c(C)[nH]c(C(=O)CSc2nc(C(C)C)n[nH]2)c1C,3.0506400000000014,CC(=O)c1c(C)[nH]c(C(=O)CSc2nc(C)n[nH]2)c1C,True,2.23566,-0.8149800000000011,0.7446808510638298,False,True
3.0,bin,2,-0.7375200986862183,-0.83024001121521,-0.6448001861572266,281081,O=C(Cn1cccn1)NCc1cccnc1Oc1ccc(F)cc1F,2.665000000000001,NC(=O)Nc1cccnc1Oc1cccnc1Cn1cccn1,True,2.0043,-0.6607000000000007,0.42028985507246375,False,True
3.0,bin,2,-0.7375200986862183,-0.83024001121521,-0.6448001861572266,284170,COc1ccc(-c2nc(CC(=O)Nc3cccc(C)n3)cs2)cc1,3.7033200000000024,Nc1cccc(NC(=O)Cc2csc(-c3ccccc3)n2)n1,True,2.9685000000000006,-0.7348200000000018,0.5892857142857143,False,True
3.0,bin,2,-0.7375200986862183,-0.83024001121521,-0.6448001861572266,288369,Cc1ccc(NCc2nnc3n2CCCCC3)cc1C,3.2334400000000016,CN(C)C(=O)Cc1cccc(NCc2nnc3n2CCCCC3)c1,True,2.247299999999999,-0.9861400000000025,0.5689655172413793,False,True
3.0,bin,2,-0.7375200986862183,-0.83024001121521,-0.6448001861572266,302889,COc1ccc(OC)c(NC(=O)CCNC(=O)c2cccs2)c1,2.5239000000000003,NC(=O)c1ccc(NC(=O)CCNC(=O)c2cccs2)cc1,True,1.605599999999999,-0.9183000000000012,0.5087719298245614,False,False
3.0,bin,2,-0.7375200986862183,-0.83024001121521,-0.6448001861572266,327141,COc1ccc(OC)c(S(=O)(=O)Nc2ccn(C)n2)c1,1.2381,CN1C=CN(S(=O)(=O)c2ccccc2)C1CC(N)=O,True,0.2954000000000002,-0.9426999999999998,0.13846153846153847,False,True
3.0,bin,2,-0.7375200986862183,-0.83024001121521,-0.6448001861572266,327382,CNC(=O)C1CN(C(=O)c2c(C)noc2C)c2ccccc2O1,1.4452399999999996,Cc1oncc1C(=O)N1CC(C(N)=O)Oc2ccccc21,True,0.8761199999999992,-0.5691200000000004,0.5084745762711864,False,True
3.0,bin,2,-0.7375200986862183,-0.83024001121521,-0.6448001861572266,406491,COCCNC(=O)C1CCCN(S(=O)(=O)N2CCOCC2)C1,-0.9619999999999964,NC(=O)C1CCN(S(=O)(=O)N2CCOCC2)CC1O,True,-2.2684999999999964,-1.3065,0.39285714285714285,False,True
3.0,bin,2,-0.7375200986862183,-0.83024001121521,-0.6448001861572266,413951,O=C(Cn1ncn2cccc2c1=O)N1CCCCCC1,0.8985999999999996,NC(=O)C1CCCCN1C(=O)Cn1ncn2cccc2c1=O,True,-0.6376,-1.5361999999999996,0.6415094339622641,False,True
3.0,bin,2,-0.7375200986862183,-0.83024001121521,-0.6448001861572266,427929,CCNc1nc(NCc2ccccc2Cl)c2cnn(C)c2n1,3.060600000000001,CCn1ncc2c(NCc3ccccc3)nc(NC)nc21,True,2.5,-0.5606000000000009,0.4406779661016949,False,True
3.0,bin,2,-0.7375200986862183,-0.83024001121521,-0.6448001861572266,447130,CCC(NC(=O)C1CCN(C(=O)C2CC2)CC1)c1ccc(C)cc1,3.2109200000000016,Cc1ccc(CNC(=O)C2CCN(C(=O)C3CC3)CC2)cc1F,True,2.3989200000000004,-0.8120000000000012,0.4482758620689655,False,True
3.0,bin,2,-0.7375200986862183,-0.83024001121521,-0.6448001861572266,481908,CCNS(=O)(=O)c1ccc(C)c(C(=O)Nc2ncccc2C)c1,2.24894,NS(=O)(=O)c1ccc(Cl)c(C(=O)Nc2ncccc2O)c1,True,1.3403,-0.9086400000000001,0.4406779661016949,False,True
3.0,bin,2,-0.7375200986862183,-0.83024001121521,-0.6448001861572266,485220,Cc1nn(CC(=O)N2CCN(C)CC2)c(C)c1Br,1.03644,CN1CCN(C(=O)Cn2cc(Br)cn2)CC1O,True,-0.2620000000000004,-1.2984400000000005,0.32142857142857145,False,True
3.0,bin,2,-0.7375200986862183,-0.83024001121521,-0.6448001861572266,526363,Cc1nnc(SCC(=O)Nc2ccc(O)cc2)n(N)c1=O,0.09692,NC(=O)c1cccc(NC(=O)CSc2nncc(=O)n2N)c1,True,-0.8182000000000003,-0.9151200000000003,0.43548387096774194,False,True
3.0,bin,2,-0.7375200986862183,-0.83024001121521,-0.6448001861572266,536853,COc1ccc(C2CCCN2C(=O)C2CCC2)c(OC)c1,3.1674000000000015,CS(=O)(=O)Nc1cc(C2CCCN2C(=O)C2CCC2)ccc1F,True,2.660800000000001,-0.5066000000000006,0.4262295081967213,False,True
3.0,bin,2,-0.7375200986862183,-0.83024001121521,-0.6448001861572266,540312,Cc1nn(C)c2nc(C3CC3)cc(C(=O)NCC(=O)NC(C)(C)C)c12,1.7986199999999997,Cc1nn(C)c2nc(C3CC3)cc(C(=O)NCCCO)c12,True,1.26632,-0.5322999999999998,0.6724137931034483,False,False
3.0,bin,2,-0.7375200986862183,-0.83024001121521,-0.6448001861572266,544381,Cc1nc(N2CCCC(C(=O)NC(C)C)C2)c2c(C)c(C)oc2n1,2.8890600000000006,COCCNC(=O)C1CCN(c2nc(C)nc3oc(C)cc23)CC1,True,1.8186399999999991,-1.0704200000000015,0.3561643835616438,False,True
3.0,bin,2,-0.7375200986862183,-0.83024001121521,-0.6448001861572266,544382,CCCNC(=O)C1CCCN(c2nc(C)nc3oc(C)c(C)c23)C1,2.8906600000000013,Cc1nc(N2CCC(C(N)=O)CC2)c2c(C)c(C)oc2n1,True,1.8497600000000003,-1.040900000000001,0.5423728813559322,False,True
3.0,bin,2,-0.7375200986862183,-0.83024001121521,-0.6448001861572266,550049,Cc1ccc(C)c(OCC(=O)Nc2cccc(-n3cnnc3)c2)c1,2.9016400000000013,N#Cc1cccc(OCC(=O)Nc2cccc(-n3cnnc3)c2)c1,True,2.1564799999999993,-0.745160000000002,0.603448275862069,False,True
3.0,bin,2,-0.7375200986862183,-0.83024001121521,-0.6448001861572266,573533,Cc1nn(-c2ncc(C(F)(F)F)cc2Cl)c(=O)o1,2.2011199999999995,COC(=O)c1cnc(NN=C(C)OC(C)=N)c(Cl)c1,True,2.2806699999999998,0.07955000000000023,0.1791044776119403,False,True
3.0,bin,2,-0.7375200986862183,-0.83024001121521,-0.6448001861572266,582555,O=C(NCC(O)c1ccccc1)c1ccc2c(=O)n3c(nc2c1)CCC3,1.8061000000000003,C=CC=C(CNC(=O)c1ccc2c(=O)n3c(nc2c1)CCC3C=CC)C(N)=O,True,1.7873999999999997,-0.018700000000000605,0.35714285714285715,False,True
3.0,bin,2,-0.7375200986862183,-0.83024001121521,-0.6448001861572266,588547,Cc1n[nH]c(C)c1NC(=O)CCc1ccc(Cl)cc1Cl,3.9046400000000023,Cc1n[nH]c(C)c1NC(=O)CCc1c(F)cccc1F,True,2.8760400000000015,-1.0286000000000008,0.5576923076923077,False,True
3.0,bin,2,-0.7375200986862183,-0.83024001121521,-0.6448001861572266,607673,CCCN(CC1CC1)S(=O)(=O)c1ccccc1F,2.636400000000001,N#CCCN(CC1CC1)S(=O)(=O)c1ccccc1,True,2.00098,-0.6354200000000008,0.4489795918367347,False,False
3.0,bin,2,-0.7375200986862183,-0.83024001121521,-0.6448001861572266,617681,Cc1cc(C(=O)Nc2nc(-c3ccncc3)cs2)nn1C(C)C,3.5432200000000016,Cc1cc(C(=O)Nc2nc(-c3ccncc3)cs2)nn1C,True,2.49932,-1.0439000000000016,0.7450980392156863,False,False
3.0,bin,2,-0.7375200986862183,-0.83024001121521,-0.6448001861572266,650267,COc1ccc2oc(C(=O)NC3CCCCNC3=O)c(C)c2c1,2.14832,NC(=O)Nc1ccc2oc(C(=O)NC3CCCCNC3=O)cc2c1,True,1.3218999999999999,-0.8264200000000002,0.47761194029850745,False,True
3.0,bin,2,-0.7375200986862183,-0.83024001121521,-0.6448001861572266,668639,Cc1cc(NC(=O)c2ccccc2Cl)ncc1N,2.8779200000000005,COCCOc1ccccc1C(=O)Nc1cc(N)ccn1,True,1.9413,-0.9366200000000005,0.40350877192982454,False,True
3.0,bin,2,-0.7375200986862183,-0.83024001121521,-0.6448001861572266,673160,CCC(=O)Nc1ccc2oc(C(F)(F)F)cc(=O)c2c1,3.160300000000001,CNC(=O)COc1ccc2oc(C(F)(F)F)cc(=O)c2c1,True,1.9365999999999997,-1.2237000000000016,0.5660377358490566,False,True
3.0,bin,2,-0.7375200986862183,-0.83024001121521,-0.6448001861572266,711169,Cc1cccc(C(C)C)c1NC(=O)N(C)Cc1ccncc1,4.177320000000003,CN(Cc1ccncc1)C(=O)Nc1ccc(F)c(Cl)c1,True,3.538000000000002,-0.6393200000000006,0.45614035087719296,False,True
3.0,bin,2,-0.7375200986862183,-0.83024001121521,-0.6448001861572266,720969,Cc1noc(C)c1CCC(=O)OCC(=O)N1c2ccccc2CC1C,2.7450400000000013,CCN(CCC#N)C(=O)COC(=O)CC1=Nc2ccccc2C1,True,2.01068,-0.7343600000000015,0.24390243902439024,False,True
3.0,bin,2,-0.7375200986862183,-0.83024001121521,-0.6448001861572266,730789,COC(=O)C1CCN(C(=O)c2cc3ccc(F)cc3nc2C)CC1,2.7075200000000006,Cc1nc2ccc(F)cc2cc1C(=O)N1CCC(C(N)=O)CC1,True,2.01982,-0.6877000000000004,0.6363636363636364,False,True
3.0,bin,2,-0.7375200986862183,-0.83024001121521,-0.6448001861572266,738178,Cc1ccc(-n2ccnc2SCc2nc(C3CC3)no2)cc1C,4.041840000000003,N#Cc1ccccc1-n1ccnc1SCc1nc(C2CC2)no1,True,3.296680000000002,-0.7451600000000012,0.5901639344262295,False,True
3.0,bin,2,-0.7375200986862183,-0.83024001121521,-0.6448001861572266,771897,COc1ccccc1OCC(=O)N(C)Cc1sccc1C,3.102520000000002,CN(Cc1cccs1)C(=O)COc1ccccc1N,True,2.3677,-0.7348200000000018,0.5,False,True
3.0,bin,2,-0.7375200986862183,-0.83024001121521,-0.6448001861572266,811446,COC(=O)C1(NC(=O)c2cc(Br)c[nH]2)CCCCCC1,2.7730000000000006,NC(=O)C(F)NC(=O)c1cc(Br)cn1CF,True,0.6883000000000001,-2.0847000000000007,0.1746031746031746,False,True
3.0,bin,2,-0.7375200986862183,-0.83024001121521,-0.6448001861572266,848291,CCC(C)NC(=O)NCc1noc(-c2cccs2)n1,2.3958000000000004,CCN(Cc1noc(-c2cccs2)n1)S(=O)(=O)CC,True,1.9696999999999998,-0.4261000000000006,0.4745762711864407,False,True
3.0,bin,2,-0.7375200986862183,-0.83024001121521,-0.6448001861572266,863440,COc1ccc(-c2nc(CCCO)cs2)cc1OC,2.752200000000001,CNC(=O)c1csc(C2=CC(=COC)C(N)=C2)n1,True,1.2726,-1.4796000000000011,0.19402985074626866,False,True
3.0,bin,2,-0.7375200986862183,-0.83024001121521,-0.6448001861572266,864663,N#Cc1ccc(-c2cc(F)ccc2F)nc1N1CCCC1,3.498680000000002,CS(=O)(=O)c1ccc(-c2ccc(C#N)c(N3CCCC3)n2)cc1,True,2.6239800000000013,-0.8747000000000007,0.49056603773584906,False,True
3.0,bin,2,-0.7375200986862183,-0.83024001121521,-0.6448001861572266,872100,CCc1cccc(C)c1NCC(O)c1ccc2c(c1)OCCO2,3.474120000000002,N#CCc1ccc(NCC(O)c2ccc3c(c2)OCCO3)cc1,True,2.6693800000000003,-0.8047400000000016,0.4827586206896552,False,True
3.0,bin,2,-0.7375200986862183,-0.83024001121521,-0.6448001861572266,886334,COc1ccc(C(=O)N2CCCC(C(=O)N3CCCCC3)C2)c(O)c1,2.2655000000000003,NC(=O)C1CCN(C(=O)C2CCCN(C(=O)c3ccccc3)C2)CC1,True,1.2626999999999995,-1.0028000000000008,0.43859649122807015,False,True
3.0,bin,2,-0.7375200986862183,-0.83024001121521,-0.6448001861572266,887387,COCCNC(=O)N(Cc1cccc(F)c1)CC1CCCO1,2.1627,O=C(NCCO)N(Cc1ccc(F)cc1)C1CCCO1,True,1.4660999999999997,-0.6966000000000003,0.39705882352941174,False,True
3.0,bin,2,-0.7375200986862183,-0.83024001121521,-0.6448001861572266,889149,N#Cc1ccc(NC(=O)c2ccc(Br)cc2Cl)nc1,3.621480000000001,N#Cc1ccc(NC(=O)c2cccc(OCC(F)F)c2)nc1,True,2.8494800000000007,-0.7720000000000002,0.45,False,True
3.0,bin,2,-0.7375200986862183,-0.83024001121521,-0.6448001861572266,913483,O=C(CNC(=O)NCCc1c(Cl)cccc1Cl)NC1CC1,2.1137000000000006,O=C(CNC(=O)NCCc1c(F)cccc1Cl)NC1CC1,True,1.5994,-0.5143000000000006,0.8409090909090909,False,True
3.0,bin,2,-0.7375200986862183,-0.83024001121521,-0.6448001861572266,917620,C=CCN(Cc1ccccc1OC)C(=O)c1csc(C)n1,3.288520000000002,COC(=O)c1ccc(CN(C)C(=O)c2csc(C)n2)c(N(C)C)c1,True,2.576320000000001,-0.712200000000001,0.4090909090909091,False,True
3.0,bin,2,-0.7375200986862183,-0.83024001121521,-0.6448001861572266,918312,CCOc1ccc(Cl)c(C(=O)N2CCN(c3ncccn3)CC2)n1,1.8860999999999997,O=C(c1cc(F)ccn1)N1CCN(c2ncccn2)CC1,True,0.9731,-0.9129999999999997,0.42857142857142855,False,True
3.0,bin,2,-0.7375200986862183,-0.83024001121521,-0.6448001861572266,922879,CC(=O)c1ccc(N2CCN(Cc3c(F)cccc3F)CC2)cc1,3.489600000000003,Nc1ccc(N2CCN(Cc3ccc(F)cc3F)CC2)cc1,True,2.869200000000001,-0.6204000000000018,0.38461538461538464,False,True
3.0,bin,2,-0.7375200986862183,-0.83024001121521,-0.6448001861572266,927535,COc1cc(CN2CCN(c3ccccc3F)CC2)ccc1O,2.862100000000002,NS(=O)(=O)c1ccc(CN2CCN(c3ccc(F)cc3F)CC2)cc1,True,1.9344,-0.9277000000000022,0.41379310344827586,False,True
3.0,bin,2,-0.7375200986862183,-0.83024001121521,-0.6448001861572266,927567,Cc1ccccc1N1CCN(Cc2cccc(O)c2)CC1,3.022820000000001,NC(=O)CSc1ccccc1N1CCN(Cc2ccccc2)CC1,True,2.5862000000000007,-0.43662000000000045,0.41509433962264153,False,True
3.0,bin,2,-0.7375200986862183,-0.83024001121521,-0.6448001861572266,938108,CC(c1ccccc1)N(C)C(=O)CCC(=O)Nc1nccs1,3.0814000000000012,O=C(CCC(=O)Nc1nccs1)NCc1ccccc1,True,2.1782000000000004,-0.9032000000000009,0.5576923076923077,False,True
3.0,bin,2,-0.7375200986862183,-0.83024001121521,-0.6448001861572266,943303,CN(CCCOc1ccccc1)C(=O)Nc1cccc2c1OCCO2,3.390600000000002,Nc1ccc(OCCCNC(=O)Nc2cccc3c2OCCO3)cc1,True,2.630600000000001,-0.7600000000000007,0.5409836065573771,False,True
3.0,bin,2,-0.7375200986862183,-0.83024001121521,-0.6448001861572266,946289,CC(NC(=O)C1(c2cc(-c3ccco3)on2)CC1)c1ccccc1,3.843600000000002,O=C1NCc2ccccc2-c2nocc2C1c1ccco1,True,2.696300000000001,-1.1473000000000013,0.18181818181818182,False,True
3.0,bin,2,-0.7375200986862183,-0.83024001121521,-0.6448001861572266,994077,Cc1nnc(Cn2c(-c3cccc(Br)c3)noc2=O)o1,2.0055199999999997,CC1=NN=C(CN2CON=C2c2cccc(C#N)c2)OO1,True,1.2032800000000001,-0.8022399999999996,0.2,False,True
3.0,bin,2,-0.7375200986862183,-0.83024001121521,-0.6448001861572266,1065620,O=C(NCc1cccnc1Oc1ccccc1)c1cccnc1,3.198900000000002,NC(=O)c1ccc(C(=O)NCc2cccnc2Oc2ccccc2)cn1,True,2.2978000000000005,-0.9011000000000013,0.7115384615384616,False,True
3.0,bin,2,-0.7375200986862183,-0.83024001121521,-0.6448001861572266,1093926,CN(C(=O)CNc1cccc(OCC2CCCO2)c1)c1ccccc1,3.319300000000002,NC(=O)c1ccccc1NCC(=O)Nc1cccc(OCC2CCCO2)c1,True,2.3939000000000004,-0.9254000000000016,0.5507246376811594,False,True
3.0,bin,2,-0.7375200986862183,-0.83024001121521,-0.6448001861572266,1107920,CCc1ccc(-n2cc(C(=O)NC(C)c3ccccc3)nn2)cc1,3.320700000000002,COc1ccc(-n2cc(C(=O)NCc3ccccc3C)nn2)cc1,True,2.5143200000000006,-0.8063800000000017,0.42857142857142855,False,True
3.0,bin,2,-0.7375200986862183,-0.83024001121521,-0.6448001861572266,1113130,CC(NC(=O)Cn1nnnc1C(C)(C)C)c1cccc2ccccc12,3.0012000000000016,CC(C)(C(=O)NCc1ccccc1F)n1nnnc1-c1ccccc1,True,2.5307000000000004,-0.47050000000000125,0.2857142857142857,False,True
3.0,bin,2,-0.7375200986862183,-0.83024001121521,-0.6448001861572266,1121751,COC(=O)Cn1ccc(NS(=O)(=O)c2ccc(F)c(F)c2F)n1,1.2742,CNS(=O)(=O)c1cc(NS(=O)(=O)c2ccc(F)cc2)nn1C,True,0.26809999999999956,-1.0061000000000004,0.2857142857142857,False,True
3.0,bin,2,-0.7375200986862183,-0.83024001121521,-0.6448001861572266,1142531,CCOC(C)C(=O)NCCc1csc(-c2ccc(C)cc2)n1,3.2022200000000014,COCCNC(=O)Cc1csc(-c2ccc(F)cc2)n1,True,2.2542999999999997,-0.9479200000000017,0.4126984126984127,False,True
3.0,bin,2,-0.7375200986862183,-0.83024001121521,-0.6448001861572266,1212157,CN(Cc1ccc(F)c(F)c1)C(=O)c1cncc(-c2cnn(C)c2)c1,3.0325000000000015,Cn1cc(-c2cncc(C(=O)NCc3ccccc3C#N)c2)cn1,True,2.28378,-0.7487200000000014,0.42028985507246375,False,True
3.0,bin,2,-0.7375200986862183,-0.83024001121521,-0.6448001861572266,1215394,CCn1nc(C)cc1C(=O)Oc1cccc(NC(=O)C(C)C)c1,3.025120000000001,CCn1nc(C)cc1C(=O)Oc1ccc(Cl)cc1C(=O)NC,True,2.44362,-0.581500000000001,0.453125,False,True
3.0,bin,2,-0.7375200986862183,-0.83024001121521,-0.6448001861572266,1232922,CC(C)(C)OC(=O)NC1CCCN(S(=O)(=O)N2CCOCC2)C1,0.5525000000000011,CC(=O)C1CCN(S(=O)(=O)N2CCOCC2)CC1,True,-0.13559999999999928,-0.6881000000000004,0.42857142857142855,False,True
3.0,bin,2,-0.7375200986862183,-0.83024001121521,-0.6448001861572266,1238973,FC(F)(F)c1cnc(N2CCn3c(nnc3C3CC3)C2)c(Cl)c1,3.2429000000000023,Fc1cnc(N2CCn3c(nnc3C3CC3)C2)c(Cl)c1,True,2.3632,-0.8797000000000024,0.74,False,True
3.0,bin,2,-0.7375200986862183,-0.83024001121521,-0.6448001861572266,1299495,Cc1cc(CC(=O)N2CCCC2C(C#N)c2ccccc2)no1,2.823900000000001,NC1=CC(C2CCCN2C(=O)CCc2ccccc2N)O1,True,1.3912999999999995,-1.4326000000000014,0.2702702702702703,False,True
3.0,bin,2,-0.7375200986862183,-0.83024001121521,-0.6448001861572266,1309906,CC(C)CC(NC(=O)c1cc(=O)c2ccccc2o1)C(=O)OC(C)C,2.8891000000000018,COCC(C)OC(=O)c1cc(=O)c2ccccc2o1,True,1.9847000000000004,-0.9044000000000014,0.5,False,True
3.0,bin,2,-0.7375200986862183,-0.83024001121521,-0.6448001861572266,1362816,COCc1cccc(C(=O)NC2CC2c2cccc(Cl)c2)c1,3.772300000000002,COC(=O)c1ccc(C(=O)NC2CC2c2ccccc2)cc1F,True,2.898200000000001,-0.8741000000000012,0.45901639344262296,False,True
3.0,bin,2,-0.7375200986862183,-0.83024001121521,-0.6448001861572266,1441838,COCC(=O)NC(C(=O)Nc1cccc(-c2nccs2)c1)C(C)C,2.5358,CNS(=O)(=O)CC(=O)Nc1cccc(-c2nc(C)cs2)c1,True,1.6062199999999995,-0.9295800000000005,0.352112676056338,False,True
3.0,bin,2,-0.7375200986862183,-0.83024001121521,-0.6448001861572266,1450449,CCCNC(=O)CSc1nc2c(cc1C#N)CCCC2,2.450380000000001,CNC(=O)CSc1nc2c(cc1C(C)=O)CCCC2,True,2.0011,-0.4492800000000008,0.5087719298245614,False,True
3.0,bin,2,-0.7375200986862183,-0.83024001121521,-0.6448001861572266,1451910,O=S(=O)(NCc1nnc2ccccn12)c1ccc(F)c(F)c1,1.4859999999999995,NC(=O)c1cccc(S(=O)(=O)NCc2nnc3ccccn23)c1,True,0.30669999999999953,-1.1793,0.6296296296296297,False,True
3.0,bin,2,-0.7375200986862183,-0.83024001121521,-0.6448001861572266,1479798,Cc1nc(C)c(CCC(=O)N(CC(C)C)CC(F)(F)F)c(=O)[nH]1,2.3662400000000003,CCCN(CC(C)C)C(=O)CCC1=C(C)N=C(C)NC(=O)O1,True,3.0509000000000013,0.6846600000000009,0.3484848484848485,False,True
3.0,bin,2,-0.7375200986862183,-0.83024001121521,-0.6448001861572266,1507926,COC(=O)C(C)NC(=O)Cc1csc(-c2ccccc2Cl)n1,2.6837,COC(=O)CNC(=O)Cc1csc(-c2ccccc2C)n1,True,1.9502199999999998,-0.7334800000000001,0.5,False,True
3.0,bin,2,-0.7375200986862183,-0.83024001121521,-0.6448001861572266,1527882,Nc1ncccc1C(=O)Nc1ccc2cn[nH]c2c1,1.7923999999999998,NC(=O)COc1ncccc1C(=O)Nc1ccc2cn[nH]c2c1,True,1.0742999999999991,-0.7181000000000006,0.6851851851851852,False,True
3.0,bin,2,-0.7375200986862183,-0.83024001121521,-0.6448001861572266,1532848,COc1ccc(-c2ccc3c(=O)[nH]cnc3c2)cc1Cl,3.2521000000000013,COc1ccc(-c2ccc3c(=O)[nH]cnc3c2)cc1OC,True,2.6073000000000004,-0.6448000000000009,0.7804878048780488,False,False
3.0,bin,2,-0.7375200986862183,-0.83024001121521,-0.6448001861572266,1548351,COc1cc(OC)c2c(c1)C(c1cnccn1)NCC2,1.7288999999999999,NC(=O)Nc1ccc2c(c1)CCNC2c1cnccn1,True,1.2023,-0.5266,0.43333333333333335,False,True
3.0,bin,2,-0.7375200986862183,-0.83024001121521,-0.6448001861572266,1570134,COc1cccc(C(C)N2CCN(C(=O)c3ccc(O)cc3)CC2)c1,2.9198000000000013,NC(=O)c1ccc(C(=O)N2CCN(Cc3cccc(F)c3)CC2)cc1,True,1.8825999999999996,-1.0372000000000017,0.31746031746031744,False,True
3.0,bin,2,-0.7375200986862183,-0.83024001121521,-0.6448001861572266,1611406,CC(C)(C)N1CC(NC(=O)C2COc3ccc(F)cc3C2)CC1=O,1.8923999999999994,CN1C(=O)CC(NC(=O)C2COc3ccccc3C2)C1Cl,True,1.1494999999999997,-0.7428999999999997,0.417910447761194,False,True
3.0,bin,2,-0.7375200986862183,-0.83024001121521,-0.6448001861572266,1612684,CCCC1CN(C(=O)Nc2ccn(CCC(C)C)n2)CCO1,2.9620000000000015,CCCC1CN(C(=O)Nc2ccn(C(C)C)n2)CCO1,True,2.4968000000000004,-0.46520000000000117,0.7368421052631579,False,True
3.0,bin,2,-0.7375200986862183,-0.83024001121521,-0.6448001861572266,1639675,CCC(CC)c1nnc(NC(=O)c2scnc2C2CC2)s1,4.0279000000000025,CC(C)c1nnc(NC(=O)c2scnc2C2CC2)s1,True,3.247700000000002,-0.7802000000000007,0.7872340425531915,False,False
3.0,bin,2,-0.7375200986862183,-0.83024001121521,-0.6448001861572266,1675660,COc1ccnc(NC(=O)c2cccc(Cl)c2)c1,2.9959000000000007,COC(=O)COc1cccc(C(=O)Nc2ccccn2)c1,True,1.8856999999999997,-1.110200000000001,0.48148148148148145,False,True
3.0,bin,2,-0.7375200986862183,-0.83024001121521,-0.6448001861572266,1689728,CCc1noc(CSc2ncnc3sc(C)cc23)n1,3.237420000000002,Cc1noc(CSc2ncnc3sccc23)n1,True,2.675020000000001,-0.5624000000000011,0.509090909090909,False,False
3.0,bin,2,-0.7375200986862183,-0.83024001121521,-0.6448001861572266,1720876,CC(C)(C)CC(=O)NCC(=O)Nc1ccc2c(c1)COC2,2.2077,CCS(=O)(=O)N(C)CCC(=O)Nc1ccc2c(c1)COC2,True,1.3268999999999997,-0.8808000000000002,0.5,False,True
3.0,bin,2,-0.7375200986862183,-0.83024001121521,-0.6448001861572266,1757109,CC(C)Cc1ncc(CNc2ccc3c(c2)COC3)s1,3.983900000000003,Cc1ncc(CNc2ccc3c(c2)COC3)s1,True,3.093820000000001,-0.890080000000002,0.6808510638297872,False,True
3.0,bin,2,-0.7375200986862183,-0.83024001121521,-0.6448001861572266,1774061,O=C1NCCCc2[nH]c(-c3cccc4[nH]ccc34)nc21,2.234,CC(CNC=O)Cc1cnc(C2(C(=O)NCC(N)=O)C3=CC=CC32)[nH]1,True,-0.7003999999999979,-2.934399999999998,0.07446808510638298,False,True
3.0,bin,2,-0.7375200986862183,-0.83024001121521,-0.6448001861572266,1800687,Cc1nn(C)c(-c2nc(-c3cccnn3)no2)c1Cl,1.8889199999999997,Cc1nn(C)c(C=NC(=NO)c2cccnn2)c1C#N,True,0.6451,-1.2438199999999997,0.27941176470588236,False,True
3.0,bin,2,-0.7375200986862183,-0.83024001121521,-0.6448001861572266,1815867,FC(F)(F)c1ccc(CN2CCOCC2c2ncon2)cc1,2.661900000000001,FC=CC=CCN1CCOCC1c1ncon1,True,1.4823,-1.179600000000001,0.5357142857142857,False,True
3.0,bin,2,-0.7375200986862183,-0.83024001121521,-0.6448001861572266,1828580,Cc1ccc(N2CC3OCC(=O)N(Cc4cccc(F)c4)C3C2)nn1,1.54032,Nc1ccc(N2CC3OCC(=O)N(Cc4ccccc4)C3C2)nn1,True,0.6749999999999994,-0.8653200000000005,0.6129032258064516,False,True
3.0,bin,2,-0.7375200986862183,-0.83024001121521,-0.6448001861572266,1836183,CCc1ccc(C(=O)NCc2nccc(N(C)C)n2)cc1,2.035,COC(=O)c1ccc(C(=O)NCc2nccc(C)n2)cc1,True,1.50162,-0.5333800000000002,0.54,False,True
3.0,bin,2,-0.7375200986862183,-0.83024001121521,-0.6448001861572266,1842499,COc1ccccc1COc1ccccc1-c1cnn(CCO)c1,3.1300000000000017,NC(=O)CNC1=C(c2ccccc2OCc2ccccc2)C=N1,True,2.0934999999999997,-1.036500000000002,0.2537313432835821,False,True
3.0,bin,2,-0.7375200986862183,-0.83024001121521,-0.6448001861572266,1865564,COC(CNC(=O)c1ccoc1)c1cccc(F)c1,2.536200000000001,NC(=O)C(CNC(=O)c1ccoc1)c1ccccc1F,True,1.4175999999999993,-1.1186000000000016,0.46551724137931033,False,True
3.0,bin,2,-0.7375200986862183,-0.83024001121521,-0.6448001861572266,1868773,CCCOc1ccc(Cl)c2c1CCNC2C1CC(=O)C1,3.2947000000000015,CCCOc1cccc2c1CCNC21CCC(=O)C1,True,2.569400000000001,-0.7253000000000007,0.38095238095238093,False,True
3.0,bin,2,-0.7375200986862183,-0.83024001121521,-0.6448001861572266,1873123,CCC1OC(=O)c2c(OC)ccc(Br)c21,3.079200000000002,O=COC1=CC=C(Br)C=CC1O,True,1.2527999999999997,-1.8264000000000022,0.12962962962962962,False,True
3.0,bin,2,-0.7375200986862183,-0.83024001121521,-0.6448001861572266,1875028,Cc1cccc(C)c1NCC(=O)N1CCCC2CCCCC21,3.8965400000000034,N#Cc1cc(NCC(=O)N2CCCC3CCCCC32)ccc1F,True,3.2904800000000023,-0.6060600000000012,0.5087719298245614,False,True
3.0,bin,2,-0.7375200986862183,-0.83024001121521,-0.6448001861572266,1895921,CCC(CC)N(C)C(=O)CC1OC(=O)c2ccccc21,2.935200000000002,CC(C)C1(N(C)C(=O)CCOC(=O)c2ccccc2)COC1=O,True,1.6435,-1.2917000000000018,0.24242424242424243,False,True
3.0,bin,2,-0.7375200986862183,-0.83024001121521,-0.6448001861572266,1907077,Cc1ccc2[nH]nc(C(=O)Nc3nc(-c4ccco4)cs3)c2c1,3.8401200000000015,Nc1ccc2[nH]nc(C(=O)Nc3nc(-c4ccco4)cs3)c2c1,True,3.113900000000001,-0.7262200000000005,0.8035714285714286,False,True
3.0,bin,2,-0.7375200986862183,-0.83024001121521,-0.6448001861572266,1913063,Cc1nn(C)c(C)c1CN(C(=O)c1cn2cccc(C)c2n1)C1CC1,2.797860000000001,CNC=C1CN1C(=O)c1cn2ccccc2n1,True,0.8508999999999998,-1.9469600000000011,0.24324324324324326,False,True
3.0,bin,2,-0.7375200986862183,-0.83024001121521,-0.6448001861572266,1922265,CN(CCNC(=O)c1ccc2c(c1)ncn2C)c1ccccc1,2.4395000000000007,Nc1nc2cc(C(=O)NCCNc3ccccc3)ccc2[nH]1,True,1.9869999999999994,-0.45250000000000123,0.36923076923076925,False,True
3.0,bin,3,-0.5795501172542572,-0.6448001861572266,-0.5143000483512878,32052,COc1ccccc1CNC(=O)Cc1c[nH]c2ccccc12,3.035400000000001,CN(Cc1ccc(C(N)=O)c(F)c1)C(=O)Cc1c[nH]c2ccccc12,True,2.607000000000001,-0.4283999999999999,0.36923076923076925,False,True
3.0,bin,3,-0.5795501172542572,-0.6448001861572266,-0.5143000483512878,116747,COCCSc1ccccc1C(=O)Nc1cccc(C)n1,3.3808200000000017,CCC(=O)NCc1ccccc1C(=O)Nc1cccc(C)n1,True,2.668520000000001,-0.7123000000000008,0.509090909090909,False,True
3.0,bin,3,-0.5795501172542572,-0.6448001861572266,-0.5143000483512878,131060,CS(=O)(=O)NCCc1csc(-c2ccc(F)cc2)n1,2.0408999999999997,NS(=O)(=O)NCCc1csc(-c2ccc(F)cc2)n1,True,1.2848000000000006,-0.7560999999999991,0.7674418604651163,False,True
3.0,bin,3,-0.5795501172542572,-0.6448001861572266,-0.5143000483512878,131949,CCc1c(C)nc(SCC(=O)NC(C)C)[nH]c1=O,1.25742,COCCNC(=O)CSc1nc(C(C)C)cc(=O)[nH]1,True,0.7479999999999998,-0.5094200000000002,0.36065573770491804,False,True
3.0,bin,3,-0.5795501172542572,-0.6448001861572266,-0.5143000483512878,158879,COc1ccc(CC(=O)OCC(=O)c2c[nH]c3ccccc23)cc1,3.145100000000001,NC(=O)C=Nc1ccccc1C#CC(=O)OCC(=O)c1ccccc1,True,1.6518000000000002,-1.493300000000001,0.2,False,True
3.0,bin,3,-0.5795501172542572,-0.6448001861572266,-0.5143000483512878,232056,COCCNC(=O)c1cc(=O)c2cc(C)ccc2o1,1.4776199999999993,COC(=O)CNC(=O)c1cc(=O)c2cc(OC)ccc2o1,True,0.704399999999999,-0.7732200000000002,0.5576923076923077,False,True
3.0,bin,3,-0.5795501172542572,-0.6448001861572266,-0.5143000483512878,235788,O=C(Cn1nc(-c2ccco2)oc1=O)NCC(F)(F)F,0.7747999999999999,NC(=O)CCCn1nc(-c2ccco2)oc1=O,True,0.3617999999999997,-0.41300000000000026,0.5370370370370371,False,True
3.0,bin,3,-0.5795501172542572,-0.6448001861572266,-0.5143000483512878,236081,CC(=O)c1c(C)[nH]c(C(=O)CSc2nc(C(C)C)n[nH]2)c1C,3.0506400000000014,CCc1n[nH]c(SCC(=O)c2[nH]c(C)c(C)c2C=O)n1,True,2.09954,-0.9511000000000012,0.4827586206896552,False,True
3.0,bin,3,-0.5795501172542572,-0.6448001861572266,-0.5143000483512878,281081,O=C(Cn1cccn1)NCc1cccnc1Oc1ccc(F)cc1F,2.665000000000001,Nc1ccn(CC(=O)NCc2cccnc2Oc2ccccc2)n1,True,1.9689999999999996,-0.6960000000000013,0.4925373134328358,False,True
3.0,bin,3,-0.5795501172542572,-0.6448001861572266,-0.5143000483512878,284170,COc1ccc(-c2nc(CC(=O)Nc3cccc(C)n3)cs2)cc1,3.7033200000000024,Nc1ccnc(NC(=O)Cc2csc(-c3ccccc3F)n2)c1,True,3.1076000000000015,-0.5957200000000009,0.40298507462686567,False,True
3.0,bin,3,-0.5795501172542572,-0.6448001861572266,-0.5143000483512878,288369,Cc1ccc(NCc2nnc3n2CCCCC3)cc1C,3.2334400000000016,COc1ccc(NCc2nnc3n2CCCCC3)cc1OC,True,2.633800000000001,-0.5996400000000008,0.6938775510204082,False,True
3.0,bin,3,-0.5795501172542572,-0.6448001861572266,-0.5143000483512878,302889,COc1ccc(OC)c(NC(=O)CCNC(=O)c2cccs2)c1,2.5239000000000003,NC(=O)c1cc(NC(=O)CCNC(=O)c2cccs2)ccc1F,True,1.7447,-0.7792000000000003,0.4838709677419355,False,True
3.0,bin,3,-0.5795501172542572,-0.6448001861572266,-0.5143000483512878,327141,COc1ccc(OC)c(S(=O)(=O)Nc2ccn(C)n2)c1,1.2381,CNS(=O)(=O)c1cc(S(=O)(=O)Nc2ccn(C)n2)c(C)cc1C,True,0.7458399999999994,-0.4922600000000006,0.5306122448979592,False,True
3.0,bin,3,-0.5795501172542572,-0.6448001861572266,-0.5143000483512878,327382,CNC(=O)C1CN(C(=O)c2c(C)noc2C)c2ccccc2O1,1.4452399999999996,NC(=O)C1CN(C(=O)c2cnoc2)Cc2ccccc2O1,True,0.5632999999999997,-0.88194,0.2857142857142857,False,True
3.0,bin,3,-0.5795501172542572,-0.6448001861572266,-0.5143000483512878,406491,COCCNC(=O)C1CCCN(S(=O)(=O)N2CCOCC2)C1,-0.9619999999999964,NC(=O)C1CCN(S(=O)(=O)N2CCOCC2)CC1,True,-1.239299999999998,-0.27730000000000166,0.4117647058823529,False,True
3.0,bin,3,-0.5795501172542572,-0.6448001861572266,-0.5143000483512878,413951,O=C(Cn1ncn2cccc2c1=O)N1CCCCCC1,0.8985999999999996,NC(=O)C1(NC(=O)Cn2ncn3cccc3c2=O)CCCCC1,True,-0.1996000000000009,-1.0982000000000005,0.5636363636363636,False,True
3.0,bin,3,-0.5795501172542572,-0.6448001861572266,-0.5143000483512878,427929,CCNc1nc(NCc2ccccc2Cl)c2cnn(C)c2n1,3.060600000000001,COCCNC=NC(NCc1ccccc1C)=C1C=NN(C)C1=N,True,1.4689899999999996,-1.5916100000000013,0.18292682926829268,False,True
3.0,bin,3,-0.5795501172542572,-0.6448001861572266,-0.5143000483512878,447130,CCC(NC(=O)C1CCN(C(=O)C2CC2)CC1)c1ccc(C)cc1,3.2109200000000016,CC1=CC=C(CN(C)C(=O)C2CCN(C(=O)C3CC3)CC2C)C1,True,2.615800000000001,-0.5951200000000005,0.29850746268656714,False,True
3.0,bin,3,-0.5795501172542572,-0.6448001861572266,-0.5143000483512878,481908,CCNS(=O)(=O)c1ccc(C)c(C(=O)Nc2ncccc2C)c1,2.24894,CNS(=O)(=O)c1ccc(C)c(C(=O)Nc2ncccc2C)c1,True,1.8588399999999998,-0.39010000000000034,0.7872340425531915,False,True
3.0,bin,3,-0.5795501172542572,-0.6448001861572266,-0.5143000483512878,485220,Cc1nn(CC(=O)N2CCN(C)CC2)c(C)c1Br,1.03644,COc1c(Cl)cnn1CC(=O)N1CCN(C(C)=O)CC1,True,0.23579999999999957,-0.8006400000000005,0.3333333333333333,False,True
3.0,bin,3,-0.5795501172542572,-0.6448001861572266,-0.5143000483512878,526363,Cc1nnc(SCC(=O)Nc2ccc(O)cc2)n(N)c1=O,0.09692,NC(=O)c1nnc(SCC(=O)Nc2ccc(O)cc2)n(N)c1=O,True,-1.1126000000000011,-1.2095200000000013,0.75,False,True
3.0,bin,3,-0.5795501172542572,-0.6448001861572266,-0.5143000483512878,536853,COc1ccc(C2CCCN2C(=O)C2CCC2)c(OC)c1,3.1674000000000015,NC(=O)Nc1ccc(C2CCCN2C(=O)C2CCC2)c(F)c1,True,2.7799000000000014,-0.3875000000000002,0.49122807017543857,False,True
3.0,bin,3,-0.5795501172542572,-0.6448001861572266,-0.5143000483512878,540312,Cc1nn(C)c2nc(C3CC3)cc(C(=O)NCC(=O)NC(C)(C)C)c12,1.7986199999999997,COC(=O)CNC(=O)c1cc(C2CC2)nc2c1c(C)nn2C,True,1.0569199999999992,-0.7417000000000005,0.7636363636363637,False,False
3.0,bin,3,-0.5795501172542572,-0.6448001861572266,-0.5143000483512878,544381,Cc1nc(N2CCCC(C(=O)NC(C)C)C2)c2c(C)c(C)oc2n1,2.8890600000000006,CC(=O)NC1CCCN(c2nc(C)nc3oc(C)c(C)c23)C1,True,2.2529600000000007,-0.6360999999999999,0.6491228070175439,False,True
3.0,bin,3,-0.5795501172542572,-0.6448001861572266,-0.5143000483512878,544382,CCCNC(=O)C1CCCN(c2nc(C)nc3oc(C)c(C)c23)C1,2.8906600000000013,CC(=O)NC1CCN(c2nc(C)nc3oc(C)c(C)c23)CC1,True,2.25296,-0.6377000000000015,0.5245901639344263,False,True
3.0,bin,3,-0.5795501172542572,-0.6448001861572266,-0.5143000483512878,550049,Cc1ccc(C)c(OCC(=O)Nc2cccc(-n3cnnc3)c2)c1,2.9016400000000013,N#Cc1cccc(OCC(=O)Nc2cccc(-n3cnnc3)c2)c1,True,2.1564799999999993,-0.745160000000002,0.603448275862069,False,True
3.0,bin,3,-0.5795501172542572,-0.6448001861572266,-0.5143000483512878,573533,Cc1nn(-c2ncc(C(F)(F)F)cc2Cl)c(=O)o1,2.2011199999999995,COC=CC=C(Br)Cn1nc(C)oc1=O,True,1.5836199999999998,-0.6174999999999997,0.22950819672131148,False,True
3.0,bin,3,-0.5795501172542572,-0.6448001861572266,-0.5143000483512878,582555,O=C(NCC(O)c1ccccc1)c1ccc2c(=O)n3c(nc2c1)CCC3,1.8061000000000003,C=CC=CC=CC1(CNC(=O)C=CC=c2c(=O)nc[nH]c2=C)NC1=O,True,-1.1998999999999977,-3.005999999999998,0.10869565217391304,False,True
3.0,bin,3,-0.5795501172542572,-0.6448001861572266,-0.5143000483512878,588547,Cc1n[nH]c(C)c1NC(=O)CCc1ccc(Cl)cc1Cl,3.9046400000000023,Cc1n[nH]c(C)c1NC(=O)CCc1ccccc1Br,True,3.3603400000000017,-0.5443000000000007,0.6078431372549019,False,True
3.0,bin,3,-0.5795501172542572,-0.6448001861572266,-0.5143000483512878,607673,CCCN(CC1CC1)S(=O)(=O)c1ccccc1F,2.636400000000001,COCCCN(CC1CC1)S(=O)(=O)c1ccccc1,True,2.1238,-0.5126000000000008,0.46,False,True
3.0,bin,3,-0.5795501172542572,-0.6448001861572266,-0.5143000483512878,617681,Cc1cc(C(=O)Nc2nc(-c3ccncc3)cs2)nn1C(C)C,3.5432200000000016,N=S1C=C(c2ccncc2)N=C1NC(=O)C1C=CNCC1,True,1.36967,-2.1735500000000014,0.19480519480519481,False,True
3.0,bin,3,-0.5795501172542572,-0.6448001861572266,-0.5143000483512878,650267,COc1ccc2oc(C(=O)NC3CCCCNC3=O)c(C)c2c1,2.14832,O=C(NC1CCCCNC1)C1=CNc2ccccc2O1,True,1.5905999999999993,-0.5577200000000007,0.25,False,True
3.0,bin,3,-0.5795501172542572,-0.6448001861572266,-0.5143000483512878,668639,Cc1cc(NC(=O)c2ccccc2Cl)ncc1N,2.8779200000000005,COc1ccc(C(=O)Nc2nccc(C)c2N)cc1OC,True,2.24172,-0.6362000000000005,0.2786885245901639,False,True
3.0,bin,3,-0.5795501172542572,-0.6448001861572266,-0.5143000483512878,673160,CCC(=O)Nc1ccc2oc(C(F)(F)F)cc(=O)c2c1,3.160300000000001,C=CCNC(=O)c1cc(=O)c2cc(C(F)(F)F)ccc2o1,True,2.7276000000000007,-0.43270000000000053,0.4067796610169492,False,True
3.0,bin,3,-0.5795501172542572,-0.6448001861572266,-0.5143000483512878,711169,Cc1cccc(C(C)C)c1NC(=O)N(C)Cc1ccncc1,4.177320000000003,CCN(Cc1ccncc1)C(=O)Nc1c(F)cccc1F,True,3.413800000000002,-0.7635200000000006,0.45454545454545453,False,True
3.0,bin,3,-0.5795501172542572,-0.6448001861572266,-0.5143000483512878,720969,Cc1noc(C)c1CCC(=O)OCC(=O)N1c2ccccc2CC1C,2.7450400000000013,CC1CCCN1C(=O)CC(=O)CC1Cc2ccccc2N1O,True,2.1671,-0.5779400000000012,0.3108108108108108,False,True
3.0,bin,3,-0.5795501172542572,-0.6448001861572266,-0.5143000483512878,730789,COC(=O)C1CCN(C(=O)c2cc3ccc(F)cc3nc2C)CC1,2.7075200000000006,Cc1nc2ccccc2cc1C(=O)N1CCCC(CC(N)=O)C1,True,2.2708200000000005,-0.4367000000000001,0.4090909090909091,False,True
3.0,bin,3,-0.5795501172542572,-0.6448001861572266,-0.5143000483512878,738178,Cc1ccc(-n2ccnc2SCc2nc(C3CC3)no2)cc1C,4.041840000000003,COc1ccccc1-n1ccnc1SCc1nc(C2CC2)no1,True,3.433600000000002,-0.6082400000000012,0.6166666666666667,False,True
3.0,bin,3,-0.5795501172542572,-0.6448001861572266,-0.5143000483512878,771897,COc1ccccc1OCC(=O)N(C)Cc1sccc1C,3.102520000000002,CN(Cc1cccs1)C(=O)COc1ccccc1N,True,2.3677,-0.7348200000000018,0.5,False,True
3.0,bin,3,-0.5795501172542572,-0.6448001861572266,-0.5143000483512878,811446,COC(=O)C1(NC(=O)c2cc(Br)c[nH]2)CCCCCC1,2.7730000000000006,COC(=O)C1(NC(=O)c2cc(C)c[nH]2)CCCCCC1,True,2.3189199999999994,-0.45408000000000115,0.7441860465116279,False,True
3.0,bin,3,-0.5795501172542572,-0.6448001861572266,-0.5143000483512878,848291,CCC(C)NC(=O)NCc1noc(-c2cccs2)n1,2.3958000000000004,COCC(C)N(C)C(=O)NCc1noc(-c2cccs2)n1,True,1.9744000000000002,-0.4214000000000002,0.5901639344262295,False,True
3.0,bin,3,-0.5795501172542572,-0.6448001861572266,-0.5143000483512878,863440,COc1ccc(-c2nc(CCCO)cs2)cc1OC,2.752200000000001,COc1ccc(-c2nc(CCO)cs2)cc1O,True,2.0591000000000004,-0.6931000000000007,0.6888888888888889,False,False
3.0,bin,3,-0.5795501172542572,-0.6448001861572266,-0.5143000483512878,864663,N#Cc1ccc(-c2cc(F)ccc2F)nc1N1CCCC1,3.498680000000002,OCCOc1ccccc1-c1ccc(N2CCCC2)cn1,True,2.719900000000001,-0.7787800000000011,0.23809523809523808,False,True
3.0,bin,3,-0.5795501172542572,-0.6448001861572266,-0.5143000483512878,872100,CCc1cccc(C)c1NCC(O)c1ccc2c(c1)OCCO2,3.474120000000002,C#Cc1cccc(NCC(O)c2ccc3c(c2)OCCO3)c1,True,2.584600000000001,-0.889520000000001,0.5263157894736842,False,True
3.0,bin,3,-0.5795501172542572,-0.6448001861572266,-0.5143000483512878,886334,COc1ccc(C(=O)N2CCCC(C(=O)N3CCCCC3)C2)c(O)c1,2.2655000000000003,NC(=O)C1CCN(C(=O)C2CCCN(C(=O)c3ccccc3)C2)CC1,True,1.2626999999999995,-1.0028000000000008,0.43859649122807015,False,True
3.0,bin,3,-0.5795501172542572,-0.6448001861572266,-0.5143000483512878,887387,COCCNC(=O)N(Cc1cccc(F)c1)CC1CCCO1,2.1627,O=C(NCCO)N(Cc1cccc(F)c1)CC1CCCO1,True,1.5085999999999997,-0.6541000000000003,0.8035714285714286,False,True
3.0,bin,3,-0.5795501172542572,-0.6448001861572266,-0.5143000483512878,889149,N#Cc1ccc(NC(=O)c2ccc(Br)cc2Cl)nc1,3.621480000000001,COc1c(Br)cccc1C(=O)Nc1ccc(C#N)cn1,True,2.976680000000001,-0.6448,0.5454545454545454,False,True
3.0,bin,3,-0.5795501172542572,-0.6448001861572266,-0.5143000483512878,913483,O=C(CNC(=O)NCCc1c(Cl)cccc1Cl)NC1CC1,2.1137000000000006,O=C(CNC(=O)NCCc1cc(F)cc(Cl)c1)NC1CC1,True,1.5994000000000002,-0.5143000000000004,0.5686274509803921,False,True
3.0,bin,3,-0.5795501172542572,-0.6448001861572266,-0.5143000483512878,917620,C=CCN(Cc1ccccc1OC)C(=O)c1csc(C)n1,3.288520000000002,COc1ccc(CN(C)C(=O)c2csc(C)n2)c(OC)c1OC,True,2.7495200000000013,-0.5390000000000006,0.5084745762711864,False,True
3.0,bin,3,-0.5795501172542572,-0.6448001861572266,-0.5143000483512878,918312,CCOc1ccc(Cl)c(C(=O)N2CCN(c3ncccn3)CC2)n1,1.8860999999999997,O=C(c1cccc(F)n1)N1CCN(c2ncccn2)CC1,True,0.9730999999999997,-0.9129999999999999,0.45454545454545453,False,True
3.0,bin,3,-0.5795501172542572,-0.6448001861572266,-0.5143000483512878,922879,CC(=O)c1ccc(N2CCN(Cc3c(F)cccc3F)CC2)cc1,3.489600000000003,COC(=O)c1ccc(CN2CCN(c3ccccc3F)CC2)cc1,True,2.9345000000000017,-0.5551000000000013,0.4444444444444444,False,True
3.0,bin,3,-0.5795501172542572,-0.6448001861572266,-0.5143000483512878,927535,COc1cc(CN2CCN(c3ccccc3F)CC2)ccc1O,2.862100000000002,NS(=O)(=O)c1ccc(Cl)c(CN2CCN(c3ccccc3F)CC2)c1,True,2.4487000000000005,-0.41340000000000154,0.43333333333333335,False,True
3.0,bin,3,-0.5795501172542572,-0.6448001861572266,-0.5143000483512878,927567,Cc1ccccc1N1CCN(Cc2cccc(O)c2)CC1,3.022820000000001,NC(=O)Nc1cccc(CN2CCN(c3cccc(F)c3)CC2)c1,True,2.6385000000000014,-0.3843199999999998,0.3559322033898305,False,True
3.0,bin,3,-0.5795501172542572,-0.6448001861572266,-0.5143000483512878,938108,CC(c1ccccc1)N(C)C(=O)CCC(=O)Nc1nccs1,3.0814000000000012,O=C(CCC(=O)Nc1nccs1)NCc1cccc(F)c1,True,2.3173000000000004,-0.7641000000000009,0.45,False,False
3.0,bin,3,-0.5795501172542572,-0.6448001861572266,-0.5143000483512878,943303,CN(CCCOc1ccccc1)C(=O)Nc1cccc2c1OCCO2,3.390600000000002,NCc1ccccc1OCCCNC(=O)Nc1cccc2c1OCCO2,True,2.5071000000000003,-0.8835000000000015,0.4696969696969697,False,True
3.0,bin,3,-0.5795501172542572,-0.6448001861572266,-0.5143000483512878,946289,CC(NC(=O)C1(c2cc(-c3ccco3)on2)CC1)c1ccccc1,3.843600000000002,O=C1NCc2ccccc2C(c2ccon2)CC1c1ccco1,True,3.2032000000000016,-0.6404000000000005,0.1794871794871795,False,True
3.0,bin,3,-0.5795501172542572,-0.6448001861572266,-0.5143000483512878,994077,Cc1nnc(Cn2c(-c3cccc(Br)c3)noc2=O)o1,2.0055199999999997,COc1cccc(-c2noc(=O)n2Cc2nnc(C)o2)c1F,True,1.3907199999999997,-0.6148,0.5517241379310345,False,True
3.0,bin,3,-0.5795501172542572,-0.6448001861572266,-0.5143000483512878,1065620,O=C(NCc1cccnc1Oc1ccccc1)c1cccnc1,3.198900000000002,CNCN(CCCC(N)=O)C(=O)c1cccnc1Oc1ccccc1,True,1.7584999999999993,-1.4404000000000026,0.36363636363636365,False,True
3.0,bin,3,-0.5795501172542572,-0.6448001861572266,-0.5143000483512878,1093926,CN(C(=O)CNc1cccc(OCC2CCCO2)c1)c1ccccc1,3.319300000000002,NC(=O)C(Nc1cccc(NCC(=O)Nc2ccccc2)c1)C1CCCO1,True,2.1819999999999995,-1.1373000000000024,0.3835616438356164,False,True
3.0,bin,3,-0.5795501172542572,-0.6448001861572266,-0.5143000483512878,1107920,CCc1ccc(-n2cc(C(=O)NC(C)c3ccccc3)nn2)cc1,3.320700000000002,COc1ccccc1CN(C)C(=O)c1cn(-c2ccc(C)cc2)nn1,True,2.8565200000000006,-0.4641800000000016,0.3582089552238806,False,True
3.0,bin,3,-0.5795501172542572,-0.6448001861572266,-0.5143000483512878,1113130,CC(NC(=O)Cn1nnnc1C(C)(C)C)c1cccc2ccccc12,3.0012000000000016,CC(C)c1nnnn1CC(=O)NCc1cccc2ccccc12,True,2.2661,-0.7351000000000019,0.5166666666666667,False,True
3.0,bin,3,-0.5795501172542572,-0.6448001861572266,-0.5143000483512878,1121751,COC(=O)Cn1ccc(NS(=O)(=O)c2ccc(F)c(F)c2F)n1,1.2742,CNC(=O)Cn1ccc(NS(=O)(=O)c2ccc(OC)c(F)c2)n1,True,0.5775999999999994,-0.6966000000000006,0.5,False,True
3.0,bin,3,-0.5795501172542572,-0.6448001861572266,-0.5143000483512878,1142531,CCOC(C)C(=O)NCCc1csc(-c2ccc(C)cc2)n1,3.2022200000000014,CCNC(=O)CCc1csc(-c2ccc(OC)cc2)n1,True,2.8874000000000013,-0.3148200000000001,0.4666666666666667,False,True
3.0,bin,3,-0.5795501172542572,-0.6448001861572266,-0.5143000483512878,1212157,CN(Cc1ccc(F)c(F)c1)C(=O)c1cncc(-c2cnn(C)c2)c1,3.0325000000000015,Cn1cc(-c2cncc(C(=O)NCc3ccc(O)cc3)c2)cn1,True,2.1177,-0.9148000000000014,0.5081967213114754,False,True
3.0,bin,3,-0.5795501172542572,-0.6448001861572266,-0.5143000483512878,1215394,CCn1nc(C)cc1C(=O)Oc1cccc(NC(=O)C(C)C)c1,3.025120000000001,COCCOc1ccc(OC(=O)c2cc(C)nn2C(C)C)cc1,True,3.016820000000002,-0.008299999999999308,0.390625,False,True
3.0,bin,3,-0.5795501172542572,-0.6448001861572266,-0.5143000483512878,1232922,CC(C)(C)OC(=O)NC1CCCN(S(=O)(=O)N2CCOCC2)C1,0.5525000000000011,CCOCC(=O)NC1CCN(S(=O)(=O)N2CCOCC2)CC1,True,-0.8194999999999966,-1.3719999999999977,0.44642857142857145,False,True
3.0,bin,3,-0.5795501172542572,-0.6448001861572266,-0.5143000483512878,1238973,FC(F)(F)c1cnc(N2CCn3c(nnc3C3CC3)C2)c(Cl)c1,3.2429000000000023,FC(F)(F)c1ccc(N2CCn3c(nnc3C3CC3)C2)nc1,True,2.5895,-0.6534000000000022,0.6415094339622641,False,True
3.0,bin,3,-0.5795501172542572,-0.6448001861572266,-0.5143000483512878,1299495,Cc1cc(CC(=O)N2CCCC2C(C#N)c2ccccc2)no1,2.823900000000001,NC1CCCN(C(=O)Cc2ccccc2)C2CCCN2C1=O,True,1.127299999999999,-1.6966000000000019,0.3142857142857143,False,True
3.0,bin,3,-0.5795501172542572,-0.6448001861572266,-0.5143000483512878,1309906,CC(C)CC(NC(=O)c1cc(=O)c2ccccc2o1)C(=O)OC(C)C,2.8891000000000018,COC(=O)C(NC(=O)c1cc(=O)c2cc(Cl)ccc2o1)C(C)C,True,2.3738,-0.5153000000000016,0.4426229508196721,False,True
3.0,bin,3,-0.5795501172542572,-0.6448001861572266,-0.5143000483512878,1362816,COCc1cccc(C(=O)NC2CC2c2cccc(Cl)c2)c1,3.772300000000002,COc1ccc(OC)c(C2CC2NC(=O)c2cccc(F)c2)c1,True,3.128800000000001,-0.6435000000000013,0.4153846153846154,False,True
3.0,bin,3,-0.5795501172542572,-0.6448001861572266,-0.5143000483512878,1441838,COCC(=O)NC(C(=O)Nc1cccc(-c2nccs2)c1)C(C)C,2.5358,CC(NC(=O)Nc1cccc(-c2nccs2)c1)C(=O)N(C)CCO,True,1.7708,-0.7650000000000001,0.5147058823529411,False,True
3.0,bin,3,-0.5795501172542572,-0.6448001861572266,-0.5143000483512878,1450449,CCCNC(=O)CSc1nc2c(cc1C#N)CCCC2,2.450380000000001,CNC(=O)CSc1nc2c(cc1C(C)=O)CCCC2,True,2.0011,-0.4492800000000008,0.5087719298245614,False,True
3.0,bin,3,-0.5795501172542572,-0.6448001861572266,-0.5143000483512878,1451910,O=S(=O)(NCc1nnc2ccccn12)c1ccc(F)c(F)c1,1.4859999999999995,Nc1ccc(S(=O)(=O)NCc2nnc3ccccn23)c(F)c1,True,0.9290999999999995,-0.5569000000000001,0.6415094339622641,False,True
3.0,bin,3,-0.5795501172542572,-0.6448001861572266,-0.5143000483512878,1479798,Cc1nc(C)c(CCC(=O)N(CC(C)C)CC(F)(F)F)c(=O)[nH]1,2.3662400000000003,CCCCC(C)NC(=O)CCC1=C(C)N=C(C)NC(=O)C1,True,2.673800000000001,0.3075600000000005,0.1891891891891892,False,True
3.0,bin,3,-0.5795501172542572,-0.6448001861572266,-0.5143000483512878,1507926,COC(=O)C(C)NC(=O)Cc1csc(-c2ccccc2Cl)n1,2.6837,COC(=O)CNC(=O)Cc1csc(-c2ccccc2C)n1,True,1.9502199999999998,-0.7334800000000001,0.5,False,True
3.0,bin,3,-0.5795501172542572,-0.6448001861572266,-0.5143000483512878,1527882,Nc1ncccc1C(=O)Nc1ccc2cn[nH]c2c1,1.7923999999999998,NC(=O)c1ncccc1C(=O)Nc1ccc2cn[nH]c2c1,True,1.3090999999999997,-0.48330000000000006,0.7551020408163265,False,True
3.0,bin,3,-0.5795501172542572,-0.6448001861572266,-0.5143000483512878,1532848,COc1ccc(-c2ccc3c(=O)[nH]cnc3c2)cc1Cl,3.2521000000000013,COc1ccc(-c2ccc3c(=O)[nH]cnc3c2)c(OC)c1OC,True,2.615900000000001,-0.6362000000000005,0.6595744680851063,False,False
3.0,bin,3,-0.5795501172542572,-0.6448001861572266,-0.5143000483512878,1548351,COc1cc(OC)c2c(c1)C(c1cnccn1)NCC2,1.7288999999999999,NC(=O)c1c(F)ccc2c1C(c1cnccn1)NCC2,True,0.9497000000000001,-0.7791999999999998,0.3492063492063492,False,True
3.0,bin,3,-0.5795501172542572,-0.6448001861572266,-0.5143000483512878,1570134,COc1cccc(C(C)N2CCN(C(=O)c3ccc(O)cc3)CC2)c1,2.9198000000000013,O=C(c1ccccc1)N1CCN(Cc2ccccc2CO)CC1,True,2.1369,-0.7829000000000015,0.288135593220339,False,True
3.0,bin,3,-0.5795501172542572,-0.6448001861572266,-0.5143000483512878,1611406,CC(C)(C)N1CC(NC(=O)C2COc3ccc(F)cc3C2)CC1=O,1.8923999999999994,CCN1CC(NC(=O)C2COc3ccc(F)cc3C2)CC1=O,True,1.113799999999999,-0.7786000000000004,0.7241379310344828,False,True
3.0,bin,3,-0.5795501172542572,-0.6448001861572266,-0.5143000483512878,1612684,CCCC1CN(C(=O)Nc2ccn(CCC(C)C)n2)CCO1,2.9620000000000015,CC(C)Cc1cc(NC(=O)N2CCCOC2C)nn1C,True,2.2188,-0.7432000000000016,0.3424657534246575,False,True
3.0,bin,3,-0.5795501172542572,-0.6448001861572266,-0.5143000483512878,1639675,CCC(CC)c1nnc(NC(=O)c2scnc2C2CC2)s1,4.0279000000000025,CC(C)(C)c1nnc(NC(=O)c2scnc2C2CC2)s1,True,3.421800000000002,-0.6061000000000005,0.6666666666666666,False,False
3.0,bin,3,-0.5795501172542572,-0.6448001861572266,-0.5143000483512878,1675660,COc1ccnc(NC(=O)c2cccc(Cl)c2)c1,2.9959000000000007,COC(=O)c1cccc(NC(=O)c2cccc(C)c2)n1,True,2.4289200000000006,-0.56698,0.41509433962264153,False,True
3.0,bin,3,-0.5795501172542572,-0.6448001861572266,-0.5143000483512878,1689728,CCc1noc(CSc2ncnc3sc(C)cc23)n1,3.237420000000002,COCCc1noc(CSc2ncnc3sccc23)n1,True,2.5555000000000003,-0.6819200000000016,0.5,False,True
3.0,bin,3,-0.5795501172542572,-0.6448001861572266,-0.5143000483512878,1720876,CC(C)(C)CC(=O)NCC(=O)Nc1ccc2c(c1)COC2,2.2077,COC(=O)CCC(=O)Nc1ccc2c(c1)COC2,True,1.6084999999999998,-0.5992000000000002,0.5625,False,True
3.0,bin,3,-0.5795501172542572,-0.6448001861572266,-0.5143000483512878,1757109,CC(C)Cc1ncc(CNc2ccc3c(c2)COC3)s1,3.983900000000003,CCc1ncc(CNc2ccc3c(c2)COC3)s1,True,3.347800000000002,-0.6361000000000008,0.7608695652173914,False,True
3.0,bin,3,-0.5795501172542572,-0.6448001861572266,-0.5143000483512878,1774061,O=C1NCCCc2[nH]c(-c3cccc4[nH]ccc34)nc21,2.234,C=CC=CCN(CCC(N)=O)c1ncc(C(F)CCNC=O)[nH]1,True,0.9803999999999997,-1.2536000000000003,0.08888888888888889,False,True
3.0,bin,3,-0.5795501172542572,-0.6448001861572266,-0.5143000483512878,1800687,Cc1nn(C)c(-c2nc(-c3cccnn3)no2)c1Cl,1.8889199999999997,NC1C(CBr)=NN1Cc1nc(-c2cccnn2)no1,True,0.3778999999999999,-1.5110199999999998,0.36507936507936506,False,True
3.0,bin,3,-0.5795501172542572,-0.6448001861572266,-0.5143000483512878,1815867,FC(F)(F)c1ccc(CN2CCOCC2c2ncon2)cc1,2.661900000000001,Fc1cccc(CN2CCOCC2c2ncon2)c1F,True,1.9212999999999998,-0.7406000000000013,0.5892857142857143,False,True
3.0,bin,3,-0.5795501172542572,-0.6448001861572266,-0.5143000483512878,1828580,Cc1ccc(N2CC3OCC(=O)N(Cc4cccc(F)c4)C3C2)nn1,1.54032,O=C1COCCN(c2cccnn2)CCN1Cc1ccccc1O,True,1.0475999999999999,-0.49272000000000005,0.23170731707317074,False,True
3.0,bin,3,-0.5795501172542572,-0.6448001861572266,-0.5143000483512878,1836183,CCc1ccc(C(=O)NCc2nccc(N(C)C)n2)cc1,2.035,COC(=O)c1cccc(C(=O)NCc2nccc(C)n2)c1,True,1.50162,-0.5333800000000002,0.44642857142857145,False,True
3.0,bin,3,-0.5795501172542572,-0.6448001861572266,-0.5143000483512878,1842499,COc1ccccc1COc1ccccc1-c1cnn(CCO)c1,3.1300000000000017,NC(=O)Cn1cc(-c2ccccc2OCc2ccc(O)cc2)cn1,True,2.3200000000000003,-0.8100000000000014,0.4827586206896552,False,True
3.0,bin,3,-0.5795501172542572,-0.6448001861572266,-0.5143000483512878,1865564,COC(CNC(=O)c1ccoc1)c1cccc(F)c1,2.536200000000001,COC(=O)C=NC=C(C=CO)C(=O)NCCc1ccccc1,True,1.5446999999999997,-0.9915000000000012,0.17567567567567569,False,True
3.0,bin,3,-0.5795501172542572,-0.6448001861572266,-0.5143000483512878,1868773,CCCOc1ccc(Cl)c2c1CCNC2C1CC(=O)C1,3.2947000000000015,COc1ccc(Br)c2c1CCNC21CCC1=O,True,2.1616,-1.1331000000000016,0.24242424242424243,False,True
3.0,bin,3,-0.5795501172542572,-0.6448001861572266,-0.5143000483512878,1873123,CCC1OC(=O)c2c(OC)ccc(Br)c21,3.079200000000002,COc1cc(OC)c2c(c1Br)OC(=O)C2OC,True,2.0728,-1.006400000000002,0.3,False,True
3.0,bin,3,-0.5795501172542572,-0.6448001861572266,-0.5143000483512878,1875028,Cc1cccc(C)c1NCC(=O)N1CCCC2CCCCC21,3.8965400000000034,N#CCc1ccc(NCC(=O)N2CCCC3CCCCC32)cc1,True,3.345780000000002,-0.5507600000000012,0.5471698113207547,False,True
3.0,bin,3,-0.5795501172542572,-0.6448001861572266,-0.5143000483512878,1895921,CCC(CC)N(C)C(=O)CC1OC(=O)c2ccccc21,2.935200000000002,C=CCCOC(=O)CC1OC(=O)c2ccccc21,True,2.4075000000000006,-0.5277000000000012,0.4528301886792453,False,True
3.0,bin,3,-0.5795501172542572,-0.6448001861572266,-0.5143000483512878,1907077,Cc1ccc2[nH]nc(C(=O)Nc3nc(-c4ccco4)cs3)c2c1,3.8401200000000015,Nc1cccc2[nH]nc(C(=O)Nc3nc(-c4ccco4)cs3)c12,True,3.113900000000001,-0.7262200000000005,0.6666666666666666,False,True
3.0,bin,3,-0.5795501172542572,-0.6448001861572266,-0.5143000483512878,1913063,Cc1nn(C)c(C)c1CN(C(=O)c1cn2cccc(C)c2n1)C1CC1,2.797860000000001,Cc1nn(CCO)cc1CN(C(=O)c1cn2ccccc2n1)C1CC1,True,1.6363199999999998,-1.1615400000000011,0.49295774647887325,False,True
3.0,bin,3,-0.5795501172542572,-0.6448001861572266,-0.5143000483512878,1922265,CN(CCNC(=O)c1ccc2c(c1)ncn2C)c1ccccc1,2.4395000000000007,O=C(NCCNc1ccccc1)c1ccc2[nH]cnc2c1,True,2.4048,-0.03470000000000084,0.4032258064516129,False,True
3.0,bin,4,-0.4522000253200531,-0.5143000483512878,-0.39010000228881836,32052,COc1ccccc1CNC(=O)Cc1c[nH]c2ccccc12,3.035400000000001,NC(=O)N(Cc1ccccc1)C(=O)Cc1c[nH]c2ccccc12,True,2.8179000000000007,-0.21750000000000025,0.4107142857142857,False,True
3.0,bin,4,-0.4522000253200531,-0.5143000483512878,-0.39010000228881836,116747,COCCSc1ccccc1C(=O)Nc1cccc(C)n1,3.3808200000000017,COc1ccc(C(=O)Nc2cccc(C)n2)cc1OC,True,2.6595200000000006,-0.7213000000000012,0.46296296296296297,False,False
3.0,bin,4,-0.4522000253200531,-0.5143000483512878,-0.39010000228881836,131060,CS(=O)(=O)NCCc1csc(-c2ccc(F)cc2)n1,2.0408999999999997,NS(=O)(=O)NCCc1csc(-c2ccc(F)cc2)n1,True,1.2848000000000006,-0.7560999999999991,0.7674418604651163,False,True
3.0,bin,4,-0.4522000253200531,-0.5143000483512878,-0.39010000228881836,131949,CCc1c(C)nc(SCC(=O)NC(C)C)[nH]c1=O,1.25742,C=CCNC(=O)CSc1nc(C)c(C)c(=O)[nH]1,True,0.78104,-0.47638,0.4716981132075472,False,False
3.0,bin,4,-0.4522000253200531,-0.5143000483512878,-0.39010000228881836,158879,COc1ccc(CC(=O)OCC(=O)c2c[nH]c3ccccc23)cc1,3.145100000000001,NC(=O)NC(C(=O)OCC(=O)c1c[nH]c2ccccc12)c1ccccc1,True,2.303400000000001,-0.8417000000000003,0.4745762711864407,False,True
3.0,bin,4,-0.4522000253200531,-0.5143000483512878,-0.39010000228881836,232056,COCCNC(=O)c1cc(=O)c2cc(C)ccc2o1,1.4776199999999993,NC(=O)CCCNC(=O)c1cc(=O)c2ccccc2o1,True,0.7882999999999991,-0.6893200000000002,0.5,False,False
3.0,bin,4,-0.4522000253200531,-0.5143000483512878,-0.39010000228881836,235788,O=C(Cn1nc(-c2ccco2)oc1=O)NCC(F)(F)F,0.7747999999999999,COC(C#N)C(=O)OCCn1nc(-c2ccco2)oc1=O,True,0.17807999999999957,-0.5967200000000004,0.4461538461538462,False,True
3.0,bin,4,-0.4522000253200531,-0.5143000483512878,-0.39010000228881836,236081,CC(=O)c1c(C)[nH]c(C(=O)CSc2nc(C(C)C)n[nH]2)c1C,3.0506400000000014,CCc1n[nH]c(SCC(=O)c2[nH]c(C)c(C(C)=O)c2C)n1,True,2.4896400000000005,-0.5610000000000008,0.7,False,True
3.0,bin,4,-0.4522000253200531,-0.5143000483512878,-0.39010000228881836,281081,O=C(Cn1cccn1)NCc1cccnc1Oc1ccc(F)cc1F,2.665000000000001,Nc1cccnc1Oc1cccnc1CNC(=O)Cn1cccn1,True,1.364,-1.3010000000000008,0.5873015873015873,False,True
3.0,bin,4,-0.4522000253200531,-0.5143000483512878,-0.39010000228881836,284170,COc1ccc(-c2nc(CC(=O)Nc3cccc(C)n3)cs2)cc1,3.7033200000000024,N#Cc1ccc(NC(=O)Cc2csc(-c3ccccc3)n2)nc1,True,3.2579800000000017,-0.44534000000000074,0.46875,False,True
3.0,bin,4,-0.4522000253200531,-0.5143000483512878,-0.39010000228881836,288369,Cc1ccc(NCc2nnc3n2CCCCC3)cc1C,3.2334400000000016,CN(C)c1cccc(NCc2nnc3n2CCCCC3)c1,True,2.6826000000000008,-0.5508400000000009,0.66,False,True
3.0,bin,4,-0.4522000253200531,-0.5143000483512878,-0.39010000228881836,302889,COc1ccc(OC)c(NC(=O)CCNC(=O)c2cccs2)c1,2.5239000000000003,NC(=O)c1cc(Cl)ccc1NC(=O)CCNC(=O)c1cccs1,True,2.2590000000000003,-0.2648999999999999,0.5333333333333333,False,True
3.0,bin,4,-0.4522000253200531,-0.5143000483512878,-0.39010000228881836,327141,COc1ccc(OC)c(S(=O)(=O)Nc2ccn(C)n2)c1,1.2381,CNS(=O)(=O)c1cc(S(=O)(=O)Nc2ccn(C)n2)c(C)cc1C,True,0.7458399999999994,-0.4922600000000006,0.5306122448979592,False,True
3.0,bin,4,-0.4522000253200531,-0.5143000483512878,-0.39010000228881836,327382,CNC(=O)C1CN(C(=O)c2c(C)noc2C)c2ccccc2O1,1.4452399999999996,CNC(=O)c1oncc1C(=O)N1CC(O)c2ccc(F)cc2O1,True,0.6564999999999999,-0.7887399999999998,0.24675324675324675,False,True
3.0,bin,4,-0.4522000253200531,-0.5143000483512878,-0.39010000228881836,406491,COCCNC(=O)C1CCCN(S(=O)(=O)N2CCOCC2)C1,-0.9619999999999964,NC(=O)C1CCN(S(=O)(=O)N2CCOCC2)CC1,True,-1.239299999999998,-0.27730000000000166,0.4117647058823529,False,True
3.0,bin,4,-0.4522000253200531,-0.5143000483512878,-0.39010000228881836,413951,O=C(Cn1ncn2cccc2c1=O)N1CCCCCC1,0.8985999999999996,Nc1nn(CC(=O)N2CCCCCC2)c(=O)c2cccn12,True,0.48079999999999923,-0.4178000000000004,0.6,False,True
3.0,bin,4,-0.4522000253200531,-0.5143000483512878,-0.39010000228881836,427929,CCNc1nc(NCc2ccccc2Cl)c2cnn(C)c2n1,3.060600000000001,CCNc1nc(NCc2ccccc2)c2cnn(C)c2n1,True,2.4072000000000005,-0.6534000000000004,0.7142857142857143,False,False
3.0,bin,4,-0.4522000253200531,-0.5143000483512878,-0.39010000228881836,447130,CCC(NC(=O)C1CCN(C(=O)C2CC2)CC1)c1ccc(C)cc1,3.2109200000000016,Cc1ccc(F)c(C(C)NC(=O)C2CCN(C(=O)C3CC3)CC2)c1,True,2.959920000000001,-0.25100000000000033,0.5454545454545454,False,True
3.0,bin,4,-0.4522000253200531,-0.5143000483512878,-0.39010000228881836,481908,CCNS(=O)(=O)c1ccc(C)c(C(=O)Nc2ncccc2C)c1,2.24894,CNS(=O)(=O)c1cc(C(=O)Nc2ncccc2C)ccc1C,True,1.8588399999999996,-0.39010000000000056,0.5454545454545454,False,True
3.0,bin,4,-0.4522000253200531,-0.5143000483512878,-0.39010000228881836,485220,Cc1nn(CC(=O)N2CCN(C)CC2)c(C)c1Br,1.03644,Cc1cc(Br)n(CC(=O)N2CCN(C)CC2)n1,True,0.7280199999999997,-0.30842000000000036,0.6046511627906976,False,True
3.0,bin,4,-0.4522000253200531,-0.5143000483512878,-0.39010000228881836,526363,Cc1nnc(SCC(=O)Nc2ccc(O)cc2)n(N)c1=O,0.09692,NC(=O)c1ccc(NC(=O)CSc2nncc(=O)n2N)cc1,True,-0.8181999999999994,-0.9151199999999994,0.5178571428571429,False,True
3.0,bin,4,-0.4522000253200531,-0.5143000483512878,-0.39010000228881836,536853,COc1ccc(C2CCCN2C(=O)C2CCC2)c(OC)c1,3.1674000000000015,NC(=O)Nc1cc(C2CCCN2C(=O)C2CCC2)ccc1F,True,2.7799000000000014,-0.3875000000000002,0.4166666666666667,False,True
3.0,bin,4,-0.4522000253200531,-0.5143000483512878,-0.39010000228881836,540312,Cc1nn(C)c2nc(C3CC3)cc(C(=O)NCC(=O)NC(C)(C)C)c12,1.7986199999999997,COC(=O)CNC(=O)c1cc(C2CC2)nc2c1c(C)nn2C,True,1.0569199999999992,-0.7417000000000005,0.7636363636363637,False,False
3.0,bin,4,-0.4522000253200531,-0.5143000483512878,-0.39010000228881836,544381,Cc1nc(N2CCCC(C(=O)NC(C)C)C2)c2c(C)c(C)oc2n1,2.8890600000000006,CC(=O)NCCCCCN(C)c1ncnc2oc(C)c(C)c12,True,2.5822400000000005,-0.3068200000000001,0.2236842105263158,False,True
3.0,bin,4,-0.4522000253200531,-0.5143000483512878,-0.39010000228881836,544382,CCCNC(=O)C1CCCN(c2nc(C)nc3oc(C)c(C)c23)C1,2.8906600000000013,C=CCNC(=O)C1CCN(c2nc(C)nc3oc(C)c(C)c23)CC1,True,2.666660000000001,-0.2240000000000002,0.5873015873015873,False,True
3.0,bin,4,-0.4522000253200531,-0.5143000483512878,-0.39010000228881836,550049,Cc1ccc(C)c(OCC(=O)Nc2cccc(-n3cnnc3)c2)c1,2.9016400000000013,O=C(COc1ccc(F)cc1)Nc1cccc(-n2cnnc2)c1,True,2.4238999999999997,-0.4777400000000016,0.6181818181818182,False,True
3.0,bin,4,-0.4522000253200531,-0.5143000483512878,-0.39010000228881836,573533,Cc1nn(-c2ncc(C(F)(F)F)cc2Cl)c(=O)o1,2.2011199999999995,N#Cc1cnc(-n2nc(C(F)(F)F)oc2=O)c(Cl)c1,True,1.7643799999999998,-0.4367399999999997,0.5192307692307693,False,True
3.0,bin,4,-0.4522000253200531,-0.5143000483512878,-0.39010000228881836,582555,O=C(NCC(O)c1ccccc1)c1ccc2c(=O)n3c(nc2c1)CCC3,1.8061000000000003,C=CC=C(CNC(=O)c1ccc2c(=O)n3c(nc2c1)CCC3C=CC)C(N)=O,True,1.7873999999999997,-0.018700000000000605,0.35714285714285715,False,True
3.0,bin,4,-0.4522000253200531,-0.5143000483512878,-0.39010000228881836,588547,Cc1n[nH]c(C)c1NC(=O)CCc1ccc(Cl)cc1Cl,3.9046400000000023,Cc1n[nH]c(C)c1NC(=O)CCc1ccc(Br)cc1,True,3.3603400000000017,-0.5443000000000007,0.5686274509803921,False,True
3.0,bin,4,-0.4522000253200531,-0.5143000483512878,-0.39010000228881836,607673,CCCN(CC1CC1)S(=O)(=O)c1ccccc1F,2.636400000000001,CN(CC1CC1)S(=O)(=O)c1cccc(F)c1F,True,1.9953000000000003,-0.6411000000000007,0.5217391304347826,False,True
3.0,bin,4,-0.4522000253200531,-0.5143000483512878,-0.39010000228881836,617681,Cc1cc(C(=O)Nc2nc(-c3ccncc3)cs2)nn1C(C)C,3.5432200000000016,CCn1nc(C(=O)Nc2nc(-c3ccncc3)cs2)cc1C,True,2.9822200000000016,-0.5609999999999999,0.7037037037037037,False,False
3.0,bin,4,-0.4522000253200531,-0.5143000483512878,-0.39010000228881836,650267,COc1ccc2oc(C(=O)NC3CCCCNC3=O)c(C)c2c1,2.14832,Nc1c(C(=O)NC2CCCCNC2=O)oc2ccc(F)cc12,True,1.5526,-0.59572,0.5873015873015873,False,True
3.0,bin,4,-0.4522000253200531,-0.5143000483512878,-0.39010000228881836,668639,Cc1cc(NC(=O)c2ccccc2Cl)ncc1N,2.8779200000000005,CCOC(=O)c1ccnc(NC(=O)c2cccc(OC)c2)c1N,True,2.1014,-0.7765200000000005,0.2647058823529412,False,True
3.0,bin,4,-0.4522000253200531,-0.5143000483512878,-0.39010000228881836,673160,CCC(=O)Nc1ccc2oc(C(F)(F)F)cc(=O)c2c1,3.160300000000001,C=CCNC(=O)COC=C1C=COC(C(F)(F)F)=CC(=O)C=C1,True,2.3045,-0.8558000000000012,0.1917808219178082,False,True
3.0,bin,4,-0.4522000253200531,-0.5143000483512878,-0.39010000228881836,711169,Cc1cccc(C(C)C)c1NC(=O)N(C)Cc1ccncc1,4.177320000000003,CN(Cc1ccncc1)C(=O)Nc1cccc(C(F)(F)F)c1,True,3.764300000000002,-0.4130200000000004,0.5,False,True
3.0,bin,4,-0.4522000253200531,-0.5143000483512878,-0.39010000228881836,720969,Cc1noc(C)c1CCC(=O)OCC(=O)N1c2ccccc2CC1C,2.7450400000000013,Cc1noc(C)c1CCC(=O)OCC(=O)N1c2ccccc2CC1O,True,1.67494,-1.0701000000000012,0.8245614035087719,False,True
3.0,bin,4,-0.4522000253200531,-0.5143000483512878,-0.39010000228881836,730789,COC(=O)C1CCN(C(=O)c2cc3ccc(F)cc3nc2C)CC1,2.7075200000000006,COc1ccc2nc(C)c(C(=O)N3CCC(C(N)=O)CC3)cc2c1,True,1.8893199999999999,-0.8182000000000007,0.5333333333333333,False,True
3.0,bin,4,-0.4522000253200531,-0.5143000483512878,-0.39010000228881836,738178,Cc1ccc(-n2ccnc2SCc2nc(C3CC3)no2)cc1C,4.041840000000003,Fc1ccccc1-n1ccnc1SCc1nc(C2CC2)no1,True,3.5641000000000016,-0.4777400000000016,0.6206896551724138,False,True
3.0,bin,4,-0.4522000253200531,-0.5143000483512878,-0.39010000228881836,771897,COc1ccccc1OCC(=O)N(C)Cc1sccc1C,3.102520000000002,CN(Cc1cccs1)C(=O)COc1cccc(CO)c1,True,2.2778,-0.8247200000000019,0.3770491803278688,False,True
3.0,bin,4,-0.4522000253200531,-0.5143000483512878,-0.39010000228881836,811446,COC(=O)C1(NC(=O)c2cc(Br)c[nH]2)CCCCCC1,2.7730000000000006,COC(=O)C1(NC(=O)c2cc(C)cn2C)CCCCC1,True,1.9392199999999993,-0.8337800000000013,0.49019607843137253,False,True
3.0,bin,4,-0.4522000253200531,-0.5143000483512878,-0.39010000228881836,848291,CCC(C)NC(=O)NCc1noc(-c2cccs2)n1,2.3958000000000004,CC(C)(CO)NC(=O)CCc1noc(-c2cccs2)n1,True,1.6178,-0.7780000000000005,0.4838709677419355,False,True
3.0,bin,4,-0.4522000253200531,-0.5143000483512878,-0.39010000228881836,863440,COc1ccc(-c2nc(CCCO)cs2)cc1OC,2.752200000000001,COc1ccc(C(=O)NCCCO)cc1-c1nccs1,True,1.9309,-0.821300000000001,0.3333333333333333,False,True
3.0,bin,4,-0.4522000253200531,-0.5143000483512878,-0.39010000228881836,864663,N#Cc1ccc(-c2cc(F)ccc2F)nc1N1CCCC1,3.498680000000002,COC(=O)c1cccc(-c2ccc(C#N)c(N3CCCC3)n2)c1,True,3.007080000000001,-0.4916000000000009,0.46551724137931033,False,True
3.0,bin,4,-0.4522000253200531,-0.5143000483512878,-0.39010000228881836,872100,CCc1cccc(C)c1NCC(O)c1ccc2c(c1)OCCO2,3.474120000000002,OC(CNc1cc(F)c2c(c1)OCCO2)c1ccc(F)c(F)c1,True,3.0206000000000017,-0.45352000000000015,0.39344262295081966,False,True
3.0,bin,4,-0.4522000253200531,-0.5143000483512878,-0.39010000228881836,886334,COc1ccc(C(=O)N2CCCC(C(=O)N3CCCCC3)C2)c(O)c1,2.2655000000000003,NC(=O)C1CCCN(C(=O)C2CCCN(C(=O)c3ccccc3)C2)C1,True,1.2626999999999993,-1.002800000000001,0.42857142857142855,False,True
3.0,bin,4,-0.4522000253200531,-0.5143000483512878,-0.39010000228881836,887387,COCCNC(=O)N(Cc1cccc(F)c1)CC1CCCO1,2.1627,NC(=O)NCCCN(CC1=CCCO1)Cc1ccc(F)cc1,True,1.9902999999999995,-0.17240000000000055,0.24358974358974358,False,True
3.0,bin,4,-0.4522000253200531,-0.5143000483512878,-0.39010000228881836,889149,N#Cc1ccc(NC(=O)c2ccc(Br)cc2Cl)nc1,3.621480000000001,COc1c(Br)cccc1C(=O)Nc1ccc(C#N)cn1,True,2.976680000000001,-0.6448,0.5454545454545454,False,True
3.0,bin,4,-0.4522000253200531,-0.5143000483512878,-0.39010000228881836,913483,O=C(CNC(=O)NCCc1c(Cl)cccc1Cl)NC1CC1,2.1137000000000006,O=C(Cl)CNC(=O)NC1CC1Cl,True,0.43069999999999997,-1.6830000000000007,0.2708333333333333,False,True
3.0,bin,4,-0.4522000253200531,-0.5143000483512878,-0.39010000228881836,917620,C=CCN(Cc1ccccc1OC)C(=O)c1csc(C)n1,3.288520000000002,COCCN(Cc1ccccc1)C(=O)c1csc(C)n1,True,2.7403200000000014,-0.5482000000000005,0.5,False,True
3.0,bin,4,-0.4522000253200531,-0.5143000483512878,-0.39010000228881836,918312,CCOc1ccc(Cl)c(C(=O)N2CCN(c3ncccn3)CC2)n1,1.8860999999999997,CCN(CCNC(=O)C1=CC=CCC(C)=N1)c1ncccn1,True,1.7238000000000002,-0.16229999999999944,0.2222222222222222,False,True
3.0,bin,4,-0.4522000253200531,-0.5143000483512878,-0.39010000228881836,922879,CC(=O)c1ccc(N2CCN(Cc3c(F)cccc3F)CC2)cc1,3.489600000000003,COC(=O)c1ccc(CN2CCN(c3ccccc3OC)CC2)cc1,True,2.804000000000001,-0.6856000000000018,0.3448275862068966,False,True
3.0,bin,4,-0.4522000253200531,-0.5143000483512878,-0.39010000228881836,927535,COc1cc(CN2CCN(c3ccccc3F)CC2)ccc1O,2.862100000000002,NC(=O)Nc1cccc(CN2CCN(c3ccccc3F)CC2)c1,True,2.6385000000000014,-0.2236000000000007,0.5087719298245614,False,True
3.0,bin,4,-0.4522000253200531,-0.5143000483512878,-0.39010000228881836,927567,Cc1ccccc1N1CCN(Cc2cccc(O)c2)CC1,3.022820000000001,Nc1ccccc1CN1CCN(c2ccccc2O)CC1,True,2.2965999999999998,-0.7262200000000014,0.40816326530612246,False,True
3.0,bin,4,-0.4522000253200531,-0.5143000483512878,-0.39010000228881836,938108,CC(c1ccccc1)N(C)C(=O)CCC(=O)Nc1nccs1,3.0814000000000012,CN(Cc1cccc(F)c1)C(=O)CCC(=O)Nc1nccs1,True,2.6595000000000004,-0.42190000000000083,0.5423728813559322,False,True
3.0,bin,4,-0.4522000253200531,-0.5143000483512878,-0.39010000228881836,943303,CN(CCCOc1ccccc1)C(=O)Nc1cccc2c1OCCO2,3.390600000000002,O=C(NCCCOc1ccccc1)Nc1cccc2c1OCCO2,True,3.048400000000001,-0.34220000000000095,0.6545454545454545,False,True
3.0,bin,4,-0.4522000253200531,-0.5143000483512878,-0.39010000228881836,946289,CC(NC(=O)C1(c2cc(-c3ccco3)on2)CC1)c1ccccc1,3.843600000000002,O=C(NCc1ccccc1)C1(c2cc(-c3ccco3)on2)CC1,True,3.282600000000002,-0.5609999999999999,0.6545454545454545,False,False
3.0,bin,4,-0.4522000253200531,-0.5143000483512878,-0.39010000228881836,994077,Cc1nnc(Cn2c(-c3cccc(Br)c3)noc2=O)o1,2.0055199999999997,COc1cc(OC)c(-c2noc(=O)n2Cc2nnc(C)o2)cc1C,True,1.56864,-0.4368799999999997,0.5263157894736842,False,True
3.0,bin,4,-0.4522000253200531,-0.5143000483512878,-0.39010000228881836,1065620,O=C(NCc1cccnc1Oc1ccccc1)c1cccnc1,3.198900000000002,Nc1cccnc1C(=O)NCc1cccnc1Oc1ccccc1,True,2.7811000000000012,-0.4178000000000006,0.6470588235294118,False,True
3.0,bin,4,-0.4522000253200531,-0.5143000483512878,-0.39010000228881836,1093926,CN(C(=O)CNc1cccc(OCC2CCCO2)c1)c1ccccc1,3.319300000000002,Nc1cccc(NCC(=O)Nc2cccc(OCC3CCCO3)c2)c1,True,2.877200000000001,-0.4421000000000008,0.6190476190476191,False,True
3.0,bin,4,-0.4522000253200531,-0.5143000483512878,-0.39010000228881836,1107920,CCc1ccc(-n2cc(C(=O)NC(C)c3ccccc3)nn2)cc1,3.320700000000002,O=C(NCc1ccc(Cl)cc1)c1cn(-c2ccccc2)nn1,True,2.8507000000000007,-0.4700000000000015,0.5,False,False
3.0,bin,4,-0.4522000253200531,-0.5143000483512878,-0.39010000228881836,1113130,CC(NC(=O)Cn1nnnc1C(C)(C)C)c1cccc2ccccc12,3.0012000000000016,Cc1c(C(C)(C)NC(=O)Cn2cnnn2)ccc2ccccc12,True,2.1862199999999996,-0.814980000000002,0.35294117647058826,False,True
3.0,bin,4,-0.4522000253200531,-0.5143000483512878,-0.39010000228881836,1121751,COC(=O)Cn1ccc(NS(=O)(=O)c2ccc(F)c(F)c2F)n1,1.2742,CNC(=O)Cn1ccc(NS(=O)(=O)c2cc(C)ccc2F)n1,True,0.8774199999999994,-0.3967800000000006,0.5517241379310345,False,True
3.0,bin,4,-0.4522000253200531,-0.5143000483512878,-0.39010000228881836,1142531,CCOC(C)C(=O)NCCc1csc(-c2ccc(C)cc2)n1,3.2022200000000014,CCS(=O)(=O)N(C)CCc1csc(-c2ccc(C)cc2)n1,True,2.942520000000002,-0.2596999999999996,0.49122807017543857,False,True
3.0,bin,4,-0.4522000253200531,-0.5143000483512878,-0.39010000228881836,1212157,CN(Cc1ccc(F)c(F)c1)C(=O)c1cncc(-c2cnn(C)c2)c1,3.0325000000000015,COc1ccccc1CNC(=O)c1cncc(-c2cnn(C)c2)c1,True,2.4207,-0.6118000000000015,0.4264705882352941,False,True
3.0,bin,4,-0.4522000253200531,-0.5143000483512878,-0.39010000228881836,1215394,CCn1nc(C)cc1C(=O)Oc1cccc(NC(=O)C(C)C)c1,3.025120000000001,CCc1cc(C(=O)Oc2cccc(NC(=O)NC)c2)n(C(C)C)n1,True,2.996900000000001,-0.028220000000000134,0.5,False,True
3.0,bin,4,-0.4522000253200531,-0.5143000483512878,-0.39010000228881836,1232922,CC(C)(C)OC(=O)NC1CCCN(S(=O)(=O)N2CCOCC2)C1,0.5525000000000011,CC(C)N(C)C(=O)C1CCCN(S(=O)(=O)N2CCOCC2)C1,True,0.1422000000000021,-0.410299999999999,0.4727272727272727,False,True
3.0,bin,4,-0.4522000253200531,-0.5143000483512878,-0.39010000228881836,1238973,FC(F)(F)c1cnc(N2CCn3c(nnc3C3CC3)C2)c(Cl)c1,3.2429000000000023,FC(F)(F)c1ccc(N2CCn3c(nnc3C3CC3)C2)nc1,True,2.5895,-0.6534000000000022,0.6415094339622641,False,True
3.0,bin,4,-0.4522000253200531,-0.5143000483512878,-0.39010000228881836,1299495,Cc1cc(CC(=O)N2CCCC2C(C#N)c2ccccc2)no1,2.823900000000001,N#Cc1cc(CC(=O)N2CCCC2Cc2ccccc2)no1,True,2.3224800000000005,-0.5014200000000004,0.5,False,True
3.0,bin,4,-0.4522000253200531,-0.5143000483512878,-0.39010000228881836,1309906,CC(C)CC(NC(=O)c1cc(=O)c2ccccc2o1)C(=O)OC(C)C,2.8891000000000018,CC(C)CC(C#N)NC(=O)c1cc(=O)c2ccccc2o1,True,2.461080000000001,-0.42802000000000096,0.6296296296296297,False,True
3.0,bin,4,-0.4522000253200531,-0.5143000483512878,-0.39010000228881836,1362816,COCc1cccc(C(=O)NC2CC2c2cccc(Cl)c2)c1,3.772300000000002,COc1cccc(C(=O)NC2CC2c2ccccc2C)c1F,True,3.428620000000002,-0.34368,0.3235294117647059,False,True
3.0,bin,4,-0.4522000253200531,-0.5143000483512878,-0.39010000228881836,1441838,COCC(=O)NC(C(=O)Nc1cccc(-c2nccs2)c1)C(C)C,2.5358,CNC(=O)N(C)CC(=O)Nc1cccc(-c2nccs2)c1,True,2.019799999999999,-0.5160000000000009,0.515625,False,True
3.0,bin,4,-0.4522000253200531,-0.5143000483512878,-0.39010000228881836,1450449,CCCNC(=O)CSc1nc2c(cc1C#N)CCCC2,2.450380000000001,CCC(C)(C)Cc1cnc(SCC(=O)OC)c(C(N)=O)c1,True,2.4242999999999997,-0.026080000000001213,0.21621621621621623,False,True
3.0,bin,4,-0.4522000253200531,-0.5143000483512878,-0.39010000228881836,1451910,O=S(=O)(NCc1nnc2ccccn12)c1ccc(F)c(F)c1,1.4859999999999995,N#Cc1ccc(S(=O)(=O)NCc2nnc3ccccn23)cc1,True,1.07948,-0.40651999999999955,0.6470588235294118,False,False
3.0,bin,4,-0.4522000253200531,-0.5143000483512878,-0.39010000228881836,1479798,Cc1nc(C)c(CCC(=O)N(CC(C)C)CC(F)(F)F)c(=O)[nH]1,2.3662400000000003,CCCC(C)(C)NC(=O)CCc1c(C)nc(C)[nH]c1=O,True,2.01424,-0.3520000000000003,0.45614035087719296,False,False
3.0,bin,4,-0.4522000253200531,-0.5143000483512878,-0.39010000228881836,1507926,COC(=O)C(C)NC(=O)Cc1csc(-c2ccccc2Cl)n1,2.6837,COC(=O)CNC(=O)Cc1csc(-c2ccccc2Cl)n1,True,2.2952000000000004,-0.3884999999999996,0.660377358490566,False,True
3.0,bin,4,-0.4522000253200531,-0.5143000483512878,-0.39010000228881836,1527882,Nc1ncccc1C(=O)Nc1ccc2cn[nH]c2c1,1.7923999999999998,NC(=O)c1ncccc1C(=O)Nc1ccc2cn[nH]c2c1,True,1.3090999999999997,-0.48330000000000006,0.7551020408163265,False,True
3.0,bin,4,-0.4522000253200531,-0.5143000483512878,-0.39010000228881836,1532848,COc1ccc(-c2ccc3c(=O)[nH]cnc3c2)cc1Cl,3.2521000000000013,COc1cc(-c2ccc3c(=O)[nH]cnc3c2)cc(OC)c1OC,True,2.615900000000001,-0.6362000000000005,0.7045454545454546,False,True
3.0,bin,4,-0.4522000253200531,-0.5143000483512878,-0.39010000228881836,1548351,COc1cc(OC)c2c(c1)C(c1cnccn1)NCC2,1.7288999999999999,O=C(CO)c1ccc2c(c1)C(c1cnccn1)NCC2,True,0.8867,-0.8421999999999998,0.4166666666666667,False,True
3.0,bin,4,-0.4522000253200531,-0.5143000483512878,-0.39010000228881836,1570134,COc1cccc(C(C)N2CCN(C(=O)c3ccc(O)cc3)CC2)c1,2.9198000000000013,Nc1cccc(C(=O)N2CCN(Cc3cccc(F)c3)CC2)c1,True,2.365900000000001,-0.5539000000000005,0.2727272727272727,False,True
3.0,bin,4,-0.4522000253200531,-0.5143000483512878,-0.39010000228881836,1611406,CC(C)(C)N1CC(NC(=O)C2COc3ccc(F)cc3C2)CC1=O,1.8923999999999994,CC(C)N1CC(NC(=O)C2COc3ccc(F)cc3C2)CC1=O,True,1.5022999999999993,-0.3901000000000001,0.7241379310344828,False,True
3.0,bin,4,-0.4522000253200531,-0.5143000483512878,-0.39010000228881836,1612684,CCCC1CN(C(=O)Nc2ccn(CCC(C)C)n2)CCO1,2.9620000000000015,CC(C)CC1COCCN1C(=O)Nc1ccn(C(F)F)n1,True,2.5570000000000004,-0.40500000000000114,0.3698630136986301,False,True
3.0,bin,4,-0.4522000253200531,-0.5143000483512878,-0.39010000228881836,1639675,CCC(CC)c1nnc(NC(=O)c2scnc2C2CC2)s1,4.0279000000000025,CC(C)(C)c1nnc(NC(=O)c2scnc2C2CC2)s1,True,3.421800000000002,-0.6061000000000005,0.6666666666666666,False,False
3.0,bin,4,-0.4522000253200531,-0.5143000483512878,-0.39010000228881836,1675660,COc1ccnc(NC(=O)c2cccc(Cl)c2)c1,2.9959000000000007,COC(=O)c1ccnc(NC(=O)c2cc(C)ccc2F)c1,True,2.5680200000000006,-0.42788000000000004,0.40350877192982454,False,True
3.0,bin,4,-0.4522000253200531,-0.5143000483512878,-0.39010000228881836,1689728,CCc1noc(CSc2ncnc3sc(C)cc23)n1,3.237420000000002,Cc1noc(CSc2ncnc3sc(C)cc23)n1,True,2.9834400000000016,-0.2539800000000003,0.7659574468085106,False,False
3.0,bin,4,-0.4522000253200531,-0.5143000483512878,-0.39010000228881836,1720876,CC(C)(C)CC(=O)NCC(=O)Nc1ccc2c(c1)COC2,2.2077,COC(=O)CCCC(=O)Nc1ccc2c(c1)COC2,True,1.9985999999999997,-0.20910000000000029,0.54,False,True
3.0,bin,4,-0.4522000253200531,-0.5143000483512878,-0.39010000228881836,1757109,CC(C)Cc1ncc(CNc2ccc3c(c2)COC3)s1,3.983900000000003,Brc1ncsc1CNc1ccc2c(c1)COC2,True,3.547900000000002,-0.43600000000000083,0.48148148148148145,False,True
3.0,bin,4,-0.4522000253200531,-0.5143000483512878,-0.39010000228881836,1774061,O=C1NCCCc2[nH]c(-c3cccc4[nH]ccc34)nc21,2.234,NC(=O)C1CCN(c2nc3c([nH]2)CCCNC3=O)c2ccccc21,True,1.196399999999999,-1.037600000000001,0.36231884057971014,False,True
3.0,bin,4,-0.4522000253200531,-0.5143000483512878,-0.39010000228881836,1800687,Cc1nn(C)c(-c2nc(-c3cccnn3)no2)c1Cl,1.8889199999999997,COCCn1nnc(-c2nc(-c3cccnn3)no2)c1C,True,0.7399199999999997,-1.149,0.5,False,True
3.0,bin,4,-0.4522000253200531,-0.5143000483512878,-0.39010000228881836,1815867,FC(F)(F)c1ccc(CN2CCOCC2c2ncon2)cc1,2.661900000000001,FC=CC=C(F)CN1CCOCC1c1ncon1,True,1.7794999999999999,-0.8824000000000012,0.5172413793103449,False,True
3.0,bin,4,-0.4522000253200531,-0.5143000483512878,-0.39010000228881836,1828580,Cc1ccc(N2CC3OCC(=O)N(Cc4cccc(F)c4)C3C2)nn1,1.54032,N#Cc1ccc(N2CCOC3C(=O)N(Cc4ccccc4)CC32)nn1,True,0.96448,-0.5758399999999999,0.2716049382716049,False,True
3.0,bin,4,-0.4522000253200531,-0.5143000483512878,-0.39010000228881836,1836183,CCc1ccc(C(=O)NCc2nccc(N(C)C)n2)cc1,2.035,COc1cccc(C(=O)NCc2nccc(C)n2)c1,True,1.72362,-0.3113800000000002,0.41379310344827586,False,True
3.0,bin,4,-0.4522000253200531,-0.5143000483512878,-0.39010000228881836,1842499,COc1ccccc1COc1ccccc1-c1cnn(CCO)c1,3.1300000000000017,N#Cc1cccc(COc2ccccc2-c2cnn(CC(N)=O)c2)c1,True,2.4860800000000003,-0.6439200000000014,0.42424242424242425,False,True
3.0,bin,4,-0.4522000253200531,-0.5143000483512878,-0.39010000228881836,1865564,COC(CNC(=O)c1ccoc1)c1cccc(F)c1,2.536200000000001,N#CC(CNC(=O)c1ccoc1)c1ccc(O)cc1,True,2.02238,-0.5138200000000008,0.43103448275862066,False,True
3.0,bin,4,-0.4522000253200531,-0.5143000483512878,-0.39010000228881836,1868773,CCCOc1ccc(Cl)c2c1CCNC2C1CC(=O)C1,3.2947000000000015,O=C1CCC2(NCCC3=C2OCC(Cl)=C3Cl)C1O,True,1.4158,-1.8789000000000016,0.136986301369863,False,True
3.0,bin,4,-0.4522000253200531,-0.5143000483512878,-0.39010000228881836,1873123,CCC1OC(=O)c2c(OC)ccc(Br)c21,3.079200000000002,COCC1OC(=O)c2c(Br)cccc21,True,2.3070000000000004,-0.7722000000000016,0.4444444444444444,False,True
3.0,bin,4,-0.4522000253200531,-0.5143000483512878,-0.39010000228881836,1875028,Cc1cccc(C)c1NCC(=O)N1CCCC2CCCCC21,3.8965400000000034,O=C(CNc1ccc(F)cc1)N1CCCC2CCCCC21,True,3.4188000000000027,-0.4777400000000007,0.6041666666666666,False,False
3.0,bin,4,-0.4522000253200531,-0.5143000483512878,-0.39010000228881836,1895921,CCC(CC)N(C)C(=O)CC1OC(=O)c2ccccc21,2.935200000000002,CCCCNC(=O)CC1OC(=O)c2ccccc21,True,2.2045000000000003,-0.7307000000000015,0.52,False,True
3.0,bin,4,-0.4522000253200531,-0.5143000483512878,-0.39010000228881836,1907077,Cc1ccc2[nH]nc(C(=O)Nc3nc(-c4ccco4)cs3)c2c1,3.8401200000000015,N#Cc1cccc(-c2csc(NC(=O)c3n[nH]c4ccccc34)n2)c1,True,3.810380000000001,-0.02974000000000032,0.4927536231884058,False,True
3.0,bin,4,-0.4522000253200531,-0.5143000483512878,-0.39010000228881836,1913063,Cc1nn(C)c(C)c1CN(C(=O)c1cn2cccc(C)c2n1)C1CC1,2.797860000000001,Cc1nn(C)cc1CN(C(=O)c1cn2ccc(F)cc2n1)C1CC1,True,2.32012,-0.4777400000000007,0.4583333333333333,False,True
3.0,bin,4,-0.4522000253200531,-0.5143000483512878,-0.39010000228881836,1922265,CN(CCNC(=O)c1ccc2c(c1)ncn2C)c1ccccc1,2.4395000000000007,Nc1nc2cc(C(=O)NCCNc3ccccc3)ccc2[nH]1,True,1.9869999999999994,-0.45250000000000123,0.36923076923076925,False,True
3.0,bin,5,-0.34654998779296875,-0.39010000228881836,-0.30299997329711914,32052,COc1ccccc1CNC(=O)Cc1c[nH]c2ccccc12,3.035400000000001,N#Cc1ccc(CNC(=O)Cc2c[nH]c3ccccc23)cc1,True,2.898480000000001,-0.13691999999999993,0.5686274509803921,False,False
3.0,bin,5,-0.34654998779296875,-0.39010000228881836,-0.30299997329711914,116747,COCCSc1ccccc1C(=O)Nc1cccc(C)n1,3.3808200000000017,CCN(CC)C(=O)COc1ccccc1C(=O)Nc1ccccn1,True,2.5811,-0.7997200000000015,0.3333333333333333,False,True
3.0,bin,5,-0.34654998779296875,-0.39010000228881836,-0.30299997329711914,131060,CS(=O)(=O)NCCc1csc(-c2ccc(F)cc2)n1,2.0408999999999997,NS(=O)(=O)NCCc1csc(-c2ccc(F)cc2)n1,True,1.2848000000000006,-0.7560999999999991,0.7674418604651163,False,True
3.0,bin,5,-0.34654998779296875,-0.39010000228881836,-0.30299997329711914,131949,CCc1c(C)nc(SCC(=O)NC(C)C)[nH]c1=O,1.25742,COCCCNC(=O)CSc1nc(C)c(C)c(=O)[nH]1,True,0.6315399999999998,-0.6258800000000002,0.44642857142857145,False,True
3.0,bin,5,-0.34654998779296875,-0.39010000228881836,-0.30299997329711914,158879,COc1ccc(CC(=O)OCC(=O)c2c[nH]c3ccccc23)cc1,3.145100000000001,O=C(COC(=O)c1c[nH]c2ccccc12)C1=CC=CNC1,True,1.9371,-1.208000000000001,0.4262295081967213,False,True
3.0,bin,5,-0.34654998779296875,-0.39010000228881836,-0.30299997329711914,232056,COCCNC(=O)c1cc(=O)c2cc(C)ccc2o1,1.4776199999999993,COCCNC(=O)c1cc(=O)c2cc(OC)ccc2o1,True,1.1777999999999993,-0.29982,0.7608695652173914,False,True
3.0,bin,5,-0.34654998779296875,-0.39010000228881836,-0.30299997329711914,235788,O=C(Cn1nc(-c2ccco2)oc1=O)NCC(F)(F)F,0.7747999999999999,C=CCNC(=O)Cn1nc(-c2ccco2)oc1=O,True,0.3984999999999997,-0.37630000000000025,0.7058823529411765,False,True
3.0,bin,5,-0.34654998779296875,-0.39010000228881836,-0.30299997329711914,236081,CC(=O)c1c(C)[nH]c(C(=O)CSc2nc(C(C)C)n[nH]2)c1C,3.0506400000000014,CC(=O)c1c(C)[nH]c(C(=O)CSc2nc(C(C)C)n[nH]2)c1C,True,3.0506400000000014,0.0,1.0,True,False
3.0,bin,5,-0.34654998779296875,-0.39010000228881836,-0.30299997329711914,281081,O=C(Cn1cccn1)NCc1cccnc1Oc1ccc(F)cc1F,2.665000000000001,CN(CC(=O)NCc1cccnc1Oc1ccccc1)N=CC#N,True,1.9312799999999997,-0.7337200000000013,0.3684210526315789,False,True
3.0,bin,5,-0.34654998779296875,-0.39010000228881836,-0.30299997329711914,284170,COc1ccc(-c2nc(CC(=O)Nc3cccc(C)n3)cs2)cc1,3.7033200000000024,COc1cccc(-c2nc(CC(=O)Nc3ccccn3)cs2)c1,True,3.3949000000000016,-0.3084200000000008,0.6271186440677966,False,True
3.0,bin,5,-0.34654998779296875,-0.39010000228881836,-0.30299997329711914,288369,Cc1ccc(NCc2nnc3n2CCCCC3)cc1C,3.2334400000000016,Fc1cccc(NCc2nnc3n2CCCCC3)c1,True,2.755700000000001,-0.4777400000000007,0.6530612244897959,False,False
3.0,bin,5,-0.34654998779296875,-0.39010000228881836,-0.30299997329711914,302889,COc1ccc(OC)c(NC(=O)CCNC(=O)c2cccs2)c1,2.5239000000000003,N#Cc1cccc(NC(=O)CCNC(=O)c2cccs2)c1,True,2.378380000000001,-0.14551999999999943,0.5,False,False
3.0,bin,5,-0.34654998779296875,-0.39010000228881836,-0.30299997329711914,327141,COc1ccc(OC)c(S(=O)(=O)Nc2ccn(C)n2)c1,1.2381,COc1ccc(S(=O)(=O)Nc2cc[nH]n2)c(N)c1,True,0.8012999999999997,-0.4368000000000003,0.42592592592592593,False,True
3.0,bin,5,-0.34654998779296875,-0.39010000228881836,-0.30299997329711914,327382,CNC(=O)C1CN(C(=O)c2c(C)noc2C)c2ccccc2O1,1.4452399999999996,CNC(=O)C1CN(C(=O)c2cnoc2C)c2ccccc2O1,True,1.1368199999999993,-0.30842000000000036,0.6727272727272727,False,True
3.0,bin,5,-0.34654998779296875,-0.39010000228881836,-0.30299997329711914,406491,COCCNC(=O)C1CCCN(S(=O)(=O)N2CCOCC2)C1,-0.9619999999999964,O=C(NCCO)C1CCN(S(=O)(=O)N2CCOCC2)CC1,True,-1.6160999999999968,-0.6541000000000003,0.5490196078431373,False,True
3.0,bin,5,-0.34654998779296875,-0.39010000228881836,-0.30299997329711914,413951,O=C(Cn1ncn2cccc2c1=O)N1CCCCCC1,0.8985999999999996,CCCCCNC(=O)Cn1ncn2cccc2c1=O,True,0.8023999999999996,-0.09620000000000006,0.5185185185185185,False,True
3.0,bin,5,-0.34654998779296875,-0.39010000228881836,-0.30299997329711914,427929,CCNc1nc(NCc2ccccc2Cl)c2cnn(C)c2n1,3.060600000000001,CCNc1nc(NCc2ccccc2C)c2cnn(C)c2n1,True,2.7156200000000004,-0.3449800000000005,0.7755102040816326,False,False
3.0,bin,5,-0.34654998779296875,-0.39010000228881836,-0.30299997329711914,447130,CCC(NC(=O)C1CCN(C(=O)C2CC2)CC1)c1ccc(C)cc1,3.2109200000000016,CCC(NC(=O)C1CCN(C(=O)C2CC2)CC1)c1ccccc1,True,2.9025000000000016,-0.3084199999999999,0.8,False,True
3.0,bin,5,-0.34654998779296875,-0.39010000228881836,-0.30299997329711914,481908,CCNS(=O)(=O)c1ccc(C)c(C(=O)Nc2ncccc2C)c1,2.24894,CNS(=O)(=O)c1ccc(C)c(C(=O)Nc2ncccc2C)c1,True,1.8588399999999998,-0.39010000000000034,0.7872340425531915,False,True
3.0,bin,5,-0.34654998779296875,-0.39010000228881836,-0.30299997329711914,485220,Cc1nn(CC(=O)N2CCN(C)CC2)c(C)c1Br,1.03644,Cc1nn(CC(=O)N2CCNCC2)cc1Br,True,0.3858199999999999,-0.6506200000000002,0.4,False,True
3.0,bin,5,-0.34654998779296875,-0.39010000228881836,-0.30299997329711914,526363,Cc1nnc(SCC(=O)Nc2ccc(O)cc2)n(N)c1=O,0.09692,CN(C=O)C(=NN=C(O)NCC(N)=O)SCC(=O)Nc1ccccc1,True,-0.293599999999999,-0.390519999999999,0.25,False,True
3.0,bin,5,-0.34654998779296875,-0.39010000228881836,-0.30299997329711914,536853,COc1ccc(C2CCCN2C(=O)C2CCC2)c(OC)c1,3.1674000000000015,Nc1ccc(C2CCCN2C(=O)C2CCC2)c(F)c1,True,2.871500000000002,-0.2958999999999996,0.5384615384615384,False,True
3.0,bin,5,-0.34654998779296875,-0.39010000228881836,-0.30299997329711914,540312,Cc1nn(C)c2nc(C3CC3)cc(C(=O)NCC(=O)NC(C)(C)C)c12,1.7986199999999997,CC(=O)NCCNC(=O)c1cc(C2CC2)nc2c1c(C)nn2C,True,1.0200199999999993,-0.7786000000000004,0.6842105263157895,False,False
3.0,bin,5,-0.34654998779296875,-0.39010000228881836,-0.30299997329711914,544381,Cc1nc(N2CCCC(C(=O)NC(C)C)C2)c2c(C)c(C)oc2n1,2.8890600000000006,CCNC(=O)C1CCCN(c2nc(C)nc3oc(C)c(C)c23)C1,True,2.500560000000001,-0.3884999999999996,0.7636363636363637,False,False
3.0,bin,5,-0.34654998779296875,-0.39010000228881836,-0.30299997329711914,544382,CCCNC(=O)C1CCCN(c2nc(C)nc3oc(C)c(C)c23)C1,2.8906600000000013,CCCNC(=O)C1CCN(c2ncnc3oc(C)c(C)c23)CC1,True,2.5822400000000005,-0.3084200000000008,0.5806451612903226,False,False
3.0,bin,5,-0.34654998779296875,-0.39010000228881836,-0.30299997329711914,550049,Cc1ccc(C)c(OCC(=O)Nc2cccc(-n3cnnc3)c2)c1,2.9016400000000013,O=C(COc1ccccc1F)Nc1cccc(-n2cnnc2)c1,True,2.4238999999999997,-0.4777400000000016,0.6666666666666666,False,True
3.0,bin,5,-0.34654998779296875,-0.39010000228881836,-0.30299997329711914,573533,Cc1nn(-c2ncc(C(F)(F)F)cc2Cl)c(=O)o1,2.2011199999999995,O=C1OCC=NN1c1ccc(Br)c(F)n1,True,1.9256,-0.27551999999999954,0.140625,False,True
3.0,bin,5,-0.34654998779296875,-0.39010000228881836,-0.30299997329711914,582555,O=C(NCC(O)c1ccccc1)c1ccc2c(=O)n3c(nc2c1)CCC3,1.8061000000000003,Cc1ccccc1C1NC(=O)C(CC=Cc2cc(=O)[nH]cn2)N1,True,1.2684199999999997,-0.5376800000000006,0.1111111111111111,False,True
3.0,bin,5,-0.34654998779296875,-0.39010000228881836,-0.30299997329711914,588547,Cc1n[nH]c(C)c1NC(=O)CCc1ccc(Cl)cc1Cl,3.9046400000000023,Cc1cccc(C(C)C)c1CCC(=O)Nc1c(C)n[nH]c1C,True,4.0296600000000025,0.12502000000000013,0.5087719298245614,False,True
3.0,bin,5,-0.34654998779296875,-0.39010000228881836,-0.30299997329711914,607673,CCCN(CC1CC1)S(=O)(=O)c1ccccc1F,2.636400000000001,C#CCN(CC1CC1)S(=O)(=O)c1ccccc1C,True,2.0289200000000003,-0.6074800000000007,0.4897959183673469,False,True
3.0,bin,5,-0.34654998779296875,-0.39010000228881836,-0.30299997329711914,617681,Cc1cc(C(=O)Nc2nc(-c3ccncc3)cs2)nn1C(C)C,3.5432200000000016,CCn1nc(C(=O)Nc2nc(-c3ccncc3)cs2)cc1C,True,2.9822200000000016,-0.5609999999999999,0.7037037037037037,False,False
3.0,bin,5,-0.34654998779296875,-0.39010000228881836,-0.30299997329711914,650267,COc1ccc2oc(C(=O)NC3CCCCNC3=O)c(C)c2c1,2.14832,O=C1NCCCCN1C(=O)C1=CCc2ccccc21,True,1.9581,-0.19022000000000006,0.18666666666666668,False,True
3.0,bin,5,-0.34654998779296875,-0.39010000228881836,-0.30299997329711914,668639,Cc1cc(NC(=O)c2ccccc2Cl)ncc1N,2.8779200000000005,COc1cccc(OC)c1C(=O)Nc1ncc(C)cc1C#N,True,2.5312,-0.34672000000000036,0.25,False,True
3.0,bin,5,-0.34654998779296875,-0.39010000228881836,-0.30299997329711914,673160,CCC(=O)Nc1ccc2oc(C(F)(F)F)cc(=O)c2c1,3.160300000000001,CC(=O)Nc1ccc2oc(C(F)(F)F)cc(=O)c2c1,True,2.770200000000001,-0.39010000000000034,0.75,False,False
3.0,bin,5,-0.34654998779296875,-0.39010000228881836,-0.30299997329711914,711169,Cc1cccc(C(C)C)c1NC(=O)N(C)Cc1ccncc1,4.177320000000003,CN(Cc1ccncc1)C(=O)Nc1ccc(SC(F)F)cc1,True,4.060200000000003,-0.11711999999999989,0.48214285714285715,False,True
3.0,bin,5,-0.34654998779296875,-0.39010000228881836,-0.30299997329711914,720969,Cc1noc(C)c1CCC(=O)OCC(=O)N1c2ccccc2CC1C,2.7450400000000013,Cc1noc(C)c1CCC(=O)OCC(=O)N1CCc2ccccc21,True,2.35654,-0.3885000000000014,0.6721311475409836,False,False
3.0,bin,5,-0.34654998779296875,-0.39010000228881836,-0.30299997329711914,730789,COC(=O)C1CCN(C(=O)c2cc3ccc(F)cc3nc2C)CC1,2.7075200000000006,COC(=O)C1CCN(C(=O)c2cc3ccccc3nc2C)CC1,True,2.5684200000000006,-0.1391,0.7450980392156863,False,True
3.0,bin,5,-0.34654998779296875,-0.39010000228881836,-0.30299997329711914,738178,Cc1ccc(-n2ccnc2SCc2nc(C3CC3)no2)cc1C,4.041840000000003,Cc1ccccc1-n1ccnc1SCc1nc(C2CC2)no1,True,3.7334200000000024,-0.3084200000000008,0.7090909090909091,False,True
3.0,bin,5,-0.34654998779296875,-0.39010000228881836,-0.30299997329711914,771897,COc1ccccc1OCC(=O)N(C)Cc1sccc1C,3.102520000000002,COc1ccccc1OCC(=O)N(C)Cc1cccs1,True,2.794100000000001,-0.3084200000000008,0.6666666666666666,False,False
3.0,bin,5,-0.34654998779296875,-0.39010000228881836,-0.30299997329711914,811446,COC(=O)C1(NC(=O)c2cc(Br)c[nH]2)CCCCCC1,2.7730000000000006,CCCCCCC(NC(=O)c1cc(C)c[nH]1)C(=O)OC,True,2.56492,-0.2080800000000007,0.29508196721311475,False,True
3.0,bin,5,-0.34654998779296875,-0.39010000228881836,-0.30299997329711914,848291,CCC(C)NC(=O)NCc1noc(-c2cccs2)n1,2.3958000000000004,CCOCCC(=O)NCc1noc(-c2cccs2)n1,True,1.8408999999999998,-0.5549000000000006,0.603448275862069,False,True
3.0,bin,5,-0.34654998779296875,-0.39010000228881836,-0.30299997329711914,863440,COc1ccc(-c2nc(CCCO)cs2)cc1OC,2.752200000000001,COC(=O)c1ccc(-c2nc(CC(C)O)cs2)cc1,True,2.5200000000000005,-0.23220000000000063,0.375,False,True
3.0,bin,5,-0.34654998779296875,-0.39010000228881836,-0.30299997329711914,864663,N#Cc1ccc(-c2cc(F)ccc2F)nc1N1CCCC1,3.498680000000002,N#Cc1ccc(N2CCCC2)nc1-c1ccccc1,True,3.220480000000001,-0.2782000000000009,0.3584905660377358,False,True
3.0,bin,5,-0.34654998779296875,-0.39010000228881836,-0.30299997329711914,872100,CCc1cccc(C)c1NCC(O)c1ccc2c(c1)OCCO2,3.474120000000002,Cc1ccc(NCC(O)c2ccc3c(c2)OCCO3)cc1F,True,3.0508200000000016,-0.42330000000000023,0.5636363636363636,False,True
3.0,bin,5,-0.34654998779296875,-0.39010000228881836,-0.30299997329711914,886334,COc1ccc(C(=O)N2CCCC(C(=O)N3CCCCC3)C2)c(O)c1,2.2655000000000003,NC(=O)c1cccc(C(=O)N2CCCC(C(=O)N3CCCCC3)C2)c1,True,1.6501999999999994,-0.6153000000000008,0.4909090909090909,False,True
3.0,bin,5,-0.34654998779296875,-0.39010000228881836,-0.30299997329711914,887387,COCCNC(=O)N(Cc1cccc(F)c1)CC1CCCO1,2.1627,COC(=O)NCC(=O)N(Cc1cccc(F)c1)CC1CCCO1,True,1.6892999999999996,-0.4734000000000005,0.6885245901639344,False,True
3.0,bin,5,-0.34654998779296875,-0.39010000228881836,-0.30299997329711914,889149,N#Cc1ccc(NC(=O)c2ccc(Br)cc2Cl)nc1,3.621480000000001,O=C(Nc1ccc(Br)cn1)c1ccc(F)cc1F,True,3.374600000000001,-0.24688,0.4807692307692308,False,False
3.0,bin,5,-0.34654998779296875,-0.39010000228881836,-0.30299997329711914,913483,O=C(CNC(=O)NCCc1c(Cl)cccc1Cl)NC1CC1,2.1137000000000006,O=C(CNC(=O)NCCc1ccc(F)c(Cl)c1)NC1CC1,True,1.5994,-0.5143000000000006,0.62,False,True
3.0,bin,5,-0.34654998779296875,-0.39010000228881836,-0.30299997329711914,917620,C=CCN(Cc1ccccc1OC)C(=O)c1csc(C)n1,3.288520000000002,COc1ccccc1CN(C)C(=O)c1csc(C)n1,True,2.7323200000000005,-0.5562000000000014,0.7058823529411765,False,True
3.0,bin,5,-0.34654998779296875,-0.39010000228881836,-0.30299997329711914,918312,CCOc1ccc(Cl)c(C(=O)N2CCN(c3ncccn3)CC2)n1,1.8860999999999997,O=C(c1cc(Cl)cc(OC(F)F)n1)N1CCN(c2ncccn2)CC1,True,2.0887999999999995,0.20269999999999988,0.45901639344262296,False,True
3.0,bin,5,-0.34654998779296875,-0.39010000228881836,-0.30299997329711914,922879,CC(=O)c1ccc(N2CCN(Cc3c(F)cccc3F)CC2)cc1,3.489600000000003,N#Cc1ccccc1N1CCN(Cc2ccccc2F)CC1,True,3.0195800000000013,-0.47002000000000166,0.3333333333333333,False,True
3.0,bin,5,-0.34654998779296875,-0.39010000228881836,-0.30299997329711914,927535,COc1cc(CN2CCN(c3ccccc3F)CC2)ccc1O,2.862100000000002,NC(=O)Nc1cccc(N2CCN(Cc3ccccc3F)CC2)c1,True,2.6385000000000014,-0.2236000000000007,0.3230769230769231,False,True
3.0,bin,5,-0.34654998779296875,-0.39010000228881836,-0.30299997329711914,927567,Cc1ccccc1N1CCN(Cc2cccc(O)c2)CC1,3.022820000000001,Oc1cccc(N2CCN(Cc3ccccc3)CC2O)c1F,True,2.1719000000000004,-0.8509200000000008,0.35714285714285715,False,True
3.0,bin,5,-0.34654998779296875,-0.39010000228881836,-0.30299997329711914,938108,CC(c1ccccc1)N(C)C(=O)CCC(=O)Nc1nccs1,3.0814000000000012,Cc1ccc(CNC(=O)CCC(=O)Nc2nccs2)cc1,True,2.4866200000000003,-0.594780000000001,0.48214285714285715,False,True
3.0,bin,5,-0.34654998779296875,-0.39010000228881836,-0.30299997329711914,943303,CN(CCCOc1ccccc1)C(=O)Nc1cccc2c1OCCO2,3.390600000000002,O=C(NCCCOc1ccccc1)Nc1cccc2c1OCCO2,True,3.048400000000001,-0.34220000000000095,0.6545454545454545,False,True
3.0,bin,5,-0.34654998779296875,-0.39010000228881836,-0.30299997329711914,946289,CC(NC(=O)C1(c2cc(-c3ccco3)on2)CC1)c1ccccc1,3.843600000000002,O=C(NCc1ccccc1)C1(c2cc(-c3ccco3)on2)CC1,True,3.282600000000002,-0.5609999999999999,0.6545454545454545,False,False
3.0,bin,5,-0.34654998779296875,-0.39010000228881836,-0.30299997329711914,994077,Cc1nnc(Cn2c(-c3cccc(Br)c3)noc2=O)o1,2.0055199999999997,CCc1nnc(Cn2c(-c3ccc(F)cc3)noc2=O)o1,True,1.6360999999999997,-0.3694200000000001,0.509090909090909,False,True
3.0,bin,5,-0.34654998779296875,-0.39010000228881836,-0.30299997329711914,1065620,O=C(NCc1cccnc1Oc1ccccc1)c1cccnc1,3.198900000000002,Nc1ncccc1CNC(=O)c1cccnc1Oc1ccccc1,True,2.7811000000000012,-0.4178000000000006,0.5849056603773585,False,True
3.0,bin,5,-0.34654998779296875,-0.39010000228881836,-0.30299997329711914,1093926,CN(C(=O)CNc1cccc(OCC2CCCO2)c1)c1ccccc1,3.319300000000002,N#Cc1cccc(NCC(=O)Nc2cccc(OCC3CCCO3)c2)c1,True,3.1666800000000013,-0.15262000000000064,0.5909090909090909,False,True
3.0,bin,5,-0.34654998779296875,-0.39010000228881836,-0.30299997329711914,1107920,CCc1ccc(-n2cc(C(=O)NC(C)c3ccccc3)nn2)cc1,3.320700000000002,CC(NC(=O)c1cn(-c2ccc(F)cc2)nn1)c1ccccc1,True,2.897400000000001,-0.4233000000000011,0.7551020408163265,False,True
3.0,bin,5,-0.34654998779296875,-0.39010000228881836,-0.30299997329711914,1113130,CC(NC(=O)Cn1nnnc1C(C)(C)C)c1cccc2ccccc12,3.0012000000000016,CCC(C)(NC(=O)Cn1nnnc1-c1ccccc1)c1ccccn1,True,2.1767000000000003,-0.8245000000000013,0.36231884057971014,False,True
3.0,bin,5,-0.34654998779296875,-0.39010000228881836,-0.30299997329711914,1121751,COC(=O)Cn1ccc(NS(=O)(=O)c2ccc(F)c(F)c2F)n1,1.2742,COC(=O)Cn1ccc(NS(=O)(=O)c2cccc(OC)c2)n1,True,0.8654999999999999,-0.40870000000000006,0.5614035087719298,False,True
3.0,bin,5,-0.34654998779296875,-0.39010000228881836,-0.30299997329711914,1142531,CCOC(C)C(=O)NCCc1csc(-c2ccc(C)cc2)n1,3.2022200000000014,COC(C)C(=O)NCCc1csc(-c2cccc(C)c2)n1,True,2.812120000000001,-0.39010000000000034,0.6206896551724138,False,True
3.0,bin,5,-0.34654998779296875,-0.39010000228881836,-0.30299997329711914,1212157,CN(Cc1ccc(F)c(F)c1)C(=O)c1cncc(-c2cnn(C)c2)c1,3.0325000000000015,COc1ccc(CN(C)C(=O)c2cncc(-c3cnn(C)c3)c2)cc1,True,2.762900000000001,-0.2696000000000005,0.7142857142857143,False,True
3.0,bin,5,-0.34654998779296875,-0.39010000228881836,-0.30299997329711914,1215394,CCn1nc(C)cc1C(=O)Oc1cccc(NC(=O)C(C)C)c1,3.025120000000001,CCn1nc(C)cc1C(=O)Oc1ccc(NC(C)=O)c(OC)c1,True,2.39762,-0.6275000000000013,0.5409836065573771,False,True
3.0,bin,5,-0.34654998779296875,-0.39010000228881836,-0.30299997329711914,1232922,CC(C)(C)OC(=O)NC1CCCN(S(=O)(=O)N2CCOCC2)C1,0.5525000000000011,CCOC(=O)NC1CCCN(S(=O)(=O)N2CCOCC2)C1,True,-0.22609999999999864,-0.7785999999999997,0.7142857142857143,False,True
3.0,bin,5,-0.34654998779296875,-0.39010000228881836,-0.30299997329711914,1238973,FC(F)(F)c1cnc(N2CCn3c(nnc3C3CC3)C2)c(Cl)c1,3.2429000000000023,FC(F)(F)c1ccc(N2CCn3c(nnc3C3CC3)C2)nc1,True,2.5895,-0.6534000000000022,0.6415094339622641,False,True
3.0,bin,5,-0.34654998779296875,-0.39010000228881836,-0.30299997329711914,1299495,Cc1cc(CC(=O)N2CCCC2C(C#N)c2ccccc2)no1,2.823900000000001,N#CC(c1ccccc1)C1CCCN1C(=O)Cc1ccon1,True,2.515480000000001,-0.3084199999999999,0.7241379310344828,False,True
3.0,bin,5,-0.34654998779296875,-0.39010000228881836,-0.30299997329711914,1309906,CC(C)CC(NC(=O)c1cc(=O)c2ccccc2o1)C(=O)OC(C)C,2.8891000000000018,CCOC(=O)C(C)(CC)NC(=O)c1cc(=O)c2ccccc2o1,True,2.2546,-0.6345000000000018,0.5,False,True
3.0,bin,5,-0.34654998779296875,-0.39010000228881836,-0.30299997329711914,1362816,COCc1cccc(C(=O)NC2CC2c2cccc(Cl)c2)c1,3.772300000000002,COc1ccc(C(=O)NC2CC2c2ccc(F)c(C)c2)cc1OC,True,3.4372200000000026,-0.3350799999999996,0.4444444444444444,False,True
3.0,bin,5,-0.34654998779296875,-0.39010000228881836,-0.30299997329711914,1441838,COCC(=O)NC(C(=O)Nc1cccc(-c2nccs2)c1)C(C)C,2.5358,COCC(=O)N(C)CC(=O)Nc1cccc(-c2nccs2)c1,True,1.8533999999999993,-0.6824000000000008,0.6129032258064516,False,True
3.0,bin,5,-0.34654998779296875,-0.39010000228881836,-0.30299997329711914,1450449,CCCNC(=O)CSc1nc2c(cc1C#N)CCCC2,2.450380000000001,CCCNC(=O)COc1nccc(CCC)c1C#N,True,1.8107799999999998,-0.6396000000000011,0.31343283582089554,False,True
3.0,bin,5,-0.34654998779296875,-0.39010000228881836,-0.30299997329711914,1451910,O=S(=O)(NCc1nnc2ccccn12)c1ccc(F)c(F)c1,1.4859999999999995,N#Cc1cccc(S(=O)(=O)NCc2nnc3ccccn23)c1,True,1.07948,-0.40651999999999955,0.6415094339622641,False,False
3.0,bin,5,-0.34654998779296875,-0.39010000228881836,-0.30299997329711914,1479798,Cc1nc(C)c(CCC(=O)N(CC(C)C)CC(F)(F)F)c(=O)[nH]1,2.3662400000000003,C=C(C)CN(CC)C(=O)CCc1c(C)nc(C)[nH]c1=O,True,1.74394,-0.6223000000000003,0.5555555555555556,False,False
3.0,bin,5,-0.34654998779296875,-0.39010000228881836,-0.30299997329711914,1507926,COC(=O)C(C)NC(=O)Cc1csc(-c2ccccc2Cl)n1,2.6837,COC(=O)CNC(=O)Cc1csc(-c2ccc(Cl)cc2)n1,True,2.2952000000000004,-0.3884999999999996,0.45,False,True
3.0,bin,5,-0.34654998779296875,-0.39010000228881836,-0.30299997329711914,1527882,Nc1ncccc1C(=O)Nc1ccc2cn[nH]c2c1,1.7923999999999998,NC=Nn1c(C(=O)Nc2ccc3cn[nH]c3c2)cccc1=O,True,0.7269999999999993,-1.0654000000000003,0.5,False,True
3.0,bin,5,-0.34654998779296875,-0.39010000228881836,-0.30299997329711914,1532848,COc1ccc(-c2ccc3c(=O)[nH]cnc3c2)cc1Cl,3.2521000000000013,COc1cc(C)ccc1-c1ccc2c(=O)[nH]cnc2c1,True,2.907120000000001,-0.3449800000000005,0.6595744680851063,False,True
3.0,bin,5,-0.34654998779296875,-0.39010000228881836,-0.30299997329711914,1548351,COc1cc(OC)c2c(c1)C(c1cnccn1)NCC2,1.7288999999999999,OCCOc1cccc2c1CCNC2c1cnccn1,True,1.0827999999999998,-0.6461000000000001,0.5178571428571429,False,True
3.0,bin,5,-0.34654998779296875,-0.39010000228881836,-0.30299997329711914,1570134,COc1cccc(C(C)N2CCN(C(=O)c3ccc(O)cc3)CC2)c1,2.9198000000000013,COc1ccc(C(=O)N2CCN(Cc3ccccc3)CC2)cc1O,True,2.358800000000001,-0.5610000000000004,0.3709677419354839,False,True
3.0,bin,5,-0.34654998779296875,-0.39010000228881836,-0.30299997329711914,1611406,CC(C)(C)N1CC(NC(=O)C2COc3ccc(F)cc3C2)CC1=O,1.8923999999999994,CC(C)N1CC(NC(=O)C2COc3ccc(F)cc3C2)CC1=O,True,1.5022999999999993,-0.3901000000000001,0.7241379310344828,False,True
3.0,bin,5,-0.34654998779296875,-0.39010000228881836,-0.30299997329711914,1612684,CCCC1CN(C(=O)Nc2ccn(CCC(C)C)n2)CCO1,2.9620000000000015,CCCC1CN(C(=O)Nc2ccn(CC(F)(F)F)n2)CCO1,True,2.4782,-0.48380000000000134,0.7288135593220338,False,False
3.0,bin,5,-0.34654998779296875,-0.39010000228881836,-0.30299997329711914,1639675,CCC(CC)c1nnc(NC(=O)c2scnc2C2CC2)s1,4.0279000000000025,CCC(CC)c1nnc(NC(=O)c2scnc2C2CC2)s1,True,4.0279000000000025,0.0,1.0,True,False
3.0,bin,5,-0.34654998779296875,-0.39010000228881836,-0.30299997329711914,1675660,COc1ccnc(NC(=O)c2cccc(Cl)c2)c1,2.9959000000000007,COCCOc1cccc(C(=O)Nc2cc(C)ccn2)c1,True,2.6675200000000006,-0.3283800000000001,0.5283018867924528,False,False
3.0,bin,5,-0.34654998779296875,-0.39010000228881836,-0.30299997329711914,1689728,CCc1noc(CSc2ncnc3sc(C)cc23)n1,3.237420000000002,Cc1noc(CSc2ncnc3sccc23)n1,True,2.675020000000001,-0.5624000000000011,0.509090909090909,False,False
3.0,bin,5,-0.34654998779296875,-0.39010000228881836,-0.30299997329711914,1720876,CC(C)(C)CC(=O)NCC(=O)Nc1ccc2c(c1)COC2,2.2077,CC(C)(C)C(=O)NCC(=O)NCc1ccc2c(c1)COC2,True,1.4952999999999999,-0.7124000000000001,0.5,False,True
3.0,bin,5,-0.34654998779296875,-0.39010000228881836,-0.30299997329711914,1757109,CC(C)Cc1ncc(CNc2ccc3c(c2)COC3)s1,3.983900000000003,CCc1ncc(CNc2ccc3c(c2)COC3)s1,True,3.347800000000002,-0.6361000000000008,0.7608695652173914,False,True
3.0,bin,5,-0.34654998779296875,-0.39010000228881836,-0.30299997329711914,1774061,O=C1NCCCc2[nH]c(-c3cccc4[nH]ccc34)nc21,2.234,NC(=O)Nc1nc2c([nH]1)CCCNC2,True,-0.06390000000000023,-2.2979000000000003,0.203125,False,True
3.0,bin,5,-0.34654998779296875,-0.39010000228881836,-0.30299997329711914,1800687,Cc1nn(C)c(-c2nc(-c3cccnn3)no2)c1Cl,1.8889199999999997,Cc1nn(C)c(-c2nc(-c3cccnn3)no2)c1Cl,True,1.8889199999999997,0.0,1.0,True,False
3.0,bin,5,-0.34654998779296875,-0.39010000228881836,-0.30299997329711914,1815867,FC(F)(F)c1ccc(CN2CCOCC2c2ncon2)cc1,2.661900000000001,Clc1ccccc1CN1CCOCC1c1ncon1,True,2.2965,-0.36540000000000106,0.6111111111111112,False,True
3.0,bin,5,-0.34654998779296875,-0.39010000228881836,-0.30299997329711914,1828580,Cc1ccc(N2CC3OCC(=O)N(Cc4cccc(F)c4)C3C2)nn1,1.54032,O=CC1OC2CN(c3cccnn3)CCN2C1Cc1ccccc1,True,1.1336999999999995,-0.4066200000000004,0.21428571428571427,False,True
3.0,bin,5,-0.34654998779296875,-0.39010000228881836,-0.30299997329711914,1836183,CCc1ccc(C(=O)NCc2nccc(N(C)C)n2)cc1,2.035,Cc1ccccc1C(=O)NCc1nccc(N(C)C)n1,True,1.78102,-0.2539800000000001,0.6,False,True
3.0,bin,5,-0.34654998779296875,-0.39010000228881836,-0.30299997329711914,1842499,COc1ccccc1COc1ccccc1-c1cnn(CCO)c1,3.1300000000000017,OCCn1cc(-c2ccccc2OCc2ccccc2)cn1,True,3.1214000000000013,-0.008600000000000385,0.7021276595744681,False,True
3.0,bin,5,-0.34654998779296875,-0.39010000228881836,-0.30299997329711914,1865564,COC(CNC(=O)c1ccoc1)c1cccc(F)c1,2.536200000000001,COC=C1C=CC2C(=C(C=CO)C(=O)NCC2O)C1,True,0.9518,-1.584400000000001,0.08641975308641975,False,True
3.0,bin,5,-0.34654998779296875,-0.39010000228881836,-0.30299997329711914,1868773,CCCOc1ccc(Cl)c2c1CCNC2C1CC(=O)C1,3.2947000000000015,O=C1CCC(CNCCc2cc(F)cc(Br)c2)C1,True,3.089500000000002,-0.2051999999999996,0.1506849315068493,False,True
3.0,bin,5,-0.34654998779296875,-0.39010000228881836,-0.30299997329711914,1873123,CCC1OC(=O)c2c(OC)ccc(Br)c21,3.079200000000002,COc1cc(Br)cc2c1OC(=O)C2,True,1.9191999999999994,-1.1600000000000026,0.26,False,True
3.0,bin,5,-0.34654998779296875,-0.39010000228881836,-0.30299997329711914,1875028,Cc1cccc(C)c1NCC(=O)N1CCCC2CCCCC21,3.8965400000000034,O=C(CNc1ccc(F)cc1)N1CCCC2CCCCC21,True,3.4188000000000027,-0.4777400000000007,0.6041666666666666,False,False
3.0,bin,5,-0.34654998779296875,-0.39010000228881836,-0.30299997329711914,1895921,CCC(CC)N(C)C(=O)CC1OC(=O)c2ccccc21,2.935200000000002,CCCCN(C)C(=O)CC1OC(=O)c2ccccc21,True,2.5467000000000004,-0.3885000000000014,0.6382978723404256,False,False
3.0,bin,5,-0.34654998779296875,-0.39010000228881836,-0.30299997329711914,1907077,Cc1ccc2[nH]nc(C(=O)Nc3nc(-c4ccco4)cs3)c2c1,3.8401200000000015,C=C(N=CNC(=O)c1cc(-c2ccco2)n[nH]1)c1ccco1,True,2.691700000000001,-1.1484200000000007,0.36619718309859156,False,True
3.0,bin,5,-0.34654998779296875,-0.39010000228881836,-0.30299997329711914,1913063,Cc1nn(C)c(C)c1CN(C(=O)c1cn2cccc(C)c2n1)C1CC1,2.797860000000001,Cc1nn(C)cc1CNC(=O)c1cn2ccccc2n1,True,1.30622,-1.491640000000001,0.2972972972972973,False,True
3.0,bin,5,-0.34654998779296875,-0.39010000228881836,-0.30299997329711914,1922265,CN(CCNC(=O)c1ccc2c(c1)ncn2C)c1ccccc1,2.4395000000000007,Cn1cnc2cc(C(=O)NCCNc3ccccc3)ccc21,True,2.4152000000000005,-0.02430000000000021,0.6923076923076923,False,True
3.0,bin,6,-0.2550499439239502,-0.30299997329711914,-0.20709991455078125,32052,COc1ccccc1CNC(=O)Cc1c[nH]c2ccccc12,3.035400000000001,N#Cc1ccc(CNC(=O)Cc2c[nH]c3ccccc23)cc1,True,2.898480000000001,-0.13691999999999993,0.5686274509803921,False,False
3.0,bin,6,-0.2550499439239502,-0.30299997329711914,-0.20709991455078125,116747,COCCSc1ccccc1C(=O)Nc1cccc(C)n1,3.3808200000000017,C=CCNC(=O)Nc1ccccc1C(=O)Nc1cccc(C)n1,True,2.9498200000000008,-0.43100000000000094,0.5087719298245614,False,True
3.0,bin,6,-0.2550499439239502,-0.30299997329711914,-0.20709991455078125,131060,CS(=O)(=O)NCCc1csc(-c2ccc(F)cc2)n1,2.0408999999999997,CS(=O)(=O)NCCNc1nc(-c2ccc(F)cc2)cs1,True,1.9102999999999997,-0.13060000000000005,0.54,False,True
3.0,bin,6,-0.2550499439239502,-0.30299997329711914,-0.20709991455078125,131949,CCc1c(C)nc(SCC(=O)NC(C)C)[nH]c1=O,1.25742,C=CCNC(=O)CSc1nc(C)c(C)c(=O)[nH]1,True,0.78104,-0.47638,0.4716981132075472,False,False
3.0,bin,6,-0.2550499439239502,-0.30299997329711914,-0.20709991455078125,158879,COc1ccc(CC(=O)OCC(=O)c2c[nH]c3ccccc23)cc1,3.145100000000001,O=C(CC1=CC=CNC1)OCC(=O)c1c[nH]c2ccccc12,True,2.3272000000000004,-0.8179000000000007,0.5614035087719298,False,True
3.0,bin,6,-0.2550499439239502,-0.30299997329711914,-0.20709991455078125,232056,COCCNC(=O)c1cc(=O)c2cc(C)ccc2o1,1.4776199999999993,COC(=O)NCCNC(=O)c1cc(=O)c2cc(C)ccc2o1,True,1.1872199999999993,-0.2904,0.8,False,True
3.0,bin,6,-0.2550499439239502,-0.30299997329711914,-0.20709991455078125,235788,O=C(Cn1nc(-c2ccco2)oc1=O)NCC(F)(F)F,0.7747999999999999,COCC(C)NC(=O)Cn1nc(-c2ccco2)oc1=O,True,0.2473999999999999,-0.5274000000000001,0.5862068965517241,False,True
3.0,bin,6,-0.2550499439239502,-0.30299997329711914,-0.20709991455078125,236081,CC(=O)c1c(C)[nH]c(C(=O)CSc2nc(C(C)C)n[nH]2)c1C,3.0506400000000014,CC(=O)c1cc(C(=O)C(C)SC2C=NC(C)=NN2)[nH]c1C,True,2.16362,-0.8870200000000015,0.21428571428571427,False,True
3.0,bin,6,-0.2550499439239502,-0.30299997329711914,-0.20709991455078125,281081,O=C(Cn1cccn1)NCc1cccnc1Oc1ccc(F)cc1F,2.665000000000001,COc1ccc(Oc2ncccc2CNC(=O)Cn2cccn2)cc1,True,2.3954000000000004,-0.2696000000000005,0.6666666666666666,False,True
3.0,bin,6,-0.2550499439239502,-0.30299997329711914,-0.20709991455078125,284170,COc1ccc(-c2nc(CC(=O)Nc3cccc(C)n3)cs2)cc1,3.7033200000000024,N#Cc1ccc(NC(=O)Cc2csc(-c3ccccc3)n2)nc1,True,3.2579800000000017,-0.44534000000000074,0.46875,False,True
3.0,bin,6,-0.2550499439239502,-0.30299997329711914,-0.20709991455078125,288369,Cc1ccc(NCc2nnc3n2CCCCC3)cc1C,3.2334400000000016,CCOCCOc1ccccc1NCc1nnc2n1CCCCC2,True,3.031900000000001,-0.2015400000000005,0.48333333333333334,False,True
3.0,bin,6,-0.2550499439239502,-0.30299997329711914,-0.20709991455078125,302889,COc1ccc(OC)c(NC(=O)CCNC(=O)c2cccs2)c1,2.5239000000000003,N#Cc1ccc(NC(=O)CCNC(=O)c2cccs2)cc1,True,2.378380000000001,-0.14551999999999943,0.5,False,False
3.0,bin,6,-0.2550499439239502,-0.30299997329711914,-0.20709991455078125,327141,COc1ccc(OC)c(S(=O)(=O)Nc2ccn(C)n2)c1,1.2381,COC(=O)COc1ccc(S(=O)(=O)Nc2ccn(C)n2)cc1,True,0.7726999999999995,-0.4654000000000005,0.5,False,True
3.0,bin,6,-0.2550499439239502,-0.30299997329711914,-0.20709991455078125,327382,CNC(=O)C1CN(C(=O)c2c(C)noc2C)c2ccccc2O1,1.4452399999999996,CNC(=O)C1CN(C(=O)c2cnoc2C)c2ccccc2O1,True,1.1368199999999993,-0.30842000000000036,0.6727272727272727,False,True
3.0,bin,6,-0.2550499439239502,-0.30299997329711914,-0.20709991455078125,406491,COCCNC(=O)C1CCCN(S(=O)(=O)N2CCOCC2)C1,-0.9619999999999964,O=C(NCCO)C1CCCN(S(=O)(=O)N2CCOCC2)C1,True,-1.6160999999999968,-0.6541000000000003,0.75,False,True
3.0,bin,6,-0.2550499439239502,-0.30299997329711914,-0.20709991455078125,413951,O=C(Cn1ncn2cccc2c1=O)N1CCCCCC1,0.8985999999999996,N#Cc1nn(CC(=O)N2CCCCCC2)c(=O)c2cccn12,True,0.7702799999999999,-0.12831999999999977,0.5660377358490566,False,True
3.0,bin,6,-0.2550499439239502,-0.30299997329711914,-0.20709991455078125,427929,CCNc1nc(NCc2ccccc2Cl)c2cnn(C)c2n1,3.060600000000001,CCc1ccc(CNc2nc(NC)nc3c2cnn3C)cc1,True,2.5795000000000003,-0.4811000000000005,0.5272727272727272,False,True
3.0,bin,6,-0.2550499439239502,-0.30299997329711914,-0.20709991455078125,447130,CCC(NC(=O)C1CCN(C(=O)C2CC2)CC1)c1ccc(C)cc1,3.2109200000000016,COc1ccc(C(=O)N2CCC(C(=O)N3CCCCC3C)CC2)cc1,True,2.9484000000000012,-0.2625200000000003,0.27692307692307694,False,True
3.0,bin,6,-0.2550499439239502,-0.30299997329711914,-0.20709991455078125,481908,CCNS(=O)(=O)c1ccc(C)c(C(=O)Nc2ncccc2C)c1,2.24894,CNS(=O)(=O)c1ccc(C(=O)Nc2nc(C)ccc2C)cc1,True,1.85884,-0.3901000000000001,0.39655172413793105,False,True
3.0,bin,6,-0.2550499439239502,-0.30299997329711914,-0.20709991455078125,485220,Cc1nn(CC(=O)N2CCN(C)CC2)c(C)c1Br,1.03644,COCCN1CCN(C(=O)Cn2nc(C)cc2Br)CC1,True,0.7446200000000001,-0.29181999999999997,0.4339622641509434,False,True
3.0,bin,6,-0.2550499439239502,-0.30299997329711914,-0.20709991455078125,526363,Cc1nnc(SCC(=O)Nc2ccc(O)cc2)n(N)c1=O,0.09692,C=CC=CN(CCO)C(=O)CSC(=NN=CC#N)N(N)C=O,True,-0.5623199999999999,-0.6592399999999999,0.08333333333333333,False,True
3.0,bin,6,-0.2550499439239502,-0.30299997329711914,-0.20709991455078125,536853,COc1ccc(C2CCCN2C(=O)C2CCC2)c(OC)c1,3.1674000000000015,CCCS(=O)(=O)N1CCCC1C1=CC=C1OC,True,1.6609,-1.5065000000000015,0.25396825396825395,False,True
3.0,bin,6,-0.2550499439239502,-0.30299997329711914,-0.20709991455078125,540312,Cc1nn(C)c2nc(C3CC3)cc(C(=O)NCC(=O)NC(C)(C)C)c12,1.7986199999999997,Cc1nn(C)c2nc(C3CC3)cc(C(=O)N(C)CCO)c12,True,1.2184199999999998,-0.5801999999999998,0.5483870967741935,False,True
3.0,bin,6,-0.2550499439239502,-0.30299997329711914,-0.20709991455078125,544381,Cc1nc(N2CCCC(C(=O)NC(C)C)C2)c2c(C)c(C)oc2n1,2.8890600000000006,Cc1oc2ncnc(N3C=CCNC(=O)CCC3)c2c1C,True,2.0697399999999995,-0.8193200000000012,0.2702702702702703,False,True
3.0,bin,6,-0.2550499439239502,-0.30299997329711914,-0.20709991455078125,544382,CCCNC(=O)C1CCCN(c2nc(C)nc3oc(C)c(C)c23)C1,2.8906600000000013,CC1=NC(N2CCC(C(=O)N(C)C)CC2)=C2C(C)C2(C)OC=N1,True,1.8834999999999997,-1.0071600000000016,0.1951219512195122,False,True
3.0,bin,6,-0.2550499439239502,-0.30299997329711914,-0.20709991455078125,550049,Cc1ccc(C)c(OCC(=O)Nc2cccc(-n3cnnc3)c2)c1,2.9016400000000013,COc1cc(C)ccc1OCC(=O)Nc1cccc(-n2cnnc2)c1,True,2.60182,-0.2998200000000013,0.8076923076923077,False,False
3.0,bin,6,-0.2550499439239502,-0.30299997329711914,-0.20709991455078125,573533,Cc1nn(-c2ncc(C(F)(F)F)cc2Cl)c(=O)o1,2.2011199999999995,CCOc1nn(-c2cc(Cl)c(Cl)cn2)c(=O)o1,True,1.926,-0.2751199999999996,0.3392857142857143,False,True
3.0,bin,6,-0.2550499439239502,-0.30299997329711914,-0.20709991455078125,582555,O=C(NCC(O)c1ccccc1)c1ccc2c(=O)n3c(nc2c1)CCC3,1.8061000000000003,C#CC1CC(=CC=CN)C(O)CNC(=O)c2ccc3c(=O)n1c(C)nc3c2,True,0.7724199999999999,-1.0336800000000004,0.20652173913043478,False,True
3.0,bin,6,-0.2550499439239502,-0.30299997329711914,-0.20709991455078125,588547,Cc1n[nH]c(C)c1NC(=O)CCc1ccc(Cl)cc1Cl,3.9046400000000023,Cc1n[nH]c(C)c1NC(=O)CCc1ccc(Br)c(F)c1,True,3.4994400000000017,-0.40520000000000067,0.5357142857142857,False,True
3.0,bin,6,-0.2550499439239502,-0.30299997329711914,-0.20709991455078125,607673,CCCN(CC1CC1)S(=O)(=O)c1ccccc1F,2.636400000000001,CCN(CC1CC1)S(=O)(=O)c1ccc(F)cc1,True,2.2463000000000006,-0.39010000000000034,0.4782608695652174,False,True
3.0,bin,6,-0.2550499439239502,-0.30299997329711914,-0.20709991455078125,617681,Cc1cc(C(=O)Nc2nc(-c3ccncc3)cs2)nn1C(C)C,3.5432200000000016,CCn1nc(C(=O)Nc2nc(-c3ccncc3)cs2)cc1Cl,True,3.327200000000002,-0.21601999999999943,0.6140350877192983,False,True
3.0,bin,6,-0.2550499439239502,-0.30299997329711914,-0.20709991455078125,650267,COc1ccc2oc(C(=O)NC3CCCCNC3=O)c(C)c2c1,2.14832,CN(C)c1c(C(=O)NC2CCCCNC2=O)oc2ccccc12,True,1.8972999999999998,-0.25102000000000024,0.5714285714285714,False,True
3.0,bin,6,-0.2550499439239502,-0.30299997329711914,-0.20709991455078125,668639,Cc1cc(NC(=O)c2ccccc2Cl)ncc1N,2.8779200000000005,COc1ccc(Cl)cc1C(=O)Nc1ccc(N)cn1,True,2.578099999999999,-0.2998200000000013,0.4107142857142857,False,False
3.0,bin,6,-0.2550499439239502,-0.30299997329711914,-0.20709991455078125,673160,CCC(=O)Nc1ccc2oc(C(F)(F)F)cc(=O)c2c1,3.160300000000001,CCOc1ccc2oc(NC(=O)CC)cc(=O)c2c1,True,2.5402000000000005,-0.6201000000000008,0.48148148148148145,False,True
3.0,bin,6,-0.2550499439239502,-0.30299997329711914,-0.20709991455078125,711169,Cc1cccc(C(C)C)c1NC(=O)N(C)Cc1ccncc1,4.177320000000003,CC(Nc1cccc(Br)c1)C(=O)N(C)Cc1ccncc1,True,3.3031000000000015,-0.8742200000000011,0.4406779661016949,False,True
3.0,bin,6,-0.2550499439239502,-0.30299997329711914,-0.20709991455078125,720969,Cc1noc(C)c1CCC(=O)OCC(=O)N1c2ccccc2CC1C,2.7450400000000013,Cc1noc(C)c1CCC(=O)OCC(=O)N1CCc2ccccc21,True,2.35654,-0.3885000000000014,0.6721311475409836,False,False
3.0,bin,6,-0.2550499439239502,-0.30299997329711914,-0.20709991455078125,730789,COC(=O)C1CCN(C(=O)c2cc3ccc(F)cc3nc2C)CC1,2.7075200000000006,Cc1nc2cc(S(C)=O)ccc2cc1C(=O)N1CCCCC1,True,2.9067200000000017,0.19920000000000115,0.4745762711864407,False,True
3.0,bin,6,-0.2550499439239502,-0.30299997329711914,-0.20709991455078125,738178,Cc1ccc(-n2ccnc2SCc2nc(C3CC3)no2)cc1C,4.041840000000003,Cc1ccccc1-n1ccnc1SCc1nc(C2CC2)no1,True,3.7334200000000024,-0.3084200000000008,0.7090909090909091,False,True
3.0,bin,6,-0.2550499439239502,-0.30299997329711914,-0.20709991455078125,771897,COc1ccccc1OCC(=O)N(C)Cc1sccc1C,3.102520000000002,CN(Cc1cccs1)C(=O)COc1ccc(C#N)cc1,True,2.657180000000001,-0.44534000000000074,0.3898305084745763,False,False
3.0,bin,6,-0.2550499439239502,-0.30299997329711914,-0.20709991455078125,811446,COC(=O)C1(NC(=O)c2cc(Br)c[nH]2)CCCCCC1,2.7730000000000006,COC(=O)C1(NC(=O)c2cc(C)cn2C)CCCCC1,True,1.9392199999999993,-0.8337800000000013,0.49019607843137253,False,True
3.0,bin,6,-0.2550499439239502,-0.30299997329711914,-0.20709991455078125,848291,CCC(C)NC(=O)NCc1noc(-c2cccs2)n1,2.3958000000000004,O=C(NCc1noc(-c2cccs2)n1)NCC(F)(F)F,True,2.1596,-0.2362000000000002,0.6363636363636364,False,False
3.0,bin,6,-0.2550499439239502,-0.30299997329711914,-0.20709991455078125,863440,COc1ccc(-c2nc(CCCO)cs2)cc1OC,2.752200000000001,COc1ccc(OC)c(-c2nc(CCO)cs2)c1,True,2.3621000000000008,-0.39010000000000034,0.5625,False,False
3.0,bin,6,-0.2550499439239502,-0.30299997329711914,-0.20709991455078125,864663,N#Cc1ccc(-c2cc(F)ccc2F)nc1N1CCCC1,3.498680000000002,N#Cc1cccc(-c2cc(C#N)c(N)c(N3CCCC3)n2)c1,True,2.674360000000001,-0.824320000000001,0.40350877192982454,False,True
3.0,bin,6,-0.2550499439239502,-0.30299997329711914,-0.20709991455078125,872100,CCc1cccc(C)c1NCC(O)c1ccc2c(c1)OCCO2,3.474120000000002,CCc1cccc(NCC(O)c2ccc3c(c2)OCCO3)c1,True,3.165700000000002,-0.3084199999999999,0.6226415094339622,False,True
3.0,bin,6,-0.2550499439239502,-0.30299997329711914,-0.20709991455078125,886334,COc1ccc(C(=O)N2CCCC(C(=O)N3CCCCC3)C2)c(O)c1,2.2655000000000003,NC(=O)CC1CCCN(C(=O)C2CCCN(C(=O)c3ccccc3)C2)C1,True,1.652799999999999,-0.6127000000000014,0.3870967741935484,False,True
3.0,bin,6,-0.2550499439239502,-0.30299997329711914,-0.20709991455078125,887387,COCCNC(=O)N(Cc1cccc(F)c1)CC1CCCO1,2.1627,CN(C)S(=O)(=O)N(Cc1ccccc1)CC1CCCO1,True,1.474,-0.6887000000000001,0.3787878787878788,False,True
3.0,bin,6,-0.2550499439239502,-0.30299997329711914,-0.20709991455078125,889149,N#Cc1ccc(NC(=O)c2ccc(Br)cc2Cl)nc1,3.621480000000001,O=C(Nc1ccc(Br)cn1)c1cc(F)ccc1F,True,3.374600000000001,-0.24688,0.4528301886792453,False,True
3.0,bin,6,-0.2550499439239502,-0.30299997329711914,-0.20709991455078125,913483,O=C(CNC(=O)NCCc1c(Cl)cccc1Cl)NC1CC1,2.1137000000000006,O=C(CNC(=O)NCCc1c(Cl)cccc1Cl)NC1CC1,True,2.1137000000000006,0.0,1.0,True,False
3.0,bin,6,-0.2550499439239502,-0.30299997329711914,-0.20709991455078125,917620,C=CCN(Cc1ccccc1OC)C(=O)c1csc(C)n1,3.288520000000002,COc1ccc(CN(C)C(=O)c2csc(SC)n2)cc1,True,3.145800000000002,-0.14271999999999974,0.359375,False,True
3.0,bin,6,-0.2550499439239502,-0.30299997329711914,-0.20709991455078125,918312,CCOc1ccc(Cl)c(C(=O)N2CCN(c3ncccn3)CC2)n1,1.8860999999999997,O=C(c1ncccc1Cl)N1CCN(c2ncccn2)CC1,True,1.4873999999999998,-0.39869999999999983,0.625,False,True
3.0,bin,6,-0.2550499439239502,-0.30299997329711914,-0.20709991455078125,922879,CC(=O)c1ccc(N2CCN(Cc3c(F)cccc3F)CC2)cc1,3.489600000000003,COc1ccc(N2CCN(Cc3ccc(C(C)=O)cc3)CC2)cc1,True,3.2200000000000015,-0.2696000000000014,0.5625,False,True
3.0,bin,6,-0.2550499439239502,-0.30299997329711914,-0.20709991455078125,927535,COc1cc(CN2CCN(c3ccccc3F)CC2)ccc1O,2.862100000000002,COc1ccc(CN2CCN(c3cccc(O)c3)CC2)cc1OC,True,2.731600000000001,-0.13050000000000095,0.5185185185185185,False,True
3.0,bin,6,-0.2550499439239502,-0.30299997329711914,-0.20709991455078125,927567,Cc1ccccc1N1CCN(Cc2cccc(O)c2)CC1,3.022820000000001,COc1ccccc1CN1CCN(c2cccc(O)c2)CC1,True,2.7230000000000008,-0.2998200000000004,0.4423076923076923,False,True
3.0,bin,6,-0.2550499439239502,-0.30299997329711914,-0.20709991455078125,938108,CC(c1ccccc1)N(C)C(=O)CCC(=O)Nc1nccs1,3.0814000000000012,CCN(Cc1ccccc1)C(=O)CCC(=O)Nc1nccs1,True,2.9105000000000008,-0.1709000000000005,0.6,False,True
3.0,bin,6,-0.2550499439239502,-0.30299997329711914,-0.20709991455078125,943303,CN(CCCOc1ccccc1)C(=O)Nc1cccc2c1OCCO2,3.390600000000002,O=C(NCCCOc1cccc(O)c1)Nc1cccc2c1OCCO2,True,2.7540000000000013,-0.6366000000000005,0.532258064516129,False,True
3.0,bin,6,-0.2550499439239502,-0.30299997329711914,-0.20709991455078125,946289,CC(NC(=O)C1(c2cc(-c3ccco3)on2)CC1)c1ccccc1,3.843600000000002,CN(Cc1ccccc1)C(=O)C1(c2cc(-c3ccco3)on2)CC1,True,3.6248000000000022,-0.21879999999999988,0.5666666666666667,False,True
3.0,bin,6,-0.2550499439239502,-0.30299997329711914,-0.20709991455078125,994077,Cc1nnc(Cn2c(-c3cccc(Br)c3)noc2=O)o1,2.0055199999999997,CCOCc1nnc(Cn2c(-c3cccc(Cl)c3)noc2=O)o1,True,2.1244999999999994,0.11897999999999964,0.559322033898305,False,True
3.0,bin,6,-0.2550499439239502,-0.30299997329711914,-0.20709991455078125,1065620,O=C(NCc1cccnc1Oc1ccccc1)c1cccnc1,3.198900000000002,Nc1ncccc1C(=O)NCc1cccnc1Oc1ccccc1,True,2.7811000000000012,-0.4178000000000006,0.6470588235294118,False,True
3.0,bin,6,-0.2550499439239502,-0.30299997329711914,-0.20709991455078125,1093926,CN(C(=O)CNc1cccc(OCC2CCCO2)c1)c1ccccc1,3.319300000000002,N#Cc1ccc(NC(=O)CNc2cccc(OCC3CCCO3)c2)cc1,True,3.1666800000000013,-0.15262000000000064,0.5909090909090909,False,True
3.0,bin,6,-0.2550499439239502,-0.30299997329711914,-0.20709991455078125,1107920,CCc1ccc(-n2cc(C(=O)NC(C)c3ccccc3)nn2)cc1,3.320700000000002,Cc1ccc(CNC(=O)C2=C(Nc3cc(C)ccc3C)N=N2)cc1,True,3.9750600000000027,0.6543600000000005,0.18571428571428572,False,True
3.0,bin,6,-0.2550499439239502,-0.30299997329711914,-0.20709991455078125,1113130,CC(NC(=O)Cn1nnnc1C(C)(C)C)c1cccc2ccccc12,3.0012000000000016,CC(C)c1nnnn1C(C)C(=O)NCc1cccc2ccccc12,True,2.8271000000000006,-0.17410000000000103,0.421875,False,True
3.0,bin,6,-0.2550499439239502,-0.30299997329711914,-0.20709991455078125,1121751,COC(=O)Cn1ccc(NS(=O)(=O)c2ccc(F)c(F)c2F)n1,1.2742,COC(=O)Cn1ccc(NS(=O)(=O)c2ccc(OC)cc2)n1,True,0.8654999999999999,-0.40870000000000006,0.6037735849056604,False,True
3.0,bin,6,-0.2550499439239502,-0.30299997329711914,-0.20709991455078125,1142531,CCOC(C)C(=O)NCCc1csc(-c2ccc(C)cc2)n1,3.2022200000000014,CCCNC(=O)Cc1csc(-c2ccc(OC)cc2)n1,True,2.8874000000000013,-0.3148200000000001,0.4666666666666667,False,True
3.0,bin,6,-0.2550499439239502,-0.30299997329711914,-0.20709991455078125,1212157,CN(Cc1ccc(F)c(F)c1)C(=O)c1cncc(-c2cnn(C)c2)c1,3.0325000000000015,COc1ccccc1CN(C)C(=O)c1cncc(-c2cnn(C)c2)c1,True,2.762900000000001,-0.2696000000000005,0.6065573770491803,False,True
3.0,bin,6,-0.2550499439239502,-0.30299997329711914,-0.20709991455078125,1215394,CCn1nc(C)cc1C(=O)Oc1cccc(NC(=O)C(C)C)c1,3.025120000000001,CCn1nc(C)cc1C(=O)Oc1ccccc1Br,True,3.1931200000000013,0.16800000000000015,0.5357142857142857,False,True
3.0,bin,6,-0.2550499439239502,-0.30299997329711914,-0.20709991455078125,1232922,CC(C)(C)OC(=O)NC1CCCN(S(=O)(=O)N2CCOCC2)C1,0.5525000000000011,C=CCOC(=O)C1CCN(S(=O)(=O)N2CCOCC2)CC1,True,0.004600000000001492,-0.5478999999999996,0.3620689655172414,False,True
3.0,bin,6,-0.2550499439239502,-0.30299997329711914,-0.20709991455078125,1238973,FC(F)(F)c1cnc(N2CCn3c(nnc3C3CC3)C2)c(Cl)c1,3.2429000000000023,FC1=CC=C(Br)C2CC3CC3c3nnc(n3CCN2)N1,True,2.2586999999999997,-0.9842000000000026,0.15584415584415584,False,True
3.0,bin,6,-0.2550499439239502,-0.30299997329711914,-0.20709991455078125,1299495,Cc1cc(CC(=O)N2CCCC2C(C#N)c2ccccc2)no1,2.823900000000001,N#CC(c1ccccc1)C1CCCN1C(=O)Cc1ccon1,True,2.515480000000001,-0.3084199999999999,0.7241379310344828,False,True
3.0,bin,6,-0.2550499439239502,-0.30299997329711914,-0.20709991455078125,1309906,CC(C)CC(NC(=O)c1cc(=O)c2ccccc2o1)C(=O)OC(C)C,2.8891000000000018,CCC(C)C(NC(=O)c1cc(=O)c2cc(F)ccc2o1)C(=O)OC,True,2.2496,-0.6395000000000017,0.4375,False,True
3.0,bin,6,-0.2550499439239502,-0.30299997329711914,-0.20709991455078125,1362816,COCc1cccc(C(=O)NC2CC2c2cccc(Cl)c2)c1,3.772300000000002,COc1cc(OC)cc(C(=O)NC2CC2c2ccc(C)cc2F)c1,True,3.4372200000000026,-0.3350799999999996,0.36923076923076925,False,True
3.0,bin,6,-0.2550499439239502,-0.30299997329711914,-0.20709991455078125,1441838,COCC(=O)NC(C(=O)Nc1cccc(-c2nccs2)c1)C(C)C,2.5358,COC(=O)N(CCO)C(=O)Nc1cccc(-c2nc(C)cs2)c1,True,2.711120000000001,0.17532000000000103,0.35135135135135137,False,True
3.0,bin,6,-0.2550499439239502,-0.30299997329711914,-0.20709991455078125,1450449,CCCNC(=O)CSc1nc2c(cc1C#N)CCCC2,2.450380000000001,COC(=O)C(C)Sc1nc2c(cc1C#N)CCCC2,True,2.4856800000000003,0.03529999999999944,0.5344827586206896,False,False
3.0,bin,6,-0.2550499439239502,-0.30299997329711914,-0.20709991455078125,1451910,O=S(=O)(NCc1nnc2ccccn12)c1ccc(F)c(F)c1,1.4859999999999995,N#Cc1cccc(S(=O)(=O)NCc2nnc3ccccn23)c1,True,1.07948,-0.40651999999999955,0.6415094339622641,False,False
3.0,bin,6,-0.2550499439239502,-0.30299997329711914,-0.20709991455078125,1479798,Cc1nc(C)c(CCC(=O)N(CC(C)C)CC(F)(F)F)c(=O)[nH]1,2.3662400000000003,CCCN(C(=O)CCC1=C(C)N=C(C)NC(=O)C1)C(C)C,True,2.6259000000000006,0.2596600000000002,0.2463768115942029,False,True
3.0,bin,6,-0.2550499439239502,-0.30299997329711914,-0.20709991455078125,1507926,COC(=O)C(C)NC(=O)Cc1csc(-c2ccccc2Cl)n1,2.6837,O=C(Cc1csc(-c2c(F)cccc2Cl)n1)NCCO,True,2.2536,-0.4300999999999999,0.43548387096774194,False,True
3.0,bin,6,-0.2550499439239502,-0.30299997329711914,-0.20709991455078125,1527882,Nc1ncccc1C(=O)Nc1ccc2cn[nH]c2c1,1.7923999999999998,CN(C)S(=O)(=O)c1ccc(C(=O)Nc2ccc3cn[nH]c3c2)cn1,True,1.4605000000000001,-0.33189999999999964,0.48333333333333334,False,True
3.0,bin,6,-0.2550499439239502,-0.30299997329711914,-0.20709991455078125,1532848,COc1ccc(-c2ccc3c(=O)[nH]cnc3c2)cc1Cl,3.2521000000000013,COc1cc(C)c(-c2ccc3c(=O)[nH]cnc3c2)cc1OC,True,2.915720000000001,-0.3363800000000001,0.6382978723404256,False,True
3.0,bin,6,-0.2550499439239502,-0.30299997329711914,-0.20709991455078125,1548351,COc1cc(OC)c2c(c1)C(c1cnccn1)NCC2,1.7288999999999999,COc1cc(O)c2c(c1)C(c1cnccn1)NCC2,True,1.4258999999999995,-0.3030000000000004,0.7659574468085106,False,False
3.0,bin,6,-0.2550499439239502,-0.30299997329711914,-0.20709991455078125,1570134,COc1cccc(C(C)N2CCN(C(=O)c3ccc(O)cc3)CC2)c1,2.9198000000000013,COc1cccc(CN2CCN(C(=O)c3ccccc3)CC2)c1O,True,2.358800000000001,-0.5610000000000004,0.3770491803278688,False,True
3.0,bin,6,-0.2550499439239502,-0.30299997329711914,-0.20709991455078125,1611406,CC(C)(C)N1CC(NC(=O)C2COc3ccc(F)cc3C2)CC1=O,1.8923999999999994,CN1CC(NC(=O)CCOc2ccc(C(F)(F)F)cc2)CC1=O,True,1.8211999999999997,-0.07119999999999971,0.2972972972972973,False,True
3.0,bin,6,-0.2550499439239502,-0.30299997329711914,-0.20709991455078125,1612684,CCCC1CN(C(=O)Nc2ccn(CCC(C)C)n2)CCO1,2.9620000000000015,CC(C)CCCC1OCCN(C(=O)NC2C=CNCC2)C1=N,True,2.07597,-0.8860300000000016,0.2875,False,True
3.0,bin,6,-0.2550499439239502,-0.30299997329711914,-0.20709991455078125,1639675,CCC(CC)c1nnc(NC(=O)c2scnc2C2CC2)s1,4.0279000000000025,CC(C)CCc1nnc(NC(=O)c2scnc2C2CC2)s1,True,3.712900000000003,-0.3149999999999995,0.6666666666666666,False,True
3.0,bin,6,-0.2550499439239502,-0.30299997329711914,-0.20709991455078125,1675660,COc1ccnc(NC(=O)c2cccc(Cl)c2)c1,2.9959000000000007,COCc1cccc(C(=O)Nc2cc(OC)ccn2)c1,True,2.4889,-0.5070000000000006,0.6875,False,False
3.0,bin,6,-0.2550499439239502,-0.30299997329711914,-0.20709991455078125,1689728,CCc1noc(CSc2ncnc3sc(C)cc23)n1,3.237420000000002,Cc1noc(CSc2ncnc3sc(C)cc23)n1,True,2.9834400000000016,-0.2539800000000003,0.7659574468085106,False,False
3.0,bin,6,-0.2550499439239502,-0.30299997329711914,-0.20709991455078125,1720876,CC(C)(C)CC(=O)NCC(=O)Nc1ccc2c(c1)COC2,2.2077,COCCC(C)NC(=O)Nc1ccc2c(c1)COC2,True,2.2633,0.055600000000000094,0.44642857142857145,False,False
3.0,bin,6,-0.2550499439239502,-0.30299997329711914,-0.20709991455078125,1757109,CC(C)Cc1ncc(CNc2ccc3c(c2)COC3)s1,3.983900000000003,FC(F)(F)c1ncc(CNc2ccc3c(c2)COC3)s1,True,3.8042000000000016,-0.1797000000000013,0.6078431372549019,False,True
3.0,bin,6,-0.2550499439239502,-0.30299997329711914,-0.20709991455078125,1774061,O=C1NCCCc2[nH]c(-c3cccc4[nH]ccc34)nc21,2.234,CN1C(=O)CN=C(C2=CC=CCNC=C3C2CCCN3[NH])CC1=O,True,0.6531999999999993,-1.5808000000000006,0.11764705882352941,False,True
3.0,bin,6,-0.2550499439239502,-0.30299997329711914,-0.20709991455078125,1800687,Cc1nn(C)c(-c2nc(-c3cccnn3)no2)c1Cl,1.8889199999999997,COCCn1nc(C)c(C)c1-c1nc(-c2cccnn2)no1,True,1.6533399999999998,-0.2355799999999999,0.5714285714285714,False,True
3.0,bin,6,-0.2550499439239502,-0.30299997329711914,-0.20709991455078125,1815867,FC(F)(F)c1ccc(CN2CCOCC2c2ncon2)cc1,2.661900000000001,FC(F)Oc1cccc(CN2CCOCC2c2ncon2)c1,True,2.2444999999999995,-0.41740000000000155,0.5833333333333334,False,True
3.0,bin,6,-0.2550499439239502,-0.30299997329711914,-0.20709991455078125,1828580,Cc1ccc(N2CC3OCC(=O)N(Cc4cccc(F)c4)C3C2)nn1,1.54032,O=C1COCCN(c2cccnn2)CCN1Cc1ccc(F)cc1,True,1.4810999999999999,-0.05922000000000005,0.28205128205128205,False,True
3.0,bin,6,-0.2550499439239502,-0.30299997329711914,-0.20709991455078125,1836183,CCc1ccc(C(=O)NCc2nccc(N(C)C)n2)cc1,2.035,CCNc1ccnc(CNC(=O)c2ccccc2O)n1,True,1.5439999999999998,-0.4910000000000003,0.39655172413793105,False,True
3.0,bin,6,-0.2550499439239502,-0.30299997329711914,-0.20709991455078125,1842499,COc1ccccc1COc1ccccc1-c1cnn(CCO)c1,3.1300000000000017,O=CC(=CC=Cc1cn[nH]c1)OCc1ccccc1,True,2.722500000000001,-0.40750000000000064,0.15492957746478872,False,True
3.0,bin,6,-0.2550499439239502,-0.30299997329711914,-0.20709991455078125,1865564,COC(CNC(=O)c1ccoc1)c1cccc(F)c1,2.536200000000001,CN(C)C(CNC(=O)c1ccoc1)c1ccc(C#N)cc1,True,2.18398,-0.35222000000000087,0.4262295081967213,False,True
3.0,bin,6,-0.2550499439239502,-0.30299997329711914,-0.20709991455078125,1868773,CCCOc1ccc(Cl)c2c1CCNC2C1CC(=O)C1,3.2947000000000015,CCCCC1NCC(=O)c2cccc(OC(F)(F)F)c21,True,3.602400000000002,0.30770000000000053,0.22535211267605634,False,True
3.0,bin,6,-0.2550499439239502,-0.30299997329711914,-0.20709991455078125,1873123,CCC1OC(=O)c2c(OC)ccc(Br)c21,3.079200000000002,CCCOC(=O)c1cc(Br)ccc1OC,True,3.0245000000000015,-0.054700000000000415,0.29411764705882354,False,True
3.0,bin,6,-0.2550499439239502,-0.30299997329711914,-0.20709991455078125,1875028,Cc1cccc(C)c1NCC(=O)N1CCCC2CCCCC21,3.8965400000000034,C#CCSc1ccccc1NCC(=O)NCCC1CCCCC1,True,3.9104000000000028,0.013859999999999317,0.2463768115942029,False,True
3.0,bin,6,-0.2550499439239502,-0.30299997329711914,-0.20709991455078125,1895921,CCC(CC)N(C)C(=O)CC1OC(=O)c2ccccc21,2.935200000000002,CCCCN(C)C(=O)CC1OC(=O)c2ccccc21,True,2.5467000000000004,-0.3885000000000014,0.6382978723404256,False,False
3.0,bin,6,-0.2550499439239502,-0.30299997329711914,-0.20709991455078125,1907077,Cc1ccc2[nH]nc(C(=O)Nc3nc(-c4ccco4)cs3)c2c1,3.8401200000000015,CN1N=C2CC=CC=C1C[SH]1C=C(c3ccco3)N=C1NC2=O,True,2.2102,-1.6299200000000016,0.1839080459770115,False,True
3.0,bin,6,-0.2550499439239502,-0.30299997329711914,-0.20709991455078125,1913063,Cc1nn(C)c(C)c1CN(C(=O)c1cn2cccc(C)c2n1)C1CC1,2.797860000000001,Cc1nn(C)c(C)c1CNC(=O)c1cn2ccccc2n1,True,1.6146399999999999,-1.183220000000001,0.4264705882352941,False,True
3.0,bin,6,-0.2550499439239502,-0.30299997329711914,-0.20709991455078125,1922265,CN(CCNC(=O)c1ccc2c(c1)ncn2C)c1ccccc1,2.4395000000000007,COC(=O)C(CNc1ccccc1)NC(=O)c1ccc2c(c1)ncn2C,True,1.9567999999999994,-0.48270000000000124,0.5,False,True
3.0,bin,7,-0.1658499836921692,-0.20709991455078125,-0.12460005283355713,32052,COc1ccccc1CNC(=O)Cc1c[nH]c2ccccc12,3.035400000000001,N#Cc1ccc(CNC(=O)Cc2c[nH]c3ccccc23)cc1,True,2.898480000000001,-0.13691999999999993,0.5686274509803921,False,False
3.0,bin,7,-0.1658499836921692,-0.20709991455078125,-0.12460005283355713,116747,COCCSc1ccccc1C(=O)Nc1cccc(C)n1,3.3808200000000017,C=CCOc1ccccc1C(=O)Nc1cccc(OC)n1,True,2.907300000000001,-0.4735200000000006,0.43333333333333335,False,True
3.0,bin,7,-0.1658499836921692,-0.20709991455078125,-0.12460005283355713,131060,CS(=O)(=O)NCCc1csc(-c2ccc(F)cc2)n1,2.0408999999999997,CS(=O)(=O)NCCc1csc(-c2ccc(F)cc2)n1,True,2.0408999999999997,0.0,1.0,True,False
3.0,bin,7,-0.1658499836921692,-0.20709991455078125,-0.12460005283355713,131949,CCc1c(C)nc(SCC(=O)NC(C)C)[nH]c1=O,1.25742,C=CCNC(=O)CSc1nc(C)c(CC)c(=O)[nH]1,True,1.0350199999999998,-0.22240000000000015,0.6530612244897959,False,False
3.0,bin,7,-0.1658499836921692,-0.20709991455078125,-0.12460005283355713,158879,COc1ccc(CC(=O)OCC(=O)c2c[nH]c3ccccc23)cc1,3.145100000000001,N#Cc1cccc(CC(=O)OCC(=O)c2c[nH]c3ccccc23)c1,True,3.008180000000001,-0.13691999999999993,0.6071428571428571,False,True
3.0,bin,7,-0.1658499836921692,-0.20709991455078125,-0.12460005283355713,232056,COCCNC(=O)c1cc(=O)c2cc(C)ccc2o1,1.4776199999999993,COCCNC(=O)c1cc(=O)c2cc(OC)cc(C)c2o1,True,1.4862199999999992,0.008599999999999941,0.5769230769230769,False,True
3.0,bin,7,-0.1658499836921692,-0.20709991455078125,-0.12460005283355713,235788,O=C(Cn1nc(-c2ccco2)oc1=O)NCC(F)(F)F,0.7747999999999999,C=CCNC(=O)Cn1nc(-c2ccco2)oc1=O,True,0.3984999999999997,-0.37630000000000025,0.7058823529411765,False,True
3.0,bin,7,-0.1658499836921692,-0.20709991455078125,-0.12460005283355713,236081,CC(=O)c1c(C)[nH]c(C(=O)CSc2nc(C(C)C)n[nH]2)c1C,3.0506400000000014,Cc1n[nH]c(SCC(=O)c2[nH]c(C)c(C(=O)CC(C)C)c2C)n1,True,3.261860000000002,0.21122000000000085,0.6346153846153846,False,True
3.0,bin,7,-0.1658499836921692,-0.20709991455078125,-0.12460005283355713,281081,O=C(Cn1cccn1)NCc1cccnc1Oc1ccc(F)cc1F,2.665000000000001,O=C(Cn1cccn1)NCc1cccnc1Oc1ccc(F)cc1,True,2.525900000000001,-0.1391,0.7543859649122807,False,True
3.0,bin,7,-0.1658499836921692,-0.20709991455078125,-0.12460005283355713,284170,COc1ccc(-c2nc(CC(=O)Nc3cccc(C)n3)cs2)cc1,3.7033200000000024,O=C(Cc1csc(-c2ccccc2)n1)Nc1ccccn1,True,3.386300000000001,-0.3170200000000012,0.5535714285714286,False,False
3.0,bin,7,-0.1658499836921692,-0.20709991455078125,-0.12460005283355713,288369,Cc1ccc(NCc2nnc3n2CCCCC3)cc1C,3.2334400000000016,CC1CCCn2c(CNc3cc(F)ccc3F)nnc2C1,True,3.1408000000000014,-0.09264000000000028,0.3870967741935484,False,True
3.0,bin,7,-0.1658499836921692,-0.20709991455078125,-0.12460005283355713,302889,COc1ccc(OC)c(NC(=O)CCNC(=O)c2cccs2)c1,2.5239000000000003,N#Cc1cccc(NC(=O)CCNC(=O)c2cccs2)c1,True,2.378380000000001,-0.14551999999999943,0.5,False,False
3.0,bin,7,-0.1658499836921692,-0.20709991455078125,-0.12460005283355713,327141,COc1ccc(OC)c(S(=O)(=O)Nc2ccn(C)n2)c1,1.2381,Cn1ccc(NS(=O)(=O)c2cccc(C#N)c2)n1,True,1.0925799999999999,-0.1455200000000001,0.4444444444444444,False,True
3.0,bin,7,-0.1658499836921692,-0.20709991455078125,-0.12460005283355713,327382,CNC(=O)C1CN(C(=O)c2c(C)noc2C)c2ccccc2O1,1.4452399999999996,CNC(=O)C1CN(C(=O)c2cnoc2C)c2ccccc2O1,True,1.1368199999999993,-0.30842000000000036,0.6727272727272727,False,True
3.0,bin,7,-0.1658499836921692,-0.20709991455078125,-0.12460005283355713,406491,COCCNC(=O)C1CCCN(S(=O)(=O)N2CCOCC2)C1,-0.9619999999999964,O=C(NCCO)C1CCCN(S(=O)(=O)N2CCOCC2)C1,True,-1.6160999999999968,-0.6541000000000003,0.75,False,True
3.0,bin,7,-0.1658499836921692,-0.20709991455078125,-0.12460005283355713,413951,O=C(Cn1ncn2cccc2c1=O)N1CCCCCC1,0.8985999999999996,CN(CCCC#N)C(=O)Cn1ncn2cccc2c1=O,True,0.2581799999999994,-0.6404200000000002,0.4827586206896552,False,True
3.0,bin,7,-0.1658499836921692,-0.20709991455078125,-0.12460005283355713,427929,CCNc1nc(NCc2ccccc2Cl)c2cnn(C)c2n1,3.060600000000001,CCn1ncc2c(NCc3ccc(C)cc3)nc(C)nc21,True,3.075140000000001,0.01454000000000022,0.3387096774193548,False,True
3.0,bin,7,-0.1658499836921692,-0.20709991455078125,-0.12460005283355713,447130,CCC(NC(=O)C1CCN(C(=O)C2CC2)CC1)c1ccc(C)cc1,3.2109200000000016,CCC(NC(=O)C1CCN(C(=O)C2CC2)CC1)c1cc(F)ccc1F,True,3.1807000000000016,-0.030219999999999914,0.6111111111111112,False,True
3.0,bin,7,-0.1658499836921692,-0.20709991455078125,-0.12460005283355713,481908,CCNS(=O)(=O)c1ccc(C)c(C(=O)Nc2ncccc2C)c1,2.24894,Cc1ccc(S(C)(=O)=O)cc1C(=O)Nc1ccc(F)c(C)n1,True,2.4933400000000008,0.24440000000000062,0.39344262295081966,False,True
3.0,bin,7,-0.1658499836921692,-0.20709991455078125,-0.12460005283355713,485220,Cc1nn(CC(=O)N2CCN(C)CC2)c(C)c1Br,1.03644,Cc1nn(CC(=O)N2CCN(C)CC2)c(C)c1Br,True,1.03644,0.0,1.0,True,False
3.0,bin,7,-0.1658499836921692,-0.20709991455078125,-0.12460005283355713,526363,Cc1nnc(SCC(=O)Nc2ccc(O)cc2)n(N)c1=O,0.09692,O=C1C=CC=CC(NC(=O)C[SH]2C=NN=CC2=O)NN1,True,-1.2689999999999997,-1.3659199999999996,0.13333333333333333,False,True
3.0,bin,7,-0.1658499836921692,-0.20709991455078125,-0.12460005283355713,536853,COc1ccc(C2CCCN2C(=O)C2CCC2)c(OC)c1,3.1674000000000015,N#Cc1cc(C2CCCN2C(=O)C2CCC2)ccc1F,True,3.160980000000002,-0.006419999999999426,0.43103448275862066,False,True
3.0,bin,7,-0.1658499836921692,-0.20709991455078125,-0.12460005283355713,540312,Cc1nn(C)c2nc(C3CC3)cc(C(=O)NCC(=O)NC(C)(C)C)c12,1.7986199999999997,COCCCNC(=O)c1cc(C2CC2)nc2c1c(C)nn2C,True,1.9204199999999998,0.12180000000000013,0.65,False,True
3.0,bin,7,-0.1658499836921692,-0.20709991455078125,-0.12460005283355713,544381,Cc1nc(N2CCCC(C(=O)NC(C)C)C2)c2c(C)c(C)oc2n1,2.8890600000000006,C=CCNC(=O)C1CCN(c2nc(C)nc3oc(C)c(C)c23)CC1,True,2.666660000000001,-0.2223999999999995,0.5396825396825397,False,True
3.0,bin,7,-0.1658499836921692,-0.20709991455078125,-0.12460005283355713,544382,CCCNC(=O)C1CCCN(c2nc(C)nc3oc(C)c(C)c23)C1,2.8906600000000013,CCOC(=O)CC1CCN(c2nc(OC)nc3oc(CC)c(C)c23)C1,True,2.8817200000000014,-0.008939999999999948,0.3684210526315789,False,True
3.0,bin,7,-0.1658499836921692,-0.20709991455078125,-0.12460005283355713,550049,Cc1ccc(C)c(OCC(=O)Nc2cccc(-n3cnnc3)c2)c1,2.9016400000000013,O=C(COc1ccc(Cl)cc1)Nc1cccc(-n2cnnc2)c1,True,2.9382,0.036559999999998816,0.6181818181818182,False,False
3.0,bin,7,-0.1658499836921692,-0.20709991455078125,-0.12460005283355713,573533,Cc1nn(-c2ncc(C(F)(F)F)cc2Cl)c(=O)o1,2.2011199999999995,CCOC=CC=NC(=O)N1COC(C(F)(F)F)=N1,True,1.8929000000000002,-0.3082199999999993,0.14084507042253522,False,True
3.0,bin,7,-0.1658499836921692,-0.20709991455078125,-0.12460005283355713,582555,O=C(NCC(O)c1ccccc1)c1ccc2c(=O)n3c(nc2c1)CCC3,1.8061000000000003,CCc1nc2cc(C(=O)NCC(O)C(N)c3ccccc3)ccc2c(=O)[nH]1,True,1.2761999999999996,-0.5299000000000007,0.4383561643835616,False,True
3.0,bin,7,-0.1658499836921692,-0.20709991455078125,-0.12460005283355713,588547,Cc1n[nH]c(C)c1NC(=O)CCc1ccc(Cl)cc1Cl,3.9046400000000023,CSc1ccc(Cl)cc1CCC(=O)Nc1c(C)n[nH]c1C,True,3.9731400000000026,0.06850000000000023,0.7254901960784313,False,True
3.0,bin,7,-0.1658499836921692,-0.20709991455078125,-0.12460005283355713,607673,CCCN(CC1CC1)S(=O)(=O)c1ccccc1F,2.636400000000001,CCCN(CC1CC1)S(=O)(=O)c1ccc(O)c(F)c1,True,2.3420000000000005,-0.29440000000000044,0.5833333333333334,False,True
3.0,bin,7,-0.1658499836921692,-0.20709991455078125,-0.12460005283355713,617681,Cc1cc(C(=O)Nc2nc(-c3ccncc3)cs2)nn1C(C)C,3.5432200000000016,CC(C)Cn1ccc(C(=O)Nc2nc(-c3ccncc3)cs2)n1,True,3.3099000000000016,-0.23331999999999997,0.603448275862069,False,True
3.0,bin,7,-0.1658499836921692,-0.20709991455078125,-0.12460005283355713,650267,COc1ccc2oc(C(=O)NC3CCCCNC3=O)c(C)c2c1,2.14832,COc1cccc2c(C(=O)NC3CCCCNC3=O)c(C)oc12,True,2.14832,0.0,0.5223880597014925,False,True
3.0,bin,7,-0.1658499836921692,-0.20709991455078125,-0.12460005283355713,668639,Cc1cc(NC(=O)c2ccccc2Cl)ncc1N,2.8779200000000005,Cc1cccc(NC(=O)c2ccc(N)cc2)n1,True,2.22452,-0.6534000000000004,0.32075471698113206,False,True
3.0,bin,7,-0.1658499836921692,-0.20709991455078125,-0.12460005283355713,673160,CCC(=O)Nc1ccc2oc(C(F)(F)F)cc(=O)c2c1,3.160300000000001,CCOC(=O)CCc1cc(=O)c2cc(Br)ccc2o1,True,3.0512000000000015,-0.10909999999999975,0.32786885245901637,False,True
3.0,bin,7,-0.1658499836921692,-0.20709991455078125,-0.12460005283355713,711169,Cc1cccc(C(C)C)c1NC(=O)N(C)Cc1ccncc1,4.177320000000003,CSc1ccc(Cl)cc1NC(=O)N(C)Cc1ccncc1,True,4.120800000000003,-0.056519999999999904,0.4406779661016949,False,False
3.0,bin,7,-0.1658499836921692,-0.20709991455078125,-0.12460005283355713,720969,Cc1noc(C)c1CCC(=O)OCC(=O)N1c2ccccc2CC1C,2.7450400000000013,Cc1noc(C)c1CCC(=O)OCC(=O)N1CCc2ccccc21,True,2.35654,-0.3885000000000014,0.6721311475409836,False,False
3.0,bin,7,-0.1658499836921692,-0.20709991455078125,-0.12460005283355713,730789,COC(=O)C1CCN(C(=O)c2cc3ccc(F)cc3nc2C)CC1,2.7075200000000006,COC(=O)C1CCCN(C(=O)c2cnc3c(OC)cccc3c2)CC1,True,2.6587000000000005,-0.048820000000000086,0.4264705882352941,False,True
3.0,bin,7,-0.1658499836921692,-0.20709991455078125,-0.12460005283355713,738178,Cc1ccc(-n2ccnc2SCc2nc(C3CC3)no2)cc1C,4.041840000000003,Fc1cccc(F)c1-n1ccnc1SCc1nc(C2CC2)no1,True,3.7032000000000025,-0.3386400000000007,0.631578947368421,False,True
3.0,bin,7,-0.1658499836921692,-0.20709991455078125,-0.12460005283355713,771897,COc1ccccc1OCC(=O)N(C)Cc1sccc1C,3.102520000000002,COc1cccc(OCC(=O)N(C)Cc2sccc2C)c1,True,3.102520000000002,0.0,0.68,False,True
3.0,bin,7,-0.1658499836921692,-0.20709991455078125,-0.12460005283355713,811446,COC(=O)C1(NC(=O)c2cc(Br)c[nH]2)CCCCCC1,2.7730000000000006,CCCCC(NC(=O)c1cc(C)cn1CC)C(=O)OC,True,2.2780200000000006,-0.49498,0.1791044776119403,False,True
3.0,bin,7,-0.1658499836921692,-0.20709991455078125,-0.12460005283355713,848291,CCC(C)NC(=O)NCc1noc(-c2cccs2)n1,2.3958000000000004,CC(C)(C)NC(=O)NCc1noc(-c2cccs2)n1,True,2.3958000000000004,0.0,0.6792452830188679,False,True
3.0,bin,7,-0.1658499836921692,-0.20709991455078125,-0.12460005283355713,863440,COc1ccc(-c2nc(CCCO)cs2)cc1OC,2.752200000000001,COCc1csc(-c2ccc(OC)cc2)n1,True,2.9651000000000014,0.2129000000000003,0.4375,False,True
3.0,bin,7,-0.1658499836921692,-0.20709991455078125,-0.12460005283355713,864663,N#Cc1ccc(-c2cc(F)ccc2F)nc1N1CCCC1,3.498680000000002,N#Cc1ccc(-c2cc(F)cc(F)c2)nc1N1CCCC1,True,3.498680000000003,8.881784197001252e-16,0.6666666666666666,False,True
3.0,bin,7,-0.1658499836921692,-0.20709991455078125,-0.12460005283355713,872100,CCc1cccc(C)c1NCC(O)c1ccc2c(c1)OCCO2,3.474120000000002,OC(CNc1ccccc1C(F)(F)F)c1ccc2c(c1)OCCO2,True,3.6221000000000023,0.14798000000000044,0.5357142857142857,False,True
3.0,bin,7,-0.1658499836921692,-0.20709991455078125,-0.12460005283355713,886334,COc1ccc(C(=O)N2CCCC(C(=O)N3CCCCC3)C2)c(O)c1,2.2655000000000003,Nc1cccc(C(=O)N2CCCC(C(=O)N3CCCCC3)C2)c1,True,2.1334999999999997,-0.13200000000000056,0.4909090909090909,False,True
3.0,bin,7,-0.1658499836921692,-0.20709991455078125,-0.12460005283355713,887387,COCCNC(=O)N(Cc1cccc(F)c1)CC1CCCO1,2.1627,O=C(CCO)N(Cc1cccc(Cl)c1)C1CCCO1,True,2.1875,0.024799999999999933,0.3333333333333333,False,True
3.0,bin,7,-0.1658499836921692,-0.20709991455078125,-0.12460005283355713,889149,N#Cc1ccc(NC(=O)c2ccc(Br)cc2Cl)nc1,3.621480000000001,Cc1cc(C(=O)Nc2ccc(C#N)cn2)c(C)cc1Br,True,3.584920000000002,-0.036559999999998816,0.6078431372549019,False,False
3.0,bin,7,-0.1658499836921692,-0.20709991455078125,-0.12460005283355713,913483,O=C(CNC(=O)NCCc1c(Cl)cccc1Cl)NC1CC1,2.1137000000000006,CC(C)(C)c1ccc(CCNC(=O)NCC(=O)NC2CC2)cc1,True,2.1043999999999996,-0.009300000000000974,0.56,False,True
3.0,bin,7,-0.1658499836921692,-0.20709991455078125,-0.12460005283355713,917620,C=CCN(Cc1ccccc1OC)C(=O)c1csc(C)n1,3.288520000000002,C=CCN(Cc1cccc(OC)c1)C(=O)c1csc(C)n1,True,3.288520000000002,0.0,0.6491228070175439,False,True
3.0,bin,7,-0.1658499836921692,-0.20709991455078125,-0.12460005283355713,918312,CCOc1ccc(Cl)c(C(=O)N2CCN(c3ncccn3)CC2)n1,1.8860999999999997,O=C(c1ncc(Br)cn1)N1CCN(c2ncccc2F)CC1,True,1.7355999999999998,-0.15049999999999986,0.3125,False,True
3.0,bin,7,-0.1658499836921692,-0.20709991455078125,-0.12460005283355713,922879,CC(=O)c1ccc(N2CCN(Cc3c(F)cccc3F)CC2)cc1,3.489600000000003,Cc1ccccc1CN1CCN(c2ccccc2C#N)CC1,True,3.188900000000002,-0.30070000000000086,0.2631578947368421,False,True
3.0,bin,7,-0.1658499836921692,-0.20709991455078125,-0.12460005283355713,927535,COc1cc(CN2CCN(c3ccccc3F)CC2)ccc1O,2.862100000000002,Oc1ccc(CN2CCN(c3cccc(O)c3)CC2)cc1,True,2.420000000000001,-0.44210000000000127,0.37037037037037035,False,True
3.0,bin,7,-0.1658499836921692,-0.20709991455078125,-0.12460005283355713,927567,Cc1ccccc1N1CCN(Cc2cccc(O)c2)CC1,3.022820000000001,N#Cc1cccc(N2CCN(Cc3ccccc3F)CC2)c1,True,3.0195800000000013,-0.0032399999999999096,0.29310344827586204,False,True
3.0,bin,7,-0.1658499836921692,-0.20709991455078125,-0.12460005283355713,938108,CC(c1ccccc1)N(C)C(=O)CCC(=O)Nc1nccs1,3.0814000000000012,CC(NC(=O)CCC(=O)Nc1ncc(F)s1)c1ccccc1,True,2.878300000000001,-0.20310000000000006,0.4576271186440678,False,True
3.0,bin,7,-0.1658499836921692,-0.20709991455078125,-0.12460005283355713,943303,CN(CCCOc1ccccc1)C(=O)Nc1cccc2c1OCCO2,3.390600000000002,COc1ccc(OCCCNC(=O)Nc2cccc3c2OCCO3)cc1,True,3.0570000000000013,-0.33360000000000056,0.5666666666666667,False,True
3.0,bin,7,-0.1658499836921692,-0.20709991455078125,-0.12460005283355713,946289,CC(NC(=O)C1(c2cc(-c3ccco3)on2)CC1)c1ccccc1,3.843600000000002,CC1=CC=CCNC(=O)C2(c3cc(-c4ccco4)on3)CC2C=C1,True,3.3808000000000016,-0.46280000000000054,0.3466666666666667,False,True
3.0,bin,7,-0.1658499836921692,-0.20709991455078125,-0.12460005283355713,994077,Cc1nnc(Cn2c(-c3cccc(Br)c3)noc2=O)o1,2.0055199999999997,Cc1cccc(-c2noc(=O)n2CC2=NN=CCC2)c1,True,2.03232,0.026800000000000157,0.45,False,True
3.0,bin,7,-0.1658499836921692,-0.20709991455078125,-0.12460005283355713,1065620,O=C(NCc1cccnc1Oc1ccccc1)c1cccnc1,3.198900000000002,N#Cc1ccc(C(=O)NCc2cccnc2Oc2ccccc2)cn1,True,3.0705800000000014,-0.12832000000000043,0.6981132075471698,False,True
3.0,bin,7,-0.1658499836921692,-0.20709991455078125,-0.12460005283355713,1093926,CN(C(=O)CNc1cccc(OCC2CCCO2)c1)c1ccccc1,3.319300000000002,N#Cc1ccccc1NCC(=O)Nc1cccc(OCC2CCCO2)c1,True,3.1666800000000013,-0.15262000000000064,0.5588235294117647,False,True
3.0,bin,7,-0.1658499836921692,-0.20709991455078125,-0.12460005283355713,1107920,CCc1ccc(-n2cc(C(=O)NC(C)c3ccccc3)nn2)cc1,3.320700000000002,Cc1cc(C)c(CNC(=O)c2cn(-c3ccc(F)cc3)nn2)c(C)c1,True,3.261660000000002,-0.059040000000000425,0.3968253968253968,False,True
3.0,bin,7,-0.1658499836921692,-0.20709991455078125,-0.12460005283355713,1113130,CC(NC(=O)Cn1nnnc1C(C)(C)C)c1cccc2ccccc12,3.0012000000000016,CCn1nnnc1C(C)NC(=O)C(C)Nc1c(C)ccc2ccccc12,True,2.832420000000001,-0.16878000000000082,0.4057971014492754,False,True
3.0,bin,7,-0.1658499836921692,-0.20709991455078125,-0.12460005283355713,1121751,COC(=O)Cn1ccc(NS(=O)(=O)c2ccc(F)c(F)c2F)n1,1.2742,COC(=O)Cn1ccc(NS(=O)(=O)c2ccc(C)cc2)n1,True,1.1653200000000001,-0.10887999999999987,0.6153846153846154,False,True
3.0,bin,7,-0.1658499836921692,-0.20709991455078125,-0.12460005283355713,1142531,CCOC(C)C(=O)NCCc1csc(-c2ccc(C)cc2)n1,3.2022200000000014,CCOC(C)C(=O)NCCc1csc(-c2ccccc2)n1,True,2.8938000000000015,-0.3084199999999999,0.82,False,True
3.0,bin,7,-0.1658499836921692,-0.20709991455078125,-0.12460005283355713,1212157,CN(Cc1ccc(F)c(F)c1)C(=O)c1cncc(-c2cnn(C)c2)c1,3.0325000000000015,C=Nc1c(C(C=NC=CC(=O)NCC2=CC=C(C)C2)CC)cnn1C,True,3.222900000000002,0.19040000000000035,0.15217391304347827,False,True
3.0,bin,7,-0.1658499836921692,-0.20709991455078125,-0.12460005283355713,1215394,CCn1nc(C)cc1C(=O)Oc1cccc(NC(=O)C(C)C)c1,3.025120000000001,CCn1nc(C)cc1C(=O)Oc1ccc(CNC(C)=O)cc1C,True,2.37514,-0.6499800000000011,0.4603174603174603,False,True
3.0,bin,7,-0.1658499836921692,-0.20709991455078125,-0.12460005283355713,1232922,CC(C)(C)OC(=O)NC1CCCN(S(=O)(=O)N2CCOCC2)C1,0.5525000000000011,CCCC(=O)NC1CCCN(S(=O)(=O)N2CCOCC2)C1,True,-0.055899999999998506,-0.6083999999999996,0.6274509803921569,False,True
3.0,bin,7,-0.1658499836921692,-0.20709991455078125,-0.12460005283355713,1238973,FC(F)(F)c1cnc(N2CCn3c(nnc3C3CC3)C2)c(Cl)c1,3.2429000000000023,CCSc1c(Cl)ccnc1N1CCn2c(nnc2C2CC2)C1,True,3.336100000000001,0.09319999999999862,0.5,False,True
3.0,bin,7,-0.1658499836921692,-0.20709991455078125,-0.12460005283355713,1299495,Cc1cc(CC(=O)N2CCCC2C(C#N)c2ccccc2)no1,2.823900000000001,N#CC(c1ccccc1)C1CCCN1C(=O)Cc1ccon1,True,2.515480000000001,-0.3084199999999999,0.7241379310344828,False,True
3.0,bin,7,-0.1658499836921692,-0.20709991455078125,-0.12460005283355713,1309906,CC(C)CC(NC(=O)c1cc(=O)c2ccccc2o1)C(=O)OC(C)C,2.8891000000000018,CCN(CC(F)(F)F)C(=O)c1cc(=O)c2ccccc2o1,True,2.817400000000001,-0.07170000000000076,0.4166666666666667,False,True
3.0,bin,7,-0.1658499836921692,-0.20709991455078125,-0.12460005283355713,1362816,COCc1cccc(C(=O)NC2CC2c2cccc(Cl)c2)c1,3.772300000000002,O=C(NC1CC1c1ccc(F)cc1F)c1cc(F)ccc1F,True,3.528900000000002,-0.24340000000000028,0.3225806451612903,False,True
3.0,bin,7,-0.1658499836921692,-0.20709991455078125,-0.12460005283355713,1441838,COCC(=O)NC(C(=O)Nc1cccc(-c2nccs2)c1)C(C)C,2.5358,Cc1cnc(-c2cccc(NC(=O)C(C)NS(C)(=O)=O)c2)s1,True,1.9947199999999996,-0.5410800000000004,0.391304347826087,False,True
3.0,bin,7,-0.1658499836921692,-0.20709991455078125,-0.12460005283355713,1450449,CCCNC(=O)CSc1nc2c(cc1C#N)CCCC2,2.450380000000001,CCOC(=O)C(N)C1Cc2cnc(c(C#N)c2)S1,True,0.8604800000000001,-1.5899000000000008,0.24324324324324326,False,True
3.0,bin,7,-0.1658499836921692,-0.20709991455078125,-0.12460005283355713,1451910,O=S(=O)(NCc1nnc2ccccn12)c1ccc(F)c(F)c1,1.4859999999999995,N#CCc1ccc(S(=O)(=O)NCc2nnc3ccccn23)cc1,True,1.27388,-0.21211999999999964,0.6226415094339622,False,False
3.0,bin,7,-0.1658499836921692,-0.20709991455078125,-0.12460005283355713,1479798,Cc1nc(C)c(CCC(=O)N(CC(C)C)CC(F)(F)F)c(=O)[nH]1,2.3662400000000003,C=C(C)CN(OC(C)C)C(=O)CCC1=C(C)N=C(C(C)C)NC1,True,3.4430000000000023,1.076760000000002,0.2328767123287671,False,True
3.0,bin,7,-0.1658499836921692,-0.20709991455078125,-0.12460005283355713,1507926,COC(=O)C(C)NC(=O)Cc1csc(-c2ccccc2Cl)n1,2.6837,COC(=O)C(C)NC(=O)Cc1csc(-c2ccccc2C)n1,True,2.3387199999999995,-0.3449800000000005,0.78,False,True
3.0,bin,7,-0.1658499836921692,-0.20709991455078125,-0.12460005283355713,1527882,Nc1ncccc1C(=O)Nc1ccc2cn[nH]c2c1,1.7923999999999998,CNC(=O)C=C1C=C(NC(=O)c2cccnc2O)CC=C1NN,True,-0.1758000000000003,-1.9682,0.2602739726027397,False,True
3.0,bin,7,-0.1658499836921692,-0.20709991455078125,-0.12460005283355713,1532848,COc1ccc(-c2ccc3c(=O)[nH]cnc3c2)cc1Cl,3.2521000000000013,Cc1ccc(-c2ccc3c(=O)[nH]cnc3c2)c(C)c1,True,3.2069400000000012,-0.04516000000000009,0.5102040816326531,False,True
3.0,bin,7,-0.1658499836921692,-0.20709991455078125,-0.12460005283355713,1548351,COc1cc(OC)c2c(c1)C(c1cnccn1)NCC2,1.7288999999999999,N#Cc1cncc(C2NCCc3ccc(O)cc32)c1,True,1.89398,0.16508000000000012,0.22727272727272727,False,True
3.0,bin,7,-0.1658499836921692,-0.20709991455078125,-0.12460005283355713,1570134,COc1cccc(C(C)N2CCN(C(=O)c3ccc(O)cc3)CC2)c1,2.9198000000000013,COCc1ccc(C(=O)N2CCN(Cc3cccc(O)c3)CC2)cc1,True,2.496600000000001,-0.42320000000000046,0.4166666666666667,False,True
3.0,bin,7,-0.1658499836921692,-0.20709991455078125,-0.12460005283355713,1611406,CC(C)(C)N1CC(NC(=O)C2COc3ccc(F)cc3C2)CC1=O,1.8923999999999994,CCC(C)N1CC(NC(=O)C2COc3ccccc3C2)CC1=O,True,1.7532999999999992,-0.13910000000000022,0.4925373134328358,False,True
3.0,bin,7,-0.1658499836921692,-0.20709991455078125,-0.12460005283355713,1612684,CCCC1CN(C(=O)Nc2ccn(CCC(C)C)n2)CCO1,2.9620000000000015,CCC1CN(C(=O)Nc2ccn(C(C)(C)C)n2)CC(C)O1,True,2.6693000000000007,-0.29270000000000085,0.4057971014492754,False,True
3.0,bin,7,-0.1658499836921692,-0.20709991455078125,-0.12460005283355713,1639675,CCC(CC)c1nnc(NC(=O)c2scnc2C2CC2)s1,4.0279000000000025,CCC(CC)c1nnc(NC(=O)c2scnc2C2CC2)s1,True,4.0279000000000025,0.0,1.0,True,False
3.0,bin,7,-0.1658499836921692,-0.20709991455078125,-0.12460005283355713,1675660,COc1ccnc(NC(=O)c2cccc(Cl)c2)c1,2.9959000000000007,COc1ccnc(NC(=O)c2cc(C)ccc2OC)c1,True,2.6595200000000006,-0.3363800000000001,0.54,False,True
3.0,bin,7,-0.1658499836921692,-0.20709991455078125,-0.12460005283355713,1689728,CCc1noc(CSc2ncnc3sc(C)cc23)n1,3.237420000000002,Cc1noc(CSc2ncnc3sc(C)c(C)c23)n1,True,3.2918600000000025,0.05444000000000049,0.48214285714285715,False,True
3.0,bin,7,-0.1658499836921692,-0.20709991455078125,-0.12460005283355713,1720876,CC(C)(C)CC(=O)NCC(=O)Nc1ccc2c(c1)COC2,2.2077,CCC(OC)C(=O)NCC(=O)C(C)c1ccc2c(c1)COC2,True,1.9306,-0.2770999999999999,0.3548387096774194,False,True
3.0,bin,7,-0.1658499836921692,-0.20709991455078125,-0.12460005283355713,1757109,CC(C)Cc1ncc(CNc2ccc3c(c2)COC3)s1,3.983900000000003,CC(C)c1ncsc1CNc1ccc2c(c1)COC2,True,3.908800000000002,-0.07510000000000083,0.5370370370370371,False,True
3.0,bin,7,-0.1658499836921692,-0.20709991455078125,-0.12460005283355713,1774061,O=C1NCCCc2[nH]c(-c3cccc4[nH]ccc34)nc21,2.234,O=CNCCCC1=CC(c2cccc3[nH]ccc23)N1,True,2.2222999999999997,-0.011700000000000266,0.2318840579710145,False,True
3.0,bin,7,-0.1658499836921692,-0.20709991455078125,-0.12460005283355713,1800687,Cc1nn(C)c(-c2nc(-c3cccnn3)no2)c1Cl,1.8889199999999997,Cc1noc(C2=CC(c3cccnn3)=NNC2)n1,True,0.5589200000000001,-1.3299999999999996,0.36065573770491804,False,True
3.0,bin,7,-0.1658499836921692,-0.20709991455078125,-0.12460005283355713,1815867,FC(F)(F)c1ccc(CN2CCOCC2c2ncon2)cc1,2.661900000000001,FC(F)COc1ccc(CN2CCOCC2c2ncon2)cc1,True,2.287,-0.3749000000000011,0.6727272727272727,False,True
3.0,bin,7,-0.1658499836921692,-0.20709991455078125,-0.12460005283355713,1828580,Cc1ccc(N2CC3OCC(=O)N(Cc4cccc(F)c4)C3C2)nn1,1.54032,O=C1COC2CN(c3cccnn3)CC2N1Cc1ccccc1F,True,1.2318999999999998,-0.30842000000000014,0.5147058823529411,False,True
3.0,bin,7,-0.1658499836921692,-0.20709991455078125,-0.12460005283355713,1836183,CCc1ccc(C(=O)NCc2nccc(N(C)C)n2)cc1,2.035,Cc1ccc(F)cc1C(=O)NCc1ncccn1,True,1.85412,-0.18088000000000015,0.3333333333333333,False,True
3.0,bin,7,-0.1658499836921692,-0.20709991455078125,-0.12460005283355713,1842499,COc1ccccc1COc1ccccc1-c1cnn(CCO)c1,3.1300000000000017,OCCn1cc(-c2ccccc2OCc2ccccc2O)cn1,True,2.827000000000001,-0.3030000000000008,0.7659574468085106,False,True
3.0,bin,7,-0.1658499836921692,-0.20709991455078125,-0.12460005283355713,1865564,COC(CNC(=O)c1ccoc1)c1cccc(F)c1,2.536200000000001,O=C(NCC(O)c1ccc(F)c(F)c1)c1ccoc1,True,2.0212000000000003,-0.5150000000000006,0.509090909090909,False,True
3.0,bin,7,-0.1658499836921692,-0.20709991455078125,-0.12460005283355713,1868773,CCCOc1ccc(Cl)c2c1CCNC2C1CC(=O)C1,3.2947000000000015,O=CCCC(Cl)C1NCCc2ccc(C(F)(F)F)cc21,True,3.4787000000000017,0.18400000000000016,0.17333333333333334,False,True
3.0,bin,7,-0.1658499836921692,-0.20709991455078125,-0.12460005283355713,1873123,CCC1OC(=O)c2c(OC)ccc(Br)c21,3.079200000000002,CCCOC(=O)c1cc(Br)ccc1CO,True,2.508200000000001,-0.5710000000000011,0.17857142857142858,False,True
3.0,bin,7,-0.1658499836921692,-0.20709991455078125,-0.12460005283355713,1875028,Cc1cccc(C)c1NCC(=O)N1CCCC2CCCCC21,3.8965400000000034,O=C(CNc1ccc(F)cc1F)N1CCCC2CCCCC21,True,3.5579000000000027,-0.3386400000000007,0.5686274509803921,False,True
3.0,bin,7,-0.1658499836921692,-0.20709991455078125,-0.12460005283355713,1895921,CCC(CC)N(C)C(=O)CC1OC(=O)c2ccccc21,2.935200000000002,CCCCN(CC)C(=O)C1OC(=O)c2ccccc21,True,2.5467000000000004,-0.3885000000000014,0.4074074074074074,False,True
3.0,bin,7,-0.1658499836921692,-0.20709991455078125,-0.12460005283355713,1907077,Cc1ccc2[nH]nc(C(=O)Nc3nc(-c4ccco4)cs3)c2c1,3.8401200000000015,O=C(Nc1nc(C=CCO)cs1)c1n[nH]ccc2ccc1cc2,True,2.8394000000000013,-1.0007200000000003,0.2894736842105263,False,True
3.0,bin,7,-0.1658499836921692,-0.20709991455078125,-0.12460005283355713,1913063,Cc1nn(C)c(C)c1CN(C(=O)c1cn2cccc(C)c2n1)C1CC1,2.797860000000001,Cc1n[nH]c(C)c1CN(C(=O)c1cn2cc(F)ccc2n1)C1CC1,True,2.6181400000000012,-0.17971999999999966,0.4444444444444444,False,True
3.0,bin,7,-0.1658499836921692,-0.20709991455078125,-0.12460005283355713,1922265,CN(CCNC(=O)c1ccc2c(c1)ncn2C)c1ccccc1,2.4395000000000007,CN(CO)C(CNC(=O)c1ccc2[nH]cnc2c1)C1=CC=CC=CC1,True,1.9853999999999996,-0.45410000000000106,0.27848101265822783,False,True
3.0,bin,8,-0.0693100094795227,-0.12460005283355713,-0.014019966125488281,32052,COc1ccccc1CNC(=O)Cc1c[nH]c2ccccc12,3.035400000000001,CN(C)C(=O)Nc1cccc(CNC(=O)Cc2c[nH]c3ccccc23)c1,True,3.120300000000002,0.08490000000000109,0.5263157894736842,False,True
3.0,bin,8,-0.0693100094795227,-0.12460005283355713,-0.014019966125488281,116747,COCCSc1ccccc1C(=O)Nc1cccc(C)n1,3.3808200000000017,Cc1cccc(NC(=O)c2ccc(OCC(F)F)cc2)n1,True,3.286220000000001,-0.09460000000000068,0.43103448275862066,False,True
3.0,bin,8,-0.0693100094795227,-0.12460005283355713,-0.014019966125488281,131060,CS(=O)(=O)NCCc1csc(-c2ccc(F)cc2)n1,2.0408999999999997,COc1ccc(-c2nc(CNC(=O)NCCO)cs2)cc1F,True,1.7492999999999996,-0.2916000000000001,0.36507936507936506,False,True
3.0,bin,8,-0.0693100094795227,-0.12460005283355713,-0.014019966125488281,131949,CCc1c(C)nc(SCC(=O)NC(C)C)[nH]c1=O,1.25742,CCc1c(C)nc(SCC(=O)N(C)C)[nH]c1=O,True,0.8210200000000001,-0.4363999999999999,0.6304347826086957,False,False
3.0,bin,8,-0.0693100094795227,-0.12460005283355713,-0.014019966125488281,158879,COc1ccc(CC(=O)OCC(=O)c2c[nH]c3ccccc23)cc1,3.145100000000001,N#CC(OC(=O)COC(=O)c1c[nH]c2ccccc12)c1ccccc1,True,3.1327800000000012,-0.012319999999999887,0.3968253968253968,False,True
3.0,bin,8,-0.0693100094795227,-0.12460005283355713,-0.014019966125488281,232056,COCCNC(=O)c1cc(=O)c2cc(C)ccc2o1,1.4776199999999993,COCCNC(=O)c1cc(=O)c2cc(C)ccc2o1,True,1.4776199999999993,0.0,1.0,True,False
3.0,bin,8,-0.0693100094795227,-0.12460005283355713,-0.014019966125488281,235788,O=C(Cn1nc(-c2ccco2)oc1=O)NCC(F)(F)F,0.7747999999999999,C=CCNC(=O)Cn1nc(-c2ccco2)oc1=O,True,0.3984999999999997,-0.37630000000000025,0.7058823529411765,False,True
3.0,bin,8,-0.0693100094795227,-0.12460005283355713,-0.014019966125488281,236081,CC(=O)c1c(C)[nH]c(C(=O)CSc2nc(C(C)C)n[nH]2)c1C,3.0506400000000014,CC(=O)C1=C(C)N=CC(NC(C)C(=O)c2cnc(C(C)C)[nH]2)S1,True,2.6581,-0.3925400000000012,0.18421052631578946,False,True
3.0,bin,8,-0.0693100094795227,-0.12460005283355713,-0.014019966125488281,281081,O=C(Cn1cccn1)NCc1cccnc1Oc1ccc(F)cc1F,2.665000000000001,COc1cc(C)ccc1Oc1ncccc1CNC(=O)Cn1cccn1,True,2.7038200000000003,0.03881999999999941,0.6935483870967742,False,True
3.0,bin,8,-0.0693100094795227,-0.12460005283355713,-0.014019966125488281,284170,COc1ccc(-c2nc(CC(=O)Nc3cccc(C)n3)cs2)cc1,3.7033200000000024,O=C(Cc1csc(-c2ccc(F)cc2)n1)Nc1ncccc1F,True,3.664500000000001,-0.03882000000000119,0.4603174603174603,False,True
3.0,bin,8,-0.0693100094795227,-0.12460005283355713,-0.014019966125488281,288369,Cc1ccc(NCc2nnc3n2CCCCC3)cc1C,3.2334400000000016,Brc1ccccc1NCc1nnc2n1CCCCC2,True,3.379100000000002,0.14566000000000034,0.5490196078431373,False,True
3.0,bin,8,-0.0693100094795227,-0.12460005283355713,-0.014019966125488281,302889,COc1ccc(OC)c(NC(=O)CCNC(=O)c2cccs2)c1,2.5239000000000003,N#CCc1ccc(NC(=O)CCNC(=O)c2cccs2)cc1,True,2.5727800000000007,0.04888000000000048,0.48333333333333334,False,False
3.0,bin,8,-0.0693100094795227,-0.12460005283355713,-0.014019966125488281,327141,COc1ccc(OC)c(S(=O)(=O)Nc2ccn(C)n2)c1,1.2381,CN(C)C(=O)C1=CC=C(S(=O)(=O)Nc2ccn(CC#N)n2)C1,True,0.4505799999999996,-0.7875200000000004,0.2571428571428571,False,True
3.0,bin,8,-0.0693100094795227,-0.12460005283355713,-0.014019966125488281,327382,CNC(=O)C1CN(C(=O)c2c(C)noc2C)c2ccccc2O1,1.4452399999999996,Cc1noc(N)c1C(=O)NC1c2ccccc2OC1C(=O)N(C)C,True,0.8855199999999999,-0.5597199999999998,0.323943661971831,False,True
3.0,bin,8,-0.0693100094795227,-0.12460005283355713,-0.014019966125488281,406491,COCCNC(=O)C1CCCN(S(=O)(=O)N2CCOCC2)C1,-0.9619999999999964,CNC(=O)C1CCN(S(=O)(=O)N2CCOC(C)C2)CC1,True,-0.5900999999999978,0.37189999999999857,0.39655172413793105,False,True
3.0,bin,8,-0.0693100094795227,-0.12460005283355713,-0.014019966125488281,413951,O=C(Cn1ncn2cccc2c1=O)N1CCCCCC1,0.8985999999999996,CCC(C#N)NC(=O)Cn1ncn2cccc2c1=O,True,-0.0856200000000007,-0.9842200000000003,0.49122807017543857,False,True
3.0,bin,8,-0.0693100094795227,-0.12460005283355713,-0.014019966125488281,427929,CCNc1nc(NCc2ccccc2Cl)c2cnn(C)c2n1,3.060600000000001,CCC(C)Nc1nc(NCc2ccccc2)c2cnn(C)c2n1,True,3.1858000000000013,0.12520000000000042,0.5344827586206896,False,True
3.0,bin,8,-0.0693100094795227,-0.12460005283355713,-0.014019966125488281,447130,CCC(NC(=O)C1CCN(C(=O)C2CC2)CC1)c1ccc(C)cc1,3.2109200000000016,CC(NC(=O)C1CCN(C(=O)C2CC2C)CC1)c1cccc(Cl)c1,True,3.411800000000002,0.2008800000000006,0.3968253968253968,False,True
3.0,bin,8,-0.0693100094795227,-0.12460005283355713,-0.014019966125488281,481908,CCNS(=O)(=O)c1ccc(C)c(C(=O)Nc2ncccc2C)c1,2.24894,Cc1cc(C(=O)Nc2ncccc2C)ccc1S(C)(=O)=O,True,2.35424,0.10529999999999973,0.48214285714285715,False,True
3.0,bin,8,-0.0693100094795227,-0.12460005283355713,-0.014019966125488281,485220,Cc1nn(CC(=O)N2CCN(C)CC2)c(C)c1Br,1.03644,O=C(Cn1cc(Br)cn1)N1CCCNC1,True,0.4249999999999999,-0.6114400000000002,0.2631578947368421,False,True
3.0,bin,8,-0.0693100094795227,-0.12460005283355713,-0.014019966125488281,526363,Cc1nnc(SCC(=O)Nc2ccc(O)cc2)n(N)c1=O,0.09692,NC(=O)CCn1c(SCC(=O)Nc2ccccc2)nncc1=O,True,0.24449999999999888,0.14757999999999888,0.3968253968253968,False,True
3.0,bin,8,-0.0693100094795227,-0.12460005283355713,-0.014019966125488281,536853,COc1ccc(C2CCCN2C(=O)C2CCC2)c(OC)c1,3.1674000000000015,COc1ccc(C2CCCN2C(=O)C2CCC2)c(OC)c1OC,True,3.176000000000002,0.008600000000000385,0.6875,False,True
3.0,bin,8,-0.0693100094795227,-0.12460005283355713,-0.014019966125488281,540312,Cc1nn(C)c2nc(C3CC3)cc(C(=O)NCC(=O)NC(C)(C)C)c12,1.7986199999999997,COC(=O)C(C)NC(=O)c1cc(C2CC2)nc2c1c(C)nn2C,True,1.4454199999999993,-0.3532000000000004,0.5806451612903226,False,False
3.0,bin,8,-0.0693100094795227,-0.12460005283355713,-0.014019966125488281,544381,Cc1nc(N2CCCC(C(=O)NC(C)C)C2)c2c(C)c(C)oc2n1,2.8890600000000006,COCCOC1CCN(c2nc(C(C)C)nc3oc(C)c(C)c23)CC1,True,3.5948400000000023,0.7057800000000016,0.37681159420289856,False,True
3.0,bin,8,-0.0693100094795227,-0.12460005283355713,-0.014019966125488281,544382,CCCNC(=O)C1CCCN(c2nc(C)nc3oc(C)c(C)c23)C1,2.8906600000000013,Cc1oc2ncnc(N3C=CCNC(=O)CCC3)c2c1C,True,2.0697399999999995,-0.8209200000000019,0.2597402597402597,False,True
3.0,bin,8,-0.0693100094795227,-0.12460005283355713,-0.014019966125488281,550049,Cc1ccc(C)c(OCC(=O)Nc2cccc(-n3cnnc3)c2)c1,2.9016400000000013,CCc1ccc(OCC(=O)Nc2cccc(-n3cnnc3)c2)cc1,True,2.847200000000001,-0.05444000000000049,0.625,False,False
3.0,bin,8,-0.0693100094795227,-0.12460005283355713,-0.014019966125488281,573533,Cc1nn(-c2ncc(C(F)(F)F)cc2Cl)c(=O)o1,2.2011199999999995,C=CCOc1nn(-c2nc(Cl)ccc2Cl)c(=O)o1,True,2.0921,-0.10901999999999967,0.29508196721311475,False,True
3.0,bin,8,-0.0693100094795227,-0.12460005283355713,-0.014019966125488281,582555,O=C(NCC(O)c1ccccc1)c1ccc2c(=O)n3c(nc2c1)CCC3,1.8061000000000003,C#CCC(C=CC=CC#N)C(O)CNC(=O)c1ccc2c(=O)[nH]cnc2c1,True,1.28928,-0.5168200000000003,0.28735632183908044,False,True
3.0,bin,8,-0.0693100094795227,-0.12460005283355713,-0.014019966125488281,588547,Cc1n[nH]c(C)c1NC(=O)CCc1ccc(Cl)cc1Cl,3.9046400000000023,Cc1n[nH]c(C)c1NC(=O)CC(C)(C)c1ccc(F)c(F)c1,True,3.6111400000000025,-0.29349999999999987,0.46551724137931033,False,True
3.0,bin,8,-0.0693100094795227,-0.12460005283355713,-0.014019966125488281,607673,CCCN(CC1CC1)S(=O)(=O)c1ccccc1F,2.636400000000001,CCN(CC1CC1)S(=O)(=O)c1cccc(C)c1,True,2.4156200000000005,-0.22078000000000042,0.42,False,True
3.0,bin,8,-0.0693100094795227,-0.12460005283355713,-0.014019966125488281,617681,Cc1cc(C(=O)Nc2nc(-c3ccncc3)cs2)nn1C(C)C,3.5432200000000016,CC(C)Cn1ccc(C(=O)Nc2nc(-c3ccncc3)cs2)n1,True,3.3099000000000016,-0.23331999999999997,0.603448275862069,False,True
3.0,bin,8,-0.0693100094795227,-0.12460005283355713,-0.014019966125488281,650267,COc1ccc2oc(C(=O)NC3CCCCNC3=O)c(C)c2c1,2.14832,O=C(NC1CCCCNC1)Oc1cc2cc(F)ccc2o1,True,2.8024000000000013,0.6540800000000013,0.2857142857142857,False,True
3.0,bin,8,-0.0693100094795227,-0.12460005283355713,-0.014019966125488281,668639,Cc1cc(NC(=O)c2ccccc2Cl)ncc1N,2.8779200000000005,CCc1cccnc1NC(=O)c1ccccc1N,True,2.4785,-0.39942000000000055,0.37037037037037035,False,True
3.0,bin,8,-0.0693100094795227,-0.12460005283355713,-0.014019966125488281,673160,CCC(=O)Nc1ccc2oc(C(F)(F)F)cc(=O)c2c1,3.160300000000001,C=CCC(=O)NC=C1C=c2oc(C(F)(F)F)cc(=O)c2=C1,True,0.8094000000000001,-2.350900000000001,0.3333333333333333,False,True
3.0,bin,8,-0.0693100094795227,-0.12460005283355713,-0.014019966125488281,711169,Cc1cccc(C(C)C)c1NC(=O)N(C)Cc1ccncc1,4.177320000000003,CCCOc1ccc(Cl)cc1NC(=O)N(C)Cc1ccncc1,True,4.187700000000003,0.0103800000000005,0.4126984126984127,False,False
3.0,bin,8,-0.0693100094795227,-0.12460005283355713,-0.014019966125488281,720969,Cc1noc(C)c1CCC(=O)OCC(=O)N1c2ccccc2CC1C,2.7450400000000013,Cc1noc(C)c1CCC(=O)OCC(=O)N1CC(C)c2ccccc21,True,2.9175400000000016,0.17250000000000032,0.6612903225806451,False,True
3.0,bin,8,-0.0693100094795227,-0.12460005283355713,-0.014019966125488281,730789,COC(=O)C1CCN(C(=O)c2cc3ccc(F)cc3nc2C)CC1,2.7075200000000006,CNC(=O)C1CCCCN1C(=O)c1cc2cc(Cl)ccc2nc1C,True,2.9373200000000006,0.2298,0.35714285714285715,False,True
3.0,bin,8,-0.0693100094795227,-0.12460005283355713,-0.014019966125488281,738178,Cc1ccc(-n2ccnc2SCc2nc(C3CC3)no2)cc1C,4.041840000000003,Clc1ccc(-n2ccnc2SCc2nc(C3CC3)no2)cc1,True,4.078400000000002,0.036559999999998816,0.7358490566037735,False,True
3.0,bin,8,-0.0693100094795227,-0.12460005283355713,-0.014019966125488281,771897,COc1ccccc1OCC(=O)N(C)Cc1sccc1C,3.102520000000002,CC(=O)Nc1ccccc1OCC(=O)N(C)Cc1sccc1C,True,3.0523200000000017,-0.050200000000000244,0.7058823529411765,False,True
3.0,bin,8,-0.0693100094795227,-0.12460005283355713,-0.014019966125488281,811446,COC(=O)C1(NC(=O)c2cc(Br)c[nH]2)CCCCCC1,2.7730000000000006,CCCCC(NC(=O)c1cc(Br)c[nH]1)C(=O)OC,True,2.2388000000000003,-0.5342000000000002,0.4444444444444444,False,True
3.0,bin,8,-0.0693100094795227,-0.12460005283355713,-0.014019966125488281,848291,CCC(C)NC(=O)NCc1noc(-c2cccs2)n1,2.3958000000000004,CCOC(=O)N(CC)Cc1noc(-c2cccs2)n1,True,2.7765000000000013,0.3807000000000009,0.4918032786885246,False,True
3.0,bin,8,-0.0693100094795227,-0.12460005283355713,-0.014019966125488281,863440,COc1ccc(-c2nc(CCCO)cs2)cc1OC,2.752200000000001,N#CC=CC(=CC=COC(F)F)c1nc(N)cs1,True,2.9413800000000005,0.18917999999999946,0.125,False,True
3.0,bin,8,-0.0693100094795227,-0.12460005283355713,-0.014019966125488281,864663,N#Cc1ccc(-c2cc(F)ccc2F)nc1N1CCCC1,3.498680000000002,CCOc1cccc(-c2ccc(C#N)c(N3CCCC3)n2)c1,True,3.6191800000000027,0.12050000000000072,0.47368421052631576,False,True
3.0,bin,8,-0.0693100094795227,-0.12460005283355713,-0.014019966125488281,872100,CCc1cccc(C)c1NCC(O)c1ccc2c(c1)OCCO2,3.474120000000002,OC(CNc1ccccc1C(F)(F)F)c1ccc2c(c1)OCCO2,True,3.6221000000000023,0.14798000000000044,0.5357142857142857,False,True
3.0,bin,8,-0.0693100094795227,-0.12460005283355713,-0.014019966125488281,886334,COc1ccc(C(=O)N2CCCC(C(=O)N3CCCCC3)C2)c(O)c1,2.2655000000000003,Nc1cccc(C(=O)N2CCCC(C(=O)N3CCCCC3)C2)c1,True,2.1334999999999997,-0.13200000000000056,0.4909090909090909,False,True
3.0,bin,8,-0.0693100094795227,-0.12460005283355713,-0.014019966125488281,887387,COCCNC(=O)N(Cc1cccc(F)c1)CC1CCCO1,2.1627,COc1ccc(CN(C)C(=O)NCC(C)C)cc1C(=O)NC1CCCO1,True,2.3589,0.19620000000000015,0.35,False,True
3.0,bin,8,-0.0693100094795227,-0.12460005283355713,-0.014019966125488281,889149,N#Cc1ccc(NC(=O)c2ccc(Br)cc2Cl)nc1,3.621480000000001,N#Cc1ccnc(NC(=O)c2cccc(C(F)(F)F)c2F)c1,True,3.363480000000001,-0.258,0.3548387096774194,False,True
3.0,bin,8,-0.0693100094795227,-0.12460005283355713,-0.014019966125488281,913483,O=C(CNC(=O)NCCc1c(Cl)cccc1Cl)NC1CC1,2.1137000000000006,CC(NC(=O)NCCc1cccc(Cl)c1)C(=O)NC1CC1,True,1.8487999999999998,-0.2649000000000008,0.43103448275862066,False,True
3.0,bin,8,-0.0693100094795227,-0.12460005283355713,-0.014019966125488281,917620,C=CCN(Cc1ccccc1OC)C(=O)c1csc(C)n1,3.288520000000002,CCOc1ccc(CN(C)C(=O)c2csc(C)n2)cc1OC,True,3.131020000000002,-0.15749999999999975,0.47619047619047616,False,True
3.0,bin,8,-0.0693100094795227,-0.12460005283355713,-0.014019966125488281,918312,CCOc1ccc(Cl)c(C(=O)N2CCN(c3ncccn3)CC2)n1,1.8860999999999997,Cc1cc(C)c(C(=O)N2CCN(c3ncccn3)CC2)nc1C,True,1.75926,-0.12683999999999962,0.5,False,True
3.0,bin,8,-0.0693100094795227,-0.12460005283355713,-0.014019966125488281,922879,CC(=O)c1ccc(N2CCN(Cc3c(F)cccc3F)CC2)cc1,3.489600000000003,Fc1ccc(N2CCN(Cc3c(F)cc(F)cc3F)CC2)cc1,True,3.5652000000000026,0.07559999999999967,0.5227272727272727,False,True
3.0,bin,8,-0.0693100094795227,-0.12460005283355713,-0.014019966125488281,927535,COc1cc(CN2CCN(c3ccccc3F)CC2)ccc1O,2.862100000000002,COC(=O)c1cccc(N2CCN(Cc3ccc(O)cc3)CC2)c1,True,2.5010000000000003,-0.36110000000000175,0.3770491803278688,False,True
3.0,bin,8,-0.0693100094795227,-0.12460005283355713,-0.014019966125488281,927567,Cc1ccccc1N1CCN(Cc2cccc(O)c2)CC1,3.022820000000001,Oc1cccc(CN2CCN(c3ccccc3Cl)CC2)c1O,True,3.0734000000000026,0.0505800000000014,0.42,False,True
3.0,bin,8,-0.0693100094795227,-0.12460005283355713,-0.014019966125488281,938108,CC(c1ccccc1)N(C)C(=O)CCC(=O)Nc1nccs1,3.0814000000000012,O=C(CCC(=O)N(Cc1ccccc1)C(F)(F)F)Nc1nccs1,True,3.410400000000002,0.3290000000000006,0.5614035087719298,False,True
3.0,bin,8,-0.0693100094795227,-0.12460005283355713,-0.014019966125488281,943303,CN(CCCOc1ccccc1)C(=O)Nc1cccc2c1OCCO2,3.390600000000002,O=C(NCCCOc1ccc(F)cc1)Nc1cccc2c1OCCO2,True,3.187500000000001,-0.20310000000000095,0.5409836065573771,False,True
3.0,bin,8,-0.0693100094795227,-0.12460005283355713,-0.014019966125488281,946289,CC(NC(=O)C1(c2cc(-c3ccco3)on2)CC1)c1ccccc1,3.843600000000002,C=CC(C(=O)N(C)Cc1ccc(F)c(F)c1)c1cc(-c2ccco2)on1,True,4.141000000000004,0.29740000000000144,0.3333333333333333,False,True
3.0,bin,8,-0.0693100094795227,-0.12460005283355713,-0.014019966125488281,994077,Cc1nnc(Cn2c(-c3cccc(Br)c3)noc2=O)o1,2.0055199999999997,Cc1nnc(Cn2c(-c3cccc(Br)c3)noc2=O)o1,True,2.0055199999999997,0.0,1.0,True,False
3.0,bin,8,-0.0693100094795227,-0.12460005283355713,-0.014019966125488281,1065620,O=C(NCc1cccnc1Oc1ccccc1)c1cccnc1,3.198900000000002,N#Cc1ncccc1C(=O)NCc1cccnc1Oc1ccccc1,True,3.0705800000000014,-0.12832000000000043,0.6111111111111112,False,True
3.0,bin,8,-0.0693100094795227,-0.12460005283355713,-0.014019966125488281,1093926,CN(C(=O)CNc1cccc(OCC2CCCO2)c1)c1ccccc1,3.319300000000002,C=C(C=CC=CNCC(=O)NC(C#N)c1ccccc1)OCC1CCCO1,True,2.7362800000000007,-0.5830200000000012,0.3176470588235294,False,True
3.0,bin,8,-0.0693100094795227,-0.12460005283355713,-0.014019966125488281,1107920,CCc1ccc(-n2cc(C(=O)NC(C)c3ccccc3)nn2)cc1,3.320700000000002,CC(C)C(NC(=O)c1cn(-c2ccccc2)nn1)c1ccccc1,True,3.394400000000002,0.07369999999999965,0.6274509803921569,False,True
3.0,bin,8,-0.0693100094795227,-0.12460005283355713,-0.014019966125488281,1113130,CC(NC(=O)Cn1nnnc1C(C)(C)C)c1cccc2ccccc12,3.0012000000000016,CCCCn1nnnc1C(C)NC(=O)CNC1=NC=Cc2ccccc2C1,True,1.8654999999999997,-1.135700000000002,0.3125,False,True
3.0,bin,8,-0.0693100094795227,-0.12460005283355713,-0.014019966125488281,1121751,COC(=O)Cn1ccc(NS(=O)(=O)c2ccc(F)c(F)c2F)n1,1.2742,COC(=O)Cn1ccc(NS(=O)(=O)c2ccc(C)c(F)c2)n1,True,1.3044200000000001,0.030220000000000136,0.6363636363636364,False,True
3.0,bin,8,-0.0693100094795227,-0.12460005283355713,-0.014019966125488281,1142531,CCOC(C)C(=O)NCCc1csc(-c2ccc(C)cc2)n1,3.2022200000000014,CCC(C)C(NC(=O)Cc1csc(-c2ccc(C)cc2)n1)C(N)=O,True,2.67722,-0.5250000000000012,0.4838709677419355,False,True
3.0,bin,8,-0.0693100094795227,-0.12460005283355713,-0.014019966125488281,1212157,CN(Cc1ccc(F)c(F)c1)C(=O)c1cncc(-c2cnn(C)c2)c1,3.0325000000000015,Cc1n[nH]c(C)c1-c1cncc(C(=O)N(C)Cc2ccccc2)c1,True,3.3607400000000025,0.328240000000001,0.42424242424242425,False,True
3.0,bin,8,-0.0693100094795227,-0.12460005283355713,-0.014019966125488281,1215394,CCn1nc(C)cc1C(=O)Oc1cccc(NC(=O)C(C)C)c1,3.025120000000001,CCOc1ccccc1OC(=O)c1cc(CC)nn1CC,True,3.0833000000000013,0.05818000000000012,0.4098360655737705,False,True
3.0,bin,8,-0.0693100094795227,-0.12460005283355713,-0.014019966125488281,1232922,CC(C)(C)OC(=O)NC1CCCN(S(=O)(=O)N2CCOCC2)C1,0.5525000000000011,CCC(C)C(=O)NC1CCCN(S(=O)(=O)N2CCOCC2)C1,True,0.1901000000000017,-0.3623999999999994,0.6037735849056604,False,True
3.0,bin,8,-0.0693100094795227,-0.12460005283355713,-0.014019966125488281,1238973,FC(F)(F)c1cnc(N2CCn3c(nnc3C3CC3)C2)c(Cl)c1,3.2429000000000023,FC(F)(F)c1cc(Cl)cnc1N1CCn2c(nnc2C2CC2)C1,True,3.2429000000000014,-8.881784197001252e-16,0.6981132075471698,False,True
3.0,bin,8,-0.0693100094795227,-0.12460005283355713,-0.014019966125488281,1299495,Cc1cc(CC(=O)N2CCCC2C(C#N)c2ccccc2)no1,2.823900000000001,N#CC(c1ccccc1F)C1CCCN1C(=O)Cc1cc(F)on1,True,2.793680000000001,-0.030219999999999914,0.625,False,True
3.0,bin,8,-0.0693100094795227,-0.12460005283355713,-0.014019966125488281,1309906,CC(C)CC(NC(=O)c1cc(=O)c2ccccc2o1)C(=O)OC(C)C,2.8891000000000018,Cc1cc2oc(C(=O)NCCCOC(C)C)cc(=O)c2cc1C,True,2.954740000000001,0.06563999999999925,0.375,False,True
3.0,bin,8,-0.0693100094795227,-0.12460005283355713,-0.014019966125488281,1362816,COCc1cccc(C(=O)NC2CC2c2cccc(Cl)c2)c1,3.772300000000002,O=C(NC1CC1c1cccc(F)c1)c1ccc(Br)cc1O,True,3.579700000000002,-0.1926000000000001,0.36923076923076925,False,True
3.0,bin,8,-0.0693100094795227,-0.12460005283355713,-0.014019966125488281,1441838,COCC(=O)NC(C(=O)Nc1cccc(-c2nccs2)c1)C(C)C,2.5358,CN(C)C(=O)CCNC(=O)Nc1cccc(-c2nccs2)c1,True,2.4099000000000004,-0.12589999999999968,0.5076923076923077,False,True
3.0,bin,8,-0.0693100094795227,-0.12460005283355713,-0.014019966125488281,1450449,CCCNC(=O)CSc1nc2c(cc1C#N)CCCC2,2.450380000000001,CCCCCc1cnc(SCC(=O)OCC)c(C(=O)O)c1,True,3.1677000000000017,0.7173200000000008,0.2191780821917808,False,True
3.0,bin,8,-0.0693100094795227,-0.12460005283355713,-0.014019966125488281,1451910,O=S(=O)(NCc1nnc2ccccn12)c1ccc(F)c(F)c1,1.4859999999999995,CC(=O)c1ccc(S(=O)(=O)NCc2nnc3ccccn23)cc1,True,1.4104,-0.07559999999999945,0.6346153846153846,False,False
3.0,bin,8,-0.0693100094795227,-0.12460005283355713,-0.014019966125488281,1479798,Cc1nc(C)c(CCC(=O)N(CC(C)C)CC(F)(F)F)c(=O)[nH]1,2.3662400000000003,CCCN(C(=O)CCc1c(C)nc(C)[nH]c1=O)C(C)CC,True,2.35644,-0.009800000000000253,0.5454545454545454,False,True
3.0,bin,8,-0.0693100094795227,-0.12460005283355713,-0.014019966125488281,1507926,COC(=O)C(C)NC(=O)Cc1csc(-c2ccccc2Cl)n1,2.6837,COCCNC(=O)Cc1csc(-c2ccccc2Cl)n1,True,2.7686,0.0849000000000002,0.6481481481481481,False,False
3.0,bin,8,-0.0693100094795227,-0.12460005283355713,-0.014019966125488281,1527882,Nc1ncccc1C(=O)Nc1ccc2cn[nH]c2c1,1.7923999999999998,CNC(=O)N1C=Nc2ccc(NC(=O)c3cccnc3)cc2N1,True,1.9755999999999998,0.18320000000000003,0.28169014084507044,False,True
3.0,bin,8,-0.0693100094795227,-0.12460005283355713,-0.014019966125488281,1532848,COc1ccc(-c2ccc3c(=O)[nH]cnc3c2)cc1Cl,3.2521000000000013,COC=Cc1ncc2cc(CC(C)C)ccc2c1CNS(C)(=O)=O,True,3.0996000000000015,-0.15249999999999986,0.1780821917808219,False,True
3.0,bin,8,-0.0693100094795227,-0.12460005283355713,-0.014019966125488281,1548351,COc1cc(OC)c2c(c1)C(c1cnccn1)NCC2,1.7288999999999999,COc1cc2c(cc1OC)C(c1cnccn1)NCC2,True,1.7288999999999999,0.0,0.6458333333333334,False,False
3.0,bin,8,-0.0693100094795227,-0.12460005283355713,-0.014019966125488281,1570134,COc1cccc(C(C)N2CCN(C(=O)c3ccc(O)cc3)CC2)c1,2.9198000000000013,COc1cc(C(=O)N2CCN(Cc3ccccc3)CC2)cc(OC)c1O,True,2.3674000000000013,-0.5524,0.36065573770491804,False,True
3.0,bin,8,-0.0693100094795227,-0.12460005283355713,-0.014019966125488281,1611406,CC(C)(C)N1CC(NC(=O)C2COc3ccc(F)cc3C2)CC1=O,1.8923999999999994,CCN1CC2NC(=O)C(COc3ccc(C(F)(F)F)cc3)C2CC1=O,True,2.0671999999999997,0.1748000000000003,0.18072289156626506,False,True
3.0,bin,8,-0.0693100094795227,-0.12460005283355713,-0.014019966125488281,1612684,CCCC1CN(C(=O)Nc2ccn(CCC(C)C)n2)CCO1,2.9620000000000015,CCCCCc1cc(NC(=O)N2CCOC(C)(C)C2C)n[nH]1,True,3.1736000000000013,0.2115999999999998,0.25925925925925924,False,True
3.0,bin,8,-0.0693100094795227,-0.12460005283355713,-0.014019966125488281,1639675,CCC(CC)c1nnc(NC(=O)c2scnc2C2CC2)s1,4.0279000000000025,CC(C)CCc1nnc(NC(=O)c2scnc2C2CC2)s1,True,3.712900000000003,-0.3149999999999995,0.6666666666666666,False,True
3.0,bin,8,-0.0693100094795227,-0.12460005283355713,-0.014019966125488281,1675660,COc1ccnc(NC(=O)c2cccc(Cl)c2)c1,2.9959000000000007,Nc1ccccc1C(=O)Nc1ccc(Br)cn1,True,2.6786000000000003,-0.31730000000000036,0.23728813559322035,False,True
3.0,bin,8,-0.0693100094795227,-0.12460005283355713,-0.014019966125488281,1689728,CCc1noc(CSc2ncnc3sc(C)cc23)n1,3.237420000000002,CCc1noc(C)n1,True,0.94042,-2.297000000000002,0.3191489361702128,False,True
3.0,bin,8,-0.0693100094795227,-0.12460005283355713,-0.014019966125488281,1720876,CC(C)(C)CC(=O)NCC(=O)Nc1ccc2c(c1)COC2,2.2077,CCCOC(CC)NC(=O)CNc1ccc2c(c1)COC2,True,2.4076000000000004,0.1999000000000004,0.423728813559322,False,True
3.0,bin,8,-0.0693100094795227,-0.12460005283355713,-0.014019966125488281,1757109,CC(C)Cc1ncc(CNc2ccc3c(c2)COC3)s1,3.983900000000003,FC(F)(F)Cc1ncc(CNc2ccc3c(c2)COC3)s1,True,3.890200000000002,-0.093700000000001,0.68,False,True
3.0,bin,8,-0.0693100094795227,-0.12460005283355713,-0.014019966125488281,1774061,O=C1NCCCc2[nH]c(-c3cccc4[nH]ccc34)nc21,2.234,N#CCNC(=O)C1N=C(CCCN)C2=C3C=CCNC=CC2C3=N1,True,0.18628000000000072,-2.047719999999999,0.08695652173913043,False,True
3.0,bin,8,-0.0693100094795227,-0.12460005283355713,-0.014019966125488281,1800687,Cc1nn(C)c(-c2nc(-c3cccnn3)no2)c1Cl,1.8889199999999997,FC(F)(F)c1cc(-c2nc(-c3cccnn3)no2)[nH]n1,True,1.9355,0.04658000000000029,0.41379310344827586,False,True
3.0,bin,8,-0.0693100094795227,-0.12460005283355713,-0.014019966125488281,1815867,FC(F)(F)c1ccc(CN2CCOCC2c2ncon2)cc1,2.661900000000001,FC(F)(F)c1ccccc1CN1CCOCC1c1ncon1,True,2.6619,-8.881784197001252e-16,0.6666666666666666,False,True
3.0,bin,8,-0.0693100094795227,-0.12460005283355713,-0.014019966125488281,1828580,Cc1ccc(N2CC3OCC(=O)N(Cc4cccc(F)c4)C3C2)nn1,1.54032,CCc1ccc(NC2CCN(Cc3ccccc3O)C(=O)COC2)nn1,True,1.9741999999999997,0.4338799999999998,0.2,False,True
3.0,bin,8,-0.0693100094795227,-0.12460005283355713,-0.014019966125488281,1836183,CCc1ccc(C(=O)NCc2nccc(N(C)C)n2)cc1,2.035,COc1cc(C)nc(CNC(=O)c2ccc(OC)c(N(C)C)c2)n1,True,1.79822,-0.2367800000000002,0.36507936507936506,False,True
3.0,bin,8,-0.0693100094795227,-0.12460005283355713,-0.014019966125488281,1842499,COc1ccccc1COc1ccccc1-c1cnn(CCO)c1,3.1300000000000017,NC(=O)n1cc(-c2ccccc2OCc2c(F)cccc2F)cn1,True,3.334100000000002,0.2041000000000004,0.4098360655737705,False,True
3.0,bin,8,-0.0693100094795227,-0.12460005283355713,-0.014019966125488281,1865564,COC(CNC(=O)c1ccoc1)c1cccc(F)c1,2.536200000000001,COc1ccc(C(CNC(=O)c2ccoc2)OC)cc1,True,2.4057000000000004,-0.1305000000000005,0.6470588235294118,False,True
3.0,bin,8,-0.0693100094795227,-0.12460005283355713,-0.014019966125488281,1868773,CCCOc1ccc(Cl)c2c1CCNC2C1CC(=O)C1,3.2947000000000015,O=C1CNC(CC(F)(F)F)c2cc(CC(F)(F)F)ccc21,True,3.570800000000002,0.27610000000000046,0.15714285714285714,False,True
3.0,bin,8,-0.0693100094795227,-0.12460005283355713,-0.014019966125488281,1873123,CCC1OC(=O)c2c(OC)ccc(Br)c21,3.079200000000002,CCOC(=O)Cc1ccc(C)c(Br)c1O,True,2.5687200000000012,-0.5104800000000007,0.18518518518518517,False,True
3.0,bin,8,-0.0693100094795227,-0.12460005283355713,-0.014019966125488281,1875028,Cc1cccc(C)c1NCC(=O)N1CCCC2CCCCC21,3.8965400000000034,CCOc1cc(F)ccc1NCC(=O)NCCC1CCCCC1,True,3.7229000000000028,-0.17364000000000068,0.24285714285714285,False,True
3.0,bin,8,-0.0693100094795227,-0.12460005283355713,-0.014019966125488281,1895921,CCC(CC)N(C)C(=O)CC1OC(=O)c2ccccc21,2.935200000000002,CCCCCN(C)C(=O)CC1OC(=O)c2ccccc21,True,2.9368000000000016,0.0015999999999998238,0.625,False,True
3.0,bin,8,-0.0693100094795227,-0.12460005283355713,-0.014019966125488281,1907077,Cc1ccc2[nH]nc(C(=O)Nc3nc(-c4ccco4)cs3)c2c1,3.8401200000000015,COc1ccc(C)cc1-c1csc(NC(=O)c2n[nH]c3ccccc23)n1,True,4.255720000000002,0.4156000000000004,0.5909090909090909,False,True
3.0,bin,8,-0.0693100094795227,-0.12460005283355713,-0.014019966125488281,1913063,Cc1nn(C)c(C)c1CN(C(=O)c1cn2cccc(C)c2n1)C1CC1,2.797860000000001,Cn1cc(C(C#N)NCC(c2cn3ccccc3n2)C2CC2)c(Cl)n1,True,3.069280000000002,0.2714200000000009,0.21348314606741572,False,True
3.0,bin,8,-0.0693100094795227,-0.12460005283355713,-0.014019966125488281,1922265,CN(CCNC(=O)c1ccc2c(c1)ncn2C)c1ccccc1,2.4395000000000007,COc1ccc(NCCNC(=O)c2ccc3c(c2)ncn3C)cc1,True,2.4238,-0.015700000000000713,0.559322033898305,False,True
3.0,bin,9,-0.007009983062744141,-0.014019966125488281,0.0,32052,COc1ccccc1CNC(=O)Cc1c[nH]c2ccccc12,3.035400000000001,O=C(Cc1c[nH]c2ccccc12)NCc1ccccc1,True,3.0268000000000015,-0.008599999999999497,0.6590909090909091,False,False
3.0,bin,9,-0.007009983062744141,-0.014019966125488281,0.0,116747,COCCSc1ccccc1C(=O)Nc1cccc(C)n1,3.3808200000000017,CCOc1ccc(C(=O)Nc2cccc(C)n2)c(OCC)c1,True,3.439720000000002,0.058900000000000396,0.48214285714285715,False,True
3.0,bin,9,-0.007009983062744141,-0.014019966125488281,0.0,131060,CS(=O)(=O)NCCc1csc(-c2ccc(F)cc2)n1,2.0408999999999997,COC(=O)CNC(=O)Cc1csc(-c2cccc(F)c2)n1,True,1.7809,-0.2599999999999998,0.36065573770491804,False,True
3.0,bin,9,-0.007009983062744141,-0.014019966125488281,0.0,131949,CCc1c(C)nc(SCC(=O)NC(C)C)[nH]c1=O,1.25742,CCCNC(=O)CCSc1nc(C)c(CC)c(=O)[nH]1,True,1.64912,0.39169999999999994,0.5686274509803921,False,True
3.0,bin,9,-0.007009983062744141,-0.014019966125488281,0.0,158879,COc1ccc(CC(=O)OCC(=O)c2c[nH]c3ccccc23)cc1,3.145100000000001,O=C(Cc1ccccc1)OCC(=O)c1c[nH]c2ccccc12,True,3.1365000000000016,-0.008599999999999497,0.7777777777777778,False,True
3.0,bin,9,-0.007009983062744141,-0.014019966125488281,0.0,232056,COCCNC(=O)c1cc(=O)c2cc(C)ccc2o1,1.4776199999999993,C=CCNC(=O)c1cc(=O)c2ccccc2o1,True,1.7088,0.23118000000000083,0.4528301886792453,False,True
3.0,bin,9,-0.007009983062744141,-0.014019966125488281,0.0,235788,O=C(Cn1nc(-c2ccco2)oc1=O)NCC(F)(F)F,0.7747999999999999,CC(C)NC(=O)CCn1nc(-c2ccco2)oc1=O,True,1.011,0.23619999999999997,0.543859649122807,False,True
3.0,bin,9,-0.007009983062744141,-0.014019966125488281,0.0,236081,CC(=O)c1c(C)[nH]c(C(=O)CSc2nc(C(C)C)n[nH]2)c1C,3.0506400000000014,CC(=O)c1c(C)[nH]c(C(=O)CSc2nc(C(C)(C)C)n[nH]2)c1C,True,3.2247400000000015,0.17410000000000014,0.6862745098039216,False,True
3.0,bin,9,-0.007009983062744141,-0.014019966125488281,0.0,281081,O=C(Cn1cccn1)NCc1cccnc1Oc1ccc(F)cc1F,2.665000000000001,O=C(Cn1cccn1)NCc1cccnc1Oc1ccc(F)c(F)c1,True,2.665000000000001,0.0,0.7166666666666667,False,False
3.0,bin,9,-0.007009983062744141,-0.014019966125488281,0.0,284170,COc1ccc(-c2nc(CC(=O)Nc3cccc(C)n3)cs2)cc1,3.7033200000000024,Cc1ccnc(NC(=O)Cc2csc(-c3ccccc3)n2)c1,True,3.694720000000002,-0.008600000000000385,0.5333333333333333,False,True
3.0,bin,9,-0.007009983062744141,-0.014019966125488281,0.0,288369,Cc1ccc(NCc2nnc3n2CCCCC3)cc1C,3.2334400000000016,Cc1cccc(C)c1NCc1nnc2n1CCCCC2,True,3.2334400000000016,0.0,0.6595744680851063,False,False
3.0,bin,9,-0.007009983062744141,-0.014019966125488281,0.0,302889,COc1ccc(OC)c(NC(=O)CCNC(=O)c2cccs2)c1,2.5239000000000003,COc1cccc(NC(=O)CCNC(=O)c2cccs2)c1,True,2.5153000000000008,-0.008599999999999497,0.6981132075471698,False,False
3.0,bin,9,-0.007009983062744141,-0.014019966125488281,0.0,327141,COc1ccc(OC)c(S(=O)(=O)Nc2ccn(C)n2)c1,1.2381,COc1cccc(S(=O)(=O)Nc2cc[nH]n2)c1,True,1.2190999999999999,-0.019000000000000128,0.36363636363636365,False,True
3.0,bin,9,-0.007009983062744141,-0.014019966125488281,0.0,327382,CNC(=O)C1CN(C(=O)c2c(C)noc2C)c2ccccc2O1,1.4452399999999996,CNC(=O)C1CN(C(=O)c2cnoc2C)c2ccccc2O1,True,1.1368199999999993,-0.30842000000000036,0.6727272727272727,False,True
3.0,bin,9,-0.007009983062744141,-0.014019966125488281,0.0,406491,COCCNC(=O)C1CCCN(S(=O)(=O)N2CCOCC2)C1,-0.9619999999999964,O=S(=O)(N1CCOCC1)N1CCCC(CO)C1,True,-0.7322999999999993,0.22969999999999713,0.49019607843137253,False,True
3.0,bin,9,-0.007009983062744141,-0.014019966125488281,0.0,413951,O=C(Cn1ncn2cccc2c1=O)N1CCCCCC1,0.8985999999999996,O=C(Cn1ncn2cccc2c1=O)N1CCCCCC1,True,0.8985999999999996,0.0,1.0,True,False
3.0,bin,9,-0.007009983062744141,-0.014019966125488281,0.0,427929,CCNc1nc(NCc2ccccc2Cl)c2cnn(C)c2n1,3.060600000000001,CC1=CC=CC=C(Cl)C2C(=NC(NCCO)=CC=NN2C)N1,True,1.2938999999999998,-1.766700000000001,0.13924050632911392,False,True
3.0,bin,9,-0.007009983062744141,-0.014019966125488281,0.0,447130,CCC(NC(=O)C1CCN(C(=O)C2CC2)CC1)c1ccc(C)cc1,3.2109200000000016,CC(=O)N1CCC2C(=O)N(C)C3=CC=C(C)C=C(CC3C)CC2C1,True,3.129500000000002,-0.0814199999999996,0.18666666666666668,False,True
3.0,bin,9,-0.007009983062744141,-0.014019966125488281,0.0,481908,CCNS(=O)(=O)c1ccc(C)c(C(=O)Nc2ncccc2C)c1,2.24894,Cc1ccccc1C(=O)Nc1ncccc1C#N,True,2.5140000000000002,0.2650600000000001,0.4727272727272727,False,True
3.0,bin,9,-0.007009983062744141,-0.014019966125488281,0.0,485220,Cc1nn(CC(=O)N2CCN(C)CC2)c(C)c1Br,1.03644,Cc1n[nH]c(C(=O)N2CCN(C)CC2C)c1Br,True,1.25672,0.22028000000000003,0.3090909090909091,False,False
3.0,bin,9,-0.007009983062744141,-0.014019966125488281,0.0,526363,Cc1nnc(SCC(=O)Nc2ccc(O)cc2)n(N)c1=O,0.09692,COC(=O)c1n[nH]c(SCC(=O)Nc2ccccc2)nc1=O,True,0.6822999999999999,0.5853799999999999,0.3230769230769231,False,True
3.0,bin,9,-0.007009983062744141,-0.014019966125488281,0.0,536853,COc1ccc(C2CCCN2C(=O)C2CCC2)c(OC)c1,3.1674000000000015,COc1ccccc1C1CCCN1C(=O)C1CCC1,True,3.158800000000002,-0.008599999999999497,0.717391304347826,False,True
3.0,bin,9,-0.007009983062744141,-0.014019966125488281,0.0,540312,Cc1nn(C)c2nc(C3CC3)cc(C(=O)NCC(=O)NC(C)(C)C)c12,1.7986199999999997,CCn1nc(C)c2c(C(=O)NCCNC(C)=O)cc(C3CC3)nc21,True,1.5029199999999996,-0.2957000000000001,0.53125,False,True
3.0,bin,9,-0.007009983062744141,-0.014019966125488281,0.0,544381,Cc1nc(N2CCCC(C(=O)NC(C)C)C2)c2c(C)c(C)oc2n1,2.8890600000000006,C=CCNC(=O)CCCC=Nc1ncnc2oc(C)c(C)c12,True,3.0144400000000013,0.1253800000000007,0.225,False,True
3.0,bin,9,-0.007009983062744141,-0.014019966125488281,0.0,544382,CCCNC(=O)C1CCCN(c2nc(C)nc3oc(C)c(C)c23)C1,2.8906600000000013,C=CCNC(=O)C1CCCN(c2nc(C)nc3oc(C)c(C)c23)C1,True,2.666660000000001,-0.2240000000000002,0.7627118644067796,False,True
3.0,bin,9,-0.007009983062744141,-0.014019966125488281,0.0,550049,Cc1ccc(C)c(OCC(=O)Nc2cccc(-n3cnnc3)c2)c1,2.9016400000000013,CC1=CC=C2OC(C)C(=O)Nc3cccc(C#N)c3CCN=CNC12,True,2.2882800000000003,-0.613360000000001,0.11235955056179775,False,True
3.0,bin,9,-0.007009983062744141,-0.014019966125488281,0.0,573533,Cc1nn(-c2ncc(C(F)(F)F)cc2Cl)c(=O)o1,2.2011199999999995,C=CC(=CN=CNN=CC(F)(F)F)C(F)(F)F,True,2.7846,0.5834800000000007,0.06349206349206349,False,True
3.0,bin,9,-0.007009983062744141,-0.014019966125488281,0.0,582555,O=C(NCC(O)c1ccccc1)c1ccc2c(=O)n3c(nc2c1)CCC3,1.8061000000000003,O=C(NCC(O)c1ccccc1)c1ccc2c(=O)n3c(nc2c1)CCC3,True,1.8061000000000003,0.0,1.0,True,False
3.0,bin,9,-0.007009983062744141,-0.014019966125488281,0.0,588547,Cc1n[nH]c(C)c1NC(=O)CCc1ccc(Cl)cc1Cl,3.9046400000000023,Cc1n[nH]c(C)c1NC(=O)CC(C)(C)c1ccc(Cl)cc1,True,3.986340000000003,0.08170000000000055,0.5471698113207547,False,True
3.0,bin,9,-0.007009983062744141,-0.014019966125488281,0.0,607673,CCCN(CC1CC1)S(=O)(=O)c1ccccc1F,2.636400000000001,CC(C1CC1)N(C)S(=O)(=O)c1cc(F)c(F)cc1F,True,2.522900000000001,-0.11350000000000016,0.28846153846153844,False,True
3.0,bin,9,-0.007009983062744141,-0.014019966125488281,0.0,617681,Cc1cc(C(=O)Nc2nc(-c3ccncc3)cs2)nn1C(C)C,3.5432200000000016,CC(C)(C)n1ccc(C(=O)Nc2nc(-c3ccncc3)cs2)n1,True,3.408900000000002,-0.13431999999999977,0.5789473684210527,False,True
3.0,bin,9,-0.007009983062744141,-0.014019966125488281,0.0,650267,COc1ccc2oc(C(=O)NC3CCCCNC3=O)c(C)c2c1,2.14832,Cc1c(C(=O)NC2CCCCNC2=O)oc2ccccc12,True,2.1397199999999996,-0.008600000000000385,0.7142857142857143,False,True
3.0,bin,9,-0.007009983062744141,-0.014019966125488281,0.0,668639,Cc1cc(NC(=O)c2ccccc2Cl)ncc1N,2.8779200000000005,CC(C)c1ccccc1C(=O)Nc1cc(N)ccn1,True,3.0395000000000003,0.16157999999999983,0.4423076923076923,False,True
3.0,bin,9,-0.007009983062744141,-0.014019966125488281,0.0,673160,CCC(=O)Nc1ccc2oc(C(F)(F)F)cc(=O)c2c1,3.160300000000001,CCC(=O)Nc1ccc2oc(C(F)(F)F)cc(=O)c2c1,True,3.160300000000001,0.0,1.0,True,False
3.0,bin,9,-0.007009983062744141,-0.014019966125488281,0.0,711169,Cc1cccc(C(C)C)c1NC(=O)N(C)Cc1ccncc1,4.177320000000003,CN(Cc1ccncc1)C(=O)Nc1c(Cl)cccc1Cl,True,4.0523000000000025,-0.12502000000000013,0.625,False,True
3.0,bin,9,-0.007009983062744141,-0.014019966125488281,0.0,720969,Cc1noc(C)c1CCC(=O)OCC(=O)N1c2ccccc2CC1C,2.7450400000000013,Cc1noc(C)c1CCC(=O)OCC(=O)N1c2ccccc2CC1C,True,2.7450400000000013,0.0,1.0,True,False
3.0,bin,9,-0.007009983062744141,-0.014019966125488281,0.0,730789,COC(=O)C1CCN(C(=O)c2cc3ccc(F)cc3nc2C)CC1,2.7075200000000006,COC(=O)C1CCN(C(=O)c2cc3ccccc3nc2C)CC1,True,2.5684200000000006,-0.1391,0.7450980392156863,False,True
3.0,bin,9,-0.007009983062744141,-0.014019966125488281,0.0,738178,Cc1ccc(-n2ccnc2SCc2nc(C3CC3)no2)cc1C,4.041840000000003,Cc1cccc(-n2ccnc2SCc2nc(C3CC3)no2)c1C,True,4.041840000000003,0.0,0.6842105263157895,False,True
3.0,bin,9,-0.007009983062744141,-0.014019966125488281,0.0,771897,COc1ccccc1OCC(=O)N(C)Cc1sccc1C,3.102520000000002,Cc1ccsc1CN(C)C(=O)COc1ccccc1,True,3.0939200000000016,-0.008600000000000385,0.717391304347826,False,True
3.0,bin,9,-0.007009983062744141,-0.014019966125488281,0.0,811446,COC(=O)C1(NC(=O)c2cc(Br)c[nH]2)CCCCCC1,2.7730000000000006,COC(=O)C1(NC(=O)c2ccc[nH]2)CCCCC(Br)C1,True,2.3838999999999997,-0.3891000000000009,0.48214285714285715,False,True
3.0,bin,9,-0.007009983062744141,-0.014019966125488281,0.0,848291,CCC(C)NC(=O)NCc1noc(-c2cccs2)n1,2.3958000000000004,CCCNC(=O)NC(C)c1noc(-c2cccs2)n1,True,2.5683000000000007,0.17250000000000032,0.5862068965517241,False,True
3.0,bin,9,-0.007009983062744141,-0.014019966125488281,0.0,863440,COc1ccc(-c2nc(CCCO)cs2)cc1OC,2.752200000000001,OCCCc1csc(-c2ccc(F)c(F)c2)n1,True,3.013200000000001,0.2610000000000001,0.6222222222222222,False,True
3.0,bin,9,-0.007009983062744141,-0.014019966125488281,0.0,864663,N#Cc1ccc(-c2cc(F)ccc2F)nc1N1CCCC1,3.498680000000002,Oc1ccc(-c2ccc(F)c(F)c2)nc1N1CCCC1,True,3.332600000000002,-0.16608,0.4230769230769231,False,True
3.0,bin,9,-0.007009983062744141,-0.014019966125488281,0.0,872100,CCc1cccc(C)c1NCC(O)c1ccc2c(c1)OCCO2,3.474120000000002,CCc1cccc(C)c1NCC(O)c1ccc2c(c1)OCCO2,True,3.474120000000002,0.0,1.0,True,False
3.0,bin,9,-0.007009983062744141,-0.014019966125488281,0.0,886334,COc1ccc(C(=O)N2CCCC(C(=O)N3CCCCC3)C2)c(O)c1,2.2655000000000003,O=C(c1ccccc1)N1CCCC(C(=O)N2CCCCC2)C1,True,2.5513000000000012,0.28580000000000094,0.52,False,False
3.0,bin,9,-0.007009983062744141,-0.014019966125488281,0.0,887387,COCCNC(=O)N(Cc1cccc(F)c1)CC1CCCO1,2.1627,CCS(=O)(=O)N(Cc1cccc(OC)c1)CC1CCCO1,True,2.0259,-0.13680000000000003,0.4411764705882353,False,True
3.0,bin,9,-0.007009983062744141,-0.014019966125488281,0.0,889149,N#Cc1ccc(NC(=O)c2ccc(Br)cc2Cl)nc1,3.621480000000001,O=C(Nc1ccc(C(F)(F)F)cn1)c1ccc(F)c(F)c1,True,3.6309000000000005,0.00941999999999954,0.3,False,True
3.0,bin,9,-0.007009983062744141,-0.014019966125488281,0.0,913483,O=C(CNC(=O)NCCc1c(Cl)cccc1Cl)NC1CC1,2.1137000000000006,CC(C)(C)c1ccc(CCNC(=O)NCC(=O)NC2CC2)cc1,True,2.1043999999999996,-0.009300000000000974,0.56,False,True
3.0,bin,9,-0.007009983062744141,-0.014019966125488281,0.0,917620,C=CCN(Cc1ccccc1OC)C(=O)c1csc(C)n1,3.288520000000002,C=CCN(Cc1ccccc1)C(=O)c1csc(C)n1,True,3.2799200000000024,-0.008599999999999497,0.6862745098039216,False,True
3.0,bin,9,-0.007009983062744141,-0.014019966125488281,0.0,918312,CCOc1ccc(Cl)c(C(=O)N2CCN(c3ncccn3)CC2)n1,1.8860999999999997,O=C(c1cccc(Cl)n1)N1CCN(c2ncccn2)CC1,True,1.4873999999999998,-0.39869999999999983,0.5094339622641509,False,True
3.0,bin,9,-0.007009983062744141,-0.014019966125488281,0.0,922879,CC(=O)c1ccc(N2CCN(Cc3c(F)cccc3F)CC2)cc1,3.489600000000003,Fc1ccccc1N1CCN(Cc2cccc(F)c2F)CC1,True,3.4261000000000026,-0.06350000000000033,0.38,False,True
3.0,bin,9,-0.007009983062744141,-0.014019966125488281,0.0,927535,COc1cc(CN2CCN(c3ccccc3F)CC2)ccc1O,2.862100000000002,Nc1ccc(CN2CCN(c3ccccc3F)CC2)cc1,True,2.730100000000001,-0.132000000000001,0.5957446808510638,False,True
3.0,bin,9,-0.007009983062744141,-0.014019966125488281,0.0,927567,Cc1ccccc1N1CCN(Cc2cccc(O)c2)CC1,3.022820000000001,Cc1ccccc1N1CCN(Cc2ccccc2O)CC1,True,3.022820000000002,8.881784197001252e-16,0.6046511627906976,False,True
3.0,bin,9,-0.007009983062744141,-0.014019966125488281,0.0,938108,CC(c1ccccc1)N(C)C(=O)CCC(=O)Nc1nccs1,3.0814000000000012,CC(c1ccccc1)N(C)C(=O)CCC(=O)Nc1nccs1,True,3.0814000000000012,0.0,1.0,True,False
3.0,bin,9,-0.007009983062744141,-0.014019966125488281,0.0,943303,CN(CCCOc1ccccc1)C(=O)Nc1cccc2c1OCCO2,3.390600000000002,O=C(NCCCOc1ccccc1)Nc1cccc2c1OCCO2,True,3.048400000000001,-0.34220000000000095,0.6545454545454545,False,True
3.0,bin,9,-0.007009983062744141,-0.014019966125488281,0.0,946289,CC(NC(=O)C1(c2cc(-c3ccco3)on2)CC1)c1ccccc1,3.843600000000002,CC(NC(=O)C1(c2cc(-c3ccco3)on2)CC1)c1ccccc1,True,3.843600000000002,0.0,1.0,True,False
3.0,bin,9,-0.007009983062744141,-0.014019966125488281,0.0,994077,Cc1nnc(Cn2c(-c3cccc(Br)c3)noc2=O)o1,2.0055199999999997,CC(c1nnc(-c2ccc(OC(F)F)cc2)o1)n1cnoc1=O,True,2.0969999999999995,0.09147999999999978,0.2054794520547945,False,True
3.0,bin,9,-0.007009983062744141,-0.014019966125488281,0.0,1065620,O=C(NCc1cccnc1Oc1ccccc1)c1cccnc1,3.198900000000002,O=C(NCc1cccnc1Oc1ccccc1)c1cccnc1,True,3.198900000000002,0.0,1.0,True,False
3.0,bin,9,-0.007009983062744141,-0.014019966125488281,0.0,1093926,CN(C(=O)CNc1cccc(OCC2CCCO2)c1)c1ccccc1,3.319300000000002,O=C(CNc1cccc(OCC2CCCO2)c1)Nc1ccccc1,True,3.2950000000000017,-0.02430000000000021,0.7068965517241379,False,False
3.0,bin,9,-0.007009983062744141,-0.014019966125488281,0.0,1107920,CCc1ccc(-n2cc(C(=O)NC(C)c3ccccc3)nn2)cc1,3.320700000000002,CC(c1ccc(Cl)cc1)N(C)C(=O)c1cn(-c2ccccc2)nn1,True,3.7539000000000025,0.43320000000000025,0.4262295081967213,False,True
3.0,bin,9,-0.007009983062744141,-0.014019966125488281,0.0,1113130,CC(NC(=O)Cn1nnnc1C(C)(C)C)c1cccc2ccccc12,3.0012000000000016,CC1=CC=Cc2ccccc2CCC(C)c2nnnn2CC(=O)N1,True,2.456199999999999,-0.5450000000000026,0.17073170731707318,False,True
3.0,bin,9,-0.007009983062744141,-0.014019966125488281,0.0,1121751,COC(=O)Cn1ccc(NS(=O)(=O)c2ccc(F)c(F)c2F)n1,1.2742,COC(=O)Cn1ccc(NS(=O)(=O)c2cc(C)ccc2F)n1,True,1.3044200000000001,0.030220000000000136,0.7307692307692307,False,True
3.0,bin,9,-0.007009983062744141,-0.014019966125488281,0.0,1142531,CCOC(C)C(=O)NCCc1csc(-c2ccc(C)cc2)n1,3.2022200000000014,CC(C)OCC(=O)NCCc1csc(-c2ccccc2)n1,True,2.8938000000000015,-0.3084199999999999,0.5517241379310345,False,True
3.0,bin,9,-0.007009983062744141,-0.014019966125488281,0.0,1212157,CN(Cc1ccc(F)c(F)c1)C(=O)c1cncc(-c2cnn(C)c2)c1,3.0325000000000015,C=Cc1[nH]cc(C(=O)NCC=C2C=CC(CC=NNC)C=N2)c1C=C,True,2.7665000000000015,-0.266,0.10526315789473684,False,True
3.0,bin,9,-0.007009983062744141,-0.014019966125488281,0.0,1215394,CCn1nc(C)cc1C(=O)Oc1cccc(NC(=O)C(C)C)c1,3.025120000000001,CCn1nc(C)cc1C(=O)Oc1ccc(SC)cc1,True,3.1525200000000018,0.12740000000000062,0.5357142857142857,False,True
3.0,bin,9,-0.007009983062744141,-0.014019966125488281,0.0,1232922,CC(C)(C)OC(=O)NC1CCCN(S(=O)(=O)N2CCOCC2)C1,0.5525000000000011,CC(C)(C)OC(=O)NC1CCCN(S(=O)(=O)NCCO)CC1,True,0.19230000000000153,-0.3601999999999996,0.5178571428571429,False,True
3.0,bin,9,-0.007009983062744141,-0.014019966125488281,0.0,1238973,FC(F)(F)c1cnc(N2CCn3c(nnc3C3CC3)C2)c(Cl)c1,3.2429000000000023,CC(C)(C)C1=CC=CCN2CCC3CC3c3nnc(n3CC2)N1,True,2.9990000000000006,-0.24390000000000178,0.1794871794871795,False,True
3.0,bin,9,-0.007009983062744141,-0.014019966125488281,0.0,1299495,Cc1cc(CC(=O)N2CCCC2C(C#N)c2ccccc2)no1,2.823900000000001,Cc1cc(CC(=O)N2CCCC2Cc2cccc(O)c2)no1,True,2.4648200000000005,-0.3590800000000005,0.5151515151515151,False,True
3.0,bin,9,-0.007009983062744141,-0.014019966125488281,0.0,1309906,CC(C)CC(NC(=O)c1cc(=O)c2ccccc2o1)C(=O)OC(C)C,2.8891000000000018,COC(=O)C(C)(CC(C)C)NC(=O)c1cc(=O)c2ccccc2o1,True,2.5006000000000004,-0.3885000000000014,0.5254237288135594,False,True
3.0,bin,9,-0.007009983062744141,-0.014019966125488281,0.0,1362816,COCc1cccc(C(=O)NC2CC2c2cccc(Cl)c2)c1,3.772300000000002,O=C(NC1CC1c1cccc(Cl)c1)c1ccc(O)c(Cl)c1,True,3.9849000000000023,0.21260000000000012,0.6111111111111112,False,True
3.0,bin,9,-0.007009983062744141,-0.014019966125488281,0.0,1441838,COCC(=O)NC(C(=O)Nc1cccc(-c2nccs2)c1)C(C)C,2.5358,COCCNC(=O)Nc1cccc(-c2nccs2)c1,True,2.5780000000000003,0.04220000000000024,0.6,False,True
3.0,bin,9,-0.007009983062744141,-0.014019966125488281,0.0,1450449,CCCNC(=O)CSc1nc2c(cc1C#N)CCCC2,2.450380000000001,CC(C)NC(=O)CSc1nc2c(cc1C#N)CCCC2,True,2.44878,-0.001600000000000712,0.7307692307692307,False,False
3.0,bin,9,-0.007009983062744141,-0.014019966125488281,0.0,1451910,O=S(=O)(NCc1nnc2ccccn12)c1ccc(F)c(F)c1,1.4859999999999995,CN(Cc1nnc2ccccn12)S(=O)(=O)c1ccc(C#N)cc1,True,1.42168,-0.06431999999999949,0.4098360655737705,False,True
3.0,bin,9,-0.007009983062744141,-0.014019966125488281,0.0,1479798,Cc1nc(C)c(CCC(=O)N(CC(C)C)CC(F)(F)F)c(=O)[nH]1,2.3662400000000003,CC=NC(C)=C(C=O)CCC(=O)N(CCC(C)C)C(C)CC,True,4.003400000000004,1.6371600000000033,0.18309859154929578,False,True
3.0,bin,9,-0.007009983062744141,-0.014019966125488281,0.0,1507926,COC(=O)C(C)NC(=O)Cc1csc(-c2ccccc2Cl)n1,2.6837,COC(=O)Cc1csc(-c2c(F)cccc2F)n1,True,2.8038000000000007,0.12010000000000076,0.41379310344827586,False,True
3.0,bin,9,-0.007009983062744141,-0.014019966125488281,0.0,1527882,Nc1ncccc1C(=O)Nc1ccc2cn[nH]c2c1,1.7923999999999998,N#Cc1ccc(C(=O)Nc2ccc3cn[nH]c3c2)cn1,True,2.0818799999999995,0.28947999999999974,0.5178571428571429,False,True
3.0,bin,9,-0.007009983062744141,-0.014019966125488281,0.0,1532848,COc1ccc(-c2ccc3c(=O)[nH]cnc3c2)cc1Cl,3.2521000000000013,O=c1[nH]cnc2cc(-c3ccc(Br)cc3O)ccc12,True,3.058200000000001,-0.19390000000000018,0.47058823529411764,False,True
3.0,bin,9,-0.007009983062744141,-0.014019966125488281,0.0,1548351,COc1cc(OC)c2c(c1)C(c1cnccn1)NCC2,1.7288999999999999,COc1ccc2c(c1)C(c1cnccn1)NCC2,True,1.7202999999999995,-0.008600000000000385,0.6530612244897959,False,True
3.0,bin,9,-0.007009983062744141,-0.014019966125488281,0.0,1570134,COc1cccc(C(C)N2CCN(C(=O)c3ccc(O)cc3)CC2)c1,2.9198000000000013,CC(c1ccccc1)N1CCN(C(=O)c2ccc(O)c(C#N)c2)CC1,True,2.7828800000000014,-0.13691999999999993,0.5,False,True
3.0,bin,9,-0.007009983062744141,-0.014019966125488281,0.0,1611406,CC(C)(C)N1CC(NC(=O)C2COc3ccc(F)cc3C2)CC1=O,1.8923999999999994,CC(C)(C)N1CC(NC(=O)C2COc3ccc(F)cc3C2)CC1=O,True,1.8923999999999994,0.0,1.0,True,False
3.0,bin,9,-0.007009983062744141,-0.014019966125488281,0.0,1612684,CCCC1CN(C(=O)Nc2ccn(CCC(C)C)n2)CCO1,2.9620000000000015,CCCC1OCCCCN1C(=O)N1CC=C(C(C)C)N(CC)N1,True,2.942000000000001,-0.020000000000000462,0.25,False,True
3.0,bin,9,-0.007009983062744141,-0.014019966125488281,0.0,1639675,CCC(CC)c1nnc(NC(=O)c2scnc2C2CC2)s1,4.0279000000000025,CC(C)=CC1=NN=C(NC(=O)c2scnc2C2CC2)SC1,True,3.175300000000002,-0.8526000000000007,0.4745762711864407,False,True
3.0,bin,9,-0.007009983062744141,-0.014019966125488281,0.0,1675660,COc1ccnc(NC(=O)c2cccc(Cl)c2)c1,2.9959000000000007,O=C(Nc1ccccn1)c1cccc(C(F)(F)F)c1,True,3.3527000000000013,0.35680000000000067,0.41509433962264153,False,False
3.0,bin,9,-0.007009983062744141,-0.014019966125488281,0.0,1689728,CCc1noc(CSc2ncnc3sc(C)cc23)n1,3.237420000000002,Cc1noc(C(C)Sc2ncnc3sccc23)n1,True,3.2360200000000017,-0.00140000000000029,0.2923076923076923,False,True
3.0,bin,9,-0.007009983062744141,-0.014019966125488281,0.0,1720876,CC(C)(C)CC(=O)NCC(=O)Nc1ccc2c(c1)COC2,2.2077,CCC(C)NC(=O)CCNC(=O)Nc1ccc2c(c1)COC2,True,2.1430999999999996,-0.06460000000000043,0.48214285714285715,False,False
3.0,bin,9,-0.007009983062744141,-0.014019966125488281,0.0,1757109,CC(C)Cc1ncc(CNc2ccc3c(c2)COC3)s1,3.983900000000003,CC(C)(C)C=NC=C(S)CNc1ccc2c(c1)COC2,True,4.016800000000003,0.03289999999999971,0.3548387096774194,False,True
3.0,bin,9,-0.007009983062744141,-0.014019966125488281,0.0,1774061,O=C1NCCCc2[nH]c(-c3cccc4[nH]ccc34)nc21,2.234,O=C1NCCCc2[nH]c(-c3cccc4[nH]ccc34)nc21,True,2.234,0.0,1.0,True,False
3.0,bin,9,-0.007009983062744141,-0.014019966125488281,0.0,1800687,Cc1nn(C)c(-c2nc(-c3cccnn3)no2)c1Cl,1.8889199999999997,Cc1n[nH]c(-c2nc(-c3cccnn3)no2)c1Cl,True,1.8785199999999997,-0.010399999999999965,0.5882352941176471,False,True
3.0,bin,9,-0.007009983062744141,-0.014019966125488281,0.0,1815867,FC(F)(F)c1ccc(CN2CCOCC2c2ncon2)cc1,2.661900000000001,Clc1cccc(CN2CCOCC2c2ncon2)c1,True,2.2965,-0.36540000000000106,0.6481481481481481,False,True
3.0,bin,9,-0.007009983062744141,-0.014019966125488281,0.0,1828580,Cc1ccc(N2CC3OCC(=O)N(Cc4cccc(F)c4)C3C2)nn1,1.54032,CC1=CC=CCNC2COC3C(=O)N(Cc4ccccc4)CC3N2N1,True,0.9920999999999995,-0.5482200000000004,0.22093023255813954,False,True
3.0,bin,9,-0.007009983062744141,-0.014019966125488281,0.0,1836183,CCc1ccc(C(=O)NCc2nccc(N(C)C)n2)cc1,2.035,Cc1ccccc1C(=O)NCc1nccc(N(C)C)n1,True,1.78102,-0.2539800000000001,0.6,False,True
3.0,bin,9,-0.007009983062744141,-0.014019966125488281,0.0,1842499,COc1ccccc1COc1ccccc1-c1cnn(CCO)c1,3.1300000000000017,OCCn1cc(-c2ccccc2OCc2ccccc2)cn1,True,3.1214000000000013,-0.008600000000000385,0.7021276595744681,False,True
3.0,bin,9,-0.007009983062744141,-0.014019966125488281,0.0,1865564,COC(CNC(=O)c1ccoc1)c1cccc(F)c1,2.536200000000001,O=C(NCCc1cccc(F)c1)c1ccoc1,True,2.3912000000000004,-0.14500000000000046,0.5471698113207547,False,True
3.0,bin,9,-0.007009983062744141,-0.014019966125488281,0.0,1868773,CCCOc1ccc(Cl)c2c1CCNC2C1CC(=O)C1,3.2947000000000015,O=C1NCCC12CCc1cc(Cl)c(Cl)c(Cl)c12,True,3.3507000000000016,0.05600000000000005,0.16923076923076924,False,True
3.0,bin,9,-0.007009983062744141,-0.014019966125488281,0.0,1873123,CCC1OC(=O)c2c(OC)ccc(Br)c21,3.079200000000002,CCC1OC(=O)c2ccc(Br)cc21,True,3.0706000000000016,-0.008600000000000385,0.4,False,True
3.0,bin,9,-0.007009983062744141,-0.014019966125488281,0.0,1875028,Cc1cccc(C)c1NCC(=O)N1CCCC2CCCCC21,3.8965400000000034,Cc1ccc(NCC(=O)N(C)CC2CCCCC2)cc1C,True,3.7540400000000025,-0.14250000000000096,0.29508196721311475,False,True
3.0,bin,9,-0.007009983062744141,-0.014019966125488281,0.0,1895921,CCC(CC)N(C)C(=O)CC1OC(=O)c2ccccc21,2.935200000000002,CC(C)CC(C)NC(=O)CC1OC(=O)c2ccccc21,True,2.8390000000000013,-0.09620000000000051,0.5098039215686274,False,True
3.0,bin,9,-0.007009983062744141,-0.014019966125488281,0.0,1907077,Cc1ccc2[nH]nc(C(=O)Nc3nc(-c4ccco4)cs3)c2c1,3.8401200000000015,Cc1ccc[nH]nc(C(=O)Nc2nc(-c3ccco3)cs2)cc1,True,3.811320000000002,-0.028799999999999493,0.5873015873015873,False,True
3.0,bin,9,-0.007009983062744141,-0.014019966125488281,0.0,1913063,Cc1nn(C)c(C)c1CN(C(=O)c1cn2cccc(C)c2n1)C1CC1,2.797860000000001,C=C1CC1N(Cc1c(C)nn(C)c1C)C(=O)C1=NC(C)=CC=CC=N1,True,2.636940000000001,-0.16091999999999995,0.3684210526315789,False,True
3.0,bin,9,-0.007009983062744141,-0.014019966125488281,0.0,1922265,CN(CCNC(=O)c1ccc2c(c1)ncn2C)c1ccccc1,2.4395000000000007,CN(CCNc1ccccc1)C(=O)c1ccc2[nH]cnc2c1,True,2.7470000000000008,0.3075000000000001,0.3382352941176471,False,True
3.0,bin,10,0.007009983062744141,0.0,0.014019966125488281,32052,COc1ccccc1CNC(=O)Cc1c[nH]c2ccccc12,3.035400000000001,COc1ccccc1CNC(=O)Cc1c[nH]c2cccc(OC)c12,True,3.0440000000000014,0.008600000000000385,0.7608695652173914,False,True
3.0,bin,10,0.007009983062744141,0.0,0.014019966125488281,116747,COCCSc1ccccc1C(=O)Nc1cccc(C)n1,3.3808200000000017,COCCSc1ccccc1C(=O)Nc1cc(C)ccn1,True,3.3808200000000017,0.0,0.6538461538461539,False,False
3.0,bin,10,0.007009983062744141,0.0,0.014019966125488281,131060,CS(=O)(=O)NCCc1csc(-c2ccc(F)cc2)n1,2.0408999999999997,CS(=O)(=O)NCCc1csc(-c2cccc(F)c2)n1,True,2.0408999999999997,0.0,0.7391304347826086,False,False
3.0,bin,10,0.007009983062744141,0.0,0.014019966125488281,131949,CCc1c(C)nc(SCC(=O)NC(C)C)[nH]c1=O,1.25742,CCc1c(C)nc(SCC(=O)NC(C)C)[nH]c1=O,True,1.25742,0.0,1.0,True,False
3.0,bin,10,0.007009983062744141,0.0,0.014019966125488281,158879,COc1ccc(CC(=O)OCC(=O)c2c[nH]c3ccccc23)cc1,3.145100000000001,COc1ccc(CC(=O)OCC(=O)c2c[nH]c3ccccc23)cc1,True,3.145100000000001,0.0,1.0,True,False
3.0,bin,10,0.007009983062744141,0.0,0.014019966125488281,232056,COCCNC(=O)c1cc(=O)c2cc(C)ccc2o1,1.4776199999999993,COCCCNC(=O)c1cc(=O)c2cc(C)ccc2o1,True,1.8677199999999998,0.39010000000000056,0.8636363636363636,False,True
3.0,bin,10,0.007009983062744141,0.0,0.014019966125488281,235788,O=C(Cn1nc(-c2ccco2)oc1=O)NCC(F)(F)F,0.7747999999999999,O=C(Cn1nc(-c2ccco2)oc1=O)NCC(F)(F)F,True,0.7747999999999999,0.0,1.0,True,False
3.0,bin,10,0.007009983062744141,0.0,0.014019966125488281,236081,CC(=O)c1c(C)[nH]c(C(=O)CSc2nc(C(C)C)n[nH]2)c1C,3.0506400000000014,CC(=O)c1c(C)[nH]c(C(=O)CSc2nc(C(C)C)n[nH]2)c1C,True,3.0506400000000014,0.0,1.0,True,False
3.0,bin,10,0.007009983062744141,0.0,0.014019966125488281,281081,O=C(Cn1cccn1)NCc1cccnc1Oc1ccc(F)cc1F,2.665000000000001,O=C(Cn1cccn1)NCc1cccnc1Oc1ccc(F)cc1F,True,2.665000000000001,0.0,1.0,True,False
3.0,bin,10,0.007009983062744141,0.0,0.014019966125488281,284170,COc1ccc(-c2nc(CC(=O)Nc3cccc(C)n3)cs2)cc1,3.7033200000000024,COc1ccc(-c2nc(CC(=O)Nc3cc(C)ccn3)cs2)cc1,True,3.7033200000000024,0.0,0.6842105263157895,False,True
3.0,bin,10,0.007009983062744141,0.0,0.014019966125488281,288369,Cc1ccc(NCc2nnc3n2CCCCC3)cc1C,3.2334400000000016,Cc1cc(C)cc(NCc2nnc3n2CCCCC3)c1,True,3.2334400000000016,0.0,0.7111111111111111,False,False
3.0,bin,10,0.007009983062744141,0.0,0.014019966125488281,302889,COc1ccc(OC)c(NC(=O)CCNC(=O)c2cccs2)c1,2.5239000000000003,COc1ccc(NC(=O)CCNC(=O)c2cccs2)c(OC)c1,True,2.5239000000000003,0.0,0.84,False,False
3.0,bin,10,0.007009983062744141,0.0,0.014019966125488281,327141,COc1ccc(OC)c(S(=O)(=O)Nc2ccn(C)n2)c1,1.2381,COc1ccc(OC)c(S(=O)(=O)Nc2ccn(C)n2)c1,True,1.2381,0.0,1.0,True,False
3.0,bin,10,0.007009983062744141,0.0,0.014019966125488281,327382,CNC(=O)C1CN(C(=O)c2c(C)noc2C)c2ccccc2O1,1.4452399999999996,CNC(=O)CC1OC2=CC=CCN1C(=O)c1c(C)noc1NCCC2,True,1.5634199999999998,0.11818000000000017,0.23809523809523808,False,True
3.0,bin,10,0.007009983062744141,0.0,0.014019966125488281,406491,COCCNC(=O)C1CCCN(S(=O)(=O)N2CCOCC2)C1,-0.9619999999999964,COCCNC(=O)C1CCN(S(=O)(=O)N2CCOCC2)CC1,True,-0.9619999999999964,0.0,0.7659574468085106,False,True
3.0,bin,10,0.007009983062744141,0.0,0.014019966125488281,413951,O=C(Cn1ncn2cccc2c1=O)N1CCCCCC1,0.8985999999999996,O=C(Cn1ncn2cccc2c1=O)N1CCCCCC1,True,0.8985999999999996,0.0,1.0,True,False
3.0,bin,10,0.007009983062744141,0.0,0.014019966125488281,427929,CCNc1nc(NCc2ccccc2Cl)c2cnn(C)c2n1,3.060600000000001,CCNc1nc(NCc2cccc(Cl)c2)c2cnn(C)c2n1,True,3.060600000000001,0.0,0.6666666666666666,False,False
3.0,bin,10,0.007009983062744141,0.0,0.014019966125488281,447130,CCC(NC(=O)C1CCN(C(=O)C2CC2)CC1)c1ccc(C)cc1,3.2109200000000016,CCC(NC(=O)C1CCN(C(=O)C2CC2)CC1)c1ccc(C)cc1,True,3.2109200000000016,0.0,1.0,True,False
3.0,bin,10,0.007009983062744141,0.0,0.014019966125488281,481908,CCNS(=O)(=O)c1ccc(C)c(C(=O)Nc2ncccc2C)c1,2.24894,CCNS(=O)(=O)c1cc(C(=O)Nc2ncccc2C)ccc1C,True,2.24894,0.0,0.660377358490566,False,True
3.0,bin,10,0.007009983062744141,0.0,0.014019966125488281,485220,Cc1nn(CC(=O)N2CCN(C)CC2)c(C)c1Br,1.03644,Cc1nn(CC(=O)N2CCN(C)CC2)c(C)c1Br,True,1.03644,0.0,1.0,True,False
3.0,bin,10,0.007009983062744141,0.0,0.014019966125488281,526363,Cc1nnc(SCC(=O)Nc2ccc(O)cc2)n(N)c1=O,0.09692,Cc1nnc(SCC(=O)Nc2cccc(CO)c2)n(N)c1=O,True,-0.11638000000000026,-0.21330000000000027,0.6666666666666666,False,True
3.0,bin,10,0.007009983062744141,0.0,0.014019966125488281,536853,COc1ccc(C2CCCN2C(=O)C2CCC2)c(OC)c1,3.1674000000000015,COc1ccc(C2CCCN2C(=O)C2CCC2)cc1OC,True,3.1674000000000015,0.0,0.6326530612244898,False,True
3.0,bin,10,0.007009983062744141,0.0,0.014019966125488281,540312,Cc1nn(C)c2nc(C3CC3)cc(C(=O)NCC(=O)NC(C)(C)C)c12,1.7986199999999997,Cc1cc(C(=O)NCC(=O)NC(C)(C)C)cc(C2CC2)ncn(C)n1,True,1.7698199999999993,-0.02880000000000038,0.5230769230769231,False,True
3.0,bin,10,0.007009983062744141,0.0,0.014019966125488281,544381,Cc1nc(N2CCCC(C(=O)NC(C)C)C2)c2c(C)c(C)oc2n1,2.8890600000000006,Cc1nc(N2CCCC(C(=O)NCC(C)C)C2)c2c(C)c(C)oc2n1,True,3.136660000000002,0.24760000000000115,0.7857142857142857,False,True
3.0,bin,10,0.007009983062744141,0.0,0.014019966125488281,544382,CCCNC(=O)C1CCCN(c2nc(C)nc3oc(C)c(C)c23)C1,2.8906600000000013,CCCNC(=O)C1CCCN(c2nc(C)nc3oc(C)c(C)c23)C1,True,2.8906600000000013,0.0,1.0,True,False
3.0,bin,10,0.007009983062744141,0.0,0.014019966125488281,550049,Cc1ccc(C)c(OCC(=O)Nc2cccc(-n3cnnc3)c2)c1,2.9016400000000013,Cc1ccc(OCC(=O)Nc2cccc(-n3cnnc3)c2)cc1C,True,2.9016400000000013,0.0,0.7169811320754716,False,False
3.0,bin,10,0.007009983062744141,0.0,0.014019966125488281,573533,Cc1nn(-c2ncc(C(F)(F)F)cc2Cl)c(=O)o1,2.2011199999999995,CC=NN(Cl)c1ccc(C(F)(F)F)cn1,True,3.066300000000001,0.8651800000000014,0.25,False,True
3.0,bin,10,0.007009983062744141,0.0,0.014019966125488281,582555,O=C(NCC(O)c1ccccc1)c1ccc2c(=O)n3c(nc2c1)CCC3,1.8061000000000003,C#CC(F)=CC=CC1CCC(=O)NCC(O)c2ccc3c(=O)n1cnc3c2,True,1.9237999999999995,0.11769999999999925,0.16842105263157894,False,True
3.0,bin,10,0.007009983062744141,0.0,0.014019966125488281,588547,Cc1n[nH]c(C)c1NC(=O)CCc1ccc(Cl)cc1Cl,3.9046400000000023,Cc1n[nH]c(C)c1NC(=O)CCc1ccc(Cl)c(Cl)c1,True,3.9046400000000023,0.0,0.66,False,True
3.0,bin,10,0.007009983062744141,0.0,0.014019966125488281,607673,CCCN(CC1CC1)S(=O)(=O)c1ccccc1F,2.636400000000001,CCCN(CC1CC1)S(=O)(=O)c1ccccc1F,True,2.636400000000001,0.0,1.0,True,False
3.0,bin,10,0.007009983062744141,0.0,0.014019966125488281,617681,Cc1cc(C(=O)Nc2nc(-c3ccncc3)cs2)nn1C(C)C,3.5432200000000016,Cc1nccc(-c2csc(NC(=O)c3cc(C)n(C(C)C)n3)n2)c1C,True,4.160060000000002,0.6168400000000007,0.7017543859649122,False,True
3.0,bin,10,0.007009983062744141,0.0,0.014019966125488281,650267,COc1ccc2oc(C(=O)NC3CCCCNC3=O)c(C)c2c1,2.14832,CC1(C(=O)NC2CCCCNC2=O)OC=CC2=COCC=C21,True,0.9143999999999997,-1.2339200000000003,0.3466666666666667,False,True
3.0,bin,10,0.007009983062744141,0.0,0.014019966125488281,668639,Cc1cc(NC(=O)c2ccccc2Cl)ncc1N,2.8779200000000005,Cc1cc(N)cnc1NC(=O)c1ccccc1Cl,True,2.8779200000000005,0.0,0.6170212765957447,False,True
3.0,bin,10,0.007009983062744141,0.0,0.014019966125488281,673160,CCC(=O)Nc1ccc2oc(C(F)(F)F)cc(=O)c2c1,3.160300000000001,CCC(=O)Nc1ccc2oc(C(F)(F)F)cc(=O)c2c1,True,3.160300000000001,0.0,1.0,True,False
3.0,bin,10,0.007009983062744141,0.0,0.014019966125488281,711169,Cc1cccc(C(C)C)c1NC(=O)N(C)Cc1ccncc1,4.177320000000003,Cc1cccc(C(C)C)c1NC(=O)N(C)Cc1ccncc1,True,4.177320000000003,0.0,1.0,True,False
3.0,bin,10,0.007009983062744141,0.0,0.014019966125488281,720969,Cc1noc(C)c1CCC(=O)OCC(=O)N1c2ccccc2CC1C,2.7450400000000013,Cc1noc(C)c1CCC(=O)OCC(=O)N1c2ccccc2CC1C,True,2.7450400000000013,0.0,1.0,True,False
3.0,bin,10,0.007009983062744141,0.0,0.014019966125488281,730789,COC(=O)C1CCN(C(=O)c2cc3ccc(F)cc3nc2C)CC1,2.7075200000000006,COC(=O)C1CCN(C(=O)c2cc3ccc(F)cc3nc2C)CC1,True,2.7075200000000006,0.0,1.0,True,False
3.0,bin,10,0.007009983062744141,0.0,0.014019966125488281,738178,Cc1ccc(-n2ccnc2SCc2nc(C3CC3)no2)cc1C,4.041840000000003,Cc1ccc(C)c(-n2ccnc2SCc2nc(C3CC3)no2)c1,True,4.041840000000003,0.0,0.7454545454545455,False,True
3.0,bin,10,0.007009983062744141,0.0,0.014019966125488281,771897,COc1ccccc1OCC(=O)N(C)Cc1sccc1C,3.102520000000002,COc1ccc(OCC(=O)N(C)Cc2sccc2C)cc1,True,3.102520000000002,0.0,0.7021276595744681,False,False
3.0,bin,10,0.007009983062744141,0.0,0.014019966125488281,811446,COC(=O)C1(NC(=O)c2cc(Br)c[nH]2)CCCCCC1,2.7730000000000006,COC(=O)C1(NC(=O)c2cc(Br)cn2C)CCCCC1,True,2.3933,-0.3797000000000006,0.5714285714285714,False,False
3.0,bin,10,0.007009983062744141,0.0,0.014019966125488281,848291,CCC(C)NC(=O)NCc1noc(-c2cccs2)n1,2.3958000000000004,CCC(C)NC(=O)NCc1noc(-c2cccs2)n1,True,2.3958000000000004,0.0,1.0,True,False
3.0,bin,10,0.007009983062744141,0.0,0.014019966125488281,863440,COc1ccc(-c2nc(CCCO)cs2)cc1OC,2.752200000000001,COc1ccc(-c2nc(CCCO)cs2)cc1OC,True,2.752200000000001,0.0,1.0,True,False
3.0,bin,10,0.007009983062744141,0.0,0.014019966125488281,864663,N#Cc1ccc(-c2cc(F)ccc2F)nc1N1CCCC1,3.498680000000002,N#Cc1ccc(-c2c(F)cccc2F)nc1N1CCCC1,True,3.498680000000002,0.0,0.6304347826086957,False,True
3.0,bin,10,0.007009983062744141,0.0,0.014019966125488281,872100,CCc1cccc(C)c1NCC(O)c1ccc2c(c1)OCCO2,3.474120000000002,CCc1cccc(C)c1NCC(O)c1ccc2c(c1)OCCO2,True,3.474120000000002,0.0,1.0,True,False
3.0,bin,10,0.007009983062744141,0.0,0.014019966125488281,886334,COc1ccc(C(=O)N2CCCC(C(=O)N3CCCCC3)C2)c(O)c1,2.2655000000000003,COc1ccc(C(=O)N2CCCC(C(=O)N3CCCCC3)C2)c(O)c1,True,2.2655000000000003,0.0,1.0,True,False
3.0,bin,10,0.007009983062744141,0.0,0.014019966125488281,887387,COCCNC(=O)N(Cc1cccc(F)c1)CC1CCCO1,2.1627,COCCNC(=O)N(Cc1cccc(F)c1)CC1CCCO1,True,2.1627,0.0,1.0,True,False
3.0,bin,10,0.007009983062744141,0.0,0.014019966125488281,889149,N#Cc1ccc(NC(=O)c2ccc(Br)cc2Cl)nc1,3.621480000000001,N#Cc1ccc(NC(=O)c2ccc(Cl)c(Br)c2)nc1,True,3.621480000000001,0.0,0.673469387755102,False,True
3.0,bin,10,0.007009983062744141,0.0,0.014019966125488281,913483,O=C(CNC(=O)NCCc1c(Cl)cccc1Cl)NC1CC1,2.1137000000000006,O=C(CNC(=O)NCCc1cc(Cl)ccc1Cl)NC1CC1,True,2.1136999999999997,-8.881784197001252e-16,0.6458333333333334,False,True
3.0,bin,10,0.007009983062744141,0.0,0.014019966125488281,917620,C=CCN(Cc1ccccc1OC)C(=O)c1csc(C)n1,3.288520000000002,C=CCN(Cc1cccc(OC)c1)C(=O)c1csc(C)n1,True,3.288520000000002,0.0,0.6491228070175439,False,True
3.0,bin,10,0.007009983062744141,0.0,0.014019966125488281,918312,CCOc1ccc(Cl)c(C(=O)N2CCN(c3ncccn3)CC2)n1,1.8860999999999997,CCOc1nc(Cl)ccc1C(=O)N1CCN(c2ncccn2)CC1,True,1.8861,4.440892098500626e-16,0.6,False,True
3.0,bin,10,0.007009983062744141,0.0,0.014019966125488281,922879,CC(=O)c1ccc(N2CCN(Cc3c(F)cccc3F)CC2)cc1,3.489600000000003,CC(=O)C=CC1=C(CF)NCCN(Cc2c(F)cccc2F)C1C,True,3.1273000000000017,-0.3623000000000012,0.36507936507936506,False,True
3.0,bin,10,0.007009983062744141,0.0,0.014019966125488281,927535,COc1cc(CN2CCN(c3ccccc3F)CC2)ccc1O,2.862100000000002,COc1cc(CN2CCN(c3ccccc3O)CC2)cc(OC)c1,True,2.731600000000001,-0.13050000000000095,0.5490196078431373,False,True
3.0,bin,10,0.007009983062744141,0.0,0.014019966125488281,927567,Cc1ccccc1N1CCN(Cc2cccc(O)c2)CC1,3.022820000000001,Cc1ccccc1CN1CCN(c2ccccc2O)CC1,True,3.022820000000002,8.881784197001252e-16,0.5333333333333333,False,False
3.0,bin,10,0.007009983062744141,0.0,0.014019966125488281,938108,CC(c1ccccc1)N(C)C(=O)CCC(=O)Nc1nccs1,3.0814000000000012,CC(c1ccccc1)N(C)C(=O)CCC(=O)Nc1nccs1,True,3.0814000000000012,0.0,1.0,True,False
3.0,bin,10,0.007009983062744141,0.0,0.014019966125488281,943303,CN(CCCOc1ccccc1)C(=O)Nc1cccc2c1OCCO2,3.390600000000002,CN(CCCOc1ccccc1)C(=O)Nc1cccc2c1OCCO2,True,3.390600000000002,0.0,1.0,True,False
3.0,bin,10,0.007009983062744141,0.0,0.014019966125488281,946289,CC(NC(=O)C1(c2cc(-c3ccco3)on2)CC1)c1ccccc1,3.843600000000002,CC1=CC=CC=CCC2CC2(c2cc(-c3ccco3)on2)C(=O)N1,True,3.7284000000000024,-0.11519999999999975,0.3561643835616438,False,True
3.0,bin,10,0.007009983062744141,0.0,0.014019966125488281,994077,Cc1nnc(Cn2c(-c3cccc(Br)c3)noc2=O)o1,2.0055199999999997,CC=NN=CCn1c(-c2ccc(Br)cc2)noc1=O,True,2.3423,0.3367800000000001,0.3898305084745763,False,True
3.0,bin,10,0.007009983062744141,0.0,0.014019966125488281,1065620,O=C(NCc1cccnc1Oc1ccccc1)c1cccnc1,3.198900000000002,O=C(NCc1cccnc1Oc1ccccc1O)c1cccnc1,True,2.9045000000000005,-0.2944000000000013,0.74,False,True
3.0,bin,10,0.007009983062744141,0.0,0.014019966125488281,1093926,CN(C(=O)CNc1cccc(OCC2CCCO2)c1)c1ccccc1,3.319300000000002,CN(C(=O)CNc1cccc(OCC2CCCO2)c1)c1ccccc1,True,3.319300000000002,0.0,1.0,True,False
3.0,bin,10,0.007009983062744141,0.0,0.014019966125488281,1107920,CCc1ccc(-n2cc(C(=O)NC(C)c3ccccc3)nn2)cc1,3.320700000000002,CC1C=CC=C(C(C)NC(=O)c2cn(-c3ccccc3)nn2)C1,True,2.9080000000000013,-0.41270000000000095,0.5333333333333333,False,True
3.0,bin,10,0.007009983062744141,0.0,0.014019966125488281,1113130,CC(NC(=O)Cn1nnnc1C(C)(C)C)c1cccc2ccccc12,3.0012000000000016,CC(NC(=O)Cn1nnnc1C(C)(C)C)c1cccc2ccccc12,True,3.0012000000000016,0.0,1.0,True,False
3.0,bin,10,0.007009983062744141,0.0,0.014019966125488281,1121751,COC(=O)Cn1ccc(NS(=O)(=O)c2ccc(F)c(F)c2F)n1,1.2742,COC(=O)Cn1ccc(NS(=O)(=O)c2ccc(F)c(F)c2F)n1,True,1.2742,0.0,1.0,True,False
3.0,bin,10,0.007009983062744141,0.0,0.014019966125488281,1142531,CCOC(C)C(=O)NCCc1csc(-c2ccc(C)cc2)n1,3.2022200000000014,CCOC(C)C(=O)NCCc1csc(-c2ccc(C)cc2)n1,True,3.2022200000000014,0.0,1.0,True,False
3.0,bin,10,0.007009983062744141,0.0,0.014019966125488281,1212157,CN(Cc1ccc(F)c(F)c1)C(=O)c1cncc(-c2cnn(C)c2)c1,3.0325000000000015,CN(Cc1ccc(F)c(F)c1)C(=O)c1cncc(-c2cnn(C)c2)c1,True,3.0325000000000015,0.0,1.0,True,False
3.0,bin,10,0.007009983062744141,0.0,0.014019966125488281,1215394,CCn1nc(C)cc1C(=O)Oc1cccc(NC(=O)C(C)C)c1,3.025120000000001,CCn1nc(C)cc1C(=O)Oc1cccc(NC(=O)C(C)C)c1,True,3.025120000000001,0.0,1.0,True,False
3.0,bin,10,0.007009983062744141,0.0,0.014019966125488281,1232922,CC(C)(C)OC(=O)NC1CCCN(S(=O)(=O)N2CCOCC2)C1,0.5525000000000011,CC(C)(C)OC(=O)NC1CCN(S(=O)(=O)N2CCOCC2)CC1,True,0.5525000000000011,0.0,0.7555555555555555,False,True
3.0,bin,10,0.007009983062744141,0.0,0.014019966125488281,1238973,FC(F)(F)c1cnc(N2CCn3c(nnc3C3CC3)C2)c(Cl)c1,3.2429000000000023,FC(F)(F)c1c(Cl)cncc1N1CCn2c(nnc2C2CC2)C1,True,3.2429000000000014,-8.881784197001252e-16,0.5892857142857143,False,True
3.0,bin,10,0.007009983062744141,0.0,0.014019966125488281,1299495,Cc1cc(CC(=O)N2CCCC2C(C#N)c2ccccc2)no1,2.823900000000001,N#Cc1cc(CC(=O)N2CCCC2C2=C(F)CC=C2)no1,True,2.26328,-0.560620000000001,0.4027777777777778,False,True
3.0,bin,10,0.007009983062744141,0.0,0.014019966125488281,1309906,CC(C)CC(NC(=O)c1cc(=O)c2ccccc2o1)C(=O)OC(C)C,2.8891000000000018,COC(=O)C(C)(CCC(C)C)NC(=O)c1cc(=O)c2ccccc2o1,True,2.8907000000000007,0.0015999999999989356,0.5081967213114754,False,True
3.0,bin,10,0.007009983062744141,0.0,0.014019966125488281,1362816,COCc1cccc(C(=O)NC2CC2c2cccc(Cl)c2)c1,3.772300000000002,COCc1cccc(C(=O)NC2CC2c2cccc(Cl)c2F)c1,True,3.911400000000002,0.1391,0.6666666666666666,False,True
3.0,bin,10,0.007009983062744141,0.0,0.014019966125488281,1441838,COCC(=O)NC(C(=O)Nc1cccc(-c2nccs2)c1)C(C)C,2.5358,COCC(NC(=O)c1cccc(-c2nc(C)cs2)c1)C(=O)NC(C)C,True,2.3879200000000003,-0.1478799999999998,0.35135135135135137,False,True
3.0,bin,10,0.007009983062744141,0.0,0.014019966125488281,1450449,CCCNC(=O)CSc1nc2c(cc1C#N)CCCC2,2.450380000000001,CCCNC(=O)CSc1nc2c(cc1C#N)CCCC2,True,2.450380000000001,0.0,1.0,True,False
3.0,bin,10,0.007009983062744141,0.0,0.014019966125488281,1451910,O=S(=O)(NCc1nnc2ccccn12)c1ccc(F)c(F)c1,1.4859999999999995,O=S(=O)(NCc1nnc2ccccn12)c1ccc(F)cc1F,True,1.4859999999999998,2.220446049250313e-16,0.6666666666666666,False,False
3.0,bin,10,0.007009983062744141,0.0,0.014019966125488281,1479798,Cc1nc(C)c(CCC(=O)N(CC(C)C)CC(F)(F)F)c(=O)[nH]1,2.3662400000000003,CC=NC(C)=C(C=O)CCC(=O)N(CC(F)(F)F)CC(F)(F)F,True,3.283400000000002,0.9171600000000018,0.29508196721311475,False,True
3.0,bin,10,0.007009983062744141,0.0,0.014019966125488281,1507926,COC(=O)C(C)NC(=O)Cc1csc(-c2ccccc2Cl)n1,2.6837,COC(=O)C(C)NC(=O)Cc1csc(-c2ccccc2Cl)n1,True,2.6837,0.0,1.0,True,False
3.0,bin,10,0.007009983062744141,0.0,0.014019966125488281,1527882,Nc1ncccc1C(=O)Nc1ccc2cn[nH]c2c1,1.7923999999999998,Nc1ncccc1C(=O)Nc1ccc2cn[nH]c2c1,True,1.7923999999999998,0.0,1.0,True,False
3.0,bin,10,0.007009983062744141,0.0,0.014019966125488281,1532848,COc1ccc(-c2ccc3c(=O)[nH]cnc3c2)cc1Cl,3.2521000000000013,COc1ccc(-c2ccc3c(=O)[nH]c(C)nc3c2)cc1Cl,True,3.560520000000002,0.3084200000000008,0.6382978723404256,False,True
3.0,bin,10,0.007009983062744141,0.0,0.014019966125488281,1548351,COc1cc(OC)c2c(c1)C(c1cnccn1)NCC2,1.7288999999999999,COc1ccc2c(c1OC)C(c1cnccn1)NCC2,True,1.7288999999999999,0.0,0.5185185185185185,False,False
3.0,bin,10,0.007009983062744141,0.0,0.014019966125488281,1570134,COc1cccc(C(C)N2CCN(C(=O)c3ccc(O)cc3)CC2)c1,2.9198000000000013,COc1ccc(OC)c(C(=O)N2CCN(C(C)c3ccccc3)CC2)c1,True,3.222800000000002,0.3030000000000008,0.5636363636363636,False,True
3.0,bin,10,0.007009983062744141,0.0,0.014019966125488281,1611406,CC(C)(C)N1CC(NC(=O)C2COc3ccc(F)cc3C2)CC1=O,1.8923999999999994,CC(C)(C)N1CC(NC(=O)C2COc3ccc(F)cc3C2)CC1=O,True,1.8923999999999994,0.0,1.0,True,False
3.0,bin,10,0.007009983062744141,0.0,0.014019966125488281,1612684,CCCC1CN(C(=O)Nc2ccn(CCC(C)C)n2)CCO1,2.9620000000000015,CCC1CCN(C(=O)Nc2ccn(C(CC)CC)n2)CO1,True,3.2345000000000015,0.27249999999999996,0.42028985507246375,False,True
3.0,bin,10,0.007009983062744141,0.0,0.014019966125488281,1639675,CCC(CC)c1nnc(NC(=O)c2scnc2C2CC2)s1,4.0279000000000025,CCC1C=NN=C(NC(=O)c2scnc2C2CC2S)CC1,True,2.8629000000000016,-1.165000000000001,0.3880597014925373,False,True
3.0,bin,10,0.007009983062744141,0.0,0.014019966125488281,1675660,COc1ccnc(NC(=O)c2cccc(Cl)c2)c1,2.9959000000000007,COc1ccnc(NC(=O)c2ccccc2Br)c1,True,3.1050000000000013,0.10910000000000064,0.5714285714285714,False,False
3.0,bin,10,0.007009983062744141,0.0,0.014019966125488281,1689728,CCc1noc(CSc2ncnc3sc(C)cc23)n1,3.237420000000002,CCc1noc(CSc2ncnc3sc(C)cc23)n1,True,3.237420000000002,0.0,1.0,True,False
3.0,bin,10,0.007009983062744141,0.0,0.014019966125488281,1720876,CC(C)(C)CC(=O)NCC(=O)Nc1ccc2c(c1)COC2,2.2077,CC(C)(C)CC(=O)NCC(=O)Nc1ccc2c(c1)COC2,True,2.2077,0.0,1.0,True,False
3.0,bin,10,0.007009983062744141,0.0,0.014019966125488281,1757109,CC(C)Cc1ncc(CNc2ccc3c(c2)COC3)s1,3.983900000000003,CC(C)Cc1ncc(CNc2ccc3c(c2)COC3)s1,True,3.983900000000003,0.0,1.0,True,False
3.0,bin,10,0.007009983062744141,0.0,0.014019966125488281,1774061,O=C1NCCCc2[nH]c(-c3cccc4[nH]ccc34)nc21,2.234,O=C1NCCCc2[nH]c(-c3cccc4[nH]ccc34)nc21,True,2.234,0.0,1.0,True,False
3.0,bin,10,0.007009983062744141,0.0,0.014019966125488281,1800687,Cc1nn(C)c(-c2nc(-c3cccnn3)no2)c1Cl,1.8889199999999997,Cc1nn(C)c(-c2nc(-c3cccnn3)no2)c1Cl,True,1.8889199999999997,0.0,1.0,True,False
3.0,bin,10,0.007009983062744141,0.0,0.014019966125488281,1815867,FC(F)(F)c1ccc(CN2CCOCC2c2ncon2)cc1,2.661900000000001,FC(F)(F)C=CC=CCCN1CCOCC1c1ncon1,True,2.5077000000000007,-0.15420000000000034,0.5423728813559322,False,True
3.0,bin,10,0.007009983062744141,0.0,0.014019966125488281,1828580,Cc1ccc(N2CC3OCC(=O)N(Cc4cccc(F)c4)C3C2)nn1,1.54032,CC=CC=C1N=CC2CN(Cc3ccc(F)cc3)C(=O)CN=NC(CN1)O2,True,2.4229000000000003,0.8825800000000004,0.23076923076923078,False,True
3.0,bin,10,0.007009983062744141,0.0,0.014019966125488281,1836183,CCc1ccc(C(=O)NCc2nccc(N(C)C)n2)cc1,2.035,CCc1ccc(C(=O)NCc2nccc(N(C)C)n2)cc1,True,2.035,0.0,1.0,True,False
3.0,bin,10,0.007009983062744141,0.0,0.014019966125488281,1842499,COc1ccccc1COc1ccccc1-c1cnn(CCO)c1,3.1300000000000017,COc1ccccc1COc1ccccc1-c1cnn(CCO)c1,True,3.1300000000000017,0.0,1.0,True,False
3.0,bin,10,0.007009983062744141,0.0,0.014019966125488281,1865564,COC(CNC(=O)c1ccoc1)c1cccc(F)c1,2.536200000000001,COC(CNC(=O)c1ccoc1)c1cccc(F)c1,True,2.536200000000001,0.0,1.0,True,False
3.0,bin,10,0.007009983062744141,0.0,0.014019966125488281,1868773,CCCOc1ccc(Cl)c2c1CCNC2C1CC(=O)C1,3.2947000000000015,CCCOc1c(Cl)cc2cc1C1(CCC(=O)C1N)CC2,True,3.003,-0.2917000000000014,0.29850746268656714,False,True
3.0,bin,10,0.007009983062744141,0.0,0.014019966125488281,1873123,CCC1OC(=O)c2c(OC)ccc(Br)c21,3.079200000000002,CCC1OC(=O)c2cc(Br)c(OC)cc21,True,3.079200000000002,0.0,0.5348837209302325,False,True
3.0,bin,10,0.007009983062744141,0.0,0.014019966125488281,1875028,Cc1cccc(C)c1NCC(=O)N1CCCC2CCCCC21,3.8965400000000034,Cc1cc(C)cc(NCC(=O)N2CCCC3CCCCC32)c1,True,3.8965400000000026,-8.881784197001252e-16,0.6382978723404256,False,True
3.0,bin,10,0.007009983062744141,0.0,0.014019966125488281,1895921,CCC(CC)N(C)C(=O)CC1OC(=O)c2ccccc21,2.935200000000002,CCC(CC)N(C)C(=O)CC1OC(=O)c2ccccc21,True,2.935200000000002,0.0,1.0,True,False
3.0,bin,10,0.007009983062744141,0.0,0.014019966125488281,1907077,Cc1ccc2[nH]nc(C(=O)Nc3nc(-c4ccco4)cs3)c2c1,3.8401200000000015,Cc1ccc2[nH]nc(C(=O)Nc3nc(-c4ccco4)cs3)c2c1,True,3.8401200000000015,0.0,1.0,True,False
3.0,bin,10,0.007009983062744141,0.0,0.014019966125488281,1913063,Cc1nn(C)c(C)c1CN(C(=O)c1cn2cccc(C)c2n1)C1CC1,2.797860000000001,CC(C)Cn1ccc(=O)c(C(=O)N(CC2=NNC=CC=CC2)C2CC2)c1,True,2.528100000000001,-0.2697599999999998,0.27380952380952384,False,True
3.0,bin,10,0.007009983062744141,0.0,0.014019966125488281,1922265,CN(CCNC(=O)c1ccc2c(c1)ncn2C)c1ccccc1,2.4395000000000007,CN(CCNC(=O)c1ccc2c(c1)ncn2C)c1ccccc1,True,2.4395000000000007,0.0,1.0,True,False
3.0,bin,11,0.0693100094795227,0.014019966125488281,0.12460005283355713,32052,COc1ccccc1CNC(=O)Cc1c[nH]c2ccccc12,3.035400000000001,CN(Cc1cccc(N(C)C)c1)C(=O)Cc1c[nH]c2ccccc12,True,3.4350000000000023,0.3996000000000013,0.4,False,True
3.0,bin,11,0.0693100094795227,0.014019966125488281,0.12460005283355713,116747,COCCSc1ccccc1C(=O)Nc1cccc(C)n1,3.3808200000000017,CCN1C=CC=C(C(=O)Nc2ccccn2)C=C(N)CC1,True,2.0283999999999995,-1.3524200000000022,0.25,False,True
3.0,bin,11,0.0693100094795227,0.014019966125488281,0.12460005283355713,131060,CS(=O)(=O)NCCc1csc(-c2ccc(F)cc2)n1,2.0408999999999997,CC(=O)NCCNC(=O)CCc1csc(-c2ccc(C)cc2)n1,True,2.30342,0.2625200000000003,0.42857142857142855,False,True
3.0,bin,11,0.0693100094795227,0.014019966125488281,0.12460005283355713,131949,CCc1c(C)nc(SCC(=O)NC(C)C)[nH]c1=O,1.25742,CC(=O)c1c(C)nc(SCC(=O)OC(C)C)[nH]c1=O,True,1.32462,0.06719999999999993,0.4528301886792453,False,True
3.0,bin,11,0.0693100094795227,0.014019966125488281,0.12460005283355713,158879,COc1ccc(CC(=O)OCC(=O)c2c[nH]c3ccccc23)cc1,3.145100000000001,CN(C)c1ccc(CC(=O)OCC(=O)c2c[nH]c3ccccc23)cc1,True,3.2025000000000015,0.05740000000000034,0.74,False,True
3.0,bin,11,0.0693100094795227,0.014019966125488281,0.12460005283355713,232056,COCCNC(=O)c1cc(=O)c2cc(C)ccc2o1,1.4776199999999993,COCCCNC(=O)Cc1cc(=O)c2ccccc2o1,True,1.4881999999999993,0.010580000000000034,0.43103448275862066,False,True
3.0,bin,11,0.0693100094795227,0.014019966125488281,0.12460005283355713,235788,O=C(Cn1nc(-c2ccco2)oc1=O)NCC(F)(F)F,0.7747999999999999,COC(=O)CCCn1nc(-c2ccco2)oc1=O,True,1.0494999999999999,0.27469999999999994,0.5263157894736842,False,True
3.0,bin,11,0.0693100094795227,0.014019966125488281,0.12460005283355713,236081,CC(=O)c1c(C)[nH]c(C(=O)CSc2nc(C(C)C)n[nH]2)c1C,3.0506400000000014,Cc1cc(C)c(C(=O)CSc2nc(C(C)(C)C)n[nH]2)[nH]1,True,3.0221400000000003,-0.02850000000000108,0.4,False,True
3.0,bin,11,0.0693100094795227,0.014019966125488281,0.12460005283355713,281081,O=C(Cn1cccn1)NCc1cccnc1Oc1ccc(F)cc1F,2.665000000000001,CCOc1ccccc1Oc1ncccc1CNC(=O)Cn1cccn1,True,2.7855,0.12049999999999894,0.7241379310344828,False,True
3.0,bin,11,0.0693100094795227,0.014019966125488281,0.12460005283355713,284170,COc1ccc(-c2nc(CC(=O)Nc3cccc(C)n3)cs2)cc1,3.7033200000000024,CCOc1ccc(-c2nc(CC(=O)Nc3ccccn3)cs2)cc1,True,3.785000000000002,0.08167999999999953,0.6101694915254238,False,True
3.0,bin,11,0.0693100094795227,0.014019966125488281,0.12460005283355713,288369,Cc1ccc(NCc2nnc3n2CCCCC3)cc1C,3.2334400000000016,Brc1ccccc1NCc1nnc2n1CCCCC2,True,3.379100000000002,0.14566000000000034,0.5490196078431373,False,True
3.0,bin,11,0.0693100094795227,0.014019966125488281,0.12460005283355713,302889,COc1ccc(OC)c(NC(=O)CCNC(=O)c2cccs2)c1,2.5239000000000003,O=C(CCNC(=O)c1cccs1)Nc1cccc(F)c1,True,2.6458000000000004,0.12190000000000012,0.5263157894736842,False,False
3.0,bin,11,0.0693100094795227,0.014019966125488281,0.12460005283355713,327141,COc1ccc(OC)c(S(=O)(=O)Nc2ccn(C)n2)c1,1.2381,COc1ccc(OC)c(S(=O)(=O)Nc2cc[nH]n2)c1,True,1.2276999999999998,-0.010400000000000187,0.6170212765957447,False,True
3.0,bin,11,0.0693100094795227,0.014019966125488281,0.12460005283355713,327382,CNC(=O)C1CN(C(=O)c2c(C)noc2C)c2ccccc2O1,1.4452399999999996,CNC(=O)C1CN(C(=O)c2c(C)noc2C)c2ccccc2O1,True,1.4452399999999996,0.0,1.0,True,False
3.0,bin,11,0.0693100094795227,0.014019966125488281,0.12460005283355713,406491,COCCNC(=O)C1CCCN(S(=O)(=O)N2CCOCC2)C1,-0.9619999999999964,COCCNC(=O)C1CCN(S(=O)(=O)N2CCOCC2)CC1,True,-0.9619999999999964,0.0,0.7659574468085106,False,True
3.0,bin,11,0.0693100094795227,0.014019966125488281,0.12460005283355713,413951,O=C(Cn1ncn2cccc2c1=O)N1CCCCCC1,0.8985999999999996,COC=C1C=CN(CC(=O)N2CCCCCC2)C(=O)C1=N,True,1.2949699999999997,0.3963700000000001,0.3064516129032258,False,True
3.0,bin,11,0.0693100094795227,0.014019966125488281,0.12460005283355713,427929,CCNc1nc(NCc2ccccc2Cl)c2cnn(C)c2n1,3.060600000000001,CCCn1ncc2c(NCc3ccc(C)cc3)nc(N)nc21,True,2.73902,-0.32158000000000087,0.3384615384615385,False,True
3.0,bin,11,0.0693100094795227,0.014019966125488281,0.12460005283355713,447130,CCC(NC(=O)C1CCN(C(=O)C2CC2)CC1)c1ccc(C)cc1,3.2109200000000016,CC(C)CC(NC(=O)C1CCN(C(=O)C2CC2)CC1)c1ccccc1,True,3.5386000000000024,0.32768000000000086,0.6274509803921569,False,False
3.0,bin,11,0.0693100094795227,0.014019966125488281,0.12460005283355713,481908,CCNS(=O)(=O)c1ccc(C)c(C(=O)Nc2ncccc2C)c1,2.24894,CNS(=O)(=O)c1cccnc1NC(=O)C1C=CC(C)=CC(C)=C1,True,2.0068,-0.24214000000000002,0.3283582089552239,False,True
3.0,bin,11,0.0693100094795227,0.014019966125488281,0.12460005283355713,485220,Cc1nn(CC(=O)N2CCN(C)CC2)c(C)c1Br,1.03644,Cc1nn(CC(=O)N2CCN(C)CC2)c(C)c1Br,True,1.03644,0.0,1.0,True,False
3.0,bin,11,0.0693100094795227,0.014019966125488281,0.12460005283355713,526363,Cc1nnc(SCC(=O)Nc2ccc(O)cc2)n(N)c1=O,0.09692,N#Cc1nnc(SCC(=O)Nc2ccc(O)cc2)n(N)c1=O,True,-0.33981999999999996,-0.43673999999999996,0.7058823529411765,False,True
3.0,bin,11,0.0693100094795227,0.014019966125488281,0.12460005283355713,536853,COc1ccc(C2CCCN2C(=O)C2CCC2)c(OC)c1,3.1674000000000015,COc1ccc(C2CCCN2C(=O)C2CCC2)cc1OC,True,3.1674000000000015,0.0,0.6326530612244898,False,True
3.0,bin,11,0.0693100094795227,0.014019966125488281,0.12460005283355713,540312,Cc1nn(C)c2nc(C3CC3)cc(C(=O)NCC(=O)NC(C)(C)C)c12,1.7986199999999997,COCCCNC(=O)c1cc(C2CC2)nc2c1c(C)nn2C,True,1.9204199999999998,0.12180000000000013,0.65,False,True
3.0,bin,11,0.0693100094795227,0.014019966125488281,0.12460005283355713,544381,Cc1nc(N2CCCC(C(=O)NC(C)C)C2)c2c(C)c(C)oc2n1,2.8890600000000006,C=CCNC(=O)CCCN(CC)c1nc(C(C)C)nc2oc(C)cc12,True,3.5633200000000027,0.6742600000000021,0.1724137931034483,False,True
3.0,bin,11,0.0693100094795227,0.014019966125488281,0.12460005283355713,544382,CCCNC(=O)C1CCCN(c2nc(C)nc3oc(C)c(C)c23)C1,2.8906600000000013,C=CCNC(=O)C1CCN(c2nc(C)nc3oc(C)c(C)c23)CC1,True,2.666660000000001,-0.2240000000000002,0.5873015873015873,False,True
3.0,bin,11,0.0693100094795227,0.014019966125488281,0.12460005283355713,550049,Cc1ccc(C)c(OCC(=O)Nc2cccc(-n3cnnc3)c2)c1,2.9016400000000013,O=C(COc1ccccc1Cl)Nc1cccc(-n2cnnc2)c1,True,2.9382,0.036559999999998816,0.6666666666666666,False,False
3.0,bin,11,0.0693100094795227,0.014019966125488281,0.12460005283355713,573533,Cc1nn(-c2ncc(C(F)(F)F)cc2Cl)c(=O)o1,2.2011199999999995,Cc1nn(-c2ccc(C(F)(F)F)cn2)c(=O)o1,True,1.5477199999999995,-0.6534,0.5869565217391305,False,True
3.0,bin,11,0.0693100094795227,0.014019966125488281,0.12460005283355713,582555,O=C(NCC(O)c1ccccc1)c1ccc2c(=O)n3c(nc2c1)CCC3,1.8061000000000003,C=CC=CC(O)CN(C)CCNC(=O)c1ccc2c(=O)[nH]c(C=C)nc2c1,True,1.3308,-0.4753000000000003,0.29411764705882354,False,True
3.0,bin,11,0.0693100094795227,0.014019966125488281,0.12460005283355713,588547,Cc1n[nH]c(C)c1NC(=O)CCc1ccc(Cl)cc1Cl,3.9046400000000023,Cc1n[nH]c(C)c1NC(=O)CC(C)(C)c1ccc(F)c(F)c1F,True,3.7502400000000025,-0.15439999999999987,0.4406779661016949,False,True
3.0,bin,11,0.0693100094795227,0.014019966125488281,0.12460005283355713,607673,CCCN(CC1CC1)S(=O)(=O)c1ccccc1F,2.636400000000001,CCCN(CC1CC1)S(=O)(=O)c1ccc(C#N)cc1F,True,2.5080800000000005,-0.12832000000000043,0.6458333333333334,False,True
3.0,bin,11,0.0693100094795227,0.014019966125488281,0.12460005283355713,617681,Cc1cc(C(=O)Nc2nc(-c3ccncc3)cs2)nn1C(C)C,3.5432200000000016,CCC(C)n1ccc(C(=O)Nc2nc(-c3ccncc3)cs2)n1,True,3.624900000000002,0.08168000000000042,0.5932203389830508,False,True
3.0,bin,11,0.0693100094795227,0.014019966125488281,0.12460005283355713,650267,COc1ccc2oc(C(=O)NC3CCCCNC3=O)c(C)c2c1,2.14832,CCOc1cccc2cc(C(=O)NC3CCCCNC3=O)oc12,True,2.2299999999999995,0.08167999999999953,0.4444444444444444,False,True
3.0,bin,11,0.0693100094795227,0.014019966125488281,0.12460005283355713,668639,Cc1cc(NC(=O)c2ccccc2Cl)ncc1N,2.8779200000000005,COC1=CC(C(=O)Nc2cc(C)ccn2)C=COC1C,True,2.40742,-0.47050000000000036,0.21739130434782608,False,True
3.0,bin,11,0.0693100094795227,0.014019966125488281,0.12460005283355713,673160,CCC(=O)Nc1ccc2oc(C(F)(F)F)cc(=O)c2c1,3.160300000000001,CC(C)NC(=O)c1cc(=O)c2cc(C(F)(F)F)ccc2o1,True,2.950000000000001,-0.21030000000000015,0.43636363636363634,False,True
3.0,bin,11,0.0693100094795227,0.014019966125488281,0.12460005283355713,711169,Cc1cccc(C(C)C)c1NC(=O)N(C)Cc1ccncc1,4.177320000000003,O=C(CC(F)(F)F)NC1C=CC=CCN(Cc2ccncc2)C1,True,2.4468000000000005,-1.730520000000002,0.2054794520547945,False,True
3.0,bin,11,0.0693100094795227,0.014019966125488281,0.12460005283355713,720969,Cc1noc(C)c1CCC(=O)OCC(=O)N1c2ccccc2CC1C,2.7450400000000013,Cc1ccc2c(c1)CC(C)N2C(=O)CCOC(=O)CCc1cnoc1C,True,3.1351400000000016,0.39010000000000034,0.4657534246575342,False,True
3.0,bin,11,0.0693100094795227,0.014019966125488281,0.12460005283355713,730789,COC(=O)C1CCN(C(=O)c2cc3ccc(F)cc3nc2C)CC1,2.7075200000000006,COC(=O)C1CCN(C(=O)c2cc(F)cccccnc2C)CC1,True,2.678720000000001,-0.028799999999999493,0.631578947368421,False,True
3.0,bin,11,0.0693100094795227,0.014019966125488281,0.12460005283355713,738178,Cc1ccc(-n2ccnc2SCc2nc(C3CC3)no2)cc1C,4.041840000000003,Clc1ccc(-n2ccnc2SCc2nc(C3CC3)no2)cc1,True,4.078400000000002,0.036559999999998816,0.7358490566037735,False,True
3.0,bin,11,0.0693100094795227,0.014019966125488281,0.12460005283355713,771897,COc1ccccc1OCC(=O)N(C)Cc1sccc1C,3.102520000000002,C#CCN(C=O)CC1=CC=C(C)[SH]1C,True,1.5103,-1.592220000000002,0.12121212121212122,False,True
3.0,bin,11,0.0693100094795227,0.014019966125488281,0.12460005283355713,811446,COC(=O)C1(NC(=O)c2cc(Br)c[nH]2)CCCCCC1,2.7730000000000006,CCCCCC(NC(=O)c1cc(Br)c(C)[nH]1)C(=O)OC,True,2.9373200000000006,0.16432000000000002,0.2698412698412698,False,True
3.0,bin,11,0.0693100094795227,0.014019966125488281,0.12460005283355713,848291,CCC(C)NC(=O)NCc1noc(-c2cccs2)n1,2.3958000000000004,O=C(NCc1noc(-c2cccs2)n1)C(F)(F)F,True,1.9765999999999997,-0.4192000000000007,0.6111111111111112,False,True
3.0,bin,11,0.0693100094795227,0.014019966125488281,0.12460005283355713,863440,COc1ccc(-c2nc(CCCO)cs2)cc1OC,2.752200000000001,CC=S1C=C(CCCO)N=C1NC(=O)C(C)(C)CN,True,1.1620000000000001,-1.590200000000001,0.17391304347826086,False,True
3.0,bin,11,0.0693100094795227,0.014019966125488281,0.12460005283355713,864663,N#Cc1ccc(-c2cc(F)ccc2F)nc1N1CCCC1,3.498680000000002,CCOc1ccccc1-c1ccc(C#N)c(N2CCCC2)n1,True,3.6191800000000027,0.12050000000000072,0.5471698113207547,False,True
3.0,bin,11,0.0693100094795227,0.014019966125488281,0.12460005283355713,872100,CCc1cccc(C)c1NCC(O)c1ccc2c(c1)OCCO2,3.474120000000002,Cc1cccc(Cl)c1NCC(O)c1ccc2c(c1)OCCO2,True,3.565120000000001,0.0909999999999993,0.74,False,True
3.0,bin,11,0.0693100094795227,0.014019966125488281,0.12460005283355713,886334,COc1ccc(C(=O)N2CCCC(C(=O)N3CCCCC3)C2)c(O)c1,2.2655000000000003,N#Cc1ccc(C(=O)N2CCCC(C(=O)N3CCCCC3)C2)cc1,True,2.422980000000001,0.1574800000000005,0.4727272727272727,False,True
3.0,bin,11,0.0693100094795227,0.014019966125488281,0.12460005283355713,887387,COCCNC(=O)N(Cc1cccc(F)c1)CC1CCCO1,2.1627,COCCCNC(=O)N(Cc1ccccc1)CC1CCCO1,True,2.4137000000000004,0.25100000000000033,0.6949152542372882,False,True
3.0,bin,11,0.0693100094795227,0.014019966125488281,0.12460005283355713,889149,N#Cc1ccc(NC(=O)c2ccc(Br)cc2Cl)nc1,3.621480000000001,O=C(Nc1ccc(Br)cn1)c1ccc(Cl)cc1F,True,3.8889000000000005,0.26741999999999955,0.5192307692307693,False,True
3.0,bin,11,0.0693100094795227,0.014019966125488281,0.12460005283355713,913483,O=C(CNC(=O)NCCc1c(Cl)cccc1Cl)NC1CC1,2.1137000000000006,CC(Cc1ccccc1Br)NC(=O)NCC(=O)NC1CC1,True,1.9579,-0.1558000000000006,0.42105263157894735,False,True
3.0,bin,11,0.0693100094795227,0.014019966125488281,0.12460005283355713,917620,C=CCN(Cc1ccccc1OC)C(=O)c1csc(C)n1,3.288520000000002,COc1ccccc1CN(CC(F)(F)F)C(=O)c1csc(C)n1,True,3.6648200000000024,0.3763000000000005,0.7037037037037037,False,True
3.0,bin,11,0.0693100094795227,0.014019966125488281,0.12460005283355713,918312,CCOc1ccc(Cl)c(C(=O)N2CCN(c3ncccn3)CC2)n1,1.8860999999999997,CC(C)c1ccc(C(=O)N2CCN(c3ncccn3)CC2)nc1,True,1.9574,0.07130000000000036,0.43103448275862066,False,True
3.0,bin,11,0.0693100094795227,0.014019966125488281,0.12460005283355713,922879,CC(=O)c1ccc(N2CCN(Cc3c(F)cccc3F)CC2)cc1,3.489600000000003,Fc1ccc(N2CCN(Cc3cc(F)c(F)cc3F)CC2)cc1,True,3.5652000000000026,0.07559999999999967,0.4166666666666667,False,True
3.0,bin,11,0.0693100094795227,0.014019966125488281,0.12460005283355713,927535,COc1cc(CN2CCN(c3ccccc3F)CC2)ccc1O,2.862100000000002,COc1ccc(N2CCN(Cc3ccccc3)CC2)cc1O,True,2.723000000000001,-0.1391000000000009,0.5094339622641509,False,True
3.0,bin,11,0.0693100094795227,0.014019966125488281,0.12460005283355713,927567,Cc1ccccc1N1CCN(Cc2cccc(O)c2)CC1,3.022820000000001,CCOc1ccccc1NC1CCN(Cc2cccc(N)c2)C1,True,3.353900000000001,0.33108000000000004,0.2727272727272727,False,True
3.0,bin,11,0.0693100094795227,0.014019966125488281,0.12460005283355713,938108,CC(c1ccccc1)N(C)C(=O)CCC(=O)Nc1nccs1,3.0814000000000012,CC(c1ccccc1)N(C)C(=O)CCC(=O)Nc1nccs1,True,3.0814000000000012,0.0,1.0,True,False
3.0,bin,11,0.0693100094795227,0.014019966125488281,0.12460005283355713,943303,CN(CCCOc1ccccc1)C(=O)Nc1cccc2c1OCCO2,3.390600000000002,CN(CCCOc1ccc(F)cc1)C(=O)Nc1cccc2c1OCCO2,True,3.529700000000002,0.1391,0.8301886792452831,False,True
3.0,bin,11,0.0693100094795227,0.014019966125488281,0.12460005283355713,946289,CC(NC(=O)C1(c2cc(-c3ccco3)on2)CC1)c1ccccc1,3.843600000000002,CC1=CC=C2C(C)NC(=O)C(C)(c3cc(-c4ccco4)on3)C2C=C1,True,3.769300000000003,-0.07429999999999914,0.33783783783783783,False,True
3.0,bin,11,0.0693100094795227,0.014019966125488281,0.12460005283355713,994077,Cc1nnc(Cn2c(-c3cccc(Br)c3)noc2=O)o1,2.0055199999999997,CC(C)Cc1nnc(Cn2c(-c3ccccc3)noc2=O)o1,True,2.1330999999999998,0.12758000000000003,0.5555555555555556,False,True
3.0,bin,11,0.0693100094795227,0.014019966125488281,0.12460005283355713,1065620,O=C(NCc1cccnc1Oc1ccccc1)c1cccnc1,3.198900000000002,CN(Cc1cccnc1)C(=O)c1cccnc1Oc1ccccc1,True,3.541100000000002,0.34220000000000006,0.4576271186440678,False,True
3.0,bin,11,0.0693100094795227,0.014019966125488281,0.12460005283355713,1093926,CN(C(=O)CNc1cccc(OCC2CCCO2)c1)c1ccccc1,3.319300000000002,CN(C(=O)CNc1cccc(OCC2CCCO2)c1)c1cccc(F)c1,True,3.458400000000002,0.1391,0.8305084745762712,False,True
3.0,bin,11,0.0693100094795227,0.014019966125488281,0.12460005283355713,1107920,CCc1ccc(-n2cc(C(=O)NC(C)c3ccccc3)nn2)cc1,3.320700000000002,CC(C)c1ccc(CNC(=O)c2cn(-c3ccccc3)nn2)cc1,True,3.3207000000000013,-8.881784197001252e-16,0.5818181818181818,False,True
3.0,bin,11,0.0693100094795227,0.014019966125488281,0.12460005283355713,1113130,CC(NC(=O)Cn1nnnc1C(C)(C)C)c1cccc2ccccc12,3.0012000000000016,CCn1nnnc1C(CC(C)C)NC(=O)C1NC=Cc2ccccc21,True,2.2116,-0.7896000000000019,0.28205128205128205,False,True
3.0,bin,11,0.0693100094795227,0.014019966125488281,0.12460005283355713,1121751,COC(=O)Cn1ccc(NS(=O)(=O)c2ccc(F)c(F)c2F)n1,1.2742,O=C1CNC=CC(NS(=O)(=O)c2ccccc2Cl)CO1,True,0.6470000000000002,-0.6271999999999998,0.11842105263157894,False,True
3.0,bin,11,0.0693100094795227,0.014019966125488281,0.12460005283355713,1142531,CCOC(C)C(=O)NCCc1csc(-c2ccc(C)cc2)n1,3.2022200000000014,COc1ccc(C=NC(C=CS)CCNC(=O)C(C)C)cc1,True,3.0885000000000016,-0.11371999999999982,0.21333333333333335,False,True
3.0,bin,11,0.0693100094795227,0.014019966125488281,0.12460005283355713,1212157,CN(Cc1ccc(F)c(F)c1)C(=O)c1cncc(-c2cnn(C)c2)c1,3.0325000000000015,CCN(Cc1cccc(O)c1)C(=O)c1cncc(-c2cnn(C)c2)c1,True,2.8500000000000005,-0.182500000000001,0.5555555555555556,False,True
3.0,bin,11,0.0693100094795227,0.014019966125488281,0.12460005283355713,1215394,CCn1nc(C)cc1C(=O)Oc1cccc(NC(=O)C(C)C)c1,3.025120000000001,CCn1nc(C)cc1C(=O)Oc1cccc(SC)c1,True,3.1525200000000018,0.12740000000000062,0.6181818181818182,False,True
3.0,bin,11,0.0693100094795227,0.014019966125488281,0.12460005283355713,1232922,CC(C)(C)OC(=O)NC1CCCN(S(=O)(=O)N2CCOCC2)C1,0.5525000000000011,CCC(CC)NC(=O)C1CCN(S(=O)(=O)N2CCOCC2)CC1,True,0.5802000000000014,0.02770000000000028,0.38596491228070173,False,True
3.0,bin,11,0.0693100094795227,0.014019966125488281,0.12460005283355713,1238973,FC(F)(F)c1cnc(N2CCn3c(nnc3C3CC3)C2)c(Cl)c1,3.2429000000000023,ClC(Cl)(Cl)C=CN=CN1CCN(C=NN=CC=CC2CC2)C1,True,3.4540000000000024,0.21110000000000007,0.09210526315789473,False,True
3.0,bin,11,0.0693100094795227,0.014019966125488281,0.12460005283355713,1299495,Cc1cc(CC(=O)N2CCCC2C(C#N)c2ccccc2)no1,2.823900000000001,CCOC=CC=C(C)CC1C=CON=CC2CCCN2C1=O,True,3.009900000000002,0.18600000000000083,0.1839080459770115,False,True
3.0,bin,11,0.0693100094795227,0.014019966125488281,0.12460005283355713,1309906,CC(C)CC(NC(=O)c1cc(=O)c2ccccc2o1)C(=O)OC(C)C,2.8891000000000018,CC(C)CCC(C#N)NC(=O)c1cc(=O)c2ccccc2o1,True,2.851180000000001,-0.03792000000000062,0.5614035087719298,False,True
3.0,bin,11,0.0693100094795227,0.014019966125488281,0.12460005283355713,1362816,COCc1cccc(C(=O)NC2CC2c2cccc(Cl)c2)c1,3.772300000000002,O=C(NC1CC1c1cccc(Cl)c1)c1ccc(F)cc1,True,3.7650000000000023,-0.007299999999999862,0.6037735849056604,False,True
3.0,bin,11,0.0693100094795227,0.014019966125488281,0.12460005283355713,1441838,COCC(=O)NC(C(=O)Nc1cccc(-c2nccs2)c1)C(C)C,2.5358,O=C(NCCCO)Nc1cccc(-c2nccs2)c1,True,2.314,-0.2218,0.5161290322580645,False,True
3.0,bin,11,0.0693100094795227,0.014019966125488281,0.12460005283355713,1450449,CCCNC(=O)CSc1nc2c(cc1C#N)CCCC2,2.450380000000001,CCOC(=O)C(C)Sc1nc2c(cc1C#N)CCCC2,True,2.8757800000000016,0.42540000000000067,0.5517241379310345,False,False
3.0,bin,11,0.0693100094795227,0.014019966125488281,0.12460005283355713,1451910,O=S(=O)(NCc1nnc2ccccn12)c1ccc(F)c(F)c1,1.4859999999999995,CCOc1ccccc1S(=O)(=O)NCc1nnc2ccccn12,True,1.6065,0.1205000000000005,0.5357142857142857,False,True
3.0,bin,11,0.0693100094795227,0.014019966125488281,0.12460005283355713,1479798,Cc1nc(C)c(CCC(=O)N(CC(C)C)CC(F)(F)F)c(=O)[nH]1,2.3662400000000003,CC=NC(C)=C(F)CCC(=O)N(CC(C)C)CC(F)F,True,3.8080000000000025,1.4417600000000022,0.2857142857142857,False,True
3.0,bin,11,0.0693100094795227,0.014019966125488281,0.12460005283355713,1507926,COC(=O)C(C)NC(=O)Cc1csc(-c2ccccc2Cl)n1,2.6837,Cc1ccccc1-c1nc(CC(=O)N(C)C)cs1,True,2.749220000000001,0.06552000000000113,0.42105263157894735,False,False
3.0,bin,11,0.0693100094795227,0.014019966125488281,0.12460005283355713,1527882,Nc1ncccc1C(=O)Nc1ccc2cn[nH]c2c1,1.7923999999999998,COc1ccc(C(=O)Nc2ccc3cn[nH]c3c2)cn1,True,2.2188,0.4264000000000001,0.5178571428571429,False,True
3.0,bin,11,0.0693100094795227,0.014019966125488281,0.12460005283355713,1532848,COc1ccc(-c2ccc3c(=O)[nH]cnc3c2)cc1Cl,3.2521000000000013,O=c1[nH]cnc2ccc(-c3ccccc3Br)cc12,True,3.3526000000000016,0.10050000000000026,0.37735849056603776,False,True
3.0,bin,11,0.0693100094795227,0.014019966125488281,0.12460005283355713,1548351,COc1cc(OC)c2c(c1)C(c1cnccn1)NCC2,1.7288999999999999,COc1cc2c(cc1OC)C(c1cnccn1)NCC2,True,1.7288999999999999,0.0,0.6458333333333334,False,False
3.0,bin,11,0.0693100094795227,0.014019966125488281,0.12460005283355713,1570134,COc1cccc(C(C)N2CCN(C(=O)c3ccc(O)cc3)CC2)c1,2.9198000000000013,COc1ccccc1C(=O)N1CCN(Cc2ccc(F)cc2)CC1,True,2.792300000000001,-0.1275000000000004,0.27692307692307694,False,False
3.0,bin,11,0.0693100094795227,0.014019966125488281,0.12460005283355713,1611406,CC(C)(C)N1CC(NC(=O)C2COc3ccc(F)cc3C2)CC1=O,1.8923999999999994,CCCCN1CC(NC(=O)C2COc3ccc(F)cc3C2)CC1=O,True,1.8939999999999997,0.0016000000000002679,0.6774193548387096,False,True
3.0,bin,11,0.0693100094795227,0.014019966125488281,0.12460005283355713,1612684,CCCC1CN(C(=O)Nc2ccn(CCC(C)C)n2)CCO1,2.9620000000000015,CCC1CCN(C(=O)Nc2ccn(CCC(C)C)n2)CCO1,True,2.9620000000000015,0.0,0.7586206896551724,False,True
3.0,bin,11,0.0693100094795227,0.014019966125488281,0.12460005283355713,1639675,CCC(CC)c1nnc(NC(=O)c2scnc2C2CC2)s1,4.0279000000000025,CCC1C=NN=C(NC(=O)c2scnc2C2CC2(C)OCS)CC1,True,3.227100000000002,-0.8008000000000006,0.3466666666666667,False,True
3.0,bin,11,0.0693100094795227,0.014019966125488281,0.12460005283355713,1675660,COc1ccnc(NC(=O)c2cccc(Cl)c2)c1,2.9959000000000007,N#CCOc1cccc(C(=O)Nc2cc(Br)ccn2)c1,True,2.998780000000001,0.0028800000000002157,0.4642857142857143,False,True
3.0,bin,11,0.0693100094795227,0.014019966125488281,0.12460005283355713,1689728,CCc1noc(CSc2ncnc3sc(C)cc23)n1,3.237420000000002,Cc1noc(C(C)Sc2ncnc3sc(C)cc23)n1,True,3.5444400000000025,0.3070200000000005,0.47368421052631576,False,True
3.0,bin,11,0.0693100094795227,0.014019966125488281,0.12460005283355713,1720876,CC(C)(C)CC(=O)NCC(=O)Nc1ccc2c(c1)COC2,2.2077,CC(OCC(F)(F)F)C(=O)Nc1ccc2c(c1)COC2,True,2.622700000000001,0.4150000000000009,0.4727272727272727,False,False
3.0,bin,11,0.0693100094795227,0.014019966125488281,0.12460005283355713,1757109,CC(C)Cc1ncc(CNc2ccc3c(c2)COC3)s1,3.983900000000003,FC(F)(F)CCC=NC=C(S)CNc1ccc2c(c1)COC2,True,4.313200000000003,0.3292999999999999,0.3384615384615385,False,True
3.0,bin,11,0.0693100094795227,0.014019966125488281,0.12460005283355713,1774061,O=C1NCCCc2[nH]c(-c3cccc4[nH]ccc34)nc21,2.234,O=C1NCCCc2[nH]c(C3=CC4=CNCC=C4NC3)nc21,True,0.44330000000000014,-1.7906999999999997,0.4126984126984127,False,True
3.0,bin,11,0.0693100094795227,0.014019966125488281,0.12460005283355713,1800687,Cc1nn(C)c(-c2nc(-c3cccnn3)no2)c1Cl,1.8889199999999997,Cc1nn(C)c(C)c1-c1nc(-c2ccc(Cl)nn2)no1,True,2.1973399999999996,0.3084199999999999,0.48148148148148145,False,True
3.0,bin,11,0.0693100094795227,0.014019966125488281,0.12460005283355713,1815867,FC(F)(F)c1ccc(CN2CCOCC2c2ncon2)cc1,2.661900000000001,FC(F)(F)c1ccccc1CN1CCOCC1c1ncon1,True,2.6619,-8.881784197001252e-16,0.6666666666666666,False,True
3.0,bin,11,0.0693100094795227,0.014019966125488281,0.12460005283355713,1828580,Cc1ccc(N2CC3OCC(=O)N(Cc4cccc(F)c4)C3C2)nn1,1.54032,CCNC(=O)COCCN(CCNc1ccc(F)nn1)Cc1ccccc1,True,1.6825,0.1421800000000002,0.15217391304347827,False,True
3.0,bin,11,0.0693100094795227,0.014019966125488281,0.12460005283355713,1836183,CCc1ccc(C(=O)NCc2nccc(N(C)C)n2)cc1,2.035,CCc1c(C)nc(CNC(=O)c2ccccc2)nc1C#N,True,2.1491,0.11409999999999965,0.36666666666666664,False,True
3.0,bin,11,0.0693100094795227,0.014019966125488281,0.12460005283355713,1842499,COc1ccccc1COc1ccccc1-c1cnn(CCO)c1,3.1300000000000017,COc1ccccc1COc1ccccc1-c1cnn(CCO)c1,True,3.1300000000000017,0.0,1.0,True,False
3.0,bin,11,0.0693100094795227,0.014019966125488281,0.12460005283355713,1865564,COC(CNC(=O)c1ccoc1)c1cccc(F)c1,2.536200000000001,COc1ccc(CCNC(=O)c2ccoc2)cc1F,True,2.399800000000001,-0.13640000000000008,0.45,False,True
3.0,bin,11,0.0693100094795227,0.014019966125488281,0.12460005283355713,1868773,CCCOc1ccc(Cl)c2c1CCNC2C1CC(=O)C1,3.2947000000000015,NC1CC1C1CC(=O)c2ccc(C(F)(F)F)c(Cl)c21,True,3.376000000000002,0.0813000000000006,0.17391304347826086,False,True
3.0,bin,11,0.0693100094795227,0.014019966125488281,0.12460005283355713,1873123,CCC1OC(=O)c2c(OC)ccc(Br)c21,3.079200000000002,C=CCC1OC(=O)c2cc(Br)ccc21,True,3.2367000000000017,0.15749999999999975,0.2692307692307692,False,True
3.0,bin,11,0.0693100094795227,0.014019966125488281,0.12460005283355713,1875028,Cc1cccc(C)c1NCC(=O)N1CCCC2CCCCC21,3.8965400000000034,O=C(CNc1cccc(Br)c1)N1CCCC2CCCCC21,True,4.042200000000003,0.14565999999999946,0.62,False,True
3.0,bin,11,0.0693100094795227,0.014019966125488281,0.12460005283355713,1895921,CCC(CC)N(C)C(=O)CC1OC(=O)c2ccccc21,2.935200000000002,CCCCCN(C)C(=O)CC1OC(=O)c2ccccc21,True,2.9368000000000016,0.0015999999999998238,0.625,False,True
3.0,bin,11,0.0693100094795227,0.014019966125488281,0.12460005283355713,1907077,Cc1ccc2[nH]nc(C(=O)Nc3nc(-c4ccco4)cs3)c2c1,3.8401200000000015,CCNC1(C(=O)NC2=NC(c3ccco3)=CS2=N)Nc2ccccc21,True,2.33247,-1.5076500000000017,0.23809523809523808,False,True
3.0,bin,11,0.0693100094795227,0.014019966125488281,0.12460005283355713,1913063,Cc1nn(C)c(C)c1CN(C(=O)c1cn2cccc(C)c2n1)C1CC1,2.797860000000001,CSc1cccn2cc(C(=O)N(Cc3c[nH]nc3C)C3CC3)nc12,True,2.892520000000001,0.09466000000000019,0.5211267605633803,False,True
3.0,bin,11,0.0693100094795227,0.014019966125488281,0.12460005283355713,1922265,CN(CCNC(=O)c1ccc2c(c1)ncn2C)c1ccccc1,2.4395000000000007,CCOC(=O)C1=CC=CC(NCCNC(=O)c2cccc(N=C[NH])c2)C1,True,1.7666999999999997,-0.672800000000001,0.2235294117647059,False,True
3.0,bin,12,0.1658499836921692,0.12460005283355713,0.20709991455078125,32052,COc1ccccc1CNC(=O)Cc1c[nH]c2ccccc12,3.035400000000001,COCc1cccc(CNC(=O)Cc2c[nH]c3ccc(F)cc23)c1,True,3.3123000000000014,0.27690000000000037,0.5172413793103449,False,True
3.0,bin,12,0.1658499836921692,0.12460005283355713,0.20709991455078125,116747,COCCSc1ccccc1C(=O)Nc1cccc(C)n1,3.3808200000000017,CCCOc1ccccc1C(=O)Nc1cccc(OC)n1,True,3.1313000000000013,-0.2495200000000004,0.4482758620689655,False,True
3.0,bin,12,0.1658499836921692,0.12460005283355713,0.20709991455078125,131060,CS(=O)(=O)NCCc1csc(-c2ccc(F)cc2)n1,2.0408999999999997,CC(=O)NCCC(=O)Nc1nc(-c2ccc(C)cc2)cs1,True,2.5832200000000007,0.542320000000001,0.234375,False,True
3.0,bin,12,0.1658499836921692,0.12460005283355713,0.20709991455078125,131949,CCc1c(C)nc(SCC(=O)NC(C)C)[nH]c1=O,1.25742,CCC=C(C)N=C(CNC=O)SCC(=O)N(C)CC,True,1.6562000000000001,0.39878000000000013,0.12857142857142856,False,True
3.0,bin,12,0.1658499836921692,0.12460005283355713,0.20709991455078125,158879,COc1ccc(CC(=O)OCC(=O)c2c[nH]c3ccccc23)cc1,3.145100000000001,O=C(CC(=O)c1cccc(F)c1)Cc1c[nH]c2ccccc12,True,3.691600000000002,0.5465000000000009,0.3125,False,True
3.0,bin,12,0.1658499836921692,0.12460005283355713,0.20709991455078125,232056,COCCNC(=O)c1cc(=O)c2cc(C)ccc2o1,1.4776199999999993,COCCCNC(=O)c1cc(=O)c2cc(F)ccc2o1,True,1.6984,0.22078000000000064,0.66,False,True
3.0,bin,12,0.1658499836921692,0.12460005283355713,0.20709991455078125,235788,O=C(Cn1nc(-c2ccco2)oc1=O)NCC(F)(F)F,0.7747999999999999,CCC(C)NC(=O)Cn1nc(-c2ccco2)oc1=O,True,1.011,0.23619999999999997,0.6296296296296297,False,True
3.0,bin,12,0.1658499836921692,0.12460005283355713,0.20709991455078125,236081,CC(=O)c1c(C)[nH]c(C(=O)CSc2nc(C(C)C)n[nH]2)c1C,3.0506400000000014,CC(=O)c1c(C)[nH]c(C(=O)CSc2nc(C(C)(C)C)n[nH]2)c1C,True,3.2247400000000015,0.17410000000000014,0.6862745098039216,False,True
3.0,bin,12,0.1658499836921692,0.12460005283355713,0.20709991455078125,281081,O=C(Cn1cccn1)NCc1cccnc1Oc1ccc(F)cc1F,2.665000000000001,O=C(Cn1cccn1)NCc1cccnc1OC1C=CC=CC1,True,1.8579999999999999,-0.807000000000001,0.5441176470588235,False,True
3.0,bin,12,0.1658499836921692,0.12460005283355713,0.20709991455078125,284170,COc1ccc(-c2nc(CC(=O)Nc3cccc(C)n3)cs2)cc1,3.7033200000000024,Cc1cccc(NC(=O)Cc2csc(-c3cc(F)ccc3F)n2)n1,True,3.972920000000003,0.2696000000000005,0.6101694915254238,False,True
3.0,bin,12,0.1658499836921692,0.12460005283355713,0.20709991455078125,288369,Cc1ccc(NCc2nnc3n2CCCCC3)cc1C,3.2334400000000016,Clc1ccc(NCc2nnc3n2CCCCC3)cc1,True,3.2700000000000022,0.03656000000000059,0.6739130434782609,False,False
3.0,bin,12,0.1658499836921692,0.12460005283355713,0.20709991455078125,302889,COc1ccc(OC)c(NC(=O)CCNC(=O)c2cccs2)c1,2.5239000000000003,O=C(CCNC(=O)c1cccs1)Nc1cccc(F)c1,True,2.6458000000000004,0.12190000000000012,0.5263157894736842,False,False
3.0,bin,12,0.1658499836921692,0.12460005283355713,0.20709991455078125,327141,COc1ccc(OC)c(S(=O)(=O)Nc2ccn(C)n2)c1,1.2381,COCCNC1=CC(NS(=O)(=O)c2ccc(F)c(OC)c2)=N1,True,0.6020999999999995,-0.6360000000000005,0.2537313432835821,False,True
3.0,bin,12,0.1658499836921692,0.12460005283355713,0.20709991455078125,327382,CNC(=O)C1CN(C(=O)c2c(C)noc2C)c2ccccc2O1,1.4452399999999996,C=C1CN(C)c2onc(C)c2C(=O)N2C=CC=C1OC(C(=O)NC)C2,True,0.9736199999999997,-0.47161999999999993,0.3466666666666667,False,True
3.0,bin,12,0.1658499836921692,0.12460005283355713,0.20709991455078125,406491,COCCNC(=O)C1CCCN(S(=O)(=O)N2CCOCC2)C1,-0.9619999999999964,CN(C)C(=O)C1CCN(S(=O)(=O)N2CCOCC2)CC1,True,-0.6363999999999983,0.3255999999999981,0.41509433962264153,False,True
3.0,bin,12,0.1658499836921692,0.12460005283355713,0.20709991455078125,413951,O=C(Cn1ncn2cccc2c1=O)N1CCCCCC1,0.8985999999999996,O=C1CCCCCCNC=C2c3cccn3C=NN2C1,True,2.0163,1.1177000000000006,0.208955223880597,False,True
3.0,bin,12,0.1658499836921692,0.12460005283355713,0.20709991455078125,427929,CCNc1nc(NCc2ccccc2Cl)c2cnn(C)c2n1,3.060600000000001,CC(C)CNc1nc(NCc2ccccc2)c2cnn(C)c2n1,True,3.0433000000000012,-0.01729999999999965,0.5535714285714286,False,True
3.0,bin,12,0.1658499836921692,0.12460005283355713,0.20709991455078125,447130,CCC(NC(=O)C1CCN(C(=O)C2CC2)CC1)c1ccc(C)cc1,3.2109200000000016,C=C(C)CC(NC(=O)C1CCN(C(=O)C2CC2)CC1)c1ccccc1,True,3.458700000000003,0.24778000000000144,0.6037735849056604,False,True
3.0,bin,12,0.1658499836921692,0.12460005283355713,0.20709991455078125,481908,CCNS(=O)(=O)c1ccc(C)c(C(=O)Nc2ncccc2C)c1,2.24894,CCNS(=O)(=O)c1cc(F)c(C)c(C(=O)Nc2ccccn2)c1,True,2.07962,-0.16932000000000036,0.5166666666666667,False,True
3.0,bin,12,0.1658499836921692,0.12460005283355713,0.20709991455078125,485220,Cc1nn(CC(=O)N2CCN(C)CC2)c(C)c1Br,1.03644,CCN1CCN(C(=O)Cn2nc(C)cc2Br)CC1,True,1.1181199999999998,0.08167999999999975,0.4489795918367347,False,True
3.0,bin,12,0.1658499836921692,0.12460005283355713,0.20709991455078125,526363,Cc1nnc(SCC(=O)Nc2ccc(O)cc2)n(N)c1=O,0.09692,N#Cc1nnc(SCC(=O)Nc2ccc(F)cc2)[nH]c1=O,True,0.90648,0.80956,0.3492063492063492,False,True
3.0,bin,12,0.1658499836921692,0.12460005283355713,0.20709991455078125,536853,COc1ccc(C2CCCN2C(=O)C2CCC2)c(OC)c1,3.1674000000000015,COc1ccc(C2CCCN2C(=O)C2CCC2)cc1F,True,3.297900000000002,0.1305000000000005,0.5961538461538461,False,True
3.0,bin,12,0.1658499836921692,0.12460005283355713,0.20709991455078125,540312,Cc1nn(C)c2nc(C3CC3)cc(C(=O)NCC(=O)NC(C)(C)C)c12,1.7986199999999997,COCCOCCNC(=O)c1cc(C2CC2)nc2c1c(C)nn2C(C)C,True,2.59082,0.7922000000000002,0.4857142857142857,False,True
3.0,bin,12,0.1658499836921692,0.12460005283355713,0.20709991455078125,544381,Cc1nc(N2CCCC(C(=O)NC(C)C)C2)c2c(C)c(C)oc2n1,2.8890600000000006,CCCCNC(=O)CCC=Nc1ncnc2oc(C)c(C)c12,True,3.2384400000000015,0.3493800000000009,0.22784810126582278,False,True
3.0,bin,12,0.1658499836921692,0.12460005283355713,0.20709991455078125,544382,CCCNC(=O)C1CCCN(c2nc(C)nc3oc(C)c(C)c23)C1,2.8906600000000013,C=CCNC(=O)CCCN(CC)c1nc(C)nc2oc(CC)c(C)c12,True,3.310740000000002,0.42008000000000045,0.25925925925925924,False,True
3.0,bin,12,0.1658499836921692,0.12460005283355713,0.20709991455078125,550049,Cc1ccc(C)c(OCC(=O)Nc2cccc(-n3cnnc3)c2)c1,2.9016400000000013,Cc1cc(NC(=O)COc2ccc(F)cc2)c(-n2cnnc2)cc1C,True,3.0407400000000013,0.1391,0.40625,False,True
3.0,bin,12,0.1658499836921692,0.12460005283355713,0.20709991455078125,573533,Cc1nn(-c2ncc(C(F)(F)F)cc2Cl)c(=O)o1,2.2011199999999995,O=C1ON=C(C(F)(F)F)C12C=C(Cl)C(Br)=CN2,True,2.1625,-0.03861999999999943,0.19047619047619047,False,True
3.0,bin,12,0.1658499836921692,0.12460005283355713,0.20709991455078125,582555,O=C(NCC(O)c1ccccc1)c1ccc2c(=O)n3c(nc2c1)CCC3,1.8061000000000003,O=C1CC=c2c(nc[nH]c2=O)=CCc2c(ccc(F)c2F)C(O)CN1,True,-0.5949000000000002,-2.4010000000000007,0.08602150537634409,False,True
3.0,bin,12,0.1658499836921692,0.12460005283355713,0.20709991455078125,588547,Cc1n[nH]c(C)c1NC(=O)CCc1ccc(Cl)cc1Cl,3.9046400000000023,Cc1n[nH]c(C(C)C)c1NC(=O)CC(C)(C)c1ccccc1,True,4.147920000000003,0.24328000000000038,0.3333333333333333,False,True
3.0,bin,12,0.1658499836921692,0.12460005283355713,0.20709991455078125,607673,CCCN(CC1CC1)S(=O)(=O)c1ccccc1F,2.636400000000001,CCCCN(CC1CC1)S(=O)(=O)c1ccccc1,True,2.8874000000000013,0.25100000000000033,0.5555555555555556,False,True
3.0,bin,12,0.1658499836921692,0.12460005283355713,0.20709991455078125,617681,Cc1cc(C(=O)Nc2nc(-c3ccncc3)cs2)nn1C(C)C,3.5432200000000016,CC(C)(C)n1cc(F)c(C(=O)Nc2nc(-c3ccncc3)cs2)n1,True,3.548000000000002,0.0047800000000002285,0.5,False,True
3.0,bin,12,0.1658499836921692,0.12460005283355713,0.20709991455078125,650267,COc1ccc2oc(C(=O)NC3CCCCNC3=O)c(C)c2c1,2.14832,O=C(NC1CCCCNC1=O)C1=CCc2cccc(F)c21,True,1.5500999999999991,-0.5982200000000009,0.38571428571428573,False,True
3.0,bin,12,0.1658499836921692,0.12460005283355713,0.20709991455078125,668639,Cc1cc(NC(=O)c2ccccc2Cl)ncc1N,2.8779200000000005,NC1=CC(NC(=O)c2ccc(F)cc2Cl)C=CC1,True,2.380000000000001,-0.4979199999999997,0.25396825396825395,False,True
3.0,bin,12,0.1658499836921692,0.12460005283355713,0.20709991455078125,673160,CCC(=O)Nc1ccc2oc(C(F)(F)F)cc(=O)c2c1,3.160300000000001,C=CCCC(=O)Nc1ccc2oc(C)cc(=O)c2c1,True,3.006120000000001,-0.1541800000000002,0.4909090909090909,False,True
3.0,bin,12,0.1658499836921692,0.12460005283355713,0.20709991455078125,711169,Cc1cccc(C(C)C)c1NC(=O)N(C)Cc1ccncc1,4.177320000000003,CN(Cc1ccncc1)C(=O)Nc1c(Cl)cccc1Cl,True,4.0523000000000025,-0.12502000000000013,0.625,False,True
3.0,bin,12,0.1658499836921692,0.12460005283355713,0.20709991455078125,720969,Cc1noc(C)c1CCC(=O)OCC(=O)N1c2ccccc2CC1C,2.7450400000000013,Cc1noc(C)c1CCC(=O)OCC(=O)N1c2ccccc2CC1C,True,2.7450400000000013,0.0,1.0,True,False
3.0,bin,12,0.1658499836921692,0.12460005283355713,0.20709991455078125,730789,COC(=O)C1CCN(C(=O)c2cc3ccc(F)cc3nc2C)CC1,2.7075200000000006,CC(=O)NCC1CCCN(C(=O)c2cc3cc(F)ccc3nc2C)C1,True,2.6706200000000013,-0.03689999999999927,0.47761194029850745,False,True
3.0,bin,12,0.1658499836921692,0.12460005283355713,0.20709991455078125,738178,Cc1ccc(-n2ccnc2SCc2nc(C3CC3)no2)cc1C,4.041840000000003,Brc1ccc(-n2ccnc2SCc2nc(C3CC3)no2)cc1,True,4.187500000000003,0.14565999999999946,0.7358490566037735,False,True
3.0,bin,12,0.1658499836921692,0.12460005283355713,0.20709991455078125,771897,COc1ccccc1OCC(=O)N(C)Cc1sccc1C,3.102520000000002,Cc1ccsc1CN(C)C(=O)COc1cccc(C#N)c1F,True,3.104700000000002,0.0021800000000000708,0.6481481481481481,False,True
3.0,bin,12,0.1658499836921692,0.12460005283355713,0.20709991455078125,811446,COC(=O)C1(NC(=O)c2cc(Br)c[nH]2)CCCCCC1,2.7730000000000006,CCCCCC(NC(=O)c1cc(Br)c[nH]1)C(=O)OC,True,2.6289000000000007,-0.1440999999999999,0.43636363636363634,False,True
3.0,bin,12,0.1658499836921692,0.12460005283355713,0.20709991455078125,848291,CCC(C)NC(=O)NCc1noc(-c2cccs2)n1,2.3958000000000004,CCC(C)NC(=O)NCc1noc(-c2cccs2)n1,True,2.3958000000000004,0.0,1.0,True,False
3.0,bin,12,0.1658499836921692,0.12460005283355713,0.20709991455078125,863440,COc1ccc(-c2nc(CCCO)cs2)cc1OC,2.752200000000001,COc1cc(-c2nc(CCCO)cs2)cc(OC)c1OC,True,2.7608000000000015,0.008600000000000385,0.7441860465116279,False,False
3.0,bin,12,0.1658499836921692,0.12460005283355713,0.20709991455078125,864663,N#Cc1ccc(-c2cc(F)ccc2F)nc1N1CCCC1,3.498680000000002,Cc1ccc(-c2ccc(C#N)c(N3CCCC3)n2)cc1F,True,3.668000000000003,0.1693200000000008,0.6,False,True
3.0,bin,12,0.1658499836921692,0.12460005283355713,0.20709991455078125,872100,CCc1cccc(C)c1NCC(O)c1ccc2c(c1)OCCO2,3.474120000000002,CCc1cccc(CC)c1NCC(O)c1ccc2c(c1)OCCO2,True,3.728100000000002,0.2539800000000003,0.8666666666666667,False,True
3.0,bin,12,0.1658499836921692,0.12460005283355713,0.20709991455078125,886334,COc1ccc(C(=O)N2CCCC(C(=O)N3CCCCC3)C2)c(O)c1,2.2655000000000003,N#Cc1cccc(C(=O)N2CCCC(C(=O)N3CCCCC3)C2)c1,True,2.422980000000001,0.1574800000000005,0.46551724137931033,False,True
3.0,bin,12,0.1658499836921692,0.12460005283355713,0.20709991455078125,887387,COCCNC(=O)N(Cc1cccc(F)c1)CC1CCCO1,2.1627,CC(=O)NC(C)C(=O)N(Cc1cccc(F)c1)CC1CCCO1,True,1.8578999999999997,-0.3048000000000004,0.625,False,True
3.0,bin,12,0.1658499836921692,0.12460005283355713,0.20709991455078125,889149,N#Cc1ccc(NC(=O)c2ccc(Br)cc2Cl)nc1,3.621480000000001,C=C(F)C(Cl)=CCC(=O)Nc1ccc(Br)cn1,True,3.7786000000000017,0.15712000000000081,0.32786885245901637,False,True
3.0,bin,12,0.1658499836921692,0.12460005283355713,0.20709991455078125,913483,O=C(CNC(=O)NCCc1c(Cl)cccc1Cl)NC1CC1,2.1137000000000006,CC(Cc1ccc(Br)cc1)NC(=O)NCC(=O)NC1CC1,True,1.9578999999999995,-0.15580000000000105,0.4107142857142857,False,True
3.0,bin,12,0.1658499836921692,0.12460005283355713,0.20709991455078125,917620,C=CCN(Cc1ccccc1OC)C(=O)c1csc(C)n1,3.288520000000002,C=CCN(Cc1ccccc1F)C(=O)c1csc(COC)n1,True,3.2570000000000023,-0.03151999999999955,0.5833333333333334,False,True
3.0,bin,12,0.1658499836921692,0.12460005283355713,0.20709991455078125,918312,CCOc1ccc(Cl)c(C(=O)N2CCN(c3ncccn3)CC2)n1,1.8860999999999997,CC(C)(C)c1ccc(C(=O)N2CCN(c3ncccn3)CC2)nc1,True,2.1315,0.24540000000000028,0.43103448275862066,False,True
3.0,bin,12,0.1658499836921692,0.12460005283355713,0.20709991455078125,922879,CC(=O)c1ccc(N2CCN(Cc3c(F)cccc3F)CC2)cc1,3.489600000000003,Fc1ccccc1CN1CCN(c2ccc(C(F)(F)F)cc2)CC1,True,4.166700000000004,0.6771000000000011,0.44,False,True
3.0,bin,12,0.1658499836921692,0.12460005283355713,0.20709991455078125,927535,COc1cc(CN2CCN(c3ccccc3F)CC2)ccc1O,2.862100000000002,COCc1ccccc1CN1CCN(c2ccc(F)cc2)CC1,True,3.2943000000000024,0.43220000000000036,0.3448275862068966,False,True
3.0,bin,12,0.1658499836921692,0.12460005283355713,0.20709991455078125,927567,Cc1ccccc1N1CCN(Cc2cccc(O)c2)CC1,3.022820000000001,Fc1ccc(F)c(N2CCN(Cc3ccccc3)CC2)c1,True,3.2870000000000017,0.2641800000000005,0.4375,False,True
3.0,bin,12,0.1658499836921692,0.12460005283355713,0.20709991455078125,938108,CC(c1ccccc1)N(C)C(=O)CCC(=O)Nc1nccs1,3.0814000000000012,CCN(Cc1ccccc1C)C(=O)CCC(=O)Nc1nccs1,True,3.2189200000000016,0.1375200000000003,0.5423728813559322,False,False
3.0,bin,12,0.1658499836921692,0.12460005283355713,0.20709991455078125,943303,CN(CCCOc1ccccc1)C(=O)Nc1cccc2c1OCCO2,3.390600000000002,CN(CCCOc1ccccc1)C(=O)Nc1cccc2c1OCCO2,True,3.390600000000002,0.0,1.0,True,False
3.0,bin,12,0.1658499836921692,0.12460005283355713,0.20709991455078125,946289,CC(NC(=O)C1(c2cc(-c3ccco3)on2)CC1)c1ccccc1,3.843600000000002,CC(NC(=O)F)c1ccccc1,True,2.4267000000000003,-1.4169000000000018,0.36538461538461536,False,True
3.0,bin,12,0.1658499836921692,0.12460005283355713,0.20709991455078125,994077,Cc1nnc(Cn2c(-c3cccc(Br)c3)noc2=O)o1,2.0055199999999997,Cc1nnc(C2NOC(=O)N2c2ccccc2C(F)(F)F)o1,True,2.556820000000001,0.5513000000000012,0.22535211267605634,False,True
3.0,bin,12,0.1658499836921692,0.12460005283355713,0.20709991455078125,1065620,O=C(NCc1cccnc1Oc1ccccc1)c1cccnc1,3.198900000000002,O=C(NCc1cccnc1Oc1ccc(F)cc1)c1cccnc1,True,3.338000000000002,0.1391,0.8125,False,True
3.0,bin,12,0.1658499836921692,0.12460005283355713,0.20709991455078125,1093926,CN(C(=O)CNc1cccc(OCC2CCCO2)c1)c1ccccc1,3.319300000000002,O=C(CNc1cccc(OCC2CCCO2)c1)Nc1ccc(F)cc1F,True,3.5732000000000017,0.2538999999999998,0.582089552238806,False,True
3.0,bin,12,0.1658499836921692,0.12460005283355713,0.20709991455078125,1107920,CCc1ccc(-n2cc(C(=O)NC(C)c3ccccc3)nn2)cc1,3.320700000000002,CC(C)Cc1ccc(CNC(=O)c2cn(-c3ccccc3)nn2)cc1,True,3.395800000000002,0.07509999999999994,0.5535714285714286,False,True
3.0,bin,12,0.1658499836921692,0.12460005283355713,0.20709991455078125,1113130,CC(NC(=O)Cn1nnnc1C(C)(C)C)c1cccc2ccccc12,3.0012000000000016,CCCn1nnnc1C(C)NC(=O)C(C)NN=NC=C(C)c1ccccc1,True,2.6666000000000007,-0.3346000000000009,0.2948717948717949,False,True
3.0,bin,12,0.1658499836921692,0.12460005283355713,0.20709991455078125,1121751,COC(=O)Cn1ccc(NS(=O)(=O)c2ccc(F)c(F)c2F)n1,1.2742,COC(=O)Cn1ccc(NS(=O)(=O)c2ccc(Cl)cc2)n1,True,1.5103,0.23609999999999998,0.6346153846153846,False,True
3.0,bin,12,0.1658499836921692,0.12460005283355713,0.20709991455078125,1142531,CCOC(C)C(=O)NCCc1csc(-c2ccc(C)cc2)n1,3.2022200000000014,CC1=CC=C(C2=NC(CCNC(=O)NC(C)C(C)C#N)=C[SH]2C)C1,True,3.384780000000002,0.1825600000000005,0.2222222222222222,False,True
3.0,bin,12,0.1658499836921692,0.12460005283355713,0.20709991455078125,1212157,CN(Cc1ccc(F)c(F)c1)C(=O)c1cncc(-c2cnn(C)c2)c1,3.0325000000000015,CCN(Cc1cccc(F)c1)C(=O)c1cncc(-c2cnn(C)c2)c1,True,3.283500000000002,0.25100000000000033,0.5967741935483871,False,True
3.0,bin,12,0.1658499836921692,0.12460005283355713,0.20709991455078125,1215394,CCn1nc(C)cc1C(=O)Oc1cccc(NC(=O)C(C)C)c1,3.025120000000001,CCn1nc(C)cc1C(=O)Oc1ccc(OC(F)F)c(OC)c1,True,3.0406200000000014,0.015500000000000291,0.5161290322580645,False,True
3.0,bin,12,0.1658499836921692,0.12460005283355713,0.20709991455078125,1232922,CC(C)(C)OC(=O)NC1CCCN(S(=O)(=O)N2CCOCC2)C1,0.5525000000000011,CCCCCNC(=O)C1CCCN(S(=O)(=O)N2CCOCC2)C1,True,0.5818000000000021,0.029300000000000992,0.4576271186440678,False,True
3.0,bin,12,0.1658499836921692,0.12460005283355713,0.20709991455078125,1238973,FC(F)(F)c1cnc(N2CCn3c(nnc3C3CC3)C2)c(Cl)c1,3.2429000000000023,CC1(C)C=CN=C2CN(c3ccc(C(F)(F)F)nn3)CCN2C1,True,2.569400000000001,-0.6735000000000015,0.19444444444444445,False,True
3.0,bin,12,0.1658499836921692,0.12460005283355713,0.20709991455078125,1299495,Cc1cc(CC(=O)N2CCCC2C(C#N)c2ccccc2)no1,2.823900000000001,Cc1cc(C2CCCN2C(=O)CCc2ccc(F)c(C#N)c2)no1,True,3.2901000000000016,0.4662000000000006,0.38961038961038963,False,True
3.0,bin,12,0.1658499836921692,0.12460005283355713,0.20709991455078125,1309906,CC(C)CC(NC(=O)c1cc(=O)c2ccccc2o1)C(=O)OC(C)C,2.8891000000000018,COC(O)(CCCC(C)C)NC(=O)c1cc(=O)c2cc(F)ccc2o1,True,2.7807000000000004,-0.10840000000000138,0.38235294117647056,False,True
3.0,bin,12,0.1658499836921692,0.12460005283355713,0.20709991455078125,1362816,COCc1cccc(C(=O)NC2CC2c2cccc(Cl)c2)c1,3.772300000000002,O=C(NC1CC1c1cccc(Br)c1)c1ccc(F)cc1,True,3.874100000000002,0.10179999999999989,0.4406779661016949,False,True
3.0,bin,12,0.1658499836921692,0.12460005283355713,0.20709991455078125,1441838,COCC(=O)NC(C(=O)Nc1cccc(-c2nccs2)c1)C(C)C,2.5358,CC1=CSC(C=CC=CC(=O)NC(=O)C(C)N(C)CN)=C=N1,True,1.1398,-1.3960000000000001,0.16279069767441862,False,True
3.0,bin,12,0.1658499836921692,0.12460005283355713,0.20709991455078125,1450449,CCCNC(=O)CSc1nc2c(cc1C#N)CCCC2,2.450380000000001,C=CCNC(=O)C(C)Sc1nc2c(cc1C#N)CCCC2,True,2.6148800000000003,0.16449999999999942,0.5238095238095238,False,False
3.0,bin,12,0.1658499836921692,0.12460005283355713,0.20709991455078125,1451910,O=S(=O)(NCc1nnc2ccccn12)c1ccc(F)c(F)c1,1.4859999999999995,Cc1ccc(F)c(S(=O)(=O)NCc2nnc3ccccn23)c1,True,1.65532,0.16932000000000036,0.6730769230769231,False,False
3.0,bin,12,0.1658499836921692,0.12460005283355713,0.20709991455078125,1479798,Cc1nc(C)c(CCC(=O)N(CC(C)C)CC(F)(F)F)c(=O)[nH]1,2.3662400000000003,CCCCC(C)N(OC(C)C)C(=O)CCC1=C(C)N=C(C)NC1,True,3.8095000000000026,1.4432600000000022,0.21621621621621623,False,True
3.0,bin,12,0.1658499836921692,0.12460005283355713,0.20709991455078125,1507926,COC(=O)C(C)NC(=O)Cc1csc(-c2ccccc2Cl)n1,2.6837,CC(C)(CO)NC(=O)Cc1csc(-c2ccccc2Cl)n1,True,2.8931000000000004,0.20940000000000047,0.6,False,True
3.0,bin,12,0.1658499836921692,0.12460005283355713,0.20709991455078125,1527882,Nc1ncccc1C(=O)Nc1ccc2cn[nH]c2c1,1.7923999999999998,COCCOc1cccc(C(=O)Nc2ccc3cn[nH]c3c2)n1,True,2.2354000000000003,0.4430000000000005,0.5,False,True
3.0,bin,12,0.1658499836921692,0.12460005283355713,0.20709991455078125,1532848,COc1ccc(-c2ccc3c(=O)[nH]cnc3c2)cc1Cl,3.2521000000000013,O=c1[nH]cnc2cc(-c3cccc(Br)c3)ccc12,True,3.3526000000000007,0.10049999999999937,0.5319148936170213,False,True
3.0,bin,12,0.1658499836921692,0.12460005283355713,0.20709991455078125,1548351,COc1cc(OC)c2c(c1)C(c1cnccn1)NCC2,1.7288999999999999,COc1ccc2c(c1F)CCNC2c1nccnc1OC,True,1.8679999999999999,0.1391,0.3898305084745763,False,True
3.0,bin,12,0.1658499836921692,0.12460005283355713,0.20709991455078125,1570134,COc1cccc(C(C)N2CCN(C(=O)c3ccc(O)cc3)CC2)c1,2.9198000000000013,CC(c1ccc(C#N)cc1)N1CCN(C(=O)c2ccc(F)cc2)CC1,True,3.216380000000002,0.2965800000000005,0.4482758620689655,False,True
3.0,bin,12,0.1658499836921692,0.12460005283355713,0.20709991455078125,1611406,CC(C)(C)N1CC(NC(=O)C2COc3ccc(F)cc3C2)CC1=O,1.8923999999999994,CCCC(C)N1CC(NC(=O)C2COc3ccc(F)cc3C2)CC1=O,True,2.2824999999999998,0.39010000000000034,0.6666666666666666,False,True
3.0,bin,12,0.1658499836921692,0.12460005283355713,0.20709991455078125,1612684,CCCC1CN(C(=O)Nc2ccn(CCC(C)C)n2)CCO1,2.9620000000000015,CC(C)CCC1CN(C(=O)Nc2ccn(C(F)F)n2)CC(C)O1,True,3.335600000000002,0.3736000000000006,0.463768115942029,False,True
3.0,bin,12,0.1658499836921692,0.12460005283355713,0.20709991455078125,1639675,CCC(CC)c1nnc(NC(=O)c2scnc2C2CC2)s1,4.0279000000000025,CCC1C=NN=C(NC(=O)c2scnc2C2CC2CCS)CC1,True,3.500600000000002,-0.5273000000000003,0.36619718309859156,False,True
3.0,bin,12,0.1658499836921692,0.12460005283355713,0.20709991455078125,1675660,COc1ccnc(NC(=O)c2cccc(Cl)c2)c1,2.9959000000000007,O=C(Nc1ccccn1)c1ccc(OC(F)(F)F)cc1,True,3.232500000000001,0.23660000000000014,0.36363636363636365,False,False
3.0,bin,12,0.1658499836921692,0.12460005283355713,0.20709991455078125,1689728,CCc1noc(CSc2ncnc3sc(C)cc23)n1,3.237420000000002,C=CCN1C=NC=NCSC(SCc2nc(C)no2)=C1,True,2.659020000000001,-0.5784000000000011,0.25675675675675674,False,True
3.0,bin,12,0.1658499836921692,0.12460005283355713,0.20709991455078125,1720876,CC(C)(C)CC(=O)NCC(=O)Nc1ccc2c(c1)COC2,2.2077,CC(OCC(F)(F)F)C(=O)NCc1ccc2c(c1)COC2,True,2.3004000000000007,0.09270000000000067,0.36065573770491804,False,True
3.0,bin,12,0.1658499836921692,0.12460005283355713,0.20709991455078125,1757109,CC(C)Cc1ncc(CNc2ccc3c(c2)COC3)s1,3.983900000000003,FC(F)(F)Cc1ncc(CNc2ccc3c(c2)COC3)s1,True,3.890200000000002,-0.093700000000001,0.68,False,True
3.0,bin,12,0.1658499836921692,0.12460005283355713,0.20709991455078125,1774061,O=C1NCCCc2[nH]c(-c3cccc4[nH]ccc34)nc21,2.234,O=CNCCC1=CN=CC2C=CNCC=CC=C2CNC1,True,0.8961,-1.3378999999999999,0.06896551724137931,False,True
3.0,bin,12,0.1658499836921692,0.12460005283355713,0.20709991455078125,1800687,Cc1nn(C)c(-c2nc(-c3cccnn3)no2)c1Cl,1.8889199999999997,Cn1nc(C(F)(F)F)cc1-c1nc(-c2cccnn2)no1,True,1.9458999999999997,0.05698000000000003,0.5272727272727272,False,True
3.0,bin,12,0.1658499836921692,0.12460005283355713,0.20709991455078125,1815867,FC(F)(F)c1ccc(CN2CCOCC2c2ncon2)cc1,2.661900000000001,FC(F)(F)CC=CC=C=CCN1CCOCC1c1ncon1,True,2.6628000000000007,0.0008999999999996788,0.5079365079365079,False,True
3.0,bin,12,0.1658499836921692,0.12460005283355713,0.20709991455078125,1828580,Cc1ccc(N2CC3OCC(=O)N(Cc4cccc(F)c4)C3C2)nn1,1.54032,NCCN(CC(Cc1ccccc1)OCC=O)c1ccc(Cl)nn1,True,1.7218999999999998,0.18157999999999985,0.10989010989010989,False,True
3.0,bin,12,0.1658499836921692,0.12460005283355713,0.20709991455078125,1836183,CCc1ccc(C(=O)NCc2nccc(N(C)C)n2)cc1,2.035,CN(C)c1ccnc(CNC(=O)c2ccc(C(F)(F)F)cc2)n1,True,2.4914000000000005,0.45640000000000036,0.723404255319149,False,True
3.0,bin,12,0.1658499836921692,0.12460005283355713,0.20709991455078125,1842499,COc1ccccc1COc1ccccc1-c1cnn(CCO)c1,3.1300000000000017,OCCn1cc(-c2ccccc2OCc2ccc(F)cc2)cn1,True,3.2605000000000013,0.13049999999999962,0.66,False,True
3.0,bin,12,0.1658499836921692,0.12460005283355713,0.20709991455078125,1865564,COC(CNC(=O)c1ccoc1)c1cccc(F)c1,2.536200000000001,COC(CNC(=O)c1cc(C)oc1C)c1ccccc1,True,3.0139400000000016,0.4777400000000007,0.4482758620689655,False,True
3.0,bin,12,0.1658499836921692,0.12460005283355713,0.20709991455078125,1868773,CCCOc1ccc(Cl)c2c1CCNC2C1CC(=O)C1,3.2947000000000015,NC1CC1C1CC(=O)c2cc(CCC(F)(F)F)c(Cl)c1c2,True,3.8521000000000027,0.5574000000000012,0.1643835616438356,False,True
3.0,bin,12,0.1658499836921692,0.12460005283355713,0.20709991455078125,1873123,CCC1OC(=O)c2c(OC)ccc(Br)c21,3.079200000000002,CCCC1OC(=O)c2cc(Br)ccc21,True,3.460700000000002,0.38149999999999995,0.32653061224489793,False,True
3.0,bin,12,0.1658499836921692,0.12460005283355713,0.20709991455078125,1875028,Cc1cccc(C)c1NCC(=O)N1CCCC2CCCCC21,3.8965400000000034,O=C(CNc1ccccc1Br)N1CCCC2CCCCC21,True,4.042200000000003,0.14565999999999946,0.625,False,True
3.0,bin,12,0.1658499836921692,0.12460005283355713,0.20709991455078125,1895921,CCC(CC)N(C)C(=O)CC1OC(=O)c2ccccc21,2.935200000000002,CCC(C)(CC)NC(=O)CC1OC(=O)c2ccccc21,True,2.983100000000001,0.04789999999999939,0.52,False,True
3.0,bin,12,0.1658499836921692,0.12460005283355713,0.20709991455078125,1907077,Cc1ccc2[nH]nc(C(=O)Nc3nc(-c4ccco4)cs3)c2c1,3.8401200000000015,C[SH]1C=C(c2ccco2)N=C1NC(=O)C1=NNC=CC=CC1,True,2.114,-1.7261200000000017,0.25925925925925924,False,True
3.0,bin,12,0.1658499836921692,0.12460005283355713,0.20709991455078125,1913063,Cc1nn(C)c(C)c1CN(C(=O)c1cn2cccc(C)c2n1)C1CC1,2.797860000000001,CCNC=C1CN(C(=O)c2cn3c(C(F)F)cccc3n2)CCN1,True,1.7681999999999998,-1.0296600000000011,0.16129032258064516,False,True
3.0,bin,12,0.1658499836921692,0.12460005283355713,0.20709991455078125,1922265,CN(CCNC(=O)c1ccc2c(c1)ncn2C)c1ccccc1,2.4395000000000007,CN(CCNC(=O)c1ccc2c(c1)ncn2C)c1cc(F)ccc1F,True,2.7177000000000007,0.2782,0.6724137931034483,False,True
3.0,bin,13,0.2550499439239502,0.20709991455078125,0.30299997329711914,32052,COc1ccccc1CNC(=O)Cc1c[nH]c2ccccc12,3.035400000000001,O=C(Cc1c[nH]c2ccccc12)NCc1cc(F)cc(F)c1,True,3.3050000000000015,0.2696000000000005,0.5918367346938775,False,True
3.0,bin,13,0.2550499439239502,0.20709991455078125,0.30299997329711914,116747,COCCSc1ccccc1C(=O)Nc1cccc(C)n1,3.3808200000000017,Cc1cccc(NC(=O)c2ccc(Br)c(C)c2O)n1,True,3.4188400000000017,0.03801999999999994,0.49056603773584906,False,True
3.0,bin,13,0.2550499439239502,0.20709991455078125,0.30299997329711914,131060,CS(=O)(=O)NCCc1csc(-c2ccc(F)cc2)n1,2.0408999999999997,COc1ccc(-c2nc(CNC(=O)N(C)C)cs2)cc1,True,2.589900000000001,0.5490000000000013,0.3684210526315789,False,True
3.0,bin,13,0.2550499439239502,0.20709991455078125,0.30299997329711914,131949,CCc1c(C)nc(SCC(=O)NC(C)C)[nH]c1=O,1.25742,CCC1=C(C)N=C(SCC(=O)NC(C)CC[NH])C1=O,True,1.5624999999999998,0.3050799999999998,0.35,False,True
3.0,bin,13,0.2550499439239502,0.20709991455078125,0.30299997329711914,158879,COc1ccc(CC(=O)OCC(=O)c2c[nH]c3ccccc23)cc1,3.145100000000001,O=C(CC(=O)c1c[nH]c2ccccc12)Cc1ccc(F)c(F)c1O,True,3.536300000000002,0.3912000000000009,0.3870967741935484,False,True
3.0,bin,13,0.2550499439239502,0.20709991455078125,0.30299997329711914,232056,COCCNC(=O)c1cc(=O)c2cc(C)ccc2o1,1.4776199999999993,COCCCNC(=O)c1cc(=O)c2cc(C)ccc2o1,True,1.8677199999999998,0.39010000000000056,0.8636363636363636,False,True
3.0,bin,13,0.2550499439239502,0.20709991455078125,0.30299997329711914,235788,O=C(Cn1nc(-c2ccco2)oc1=O)NCC(F)(F)F,0.7747999999999999,CC(C)OC(=O)Cn1nc(-c2ccco2)oc1=O,True,1.0478999999999998,0.2730999999999999,0.5636363636363636,False,True
3.0,bin,13,0.2550499439239502,0.20709991455078125,0.30299997329711914,236081,CC(=O)c1c(C)[nH]c(C(=O)CSc2nc(C(C)C)n[nH]2)c1C,3.0506400000000014,CC(=O)c1c(C)[nH]c(C(=O)CSc2nc(C(C)(C)C)n[nH]2)c1C,True,3.2247400000000015,0.17410000000000014,0.6862745098039216,False,True
3.0,bin,13,0.2550499439239502,0.20709991455078125,0.30299997329711914,281081,O=C(Cn1cccn1)NCc1cccnc1Oc1ccc(F)cc1F,2.665000000000001,Cc1ccn(CC(=O)NCc2cccnc2Oc2ccc(F)cc2)n1,True,2.834320000000001,0.16931999999999992,0.5846153846153846,False,True
3.0,bin,13,0.2550499439239502,0.20709991455078125,0.30299997329711914,284170,COc1ccc(-c2nc(CC(=O)Nc3cccc(C)n3)cs2)cc1,3.7033200000000024,Cc1ccc(-c2nc(CC(=O)Nc3cccc(C)n3)cs2)cc1,True,4.003140000000003,0.2998200000000004,0.8,False,True
3.0,bin,13,0.2550499439239502,0.20709991455078125,0.30299997329711914,288369,Cc1ccc(NCc2nnc3n2CCCCC3)cc1C,3.2334400000000016,FC(F)(F)c1cccc(NCc2nnc3n2CCCCC3)c1,True,3.6354000000000015,0.4019599999999999,0.6153846153846154,False,True
3.0,bin,13,0.2550499439239502,0.20709991455078125,0.30299997329711914,302889,COc1ccc(OC)c(NC(=O)CCNC(=O)c2cccs2)c1,2.5239000000000003,O=C(CCNC(=O)c1cccs1)Nc1c(F)cccc1F,True,2.7849000000000004,0.2610000000000001,0.5272727272727272,False,False
3.0,bin,13,0.2550499439239502,0.20709991455078125,0.30299997329711914,327141,COc1ccc(OC)c(S(=O)(=O)Nc2ccn(C)n2)c1,1.2381,Cc1ccc(S(=O)(=O)Nc2ccn(C)n2)cc1,True,1.52932,0.29122000000000003,0.48936170212765956,False,False
3.0,bin,13,0.2550499439239502,0.20709991455078125,0.30299997329711914,327382,CNC(=O)C1CN(C(=O)c2c(C)noc2C)c2ccccc2O1,1.4452399999999996,CCc1onc(C)c1C(=O)N1Cc2ccccc2OC1CC(=O)NC,True,2.04242,0.5971800000000003,0.39436619718309857,False,True
3.0,bin,13,0.2550499439239502,0.20709991455078125,0.30299997329711914,406491,COCCNC(=O)C1CCCN(S(=O)(=O)N2CCOCC2)C1,-0.9619999999999964,C#CCNC(=O)C1CCCN(S(=O)(=O)N2CCOCC2)C1,True,-0.9751999999999976,-0.01320000000000121,0.7,False,True
3.0,bin,13,0.2550499439239502,0.20709991455078125,0.30299997329711914,413951,O=C(Cn1ncn2cccc2c1=O)N1CCCCCC1,0.8985999999999996,CC1CCN(C(=O)CNN=Cn2cccc2C(=O)C=O)CC1,True,0.5091999999999997,-0.38939999999999997,0.22857142857142856,False,True
3.0,bin,13,0.2550499439239502,0.20709991455078125,0.30299997329711914,427929,CCNc1nc(NCc2ccccc2Cl)c2cnn(C)c2n1,3.060600000000001,CC(C)Nc1nc(NCc2ccccc2Cl)c2cnn(C)c2n1,True,3.4491000000000014,0.3885000000000005,0.7647058823529411,False,True
3.0,bin,13,0.2550499439239502,0.20709991455078125,0.30299997329711914,447130,CCC(NC(=O)C1CCN(C(=O)C2CC2)CC1)c1ccc(C)cc1,3.2109200000000016,CCC(NC(=O)C1CCN(C(=O)C2CCC2)CC1)c1ccccc1,True,3.292600000000002,0.08168000000000042,0.7291666666666666,False,True
3.0,bin,13,0.2550499439239502,0.20709991455078125,0.30299997329711914,481908,CCNS(=O)(=O)c1ccc(C)c(C(=O)Nc2ncccc2C)c1,2.24894,CCS(=O)(=O)c1ccc(C)c(C(=O)Nc2ncccc2C)c1,True,2.744340000000001,0.49540000000000095,0.7708333333333334,False,True
3.0,bin,13,0.2550499439239502,0.20709991455078125,0.30299997329711914,485220,Cc1nn(CC(=O)N2CCN(C)CC2)c(C)c1Br,1.03644,CCN1CCN(C(=O)Cn2nc(C)c(Cl)c2C)CC1,True,1.31744,0.2809999999999999,0.5217391304347826,False,False
3.0,bin,13,0.2550499439239502,0.20709991455078125,0.30299997329711914,526363,Cc1nnc(SCC(=O)Nc2ccc(O)cc2)n(N)c1=O,0.09692,COc1ccccc1NC(=O)CSc1nncc(=O)n1N,True,0.0914999999999998,-0.005420000000000202,0.4126984126984127,False,False
3.0,bin,13,0.2550499439239502,0.20709991455078125,0.30299997329711914,536853,COc1ccc(C2CCCN2C(=O)C2CCC2)c(OC)c1,3.1674000000000015,O=C(C1CCC1)N1CCCC1c1cc(F)c(F)cc1F,True,3.5675000000000026,0.400100000000001,0.5306122448979592,False,True
3.0,bin,13,0.2550499439239502,0.20709991455078125,0.30299997329711914,540312,Cc1nn(C)c2nc(C3CC3)cc(C(=O)NCC(=O)NC(C)(C)C)c12,1.7986199999999997,CCn1nc(C)c2c(C(=O)NC(C)(C)C(=O)OC)cc(C3CC3)nc21,True,2.3184199999999997,0.5198,0.5303030303030303,False,True
3.0,bin,13,0.2550499439239502,0.20709991455078125,0.30299997329711914,544381,Cc1nc(N2CCCC(C(=O)NC(C)C)C2)c2c(C)c(C)oc2n1,2.8890600000000006,Cc1oc2c(c1C)=C(N1CCC(OC(F)F)CC1)N=CCN=2,True,1.3697399999999995,-1.5193200000000011,0.24,False,True
3.0,bin,13,0.2550499439239502,0.20709991455078125,0.30299997329711914,544382,CCCNC(=O)C1CCCN(c2nc(C)nc3oc(C)c(C)c23)C1,2.8906600000000013,C=CCNc1nc(C)nc2oc(C)c(C(=O)N3CCCCC3C)c12,True,3.4521400000000018,0.5614800000000004,0.3333333333333333,False,True
3.0,bin,13,0.2550499439239502,0.20709991455078125,0.30299997329711914,550049,Cc1ccc(C)c(OCC(=O)Nc2cccc(-n3cnnc3)c2)c1,2.9016400000000013,CC(C)N(C(=O)COc1cccc(-n2cnnc2)c1)c1ccccc1F,True,3.2268000000000017,0.32516000000000034,0.36231884057971014,False,True
3.0,bin,13,0.2550499439239502,0.20709991455078125,0.30299997329711914,573533,Cc1nn(-c2ncc(C(F)(F)F)cc2Cl)c(=O)o1,2.2011199999999995,CC(C)Cc1nn(-c2ncc(Cl)cc2Cl)c(=O)o1,True,2.7258000000000013,0.5246800000000018,0.4528301886792453,False,True
3.0,bin,13,0.2550499439239502,0.20709991455078125,0.30299997329711914,582555,O=C(NCC(O)c1ccccc1)c1ccc2c(=O)n3c(nc2c1)CCC3,1.8061000000000003,O=C(NCCc1ccc(F)cc1)c1ccc2c(=O)n3c(nc2c1)CCC3,True,2.4543,0.6481999999999997,0.6,False,True
3.0,bin,13,0.2550499439239502,0.20709991455078125,0.30299997329711914,588547,Cc1n[nH]c(C)c1NC(=O)CCc1ccc(Cl)cc1Cl,3.9046400000000023,Cc1[nH]nc(C(C)C)c1NC(=O)CC(C)(C)c1ccccc1F,True,4.287020000000004,0.3823800000000013,0.3181818181818182,False,True
3.0,bin,13,0.2550499439239502,0.20709991455078125,0.30299997329711914,607673,CCCN(CC1CC1)S(=O)(=O)c1ccccc1F,2.636400000000001,CCCN(CC1CC1)S(=O)(=O)c1c(F)cc(F)cc1F,True,2.914600000000002,0.2782000000000009,0.627906976744186,False,True
3.0,bin,13,0.2550499439239502,0.20709991455078125,0.30299997329711914,617681,Cc1cc(C(=O)Nc2nc(-c3ccncc3)cs2)nn1C(C)C,3.5432200000000016,CN(N)C(=CCC(=O)Nc1sccc2cccc1-2)C(F)(F)F,True,3.433200000000001,-0.11002000000000045,0.15,False,True
3.0,bin,13,0.2550499439239502,0.20709991455078125,0.30299997329711914,650267,COc1ccc2oc(C(=O)NC3CCCCNC3=O)c(C)c2c1,2.14832,O=C(NC1CCCCNC1=O)C1=CCc2cc(F)ccc21,True,1.5500999999999994,-0.5982200000000006,0.4057971014492754,False,True
3.0,bin,13,0.2550499439239502,0.20709991455078125,0.30299997329711914,668639,Cc1cc(NC(=O)c2ccccc2Cl)ncc1N,2.8779200000000005,Cc1cc(NC(=O)c2c(F)cccc2Cl)ncc1N,True,3.0170200000000005,0.1391,0.6666666666666666,False,True
3.0,bin,13,0.2550499439239502,0.20709991455078125,0.30299997329711914,673160,CCC(=O)Nc1ccc2oc(C(F)(F)F)cc(=O)c2c1,3.160300000000001,CC(C)(C)C(=O)Nc1ccc2oc(C(F)(F)F)cc(=O)c2c1,True,3.796400000000002,0.6361000000000008,0.717391304347826,False,True
3.0,bin,13,0.2550499439239502,0.20709991455078125,0.30299997329711914,711169,Cc1cccc(C(C)C)c1NC(=O)N(C)Cc1ccncc1,4.177320000000003,Cc1c(NC(=O)N(C)Cc2ccncc2)cccc1C(C)(C)C,True,4.3514200000000045,0.17410000000000192,0.5370370370370371,False,True
3.0,bin,13,0.2550499439239502,0.20709991455078125,0.30299997329711914,720969,Cc1noc(C)c1CCC(=O)OCC(=O)N1c2ccccc2CC1C,2.7450400000000013,Cc1noc(C)c1CCC(=O)OCC(=O)N1CC(C)Cc2ccccc21,True,2.9926400000000015,0.24760000000000026,0.7377049180327869,False,True
3.0,bin,13,0.2550499439239502,0.20709991455078125,0.30299997329711914,730789,COC(=O)C1CCN(C(=O)c2cc3ccc(F)cc3nc2C)CC1,2.7075200000000006,Cc1nc2cc(F)ccc2cc1C(=O)N1CCC(O)(C(F)(F)F)CC1,True,3.2117200000000015,0.5042000000000009,0.5964912280701754,False,True
3.0,bin,13,0.2550499439239502,0.20709991455078125,0.30299997329711914,738178,Cc1ccc(-n2ccnc2SCc2nc(C3CC3)no2)cc1C,4.041840000000003,Clc1cccc(-n2ccnc2SCc2nc(C3CC3)no2)c1,True,4.078400000000002,0.036559999999998816,0.7272727272727273,False,True
3.0,bin,13,0.2550499439239502,0.20709991455078125,0.30299997329711914,771897,COc1ccccc1OCC(=O)N(C)Cc1sccc1C,3.102520000000002,Cc1ccsc1CN(C)C(=O)C(C)Oc1cccc(C#N)c1,True,3.3541000000000025,0.2515800000000006,0.4126984126984127,False,True
3.0,bin,13,0.2550499439239502,0.20709991455078125,0.30299997329711914,811446,COC(=O)C1(NC(=O)c2cc(Br)c[nH]2)CCCCCC1,2.7730000000000006,CC(=O)c1c[nH]c(C(=O)NC2CCCCCC2)c1,True,2.669900000000001,-0.10309999999999953,0.3333333333333333,False,True
3.0,bin,13,0.2550499439239502,0.20709991455078125,0.30299997329711914,848291,CCC(C)NC(=O)NCc1noc(-c2cccs2)n1,2.3958000000000004,O=C(NCc1noc(-c2cccs2)n1)C(F)OCC(F)(F)F,True,2.2888,-0.1070000000000002,0.5483870967741935,False,True
3.0,bin,13,0.2550499439239502,0.20709991455078125,0.30299997329711914,863440,COc1ccc(-c2nc(CCCO)cs2)cc1OC,2.752200000000001,COc1cc(C)c(-c2nc(CO)cs2)cc1OC(F)F,True,3.2208200000000016,0.4686200000000005,0.4107142857142857,False,True
3.0,bin,13,0.2550499439239502,0.20709991455078125,0.30299997329711914,864663,N#Cc1ccc(-c2cc(F)ccc2F)nc1N1CCCC1,3.498680000000002,N#Cc1ccc(-c2ccc(Cl)cc2F)nc1N1CCCC1,True,4.012980000000002,0.5143000000000004,0.717391304347826,False,True
3.0,bin,13,0.2550499439239502,0.20709991455078125,0.30299997329711914,872100,CCc1cccc(C)c1NCC(O)c1ccc2c(c1)OCCO2,3.474120000000002,Cc1cc(C)c(NC(C)C(O)c2ccc3c(c2)OCCO3)c(C)c1,True,3.917060000000003,0.442940000000001,0.43859649122807015,False,True
3.0,bin,13,0.2550499439239502,0.20709991455078125,0.30299997329711914,886334,COc1ccc(C(=O)N2CCCC(C(=O)N3CCCCC3)C2)c(O)c1,2.2655000000000003,O=C(c1ccc(F)cc1)N1CCCC(C(=O)N2CCCCC2)C1,True,2.6904000000000012,0.42490000000000094,0.5,False,False
3.0,bin,13,0.2550499439239502,0.20709991455078125,0.30299997329711914,887387,COCCNC(=O)N(Cc1cccc(F)c1)CC1CCCO1,2.1627,COCCCNC(=O)c1cccc(C)c1N(C)CC1CCCO1,True,2.37652,0.21382000000000012,0.4782608695652174,False,True
3.0,bin,13,0.2550499439239502,0.20709991455078125,0.30299997329711914,889149,N#Cc1ccc(NC(=O)c2ccc(Br)cc2Cl)nc1,3.621480000000001,O=C(Nc1ccc(C(F)(F)F)cn1)c1ccc(Cl)cc1F,True,4.145200000000001,0.52372,0.39655172413793105,False,True
3.0,bin,13,0.2550499439239502,0.20709991455078125,0.30299997329711914,913483,O=C(CNC(=O)NCCc1c(Cl)cccc1Cl)NC1CC1,2.1137000000000006,CC(C)(C)N(CC(=O)NCC(=O)NC1CC1)c1ccc(F)c(F)c1,True,1.9644999999999997,-0.1492000000000009,0.3442622950819672,False,True
3.0,bin,13,0.2550499439239502,0.20709991455078125,0.30299997329711914,917620,C=CCN(Cc1ccccc1OC)C(=O)c1csc(C)n1,3.288520000000002,C=CCN(Cc1ccc(OC)cc1)C(=O)c1csc(C)n1,True,3.288520000000002,0.0,0.6666666666666666,False,True
3.0,bin,13,0.2550499439239502,0.20709991455078125,0.30299997329711914,918312,CCOc1ccc(Cl)c(C(=O)N2CCN(c3ncccn3)CC2)n1,1.8860999999999997,CC(C)c1cccc(C(=O)N2CCN(c3ncc(F)cn3)CC2)n1,True,2.0965,0.21040000000000014,0.359375,False,True
3.0,bin,13,0.2550499439239502,0.20709991455078125,0.30299997329711914,922879,CC(=O)c1ccc(N2CCN(Cc3c(F)cccc3F)CC2)cc1,3.489600000000003,Oc1cccc(CN2CCN(c3ccc(C(F)(F)F)cc3)CC2)c1,True,3.7332000000000027,0.24359999999999982,0.3888888888888889,False,True
3.0,bin,13,0.2550499439239502,0.20709991455078125,0.30299997329711914,927535,COc1cc(CN2CCN(c3ccccc3F)CC2)ccc1O,2.862100000000002,COc1ccccc1CN1CCN(c2ccccc2OC)CC1,True,3.0260000000000016,0.1638999999999995,0.48,False,False
3.0,bin,13,0.2550499439239502,0.20709991455078125,0.30299997329711914,927567,Cc1ccccc1N1CCN(Cc2cccc(O)c2)CC1,3.022820000000001,CCc1ccccc1N1CCN(Cc2cccc(C#N)c2)CC1,True,3.4428800000000024,0.4200600000000012,0.49019607843137253,False,True
3.0,bin,13,0.2550499439239502,0.20709991455078125,0.30299997329711914,938108,CC(c1ccccc1)N(C)C(=O)CCC(=O)Nc1nccs1,3.0814000000000012,CC(C)N(Cc1ccccc1)C(=O)CCC(=O)Nc1nccs1,True,3.2990000000000013,0.21760000000000002,0.6481481481481481,False,False
3.0,bin,13,0.2550499439239502,0.20709991455078125,0.30299997329711914,943303,CN(CCCOc1ccccc1)C(=O)Nc1cccc2c1OCCO2,3.390600000000002,CC(CCOc1ccccc1F)NC(=O)Nc1cccc2c1OCCO2,True,3.5760000000000014,0.18539999999999957,0.45588235294117646,False,True
3.0,bin,13,0.2550499439239502,0.20709991455078125,0.30299997329711914,946289,CC(NC(=O)C1(c2cc(-c3ccco3)on2)CC1)c1ccccc1,3.843600000000002,CC(C)(NC(=O)C1(c2cc(-c3ccco3)on2)CC1)c1ccccc1,True,4.017700000000002,0.17410000000000014,0.6491228070175439,False,True
3.0,bin,13,0.2550499439239502,0.20709991455078125,0.30299997329711914,994077,Cc1nnc(Cn2c(-c3cccc(Br)c3)noc2=O)o1,2.0055199999999997,Cc1cccc(-c2noc(=O)n2Cc2nnc(CC(C)C)o2)c1,True,2.4415200000000006,0.43600000000000083,0.6111111111111112,False,True
3.0,bin,13,0.2550499439239502,0.20709991455078125,0.30299997329711914,1065620,O=C(NCc1cccnc1Oc1ccccc1)c1cccnc1,3.198900000000002,Cc1cccc(Oc2ncccc2CNC(=O)c2cccnc2)c1,True,3.507320000000001,0.30841999999999903,0.7647058823529411,False,True
3.0,bin,13,0.2550499439239502,0.20709991455078125,0.30299997329711914,1093926,CN(C(=O)CNc1cccc(OCC2CCCO2)c1)c1ccccc1,3.319300000000002,CC(NC(=O)CNc1cccc(OCC2CCCO2)c1)c1ccccc1,True,3.5337000000000023,0.21440000000000037,0.65625,False,True
3.0,bin,13,0.2550499439239502,0.20709991455078125,0.30299997329711914,1107920,CCc1ccc(-n2cc(C(=O)NC(C)c3ccccc3)nn2)cc1,3.320700000000002,C=CC(F)=CC=C(NC(=O)c1cn(-c2ccccc2)nn1)C(C)C,True,3.5764000000000022,0.25570000000000004,0.4444444444444444,False,True
3.0,bin,13,0.2550499439239502,0.20709991455078125,0.30299997329711914,1113130,CC(NC(=O)Cn1nnnc1C(C)(C)C)c1cccc2ccccc12,3.0012000000000016,CCCn1nnnc1C(CC)NC(C)c1cccc2ccccc12,True,4.0382000000000025,1.0370000000000008,0.46774193548387094,False,True
3.0,bin,13,0.2550499439239502,0.20709991455078125,0.30299997329711914,1121751,COC(=O)Cn1ccc(NS(=O)(=O)c2ccc(F)c(F)c2F)n1,1.2742,Nc1c(S(=O)(=O)NC2C=CNCC(=O)OC2)ccc(F)c1Cl,True,0.3683000000000001,-0.9058999999999999,0.18181818181818182,False,True
3.0,bin,13,0.2550499439239502,0.20709991455078125,0.30299997329711914,1142531,CCOC(C)C(=O)NCCc1csc(-c2ccc(C)cc2)n1,3.2022200000000014,CC(C)C(C)(C#N)NC(=O)Cc1csc(-c2ccccc2)n1,True,3.4070800000000014,0.20486000000000004,0.373134328358209,False,True
3.0,bin,13,0.2550499439239502,0.20709991455078125,0.30299997329711914,1212157,CN(Cc1ccc(F)c(F)c1)C(=O)c1cncc(-c2cnn(C)c2)c1,3.0325000000000015,CSc1ccc(CN(C)C(=O)c2cncc(-c3cnn(C)c3)c2)cc1,True,3.476200000000002,0.44370000000000065,0.7142857142857143,False,True
3.0,bin,13,0.2550499439239502,0.20709991455078125,0.30299997329711914,1215394,CCn1nc(C)cc1C(=O)Oc1cccc(NC(=O)C(C)C)c1,3.025120000000001,CCn1nc(C)c(Cl)c1C(=O)Oc1ccc(OC)c(OC)c1,True,3.1012200000000014,0.07610000000000028,0.34328358208955223,False,True
3.0,bin,13,0.2550499439239502,0.20709991455078125,0.30299997329711914,1232922,CC(C)(C)OC(=O)NC1CCCN(S(=O)(=O)N2CCOCC2)C1,0.5525000000000011,CCCCOC(=O)N1CCCC(S(=O)(=O)N2CCOCC2)C1,True,1.0494999999999999,0.4969999999999988,0.3492063492063492,False,True
3.0,bin,13,0.2550499439239502,0.20709991455078125,0.30299997329711914,1238973,FC(F)(F)c1cnc(N2CCn3c(nnc3C3CC3)C2)c(Cl)c1,3.2429000000000023,FC(Cl)(Cl)c1ccnc(N2CCn3c(nnc3C3CC3)C2)c1,True,3.1281000000000008,-0.11480000000000157,0.5789473684210527,False,True
3.0,bin,13,0.2550499439239502,0.20709991455078125,0.30299997329711914,1299495,Cc1cc(CC(=O)N2CCCC2C(C#N)c2ccccc2)no1,2.823900000000001,CCc1ccc(CC(C#N)CCCCNC(=O)Cc2ccon2)cc1,True,3.4484800000000018,0.6245800000000008,0.21951219512195122,False,True
3.0,bin,13,0.2550499439239502,0.20709991455078125,0.30299997329711914,1309906,CC(C)CC(NC(=O)c1cc(=O)c2ccccc2o1)C(=O)OC(C)C,2.8891000000000018,Cc1ccc2c(c1)C(=O)C=CC(C(=O)OCCCC(=O)C(C)C)O2,True,3.043420000000001,0.15431999999999935,0.189873417721519,False,True
3.0,bin,13,0.2550499439239502,0.20709991455078125,0.30299997329711914,1362816,COCc1cccc(C(=O)NC2CC2c2cccc(Cl)c2)c1,3.772300000000002,O=C(NC1CC1c1ccc(Cl)cc1)c1c(F)cccc1F,True,3.9041000000000023,0.13180000000000014,0.41379310344827586,False,True
3.0,bin,13,0.2550499439239502,0.20709991455078125,0.30299997329711914,1441838,COCC(=O)NC(C(=O)Nc1cccc(-c2nccs2)c1)C(C)C,2.5358,CCCS(=O)(=O)Nc1cccc(-c2nccs2)c1,True,2.961800000000001,0.42600000000000104,0.4444444444444444,False,True
3.0,bin,13,0.2550499439239502,0.20709991455078125,0.30299997329711914,1450449,CCCNC(=O)CSc1nc2c(cc1C#N)CCCC2,2.450380000000001,CCC(=O)NC(C)CSc1nc2cc(c1C#N)CCC2,True,2.44878,-0.001600000000000712,0.36231884057971014,False,True
3.0,bin,13,0.2550499439239502,0.20709991455078125,0.30299997329711914,1451910,O=S(=O)(NCc1nnc2ccccn12)c1ccc(F)c(F)c1,1.4859999999999995,CCc1ccccc1S(=O)(=O)NCc1nnc2ccccn12,True,1.7702,0.28420000000000045,0.5769230769230769,False,True
3.0,bin,13,0.2550499439239502,0.20709991455078125,0.30299997329711914,1479798,Cc1nc(C)c(CCC(=O)N(CC(C)C)CC(F)(F)F)c(=O)[nH]1,2.3662400000000003,CCCc1nc(C)c(CCC(=O)N(CC(F)(F)F)C(C)C)c(=O)[nH]1,True,2.7627200000000007,0.3964800000000004,0.5517241379310345,False,True
3.0,bin,13,0.2550499439239502,0.20709991455078125,0.30299997329711914,1507926,COC(=O)C(C)NC(=O)Cc1csc(-c2ccccc2Cl)n1,2.6837,COC(C)C(=O)NCc1csc(-c2ccccc2Cl)n1,True,3.114600000000001,0.43090000000000117,0.6,False,True
3.0,bin,13,0.2550499439239502,0.20709991455078125,0.30299997329711914,1527882,Nc1ncccc1C(=O)Nc1ccc2cn[nH]c2c1,1.7923999999999998,COCCOc1ncccc1C(=O)Nc1ccc2cn[nH]c2c1,True,2.2354000000000003,0.4430000000000005,0.6666666666666666,False,True
3.0,bin,13,0.2550499439239502,0.20709991455078125,0.30299997329711914,1532848,COc1ccc(-c2ccc3c(=O)[nH]cnc3c2)cc1Cl,3.2521000000000013,O=CNC=NC1=CC(c2cccc(Cl)c2OCC(F)(F)F)C=C1,True,3.5927000000000024,0.3406000000000011,0.11392405063291139,False,True
3.0,bin,13,0.2550499439239502,0.20709991455078125,0.30299997329711914,1548351,COc1cc(OC)c2c(c1)C(c1cnccn1)NCC2,1.7288999999999999,Fc1ccc2c(c1F)CCNC2c1cnccn1,True,1.9898999999999996,0.2609999999999997,0.5,False,True
3.0,bin,13,0.2550499439239502,0.20709991455078125,0.30299997329711914,1570134,COc1cccc(C(C)N2CCN(C(=O)c3ccc(O)cc3)CC2)c1,2.9198000000000013,COc1ccc(C(C)N2CCN(C(=O)c3cccc(F)c3)CC2)cc1,True,3.3533000000000026,0.43350000000000133,0.5818181818181818,False,True
3.0,bin,13,0.2550499439239502,0.20709991455078125,0.30299997329711914,1611406,CC(C)(C)N1CC(NC(=O)C2COc3ccc(F)cc3C2)CC1=O,1.8923999999999994,CCCC1c2cc(Cl)ccc2OCC1C(=O)NC1(O)CCCNC1,True,2.4204999999999997,0.5281000000000002,0.20454545454545456,False,True
3.0,bin,13,0.2550499439239502,0.20709991455078125,0.30299997329711914,1612684,CCCC1CN(C(=O)Nc2ccn(CCC(C)C)n2)CCO1,2.9620000000000015,CCCn1ccc(NC(=O)N2CC(C)OC(CCCC(C)C)C2)n1,True,3.7406000000000033,0.7786000000000017,0.609375,False,True
3.0,bin,13,0.2550499439239502,0.20709991455078125,0.30299997329711914,1639675,CCC(CC)c1nnc(NC(=O)c2scnc2C2CC2)s1,4.0279000000000025,CCC(CC)Cc1nnc(NC(=O)c2scnc2C2CC2)s1,True,4.103000000000003,0.07510000000000083,0.7307692307692307,False,True
3.0,bin,13,0.2550499439239502,0.20709991455078125,0.30299997329711914,1675660,COc1ccnc(NC(=O)c2cccc(Cl)c2)c1,2.9959000000000007,C=CCOc1cccc(C(=O)Nc2cc(C)ccn2)c1,True,3.2071200000000015,0.21122000000000085,0.48214285714285715,False,True
3.0,bin,13,0.2550499439239502,0.20709991455078125,0.30299997329711914,1689728,CCc1noc(CSc2ncnc3sc(C)cc23)n1,3.237420000000002,CC1=C2CSC=NC=NC12SCc1nc(C)no1,True,2.44102,-0.796400000000002,0.25,False,True
3.0,bin,13,0.2550499439239502,0.20709991455078125,0.30299997329711914,1720876,CC(C)(C)CC(=O)NCC(=O)Nc1ccc2c(c1)COC2,2.2077,CC1(NC(=O)COC=C2C=CC(=O)C=C2)CC(C(F)(F)F)=N1,True,1.8214000000000001,-0.38629999999999987,0.16901408450704225,False,True
3.0,bin,13,0.2550499439239502,0.20709991455078125,0.30299997329711914,1757109,CC(C)Cc1ncc(CNc2ccc3c(c2)COC3)s1,3.983900000000003,CC(C)Cc1cc2cc(NC(F)c3nccs3)ccc2s1,True,5.636500000000003,1.6526000000000005,0.27941176470588236,False,True
3.0,bin,13,0.2550499439239502,0.20709991455078125,0.30299997329711914,1774061,O=C1NCCCc2[nH]c(-c3cccc4[nH]ccc34)nc21,2.234,CCc1[nH]ccc1C(=O)c1nc2c([nH]1)CCCNC2,True,1.567,-0.667,0.2753623188405797,False,True
3.0,bin,13,0.2550499439239502,0.20709991455078125,0.30299997329711914,1800687,Cc1nn(C)c(-c2nc(-c3cccnn3)no2)c1Cl,1.8889199999999997,Cc1nn(C)c(-c2nc(-c3ccc(Br)nn3)no2)c1C,True,2.3064400000000003,0.41752000000000056,0.5094339622641509,False,True
3.0,bin,13,0.2550499439239502,0.20709991455078125,0.30299997329711914,1815867,FC(F)(F)c1ccc(CN2CCOCC2c2ncon2)cc1,2.661900000000001,FC(Cl)c1ccccc1CN1CCOCC1c1ncon1,True,2.8500000000000005,0.1880999999999995,0.5862068965517241,False,True
3.0,bin,13,0.2550499439239502,0.20709991455078125,0.30299997329711914,1828580,Cc1ccc(N2CC3OCC(=O)N(Cc4cccc(F)c4)C3C2)nn1,1.54032,CC1C=CC=C(NCC2CN(Cc3ccccc3F)C(=O)CO2)N=N1,True,2.3946000000000005,0.8542800000000006,0.25287356321839083,False,True
3.0,bin,13,0.2550499439239502,0.20709991455078125,0.30299997329711914,1836183,CCc1ccc(C(=O)NCc2nccc(N(C)C)n2)cc1,2.035,CCCN(C)c1ccnc(CNC(=O)c2ccccc2F)n1,True,2.3919000000000006,0.35690000000000044,0.4827586206896552,False,True
3.0,bin,13,0.2550499439239502,0.20709991455078125,0.30299997329711914,1842499,COc1ccccc1COc1ccccc1-c1cnn(CCO)c1,3.1300000000000017,OCCNC1=C(c2ccccc2OCc2ccc(F)cc2)C=N1,True,2.739600000000001,-0.3904000000000005,0.2923076923076923,False,True
3.0,bin,13,0.2550499439239502,0.20709991455078125,0.30299997329711914,1865564,COC(CNC(=O)c1ccoc1)c1cccc(F)c1,2.536200000000001,Cc1ccc(F)c(C(O)CNC(=O)c2ccoc2)c1C,True,2.49894,-0.03726000000000074,0.4576271186440678,False,True
3.0,bin,13,0.2550499439239502,0.20709991455078125,0.30299997329711914,1868773,CCCOc1ccc(Cl)c2c1CCNC2C1CC(=O)C1,3.2947000000000015,O=C1CCC2(C1)NCCc1c(Cl)cc(C(F)(F)F)cc12,True,3.4528000000000016,0.15810000000000013,0.2,False,True
3.0,bin,13,0.2550499439239502,0.20709991455078125,0.30299997329711914,1873123,CCC1OC(=O)c2c(OC)ccc(Br)c21,3.079200000000002,CCOC(=O)c1cccc(Br)c1OC(C)C,True,3.413000000000002,0.3338000000000001,0.21818181818181817,False,True
3.0,bin,13,0.2550499439239502,0.20709991455078125,0.30299997329711914,1875028,Cc1cccc(C)c1NCC(=O)N1CCCC2CCCCC21,3.8965400000000034,O=C(CNc1cccc(C(F)(F)F)c1)N1CCCC2CCCCC21,True,4.298500000000003,0.4019599999999999,0.5849056603773585,False,True
3.0,bin,13,0.2550499439239502,0.20709991455078125,0.30299997329711914,1895921,CCC(CC)N(C)C(=O)CC1OC(=O)c2ccccc21,2.935200000000002,CCCCN(C(=O)CC1OC(=O)c2ccccc21)C(C)CC,True,3.7154000000000025,0.7802000000000007,0.62,False,True
3.0,bin,13,0.2550499439239502,0.20709991455078125,0.30299997329711914,1907077,Cc1ccc2[nH]nc(C(=O)Nc3nc(-c4ccco4)cs3)c2c1,3.8401200000000015,CCc1ccc2[nH]nc(C(=O)Nc3nc(-c4ccco4)cs3)c2c1,True,4.094100000000003,0.2539800000000012,0.7796610169491526,False,True
3.0,bin,13,0.2550499439239502,0.20709991455078125,0.30299997329711914,1913063,Cc1nn(C)c(C)c1CN(C(=O)c1cn2cccc(C)c2n1)C1CC1,2.797860000000001,C=C(C)C=CC=CCN(C(=O)c1cn2ccc(C)c(C)c2n1)C1CC1,True,4.244240000000004,1.446380000000003,0.43243243243243246,False,True
3.0,bin,13,0.2550499439239502,0.20709991455078125,0.30299997329711914,1922265,CN(CCNC(=O)c1ccc2c(c1)ncn2C)c1ccccc1,2.4395000000000007,CCN(CCNC(=O)c1ccc2c(c1)ncn2C)c1ccccc1,True,2.829600000000001,0.39010000000000034,0.7884615384615384,False,True
3.0,bin,14,0.34654998779296875,0.30299997329711914,0.39010000228881836,32052,COc1ccccc1CNC(=O)Cc1c[nH]c2ccccc12,3.035400000000001,COc1ccc(CN(C)C(=O)Cc2c[nH]c3ccccc23)cc1OC,True,3.3862000000000023,0.35080000000000133,0.5087719298245614,False,True
3.0,bin,14,0.34654998779296875,0.30299997329711914,0.39010000228881836,116747,COCCSc1ccccc1C(=O)Nc1cccc(C)n1,3.3808200000000017,Cc1cccc(NC(=O)c2ccc(Br)cc2F)n1,True,3.5439200000000017,0.16310000000000002,0.45454545454545453,False,False
3.0,bin,14,0.34654998779296875,0.30299997329711914,0.39010000228881836,131060,CS(=O)(=O)NCCc1csc(-c2ccc(F)cc2)n1,2.0408999999999997,CC(=O)NCC(=O)N(C)C(C)Cc1csc(-c2ccccc2)n1,True,2.3356000000000003,0.29470000000000063,0.3333333333333333,False,True
3.0,bin,14,0.34654998779296875,0.30299997329711914,0.39010000228881836,131949,CCc1c(C)nc(SCC(=O)NC(C)C)[nH]c1=O,1.25742,Cc1nc(SCC(=O)NC(C)(C)C)[nH]c(=O)c1C,True,1.39354,0.13612000000000002,0.5,False,False
3.0,bin,14,0.34654998779296875,0.30299997329711914,0.39010000228881836,158879,COc1ccc(CC(=O)OCC(=O)c2c[nH]c3ccccc23)cc1,3.145100000000001,COc1ccc(CC(=O)OC(C)C(=O)c2c[nH]c3ccccc23)cc1,True,3.5336000000000016,0.3885000000000005,0.660377358490566,False,True
3.0,bin,14,0.34654998779296875,0.30299997329711914,0.39010000228881836,232056,COCCNC(=O)c1cc(=O)c2cc(C)ccc2o1,1.4776199999999993,COCCCNC(=O)c1cc(=O)c2ccccc2o1,True,1.5593,0.08168000000000064,0.6326530612244898,False,False
3.0,bin,14,0.34654998779296875,0.30299997329711914,0.39010000228881836,235788,O=C(Cn1nc(-c2ccco2)oc1=O)NCC(F)(F)F,0.7747999999999999,CC(C)OC(=O)C(C)n1nc(-c2ccco2)oc1=O,True,1.6088999999999998,0.8340999999999998,0.4166666666666667,False,True
3.0,bin,14,0.34654998779296875,0.30299997329711914,0.39010000228881836,236081,CC(=O)c1c(C)[nH]c(C(=O)CSc2nc(C(C)C)n[nH]2)c1C,3.0506400000000014,C=C(C)CSC=NNC(C=N)SCC(=O)c1cc(C(C)=O)c(C)[nH]1,True,3.2594900000000013,0.20884999999999998,0.21794871794871795,False,True
3.0,bin,14,0.34654998779296875,0.30299997329711914,0.39010000228881836,281081,O=C(Cn1cccn1)NCc1cccnc1Oc1ccc(F)cc1F,2.665000000000001,O=C(Cn1cccn1)NCc1cccnc1Oc1ccc(Cl)cc1,True,3.0402000000000013,0.3752000000000004,0.639344262295082,False,True
3.0,bin,14,0.34654998779296875,0.30299997329711914,0.39010000228881836,284170,COc1ccc(-c2nc(CC(=O)Nc3cccc(C)n3)cs2)cc1,3.7033200000000024,Cc1ccc(F)c(-c2nc(CC(=O)Nc3cccc(C)n3)cs2)c1,True,4.142240000000003,0.4389200000000004,0.6101694915254238,False,True
3.0,bin,14,0.34654998779296875,0.30299997329711914,0.39010000228881836,288369,Cc1ccc(NCc2nnc3n2CCCCC3)cc1C,3.2334400000000016,Clc1ccccc1NCc1nnc2n1CCCCC2,True,3.2700000000000014,0.036559999999999704,0.5490196078431373,False,True
3.0,bin,14,0.34654998779296875,0.30299997329711914,0.39010000228881836,302889,COc1ccc(OC)c(NC(=O)CCNC(=O)c2cccs2)c1,2.5239000000000003,CCOc1ccc(NC(=O)CCNC(=O)c2cccs2)cc1,True,2.905400000000001,0.38150000000000084,0.5892857142857143,False,False
3.0,bin,14,0.34654998779296875,0.30299997329711914,0.39010000228881836,327141,COc1ccc(OC)c(S(=O)(=O)Nc2ccn(C)n2)c1,1.2381,CCOc1ccc(S(=O)(=O)Nc2ccn(C)n2)cc1,True,1.6196,0.38149999999999995,0.52,False,False
3.0,bin,14,0.34654998779296875,0.30299997329711914,0.39010000228881836,327382,CNC(=O)C1CN(C(=O)c2c(C)noc2C)c2ccccc2O1,1.4452399999999996,CCc1onc(C)c1C(=O)N1Cc2ccccc2OC(C(=O)NC)C1,True,1.6948199999999998,0.24958000000000014,0.546875,False,True
3.0,bin,14,0.34654998779296875,0.30299997329711914,0.39010000228881836,406491,COCCNC(=O)C1CCCN(S(=O)(=O)N2CCOCC2)C1,-0.9619999999999964,CCS(=O)(=O)NCC1CCCN(S(=O)(=O)N2CCOCC2)C1,True,-0.7852999999999972,0.1766999999999992,0.4642857142857143,False,True
3.0,bin,14,0.34654998779296875,0.30299997329711914,0.39010000228881836,413951,O=C(Cn1ncn2cccc2c1=O)N1CCCCCC1,0.8985999999999996,CC1=CC2=CN(CC(=O)N3CCCC(C)CC3O)C(=O)C2=N1,True,1.0379,0.13930000000000042,0.1917808219178082,False,True
3.0,bin,14,0.34654998779296875,0.30299997329711914,0.39010000228881836,427929,CCNc1nc(NCc2ccccc2Cl)c2cnn(C)c2n1,3.060600000000001,CCCCn1ncc2c(NCc3ccccc3F)nc(C)nc21,True,3.686020000000002,0.625420000000001,0.421875,False,True
3.0,bin,14,0.34654998779296875,0.30299997329711914,0.39010000228881836,447130,CCC(NC(=O)C1CCN(C(=O)C2CC2)CC1)c1ccc(C)cc1,3.2109200000000016,CCCC1CCC(C(N)=O)c2cc(N(C)C(C)C)ccc2C(C)NC1=O,True,3.487400000000002,0.2764800000000003,0.1625,False,True
3.0,bin,14,0.34654998779296875,0.30299997329711914,0.39010000228881836,481908,CCNS(=O)(=O)c1ccc(C)c(C(=O)Nc2ncccc2C)c1,2.24894,Cc1ccc(S(=O)(=O)C(F)F)cc1C(=O)Nc1ncccc1C,True,2.947040000000001,0.698100000000001,0.6730769230769231,False,True
3.0,bin,14,0.34654998779296875,0.30299997329711914,0.39010000228881836,485220,Cc1nn(CC(=O)N2CCN(C)CC2)c(C)c1Br,1.03644,Cc1nn(CC(=O)N2CCN(C)CC2)c(C)c1Br,True,1.03644,0.0,1.0,True,False
3.0,bin,14,0.34654998779296875,0.30299997329711914,0.39010000228881836,526363,Cc1nnc(SCC(=O)Nc2ccc(O)cc2)n(N)c1=O,0.09692,COc1ccccc1NC(=O)CSc1nnc(C)c(=O)n1N,True,0.39991999999999994,0.30299999999999994,0.6181818181818182,False,False
3.0,bin,14,0.34654998779296875,0.30299997329711914,0.39010000228881836,536853,COc1ccc(C2CCCN2C(=O)C2CCC2)c(OC)c1,3.1674000000000015,C=CCOc1ccc(C2CCCN2C(=O)C2CCC2)cc1,True,3.7150000000000025,0.547600000000001,0.48214285714285715,False,True
3.0,bin,14,0.34654998779296875,0.30299997329711914,0.39010000228881836,540312,Cc1nn(C)c2nc(C3CC3)cc(C(=O)NCC(=O)NC(C)(C)C)c12,1.7986199999999997,CCN(CC)C(=O)COC(=O)c1cc(C2CC2)nc2c1c(C)nn2C,True,2.1793199999999997,0.38070000000000004,0.5151515151515151,False,True
3.0,bin,14,0.34654998779296875,0.30299997329711914,0.39010000228881836,544381,Cc1nc(N2CCCC(C(=O)NC(C)C)C2)c2c(C)c(C)oc2n1,2.8890600000000006,CC=NC1=c2c(C)c(C)oc2=NC2CC(C(=O)C(C)(C)C)CN1C2,True,1.9917399999999998,-0.8973200000000008,0.24675324675324675,False,True
3.0,bin,14,0.34654998779296875,0.30299997329711914,0.39010000228881836,544382,CCCNC(=O)C1CCCN(c2nc(C)nc3oc(C)c(C)c23)C1,2.8906600000000013,CCOC(=O)C1(C)CCCN(c2nc(C(C)C)nc3oc(C)cc23)C1,True,3.824220000000003,0.9335600000000017,0.25,False,True
3.0,bin,14,0.34654998779296875,0.30299997329711914,0.39010000228881836,550049,Cc1ccc(C)c(OCC(=O)Nc2cccc(-n3cnnc3)c2)c1,2.9016400000000013,CC1=CC=CCC1OC(C)C(=O)Nc1cccc(-n2cnnc2)c1C,True,3.1941200000000016,0.2924800000000003,0.2564102564102564,False,True
3.0,bin,14,0.34654998779296875,0.30299997329711914,0.39010000228881836,573533,Cc1nn(-c2ncc(C(F)(F)F)cc2Cl)c(=O)o1,2.2011199999999995,Cc1noc(N2CC(C)SC=CN=C2C(F)(F)F)n1,True,2.7517200000000015,0.550600000000002,0.15942028985507245,False,True
3.0,bin,14,0.34654998779296875,0.30299997329711914,0.39010000228881836,582555,O=C(NCC(O)c1ccccc1)c1ccc2c(=O)n3c(nc2c1)CCC3,1.8061000000000003,COc1cccc(CCNC(=O)c2ccc3c(=O)n4c(nc3c2)CCC4)c1,True,2.3238000000000003,0.5177,0.5714285714285714,False,True
3.0,bin,14,0.34654998779296875,0.30299997329711914,0.39010000228881836,588547,Cc1n[nH]c(C)c1NC(=O)CCc1ccc(Cl)cc1Cl,3.9046400000000023,Cc1cc(C(C)(C)C)cc(C)c1CCC(=O)Nc1c(C)n[nH]c1C,True,4.5121800000000025,0.6075400000000002,0.5471698113207547,False,True
3.0,bin,14,0.34654998779296875,0.30299997329711914,0.39010000228881836,607673,CCCN(CC1CC1)S(=O)(=O)c1ccccc1F,2.636400000000001,CCCN(CC1CC1)S(=O)(=O)c1cc(C)ccc1F,True,2.9448200000000018,0.3084200000000008,0.7045454545454546,False,True
3.0,bin,14,0.34654998779296875,0.30299997329711914,0.39010000228881836,617681,Cc1cc(C(=O)Nc2nc(-c3ccncc3)cs2)nn1C(C)C,3.5432200000000016,Cc1cc(C(=O)Nc2nc(-c3ccnc(C(F)(F)F)c3)cs2)n[nH]1,True,3.507720000000001,-0.03550000000000075,0.43283582089552236,False,True
3.0,bin,14,0.34654998779296875,0.30299997329711914,0.39010000228881836,650267,COc1ccc2oc(C(=O)NC3CCCCNC3=O)c(C)c2c1,2.14832,COC=CC=COC(=O)C(=O)N(C)C1CNCCC(C)C1,True,1.0498999999999994,-1.0984200000000006,0.13414634146341464,False,True
3.0,bin,14,0.34654998779296875,0.30299997329711914,0.39010000228881836,668639,Cc1cc(NC(=O)c2ccccc2Cl)ncc1N,2.8779200000000005,NC1=CC(C(=O)Nc2cc(Cl)ccn2)=CC=CC1,True,2.4024,-0.4755200000000004,0.3333333333333333,False,True
3.0,bin,14,0.34654998779296875,0.30299997329711914,0.39010000228881836,673160,CCC(=O)Nc1ccc2oc(C(F)(F)F)cc(=O)c2c1,3.160300000000001,CCC(=O)N1C=COC(C)=CC(=O)C=C(C(F)(F)F)C=C1,True,3.2017000000000015,0.041400000000000325,0.24615384615384617,False,True
3.0,bin,14,0.34654998779296875,0.30299997329711914,0.39010000228881836,711169,Cc1cccc(C(C)C)c1NC(=O)N(C)Cc1ccncc1,4.177320000000003,CSc1cc(C)c(NC(=O)N(C)Cc2ccncc2)cc1Cl,True,4.4292200000000035,0.2519000000000009,0.4745762711864407,False,True
3.0,bin,14,0.34654998779296875,0.30299997329711914,0.39010000228881836,720969,Cc1noc(C)c1CCC(=O)OCC(=O)N1c2ccccc2CC1C,2.7450400000000013,Cc1cc(C)cc(NC(=O)COC(=O)C2Cc3c(C)noc3CC2C)c1,True,3.1326600000000013,0.3876200000000001,0.2625,False,True
3.0,bin,14,0.34654998779296875,0.30299997329711914,0.39010000228881836,730789,COC(=O)C1CCN(C(=O)c2cc3ccc(F)cc3nc2C)CC1,2.7075200000000006,CCOC(=O)C1CCN(C(=O)c2cc3ccc(F)cc3nc2C)CC1,True,3.097620000000002,0.3901000000000012,0.8076923076923077,False,True
3.0,bin,14,0.34654998779296875,0.30299997329711914,0.39010000228881836,738178,Cc1ccc(-n2ccnc2SCc2nc(C3CC3)no2)cc1C,4.041840000000003,Clc1ccc(-n2ccnc2SCc2nc(C3CC3)no2)cc1,True,4.078400000000002,0.036559999999998816,0.7358490566037735,False,True
3.0,bin,14,0.34654998779296875,0.30299997329711914,0.39010000228881836,771897,COc1ccccc1OCC(=O)N(C)Cc1sccc1C,3.102520000000002,COc1cc(C)ccc1OC(C)C(=O)N(C)Cc1cccs1,True,3.4910200000000025,0.3885000000000005,0.3384615384615385,False,True
3.0,bin,14,0.34654998779296875,0.30299997329711914,0.39010000228881836,811446,COC(=O)C1(NC(=O)c2cc(Br)c[nH]2)CCCCCC1,2.7730000000000006,O=C(NC1(CO)CCCCC1)c1cc(Br)c[nH]1,True,2.2021999999999995,-0.5708000000000011,0.6086956521739131,False,True
3.0,bin,14,0.34654998779296875,0.30299997329711914,0.39010000228881836,848291,CCC(C)NC(=O)NCc1noc(-c2cccs2)n1,2.3958000000000004,O=C(NCc1noc(-c2cccs2)n1)C(F)OCC(F)(F)F,True,2.2888,-0.1070000000000002,0.5483870967741935,False,True
3.0,bin,14,0.34654998779296875,0.30299997329711914,0.39010000228881836,863440,COc1ccc(-c2nc(CCCO)cs2)cc1OC,2.752200000000001,CCOc1ccc(-c2nc(CCC(C)O)cs2)cc1N,True,3.104400000000001,0.35219999999999985,0.4642857142857143,False,True
3.0,bin,14,0.34654998779296875,0.30299997329711914,0.39010000228881836,864663,N#Cc1ccc(-c2cc(F)ccc2F)nc1N1CCCC1,3.498680000000002,Cc1cc(C)cc(-c2ccc(CC#N)c(N3CCCC3)n2)c1,True,4.0317200000000035,0.5330400000000015,0.3684210526315789,False,True
3.0,bin,14,0.34654998779296875,0.30299997329711914,0.39010000228881836,872100,CCc1cccc(C)c1NCC(O)c1ccc2c(c1)OCCO2,3.474120000000002,Cc1cccc(C(C)C)c1NCC(O)c1ccc2c(c1)OCCO2,True,4.035120000000002,0.5609999999999999,0.7254901960784313,False,True
3.0,bin,14,0.34654998779296875,0.30299997329711914,0.39010000228881836,886334,COc1ccc(C(=O)N2CCCC(C(=O)N3CCCCC3)C2)c(O)c1,2.2655000000000003,COCC1CCCN(C(=O)C2CCCN(C(=O)c3ccccc3)C2)C1,True,2.423800000000001,0.15830000000000055,0.4576271186440678,False,True
3.0,bin,14,0.34654998779296875,0.30299997329711914,0.39010000228881836,887387,COCCNC(=O)N(Cc1cccc(F)c1)CC1CCCO1,2.1627,CCNC(=O)N(Cc1cccc(F)c1)CC1CCCO1,True,2.536200000000001,0.37350000000000083,0.7857142857142857,False,False
3.0,bin,14,0.34654998779296875,0.30299997329711914,0.39010000228881836,889149,N#Cc1ccc(NC(=O)c2ccc(Br)cc2Cl)nc1,3.621480000000001,O=C(Nc1ccc(Br)cn1)c1ccc(C(F)(F)F)cc1,True,4.1152000000000015,0.4937200000000006,0.3888888888888889,False,True
3.0,bin,14,0.34654998779296875,0.30299997329711914,0.39010000228881836,913483,O=C(CNC(=O)NCCc1c(Cl)cccc1Cl)NC1CC1,2.1137000000000006,CC(Cc1c(Cl)cccc1Cl)NC(=O)NCC(=O)NC1CC1,True,2.5022,0.3884999999999996,0.6326530612244898,False,True
3.0,bin,14,0.34654998779296875,0.30299997329711914,0.39010000228881836,917620,C=CCN(Cc1ccccc1OC)C(=O)c1csc(C)n1,3.288520000000002,C=CCN(Cc1ccc(C)cc1)C(=O)c1csc(C)n1,True,3.5883400000000023,0.2998200000000004,0.6226415094339622,False,True
3.0,bin,14,0.34654998779296875,0.30299997329711914,0.39010000228881836,918312,CCOc1ccc(Cl)c(C(=O)N2CCN(c3ncccn3)CC2)n1,1.8860999999999997,CCSc1ncccc1Cl,True,2.8470000000000013,0.9609000000000016,0.2545454545454545,False,True
3.0,bin,14,0.34654998779296875,0.30299997329711914,0.39010000228881836,922879,CC(=O)c1ccc(N2CCN(Cc3c(F)cccc3F)CC2)cc1,3.489600000000003,Fc1ccc(CN2CCN(c3ccc(F)c(Cl)c3)CC2)cc1,True,3.940400000000003,0.4508000000000001,0.36538461538461536,False,True
3.0,bin,14,0.34654998779296875,0.30299997329711914,0.39010000228881836,927535,COc1cc(CN2CCN(c3ccccc3F)CC2)ccc1O,2.862100000000002,COc1ccccc1CN1CCN(c2cccc(NC(C)=O)c2)CC1,True,2.9758000000000013,0.11369999999999925,0.35384615384615387,False,True
3.0,bin,14,0.34654998779296875,0.30299997329711914,0.39010000228881836,927567,Cc1ccccc1N1CCN(Cc2cccc(O)c2)CC1,3.022820000000001,Clc1ccccc1N1CCN(Cc2ccccc2)CC1,True,3.662200000000002,0.639380000000001,0.5,False,True
3.0,bin,14,0.34654998779296875,0.30299997329711914,0.39010000228881836,938108,CC(c1ccccc1)N(C)C(=O)CCC(=O)Nc1nccs1,3.0814000000000012,CC(C)c1ccc(CN(C)C(=O)CCC(=O)Nc2nccs2)cc1,True,3.6438000000000024,0.5624000000000011,0.6071428571428571,False,False
3.0,bin,14,0.34654998779296875,0.30299997329711914,0.39010000228881836,943303,CN(CCCOc1ccccc1)C(=O)Nc1cccc2c1OCCO2,3.390600000000002,CC=C1C=C(OCCCN(C)C(=O)Nc2cccc3c2OCCO3)C=C1C,True,4.118300000000003,0.7277000000000013,0.6612903225806451,False,True
3.0,bin,14,0.34654998779296875,0.30299997329711914,0.39010000228881836,946289,CC(NC(=O)C1(c2cc(-c3ccco3)on2)CC1)c1ccccc1,3.843600000000002,CC(C)(NC(=O)C1(c2cc(-c3ccco3)on2)CC1)c1ccccc1,True,4.017700000000002,0.17410000000000014,0.6491228070175439,False,True
3.0,bin,14,0.34654998779296875,0.30299997329711914,0.39010000228881836,994077,Cc1nnc(Cn2c(-c3cccc(Br)c3)noc2=O)o1,2.0055199999999997,CC(C)(C)c1nnc(Cn2c(-c3ccc(F)cc3)noc2=O)o1,True,2.3712,0.3656800000000002,0.4827586206896552,False,True
3.0,bin,14,0.34654998779296875,0.30299997329711914,0.39010000228881836,1065620,O=C(NCc1cccnc1Oc1ccccc1)c1cccnc1,3.198900000000002,Cc1ccc(C(=O)NCc2cccnc2Oc2ccccc2)cn1,True,3.5073200000000018,0.3084199999999999,0.7551020408163265,False,False
3.0,bin,14,0.34654998779296875,0.30299997329711914,0.39010000228881836,1093926,CN(C(=O)CNc1cccc(OCC2CCCO2)c1)c1ccccc1,3.319300000000002,Cc1ccc(NCC(=O)Nc2cccc(OCC3CCCO3)c2)cc1,True,3.6034200000000025,0.2841200000000006,0.609375,False,True
3.0,bin,14,0.34654998779296875,0.30299997329711914,0.39010000228881836,1107920,CCc1ccc(-n2cc(C(=O)NC(C)c3ccccc3)nn2)cc1,3.320700000000002,C=CC=C(C)C=C(CC)NC(=O)c1cn(-c2ccc(C)cc2)nn1,True,3.731720000000002,0.4110199999999997,0.3880597014925373,False,True
3.0,bin,14,0.34654998779296875,0.30299997329711914,0.39010000228881836,1113130,CC(NC(=O)Cn1nnnc1C(C)(C)C)c1cccc2ccccc12,3.0012000000000016,CCCn1nnnc1C(C)(C)NC(=O)C(C)n1c(C)cc2ccccc21,True,2.9587200000000013,-0.042480000000000295,0.375,False,True
3.0,bin,14,0.34654998779296875,0.30299997329711914,0.39010000228881836,1121751,COC(=O)Cn1ccc(NS(=O)(=O)c2ccc(F)c(F)c2F)n1,1.2742,COC(=O)c1ccc(F)c(S(=O)(=O)NC2C=CNCC2)c1,True,0.7662000000000001,-0.5079999999999999,0.2753623188405797,False,True
3.0,bin,14,0.34654998779296875,0.30299997329711914,0.39010000228881836,1142531,CCOC(C)C(=O)NCCc1csc(-c2ccc(C)cc2)n1,3.2022200000000014,CC(NC(=O)NCCC(F)N=CC1=CC=CCC=CS1)C(F)F,True,3.786400000000003,0.5841800000000017,0.18292682926829268,False,True
3.0,bin,14,0.34654998779296875,0.30299997329711914,0.39010000228881836,1212157,CN(Cc1ccc(F)c(F)c1)C(=O)c1cncc(-c2cnn(C)c2)c1,3.0325000000000015,CN(Cc1ccc(F)c(Cl)c1)C(=O)c1cncc(-c2cnn(C)c2)c1,True,3.546800000000002,0.5143000000000004,0.8333333333333334,False,True
3.0,bin,14,0.34654998779296875,0.30299997329711914,0.39010000228881836,1215394,CCn1nc(C)cc1C(=O)Oc1cccc(NC(=O)C(C)C)c1,3.025120000000001,CCn1nc(C)cc1C(=O)Oc1ccc(Br)c(C)c1,True,3.501540000000002,0.47642000000000095,0.5636363636363636,False,True
3.0,bin,14,0.34654998779296875,0.30299997329711914,0.39010000228881836,1232922,CC(C)(C)OC(=O)NC1CCCN(S(=O)(=O)N2CCOCC2)C1,0.5525000000000011,CCCC(CCC)NC(=O)CCCN(C)S(=O)(=O)N1CCOCC1,True,1.3604000000000016,0.8079000000000005,0.26865671641791045,False,True
3.0,bin,14,0.34654998779296875,0.30299997329711914,0.39010000228881836,1238973,FC(F)(F)c1cnc(N2CCn3c(nnc3C3CC3)C2)c(Cl)c1,3.2429000000000023,SC(Cl)Cl,True,1.6774,-1.5655000000000023,0.02,False,True
3.0,bin,14,0.34654998779296875,0.30299997329711914,0.39010000228881836,1299495,Cc1cc(CC(=O)N2CCCC2C(C#N)c2ccccc2)no1,2.823900000000001,CC(=O)c1cccc(CCC(=O)N2CCCC2c2cc(C)on2)c1,True,3.4819200000000023,0.6580200000000014,0.37333333333333335,False,True
3.0,bin,14,0.34654998779296875,0.30299997329711914,0.39010000228881836,1309906,CC(C)CC(NC(=O)c1cc(=O)c2ccccc2o1)C(=O)OC(C)C,2.8891000000000018,CCCC(C)N(C)C(=O)c1cc(=O)c2cc(Cl)ccc2o1,True,3.7070000000000025,0.8179000000000007,0.3333333333333333,False,True
3.0,bin,14,0.34654998779296875,0.30299997329711914,0.39010000228881836,1362816,COCc1cccc(C(=O)NC2CC2c2cccc(Cl)c2)c1,3.772300000000002,O=C(NC1CC1c1ccc(Cl)c(Cl)c1)c1ccccc1,True,4.279300000000003,0.5070000000000006,0.4909090909090909,False,True
3.0,bin,14,0.34654998779296875,0.30299997329711914,0.39010000228881836,1441838,COCC(=O)NC(C(=O)Nc1cccc(-c2nccs2)c1)C(C)C,2.5358,COC(=O)C(C(C)C)N(C)C(=O)Nc1cccc(-c2nccs2)c1,True,3.471400000000002,0.9356000000000018,0.5625,False,True
3.0,bin,14,0.34654998779296875,0.30299997329711914,0.39010000228881836,1450449,CCCNC(=O)CSc1nc2c(cc1C#N)CCCC2,2.450380000000001,CCCNC(=O)C(C)Sc1nc2c(cc1C#N)CCCC2,True,2.8388800000000014,0.3885000000000005,0.6785714285714286,False,False
3.0,bin,14,0.34654998779296875,0.30299997329711914,0.39010000228881836,1451910,O=S(=O)(NCc1nnc2ccccn12)c1ccc(F)c(F)c1,1.4859999999999995,O=S(=O)(NCc1nnc2ccccn12)c1cccc(Cl)c1,True,1.8611999999999997,0.3752000000000002,0.7142857142857143,False,False
3.0,bin,14,0.34654998779296875,0.30299997329711914,0.39010000228881836,1479798,Cc1nc(C)c(CCC(=O)N(CC(C)C)CC(F)(F)F)c(=O)[nH]1,2.3662400000000003,CSc1nc(C)c(CCC(=O)N(CC(C)C)CC(C)C)c(=O)[nH]1,True,2.873420000000001,0.5071800000000009,0.6346153846153846,False,True
3.0,bin,14,0.34654998779296875,0.30299997329711914,0.39010000228881836,1507926,COC(=O)C(C)NC(=O)Cc1csc(-c2ccccc2Cl)n1,2.6837,COCC(C)NC(=O)Cc1csc(-c2ccccc2Cl)n1,True,3.1571000000000007,0.4734000000000007,0.75,False,True
3.0,bin,14,0.34654998779296875,0.30299997329711914,0.39010000228881836,1527882,Nc1ncccc1C(=O)Nc1ccc2cn[nH]c2c1,1.7923999999999998,COc1ncccc1C(=O)Nc1ccc2cn[nH]c2c1,True,2.2188,0.4264000000000001,0.7058823529411765,False,False
3.0,bin,14,0.34654998779296875,0.30299997329711914,0.39010000228881836,1532848,COc1ccc(-c2ccc3c(=O)[nH]cnc3c2)cc1Cl,3.2521000000000013,O=c1[nH]cnc2ccc(-c3ccc(Cl)c(Cl)c3)cc12,True,3.8969000000000014,0.6448,0.5555555555555556,False,True
3.0,bin,14,0.34654998779296875,0.30299997329711914,0.39010000228881836,1548351,COc1cc(OC)c2c(c1)C(c1cnccn1)NCC2,1.7288999999999999,CCOc1cc2c(cc1OC)C(c1cnccn1)NCC2,True,2.1189999999999998,0.3900999999999999,0.5740740740740741,False,False
3.0,bin,14,0.34654998779296875,0.30299997329711914,0.39010000228881836,1570134,COc1cccc(C(C)N2CCN(C(=O)c3ccc(O)cc3)CC2)c1,2.9198000000000013,COc1cccc(C(=O)N2CCN(C(C)c3ccccc3)CC2)c1F,True,3.3533000000000017,0.43350000000000044,0.4827586206896552,False,True
3.0,bin,14,0.34654998779296875,0.30299997329711914,0.39010000228881836,1611406,CC(C)(C)N1CC(NC(=O)C2COc3ccc(F)cc3C2)CC1=O,1.8923999999999994,CCC1N(C(=O)C2COc3cc2ccc3C)CCC(=O)N1C(C)(C)C,True,3.0665200000000015,1.174120000000002,0.2692307692307692,False,True
3.0,bin,14,0.34654998779296875,0.30299997329711914,0.39010000228881836,1612684,CCCC1CN(C(=O)Nc2ccn(CCC(C)C)n2)CCO1,2.9620000000000015,CCCCC1OCCN1C(=O)Nc1ccn(CC(F)(F)Cl)n1,True,3.0951000000000013,0.13309999999999977,0.4444444444444444,False,True
3.0,bin,14,0.34654998779296875,0.30299997329711914,0.39010000228881836,1639675,CCC(CC)c1nnc(NC(=O)c2scnc2C2CC2)s1,4.0279000000000025,CCC(CC)CCc1nnc(NC(=O)c2scnc2C2CC2)s1,True,4.493100000000004,0.46520000000000117,0.7037037037037037,False,True
3.0,bin,14,0.34654998779296875,0.30299997329711914,0.39010000228881836,1675660,COc1ccnc(NC(=O)c2cccc(Cl)c2)c1,2.9959000000000007,O=C(Nc1ccccn1)c1ccc(OC(F)(F)F)cc1,True,3.232500000000001,0.23660000000000014,0.36363636363636365,False,False
3.0,bin,14,0.34654998779296875,0.30299997329711914,0.39010000228881836,1689728,CCc1noc(CSc2ncnc3sc(C)cc23)n1,3.237420000000002,Cc1cc2c(SC(C)C3CC=NO3)ncnc2s1,True,3.255020000000002,0.017599999999999838,0.3870967741935484,False,True
3.0,bin,14,0.34654998779296875,0.30299997329711914,0.39010000228881836,1720876,CC(C)(C)CC(=O)NCC(=O)Nc1ccc2c(c1)COC2,2.2077,C=C(NC(=O)CNc1cccc(COC)c1)C(C)(Cl)C#N,True,2.395880000000001,0.1881800000000009,0.2112676056338028,False,True
3.0,bin,14,0.34654998779296875,0.30299997329711914,0.39010000228881836,1757109,CC(C)Cc1ncc(CNc2ccc3c(c2)COC3)s1,3.983900000000003,CC(C)(C)Cc1ncc(CNc2ccc3c(c2)COC3)s1,True,4.374000000000003,0.39010000000000034,0.7291666666666666,False,True
3.0,bin,14,0.34654998779296875,0.30299997329711914,0.39010000228881836,1774061,O=C1NCCCc2[nH]c(-c3cccc4[nH]ccc34)nc21,2.234,Cc1[nH]ccc1-c1nc2c([nH]1)CCCNC2c1ccc[nH]1,True,2.6665200000000002,0.43252000000000024,0.3384615384615385,False,True
3.0,bin,14,0.34654998779296875,0.30299997329711914,0.39010000228881836,1800687,Cc1nn(C)c(-c2nc(-c3cccnn3)no2)c1Cl,1.8889199999999997,Cc1nn(-c2nc(-c3ccc(Cl)nn3)no2)c(C)c1C,True,2.29096,0.4020400000000004,0.3559322033898305,False,True
3.0,bin,14,0.34654998779296875,0.30299997329711914,0.39010000228881836,1815867,FC(F)(F)c1ccc(CN2CCOCC2c2ncon2)cc1,2.661900000000001,FC(F)(Cl)c1ccccc1CN1CCOCC1c1ncon1,True,2.9312000000000014,0.2693000000000003,0.6428571428571429,False,True
3.0,bin,14,0.34654998779296875,0.30299997329711914,0.39010000228881836,1828580,Cc1ccc(N2CC3OCC(=O)N(Cc4cccc(F)c4)C3C2)nn1,1.54032,CC=CC=C1C=NC2OC(CN1)N=NCCN(Cc1ccc(C)cc1)C2=O,True,2.59222,1.0519000000000003,0.1702127659574468,False,True
3.0,bin,14,0.34654998779296875,0.30299997329711914,0.39010000228881836,1836183,CCc1ccc(C(=O)NCc2nccc(N(C)C)n2)cc1,2.035,CN(C)c1ccnc(CNC(=O)c2cccc(Br)c2)n1,True,2.2351,0.20009999999999994,0.66,False,True
3.0,bin,14,0.34654998779296875,0.30299997329711914,0.39010000228881836,1842499,COc1ccccc1COc1ccccc1-c1cnn(CCO)c1,3.1300000000000017,Cc1ccc(C(=O)N(C)C)cc1OCc1ccccc1-c1cnn(C)c1,True,3.6763200000000023,0.5463200000000006,0.4307692307692308,False,True
3.0,bin,14,0.34654998779296875,0.30299997329711914,0.39010000228881836,1865564,COC(CNC(=O)c1ccoc1)c1cccc(F)c1,2.536200000000001,COC(CNC(=O)c1coc(C)c1)c1ccccc1F,True,2.8446200000000017,0.3084200000000008,0.4666666666666667,False,True
3.0,bin,14,0.34654998779296875,0.30299997329711914,0.39010000228881836,1868773,CCCOc1ccc(Cl)c2c1CCNC2C1CC(=O)C1,3.2947000000000015,NC1C(=O)CCC12CCc1cc2c(Cl)cc1C(F)(F)F,True,3.2330000000000023,-0.0616999999999992,0.15492957746478872,False,True
3.0,bin,14,0.34654998779296875,0.30299997329711914,0.39010000228881836,1873123,CCC1OC(=O)c2c(OC)ccc(Br)c21,3.079200000000002,CCC1(CC)OC(=O)c2cc(Br)ccc21,True,3.634800000000003,0.555600000000001,0.23529411764705882,False,True
3.0,bin,14,0.34654998779296875,0.30299997329711914,0.39010000228881836,1875028,Cc1cccc(C)c1NCC(=O)N1CCCC2CCCCC21,3.8965400000000034,O=C(CCC1CCCCC1)CNc1ccccc1CC(F)(F)F,True,5.132900000000005,1.2363600000000012,0.2698412698412698,False,True
3.0,bin,14,0.34654998779296875,0.30299997329711914,0.39010000228881836,1895921,CCC(CC)N(C)C(=O)CC1OC(=O)c2ccccc21,2.935200000000002,CCCN(CC(C)C)C(=O)CC1OC(=O)c2ccccc21,True,3.182800000000002,0.24760000000000026,0.6,False,True
3.0,bin,14,0.34654998779296875,0.30299997329711914,0.39010000228881836,1907077,Cc1ccc2[nH]nc(C(=O)Nc3nc(-c4ccco4)cs3)c2c1,3.8401200000000015,CN(C(=O)C1=NNC=CC=CC1)C1=NC(c2ccco2)=C[SH]1C,True,2.456200000000001,-1.3839200000000007,0.21176470588235294,False,True
3.0,bin,14,0.34654998779296875,0.30299997329711914,0.39010000228881836,1913063,Cc1nn(C)c(C)c1CN(C(=O)c1cn2cccc(C)c2n1)C1CC1,2.797860000000001,CC=CC(C)=CN1C=C2C(C)Cc3c(c(C)nn3C)CN2C(=O)C1,True,2.8862200000000016,0.08836000000000066,0.17045454545454544,False,True
3.0,bin,14,0.34654998779296875,0.30299997329711914,0.39010000228881836,1922265,CN(CCNC(=O)c1ccc2c(c1)ncn2C)c1ccccc1,2.4395000000000007,C=CC=CC=CNCCN(C)C(=O)C12C=c3nc(n(C)c3=CC1)C2,True,0.23120000000000096,-2.2082999999999995,0.17647058823529413,False,True
3.0,bin,15,0.4522000253200531,0.39010000228881836,0.5143000483512878,32052,COc1ccccc1CNC(=O)Cc1c[nH]c2ccccc12,3.035400000000001,Cc1cc(CNC(=O)Cc2c[nH]c3ccccc23)ccc1F,True,3.4743200000000014,0.4389200000000004,0.5660377358490566,False,True
3.0,bin,15,0.4522000253200531,0.39010000228881836,0.5143000483512878,116747,COCCSc1ccccc1C(=O)Nc1cccc(C)n1,3.3808200000000017,COc1ccc(Br)cc1C(=O)Nc1cccc(C)n1,True,3.4134200000000012,0.03259999999999952,0.4909090909090909,False,False
3.0,bin,15,0.4522000253200531,0.39010000228881836,0.5143000483512878,131060,CS(=O)(=O)NCCc1csc(-c2ccc(F)cc2)n1,2.0408999999999997,CCN(C)S(=O)(=O)Cc1csc(-c2ccc(C)cc2)n1,True,2.9000200000000014,0.8591200000000017,0.4074074074074074,False,True
3.0,bin,15,0.4522000253200531,0.39010000228881836,0.5143000483512878,131949,CCc1c(C)nc(SCC(=O)NC(C)C)[nH]c1=O,1.25742,CCCc1c(C)nc(SCC(=O)NC(C)C)[nH]c1=O,True,1.64752,0.3901000000000001,0.8181818181818182,False,True
3.0,bin,15,0.4522000253200531,0.39010000228881836,0.5143000483512878,158879,COc1ccc(CC(=O)OCC(=O)c2c[nH]c3ccccc23)cc1,3.145100000000001,CCn1cc(C(=O)COC(=O)Cc2ccccc2)c2ccccc21,True,3.629800000000003,0.4847000000000019,0.4482758620689655,False,True
3.0,bin,15,0.4522000253200531,0.39010000228881836,0.5143000483512878,232056,COCCNC(=O)c1cc(=O)c2cc(C)ccc2o1,1.4776199999999993,CCOCCCNC(=O)c1cc(=O)c2ccccc2o1,True,1.9494000000000002,0.471780000000001,0.5370370370370371,False,False
3.0,bin,15,0.4522000253200531,0.39010000228881836,0.5143000483512878,235788,O=C(Cn1nc(-c2ccco2)oc1=O)NCC(F)(F)F,0.7747999999999999,CC(C)N(C(=O)Cn1nc(-c2ccco2)oc1=O)C(F)F,True,1.5558999999999998,0.7810999999999999,0.5614035087719298,False,True
3.0,bin,15,0.4522000253200531,0.39010000228881836,0.5143000483512878,236081,CC(=O)c1c(C)[nH]c(C(=O)CSc2nc(C(C)C)n[nH]2)c1C,3.0506400000000014,CC(C)(C)c1n[nH]c(SCC(=O)N2CC2)n1,True,1.0365,-2.014140000000001,0.3,False,True
3.0,bin,15,0.4522000253200531,0.39010000228881836,0.5143000483512878,281081,O=C(Cn1cccn1)NCc1cccnc1Oc1ccc(F)cc1F,2.665000000000001,Cc1cc(C)c(Oc2ncccc2CNC(=O)Cn2cccn2)c(C)c1,True,3.3120600000000016,0.6470600000000006,0.6949152542372882,False,True
3.0,bin,15,0.4522000253200531,0.39010000228881836,0.5143000483512878,284170,COc1ccc(-c2nc(CC(=O)Nc3cccc(C)n3)cs2)cc1,3.7033200000000024,CSc1ccc(-c2nc(CC(=O)Nc3ccccn3)cs2)cc1,True,4.108200000000003,0.40488000000000035,0.5666666666666667,False,True
3.0,bin,15,0.4522000253200531,0.39010000228881836,0.5143000483512878,288369,Cc1ccc(NCc2nnc3n2CCCCC3)cc1C,3.2334400000000016,FC(F)(F)c1cccc(NCc2nnc3n2CCCCC3)c1,True,3.6354000000000015,0.4019599999999999,0.6153846153846154,False,True
3.0,bin,15,0.4522000253200531,0.39010000228881836,0.5143000483512878,302889,COc1ccc(OC)c(NC(=O)CCNC(=O)c2cccs2)c1,2.5239000000000003,CCN(CCC(=O)Nc1ccc(OC)c(OC)c1)C(=O)c1cccs1,True,3.2562000000000024,0.7323000000000022,0.4461538461538462,False,True
3.0,bin,15,0.4522000253200531,0.39010000228881836,0.5143000483512878,327141,COc1ccc(OC)c(S(=O)(=O)Nc2ccn(C)n2)c1,1.2381,CCOC=CC=CC1N=C(C=CNC)NS1(=O)=O,True,0.48350000000000015,-0.7545999999999998,0.0821917808219178,False,True
3.0,bin,15,0.4522000253200531,0.39010000228881836,0.5143000483512878,327382,CNC(=O)C1CN(C(=O)c2c(C)noc2C)c2ccccc2O1,1.4452399999999996,COC(=O)C1CN(C(=O)c2c(C)noc2C)c2ccccc2O1,True,1.8722399999999995,0.4269999999999998,0.7692307692307693,False,True
3.0,bin,15,0.4522000253200531,0.39010000228881836,0.5143000483512878,406491,COCCNC(=O)C1CCCN(S(=O)(=O)N2CCOCC2)C1,-0.9619999999999964,COC(=O)NC1CCCN(S(=O)(=O)N2CCOCC2)C1,True,-0.6161999999999983,0.3457999999999981,0.5471698113207547,False,True
3.0,bin,15,0.4522000253200531,0.39010000228881836,0.5143000483512878,413951,O=C(Cn1ncn2cccc2c1=O)N1CCCCCC1,0.8985999999999996,CC1CCCN(C(=O)Cn2ncn3cccc3c2=O)C1,True,0.7544999999999997,-0.1440999999999999,0.72,False,True
3.0,bin,15,0.4522000253200531,0.39010000228881836,0.5143000483512878,427929,CCNc1nc(NCc2ccccc2Cl)c2cnn(C)c2n1,3.060600000000001,CCCCNc1nc(NCc2ccc(F)cc2)c2cnn(C)c2n1,True,3.326500000000001,0.26590000000000025,0.5,False,True
3.0,bin,15,0.4522000253200531,0.39010000228881836,0.5143000483512878,447130,CCC(NC(=O)C1CCN(C(=O)C2CC2)CC1)c1ccc(C)cc1,3.2109200000000016,CC1Cc2ccccc2C1NC(=O)C1CCN(C(=O)C(C)(C)C)CC1,True,3.320800000000002,0.10988000000000042,0.2878787878787879,False,True
3.0,bin,15,0.4522000253200531,0.39010000228881836,0.5143000483512878,481908,CCNS(=O)(=O)c1ccc(C)c(C(=O)Nc2ncccc2C)c1,2.24894,COc1cc(C(=O)Nc2ncccc2C)cc(OC)c1OC,True,2.668120000000001,0.4191800000000008,0.43859649122807015,False,False
3.0,bin,15,0.4522000253200531,0.39010000228881836,0.5143000483512878,485220,Cc1nn(CC(=O)N2CCN(C)CC2)c(C)c1Br,1.03644,CCNC1CCON(C(=O)Cn2nc(C)c(Br)c2CC)C1,True,1.65842,0.62198,0.3442622950819672,False,True
3.0,bin,15,0.4522000253200531,0.39010000228881836,0.5143000483512878,526363,Cc1nnc(SCC(=O)Nc2ccc(O)cc2)n(N)c1=O,0.09692,Cc1nnc(SCC(=O)Nc2ccccc2F)n(N)c1=O,True,0.5304200000000001,0.4335000000000001,0.6415094339622641,False,False
3.0,bin,15,0.4522000253200531,0.39010000228881836,0.5143000483512878,536853,COc1ccc(C2CCCN2C(=O)C2CCC2)c(OC)c1,3.1674000000000015,CCOc1ccc(C2CCCN2C(=O)C2CCC2)cc1OC,True,3.557500000000002,0.39010000000000034,0.5636363636363636,False,True
3.0,bin,15,0.4522000253200531,0.39010000228881836,0.5143000483512878,540312,Cc1nn(C)c2nc(C3CC3)cc(C(=O)NCC(=O)NC(C)(C)C)c12,1.7986199999999997,CCN(CC)C(=O)CNC(=O)c1cc(C2CC2)nc2c1c(C)nn2C,True,1.7523199999999992,-0.04630000000000045,0.6949152542372882,False,True
3.0,bin,15,0.4522000253200531,0.39010000228881836,0.5143000483512878,544381,Cc1nc(N2CCCC(C(=O)NC(C)C)C2)c2c(C)c(C)oc2n1,2.8890600000000006,CCCCNC(=O)C1CCCN(c2nc(C)nc3oc(C)c(C)c23)C1,True,3.2807600000000017,0.39170000000000105,0.711864406779661,False,False
3.0,bin,15,0.4522000253200531,0.39010000228881836,0.5143000483512878,544382,CCCNC(=O)C1CCCN(c2nc(C)nc3oc(C)c(C)c23)C1,2.8906600000000013,CCOC(=O)C1CCCN(c2nc(C(C)C)nc3oc(C)c(C)c23)C1,True,3.7425400000000026,0.8518800000000013,0.5606060606060606,False,True
3.0,bin,15,0.4522000253200531,0.39010000228881836,0.5143000483512878,550049,Cc1ccc(C)c(OCC(=O)Nc2cccc(-n3cnnc3)c2)c1,2.9016400000000013,Cc1cc(C)c(-n2cnnc2)c(OC(C)C(=O)N2C=CC2)c1,True,2.00734,-0.8943000000000012,0.2898550724637681,False,True
3.0,bin,15,0.4522000253200531,0.39010000228881836,0.5143000483512878,573533,Cc1nn(-c2ncc(C(F)(F)F)cc2Cl)c(=O)o1,2.2011199999999995,CC(C)[SH]1C=NN(c2ccc(C(F)(F)F)cn2)C(=O)O1,True,3.324900000000002,1.1237800000000027,0.27419354838709675,False,True
3.0,bin,15,0.4522000253200531,0.39010000228881836,0.5143000483512878,582555,O=C(NCC(O)c1ccccc1)c1ccc2c(=O)n3c(nc2c1)CCC3,1.8061000000000003,C=CC1CCc2nc3cc(C(=O)NCCC4=CC=CC4)ccc3c(=O)n21,True,3.0760000000000014,1.2699000000000011,0.36585365853658536,False,True
3.0,bin,15,0.4522000253200531,0.39010000228881836,0.5143000483512878,588547,Cc1n[nH]c(C)c1NC(=O)CCc1ccc(Cl)cc1Cl,3.9046400000000023,CCC(C)(C)n1nc(C)c(NC(=O)CCc2ccc(Cl)cc2)c1C,True,4.869740000000004,0.9651000000000014,0.3870967741935484,False,True
3.0,bin,15,0.4522000253200531,0.39010000228881836,0.5143000483512878,607673,CCCN(CC1CC1)S(=O)(=O)c1ccccc1F,2.636400000000001,CCCN(CC1CC1)S(=O)(=O)c1cc(N)cc(Cl)c1,True,2.7329,0.09649999999999892,0.47058823529411764,False,True
3.0,bin,15,0.4522000253200531,0.39010000228881836,0.5143000483512878,617681,Cc1cc(C(=O)Nc2nc(-c3ccncc3)cs2)nn1C(C)C,3.5432200000000016,CCC(CC)n1ccc(C(=O)Nc2nc(-c3ccncc3)cs2)n1,True,4.015000000000002,0.47178000000000075,0.576271186440678,False,True
3.0,bin,15,0.4522000253200531,0.39010000228881836,0.5143000483512878,650267,COc1ccc2oc(C(=O)NC3CCCCNC3=O)c(C)c2c1,2.14832,CSc1ccc2oc(C(=O)NC3CCCCNC3=O)c(C)c2c1,True,2.861620000000001,0.7133000000000012,0.7288135593220338,False,True
3.0,bin,15,0.4522000253200531,0.39010000228881836,0.5143000483512878,668639,Cc1cc(NC(=O)c2ccccc2Cl)ncc1N,2.8779200000000005,Cc1ccnc(NC(=O)c2cc(Br)ccc2F)c1N,True,3.1261200000000002,0.24819999999999975,0.3389830508474576,False,True
3.0,bin,15,0.4522000253200531,0.39010000228881836,0.5143000483512878,673160,CCC(=O)Nc1ccc2oc(C(F)(F)F)cc(=O)c2c1,3.160300000000001,CCC(C)C(=O)Nc1ccc2oc(C(F)(F)F)cc(=O)c2c1,True,3.796400000000002,0.6361000000000008,0.7142857142857143,False,True
3.0,bin,15,0.4522000253200531,0.39010000228881836,0.5143000483512878,711169,Cc1cccc(C(C)C)c1NC(=O)N(C)Cc1ccncc1,4.177320000000003,Cc1c(NC(=O)N(C)C(C)c2ccncc2)cccc1C(C)(C)C,True,4.912420000000005,0.7351000000000028,0.3548387096774194,False,True
3.0,bin,15,0.4522000253200531,0.39010000228881836,0.5143000483512878,720969,Cc1noc(C)c1CCC(=O)OCC(=O)N1c2ccccc2CC1C,2.7450400000000013,C=C(C)C1(CCC(=O)OCC(=O)N2CCc3ccccc32)CC(C)=NO1,True,3.010200000000002,0.26516000000000073,0.35,False,True
3.0,bin,15,0.4522000253200531,0.39010000228881836,0.5143000483512878,730789,COC(=O)C1CCN(C(=O)c2cc3ccc(F)cc3nc2C)CC1,2.7075200000000006,CCOC(=O)C1CCN(C(=O)c2cc3ccccc3nc2C)CC1,True,2.958520000000001,0.25100000000000033,0.5964912280701754,False,True
3.0,bin,15,0.4522000253200531,0.39010000228881836,0.5143000483512878,738178,Cc1ccc(-n2ccnc2SCc2nc(C3CC3)no2)cc1C,4.041840000000003,Clc1ccc(-n2ccnc2SCc2nc(C3CC3)no2)c(Cl)c1,True,4.731800000000002,0.6899599999999984,0.6271186440677966,False,True
3.0,bin,15,0.4522000253200531,0.39010000228881836,0.5143000483512878,771897,COc1ccccc1OCC(=O)N(C)Cc1sccc1C,3.102520000000002,Cc1cc(C)cc(OCC(=O)N(C)Cc2sccc2C)c1,True,3.710760000000003,0.6082400000000012,0.6326530612244898,False,True
3.0,bin,15,0.4522000253200531,0.39010000228881836,0.5143000483512878,811446,COC(=O)C1(NC(=O)c2cc(Br)c[nH]2)CCCCCC1,2.7730000000000006,CCOC(=O)C1(NC(=O)c2cc(Br)cn2C)CCCCC1,True,2.783400000000001,0.010400000000000631,0.44642857142857145,False,True
3.0,bin,15,0.4522000253200531,0.39010000228881836,0.5143000483512878,848291,CCC(C)NC(=O)NCc1noc(-c2cccs2)n1,2.3958000000000004,FCC(F)(F)F,True,1.5182000000000002,-0.8776000000000002,0.018867924528301886,False,True
3.0,bin,15,0.4522000253200531,0.39010000228881836,0.5143000483512878,863440,COc1ccc(-c2nc(CCCO)cs2)cc1OC,2.752200000000001,COC=CC=C(CCl)C1=NC(CCCO)=C[SH]1C,True,2.968700000000002,0.2165000000000008,0.21212121212121213,False,True
3.0,bin,15,0.4522000253200531,0.39010000228881836,0.5143000483512878,864663,N#Cc1ccc(-c2cc(F)ccc2F)nc1N1CCCC1,3.498680000000002,Cc1ccc(C)c(-c2ccc(C#N)c(N3CCCC3)n2)c1,True,3.8373200000000027,0.3386400000000007,0.5918367346938775,False,True
3.0,bin,15,0.4522000253200531,0.39010000228881836,0.5143000483512878,872100,CCc1cccc(C)c1NCC(O)c1ccc2c(c1)OCCO2,3.474120000000002,FC(F)(F)CC(CNc1ccccc1)c1ccc2c(c1)OCCO2,True,4.605900000000003,1.131780000000001,0.3770491803278688,False,True
3.0,bin,15,0.4522000253200531,0.39010000228881836,0.5143000483512878,886334,COc1ccc(C(=O)N2CCCC(C(=O)N3CCCCC3)C2)c(O)c1,2.2655000000000003,COCc1ccccc1C(=O)N1CCCC(C(=O)N2CCCCC2)C1,True,2.697700000000001,0.4322000000000008,0.5925925925925926,False,True
3.0,bin,15,0.4522000253200531,0.39010000228881836,0.5143000483512878,887387,COCCNC(=O)N(Cc1cccc(F)c1)CC1CCCO1,2.1627,CCCS(=O)(=O)N(Cc1cccc(F)c1)CC1CCCO1,True,2.546500000000001,0.3838000000000008,0.5230769230769231,False,True
3.0,bin,15,0.4522000253200531,0.39010000228881836,0.5143000483512878,889149,N#Cc1ccc(NC(=O)c2ccc(Br)cc2Cl)nc1,3.621480000000001,O=C(Nc1ccc(Cl)cn1)c1cc(C(F)(F)F)ccc1F,True,4.145200000000001,0.52372,0.3793103448275862,False,True
3.0,bin,15,0.4522000253200531,0.39010000228881836,0.5143000483512878,913483,O=C(CNC(=O)NCCc1c(Cl)cccc1Cl)NC1CC1,2.1137000000000006,CC(Cc1ccc(Br)cc1)N(C)C(=O)NCC(=O)NC1CC1,True,2.3000999999999996,0.186399999999999,0.35,False,True
3.0,bin,15,0.4522000253200531,0.39010000228881836,0.5143000483512878,917620,C=CCN(Cc1ccccc1OC)C(=O)c1csc(C)n1,3.288520000000002,C=CCN(Cc1ccc(C)cc1)C(=O)c1csc(C)n1,True,3.5883400000000023,0.2998200000000004,0.6226415094339622,False,True
3.0,bin,15,0.4522000253200531,0.39010000228881836,0.5143000483512878,918312,CCOc1ccc(Cl)c(C(=O)N2CCN(c3ncccn3)CC2)n1,1.8860999999999997,CCSc1cc(Cl)ccn1,True,2.8470000000000013,0.9609000000000016,0.19298245614035087,False,True
3.0,bin,15,0.4522000253200531,0.39010000228881836,0.5143000483512878,922879,CC(=O)c1ccc(N2CCN(Cc3c(F)cccc3F)CC2)cc1,3.489600000000003,Cc1c(N2CCNC(c3c(F)cccc3Cl)C2)ccc(F)c1F,True,4.2166200000000025,0.7270199999999996,0.22727272727272727,False,True
3.0,bin,15,0.4522000253200531,0.39010000228881836,0.5143000483512878,927535,COc1cc(CN2CCN(c3ccccc3F)CC2)ccc1O,2.862100000000002,Fc1cccc(F)c1N1CCN(Cc2ccccc2)CC1,True,3.2870000000000017,0.4248999999999996,0.42,False,True
3.0,bin,15,0.4522000253200531,0.39010000228881836,0.5143000483512878,927567,Cc1ccccc1N1CCN(Cc2cccc(O)c2)CC1,3.022820000000001,Cc1cccc(N2CCN(Cc3cccc(F)c3)CC2)c1,True,3.4563200000000025,0.43350000000000133,0.44,False,True
3.0,bin,15,0.4522000253200531,0.39010000228881836,0.5143000483512878,938108,CC(c1ccccc1)N(C)C(=O)CCC(=O)Nc1nccs1,3.0814000000000012,C=C(C)CN(Cc1ccccc1)C(=O)CCC(=O)Nc1nc(C)cs1,True,3.775120000000002,0.6937200000000008,0.373134328358209,False,True
3.0,bin,15,0.4522000253200531,0.39010000228881836,0.5143000483512878,943303,CN(CCCOc1ccccc1)C(=O)Nc1cccc2c1OCCO2,3.390600000000002,CCN(CCCOc1ccccc1C)C(=O)Nc1cccc2c1OCCO2,True,4.089120000000003,0.6985200000000011,0.5967741935483871,False,True
3.0,bin,15,0.4522000253200531,0.39010000228881836,0.5143000483512878,946289,CC(NC(=O)C1(c2cc(-c3ccco3)on2)CC1)c1ccccc1,3.843600000000002,CCNN=C(C=CC(=N)c1ccco1)C(=O)NC1CCC1c1ccccc1,True,3.2315700000000014,-0.6120300000000007,0.21428571428571427,False,True
3.0,bin,15,0.4522000253200531,0.39010000228881836,0.5143000483512878,994077,Cc1nnc(Cn2c(-c3cccc(Br)c3)noc2=O)o1,2.0055199999999997,O=c1onc(C(F)(F)F)n1Cc1nnc(-c2ccccc2Cl)o1,True,2.6068000000000007,0.6012800000000009,0.35384615384615387,False,True
3.0,bin,15,0.4522000253200531,0.39010000228881836,0.5143000483512878,1065620,O=C(NCc1cccnc1Oc1ccccc1)c1cccnc1,3.198900000000002,CCN(Cc1cccnc1)C(=O)c1cccnc1Oc1ccc(F)cc1,True,4.070300000000003,0.8714000000000013,0.3582089552238806,False,True
3.0,bin,15,0.4522000253200531,0.39010000228881836,0.5143000483512878,1093926,CN(C(=O)CNc1cccc(OCC2CCCO2)c1)c1ccccc1,3.319300000000002,CCN(C(=O)CNc1cccc(OCC2CCCO2)c1)c1ccccc1,True,3.709400000000003,0.3901000000000012,0.7966101694915254,False,True
3.0,bin,15,0.4522000253200531,0.39010000228881836,0.5143000483512878,1107920,CCc1ccc(-n2cc(C(=O)NC(C)c3ccccc3)nn2)cc1,3.320700000000002,CC(C)=CC=C(C)C(C)NC(=O)c1cn(-c2cccc(F)c2)nn1,True,3.4372000000000016,0.11649999999999938,0.4090909090909091,False,True
3.0,bin,15,0.4522000253200531,0.39010000228881836,0.5143000483512878,1113130,CC(NC(=O)Cn1nnnc1C(C)(C)C)c1cccc2ccccc12,3.0012000000000016,CCC(CC)C(NC(=O)Cn1nnnc1-c1ccccc1)c1ccccc1,True,3.6338000000000026,0.6326000000000009,0.40625,False,True
3.0,bin,15,0.4522000253200531,0.39010000228881836,0.5143000483512878,1121751,COC(=O)Cn1ccc(NS(=O)(=O)c2ccc(F)c(F)c2F)n1,1.2742,COCCn1ccc(NS(=O)(=O)c2cc(C)cc(C)c2)n1,True,1.94714,0.6729400000000001,0.4,False,True
3.0,bin,15,0.4522000253200531,0.39010000228881836,0.5143000483512878,1142531,CCOC(C)C(=O)NCCc1csc(-c2ccc(C)cc2)n1,3.2022200000000014,CC1=CC=C(C2=NC(CCNC(=O)OC(C)(C)C)=C[SH]2C)C1,True,4.062100000000004,0.8598800000000022,0.2236842105263158,False,True
3.0,bin,15,0.4522000253200531,0.39010000228881836,0.5143000483512878,1212157,CN(Cc1ccc(F)c(F)c1)C(=O)c1cncc(-c2cnn(C)c2)c1,3.0325000000000015,CC(C)N(Cc1ccccc1)C(=O)c1cncc(-c2cnn(C)c2)c1,True,3.5329000000000024,0.5004000000000008,0.5573770491803278,False,True
3.0,bin,15,0.4522000253200531,0.39010000228881836,0.5143000483512878,1215394,CCn1nc(C)cc1C(=O)Oc1cccc(NC(=O)C(C)C)c1,3.025120000000001,CCn1nc(C)c(Cl)c1C(=O)Oc1cccc(F)c1F,True,3.3622200000000024,0.3371000000000013,0.3235294117647059,False,True
3.0,bin,15,0.4522000253200531,0.39010000228881836,0.5143000483512878,1232922,CC(C)(C)OC(=O)NC1CCCN(S(=O)(=O)N2CCOCC2)C1,0.5525000000000011,CC(=O)NC1CCCN(S(=O)(=O)N2CCCCC2C)C1,True,0.7061000000000008,0.15359999999999974,0.42857142857142855,False,True
3.0,bin,15,0.4522000253200531,0.39010000228881836,0.5143000483512878,1238973,FC(F)(F)c1cnc(N2CCn3c(nnc3C3CC3)C2)c(Cl)c1,3.2429000000000023,CC(Cl)Sc1ccc(Cl)c(N2CCn3c(nnc3C3CC3)C2)n1,True,3.9010000000000016,0.6580999999999992,0.47619047619047616,False,True
3.0,bin,15,0.4522000253200531,0.39010000228881836,0.5143000483512878,1299495,Cc1cc(CC(=O)N2CCCC2C(C#N)c2ccccc2)no1,2.823900000000001,CCC(C(=O)N1CCCC1C(C#N)c1ccc(F)cc1)c1cnoc1,True,3.605680000000002,0.7817800000000013,0.43243243243243246,False,True
3.0,bin,15,0.4522000253200531,0.39010000228881836,0.5143000483512878,1309906,CC(C)CC(NC(=O)c1cc(=O)c2ccccc2o1)C(=O)OC(C)C,2.8891000000000018,CC(C)CCC(C)NC(=O)c1cc(=O)c2ccccc2o1,True,3.347500000000002,0.45840000000000014,0.6153846153846154,False,False
3.0,bin,15,0.4522000253200531,0.39010000228881836,0.5143000483512878,1362816,COCc1cccc(C(=O)NC2CC2c2cccc(Cl)c2)c1,3.772300000000002,O=C(NC1CC1c1ccc(Cl)c(Cl)c1)c1ccc(F)cc1,True,4.418400000000002,0.6460999999999997,0.423728813559322,False,True
3.0,bin,15,0.4522000253200531,0.39010000228881836,0.5143000483512878,1441838,COCC(=O)NC(C(=O)Nc1cccc(-c2nccs2)c1)C(C)C,2.5358,C=CCNC(=O)Nc1cccc(-c2nccs2)c1,True,3.1176000000000004,0.5818000000000003,0.5161290322580645,False,False
3.0,bin,15,0.4522000253200531,0.39010000228881836,0.5143000483512878,1450449,CCCNC(=O)CSc1nc2c(cc1C#N)CCCC2,2.450380000000001,CCC(C)NC(=O)C[SH]1Cc2ccnc1c2C#N,True,1.74168,-0.708700000000001,0.22972972972972974,False,True
3.0,bin,15,0.4522000253200531,0.39010000228881836,0.5143000483512878,1451910,O=S(=O)(NCc1nnc2ccccn12)c1ccc(F)c(F)c1,1.4859999999999995,CCc1ccc(S(=O)(=O)NCc2nnc3ccc(C)cn23)cc1,True,2.07862,0.5926200000000004,0.4482758620689655,False,True
3.0,bin,15,0.4522000253200531,0.39010000228881836,0.5143000483512878,1479798,Cc1nc(C)c(CCC(=O)N(CC(C)C)CC(F)(F)F)c(=O)[nH]1,2.3662400000000003,CCCCCC(C)N(C)C(=O)CCc1c(C)nc(C)[nH]c1=O,True,2.7465400000000004,0.3803000000000001,0.5172413793103449,False,True
3.0,bin,15,0.4522000253200531,0.39010000228881836,0.5143000483512878,1507926,COC(=O)C(C)NC(=O)Cc1csc(-c2ccccc2Cl)n1,2.6837,CCN(CC#N)C(=O)Cc1csc(-c2ccccc2Cl)n1,True,3.3780800000000024,0.6943800000000024,0.4918032786885246,False,True
3.0,bin,15,0.4522000253200531,0.39010000228881836,0.5143000483512878,1527882,Nc1ncccc1C(=O)Nc1ccc2cn[nH]c2c1,1.7923999999999998,N#CCN(CCO)c1ncccc1NC(=O)C1=c2[nH]ncc2=CC1,True,-0.8994199999999988,-2.6918199999999985,0.2692307692307692,False,True
3.0,bin,15,0.4522000253200531,0.39010000228881836,0.5143000483512878,1532848,COc1ccc(-c2ccc3c(=O)[nH]cnc3c2)cc1Cl,3.2521000000000013,O=c1[nH]cnc2cc(-c3ccc(Cl)c(Cl)c3)ccc12,True,3.8969000000000014,0.6448,0.7073170731707317,False,True
3.0,bin,15,0.4522000253200531,0.39010000228881836,0.5143000483512878,1548351,COc1cc(OC)c2c(c1)C(c1cnccn1)NCC2,1.7288999999999999,Oc1cc2c(cc1Cl)CCNC2c1cncc(F)n1,True,2.2097999999999995,0.48089999999999966,0.28125,False,True
3.0,bin,15,0.4522000253200531,0.39010000228881836,0.5143000483512878,1570134,COc1cccc(C(C)N2CCN(C(=O)c3ccc(O)cc3)CC2)c1,2.9198000000000013,CC1=CC=C(C(=O)N2CCN(C(C)c3ccccc3O)CC2C)C1F,True,3.210300000000002,0.29050000000000065,0.24324324324324326,False,True
3.0,bin,15,0.4522000253200531,0.39010000228881836,0.5143000483512878,1611406,CC(C)(C)N1CC(NC(=O)C2COc3ccc(F)cc3C2)CC1=O,1.8923999999999994,CCCC1CCC2c3cc(Cl)ccc3OCC2C(=O)NC(=O)CN1,True,2.6271000000000004,0.734700000000001,0.17647058823529413,False,True
3.0,bin,15,0.4522000253200531,0.39010000228881836,0.5143000483512878,1612684,CCCC1CN(C(=O)Nc2ccn(CCC(C)C)n2)CCO1,2.9620000000000015,CCCCC1CN(C(=O)Nc2ccn(CCC(C)C)n2)CO1,True,3.3096000000000023,0.3476000000000008,0.7288135593220338,False,True
3.0,bin,15,0.4522000253200531,0.39010000228881836,0.5143000483512878,1639675,CCC(CC)c1nnc(NC(=O)c2scnc2C2CC2)s1,4.0279000000000025,CCC(CC)C(C)c1nnc(NC(=O)c2scnc2C2CC2)s1,True,4.664000000000003,0.6361000000000008,0.8,False,True
3.0,bin,15,0.4522000253200531,0.39010000228881836,0.5143000483512878,1675660,COc1ccnc(NC(=O)c2cccc(Cl)c2)c1,2.9959000000000007,O=C(Nc1ccc(Cl)cn1)c1ccc(Cl)cc1,True,3.6407000000000016,0.6448000000000009,0.375,False,False
3.0,bin,15,0.4522000253200531,0.39010000228881836,0.5143000483512878,1689728,CCc1noc(CSc2ncnc3sc(C)cc23)n1,3.237420000000002,CC(C)c1noc(CSC23N=CN=CSCC2=C3N)n1,True,2.1523,-1.085120000000002,0.21333333333333335,False,True
3.0,bin,15,0.4522000253200531,0.39010000228881836,0.5143000483512878,1720876,CC(C)(C)CC(=O)NCC(=O)Nc1ccc2c(c1)COC2,2.2077,O=C(Nc1ccc2c(c1)COC2)OCC(F)(F)F,True,2.8276000000000012,0.6199000000000012,0.49019607843137253,False,True
3.0,bin,15,0.4522000253200531,0.39010000228881836,0.5143000483512878,1757109,CC(C)Cc1ncc(CNc2ccc3c(c2)COC3)s1,3.983900000000003,CC(C)(C)c1ncc(CNc2cc(F)c3c(c2)COC3)s1,True,4.222000000000003,0.2381000000000002,0.43333333333333335,False,True
3.0,bin,15,0.4522000253200531,0.39010000228881836,0.5143000483512878,1774061,O=C1NCCCc2[nH]c(-c3cccc4[nH]ccc34)nc21,2.234,CCCc1[nH]c(C=Cc2ccc3cc[nH]c3c2)nc1C(=O)NCC,True,3.763600000000001,1.5296000000000012,0.18181818181818182,False,True
3.0,bin,15,0.4522000253200531,0.39010000228881836,0.5143000483512878,1800687,Cc1nn(C)c(-c2nc(-c3cccnn3)no2)c1Cl,1.8889199999999997,CC(C)n1nc(Cl)cc1-c1nc(-c2cccnn2)no1,True,2.6244000000000005,0.7354800000000008,0.5272727272727272,False,True
3.0,bin,15,0.4522000253200531,0.39010000228881836,0.5143000483512878,1815867,FC(F)(F)c1ccc(CN2CCOCC2c2ncon2)cc1,2.661900000000001,FC(F)(F)C(Cl)c1cccc(CN2CCOCC2c2ncon2)c1,True,3.4853000000000023,0.8234000000000012,0.6440677966101694,False,True
3.0,bin,15,0.4522000253200531,0.39010000228881836,0.5143000483512878,1828580,Cc1ccc(N2CC3OCC(=O)N(Cc4cccc(F)c4)C3C2)nn1,1.54032,CC(C)c1ccc(N2CCOC3C(=O)N(Cc4ccccc4)CC32)nn1,True,2.2161999999999997,0.6758799999999998,0.2875,False,True
3.0,bin,15,0.4522000253200531,0.39010000228881836,0.5143000483512878,1836183,CCc1ccc(C(=O)NCc2nccc(N(C)C)n2)cc1,2.035,CCSc1ccccc1C(=O)NCc1nccc(N(C)C)n1,True,2.584600000000001,0.5496000000000008,0.5740740740740741,False,True
3.0,bin,15,0.4522000253200531,0.39010000228881836,0.5143000483512878,1842499,COc1ccccc1COc1ccccc1-c1cnn(CCO)c1,3.1300000000000017,COc1ccc(-c2cnn(Cc3ccccc3F)c2)c(OC)c1OC,True,3.7633000000000028,0.6333000000000011,0.4406779661016949,False,True
3.0,bin,15,0.4522000253200531,0.39010000228881836,0.5143000483512878,1865564,COC(CNC(=O)c1ccoc1)c1cccc(F)c1,2.536200000000001,COC(CNC(=O)c1ccoc1)c1cccc(Br)c1,True,3.159600000000001,0.6234000000000002,0.76,False,True
3.0,bin,15,0.4522000253200531,0.39010000228881836,0.5143000483512878,1868773,CCCOc1ccc(Cl)c2c1CCNC2C1CC(=O)C1,3.2947000000000015,CC(C)(C)CC1NCCCC(=O)c2cc1cc(Cl)c2Cl,True,5.036800000000005,1.7421000000000033,0.21739130434782608,False,True
3.0,bin,15,0.4522000253200531,0.39010000228881836,0.5143000483512878,1873123,CCC1OC(=O)c2c(OC)ccc(Br)c21,3.079200000000002,CC1COC(=O)c2ccc(Br)c(Br)c21,True,3.485500000000002,0.4062999999999999,0.2857142857142857,False,True
3.0,bin,15,0.4522000253200531,0.39010000228881836,0.5143000483512878,1875028,Cc1cccc(C)c1NCC(=O)N1CCCC2CCCCC21,3.8965400000000034,O=C(CCCC1CCCCC1)CNc1ccccc1CC(F)(F)F,True,5.523000000000005,1.6264600000000016,0.26153846153846155,False,True
3.0,bin,15,0.4522000253200531,0.39010000228881836,0.5143000483512878,1895921,CCC(CC)N(C)C(=O)CC1OC(=O)c2ccccc21,2.935200000000002,CCCCCC(C)NC(=O)CC1OC(=O)c2ccccc21,True,3.3732000000000015,0.4379999999999997,0.5,False,True
3.0,bin,15,0.4522000253200531,0.39010000228881836,0.5143000483512878,1907077,Cc1ccc2[nH]nc(C(=O)Nc3nc(-c4ccco4)cs3)c2c1,3.8401200000000015,CSc1ccc2[nH]nc(NC(=O)c3n[nH]c4ccc(C)cc34)c2c1,True,3.721820000000001,-0.11830000000000052,0.46875,False,True
3.0,bin,15,0.4522000253200531,0.39010000228881836,0.5143000483512878,1913063,Cc1nn(C)c(C)c1CN(C(=O)c1cn2cccc(C)c2n1)C1CC1,2.797860000000001,CC(C)(C)n1cc(CN(C(=O)c2cn3ccccc3n2)C2CC2)cn1,True,3.090600000000001,0.2927400000000002,0.4246575342465753,False,True
3.0,bin,15,0.4522000253200531,0.39010000228881836,0.5143000483512878,1922265,CN(CCNC(=O)c1ccc2c(c1)ncn2C)c1ccccc1,2.4395000000000007,CCN(CCNC(=O)c1ccc2c(c1)ncn2C)c1ccccc1,True,2.829600000000001,0.39010000000000034,0.7884615384615384,False,True
3.0,bin,16,0.5795501172542572,0.5143000483512878,0.6448001861572266,32052,COc1ccccc1CNC(=O)Cc1c[nH]c2ccccc12,3.035400000000001,N#Cc1cccc(CNC(=O)Cc2c[nH]c3cc(Cl)ccc23)c1,True,3.5518800000000015,0.5164800000000005,0.41935483870967744,False,True
3.0,bin,16,0.5795501172542572,0.5143000483512878,0.6448001861572266,116747,COCCSc1ccccc1C(=O)Nc1cccc(C)n1,3.3808200000000017,CC=C1C=CC(NC(=O)c2cc(C)cc(Br)c2)=N1,True,3.359420000000002,-0.021399999999999864,0.15942028985507245,False,True
3.0,bin,16,0.5795501172542572,0.5143000483512878,0.6448001861572266,131060,CS(=O)(=O)NCCc1csc(-c2ccc(F)cc2)n1,2.0408999999999997,CCC(=O)NCCc1csc(-c2ccc(OC)cc2)n1,True,2.8874000000000013,0.8465000000000016,0.48148148148148145,False,False
3.0,bin,16,0.5795501172542572,0.5143000483512878,0.6448001861572266,131949,CCc1c(C)nc(SCC(=O)NC(C)C)[nH]c1=O,1.25742,CCc1[nH]c(SC(C)C(=O)NCC(C)C)nc1CC#N,True,2.2909800000000002,1.0335600000000003,0.25757575757575757,False,True
3.0,bin,16,0.5795501172542572,0.5143000483512878,0.6448001861572266,158879,COc1ccc(CC(=O)OCC(=O)c2c[nH]c3ccccc23)cc1,3.145100000000001,O=C(Cc1ccc(F)c(Cl)c1)OCC(=O)c1c[nH]c2ccccc12,True,3.929000000000002,0.7839000000000009,0.6363636363636364,False,True
3.0,bin,16,0.5795501172542572,0.5143000483512878,0.6448001861572266,232056,COCCNC(=O)c1cc(=O)c2cc(C)ccc2o1,1.4776199999999993,COCCCNC(=O)c1cc(=O)c2cc(Br)ccc2o1,True,2.3218000000000005,0.8441800000000013,0.66,False,True
3.0,bin,16,0.5795501172542572,0.5143000483512878,0.6448001861572266,235788,O=C(Cn1nc(-c2ccco2)oc1=O)NCC(F)(F)F,0.7747999999999999,CCCN(CC)C(=O)Cn1nc(-c2ccco2)oc1=O,True,1.3548,0.5800000000000001,0.543859649122807,False,True
3.0,bin,16,0.5795501172542572,0.5143000483512878,0.6448001861572266,236081,CC(=O)c1c(C)[nH]c(C(=O)CSc2nc(C(C)C)n[nH]2)c1C,3.0506400000000014,C=C(C)CSC=NNC(C=N)SCC(=O)c1cc(C(C)C)c(C)[nH]1,True,4.180290000000003,1.1296500000000016,0.21794871794871795,False,True
3.0,bin,16,0.5795501172542572,0.5143000483512878,0.6448001861572266,281081,O=C(Cn1cccn1)NCc1cccnc1Oc1ccc(F)cc1F,2.665000000000001,CC(C)(C(=O)NCc1cccnc1Oc1ccccc1)n1cccn1,True,3.121900000000002,0.45690000000000097,0.45588235294117646,False,True
3.0,bin,16,0.5795501172542572,0.5143000483512878,0.6448001861572266,284170,COc1ccc(-c2nc(CC(=O)Nc3cccc(C)n3)cs2)cc1,3.7033200000000024,Cc1ccc(-c2nc(CC(=O)NC3C=CC=CC3)cs2)cc1C,True,3.970340000000003,0.2670200000000005,0.40298507462686567,False,True
3.0,bin,16,0.5795501172542572,0.5143000483512878,0.6448001861572266,288369,Cc1ccc(NCc2nnc3n2CCCCC3)cc1C,3.2334400000000016,FC(F)Sc1ccccc1NCc1nnc2n1CCCCC2,True,3.931300000000002,0.6978600000000004,0.49122807017543857,False,True
3.0,bin,16,0.5795501172542572,0.5143000483512878,0.6448001861572266,302889,COc1ccc(OC)c(NC(=O)CCNC(=O)c2cccs2)c1,2.5239000000000003,O=C(CCNC(=O)c1cccs1)Nc1cccc(Cl)c1,True,3.1601000000000017,0.6362000000000014,0.5263157894736842,False,False
3.0,bin,16,0.5795501172542572,0.5143000483512878,0.6448001861572266,327141,COc1ccc(OC)c(S(=O)(=O)Nc2ccn(C)n2)c1,1.2381,Cc1c(Cl)cccc1S(=O)(=O)Nc1ccn(C)n1,True,2.1827199999999998,0.9446199999999998,0.49019607843137253,False,False
3.0,bin,16,0.5795501172542572,0.5143000483512878,0.6448001861572266,327382,CNC(=O)C1CN(C(=O)c2c(C)noc2C)c2ccccc2O1,1.4452399999999996,COC(=O)C1CN2CC=CC=C(CCCc3onc(C)c3C2=O)O1,True,1.7734199999999998,0.32818000000000014,0.26582278481012656,False,True
3.0,bin,16,0.5795501172542572,0.5143000483512878,0.6448001861572266,406491,COCCNC(=O)C1CCCN(S(=O)(=O)N2CCOCC2)C1,-0.9619999999999964,CCOC(=O)C1CCN(S(=O)(=O)N2CCOCC2)CC1,True,-0.1614999999999982,0.8004999999999982,0.4444444444444444,False,True
3.0,bin,16,0.5795501172542572,0.5143000483512878,0.6448001861572266,413951,O=C(Cn1ncn2cccc2c1=O)N1CCCCCC1,0.8985999999999996,CCC1=CN2N=CN(CC(=O)N3CCCC(C)CC3)C(=O)C2C1N,True,0.7259000000000013,-0.1726999999999983,0.2465753424657534,False,True
3.0,bin,16,0.5795501172542572,0.5143000483512878,0.6448001861572266,427929,CCNc1nc(NCc2ccccc2Cl)c2cnn(C)c2n1,3.060600000000001,CC(C)CNc1nc(NCc2ccccc2Cl)c2cnn(C)c2n1,True,3.6967000000000017,0.6361000000000008,0.7843137254901961,False,True
3.0,bin,16,0.5795501172542572,0.5143000483512878,0.6448001861572266,447130,CCC(NC(=O)C1CCN(C(=O)C2CC2)CC1)c1ccc(C)cc1,3.2109200000000016,CCC(C)C=CC=C1C=CC1(C)NC(=O)C1CCN(C(=O)C2CC2)CC1,True,3.6084000000000023,0.3974800000000007,0.4153846153846154,False,True
3.0,bin,16,0.5795501172542572,0.5143000483512878,0.6448001861572266,481908,CCNS(=O)(=O)c1ccc(C)c(C(=O)Nc2ncccc2C)c1,2.24894,CCOC(=O)c1cccc(C(=O)Nc2ncccc2OC)c1C,True,2.8276200000000014,0.5786800000000012,0.38095238095238093,False,True
3.0,bin,16,0.5795501172542572,0.5143000483512878,0.6448001861572266,485220,Cc1nn(CC(=O)N2CCN(C)CC2)c(C)c1Br,1.03644,CCCCc1c(Br)c(C)nn1CC(=O)N1C=CCNCC1,True,2.24212,1.2056799999999999,0.36666666666666664,False,True
3.0,bin,16,0.5795501172542572,0.5143000483512878,0.6448001861572266,526363,Cc1nnc(SCC(=O)Nc2ccc(O)cc2)n(N)c1=O,0.09692,Cc1nnc(SCC(=O)Nc2ccccc2F)n(N)c1=O,True,0.5304200000000001,0.4335000000000001,0.6415094339622641,False,False
3.0,bin,16,0.5795501172542572,0.5143000483512878,0.6448001861572266,536853,COc1ccc(C2CCCN2C(=O)C2CCC2)c(OC)c1,3.1674000000000015,O=C(C1CCC1)N1CCCC1c1cccc(Br)c1,True,3.9127000000000027,0.7453000000000012,0.5,False,True
3.0,bin,16,0.5795501172542572,0.5143000483512878,0.6448001861572266,540312,Cc1nn(C)c2nc(C3CC3)cc(C(=O)NCC(=O)NC(C)(C)C)c12,1.7986199999999997,CCN(CC)C(=O)COC(=O)c1cc(C2CC2)nc2c1c(C)nn2C,True,2.1793199999999997,0.38070000000000004,0.5151515151515151,False,True
3.0,bin,16,0.5795501172542572,0.5143000483512878,0.6448001861572266,544381,Cc1nc(N2CCCC(C(=O)NC(C)C)C2)c2c(C)c(C)oc2n1,2.8890600000000006,CCOC(=O)C1CCCCN1c1nc(C(C)C)nc2oc(C)c(C)c12,True,3.8850400000000027,0.9959800000000021,0.39436619718309857,False,True
3.0,bin,16,0.5795501172542572,0.5143000483512878,0.6448001861572266,544382,CCCNC(=O)C1CCCN(c2nc(C)nc3oc(C)c(C)c23)C1,2.8906600000000013,CCCC(=O)NCC1CCN(c2nc(C)nc3oc(CC)c(C)c23)C1,True,3.1446400000000017,0.2539800000000003,0.5147058823529411,False,True
3.0,bin,16,0.5795501172542572,0.5143000483512878,0.6448001861572266,550049,Cc1ccc(C)c(OCC(=O)Nc2cccc(-n3cnnc3)c2)c1,2.9016400000000013,CC(C)c1ccc(OCC(=O)Nc2cccc(-n3cnnc3)c2)cc1,True,3.4082000000000017,0.5065600000000003,0.6140350877192983,False,True
3.0,bin,16,0.5795501172542572,0.5143000483512878,0.6448001861572266,573533,Cc1nn(-c2ncc(C(F)(F)F)cc2Cl)c(=O)o1,2.2011199999999995,CC(C)c1nn(-c2ncc(C(F)(F)F)cc2Cl)c(=O)o1,True,3.0161000000000016,0.814980000000002,0.717391304347826,False,True
3.0,bin,16,0.5795501172542572,0.5143000483512878,0.6448001861572266,582555,O=C(NCC(O)c1ccccc1)c1ccc2c(=O)n3c(nc2c1)CCC3,1.8061000000000003,CC=C1C=CC=C(C)CNC(=O)c2ccc3c(=O)n4c(nc3c2)CCC14,True,3.0760000000000014,1.2699000000000011,0.2159090909090909,False,True
3.0,bin,16,0.5795501172542572,0.5143000483512878,0.6448001861572266,588547,Cc1n[nH]c(C)c1NC(=O)CCc1ccc(Cl)cc1Cl,3.9046400000000023,CCC(C)CC(=CC#CCCC(=O)Nc1c(C)n[nH]c1C)SC,True,4.431740000000003,0.5271000000000008,0.36764705882352944,False,True
3.0,bin,16,0.5795501172542572,0.5143000483512878,0.6448001861572266,607673,CCCN(CC1CC1)S(=O)(=O)c1ccccc1F,2.636400000000001,CCCN(CC1CC1)S(=O)(=O)c1ccc(Br)cc1,True,3.259800000000002,0.6234000000000011,0.5555555555555556,False,True
3.0,bin,16,0.5795501172542572,0.5143000483512878,0.6448001861572266,617681,Cc1cc(C(=O)Nc2nc(-c3ccncc3)cs2)nn1C(C)C,3.5432200000000016,CC(C)C(C)n1ccc(C(=O)Nc2nc(-c3ccnc(F)c3)cs2)n1,True,4.0100000000000025,0.46678000000000086,0.48484848484848486,False,True
3.0,bin,16,0.5795501172542572,0.5143000483512878,0.6448001861572266,650267,COc1ccc2oc(C(=O)NC3CCCCNC3=O)c(C)c2c1,2.14832,CCOc1c(C(=O)N2CCNC(=O)C(CC)CC2)oc2ccccc12,True,2.8198000000000008,0.6714800000000007,0.3,False,True
3.0,bin,16,0.5795501172542572,0.5143000483512878,0.6448001861572266,668639,Cc1cc(NC(=O)c2ccccc2Cl)ncc1N,2.8779200000000005,CC(C)Sc1ccccc1C(=O)Nc1cc(N)ccn1,True,3.4166000000000007,0.5386800000000003,0.4107142857142857,False,True
3.0,bin,16,0.5795501172542572,0.5143000483512878,0.6448001861572266,673160,CCC(=O)Nc1ccc2oc(C(F)(F)F)cc(=O)c2c1,3.160300000000001,O=c1cc(C(F)(F)F)oc2cc(C(F)(F)F)ccc12,True,3.8306000000000004,0.6702999999999992,0.4375,False,True
3.0,bin,16,0.5795501172542572,0.5143000483512878,0.6448001861572266,711169,Cc1cccc(C(C)C)c1NC(=O)N(C)Cc1ccncc1,4.177320000000003,CC(c1ccncc1)N(CC(C)(C)C)C(=O)Nc1cccc(Cl)c1,True,5.376200000000005,1.1988800000000026,0.3181818181818182,False,True
3.0,bin,16,0.5795501172542572,0.5143000483512878,0.6448001861572266,720969,Cc1noc(C)c1CCC(=O)OCC(=O)N1c2ccccc2CC1C,2.7450400000000013,C=C1Cc2ccccc2CN(C(=O)COC(=O)CCc2conc2C)C1,True,2.599920000000001,-0.14512000000000036,0.40540540540540543,False,True
3.0,bin,16,0.5795501172542572,0.5143000483512878,0.6448001861572266,730789,COC(=O)C1CCN(C(=O)c2cc3ccc(F)cc3nc2C)CC1,2.7075200000000006,C=Nc1ccc(C)cc1C=CC(=O)N1CCCC(=O)OCC1,True,2.5059200000000006,-0.2016,0.1875,False,True
3.0,bin,16,0.5795501172542572,0.5143000483512878,0.6448001861572266,738178,Cc1ccc(-n2ccnc2SCc2nc(C3CC3)no2)cc1C,4.041840000000003,Clc1cc(Cl)cc(-n2ccnc2SCc2nc(C3CC3)no2)c1,True,4.7318000000000024,0.6899599999999992,0.7037037037037037,False,True
3.0,bin,16,0.5795501172542572,0.5143000483512878,0.6448001861572266,771897,COc1ccccc1OCC(=O)N(C)Cc1sccc1C,3.102520000000002,CCN(Cc1cccs1)C(=O)C(C)Oc1ccc(F)cc1,True,3.7032000000000025,0.6006800000000005,0.23529411764705882,False,True
3.0,bin,16,0.5795501172542572,0.5143000483512878,0.6448001861572266,811446,COC(=O)C1(NC(=O)c2cc(Br)c[nH]2)CCCCCC1,2.7730000000000006,CCOC1CCCCCC1NC(=O)c1cc(Br)c[nH]1,True,3.2448000000000015,0.4718000000000009,0.44642857142857145,False,True
3.0,bin,16,0.5795501172542572,0.5143000483512878,0.6448001861572266,848291,CCC(C)NC(=O)NCc1noc(-c2cccs2)n1,2.3958000000000004,FC(OCC(F)(F)F)c1nc(-c2cccs2)no1,True,3.3451000000000013,0.9493000000000009,0.2835820895522388,False,True
3.0,bin,16,0.5795501172542572,0.5143000483512878,0.6448001861572266,863440,COc1ccc(-c2nc(CCCO)cs2)cc1OC,2.752200000000001,OCCCCc1csc(-c2ccc(F)c(Cl)c2)n1,True,3.917600000000002,1.1654000000000009,0.54,False,True
3.0,bin,16,0.5795501172542572,0.5143000483512878,0.6448001861572266,864663,N#Cc1ccc(-c2cc(F)ccc2F)nc1N1CCCC1,3.498680000000002,N#Cc1ccc(-c2ccc(Br)cc2F)nc1N1CCCC1,True,4.122080000000002,0.6234000000000002,0.6808510638297872,False,True
3.0,bin,16,0.5795501172542572,0.5143000483512878,0.6448001861572266,872100,CCc1cccc(C)c1NCC(O)c1ccc2c(c1)OCCO2,3.474120000000002,CC(C)(C)c1ccccc1NCC(O)c1ccc2c(c1)OCCO2,True,3.900800000000002,0.42668000000000017,0.5357142857142857,False,True
3.0,bin,16,0.5795501172542572,0.5143000483512878,0.6448001861572266,886334,COc1ccc(C(=O)N2CCCC(C(=O)N3CCCCC3)C2)c(O)c1,2.2655000000000003,CC1CCN(C(=O)C2CCCN(C(=O)c3cccc(F)c3)C2)CC1,True,2.9364000000000017,0.6709000000000014,0.45,False,True
3.0,bin,16,0.5795501172542572,0.5143000483512878,0.6448001861572266,887387,COCCNC(=O)N(Cc1cccc(F)c1)CC1CCCO1,2.1627,CCCNC(=O)N(Cc1ccc(C)cc1)CC1CCCO1,True,3.095620000000002,0.932920000000002,0.5645161290322581,False,True
3.0,bin,16,0.5795501172542572,0.5143000483512878,0.6448001861572266,889149,N#Cc1ccc(NC(=O)c2ccc(Br)cc2Cl)nc1,3.621480000000001,O=C(Nc1ccc(C(F)(F)F)cn1)c1cc(Br)ccc1F,True,4.254300000000001,0.6328199999999997,0.44642857142857145,False,True
3.0,bin,16,0.5795501172542572,0.5143000483512878,0.6448001861572266,913483,O=C(CNC(=O)NCCc1c(Cl)cccc1Cl)NC1CC1,2.1137000000000006,CC(C)CC(CNC(=O)NCCc1ccccc1Cl)NC1CC1,True,3.3484000000000016,1.234700000000001,0.43103448275862066,False,True
3.0,bin,16,0.5795501172542572,0.5143000483512878,0.6448001861572266,917620,C=CCN(Cc1ccccc1OC)C(=O)c1csc(C)n1,3.288520000000002,C=CCN(Cc1ccc(Cl)cc1)C(=O)c1csc(C)n1,True,3.933320000000003,0.6448000000000009,0.6,False,True
3.0,bin,16,0.5795501172542572,0.5143000483512878,0.6448001861572266,918312,CCOc1ccc(Cl)c(C(=O)N2CCN(c3ncccn3)CC2)n1,1.8860999999999997,CCSc1nc(C(=O)N2CCN(c3ncccn3)CC2)ccc1Cl,True,2.599400000000001,0.7133000000000014,0.5614035087719298,False,True
3.0,bin,16,0.5795501172542572,0.5143000483512878,0.6448001861572266,922879,CC(=O)c1ccc(N2CCN(Cc3c(F)cccc3F)CC2)cc1,3.489600000000003,Fc1ccc(N2CCN(Cc3ccc(CC(F)(F)F)cc3)CC2)cc1,True,4.2527000000000035,0.7631000000000006,0.37254901960784315,False,True
3.0,bin,16,0.5795501172542572,0.5143000483512878,0.6448001861572266,927535,COc1cc(CN2CCN(c3ccccc3F)CC2)ccc1O,2.862100000000002,Fc1ccc(CN2CCN(c3ccccc3Cl)CC2)cc1,True,3.801300000000003,0.9392000000000009,0.46,False,True
3.0,bin,16,0.5795501172542572,0.5143000483512878,0.6448001861572266,927567,Cc1ccccc1N1CCN(Cc2cccc(O)c2)CC1,3.022820000000001,Fc1ccccc1N1CCN(Cc2cccc(Cl)c2)CC1,True,3.801300000000003,0.7784800000000018,0.5,False,True
3.0,bin,16,0.5795501172542572,0.5143000483512878,0.6448001861572266,938108,CC(c1ccccc1)N(C)C(=O)CCC(=O)Nc1nccs1,3.0814000000000012,CCC(NC(=O)CCC(=O)N(C)c1nccs1)C1=CC=CC=CC1,True,3.2234000000000016,0.14200000000000035,0.3380281690140845,False,True
3.0,bin,16,0.5795501172542572,0.5143000483512878,0.6448001861572266,943303,CN(CCCOc1ccccc1)C(=O)Nc1cccc2c1OCCO2,3.390600000000002,CC(C)(CCOc1ccccc1)NC(=O)Nc1cccc2c1OCCO2,True,3.8270000000000026,0.4364000000000008,0.6101694915254238,False,True
3.0,bin,16,0.5795501172542572,0.5143000483512878,0.6448001861572266,946289,CC(NC(=O)C1(c2cc(-c3ccco3)on2)CC1)c1ccccc1,3.843600000000002,CC(C)C(NC(=O)C1(c2cc(-c3ccco3)on2)CC1)c1ccccc1,True,4.479700000000003,0.6361000000000008,0.8269230769230769,False,True
3.0,bin,16,0.5795501172542572,0.5143000483512878,0.6448001861572266,994077,Cc1nnc(Cn2c(-c3cccc(Br)c3)noc2=O)o1,2.0055199999999997,CCCSc1nnc(Cn2c(-c3ccccc3)noc2=O)o1,True,2.4367,0.43118000000000034,0.5172413793103449,False,True
3.0,bin,16,0.5795501172542572,0.5143000483512878,0.6448001861572266,1065620,O=C(NCc1cccnc1Oc1ccccc1)c1cccnc1,3.198900000000002,Cc1cc(C)cc(Oc2ncccc2CNC(=O)c2cccnc2)c1,True,3.8157400000000017,0.6168399999999998,0.76,False,True
3.0,bin,16,0.5795501172542572,0.5143000483512878,0.6448001861572266,1093926,CN(C(=O)CNc1cccc(OCC2CCCO2)c1)c1ccccc1,3.319300000000002,CC(Nc1ccccc1)C(=O)Nc1cc(F)cc(OCC2CCCO2)c1,True,3.822600000000002,0.5033000000000003,0.49295774647887325,False,True
3.0,bin,16,0.5795501172542572,0.5143000483512878,0.6448001861572266,1107920,CCc1ccc(-n2cc(C(=O)NC(C)c3ccccc3)nn2)cc1,3.320700000000002,CCc1nc(N(N)c2ccc(C(C)(C)C)cc2)cc(=O)[nH]1,True,2.6416000000000004,-0.6791000000000018,0.12162162162162163,False,True
3.0,bin,16,0.5795501172542572,0.5143000483512878,0.6448001861572266,1113130,CC(NC(=O)Cn1nnnc1C(C)(C)C)c1cccc2ccccc12,3.0012000000000016,CCCCn1nnnc1C(C)(C)NC(C)c1cccc2ccccc12,True,4.212300000000003,1.211100000000001,0.55,False,True
3.0,bin,16,0.5795501172542572,0.5143000483512878,0.6448001861572266,1121751,COC(=O)Cn1ccc(NS(=O)(=O)c2ccc(F)c(F)c2F)n1,1.2742,COc1ccc(S(=O)(=O)Nc2ccn(CC(C)C)n2)cc1OC,True,2.3571,1.0829,0.38095238095238093,False,True
3.0,bin,16,0.5795501172542572,0.5143000483512878,0.6448001861572266,1142531,CCOC(C)C(=O)NCCc1csc(-c2ccc(C)cc2)n1,3.2022200000000014,CC(F)OCC(F)(F)CF,True,1.9233,-1.2789200000000014,0.1,False,True
3.0,bin,16,0.5795501172542572,0.5143000483512878,0.6448001861572266,1212157,CN(Cc1ccc(F)c(F)c1)C(=O)c1cncc(-c2cnn(C)c2)c1,3.0325000000000015,CC(c1ccccc1Cl)N(C)C(=O)c1cncc(-c2cnn(C)c2)c1,True,3.9687000000000037,0.9362000000000021,0.49230769230769234,False,True
3.0,bin,16,0.5795501172542572,0.5143000483512878,0.6448001861572266,1215394,CCn1nc(C)cc1C(=O)Oc1cccc(NC(=O)C(C)C)c1,3.025120000000001,CCn1nc(C)cc1C(=O)Oc1ccc(Br)c(C)c1,True,3.501540000000002,0.47642000000000095,0.5636363636363636,False,True
3.0,bin,16,0.5795501172542572,0.5143000483512878,0.6448001861572266,1232922,CC(C)(C)OC(=O)NC1CCCN(S(=O)(=O)N2CCOCC2)C1,0.5525000000000011,CCCC(C)C(=O)NC1CCCN(S(=O)(=O)N2CCOCC2)C1,True,0.5802000000000014,0.02770000000000028,0.5925925925925926,False,True
3.0,bin,16,0.5795501172542572,0.5143000483512878,0.6448001861572266,1238973,FC(F)(F)c1cnc(N2CCn3c(nnc3C3CC3)C2)c(Cl)c1,3.2429000000000023,CC(Cl)Sc1c(Cl)cncc1CN1CCn2c(nnc2C2CC2)C1,True,3.896600000000003,0.6537000000000006,0.37142857142857144,False,True
3.0,bin,16,0.5795501172542572,0.5143000483512878,0.6448001861572266,1299495,Cc1cc(CC(=O)N2CCCC2C(C#N)c2ccccc2)no1,2.823900000000001,CCC(C(=O)N1CCCC1C(C#N)c1ccccc1)c1cc(C)on1,True,3.775000000000003,0.951100000000002,0.6825396825396826,False,True
3.0,bin,16,0.5795501172542572,0.5143000483512878,0.6448001861572266,1309906,CC(C)CC(NC(=O)c1cc(=O)c2ccccc2o1)C(=O)OC(C)C,2.8891000000000018,CCCC(C)(C)NC(=O)c1cc(=O)c2cc(Cl)ccc2o1,True,3.754900000000003,0.865800000000001,0.35384615384615387,False,True
3.0,bin,16,0.5795501172542572,0.5143000483512878,0.6448001861572266,1362816,COCc1cccc(C(=O)NC2CC2c2cccc(Cl)c2)c1,3.772300000000002,CC(C)OCc1cccc(C(=O)NC2CC2c2cccc(Cl)c2)c1,True,4.550900000000004,0.7786000000000017,0.7924528301886793,False,True
3.0,bin,16,0.5795501172542572,0.5143000483512878,0.6448001861572266,1441838,COCC(=O)NC(C(=O)Nc1cccc(-c2nccs2)c1)C(C)C,2.5358,C=CCOC(C)C(=O)Nc1cccc(-c2nccs2)c1,True,3.3397000000000014,0.8039000000000014,0.5873015873015873,False,False
3.0,bin,16,0.5795501172542572,0.5143000483512878,0.6448001861572266,1450449,CCCNC(=O)CSc1nc2c(cc1C#N)CCCC2,2.450380000000001,C=CCN(CC=C)C(=O)CSc1nc2c(cc1C#N)CCCC2,True,3.124780000000002,0.6744000000000012,0.576271186440678,False,False
3.0,bin,16,0.5795501172542572,0.5143000483512878,0.6448001861572266,1451910,O=S(=O)(NCc1nnc2ccccn12)c1ccc(F)c(F)c1,1.4859999999999995,CCc1ccc(C)cc1S(=O)(=O)NCc1nnc2ccccn12,True,2.07862,0.5926200000000004,0.5636363636363636,False,True
3.0,bin,16,0.5795501172542572,0.5143000483512878,0.6448001861572266,1479798,Cc1nc(C)c(CCC(=O)N(CC(C)C)CC(F)(F)F)c(=O)[nH]1,2.3662400000000003,CCCCN(CC(CC)CC)C(=O)CCc1c(C)nc(C)[nH]c1=O,True,3.384240000000002,1.0180000000000016,0.5614035087719298,False,True
3.0,bin,16,0.5795501172542572,0.5143000483512878,0.6448001861572266,1507926,COC(=O)C(C)NC(=O)Cc1csc(-c2ccccc2Cl)n1,2.6837,C=CCNC(=O)Cc1csc(-c2ccccc2Cl)n1,True,3.308200000000001,0.6245000000000012,0.5818181818181818,False,True
3.0,bin,16,0.5795501172542572,0.5143000483512878,0.6448001861572266,1527882,Nc1ncccc1C(=O)Nc1ccc2cn[nH]c2c1,1.7923999999999998,CCOc1ncccc1C(=O)Nc1ccc2cn[nH]c2c1,True,2.6089,0.8165000000000004,0.6792452830188679,False,True
3.0,bin,16,0.5795501172542572,0.5143000483512878,0.6448001861572266,1532848,COc1ccc(-c2ccc3c(=O)[nH]cnc3c2)cc1Cl,3.2521000000000013,O=c1[nH]cnc2cc(-c3ccc(Cl)c(Cl)c3)ccc12,True,3.8969000000000014,0.6448,0.7073170731707317,False,True
3.0,bin,16,0.5795501172542572,0.5143000483512878,0.6448001861572266,1548351,COc1cc(OC)c2c(c1)C(c1cnccn1)NCC2,1.7288999999999999,Clc1ccc2c(c1)C(c1cnccn1)NCC2,True,2.3651,0.6362000000000001,0.4716981132075472,False,True
3.0,bin,16,0.5795501172542572,0.5143000483512878,0.6448001861572266,1570134,COc1cccc(C(C)N2CCN(C(=O)c3ccc(O)cc3)CC2)c1,2.9198000000000013,Cc1cc(O)ccc1C(C)N1CCN(C(=O)c2cccc(C)c2C)CC1,True,3.8364600000000033,0.916660000000002,0.43333333333333335,False,True
3.0,bin,16,0.5795501172542572,0.5143000483512878,0.6448001861572266,1611406,CC(C)(C)N1CC(NC(=O)C2COc3ccc(F)cc3C2)CC1=O,1.8923999999999994,CCC(CC)N1CC(NC(=O)C2COc3ccc(F)cc3C2)CC1=O,True,2.2824999999999998,0.39010000000000034,0.6885245901639344,False,True
3.0,bin,16,0.5795501172542572,0.5143000483512878,0.6448001861572266,1612684,CCCC1CN(C(=O)Nc2ccn(CCC(C)C)n2)CCO1,2.9620000000000015,CCCC1CN(C(=O)Nc2cc(C(C)C)n(C(C)C)n2)CCO1,True,3.6202000000000023,0.6582000000000008,0.6290322580645161,False,True
3.0,bin,16,0.5795501172542572,0.5143000483512878,0.6448001861572266,1639675,CCC(CC)c1nnc(NC(=O)c2scnc2C2CC2)s1,4.0279000000000025,CCC(CC)Cc1nnc(NC(=O)c2scnc2C2CC2)s1,True,4.103000000000003,0.07510000000000083,0.7307692307692307,False,True
3.0,bin,16,0.5795501172542572,0.5143000483512878,0.6448001861572266,1675660,COc1ccnc(NC(=O)c2cccc(Cl)c2)c1,2.9959000000000007,O=C(Nc1ccccn1)c1cc(C(F)(F)F)ccc1F,True,3.4918000000000005,0.4958999999999998,0.3050847457627119,False,True
3.0,bin,16,0.5795501172542572,0.5143000483512878,0.6448001861572266,1689728,CCc1noc(CSc2ncnc3sc(C)cc23)n1,3.237420000000002,Cc1cc2c(SC(C)c3nc(C(C)C)no3)ncnc2s1,True,4.359420000000003,1.1220000000000008,0.4827586206896552,False,False
3.0,bin,16,0.5795501172542572,0.5143000483512878,0.6448001861572266,1720876,CC(C)(C)CC(=O)NCC(=O)Nc1ccc2c(c1)COC2,2.2077,O=C(NCCOCC(F)(F)F)Nc1ccc2c(c1)COC2,True,2.4172000000000002,0.20950000000000024,0.4909090909090909,False,True
3.0,bin,16,0.5795501172542572,0.5143000483512878,0.6448001861572266,1757109,CC(C)Cc1ncc(CNc2ccc3c(c2)COC3)s1,3.983900000000003,ClCCCl,True,1.464,-2.519900000000003,0.021739130434782608,False,True
3.0,bin,16,0.5795501172542572,0.5143000483512878,0.6448001861572266,1774061,O=C1NCCCc2[nH]c(-c3cccc4[nH]ccc34)nc21,2.234,CN1C(NCCCCNC=O)=Cc2c(Cl)ccc3c2C=NC31,True,2.1307,-0.10329999999999995,0.08641975308641975,False,True
3.0,bin,16,0.5795501172542572,0.5143000483512878,0.6448001861572266,1800687,Cc1nn(C)c(-c2nc(-c3cccnn3)no2)c1Cl,1.8889199999999997,CC(C)CCC=C(O)N(Cc1nc(-c2cccnn2)no1)N(C)N,True,1.8847,-0.0042199999999996685,0.34285714285714286,False,True
3.0,bin,16,0.5795501172542572,0.5143000483512878,0.6448001861572266,1815867,FC(F)(F)c1ccc(CN2CCOCC2c2ncon2)cc1,2.661900000000001,FC(F)(Cl)c1ccccc1CN1CCOCC1c1ncon1,True,2.9312000000000014,0.2693000000000003,0.6428571428571429,False,True
3.0,bin,16,0.5795501172542572,0.5143000483512878,0.6448001861572266,1828580,Cc1ccc(N2CC3OCC(=O)N(Cc4cccc(F)c4)C3C2)nn1,1.54032,Cc1ccc(N2CCN3Cc4ccccc4C(OC2)C(=O)C(C)C3)nn1,True,2.34122,0.8009,0.31645569620253167,False,True
3.0,bin,16,0.5795501172542572,0.5143000483512878,0.6448001861572266,1836183,CCc1ccc(C(=O)NCc2nccc(N(C)C)n2)cc1,2.035,CCC(NC(=O)c1ccc(OC(F)F)cc1)c1ncccn1,True,2.959100000000001,0.924100000000001,0.2698412698412698,False,True
3.0,bin,16,0.5795501172542572,0.5143000483512878,0.6448001861572266,1842499,COc1ccccc1COc1ccccc1-c1cnn(CCO)c1,3.1300000000000017,Cc1cc(COc2ccccc2-c2cnn(CCO)c2)ccc1Cl,True,4.083220000000003,0.9532200000000017,0.6071428571428571,False,True
3.0,bin,16,0.5795501172542572,0.5143000483512878,0.6448001861572266,1865564,COC(CNC(=O)c1ccoc1)c1cccc(F)c1,2.536200000000001,CC(NC(=O)c1ccoc1)C(C)(O)c1ccccc1Cl,True,2.9590000000000014,0.4228000000000005,0.328125,False,True
3.0,bin,16,0.5795501172542572,0.5143000483512878,0.6448001861572266,1868773,CCCOc1ccc(Cl)c2c1CCNC2C1CC(=O)C1,3.2947000000000015,CC(C)(C)c1cc(Cl)c2cc1CCC21CCC(=O)CC1N,True,3.9018000000000024,0.6071000000000009,0.2,False,True
3.0,bin,16,0.5795501172542572,0.5143000483512878,0.6448001861572266,1873123,CCC1OC(=O)c2c(OC)ccc(Br)c21,3.079200000000002,CCC1COC(=O)c2c(Br)ccc(F)c21,True,3.252200000000002,0.17300000000000004,0.3673469387755102,False,True
3.0,bin,16,0.5795501172542572,0.5143000483512878,0.6448001861572266,1875028,Cc1cccc(C)c1NCC(=O)N1CCCC2CCCCC21,3.8965400000000034,O=C(CCCC1CCCCC1)CNc1ccccc1CC(F)(F)F,True,5.523000000000005,1.6264600000000016,0.26153846153846155,False,True
3.0,bin,16,0.5795501172542572,0.5143000483512878,0.6448001861572266,1895921,CCC(CC)N(C)C(=O)CC1OC(=O)c2ccccc21,2.935200000000002,CC(C)CCCC(C)NC(=O)CC1OC(=O)c2ccccc21,True,3.619200000000002,0.6840000000000002,0.48148148148148145,False,True
3.0,bin,16,0.5795501172542572,0.5143000483512878,0.6448001861572266,1907077,Cc1ccc2[nH]nc(C(=O)Nc3nc(-c4ccco4)cs3)c2c1,3.8401200000000015,C=C(N=CNC(=O)C12CC=CC(=CC(C)C)C1NNCS2)c1ccco1,True,2.843000000000001,-0.9971200000000007,0.2,False,True
3.0,bin,16,0.5795501172542572,0.5143000483512878,0.6448001861572266,1913063,Cc1nn(C)c(C)c1CN(C(=O)c1cn2cccc(C)c2n1)C1CC1,2.797860000000001,C=C(C)CNC=C(C)C(C)N(C(=O)c1cn2ccccc2n1)C1CC1,True,3.3969000000000023,0.5990400000000013,0.3170731707317073,False,True
3.0,bin,16,0.5795501172542572,0.5143000483512878,0.6448001861572266,1922265,CN(CCNC(=O)c1ccc2c(c1)ncn2C)c1ccccc1,2.4395000000000007,CCc1cccc(NCCN(C)C(=O)c2ccc3c(c2)ncn3C)c1,True,3.3198000000000016,0.880300000000001,0.48484848484848486,False,True
3.0,bin,17,0.7375200986862183,0.6448001861572266,0.83024001121521,32052,COc1ccccc1CNC(=O)Cc1c[nH]c2ccccc12,3.035400000000001,O=C(Cc1c[nH]c2ccccc12)NCc1ccc(C(F)(F)F)cc1,True,4.045600000000002,1.010200000000001,0.5686274509803921,False,True
3.0,bin,17,0.7375200986862183,0.6448001861572266,0.83024001121521,116747,COCCSc1ccccc1C(=O)Nc1cccc(C)n1,3.3808200000000017,CCSc1ccc(Cl)cc1C(=O)Nc1cccc(O)n1,True,3.804900000000003,0.42408000000000134,0.423728813559322,False,True
3.0,bin,17,0.7375200986862183,0.6448001861572266,0.83024001121521,131060,CS(=O)(=O)NCCc1csc(-c2ccc(F)cc2)n1,2.0408999999999997,C=CCNC(=O)NCCc1csc(-c2ccccc2)n1,True,2.8378000000000014,0.7969000000000017,0.40350877192982454,False,True
3.0,bin,17,0.7375200986862183,0.6448001861572266,0.83024001121521,131949,CCc1c(C)nc(SCC(=O)NC(C)C)[nH]c1=O,1.25742,CCC(CC)NC(=O)C(C)Sc1nc(C)c(C)c(=O)[nH]1,True,2.1721399999999997,0.9147199999999998,0.41818181818181815,False,True
3.0,bin,17,0.7375200986862183,0.6448001861572266,0.83024001121521,158879,COc1ccc(CC(=O)OCC(=O)c2c[nH]c3ccccc23)cc1,3.145100000000001,CC(C(=O)OCC(=O)c1c[nH]c2ccccc12)c1cc(F)ccc1F,True,3.9757000000000025,0.8306000000000013,0.47540983606557374,False,True
3.0,bin,17,0.7375200986862183,0.6448001861572266,0.83024001121521,232056,COCCNC(=O)c1cc(=O)c2cc(C)ccc2o1,1.4776199999999993,COCCCNC(=O)c1cc(=O)c2cc(Br)ccc2o1,True,2.3218000000000005,0.8441800000000013,0.66,False,True
3.0,bin,17,0.7375200986862183,0.6448001861572266,0.83024001121521,235788,O=C(Cn1nc(-c2ccco2)oc1=O)NCC(F)(F)F,0.7747999999999999,CCCC(C)NC(=O)Cn1nc(-c2ccco2)oc1=O,True,1.4010999999999998,0.6262999999999999,0.5964912280701754,False,True
3.0,bin,17,0.7375200986862183,0.6448001861572266,0.83024001121521,236081,CC(=O)c1c(C)[nH]c(C(=O)CSc2nc(C(C)C)n[nH]2)c1C,3.0506400000000014,CC(C)c1nc(SCC(=O)C2NCC=C2Cl)n(C(F)F)n1,True,2.5523000000000007,-0.49834000000000067,0.22666666666666666,False,True
3.0,bin,17,0.7375200986862183,0.6448001861572266,0.83024001121521,281081,O=C(Cn1cccn1)NCc1cccnc1Oc1ccc(F)cc1F,2.665000000000001,CC(C)c1ccc(Oc2ncccc2CNC(=O)Cn2cccn2)cc1,True,3.510200000000001,0.8452000000000002,0.6349206349206349,False,True
3.0,bin,17,0.7375200986862183,0.6448001861572266,0.83024001121521,284170,COc1ccc(-c2nc(CC(=O)Nc3cccc(C)n3)cs2)cc1,3.7033200000000024,Cc1ccc(-c2nc(CC(=O)Nc3ccc(Br)cn3)cs2)cc1,True,4.457220000000002,0.7538999999999998,0.5245901639344263,False,True
3.0,bin,17,0.7375200986862183,0.6448001861572266,0.83024001121521,288369,Cc1ccc(NCc2nnc3n2CCCCC3)cc1C,3.2334400000000016,FC(F)Sc1ccccc1NCc1nnc2n1CCCCC2,True,3.931300000000002,0.6978600000000004,0.49122807017543857,False,True
3.0,bin,17,0.7375200986862183,0.6448001861572266,0.83024001121521,302889,COc1ccc(OC)c(NC(=O)CCNC(=O)c2cccs2)c1,2.5239000000000003,O=C(CCNC(=O)c1cccs1)Nc1ccc(OC(F)F)cc1,True,3.108100000000001,0.5842000000000009,0.5517241379310345,False,False
3.0,bin,17,0.7375200986862183,0.6448001861572266,0.83024001121521,327141,COc1ccc(OC)c(S(=O)(=O)Nc2ccn(C)n2)c1,1.2381,Cn1ccc(NS(=O)(=O)c2cccc(C(F)(F)F)c2)n1,True,2.2397,1.0016,0.4444444444444444,False,False
3.0,bin,17,0.7375200986862183,0.6448001861572266,0.83024001121521,327382,CNC(=O)C1CN(C(=O)c2c(C)noc2C)c2ccccc2O1,1.4452399999999996,CCc1noc(C)c1C(=O)NC1c2cc(Cl)ccc2OC1C(N)=O,True,1.9162199999999998,0.4709800000000002,0.2564102564102564,False,True
3.0,bin,17,0.7375200986862183,0.6448001861572266,0.83024001121521,406491,COCCNC(=O)C1CCCN(S(=O)(=O)N2CCOCC2)C1,-0.9619999999999964,CCOC(=O)C1CCCN(S(=O)(=O)N2CCOCC2)C1,True,-0.1614999999999982,0.8004999999999982,0.5961538461538461,False,True
3.0,bin,17,0.7375200986862183,0.6448001861572266,0.83024001121521,413951,O=C(Cn1ncn2cccc2c1=O)N1CCCCCC1,0.8985999999999996,CC1=CNC(C(F)(F)F)=NNCC(=O)ON2CCCCCC2C1,True,2.0517000000000003,1.1531000000000007,0.15789473684210525,False,True
3.0,bin,17,0.7375200986862183,0.6448001861572266,0.83024001121521,427929,CCNc1nc(NCc2ccccc2Cl)c2cnn(C)c2n1,3.060600000000001,CSc1nc(NC(C)c2ccc(OC(C)C)cc2)c2cnn(C)c2n1,True,4.045500000000002,0.9849000000000014,0.2857142857142857,False,True
3.0,bin,17,0.7375200986862183,0.6448001861572266,0.83024001121521,447130,CCC(NC(=O)C1CCN(C(=O)C2CC2)CC1)c1ccc(C)cc1,3.2109200000000016,CCC(NC(=O)C1CCN(C(=O)C(C)(C)C)CC1)c1ccc(F)cc1,True,3.6777000000000024,0.46678000000000086,0.6037735849056604,False,True
3.0,bin,17,0.7375200986862183,0.6448001861572266,0.83024001121521,481908,CCNS(=O)(=O)c1ccc(C)c(C(=O)Nc2ncccc2C)c1,2.24894,CCOC(=O)c1cc(C(=O)Nc2ncccc2C)ccc1C,True,3.1274400000000018,0.8785000000000016,0.5636363636363636,False,True
3.0,bin,17,0.7375200986862183,0.6448001861572266,0.83024001121521,485220,Cc1nn(CC(=O)N2CCN(C)CC2)c(C)c1Br,1.03644,C=C(C)CN1CCN(C(=O)Cn2cc(Br)c(C)n2)CC1,True,1.6743199999999996,0.6378799999999996,0.39622641509433965,False,True
3.0,bin,17,0.7375200986862183,0.6448001861572266,0.83024001121521,526363,Cc1nnc(SCC(=O)Nc2ccc(O)cc2)n(N)c1=O,0.09692,Cc1nnc(SCC(=O)N(C)c2ccccc2)n(N)c1=O,True,0.41562,0.3187,0.5272727272727272,False,False
3.0,bin,17,0.7375200986862183,0.6448001861572266,0.83024001121521,536853,COc1ccc(C2CCCN2C(=O)C2CCC2)c(OC)c1,3.1674000000000015,O=C(C1CCC1)N1CCCC1c1ccc(Br)cc1,True,3.9127000000000036,0.7453000000000021,0.48,False,True
3.0,bin,17,0.7375200986862183,0.6448001861572266,0.83024001121521,540312,Cc1nn(C)c2nc(C3CC3)cc(C(=O)NCC(=O)NC(C)(C)C)c12,1.7986199999999997,CCC(C)NC(=O)c1cc(C2CC2)nc2c1cnn2C,True,2.3740000000000006,0.5753800000000009,0.391304347826087,False,True
3.0,bin,17,0.7375200986862183,0.6448001861572266,0.83024001121521,544381,Cc1nc(N2CCCC(C(=O)NC(C)C)C2)c2c(C)c(C)oc2n1,2.8890600000000006,CCOC1CCCCN(c2nc(C(C)C)nc3oc(C)c(C)c23)C1,True,4.358440000000004,1.4693800000000037,0.44776119402985076,False,True
3.0,bin,17,0.7375200986862183,0.6448001861572266,0.83024001121521,544382,CCCNC(=O)C1CCCN(c2nc(C)nc3oc(C)c(C)c23)C1,2.8906600000000013,CCOC(=O)C1CCCN(c2nc(C(C)C)nc3oc(C)c(C)c23)C1,True,3.7425400000000026,0.8518800000000013,0.5606060606060606,False,True
3.0,bin,17,0.7375200986862183,0.6448001861572266,0.83024001121521,550049,Cc1ccc(C)c(OCC(=O)Nc2cccc(-n3cnnc3)c2)c1,2.9016400000000013,CC(Oc1ccc(Cl)c(Cl)c1)C(=O)Nc1cccc(-n2cnnc2)c1,True,3.9801000000000037,1.0784600000000024,0.4375,False,True
3.0,bin,17,0.7375200986862183,0.6448001861572266,0.83024001121521,573533,Cc1nn(-c2ncc(C(F)(F)F)cc2Cl)c(=O)o1,2.2011199999999995,CC(C)(C)c1nn(-c2ncc(C(F)(F)F)cc2Cl)c(=O)o1,True,3.1902000000000017,0.9890800000000022,0.7333333333333333,False,True
3.0,bin,17,0.7375200986862183,0.6448001861572266,0.83024001121521,582555,O=C(NCC(O)c1ccccc1)c1ccc2c(=O)n3c(nc2c1)CCC3,1.8061000000000003,O=C(NCCc1c(F)cccc1Cl)c1ccc2c(=O)n3c(nc2c1)CCC3,True,3.1077000000000012,1.301600000000001,0.5714285714285714,False,True
3.0,bin,17,0.7375200986862183,0.6448001861572266,0.83024001121521,588547,Cc1n[nH]c(C)c1NC(=O)CCc1ccc(Cl)cc1Cl,3.9046400000000023,Cc1[nH]nc(C(C)C)c1NC(=O)CC(C)(C)c1ccc(Cl)cc1,True,4.801320000000004,0.8966800000000017,0.4098360655737705,False,True
3.0,bin,17,0.7375200986862183,0.6448001861572266,0.83024001121521,607673,CCCN(CC1CC1)S(=O)(=O)c1ccccc1F,2.636400000000001,CCCCN(CC1CC1)S(=O)(=O)c1cc(C)ccc1F,True,3.334920000000002,0.6985200000000011,0.6041666666666666,False,True
3.0,bin,17,0.7375200986862183,0.6448001861572266,0.83024001121521,617681,Cc1cc(C(=O)Nc2nc(-c3ccncc3)cs2)nn1C(C)C,3.5432200000000016,Cc1c(C(C)C)cnn1C(=O)c1cc(C)n(-c2ccnc(F)c2)n1,True,3.0316400000000012,-0.5115800000000004,0.23684210526315788,False,True
3.0,bin,17,0.7375200986862183,0.6448001861572266,0.83024001121521,650267,COc1ccc2oc(C(=O)NC3CCCCNC3=O)c(C)c2c1,2.14832,Cc1c(C(=O)NC2CCCCN(C(F)(F)F)C2)oc2ccccc12,True,3.8453200000000036,1.6970000000000036,0.375,False,True
3.0,bin,17,0.7375200986862183,0.6448001861572266,0.83024001121521,668639,Cc1cc(NC(=O)c2ccccc2Cl)ncc1N,2.8779200000000005,C=CC(O)=CCC(=O)Nc1ccc(Cl)c(C(F)(F)F)n1,True,3.710300000000001,0.8323800000000006,0.21212121212121213,False,True
3.0,bin,17,0.7375200986862183,0.6448001861572266,0.83024001121521,673160,CCC(=O)Nc1ccc2oc(C(F)(F)F)cc(=O)c2c1,3.160300000000001,CC(C)CC(=O)c1cc(=O)c2cc(C(F)(F)F)ccc2o1,True,4.040600000000003,0.8803000000000019,0.43636363636363634,False,True
3.0,bin,17,0.7375200986862183,0.6448001861572266,0.83024001121521,711169,Cc1cccc(C(C)C)c1NC(=O)N(C)Cc1ccncc1,4.177320000000003,C=CN=CC=CCN(C)C(=O)NC12CC(C)=C(C=C1C)C(C)(C)C2,True,4.233500000000004,0.05618000000000123,0.16049382716049382,False,True
3.0,bin,17,0.7375200986862183,0.6448001861572266,0.83024001121521,720969,Cc1noc(C)c1CCC(=O)OCC(=O)N1c2ccccc2CC1C,2.7450400000000013,C=C(C)CN(C(=O)CCC(=O)OCc1conc1C)C(C)c1c#cccc1,True,3.572700000000003,0.8276600000000016,0.2087912087912088,False,True
3.0,bin,17,0.7375200986862183,0.6448001861572266,0.83024001121521,730789,COC(=O)C1CCN(C(=O)c2cc3ccc(F)cc3nc2C)CC1,2.7075200000000006,CCc1nc2cc(Cl)ccc2cc1C(=O)N1CCC(C(=O)OC)CC1,True,3.475800000000002,0.7682800000000016,0.5833333333333334,False,True
3.0,bin,17,0.7375200986862183,0.6448001861572266,0.83024001121521,738178,Cc1ccc(-n2ccnc2SCc2nc(C3CC3)no2)cc1C,4.041840000000003,Clc1ccc(-n2ccnc2SCc2nc(C3CC3)no2)c(Cl)c1,True,4.731800000000002,0.6899599999999984,0.6271186440677966,False,True
3.0,bin,17,0.7375200986862183,0.6448001861572266,0.83024001121521,771897,COc1ccccc1OCC(=O)N(C)Cc1sccc1C,3.102520000000002,Cc1ccsc1CN(C)C(=O)COc1cccc(C(F)(F)F)c1,True,4.112720000000003,1.010200000000001,0.5714285714285714,False,True
3.0,bin,17,0.7375200986862183,0.6448001861572266,0.83024001121521,811446,COC(=O)C1(NC(=O)c2cc(Br)c[nH]2)CCCCCC1,2.7730000000000006,O=C(NC1CCCCCC1)c1cc(Br)c[nH]1,True,3.229800000000001,0.4568000000000003,0.48936170212765956,False,False
3.0,bin,17,0.7375200986862183,0.6448001861572266,0.83024001121521,848291,CCC(C)NC(=O)NCc1noc(-c2cccs2)n1,2.3958000000000004,FC(NCc1noc(-c2cccs2)n1)C(F)(F)F,True,2.7456000000000005,0.3498000000000001,0.5087719298245614,False,True
3.0,bin,17,0.7375200986862183,0.6448001861572266,0.83024001121521,863440,COc1ccc(-c2nc(CCCO)cs2)cc1OC,2.752200000000001,COc1ccc(-c2nc(C(F)(F)F)cs2)cc1O,True,3.5431000000000012,0.7909000000000002,0.4423076923076923,False,True
3.0,bin,17,0.7375200986862183,0.6448001861572266,0.83024001121521,864663,N#Cc1ccc(-c2cc(F)ccc2F)nc1N1CCCC1,3.498680000000002,N#Cc1ccc(-c2ccc(C(F)(F)F)cc2)nc1N1CCCC1,True,4.239280000000003,0.7406000000000006,0.54,False,True
3.0,bin,17,0.7375200986862183,0.6448001861572266,0.83024001121521,872100,CCc1cccc(C)c1NCC(O)c1ccc2c(c1)OCCO2,3.474120000000002,CC(C)Sc1ccccc1NCC(O)c1ccc2c(c1)OCCO2,True,4.103800000000002,0.6296800000000005,0.5172413793103449,False,True
3.0,bin,17,0.7375200986862183,0.6448001861572266,0.83024001121521,886334,COc1ccc(C(=O)N2CCCC(C(=O)N3CCCCC3)C2)c(O)c1,2.2655000000000003,Cc1ccc(C(=O)N2CCCC(C(=O)N3CCCCC3)C2)c(C)c1,True,3.168140000000002,0.9026400000000017,0.6078431372549019,False,True
3.0,bin,17,0.7375200986862183,0.6448001861572266,0.83024001121521,887387,COCCNC(=O)N(Cc1cccc(F)c1)CC1CCCO1,2.1627,CC(C)NC(=O)N(Cc1cccc(F)c1)CC1CCCO1,True,2.9247000000000014,0.7620000000000013,0.7241379310344828,False,False
3.0,bin,17,0.7375200986862183,0.6448001861572266,0.83024001121521,889149,N#Cc1ccc(NC(=O)c2ccc(Br)cc2Cl)nc1,3.621480000000001,O=C(Nc1ccc(C(F)(F)F)cn1)c1cc(Cl)cc(Br)c1,True,4.768600000000002,1.147120000000001,0.3898305084745763,False,True
3.0,bin,17,0.7375200986862183,0.6448001861572266,0.83024001121521,913483,O=C(CNC(=O)NCCc1c(Cl)cccc1Cl)NC1CC1,2.1137000000000006,O=C(CCN(CC(F)F)C(=O)NCCc1cccc(Cl)c1)NC1CC1,True,2.8279000000000005,0.7142,0.390625,False,True
3.0,bin,17,0.7375200986862183,0.6448001861572266,0.83024001121521,917620,C=CCN(Cc1ccccc1OC)C(=O)c1csc(C)n1,3.288520000000002,CC=NC(F)C(=O)N(CCC(F)F)Cc1ccccc1,True,3.056700000000002,-0.23181999999999992,0.19718309859154928,False,True
3.0,bin,17,0.7375200986862183,0.6448001861572266,0.83024001121521,918312,CCOc1ccc(Cl)c(C(=O)N2CCN(c3ncccn3)CC2)n1,1.8860999999999997,CN(CCNC(=O)C12CCSC(=C(Cl)C=C1Cl)N2)c1ncccn1,True,2.0385,0.1524000000000003,0.189873417721519,False,True
3.0,bin,17,0.7375200986862183,0.6448001861572266,0.83024001121521,922879,CC(=O)c1ccc(N2CCN(Cc3c(F)cccc3F)CC2)cc1,3.489600000000003,Fc1cc(F)c(CN2CCN(c3ccccc3C(F)(F)F)CC2)cc1F,True,4.444900000000003,0.9553000000000003,0.2982456140350877,False,True
3.0,bin,17,0.7375200986862183,0.6448001861572266,0.83024001121521,927535,COc1cc(CN2CCN(c3ccccc3F)CC2)ccc1O,2.862100000000002,FC(F)Oc1ccc(CN2CCN(c3ccccc3)CC2)cc1,True,3.6102000000000025,0.7481000000000004,0.3508771929824561,False,True
3.0,bin,17,0.7375200986862183,0.6448001861572266,0.83024001121521,927567,Cc1ccccc1N1CCN(Cc2cccc(O)c2)CC1,3.022820000000001,Cc1cccc(Cl)c1N1CCN(Cc2ccccc2)CC1,True,3.970620000000003,0.9478000000000018,0.5,False,True
3.0,bin,17,0.7375200986862183,0.6448001861572266,0.83024001121521,938108,CC(c1ccccc1)N(C)C(=O)CCC(=O)Nc1nccs1,3.0814000000000012,CCC(NC(=O)CCC(=O)N(C)c1nccs1)c1ccc(C)cc1,True,3.4620200000000017,0.3806200000000004,0.4,False,True
3.0,bin,17,0.7375200986862183,0.6448001861572266,0.83024001121521,943303,CN(CCCOc1ccccc1)C(=O)Nc1cccc2c1OCCO2,3.390600000000002,C=CC(F)=CCC(C)(C)CNC(=O)Nc1cccc2c1OCCO2,True,4.035000000000002,0.6444000000000001,0.4,False,True
3.0,bin,17,0.7375200986862183,0.6448001861572266,0.83024001121521,946289,CC(NC(=O)C1(c2cc(-c3ccco3)on2)CC1)c1ccccc1,3.843600000000002,CC(NC(=O)C1(c2cc(-c3ccc(Cl)cc3)on2)CC1)c1ccco1,True,4.497000000000003,0.6534000000000013,0.6166666666666667,False,True
3.0,bin,17,0.7375200986862183,0.6448001861572266,0.83024001121521,994077,Cc1nnc(Cn2c(-c3cccc(Br)c3)noc2=O)o1,2.0055199999999997,Cc1nnc(Cn2c(-c3ccccc3SC(C)C)noc2=O)o1,True,2.743520000000001,0.7380000000000013,0.5344827586206896,False,True
3.0,bin,17,0.7375200986862183,0.6448001861572266,0.83024001121521,1065620,O=C(NCc1cccnc1Oc1ccccc1)c1cccnc1,3.198900000000002,O=C(NCc1cccnc1Oc1cccc(Cl)c1)c1cccnc1,True,3.8523000000000023,0.6534000000000004,0.7647058823529411,False,True
3.0,bin,17,0.7375200986862183,0.6448001861572266,0.83024001121521,1093926,CN(C(=O)CNc1cccc(OCC2CCCO2)c1)c1ccccc1,3.319300000000002,Cc1c(Cl)cccc1NCC(=O)Nc1cccc(OCC2CCCO2)c1,True,4.256820000000002,0.9375200000000001,0.5428571428571428,False,True
3.0,bin,17,0.7375200986862183,0.6448001861572266,0.83024001121521,1107920,CCc1ccc(-n2cc(C(=O)NC(C)c3ccccc3)nn2)cc1,3.320700000000002,CCCCC(NC(=O)c1cn(-c2ccc(C)cc2)nn1)c1ccccc1,True,4.237020000000003,0.9163200000000007,0.5862068965517241,False,True
3.0,bin,17,0.7375200986862183,0.6448001861572266,0.83024001121521,1113130,CC(NC(=O)Cn1nnnc1C(C)(C)C)c1cccc2ccccc12,3.0012000000000016,C=C(C=CC=C(C)C)C=C(CC=CC)NC(=O)Cn1nnnc1C(C)C,True,3.841400000000002,0.8402000000000003,0.28205128205128205,False,True
3.0,bin,17,0.7375200986862183,0.6448001861572266,0.83024001121521,1121751,COC(=O)Cn1ccc(NS(=O)(=O)c2ccc(F)c(F)c2F)n1,1.2742,C=CC=CCS(=O)(=O)NCC=CNCCC(F)(F)F,True,1.7037,0.4295,0.08108108108108109,False,True
3.0,bin,17,0.7375200986862183,0.6448001861572266,0.83024001121521,1142531,CCOC(C)C(=O)NCCc1csc(-c2ccc(C)cc2)n1,3.2022200000000014,CC(C)CCC(=O)NCCc1csc(-c2ccccc2)n1,True,3.905000000000002,0.7027800000000006,0.5084745762711864,False,True
3.0,bin,17,0.7375200986862183,0.6448001861572266,0.83024001121521,1212157,CN(Cc1ccc(F)c(F)c1)C(=O)c1cncc(-c2cnn(C)c2)c1,3.0325000000000015,CC(=CNC(C)C)c1ccc(C(=O)N(C)C(C)c2ccccc2F)cn1,True,4.412700000000004,1.380200000000002,0.19753086419753085,False,True
3.0,bin,17,0.7375200986862183,0.6448001861572266,0.83024001121521,1215394,CCn1nc(C)cc1C(=O)Oc1cccc(NC(=O)C(C)C)c1,3.025120000000001,CCn1nc(C)c(Cl)c1C(=O)Oc1ccc(Br)cc1,True,3.8465200000000026,0.8214000000000015,0.3230769230769231,False,True
3.0,bin,17,0.7375200986862183,0.6448001861572266,0.83024001121521,1232922,CC(C)(C)OC(=O)NC1CCCN(S(=O)(=O)N2CCOCC2)C1,0.5525000000000011,CC(C)(C)OC(=O)NCC1CCCCN1S(=O)(=O)N1CCOCC1,True,0.9426000000000008,0.39009999999999967,0.5263157894736842,False,True
3.0,bin,17,0.7375200986862183,0.6448001861572266,0.83024001121521,1238973,FC(F)(F)c1cnc(N2CCn3c(nnc3C3CC3)C2)c(Cl)c1,3.2429000000000023,CN1c2ncc(F)cc2CC1Cn1ncc(C(Cl)Cl)c1C(S)Cl,True,4.121700000000003,0.8788000000000009,0.16049382716049382,False,True
3.0,bin,17,0.7375200986862183,0.6448001861572266,0.83024001121521,1299495,Cc1cc(CC(=O)N2CCCC2C(C#N)c2ccccc2)no1,2.823900000000001,C=CC=CC=C(CC)C(=O)N1CCCC1c1cc(C)on1,True,3.725120000000003,0.9012200000000021,0.32894736842105265,False,True
3.0,bin,17,0.7375200986862183,0.6448001861572266,0.83024001121521,1309906,CC(C)CC(NC(=O)c1cc(=O)c2ccccc2o1)C(=O)OC(C)C,2.8891000000000018,CSc1ccc2oc(C(=O)N(CC(C)C)C(C)C)cc(=O)c2c1,True,4.021500000000003,1.1324000000000014,0.3333333333333333,False,True
3.0,bin,17,0.7375200986862183,0.6448001861572266,0.83024001121521,1362816,COCc1cccc(C(=O)NC2CC2c2cccc(Cl)c2)c1,3.772300000000002,O=C(NC1CC1c1cccc(Cl)c1)c1ccc(Br)cc1F,True,4.527500000000002,0.7551999999999994,0.5,False,True
3.0,bin,17,0.7375200986862183,0.6448001861572266,0.83024001121521,1441838,COCC(=O)NC(C(=O)Nc1cccc(-c2nccs2)c1)C(C)C,2.5358,COCCCC(=O)Nc1cccc(-c2nccs2)c1,True,3.175200000000001,0.6394000000000011,0.6,False,False
3.0,bin,17,0.7375200986862183,0.6448001861572266,0.83024001121521,1450449,CCCNC(=O)CSc1nc2c(cc1C#N)CCCC2,2.450380000000001,CCCN(CCC)C(=O)CSc1nccc(CC)c1C#N,True,3.256380000000002,0.8060000000000009,0.27941176470588236,False,True
3.0,bin,17,0.7375200986862183,0.6448001861572266,0.83024001121521,1451910,O=S(=O)(NCc1nnc2ccccn12)c1ccc(F)c(F)c1,1.4859999999999995,CC(C)c1ccc(S(=O)(=O)NCc2nnc3ccccn23)cc1,True,2.3312,0.8452000000000004,0.6470588235294118,False,False
3.0,bin,17,0.7375200986862183,0.6448001861572266,0.83024001121521,1479798,Cc1nc(C)c(CCC(=O)N(CC(C)C)CC(F)(F)F)c(=O)[nH]1,2.3662400000000003,Cc1nc(C)c(CCC(=O)N(CCC(F)(F)F)CC(C)C)c(=O)[nH]1,True,2.7563400000000007,0.39010000000000034,0.8,False,True
3.0,bin,17,0.7375200986862183,0.6448001861572266,0.83024001121521,1507926,COC(=O)C(C)NC(=O)Cc1csc(-c2ccccc2Cl)n1,2.6837,COC(C)C(=O)Cc1csc(-c2ccccc2Cl)n1,True,3.610000000000003,0.926300000000003,0.6538461538461539,False,True
3.0,bin,17,0.7375200986862183,0.6448001861572266,0.83024001121521,1527882,Nc1ncccc1C(=O)Nc1ccc2cn[nH]c2c1,1.7923999999999998,Nc1ncccc1C(=O)Nc1ccc2c(C(F)(F)F)n[nH]c2c1,True,2.8112000000000004,1.0188000000000006,0.5892857142857143,False,True
3.0,bin,17,0.7375200986862183,0.6448001861572266,0.83024001121521,1532848,COc1ccc(-c2ccc3c(=O)[nH]cnc3c2)cc1Cl,3.2521000000000013,CC=COc1ccc(C(F)(F)F)cc1C1=c2c(nc[nH]c2=O)=C1,True,1.6941999999999997,-1.5579000000000016,0.2647058823529412,False,True
3.0,bin,17,0.7375200986862183,0.6448001861572266,0.83024001121521,1548351,COc1cc(OC)c2c(c1)C(c1cnccn1)NCC2,1.7288999999999999,FC(F)Oc1cccc2c1CCNC2c1cnccn1,True,2.3130999999999995,0.5841999999999996,0.5272727272727272,False,False
3.0,bin,17,0.7375200986862183,0.6448001861572266,0.83024001121521,1570134,COc1cccc(C(C)N2CCN(C(=O)c3ccc(O)cc3)CC2)c1,2.9198000000000013,CCOc1ccc(C(=O)N2CCN(C(C)c3cccc(F)c3)CC2)cc1,True,3.743400000000003,0.8236000000000017,0.5789473684210527,False,True
3.0,bin,17,0.7375200986862183,0.6448001861572266,0.83024001121521,1611406,CC(C)(C)N1CC(NC(=O)C2COc3ccc(F)cc3C2)CC1=O,1.8923999999999994,C=CN(C=CC(F)=CCl)C(=O)CCC(=O)NC1C=C(C)C=C(C)C1,True,4.083200000000003,2.190800000000004,0.13333333333333333,False,True
3.0,bin,17,0.7375200986862183,0.6448001861572266,0.83024001121521,1612684,CCCC1CN(C(=O)Nc2ccn(CCC(C)C)n2)CCO1,2.9620000000000015,CCCC1CN(C(=O)NC=CC(CC)CCCC(C)(C)CO)CO1,True,3.8831000000000033,0.9211000000000018,0.3116883116883117,False,True
3.0,bin,17,0.7375200986862183,0.6448001861572266,0.83024001121521,1639675,CCC(CC)c1nnc(NC(=O)c2scnc2C2CC2)s1,4.0279000000000025,CCC(CC)CCc1nnc(NC(=O)c2scnc2C2CC2)s1,True,4.493100000000004,0.46520000000000117,0.7037037037037037,False,True
3.0,bin,17,0.7375200986862183,0.6448001861572266,0.83024001121521,1675660,COc1ccnc(NC(=O)c2cccc(Cl)c2)c1,2.9959000000000007,COc1ccnc(NC(=O)c2cc(Cl)cc(Cl)c2)c1,True,3.649300000000002,0.6534000000000013,0.7857142857142857,False,False
3.0,bin,17,0.7375200986862183,0.6448001861572266,0.83024001121521,1689728,CCc1noc(CSc2ncnc3sc(C)cc23)n1,3.237420000000002,Cc1cc2c(SCc3nc(C(C)(C)C)no3)ncnc2s1,True,3.972520000000003,0.735100000000001,0.7058823529411765,False,True
3.0,bin,17,0.7375200986862183,0.6448001861572266,0.83024001121521,1720876,CC(C)(C)CC(=O)NCC(=O)Nc1ccc2c(c1)COC2,2.2077,CC(C)(C)CC(C)(CO)NC(=O)Nc1ccc2c(c1)COC2,True,3.025500000000001,0.817800000000001,0.5384615384615384,False,True
3.0,bin,17,0.7375200986862183,0.6448001861572266,0.83024001121521,1757109,CC(C)Cc1ncc(CNc2ccc3c(c2)COC3)s1,3.983900000000003,CC(C)CCC1=NC=CCNc2cc3c(cc2Cl)COC3S1,True,5.375900000000004,1.3920000000000012,0.19230769230769232,False,True
3.0,bin,17,0.7375200986862183,0.6448001861572266,0.83024001121521,1774061,O=C1NCCCc2[nH]c(-c3cccc4[nH]ccc34)nc21,2.234,O=C1NCC(CCl)Cc2[nH]c(C3=CC=C4CNC=CC43)nc21,True,1.6071,-0.6269,0.24,False,True
3.0,bin,17,0.7375200986862183,0.6448001861572266,0.83024001121521,1800687,Cc1nn(C)c(-c2nc(-c3cccnn3)no2)c1Cl,1.8889199999999997,CC(C)c1cc(-c2nc(-c3ccc(Cl)nn3)no2)n(C)n1,True,2.703900000000001,0.8149800000000011,0.3898305084745763,False,True
3.0,bin,17,0.7375200986862183,0.6448001861572266,0.83024001121521,1815867,FC(F)(F)c1ccc(CN2CCOCC2c2ncon2)cc1,2.661900000000001,ClCCCl,True,1.464,-1.197900000000001,0.0425531914893617,False,True
3.0,bin,17,0.7375200986862183,0.6448001861572266,0.83024001121521,1828580,Cc1ccc(N2CC3OCC(=O)N(Cc4cccc(F)c4)C3C2)nn1,1.54032,CCNC(=O)COC1CN(C(C)c2cccc(Cl)c2)CC1Nc1cccnn1,True,2.5085999999999995,0.9682799999999996,0.16161616161616163,False,True
3.0,bin,17,0.7375200986862183,0.6448001861572266,0.83024001121521,1836183,CCc1ccc(C(=O)NCc2nccc(N(C)C)n2)cc1,2.035,CCCc1ccc(C(=O)NCc2nccc(C)n2)cc1,True,2.6675200000000006,0.6325200000000004,0.58,False,True
3.0,bin,17,0.7375200986862183,0.6448001861572266,0.83024001121521,1842499,COc1ccccc1COc1ccccc1-c1cnn(CCO)c1,3.1300000000000017,Oc1ccccc1Cn1cc(-c2ccccc2Br)cn1,True,4.066500000000002,0.9365000000000006,0.39285714285714285,False,True
3.0,bin,17,0.7375200986862183,0.6448001861572266,0.83024001121521,1865564,COC(CNC(=O)c1ccoc1)c1cccc(F)c1,2.536200000000001,CC(C)C(CNC(=O)c1ccoc1)c1ccccc1,True,3.449200000000002,0.9130000000000011,0.5384615384615384,False,True
3.0,bin,17,0.7375200986862183,0.6448001861572266,0.83024001121521,1868773,CCCOc1ccc(Cl)c2c1CCNC2C1CC(=O)C1,3.2947000000000015,O=C1CCC2(NCCc3c2ccc(Cl)c3Cl)C1Cl,True,3.3047000000000013,0.009999999999999787,0.24615384615384617,False,True
3.0,bin,17,0.7375200986862183,0.6448001861572266,0.83024001121521,1873123,CCC1OC(=O)c2c(OC)ccc(Br)c21,3.079200000000002,CC(C)CC1OC(=O)c2c(Br)cccc21,True,3.7067000000000023,0.6275000000000004,0.3829787234042553,False,True
3.0,bin,17,0.7375200986862183,0.6448001861572266,0.83024001121521,1875028,Cc1cccc(C)c1NCC(=O)N1CCCC2CCCCC21,3.8965400000000034,CC(Nc1cccc(Br)c1)C(=O)N1CCCC2CCCCC21,True,4.430700000000003,0.53416,0.43103448275862066,False,True
3.0,bin,17,0.7375200986862183,0.6448001861572266,0.83024001121521,1895921,CCC(CC)N(C)C(=O)CC1OC(=O)c2ccccc21,2.935200000000002,CCCCN(CCCC)C(=O)CC1OC(=O)c2ccccc21,True,3.717000000000003,0.7818000000000014,0.6170212765957447,False,True
3.0,bin,17,0.7375200986862183,0.6448001861572266,0.83024001121521,1907077,Cc1ccc2[nH]nc(C(=O)Nc3nc(-c4ccco4)cs3)c2c1,3.8401200000000015,CC(C)c1csc(NC(=O)c2ccc(-c3ccco3)ccc[nH]n2)n1,True,4.626300000000004,0.7861800000000025,0.40540540540540543,False,True
3.0,bin,17,0.7375200986862183,0.6448001861572266,0.83024001121521,1913063,Cc1nn(C)c(C)c1CN(C(=O)c1cn2cccc(C)c2n1)C1CC1,2.797860000000001,CC(=CNC(C)(C)C)CN(C(=O)c1cn2cccc(Cl)c2n1)C1CC1,True,3.8842000000000034,1.0863400000000025,0.44594594594594594,False,True
3.0,bin,17,0.7375200986862183,0.6448001861572266,0.83024001121521,1922265,CN(CCNC(=O)c1ccc2c(c1)ncn2C)c1ccccc1,2.4395000000000007,CC=Nc1c(F)cc(F)cc1C(=O)N(CC)CCNC(=O)c1ccccc1,True,3.579100000000002,1.1396000000000015,0.3150684931506849,False,True
3.0,bin,18,0.9854800075292588,0.83024001121521,1.1407200038433076,32052,COc1ccccc1CNC(=O)Cc1c[nH]c2ccccc12,3.035400000000001,O=C(Cc1c[nH]c2ccccc12)NCc1ccc(C(F)(F)F)cc1,True,4.045600000000002,1.010200000000001,0.5686274509803921,False,True
3.0,bin,18,0.9854800075292588,0.83024001121521,1.1407200038433076,116747,COCCSc1ccccc1C(=O)Nc1cccc(C)n1,3.3808200000000017,CCSc1ccc(Br)cc1C(=O)Nc1ccccn1,True,4.208400000000003,0.8275800000000011,0.3770491803278688,False,True
3.0,bin,18,0.9854800075292588,0.83024001121521,1.1407200038433076,131060,CS(=O)(=O)NCCc1csc(-c2ccc(F)cc2)n1,2.0408999999999997,N#CCCC(=O)NCc1csc(-c2ccc(F)cc2)n1,True,2.869180000000001,0.8282800000000012,0.45454545454545453,False,True
3.0,bin,18,0.9854800075292588,0.83024001121521,1.1407200038433076,131949,CCc1c(C)nc(SCC(=O)NC(C)C)[nH]c1=O,1.25742,CCCC(C)N1NC(=NC(C)=C(C)C=O)SCC1=O,True,2.1037999999999997,0.8463799999999997,0.1388888888888889,False,True
3.0,bin,18,0.9854800075292588,0.83024001121521,1.1407200038433076,158879,COc1ccc(CC(=O)OCC(=O)c2c[nH]c3ccccc23)cc1,3.145100000000001,CC(C)C(C(=O)OCC(=O)c1c[nH]c2ccccc12)c1ccccc1,True,4.333600000000003,1.188500000000002,0.5272727272727272,False,True
3.0,bin,18,0.9854800075292588,0.83024001121521,1.1407200038433076,232056,COCCNC(=O)c1cc(=O)c2cc(C)ccc2o1,1.4776199999999993,CCCCNC(=O)c1cc(=O)c2cc(OC)ccc2o1,True,2.3315,0.8538800000000009,0.5961538461538461,False,True
3.0,bin,18,0.9854800075292588,0.83024001121521,1.1407200038433076,235788,O=C(Cn1nc(-c2ccco2)oc1=O)NCC(F)(F)F,0.7747999999999999,CC(C)CCCNC(=O)Cn1nc(-c2ccco2)oc1=O,True,1.6487,0.8739000000000001,0.6428571428571429,False,True
3.0,bin,18,0.9854800075292588,0.83024001121521,1.1407200038433076,236081,CC(=O)c1c(C)[nH]c(C(=O)CSc2nc(C(C)C)n[nH]2)c1C,3.0506400000000014,C=C(C)CSc1n[nH]c(SCC(=O)c2[nH]c(C(C)(C)C)nc2C)n1,True,3.7769200000000023,0.7262800000000009,0.41935483870967744,False,True
3.0,bin,18,0.9854800075292588,0.83024001121521,1.1407200038433076,281081,O=C(Cn1cccn1)NCc1cccnc1Oc1ccc(F)cc1F,2.665000000000001,C=CC=COc1ncccc1NCC(=O)NC(c1ccccn1)C(C)C,True,3.480500000000002,0.815500000000001,0.22093023255813954,False,True
3.0,bin,18,0.9854800075292588,0.83024001121521,1.1407200038433076,284170,COc1ccc(-c2nc(CC(=O)Nc3cccc(C)n3)cs2)cc1,3.7033200000000024,CC=CC=CC(=N)C1=NC(CC(=O)Nc2c(C)cccc2C(F)F)S1,True,4.8846900000000035,1.1813700000000011,0.20481927710843373,False,True
3.0,bin,18,0.9854800075292588,0.83024001121521,1.1407200038433076,288369,Cc1ccc(NCc2nnc3n2CCCCC3)cc1C,3.2334400000000016,CC(C)Sc1ccccc1NCc1nnc2n1CCCCC2,True,4.117100000000002,0.8836600000000008,0.5178571428571429,False,True
3.0,bin,18,0.9854800075292588,0.83024001121521,1.1407200038433076,302889,COc1ccc(OC)c(NC(=O)CCNC(=O)c2cccs2)c1,2.5239000000000003,O=C(CCNC(=O)c1cccs1)Nc1cccc(C(F)(F)F)c1,True,3.525500000000001,1.0016000000000007,0.5,False,False
3.0,bin,18,0.9854800075292588,0.83024001121521,1.1407200038433076,327141,COc1ccc(OC)c(S(=O)(=O)Nc2ccn(C)n2)c1,1.2381,CCCCc1ccc(S(=O)(=O)Nc2ccn(C)n2)cc1,True,2.5635000000000003,1.3254000000000004,0.42592592592592593,False,True
3.0,bin,18,0.9854800075292588,0.83024001121521,1.1407200038433076,327382,CNC(=O)C1CN(C(=O)c2c(C)noc2C)c2ccccc2O1,1.4452399999999996,Cc1noc(C(C)C)c1C(=O)N1CC(O)c2ccccc2O1,True,2.589620000000001,1.1443800000000013,0.3787878787878788,False,True
3.0,bin,18,0.9854800075292588,0.83024001121521,1.1407200038433076,406491,COCCNC(=O)C1CCCN(S(=O)(=O)N2CCOCC2)C1,-0.9619999999999964,CC(C)NC(=O)C1CCCN(S(=O)(=O)N2CCOCC2)C1,True,-0.19999999999999818,0.7619999999999982,0.64,False,False
3.0,bin,18,0.9854800075292588,0.83024001121521,1.1407200038433076,413951,O=C(Cn1ncn2cccc2c1=O)N1CCCCCC1,0.8985999999999996,CCC1CCCCN1C(=O)Cn1nc(C)n2cccc2c1=O,True,1.5955199999999998,0.6969200000000002,0.3968253968253968,False,True
3.0,bin,18,0.9854800075292588,0.83024001121521,1.1407200038433076,427929,CCNc1nc(NCc2ccccc2Cl)c2cnn(C)c2n1,3.060600000000001,CC(C)SC=NC(NC(C)c1ccc(F)c(F)c1)=C1C=NN(C)C1=N,True,3.9053700000000022,0.8447700000000014,0.10465116279069768,False,True
3.0,bin,18,0.9854800075292588,0.83024001121521,1.1407200038433076,447130,CCC(NC(=O)C1CCN(C(=O)C2CC2)CC1)c1ccc(C)cc1,3.2109200000000016,CCC1CCC(CNC(=O)C(C)c2ccccc2)CC(=O)N(C)C1C,True,3.579500000000002,0.3685800000000006,0.2222222222222222,False,True
3.0,bin,18,0.9854800075292588,0.83024001121521,1.1407200038433076,481908,CCNS(=O)(=O)c1ccc(C)c(C(=O)Nc2ncccc2C)c1,2.24894,C=C(C(=O)Nc1cc(C)ccn1)C(=CC=COCC)OCC,True,3.3553200000000025,1.1063800000000024,0.21621621621621623,False,True
3.0,bin,18,0.9854800075292588,0.83024001121521,1.1407200038433076,485220,Cc1nn(CC(=O)N2CCN(C)CC2)c(C)c1Br,1.03644,CCCCN1CCN(C(=O)Cn2nc(C)c(Br)c2C)CC1,True,2.20674,1.1703,0.7209302325581395,False,True
3.0,bin,18,0.9854800075292588,0.83024001121521,1.1407200038433076,526363,Cc1nnc(SCC(=O)Nc2ccc(O)cc2)n(N)c1=O,0.09692,COC1=CC=C(NC(=O)CSc2nnc(C(C)=O)c(=O)[nH]2)CC=C1,True,0.9499000000000001,0.8529800000000001,0.25333333333333335,False,True
3.0,bin,18,0.9854800075292588,0.83024001121521,1.1407200038433076,536853,COc1ccc(C2CCCN2C(=O)C2CCC2)c(OC)c1,3.1674000000000015,O=C1CCCCc2c(ccc(F)c2C(F)(F)F)N2CCCC12,True,4.108800000000004,0.9414000000000025,0.19117647058823528,False,True
3.0,bin,18,0.9854800075292588,0.83024001121521,1.1407200038433076,540312,Cc1nn(C)c2nc(C3CC3)cc(C(=O)NCC(=O)NC(C)(C)C)c12,1.7986199999999997,CCCCN(CCO)C(=O)c1cc(C2CC2)nc2c1c(C)nn2CC,True,2.871620000000002,1.0730000000000022,0.3972602739726027,False,True
3.0,bin,18,0.9854800075292588,0.83024001121521,1.1407200038433076,544381,Cc1nc(N2CCCC(C(=O)NC(C)C)C2)c2c(C)c(C)oc2n1,2.8890600000000006,C=CN(CCCC(=O)N(CC)CCCC)c1nc(C)nc2oc(C)c(C)c12,True,4.526760000000004,1.6377000000000033,0.2692307692307692,False,True
3.0,bin,18,0.9854800075292588,0.83024001121521,1.1407200038433076,544382,CCCNC(=O)C1CCCN(c2nc(C)nc3oc(C)c(C)c23)C1,2.8906600000000013,CCCCOC(=O)CC1CCN(c2nc(C)nc3oc(CC)c(C)c23)C1,True,3.9617400000000034,1.071080000000002,0.4520547945205479,False,True
3.0,bin,18,0.9854800075292588,0.83024001121521,1.1407200038433076,550049,Cc1ccc(C)c(OCC(=O)Nc2cccc(-n3cnnc3)c2)c1,2.9016400000000013,Cc1cc(Cl)c(Cl)cc1OC(C)C(=O)NC1=Cc2ccnnc2C1,True,3.5725200000000035,0.6708800000000021,0.20253164556962025,False,True
3.0,bin,18,0.9854800075292588,0.83024001121521,1.1407200038433076,573533,Cc1nn(-c2ncc(C(F)(F)F)cc2Cl)c(=O)o1,2.2011199999999995,CCC(C=NN(Cl)c1ccc(C(F)(F)F)cn1)CC,True,4.482600000000002,2.281480000000003,0.22580645161290322,False,True
3.0,bin,18,0.9854800075292588,0.83024001121521,1.1407200038433076,582555,O=C(NCC(O)c1ccccc1)c1ccc2c(=O)n3c(nc2c1)CCC3,1.8061000000000003,CCc1nc2cc(C(=O)N(CC)CCc3cccc(F)c3)ccc2c(=O)[nH]1,True,3.3294000000000015,1.5233000000000012,0.21839080459770116,False,True
3.0,bin,18,0.9854800075292588,0.83024001121521,1.1407200038433076,588547,Cc1n[nH]c(C)c1NC(=O)CCc1ccc(Cl)cc1Cl,3.9046400000000023,CCC1CCC(C)=C(NC(=O)C(C)(C)Cc2ccccc2)C(C)=NN1,True,4.183400000000003,0.278760000000001,0.18421052631578946,False,True
3.0,bin,18,0.9854800075292588,0.83024001121521,1.1407200038433076,607673,CCCN(CC1CC1)S(=O)(=O)c1ccccc1F,2.636400000000001,CCCCN(CC1CC1)S(=O)(=O)c1cc(Cl)ccc1F,True,3.6799000000000026,1.0435000000000016,0.6041666666666666,False,True
3.0,bin,18,0.9854800075292588,0.83024001121521,1.1407200038433076,617681,Cc1cc(C(=O)Nc2nc(-c3ccncc3)cs2)nn1C(C)C,3.5432200000000016,CC1CN=C(C(=O)NC2C=CC2)C=CC=CSCc2ccncc21,True,3.387500000000002,-0.15571999999999964,0.17647058823529413,False,True
3.0,bin,18,0.9854800075292588,0.83024001121521,1.1407200038433076,650267,COc1ccc2oc(C(=O)NC3CCCCNC3=O)c(C)c2c1,2.14832,O=C1NC2CCCCC(F)(F)CC2OC(=CF)C2=CC=CC1=CC2,True,4.0930000000000035,1.9446800000000035,0.13186813186813187,False,True
3.0,bin,18,0.9854800075292588,0.83024001121521,1.1407200038433076,668639,Cc1cc(NC(=O)c2ccccc2Cl)ncc1N,2.8779200000000005,N=CC(=CC=CNC=O)C(F)(F)F,True,1.3843699999999999,-1.4935500000000006,0.04918032786885246,False,True
3.0,bin,18,0.9854800075292588,0.83024001121521,1.1407200038433076,673160,CCC(=O)Nc1ccc2oc(C(F)(F)F)cc(=O)c2c1,3.160300000000001,O=C(CCCC(F)(F)F)Nc1cc2coc(C(F)(F)F)cc-2c1,True,5.074300000000002,1.9140000000000006,0.31666666666666665,False,True
3.0,bin,18,0.9854800075292588,0.83024001121521,1.1407200038433076,711169,Cc1cccc(C(C)C)c1NC(=O)N(C)Cc1ccncc1,4.177320000000003,CCCCSc1ccc(Cl)cc1NC(=O)N(CC)Cc1ccncc1,True,5.681200000000005,1.5038800000000023,0.29577464788732394,False,True
3.0,bin,18,0.9854800075292588,0.83024001121521,1.1407200038433076,720969,Cc1noc(C)c1CCC(=O)OCC(=O)N1c2ccccc2CC1C,2.7450400000000013,C=C(C)Cn1nc(C)cc1CCC(=O)OCC1Cc2ccccc2C1C,True,4.219420000000004,1.4743800000000027,0.3170731707317073,False,True
3.0,bin,18,0.9854800075292588,0.83024001121521,1.1407200038433076,730789,COC(=O)C1CCN(C(=O)c2cc3ccc(F)cc3nc2C)CC1,2.7075200000000006,Cc1nc2cc(Cl)ccc2cc1C(=O)N1CCCC(F)(F)C1,True,4.0679200000000035,1.360400000000003,0.4375,False,True
3.0,bin,18,0.9854800075292588,0.83024001121521,1.1407200038433076,738178,Cc1ccc(-n2ccnc2SCc2nc(C3CC3)no2)cc1C,4.041840000000003,CC(C)(C)Cc1cccc(-n2ccnc2SCc2nc(C3CC3)no2)c1,True,5.013600000000005,0.9717600000000015,0.6833333333333333,False,True
3.0,bin,18,0.9854800075292588,0.83024001121521,1.1407200038433076,771897,COc1ccccc1OCC(=O)N(C)Cc1sccc1C,3.102520000000002,COc1cc(Cl)c(C)cc1OCC(=O)N(C)Cc1sccc1C,True,4.064340000000003,0.9618200000000012,0.7058823529411765,False,True
3.0,bin,18,0.9854800075292588,0.83024001121521,1.1407200038433076,811446,COC(=O)C1(NC(=O)c2cc(Br)c[nH]2)CCCCCC1,2.7730000000000006,CC1CCCC(NC(=O)c2cc(Br)c[nH]2)CC1,True,3.4758000000000013,0.7028000000000008,0.4339622641509434,False,True
3.0,bin,18,0.9854800075292588,0.83024001121521,1.1407200038433076,848291,CCC(C)NC(=O)NCc1noc(-c2cccs2)n1,2.3958000000000004,CC(C)CCCC(=O)NCc1noc(-c2cccs2)n1,True,3.2406000000000015,0.8448000000000011,0.631578947368421,False,True
3.0,bin,18,0.9854800075292588,0.83024001121521,1.1407200038433076,863440,COc1ccc(-c2nc(CCCO)cs2)cc1OC,2.752200000000001,COc1ccc(-c2nc(CC(F)(F)F)cs2)cc1OC,True,3.932100000000003,1.1799000000000017,0.6304347826086957,False,True
3.0,bin,18,0.9854800075292588,0.83024001121521,1.1407200038433076,864663,N#Cc1ccc(-c2cc(F)ccc2F)nc1N1CCCC1,3.498680000000002,Fc1nc(N2CCCC2)cc(-c2cccc(C(F)(F)F)c2)c1F,True,4.645800000000002,1.1471200000000001,0.25806451612903225,False,True
3.0,bin,18,0.9854800075292588,0.83024001121521,1.1407200038433076,872100,CCc1cccc(C)c1NCC(O)c1ccc2c(c1)OCCO2,3.474120000000002,Clc1ccc(NCC(Cl)(Cl)c2ccc3c(c2)OCCO3)cc1,True,4.853700000000003,1.3795800000000007,0.2698412698412698,False,True
3.0,bin,18,0.9854800075292588,0.83024001121521,1.1407200038433076,886334,COc1ccc(C(=O)N2CCCC(C(=O)N3CCCCC3)C2)c(O)c1,2.2655000000000003,Cc1cc(C)c(C(=O)N2CCCC(C(=O)N3CCCCC3)C2)c(C)c1,True,3.4765600000000028,1.2110600000000025,0.5490196078431373,False,True
3.0,bin,18,0.9854800075292588,0.83024001121521,1.1407200038433076,887387,COCCNC(=O)N(Cc1cccc(F)c1)CC1CCCO1,2.1627,C=CCNC(=O)N(Cc1cccc(Cl)c1)CC1CCCO1,True,3.2166000000000023,1.0539000000000023,0.5606060606060606,False,True
3.0,bin,18,0.9854800075292588,0.83024001121521,1.1407200038433076,889149,N#Cc1ccc(NC(=O)c2ccc(Br)cc2Cl)nc1,3.621480000000001,O=C(C=CC(Cl)=C(F)CF)Nc1ccc(Cl)cn1,True,3.6191000000000013,-0.0023799999999996047,0.2698412698412698,False,True
3.0,bin,18,0.9854800075292588,0.83024001121521,1.1407200038433076,913483,O=C(CNC(=O)NCCc1c(Cl)cccc1Cl)NC1CC1,2.1137000000000006,CCC1C(=O)C(C(=O)N(C)CCc2c(Cl)cccc2Cl)N1CC,True,3.046100000000002,0.9324000000000012,0.3064516129032258,False,True
3.0,bin,18,0.9854800075292588,0.83024001121521,1.1407200038433076,917620,C=CCN(Cc1ccccc1OC)C(=O)c1csc(C)n1,3.288520000000002,Cc1nc(C(=O)N(Cc2ccccc2)C(C)CC(F)F)cs1,True,4.137620000000004,0.8491000000000017,0.4126984126984127,False,True
3.0,bin,18,0.9854800075292588,0.83024001121521,1.1407200038433076,918312,CCOc1ccc(Cl)c(C(=O)N2CCN(c3ncccn3)CC2)n1,1.8860999999999997,CCSc1c(C)cnc(C(=O)N2CCN(c3ncccn3)CC2)c1Cl,True,2.907820000000001,1.0217200000000013,0.5,False,True
3.0,bin,18,0.9854800075292588,0.83024001121521,1.1407200038433076,922879,CC(=O)c1ccc(N2CCN(Cc3c(F)cccc3F)CC2)cc1,3.489600000000003,FC(F)(F)c1cccc(N2CCN(Cc3ccccc3Cl)CC2)c1,True,4.681000000000004,1.1914000000000007,0.3103448275862069,False,True
3.0,bin,18,0.9854800075292588,0.83024001121521,1.1407200038433076,927535,COc1cc(CN2CCN(c3ccccc3F)CC2)ccc1O,2.862100000000002,Fc1cccc(CN2CCN(c3ccccc3Cl)CC2)c1,True,3.801300000000003,0.9392000000000009,0.4528301886792453,False,True
3.0,bin,18,0.9854800075292588,0.83024001121521,1.1407200038433076,927567,Cc1ccccc1N1CCN(Cc2cccc(O)c2)CC1,3.022820000000001,FC(F)(F)c1cccc(CN2CCN(c3ccccc3)CC2)c1,True,4.027600000000002,1.0047800000000011,0.42,False,True
3.0,bin,18,0.9854800075292588,0.83024001121521,1.1407200038433076,938108,CC(c1ccccc1)N(C)C(=O)CCC(=O)Nc1nccs1,3.0814000000000012,CC(C)CC(NC(=O)CCC(=O)N(C)c1nccs1)c1ccccc1,True,3.7897000000000025,0.7083000000000013,0.5081967213114754,False,True
3.0,bin,18,0.9854800075292588,0.83024001121521,1.1407200038433076,943303,CN(CCCOc1ccccc1)C(=O)Nc1cccc2c1OCCO2,3.390600000000002,CC(C)N(CCCOc1ccccc1)C(=O)Nc1cccc2c1OCCO2,True,4.169200000000003,0.7786000000000008,0.7636363636363637,False,True
3.0,bin,18,0.9854800075292588,0.83024001121521,1.1407200038433076,946289,CC(NC(=O)C1(c2cc(-c3ccco3)on2)CC1)c1ccccc1,3.843600000000002,CCCn1nc(C)cc1C(=O)NC1CCC1c1cnoc1-c1ccco1,True,3.525520000000002,-0.31808000000000014,0.25882352941176473,False,True
3.0,bin,18,0.9854800075292588,0.83024001121521,1.1407200038433076,994077,Cc1nnc(Cn2c(-c3cccc(Br)c3)noc2=O)o1,2.0055199999999997,CCC(C=NN=CCn1c(-c2cccc(C)c2)noc1=O)CC,True,3.304520000000002,1.2990000000000022,0.3968253968253968,False,True
3.0,bin,18,0.9854800075292588,0.83024001121521,1.1407200038433076,1065620,O=C(NCc1cccnc1Oc1ccccc1)c1cccnc1,3.198900000000002,CCC1=C(c2ccc(C)cc2)C(=CC=CN)Oc2ncccc2C(=O)N1,True,3.689820000000001,0.49091999999999913,0.14634146341463414,False,True
3.0,bin,18,0.9854800075292588,0.83024001121521,1.1407200038433076,1093926,CN(C(=O)CNc1cccc(OCC2CCCO2)c1)c1ccccc1,3.319300000000002,CC(C)c1ccccc1NCC(=O)Nc1cccc(OCC2CCCO2)c1,True,4.418400000000003,1.0991000000000009,0.5652173913043478,False,True
3.0,bin,18,0.9854800075292588,0.83024001121521,1.1407200038433076,1107920,CCc1ccc(-n2cc(C(=O)NC(C)c3ccccc3)nn2)cc1,3.320700000000002,C#CC(=CC=CC(C)CC)C(C)N(C)C(=O)c1cn(-c2ccccc2)nn1,True,3.889700000000003,0.5690000000000008,0.38028169014084506,False,True
3.0,bin,18,0.9854800075292588,0.83024001121521,1.1407200038433076,1113130,CC(NC(=O)Cn1nnnc1C(C)(C)C)c1cccc2ccccc12,3.0012000000000016,CC(C)CC(NC1=CC=Cc2c(F)cccc2C1)c1nnnn1C(C)C,True,4.223300000000003,1.222100000000001,0.2073170731707317,False,True
3.0,bin,18,0.9854800075292588,0.83024001121521,1.1407200038433076,1121751,COC(=O)Cn1ccc(NS(=O)(=O)c2ccc(F)c(F)c2F)n1,1.2742,O=S(=O)(Nc1ccn(CC(F)(F)F)n1)c1cccc(F)c1F,True,2.524400000000001,1.2502000000000009,0.5272727272727272,False,True
3.0,bin,18,0.9854800075292588,0.83024001121521,1.1407200038433076,1142531,CCOC(C)C(=O)NCCc1csc(-c2ccc(C)cc2)n1,3.2022200000000014,CC(C)(C)CC(=O)NCCc1csc(-c2ccc(F)cc2)n1,True,4.044100000000003,0.8418800000000015,0.48333333333333334,False,True
3.0,bin,18,0.9854800075292588,0.83024001121521,1.1407200038433076,1212157,CN(Cc1ccc(F)c(F)c1)C(=O)c1cncc(-c2cnn(C)c2)c1,3.0325000000000015,C=C(C=NC=CC(=O)N(Cc1ccc(F)cc1)C(C)(C)C)c1cnn(C)c1,True,3.984200000000003,0.9517000000000015,0.3116883116883117,False,True
3.0,bin,18,0.9854800075292588,0.83024001121521,1.1407200038433076,1215394,CCn1nc(C)cc1C(=O)Oc1cccc(NC(=O)C(C)C)c1,3.025120000000001,CCn1nc(C(C)C)cc1C(=O)Oc1ccc(Br)cc1,True,4.008100000000003,0.9829800000000022,0.46551724137931033,False,True
3.0,bin,18,0.9854800075292588,0.83024001121521,1.1407200038433076,1232922,CC(C)(C)OC(=O)NC1CCCN(S(=O)(=O)N2CCOCC2)C1,0.5525000000000011,CC(C)(C)OCCC1CCCCN1S(=O)(=O)N1CCOCC1,True,1.6231,1.0705999999999989,0.41379310344827586,False,True
3.0,bin,18,0.9854800075292588,0.83024001121521,1.1407200038433076,1238973,FC(F)(F)c1cnc(N2CCn3c(nnc3C3CC3)C2)c(Cl)c1,3.2429000000000023,ClCl,True,1.379,-1.8639000000000023,0.021739130434782608,False,True
3.0,bin,18,0.9854800075292588,0.83024001121521,1.1407200038433076,1299495,Cc1cc(CC(=O)N2CCCC2C(C#N)c2ccccc2)no1,2.823900000000001,CCC1C=CC=C(C2CCCN2C(=O)Cc2cc(C)on2)CC1,True,3.8191200000000034,0.9952200000000024,0.4507042253521127,False,True
3.0,bin,18,0.9854800075292588,0.83024001121521,1.1407200038433076,1309906,CC(C)CC(NC(=O)c1cc(=O)c2ccccc2o1)C(=O)OC(C)C,2.8891000000000018,CCCC(C)CC(C)NC(=O)c1cc(=O)c2ccccc2o1,True,3.7376000000000023,0.8485000000000005,0.5714285714285714,False,True
3.0,bin,18,0.9854800075292588,0.83024001121521,1.1407200038433076,1362816,COCc1cccc(C(=O)NC2CC2c2cccc(Cl)c2)c1,3.772300000000002,O=C(F)NC1CC1c1ccccc1C(F)F,True,3.159200000000002,-0.6131000000000002,0.25396825396825395,False,True
3.0,bin,18,0.9854800075292588,0.83024001121521,1.1407200038433076,1441838,COCC(=O)NC(C(=O)Nc1cccc(-c2nccs2)c1)C(C)C,2.5358,CC1=C(C)SC(c2cccc(NC(=O)NCCC(C)C)c2)=NN1,True,4.103600000000002,1.5678000000000019,0.3157894736842105,False,True
3.0,bin,18,0.9854800075292588,0.83024001121521,1.1407200038433076,1450449,CCCNC(=O)CSc1nc2c(cc1C#N)CCCC2,2.450380000000001,CCCCNc1cnc2c(c1)C=C(C)C(C(=O)C(C)(C)C)S2,True,4.786400000000004,2.336020000000003,0.1625,False,True
3.0,bin,18,0.9854800075292588,0.83024001121521,1.1407200038433076,1451910,O=S(=O)(NCc1nnc2ccccn12)c1ccc(F)c(F)c1,1.4859999999999995,O=S(=O)(NCc1nnc2ccccn12)c1cc(Cl)ccc1Cl,True,2.5146000000000006,1.028600000000001,0.6037735849056604,False,True
3.0,bin,18,0.9854800075292588,0.83024001121521,1.1407200038433076,1479798,Cc1nc(C)c(CCC(=O)N(CC(C)C)CC(F)(F)F)c(=O)[nH]1,2.3662400000000003,CCC(C)(CC)CC(C)N(C)C(=O)CCc1c(C)nc(C)[nH]c1=O,True,3.382640000000001,1.0164000000000009,0.5344827586206896,False,True
3.0,bin,18,0.9854800075292588,0.83024001121521,1.1407200038433076,1507926,COC(=O)C(C)NC(=O)Cc1csc(-c2ccccc2Cl)n1,2.6837,CCC(C#N)OC(=O)Cc1csc(-c2ccccc2Cl)n1,True,3.8513800000000025,1.1676800000000025,0.5333333333333333,False,True
3.0,bin,18,0.9854800075292588,0.83024001121521,1.1407200038433076,1527882,Nc1ncccc1C(=O)Nc1ccc2cn[nH]c2c1,1.7923999999999998,C=c1[nH]nc(C(F)F)c1=CC=CNC=O,True,-0.20220000000000032,-1.9946000000000002,0.08571428571428572,False,True
3.0,bin,18,0.9854800075292588,0.83024001121521,1.1407200038433076,1532848,COc1ccc(-c2ccc3c(=O)[nH]cnc3c2)cc1Cl,3.2521000000000013,Cc1c(C2C=CN=CNC(=O)C=C2)ccc(Cl)c1C(F)(F)F,True,3.9788200000000025,0.7267200000000011,0.17391304347826086,False,True
3.0,bin,18,0.9854800075292588,0.83024001121521,1.1407200038433076,1548351,COc1cc(OC)c2c(c1)C(c1cnccn1)NCC2,1.7288999999999999,FC(F)(F)c1cccc2c1CCNC2c1cnccn1,True,2.7305,1.0016000000000003,0.4727272727272727,False,False
3.0,bin,18,0.9854800075292588,0.83024001121521,1.1407200038433076,1570134,COc1cccc(C(C)N2CCN(C(=O)c3ccc(O)cc3)CC2)c1,2.9198000000000013,CC(C)c1ccc(C(=O)N2CCN(C(C)c3ccccc3)CC2)cc1,True,4.329000000000004,1.409200000000003,0.56,False,True
3.0,bin,18,0.9854800075292588,0.83024001121521,1.1407200038433076,1611406,CC(C)(C)N1CC(NC(=O)C2COc3ccc(F)cc3C2)CC1=O,1.8923999999999994,C=C(OCC(C)C(=O)NC1CC(=O)N(CC)C1)C(=CC=CC)C(C)C,True,3.048300000000001,1.1559000000000017,0.21176470588235294,False,True
3.0,bin,18,0.9854800075292588,0.83024001121521,1.1407200038433076,1612684,CCCC1CN(C(=O)Nc2ccn(CCC(C)C)n2)CCO1,2.9620000000000015,CCCCN(C=Cc1nn(CCCC(C)C)c(=O)[nH]1)CNC(C)C,True,3.0359000000000007,0.07389999999999919,0.19047619047619047,False,True
3.0,bin,18,0.9854800075292588,0.83024001121521,1.1407200038433076,1639675,CCC(CC)c1nnc(NC(=O)c2scnc2C2CC2)s1,4.0279000000000025,CC(C)CC1(C)C=NN=C2CC(S)CC1(C)c1ncsc1C(=O)N2,True,3.6731000000000025,-0.3548,0.1728395061728395,False,True
3.0,bin,18,0.9854800075292588,0.83024001121521,1.1407200038433076,1675660,COc1ccnc(NC(=O)c2cccc(Cl)c2)c1,2.9959000000000007,O=C(Nc1cc(C(F)(F)F)ccn1)c1cccc(Br)c1,True,4.1152000000000015,1.1193000000000008,0.4444444444444444,False,True
3.0,bin,18,0.9854800075292588,0.83024001121521,1.1407200038433076,1689728,CCc1noc(CSc2ncnc3sc(C)cc23)n1,3.237420000000002,CCC(C)Sc1ncnc(SC2C=NC(C)=C3C=CSC32)n1,True,4.210400000000004,0.9729800000000024,0.20270270270270271,False,True
3.0,bin,18,0.9854800075292588,0.83024001121521,1.1407200038433076,1720876,CC(C)(C)CC(=O)NCC(=O)Nc1ccc2c(c1)COC2,2.2077,CC(CCC(F)(F)F)NC(=O)Nc1ccc2c(c1)COC2,True,3.569300000000002,1.361600000000002,0.4727272727272727,False,True
3.0,bin,18,0.9854800075292588,0.83024001121521,1.1407200038433076,1757109,CC(C)Cc1ncc(CNc2ccc3c(c2)COC3)s1,3.983900000000003,CC(Nc1ccc2c(c1)COC2)c1cnc(C(C)C(C)C)s1,True,5.1059000000000045,1.1220000000000017,0.4482758620689655,False,True
3.0,bin,18,0.9854800075292588,0.83024001121521,1.1407200038433076,1774061,O=C1NCCCc2[nH]c(-c3cccc4[nH]ccc34)nc21,2.234,CC1=C(C(C)C)NC(=O)CN=C1C1=C2C=CCNC=CC1C2,True,2.476800000000001,0.2428000000000008,0.08433734939759036,False,True
3.0,bin,18,0.9854800075292588,0.83024001121521,1.1407200038433076,1800687,Cc1nn(C)c(-c2nc(-c3cccnn3)no2)c1Cl,1.8889199999999997,Cc1nn(CCC(C)C)c(C)c1-c1nc(-c2cccnn2)no1,True,3.053040000000001,1.1641200000000014,0.5172413793103449,False,True
3.0,bin,18,0.9854800075292588,0.83024001121521,1.1407200038433076,1815867,FC(F)(F)c1ccc(CN2CCOCC2c2ncon2)cc1,2.661900000000001,ClCCCl,True,1.464,-1.197900000000001,0.0425531914893617,False,True
3.0,bin,18,0.9854800075292588,0.83024001121521,1.1407200038433076,1828580,Cc1ccc(N2CC3OCC(=O)N(Cc4cccc(F)c4)C3C2)nn1,1.54032,CC(C)(C)C=CC=C(N=N)N1CCOCC(=O)N(Cc2ccccc2)CC1,True,3.8220700000000027,2.281750000000003,0.17777777777777778,False,True
3.0,bin,18,0.9854800075292588,0.83024001121521,1.1407200038433076,1836183,CCc1ccc(C(=O)NCc2nccc(N(C)C)n2)cc1,2.035,CC(=CC=COCC(C)C)C(=O)NCc1nccc(C(F)F)n1,True,3.163000000000001,1.128000000000001,0.2898550724637681,False,True
3.0,bin,18,0.9854800075292588,0.83024001121521,1.1407200038433076,1842499,COc1ccccc1COc1ccccc1-c1cnn(CCO)c1,3.1300000000000017,Cn1cc(-c2ccccc2OCc2ccccc2Br)cn1,True,4.428600000000003,1.2986000000000013,0.5576923076923077,False,True
3.0,bin,18,0.9854800075292588,0.83024001121521,1.1407200038433076,1865564,COC(CNC(=O)c1ccoc1)c1cccc(F)c1,2.536200000000001,CC(Cc1ccc(Br)cc1)NC(=O)c1ccoc1,True,3.403100000000001,0.8669000000000002,0.35,False,False
3.0,bin,18,0.9854800075292588,0.83024001121521,1.1407200038433076,1868773,CCCOc1ccc(Cl)c2c1CCNC2C1CC(=O)C1,3.2947000000000015,C=C(C=CC=CCl)C(Cl)(Cl)Cl,True,4.221500000000001,0.9267999999999992,0.05,False,True
3.0,bin,18,0.9854800075292588,0.83024001121521,1.1407200038433076,1873123,CCC1OC(=O)c2c(OC)ccc(Br)c21,3.079200000000002,CC(C)CC1OC(=O)c2c(Br)ccc(Cl)c21,True,4.360100000000003,1.2809000000000008,0.4166666666666667,False,True
3.0,bin,18,0.9854800075292588,0.83024001121521,1.1407200038433076,1875028,Cc1cccc(C)c1NCC(=O)N1CCCC2CCCCC21,3.8965400000000034,CC(C)Sc1cccc(NCC(=O)N2CCCC3CCCCC32)c1,True,4.780200000000003,0.8836599999999999,0.5818181818181818,False,True
3.0,bin,18,0.9854800075292588,0.83024001121521,1.1407200038433076,1895921,CCC(CC)N(C)C(=O)CC1OC(=O)c2ccccc21,2.935200000000002,CCCCCCC(C)NC(=O)CC1OC(=O)c2ccccc21,True,3.7633000000000028,0.828100000000001,0.4909090909090909,False,True
3.0,bin,18,0.9854800075292588,0.83024001121521,1.1407200038433076,1907077,Cc1ccc2[nH]nc(C(=O)Nc3nc(-c4ccco4)cs3)c2c1,3.8401200000000015,CC(C)N1N=C2C(=O)NC=NC(CC=CS)C(S)C2c2ccccc21,True,3.013300000000002,-0.8268199999999997,0.08421052631578947,False,True
3.0,bin,18,0.9854800075292588,0.83024001121521,1.1407200038433076,1913063,Cc1nn(C)c(C)c1CN(C(=O)c1cn2cccc(C)c2n1)C1CC1,2.797860000000001,C=C(C)CCNN=C(Cl)C(=C)CN(C(=O)c1cn2ccccc2n1)C1CC1,True,3.603200000000003,0.8053400000000019,0.3493975903614458,False,True
3.0,bin,18,0.9854800075292588,0.83024001121521,1.1407200038433076,1922265,CN(CCNC(=O)c1ccc2c(c1)ncn2C)c1ccccc1,2.4395000000000007,CC(C)C1=CC=CC=CCCn2cnc3cc(ccc32)C(=O)NC1,True,3.864600000000002,1.4251000000000014,0.18518518518518517,False,True
3.0,bin,19,1.2959600001573564,1.1407200038433076,inf,32052,COc1ccccc1CNC(=O)Cc1c[nH]c2ccccc12,3.035400000000001,O=C(CC1=CNc2cccc3c1cccc23)NCC(Cl)(Cl)Cl,True,4.482700000000001,1.4473000000000003,0.25396825396825395,False,True
3.0,bin,19,1.2959600001573564,1.1407200038433076,inf,116747,COCCSc1ccccc1C(=O)Nc1cccc(C)n1,3.3808200000000017,Cc1cccc(NC(=O)c2cc(Br)ccc2Cl)n1,True,4.058220000000002,0.6774000000000004,0.45454545454545453,False,False
3.0,bin,19,1.2959600001573564,1.1407200038433076,inf,131060,CS(=O)(=O)NCCc1csc(-c2ccc(F)cc2)n1,2.0408999999999997,CCCCC(=O)NCCc1csc(-c2ccccc2)n1,True,3.6590000000000016,1.6181000000000019,0.42857142857142855,False,True
3.0,bin,19,1.2959600001573564,1.1407200038433076,inf,131949,CCc1c(C)nc(SCC(=O)NC(C)C)[nH]c1=O,1.25742,Cc1nc(SCC(=O)NC(C)CCCC(C)C)[nH]c(=O)c1C,True,2.8098400000000003,1.5524200000000004,0.5471698113207547,False,True
3.0,bin,19,1.2959600001573564,1.1407200038433076,inf,158879,COc1ccc(CC(=O)OCC(=O)c2c[nH]c3ccccc23)cc1,3.145100000000001,CC(C)(C)C(C(=O)OCC(=O)c1c[nH]c2ccccc12)c1ccccc1,True,4.723700000000004,1.5786000000000024,0.5178571428571429,False,True
3.0,bin,19,1.2959600001573564,1.1407200038433076,inf,232056,COCCNC(=O)c1cc(=O)c2cc(C)ccc2o1,1.4776199999999993,CCCCC(C)NC(=O)c1cc(=O)c2ccccc2o1,True,3.1015000000000015,1.6238800000000022,0.42105263157894735,False,True
3.0,bin,19,1.2959600001573564,1.1407200038433076,inf,235788,O=C(Cn1nc(-c2ccco2)oc1=O)NCC(F)(F)F,0.7747999999999999,CCCCCC(C)NC(=O)Cn1nc(-c2ccco2)oc1=O,True,2.1813000000000002,1.4065000000000003,0.5666666666666667,False,True
3.0,bin,19,1.2959600001573564,1.1407200038433076,inf,236081,CC(=O)c1c(C)[nH]c(C(=O)CSc2nc(C(C)C)n[nH]2)c1C,3.0506400000000014,C=CC(C)c1nc(C(C)C)[nH]c1C(=O)CSC1(C)CC=C(C)N1,True,4.3518000000000026,1.3011600000000012,0.2702702702702703,False,True
3.0,bin,19,1.2959600001573564,1.1407200038433076,inf,281081,O=C(Cn1cccn1)NCc1cccnc1Oc1ccc(F)cc1F,2.665000000000001,CC(C)(C)C1C=CC=C(Oc2ncccc2CNc2cccc(F)n2)N1,True,4.022100000000002,1.3571000000000009,0.2926829268292683,False,True
3.0,bin,19,1.2959600001573564,1.1407200038433076,inf,284170,COc1ccc(-c2nc(CC(=O)Nc3cccc(C)n3)cs2)cc1,3.7033200000000024,CC(C)(C)C=CC=C1C=CC1=NC(=CS)CC(=O)Nc1ccc(Cl)cn1,True,5.374300000000004,1.670980000000002,0.16279069767441862,False,True
3.0,bin,19,1.2959600001573564,1.1407200038433076,inf,288369,Cc1ccc(NCc2nnc3n2CCCCC3)cc1C,3.2334400000000016,CC(Cl)Sc1ccccc1NCc1nnc2n1CCCCC2,True,4.2935000000000025,1.060060000000001,0.5,False,True
3.0,bin,19,1.2959600001573564,1.1407200038433076,inf,302889,COc1ccc(OC)c(NC(=O)CCNC(=O)c2cccs2)c1,2.5239000000000003,O=C(CCNC(=O)c1cccs1)Nc1ccc(Cl)c(Cl)c1Cl,True,4.466900000000002,1.9430000000000014,0.5636363636363636,False,True
3.0,bin,19,1.2959600001573564,1.1407200038433076,inf,327141,COc1ccc(OC)c(S(=O)(=O)Nc2ccn(C)n2)c1,1.2381,CNC=CCNS(=O)(=O)c1c(Cl)ccc(C(F)(F)F)c1Cl,True,3.023600000000001,1.785500000000001,0.14492753623188406,False,True
3.0,bin,19,1.2959600001573564,1.1407200038433076,inf,327382,CNC(=O)C1CN(C(=O)c2c(C)noc2C)c2ccccc2O1,1.4452399999999996,Cc1noc(C(C)C)c1C(=O)N1CC(C)Oc2ccccc21,True,3.5341200000000024,2.0888800000000027,0.5423728813559322,False,True
3.0,bin,19,1.2959600001573564,1.1407200038433076,inf,406491,COCCNC(=O)C1CCCN(S(=O)(=O)N2CCOCC2)C1,-0.9619999999999964,CCCCNC(=O)C1CCCN(S(=O)(=O)N2CCOCC2)C1,True,0.19170000000000154,1.153699999999998,0.74,False,True
3.0,bin,19,1.2959600001573564,1.1407200038433076,inf,413951,O=C(Cn1ncn2cccc2c1=O)N1CCCCCC1,0.8985999999999996,CC(C)Sc1nn(CC(=O)N2CCCCCC2)c(=O)c2cccn12,True,2.3991000000000007,1.500500000000001,0.5357142857142857,False,True
3.0,bin,19,1.2959600001573564,1.1407200038433076,inf,427929,CCNc1nc(NCc2ccccc2Cl)c2cnn(C)c2n1,3.060600000000001,CC(C)Sc1nc(NC(C)c2ccccc2)c2cnn(C(C)C)c2n1,True,5.080800000000004,2.0202000000000035,0.24285714285714285,False,True
3.0,bin,19,1.2959600001573564,1.1407200038433076,inf,447130,CCC(NC(=O)C1CCN(C(=O)C2CC2)CC1)c1ccc(C)cc1,3.2109200000000016,C=CC=CC=CC(C(CC)CC)C(C)NC(=O)C1CCN(C(=O)C2CC2)CC1,True,4.4905000000000035,1.279580000000002,0.4426229508196721,False,True
3.0,bin,19,1.2959600001573564,1.1407200038433076,inf,481908,CCNS(=O)(=O)c1ccc(C)c(C(=O)Nc2ncccc2C)c1,2.24894,CCOC1=CCC=CC(C)=C1C(=O)Nc1cc(C)ccn1,True,3.5253200000000016,1.2763800000000014,0.2328767123287671,False,True
3.0,bin,19,1.2959600001573564,1.1407200038433076,inf,485220,Cc1nn(CC(=O)N2CCN(C)CC2)c(C)c1Br,1.03644,C=CCCn1nc(C)c(Cl)c1C(=O)N1CCN(CC)CC1,True,2.19872,1.1622799999999998,0.3050847457627119,False,True
3.0,bin,19,1.2959600001573564,1.1407200038433076,inf,526363,Cc1nnc(SCC(=O)Nc2ccc(O)cc2)n(N)c1=O,0.09692,Cc1c(Cl)cccc1NC(=O)CSc1nnc(C)c(=O)n1C,True,2.176339999999999,2.079419999999999,0.4666666666666667,False,True
3.0,bin,19,1.2959600001573564,1.1407200038433076,inf,536853,COc1ccc(C2CCCN2C(=O)C2CCC2)c(OC)c1,3.1674000000000015,CCC(=O)C1CCCN1c1ccc(Cl)cc1C(F)(F)F,True,4.306700000000003,1.1393000000000013,0.21739130434782608,False,True
3.0,bin,19,1.2959600001573564,1.1407200038433076,inf,540312,Cc1nn(C)c2nc(C3CC3)cc(C(=O)NCC(=O)NC(C)(C)C)c12,1.7986199999999997,C=CC(C)CN(CC(C)C)C(=O)C1C=C(C2CC2)N=CN(C)N=CC1,True,3.552800000000002,1.7541800000000025,0.2,False,True
3.0,bin,19,1.2959600001573564,1.1407200038433076,inf,544381,Cc1nc(N2CCCC(C(=O)NC(C)C)C2)c2c(C)c(C)oc2n1,2.8890600000000006,CCOC1CCCCCN1C1=NC(C(F)(F)F)=NCOC(C)=C(C)C1,True,4.256000000000004,1.3669400000000032,0.12643678160919541,False,True
3.0,bin,19,1.2959600001573564,1.1407200038433076,inf,544382,CCCNC(=O)C1CCCN(c2nc(C)nc3oc(C)c(C)c23)C1,2.8906600000000013,CCOCCC1CCCN(c2nc(C(F)F)nc3oc(C)c(C)c23)C1,True,4.420240000000004,1.5295800000000028,0.4246575342465753,False,True
3.0,bin,19,1.2959600001573564,1.1407200038433076,inf,550049,Cc1ccc(C)c(OCC(=O)Nc2cccc(-n3cnnc3)c2)c1,2.9016400000000013,CC1=C(Cl)C=C(Cl)C=C(OCC(=O)Nc2cccc(-n3cnnc3)c2)C1,True,4.145500000000003,1.2438600000000015,0.5714285714285714,False,True
3.0,bin,19,1.2959600001573564,1.1407200038433076,inf,573533,Cc1nn(-c2ncc(C(F)(F)F)cc2Cl)c(=O)o1,2.2011199999999995,CC(C)C(=NOC(=O)Nc1ncc(C(F)(F)F)cc1Cl)C(F)(F)F,True,4.876600000000002,2.675480000000002,0.3387096774193548,False,True
3.0,bin,19,1.2959600001573564,1.1407200038433076,inf,582555,O=C(NCC(O)c1ccccc1)c1ccc2c(=O)n3c(nc2c1)CCC3,1.8061000000000003,C#CC=CC=CC(C)(C)CNC(=O)c1ccc2c(=O)n3c(nc2c1)CCC3,True,2.8443000000000014,1.0382000000000011,0.5416666666666666,False,True
3.0,bin,19,1.2959600001573564,1.1407200038433076,inf,588547,Cc1n[nH]c(C)c1NC(=O)CCc1ccc(Cl)cc1Cl,3.9046400000000023,CCCn1nc(C(C)C)c(NC(=O)CC(C)(C)c2ccccc2)c1C,True,5.0313200000000045,1.1266800000000021,0.20270270270270271,False,True
3.0,bin,19,1.2959600001573564,1.1407200038433076,inf,607673,CCCN(CC1CC1)S(=O)(=O)c1ccccc1F,2.636400000000001,CCCCN(CC1CC1)S(=O)(=O)c1cc(Cl)ccc1Cl,True,4.194200000000004,1.557800000000003,0.49019607843137253,False,True
3.0,bin,19,1.2959600001573564,1.1407200038433076,inf,617681,Cc1cc(C(=O)Nc2nc(-c3ccncc3)cs2)nn1C(C)C,3.5432200000000016,CCC(C(C)C)n1nc(C(=O)Nc2nc(-c3ccncc3)cs2)cc1C,True,4.569420000000004,1.026200000000002,0.7818181818181819,False,True
3.0,bin,19,1.2959600001573564,1.1407200038433076,inf,650267,COc1ccc2oc(C(=O)NC3CCCCNC3=O)c(C)c2c1,2.14832,CN(C(=O)c1oc2ccccc2c1C(C)(C)C)C1CCCCNC1=O,True,3.471000000000002,1.3226800000000019,0.375,False,True
3.0,bin,19,1.2959600001573564,1.1407200038433076,inf,668639,Cc1cc(NC(=O)c2ccccc2Cl)ncc1N,2.8779200000000005,O=C(Nc1cccc(C(F)(F)F)n1)c1cc(C(F)(F)F)ccc1Cl,True,5.0249000000000015,2.146980000000001,0.3448275862068966,False,True
3.0,bin,19,1.2959600001573564,1.1407200038433076,inf,673160,CCC(=O)Nc1ccc2oc(C(F)(F)F)cc(=O)c2c1,3.160300000000001,O=c1cc(C(F)(F)F)oc2ccc(C(F)(F)F)cc12,True,3.8306000000000004,0.6702999999999992,0.5681818181818182,False,True
3.0,bin,19,1.2959600001573564,1.1407200038433076,inf,711169,Cc1cccc(C(C)C)c1NC(=O)N(C)Cc1ccncc1,4.177320000000003,CCN(Cc1ccncc1)C(=O)NC1=C(C=CC(C)C)C(C)CC=CC1,True,5.0655000000000046,0.888180000000002,0.352112676056338,False,True
3.0,bin,19,1.2959600001573564,1.1407200038433076,inf,720969,Cc1noc(C)c1CCC(=O)OCC(=O)N1c2ccccc2CC1C,2.7450400000000013,Cc1nn(C(C)(C)C)c(C)c1CCC(=O)OCC1Cc2ccccc2C1C,True,4.706740000000004,1.961700000000003,0.3972602739726027,False,True
3.0,bin,19,1.2959600001573564,1.1407200038433076,inf,730789,COC(=O)C1CCN(C(=O)c2cc3ccc(F)cc3nc2C)CC1,2.7075200000000006,Cc1nc2ccc(Br)cc2cc1C(=O)N1CCCC(C)C1,True,4.177820000000003,1.4703000000000026,0.4,False,True
3.0,bin,19,1.2959600001573564,1.1407200038433076,inf,738178,Cc1ccc(-n2ccnc2SCc2nc(C3CC3)no2)cc1C,4.041840000000003,Cc1ccccc1SCc1noc(C(C)Sc2nccn2C(C)(C)C)n1,True,5.475120000000005,1.4332800000000017,0.29333333333333333,False,True
3.0,bin,19,1.2959600001573564,1.1407200038433076,inf,771897,COc1ccccc1OCC(=O)N(C)Cc1sccc1C,3.102520000000002,CCSC(Cl)CN(C)C(=O)COc1ccccc1Cl,True,3.4952000000000023,0.39268000000000036,0.36666666666666664,False,True
3.0,bin,19,1.2959600001573564,1.1407200038433076,inf,811446,COC(=O)C1(NC(=O)c2cc(Br)c[nH]2)CCCCCC1,2.7730000000000006,O=C(Nc1cc(Br)c[nH]1)NC(F)CCl,True,2.4331000000000005,-0.3399000000000001,0.2631578947368421,False,True
3.0,bin,19,1.2959600001573564,1.1407200038433076,inf,848291,CCC(C)NC(=O)NCc1noc(-c2cccs2)n1,2.3958000000000004,FC(SCC(F)(F)F)c1nc(-c2cccs2)no1,True,4.061700000000002,1.6659000000000015,0.2835820895522388,False,True
3.0,bin,19,1.2959600001573564,1.1407200038433076,inf,863440,COc1ccc(-c2nc(CCCO)cs2)cc1OC,2.752200000000001,CC(C)C(=O)NCCCC(C=CS)N=CC1=CC=COC1,True,2.8920000000000012,0.13980000000000015,0.08641975308641975,False,True
3.0,bin,19,1.2959600001573564,1.1407200038433076,inf,864663,N#Cc1ccc(-c2cc(F)ccc2F)nc1N1CCCC1,3.498680000000002,Clc1cc(-c2c(Cl)cccc2Cl)ccc1N1CCCC1,True,5.914000000000003,2.4153200000000012,0.19642857142857142,False,True
3.0,bin,19,1.2959600001573564,1.1407200038433076,inf,872100,CCc1cccc(C)c1NCC(O)c1ccc2c(c1)OCCO2,3.474120000000002,Clc1cccc(NCC(Cl)Cl)c1,True,3.555600000000001,0.08147999999999911,0.1896551724137931,False,True
3.0,bin,19,1.2959600001573564,1.1407200038433076,inf,886334,COc1ccc(C(=O)N2CCCC(C(=O)N3CCCCC3)C2)c(O)c1,2.2655000000000003,CC(C)C1CCN(C(=O)C2CCCN(C(=O)c3ccccc3)C2)CC1,True,3.4334000000000024,1.1679000000000022,0.4482758620689655,False,True
3.0,bin,19,1.2959600001573564,1.1407200038433076,inf,887387,COCCNC(=O)N(Cc1cccc(F)c1)CC1CCCO1,2.1627,C=C(C)CCCN(Cc1cccc(F)c1)C(=O)NCC1CCCO1,True,3.872600000000003,1.7099000000000029,0.6060606060606061,False,True
3.0,bin,19,1.2959600001573564,1.1407200038433076,inf,889149,N#Cc1ccc(NC(=O)c2ccc(Br)cc2Cl)nc1,3.621480000000001,ClC(Cl)Cl,True,1.9864,-1.635080000000001,0.022727272727272728,False,True
3.0,bin,19,1.2959600001573564,1.1407200038433076,inf,913483,O=C(CNC(=O)NCCc1c(Cl)cccc1Cl)NC1CC1,2.1137000000000006,CCCCN(CCC(=O)NCC1CC1Cl)CCc1ccccc1,True,3.464800000000002,1.3511000000000015,0.21739130434782608,False,True
3.0,bin,19,1.2959600001573564,1.1407200038433076,inf,917620,C=CCN(Cc1ccccc1OC)C(=O)c1csc(C)n1,3.288520000000002,CCCN(C(=O)c1csc(NC(C)(C)C)n1)C(C)c1ccccc1,True,4.966900000000004,1.6783800000000024,0.273972602739726,False,True
3.0,bin,19,1.2959600001573564,1.1407200038433076,inf,918312,CCOc1ccc(Cl)c(C(=O)N2CCN(c3ncccn3)CC2)n1,1.8860999999999997,CC[SH]1N=C(C(=O)N2CCN(c3ncccn3)CC2)C(Cl)=C1C,True,1.9862000000000002,0.10010000000000052,0.5,False,True
3.0,bin,19,1.2959600001573564,1.1407200038433076,inf,922879,CC(=O)c1ccc(N2CCN(Cc3c(F)cccc3F)CC2)cc1,3.489600000000003,Fc1ccccc1N1CCN(Cc2c(Cl)cc(Cl)cc2Cl)CC1,True,5.108100000000003,1.6185,0.38461538461538464,False,True
3.0,bin,19,1.2959600001573564,1.1407200038433076,inf,927535,COc1cc(CN2CCN(c3ccccc3F)CC2)ccc1O,2.862100000000002,Fc1ccc(Cl)cc1N1CCN(Cc2cccc(Cl)c2)CC1,True,4.454700000000003,1.5926000000000013,0.4528301886792453,False,True
3.0,bin,19,1.2959600001573564,1.1407200038433076,inf,927567,Cc1ccccc1N1CCN(Cc2cccc(O)c2)CC1,3.022820000000001,Clc1cccc(CN2CCN(c3ccccc3Cl)CC2)c1,True,4.315600000000003,1.2927800000000023,0.5333333333333333,False,True
3.0,bin,19,1.2959600001573564,1.1407200038433076,inf,938108,CC(c1ccccc1)N(C)C(=O)CCC(=O)Nc1nccs1,3.0814000000000012,CCCCN(C(C)CC(=O)Nc1nccs1)C(C)c1ccccc1,True,4.723500000000004,1.6421000000000028,0.576271186440678,False,True
3.0,bin,19,1.2959600001573564,1.1407200038433076,inf,943303,CN(CCCOc1ccccc1)C(=O)Nc1cccc2c1OCCO2,3.390600000000002,CC(C)(C)N(CCCOc1ccccc1)C(=O)Nc1cccc2c1OCCO2,True,4.559300000000004,1.168700000000002,0.7636363636363637,False,True
3.0,bin,19,1.2959600001573564,1.1407200038433076,inf,946289,CC(NC(=O)C1(c2cc(-c3ccco3)on2)CC1)c1ccccc1,3.843600000000002,CCCn1nc(C)cc1C(=O)NC(C)c1cc(-c2ccco2)on1,True,3.3405200000000015,-0.5030800000000006,0.39436619718309857,False,True
3.0,bin,19,1.2959600001573564,1.1407200038433076,inf,994077,Cc1nnc(Cn2c(-c3cccc(Br)c3)noc2=O)o1,2.0055199999999997,CC(C)C=NN=CCn1c(-c2cccc(C(C)(C)C)c2)noc1=O,True,3.5134000000000025,1.5078800000000028,0.3787878787878788,False,True
3.0,bin,19,1.2959600001573564,1.1407200038433076,inf,1065620,O=C(NCc1cccnc1Oc1ccccc1)c1cccnc1,3.198900000000002,Fc1cccc(Oc2ncccc2NCC(Cl)(Cl)c2cccnc2)c1,True,5.150500000000003,1.951600000000001,0.3283582089552239,False,True
3.0,bin,19,1.2959600001573564,1.1407200038433076,inf,1093926,CN(C(=O)CNc1cccc(OCC2CCCO2)c1)c1ccccc1,3.319300000000002,Cc1cccc(C(C)C)c1NCC(=O)Nc1cccc(OCC2CCCO2)c1,True,4.726820000000003,1.4075200000000008,0.5352112676056338,False,True
3.0,bin,19,1.2959600001573564,1.1407200038433076,inf,1107920,CCc1ccc(-n2cc(C(=O)NC(C)c3ccccc3)nn2)cc1,3.320700000000002,CCCN(CCc1ccc(-n2ccnn2)cc1)C(Cl)c1ccccc1,True,4.459400000000004,1.1387000000000018,0.3283582089552239,False,True
3.0,bin,19,1.2959600001573564,1.1407200038433076,inf,1113130,CC(NC(=O)Cn1nnnc1C(C)(C)C)c1cccc2ccccc12,3.0012000000000016,CC(C)=CCn1nnnc1C(CC(C)C)NC1=CC=Cc2ccccc2C1,True,4.469500000000004,1.468300000000002,0.23170731707317074,False,True
3.0,bin,19,1.2959600001573564,1.1407200038433076,inf,1121751,COC(=O)Cn1ccc(NS(=O)(=O)c2ccc(F)c(F)c2F)n1,1.2742,O=S(=O)(Nc1ccn(CC(F)(F)F)n1)c1ccc(Cl)cc1F,True,3.0387000000000013,1.7645000000000013,0.4745762711864407,False,True
3.0,bin,19,1.2959600001573564,1.1407200038433076,inf,1142531,CCOC(C)C(=O)NCCc1csc(-c2ccc(C)cc2)n1,3.2022200000000014,CC(C)(C)CC(=O)NCCc1csc(-c2ccc(Br)cc2)n1,True,4.667500000000004,1.4652800000000026,0.48333333333333334,False,True
3.0,bin,19,1.2959600001573564,1.1407200038433076,inf,1212157,CN(Cc1ccc(F)c(F)c1)C(=O)c1cncc(-c2cnn(C)c2)c1,3.0325000000000015,C=C(C=NC=CC(=O)N(C)C(C)C1=CC=C(Cl)C=C(C)C1)c1cnn(C)c1,True,4.263800000000003,1.2313000000000018,0.20224719101123595,False,True
3.0,bin,19,1.2959600001573564,1.1407200038433076,inf,1215394,CCn1nc(C)cc1C(=O)Oc1cccc(NC(=O)C(C)C)c1,3.025120000000001,CCn1nc(C(C)C)cc1C(=O)Oc1c(Cl)ccc(Cl)c1Cl,True,5.205800000000003,2.1806800000000015,0.4032258064516129,False,True
3.0,bin,19,1.2959600001573564,1.1407200038433076,inf,1232922,CC(C)(C)OC(=O)NC1CCCN(S(=O)(=O)N2CCOCC2)C1,0.5525000000000011,CCCC1CCNS(=O)(=O)N2CCCC(C(C)(C)OC(C)C)C2C1,True,3.315100000000002,2.762600000000001,0.18421052631578946,False,True
3.0,bin,19,1.2959600001573564,1.1407200038433076,inf,1238973,FC(F)(F)c1cnc(N2CCn3c(nnc3C3CC3)C2)c(Cl)c1,3.2429000000000023,ClCl,True,1.379,-1.8639000000000023,0.021739130434782608,False,True
3.0,bin,19,1.2959600001573564,1.1407200038433076,inf,1299495,Cc1cc(CC(=O)N2CCCC2C(C#N)c2ccccc2)no1,2.823900000000001,CC(C)(C=NO)C(c1ccccc1)C1CCCN1C(=O)CC1C=CC1,True,4.213600000000004,1.389700000000003,0.37333333333333335,False,True
3.0,bin,19,1.2959600001573564,1.1407200038433076,inf,1309906,CC(C)CC(NC(=O)c1cc(=O)c2ccccc2o1)C(=O)OC(C)C,2.8891000000000018,CCC(CC)CN(CC)C(=O)c1cc(=O)c2cc(Cl)ccc2o1,True,4.344700000000004,1.4556000000000022,0.3088235294117647,False,True
3.0,bin,19,1.2959600001573564,1.1407200038433076,inf,1362816,COCc1cccc(C(=O)NC2CC2c2cccc(Cl)c2)c1,3.772300000000002,CSc1ccc(Cl)c(C(=O)NC2CC2c2cc(Cl)cc(Cl)c2)c1,True,5.654600000000003,1.8823000000000008,0.3968253968253968,False,True
3.0,bin,19,1.2959600001573564,1.1407200038433076,inf,1441838,COCC(=O)NC(C(=O)Nc1cccc(-c2nccs2)c1)C(C)C,2.5358,Cc1csc(-c2cccc(NC(C)COCC(F)(F)F)c2)n1,True,4.4978200000000035,1.9620200000000034,0.2894736842105263,False,True
3.0,bin,19,1.2959600001573564,1.1407200038433076,inf,1450449,CCCNC(=O)CSc1nc2c(cc1C#N)CCCC2,2.450380000000001,CCCCCSc1nc2c(cc1C#CC=O)CCCC2,True,3.7931000000000026,1.3427200000000017,0.45901639344262296,False,True
3.0,bin,19,1.2959600001573564,1.1407200038433076,inf,1451910,O=S(=O)(NCc1nnc2ccccn12)c1ccc(F)c(F)c1,1.4859999999999995,CCC(CC)c1ccc(S(=O)(=O)NCc2nnc3ccccn23)cc1,True,3.1114000000000015,1.625400000000002,0.6226415094339622,False,True
3.0,bin,19,1.2959600001573564,1.1407200038433076,inf,1479798,Cc1nc(C)c(CCC(=O)N(CC(C)C)CC(F)(F)F)c(=O)[nH]1,2.3662400000000003,CNC(C)=NC(C)=CCCCCN1CC(C)C1C(C)(C)C,True,4.064700000000004,1.6984600000000034,0.04938271604938271,False,True
3.0,bin,19,1.2959600001573564,1.1407200038433076,inf,1507926,COC(=O)C(C)NC(=O)Cc1csc(-c2ccccc2Cl)n1,2.6837,CCCCCNC(=O)Cc1csc(-c2ccccc2Cl)n1,True,4.312400000000004,1.6287000000000038,0.5892857142857143,False,True
3.0,bin,19,1.2959600001573564,1.1407200038433076,inf,1527882,Nc1ncccc1C(=O)Nc1ccc2cn[nH]c2c1,1.7923999999999998,O=C(NC=Cc1cccc2cnn(CCC(F)F)c12)c1cccnc1,True,3.4872000000000023,1.6948000000000025,0.1728395061728395,False,True
3.0,bin,19,1.2959600001573564,1.1407200038433076,inf,1532848,COc1ccc(-c2ccc3c(=O)[nH]cnc3c2)cc1Cl,3.2521000000000013,CN=CNC(=O)c1cccc(-c2ccc(SCC(F)(F)F)c(Cl)c2)c1,True,5.049300000000003,1.797200000000002,0.1917808219178082,False,True
3.0,bin,19,1.2959600001573564,1.1407200038433076,inf,1548351,COc1cc(OC)c2c(c1)C(c1cnccn1)NCC2,1.7288999999999999,Clc1ccc(Br)c2c1CCNC2c1cnccn1,True,3.127600000000001,1.3987000000000012,0.42857142857142855,False,True
3.0,bin,19,1.2959600001573564,1.1407200038433076,inf,1570134,COc1cccc(C(C)N2CCN(C(=O)c3ccc(O)cc3)CC2)c1,2.9198000000000013,CC1=CC=CCN(C(=O)c2c(C)cccc2C(F)F)CCNC1C,True,3.8690200000000026,0.9492200000000013,0.19230769230769232,False,True
3.0,bin,19,1.2959600001573564,1.1407200038433076,inf,1611406,CC(C)(C)N1CC(NC(=O)C2COc3ccc(F)cc3C2)CC1=O,1.8923999999999994,CCNC(=O)CCOc1ccc(C(C)(C)C)cc1CCC(C)C,True,4.477700000000004,2.5853000000000046,0.14457831325301204,False,True
3.0,bin,19,1.2959600001573564,1.1407200038433076,inf,1612684,CCCC1CN(C(=O)Nc2ccn(CCC(C)C)n2)CCO1,2.9620000000000015,CCCC1CN(C(=O)N2CC=C(C(C)C)N(C(C)(C)C)N2)CCO1,True,2.9829000000000017,0.02090000000000014,0.3972602739726027,False,True
3.0,bin,19,1.2959600001573564,1.1407200038433076,inf,1639675,CCC(CC)c1nnc(NC(=O)c2scnc2C2CC2)s1,4.0279000000000025,CCC(CC)C(C)Sc1nnc(NC(=O)c2scnc2C2CC2)s1,True,5.041100000000004,1.0132000000000012,0.6785714285714286,False,True
3.0,bin,19,1.2959600001573564,1.1407200038433076,inf,1675660,COc1ccnc(NC(=O)c2cccc(Cl)c2)c1,2.9959000000000007,O=C(Nc1cc(C(Cl)(Cl)Cl)ccn1)c1ccccc1,True,4.160600000000002,1.1647000000000016,0.46,False,True
3.0,bin,19,1.2959600001573564,1.1407200038433076,inf,1689728,CCc1noc(CSc2ncnc3sc(C)cc23)n1,3.237420000000002,CC(C)C1=NC(SCc2nc(C(C)C)no2)=CCSC=N1,True,4.0972000000000035,0.8597800000000015,0.24285714285714285,False,True
3.0,bin,19,1.2959600001573564,1.1407200038433076,inf,1720876,CC(C)(C)CC(=O)NCC(=O)Nc1ccc2c(c1)COC2,2.2077,CC(C)(C)CCCCC(=O)Nc1ccc2c(c1)COC2,True,4.261800000000004,2.0541000000000036,0.625,False,True
3.0,bin,19,1.2959600001573564,1.1407200038433076,inf,1757109,CC(C)Cc1ncc(CNc2ccc3c(c2)COC3)s1,3.983900000000003,CC1=CCNc2c(Cl)cc3cc2C(OC3)SCC(C)C(C)C=N1,True,5.274300000000005,1.2904000000000018,0.12195121951219512,False,True
3.0,bin,19,1.2959600001573564,1.1407200038433076,inf,1774061,O=C1NCCCc2[nH]c(-c3cccc4[nH]ccc34)nc21,2.234,CC(C)(C)NC(=O)NCCCc1cnc(-c2cccc3[nH]ccc23)[nH]1,True,3.588300000000002,1.354300000000002,0.34285714285714286,False,True
3.0,bin,19,1.2959600001573564,1.1407200038433076,inf,1800687,Cc1nn(C)c(-c2nc(-c3cccnn3)no2)c1Cl,1.8889199999999997,CC(C)(C)n1nc(Cl)c(Cl)c1-c1nc(-c2cccnn2)no1,True,3.451900000000003,1.5629800000000031,0.6153846153846154,False,True
3.0,bin,19,1.2959600001573564,1.1407200038433076,inf,1815867,FC(F)(F)c1ccc(CN2CCOCC2c2ncon2)cc1,2.661900000000001,ClCC(Cl)Cl,True,2.0289,-0.6330000000000009,0.04,False,True
3.0,bin,19,1.2959600001573564,1.1407200038433076,inf,1828580,Cc1ccc(N2CC3OCC(=O)N(Cc4cccc(F)c4)C3C2)nn1,1.54032,CC1(C)C=CNC2CN(Cc3ccc(Cl)cc3)CC2OCC(=O)N1,True,1.9210999999999998,0.3807799999999999,0.21686746987951808,False,True
3.0,bin,19,1.2959600001573564,1.1407200038433076,inf,1836183,CCc1ccc(C(=O)NCc2nccc(N(C)C)n2)cc1,2.035,CC(C)Sc1ccnc(CNC(=O)c2ccc(Cl)cc2)n1,True,3.560500000000002,1.5255000000000019,0.4642857142857143,False,True
3.0,bin,19,1.2959600001573564,1.1407200038433076,inf,1842499,COc1ccccc1COc1ccccc1-c1cnn(CCO)c1,3.1300000000000017,Cn1cc(-c2ccccc2OCc2c(Cl)cccc2Cl)cn1,True,4.972900000000004,1.842900000000002,0.4727272727272727,False,True
3.0,bin,19,1.2959600001573564,1.1407200038433076,inf,1865564,COC(CNC(=O)c1ccoc1)c1cccc(F)c1,2.536200000000001,O=C(C=C(F)F)NCC(c1ccoc1)c1ccccc1C(F)(F)F,True,4.326900000000002,1.790700000000001,0.2898550724637681,False,True
3.0,bin,19,1.2959600001573564,1.1407200038433076,inf,1868773,CCCOc1ccc(Cl)c2c1CCNC2C1CC(=O)C1,3.2947000000000015,ClC1=CN2CCc3c(ccnc3Cl)C2C=C1C(Cl)Cl,True,4.458100000000002,1.1634000000000002,0.1506849315068493,False,True
3.0,bin,19,1.2959600001573564,1.1407200038433076,inf,1873123,CCC1OC(=O)c2c(OC)ccc(Br)c21,3.079200000000002,CC(C)CCC1OC(=O)c2c(Br)cc(Cl)cc21,True,4.750200000000003,1.6710000000000012,0.3269230769230769,False,True
3.0,bin,19,1.2959600001573564,1.1407200038433076,inf,1875028,Cc1cccc(C)c1NCC(=O)N1CCCC2CCCCC21,3.8965400000000034,CC(C)CC(NC(=O)CC1(C(C)(C)C)C=CC=CC1)c1ccccc1,True,5.828700000000006,1.9321600000000023,0.14864864864864866,False,True
3.0,bin,19,1.2959600001573564,1.1407200038433076,inf,1895921,CCC(CC)N(C)C(=O)CC1OC(=O)c2ccccc21,2.935200000000002,CCCCCCC(C)N(C)C(=O)CC1OC(=O)c2ccccc21,True,4.105500000000004,1.170300000000002,0.66,False,True
3.0,bin,19,1.2959600001573564,1.1407200038433076,inf,1907077,Cc1ccc2[nH]nc(C(=O)Nc3nc(-c4ccco4)cs3)c2c1,3.8401200000000015,C=C1CCC(C)SC(NC(=O)c2n[nH]c3ccccc23)=N1,True,3.0779000000000005,-0.762220000000001,0.32,False,True
3.0,bin,19,1.2959600001573564,1.1407200038433076,inf,1913063,Cc1nn(C)c(C)c1CN(C(=O)c1cn2cccc(C)c2n1)C1CC1,2.797860000000001,CC(C)=C(C)NC=CCNC(=O)C1=CNC2=CC=CC(=N1)CC2C,True,2.885200000000001,0.0873400000000002,0.10526315789473684,False,True
3.0,bin,19,1.2959600001573564,1.1407200038433076,inf,1922265,CN(CCNC(=O)c1ccc2c(c1)ncn2C)c1ccccc1,2.4395000000000007,CC(C)c1ccccc1NCC(C)N(C)C(=O)c1ccc2c(c1)ncn2C,True,4.269300000000003,1.8298000000000023,0.4626865671641791,False,True
