guidance,request,requested_bin,requested_centre,bin_lo,bin_hi,seed_row,seed_smiles,seed_value,generated,valid,generated_value,obtained_delta,tanimoto_to_seed,is_copy,novel
1.0,null,20,,,,32052,COc1ccccc1CNC(=O)Cc1c[nH]c2ccccc12,3.035400000000001,CCC(NC(=O)Cc1c[nH]c2ccccc12)c1ccc(OC)cc1,True,3.986500000000003,0.951100000000002,0.5454545454545454,False,False
1.0,null,20,,,,116747,COCCSc1ccccc1C(=O)Nc1cccc(C)n1,3.3808200000000017,C=CCSc1ccccc1C(=O)Nc1cc(C)ccn1,True,3.920420000000002,0.5396000000000001,0.4576271186440678,False,True
1.0,null,20,,,,131060,CS(=O)(=O)NCCc1csc(-c2ccc(F)cc2)n1,2.0408999999999997,CNS(=O)(=O)NCCC(C=CS)N=Cc1ccc(C)cc1,True,1.6699200000000003,-0.3709799999999994,0.15942028985507245,False,True
1.0,null,20,,,,131949,CCc1c(C)nc(SCC(=O)NC(C)C)[nH]c1=O,1.25742,CCNC(=O)CSc1nc(C)c(C)c(=O)[nH]1,True,0.61494,-0.6424799999999999,0.5416666666666666,False,True
1.0,null,20,,,,158879,COc1ccc(CC(=O)OCC(=O)c2c[nH]c3ccccc23)cc1,3.145100000000001,COc1ccccc1CC(=O)OCC(=O)c1c[nH]c2ccccc12,True,3.145100000000001,0.0,0.6862745098039216,False,True
1.0,null,20,,,,232056,COCCNC(=O)c1cc(=O)c2cc(C)ccc2o1,1.4776199999999993,Cc1ccc2oc(C(=O)NCC(=O)N(C)C)cc(=O)c2c1,True,0.9194199999999997,-0.5581999999999996,0.6530612244897959,False,True
1.0,null,20,,,,235788,O=C(Cn1nc(-c2ccco2)oc1=O)NCC(F)(F)F,0.7747999999999999,NS(=O)(=O)CCCn1nc(-c2ccco2)oc1=O,True,-0.22510000000000008,-0.9999,0.47368421052631576,False,True
1.0,null,20,,,,236081,CC(=O)c1c(C)[nH]c(C(=O)CSc2nc(C(C)C)n[nH]2)c1C,3.0506400000000014,CC=C(NC(C)=CC(=O)OC)C(=O)CSc1nc(C)n[nH]1,True,1.3445199999999997,-1.7061200000000016,0.3181818181818182,False,True
1.0,null,20,,,,281081,O=C(Cn1cccn1)NCc1cccnc1Oc1ccc(F)cc1F,2.665000000000001,Cc1ccc(Oc2ncccc2CNC(=O)Cn2cccn2)cc1,True,2.69522,0.030219999999999025,0.6666666666666666,False,True
1.0,null,20,,,,284170,COc1ccc(-c2nc(CC(=O)Nc3cccc(C)n3)cs2)cc1,3.7033200000000024,O=C(Cc1csc(-c2cccc(F)c2)n1)Nc1ccccn1,True,3.525400000000002,-0.1779200000000003,0.5,False,False
1.0,null,20,,,,288369,Cc1ccc(NCc2nnc3n2CCCCC3)cc1C,3.2334400000000016,Fc1ccc(NCc2nnc3n2CCCCC3)cc1Cl,True,3.4091000000000022,0.1756600000000006,0.66,False,False
1.0,null,20,,,,302889,COc1ccc(OC)c(NC(=O)CCNC(=O)c2cccs2)c1,2.5239000000000003,O=C(CCNC(=O)c1cccs1)Nc1ccc(F)c(Br)c1,True,3.4083000000000014,0.8844000000000012,0.5,False,True
1.0,null,20,,,,327141,COc1ccc(OC)c(S(=O)(=O)Nc2ccn(C)n2)c1,1.2381,Cc1cc(S(=O)(=O)Nc2ccn(C)n2)ccc1F,True,1.66842,0.43032000000000004,0.46153846153846156,False,True
1.0,null,20,,,,327382,CNC(=O)C1CN(C(=O)c2c(C)noc2C)c2ccccc2O1,1.4452399999999996,CCCNC(=O)C1CN(C(=O)c2c(C)noc2C)c2ccccc2O1,True,2.225439999999999,0.7801999999999993,0.7636363636363637,False,True
1.0,null,20,,,,406491,COCCNC(=O)C1CCCN(S(=O)(=O)N2CCOCC2)C1,-0.9619999999999964,CCCOC(=O)C1CCN(S(=O)(=O)N2CCOCC2C)CC1,True,0.6171000000000011,1.5790999999999975,0.3384615384615385,False,True
1.0,null,20,,,,413951,O=C(Cn1ncn2cccc2c1=O)N1CCCCCC1,0.8985999999999996,O=C(Cn1ncn2cccc2c1=O)N1CCCCCC1,True,0.8985999999999996,0.0,1.0,True,False
1.0,null,20,,,,427929,CCNc1nc(NCc2ccccc2Cl)c2cnn(C)c2n1,3.060600000000001,CCn1ncc2c(NCc3cc(C)ccc3OC)nc(C)nc21,True,3.0837400000000015,0.023140000000000605,0.3382352941176471,False,True
1.0,null,20,,,,447130,CCC(NC(=O)C1CCN(C(=O)C2CC2)CC1)c1ccc(C)cc1,3.2109200000000016,CCC(NC(=O)C1CCN(C(=O)C2CC2)CC1)c1cccc(C)c1,True,3.2109200000000016,0.0,0.7551020408163265,False,True
1.0,null,20,,,,481908,CCNS(=O)(=O)c1ccc(C)c(C(=O)Nc2ncccc2C)c1,2.24894,COCCNC(=O)c1ccc(C)c(C(=O)Nc2ncccc2C)c1,True,2.3269400000000005,0.07800000000000029,0.5344827586206896,False,True
1.0,null,20,,,,485220,Cc1nn(CC(=O)N2CCN(C)CC2)c(C)c1Br,1.03644,CCN1CCN(C(=O)c2nn(CC)cc2Br)CC1,True,1.4431999999999994,0.40675999999999934,0.2777777777777778,False,True
1.0,null,20,,,,526363,Cc1nnc(SCC(=O)Nc2ccc(O)cc2)n(N)c1=O,0.09692,Cc1ccc(NC(=O)CSc2nnc(C)c(=O)n2N)cc1C,True,1.0081599999999997,0.9112399999999997,0.7551020408163265,False,False
1.0,null,20,,,,536853,COc1ccc(C2CCCN2C(=O)C2CCC2)c(OC)c1,3.1674000000000015,N#CCC=C1C=CC(C2CCCN2C(=O)C2CCC2)=C1,True,3.113780000000002,-0.05361999999999956,0.39344262295081966,False,True
1.0,null,20,,,,540312,Cc1nn(C)c2nc(C3CC3)cc(C(=O)NCC(=O)NC(C)(C)C)c12,1.7986199999999997,CCC(C)C(O)CNC(=O)c1cc(C2CC2)nc2c1c(C)nn2C,True,2.29092,0.4923000000000002,0.6190476190476191,False,True
1.0,null,20,,,,544381,Cc1nc(N2CCCC(C(=O)NC(C)C)C2)c2c(C)c(C)oc2n1,2.8890600000000006,Cc1nc(N2CCCCC2)c2c(C)c(C)oc2n1,True,3.1383600000000014,0.24930000000000074,0.5490196078431373,False,True
1.0,null,20,,,,544382,CCCNC(=O)C1CCCN(c2nc(C)nc3oc(C)c(C)c23)C1,2.8906600000000013,Cc1nc(N2CCCC(C(=O)NC(C)C)C2)c2c(C)c(C)oc2n1,True,2.8890600000000006,-0.001600000000000712,0.7368421052631579,False,False
1.0,null,20,,,,550049,Cc1ccc(C)c(OCC(=O)Nc2cccc(-n3cnnc3)c2)c1,2.9016400000000013,CC(=O)c1ccc(OCC(=O)Nc2cccc(-n3cnnc3)c2)cc1,True,2.4874,-0.4142400000000013,0.625,False,False
1.0,null,20,,,,573533,Cc1nn(-c2ncc(C(F)(F)F)cc2Cl)c(=O)o1,2.2011199999999995,CC=NN(C=O)c1ncc(C(F)(F)F)c(Cl)c1CC,True,3.2847000000000017,1.0835800000000022,0.2,False,True
1.0,null,20,,,,582555,O=C(NCC(O)c1ccccc1)c1ccc2c(=O)n3c(nc2c1)CCC3,1.8061000000000003,CCCc1nc2cc(C(=O)NCC(O)c3ccc(F)cc3F)ccc2c(=O)[nH]1,True,2.6172000000000004,0.8111000000000002,0.3670886075949367,False,True
1.0,null,20,,,,588547,Cc1n[nH]c(C)c1NC(=O)CCc1ccc(Cl)cc1Cl,3.9046400000000023,Cc1n[nH]c(C)c1NC(=O)CCc1ccc(Br)cc1,True,3.3603400000000017,-0.5443000000000007,0.5686274509803921,False,True
1.0,null,20,,,,607673,CCCN(CC1CC1)S(=O)(=O)c1ccccc1F,2.636400000000001,CCCN(CC1CC1)S(=O)(=O)c1cc(C)ccc1OC,True,2.8143200000000013,0.1779200000000003,0.54,False,True
1.0,null,20,,,,617681,Cc1cc(C(=O)Nc2nc(-c3ccncc3)cs2)nn1C(C)C,3.5432200000000016,Cn1ccc(C(=O)Nc2nc(-c3ccncc3)cs2)n1,True,2.1909,-1.3523200000000015,0.6111111111111112,False,False
1.0,null,20,,,,650267,COc1ccc2oc(C(=O)NC3CCCCNC3=O)c(C)c2c1,2.14832,CC1=C(C(=O)NC2CCCCNC2)OOc2ccc(Br)cc21,True,2.7624000000000013,0.6140800000000013,0.26582278481012656,False,True
1.0,null,20,,,,668639,Cc1cc(NC(=O)c2ccccc2Cl)ncc1N,2.8779200000000005,Nc1ccc(NC(=O)c2cc(Cl)ccc2Cl)nc1,True,3.222900000000001,0.3449800000000005,0.48,False,True
1.0,null,20,,,,673160,CCC(=O)Nc1ccc2oc(C(F)(F)F)cc(=O)c2c1,3.160300000000001,CCC(=O)N1C=CC2=COC(C(F)(F)F)C(=O)C2=C1,True,2.0503,-1.1100000000000012,0.208955223880597,False,True
1.0,null,20,,,,711169,Cc1cccc(C(C)C)c1NC(=O)N(C)Cc1ccncc1,4.177320000000003,CC(=O)c1ccc(NC(=O)N(C)Cc2ccncc2)cc1,True,2.948100000000001,-1.2292200000000015,0.5,False,False
1.0,null,20,,,,720969,Cc1noc(C)c1CCC(=O)OCC(=O)N1c2ccccc2CC1C,2.7450400000000013,Cc1noc(C)c1CCC(=O)OC(C)C(=O)N1c2ccccc2CC1C,True,3.1335400000000018,0.3885000000000005,0.7096774193548387,False,True
1.0,null,20,,,,730789,COC(=O)C1CCN(C(=O)c2cc3ccc(F)cc3nc2C)CC1,2.7075200000000006,Nc1nc2ccc(F)cc2cc1C(=O)N1CCCCC1,True,2.582200000000001,-0.12531999999999943,0.4,False,True
1.0,null,20,,,,738178,Cc1ccc(-n2ccnc2SCc2nc(C3CC3)no2)cc1C,4.041840000000003,Cc1cccc(C)c1-n1ccnc1SCc1nc(C2CC2)no1,True,4.041840000000003,0.0,0.7222222222222222,False,True
1.0,null,20,,,,771897,COc1ccccc1OCC(=O)N(C)Cc1sccc1C,3.102520000000002,COC1=CC=C(C(C)=O)C(OCC(=O)N(C)Cc2cccs2)C=C1,True,2.7072000000000003,-0.39532000000000167,0.3333333333333333,False,True
1.0,null,20,,,,811446,COC(=O)C1(NC(=O)c2cc(Br)c[nH]2)CCCCCC1,2.7730000000000006,CCOC(=O)N1CCCCCC1C(=O)Nc1cc(Br)c[nH]1,True,3.1168000000000005,0.3437999999999999,0.3076923076923077,False,True
1.0,null,20,,,,848291,CCC(C)NC(=O)NCc1noc(-c2cccs2)n1,2.3958000000000004,CC(C)CNC(=O)NCCc1coc(-c2cccs2)n1,True,2.900800000000001,0.5050000000000008,0.4153846153846154,False,True
1.0,null,20,,,,863440,COc1ccc(-c2nc(CCCO)cs2)cc1OC,2.752200000000001,Cc1csc(C(C=CN)=CC=COC(C)(C)C)n1,True,3.6361200000000027,0.8839200000000016,0.14925373134328357,False,True
1.0,null,20,,,,864663,N#Cc1ccc(-c2cc(F)ccc2F)nc1N1CCCC1,3.498680000000002,COc1cccc(-c2ccc(C#N)c(N3CCCC3)n2)c1,True,3.2290800000000015,-0.2696000000000005,0.5,False,False
1.0,null,20,,,,872100,CCc1cccc(C)c1NCC(O)c1ccc2c(c1)OCCO2,3.474120000000002,COc1cc(NCC(O)c2ccc3c(c2)OCCO3)cc(OC)c1,True,2.6205000000000007,-0.8536200000000012,0.5272727272727272,False,True
1.0,null,20,,,,886334,COc1ccc(C(=O)N2CCCC(C(=O)N3CCCCC3)C2)c(O)c1,2.2655000000000003,COc1ccc(C(=O)NC2CCC(C(=O)N3CCCCC3)C2)c(F)c1,True,2.745300000000001,0.4798000000000009,0.5166666666666667,False,True
1.0,null,20,,,,887387,COCCNC(=O)N(Cc1cccc(F)c1)CC1CCCO1,2.1627,CS(=O)(=O)NCCN(Cc1cccc(F)c1)CC1CCCO1,True,1.3558999999999992,-0.8068000000000008,0.5454545454545454,False,True
1.0,null,20,,,,889149,N#Cc1ccc(NC(=O)c2ccc(Br)cc2Cl)nc1,3.621480000000001,N#Cc1ccnc(NC(=O)c2ccccc2Br)c1,True,2.9680800000000005,-0.6534000000000004,0.4444444444444444,False,True
1.0,null,20,,,,913483,O=C(CNC(=O)NCCc1c(Cl)cccc1Cl)NC1CC1,2.1137000000000006,CC(C)C=C1C=CC(CCNC(=O)NCC(=O)NC2CC2)=C1,True,2.0328999999999997,-0.08080000000000087,0.48214285714285715,False,True
1.0,null,20,,,,917620,C=CCN(Cc1ccccc1OC)C(=O)c1csc(C)n1,3.288520000000002,C=CCN(Cc1c(F)cccc1Cl)C(=O)c1csc(C)n1,True,4.072420000000003,0.7839000000000009,0.5666666666666667,False,True
1.0,null,20,,,,918312,CCOc1ccc(Cl)c(C(=O)N2CCN(c3ncccn3)CC2)n1,1.8860999999999997,CC(=O)Nc1nc(C(=O)N2CCN(C(C)=O)CC2)ncc1Cl,True,0.3926999999999996,-1.4934,0.30158730158730157,False,True
1.0,null,20,,,,922879,CC(=O)c1ccc(N2CCN(Cc3c(F)cccc3F)CC2)cc1,3.489600000000003,COc1ccc(CN2CCN(c3cccc(OC)c3)CC2)cc1,True,3.0260000000000016,-0.46360000000000134,0.33962264150943394,False,True
1.0,null,20,,,,927535,COc1cc(CN2CCN(c3ccccc3F)CC2)ccc1O,2.862100000000002,COc1ccc(CN2CCN(c3ccc(F)cc3)CC2)cc1O,True,2.862100000000002,0.0,0.5471698113207547,False,True
1.0,null,20,,,,927567,Cc1ccccc1N1CCN(Cc2cccc(O)c2)CC1,3.022820000000001,Cc1ccccc1N1CCN(C(N)c2ccccc2)CC1,True,2.7745200000000017,-0.24829999999999952,0.425531914893617,False,True
1.0,null,20,,,,938108,CC(c1ccccc1)N(C)C(=O)CCC(=O)Nc1nccs1,3.0814000000000012,Cc1csc(NC(=O)CCC(=O)N(C)Cc2ccccc2)n1,True,2.8288200000000012,-0.25258,0.4262295081967213,False,True
1.0,null,20,,,,943303,CN(CCCOc1ccccc1)C(=O)Nc1cccc2c1OCCO2,3.390600000000002,CCc1ccccc1OCCCNC(=O)Nc1cccc2c1OCCO2,True,3.610800000000001,0.22019999999999929,0.5,False,True
1.0,null,20,,,,946289,CC(NC(=O)C1(c2cc(-c3ccco3)on2)CC1)c1ccccc1,3.843600000000002,COC1=CC=C(CNC(=O)C2(c3cc(-c4ccco4)on3)CC2C)C1,True,3.1888000000000014,-0.6548000000000007,0.410958904109589,False,True
1.0,null,20,,,,994077,Cc1nnc(Cn2c(-c3cccc(Br)c3)noc2=O)o1,2.0055199999999997,Cc1nnc(Cn2c(-c3ccc(Br)cc3)noc2=O)o1,True,2.0055199999999997,0.0,0.7446808510638298,False,True
1.0,null,20,,,,1065620,O=C(NCc1cccnc1Oc1ccccc1)c1cccnc1,3.198900000000002,Cc1ccc(Oc2ncccc2CNC(=O)c2ccc(C)nc2)cc1,True,3.8157400000000017,0.6168399999999998,0.6415094339622641,False,True
1.0,null,20,,,,1093926,CN(C(=O)CNc1cccc(OCC2CCCO2)c1)c1ccccc1,3.319300000000002,CN(C(=O)CNc1cccc(OCC2CCCO2)c1)c1cccc(F)c1,True,3.458400000000002,0.1391,0.8305084745762712,False,True
1.0,null,20,,,,1107920,CCc1ccc(-n2cc(C(=O)NC(C)c3ccccc3)nn2)cc1,3.320700000000002,O=C(NCc1ccc(Cl)cc1)c1cn(-c2ccccc2)nn1,True,2.8507000000000007,-0.4700000000000015,0.5,False,False
1.0,null,20,,,,1113130,CC(NC(=O)Cn1nnnc1C(C)(C)C)c1cccc2ccccc12,3.0012000000000016,COCc1nnnn1CC(=O)NC(C)c1cccc2ccccc12,True,1.8500999999999994,-1.1511000000000022,0.6785714285714286,False,True
1.0,null,20,,,,1121751,COC(=O)Cn1ccc(NS(=O)(=O)c2ccc(F)c(F)c2F)n1,1.2742,COCCn1ccc(NS(=O)(=O)c2cc(C)c(C)cc2C)n1,True,2.25556,0.98136,0.4406779661016949,False,True
1.0,null,20,,,,1142531,CCOC(C)C(=O)NCCc1csc(-c2ccc(C)cc2)n1,3.2022200000000014,Cc1ccc(C=NC(C=CS)CCNC(=O)OC(C)C)cc1,True,3.750720000000002,0.5485000000000007,0.2465753424657534,False,True
1.0,null,20,,,,1212157,CN(Cc1ccc(F)c(F)c1)C(=O)c1cncc(-c2cnn(C)c2)c1,3.0325000000000015,CN(Cc1ccccc1)C(=O)c1cncc(-c2cnn(C)c2)c1,True,2.7543000000000006,-0.2782000000000009,0.7358490566037735,False,True
1.0,null,20,,,,1215394,CCn1nc(C)cc1C(=O)Oc1cccc(NC(=O)C(C)C)c1,3.025120000000001,CCn1nc(C)cc1C(=O)Oc1cc(OC)cc(OC)c1,True,2.44782,-0.577300000000001,0.5471698113207547,False,True
1.0,null,20,,,,1232922,CC(C)(C)OC(=O)NC1CCCN(S(=O)(=O)N2CCOCC2)C1,0.5525000000000011,COC(=O)C1CCCN(S(=O)(=O)N2CCOCC2)C1,True,-0.5515999999999979,-1.104099999999999,0.56,False,True
1.0,null,20,,,,1238973,FC(F)(F)c1cnc(N2CCn3c(nnc3C3CC3)C2)c(Cl)c1,3.2429000000000023,CC(C)(C)c1cc(Cl)cnc1N1CCn2c(nnc2C2CC2)C1,True,3.521600000000002,0.2786999999999997,0.6071428571428571,False,True
1.0,null,20,,,,1299495,Cc1cc(CC(=O)N2CCCC2C(C#N)c2ccccc2)no1,2.823900000000001,Cc1cc(CC(=O)N2CCCC2Cc2cccc(Cl)c2)no1,True,3.412620000000002,0.5887200000000012,0.5074626865671642,False,True
1.0,null,20,,,,1309906,CC(C)CC(NC(=O)c1cc(=O)c2ccccc2o1)C(=O)OC(C)C,2.8891000000000018,COCCCNC(=O)c1cc(=O)c2ccccc2o1,True,1.5593,-1.3298000000000019,0.5178571428571429,False,False
1.0,null,20,,,,1362816,COCc1cccc(C(=O)NC2CC2c2cccc(Cl)c2)c1,3.772300000000002,COc1cc(C(=O)NC2CC2c2ccccc2)cc(OC)c1OC,True,2.9983000000000013,-0.7740000000000009,0.46551724137931033,False,True
1.0,null,20,,,,1441838,COCC(=O)NC(C(=O)Nc1cccc(-c2nccs2)c1)C(C)C,2.5358,COC(=O)CNC(=O)Nc1cccc(-c2nccs2)c1,True,2.1045999999999996,-0.43120000000000047,0.5833333333333334,False,True
1.0,null,20,,,,1450449,CCCNC(=O)CSc1nc2c(cc1C#N)CCCC2,2.450380000000001,CCCc1cnc(SCC(=O)N(C)C)c(C(N)=O)c1,True,1.3133,-1.137080000000001,0.22857142857142856,False,True
1.0,null,20,,,,1451910,O=S(=O)(NCc1nnc2ccccn12)c1ccc(F)c(F)c1,1.4859999999999995,COc1ccc(S(=O)(=O)NCc2nnc3ccccn23)cc1OC,True,1.2249999999999996,-0.2609999999999999,0.6730769230769231,False,True
1.0,null,20,,,,1479798,Cc1nc(C)c(CCC(=O)N(CC(C)C)CC(F)(F)F)c(=O)[nH]1,2.3662400000000003,CC=NC(C)=C(C=O)CCC(=O)NCCOCC(C)CC,True,2.509100000000001,0.14286000000000065,0.11392405063291139,False,True
1.0,null,20,,,,1507926,COC(=O)C(C)NC(=O)Cc1csc(-c2ccccc2Cl)n1,2.6837,COCC(=O)N(Cc1csc(-c2ccccc2F)n1)CC(C)C,True,3.5802000000000023,0.8965000000000023,0.3939393939393939,False,True
1.0,null,20,,,,1527882,Nc1ncccc1C(=O)Nc1ccc2cn[nH]c2c1,1.7923999999999998,CNN=CC(C)c1ccc(NC(=O)c2cccnc2N)cc1C,True,2.533220000000001,0.7408200000000011,0.4603174603174603,False,True
1.0,null,20,,,,1532848,COc1ccc(-c2ccc3c(=O)[nH]cnc3c2)cc1Cl,3.2521000000000013,CCC=C1C=CC(c2ccc3c(=O)[nH]cnc3c2)=C1,True,3.2127000000000017,-0.03939999999999966,0.45454545454545453,False,True
1.0,null,20,,,,1548351,COc1cc(OC)c2c(c1)C(c1cnccn1)NCC2,1.7288999999999999,COc1cccc2c1C(c1cnc(C)cn1)NCC2,True,2.0287199999999994,0.29981999999999953,0.3559322033898305,False,False
1.0,null,20,,,,1570134,COc1cccc(C(C)N2CCN(C(=O)c3ccc(O)cc3)CC2)c1,2.9198000000000013,COc1ccc(C(=O)N2CCN(Cc3ccc(F)cc3)CC2)cc1,True,2.792300000000001,-0.1275000000000004,0.3898305084745763,False,False
1.0,null,20,,,,1611406,CC(C)(C)N1CC(NC(=O)C2COc3ccc(F)cc3C2)CC1=O,1.8923999999999994,COCCN1CC(NC(=O)C2COc3ccc(F)cc3C2)CC1=O,True,0.7402999999999997,-1.1520999999999997,0.6666666666666666,False,True
1.0,null,20,,,,1612684,CCCC1CN(C(=O)Nc2ccn(CCC(C)C)n2)CCO1,2.9620000000000015,CCC1CCN(C(=O)Nc2ccn(CCCO)n2)CO1,True,1.2557999999999998,-1.7062000000000017,0.4925373134328358,False,True
1.0,null,20,,,,1639675,CCC(CC)c1nnc(NC(=O)c2scnc2C2CC2)s1,4.0279000000000025,CCC(C)c1nnc(NC(=O)c2scnc2C2CC2)s1,True,3.637800000000002,-0.39010000000000034,0.8333333333333334,False,True
1.0,null,20,,,,1675660,COc1ccnc(NC(=O)c2cccc(Cl)c2)c1,2.9959000000000007,Cc1ccnc(NC(=O)c2ccc(Cl)c(Cl)c2)c1,True,3.9491200000000024,0.9532200000000017,0.48,False,True
1.0,null,20,,,,1689728,CCc1noc(CSc2ncnc3sc(C)cc23)n1,3.237420000000002,Cc1noc(CSc2ncnc3sc(C)c(C)c23)n1,True,3.2918600000000025,0.05444000000000049,0.48214285714285715,False,True
1.0,null,20,,,,1720876,CC(C)(C)CC(=O)NCC(=O)Nc1ccc2c(c1)COC2,2.2077,COCCCC(=O)Nc1ccc2c(c1)COC2,True,2.0819,-0.1257999999999999,0.54,False,True
1.0,null,20,,,,1757109,CC(C)Cc1ncc(CNc2ccc3c(c2)COC3)s1,3.983900000000003,CC(C)Nc1ncc(CNc2ccc3c(c2)COC3)s1,True,3.6057000000000023,-0.37820000000000054,0.68,False,True
1.0,null,20,,,,1774061,O=C1NCCCc2[nH]c(-c3cccc4[nH]ccc34)nc21,2.234,COC=CC1C(OC)=CCNC1c1cccc2[nH]ccc12,True,3.118800000000001,0.8848000000000011,0.22535211267605634,False,True
1.0,null,20,,,,1800687,Cc1nn(C)c(-c2nc(-c3cccnn3)no2)c1Cl,1.8889199999999997,CNC(=O)c1cnn(C)c1-c1nc(-c2cccnn2)no1,True,0.2866999999999995,-1.6022200000000002,0.5172413793103449,False,True
1.0,null,20,,,,1815867,FC(F)(F)c1ccc(CN2CCOCC2c2ncon2)cc1,2.661900000000001,FC(F)(F)C=CC=CCN1CCOCC1c1ncon1,True,2.1175999999999995,-0.5443000000000016,0.5614035087719298,False,True
1.0,null,20,,,,1828580,Cc1ccc(N2CC3OCC(=O)N(Cc4cccc(F)c4)C3C2)nn1,1.54032,COc1ccc(CNC(=O)COC2CCN(c3ccc(F)nn3)C2)cc1,True,1.5359999999999991,-0.004320000000000768,0.2441860465116279,False,True
1.0,null,20,,,,1836183,CCc1ccc(C(=O)NCc2nccc(N(C)C)n2)cc1,2.035,Nc1ccnc(CNC(=O)c2cccc(Br)c2)n1,True,1.7513,-0.28370000000000006,0.42857142857142855,False,True
1.0,null,20,,,,1842499,COc1ccccc1COc1ccccc1-c1cnn(CCO)c1,3.1300000000000017,COc1cc(CO)ccc1OC1C=CN(Cc2cnn(C)c2)C=C1,True,2.2116,-0.9184000000000019,0.2714285714285714,False,True
1.0,null,20,,,,1865564,COC(CNC(=O)c1ccoc1)c1cccc(F)c1,2.536200000000001,O=C(NCC(O)c1ccc(Cl)cc1)c1ccoc1,True,2.3964000000000008,-0.13980000000000015,0.45454545454545453,False,True
1.0,null,20,,,,1868773,CCCOc1ccc(Cl)c2c1CCNC2C1CC(=O)C1,3.2947000000000015,O=C1CCC(C2NCCc3cc(F)ccc32)C1,True,2.3817000000000004,-0.9130000000000011,0.3064516129032258,False,True
1.0,null,20,,,,1873123,CCC1OC(=O)c2c(OC)ccc(Br)c21,3.079200000000002,CCC1OC(=O)c2c(C(C)(C)C)ccc(Br)c21,True,4.368100000000004,1.2889000000000017,0.6341463414634146,False,True
1.0,null,20,,,,1875028,Cc1cccc(C)c1NCC(=O)N1CCCC2CCCCC21,3.8965400000000034,CC(=O)Nc1ccc(NCC(=O)N2CCCC3CCCCC32)cc1,True,3.238100000000002,-0.6584400000000015,0.6122448979591837,False,True
1.0,null,20,,,,1895921,CCC(CC)N(C)C(=O)CC1OC(=O)c2ccccc21,2.935200000000002,CCCNC(=O)CC1OC(=O)c2ccccc21,True,1.8144,-1.1208000000000018,0.5416666666666666,False,True
1.0,null,20,,,,1907077,Cc1ccc2[nH]nc(C(=O)Nc3nc(-c4ccco4)cs3)c2c1,3.8401200000000015,Cn1nc(C(=O)Nc2nc(CCC#N)cs2)c2ccccc21,True,2.7382800000000005,-1.101840000000001,0.2948717948717949,False,True
1.0,null,20,,,,1913063,Cc1nn(C)c(C)c1CN(C(=O)c1cn2cccc(C)c2n1)C1CC1,2.797860000000001,CCN(C(=O)C1=CNC2=CC=CCC2=N1)C1=NN=C(C(N)=O)C1,True,0.2078000000000001,-2.5900600000000007,0.12087912087912088,False,True
1.0,null,20,,,,1922265,CN(CCNC(=O)c1ccc2c(c1)ncn2C)c1ccccc1,2.4395000000000007,C=CC=CCN(C)CCNC(=O)c1ccc2[nH]cnc2c1F,True,2.1057999999999995,-0.3337000000000012,0.24050632911392406,False,True
1.0,bin,0,-1.2959600001573561,-inf,-1.1407200038433074,32052,COc1ccccc1CNC(=O)Cc1c[nH]c2ccccc12,3.035400000000001,NS(=O)(=O)c1cccc(CNC(=O)Cc2c[nH]c3ccccc23)c1,True,1.6742000000000001,-1.3612000000000009,0.5370370370370371,False,True
1.0,bin,0,-1.2959600001573561,-inf,-1.1407200038433074,116747,COCCSc1ccccc1C(=O)Nc1cccc(C)n1,3.3808200000000017,COC(=O)c1ccccc1C(=O)Nc1ccccn1,True,2.1205,-1.2603200000000019,0.39622641509433965,False,False
1.0,bin,0,-1.2959600001573561,-inf,-1.1407200038433074,131060,CS(=O)(=O)NCCc1csc(-c2ccc(F)cc2)n1,2.0408999999999997,NS(=O)(=O)CC(=O)NCCc1csc(-c2ccccc2)n1,True,0.7573000000000001,-1.2835999999999996,0.46296296296296297,False,True
1.0,bin,0,-1.2959600001573561,-inf,-1.1407200038433074,131949,CCc1c(C)nc(SCC(=O)NC(C)C)[nH]c1=O,1.25742,COCCCNC(=O)CSc1nc(C)c(C)c(=O)[nH]1,True,0.6315399999999998,-0.6258800000000002,0.44642857142857145,False,True
1.0,bin,0,-1.2959600001573561,-inf,-1.1407200038433074,158879,COc1ccc(CC(=O)OCC(=O)c2c[nH]c3ccccc23)cc1,3.145100000000001,NS(=O)(=O)c1ccc(CC(=O)OCC(=O)c2c[nH]c3ccccc23)cc1,True,1.7838999999999992,-1.361200000000002,0.6923076923076923,False,True
1.0,bin,0,-1.2959600001573561,-inf,-1.1407200038433074,232056,COCCNC(=O)c1cc(=O)c2cc(C)ccc2o1,1.4776199999999993,CNC(=O)CNC(=O)c1cc(=O)c2cc(OC)ccc2o1,True,0.27739999999999987,-1.2002199999999994,0.5370370370370371,False,True
1.0,bin,0,-1.2959600001573561,-inf,-1.1407200038433074,235788,O=C(Cn1nc(-c2ccco2)oc1=O)NCC(F)(F)F,0.7747999999999999,CC(=O)NCCNC(=O)Cn1nc(-c2ccco2)oc1=O,True,-0.6514,-1.4262,0.6923076923076923,False,True
1.0,bin,0,-1.2959600001573561,-inf,-1.1407200038433074,236081,CC(=O)c1c(C)[nH]c(C(=O)CSc2nc(C(C)C)n[nH]2)c1C,3.0506400000000014,Cc1n[nH]c(SCC(=O)c2cc(C)c(C(N)=O)[nH]2)n1,True,0.8235399999999999,-2.2271000000000014,0.4,False,True
1.0,bin,0,-1.2959600001573561,-inf,-1.1407200038433074,281081,O=C(Cn1cccn1)NCc1cccnc1Oc1ccc(F)cc1F,2.665000000000001,NC(=O)c1cccc(Oc2ncccc2CNC(=O)Cn2cccn2)c1,True,1.4856999999999998,-1.1793000000000011,0.6153846153846154,False,True
1.0,bin,0,-1.2959600001573561,-inf,-1.1407200038433074,284170,COc1ccc(-c2nc(CC(=O)Nc3cccc(C)n3)cs2)cc1,3.7033200000000024,NC(=O)c1ccnc(NC(=O)Cc2csc(-c3ccccc3)n2)c1,True,2.4852,-1.2181200000000025,0.46875,False,True
1.0,bin,0,-1.2959600001573561,-inf,-1.1407200038433074,288369,Cc1ccc(NCc2nnc3n2CCCCC3)cc1C,3.2334400000000016,CNC(=O)C=C1C=CC(NCc2nnc3n2CCCCC3)=C1,True,1.220199999999999,-2.0132400000000024,0.45901639344262296,False,True
1.0,bin,0,-1.2959600001573561,-inf,-1.1407200038433074,302889,COc1ccc(OC)c(NC(=O)CCNC(=O)c2cccs2)c1,2.5239000000000003,NS(=O)(=O)c1ccc(NC(=O)CCNC(=O)c2cccs2)cc1,True,1.1541,-1.3698000000000004,0.4915254237288136,False,True
1.0,bin,0,-1.2959600001573561,-inf,-1.1407200038433074,327141,COc1ccc(OC)c(S(=O)(=O)Nc2ccn(C)n2)c1,1.2381,Cn1ccc(NS(=O)(=O)c2cccc(NS(C)(=O)=O)c2)n1,True,0.5924000000000001,-0.6456999999999998,0.4528301886792453,False,True
1.0,bin,0,-1.2959600001573561,-inf,-1.1407200038433074,327382,CNC(=O)C1CN(C(=O)c2c(C)noc2C)c2ccccc2O1,1.4452399999999996,Cc1noc(C)c1C(=O)N1CCOc2cc(C(N)=O)ccc21,True,1.4295399999999998,-0.015699999999999825,0.4375,False,True
1.0,bin,0,-1.2959600001573561,-inf,-1.1407200038433074,406491,COCCNC(=O)C1CCCN(S(=O)(=O)N2CCOCC2)C1,-0.9619999999999964,NS(=O)(=O)C1CCCN(S(=O)(=O)N2CCOCC2)C1,True,-1.6836999999999962,-0.7216999999999998,0.4423076923076923,False,True
1.0,bin,0,-1.2959600001573561,-inf,-1.1407200038433074,413951,O=C(Cn1ncn2cccc2c1=O)N1CCCCCC1,0.8985999999999996,COC(=O)C1CCN(C(=O)Cn2ncn3cccc3c2=O)CC1,True,-0.09240000000000048,-0.9910000000000001,0.6730769230769231,False,True
1.0,bin,0,-1.2959600001573561,-inf,-1.1407200038433074,427929,CCNc1nc(NCc2ccccc2Cl)c2cnn(C)c2n1,3.060600000000001,Cn1ncc2c(NCc3ccccc3)nc(CO)nc21,True,1.4676999999999998,-1.592900000000001,0.47368421052631576,False,True
1.0,bin,0,-1.2959600001573561,-inf,-1.1407200038433074,447130,CCC(NC(=O)C1CCN(C(=O)C2CC2)CC1)c1ccc(C)cc1,3.2109200000000016,CC(NC(=O)C1CCN(C(=O)C2CC2)CC1)c1ccc(C(N)=O)cc1,True,1.611299999999999,-1.5996200000000025,0.5471698113207547,False,True
1.0,bin,0,-1.2959600001573561,-inf,-1.1407200038433074,481908,CCNS(=O)(=O)c1ccc(C)c(C(=O)Nc2ncccc2C)c1,2.24894,C#CCNS(=O)(=O)c1cccc(C(=O)Nc2ncccc2C)c1,True,1.5538199999999995,-0.6951200000000006,0.5689655172413793,False,False
1.0,bin,0,-1.2959600001573561,-inf,-1.1407200038433074,485220,Cc1nn(CC(=O)N2CCN(C)CC2)c(C)c1Br,1.03644,Cc1cc(C)n(CC(=O)N2CCN(S(=O)(=O)N(C)C)CC2)n1,True,-0.5494599999999972,-1.5858999999999972,0.37037037037037035,False,True
1.0,bin,0,-1.2959600001573561,-inf,-1.1407200038433074,526363,Cc1nnc(SCC(=O)Nc2ccc(O)cc2)n(N)c1=O,0.09692,NC(=O)c1nnc(SCC(=O)Nc2ccccc2)n(N)c1=O,True,-0.8182000000000003,-0.9151200000000003,0.5961538461538461,False,True
1.0,bin,0,-1.2959600001573561,-inf,-1.1407200038433074,536853,COc1ccc(C2CCCN2C(=O)C2CCC2)c(OC)c1,3.1674000000000015,NS(=O)(=O)c1ccc(C2CCCN2C(=O)C2CCC2)cc1,True,1.7975999999999999,-1.3698000000000017,0.4444444444444444,False,True
1.0,bin,0,-1.2959600001573561,-inf,-1.1407200038433074,540312,Cc1nn(C)c2nc(C3CC3)cc(C(=O)NCC(=O)NC(C)(C)C)c12,1.7986199999999997,Cc1nn(C)c2nc(C3CC3)cc(C(=O)NCC(N)=O)c12,True,0.36922000000000005,-1.4293999999999996,0.7454545454545455,False,False
1.0,bin,0,-1.2959600001573561,-inf,-1.1407200038433074,544381,Cc1nc(N2CCCC(C(=O)NC(C)C)C2)c2c(C)c(C)oc2n1,2.8890600000000006,CNC(=O)C1CCCN(c2nc(C)nc3oc(C)cc23)C1,True,1.8020399999999996,-1.087020000000001,0.5409836065573771,False,True
1.0,bin,0,-1.2959600001573561,-inf,-1.1407200038433074,544382,CCCNC(=O)C1CCCN(c2nc(C)nc3oc(C)c(C)c23)C1,2.8906600000000013,CC=NC1=c2c(C)c(C)oc2=NC2(CC(=O)N(C)CCO)CCCN1C2,True,0.36144000000000087,-2.5292200000000005,0.2111111111111111,False,True
1.0,bin,0,-1.2959600001573561,-inf,-1.1407200038433074,550049,Cc1ccc(C)c(OCC(=O)Nc2cccc(-n3cnnc3)c2)c1,2.9016400000000013,NC(=O)c1ccc(OCC(=O)Nc2cccc(-n3cnnc3)c2)cc1,True,1.3836999999999995,-1.5179400000000018,0.5964912280701754,False,True
1.0,bin,0,-1.2959600001573561,-inf,-1.1407200038433074,573533,Cc1nn(-c2ncc(C(F)(F)F)cc2Cl)c(=O)o1,2.2011199999999995,Cc1nn(-c2ncc(Cl)c(N)c2N)c(=O)o1,True,0.34672000000000014,-1.8543999999999994,0.5652173913043478,False,True
1.0,bin,0,-1.2959600001573561,-inf,-1.1407200038433074,582555,O=C(NCC(O)c1ccccc1)c1ccc2c(=O)n3c(nc2c1)CCC3,1.8061000000000003,C=CC=CC=CC1CC(C(N)=O)CNC(=O)c2ccc3c(=O)n1c(C)nc3c2,True,1.7794199999999998,-0.02668000000000048,0.1956521739130435,False,True
1.0,bin,0,-1.2959600001573561,-inf,-1.1407200038433074,588547,Cc1n[nH]c(C)c1NC(=O)CCc1ccc(Cl)cc1Cl,3.9046400000000023,Cc1ccccc1CCC(=O)Nc1cn[nH]c1C,True,2.5978400000000006,-1.3068000000000017,0.3793103448275862,False,True
1.0,bin,0,-1.2959600001573561,-inf,-1.1407200038433074,607673,CCCN(CC1CC1)S(=O)(=O)c1ccccc1F,2.636400000000001,CCN(CC1CC1)S(=O)(=O)c1ccc(S(N)(=O)=O)cc1,True,0.7546,-1.881800000000001,0.4166666666666667,False,True
1.0,bin,0,-1.2959600001573561,-inf,-1.1407200038433074,617681,Cc1cc(C(=O)Nc2nc(-c3ccncc3)cs2)nn1C(C)C,3.5432200000000016,CC(=O)NCc1cc(C(=O)Nc2nc(-c3ccncc3)cs2)nn1C,True,1.8269999999999997,-1.7162200000000019,0.5737704918032787,False,True
1.0,bin,0,-1.2959600001573561,-inf,-1.1407200038433074,650267,COc1ccc2oc(C(=O)NC3CCCCNC3=O)c(C)c2c1,2.14832,Cc1c(C(=O)N2CCCC(CO)C2O)oc2ccccc12,True,1.90412,-0.24419999999999997,0.28,False,True
1.0,bin,0,-1.2959600001573561,-inf,-1.1407200038433074,668639,Cc1cc(NC(=O)c2ccccc2Cl)ncc1N,2.8779200000000005,Cc1ccc(NC(=O)c2ccccc2)nc1S(N)(=O)=O,True,1.2897199999999998,-1.5882000000000007,0.32142857142857145,False,True
1.0,bin,0,-1.2959600001573561,-inf,-1.1407200038433074,673160,CCC(=O)Nc1ccc2oc(C(F)(F)F)cc(=O)c2c1,3.160300000000001,COC(C)C(=O)Nc1ccc2oc(C(C)=O)cc(=O)c2c1,True,1.969,-1.1913000000000011,0.42105263157894735,False,True
1.0,bin,0,-1.2959600001573561,-inf,-1.1407200038433074,711169,Cc1cccc(C(C)C)c1NC(=O)N(C)Cc1ccncc1,4.177320000000003,CN(Cc1ccncc1)C(=O)Nc1cccc(NS(C)(=O)=O)c1,True,2.117,-2.0603200000000026,0.5,False,True
1.0,bin,0,-1.2959600001573561,-inf,-1.1407200038433074,720969,Cc1noc(C)c1CCC(=O)OCC(=O)N1c2ccccc2CC1C,2.7450400000000013,Cc1noc(C)c1CCC(=O)OCC(=O)N1c2ccccc2CC1N,True,1.64134,-1.1037000000000012,0.8103448275862069,False,True
1.0,bin,0,-1.2959600001573561,-inf,-1.1407200038433074,730789,COC(=O)C1CCN(C(=O)c2cc3ccc(F)cc3nc2C)CC1,2.7075200000000006,Cc1nc2ccc(F)cc2cc1C(=O)N1CCC(C(N)=O)CC1,True,2.01982,-0.6877000000000004,0.6363636363636364,False,True
1.0,bin,0,-1.2959600001573561,-inf,-1.1407200038433074,738178,Cc1ccc(-n2ccnc2SCc2nc(C3CC3)no2)cc1C,4.041840000000003,N#Cc1ccccc1-n1ccnc1SCc1nc(C2CC2)no1,True,3.296680000000002,-0.7451600000000012,0.5901639344262295,False,True
1.0,bin,0,-1.2959600001573561,-inf,-1.1407200038433074,771897,COc1ccccc1OCC(=O)N(C)Cc1sccc1C,3.102520000000002,COc1cccc(OCC(=O)NCC2=CC=C[SH]2C#N)c1,True,2.0836799999999993,-1.0188400000000026,0.1891891891891892,False,True
1.0,bin,0,-1.2959600001573561,-inf,-1.1407200038433074,811446,COC(=O)C1(NC(=O)c2cc(Br)c[nH]2)CCCCCC1,2.7730000000000006,COC(=O)C1(NC(=O)c2cc(CO)c[nH]2)CCCCC1,True,1.1126999999999994,-1.6603000000000012,0.6956521739130435,False,True
1.0,bin,0,-1.2959600001573561,-inf,-1.1407200038433074,848291,CCC(C)NC(=O)NCc1noc(-c2cccs2)n1,2.3958000000000004,CN(C)S(=O)(=O)NCc1noc(-c2cccs2)n1,True,0.6940999999999999,-1.7017000000000004,0.5263157894736842,False,False
1.0,bin,0,-1.2959600001573561,-inf,-1.1407200038433074,863440,COc1ccc(-c2nc(CCCO)cs2)cc1OC,2.752200000000001,NC(=O)CCc1csc(-c2ccc(CO)cc2)n1,True,1.7203,-1.0319000000000011,0.43137254901960786,False,True
1.0,bin,0,-1.2959600001573561,-inf,-1.1407200038433074,864663,N#Cc1ccc(-c2cc(F)ccc2F)nc1N1CCCC1,3.498680000000002,N#CC=CC=C(CN1CCCC1)c1ccc(C(N)=O)cc1N,True,1.92668,-1.572000000000002,0.1643835616438356,False,True
1.0,bin,0,-1.2959600001573561,-inf,-1.1407200038433074,872100,CCc1cccc(C)c1NCC(O)c1ccc2c(c1)OCCO2,3.474120000000002,NC(=O)c1ccc(NCC(O)c2ccc3c(c2)OCCO3)cc1,True,1.7022,-1.771920000000002,0.5178571428571429,False,True
1.0,bin,0,-1.2959600001573561,-inf,-1.1407200038433074,886334,COc1ccc(C(=O)N2CCCC(C(=O)N3CCCCC3)C2)c(O)c1,2.2655000000000003,C#CC(=CC=CS(=O)(=O)NC)C(=O)N1CCCC(C(=O)N2CCCCC2)C1,True,0.8600000000000008,-1.4054999999999995,0.3283582089552239,False,True
1.0,bin,0,-1.2959600001573561,-inf,-1.1407200038433074,887387,COCCNC(=O)N(Cc1cccc(F)c1)CC1CCCO1,2.1627,CN(C)S(=O)(=O)NCC(=O)N(Cc1ccccc1)CC1CCCO1,True,0.5902000000000012,-1.572499999999999,0.4492753623188406,False,True
1.0,bin,0,-1.2959600001573561,-inf,-1.1407200038433074,889149,N#Cc1ccc(NC(=O)c2ccc(Br)cc2Cl)nc1,3.621480000000001,COc1ccc(C(=O)Nc2ccc(C#N)cn2)c(OC)c1,True,2.22278,-1.3987000000000007,0.5555555555555556,False,False
1.0,bin,0,-1.2959600001573561,-inf,-1.1407200038433074,913483,O=C(CNC(=O)NCCc1c(Cl)cccc1Cl)NC1CC1,2.1137000000000006,COc1ccc(CCNC(=O)NCC(=O)NC2CC2)cc1,True,0.8154999999999997,-1.298200000000001,0.56,False,True
1.0,bin,0,-1.2959600001573561,-inf,-1.1407200038433074,917620,C=CCN(Cc1ccccc1OC)C(=O)c1csc(C)n1,3.288520000000002,COc1ccccc1CN(CCO)C(=O)c1csc(C)n1,True,2.0948200000000003,-1.1937000000000015,0.7307692307692307,False,True
1.0,bin,0,-1.2959600001573561,-inf,-1.1407200038433074,918312,CCOc1ccc(Cl)c(C(=O)N2CCN(c3ncccn3)CC2)n1,1.8860999999999997,COc1cccnc1C(=O)N1CCN(c2nccc(C#N)n2)CC1,True,0.71428,-1.1718199999999996,0.4603174603174603,False,True
1.0,bin,0,-1.2959600001573561,-inf,-1.1407200038433074,922879,CC(=O)c1ccc(N2CCN(Cc3c(F)cccc3F)CC2)cc1,3.489600000000003,COc1cc(O)ccc1N1CCN(Cc2ccc(CO)cc2)CC1,True,2.2153,-1.2743000000000029,0.2459016393442623,False,True
1.0,bin,0,-1.2959600001573561,-inf,-1.1407200038433074,927535,COc1cc(CN2CCN(c3ccccc3F)CC2)ccc1O,2.862100000000002,NS(=O)(=O)c1ccc(CN2CCN(c3ccccc3F)CC2)cc1,True,1.7952999999999997,-1.0668000000000024,0.5384615384615384,False,True
1.0,bin,0,-1.2959600001573561,-inf,-1.1407200038433074,927567,Cc1ccccc1N1CCN(Cc2cccc(O)c2)CC1,3.022820000000001,Cc1c(O)cccc1N1CCNC(c2ccc(S(N)(=O)=O)cc2)C1,True,1.49892,-1.5239000000000011,0.22727272727272727,False,True
1.0,bin,0,-1.2959600001573561,-inf,-1.1407200038433074,938108,CC(c1ccccc1)N(C)C(=O)CCC(=O)Nc1nccs1,3.0814000000000012,COc1ccccc1CNC(=O)CCC(=O)Nc1nccs1,True,2.1868,-0.8946000000000014,0.4915254237288136,False,False
1.0,bin,0,-1.2959600001573561,-inf,-1.1407200038433074,943303,CN(CCCOc1ccccc1)C(=O)Nc1cccc2c1OCCO2,3.390600000000002,NC(=O)c1ccc(OCCCNC(=O)Nc2cccc3c2OCCO3)cc1,True,2.1472999999999995,-1.2433000000000023,0.5238095238095238,False,True
1.0,bin,0,-1.2959600001573561,-inf,-1.1407200038433074,946289,CC(NC(=O)C1(c2cc(-c3ccco3)on2)CC1)c1ccccc1,3.843600000000002,CCC(C(=O)NC1(c2ccccc2)NC1=O)c1cc(-c2ccco2)on1,True,2.5272000000000006,-1.3164000000000016,0.39436619718309857,False,True
1.0,bin,0,-1.2959600001573561,-inf,-1.1407200038433074,994077,Cc1nnc(Cn2c(-c3cccc(Br)c3)noc2=O)o1,2.0055199999999997,Nc1ccccc1-c1noc(=O)n1CC1=NN=CC1,True,0.9159999999999999,-1.0895199999999998,0.3076923076923077,False,True
1.0,bin,0,-1.2959600001573561,-inf,-1.1407200038433074,1065620,O=C(NCc1cccnc1Oc1ccccc1)c1cccnc1,3.198900000000002,Nc1cnc(C(=O)NCc2cccnc2Oc2ccccc2)c(O)c1,True,2.486700000000001,-0.712200000000001,0.6071428571428571,False,True
1.0,bin,0,-1.2959600001573561,-inf,-1.1407200038433074,1093926,CN(C(=O)CNc1cccc(OCC2CCCO2)c1)c1ccccc1,3.319300000000002,NC(=O)CN(C(=O)CNc1ccccc1)c1ccccc1OC1CCCO1,True,2.1323,-1.187000000000002,0.410958904109589,False,True
1.0,bin,0,-1.2959600001573561,-inf,-1.1407200038433074,1107920,CCc1ccc(-n2cc(C(=O)NC(C)c3ccccc3)nn2)cc1,3.320700000000002,COc1ccc(-n2cc(C(=O)NCc3ccccc3O)nn2)cc1,True,1.9114999999999998,-1.4092000000000025,0.42857142857142855,False,True
1.0,bin,0,-1.2959600001573561,-inf,-1.1407200038433074,1113130,CC(NC(=O)Cn1nnnc1C(C)(C)C)c1cccc2ccccc12,3.0012000000000016,O=C(Cn1nnnc1C(F)(F)F)NCc1cccc2ccccc12,True,2.1615,-0.8397000000000014,0.5254237288135594,False,True
1.0,bin,0,-1.2959600001573561,-inf,-1.1407200038433074,1121751,COC(=O)Cn1ccc(NS(=O)(=O)c2ccc(F)c(F)c2F)n1,1.2742,NC(=O)Cn1ccc(NS(=O)(=O)c2cccc(F)c2)n1,True,0.3082999999999992,-0.9659000000000009,0.45,False,True
1.0,bin,0,-1.2959600001573561,-inf,-1.1407200038433074,1142531,CCOC(C)C(=O)NCCc1csc(-c2ccc(C)cc2)n1,3.2022200000000014,CC(OC(=O)Cc1csc(-c2ccccc2)n1)C(N)=O,True,1.7695999999999994,-1.432620000000002,0.4262295081967213,False,False
1.0,bin,0,-1.2959600001573561,-inf,-1.1407200038433074,1212157,CN(Cc1ccc(F)c(F)c1)C(=O)c1cncc(-c2cnn(C)c2)c1,3.0325000000000015,CN1C=C(C=CN=CC(=O)C(=O)NCc2ccccc2CN)CC=N1,True,1.1202999999999994,-1.9122000000000021,0.1348314606741573,False,True
1.0,bin,0,-1.2959600001573561,-inf,-1.1407200038433074,1215394,CCn1nc(C)cc1C(=O)Oc1cccc(NC(=O)C(C)C)c1,3.025120000000001,COC(=O)c1ccc(OC(=O)c2cc(C)nn2C)cc1,True,1.7343199999999999,-1.2908000000000013,0.38333333333333336,False,True
1.0,bin,0,-1.2959600001573561,-inf,-1.1407200038433074,1232922,CC(C)(C)OC(=O)NC1CCCN(S(=O)(=O)N2CCOCC2)C1,0.5525000000000011,COC(=O)CNC1CCCN(S(=O)(=O)N2CCOCC2)C1,True,-1.2095999999999971,-1.7620999999999982,0.5961538461538461,False,True
1.0,bin,0,-1.2959600001573561,-inf,-1.1407200038433074,1238973,FC(F)(F)c1cnc(N2CCn3c(nnc3C3CC3)C2)c(Cl)c1,3.2429000000000023,CCCC1CC1n1cnnc1N1COC(=O)c2cncc1c2,True,2.3002000000000002,-0.9427000000000021,0.10344827586206896,False,True
1.0,bin,0,-1.2959600001573561,-inf,-1.1407200038433074,1299495,Cc1cc(CC(=O)N2CCCC2C(C#N)c2ccccc2)no1,2.823900000000001,Cc1cc(CC(=O)N2CCC(C(N)=O)C2c2ccccc2)no1,True,1.6006199999999997,-1.2232800000000013,0.5076923076923077,False,True
1.0,bin,0,-1.2959600001573561,-inf,-1.1407200038433074,1309906,CC(C)CC(NC(=O)c1cc(=O)c2ccccc2o1)C(=O)OC(C)C,2.8891000000000018,COCCOCCNC(=O)c1cc(=O)c2ccccc2o1,True,1.1857999999999997,-1.703300000000002,0.5263157894736842,False,True
1.0,bin,0,-1.2959600001573561,-inf,-1.1407200038433074,1362816,COCc1cccc(C(=O)NC2CC2c2cccc(Cl)c2)c1,3.772300000000002,O=C(NC1CC1c1cccc(CO)c1)c1ccccc1,True,2.4648000000000003,-1.3075000000000019,0.5660377358490566,False,True
1.0,bin,0,-1.2959600001573561,-inf,-1.1407200038433074,1441838,COCC(=O)NC(C(=O)Nc1cccc(-c2nccs2)c1)C(C)C,2.5358,CN(CC(=O)Nc1cccc(O)c1)C(=O)c1nccs1,True,1.5593999999999997,-0.9764000000000004,0.35714285714285715,False,True
1.0,bin,0,-1.2959600001573561,-inf,-1.1407200038433074,1450449,CCCNC(=O)CSc1nc2c(cc1C#N)CCCC2,2.450380000000001,CC(=O)NCCNC(=O)CSc1nc2c(cc1C#N)CCCC2,True,1.1764799999999997,-1.2739000000000011,0.8235294117647058,False,True
1.0,bin,0,-1.2959600001573561,-inf,-1.1407200038433074,1451910,O=S(=O)(NCc1nnc2ccccn12)c1ccc(F)c(F)c1,1.4859999999999995,CN(C)S(=O)(=O)C=CC1=CC(S(=O)(=O)NCc2nnccccc[nH]2)C1,True,0.45230000000000087,-1.0336999999999987,0.175,False,True
1.0,bin,0,-1.2959600001573561,-inf,-1.1407200038433074,1479798,Cc1nc(C)c(CCC(=O)N(CC(C)C)CC(F)(F)F)c(=O)[nH]1,2.3662400000000003,CC=NC(C)=C(C=O)CCC(=O)NCC(F)(F)F,True,2.0087,-0.3575400000000002,0.16176470588235295,False,True
1.0,bin,0,-1.2959600001573561,-inf,-1.1407200038433074,1507926,COC(=O)C(C)NC(=O)Cc1csc(-c2ccccc2Cl)n1,2.6837,NS(=O)(=O)CCNC(=O)Cc1csc(-c2ccccc2Cl)n1,True,1.4107000000000005,-1.2729999999999995,0.5517241379310345,False,True
1.0,bin,0,-1.2959600001573561,-inf,-1.1407200038433074,1527882,Nc1ncccc1C(=O)Nc1ccc2cn[nH]c2c1,1.7923999999999998,Nc1ncccc1C(=O)Nc1ccc2cn[nH]c2c1N,True,1.3745999999999998,-0.41779999999999995,0.6153846153846154,False,True
1.0,bin,0,-1.2959600001573561,-inf,-1.1407200038433074,1532848,COc1ccc(-c2ccc3c(=O)[nH]cnc3c2)cc1Cl,3.2521000000000013,NC(=O)COc1ccc(-c2ccc3c(=O)[nH]cnc3c2)cc1,True,1.4542,-1.7979000000000014,0.5098039215686274,False,True
1.0,bin,0,-1.2959600001573561,-inf,-1.1407200038433074,1548351,COc1cc(OC)c2c(c1)C(c1cnccn1)NCC2,1.7288999999999999,Cc1cc(S(N)(=O)=O)c(C)c2c1C(c1cnccn1)NCC2,True,0.9759399999999998,-0.7529600000000001,0.43333333333333335,False,True
1.0,bin,0,-1.2959600001573561,-inf,-1.1407200038433074,1570134,COc1cccc(C(C)N2CCN(C(=O)c3ccc(O)cc3)CC2)c1,2.9198000000000013,COC=CC=CC1=CC2N(C(=O)c3ccccc3C(N)=O)CCNC12C,True,1.6145000000000003,-1.305300000000001,0.17073170731707318,False,True
1.0,bin,0,-1.2959600001573561,-inf,-1.1407200038433074,1611406,CC(C)(C)N1CC(NC(=O)C2COc3ccc(F)cc3C2)CC1=O,1.8923999999999994,CN1C(=O)CC2NC(=O)COc3ccccc3CCC21,True,0.7270999999999996,-1.1652999999999998,0.21333333333333335,False,True
1.0,bin,0,-1.2959600001573561,-inf,-1.1407200038433074,1612684,CCCC1CN(C(=O)Nc2ccn(CCC(C)C)n2)CCO1,2.9620000000000015,CCCNC(=O)C1CN(C(=O)Nc2ccn(CCC)n2)CCO1,True,1.0519999999999992,-1.9100000000000024,0.59375,False,True
1.0,bin,0,-1.2959600001573561,-inf,-1.1407200038433074,1639675,CCC(CC)c1nnc(NC(=O)c2scnc2C2CC2)s1,4.0279000000000025,CN(C)C(=O)CSC=NN=C(S)NC(=O)c1scnc1C1CC1,True,1.8007999999999997,-2.2271000000000027,0.39705882352941174,False,True
1.0,bin,0,-1.2959600001573561,-inf,-1.1407200038433074,1675660,COc1ccnc(NC(=O)c2cccc(Cl)c2)c1,2.9959000000000007,COc1cccc(C(=O)Nc2ccc(C(N)=O)cn2)c1,True,1.4414,-1.5545000000000007,0.5192307692307693,False,True
1.0,bin,0,-1.2959600001573561,-inf,-1.1407200038433074,1689728,CCc1noc(CSc2ncnc3sc(C)cc23)n1,3.237420000000002,Nc1nc(N)nc(CSC2=CC3=CCSC3=N2)n1,True,1.1959000000000002,-2.041520000000002,0.14705882352941177,False,True
1.0,bin,0,-1.2959600001573561,-inf,-1.1407200038433074,1720876,CC(C)(C)CC(=O)NCC(=O)Nc1ccc2c(c1)COC2,2.2077,CCOCC(O)CNC(=O)Nc1ccc2c(c1)COC2,True,1.2357,-0.972,0.4642857142857143,False,True
1.0,bin,0,-1.2959600001573561,-inf,-1.1407200038433074,1757109,CC(C)Cc1ncc(CNc2ccc3c(c2)COC3)s1,3.983900000000003,COC(=O)CCNC=NC=C(S)CNc1ccc2c(c1)COC2,True,2.0808999999999997,-1.9030000000000031,0.3142857142857143,False,True
1.0,bin,0,-1.2959600001573561,-inf,-1.1407200038433074,1774061,O=C1NCCCc2[nH]c(-c3cccc4[nH]ccc34)nc21,2.234,O=CNC1=CC=Cc2[nH]ccc2CN2CC(O)Cc3[nH]c1nc32,True,0.7750999999999995,-1.4589000000000005,0.1951219512195122,False,True
1.0,bin,0,-1.2959600001573561,-inf,-1.1407200038433074,1800687,Cc1nn(C)c(-c2nc(-c3cccnn3)no2)c1Cl,1.8889199999999997,Cc1nn(C)c(-c2nc(-c3cccnn3)no2)c1C(C)(N)O,True,0.3592199999999998,-1.5296999999999998,0.660377358490566,False,True
1.0,bin,0,-1.2959600001573561,-inf,-1.1407200038433074,1815867,FC(F)(F)c1ccc(CN2CCOCC2c2ncon2)cc1,2.661900000000001,COC=CC=CCN1CCOCC1CN=CON,True,0.32210000000000083,-2.3398000000000003,0.1780821917808219,False,True
1.0,bin,0,-1.2959600001573561,-inf,-1.1407200038433074,1828580,Cc1ccc(N2CC3OCC(=O)N(Cc4cccc(F)c4)C3C2)nn1,1.54032,NC(=O)C1=CC=CNCC2OCC(=O)N(Cc3ccc(F)cc3)C2C1,True,0.8404,-0.6999199999999999,0.325,False,True
1.0,bin,0,-1.2959600001573561,-inf,-1.1407200038433074,1836183,CCc1ccc(C(=O)NCc2nccc(N(C)C)n2)cc1,2.035,CN(C)c1ccnc(CNC(=O)c2cccc(S(C)(=O)=O)c2)n1,True,0.8761000000000001,-1.1589,0.5925925925925926,False,True
1.0,bin,0,-1.2959600001573561,-inf,-1.1407200038433074,1842499,COc1ccccc1COc1ccccc1-c1cnn(CCO)c1,3.1300000000000017,NS(=O)(=O)c1ccccc1OCc1cnn(CCO)c1,True,0.10179999999999972,-3.028200000000002,0.4482758620689655,False,True
1.0,bin,0,-1.2959600001573561,-inf,-1.1407200038433074,1865564,COC(CNC(=O)c1ccoc1)c1cccc(F)c1,2.536200000000001,NS(=O)(=O)OC(CNC(=O)c1ccoc1)c1ccccc1,True,0.9707999999999992,-1.5654000000000017,0.5357142857142857,False,True
1.0,bin,0,-1.2959600001573561,-inf,-1.1407200038433074,1868773,CCCOc1ccc(Cl)c2c1CCNC2C1CC(=O)C1,3.2947000000000015,CCOc1c(O)cc2cc1C1(CCC(=O)C1N)CC2,True,1.6650999999999998,-1.6296000000000017,0.18055555555555555,False,True
1.0,bin,0,-1.2959600001573561,-inf,-1.1407200038433074,1873123,CCC1OC(=O)c2c(OC)ccc(Br)c21,3.079200000000002,CCCOC(=O)C=C(NC=O)NCc1ccc(S(C)(=O)=O)cc1,True,0.7203000000000002,-2.358900000000002,0.11594202898550725,False,True
1.0,bin,0,-1.2959600001573561,-inf,-1.1407200038433074,1875028,Cc1cccc(C)c1NCC(=O)N1CCCC2CCCCC21,3.8965400000000034,NC(=O)c1ccc(NCC(=O)NCCC2CCCCC2)c(F)c1,True,2.4231,-1.4734400000000036,0.23529411764705882,False,True
1.0,bin,0,-1.2959600001573561,-inf,-1.1407200038433074,1895921,CCC(CC)N(C)C(=O)CC1OC(=O)c2ccccc21,2.935200000000002,CN(C)C(=O)CCNC(=O)CC1OC(=O)c2ccccc21,True,0.8826999999999996,-2.052500000000002,0.5490196078431373,False,True
1.0,bin,0,-1.2959600001573561,-inf,-1.1407200038433074,1907077,Cc1ccc2[nH]nc(C(=O)Nc3nc(-c4ccco4)cs3)c2c1,3.8401200000000015,C=C(N=CNC(=O)c1n[nH]ccccc(=O)[nH]1)c1ccco1,True,1.2444000000000002,-2.5957200000000014,0.2345679012345679,False,True
1.0,bin,0,-1.2959600001573561,-inf,-1.1407200038433074,1913063,Cc1nn(C)c(C)c1CN(C(=O)c1cn2cccc(C)c2n1)C1CC1,2.797860000000001,Cc1nn(C)cc1CN(C)C(=O)c1cn2ccccc2n1,True,1.64842,-1.149440000000001,0.36619718309859156,False,False
1.0,bin,0,-1.2959600001573561,-inf,-1.1407200038433074,1922265,CN(CCNC(=O)c1ccc2c(c1)ncn2C)c1ccccc1,2.4395000000000007,NC(=O)Cn1cnc2cc(C(=O)NCCNc3ccccc3)ccc21,True,1.3634999999999993,-1.0760000000000014,0.5,False,True
1.0,bin,1,-0.9854800075292587,-1.1407200038433074,-0.83024001121521,32052,COc1ccccc1CNC(=O)Cc1c[nH]c2ccccc12,3.035400000000001,CNS(=O)(=O)c1cccc(CNC(=O)Cc2c[nH]c3ccccc23)c1,True,1.9348999999999996,-1.1005000000000014,0.5357142857142857,False,True
1.0,bin,1,-0.9854800075292587,-1.1407200038433074,-0.83024001121521,116747,COCCSc1ccccc1C(=O)Nc1cccc(C)n1,3.3808200000000017,C#CCNS(=O)(=O)c1ccccc1C(=O)Nc1cccc(C)n1,True,1.55382,-1.8270000000000017,0.4827586206896552,False,True
1.0,bin,1,-0.9854800075292587,-1.1407200038433074,-0.83024001121521,131060,CS(=O)(=O)NCCc1csc(-c2ccc(F)cc2)n1,2.0408999999999997,NC(=O)CNC(=O)CCc1csc(-c2ccc(F)cc2)n1,True,1.4832999999999998,-0.5575999999999999,0.5094339622641509,False,True
1.0,bin,1,-0.9854800075292587,-1.1407200038433074,-0.83024001121521,131949,CCc1c(C)nc(SCC(=O)NC(C)C)[nH]c1=O,1.25742,CCc1nc(SCC(=O)N(C)C)[nH]c(=O)c1CCO,True,0.0474,-1.21002,0.4107142857142857,False,True
1.0,bin,1,-0.9854800075292587,-1.1407200038433074,-0.83024001121521,158879,COc1ccc(CC(=O)OCC(=O)c2c[nH]c3ccccc23)cc1,3.145100000000001,NC(=O)CC(NC(=O)COC(=O)c1c[nH]c2ccccc12)c1ccccc1,True,2.0576,-1.0875000000000012,0.36363636363636365,False,True
1.0,bin,1,-0.9854800075292587,-1.1407200038433074,-0.83024001121521,232056,COCCNC(=O)c1cc(=O)c2cc(C)ccc2o1,1.4776199999999993,COc1ccc2oc(C(=O)NCCNC(C)=O)cc(=O)c2c1,True,0.6674999999999993,-0.81012,0.6078431372549019,False,True
1.0,bin,1,-0.9854800075292587,-1.1407200038433074,-0.83024001121521,235788,O=C(Cn1nc(-c2ccco2)oc1=O)NCC(F)(F)F,0.7747999999999999,CN(C)C(=O)CN(C)C(=O)Cn1nc(-c2ccco2)oc1=O,True,-0.35709999999999953,-1.1318999999999995,0.5535714285714286,False,True
1.0,bin,1,-0.9854800075292587,-1.1407200038433074,-0.83024001121521,236081,CC(=O)c1c(C)[nH]c(C(=O)CSc2nc(C(C)C)n[nH]2)c1C,3.0506400000000014,CC(=O)c1c(C)[nH]c(C(=O)CSc2nc(C)n[nH]2)c1C,True,2.23566,-0.8149800000000011,0.7446808510638298,False,True
1.0,bin,1,-0.9854800075292587,-1.1407200038433074,-0.83024001121521,281081,O=C(Cn1cccn1)NCc1cccnc1Oc1ccc(F)cc1F,2.665000000000001,NS(=O)(=O)C=C1C=CC(Oc2ncccc2Cn2cc(Cl)cn2)=C1,True,1.9847000000000006,-0.6803000000000003,0.26506024096385544,False,True
1.0,bin,1,-0.9854800075292587,-1.1407200038433074,-0.83024001121521,284170,COc1ccc(-c2nc(CC(=O)Nc3cccc(C)n3)cs2)cc1,3.7033200000000024,COc1cccc(-c2nc(CC(=O)Nc3cc(OC)ccn3)cs2)c1,True,3.403500000000001,-0.2998200000000013,0.6101694915254238,False,True
1.0,bin,1,-0.9854800075292587,-1.1407200038433074,-0.83024001121521,288369,Cc1ccc(NCc2nnc3n2CCCCC3)cc1C,3.2334400000000016,NC(=O)C=CC=CC(F)NCc1nncn1CCC(F)F,True,0.9161999999999997,-2.3172400000000017,0.11842105263157894,False,True
1.0,bin,1,-0.9854800075292587,-1.1407200038433074,-0.83024001121521,302889,COc1ccc(OC)c(NC(=O)CCNC(=O)c2cccs2)c1,2.5239000000000003,CS(=O)(=O)NC=C1C=CC(NC(=O)CCNC(=O)c2cccs2)=C1,True,0.8710000000000006,-1.6528999999999998,0.45454545454545453,False,True
1.0,bin,1,-0.9854800075292587,-1.1407200038433074,-0.83024001121521,327141,COc1ccc(OC)c(S(=O)(=O)Nc2ccn(C)n2)c1,1.2381,Cn1ccc(NS(=O)(=O)c2ccc(C(N)=O)cc2)n1,True,0.31979999999999975,-0.9183000000000002,0.4423076923076923,False,True
1.0,bin,1,-0.9854800075292587,-1.1407200038433074,-0.83024001121521,327382,CNC(=O)C1CN(C(=O)c2c(C)noc2C)c2ccccc2O1,1.4452399999999996,Cc1noc(C)c1C(=O)N1CC(C(N)=O)Oc2ccccc21,True,1.1845399999999995,-0.26070000000000015,0.78,False,True
1.0,bin,1,-0.9854800075292587,-1.1407200038433074,-0.83024001121521,406491,COCCNC(=O)C1CCCN(S(=O)(=O)N2CCOCC2)C1,-0.9619999999999964,NS(=O)(=O)C1CCN(S(=O)(=O)N2CCOCC2)CC1,True,-1.6836999999999962,-0.7216999999999998,0.34615384615384615,False,True
1.0,bin,1,-0.9854800075292587,-1.1407200038433074,-0.83024001121521,413951,O=C(Cn1ncn2cccc2c1=O)N1CCCCCC1,0.8985999999999996,CC1(O)CCN(C(=O)Cn2ncn3cccc3c2=O)CC1,True,-0.1306000000000005,-1.0292000000000001,0.7291666666666666,False,True
1.0,bin,1,-0.9854800075292587,-1.1407200038433074,-0.83024001121521,427929,CCNc1nc(NCc2ccccc2Cl)c2cnn(C)c2n1,3.060600000000001,COC(=O)c1ccc(CNc2nc(C)nc3c2cnn3C)cc1,True,2.0704199999999995,-0.9901800000000014,0.390625,False,True
1.0,bin,1,-0.9854800075292587,-1.1407200038433074,-0.83024001121521,447130,CCC(NC(=O)C1CCN(C(=O)C2CC2)CC1)c1ccc(C)cc1,3.2109200000000016,CC(NC(=O)C1CCN(C(=O)C2CC2)CC1)c1ccc(C#N)cc1,True,2.384080000000001,-0.8268400000000007,0.5370370370370371,False,True
1.0,bin,1,-0.9854800075292587,-1.1407200038433074,-0.83024001121521,481908,CCNS(=O)(=O)c1ccc(C)c(C(=O)Nc2ncccc2C)c1,2.24894,CNS(=O)(=O)c1cccc(C(=O)Nc2ncccc2C)c1,True,1.5504199999999995,-0.6985200000000007,0.5740740740740741,False,True
1.0,bin,1,-0.9854800075292587,-1.1407200038433074,-0.83024001121521,485220,Cc1nn(CC(=O)N2CCN(C)CC2)c(C)c1Br,1.03644,CCOC(=O)CN1CCN(C(=O)Cn2nc(C)cc2C)CC1,True,0.20724000000000098,-0.829199999999999,0.37037037037037035,False,True
1.0,bin,1,-0.9854800075292587,-1.1407200038433074,-0.83024001121521,526363,Cc1nnc(SCC(=O)Nc2ccc(O)cc2)n(N)c1=O,0.09692,NC(=O)C=C1C=CNC(NC(=O)CSc2nncc(=O)[nH]2)=C1,True,-1.2568000000000001,-1.35372,0.2465753424657534,False,True
1.0,bin,1,-0.9854800075292587,-1.1407200038433074,-0.83024001121521,536853,COc1ccc(C2CCCN2C(=O)C2CCC2)c(OC)c1,3.1674000000000015,NS(=O)(=O)C1CCN(C(=O)C2CCCN2c2ccccc2Cl)C1,True,1.1982000000000015,-1.9692,0.2112676056338028,False,True
1.0,bin,1,-0.9854800075292587,-1.1407200038433074,-0.83024001121521,540312,Cc1nn(C)c2nc(C3CC3)cc(C(=O)NCC(=O)NC(C)(C)C)c12,1.7986199999999997,CNC(=O)C(N)C1C=CC(C)=NN(C)C=NC(C2CC2)=C1,True,0.8756000000000006,-0.9230199999999991,0.2,False,True
1.0,bin,1,-0.9854800075292587,-1.1407200038433074,-0.83024001121521,544381,Cc1nc(N2CCCC(C(=O)NC(C)C)C2)c2c(C)c(C)oc2n1,2.8890600000000006,Cc1nc(N2CCCC(C(=O)NCCO)C2)c2c(C)c(C)oc2n1,True,1.4729599999999998,-1.4161000000000008,0.7368421052631579,False,True
1.0,bin,1,-0.9854800075292587,-1.1407200038433074,-0.83024001121521,544382,CCCNC(=O)C1CCCN(c2nc(C)nc3oc(C)c(C)c23)C1,2.8906600000000013,CCS(=O)(=O)NCCCCNC1=NC(C)=NCOC(C)=C(C)C1,True,1.7840999999999996,-1.1065600000000018,0.14814814814814814,False,True
1.0,bin,1,-0.9854800075292587,-1.1407200038433074,-0.83024001121521,550049,Cc1ccc(C)c(OCC(=O)Nc2cccc(-n3cnnc3)c2)c1,2.9016400000000013,N#Cc1ccc(OCC(=O)Nc2cccc(-n3cnnc3)c2)cc1,True,2.15648,-0.7451600000000012,0.625,False,True
1.0,bin,1,-0.9854800075292587,-1.1407200038433074,-0.83024001121521,573533,Cc1nn(-c2ncc(C(F)(F)F)cc2Cl)c(=O)o1,2.2011199999999995,COC(=O)c1ccc(Cl)c(-n2nc(C)oc2=O)n1,True,0.9689199999999998,-1.2321999999999997,0.41818181818181815,False,True
1.0,bin,1,-0.9854800075292587,-1.1407200038433074,-0.83024001121521,582555,O=C(NCC(O)c1ccccc1)c1ccc2c(=O)n3c(nc2c1)CCC3,1.8061000000000003,Cc1nc2cc(C(=O)NCCc3cccc(C(N)=O)c3)ccc2c(=O)[nH]1,True,1.3029199999999999,-0.5031800000000004,0.3037974683544304,False,True
1.0,bin,1,-0.9854800075292587,-1.1407200038433074,-0.83024001121521,588547,Cc1n[nH]c(C)c1NC(=O)CCc1ccc(Cl)cc1Cl,3.9046400000000023,Cc1cccc(CCC(=O)Nc2c(C)n[nH]c2C)c1,True,2.9062600000000005,-0.9983800000000018,0.5769230769230769,False,False
1.0,bin,1,-0.9854800075292587,-1.1407200038433074,-0.83024001121521,607673,CCCN(CC1CC1)S(=O)(=O)c1ccccc1F,2.636400000000001,O=S(=O)(c1cc(F)ccc1F)N(CCO)CC1CC1,True,1.3578000000000001,-1.2786000000000008,0.5416666666666666,False,True
1.0,bin,1,-0.9854800075292587,-1.1407200038433074,-0.83024001121521,617681,Cc1cc(C(=O)Nc2nc(-c3ccncc3)cs2)nn1C(C)C,3.5432200000000016,CCCn1ccc(C(=O)Nc2nc(-c3ccncc3)cs2)n1,True,3.063900000000001,-0.4793200000000004,0.559322033898305,False,True
1.0,bin,1,-0.9854800075292587,-1.1407200038433074,-0.83024001121521,650267,COc1ccc2oc(C(=O)NC3CCCCNC3=O)c(C)c2c1,2.14832,CC1=C(C(=O)NC2CCCCNC2CN)OOc2ccccc21,True,1.3272000000000004,-0.8211199999999996,0.25,False,True
1.0,bin,1,-0.9854800075292587,-1.1407200038433074,-0.83024001121521,668639,Cc1cc(NC(=O)c2ccccc2Cl)ncc1N,2.8779200000000005,Cc1cnc(NC(=O)C2=CC=COC2)cc1N,True,1.3810199999999997,-1.4969000000000008,0.38596491228070173,False,True
1.0,bin,1,-0.9854800075292587,-1.1407200038433074,-0.83024001121521,673160,CCC(=O)Nc1ccc2oc(C(F)(F)F)cc(=O)c2c1,3.160300000000001,CC(=O)NCCC(=O)c1ccc2oc(C(F)(F)F)cc2c1,True,3.1605000000000016,0.00020000000000042206,0.3728813559322034,False,True
1.0,bin,1,-0.9854800075292587,-1.1407200038433074,-0.83024001121521,711169,Cc1cccc(C(C)C)c1NC(=O)N(C)Cc1ccncc1,4.177320000000003,C#CCOc1cccc(NC(=O)N(C)Cc2ccncc2)c1,True,2.757500000000001,-1.4198200000000014,0.45901639344262296,False,True
1.0,bin,1,-0.9854800075292587,-1.1407200038433074,-0.83024001121521,720969,Cc1noc(C)c1CCC(=O)OCC(=O)N1c2ccccc2CC1C,2.7450400000000013,Cc1noc(C)c1CCC(=O)OCC(=O)N1c2ccccc2CC1O,True,1.67494,-1.0701000000000012,0.8245614035087719,False,True
1.0,bin,1,-0.9854800075292587,-1.1407200038433074,-0.83024001121521,730789,COC(=O)C1CCN(C(=O)c2cc3ccc(F)cc3nc2C)CC1,2.7075200000000006,CNC(=O)C1CCCN(C(=O)c2cc3ccc(F)cc3nc2O)C1,True,1.6776999999999995,-1.029820000000001,0.5,False,True
1.0,bin,1,-0.9854800075292587,-1.1407200038433074,-0.83024001121521,738178,Cc1ccc(-n2ccnc2SCc2nc(C3CC3)no2)cc1C,4.041840000000003,CNC(=O)c1ccc(-n2ccnc2SCc2nc(C3CC3)no2)cc1,True,2.784600000000001,-1.2572400000000021,0.6666666666666666,False,True
1.0,bin,1,-0.9854800075292587,-1.1407200038433074,-0.83024001121521,771897,COc1ccccc1OCC(=O)N(C)Cc1sccc1C,3.102520000000002,CNC(=O)c1ccsc1CN(C)C(=O)COc1ccccc1C,True,2.45352,-0.6490000000000018,0.6111111111111112,False,True
1.0,bin,1,-0.9854800075292587,-1.1407200038433074,-0.83024001121521,811446,COC(=O)C1(NC(=O)c2cc(Br)c[nH]2)CCCCCC1,2.7730000000000006,C=C(C(=O)OC)N(C)C(=O)c1cc(C(=O)N(C)C)cn1CCCCC,True,2.1388,-0.6342000000000008,0.136986301369863,False,True
1.0,bin,1,-0.9854800075292587,-1.1407200038433074,-0.83024001121521,848291,CCC(C)NC(=O)NCc1noc(-c2cccs2)n1,2.3958000000000004,COCCCNC(=O)NCc1noc(-c2cccs2)n1,True,1.6337999999999997,-0.7620000000000007,0.6206896551724138,False,False
1.0,bin,1,-0.9854800075292587,-1.1407200038433074,-0.83024001121521,863440,COc1ccc(-c2nc(CCCO)cs2)cc1OC,2.752200000000001,COc1ccc(-c2nccs2)cc1OCC(O)CO,True,1.5506999999999995,-1.2015000000000016,0.4107142857142857,False,True
1.0,bin,1,-0.9854800075292587,-1.1407200038433074,-0.83024001121521,864663,N#Cc1ccc(-c2cc(F)ccc2F)nc1N1CCCC1,3.498680000000002,N#Cc1ccc(-c2ccc(N)cc2)nc1N1CCCC1,True,2.8026800000000005,-0.6960000000000015,0.5416666666666666,False,True
1.0,bin,1,-0.9854800075292587,-1.1407200038433074,-0.83024001121521,872100,CCc1cccc(C)c1NCC(O)c1ccc2c(c1)OCCO2,3.474120000000002,OC(CNc1ccccc1C(F)(F)F)c1ccc2c(c1)OCCO2,True,3.6221000000000023,0.14798000000000044,0.5357142857142857,False,True
1.0,bin,1,-0.9854800075292587,-1.1407200038433074,-0.83024001121521,886334,COc1ccc(C(=O)N2CCCC(C(=O)N3CCCCC3)C2)c(O)c1,2.2655000000000003,NC(=O)c1ccc(C(=O)N2CCCC(C(=O)N3CCCCC3)C2)cc1,True,1.6501999999999997,-0.6153000000000006,0.5,False,True
1.0,bin,1,-0.9854800075292587,-1.1407200038433074,-0.83024001121521,887387,COCCNC(=O)N(Cc1cccc(F)c1)CC1CCCO1,2.1627,CNC(=O)N(C)CC(=O)N(Cc1ccccc1)CC1CCCO1,True,1.4653999999999994,-0.6973000000000007,0.47761194029850745,False,True
1.0,bin,1,-0.9854800075292587,-1.1407200038433074,-0.83024001121521,889149,N#Cc1ccc(NC(=O)c2ccc(Br)cc2Cl)nc1,3.621480000000001,Cc1ccc(C#N)cc1C(=O)Nc1ccc(F)cn1,True,2.6531000000000002,-0.9683800000000007,0.4909090909090909,False,True
1.0,bin,1,-0.9854800075292587,-1.1407200038433074,-0.83024001121521,913483,O=C(CNC(=O)NCCc1c(Cl)cccc1Cl)NC1CC1,2.1137000000000006,O=C(CNC(=O)NCCc1ccccc1)NC1CC1,True,0.8068999999999993,-1.3068000000000013,0.6590909090909091,False,False
1.0,bin,1,-0.9854800075292587,-1.1407200038433074,-0.83024001121521,917620,C=CCN(Cc1ccccc1OC)C(=O)c1csc(C)n1,3.288520000000002,COC(=O)CN(Cc1ccccc1C)C(=O)c1csc(C)n1,True,2.5753400000000006,-0.7131800000000013,0.5614035087719298,False,True
1.0,bin,1,-0.9854800075292587,-1.1407200038433074,-0.83024001121521,918312,CCOc1ccc(Cl)c(C(=O)N2CCN(c3ncccn3)CC2)n1,1.8860999999999997,COc1ccnc(N2CCN(C(=O)c3ccccn3)CC2)n1,True,0.8426,-1.0434999999999997,0.4576271186440678,False,False
1.0,bin,1,-0.9854800075292587,-1.1407200038433074,-0.83024001121521,922879,CC(=O)c1ccc(N2CCN(Cc3c(F)cccc3F)CC2)cc1,3.489600000000003,CS(=O)(=O)c1ccc(CN2CCN(c3ccccc3)CC2)cc1,True,2.412300000000001,-1.077300000000002,0.36538461538461536,False,True
1.0,bin,1,-0.9854800075292587,-1.1407200038433074,-0.83024001121521,927535,COc1cc(CN2CCN(c3ccccc3F)CC2)ccc1O,2.862100000000002,NC(=O)c1ccccc1CN1CCN(c2ccccc2F)CC1,True,2.2468000000000004,-0.6153000000000017,0.45454545454545453,False,True
1.0,bin,1,-0.9854800075292587,-1.1407200038433074,-0.83024001121521,927567,Cc1ccccc1N1CCN(Cc2cccc(O)c2)CC1,3.022820000000001,N#Cc1cccc(N2CCN(Cc3cccc(C(N)=O)c3)CC2)c1,True,1.97938,-1.0434400000000013,0.3559322033898305,False,True
1.0,bin,1,-0.9854800075292587,-1.1407200038433074,-0.83024001121521,938108,CC(c1ccccc1)N(C)C(=O)CCC(=O)Nc1nccs1,3.0814000000000012,O=C(CCC(=O)Nc1nccs1)NCc1ccc(F)cc1,True,2.3173000000000004,-0.7641000000000009,0.45614035087719296,False,True
1.0,bin,1,-0.9854800075292587,-1.1407200038433074,-0.83024001121521,943303,CN(CCCOc1ccccc1)C(=O)Nc1cccc2c1OCCO2,3.390600000000002,NC(=O)C=CC=COCCCNC(=O)Nc1ccccc1OCCO,True,1.1411,-2.249500000000002,0.21794871794871795,False,True
1.0,bin,1,-0.9854800075292587,-1.1407200038433074,-0.83024001121521,946289,CC(NC(=O)C1(c2cc(-c3ccco3)on2)CC1)c1ccccc1,3.843600000000002,O=C(NCc1ccccc1O)C1(c2cc(-c3ccco3)on2)CC1,True,2.988200000000001,-0.8554000000000013,0.5932203389830508,False,True
1.0,bin,1,-0.9854800075292587,-1.1407200038433074,-0.83024001121521,994077,Cc1nnc(Cn2c(-c3cccc(Br)c3)noc2=O)o1,2.0055199999999997,CCOC(=O)c1nnc(Cn2c(-c3ccccc3)noc2=O)o1,True,1.1113,-0.8942199999999998,0.5084745762711864,False,True
1.0,bin,1,-0.9854800075292587,-1.1407200038433074,-0.83024001121521,1065620,O=C(NCc1cccnc1Oc1ccccc1)c1cccnc1,3.198900000000002,NC(=O)c1ccc(C(=O)NCc2cccnc2Oc2ccccc2)cn1,True,2.2978000000000005,-0.9011000000000013,0.7115384615384616,False,True
1.0,bin,1,-0.9854800075292587,-1.1407200038433074,-0.83024001121521,1093926,CN(C(=O)CNc1cccc(OCC2CCCO2)c1)c1ccccc1,3.319300000000002,NC(=O)c1ccccc1NCC(=O)Nc1cccc(OCC2CCCO2)c1,True,2.3939000000000004,-0.9254000000000016,0.5507246376811594,False,True
1.0,bin,1,-0.9854800075292587,-1.1407200038433074,-0.83024001121521,1107920,CCc1ccc(-n2cc(C(=O)NC(C)c3ccccc3)nn2)cc1,3.320700000000002,CC(NC(=O)c1cn(-c2ccc(F)cc2)nn1)c1ccccc1,True,2.897400000000001,-0.4233000000000011,0.7551020408163265,False,True
1.0,bin,1,-0.9854800075292587,-1.1407200038433074,-0.83024001121521,1113130,CC(NC(=O)Cn1nnnc1C(C)(C)C)c1cccc2ccccc12,3.0012000000000016,CCc1nnnn1CC(=O)NC(C)c1cccc2ccccc12,True,2.2661,-0.7351000000000019,0.7169811320754716,False,True
1.0,bin,1,-0.9854800075292587,-1.1407200038433074,-0.83024001121521,1121751,COC(=O)Cn1ccc(NS(=O)(=O)c2ccc(F)c(F)c2F)n1,1.2742,NC(=O)Cn1ccc(NS(=O)(=O)c2cc(F)ccc2F)n1,True,0.4473999999999992,-0.8268000000000009,0.5535714285714286,False,True
1.0,bin,1,-0.9854800075292587,-1.1407200038433074,-0.83024001121521,1142531,CCOC(C)C(=O)NCCc1csc(-c2ccc(C)cc2)n1,3.2022200000000014,CC(CO)NC(=O)NCCc1csc(-c2ccc(F)cc2)n1,True,2.1717000000000004,-1.030520000000001,0.5081967213114754,False,True
1.0,bin,1,-0.9854800075292587,-1.1407200038433074,-0.83024001121521,1212157,CN(Cc1ccc(F)c(F)c1)C(=O)c1cncc(-c2cnn(C)c2)c1,3.0325000000000015,CNN=CC1=C2CC(=CC(=O)N(C)Cc3cccc(C#N)c3)N=CC12,True,2.0066800000000002,-1.0258200000000013,0.2,False,True
1.0,bin,1,-0.9854800075292587,-1.1407200038433074,-0.83024001121521,1215394,CCn1nc(C)cc1C(=O)Oc1cccc(NC(=O)C(C)C)c1,3.025120000000001,Cc1cc(C(=O)Oc2cccc(C(=O)NC(C)C)c2)n(CCC#N)n1,True,2.4626,-0.562520000000001,0.5076923076923077,False,True
1.0,bin,1,-0.9854800075292587,-1.1407200038433074,-0.83024001121521,1232922,CC(C)(C)OC(=O)NC1CCCN(S(=O)(=O)N2CCOCC2)C1,0.5525000000000011,CCC(C)NC(=O)NC1CCN(S(=O)(=O)N2CCOCC2)CC1,True,0.12550000000000128,-0.4269999999999998,0.41379310344827586,False,True
1.0,bin,1,-0.9854800075292587,-1.1407200038433074,-0.83024001121521,1238973,FC(F)(F)c1cnc(N2CCn3c(nnc3C3CC3)C2)c(Cl)c1,3.2429000000000023,COc1ccc(OC)c(N2CCn3c(nnc3C3CC3)C2)n1,True,1.5878999999999999,-1.6550000000000025,0.4426229508196721,False,True
1.0,bin,1,-0.9854800075292587,-1.1407200038433074,-0.83024001121521,1299495,Cc1cc(CC(=O)N2CCCC2C(C#N)c2ccccc2)no1,2.823900000000001,CC=CC=C1C2=C(C=C(C)ON2)CC(=O)N2CCCC2C1C(N)=O,True,1.6777999999999997,-1.1461000000000012,0.16853932584269662,False,True
1.0,bin,1,-0.9854800075292587,-1.1407200038433074,-0.83024001121521,1309906,CC(C)CC(NC(=O)c1cc(=O)c2ccccc2o1)C(=O)OC(C)C,2.8891000000000018,CCCNC(=O)CCNC(=O)c1cc(=O)c2ccccc2o1,True,1.4390999999999992,-1.4500000000000026,0.4745762711864407,False,True
1.0,bin,1,-0.9854800075292587,-1.1407200038433074,-0.83024001121521,1362816,COCc1cccc(C(=O)NC2CC2c2cccc(Cl)c2)c1,3.772300000000002,COc1cccc(C(=O)NC2CC2c2ccccc2)c1O,True,2.6867000000000014,-1.0856000000000008,0.4406779661016949,False,True
1.0,bin,1,-0.9854800075292587,-1.1407200038433074,-0.83024001121521,1441838,COCC(=O)NC(C(=O)Nc1cccc(-c2nccs2)c1)C(C)C,2.5358,CC(NS(C)(=O)=O)C(=O)Nc1cccc(-c2nccs2)c1,True,1.6862999999999995,-0.8495000000000006,0.5737704918032787,False,False
1.0,bin,1,-0.9854800075292587,-1.1407200038433074,-0.83024001121521,1450449,CCCNC(=O)CSc1nc2c(cc1C#N)CCCC2,2.450380000000001,COCCNC(=O)CSc1nc2c(cc1C#N)CCCC2,True,1.6867800000000002,-0.7636000000000007,0.7924528301886793,False,True
1.0,bin,1,-0.9854800075292587,-1.1407200038433074,-0.83024001121521,1451910,O=S(=O)(NCc1nnc2ccccn12)c1ccc(F)c(F)c1,1.4859999999999995,NC(=O)c1ccc(S(=O)(=O)NCc2nnc3ccccn23)cc1,True,0.30669999999999953,-1.1793,0.6346153846153846,False,False
1.0,bin,1,-0.9854800075292587,-1.1407200038433074,-0.83024001121521,1479798,Cc1nc(C)c(CCC(=O)N(CC(C)C)CC(F)(F)F)c(=O)[nH]1,2.3662400000000003,CCC(C)C(O)(NC(=O)Cc1c(C)nc(C)[nH]c1=O)OC,True,0.38403999999999955,-1.9822000000000009,0.38095238095238093,False,True
1.0,bin,1,-0.9854800075292587,-1.1407200038433074,-0.83024001121521,1507926,COC(=O)C(C)NC(=O)Cc1csc(-c2ccccc2Cl)n1,2.6837,COc1ccccc1-c1nc(CC(=O)NCCC(N)=O)cs1,True,1.3527999999999998,-1.3309000000000002,0.4918032786885246,False,True
1.0,bin,1,-0.9854800075292587,-1.1407200038433074,-0.83024001121521,1527882,Nc1ncccc1C(=O)Nc1ccc2cn[nH]c2c1,1.7923999999999998,NS(=O)(=O)c1ncccc1C(=O)Nc1ccc2cn[nH]c2c1,True,0.8575999999999997,-0.9348000000000001,0.7254901960784313,False,True
1.0,bin,1,-0.9854800075292587,-1.1407200038433074,-0.83024001121521,1532848,COc1ccc(-c2ccc3c(=O)[nH]cnc3c2)cc1Cl,3.2521000000000013,COc1cc(-c2ccc3c(=O)[nH]cnc3c2)cc(OC)c1OC,True,2.615900000000001,-0.6362000000000005,0.7045454545454546,False,True
1.0,bin,1,-0.9854800075292587,-1.1407200038433074,-0.83024001121521,1548351,COc1cc(OC)c2c(c1)C(c1cnccn1)NCC2,1.7288999999999999,CS(=O)(=O)c1ccc2c(c1)C(c1cnccn1)NCC2,True,1.1152000000000002,-0.6136999999999997,0.45614035087719296,False,True
1.0,bin,1,-0.9854800075292587,-1.1407200038433074,-0.83024001121521,1570134,COc1cccc(C(C)N2CCN(C(=O)c3ccc(O)cc3)CC2)c1,2.9198000000000013,COc1ccc(C(=O)N2CCN(Cc3ccc(CO)cc3)CC2)cc1,True,2.1455,-0.7743000000000011,0.39655172413793105,False,True
1.0,bin,1,-0.9854800075292587,-1.1407200038433074,-0.83024001121521,1611406,CC(C)(C)N1CC(NC(=O)C2COc3ccc(F)cc3C2)CC1=O,1.8923999999999994,CN(C)Cc1ccc2c(c1)CC(C(=O)NC1CNC(=O)C1)CO2,True,0.3040000000000012,-1.5883999999999983,0.463768115942029,False,True
1.0,bin,1,-0.9854800075292587,-1.1407200038433074,-0.83024001121521,1612684,CCCC1CN(C(=O)Nc2ccn(CCC(C)C)n2)CCO1,2.9620000000000015,CCCC1CN(C(=O)Nc2ccn(C(C)=O)n2)CCO1,True,1.5759999999999998,-1.3860000000000017,0.6896551724137931,False,True
1.0,bin,1,-0.9854800075292587,-1.1407200038433074,-0.83024001121521,1639675,CCC(CC)c1nnc(NC(=O)c2scnc2C2CC2)s1,4.0279000000000025,CCOCCc1nnc(NC(=O)c2scnc2C2CC2)s1,True,2.7033000000000005,-1.324600000000002,0.6428571428571429,False,True
1.0,bin,1,-0.9854800075292587,-1.1407200038433074,-0.83024001121521,1675660,COc1ccnc(NC(=O)c2cccc(Cl)c2)c1,2.9959000000000007,COc1ccnc(NC(=O)c2cccc(S(C)(=O)=O)c2)c1,True,1.7459999999999998,-1.249900000000001,0.6875,False,False
1.0,bin,1,-0.9854800075292587,-1.1407200038433074,-0.83024001121521,1689728,CCc1noc(CSc2ncnc3sc(C)cc23)n1,3.237420000000002,CC1=CCC(SCc2ccno2)=NC(N)=NCS1,True,2.6192,-0.6182200000000018,0.16216216216216217,False,True
1.0,bin,1,-0.9854800075292587,-1.1407200038433074,-0.83024001121521,1720876,CC(C)(C)CC(=O)NCC(=O)Nc1ccc2c(c1)COC2,2.2077,CCCCS(=O)(=O)NCC(=O)Nc1ccc2c(c1)COC2,True,1.3747999999999998,-0.8329000000000002,0.5471698113207547,False,True
1.0,bin,1,-0.9854800075292587,-1.1407200038433074,-0.83024001121521,1757109,CC(C)Cc1ncc(CNc2ccc3c(c2)COC3)s1,3.983900000000003,COCCC=NC=C1CNc2ccc(c(CO)c2)C1S,True,2.566500000000001,-1.417400000000002,0.0975609756097561,False,True
1.0,bin,1,-0.9854800075292587,-1.1407200038433074,-0.83024001121521,1774061,O=C1NCCCc2[nH]c(-c3cccc4[nH]ccc34)nc21,2.234,Cc1[nH]c(-c2cccc3[nH]ccc23)nc1CNS(C)(=O)=O,True,1.9156199999999994,-0.31838000000000055,0.4098360655737705,False,True
1.0,bin,1,-0.9854800075292587,-1.1407200038433074,-0.83024001121521,1800687,Cc1nn(C)c(-c2nc(-c3cccnn3)no2)c1Cl,1.8889199999999997,COCc1cnn(C)c1-c1nc(-c2cccnn2)no1,True,1.0735,-0.8154199999999998,0.5357142857142857,False,True
1.0,bin,1,-0.9854800075292587,-1.1407200038433074,-0.83024001121521,1815867,FC(F)(F)c1ccc(CN2CCOCC2c2ncon2)cc1,2.661900000000001,CCN(Cc1ccc(-c2ncon2)cc1)CC1COCCO1,True,1.9738999999999998,-0.6880000000000013,0.2857142857142857,False,True
1.0,bin,1,-0.9854800075292587,-1.1407200038433074,-0.83024001121521,1828580,Cc1ccc(N2CC3OCC(=O)N(Cc4cccc(F)c4)C3C2)nn1,1.54032,NC1C2=CC=COC1N(c1cccnn1)CCOCC(=O)NC2,True,-0.4468999999999992,-1.987219999999999,0.15384615384615385,False,True
1.0,bin,1,-0.9854800075292587,-1.1407200038433074,-0.83024001121521,1836183,CCc1ccc(C(=O)NCc2nccc(N(C)C)n2)cc1,2.035,CN(C)c1ccnc(CNC(=O)c2ccccc2O)n1,True,1.1782,-0.8568000000000002,0.6,False,True
1.0,bin,1,-0.9854800075292587,-1.1407200038433074,-0.83024001121521,1842499,COc1ccccc1COc1ccccc1-c1cnn(CCO)c1,3.1300000000000017,C=CC=CC=CCOc1cccc2c1NCCO2,True,3.168100000000001,0.038099999999999135,0.12162162162162163,False,True
1.0,bin,1,-0.9854800075292587,-1.1407200038433074,-0.83024001121521,1865564,COC(CNC(=O)c1ccoc1)c1cccc(F)c1,2.536200000000001,NC(=O)C(CNC(=O)c1ccoc1)c1ccc(F)c(F)c1,True,1.5566999999999993,-0.9795000000000016,0.4827586206896552,False,True
1.0,bin,1,-0.9854800075292587,-1.1407200038433074,-0.83024001121521,1868773,CCCOc1ccc(Cl)c2c1CCNC2C1CC(=O)C1,3.2947000000000015,COc1cc2c(c(Cl)c1OC)C1(CCC1=O)NCC2,True,2.0610999999999993,-1.2336000000000023,0.18309859154929578,False,True
1.0,bin,1,-0.9854800075292587,-1.1407200038433074,-0.83024001121521,1873123,CCC1OC(=O)c2c(OC)ccc(Br)c21,3.079200000000002,CCCOC(=O)c1c(OC)ccc(OC)c1C=O,True,2.0831,-0.996100000000002,0.24528301886792453,False,True
1.0,bin,1,-0.9854800075292587,-1.1407200038433074,-0.83024001121521,1875028,Cc1cccc(C)c1NCC(=O)N1CCCC2CCCCC21,3.8965400000000034,CNC(=O)c1cccc(NCC(=O)N2CCCC3CCCCC32)c1C,True,2.9477200000000012,-0.9488200000000022,0.6346153846153846,False,True
1.0,bin,1,-0.9854800075292587,-1.1407200038433074,-0.83024001121521,1895921,CCC(CC)N(C)C(=O)CC1OC(=O)c2ccccc21,2.935200000000002,CCN(CC(=O)NC(C)C)C(=O)CC1OC(=O)c2ccccc21,True,1.6612999999999996,-1.2739000000000023,0.5660377358490566,False,False
1.0,bin,1,-0.9854800075292587,-1.1407200038433074,-0.83024001121521,1907077,Cc1ccc2[nH]nc(C(=O)Nc3nc(-c4ccco4)cs3)c2c1,3.8401200000000015,NC(=O)c1cnc(NC(=O)c2n[nH]c3ccc(F)cc23)s1,True,1.5096999999999998,-2.330420000000002,0.4057971014492754,False,True
1.0,bin,1,-0.9854800075292587,-1.1407200038433074,-0.83024001121521,1913063,Cc1nn(C)c(C)c1CN(C(=O)c1cn2cccc(C)c2n1)C1CC1,2.797860000000001,Cc1nn(C)cc1CN(C(=O)c1cn2cccc(CO)c2n1)C1CC1,True,1.67332,-1.124540000000001,0.5909090909090909,False,True
1.0,bin,1,-0.9854800075292587,-1.1407200038433074,-0.83024001121521,1922265,CN(CCNC(=O)c1ccc2c(c1)ncn2C)c1ccccc1,2.4395000000000007,CN(CCNC(=O)c1ccc2c(c1)ncn2N)c1ccccc1,True,1.6162999999999994,-0.8232000000000013,0.7884615384615384,False,True
1.0,bin,2,-0.7375200986862183,-0.83024001121521,-0.6448001861572266,32052,COc1ccccc1CNC(=O)Cc1c[nH]c2ccccc12,3.035400000000001,NC(=O)c1ccc(CNC(=O)Cc2c[nH]c3ccccc23)cc1,True,2.1256999999999993,-0.9097000000000017,0.58,False,True
1.0,bin,2,-0.7375200986862183,-0.83024001121521,-0.6448001861572266,116747,COCCSc1ccccc1C(=O)Nc1cccc(C)n1,3.3808200000000017,COC(=O)c1cc(C)nc(NC(=O)c2cccc(C)c2)c1,True,2.7373400000000006,-0.6434800000000012,0.3559322033898305,False,True
1.0,bin,2,-0.7375200986862183,-0.83024001121521,-0.6448001861572266,131060,CS(=O)(=O)NCCc1csc(-c2ccc(F)cc2)n1,2.0408999999999997,CNC(=O)CNC(=O)NCCc1csc(-c2ccc(F)cc2)n1,True,1.5369,-0.5039999999999998,0.5660377358490566,False,True
1.0,bin,2,-0.7375200986862183,-0.83024001121521,-0.6448001861572266,131949,CCc1c(C)nc(SCC(=O)NC(C)C)[nH]c1=O,1.25742,CCc1nc(SCC(=O)NC(C)C)[nH]c(=O)c1C,True,1.2574199999999995,-4.440892098500626e-16,0.6956521739130435,False,True
1.0,bin,2,-0.7375200986862183,-0.83024001121521,-0.6448001861572266,158879,COc1ccc(CC(=O)OCC(=O)c2c[nH]c3ccccc23)cc1,3.145100000000001,NC(=O)Nc1ccc(CC(=O)OCC(=O)c2c[nH]c3ccccc23)cc1,True,2.6271000000000013,-0.5179999999999998,0.6792452830188679,False,True
1.0,bin,2,-0.7375200986862183,-0.83024001121521,-0.6448001861572266,232056,COCCNC(=O)c1cc(=O)c2cc(C)ccc2o1,1.4776199999999993,CNC(=O)CN(C)C(=O)c1cc(=O)c2cccc(OC)c2o1,True,0.6195999999999997,-0.8580199999999996,0.3230769230769231,False,True
1.0,bin,2,-0.7375200986862183,-0.83024001121521,-0.6448001861572266,235788,O=C(Cn1nc(-c2ccco2)oc1=O)NCC(F)(F)F,0.7747999999999999,CCC(=O)N(C)CC(=O)NCCn1nc(-c2ccco2)oc1=O,True,0.08089999999999975,-0.6939000000000002,0.5079365079365079,False,True
1.0,bin,2,-0.7375200986862183,-0.83024001121521,-0.6448001861572266,236081,CC(=O)c1c(C)[nH]c(C(=O)CSc2nc(C(C)C)n[nH]2)c1C,3.0506400000000014,CCOC(=O)c1c(C)[nH]c(C(=O)CSc2nc(C)n[nH]2)c1C,True,2.20976,-0.8408800000000012,0.5636363636363636,False,True
1.0,bin,2,-0.7375200986862183,-0.83024001121521,-0.6448001861572266,281081,O=C(Cn1cccn1)NCc1cccnc1Oc1ccc(F)cc1F,2.665000000000001,O=C(Cn1cccn1)NCc1cccnc1Oc1ccccc1O,True,2.0924,-0.5726000000000009,0.7241379310344828,False,True
1.0,bin,2,-0.7375200986862183,-0.83024001121521,-0.6448001861572266,284170,COc1ccc(-c2nc(CC(=O)Nc3cccc(C)n3)cs2)cc1,3.7033200000000024,COc1ccnc(NC(=O)Cc2csc(-c3ccccc3)n2)c1,True,3.3949000000000016,-0.3084200000000008,0.6101694915254238,False,False
1.0,bin,2,-0.7375200986862183,-0.83024001121521,-0.6448001861572266,288369,Cc1ccc(NCc2nnc3n2CCCCC3)cc1C,3.2334400000000016,Nc1cc(Cl)ccc1NCc1nnc2n1CCCCC2,True,2.8522000000000016,-0.38124,0.5370370370370371,False,True
1.0,bin,2,-0.7375200986862183,-0.83024001121521,-0.6448001861572266,302889,COc1ccc(OC)c(NC(=O)CCNC(=O)c2cccs2)c1,2.5239000000000003,NC(=O)c1ccccc1NC(=O)CCNC(=O)c1cccs1,True,1.6055999999999997,-0.9183000000000006,0.5636363636363636,False,True
1.0,bin,2,-0.7375200986862183,-0.83024001121521,-0.6448001861572266,327141,COc1ccc(OC)c(S(=O)(=O)Nc2ccn(C)n2)c1,1.2381,Cn1ccc(NS(=O)(=O)c2cccc(CO)c2O)n1,True,0.4187999999999999,-0.8193000000000001,0.46296296296296297,False,True
1.0,bin,2,-0.7375200986862183,-0.83024001121521,-0.6448001861572266,327382,CNC(=O)C1CN(C(=O)c2c(C)noc2C)c2ccccc2O1,1.4452399999999996,Cc1noc(C)c1C(=O)N1CC(C(N)=O)Oc2ccccc21,True,1.1845399999999995,-0.26070000000000015,0.78,False,True
1.0,bin,2,-0.7375200986862183,-0.83024001121521,-0.6448001861572266,406491,COCCNC(=O)C1CCCN(S(=O)(=O)N2CCOCC2)C1,-0.9619999999999964,CS(=O)(=O)NC1CCCN(S(=O)(=O)N2CCOCC2)C1,True,-1.4229999999999967,-0.4610000000000003,0.4716981132075472,False,True
1.0,bin,2,-0.7375200986862183,-0.83024001121521,-0.6448001861572266,413951,O=C(Cn1ncn2cccc2c1=O)N1CCCCCC1,0.8985999999999996,NC(=O)C1CCCN(C(=O)Cn2ncn3cccc3c2=O)C1,True,-0.7800999999999996,-1.6786999999999992,0.7254901960784313,False,True
1.0,bin,2,-0.7375200986862183,-0.83024001121521,-0.6448001861572266,427929,CCNc1nc(NCc2ccccc2Cl)c2cnn(C)c2n1,3.060600000000001,CCNc1nc(NCc2ccc(F)cc2)c2cnn(C)c2n1,True,2.5463000000000005,-0.5143000000000004,0.6226415094339622,False,False
1.0,bin,2,-0.7375200986862183,-0.83024001121521,-0.6448001861572266,447130,CCC(NC(=O)C1CCN(C(=O)C2CC2)CC1)c1ccc(C)cc1,3.2109200000000016,Cc1cc(F)ccc1CNC(=O)C1CCN(C(=O)C2CC2)CC1,True,2.3989200000000004,-0.8120000000000012,0.4482758620689655,False,True
1.0,bin,2,-0.7375200986862183,-0.83024001121521,-0.6448001861572266,481908,CCNS(=O)(=O)c1ccc(C)c(C(=O)Nc2ncccc2C)c1,2.24894,Cc1cccnc1NC(=O)c1cccc(NS(C)(=O)=O)c1,True,2.01382,-0.23512000000000022,0.46551724137931033,False,False
1.0,bin,2,-0.7375200986862183,-0.83024001121521,-0.6448001861572266,485220,Cc1nn(CC(=O)N2CCN(C)CC2)c(C)c1Br,1.03644,Cc1nn(CC(=O)N2CCN(S(C)(=O)=O)CC2)c(C)c1Cl,True,0.2571400000000008,-0.7792999999999992,0.5,False,True
1.0,bin,2,-0.7375200986862183,-0.83024001121521,-0.6448001861572266,526363,Cc1nnc(SCC(=O)Nc2ccc(O)cc2)n(N)c1=O,0.09692,NC(=O)C=C1C=CNC(NC(=O)CSc2nncc(=O)[nH]2)=C1,True,-1.2568000000000001,-1.35372,0.2465753424657534,False,True
1.0,bin,2,-0.7375200986862183,-0.83024001121521,-0.6448001861572266,536853,COc1ccc(C2CCCN2C(=O)C2CCC2)c(OC)c1,3.1674000000000015,COc1cc(F)ccc1C1CCCN1C(=O)C1CC1O,True,1.8786,-1.2888000000000015,0.5740740740740741,False,True
1.0,bin,2,-0.7375200986862183,-0.83024001121521,-0.6448001861572266,540312,Cc1nn(C)c2nc(C3CC3)cc(C(=O)NCC(=O)NC(C)(C)C)c12,1.7986199999999997,CCOC(=O)CNC(=O)c1cc(C2CC2)nc2c1c(C)nn2C,True,1.4470199999999995,-0.35160000000000013,0.7368421052631579,False,True
1.0,bin,2,-0.7375200986862183,-0.83024001121521,-0.6448001861572266,544381,Cc1nc(N2CCCC(C(=O)NC(C)C)C2)c2c(C)c(C)oc2n1,2.8890600000000006,COCCN1C(=O)CCCN1C1=NC(C)=NCOC(C)=C(C)C1,True,1.9607999999999994,-0.9282600000000012,0.12941176470588237,False,True
1.0,bin,2,-0.7375200986862183,-0.83024001121521,-0.6448001861572266,544382,CCCNC(=O)C1CCCN(c2nc(C)nc3oc(C)c(C)c23)C1,2.8906600000000013,COCCN1C(=O)CCCN1C=NC(C)=NCOC(C)=C(C)C,True,2.2067999999999994,-0.6838600000000019,0.1411764705882353,False,True
1.0,bin,2,-0.7375200986862183,-0.83024001121521,-0.6448001861572266,550049,Cc1ccc(C)c(OCC(=O)Nc2cccc(-n3cnnc3)c2)c1,2.9016400000000013,N#Cc1cccc(OCC(=O)Nc2cccc(-n3cnnc3)c2)c1,True,2.1564799999999993,-0.745160000000002,0.603448275862069,False,True
1.0,bin,2,-0.7375200986862183,-0.83024001121521,-0.6448001861572266,573533,Cc1nn(-c2ncc(C(F)(F)F)cc2Cl)c(=O)o1,2.2011199999999995,COCc1nn(-c2ncc(Cl)c(Cl)c2C)c(=O)o1,True,1.9821200000000003,-0.2189999999999992,0.39285714285714285,False,True
1.0,bin,2,-0.7375200986862183,-0.83024001121521,-0.6448001861572266,582555,O=C(NCC(O)c1ccccc1)c1ccc2c(=O)n3c(nc2c1)CCC3,1.8061000000000003,Nc1cccc(CCNC(=O)c2ccc3c(=O)n4c(nc3c2)CCC4)c1,True,1.8974,0.09129999999999971,0.5970149253731343,False,True
1.0,bin,2,-0.7375200986862183,-0.83024001121521,-0.6448001861572266,588547,Cc1n[nH]c(C)c1NC(=O)CCc1ccc(Cl)cc1Cl,3.9046400000000023,CCOc1cc(CCC(=O)Nc2c(C)n[nH]c2C)ccc1OC,True,3.0051400000000017,-0.8995000000000006,0.5,False,True
1.0,bin,2,-0.7375200986862183,-0.83024001121521,-0.6448001861572266,607673,CCCN(CC1CC1)S(=O)(=O)c1ccccc1F,2.636400000000001,CCN(CC1CC1)S(=O)(=O)c1ccc(C#N)cc1,True,1.97888,-0.657520000000001,0.39215686274509803,False,True
1.0,bin,2,-0.7375200986862183,-0.83024001121521,-0.6448001861572266,617681,Cc1cc(C(=O)Nc2nc(-c3ccncc3)cs2)nn1C(C)C,3.5432200000000016,CCn1nc(C(=O)Nc2nc(-c3ccncc3)cs2)cc1C,True,2.9822200000000016,-0.5609999999999999,0.7037037037037037,False,False
1.0,bin,2,-0.7375200986862183,-0.83024001121521,-0.6448001861572266,650267,COc1ccc2oc(C(=O)NC3CCCCNC3=O)c(C)c2c1,2.14832,NC1=C(C(=O)NC2CCCCNC2)OOc2ccccc21,True,0.8961999999999997,-1.2521200000000003,0.23076923076923078,False,True
1.0,bin,2,-0.7375200986862183,-0.83024001121521,-0.6448001861572266,668639,Cc1cc(NC(=O)c2ccccc2Cl)ncc1N,2.8779200000000005,COC(=O)c1ccc(NC(=O)c2ccc(C)cc2N)nc1,True,2.01112,-0.8668000000000005,0.4107142857142857,False,True
1.0,bin,2,-0.7375200986862183,-0.83024001121521,-0.6448001861572266,673160,CCC(=O)Nc1ccc2oc(C(F)(F)F)cc(=O)c2c1,3.160300000000001,CCC(=O)Nc1ccc2oc(C(=O)OC)cc(=O)c2c1,True,1.9281,-1.2322000000000013,0.6326530612244898,False,False
1.0,bin,2,-0.7375200986862183,-0.83024001121521,-0.6448001861572266,711169,Cc1cccc(C(C)C)c1NC(=O)N(C)Cc1ccncc1,4.177320000000003,Cc1cccc(NCC(C)O)c1NC(=O)N(C)Cc1ccncc1,True,2.8466200000000006,-1.330700000000002,0.6792452830188679,False,True
1.0,bin,2,-0.7375200986862183,-0.83024001121521,-0.6448001861572266,720969,Cc1noc(C)c1CCC(=O)OCC(=O)N1c2ccccc2CC1C,2.7450400000000013,Cc1noc(C)c1CCC(=O)OCC(=O)N1CCc2ccccc21,True,2.35654,-0.3885000000000014,0.6721311475409836,False,False
1.0,bin,2,-0.7375200986862183,-0.83024001121521,-0.6448001861572266,730789,COC(=O)C1CCN(C(=O)c2cc3ccc(F)cc3nc2C)CC1,2.7075200000000006,Cc1nc2cc(F)ccc2cc1C(=O)N1CCCC(C(N)=O)C1,True,2.0198199999999997,-0.6877000000000009,0.6206896551724138,False,False
1.0,bin,2,-0.7375200986862183,-0.83024001121521,-0.6448001861572266,738178,Cc1ccc(-n2ccnc2SCc2nc(C3CC3)no2)cc1C,4.041840000000003,N#Cc1ccccc1-n1ccnc1SCc1nc(C2CC2)no1,True,3.296680000000002,-0.7451600000000012,0.5901639344262295,False,True
1.0,bin,2,-0.7375200986862183,-0.83024001121521,-0.6448001861572266,771897,COc1ccccc1OCC(=O)N(C)Cc1sccc1C,3.102520000000002,COc1ccc(OCC(=O)NCc2sccc2C)c(N)c1,True,2.3425200000000004,-0.7600000000000016,0.4032258064516129,False,True
1.0,bin,2,-0.7375200986862183,-0.83024001121521,-0.6448001861572266,811446,COC(=O)C1(NC(=O)c2cc(Br)c[nH]2)CCCCCC1,2.7730000000000006,COC(=O)c1c[nH]c(C(=O)NC2CCCCCC2OC)c1,True,1.8787999999999998,-0.8942000000000008,0.3389830508474576,False,True
1.0,bin,2,-0.7375200986862183,-0.83024001121521,-0.6448001861572266,848291,CCC(C)NC(=O)NCc1noc(-c2cccs2)n1,2.3958000000000004,CN(C)C(=O)NCCCc1noc(-c2cccs2)n1,True,2.0019,-0.39390000000000036,0.5166666666666667,False,True
1.0,bin,2,-0.7375200986862183,-0.83024001121521,-0.6448001861572266,863440,COc1ccc(-c2nc(CCCO)cs2)cc1OC,2.752200000000001,COc1cc(-c2nc(CO)cs2)cc(OC)c1OC,True,2.3282000000000007,-0.4240000000000004,0.5434782608695652,False,False
1.0,bin,2,-0.7375200986862183,-0.83024001121521,-0.6448001861572266,864663,N#Cc1ccc(-c2cc(F)ccc2F)nc1N1CCCC1,3.498680000000002,CS(=O)(=O)C=CC=CC1=NC1=CC=C(C#N)CN1CCCC1,True,1.9851800000000002,-1.5135000000000018,0.136986301369863,False,True
1.0,bin,2,-0.7375200986862183,-0.83024001121521,-0.6448001861572266,872100,CCc1cccc(C)c1NCC(O)c1ccc2c(c1)OCCO2,3.474120000000002,OC(CNc1ccc(F)cc1)c1ccc2c(c1)OCCO2,True,2.742400000000001,-0.731720000000001,0.5283018867924528,False,False
1.0,bin,2,-0.7375200986862183,-0.83024001121521,-0.6448001861572266,886334,COc1ccc(C(=O)N2CCCC(C(=O)N3CCCCC3)C2)c(O)c1,2.2655000000000003,NC(=O)C1CCN(C(=O)C2CCCN(C(=O)c3ccccc3)C2)CC1,True,1.2626999999999995,-1.0028000000000008,0.43859649122807015,False,True
1.0,bin,2,-0.7375200986862183,-0.83024001121521,-0.6448001861572266,887387,COCCNC(=O)N(Cc1cccc(F)c1)CC1CCCO1,2.1627,COCCNC(=O)N(Cc1ccccc1)CC1CCCO1,True,2.0235999999999996,-0.13910000000000045,0.7818181818181819,False,False
1.0,bin,2,-0.7375200986862183,-0.83024001121521,-0.6448001861572266,889149,N#Cc1ccc(NC(=O)c2ccc(Br)cc2Cl)nc1,3.621480000000001,Cc1cc(N)ccc1C(=O)Nc1ccc(C#N)cn1,True,2.0961999999999996,-1.5252800000000013,0.5769230769230769,False,True
1.0,bin,2,-0.7375200986862183,-0.83024001121521,-0.6448001861572266,913483,O=C(CNC(=O)NCCc1c(Cl)cccc1Cl)NC1CC1,2.1137000000000006,COC(CNC(=O)NCC(=O)NC1CC1)c1ccccc1C,True,1.26032,-0.8533800000000005,0.4727272727272727,False,True
1.0,bin,2,-0.7375200986862183,-0.83024001121521,-0.6448001861572266,917620,C=CCN(Cc1ccccc1OC)C(=O)c1csc(C)n1,3.288520000000002,COC(=O)c1ccc(CN(C)C(=O)c2csc(C)n2)cc1,True,2.510320000000001,-0.7782000000000009,0.45,False,True
1.0,bin,2,-0.7375200986862183,-0.83024001121521,-0.6448001861572266,918312,CCOc1ccc(Cl)c(C(=O)N2CCN(c3ncccn3)CC2)n1,1.8860999999999997,COC=Cc1cc(C(=O)N2CCN(c3ncccn3)CC2)nc(C)n1,True,1.15452,-0.7315799999999997,0.40625,False,True
1.0,bin,2,-0.7375200986862183,-0.83024001121521,-0.6448001861572266,922879,CC(=O)c1ccc(N2CCN(Cc3c(F)cccc3F)CC2)cc1,3.489600000000003,Oc1cccc(CN2CCN(c3ccc(F)c(F)c3)CC2)c1,True,2.9926000000000013,-0.49700000000000166,0.4230769230769231,False,True
1.0,bin,2,-0.7375200986862183,-0.83024001121521,-0.6448001861572266,927535,COc1cc(CN2CCN(c3ccccc3F)CC2)ccc1O,2.862100000000002,COc1ccc(F)cc1N1CCN(Cc2cccc(CO)c2)CC1,True,2.6488000000000005,-0.2133000000000016,0.5178571428571429,False,True
1.0,bin,2,-0.7375200986862183,-0.83024001121521,-0.6448001861572266,927567,Cc1ccccc1N1CCN(Cc2cccc(O)c2)CC1,3.022820000000001,COc1ccccc1N1CCN(Cc2ccccc2CO)CC1,True,2.5097000000000005,-0.5131200000000007,0.38461538461538464,False,True
1.0,bin,2,-0.7375200986862183,-0.83024001121521,-0.6448001861572266,938108,CC(c1ccccc1)N(C)C(=O)CCC(=O)Nc1nccs1,3.0814000000000012,O=C(CCC(=O)Nc1nccs1)NCc1cccc(F)c1,True,2.3173000000000004,-0.7641000000000009,0.45,False,False
1.0,bin,2,-0.7375200986862183,-0.83024001121521,-0.6448001861572266,943303,CN(CCCOc1ccccc1)C(=O)Nc1cccc2c1OCCO2,3.390600000000002,COC=CC=C1COc2cccc(c2OC)NC(=O)NCC(O)CO1,True,1.6305999999999996,-1.7600000000000022,0.16279069767441862,False,True
1.0,bin,2,-0.7375200986862183,-0.83024001121521,-0.6448001861572266,946289,CC(NC(=O)C1(c2cc(-c3ccco3)on2)CC1)c1ccccc1,3.843600000000002,COc1cccc(CNC(=O)C2(c3cc(-c4ccco4)on3)CC2)c1,True,3.2912000000000017,-0.5524000000000004,0.546875,False,False
1.0,bin,2,-0.7375200986862183,-0.83024001121521,-0.6448001861572266,994077,Cc1nnc(Cn2c(-c3cccc(Br)c3)noc2=O)o1,2.0055199999999997,COc1ccc(-c2noc(=O)n2Cc2nnc(C)o2)cc1C#N,True,1.1233,-0.8822199999999998,0.576271186440678,False,True
1.0,bin,2,-0.7375200986862183,-0.83024001121521,-0.6448001861572266,1065620,O=C(NCc1cccnc1Oc1ccccc1)c1cccnc1,3.198900000000002,Nc1ncccc1C(=O)NCc1cccnc1Oc1ccccc1,True,2.7811000000000012,-0.4178000000000006,0.6470588235294118,False,True
1.0,bin,2,-0.7375200986862183,-0.83024001121521,-0.6448001861572266,1093926,CN(C(=O)CNc1cccc(OCC2CCCO2)c1)c1ccccc1,3.319300000000002,O=C(CNc1ccccc1)Nc1cccc(OCC2CCCO2)c1,True,3.2950000000000017,-0.02430000000000021,0.6779661016949152,False,False
1.0,bin,2,-0.7375200986862183,-0.83024001121521,-0.6448001861572266,1107920,CCc1ccc(-n2cc(C(=O)NC(C)c3ccccc3)nn2)cc1,3.320700000000002,O=C(NCc1cccc(F)c1)c1cn(-c2ccc(F)cc2)nn1,True,2.4755000000000003,-0.845200000000002,0.4262295081967213,False,True
1.0,bin,2,-0.7375200986862183,-0.83024001121521,-0.6448001861572266,1113130,CC(NC(=O)Cn1nnnc1C(C)(C)C)c1cccc2ccccc12,3.0012000000000016,CC(C#N)Sc1nnnn1CC(=O)NC1(C)C=Cc2ccccc21,True,1.7356800000000001,-1.2655200000000015,0.32894736842105265,False,True
1.0,bin,2,-0.7375200986862183,-0.83024001121521,-0.6448001861572266,1121751,COC(=O)Cn1ccc(NS(=O)(=O)c2ccc(F)c(F)c2F)n1,1.2742,COC(=O)Cn1ccc(NS(=O)(=O)c2c(O)cccc2F)n1,True,0.7016000000000002,-0.5725999999999998,0.660377358490566,False,True
1.0,bin,2,-0.7375200986862183,-0.83024001121521,-0.6448001861572266,1142531,CCOC(C)C(=O)NCCc1csc(-c2ccc(C)cc2)n1,3.2022200000000014,CCS(=O)(=O)NCCc1csc(-c2ccc(C)cc2)n1,True,2.600320000000001,-0.6019000000000005,0.5660377358490566,False,False
1.0,bin,2,-0.7375200986862183,-0.83024001121521,-0.6448001861572266,1212157,CN(Cc1ccc(F)c(F)c1)C(=O)c1cncc(-c2cnn(C)c2)c1,3.0325000000000015,CN(Cc1ccc(C(N)=O)cc1)C(=O)c1cncc(-c2cn[nH]c2)c1,True,1.8427999999999998,-1.1897000000000018,0.46875,False,True
1.0,bin,2,-0.7375200986862183,-0.83024001121521,-0.6448001861572266,1215394,CCn1nc(C)cc1C(=O)Oc1cccc(NC(=O)C(C)C)c1,3.025120000000001,CCn1nc(C)cc1C(=O)Oc1ccc(OC)c(OC)c1,True,2.44782,-0.577300000000001,0.5535714285714286,False,True
1.0,bin,2,-0.7375200986862183,-0.83024001121521,-0.6448001861572266,1232922,CC(C)(C)OC(=O)NC1CCCN(S(=O)(=O)N2CCOCC2)C1,0.5525000000000011,CCC1CCN(S(=O)(=O)N2CCCC(NC(N)=O)C2)C1,True,0.0958000000000015,-0.4566999999999996,0.44642857142857145,False,True
1.0,bin,2,-0.7375200986862183,-0.83024001121521,-0.6448001861572266,1238973,FC(F)(F)c1cnc(N2CCn3c(nnc3C3CC3)C2)c(Cl)c1,3.2429000000000023,O=c1c(Br)cnc2n1CCN(c1nccc(F)c1F)C2,True,1.6992,-1.5437000000000023,0.2835820895522388,False,True
1.0,bin,2,-0.7375200986862183,-0.83024001121521,-0.6448001861572266,1299495,Cc1cc(CC(=O)N2CCCC2C(C#N)c2ccccc2)no1,2.823900000000001,Cc1cc(CC(=O)N2CCCC2C(O)c2ccccc2)no1,True,2.25012,-0.5737800000000011,0.75,False,True
1.0,bin,2,-0.7375200986862183,-0.83024001121521,-0.6448001861572266,1309906,CC(C)CC(NC(=O)c1cc(=O)c2ccccc2o1)C(=O)OC(C)C,2.8891000000000018,COCCN(CC(C)C)C(=O)c1cc(=O)c2ccccc2o1,True,2.537600000000001,-0.3515000000000006,0.48333333333333334,False,False
1.0,bin,2,-0.7375200986862183,-0.83024001121521,-0.6448001861572266,1362816,COCc1cccc(C(=O)NC2CC2c2cccc(Cl)c2)c1,3.772300000000002,CC(=O)NCc1ccc(C(=O)NC2CC2c2ccc(C)c(F)c2)cc1,True,3.0561200000000017,-0.7161800000000005,0.3880597014925373,False,True
1.0,bin,2,-0.7375200986862183,-0.83024001121521,-0.6448001861572266,1441838,COCC(=O)NC(C(=O)Nc1cccc(-c2nccs2)c1)C(C)C,2.5358,CC(=O)NCC(=O)Nc1cccc(-c2nccs2)c1,True,1.8846999999999996,-0.6511000000000005,0.576271186440678,False,True
1.0,bin,2,-0.7375200986862183,-0.83024001121521,-0.6448001861572266,1450449,CCCNC(=O)CSc1nc2c(cc1C#N)CCCC2,2.450380000000001,CCCc1cnc(SC(C)C(=O)NC)c(C(N)=O)c1,True,1.3596,-1.090780000000001,0.1891891891891892,False,True
1.0,bin,2,-0.7375200986862183,-0.83024001121521,-0.6448001861572266,1451910,O=S(=O)(NCc1nnc2ccccn12)c1ccc(F)c(F)c1,1.4859999999999995,COc1cc(N)ccc1S(=O)(=O)NCc1nnc2ccccn12,True,0.7985999999999999,-0.6873999999999997,0.5254237288135594,False,True
1.0,bin,2,-0.7375200986862183,-0.83024001121521,-0.6448001861572266,1479798,Cc1nc(C)c(CCC(=O)N(CC(C)C)CC(F)(F)F)c(=O)[nH]1,2.3662400000000003,CC=NC(C)=C(C=O)CCC(=O)N(CCC#N)CC(F)F,True,2.33758,-0.028660000000000352,0.1891891891891892,False,True
1.0,bin,2,-0.7375200986862183,-0.83024001121521,-0.6448001861572266,1507926,COC(=O)C(C)NC(=O)Cc1csc(-c2ccccc2Cl)n1,2.6837,COCCNC(=O)Cc1csc(-c2ccccc2Cl)n1,True,2.7686,0.0849000000000002,0.6481481481481481,False,False
1.0,bin,2,-0.7375200986862183,-0.83024001121521,-0.6448001861572266,1527882,Nc1ncccc1C(=O)Nc1ccc2cn[nH]c2c1,1.7923999999999998,NC(=O)CN(C(=O)c1cccnc1C(N)=O)c1ccc2cn[nH]c2c1,True,0.1888999999999999,-1.6035,0.4444444444444444,False,True
1.0,bin,2,-0.7375200986862183,-0.83024001121521,-0.6448001861572266,1532848,COc1ccc(-c2ccc3c(=O)[nH]cnc3c2)cc1Cl,3.2521000000000013,COc1ccc(-c2ccc3c(=O)[nH]cnc3c2)c(OC)c1OC,True,2.615900000000001,-0.6362000000000005,0.6595744680851063,False,False
1.0,bin,2,-0.7375200986862183,-0.83024001121521,-0.6448001861572266,1548351,COc1cc(OC)c2c(c1)C(c1cnccn1)NCC2,1.7288999999999999,CS(=O)(=O)c1ccc2c(c1)C(c1cnccn1)NCC2,True,1.1152000000000002,-0.6136999999999997,0.45614035087719296,False,True
1.0,bin,2,-0.7375200986862183,-0.83024001121521,-0.6448001861572266,1570134,COc1cccc(C(C)N2CCN(C(=O)c3ccc(O)cc3)CC2)c1,2.9198000000000013,C=C1C(NC(=O)C2(N)C=CC=COC2)CN1Cc1cccc(C#N)c1C,True,1.4783999999999995,-1.4414000000000018,0.11827956989247312,False,True
1.0,bin,2,-0.7375200986862183,-0.83024001121521,-0.6448001861572266,1611406,CC(C)(C)N1CC(NC(=O)C2COc3ccc(F)cc3C2)CC1=O,1.8923999999999994,CCN1CC(NC(=O)C2COc3ccc(F)cc3C2)CC1=O,True,1.113799999999999,-0.7786000000000004,0.7241379310344828,False,True
1.0,bin,2,-0.7375200986862183,-0.83024001121521,-0.6448001861572266,1612684,CCCC1CN(C(=O)Nc2ccn(CCC(C)C)n2)CCO1,2.9620000000000015,CCCC1CN(C(=O)Nc2ccn(C(F)(F)F)n2)CCO1,True,2.3922000000000008,-0.5698000000000008,0.6666666666666666,False,True
1.0,bin,2,-0.7375200986862183,-0.83024001121521,-0.6448001861572266,1639675,CCC(CC)c1nnc(NC(=O)c2scnc2C2CC2)s1,4.0279000000000025,CC(C)Cc1nnc(NC(=O)c2scnc2C2CC2)s1,True,3.3228000000000018,-0.7051000000000007,0.6923076923076923,False,False
1.0,bin,2,-0.7375200986862183,-0.83024001121521,-0.6448001861572266,1675660,COc1ccnc(NC(=O)c2cccc(Cl)c2)c1,2.9959000000000007,COc1ccnc(NC(=O)c2ccccc2C#N)c1,True,2.21418,-0.7817200000000009,0.5384615384615384,False,False
1.0,bin,2,-0.7375200986862183,-0.83024001121521,-0.6448001861572266,1689728,CCc1noc(CSc2ncnc3sc(C)cc23)n1,3.237420000000002,Cc1noc(CSc2ncnc3sc(C#N)cc23)n1,True,2.5467000000000013,-0.6907200000000007,0.5714285714285714,False,True
1.0,bin,2,-0.7375200986862183,-0.83024001121521,-0.6448001861572266,1720876,CC(C)(C)CC(=O)NCC(=O)Nc1ccc2c(c1)COC2,2.2077,CCN(CC)S(=O)(=O)Nc1ccc2c(c1)COC2,True,1.7152999999999998,-0.49240000000000017,0.40384615384615385,False,True
1.0,bin,2,-0.7375200986862183,-0.83024001121521,-0.6448001861572266,1757109,CC(C)Cc1ncc(CNc2ccc3c(c2)COC3)s1,3.983900000000003,CCc1ncc(CNc2cc3c(c(OC)c2)COC3)s1,True,3.3564000000000016,-0.6275000000000013,0.5,False,True
1.0,bin,2,-0.7375200986862183,-0.83024001121521,-0.6448001861572266,1774061,O=C1NCCCc2[nH]c(-c3cccc4[nH]ccc34)nc21,2.234,N#CC1=CC=CNc2c1noc2C1CN=C(c2ccccc2)N1,True,2.61188,0.3778800000000002,0.09523809523809523,False,True
1.0,bin,2,-0.7375200986862183,-0.83024001121521,-0.6448001861572266,1800687,Cc1nn(C)c(-c2nc(-c3cccnn3)no2)c1Cl,1.8889199999999997,COCCOc1[nH][nH]c1-c1nc(-c2cccnn2)no1,True,0.8749999999999999,-1.0139199999999997,0.4166666666666667,False,True
1.0,bin,2,-0.7375200986862183,-0.83024001121521,-0.6448001861572266,1815867,FC(F)(F)c1ccc(CN2CCOCC2c2ncon2)cc1,2.661900000000001,COC1=CC=CC1CN1CCOCC1CN=CON,True,0.32210000000000083,-2.3398000000000003,0.19480519480519481,False,True
1.0,bin,2,-0.7375200986862183,-0.83024001121521,-0.6448001861572266,1828580,Cc1ccc(N2CC3OCC(=O)N(Cc4cccc(F)c4)C3C2)nn1,1.54032,Nc1ccc(N2CCOCC(=O)N(Cc3ccccc3)CC2)nn1,True,0.9241999999999992,-0.6161200000000007,0.2894736842105263,False,True
1.0,bin,2,-0.7375200986862183,-0.83024001121521,-0.6448001861572266,1836183,CCc1ccc(C(=O)NCc2nccc(N(C)C)n2)cc1,2.035,COc1cccc(C(=O)NCc2nccc(N)n2)c1F,True,1.1364999999999998,-0.8985000000000003,0.3492063492063492,False,True
1.0,bin,2,-0.7375200986862183,-0.83024001121521,-0.6448001861572266,1842499,COc1ccccc1COc1ccccc1-c1cnn(CCO)c1,3.1300000000000017,NC(=O)CNC1=C(COc2ccccc2-c2ccccc2)C=N1,True,2.1033,-1.0267000000000017,0.3333333333333333,False,True
1.0,bin,2,-0.7375200986862183,-0.83024001121521,-0.6448001861572266,1865564,COC(CNC(=O)c1ccoc1)c1cccc(F)c1,2.536200000000001,COc1ccccc1C(O)CNC(=O)c1ccoc1,True,1.7515999999999998,-0.7846000000000011,0.5,False,True
1.0,bin,2,-0.7375200986862183,-0.83024001121521,-0.6448001861572266,1868773,CCCOc1ccc(Cl)c2c1CCNC2C1CC(=O)C1,3.2947000000000015,CCCOc1cc2c(cc1O)CC1(CC2)CC(=O)CC1N,True,2.3463,-0.9484000000000017,0.3088235294117647,False,True
1.0,bin,2,-0.7375200986862183,-0.83024001121521,-0.6448001861572266,1873123,CCC1OC(=O)c2c(OC)ccc(Br)c21,3.079200000000002,COCCC1OC(=O)c2c(OC)ccc(Br)c21,True,2.705700000000001,-0.37350000000000083,0.725,False,True
1.0,bin,2,-0.7375200986862183,-0.83024001121521,-0.6448001861572266,1875028,Cc1cccc(C)c1NCC(=O)N1CCCC2CCCCC21,3.8965400000000034,O=C1CNc2ccc(F)c(CO)c2C2CCCCC2CN1,True,2.1335,-1.7630400000000033,0.19117647058823528,False,True
1.0,bin,2,-0.7375200986862183,-0.83024001121521,-0.6448001861572266,1895921,CCC(CC)N(C)C(=O)CC1OC(=O)c2ccccc21,2.935200000000002,CCN(CC(C)OC)C(=O)CC1OC(=O)c2ccccc21,True,2.1715999999999998,-0.763600000000002,0.5769230769230769,False,True
1.0,bin,2,-0.7375200986862183,-0.83024001121521,-0.6448001861572266,1907077,Cc1ccc2[nH]nc(C(=O)Nc3nc(-c4ccco4)cs3)c2c1,3.8401200000000015,C=C(N=C1NC(=O)[SH]1c1n[nH]c2ccccc12)c1ccco1,True,3.2661000000000007,-0.5740200000000009,0.24050632911392406,False,True
1.0,bin,2,-0.7375200986862183,-0.83024001121521,-0.6448001861572266,1913063,Cc1nn(C)c(C)c1CN(C(=O)c1cn2cccc(C)c2n1)C1CC1,2.797860000000001,COC=C(CN(C(=O)c1cn2cccc(C)c2n1)C1CC1)C(C)=NN,True,2.11222,-0.6856400000000007,0.5352112676056338,False,True
1.0,bin,2,-0.7375200986862183,-0.83024001121521,-0.6448001861572266,1922265,CN(CCNC(=O)c1ccc2c(c1)ncn2C)c1ccccc1,2.4395000000000007,CN(CCNC(=O)c1ccc2[nH]cnc2c1)c1ccccc1,True,2.4291,-0.010400000000000631,0.625,False,False
1.0,bin,3,-0.5795501172542572,-0.6448001861572266,-0.5143000483512878,32052,COc1ccccc1CNC(=O)Cc1c[nH]c2ccccc12,3.035400000000001,NC(=O)COc1cccc(CNC(=O)Cc2c[nH]c3ccccc23)c1,True,1.8908999999999996,-1.1445000000000014,0.5263157894736842,False,True
1.0,bin,3,-0.5795501172542572,-0.6448001861572266,-0.5143000483512878,116747,COCCSc1ccccc1C(=O)Nc1cccc(C)n1,3.3808200000000017,COC(=O)CCOc1ccccc1C(=O)Nc1cccc(C)n1,True,2.58422,-0.7966000000000015,0.5740740740740741,False,True
1.0,bin,3,-0.5795501172542572,-0.6448001861572266,-0.5143000483512878,131060,CS(=O)(=O)NCCc1csc(-c2ccc(F)cc2)n1,2.0408999999999997,CS(=O)(=O)NCCc1csc(-c2cccc(C#N)c2)n1,True,1.77348,-0.26741999999999977,0.5961538461538461,False,True
1.0,bin,3,-0.5795501172542572,-0.6448001861572266,-0.5143000483512878,131949,CCc1c(C)nc(SCC(=O)NC(C)C)[nH]c1=O,1.25742,COC(=O)CSc1nc(C)c(C(C)=O)c(=O)[nH]1,True,0.5460199999999997,-0.7114000000000003,0.4423076923076923,False,True
1.0,bin,3,-0.5795501172542572,-0.6448001861572266,-0.5143000483512878,158879,COc1ccc(CC(=O)OCC(=O)c2c[nH]c3ccccc23)cc1,3.145100000000001,NC(=O)NC(C(=O)OCC(=O)c1c[nH]c2ccccc12)c1ccccc1,True,2.303400000000001,-0.8417000000000003,0.4745762711864407,False,True
1.0,bin,3,-0.5795501172542572,-0.6448001861572266,-0.5143000483512878,232056,COCCNC(=O)c1cc(=O)c2cc(C)ccc2o1,1.4776199999999993,COC(=O)CNC(=O)c1cc(=O)c2ccc(C)cc2o1,True,1.0042199999999992,-0.47340000000000004,0.6,False,True
1.0,bin,3,-0.5795501172542572,-0.6448001861572266,-0.5143000483512878,235788,O=C(Cn1nc(-c2ccco2)oc1=O)NCC(F)(F)F,0.7747999999999999,CCC(OC)C(=O)NCCn1nc(-c2ccco2)oc1=O,True,0.6374999999999997,-0.1373000000000002,0.49206349206349204,False,True
1.0,bin,3,-0.5795501172542572,-0.6448001861572266,-0.5143000483512878,236081,CC(=O)c1c(C)[nH]c(C(=O)CSc2nc(C(C)C)n[nH]2)c1C,3.0506400000000014,COC(=O)c1c(C)[nH]c(C(=O)CSc2nc(C(C)C)n[nH]2)c1C,True,2.63464,-0.41600000000000126,0.78,False,False
1.0,bin,3,-0.5795501172542572,-0.6448001861572266,-0.5143000483512878,281081,O=C(Cn1cccn1)NCc1cccnc1Oc1ccc(F)cc1F,2.665000000000001,COc1cccc(Oc2ncccc2CNC(=O)Cn2cccn2)c1,True,2.3954000000000004,-0.2696000000000005,0.6612903225806451,False,True
1.0,bin,3,-0.5795501172542572,-0.6448001861572266,-0.5143000483512878,284170,COc1ccc(-c2nc(CC(=O)Nc3cccc(C)n3)cs2)cc1,3.7033200000000024,O=C(Cc1csc(-c2ccc(F)cc2)n1)Nc1ccccn1,True,3.525400000000001,-0.1779200000000012,0.5423728813559322,False,True
1.0,bin,3,-0.5795501172542572,-0.6448001861572266,-0.5143000483512878,288369,Cc1ccc(NCc2nnc3n2CCCCC3)cc1C,3.2334400000000016,COc1ccc(OC)c(NCc2nnc3n2CCCCC3)c1,True,2.633800000000001,-0.5996400000000008,0.5454545454545454,False,False
1.0,bin,3,-0.5795501172542572,-0.6448001861572266,-0.5143000483512878,302889,COc1ccc(OC)c(NC(=O)CCNC(=O)c2cccs2)c1,2.5239000000000003,NC(=O)c1ccc(NC(=O)CCNC(=O)c2cccs2)cc1,True,1.605599999999999,-0.9183000000000012,0.5087719298245614,False,False
1.0,bin,3,-0.5795501172542572,-0.6448001861572266,-0.5143000483512878,327141,COc1ccc(OC)c(S(=O)(=O)Nc2ccn(C)n2)c1,1.2381,Cn1ccc(NS(=O)(=O)c2ccc(CC(N)=O)cc2)n1,True,0.2486999999999998,-0.9894000000000002,0.41818181818181815,False,True
1.0,bin,3,-0.5795501172542572,-0.6448001861572266,-0.5143000483512878,327382,CNC(=O)C1CN(C(=O)c2c(C)noc2C)c2ccccc2O1,1.4452399999999996,Cc1noc(C)c1C(=O)Nc1ccccc1OC(N)O,True,1.1571399999999998,-0.2880999999999998,0.35384615384615387,False,True
1.0,bin,3,-0.5795501172542572,-0.6448001861572266,-0.5143000483512878,406491,COCCNC(=O)C1CCCN(S(=O)(=O)N2CCOCC2)C1,-0.9619999999999964,N#CCCNC(=O)C1CCN(S(=O)(=O)N2CCOCC2)CC1,True,-0.6947199999999982,0.2672799999999982,0.509090909090909,False,True
1.0,bin,3,-0.5795501172542572,-0.6448001861572266,-0.5143000483512878,413951,O=C(Cn1ncn2cccc2c1=O)N1CCCCCC1,0.8985999999999996,O=C(Cn1ncn2cccc2c1=O)N1CCC(O)CC1,True,-0.5207000000000004,-1.4193,0.7608695652173914,False,True
1.0,bin,3,-0.5795501172542572,-0.6448001861572266,-0.5143000483512878,427929,CCNc1nc(NCc2ccccc2Cl)c2cnn(C)c2n1,3.060600000000001,CCNC=NC(NCc1ccccc1C)=C1C=NN(C)C1=N,True,1.8424899999999995,-1.2181100000000014,0.21333333333333335,False,True
1.0,bin,3,-0.5795501172542572,-0.6448001861572266,-0.5143000483512878,447130,CCC(NC(=O)C1CCN(C(=O)C2CC2)CC1)c1ccc(C)cc1,3.2109200000000016,CCOc1ccc(C(C)NC(=O)C2CCN(C(=O)C3CC3)CC2)cc1,True,2.911100000000001,-0.2998200000000004,0.5740740740740741,False,True
1.0,bin,3,-0.5795501172542572,-0.6448001861572266,-0.5143000483512878,481908,CCNS(=O)(=O)c1ccc(C)c(C(=O)Nc2ncccc2C)c1,2.24894,CCNS(=O)(=O)c1cccc(C(=O)Nc2ncccc2C)c1,True,1.9405199999999996,-0.3084200000000006,0.7254901960784313,False,False
1.0,bin,3,-0.5795501172542572,-0.6448001861572266,-0.5143000483512878,485220,Cc1nn(CC(=O)N2CCN(C)CC2)c(C)c1Br,1.03644,COCCN1CCN(C(=O)Cn2nc(C(=O)OC)c(Cl)c2C)CC1,True,0.4221200000000005,-0.6143199999999995,0.4107142857142857,False,True
1.0,bin,3,-0.5795501172542572,-0.6448001861572266,-0.5143000483512878,526363,Cc1nnc(SCC(=O)Nc2ccc(O)cc2)n(N)c1=O,0.09692,Cc1nnc(SCC(=O)Nc2ccccc2O)n(N)c1=O,True,0.09691999999999984,-1.6653345369377348e-16,0.6862745098039216,False,False
1.0,bin,3,-0.5795501172542572,-0.6448001861572266,-0.5143000483512878,536853,COc1ccc(C2CCCN2C(=O)C2CCC2)c(OC)c1,3.1674000000000015,CS(=O)(=O)Nc1ccccc1C1CCCN1C(=O)C1CCC1,True,2.521700000000001,-0.6457000000000006,0.48214285714285715,False,True
1.0,bin,3,-0.5795501172542572,-0.6448001861572266,-0.5143000483512878,540312,Cc1nn(C)c2nc(C3CC3)cc(C(=O)NCC(=O)NC(C)(C)C)c12,1.7986199999999997,CCN1C=NC(C2CC2)=CCC(C(=O)NCC(=O)O)=CC(C)=N1,True,1.5372999999999999,-0.2613199999999998,0.25316455696202533,False,True
1.0,bin,3,-0.5795501172542572,-0.6448001861572266,-0.5143000483512878,544381,Cc1nc(N2CCCC(C(=O)NC(C)C)C2)c2c(C)c(C)oc2n1,2.8890600000000006,CCNC(=O)C1=NC(N2CCCC(C)C2)=CC(OC)=C(C)OC=N1,True,2.0306999999999995,-0.8583600000000011,0.2289156626506024,False,True
1.0,bin,3,-0.5795501172542572,-0.6448001861572266,-0.5143000483512878,544382,CCCNC(=O)C1CCCN(c2nc(C)nc3oc(C)c(C)c23)C1,2.8906600000000013,CCNC(=O)CCCCNC1=NC=NCOC(C)=C(C)C1,True,1.9808999999999997,-0.9097600000000017,0.17073170731707318,False,True
1.0,bin,3,-0.5795501172542572,-0.6448001861572266,-0.5143000483512878,550049,Cc1ccc(C)c(OCC(=O)Nc2cccc(-n3cnnc3)c2)c1,2.9016400000000013,CN(C)c1cccc(OCC(=O)Nc2cccc(-n3cnnc3)c2)c1,True,2.3507999999999996,-0.5508400000000018,0.603448275862069,False,True
1.0,bin,3,-0.5795501172542572,-0.6448001861572266,-0.5143000483512878,573533,Cc1nn(-c2ncc(C(F)(F)F)cc2Cl)c(=O)o1,2.2011199999999995,Cc1nn(-c2ncc(C(F)(F)F)cc2F)c(=O)o1,True,1.6868200000000002,-0.5142999999999993,0.7619047619047619,False,True
1.0,bin,3,-0.5795501172542572,-0.6448001861572266,-0.5143000483512878,582555,O=C(NCC(O)c1ccccc1)c1ccc2c(=O)n3c(nc2c1)CCC3,1.8061000000000003,NC(=O)C(NC(=O)c1ccc2c(=O)n3c(nc2c1)CCC3)c1ccccc1,True,1.2990999999999988,-0.5070000000000014,0.6774193548387096,False,True
1.0,bin,3,-0.5795501172542572,-0.6448001861572266,-0.5143000483512878,588547,Cc1n[nH]c(C)c1NC(=O)CCc1ccc(Cl)cc1Cl,3.9046400000000023,COc1c(Cl)cccc1CCC(=O)Nc1c(C)n[nH]c1C,True,3.2598400000000005,-0.6448000000000018,0.6296296296296297,False,True
1.0,bin,3,-0.5795501172542572,-0.6448001861572266,-0.5143000483512878,607673,CCCN(CC1CC1)S(=O)(=O)c1ccccc1F,2.636400000000001,CN(CC1CC1)S(=O)(=O)c1ccccc1F,True,1.8562000000000003,-0.7802000000000007,0.6585365853658537,False,True
1.0,bin,3,-0.5795501172542572,-0.6448001861572266,-0.5143000483512878,617681,Cc1cc(C(=O)Nc2nc(-c3ccncc3)cs2)nn1C(C)C,3.5432200000000016,Cc1cc(C(=O)Nc2nc(-c3ccncc3)cs2)nn1C(C)C,True,3.5432200000000016,0.0,1.0,True,False
1.0,bin,3,-0.5795501172542572,-0.6448001861572266,-0.5143000483512878,650267,COc1ccc2oc(C(=O)NC3CCCCNC3=O)c(C)c2c1,2.14832,Nc1ccc2oc(C(=O)NC3CCCCNC3)c(F)c2c1,True,2.026,-0.1223200000000002,0.375,False,True
1.0,bin,3,-0.5795501172542572,-0.6448001861572266,-0.5143000483512878,668639,Cc1cc(NC(=O)c2ccccc2Cl)ncc1N,2.8779200000000005,COc1ccc(C(=O)Nc2cc(C)c(N)cn2)cc1,True,2.2331199999999995,-0.6448000000000009,0.5510204081632653,False,True
1.0,bin,3,-0.5795501172542572,-0.6448001861572266,-0.5143000483512878,673160,CCC(=O)Nc1ccc2oc(C(F)(F)F)cc(=O)c2c1,3.160300000000001,CCS(=O)(=O)Nc1ccc2oc(C(F)(F)F)cc(=O)c2c1,True,2.5734000000000004,-0.5869000000000009,0.6458333333333334,False,True
1.0,bin,3,-0.5795501172542572,-0.6448001861572266,-0.5143000483512878,711169,Cc1cccc(C(C)C)c1NC(=O)N(C)Cc1ccncc1,4.177320000000003,CC(C)COc1ccc(NC(=O)N(C)Cc2ccncc2)c(N)c1,True,3.3625000000000016,-0.814820000000001,0.45161290322580644,False,True
1.0,bin,3,-0.5795501172542572,-0.6448001861572266,-0.5143000483512878,720969,Cc1noc(C)c1CCC(=O)OCC(=O)N1c2ccccc2CC1C,2.7450400000000013,Cc1noc(C)c1CCC(=O)OCC(=O)N1CCc2ccccc21,True,2.35654,-0.3885000000000014,0.6721311475409836,False,False
1.0,bin,3,-0.5795501172542572,-0.6448001861572266,-0.5143000483512878,730789,COC(=O)C1CCN(C(=O)c2cc3ccc(F)cc3nc2C)CC1,2.7075200000000006,Cc1nc2ccc(F)cc2cc1C(=O)N1CCCC(NS(C)(=O)=O)C1,True,1.8361199999999998,-0.8714000000000008,0.49230769230769234,False,True
1.0,bin,3,-0.5795501172542572,-0.6448001861572266,-0.5143000483512878,738178,Cc1ccc(-n2ccnc2SCc2nc(C3CC3)no2)cc1C,4.041840000000003,COc1cccc(-n2ccnc2SCc2nc(C3CC3)no2)c1,True,3.433600000000002,-0.6082400000000012,0.7192982456140351,False,True
1.0,bin,3,-0.5795501172542572,-0.6448001861572266,-0.5143000483512878,771897,COc1ccccc1OCC(=O)N(C)Cc1sccc1C,3.102520000000002,Cc1ccsc1CN(C)C(=O)COc1ccccc1C#N,True,2.965600000000001,-0.13692000000000082,0.72,False,True
1.0,bin,3,-0.5795501172542572,-0.6448001861572266,-0.5143000483512878,811446,COC(=O)C1(NC(=O)c2cc(Br)c[nH]2)CCCCCC1,2.7730000000000006,COC(=O)C1(NC(=O)c2cc(N)c[nH]2)CCCCCC1,True,1.5926999999999993,-1.1803000000000012,0.7272727272727273,False,True
1.0,bin,3,-0.5795501172542572,-0.6448001861572266,-0.5143000483512878,848291,CCC(C)NC(=O)NCc1noc(-c2cccs2)n1,2.3958000000000004,CCCS(=O)(=O)NCc1noc(-c2cccs2)n1,True,1.6274999999999997,-0.7683000000000006,0.543859649122807,False,False
1.0,bin,3,-0.5795501172542572,-0.6448001861572266,-0.5143000483512878,863440,COc1ccc(-c2nc(CCCO)cs2)cc1OC,2.752200000000001,COC=C1C=C(C#CCCOC)C1c1nc(N)cs1,True,2.3190999999999997,-0.4331000000000014,0.15492957746478872,False,True
1.0,bin,3,-0.5795501172542572,-0.6448001861572266,-0.5143000483512878,864663,N#Cc1ccc(-c2cc(F)ccc2F)nc1N1CCCC1,3.498680000000002,Nc1ccc(-c2ccc(O)cc2)nc1N1CCCC1,True,2.6366000000000005,-0.8620800000000015,0.3148148148148148,False,True
1.0,bin,3,-0.5795501172542572,-0.6448001861572266,-0.5143000483512878,872100,CCc1cccc(C)c1NCC(O)c1ccc2c(c1)OCCO2,3.474120000000002,Cc1ccc(NCC(O)c2ccc3c(c2)OCCO3)cc1F,True,3.0508200000000016,-0.42330000000000023,0.5636363636363636,False,True
1.0,bin,3,-0.5795501172542572,-0.6448001861572266,-0.5143000483512878,886334,COc1ccc(C(=O)N2CCCC(C(=O)N3CCCCC3)C2)c(O)c1,2.2655000000000003,CNC(=O)c1ccc(C(=O)N2CCCC(C(=O)N3CCCCC3)C2)cc1,True,1.9108999999999998,-0.35460000000000047,0.5,False,True
1.0,bin,3,-0.5795501172542572,-0.6448001861572266,-0.5143000483512878,887387,COCCNC(=O)N(Cc1cccc(F)c1)CC1CCCO1,2.1627,CS(=O)(=O)N(Cc1cccc(F)c1)CC1CCCO1,True,1.7663,-0.3964000000000001,0.5573770491803278,False,True
1.0,bin,3,-0.5795501172542572,-0.6448001861572266,-0.5143000483512878,889149,N#Cc1ccc(NC(=O)c2ccc(Br)cc2Cl)nc1,3.621480000000001,COc1cc(Br)ccc1C(=O)Nc1ccc(C#N)cn1,True,2.976680000000001,-0.6448,0.7,False,True
1.0,bin,3,-0.5795501172542572,-0.6448001861572266,-0.5143000483512878,913483,O=C(CNC(=O)NCCc1c(Cl)cccc1Cl)NC1CC1,2.1137000000000006,Cc1ccc(CCNC(=O)NCC(=O)NC2CC2)c(C)c1,True,1.42374,-0.6899600000000006,0.5490196078431373,False,True
1.0,bin,3,-0.5795501172542572,-0.6448001861572266,-0.5143000483512878,917620,C=CCN(Cc1ccccc1OC)C(=O)c1csc(C)n1,3.288520000000002,C=CCN(Cc1ccc(C#N)cc1)C(=O)c1cscn1,True,2.843180000000001,-0.44534000000000074,0.36363636363636365,False,True
1.0,bin,3,-0.5795501172542572,-0.6448001861572266,-0.5143000483512878,918312,CCOc1ccc(Cl)c(C(=O)N2CCN(c3ncccn3)CC2)n1,1.8860999999999997,Cc1cccnc1N1CCN(C(=O)c2cc(Cl)ccn2)CC1,True,2.4008200000000004,0.5147200000000007,0.3709677419354839,False,True
1.0,bin,3,-0.5795501172542572,-0.6448001861572266,-0.5143000483512878,922879,CC(=O)c1ccc(N2CCN(Cc3c(F)cccc3F)CC2)cc1,3.489600000000003,COc1ccccc1N1CCN(Cc2ccccc2CO)CC1,True,2.5097000000000005,-0.9799000000000024,0.2807017543859649,False,True
1.0,bin,3,-0.5795501172542572,-0.6448001861572266,-0.5143000483512878,927535,COc1cc(CN2CCN(c3ccccc3F)CC2)ccc1O,2.862100000000002,CCN(CCNC1=CC=COC1c1ccc(F)cc1)CC(C)O,True,2.5869000000000013,-0.2752000000000008,0.0975609756097561,False,True
1.0,bin,3,-0.5795501172542572,-0.6448001861572266,-0.5143000483512878,927567,Cc1ccccc1N1CCN(Cc2cccc(O)c2)CC1,3.022820000000001,Cc1cccc(CN2CCN(c3cccc(O)c3)CC2)c1O,True,2.728420000000001,-0.2944,0.5208333333333334,False,True
1.0,bin,3,-0.5795501172542572,-0.6448001861572266,-0.5143000483512878,938108,CC(c1ccccc1)N(C)C(=O)CCC(=O)Nc1nccs1,3.0814000000000012,COc1ccc(CN(C)C(=O)CCC(=O)Nc2nccs2)cc1,True,2.529000000000001,-0.5524000000000004,0.5254237288135594,False,True
1.0,bin,3,-0.5795501172542572,-0.6448001861572266,-0.5143000483512878,943303,CN(CCCOc1ccccc1)C(=O)Nc1cccc2c1OCCO2,3.390600000000002,O=C(NCCCOc1ccccc1)Nc1cccc2c1OCCO2,True,3.048400000000001,-0.34220000000000095,0.6545454545454545,False,True
1.0,bin,3,-0.5795501172542572,-0.6448001861572266,-0.5143000483512878,946289,CC(NC(=O)C1(c2cc(-c3ccco3)on2)CC1)c1ccccc1,3.843600000000002,O=C(NCc1cccc(F)c1)C1(c2cc(-c3ccco3)on2)CC1,True,3.421700000000002,-0.42189999999999994,0.5483870967741935,False,True
1.0,bin,3,-0.5795501172542572,-0.6448001861572266,-0.5143000483512878,994077,Cc1nnc(Cn2c(-c3cccc(Br)c3)noc2=O)o1,2.0055199999999997,CCOc1cccc(-c2noc(=O)n2Cc2nnc(C)o2)c1,True,1.6417199999999996,-0.3638000000000001,0.6981132075471698,False,True
1.0,bin,3,-0.5795501172542572,-0.6448001861572266,-0.5143000483512878,1065620,O=C(NCc1cccnc1Oc1ccccc1)c1cccnc1,3.198900000000002,NC(=O)NC=C1C=CC(C(=O)NCc2cccnc2Oc2ccccc2)=C1,True,2.538500000000001,-0.660400000000001,0.5409836065573771,False,True
1.0,bin,3,-0.5795501172542572,-0.6448001861572266,-0.5143000483512878,1093926,CN(C(=O)CNc1cccc(OCC2CCCO2)c1)c1ccccc1,3.319300000000002,NC(=O)c1cccc(NCC(=O)Nc2cccc(OCC3CCCO3)c2)c1,True,2.3939000000000004,-0.9254000000000016,0.5909090909090909,False,True
1.0,bin,3,-0.5795501172542572,-0.6448001861572266,-0.5143000483512878,1107920,CCc1ccc(-n2cc(C(=O)NC(C)c3ccccc3)nn2)cc1,3.320700000000002,CCOCc1ccccc1CNC(=O)c1cn(-c2ccccc2)nn1,True,2.7338000000000013,-0.5869000000000009,0.45901639344262296,False,True
1.0,bin,3,-0.5795501172542572,-0.6448001861572266,-0.5143000483512878,1113130,CC(NC(=O)Cn1nnnc1C(C)(C)C)c1cccc2ccccc12,3.0012000000000016,CCc1nnnn1CC(=O)NC(C)c1cccc2ccccc12,True,2.2661,-0.7351000000000019,0.7169811320754716,False,True
1.0,bin,3,-0.5795501172542572,-0.6448001861572266,-0.5143000483512878,1121751,COC(=O)Cn1ccc(NS(=O)(=O)c2ccc(F)c(F)c2F)n1,1.2742,COC(=O)Cn1ccc(NS(=O)(=O)c2cccc(O)c2)n1,True,0.5625,-0.7117,0.5714285714285714,False,True
1.0,bin,3,-0.5795501172542572,-0.6448001861572266,-0.5143000483512878,1142531,CCOC(C)C(=O)NCCc1csc(-c2ccc(C)cc2)n1,3.2022200000000014,O=C(NCCO)c1csc(-c2ccc(Br)cc2)n1,True,2.2946999999999997,-0.9075200000000017,0.3442622950819672,False,True
1.0,bin,3,-0.5795501172542572,-0.6448001861572266,-0.5143000483512878,1212157,CN(Cc1ccc(F)c(F)c1)C(=O)c1cncc(-c2cnn(C)c2)c1,3.0325000000000015,COC(=O)CN(Cc1ccccc1)C(=O)c1cncc(-c2cnn(C)c2)c1,True,2.2975000000000003,-0.7350000000000012,0.5230769230769231,False,True
1.0,bin,3,-0.5795501172542572,-0.6448001861572266,-0.5143000483512878,1215394,CCn1nc(C)cc1C(=O)Oc1cccc(NC(=O)C(C)C)c1,3.025120000000001,CCn1nc(C)cc1C(=O)Oc1cccc(CNC(=O)OC)c1,True,2.28662,-0.738500000000001,0.5932203389830508,False,True
1.0,bin,3,-0.5795501172542572,-0.6448001861572266,-0.5143000483512878,1232922,CC(C)(C)OC(=O)NC1CCCN(S(=O)(=O)N2CCOCC2)C1,0.5525000000000011,CCCNC(=O)C1CCN(S(=O)(=O)N2CCOCC2)CC1,True,-0.19839999999999836,-0.7508999999999995,0.39285714285714285,False,True
1.0,bin,3,-0.5795501172542572,-0.6448001861572266,-0.5143000483512878,1238973,FC(F)(F)c1cnc(N2CCn3c(nnc3C3CC3)C2)c(Cl)c1,3.2429000000000023,FC(F)(F)c1cccnc1N1CCn2c(nnc2C2CC2)C1,True,2.5895,-0.6534000000000022,0.5714285714285714,False,True
1.0,bin,3,-0.5795501172542572,-0.6448001861572266,-0.5143000483512878,1299495,Cc1cc(CC(=O)N2CCCC2C(C#N)c2ccccc2)no1,2.823900000000001,CC=CC=C1C2=C(C=C(C)ON2)CC(=O)N2CCCC2C1O,True,1.9372000000000003,-0.8867000000000007,0.17647058823529413,False,True
1.0,bin,3,-0.5795501172542572,-0.6448001861572266,-0.5143000483512878,1309906,CC(C)CC(NC(=O)c1cc(=O)c2ccccc2o1)C(=O)OC(C)C,2.8891000000000018,C=CCNC(=O)c1cc(=O)c2ccccc2o1,True,1.7088,-1.1803000000000017,0.4909090909090909,False,True
1.0,bin,3,-0.5795501172542572,-0.6448001861572266,-0.5143000483512878,1362816,COCc1cccc(C(=O)NC2CC2c2cccc(Cl)c2)c1,3.772300000000002,CNC(=O)Nc1cccc(C(=O)NC2CC2c2cccc(Cl)c2)c1,True,3.377200000000002,-0.39510000000000023,0.6140350877192983,False,True
1.0,bin,3,-0.5795501172542572,-0.6448001861572266,-0.5143000483512878,1441838,COCC(=O)NC(C(=O)Nc1cccc(-c2nccs2)c1)C(C)C,2.5358,Cc1cc(-c2nccs2)ccc1C(=O)NC(N)(O)C(C)C,True,2.10912,-0.42668000000000017,0.35714285714285715,False,True
1.0,bin,3,-0.5795501172542572,-0.6448001861572266,-0.5143000483512878,1450449,CCCNC(=O)CSc1nc2c(cc1C#N)CCCC2,2.450380000000001,COCCNC(=O)CSc1nc2c(cc1C#N)CCCC2,True,1.6867800000000002,-0.7636000000000007,0.7924528301886793,False,True
1.0,bin,3,-0.5795501172542572,-0.6448001861572266,-0.5143000483512878,1451910,O=S(=O)(NCc1nnc2ccccn12)c1ccc(F)c(F)c1,1.4859999999999995,NC(=O)c1cccc(S(=O)(=O)NCc2nnc3ccccn23)c1Cl,True,0.9600999999999998,-0.5258999999999997,0.5,False,True
1.0,bin,3,-0.5795501172542572,-0.6448001861572266,-0.5143000483512878,1479798,Cc1nc(C)c(CCC(=O)N(CC(C)C)CC(F)(F)F)c(=O)[nH]1,2.3662400000000003,CCOC(=O)CCc1c(C)nc(C)[nH]c1=O,True,0.8824399999999999,-1.4838000000000005,0.5098039215686274,False,True
1.0,bin,3,-0.5795501172542572,-0.6448001861572266,-0.5143000483512878,1507926,COC(=O)C(C)NC(=O)Cc1csc(-c2ccccc2Cl)n1,2.6837,COCC(C)NC(=O)c1csc(-c2ccccc2)n1,True,2.5748000000000006,-0.10889999999999933,0.36507936507936506,False,False
1.0,bin,3,-0.5795501172542572,-0.6448001861572266,-0.5143000483512878,1527882,Nc1ncccc1C(=O)Nc1ccc2cn[nH]c2c1,1.7923999999999998,NC(=O)c1ccc(C(=O)Nc2ccc3cn[nH]c3c2)cn1,True,1.3090999999999997,-0.48330000000000006,0.5555555555555556,False,True
1.0,bin,3,-0.5795501172542572,-0.6448001861572266,-0.5143000483512878,1532848,COc1ccc(-c2ccc3c(=O)[nH]cnc3c2)cc1Cl,3.2521000000000013,CCOC=C1C(O)=CC=C1c1ccc2c(=O)[nH]cnc2c1,True,2.6824000000000003,-0.569700000000001,0.4406779661016949,False,True
1.0,bin,3,-0.5795501172542572,-0.6448001861572266,-0.5143000483512878,1548351,COc1cc(OC)c2c(c1)C(c1cnccn1)NCC2,1.7288999999999999,NC(=O)Nc1ccc2c(c1)C(c1cnccn1)NCC2,True,1.2023,-0.5266,0.43333333333333335,False,True
1.0,bin,3,-0.5795501172542572,-0.6448001861572266,-0.5143000483512878,1570134,COc1cccc(C(C)N2CCN(C(=O)c3ccc(O)cc3)CC2)c1,2.9198000000000013,COc1cccc(C(=O)N2CCN(Cc3cccc(O)c3)CC2)c1,True,2.3588000000000005,-0.5610000000000008,0.4827586206896552,False,True
1.0,bin,3,-0.5795501172542572,-0.6448001861572266,-0.5143000483512878,1611406,CC(C)(C)N1CC(NC(=O)C2COc3ccc(F)cc3C2)CC1=O,1.8923999999999994,CCN1CC(NC(=O)C2COc3ccc(F)cc3C2)CC1=O,True,1.113799999999999,-0.7786000000000004,0.7241379310344828,False,True
1.0,bin,3,-0.5795501172542572,-0.6448001861572266,-0.5143000483512878,1612684,CCCC1CN(C(=O)Nc2ccn(CCC(C)C)n2)CCO1,2.9620000000000015,CC(C)CCn1ccc(NC(=O)N2CCOC(C)C2C)n1,True,2.5703000000000005,-0.39170000000000105,0.6229508196721312,False,True
1.0,bin,3,-0.5795501172542572,-0.6448001861572266,-0.5143000483512878,1639675,CCC(CC)c1nnc(NC(=O)c2scnc2C2CC2)s1,4.0279000000000025,CCCSc1nnc(NC(=O)c2scnc2C)s1,True,3.0574200000000014,-0.9704800000000011,0.4406779661016949,False,True
1.0,bin,3,-0.5795501172542572,-0.6448001861572266,-0.5143000483512878,1675660,COc1ccnc(NC(=O)c2cccc(Cl)c2)c1,2.9959000000000007,COc1ccnc(NC(=O)c2ccc(F)cc2N)c1,True,2.0638,-0.9321000000000006,0.5094339622641509,False,True
1.0,bin,3,-0.5795501172542572,-0.6448001861572266,-0.5143000483512878,1689728,CCc1noc(CSc2ncnc3sc(C)cc23)n1,3.237420000000002,COCc1noc(CSc2ncnc3sc(C)cc23)n1,True,2.8214200000000007,-0.41600000000000126,0.78,False,True
1.0,bin,3,-0.5795501172542572,-0.6448001861572266,-0.5143000483512878,1720876,CC(C)(C)CC(=O)NCC(=O)Nc1ccc2c(c1)COC2,2.2077,CCCN(CCO)C(=O)Nc1ccc2c(c1)COC2,True,1.9529999999999998,-0.25470000000000015,0.46296296296296297,False,True
1.0,bin,3,-0.5795501172542572,-0.6448001861572266,-0.5143000483512878,1757109,CC(C)Cc1ncc(CNc2ccc3c(c2)COC3)s1,3.983900000000003,CCOCCC=NC=C1CNc2ccc(c(CO)c2)C1S,True,2.9566000000000012,-1.0273000000000017,0.10843373493975904,False,True
1.0,bin,3,-0.5795501172542572,-0.6448001861572266,-0.5143000483512878,1774061,O=C1NCCCc2[nH]c(-c3cccc4[nH]ccc34)nc21,2.234,NC(=O)CC1NC(=O)c2[nH]c(-c3cccc4[nH]ccc34)nc21,True,1.2178999999999993,-1.0161000000000007,0.42857142857142855,False,True
1.0,bin,3,-0.5795501172542572,-0.6448001861572266,-0.5143000483512878,1800687,Cc1nn(C)c(-c2nc(-c3cccnn3)no2)c1Cl,1.8889199999999997,COc1c(-c2nc(-c3cccnn3)no2)c(C)nn1C,True,1.2441199999999997,-0.6448,0.6153846153846154,False,True
1.0,bin,3,-0.5795501172542572,-0.6448001861572266,-0.5143000483512878,1815867,FC(F)(F)c1ccc(CN2CCOCC2c2ncon2)cc1,2.661900000000001,Fc1cccc(Cl)c1CN1CCOCC1c1ncon1,True,2.4356,-0.22630000000000106,0.5964912280701754,False,False
1.0,bin,3,-0.5795501172542572,-0.6448001861572266,-0.5143000483512878,1828580,Cc1ccc(N2CC3OCC(=O)N(Cc4cccc(F)c4)C3C2)nn1,1.54032,COc1ccc(CN2C(=O)COC3CN(c4cccnn4)CC32)cc1,True,1.1013999999999997,-0.4389200000000002,0.5217391304347826,False,True
1.0,bin,3,-0.5795501172542572,-0.6448001861572266,-0.5143000483512878,1836183,CCc1ccc(C(=O)NCc2nccc(N(C)C)n2)cc1,2.035,CN(C)c1ccnc(CNC(=O)c2cccc(N)c2)n1,True,1.0548000000000002,-0.9802,0.6274509803921569,False,True
1.0,bin,3,-0.5795501172542572,-0.6448001861572266,-0.5143000483512878,1842499,COc1ccccc1COc1ccccc1-c1cnn(CCO)c1,3.1300000000000017,Cn1cc(-c2ccccc2COc2ccc(C(N)=O)cc2)cn1,True,2.7650000000000006,-0.3650000000000011,0.4098360655737705,False,True
1.0,bin,3,-0.5795501172542572,-0.6448001861572266,-0.5143000483512878,1865564,COC(CNC(=O)c1ccoc1)c1cccc(F)c1,2.536200000000001,O=C(NCC(O)c1ccc(F)c(F)c1)c1ccoc1,True,2.0212000000000003,-0.5150000000000006,0.509090909090909,False,True
1.0,bin,3,-0.5795501172542572,-0.6448001861572266,-0.5143000483512878,1868773,CCCOc1ccc(Cl)c2c1CCNC2C1CC(=O)C1,3.2947000000000015,COc1c(Cl)cc2cc1C(C1CC(=O)C1N)CC2,True,2.2946999999999997,-1.0000000000000018,0.2,False,True
1.0,bin,3,-0.5795501172542572,-0.6448001861572266,-0.5143000483512878,1873123,CCC1OC(=O)c2c(OC)ccc(Br)c21,3.079200000000002,COc1ccc(Br)c2c1OC(=O)C2C,True,2.4802,-0.599000000000002,0.45454545454545453,False,True
1.0,bin,3,-0.5795501172542572,-0.6448001861572266,-0.5143000483512878,1875028,Cc1cccc(C)c1NCC(=O)N1CCCC2CCCCC21,3.8965400000000034,CC(=O)N1C=CC=C(NCC(=O)NCCC2CCCCC2C)CC1,True,2.5584,-1.3381400000000037,0.2361111111111111,False,True
1.0,bin,3,-0.5795501172542572,-0.6448001861572266,-0.5143000483512878,1895921,CCC(CC)N(C)C(=O)CC1OC(=O)c2ccccc21,2.935200000000002,CCN(C)C(=O)CC1OC(=O)c2cc(C)ccc21,True,2.0749199999999997,-0.8602800000000022,0.5098039215686274,False,True
1.0,bin,3,-0.5795501172542572,-0.6448001861572266,-0.5143000483512878,1907077,Cc1ccc2[nH]nc(C(=O)Nc3nc(-c4ccco4)cs3)c2c1,3.8401200000000015,O=C(Nc1nc(-c2ccco2)cs1)c1n[nH]c2ccccc12,True,3.5317000000000007,-0.3084200000000008,0.7636363636363637,False,False
1.0,bin,3,-0.5795501172542572,-0.6448001861572266,-0.5143000483512878,1913063,Cc1nn(C)c(C)c1CN(C(=O)c1cn2cccc(C)c2n1)C1CC1,2.797860000000001,Cc1cc[nH]c2c(C(=O)N(Cc3cnn(C)c3C#N)C3CC3)nc-2c1,True,2.2329,-0.564960000000001,0.32098765432098764,False,True
1.0,bin,3,-0.5795501172542572,-0.6448001861572266,-0.5143000483512878,1922265,CN(CCNC(=O)c1ccc2c(c1)ncn2C)c1ccccc1,2.4395000000000007,Cn1cnc2cc(C(=O)NCCNc3cccc(O)c3)ccc21,True,2.1208,-0.31870000000000065,0.5862068965517241,False,True
1.0,bin,4,-0.4522000253200531,-0.5143000483512878,-0.39010000228881836,32052,COc1ccccc1CNC(=O)Cc1c[nH]c2ccccc12,3.035400000000001,COc1ccc(CNC(=O)Cc2c[nH]c3ccc(N)cc23)cc1,True,2.6176000000000004,-0.4178000000000006,0.5178571428571429,False,True
1.0,bin,4,-0.4522000253200531,-0.5143000483512878,-0.39010000228881836,116747,COCCSc1ccccc1C(=O)Nc1cccc(C)n1,3.3808200000000017,CC=CC=CC(=O)NC(=O)c1ccccc1SCCCN,True,2.5162,-0.8646200000000017,0.3548387096774194,False,True
1.0,bin,4,-0.4522000253200531,-0.5143000483512878,-0.39010000228881836,131060,CS(=O)(=O)NCCc1csc(-c2ccc(F)cc2)n1,2.0408999999999997,CN(C)S(=O)(=O)NCCc1csc(-c2ccccc2)n1,True,1.7486000000000004,-0.29229999999999934,0.5714285714285714,False,False
1.0,bin,4,-0.4522000253200531,-0.5143000483512878,-0.39010000228881836,131949,CCc1c(C)nc(SCC(=O)NC(C)C)[nH]c1=O,1.25742,CCCc1cc(=O)[nH]c(SCC(=O)N(C)C)n1,True,0.9027000000000001,-0.3547199999999999,0.3050847457627119,False,False
1.0,bin,4,-0.4522000253200531,-0.5143000483512878,-0.39010000228881836,158879,COc1ccc(CC(=O)OCC(=O)c2c[nH]c3ccccc23)cc1,3.145100000000001,CC(=O)Nc1ccc(CC(=O)OCC(=O)c2c[nH]c3ccccc23)cc1,True,3.094900000000001,-0.050200000000000244,0.7115384615384616,False,True
1.0,bin,4,-0.4522000253200531,-0.5143000483512878,-0.39010000228881836,232056,COCCNC(=O)c1cc(=O)c2cc(C)ccc2o1,1.4776199999999993,COCCNC(=O)CNc1c(F)cccc1C=O,True,0.8126999999999994,-0.6649199999999998,0.2857142857142857,False,True
1.0,bin,4,-0.4522000253200531,-0.5143000483512878,-0.39010000228881836,235788,O=C(Cn1nc(-c2ccco2)oc1=O)NCC(F)(F)F,0.7747999999999999,CCCN(CC(N)=O)C(=O)Cn1nc(-c2ccco2)oc1=O,True,-0.17980000000000018,-0.9546000000000001,0.5081967213114754,False,True
1.0,bin,4,-0.4522000253200531,-0.5143000483512878,-0.39010000228881836,236081,CC(=O)c1c(C)[nH]c(C(=O)CSc2nc(C(C)C)n[nH]2)c1C,3.0506400000000014,CC1=CC(=O)CC(C)(C(=O)CSc2nc(C)n[nH]2)N1,True,0.9992199999999998,-2.0514200000000016,0.2835820895522388,False,True
1.0,bin,4,-0.4522000253200531,-0.5143000483512878,-0.39010000228881836,281081,O=C(Cn1cccn1)NCc1cccnc1Oc1ccc(F)cc1F,2.665000000000001,O=C(Cn1cccn1)NCc1cccnc1Oc1ccccc1,True,2.3868,-0.2782000000000009,0.6724137931034483,False,False
1.0,bin,4,-0.4522000253200531,-0.5143000483512878,-0.39010000228881836,284170,COc1ccc(-c2nc(CC(=O)Nc3cccc(C)n3)cs2)cc1,3.7033200000000024,O=C(Cc1csc(-c2ccccc2)n1)Nc1ccccn1,True,3.386300000000001,-0.3170200000000012,0.5535714285714286,False,False
1.0,bin,4,-0.4522000253200531,-0.5143000483512878,-0.39010000228881836,288369,Cc1ccc(NCc2nnc3n2CCCCC3)cc1C,3.2334400000000016,Fc1cccc(F)c1NCc1nnc2n1CCCCC2,True,2.894800000000001,-0.3386400000000007,0.56,False,True
1.0,bin,4,-0.4522000253200531,-0.5143000483512878,-0.39010000228881836,302889,COc1ccc(OC)c(NC(=O)CCNC(=O)c2cccs2)c1,2.5239000000000003,NC(=O)c1cc(NC(=O)CCNC(=O)c2cccs2)ccc1F,True,1.7447,-0.7792000000000003,0.4838709677419355,False,True
1.0,bin,4,-0.4522000253200531,-0.5143000483512878,-0.39010000228881836,327141,COc1ccc(OC)c(S(=O)(=O)Nc2ccn(C)n2)c1,1.2381,CNC(=O)c1ccc(S(=O)(=O)Nc2ccn(C)n2)cc1,True,0.5804999999999996,-0.6576000000000004,0.4339622641509434,False,False
1.0,bin,4,-0.4522000253200531,-0.5143000483512878,-0.39010000228881836,327382,CNC(=O)C1CN(C(=O)c2c(C)noc2C)c2ccccc2O1,1.4452399999999996,Cc1noc(C)c1C(=O)N1CC(C(N)=O)Oc2ccccc21,True,1.1845399999999995,-0.26070000000000015,0.78,False,True
1.0,bin,4,-0.4522000253200531,-0.5143000483512878,-0.39010000228881836,406491,COCCNC(=O)C1CCCN(S(=O)(=O)N2CCOCC2)C1,-0.9619999999999964,CC(O)CNC(=O)C1CCCN(S(=O)(=O)N2CCOCC2)C1,True,-1.227599999999996,-0.2655999999999996,0.6862745098039216,False,True
1.0,bin,4,-0.4522000253200531,-0.5143000483512878,-0.39010000228881836,413951,O=C(Cn1ncn2cccc2c1=O)N1CCCCCC1,0.8985999999999996,COC(=O)C1CCN(C(=O)Cn2ncn3cccc3c2=O)CC1,True,-0.09240000000000048,-0.9910000000000001,0.6730769230769231,False,True
1.0,bin,4,-0.4522000253200531,-0.5143000483512878,-0.39010000228881836,427929,CCNc1nc(NCc2ccccc2Cl)c2cnn(C)c2n1,3.060600000000001,C=CCn1ncc2c(NCC3=CC=CC(=O)OC3)nc(SC)nc21,True,2.1855,-0.8751000000000007,0.2625,False,True
1.0,bin,4,-0.4522000253200531,-0.5143000483512878,-0.39010000228881836,447130,CCC(NC(=O)C1CCN(C(=O)C2CC2)CC1)c1ccc(C)cc1,3.2109200000000016,CC(=O)N1CCC(C(=O)NC(c2cccc(C)c2)C2CC2)CC1,True,2.820820000000001,-0.39010000000000034,0.423728813559322,False,True
1.0,bin,4,-0.4522000253200531,-0.5143000483512878,-0.39010000228881836,481908,CCNS(=O)(=O)c1ccc(C)c(C(=O)Nc2ncccc2C)c1,2.24894,CNS(=O)(=O)c1ccc(C)c(C(=O)Nc2ncccc2C)c1,True,1.8588399999999998,-0.39010000000000034,0.7872340425531915,False,True
1.0,bin,4,-0.4522000253200531,-0.5143000483512878,-0.39010000228881836,485220,Cc1nn(CC(=O)N2CCN(C)CC2)c(C)c1Br,1.03644,Cc1nn(CC(=O)N2CCN(CCO)CC2)c(C)c1Cl,True,0.2898400000000001,-0.7465999999999999,0.5319148936170213,False,False
1.0,bin,4,-0.4522000253200531,-0.5143000483512878,-0.39010000228881836,526363,Cc1nnc(SCC(=O)Nc2ccc(O)cc2)n(N)c1=O,0.09692,CN1OC(SCC(=O)Nc2ccccc2CN)=NN=C(N)C1=O,True,-0.151199999999999,-0.248119999999999,0.3,False,True
1.0,bin,4,-0.4522000253200531,-0.5143000483512878,-0.39010000228881836,536853,COc1ccc(C2CCCN2C(=O)C2CCC2)c(OC)c1,3.1674000000000015,CS(=O)(=O)C=C1C=CC(C2CCCN2C(=O)C2CCC2)=C1,True,2.2022000000000004,-0.9652000000000012,0.4067796610169492,False,True
1.0,bin,4,-0.4522000253200531,-0.5143000483512878,-0.39010000228881836,540312,Cc1nn(C)c2nc(C3CC3)cc(C(=O)NCC(=O)NC(C)(C)C)c12,1.7986199999999997,Cc1cc(C(=O)NC(C)CO)cc(C2CC2)ncn(C)n1,True,1.23592,-0.5626999999999998,0.2972972972972973,False,True
1.0,bin,4,-0.4522000253200531,-0.5143000483512878,-0.39010000228881836,544381,Cc1nc(N2CCCC(C(=O)NC(C)C)C2)c2c(C)c(C)oc2n1,2.8890600000000006,CC1=NC(N2CCCC(C)C2)=CCC(C(=O)N(C)C)=C(C)OC=N1,True,2.788900000000001,-0.1001599999999998,0.2222222222222222,False,True
1.0,bin,4,-0.4522000253200531,-0.5143000483512878,-0.39010000228881836,544382,CCCNC(=O)C1CCCN(c2nc(C)nc3oc(C)c(C)c23)C1,2.8906600000000013,Cc1nc(N2CCC(CC(N)=O)CC2)c2c(C)c(C)oc2n1,True,2.23986,-0.6508000000000012,0.5409836065573771,False,True
1.0,bin,4,-0.4522000253200531,-0.5143000483512878,-0.39010000228881836,550049,Cc1ccc(C)c(OCC(=O)Nc2cccc(-n3cnnc3)c2)c1,2.9016400000000013,O=C(COc1ccc(F)cc1)Nc1cccc(-n2cnnc2)c1,True,2.4238999999999997,-0.4777400000000016,0.6181818181818182,False,True
1.0,bin,4,-0.4522000253200531,-0.5143000483512878,-0.39010000228881836,573533,Cc1nn(-c2ncc(C(F)(F)F)cc2Cl)c(=O)o1,2.2011199999999995,COC(=O)C(C)Cc1nn(-c2ccc(C(F)(F)F)cn2)c(=O)o1,True,1.5909,-0.6102199999999995,0.3384615384615385,False,True
1.0,bin,4,-0.4522000253200531,-0.5143000483512878,-0.39010000228881836,582555,O=C(NCC(O)c1ccccc1)c1ccc2c(=O)n3c(nc2c1)CCC3,1.8061000000000003,Nc1ccc(CCNC(=O)c2ccc3c(=O)n4c(nc3c2)CCC4)cc1,True,1.8974,0.09129999999999971,0.6,False,True
1.0,bin,4,-0.4522000253200531,-0.5143000483512878,-0.39010000228881836,588547,Cc1n[nH]c(C)c1NC(=O)CCc1ccc(Cl)cc1Cl,3.9046400000000023,Cc1n[nH]c(C)c1NC(=O)CCc1ccc(F)cc1Cl,True,3.390340000000002,-0.5143000000000004,0.7916666666666666,False,True
1.0,bin,4,-0.4522000253200531,-0.5143000483512878,-0.39010000228881836,607673,CCCN(CC1CC1)S(=O)(=O)c1ccccc1F,2.636400000000001,CCCN(CC1CC1)S(=O)(=O)c1ccccc1N,True,2.0795000000000003,-0.5569000000000006,0.7142857142857143,False,False
1.0,bin,4,-0.4522000253200531,-0.5143000483512878,-0.39010000228881836,617681,Cc1cc(C(=O)Nc2nc(-c3ccncc3)cs2)nn1C(C)C,3.5432200000000016,Cc1cc(C(=O)Nc2nc(-c3ccncc3)cs2)nn1C(C)C,True,3.5432200000000016,0.0,1.0,True,False
1.0,bin,4,-0.4522000253200531,-0.5143000483512878,-0.39010000228881836,650267,COc1ccc2oc(C(=O)NC3CCCCNC3=O)c(C)c2c1,2.14832,COCc1c(C(=O)NC2CCCCNC2)oc2ccccc12,True,2.4511000000000003,0.30278000000000027,0.3835616438356164,False,True
1.0,bin,4,-0.4522000253200531,-0.5143000483512878,-0.39010000228881836,668639,Cc1cc(NC(=O)c2ccccc2Cl)ncc1N,2.8779200000000005,CN(C)c1ccccc1C(=O)Nc1cc(Cl)cc(N)n1,True,2.6354999999999995,-0.24242000000000097,0.41818181818181815,False,True
1.0,bin,4,-0.4522000253200531,-0.5143000483512878,-0.39010000228881836,673160,CCC(=O)Nc1ccc2oc(C(F)(F)F)cc(=O)c2c1,3.160300000000001,CCc1cc(=O)c2cc(N)cc(C(F)(F)F)c2o1,True,2.9564000000000012,-0.20389999999999997,0.29310344827586204,False,True
1.0,bin,4,-0.4522000253200531,-0.5143000483512878,-0.39010000228881836,711169,Cc1cccc(C(C)C)c1NC(=O)N(C)Cc1ccncc1,4.177320000000003,Cc1ccc(NC(=O)N(C)Cc2ccncc2)cc1Cl,True,3.707320000000003,-0.46999999999999975,0.5185185185185185,False,False
1.0,bin,4,-0.4522000253200531,-0.5143000483512878,-0.39010000228881836,720969,Cc1noc(C)c1CCC(=O)OCC(=O)N1c2ccccc2CC1C,2.7450400000000013,Cc1noc(C)c1CCC(=O)OCC(=O)N1CCc2ccccc21,True,2.35654,-0.3885000000000014,0.6721311475409836,False,False
1.0,bin,4,-0.4522000253200531,-0.5143000483512878,-0.39010000228881836,730789,COC(=O)C1CCN(C(=O)c2cc3ccc(F)cc3nc2C)CC1,2.7075200000000006,COC(=O)CC1CCN(C(=O)c2cnc3ccc(OC)cc3c2)C1,True,2.2686,-0.4389200000000004,0.29333333333333333,False,True
1.0,bin,4,-0.4522000253200531,-0.5143000483512878,-0.39010000228881836,738178,Cc1ccc(-n2ccnc2SCc2nc(C3CC3)no2)cc1C,4.041840000000003,Fc1ccccc1-n1ccnc1SCc1nc(C2CC2)no1,True,3.5641000000000016,-0.4777400000000016,0.6206896551724138,False,True
1.0,bin,4,-0.4522000253200531,-0.5143000483512878,-0.39010000228881836,771897,COc1ccccc1OCC(=O)N(C)Cc1sccc1C,3.102520000000002,Cc1ccsc1CN(C)C(=O)COc1cccc(C#N)c1,True,2.965600000000001,-0.13692000000000082,0.5714285714285714,False,True
1.0,bin,4,-0.4522000253200531,-0.5143000483512878,-0.39010000228881836,811446,COC(=O)C1(NC(=O)c2cc(Br)c[nH]2)CCCCCC1,2.7730000000000006,COC(=O)C1CCCCCCN1C(=O)c1ccc[nH]1,True,1.9626,-0.8104000000000007,0.23809523809523808,False,True
1.0,bin,4,-0.4522000253200531,-0.5143000483512878,-0.39010000228881836,848291,CCC(C)NC(=O)NCc1noc(-c2cccs2)n1,2.3958000000000004,CCC(OC)C(=O)NCc1noc(-c2cccs2)n1,True,1.8393,-0.5565000000000004,0.6607142857142857,False,False
1.0,bin,4,-0.4522000253200531,-0.5143000483512878,-0.39010000228881836,863440,COc1ccc(-c2nc(CCCO)cs2)cc1OC,2.752200000000001,COc1ccc(-c2nc(CO)cs2)c(OC)c1OC,True,2.3282000000000007,-0.4240000000000004,0.46938775510204084,False,True
1.0,bin,4,-0.4522000253200531,-0.5143000483512878,-0.39010000228881836,864663,N#Cc1ccc(-c2cc(F)ccc2F)nc1N1CCCC1,3.498680000000002,N#Cc1ccc(N2CCCC2)nc1-c1ccccc1F,True,3.359580000000002,-0.1391,0.46153846153846156,False,True
1.0,bin,4,-0.4522000253200531,-0.5143000483512878,-0.39010000228881836,872100,CCc1cccc(C)c1NCC(O)c1ccc2c(c1)OCCO2,3.474120000000002,Cc1cccc(C)c1NCC(O)c1ccc2c(c1)OCCO2,True,3.2201400000000016,-0.2539800000000003,0.8222222222222222,False,False
1.0,bin,4,-0.4522000253200531,-0.5143000483512878,-0.39010000228881836,886334,COc1ccc(C(=O)N2CCCC(C(=O)N3CCCCC3)C2)c(O)c1,2.2655000000000003,NC(=O)CC1CCN(C(=O)CC2CCN(C(=O)c3ccccc3)C2)C1,True,1.2626999999999993,-1.002800000000001,0.22727272727272727,False,True
1.0,bin,4,-0.4522000253200531,-0.5143000483512878,-0.39010000228881836,887387,COCCNC(=O)N(Cc1cccc(F)c1)CC1CCCO1,2.1627,CC(=O)NCC(=O)N(Cc1ccccc1)CC1CCCO1,True,1.3302999999999991,-0.8324000000000009,0.5,False,True
1.0,bin,4,-0.4522000253200531,-0.5143000483512878,-0.39010000228881836,889149,N#Cc1ccc(NC(=O)c2ccc(Br)cc2Cl)nc1,3.621480000000001,N#Cc1ccc(NC(=O)c2cc(F)ccc2Br)nc1,True,3.1071800000000005,-0.5143000000000004,0.6078431372549019,False,False
1.0,bin,4,-0.4522000253200531,-0.5143000483512878,-0.39010000228881836,913483,O=C(CNC(=O)NCCc1c(Cl)cccc1Cl)NC1CC1,2.1137000000000006,O=C(CNC(=O)NCCc1ccc(C(F)(F)F)cc1)NC1CC1,True,1.8257000000000003,-0.28800000000000026,0.56,False,True
1.0,bin,4,-0.4522000253200531,-0.5143000483512878,-0.39010000228881836,917620,C=CCN(Cc1ccccc1OC)C(=O)c1csc(C)n1,3.288520000000002,C=CCN(Cc1ccc(OC)cc1)C(=O)c1cscn1,True,2.980100000000001,-0.3084200000000008,0.45161290322580644,False,True
1.0,bin,4,-0.4522000253200531,-0.5143000483512878,-0.39010000228881836,918312,CCOc1ccc(Cl)c(C(=O)N2CCN(c3ncccn3)CC2)n1,1.8860999999999997,O=C(c1ncccc1Cl)N1CCN(c2ncccn2)CC1,True,1.4873999999999998,-0.39869999999999983,0.625,False,True
1.0,bin,4,-0.4522000253200531,-0.5143000483512878,-0.39010000228881836,922879,CC(=O)c1ccc(N2CCN(Cc3c(F)cccc3F)CC2)cc1,3.489600000000003,COc1ccc(N2CCN(Cc3cccc(F)c3)CC2)cc1N,True,2.7386999999999997,-0.7509000000000032,0.3559322033898305,False,True
1.0,bin,4,-0.4522000253200531,-0.5143000483512878,-0.39010000228881836,927535,COc1cc(CN2CCN(c3ccccc3F)CC2)ccc1O,2.862100000000002,NC(=O)c1cccc(CN2CCN(c3ccccc3F)CC2)c1,True,2.2468000000000004,-0.6153000000000017,0.5370370370370371,False,True
1.0,bin,4,-0.4522000253200531,-0.5143000483512878,-0.39010000228881836,927567,Cc1ccccc1N1CCN(Cc2cccc(O)c2)CC1,3.022820000000001,Oc1ccc(N2CCN(Cc3cccc(F)c3)CC2)cc1,True,2.8535000000000013,-0.16931999999999992,0.4791666666666667,False,False
1.0,bin,4,-0.4522000253200531,-0.5143000483512878,-0.39010000228881836,938108,CC(c1ccccc1)N(C)C(=O)CCC(=O)Nc1nccs1,3.0814000000000012,CN(Cc1ccccc1C#N)C(=O)CCC(=O)Nc1nccs1,True,2.39208,-0.6893200000000013,0.55,False,True
1.0,bin,4,-0.4522000253200531,-0.5143000483512878,-0.39010000228881836,943303,CN(CCCOc1ccccc1)C(=O)Nc1cccc2c1OCCO2,3.390600000000002,CN(CCCOc1ccccc1)C(=O)Nc1cccc2c1OCCO2,True,3.390600000000002,0.0,1.0,True,False
1.0,bin,4,-0.4522000253200531,-0.5143000483512878,-0.39010000228881836,946289,CC(NC(=O)C1(c2cc(-c3ccco3)on2)CC1)c1ccccc1,3.843600000000002,C=C1C=CC=CC(C)NC(=O)C2(c3ccco3)CC12,True,2.7242000000000006,-1.1194000000000015,0.16666666666666666,False,True
1.0,bin,4,-0.4522000253200531,-0.5143000483512878,-0.39010000228881836,994077,Cc1nnc(Cn2c(-c3cccc(Br)c3)noc2=O)o1,2.0055199999999997,O=c1onc(-c2ccc(F)cc2)n1CC1=NN=CCOCC1,True,1.4895,-0.5160199999999997,0.31343283582089554,False,True
1.0,bin,4,-0.4522000253200531,-0.5143000483512878,-0.39010000228881836,1065620,O=C(NCc1cccnc1Oc1ccccc1)c1cccnc1,3.198900000000002,Nc1ncccc1C(=O)NCc1cccnc1Oc1ccccc1,True,2.7811000000000012,-0.4178000000000006,0.6470588235294118,False,True
1.0,bin,4,-0.4522000253200531,-0.5143000483512878,-0.39010000228881836,1093926,CN(C(=O)CNc1cccc(OCC2CCCO2)c1)c1ccccc1,3.319300000000002,N#Cc1c(F)cccc1NCC(=O)Nc1cccc(OCC2CCCO2)c1,True,3.305780000000002,-0.013519999999999754,0.5068493150684932,False,True
1.0,bin,4,-0.4522000253200531,-0.5143000483512878,-0.39010000228881836,1107920,CCc1ccc(-n2cc(C(=O)NC(C)c3ccccc3)nn2)cc1,3.320700000000002,O=C(NCc1ccc(F)cc1)c1cn(-c2cccc(Cl)c2)nn1,True,2.9898000000000016,-0.33090000000000064,0.390625,False,False
1.0,bin,4,-0.4522000253200531,-0.5143000483512878,-0.39010000228881836,1113130,CC(NC(=O)Cn1nnnc1C(C)(C)C)c1cccc2ccccc12,3.0012000000000016,CCc1nnnn1CC(=O)NC(C)C1=CC=Cc2ccc(OC)cc2C1,True,1.9446999999999994,-1.0565000000000022,0.3333333333333333,False,True
1.0,bin,4,-0.4522000253200531,-0.5143000483512878,-0.39010000228881836,1121751,COC(=O)Cn1ccc(NS(=O)(=O)c2ccc(F)c(F)c2F)n1,1.2742,COC(=O)Cn1ccc(NS(=O)(=O)c2ccc(OC)cc2)n1,True,0.8654999999999999,-0.40870000000000006,0.6037735849056604,False,True
1.0,bin,4,-0.4522000253200531,-0.5143000483512878,-0.39010000228881836,1142531,CCOC(C)C(=O)NCCc1csc(-c2ccc(C)cc2)n1,3.2022200000000014,Cc1ccc(-c2nc(CCNC(=O)NC(C)CC#N)cs2)cc1,True,3.262400000000002,0.06018000000000079,0.5833333333333334,False,True
1.0,bin,4,-0.4522000253200531,-0.5143000483512878,-0.39010000228881836,1212157,CN(Cc1ccc(F)c(F)c1)C(=O)c1cncc(-c2cnn(C)c2)c1,3.0325000000000015,COCCN(Cc1ccccc1)C(=O)c1cncc(-c2cnn(C)c2)c1,True,2.770900000000001,-0.2616000000000005,0.5230769230769231,False,True
1.0,bin,4,-0.4522000253200531,-0.5143000483512878,-0.39010000228881836,1215394,CCn1nc(C)cc1C(=O)Oc1cccc(NC(=O)C(C)C)c1,3.025120000000001,CCn1nc(C)cc1C(=O)Oc1cccc(NC(C)=O)c1,True,2.3890200000000004,-0.6361000000000008,0.7843137254901961,False,True
1.0,bin,4,-0.4522000253200531,-0.5143000483512878,-0.39010000228881836,1232922,CC(C)(C)OC(=O)NC1CCCN(S(=O)(=O)N2CCOCC2)C1,0.5525000000000011,CCOC(=O)C1CCN(S(=O)(=O)N2CCOCC2)CC1,True,-0.1614999999999982,-0.7139999999999993,0.4074074074074074,False,True
1.0,bin,4,-0.4522000253200531,-0.5143000483512878,-0.39010000228881836,1238973,FC(F)(F)c1cnc(N2CCn3c(nnc3C3CC3)C2)c(Cl)c1,3.2429000000000023,Clc1ccc(Cl)c(N2CCn3c(nnc3C3CC3)C2)n1,True,2.8775000000000004,-0.36540000000000195,0.5555555555555556,False,True
1.0,bin,4,-0.4522000253200531,-0.5143000483512878,-0.39010000228881836,1299495,Cc1cc(CC(=O)N2CCCC2C(C#N)c2ccccc2)no1,2.823900000000001,C=CC1=NOC(=CC=COC)C(O)(C#N)C2CCCN2C(=O)C1,True,1.23838,-1.585520000000001,0.19101123595505617,False,True
1.0,bin,4,-0.4522000253200531,-0.5143000483512878,-0.39010000228881836,1309906,CC(C)CC(NC(=O)c1cc(=O)c2ccccc2o1)C(=O)OC(C)C,2.8891000000000018,CC(C)CCNC(=O)C(C)Oc1ccccc1C(=O)C=CN,True,2.2713,-0.6178000000000017,0.23943661971830985,False,True
1.0,bin,4,-0.4522000253200531,-0.5143000483512878,-0.39010000228881836,1362816,COCc1cccc(C(=O)NC2CC2c2cccc(Cl)c2)c1,3.772300000000002,COc1ccc(C(=O)NC2CC2c2cccc(C(C)=O)c2)c(OC)c1,True,3.192300000000002,-0.5800000000000001,0.453125,False,True
1.0,bin,4,-0.4522000253200531,-0.5143000483512878,-0.39010000228881836,1441838,COCC(=O)NC(C(=O)Nc1cccc(-c2nccs2)c1)C(C)C,2.5358,CNC(=O)NCC(=O)Nc1cccc(-c2nccs2)c1,True,1.6775999999999995,-0.8582000000000005,0.5573770491803278,False,False
1.0,bin,4,-0.4522000253200531,-0.5143000483512878,-0.39010000228881836,1450449,CCCNC(=O)CSc1nc2c(cc1C#N)CCCC2,2.450380000000001,CC(NS(C)(=O)=O)c1nc2c(cc1C#N)CCCC2,True,1.4422800000000002,-1.0081000000000007,0.4098360655737705,False,True
1.0,bin,4,-0.4522000253200531,-0.5143000483512878,-0.39010000228881836,1451910,O=S(=O)(NCc1nnc2ccccn12)c1ccc(F)c(F)c1,1.4859999999999995,COCc1ccccc1S(=O)(=O)NCc1nnc2ccccn12,True,1.3541999999999998,-0.1317999999999997,0.5357142857142857,False,True
1.0,bin,4,-0.4522000253200531,-0.5143000483512878,-0.39010000228881836,1479798,Cc1nc(C)c(CCC(=O)N(CC(C)C)CC(F)(F)F)c(=O)[nH]1,2.3662400000000003,CCCN(C)C(=O)CCC1=C(C)N=C(CC)NC(=O)C1,True,2.2374,-0.1288400000000003,0.22058823529411764,False,True
1.0,bin,4,-0.4522000253200531,-0.5143000483512878,-0.39010000228881836,1507926,COC(=O)C(C)NC(=O)Cc1csc(-c2ccccc2Cl)n1,2.6837,COC(=O)CNC(=O)Cc1csc(-c2cccc(Cl)c2)n1,True,2.2952000000000004,-0.3884999999999996,0.45161290322580644,False,True
1.0,bin,4,-0.4522000253200531,-0.5143000483512878,-0.39010000228881836,1527882,Nc1ncccc1C(=O)Nc1ccc2cn[nH]c2c1,1.7923999999999998,Nc1ncccc1C(=O)Nc1ccc2cn[nH]c2c1,True,1.7923999999999998,0.0,1.0,True,False
1.0,bin,4,-0.4522000253200531,-0.5143000483512878,-0.39010000228881836,1532848,COc1ccc(-c2ccc3c(=O)[nH]cnc3c2)cc1Cl,3.2521000000000013,COc1cc(OC)c(-c2ccc3c(=O)[nH]cnc3c2)c(OC)c1,True,2.615900000000001,-0.6362000000000005,0.6521739130434783,False,True
1.0,bin,4,-0.4522000253200531,-0.5143000483512878,-0.39010000228881836,1548351,COc1cc(OC)c2c(c1)C(c1cnccn1)NCC2,1.7288999999999999,OCCOc1cccc2c1CCNC2c1cnccn1,True,1.0827999999999998,-0.6461000000000001,0.5178571428571429,False,True
1.0,bin,4,-0.4522000253200531,-0.5143000483512878,-0.39010000228881836,1570134,COc1cccc(C(C)N2CCN(C(=O)c3ccc(O)cc3)CC2)c1,2.9198000000000013,COc1ccc(C(=O)N2CCN(C(C#N)c3ccccc3)CC2)c(O)c1,True,2.4234800000000005,-0.49632000000000076,0.48333333333333334,False,True
1.0,bin,4,-0.4522000253200531,-0.5143000483512878,-0.39010000228881836,1611406,CC(C)(C)N1CC(NC(=O)C2COc3ccc(F)cc3C2)CC1=O,1.8923999999999994,CCN1CC(NC(=O)C2COc3ccc(F)cc3C2)CC1=O,True,1.113799999999999,-0.7786000000000004,0.7241379310344828,False,True
1.0,bin,4,-0.4522000253200531,-0.5143000483512878,-0.39010000228881836,1612684,CCCC1CN(C(=O)Nc2ccn(CCC(C)C)n2)CCO1,2.9620000000000015,CC1=C(C)C(NC(=O)N2CCOC(C(F)(F)F)C2)=NC1,True,1.7076,-1.2544000000000015,0.3055555555555556,False,True
1.0,bin,4,-0.4522000253200531,-0.5143000483512878,-0.39010000228881836,1639675,CCC(CC)c1nnc(NC(=O)c2scnc2C2CC2)s1,4.0279000000000025,CCSc1nnc(NC(=O)c2scnc2C2CC2)s1,True,3.2363000000000017,-0.7916000000000007,0.6923076923076923,False,True
1.0,bin,4,-0.4522000253200531,-0.5143000483512878,-0.39010000228881836,1675660,COc1ccnc(NC(=O)c2cccc(Cl)c2)c1,2.9959000000000007,COC(=O)NCc1cccc(C(=O)Nc2ccccn2)c1,True,2.1898999999999997,-0.8060000000000009,0.44642857142857145,False,True
1.0,bin,4,-0.4522000253200531,-0.5143000483512878,-0.39010000228881836,1689728,CCc1noc(CSc2ncnc3sc(C)cc23)n1,3.237420000000002,COCc1noc(CSc2ncnc3sc(C)c(C)c23)n1,True,3.1298400000000024,-0.10757999999999956,0.5084745762711864,False,True
1.0,bin,4,-0.4522000253200531,-0.5143000483512878,-0.39010000228881836,1720876,CC(C)(C)CC(=O)NCC(=O)Nc1ccc2c(c1)COC2,2.2077,CC(C)(CC#N)NC(=O)Nc1ccc2c(c1)COC2,True,2.5305800000000005,0.3228800000000005,0.5094339622641509,False,True
1.0,bin,4,-0.4522000253200531,-0.5143000483512878,-0.39010000228881836,1757109,CC(C)Cc1ncc(CNc2ccc3c(c2)COC3)s1,3.983900000000003,Cc1nc(CC(C)C)sc1CNc1ccc2c(c1)COC2,True,4.292320000000003,0.3084199999999999,0.6538461538461539,False,True
1.0,bin,4,-0.4522000253200531,-0.5143000483512878,-0.39010000228881836,1774061,O=C1NCCCc2[nH]c(-c3cccc4[nH]ccc34)nc21,2.234,CNCCCc1cnc(C2C=CC(=CS(C)(=O)=O)CO2)[nH]1,True,1.1177,-1.1163,0.09523809523809523,False,True
1.0,bin,4,-0.4522000253200531,-0.5143000483512878,-0.39010000228881836,1800687,Cc1nn(C)c(-c2nc(-c3cccnn3)no2)c1Cl,1.8889199999999997,COC(=O)c1c(C)nn(C)c1-c1nc(-c2cccnn2)no1,True,1.02212,-0.8667999999999998,0.6481481481481481,False,True
1.0,bin,4,-0.4522000253200531,-0.5143000483512878,-0.39010000228881836,1815867,FC(F)(F)c1ccc(CN2CCOCC2c2ncon2)cc1,2.661900000000001,CC=C1C=C(C)C1CN1CCOCC1CN=CON,True,1.1282,-1.533700000000001,0.19736842105263158,False,True
1.0,bin,4,-0.4522000253200531,-0.5143000483512878,-0.39010000228881836,1828580,Cc1ccc(N2CC3OCC(=O)N(Cc4cccc(F)c4)C3C2)nn1,1.54032,Cc1ccc(NCC2OCC(=O)N(Cc3cccc(O)c3)C2C)nn1,True,1.7186199999999998,0.1782999999999999,0.4266666666666667,False,True
1.0,bin,4,-0.4522000253200531,-0.5143000483512878,-0.39010000228881836,1836183,CCc1ccc(C(=O)NCc2nccc(N(C)C)n2)cc1,2.035,CC(=O)Nc1ccccc1C(=O)NCc1nccc(N(C)C)n1,True,1.4309999999999996,-0.6040000000000005,0.5555555555555556,False,True
1.0,bin,4,-0.4522000253200531,-0.5143000483512878,-0.39010000228881836,1842499,COc1ccccc1COc1ccccc1-c1cnn(CCO)c1,3.1300000000000017,OCCn1cc(-c2ccccc2O)cn1,True,1.2479999999999996,-1.8820000000000021,0.5319148936170213,False,True
1.0,bin,4,-0.4522000253200531,-0.5143000483512878,-0.39010000228881836,1865564,COC(CNC(=O)c1ccoc1)c1cccc(F)c1,2.536200000000001,CC(C)S(=O)(=O)NC(CNC(=O)c1ccoc1)c1ccccc1,True,2.078499999999999,-0.45770000000000177,0.5,False,True
1.0,bin,4,-0.4522000253200531,-0.5143000483512878,-0.39010000228881836,1868773,CCCOc1ccc(Cl)c2c1CCNC2C1CC(=O)C1,3.2947000000000015,COc1c(Cl)cc2cc1C1(CCC(=O)C1N)CC2,True,2.2227999999999994,-1.071900000000002,0.18840579710144928,False,True
1.0,bin,4,-0.4522000253200531,-0.5143000483512878,-0.39010000228881836,1873123,CCC1OC(=O)c2c(OC)ccc(Br)c21,3.079200000000002,CCC1OC(=O)c2cc(OC)c(Br)cc21,True,3.079200000000001,-8.881784197001252e-16,0.5348837209302325,False,True
1.0,bin,4,-0.4522000253200531,-0.5143000483512878,-0.39010000228881836,1875028,Cc1cccc(C)c1NCC(=O)N1CCCC2CCCCC21,3.8965400000000034,O=C(CNc1ccccc1F)NCCC1CCCCC1,True,3.324200000000002,-0.5723400000000014,0.2786885245901639,False,True
1.0,bin,4,-0.4522000253200531,-0.5143000483512878,-0.39010000228881836,1895921,CCC(CC)N(C)C(=O)CC1OC(=O)c2ccccc21,2.935200000000002,CC(C)CN(C)C(=O)CC1OC(=O)c2ccccc21,True,2.4026000000000005,-0.5326000000000013,0.6521739130434783,False,True
1.0,bin,4,-0.4522000253200531,-0.5143000483512878,-0.39010000228881836,1907077,Cc1ccc2[nH]nc(C(=O)Nc3nc(-c4ccco4)cs3)c2c1,3.8401200000000015,N#CC1=CC=CC(C(=O)Nc2nc(-c3ccco3)cs2)=NN1,True,2.26448,-1.5756400000000017,0.4507042253521127,False,True
1.0,bin,4,-0.4522000253200531,-0.5143000483512878,-0.39010000228881836,1913063,Cc1nn(C)c(C)c1CN(C(=O)c1cn2cccc(C)c2n1)C1CC1,2.797860000000001,COc1ccc[nH]c2c(C(=O)N(Cc3cn(C)nc3C)C3CC3)nc1-2,True,2.3698200000000007,-0.4280400000000002,0.35,False,True
1.0,bin,4,-0.4522000253200531,-0.5143000483512878,-0.39010000228881836,1922265,CN(CCNC(=O)c1ccc2c(c1)ncn2C)c1ccccc1,2.4395000000000007,CN(CCNC(=O)c1ccc2[nH]cnc2c1)c1cccc(N)c1,True,2.0112999999999994,-0.42820000000000125,0.5,False,True
1.0,bin,5,-0.34654998779296875,-0.39010000228881836,-0.30299997329711914,32052,COc1ccccc1CNC(=O)Cc1c[nH]c2ccccc12,3.035400000000001,N#CCOc1cccc(CNC(=O)Cc2c[nH]c3ccccc23)c1,True,2.9291800000000006,-0.10622000000000043,0.5172413793103449,False,True
1.0,bin,5,-0.34654998779296875,-0.39010000228881836,-0.30299997329711914,116747,COCCSc1ccccc1C(=O)Nc1cccc(C)n1,3.3808200000000017,COC(=O)CSc1ccccc1C(=O)Nc1cccc(C)n1,True,2.907420000000001,-0.4734000000000007,0.75,False,True
1.0,bin,5,-0.34654998779296875,-0.39010000228881836,-0.30299997329711914,131060,CS(=O)(=O)NCCc1csc(-c2ccc(F)cc2)n1,2.0408999999999997,CS(=O)(=O)NCCc1csc(-c2ccccc2)n1,True,1.9018,-0.13909999999999978,0.7619047619047619,False,True
1.0,bin,5,-0.34654998779296875,-0.39010000228881836,-0.30299997329711914,131949,CCc1c(C)nc(SCC(=O)NC(C)C)[nH]c1=O,1.25742,CCC=C(C)N=C(CNC=O)SCC(=O)NCC,True,1.314,0.056580000000000075,0.14925373134328357,False,True
1.0,bin,5,-0.34654998779296875,-0.39010000228881836,-0.30299997329711914,158879,COc1ccc(CC(=O)OCC(=O)c2c[nH]c3ccccc23)cc1,3.145100000000001,N#Cc1ccc(CC(=O)OCC(=O)c2c[nH]c3ccccc23)cc1,True,3.008180000000001,-0.13691999999999993,0.7058823529411765,False,True
1.0,bin,5,-0.34654998779296875,-0.39010000228881836,-0.30299997329711914,232056,COCCNC(=O)c1cc(=O)c2cc(C)ccc2o1,1.4776199999999993,CCOC(=O)CNC(=O)c1cc(=O)c2ccc(OC)cc2o1,True,1.0945,-0.38311999999999924,0.46551724137931033,False,True
1.0,bin,5,-0.34654998779296875,-0.39010000228881836,-0.30299997329711914,235788,O=C(Cn1nc(-c2ccco2)oc1=O)NCC(F)(F)F,0.7747999999999999,CC(Cn1nc(-c2ccco2)oc1=O)OC(=O)N(C)C,True,1.183,0.4082000000000001,0.47540983606557374,False,True
1.0,bin,5,-0.34654998779296875,-0.39010000228881836,-0.30299997329711914,236081,CC(=O)c1c(C)[nH]c(C(=O)CSc2nc(C(C)C)n[nH]2)c1C,3.0506400000000014,CC=C(NC(C)=CC(C)=O)C(=O)CSc1nc(C)n[nH]1,True,1.7605199999999999,-1.2901200000000015,0.3333333333333333,False,True
1.0,bin,5,-0.34654998779296875,-0.39010000228881836,-0.30299997329711914,281081,O=C(Cn1cccn1)NCc1cccnc1Oc1ccc(F)cc1F,2.665000000000001,O=C(Cn1cccn1)NCc1cccnc1Oc1ccccc1,True,2.3868,-0.2782000000000009,0.6724137931034483,False,False
1.0,bin,5,-0.34654998779296875,-0.39010000228881836,-0.30299997329711914,284170,COc1ccc(-c2nc(CC(=O)Nc3cccc(C)n3)cs2)cc1,3.7033200000000024,COc1ccccc1-c1nc(CC(=O)Nc2ccccn2)cs1,True,3.3949000000000016,-0.3084200000000008,0.5245901639344263,False,True
1.0,bin,5,-0.34654998779296875,-0.39010000228881836,-0.30299997329711914,288369,Cc1ccc(NCc2nnc3n2CCCCC3)cc1C,3.2334400000000016,CC(=O)c1ccccc1NCc1nnc2n1CCCCC2,True,2.8192000000000013,-0.4142400000000004,0.5272727272727272,False,True
1.0,bin,5,-0.34654998779296875,-0.39010000228881836,-0.30299997329711914,302889,COc1ccc(OC)c(NC(=O)CCNC(=O)c2cccs2)c1,2.5239000000000003,O=C1C=CCOC=CC=C(c2cccs2)NC(=O)CCN1,True,1.8115999999999999,-0.7123000000000004,0.12195121951219512,False,True
1.0,bin,5,-0.34654998779296875,-0.39010000228881836,-0.30299997329711914,327141,COc1ccc(OC)c(S(=O)(=O)Nc2ccn(C)n2)c1,1.2381,Cn1ccc(NS(=O)(=O)c2ccc(O)cc2)n1,True,0.9264999999999999,-0.3116000000000001,0.4791666666666667,False,True
1.0,bin,5,-0.34654998779296875,-0.39010000228881836,-0.30299997329711914,327382,CNC(=O)C1CN(C(=O)c2c(C)noc2C)c2ccccc2O1,1.4452399999999996,CNC(=O)C1CN(C(=O)c2c(C)noc2C)c2ccccc2O1,True,1.4452399999999996,0.0,1.0,True,False
1.0,bin,5,-0.34654998779296875,-0.39010000228881836,-0.30299997329711914,406491,COCCNC(=O)C1CCCN(S(=O)(=O)N2CCOCC2)C1,-0.9619999999999964,O=C(NCCCO)C1CCCN(S(=O)(=O)N2CCOCC2)C1,True,-1.2259999999999962,-0.2639999999999998,0.72,False,True
1.0,bin,5,-0.34654998779296875,-0.39010000228881836,-0.30299997329711914,413951,O=C(Cn1ncn2cccc2c1=O)N1CCCCCC1,0.8985999999999996,Nc1cc2n(c1)C=NN(CC(=O)ON1CCCCCC1)C2,True,1.0114999999999996,0.1129,0.20588235294117646,False,True
1.0,bin,5,-0.34654998779296875,-0.39010000228881836,-0.30299997329711914,427929,CCNc1nc(NCc2ccccc2Cl)c2cnn(C)c2n1,3.060600000000001,CNC=NC(NCc1ccccc1Cl)=C1C=NN(C)C1=N,True,1.7973699999999997,-1.2632300000000012,0.3,False,True
1.0,bin,5,-0.34654998779296875,-0.39010000228881836,-0.30299997329711914,447130,CCC(NC(=O)C1CCN(C(=O)C2CC2)CC1)c1ccc(C)cc1,3.2109200000000016,Cc1ccc(C(C)NC(=O)C2CCN(C(=O)C3CC3)CC2)cc1,True,2.820820000000001,-0.39010000000000034,0.717391304347826,False,True
1.0,bin,5,-0.34654998779296875,-0.39010000228881836,-0.30299997329711914,481908,CCNS(=O)(=O)c1ccc(C)c(C(=O)Nc2ncccc2C)c1,2.24894,CCS(=O)(=O)c1cccc(C(=O)Nc2ncccc2C)c1,True,2.4359200000000003,0.18698000000000015,0.5454545454545454,False,True
1.0,bin,5,-0.34654998779296875,-0.39010000228881836,-0.30299997329711914,485220,Cc1nn(CC(=O)N2CCN(C)CC2)c(C)c1Br,1.03644,Cc1nn(CC(=O)N2CCNCC2)c(C)c1Br,True,0.6942399999999997,-0.3422000000000003,0.725,False,True
1.0,bin,5,-0.34654998779296875,-0.39010000228881836,-0.30299997329711914,526363,Cc1nnc(SCC(=O)Nc2ccc(O)cc2)n(N)c1=O,0.09692,Cc1ccc(NC(=O)CSc2nnc(N)c(=O)n2N)cc1,True,-0.02648000000000017,-0.12340000000000018,0.68,False,True
1.0,bin,5,-0.34654998779296875,-0.39010000228881836,-0.30299997329711914,536853,COc1ccc(C2CCCN2C(=O)C2CCC2)c(OC)c1,3.1674000000000015,O=C(C1CCC1)N1CCCC1c1cccc(CO)c1,True,2.642500000000001,-0.5249000000000006,0.48148148148148145,False,True
1.0,bin,5,-0.34654998779296875,-0.39010000228881836,-0.30299997329711914,540312,Cc1nn(C)c2nc(C3CC3)cc(C(=O)NCC(=O)NC(C)(C)C)c12,1.7986199999999997,CCN(CCO)C(=O)C1C=C2CN(C=NC(C3CC3)=C1)N=C2C,True,1.3970999999999998,-0.4015199999999999,0.17647058823529413,False,True
1.0,bin,5,-0.34654998779296875,-0.39010000228881836,-0.30299997329711914,544381,Cc1nc(N2CCCC(C(=O)NC(C)C)C2)c2c(C)c(C)oc2n1,2.8890600000000006,Cc1nc(N2CCCC(C(=O)N(C)C)C2)c2c(C)c(C)oc2n1,True,2.4526600000000007,-0.4363999999999999,0.7090909090909091,False,True
1.0,bin,5,-0.34654998779296875,-0.39010000228881836,-0.30299997329711914,544382,CCCNC(=O)C1CCCN(c2nc(C)nc3oc(C)c(C)c23)C1,2.8906600000000013,CC1=NC(N2CCCCC2C)=CC(C(C)O)=c2c(C)c(C)oc2=N1,True,2.19534,-0.6953200000000015,0.1927710843373494,False,True
1.0,bin,5,-0.34654998779296875,-0.39010000228881836,-0.30299997329711914,550049,Cc1ccc(C)c(OCC(=O)Nc2cccc(-n3cnnc3)c2)c1,2.9016400000000013,Cc1nncn1-c1cccc(NC(=O)COc2ccccc2)c1,True,2.5932200000000005,-0.3084200000000008,0.5081967213114754,False,True
1.0,bin,5,-0.34654998779296875,-0.39010000228881836,-0.30299997329711914,573533,Cc1nn(-c2ncc(C(F)(F)F)cc2Cl)c(=O)o1,2.2011199999999995,CCOC=C1C=C(n2nc(C)oc2=O)C(C(F)(F)F)=N1,True,1.8804200000000002,-0.3206999999999993,0.36666666666666664,False,True
1.0,bin,5,-0.34654998779296875,-0.39010000228881836,-0.30299997329711914,582555,O=C(NCC(O)c1ccccc1)c1ccc2c(=O)n3c(nc2c1)CCC3,1.8061000000000003,O=C(NCC(O)c1ccccc1)c1ccc2c(=O)n3c(nc2c1)CCC3,True,1.8061000000000003,0.0,1.0,True,False
1.0,bin,5,-0.34654998779296875,-0.39010000228881836,-0.30299997329711914,588547,Cc1n[nH]c(C)c1NC(=O)CCc1ccc(Cl)cc1Cl,3.9046400000000023,Cc1n[nH]c(C)c1NC(=O)CCc1ccc(C(F)(F)F)cc1,True,3.616640000000002,-0.28800000000000026,0.5370370370370371,False,True
1.0,bin,5,-0.34654998779296875,-0.39010000228881836,-0.30299997329711914,607673,CCCN(CC1CC1)S(=O)(=O)c1ccccc1F,2.636400000000001,CCOC(=O)CN(CC1CC1)S(=O)(=O)c1ccccc1F,True,1.7894999999999999,-0.8469000000000011,0.6458333333333334,False,True
1.0,bin,5,-0.34654998779296875,-0.39010000228881836,-0.30299997329711914,617681,Cc1cc(C(=O)Nc2nc(-c3ccncc3)cs2)nn1C(C)C,3.5432200000000016,Cc1cn(C(F)F)nc1C(=O)Nc1nc(-c2ccncc2)cs1,True,3.357420000000001,-0.1858000000000004,0.5862068965517241,False,True
1.0,bin,5,-0.34654998779296875,-0.39010000228881836,-0.30299997329711914,650267,COc1ccc2oc(C(=O)NC3CCCCNC3=O)c(C)c2c1,2.14832,Cc1c(C(=O)NC2CCCCNC2=O)oc2ccccc12,True,2.1397199999999996,-0.008600000000000385,0.7142857142857143,False,True
1.0,bin,5,-0.34654998779296875,-0.39010000228881836,-0.30299997329711914,668639,Cc1cc(NC(=O)c2ccccc2Cl)ncc1N,2.8779200000000005,Cc1ccc(C(=O)Nc2cc(F)cc(N)n2)c(C)c1,True,2.67204,-0.2058800000000005,0.35714285714285715,False,True
1.0,bin,5,-0.34654998779296875,-0.39010000228881836,-0.30299997329711914,673160,CCC(=O)Nc1ccc2oc(C(F)(F)F)cc(=O)c2c1,3.160300000000001,CNC(=O)Nc1ccc2oc(C(F)(F)F)cc(=O)c2c1,True,2.5631000000000004,-0.5972000000000008,0.717391304347826,False,True
1.0,bin,5,-0.34654998779296875,-0.39010000228881836,-0.30299997329711914,711169,Cc1cccc(C(C)C)c1NC(=O)N(C)Cc1ccncc1,4.177320000000003,CC(C)c1ccccc1NC(=O)N(C)Cc1ccncc1,True,3.868900000000002,-0.3084200000000008,0.6875,False,False
1.0,bin,5,-0.34654998779296875,-0.39010000228881836,-0.30299997329711914,720969,Cc1noc(C)c1CCC(=O)OCC(=O)N1c2ccccc2CC1C,2.7450400000000013,Cc1noc(C)c1CCC(=O)OCC(=O)N1CCc2ccccc21,True,2.35654,-0.3885000000000014,0.6721311475409836,False,False
1.0,bin,5,-0.34654998779296875,-0.39010000228881836,-0.30299997329711914,730789,COC(=O)C1CCN(C(=O)c2cc3ccc(F)cc3nc2C)CC1,2.7075200000000006,Cc1nc2ccc(F)cc2cc1C(=O)N1CCCC(O)C1,True,2.2792199999999996,-0.428300000000001,0.5166666666666667,False,True
1.0,bin,5,-0.34654998779296875,-0.39010000228881836,-0.30299997329711914,738178,Cc1ccc(-n2ccnc2SCc2nc(C3CC3)no2)cc1C,4.041840000000003,Cc1ccccc1-n1ccnc1SCc1nc(C2CC2)no1,True,3.7334200000000024,-0.3084200000000008,0.7090909090909091,False,True
1.0,bin,5,-0.34654998779296875,-0.39010000228881836,-0.30299997329711914,771897,COc1ccccc1OCC(=O)N(C)Cc1sccc1C,3.102520000000002,COc1ccc(C#N)cc1OCC(=O)N(C)Cc1sccc1C,True,2.9742000000000015,-0.12832000000000043,0.6981132075471698,False,True
1.0,bin,5,-0.34654998779296875,-0.39010000228881836,-0.30299997329711914,811446,COC(=O)C1(NC(=O)c2cc(Br)c[nH]2)CCCCCC1,2.7730000000000006,COC(=O)C1(NC(=O)c2cc(C)c[nH]2)CCCCC1,True,1.9288199999999993,-0.8441800000000013,0.7441860465116279,False,True
1.0,bin,5,-0.34654998779296875,-0.39010000228881836,-0.30299997329711914,848291,CCC(C)NC(=O)NCc1noc(-c2cccs2)n1,2.3958000000000004,CCOC(CC)C(=O)NCc1noc(-c2cccs2)n1,True,2.2294,-0.16640000000000033,0.6491228070175439,False,True
1.0,bin,5,-0.34654998779296875,-0.39010000228881836,-0.30299997329711914,863440,COc1ccc(-c2nc(CCCO)cs2)cc1OC,2.752200000000001,COc1ccc(-c2nc(CC#N)cs2)cc1O,True,2.590380000000001,-0.16182000000000007,0.5294117647058824,False,True
1.0,bin,5,-0.34654998779296875,-0.39010000228881836,-0.30299997329711914,864663,N#Cc1ccc(-c2cc(F)ccc2F)nc1N1CCCC1,3.498680000000002,N#Cc1ccc(N2CCCC2)nc1-c1cc(F)ccc1N,True,2.9417800000000005,-0.5569000000000015,0.5094339622641509,False,True
1.0,bin,5,-0.34654998779296875,-0.39010000228881836,-0.30299997329711914,872100,CCc1cccc(C)c1NCC(O)c1ccc2c(c1)OCCO2,3.474120000000002,COc1ccc(Cl)cc1NCC(O)c1ccc2c(c1)OCCO2,True,3.2653000000000016,-0.20882000000000023,0.48333333333333334,False,True
1.0,bin,5,-0.34654998779296875,-0.39010000228881836,-0.30299997329711914,886334,COc1ccc(C(=O)N2CCCC(C(=O)N3CCCCC3)C2)c(O)c1,2.2655000000000003,O=C(c1ccccc1O)N1CCCC(C(=O)N2CCCCC2)C1,True,2.256900000000001,-0.008599999999999497,0.6458333333333334,False,True
1.0,bin,5,-0.34654998779296875,-0.39010000228881836,-0.30299997329711914,887387,COCCNC(=O)N(Cc1cccc(F)c1)CC1CCCO1,2.1627,CC(=O)NCCNC(=O)N(Cc1ccccc1)CC1CCCO1,True,1.513299999999999,-0.6494000000000011,0.6166666666666667,False,False
1.0,bin,5,-0.34654998779296875,-0.39010000228881836,-0.30299997329711914,889149,N#Cc1ccc(NC(=O)c2ccc(Br)cc2Cl)nc1,3.621480000000001,CCOc1ccc(Cl)cc1C(=O)Nc1ccc(C#N)cn1,True,3.2576800000000015,-0.36379999999999946,0.5535714285714286,False,True
1.0,bin,5,-0.34654998779296875,-0.39010000228881836,-0.30299997329711914,913483,O=C(CNC(=O)NCCc1c(Cl)cccc1Cl)NC1CC1,2.1137000000000006,O=C(CNC(=O)NCCc1ccccc1)NC1CC1(Cl)Cl,True,1.5906999999999998,-0.5230000000000008,0.4807692307692308,False,True
1.0,bin,5,-0.34654998779296875,-0.39010000228881836,-0.30299997329711914,917620,C=CCN(Cc1ccccc1OC)C(=O)c1csc(C)n1,3.288520000000002,C=CCOc1ccccc1CNC(=O)c1csc(C)n1,True,2.946320000000001,-0.34220000000000095,0.5081967213114754,False,True
1.0,bin,5,-0.34654998779296875,-0.39010000228881836,-0.30299997329711914,918312,CCOc1ccc(Cl)c(C(=O)N2CCN(c3ncccn3)CC2)n1,1.8860999999999997,COc1ccc(Cl)c(C(=O)N2CCN(c3ncccn3)CC2)n1,True,1.4959999999999998,-0.3900999999999999,0.7916666666666666,False,True
1.0,bin,5,-0.34654998779296875,-0.39010000228881836,-0.30299997329711914,922879,CC(=O)c1ccc(N2CCN(Cc3c(F)cccc3F)CC2)cc1,3.489600000000003,Oc1ccc(CN2CCN(c3ccccc3F)CC2)cc1F,True,2.9926000000000013,-0.49700000000000166,0.35185185185185186,False,True
1.0,bin,5,-0.34654998779296875,-0.39010000228881836,-0.30299997329711914,927535,COc1cc(CN2CCN(c3ccccc3F)CC2)ccc1O,2.862100000000002,Cc1ccccc1N1CCN(Cc2cccc(CO)c2)CC1,True,2.809520000000001,-0.05258000000000118,0.4444444444444444,False,True
1.0,bin,5,-0.34654998779296875,-0.39010000228881836,-0.30299997329711914,927567,Cc1ccccc1N1CCN(Cc2cccc(O)c2)CC1,3.022820000000001,Oc1cccc(N2CCN(Cc3ccccc3)CC2)c1,True,2.7144000000000013,-0.3084199999999999,0.5813953488372093,False,True
1.0,bin,5,-0.34654998779296875,-0.39010000228881836,-0.30299997329711914,938108,CC(c1ccccc1)N(C)C(=O)CCC(=O)Nc1nccs1,3.0814000000000012,CC(c1ccccc1)N(C)C(=O)CCC(=O)Nc1nccs1,True,3.0814000000000012,0.0,1.0,True,False
1.0,bin,5,-0.34654998779296875,-0.39010000228881836,-0.30299997329711914,943303,CN(CCCOc1ccccc1)C(=O)Nc1cccc2c1OCCO2,3.390600000000002,O=C(NCCCOc1ccc(O)cc1)Nc1cccc2c1OCCO2,True,2.7540000000000013,-0.6366000000000005,0.55,False,True
1.0,bin,5,-0.34654998779296875,-0.39010000228881836,-0.30299997329711914,946289,CC(NC(=O)C1(c2cc(-c3ccco3)on2)CC1)c1ccccc1,3.843600000000002,O=C(NCc1cccc(F)c1)C1(c2cc(-c3ccco3)on2)CC1,True,3.421700000000002,-0.42189999999999994,0.5483870967741935,False,True
1.0,bin,5,-0.34654998779296875,-0.39010000228881836,-0.30299997329711914,994077,Cc1nnc(Cn2c(-c3cccc(Br)c3)noc2=O)o1,2.0055199999999997,COc1ccc(Cl)cc1-c1noc(=O)n1Cc1nnc(C)o1,True,1.90502,-0.10049999999999981,0.5254237288135594,False,True
1.0,bin,5,-0.34654998779296875,-0.39010000228881836,-0.30299997329711914,1065620,O=C(NCc1cccnc1Oc1ccccc1)c1cccnc1,3.198900000000002,Nc1ccc(C(=O)NCc2cccnc2Oc2ccccc2)cn1,True,2.7811000000000012,-0.4178000000000006,0.74,False,True
1.0,bin,5,-0.34654998779296875,-0.39010000228881836,-0.30299997329711914,1093926,CN(C(=O)CNc1cccc(OCC2CCCO2)c1)c1ccccc1,3.319300000000002,O=C(CNc1ccccc1)Nc1cccc(OCC2CCCO2)c1,True,3.2950000000000017,-0.02430000000000021,0.6779661016949152,False,False
1.0,bin,5,-0.34654998779296875,-0.39010000228881836,-0.30299997329711914,1107920,CCc1ccc(-n2cc(C(=O)NC(C)c3ccccc3)nn2)cc1,3.320700000000002,CC(C)C(NC(=O)c1cn(-c2ccccc2)nn1)c1ccccc1,True,3.394400000000002,0.07369999999999965,0.6274509803921569,False,True
1.0,bin,5,-0.34654998779296875,-0.39010000228881836,-0.30299997329711914,1113130,CC(NC(=O)Cn1nnnc1C(C)(C)C)c1cccc2ccccc12,3.0012000000000016,CC(C)c1nnnn1CC(=O)NC(C)c1cccc2ccccc12,True,2.8271000000000006,-0.17410000000000103,0.7307692307692307,False,True
1.0,bin,5,-0.34654998779296875,-0.39010000228881836,-0.30299997329711914,1121751,COC(=O)Cn1ccc(NS(=O)(=O)c2ccc(F)c(F)c2F)n1,1.2742,COC(=O)Cn1ccc(NS(=O)(=O)c2ccc(C)cc2OC)n1,True,1.17392,-0.10027999999999992,0.6363636363636364,False,True
1.0,bin,5,-0.34654998779296875,-0.39010000228881836,-0.30299997329711914,1142531,CCOC(C)C(=O)NCCc1csc(-c2ccc(C)cc2)n1,3.2022200000000014,CCNC(=O)NCCc1csc(-c2ccccc2)n1,True,2.6717000000000004,-0.530520000000001,0.5178571428571429,False,True
1.0,bin,5,-0.34654998779296875,-0.39010000228881836,-0.30299997329711914,1212157,CN(Cc1ccc(F)c(F)c1)C(=O)c1cncc(-c2cnn(C)c2)c1,3.0325000000000015,CN(Cc1ccc(O)c(F)c1)C(=O)c1cncc(-c2cnn(C)c2)c1,True,2.599000000000001,-0.43350000000000044,0.8490566037735849,False,True
1.0,bin,5,-0.34654998779296875,-0.39010000228881836,-0.30299997329711914,1215394,CCn1nc(C)cc1C(=O)Oc1cccc(NC(=O)C(C)C)c1,3.025120000000001,CCn1nc(C)cc1C(=O)Oc1cc(C(=O)OC)ccc1C,True,2.525640000000001,-0.49948000000000015,0.48333333333333334,False,True
1.0,bin,5,-0.34654998779296875,-0.39010000228881836,-0.30299997329711914,1232922,CC(C)(C)OC(=O)NC1CCCN(S(=O)(=O)N2CCOCC2)C1,0.5525000000000011,CC(=O)NC(C(=O)NCCCC1CC2COCCN2S1(=O)=O)C(C)(C)C,True,0.2365000000000015,-0.3159999999999996,0.20512820512820512,False,True
1.0,bin,5,-0.34654998779296875,-0.39010000228881836,-0.30299997329711914,1238973,FC(F)(F)c1cnc(N2CCn3c(nnc3C3CC3)C2)c(Cl)c1,3.2429000000000023,Clc1cc(Br)cnc1N1CCn2c(nnc2C2CC2)C1,True,2.986600000000001,-0.2563000000000013,0.7058823529411765,False,True
1.0,bin,5,-0.34654998779296875,-0.39010000228881836,-0.30299997329711914,1299495,Cc1cc(CC(=O)N2CCCC2C(C#N)c2ccccc2)no1,2.823900000000001,Cc1cc(CC(=O)N2CCCC2C(O)c2ccccc2)no1,True,2.25012,-0.5737800000000011,0.75,False,True
1.0,bin,5,-0.34654998779296875,-0.39010000228881836,-0.30299997329711914,1309906,CC(C)CC(NC(=O)c1cc(=O)c2ccccc2o1)C(=O)OC(C)C,2.8891000000000018,CCCCC(NC(N)=O)C(=O)c1cc(=O)c2ccccc2o1,True,2.2028,-0.6863000000000019,0.48333333333333334,False,True
1.0,bin,5,-0.34654998779296875,-0.39010000228881836,-0.30299997329711914,1362816,COCc1cccc(C(=O)NC2CC2c2cccc(Cl)c2)c1,3.772300000000002,COCc1ccc(C(=O)NC2CC2c2ccccc2)cc1,True,3.118900000000002,-0.6534000000000004,0.6037735849056604,False,True
1.0,bin,5,-0.34654998779296875,-0.39010000228881836,-0.30299997329711914,1441838,COCC(=O)NC(C(=O)Nc1cccc(-c2nccs2)c1)C(C)C,2.5358,CCC(O)CNC(=O)Nc1cccc(-c2nccs2)c1,True,2.7025000000000006,0.16670000000000051,0.5396825396825397,False,True
1.0,bin,5,-0.34654998779296875,-0.39010000228881836,-0.30299997329711914,1450449,CCCNC(=O)CSc1nc2c(cc1C#N)CCCC2,2.450380000000001,CC(C)NC(=O)CSc1nc2c(cc1C#N)CCCC2,True,2.44878,-0.001600000000000712,0.7307692307692307,False,False
1.0,bin,5,-0.34654998779296875,-0.39010000228881836,-0.30299997329711914,1451910,O=S(=O)(NCc1nnc2ccccn12)c1ccc(F)c(F)c1,1.4859999999999995,COc1ccccc1S(=O)(=O)NCc1nnc2ccccn12,True,1.2164,-0.2695999999999996,0.5555555555555556,False,False
1.0,bin,5,-0.34654998779296875,-0.39010000228881836,-0.30299997329711914,1479798,Cc1nc(C)c(CCC(=O)N(CC(C)C)CC(F)(F)F)c(=O)[nH]1,2.3662400000000003,CCN(CC(F)(F)F)C(=O)CCc1c(C)nc(C)[nH]c1=O,True,1.73014,-0.6361000000000003,0.7708333333333334,False,True
1.0,bin,5,-0.34654998779296875,-0.39010000228881836,-0.30299997329711914,1507926,COC(=O)C(C)NC(=O)Cc1csc(-c2ccccc2Cl)n1,2.6837,COCCNC(=O)Cc1csc(-c2ccccc2Cl)n1,True,2.7686,0.0849000000000002,0.6481481481481481,False,False
1.0,bin,5,-0.34654998779296875,-0.39010000228881836,-0.30299997329711914,1527882,Nc1ncccc1C(=O)Nc1ccc2cn[nH]c2c1,1.7923999999999998,CC(=O)NCC1N=Cc2cc(NC(=O)c3cccnc3N)ccc21,True,1.5257999999999998,-0.26659999999999995,0.47619047619047616,False,True
1.0,bin,5,-0.34654998779296875,-0.39010000228881836,-0.30299997329711914,1532848,COc1ccc(-c2ccc3c(=O)[nH]cnc3c2)cc1Cl,3.2521000000000013,C=c1c(=CC2=CC=COC2)cc[nH]c1=O,True,0.03600000000000009,-3.2161000000000013,0.12121212121212122,False,True
1.0,bin,5,-0.34654998779296875,-0.39010000228881836,-0.30299997329711914,1548351,COc1cc(OC)c2c(c1)C(c1cnccn1)NCC2,1.7288999999999999,COc1ccc(O)c2c1CCNC2c1cnccn1,True,1.4259,-0.30299999999999994,0.5660377358490566,False,True
1.0,bin,5,-0.34654998779296875,-0.39010000228881836,-0.30299997329711914,1570134,COc1cccc(C(C)N2CCN(C(=O)c3ccc(O)cc3)CC2)c1,2.9198000000000013,COc1cccc(C(C)N2CCN(C(=O)c3ccccc3)CC2)c1O,True,2.9198000000000017,4.440892098500626e-16,0.5178571428571429,False,True
1.0,bin,5,-0.34654998779296875,-0.39010000228881836,-0.30299997329711914,1611406,CC(C)(C)N1CC(NC(=O)C2COc3ccc(F)cc3C2)CC1=O,1.8923999999999994,CCCN1CC(NC(=O)C2COc3ccccc3C2)CC1=O,True,1.3647999999999993,-0.5276000000000001,0.5076923076923077,False,True
1.0,bin,5,-0.34654998779296875,-0.39010000228881836,-0.30299997329711914,1612684,CCCC1CN(C(=O)Nc2ccn(CCC(C)C)n2)CCO1,2.9620000000000015,CCC1CN(C(=O)Nc2ccn(CC(C)C)n2)CCO1,True,2.1818,-0.7802000000000016,0.7068965517241379,False,True
1.0,bin,5,-0.34654998779296875,-0.39010000228881836,-0.30299997329711914,1639675,CCC(CC)c1nnc(NC(=O)c2scnc2C2CC2)s1,4.0279000000000025,CC(C)c1nnc(NC(=O)c2scnc2C2CC2)s1,True,3.247700000000002,-0.7802000000000007,0.7872340425531915,False,False
1.0,bin,5,-0.34654998779296875,-0.39010000228881836,-0.30299997329711914,1675660,COc1ccnc(NC(=O)c2cccc(Cl)c2)c1,2.9959000000000007,Cc1cccc(C(=O)Nc2cc(C#N)ccn2)c1,True,2.5140000000000002,-0.48190000000000044,0.4807692307692308,False,True
1.0,bin,5,-0.34654998779296875,-0.39010000228881836,-0.30299997329711914,1689728,CCc1noc(CSc2ncnc3sc(C)cc23)n1,3.237420000000002,C1=NOC(CSc2ncnc3sccc23)CC1,True,2.948200000000001,-0.28922000000000114,0.25,False,True
1.0,bin,5,-0.34654998779296875,-0.39010000228881836,-0.30299997329711914,1720876,CC(C)(C)CC(=O)NCC(=O)Nc1ccc2c(c1)COC2,2.2077,CN(CCC(F)(F)F)C(=O)C(O)c1ccc2c(c1)COC2,True,2.1610000000000005,-0.04669999999999952,0.32786885245901637,False,True
1.0,bin,5,-0.34654998779296875,-0.39010000228881836,-0.30299997329711914,1757109,CC(C)Cc1ncc(CNc2ccc3c(c2)COC3)s1,3.983900000000003,CC(C)c1ncc(CNc2ccc3c(c2)COC3)s1,True,3.908800000000003,-0.07509999999999994,0.7083333333333334,False,False
1.0,bin,5,-0.34654998779296875,-0.39010000228881836,-0.30299997329711914,1774061,O=C1NCCCc2[nH]c(-c3cccc4[nH]ccc34)nc21,2.234,C#CCN1Cc2[nH]c(-c3cccc4[nH]ccc34)nc2C1=O,True,2.1469999999999994,-0.08700000000000063,0.5423728813559322,False,True
1.0,bin,5,-0.34654998779296875,-0.39010000228881836,-0.30299997329711914,1800687,Cc1nn(C)c(-c2nc(-c3cccnn3)no2)c1Cl,1.8889199999999997,Cc1nn(C)c(N)c1-c1nc(-c2cccnn2)no1,True,0.8177199999999999,-1.0711999999999997,0.64,False,True
1.0,bin,5,-0.34654998779296875,-0.39010000228881836,-0.30299997329711914,1815867,FC(F)(F)c1ccc(CN2CCOCC2c2ncon2)cc1,2.661900000000001,Fc1ccc(Cl)cc1CN1CCOCC1c1ncon1,True,2.4356,-0.22630000000000106,0.6071428571428571,False,True
1.0,bin,5,-0.34654998779296875,-0.39010000228881836,-0.30299997329711914,1828580,Cc1ccc(N2CC3OCC(=O)N(Cc4cccc(F)c4)C3C2)nn1,1.54032,O=C1COC2CN(c3cccnn3)CC2N1Cc1ccccc1,True,1.0927999999999998,-0.44752000000000014,0.5714285714285714,False,True
1.0,bin,5,-0.34654998779296875,-0.39010000228881836,-0.30299997329711914,1836183,CCc1ccc(C(=O)NCc2nccc(N(C)C)n2)cc1,2.035,CN(C)c1ccnc(CNC(=O)c2cccc(Cl)c2)n1,True,2.1260000000000003,0.09100000000000019,0.6274509803921569,False,False
1.0,bin,5,-0.34654998779296875,-0.39010000228881836,-0.30299997329711914,1842499,COc1ccccc1COc1ccccc1-c1cnn(CCO)c1,3.1300000000000017,COc1ccccc1COc1ccccc1-c1cnn(CC(N)=O)c1,True,2.6229999999999993,-0.5070000000000023,0.7254901960784313,False,True
1.0,bin,5,-0.34654998779296875,-0.39010000228881836,-0.30299997329711914,1865564,COC(CNC(=O)c1ccoc1)c1cccc(F)c1,2.536200000000001,COc1ccccc1C(C#N)CNC(=O)c1ccoc1,True,2.32538,-0.2108200000000009,0.4666666666666667,False,True
1.0,bin,5,-0.34654998779296875,-0.39010000228881836,-0.30299997329711914,1868773,CCCOc1ccc(Cl)c2c1CCNC2C1CC(=O)C1,3.2947000000000015,CCOc1c(Cl)cc2cc1C1(CCC(=O)C1N)CC2,True,2.6129000000000007,-0.6818000000000008,0.2318840579710145,False,True
1.0,bin,5,-0.34654998779296875,-0.39010000228881836,-0.30299997329711914,1873123,CCC1OC(=O)c2c(OC)ccc(Br)c21,3.079200000000002,CCC1OC(=O)c2ccc(Br)cc21,True,3.0706000000000016,-0.008600000000000385,0.4,False,True
1.0,bin,5,-0.34654998779296875,-0.39010000228881836,-0.30299997329711914,1875028,Cc1cccc(C)c1NCC(=O)N1CCCC2CCCCC21,3.8965400000000034,Cc1cccc(F)c1NCC(=O)NCCC1CCCCC1,True,3.632620000000002,-0.2639200000000015,0.41379310344827586,False,True
1.0,bin,5,-0.34654998779296875,-0.39010000228881836,-0.30299997329711914,1895921,CCC(CC)N(C)C(=O)CC1OC(=O)c2ccccc21,2.935200000000002,CN(CC(F)F)C(=O)CC1OC(=O)c2ccccc21,True,2.0117,-0.923500000000002,0.6382978723404256,False,True
1.0,bin,5,-0.34654998779296875,-0.39010000228881836,-0.30299997329711914,1907077,Cc1ccc2[nH]nc(C(=O)Nc3nc(-c4ccco4)cs3)c2c1,3.8401200000000015,O=C(Nc1nc(-c2ccco2)cs1)c1n[nH]c2ccccc12,True,3.5317000000000007,-0.3084200000000008,0.7636363636363637,False,False
1.0,bin,5,-0.34654998779296875,-0.39010000228881836,-0.30299997329711914,1913063,Cc1nn(C)c(C)c1CN(C(=O)c1cn2cccc(C)c2n1)C1CC1,2.797860000000001,Cc1cccn2cc(C(=O)N(Cc3cnn(C)c3)C3CC3)nc12,True,2.18102,-0.6168400000000007,0.6721311475409836,False,True
1.0,bin,5,-0.34654998779296875,-0.39010000228881836,-0.30299997329711914,1922265,CN(CCNC(=O)c1ccc2c(c1)ncn2C)c1ccccc1,2.4395000000000007,CN(C)c1cccc(NCCNC(=O)c2ccc3c(c2)ncn3C)c1,True,2.4812000000000003,0.041699999999999626,0.6666666666666666,False,True
1.0,bin,6,-0.2550499439239502,-0.30299997329711914,-0.20709991455078125,32052,COc1ccccc1CNC(=O)Cc1c[nH]c2ccccc12,3.035400000000001,O=C(Cc1c[nH]c2ccccc12)NCc1ccc(O)cc1,True,2.7324,-0.3030000000000008,0.6170212765957447,False,True
1.0,bin,6,-0.2550499439239502,-0.30299997329711914,-0.20709991455078125,116747,COCCSc1ccccc1C(=O)Nc1cccc(C)n1,3.3808200000000017,CC(=O)N(C)c1ccc(Cl)c(C(=O)Nc2cccc(C)n2)c1,True,3.2784200000000014,-0.10240000000000027,0.4166666666666667,False,True
1.0,bin,6,-0.2550499439239502,-0.30299997329711914,-0.20709991455078125,131060,CS(=O)(=O)NCCc1csc(-c2ccc(F)cc2)n1,2.0408999999999997,CS(=O)NCCC(=O)N=CC1=CC=COC1,True,0.3272999999999997,-1.7136,0.12857142857142856,False,True
1.0,bin,6,-0.2550499439239502,-0.30299997329711914,-0.20709991455078125,131949,CCc1c(C)nc(SCC(=O)NC(C)C)[nH]c1=O,1.25742,Cc1cc(=O)[nH]c(SCC(=O)NC(C)C)n1,True,0.6950199999999997,-0.5624000000000002,0.5833333333333334,False,True
1.0,bin,6,-0.2550499439239502,-0.30299997329711914,-0.20709991455078125,158879,COc1ccc(CC(=O)OCC(=O)c2c[nH]c3ccccc23)cc1,3.145100000000001,CC1=C(C(=O)COC(=O)Cc2ccc(O)cc2O)c2ccccc21,True,2.6969000000000003,-0.4482000000000008,0.2923076923076923,False,True
1.0,bin,6,-0.2550499439239502,-0.30299997329711914,-0.20709991455078125,232056,COCCNC(=O)c1cc(=O)c2cc(C)ccc2o1,1.4776199999999993,COCCCNC(=O)c1cc(=O)c2cccc(C#N)c2o1,True,1.43098,-0.04663999999999935,0.4827586206896552,False,True
1.0,bin,6,-0.2550499439239502,-0.30299997329711914,-0.20709991455078125,235788,O=C(Cn1nc(-c2ccco2)oc1=O)NCC(F)(F)F,0.7747999999999999,CCOC(=O)Cn1nc(-c2ccco2)oc1=O,True,0.6594,-0.11539999999999995,0.5740740740740741,False,True
1.0,bin,6,-0.2550499439239502,-0.30299997329711914,-0.20709991455078125,236081,CC(=O)c1c(C)[nH]c(C(=O)CSc2nc(C(C)C)n[nH]2)c1C,3.0506400000000014,CSc1n[nH]c(SCC(=O)c2[nH]c(C)c(C(C)=O)c2C)n1,True,2.649140000000001,-0.4015000000000004,0.7,False,True
1.0,bin,6,-0.2550499439239502,-0.30299997329711914,-0.20709991455078125,281081,O=C(Cn1cccn1)NCc1cccnc1Oc1ccc(F)cc1F,2.665000000000001,N#Cc1cccc(Oc2ncccc2CNC(=O)Cn2cccn2)c1,True,2.2584799999999996,-0.4065200000000013,0.6060606060606061,False,True
1.0,bin,6,-0.2550499439239502,-0.30299997329711914,-0.20709991455078125,284170,COc1ccc(-c2nc(CC(=O)Nc3cccc(C)n3)cs2)cc1,3.7033200000000024,COc1cc(C#N)ccc1-c1nc(CC(=O)Nc2ccnc(C)c2)cs1,True,3.575000000000002,-0.12832000000000043,0.410958904109589,False,True
1.0,bin,6,-0.2550499439239502,-0.30299997329711914,-0.20709991455078125,288369,Cc1ccc(NCc2nnc3n2CCCCC3)cc1C,3.2334400000000016,CC(=O)c1cccc(NCc2nnc3n2CCC(C)CC3)c1,True,3.0652000000000017,-0.16823999999999995,0.4426229508196721,False,True
1.0,bin,6,-0.2550499439239502,-0.30299997329711914,-0.20709991455078125,302889,COc1ccc(OC)c(NC(=O)CCNC(=O)c2cccs2)c1,2.5239000000000003,N#Cc1cccc(NC(=O)CCNC(=O)c2cccs2)c1,True,2.378380000000001,-0.14551999999999943,0.5,False,False
1.0,bin,6,-0.2550499439239502,-0.30299997329711914,-0.20709991455078125,327141,COc1ccc(OC)c(S(=O)(=O)Nc2ccn(C)n2)c1,1.2381,Cn1ccc(NS(=O)(=O)c2ccc(F)c(N)c2)n1,True,0.9422000000000001,-0.29589999999999983,0.4528301886792453,False,True
1.0,bin,6,-0.2550499439239502,-0.30299997329711914,-0.20709991455078125,327382,CNC(=O)C1CN(C(=O)c2c(C)noc2C)c2ccccc2O1,1.4452399999999996,CNC(=O)CC1Oc2ccccc2N1C(=O)c1c(C)noc1C,True,1.7928399999999998,0.34760000000000013,0.559322033898305,False,True
1.0,bin,6,-0.2550499439239502,-0.30299997329711914,-0.20709991455078125,406491,COCCNC(=O)C1CCCN(S(=O)(=O)N2CCOCC2)C1,-0.9619999999999964,NC(=O)C1CCCN(S(=O)(=O)N2CCOCC2)C1,True,-1.239299999999998,-0.27730000000000166,0.5714285714285714,False,True
1.0,bin,6,-0.2550499439239502,-0.30299997329711914,-0.20709991455078125,413951,O=C(Cn1ncn2cccc2c1=O)N1CCCCCC1,0.8985999999999996,CC(C)NC(=O)CCCCCNC(=O)Cn1ncn2cccc2c1=O,True,0.6972000000000007,-0.2013999999999989,0.48333333333333334,False,True
1.0,bin,6,-0.2550499439239502,-0.30299997329711914,-0.20709991455078125,427929,CCNc1nc(NCc2ccccc2Cl)c2cnn(C)c2n1,3.060600000000001,CCc1ccc(CNc2nc(NC)nc3c2cnn3C)cc1,True,2.5795000000000003,-0.4811000000000005,0.5272727272727272,False,True
1.0,bin,6,-0.2550499439239502,-0.30299997329711914,-0.20709991455078125,447130,CCC(NC(=O)C1CCN(C(=O)C2CC2)CC1)c1ccc(C)cc1,3.2109200000000016,CCN(CCCC(=O)NC(C)C1=CC=CCOCC1)C(=O)C1CC1,True,2.4327000000000005,-0.778220000000001,0.20512820512820512,False,True
1.0,bin,6,-0.2550499439239502,-0.30299997329711914,-0.20709991455078125,481908,CCNS(=O)(=O)c1ccc(C)c(C(=O)Nc2ncccc2C)c1,2.24894,CS(=O)(=O)Nc1cccc(C(=O)Nc2ncccc2Cl)c1,True,2.3588000000000005,0.10986000000000029,0.34375,False,True
1.0,bin,6,-0.2550499439239502,-0.30299997329711914,-0.20709991455078125,485220,Cc1nn(CC(=O)N2CCN(C)CC2)c(C)c1Br,1.03644,CCOC(=O)NC1CCCN(C(=O)Cn2cc(Cl)c(C)n2)C1,True,1.5820199999999998,0.5455799999999997,0.25757575757575757,False,True
1.0,bin,6,-0.2550499439239502,-0.30299997329711914,-0.20709991455078125,526363,Cc1nnc(SCC(=O)Nc2ccc(O)cc2)n(N)c1=O,0.09692,Cc1nnc(SCC(=O)Nc2ccc(F)cc2)n(N)c1=O,True,0.5304200000000001,0.4335000000000001,0.8085106382978723,False,False
1.0,bin,6,-0.2550499439239502,-0.30299997329711914,-0.20709991455078125,536853,COc1ccc(C2CCCN2C(=O)C2CCC2)c(OC)c1,3.1674000000000015,COc1ccc(C2CCCN2C(=O)C2CCC2)cc1O,True,2.864400000000002,-0.3029999999999995,0.6078431372549019,False,True
1.0,bin,6,-0.2550499439239502,-0.30299997329711914,-0.20709991455078125,540312,Cc1nn(C)c2nc(C3CC3)cc(C(=O)NCC(=O)NC(C)(C)C)c12,1.7986199999999997,CCn1nc(C)c2c(C(=O)NCCCO)cc(C3CC3)nc21,True,1.7492199999999996,-0.04940000000000011,0.5230769230769231,False,True
1.0,bin,6,-0.2550499439239502,-0.30299997329711914,-0.20709991455078125,544381,Cc1nc(N2CCCC(C(=O)NC(C)C)C2)c2c(C)c(C)oc2n1,2.8890600000000006,CCN(CC)C(=O)C1CCN(c2ncnc3oc(C)c(C)c23)CC1,True,2.9244400000000006,0.03537999999999997,0.36764705882352944,False,True
1.0,bin,6,-0.2550499439239502,-0.30299997329711914,-0.20709991455078125,544382,CCCNC(=O)C1CCCN(c2nc(C)nc3oc(C)c(C)c23)C1,2.8906600000000013,CC(=O)NCCCCNC1=NC(C)=NCOC(C)=C(C)C1,True,1.9808999999999997,-0.9097600000000017,0.16455696202531644,False,True
1.0,bin,6,-0.2550499439239502,-0.30299997329711914,-0.20709991455078125,550049,Cc1ccc(C)c(OCC(=O)Nc2cccc(-n3cnnc3)c2)c1,2.9016400000000013,Cc1cccc(C)c1OCC(=O)Nc1cccc(-n2cnnc2)c1,True,2.9016400000000004,-8.881784197001252e-16,0.7254901960784313,False,False
1.0,bin,6,-0.2550499439239502,-0.30299997329711914,-0.20709991455078125,573533,Cc1nn(-c2ncc(C(F)(F)F)cc2Cl)c(=O)o1,2.2011199999999995,CC=NC=C(C(=O)O)n1nc(C(F)F)cc1Cl,True,2.4478,0.24668000000000045,0.16923076923076924,False,True
1.0,bin,6,-0.2550499439239502,-0.30299997329711914,-0.20709991455078125,582555,O=C(NCC(O)c1ccccc1)c1ccc2c(=O)n3c(nc2c1)CCC3,1.8061000000000003,C=CC1=CC=CC=C(N)CNC(=O)c2ccc3c(=O)[nH]c(nc3c2)C1,True,1.7202,-0.08590000000000031,0.16279069767441862,False,True
1.0,bin,6,-0.2550499439239502,-0.30299997329711914,-0.20709991455078125,588547,Cc1n[nH]c(C)c1NC(=O)CCc1ccc(Cl)cc1Cl,3.9046400000000023,Cc1n[nH]c(C)c1NC(=O)CCc1ccc(F)c(Cl)c1,True,3.390340000000002,-0.5143000000000004,0.6538461538461539,False,True
1.0,bin,6,-0.2550499439239502,-0.30299997329711914,-0.20709991455078125,607673,CCCN(CC1CC1)S(=O)(=O)c1ccccc1F,2.636400000000001,CCN(CC1CC1)S(=O)(=O)c1ccc(N(C)C)cc1,True,2.1732000000000005,-0.4632000000000005,0.40816326530612246,False,True
1.0,bin,6,-0.2550499439239502,-0.30299997329711914,-0.20709991455078125,617681,Cc1cc(C(=O)Nc2nc(-c3ccncc3)cs2)nn1C(C)C,3.5432200000000016,Cc1cc(C(=O)Nc2nc(-c3ccncc3)cs2)nn1C(C)C,True,3.5432200000000016,0.0,1.0,True,False
1.0,bin,6,-0.2550499439239502,-0.30299997329711914,-0.20709991455078125,650267,COc1ccc2oc(C(=O)NC3CCCCNC3=O)c(C)c2c1,2.14832,Cc1ccc2oc(C(=O)NC3CCCCNC3=O)c(N)c2c1,True,1.7219199999999997,-0.42640000000000033,0.639344262295082,False,True
1.0,bin,6,-0.2550499439239502,-0.30299997329711914,-0.20709991455078125,668639,Cc1cc(NC(=O)c2ccccc2Cl)ncc1N,2.8779200000000005,Nc1ccnc(NC(=O)c2cccc(Br)c2)c1,True,2.6786000000000003,-0.19932000000000016,0.34545454545454546,False,True
1.0,bin,6,-0.2550499439239502,-0.30299997329711914,-0.20709991455078125,673160,CCC(=O)Nc1ccc2oc(C(F)(F)F)cc(=O)c2c1,3.160300000000001,CC(=O)NC1=CC=COC(C)=C(C(F)(F)F)C(=O)C=C1,True,2.5119000000000007,-0.6484000000000005,0.2153846153846154,False,True
1.0,bin,6,-0.2550499439239502,-0.30299997329711914,-0.20709991455078125,711169,Cc1cccc(C(C)C)c1NC(=O)N(C)Cc1ccncc1,4.177320000000003,CCOc1cc(Cl)ccc1NC(=O)N(C)Cc1ccncc1,True,3.797600000000002,-0.3797200000000007,0.45,False,True
1.0,bin,6,-0.2550499439239502,-0.30299997329711914,-0.20709991455078125,720969,Cc1noc(C)c1CCC(=O)OCC(=O)N1c2ccccc2CC1C,2.7450400000000013,Cc1noc(C)c1CCC(=O)OCC(=O)N1c2ccccc2CC1C,True,2.7450400000000013,0.0,1.0,True,False
1.0,bin,6,-0.2550499439239502,-0.30299997329711914,-0.20709991455078125,730789,COC(=O)C1CCN(C(=O)c2cc3ccc(F)cc3nc2C)CC1,2.7075200000000006,CCNC(=O)C1CCN(C(=O)c2cc3ccc(C)cc3nc2C)CC1,True,2.8399400000000012,0.13242000000000065,0.576271186440678,False,True
1.0,bin,6,-0.2550499439239502,-0.30299997329711914,-0.20709991455078125,738178,Cc1ccc(-n2ccnc2SCc2nc(C3CC3)no2)cc1C,4.041840000000003,CCOc1ccc(-n2ccnc2SCc2nc(C3CC3)no2)cc1,True,3.8237000000000023,-0.2181400000000009,0.7142857142857143,False,True
1.0,bin,6,-0.2550499439239502,-0.30299997329711914,-0.20709991455078125,771897,COc1ccccc1OCC(=O)N(C)Cc1sccc1C,3.102520000000002,COc1cccc(OCC(=O)N(C)Cc2cc(N)cs2)c1C,True,2.6847200000000004,-0.4178000000000015,0.5087719298245614,False,True
1.0,bin,6,-0.2550499439239502,-0.30299997329711914,-0.20709991455078125,811446,COC(=O)C1(NC(=O)c2cc(Br)c[nH]2)CCCCCC1,2.7730000000000006,COC(=O)C1(NC(=O)c2cc(Br)c[nH]2)CCCCC1,True,2.3829000000000002,-0.39010000000000034,1.0,False,True
1.0,bin,6,-0.2550499439239502,-0.30299997329711914,-0.20709991455078125,848291,CCC(C)NC(=O)NCc1noc(-c2cccs2)n1,2.3958000000000004,COCC(C)N(C)C(=O)NCc1noc(-c2cccs2)n1,True,1.9744000000000002,-0.4214000000000002,0.5901639344262295,False,True
1.0,bin,6,-0.2550499439239502,-0.30299997329711914,-0.20709991455078125,863440,COc1ccc(-c2nc(CCCO)cs2)cc1OC,2.752200000000001,COC=C1C=C(c2nc(C)cs2)C=C1CCCO,True,3.0777200000000016,0.3255200000000005,0.3389830508474576,False,True
1.0,bin,6,-0.2550499439239502,-0.30299997329711914,-0.20709991455078125,864663,N#Cc1ccc(-c2cc(F)ccc2F)nc1N1CCCC1,3.498680000000002,COC=CC(=CC1=NC1=CC=C(C#N)CN1CCCC1)OC,True,2.5610800000000005,-0.9376000000000015,0.13333333333333333,False,True
1.0,bin,6,-0.2550499439239502,-0.30299997329711914,-0.20709991455078125,872100,CCc1cccc(C)c1NCC(O)c1ccc2c(c1)OCCO2,3.474120000000002,Cc1cccc(C)c1NCC(O)c1ccc2c(c1)OCCO2,True,3.2201400000000016,-0.2539800000000003,0.8222222222222222,False,False
1.0,bin,6,-0.2550499439239502,-0.30299997329711914,-0.20709991455078125,886334,COc1ccc(C(=O)N2CCCC(C(=O)N3CCCCC3)C2)c(O)c1,2.2655000000000003,Nc1cc(C(=O)N2CCCC(C(=O)N3CCCCC3)C2)ccc1F,True,2.2725999999999997,0.00709999999999944,0.47368421052631576,False,True
1.0,bin,6,-0.2550499439239502,-0.30299997329711914,-0.20709991455078125,887387,COCCNC(=O)N(Cc1cccc(F)c1)CC1CCCO1,2.1627,CN(C)c1cccc(CN(CC2CCCO2)S(C)(=O)=O)c1,True,1.6931999999999998,-0.46950000000000025,0.4117647058823529,False,True
1.0,bin,6,-0.2550499439239502,-0.30299997329711914,-0.20709991455078125,889149,N#Cc1ccc(NC(=O)c2ccc(Br)cc2Cl)nc1,3.621480000000001,N#Cc1ccc(NC(=O)c2ccc(C(F)(F)F)cc2)nc1,True,3.224380000000002,-0.3970999999999991,0.5,False,False
1.0,bin,6,-0.2550499439239502,-0.30299997329711914,-0.20709991455078125,913483,O=C(CNC(=O)NCCc1c(Cl)cccc1Cl)NC1CC1,2.1137000000000006,CC1=CC=C(CCNC(=O)NCC(=O)NC2CC2C)CC=C1,True,2.0328999999999997,-0.08080000000000087,0.36065573770491804,False,True
1.0,bin,6,-0.2550499439239502,-0.30299997329711914,-0.20709991455078125,917620,C=CCN(Cc1ccccc1OC)C(=O)c1csc(C)n1,3.288520000000002,C=CCN(CC(=O)c1cscn1)Cc1ccccc1O,True,2.719600000000002,-0.5689199999999999,0.36923076923076925,False,True
1.0,bin,6,-0.2550499439239502,-0.30299997329711914,-0.20709991455078125,918312,CCOc1ccc(Cl)c(C(=O)N2CCN(c3ncccn3)CC2)n1,1.8860999999999997,COc1c(Cl)cc(Cl)nc1C(=O)N1CCN(c2ncccn2)CC1,True,2.149399999999999,0.2632999999999994,0.5535714285714286,False,True
1.0,bin,6,-0.2550499439239502,-0.30299997329711914,-0.20709991455078125,922879,CC(=O)c1ccc(N2CCN(Cc3c(F)cccc3F)CC2)cc1,3.489600000000003,CC(=O)c1ccc(N2CCN(Cc3ccc(C#N)cc3)CC2)cc1,True,3.0830800000000016,-0.4065200000000013,0.5510204081632653,False,False
1.0,bin,6,-0.2550499439239502,-0.30299997329711914,-0.20709991455078125,927535,COc1cc(CN2CCN(c3ccccc3F)CC2)ccc1O,2.862100000000002,COc1ccccc1N1CCN(Cc2cccc(O)c2)CC1,True,2.7230000000000008,-0.13910000000000133,0.5882352941176471,False,False
1.0,bin,6,-0.2550499439239502,-0.30299997329711914,-0.20709991455078125,927567,Cc1ccccc1N1CCN(Cc2cccc(O)c2)CC1,3.022820000000001,COc1cc(CN2CCN(c3ccccc3)CC2)cc(OC)c1O,True,2.7316000000000016,-0.2912199999999996,0.4117647058823529,False,True
1.0,bin,6,-0.2550499439239502,-0.30299997329711914,-0.20709991455078125,938108,CC(c1ccccc1)N(C)C(=O)CCC(=O)Nc1nccs1,3.0814000000000012,Cc1ccccc1CN(C)C(=O)CCC(=O)Nc1nccs1,True,2.8288200000000012,-0.25258,0.5892857142857143,False,True
1.0,bin,6,-0.2550499439239502,-0.30299997329711914,-0.20709991455078125,943303,CN(CCCOc1ccccc1)C(=O)Nc1cccc2c1OCCO2,3.390600000000002,O=C(NCCCOc1ccc(F)cc1)Nc1cccc2c1OCCO2,True,3.187500000000001,-0.20310000000000095,0.5409836065573771,False,True
1.0,bin,6,-0.2550499439239502,-0.30299997329711914,-0.20709991455078125,946289,CC(NC(=O)C1(c2cc(-c3ccco3)on2)CC1)c1ccccc1,3.843600000000002,Cc1ccccc1CNC(=O)C1(c2cc(-c3ccco3)on2)CC1,True,3.591020000000002,-0.25258,0.6101694915254238,False,True
1.0,bin,6,-0.2550499439239502,-0.30299997329711914,-0.20709991455078125,994077,Cc1nnc(Cn2c(-c3cccc(Br)c3)noc2=O)o1,2.0055199999999997,COc1ccc(-c2noc(=O)n2Cc2nnc(C)o2)c(OC)c1,True,1.26022,-0.7452999999999999,0.5344827586206896,False,True
1.0,bin,6,-0.2550499439239502,-0.30299997329711914,-0.20709991455078125,1065620,O=C(NCc1cccnc1Oc1ccccc1)c1cccnc1,3.198900000000002,N#Cc1ncccc1C(=O)NCc1cccnc1Oc1ccccc1,True,3.0705800000000014,-0.12832000000000043,0.6111111111111112,False,True
1.0,bin,6,-0.2550499439239502,-0.30299997329711914,-0.20709991455078125,1093926,CN(C(=O)CNc1cccc(OCC2CCCO2)c1)c1ccccc1,3.319300000000002,O=C(CNc1cccc(OCC2CCCO2)c1)Nc1ccccc1O,True,3.0006000000000017,-0.3187000000000002,0.625,False,True
1.0,bin,6,-0.2550499439239502,-0.30299997329711914,-0.20709991455078125,1107920,CCc1ccc(-n2cc(C(=O)NC(C)c3ccccc3)nn2)cc1,3.320700000000002,COc1ccc(C(C)N(C)C(=O)c2cn(-c3ccccc3)nn2)cc1,True,3.1091000000000015,-0.21160000000000068,0.4126984126984127,False,True
1.0,bin,6,-0.2550499439239502,-0.30299997329711914,-0.20709991455078125,1113130,CC(NC(=O)Cn1nnnc1C(C)(C)C)c1cccc2ccccc12,3.0012000000000016,CC1=CC=Cc2ccccc2CCC(C)c2nnnn2CC(=O)N1,True,2.456199999999999,-0.5450000000000026,0.17073170731707318,False,True
1.0,bin,6,-0.2550499439239502,-0.30299997329711914,-0.20709991455078125,1121751,COC(=O)Cn1ccc(NS(=O)(=O)c2ccc(F)c(F)c2F)n1,1.2742,COC(=O)Cn1ccc(NS(=O)(=O)c2cccc(OC)c2)n1,True,0.8654999999999999,-0.40870000000000006,0.5614035087719298,False,True
1.0,bin,6,-0.2550499439239502,-0.30299997329711914,-0.20709991455078125,1142531,CCOC(C)C(=O)NCCc1csc(-c2ccc(C)cc2)n1,3.2022200000000014,CC(=O)NCCc1csc(-c2ccc(C)cc2)n1,True,2.7971200000000014,-0.4051,0.66,False,True
1.0,bin,6,-0.2550499439239502,-0.30299997329711914,-0.20709991455078125,1212157,CN(Cc1ccc(F)c(F)c1)C(=O)c1cncc(-c2cnn(C)c2)c1,3.0325000000000015,COc1cccc(CN(C)C(=O)c2cncc(-c3cnn(C)c3)c2)c1,True,2.762900000000001,-0.2696000000000005,0.6779661016949152,False,True
1.0,bin,6,-0.2550499439239502,-0.30299997329711914,-0.20709991455078125,1215394,CCn1nc(C)cc1C(=O)Oc1cccc(NC(=O)C(C)C)c1,3.025120000000001,CCc1cc(C(=O)Oc2cccc(OC)c2)n(CCOC)n1,True,2.3197,-0.705420000000001,0.4126984126984127,False,True
1.0,bin,6,-0.2550499439239502,-0.30299997329711914,-0.20709991455078125,1232922,CC(C)(C)OC(=O)NC1CCCN(S(=O)(=O)N2CCOCC2)C1,0.5525000000000011,CC(C)(C)OC(=O)NC1CCCN(S(=O)(=O)N2CCOCC2)C1,True,0.5525000000000011,0.0,1.0,True,False
1.0,bin,6,-0.2550499439239502,-0.30299997329711914,-0.20709991455078125,1238973,FC(F)(F)c1cnc(N2CCn3c(nnc3C3CC3)C2)c(Cl)c1,3.2429000000000023,Clc1cnc(Cl)c(NC2CCCc3nnc(C4CC4)n3C2)c1,True,3.6743000000000015,0.4313999999999991,0.3235294117647059,False,True
1.0,bin,6,-0.2550499439239502,-0.30299997329711914,-0.20709991455078125,1299495,Cc1cc(CC(=O)N2CCCC2C(C#N)c2ccccc2)no1,2.823900000000001,Cc1cc(C(C#N)C(=O)N2CCCC2c2ccccc2)no1,True,2.9539000000000017,0.13000000000000078,0.4925373134328358,False,True
1.0,bin,6,-0.2550499439239502,-0.30299997329711914,-0.20709991455078125,1309906,CC(C)CC(NC(=O)c1cc(=O)c2ccccc2o1)C(=O)OC(C)C,2.8891000000000018,CCC(C)OC(=O)C(C)NC(=O)c1cc(=O)c2ccccc2o1,True,2.253,-0.6361000000000017,0.6181818181818182,False,True
1.0,bin,6,-0.2550499439239502,-0.30299997329711914,-0.20709991455078125,1362816,COCc1cccc(C(=O)NC2CC2c2cccc(Cl)c2)c1,3.772300000000002,N#Cc1cccc(C(=O)NC2CC2c2cccc(Cl)c2)c1,True,3.497580000000002,-0.2747200000000003,0.6181818181818182,False,False
1.0,bin,6,-0.2550499439239502,-0.30299997329711914,-0.20709991455078125,1441838,COCC(=O)NC(C(=O)Nc1cccc(-c2nccs2)c1)C(C)C,2.5358,CC(=O)NC(C)C(=O)Nc1cccc(-c2nccs2)c1,True,2.2732,-0.26259999999999994,0.6206896551724138,False,True
1.0,bin,6,-0.2550499439239502,-0.30299997329711914,-0.20709991455078125,1450449,CCCNC(=O)CSc1nc2c(cc1C#N)CCCC2,2.450380000000001,CCCCNc1cnc(SCC(=O)N(CC)CC(=O)OC)c(C)c1,True,2.7156200000000013,0.26524000000000036,0.23076923076923078,False,True
1.0,bin,6,-0.2550499439239502,-0.30299997329711914,-0.20709991455078125,1451910,O=S(=O)(NCc1nnc2ccccn12)c1ccc(F)c(F)c1,1.4859999999999995,N#CCc1ccc(S(=O)(=O)NCc2nnc3ccccn23)cc1,True,1.27388,-0.21211999999999964,0.6226415094339622,False,False
1.0,bin,6,-0.2550499439239502,-0.30299997329711914,-0.20709991455078125,1479798,Cc1nc(C)c(CCC(=O)N(CC(C)C)CC(F)(F)F)c(=O)[nH]1,2.3662400000000003,COCCNC(=O)CCc1c(C)nc(C)[nH]c1=O,True,0.08193999999999996,-2.2843000000000004,0.45614035087719296,False,True
1.0,bin,6,-0.2550499439239502,-0.30299997329711914,-0.20709991455078125,1507926,COC(=O)C(C)NC(=O)Cc1csc(-c2ccccc2Cl)n1,2.6837,Cc1ccccc1-c1nc(CC(=O)NC(C)CO)cs1,True,2.1580199999999996,-0.5256800000000004,0.5535714285714286,False,True
1.0,bin,6,-0.2550499439239502,-0.30299997329711914,-0.20709991455078125,1527882,Nc1ncccc1C(=O)Nc1ccc2cn[nH]c2c1,1.7923999999999998,CS(=O)(=O)c1ccc(C(=O)Nc2ccc3cn[nH]c3c2)cn1,True,1.6137,-0.17869999999999986,0.5357142857142857,False,True
1.0,bin,6,-0.2550499439239502,-0.30299997329711914,-0.20709991455078125,1532848,COc1ccc(-c2ccc3c(=O)[nH]cnc3c2)cc1Cl,3.2521000000000013,O=c1[nH]cnc2cc(-c3ccc(F)c(F)c3)ccc12,True,2.8683000000000005,-0.3838000000000008,0.5555555555555556,False,False
1.0,bin,6,-0.2550499439239502,-0.30299997329711914,-0.20709991455078125,1548351,COc1cc(OC)c2c(c1)C(c1cnccn1)NCC2,1.7288999999999999,Oc1cc2c(cc1F)C(c1cnccn1)NCC2,True,1.5563999999999996,-0.17250000000000032,0.45454545454545453,False,True
1.0,bin,6,-0.2550499439239502,-0.30299997329711914,-0.20709991455078125,1570134,COc1cccc(C(C)N2CCN(C(=O)c3ccc(O)cc3)CC2)c1,2.9198000000000013,COc1cccc(C(C)N2CCN(C(=O)c3ccccc3O)CC2)c1,True,2.9198000000000013,0.0,0.7058823529411765,False,True
1.0,bin,6,-0.2550499439239502,-0.30299997329711914,-0.20709991455078125,1611406,CC(C)(C)N1CC(NC(=O)C2COc3ccc(F)cc3C2)CC1=O,1.8923999999999994,CCN1CC(NC(=O)C2COc3ccccc3C2)CC1=O,True,0.974699999999999,-0.9177000000000004,0.5238095238095238,False,True
1.0,bin,6,-0.2550499439239502,-0.30299997329711914,-0.20709991455078125,1612684,CCCC1CN(C(=O)Nc2ccn(CCC(C)C)n2)CCO1,2.9620000000000015,CC(C)CCn1ccc(NC(=O)N2CCOC(C)(C)C2)n1,True,2.5719000000000003,-0.3901000000000012,0.6229508196721312,False,True
1.0,bin,6,-0.2550499439239502,-0.30299997329711914,-0.20709991455078125,1639675,CCC(CC)c1nnc(NC(=O)c2scnc2C2CC2)s1,4.0279000000000025,CC(C)(C)c1nnc(NC(=O)c2scnc2C2CC2)s1,True,3.421800000000002,-0.6061000000000005,0.6666666666666666,False,False
1.0,bin,6,-0.2550499439239502,-0.30299997329711914,-0.20709991455078125,1675660,COc1ccnc(NC(=O)c2cccc(Cl)c2)c1,2.9959000000000007,COc1cc(C(=O)Nc2cc(C)ccn2)ccc1C#N,True,2.5226000000000006,-0.47330000000000005,0.43859649122807015,False,True
1.0,bin,6,-0.2550499439239502,-0.30299997329711914,-0.20709991455078125,1689728,CCc1noc(CSc2ncnc3sc(C)cc23)n1,3.237420000000002,Cc1noc(CSc2ncnc3sc(C)cc23)n1,True,2.9834400000000016,-0.2539800000000003,0.7659574468085106,False,False
1.0,bin,6,-0.2550499439239502,-0.30299997329711914,-0.20709991455078125,1720876,CC(C)(C)CC(=O)NCC(=O)Nc1ccc2c(c1)COC2,2.2077,O=C(NCCOCC(F)(F)F)c1ccc2c(c1)COC2,True,2.0255,-0.18219999999999992,0.3793103448275862,False,True
1.0,bin,6,-0.2550499439239502,-0.30299997329711914,-0.20709991455078125,1757109,CC(C)Cc1ncc(CNc2ccc3c(c2)COC3)s1,3.983900000000003,CCCC=NC(C)=C(S)CNc1ccc2c(c1)COC2,True,4.160900000000003,0.1770000000000005,0.36507936507936506,False,True
1.0,bin,6,-0.2550499439239502,-0.30299997329711914,-0.20709991455078125,1774061,O=C1NCCCc2[nH]c(-c3cccc4[nH]ccc34)nc21,2.234,CCN(CCO)C(=O)C1C(=O)c2nc1[nH]c2CCCN,True,-0.5782999999999985,-2.8122999999999987,0.1,False,True
1.0,bin,6,-0.2550499439239502,-0.30299997329711914,-0.20709991455078125,1800687,Cc1nn(C)c(-c2nc(-c3cccnn3)no2)c1Cl,1.8889199999999997,Cn1ncc(Br)c1-c1nc(-c2cccnn2)no1,True,1.6895999999999995,-0.19932000000000016,0.5882352941176471,False,True
1.0,bin,6,-0.2550499439239502,-0.30299997329711914,-0.20709991455078125,1815867,FC(F)(F)c1ccc(CN2CCOCC2c2ncon2)cc1,2.661900000000001,COC=CC=CCN1CCOCC1CN=CON,True,0.32210000000000083,-2.3398000000000003,0.1780821917808219,False,True
1.0,bin,6,-0.2550499439239502,-0.30299997329711914,-0.20709991455078125,1828580,Cc1ccc(N2CC3OCC(=O)N(Cc4cccc(F)c4)C3C2)nn1,1.54032,O=C1COC2CN(c3ccc(F)nn3)CC2N1Cc1ccccc1,True,1.2318999999999998,-0.30842000000000014,0.6666666666666666,False,True
1.0,bin,6,-0.2550499439239502,-0.30299997329711914,-0.20709991455078125,1836183,CCc1ccc(C(=O)NCc2nccc(N(C)C)n2)cc1,2.035,Cc1cc(C(=O)NCc2nccc(F)n2)ccc1N,True,1.43632,-0.5986800000000001,0.43859649122807015,False,True
1.0,bin,6,-0.2550499439239502,-0.30299997329711914,-0.20709991455078125,1842499,COc1ccccc1COc1ccccc1-c1cnn(CCO)c1,3.1300000000000017,OCCn1cc(-c2ccc(F)cc2)c(COc2ccccc2)n1,True,3.2605000000000013,0.13049999999999962,0.3898305084745763,False,True
1.0,bin,6,-0.2550499439239502,-0.30299997329711914,-0.20709991455078125,1865564,COC(CNC(=O)c1ccoc1)c1cccc(F)c1,2.536200000000001,CC(O)c1ccc(CCNC(=O)c2ccoc2)c(F)c1,True,2.4445000000000006,-0.09170000000000034,0.4426229508196721,False,True
1.0,bin,6,-0.2550499439239502,-0.30299997329711914,-0.20709991455078125,1868773,CCCOc1ccc(Cl)c2c1CCNC2C1CC(=O)C1,3.2947000000000015,Cc1c2ccc(c1Br)C1(CCC(=O)C1=O)CC2,True,2.873520000000001,-0.42118000000000055,0.11940298507462686,False,True
1.0,bin,6,-0.2550499439239502,-0.30299997329711914,-0.20709991455078125,1873123,CCC1OC(=O)c2c(OC)ccc(Br)c21,3.079200000000002,CCOC(=O)CC1OC(=O)c2c(OC)ccc(Br)c21,True,2.6224000000000007,-0.4568000000000012,0.6818181818181818,False,True
1.0,bin,6,-0.2550499439239502,-0.30299997329711914,-0.20709991455078125,1875028,Cc1cccc(C)c1NCC(=O)N1CCCC2CCCCC21,3.8965400000000034,CCOc1ccccc1NCC(=O)NCCC1CCCCC1,True,3.5838000000000028,-0.3127400000000007,0.27692307692307694,False,True
1.0,bin,6,-0.2550499439239502,-0.30299997329711914,-0.20709991455078125,1895921,CCC(CC)N(C)C(=O)CC1OC(=O)c2ccccc21,2.935200000000002,CC(C)CN(C)C(=O)CC1OC(=O)c2cc(F)ccc21,True,2.5417000000000005,-0.3935000000000013,0.4727272727272727,False,True
1.0,bin,6,-0.2550499439239502,-0.30299997329711914,-0.20709991455078125,1907077,Cc1ccc2[nH]nc(C(=O)Nc3nc(-c4ccco4)cs3)c2c1,3.8401200000000015,COc1ccc2[nH]nc(C(=O)Nc3nc(-c4ccco4)cs3)c2c1,True,3.540300000000001,-0.2998200000000004,0.7796610169491526,False,True
1.0,bin,6,-0.2550499439239502,-0.30299997329711914,-0.20709991455078125,1913063,Cc1nn(C)c(C)c1CN(C(=O)c1cn2cccc(C)c2n1)C1CC1,2.797860000000001,Cc1nn(C)c(C)c1CN(C(=O)c1cn2ccccc2n1)C1CC1,True,2.48944,-0.3084200000000008,0.7457627118644068,False,True
1.0,bin,6,-0.2550499439239502,-0.30299997329711914,-0.20709991455078125,1922265,CN(CCNC(=O)c1ccc2c(c1)ncn2C)c1ccccc1,2.4395000000000007,Cn1cnc2cc(C(=O)NCCNc3ccccc3)ccc21,True,2.4152000000000005,-0.02430000000000021,0.6923076923076923,False,True
1.0,bin,7,-0.1658499836921692,-0.20709991455078125,-0.12460005283355713,32052,COc1ccccc1CNC(=O)Cc1c[nH]c2ccccc12,3.035400000000001,N#Cc1ccc(CNC(=O)Cc2c[nH]c3ccccc23)cc1,True,2.898480000000001,-0.13691999999999993,0.5686274509803921,False,False
1.0,bin,7,-0.1658499836921692,-0.20709991455078125,-0.12460005283355713,116747,COCCSc1ccccc1C(=O)Nc1cccc(C)n1,3.3808200000000017,Cc1cccc(NC(=O)c2cc(Cl)ccc2N)n1,True,2.8779200000000005,-0.5029000000000012,0.45454545454545453,False,False
1.0,bin,7,-0.1658499836921692,-0.20709991455078125,-0.12460005283355713,131060,CS(=O)(=O)NCCc1csc(-c2ccc(F)cc2)n1,2.0408999999999997,CNS(=O)(=O)NCCC(C=CS)N=Cc1ccc(C)cc1,True,1.6699200000000003,-0.3709799999999994,0.15942028985507245,False,True
1.0,bin,7,-0.1658499836921692,-0.20709991455078125,-0.12460005283355713,131949,CCc1c(C)nc(SCC(=O)NC(C)C)[nH]c1=O,1.25742,CCC(C)NC(=O)CSc1nc(C)c(C)c(=O)[nH]1,True,1.3935399999999998,0.1361199999999998,0.625,False,True
1.0,bin,7,-0.1658499836921692,-0.20709991455078125,-0.12460005283355713,158879,COc1ccc(CC(=O)OCC(=O)c2c[nH]c3ccccc23)cc1,3.145100000000001,COc1ccc(CC(=O)OCC(=O)c2c[nH]c3ccccc23)cc1,True,3.145100000000001,0.0,1.0,True,False
1.0,bin,7,-0.1658499836921692,-0.20709991455078125,-0.12460005283355713,232056,COCCNC(=O)c1cc(=O)c2cc(C)ccc2o1,1.4776199999999993,CCCNC(=O)CNC(=O)c1cc(=O)c2cc(F)ccc2o1,True,1.1880999999999995,-0.2895199999999998,0.5,False,True
1.0,bin,7,-0.1658499836921692,-0.20709991455078125,-0.12460005283355713,235788,O=C(Cn1nc(-c2ccco2)oc1=O)NCC(F)(F)F,0.7747999999999999,CCN(CC)C(=O)Cn1nc(-c2ccco2)oc1=O,True,0.9647,0.18990000000000007,0.5849056603773585,False,True
1.0,bin,7,-0.1658499836921692,-0.20709991455078125,-0.12460005283355713,236081,CC(=O)c1c(C)[nH]c(C(=O)CSc2nc(C(C)C)n[nH]2)c1C,3.0506400000000014,COC(=O)c1c(C)[nH]c(C(=O)CSc2nc(C(C)(C)C)n[nH]2)c1C,True,2.8087400000000002,-0.24190000000000111,0.5344827586206896,False,True
1.0,bin,7,-0.1658499836921692,-0.20709991455078125,-0.12460005283355713,281081,O=C(Cn1cccn1)NCc1cccnc1Oc1ccc(F)cc1F,2.665000000000001,O=C(Cn1cccn1)NCc1cccnc1Oc1ccccc1F,True,2.5259,-0.1391000000000009,0.8363636363636363,False,True
1.0,bin,7,-0.1658499836921692,-0.20709991455078125,-0.12460005283355713,284170,COc1ccc(-c2nc(CC(=O)Nc3cccc(C)n3)cs2)cc1,3.7033200000000024,O=C(Cc1csc(-c2ccccc2F)n1)Nc1ccccn1,True,3.525400000000001,-0.1779200000000012,0.45901639344262296,False,True
1.0,bin,7,-0.1658499836921692,-0.20709991455078125,-0.12460005283355713,288369,Cc1ccc(NCc2nnc3n2CCCCC3)cc1C,3.2334400000000016,Fc1cc(F)cc(NCc2nnc3n2CCCCC3)c1,True,2.894800000000001,-0.3386400000000007,0.6382978723404256,False,True
1.0,bin,7,-0.1658499836921692,-0.20709991455078125,-0.12460005283355713,302889,COc1ccc(OC)c(NC(=O)CCNC(=O)c2cccs2)c1,2.5239000000000003,CN(C)C(=O)c1cccc(NC(=O)CCNC(=O)c2cccs2)c1,True,2.2085,-0.31540000000000035,0.5081967213114754,False,True
1.0,bin,7,-0.1658499836921692,-0.20709991455078125,-0.12460005283355713,327141,COc1ccc(OC)c(S(=O)(=O)Nc2ccn(C)n2)c1,1.2381,CNC(=O)Cn1ccc(NS(=O)(=O)c2ccc(Cl)cc2)n1,True,1.0832999999999995,-0.1548000000000005,0.2903225806451613,False,True
1.0,bin,7,-0.1658499836921692,-0.20709991455078125,-0.12460005283355713,327382,CNC(=O)C1CN(C(=O)c2c(C)noc2C)c2ccccc2O1,1.4452399999999996,Cc1noc(C)c1C(=O)N1CC(C(N)=O)Oc2ccccc21,True,1.1845399999999995,-0.26070000000000015,0.78,False,True
1.0,bin,7,-0.1658499836921692,-0.20709991455078125,-0.12460005283355713,406491,COCCNC(=O)C1CCCN(S(=O)(=O)N2CCOCC2)C1,-0.9619999999999964,NC(=O)C1CCCN(S(=O)(=O)N2CCOCC2)C1,True,-1.239299999999998,-0.27730000000000166,0.5714285714285714,False,True
1.0,bin,7,-0.1658499836921692,-0.20709991455078125,-0.12460005283355713,413951,O=C(Cn1ncn2cccc2c1=O)N1CCCCCC1,0.8985999999999996,O=C(CCCCO)Cn1ncn2cccc2c1=O,True,0.22769999999999957,-0.6709,0.56,False,True
1.0,bin,7,-0.1658499836921692,-0.20709991455078125,-0.12460005283355713,427929,CCNc1nc(NCc2ccccc2Cl)c2cnn(C)c2n1,3.060600000000001,CCOc1nc(NCc2cccc(F)c2)c2cnn(C)c2n1,True,2.5132000000000003,-0.5474000000000006,0.4153846153846154,False,True
1.0,bin,7,-0.1658499836921692,-0.20709991455078125,-0.12460005283355713,447130,CCC(NC(=O)C1CCN(C(=O)C2CC2)CC1)c1ccc(C)cc1,3.2109200000000016,CCc1ccc(C(C)NC(=O)C2CCN(C(=O)C3CC3)CC2)cc1,True,3.0748000000000015,-0.13612000000000002,0.6078431372549019,False,False
1.0,bin,7,-0.1658499836921692,-0.20709991455078125,-0.12460005283355713,481908,CCNS(=O)(=O)c1ccc(C)c(C(=O)Nc2ncccc2C)c1,2.24894,Cc1cccnc1NC(=O)c1cc(NS(C)(=O)=O)ccc1F,True,2.15292,-0.09602000000000022,0.4915254237288136,False,True
1.0,bin,7,-0.1658499836921692,-0.20709991455078125,-0.12460005283355713,485220,Cc1nn(CC(=O)N2CCN(C)CC2)c(C)c1Br,1.03644,Cc1nn(CC(=O)N2CCN(C)CC2)c(C)c1Br,True,1.03644,0.0,1.0,True,False
1.0,bin,7,-0.1658499836921692,-0.20709991455078125,-0.12460005283355713,526363,Cc1nnc(SCC(=O)Nc2ccc(O)cc2)n(N)c1=O,0.09692,COC1=CC=C(NC(=O)CSc2nncc(=O)[nH]2)NC=C1,True,-0.13819999999999982,-0.23511999999999983,0.25,False,True
1.0,bin,7,-0.1658499836921692,-0.20709991455078125,-0.12460005283355713,536853,COc1ccc(C2CCCN2C(=O)C2CCC2)c(OC)c1,3.1674000000000015,COc1ccc(C2CCCN2C(=O)C2CCC2)cc1,True,3.158800000000002,-0.008599999999999497,0.6739130434782609,False,False
1.0,bin,7,-0.1658499836921692,-0.20709991455078125,-0.12460005283355713,540312,Cc1nn(C)c2nc(C3CC3)cc(C(=O)NCC(=O)NC(C)(C)C)c12,1.7986199999999997,Cc1nn(C)c2nc(C3CC3)cc(C(=O)NC(C)CO)c12,True,1.2647199999999998,-0.5338999999999998,0.6166666666666667,False,True
1.0,bin,7,-0.1658499836921692,-0.20709991455078125,-0.12460005283355713,544381,Cc1nc(N2CCCC(C(=O)NC(C)C)C2)c2c(C)c(C)oc2n1,2.8890600000000006,COCCN1CN(C2=NC(C)=NCOC(C)=C(C)C2)CCCC1=O,True,2.0032999999999994,-0.8857600000000012,0.15294117647058825,False,True
1.0,bin,7,-0.1658499836921692,-0.20709991455078125,-0.12460005283355713,544382,CCCNC(=O)C1CCCN(c2nc(C)nc3oc(C)c(C)c23)C1,2.8906600000000013,Cc1nc(N2CCCC(C(=O)CO)C2)c2c(C)c(C)oc2n1,True,1.92586,-0.9648000000000014,0.7017543859649122,False,True
1.0,bin,7,-0.1658499836921692,-0.20709991455078125,-0.12460005283355713,550049,Cc1ccc(C)c(OCC(=O)Nc2cccc(-n3cnnc3)c2)c1,2.9016400000000013,O=C(COc1cccc(Cl)c1)Nc1cccc(-n2cnnc2)c1,True,2.9382,0.036559999999998816,0.6071428571428571,False,True
1.0,bin,7,-0.1658499836921692,-0.20709991455078125,-0.12460005283355713,573533,Cc1nn(-c2ncc(C(F)(F)F)cc2Cl)c(=O)o1,2.2011199999999995,CC=NN(F)c1ncc(C(F)(F)F)c(C)c1C(F)F,True,4.043020000000002,1.8419000000000025,0.171875,False,True
1.0,bin,7,-0.1658499836921692,-0.20709991455078125,-0.12460005283355713,582555,O=C(NCC(O)c1ccccc1)c1ccc2c(=O)n3c(nc2c1)CCC3,1.8061000000000003,O=C(NCC(O)c1ccccc1)c1ccc2c(=O)n3c(nc2c1)CCC3,True,1.8061000000000003,0.0,1.0,True,False
1.0,bin,7,-0.1658499836921692,-0.20709991455078125,-0.12460005283355713,588547,Cc1n[nH]c(C)c1NC(=O)CCc1ccc(Cl)cc1Cl,3.9046400000000023,Cc1n[nH]c(C)c1NC(=O)CCc1ccc(OC(C)C)cc1,True,3.385040000000002,-0.5196000000000005,0.5178571428571429,False,True
1.0,bin,7,-0.1658499836921692,-0.20709991455078125,-0.12460005283355713,607673,CCCN(CC1CC1)S(=O)(=O)c1ccccc1F,2.636400000000001,CCN(CC1CC1)S(=O)(=O)c1ccc(F)cc1,True,2.2463000000000006,-0.39010000000000034,0.4782608695652174,False,True
1.0,bin,7,-0.1658499836921692,-0.20709991455078125,-0.12460005283355713,617681,Cc1cc(C(=O)Nc2nc(-c3ccncc3)cs2)nn1C(C)C,3.5432200000000016,CCn1nc(C(=O)Nc2nc(-c3ccncc3)cs2)c(C)c1C,True,3.2906400000000016,-0.25258,0.5333333333333333,False,True
1.0,bin,7,-0.1658499836921692,-0.20709991455078125,-0.12460005283355713,650267,COc1ccc2oc(C(=O)NC3CCCCNC3=O)c(C)c2c1,2.14832,CC1=C(C(=O)NC2CCCCNC2)OOc2ccccc21,True,1.9999,-0.14842,0.2631578947368421,False,True
1.0,bin,7,-0.1658499836921692,-0.20709991455078125,-0.12460005283355713,668639,Cc1cc(NC(=O)c2ccccc2Cl)ncc1N,2.8779200000000005,COC(=O)c1ccc(NC(=O)c2cccc(C)c2C)nc1,True,2.7373400000000014,-0.14057999999999904,0.4,False,True
1.0,bin,7,-0.1658499836921692,-0.20709991455078125,-0.12460005283355713,673160,CCC(=O)Nc1ccc2oc(C(F)(F)F)cc(=O)c2c1,3.160300000000001,CCC(=O)Nc1ccc2oc(C)c(C)c(=O)c2c1,True,2.7583400000000013,-0.4019599999999999,0.5714285714285714,False,True
1.0,bin,7,-0.1658499836921692,-0.20709991455078125,-0.12460005283355713,711169,Cc1cccc(C(C)C)c1NC(=O)N(C)Cc1ccncc1,4.177320000000003,Cc1cccc(C(C)C)c1NC(=O)NCc1ccncc1,True,3.8351200000000016,-0.34220000000000095,0.64,False,False
1.0,bin,7,-0.1658499836921692,-0.20709991455078125,-0.12460005283355713,720969,Cc1noc(C)c1CCC(=O)OCC(=O)N1c2ccccc2CC1C,2.7450400000000013,Cc1noc(C)c1CCC(=O)OCC(=O)N1CCc2ccccc21,True,2.35654,-0.3885000000000014,0.6721311475409836,False,False
1.0,bin,7,-0.1658499836921692,-0.20709991455078125,-0.12460005283355713,730789,COC(=O)C1CCN(C(=O)c2cc3ccc(F)cc3nc2C)CC1,2.7075200000000006,CCc1nc2ccc(F)cc2cc1C(=O)N1CCC(O)CC1,True,2.533200000000001,-0.1743199999999998,0.45161290322580644,False,True
1.0,bin,7,-0.1658499836921692,-0.20709991455078125,-0.12460005283355713,738178,Cc1ccc(-n2ccnc2SCc2nc(C3CC3)no2)cc1C,4.041840000000003,Clc1ccccc1-n1ccnc1SCc1nc(C2CC2)no1,True,4.078400000000002,0.036559999999998816,0.6206896551724138,False,True
1.0,bin,7,-0.1658499836921692,-0.20709991455078125,-0.12460005283355713,771897,COc1ccccc1OCC(=O)N(C)Cc1sccc1C,3.102520000000002,CC(=O)NC=C1C=CCC(OCC(=O)N(C)Cc2cccs2)=C1,True,2.586900000000001,-0.5156200000000011,0.323943661971831,False,True
1.0,bin,7,-0.1658499836921692,-0.20709991455078125,-0.12460005283355713,811446,COC(=O)C1(NC(=O)c2cc(Br)c[nH]2)CCCCCC1,2.7730000000000006,COC(=O)C1CCC(NC(=O)c2cc(Br)cn2C)CC1,True,2.2492,-0.5238000000000005,0.24193548387096775,False,True
1.0,bin,7,-0.1658499836921692,-0.20709991455078125,-0.12460005283355713,848291,CCC(C)NC(=O)NCc1noc(-c2cccs2)n1,2.3958000000000004,CC(=O)N(Cc1noc(-c2cccs2)n1)C(C)C(C)C,True,3.1911000000000023,0.7953000000000019,0.5254237288135594,False,True
1.0,bin,7,-0.1658499836921692,-0.20709991455078125,-0.12460005283355713,863440,COc1ccc(-c2nc(CCCO)cs2)cc1OC,2.752200000000001,COC=CC=C(COC)C1=NC(CCCO)=C[SH]1C,True,2.3763000000000005,-0.37590000000000057,0.21212121212121213,False,True
1.0,bin,7,-0.1658499836921692,-0.20709991455078125,-0.12460005283355713,864663,N#Cc1ccc(-c2cc(F)ccc2F)nc1N1CCCC1,3.498680000000002,N#Cc1ccc(N2CCCC2)nc1-c1c(F)cccc1F,True,3.498680000000002,0.0,0.41509433962264153,False,True
1.0,bin,7,-0.1658499836921692,-0.20709991455078125,-0.12460005283355713,872100,CCc1cccc(C)c1NCC(O)c1ccc2c(c1)OCCO2,3.474120000000002,Cc1cccc(C)c1NCC(O)c1ccc2c(c1)OCCO2,True,3.2201400000000016,-0.2539800000000003,0.8222222222222222,False,False
1.0,bin,7,-0.1658499836921692,-0.20709991455078125,-0.12460005283355713,886334,COc1ccc(C(=O)N2CCCC(C(=O)N3CCCCC3)C2)c(O)c1,2.2655000000000003,Nc1ccccc1C(=O)N1CCCC(C(=O)N2CCCCC2)C1,True,2.1334999999999997,-0.13200000000000056,0.5384615384615384,False,True
1.0,bin,7,-0.1658499836921692,-0.20709991455078125,-0.12460005283355713,887387,COCCNC(=O)N(Cc1cccc(F)c1)CC1CCCO1,2.1627,COCCNC(=O)N(Cc1ccccc1)CC1CCCO1,True,2.0235999999999996,-0.13910000000000045,0.7818181818181819,False,False
1.0,bin,7,-0.1658499836921692,-0.20709991455078125,-0.12460005283355713,889149,N#Cc1ccc(NC(=O)c2ccc(Br)cc2Cl)nc1,3.621480000000001,CCCOc1ccc(F)cc1C(=O)Nc1ccc(C#N)cn1,True,3.1334800000000005,-0.48800000000000043,0.48333333333333334,False,True
1.0,bin,7,-0.1658499836921692,-0.20709991455078125,-0.12460005283355713,913483,O=C(CNC(=O)NCCc1c(Cl)cccc1Cl)NC1CC1,2.1137000000000006,O=C(CNC(=O)NCCc1ccccc1)NC1CC1(Cl)Cl,True,1.5906999999999998,-0.5230000000000008,0.4807692307692308,False,True
1.0,bin,7,-0.1658499836921692,-0.20709991455078125,-0.12460005283355713,917620,C=CCN(Cc1ccccc1OC)C(=O)c1csc(C)n1,3.288520000000002,COCCN(Cc1ccc(Cl)cc1)C(=O)c1csc(C)n1,True,3.3937200000000027,0.10520000000000085,0.43548387096774194,False,True
1.0,bin,7,-0.1658499836921692,-0.20709991455078125,-0.12460005283355713,918312,CCOc1ccc(Cl)c(C(=O)N2CCN(c3ncccn3)CC2)n1,1.8860999999999997,Cc1ccc(C)c(N2CCN(C(=O)c3ncccn3)CC2)n1,True,1.45084,-0.43525999999999976,0.3728813559322034,False,True
1.0,bin,7,-0.1658499836921692,-0.20709991455078125,-0.12460005283355713,922879,CC(=O)c1ccc(N2CCN(Cc3c(F)cccc3F)CC2)cc1,3.489600000000003,CC(=O)c1ccc(N2CCN(Cc3ccccc3C#N)CC2)cc1,True,3.0830800000000016,-0.4065200000000013,0.56,False,True
1.0,bin,7,-0.1658499836921692,-0.20709991455078125,-0.12460005283355713,927535,COc1cc(CN2CCN(c3ccccc3F)CC2)ccc1O,2.862100000000002,COc1cc(CN2CCN(c3ccccc3)CC2)cc(N)c1OC,True,2.6082,-0.253900000000002,0.43859649122807015,False,True
1.0,bin,7,-0.1658499836921692,-0.20709991455078125,-0.12460005283355713,927567,Cc1ccccc1N1CCN(Cc2cccc(O)c2)CC1,3.022820000000001,Cc1cccc(CN2CCN(c3ccccc3)CC2)c1O,True,3.0228200000000016,4.440892098500626e-16,0.4583333333333333,False,True
1.0,bin,7,-0.1658499836921692,-0.20709991455078125,-0.12460005283355713,938108,CC(c1ccccc1)N(C)C(=O)CCC(=O)Nc1nccs1,3.0814000000000012,CC(NC(=O)CCC(=O)Nc1ncc(F)s1)c1ccccc1,True,2.878300000000001,-0.20310000000000006,0.4576271186440678,False,True
1.0,bin,7,-0.1658499836921692,-0.20709991455078125,-0.12460005283355713,943303,CN(CCCOc1ccccc1)C(=O)Nc1cccc2c1OCCO2,3.390600000000002,CN(CCCOc1ccccc1)C(=O)Nc1cccc2c1OCCO2,True,3.390600000000002,0.0,1.0,True,False
1.0,bin,7,-0.1658499836921692,-0.20709991455078125,-0.12460005283355713,946289,CC(NC(=O)C1(c2cc(-c3ccco3)on2)CC1)c1ccccc1,3.843600000000002,CC(NC(=O)C1(c2cc(-c3ccco3)on2)CC1)c1ccc(F)cc1,True,3.982700000000002,0.1391,0.8301886792452831,False,True
1.0,bin,7,-0.1658499836921692,-0.20709991455078125,-0.12460005283355713,994077,Cc1nnc(Cn2c(-c3cccc(Br)c3)noc2=O)o1,2.0055199999999997,CCc1nnc(Cn2c(-c3ccc(F)cc3)noc2=O)o1,True,1.6360999999999997,-0.3694200000000001,0.509090909090909,False,True
1.0,bin,7,-0.1658499836921692,-0.20709991455078125,-0.12460005283355713,1065620,O=C(NCc1cccnc1Oc1ccccc1)c1cccnc1,3.198900000000002,COc1cccc(Oc2ncccc2CNC(=O)c2cccnc2)c1,True,3.2075000000000014,0.008599999999999497,0.7647058823529411,False,True
1.0,bin,7,-0.1658499836921692,-0.20709991455078125,-0.12460005283355713,1093926,CN(C(=O)CNc1cccc(OCC2CCCO2)c1)c1ccccc1,3.319300000000002,N#Cc1cccc(NCC(=O)Nc2cccc(OCC3CCCO3)c2)c1,True,3.1666800000000013,-0.15262000000000064,0.5909090909090909,False,True
1.0,bin,7,-0.1658499836921692,-0.20709991455078125,-0.12460005283355713,1107920,CCc1ccc(-n2cc(C(=O)NC(C)c3ccccc3)nn2)cc1,3.320700000000002,CC(NC(=O)c1cn(-c2cccc(F)c2)nn1)c1ccccc1F,True,3.036500000000002,-0.28420000000000023,0.4918032786885246,False,True
1.0,bin,7,-0.1658499836921692,-0.20709991455078125,-0.12460005283355713,1113130,CC(NC(=O)Cn1nnnc1C(C)(C)C)c1cccc2ccccc12,3.0012000000000016,CC(C)c1nnnn1CC(=O)NC(C)c1cccc2ccccc12,True,2.8271000000000006,-0.17410000000000103,0.7307692307692307,False,True
1.0,bin,7,-0.1658499836921692,-0.20709991455078125,-0.12460005283355713,1121751,COC(=O)Cn1ccc(NS(=O)(=O)c2ccc(F)c(F)c2F)n1,1.2742,COC(=O)CNC1=CC(NS(=O)(=O)c2ccc(C)c(F)c2)=N1,True,0.42851999999999985,-0.8456800000000002,0.3088235294117647,False,True
1.0,bin,7,-0.1658499836921692,-0.20709991455078125,-0.12460005283355713,1142531,CCOC(C)C(=O)NCCc1csc(-c2ccc(C)cc2)n1,3.2022200000000014,CC(C)C(=O)NCCc1csc(-c2ccccc2)n1,True,3.1248000000000014,-0.07742000000000004,0.6037735849056604,False,False
1.0,bin,7,-0.1658499836921692,-0.20709991455078125,-0.12460005283355713,1212157,CN(Cc1ccc(F)c(F)c1)C(=O)c1cncc(-c2cnn(C)c2)c1,3.0325000000000015,Cc1ccc(CN(C)C(=O)c2cncc(-c3cnn(C)c3)c2)cc1,True,3.0627200000000014,0.030219999999999914,0.7547169811320755,False,True
1.0,bin,7,-0.1658499836921692,-0.20709991455078125,-0.12460005283355713,1215394,CCn1nc(C)cc1C(=O)Oc1cccc(NC(=O)C(C)C)c1,3.025120000000001,CCn1nc(C)cc1C(=O)Oc1ccc(OC)cc1Cl,True,3.092620000000002,0.06750000000000078,0.47540983606557374,False,True
1.0,bin,7,-0.1658499836921692,-0.20709991455078125,-0.12460005283355713,1232922,CC(C)(C)OC(=O)NC1CCCN(S(=O)(=O)N2CCOCC2)C1,0.5525000000000011,CCCCNC(=O)C1CCN(S(=O)(=O)N2CCOCC2)CC1,True,0.19170000000000154,-0.36079999999999957,0.3793103448275862,False,False
1.0,bin,7,-0.1658499836921692,-0.20709991455078125,-0.12460005283355713,1238973,FC(F)(F)c1cnc(N2CCn3c(nnc3C3CC3)C2)c(Cl)c1,3.2429000000000023,CCCNc1c(F)ccnc1N1CCn2c(nnc2C2CC2)C1,True,2.5317000000000007,-0.7112000000000016,0.46153846153846156,False,True
1.0,bin,7,-0.1658499836921692,-0.20709991455078125,-0.12460005283355713,1299495,Cc1cc(CC(=O)N2CCCC2C(C#N)c2ccccc2)no1,2.823900000000001,Cc1cc(CC(=O)N2CCCC2C(C#N)c2ccccc2)no1,True,2.823900000000001,0.0,1.0,True,False
1.0,bin,7,-0.1658499836921692,-0.20709991455078125,-0.12460005283355713,1309906,CC(C)CC(NC(=O)c1cc(=O)c2ccccc2o1)C(=O)OC(C)C,2.8891000000000018,CC(C)CC(=O)OCCNC(=O)c1cc(=O)c2ccccc2o1,True,2.1121,-0.7770000000000019,0.5517241379310345,False,True
1.0,bin,7,-0.1658499836921692,-0.20709991455078125,-0.12460005283355713,1362816,COCc1cccc(C(=O)NC2CC2c2cccc(Cl)c2)c1,3.772300000000002,COc1ccc(Cl)cc1C(=O)NC1CC1c1cccc(N)c1,True,3.2167000000000012,-0.555600000000001,0.5,False,True
1.0,bin,7,-0.1658499836921692,-0.20709991455078125,-0.12460005283355713,1441838,COCC(=O)NC(C(=O)Nc1cccc(-c2nccs2)c1)C(C)C,2.5358,COC(C)C(=O)NC(C)C(=O)Nc1cccc(-c2nccs2)c1,True,2.2882,-0.24760000000000026,0.6333333333333333,False,True
1.0,bin,7,-0.1658499836921692,-0.20709991455078125,-0.12460005283355713,1450449,CCCNC(=O)CSc1nc2c(cc1C#N)CCCC2,2.450380000000001,CCCNC(=O)c1cc2c(nc1N)CCCC2,True,1.6824,-0.767980000000001,0.47368421052631576,False,True
1.0,bin,7,-0.1658499836921692,-0.20709991455078125,-0.12460005283355713,1451910,O=S(=O)(NCc1nnc2ccccn12)c1ccc(F)c(F)c1,1.4859999999999995,N#CCc1ccc(S(=O)(=O)NCc2nnc3ccccn23)cc1,True,1.27388,-0.21211999999999964,0.6226415094339622,False,False
1.0,bin,7,-0.1658499836921692,-0.20709991455078125,-0.12460005283355713,1479798,Cc1nc(C)c(CCC(=O)N(CC(C)C)CC(F)(F)F)c(=O)[nH]1,2.3662400000000003,CCCCN(CC)C(=O)CCc1c(C)nc(C)[nH]c1=O,True,1.96794,-0.3983000000000003,0.5555555555555556,False,False
1.0,bin,7,-0.1658499836921692,-0.20709991455078125,-0.12460005283355713,1507926,COC(=O)C(C)NC(=O)Cc1csc(-c2ccccc2Cl)n1,2.6837,CC(NC(N)=O)C(=O)Cc1csc(-c2ccccc2Cl)n1,True,2.631900000000001,-0.05179999999999918,0.6792452830188679,False,True
1.0,bin,7,-0.1658499836921692,-0.20709991455078125,-0.12460005283355713,1527882,Nc1ncccc1C(=O)Nc1ccc2cn[nH]c2c1,1.7923999999999998,Nc1ncccc1C(=O)Nc1ccc2cn[nH]c2c1,True,1.7923999999999998,0.0,1.0,True,False
1.0,bin,7,-0.1658499836921692,-0.20709991455078125,-0.12460005283355713,1532848,COc1ccc(-c2ccc3c(=O)[nH]cnc3c2)cc1Cl,3.2521000000000013,COc1ccc(-c2ccc3c(=O)[nH]cnc3c2)cc1C,True,2.907120000000001,-0.3449800000000005,0.7441860465116279,False,True
1.0,bin,7,-0.1658499836921692,-0.20709991455078125,-0.12460005283355713,1548351,COc1cc(OC)c2c(c1)C(c1cnccn1)NCC2,1.7288999999999999,COc1ccc(CCCNCc2cnccn2)c(OC)c1O,True,1.9217999999999997,0.19289999999999985,0.22857142857142856,False,True
1.0,bin,7,-0.1658499836921692,-0.20709991455078125,-0.12460005283355713,1570134,COc1cccc(C(C)N2CCN(C(=O)c3ccc(O)cc3)CC2)c1,2.9198000000000013,CC(c1cccc(O)c1)N1CCN(C(=O)c2ccc(F)cc2)CC1,True,3.050300000000001,0.13049999999999962,0.6470588235294118,False,True
1.0,bin,7,-0.1658499836921692,-0.20709991455078125,-0.12460005283355713,1611406,CC(C)(C)N1CC(NC(=O)C2COc3ccc(F)cc3C2)CC1=O,1.8923999999999994,CC(C)CN1CC(NC(=O)C2COc3ccc(F)cc3C2)CC1=O,True,1.7498999999999996,-0.14249999999999985,0.6885245901639344,False,True
1.0,bin,7,-0.1658499836921692,-0.20709991455078125,-0.12460005283355713,1612684,CCCC1CN(C(=O)Nc2ccn(CCC(C)C)n2)CCO1,2.9620000000000015,CCCC1CN(C(=O)Nc2ccn(C(C)C)n2)CCO1,True,2.4968000000000004,-0.46520000000000117,0.7368421052631579,False,True
1.0,bin,7,-0.1658499836921692,-0.20709991455078125,-0.12460005283355713,1639675,CCC(CC)c1nnc(NC(=O)c2scnc2C2CC2)s1,4.0279000000000025,CCN(CC)c1nnc(NC(=O)c2scnc2C2CC2)s1,True,2.9705000000000013,-1.0574000000000012,0.6923076923076923,False,True
1.0,bin,7,-0.1658499836921692,-0.20709991455078125,-0.12460005283355713,1675660,COc1ccnc(NC(=O)c2cccc(Cl)c2)c1,2.9959000000000007,COc1ccnc(NC(=O)c2cccc(SC)c2)c1,True,3.064400000000001,0.06850000000000023,0.7021276595744681,False,True
1.0,bin,7,-0.1658499836921692,-0.20709991455078125,-0.12460005283355713,1689728,CCc1noc(CSc2ncnc3sc(C)cc23)n1,3.237420000000002,CC(C)c1noc(CSc2ncnc3c2CN3C)n1,True,2.2251000000000003,-1.0123200000000017,0.34375,False,True
1.0,bin,7,-0.1658499836921692,-0.20709991455078125,-0.12460005283355713,1720876,CC(C)(C)CC(=O)NCC(=O)Nc1ccc2c(c1)COC2,2.2077,CC(C)C(=O)N(C)CC(=O)Nc1ccc2c(c1)COC2,True,1.7696999999999996,-0.4380000000000004,0.5192307692307693,False,True
1.0,bin,7,-0.1658499836921692,-0.20709991455078125,-0.12460005283355713,1757109,CC(C)Cc1ncc(CNc2ccc3c(c2)COC3)s1,3.983900000000003,CC(C)COC=NC=C(S)CNc1ccc2c(c1)COC2,True,3.600800000000002,-0.38310000000000066,0.390625,False,True
1.0,bin,7,-0.1658499836921692,-0.20709991455078125,-0.12460005283355713,1774061,O=C1NCCCc2[nH]c(-c3cccc4[nH]ccc34)nc21,2.234,O=C1NCCCc2[nH]c(-c3ccccc3CO)nc21,True,1.2449999999999999,-0.9890000000000001,0.5849056603773585,False,True
1.0,bin,7,-0.1658499836921692,-0.20709991455078125,-0.12460005283355713,1800687,Cc1nn(C)c(-c2nc(-c3cccnn3)no2)c1Cl,1.8889199999999997,COc1ccc(-c2noc(-c3c(Cl)cnn3C)n2)nn1,True,1.5891,-0.29981999999999975,0.41379310344827586,False,True
1.0,bin,7,-0.1658499836921692,-0.20709991455078125,-0.12460005283355713,1815867,FC(F)(F)c1ccc(CN2CCOCC2c2ncon2)cc1,2.661900000000001,ClC=C1C=CC(CN2CCOCC2c2ncon2)=C1,True,2.0618,-0.6001000000000012,0.5614035087719298,False,True
1.0,bin,7,-0.1658499836921692,-0.20709991455078125,-0.12460005283355713,1828580,Cc1ccc(N2CC3OCC(=O)N(Cc4cccc(F)c4)C3C2)nn1,1.54032,COc1ccccc1C1NC(=O)COC2CN(c3ccc(C)nn3)CC21,True,1.4861199999999997,-0.05420000000000025,0.39473684210526316,False,True
1.0,bin,7,-0.1658499836921692,-0.20709991455078125,-0.12460005283355713,1836183,CCc1ccc(C(=O)NCc2nccc(N(C)C)n2)cc1,2.035,COc1cc(OC)cc(C(=O)NCc2nccc(C(F)(F)F)n2)c1,True,2.4426000000000005,0.4076000000000004,0.4067796610169492,False,True
1.0,bin,7,-0.1658499836921692,-0.20709991455078125,-0.12460005283355713,1842499,COc1ccccc1COc1ccccc1-c1cnn(CCO)c1,3.1300000000000017,COc1cccc(COc2ccccc2-c2cnn(C)c2)c1O,True,3.3803000000000023,0.25030000000000063,0.6346153846153846,False,True
1.0,bin,7,-0.1658499836921692,-0.20709991455078125,-0.12460005283355713,1865564,COC(CNC(=O)c1ccoc1)c1cccc(F)c1,2.536200000000001,COc1cc(C(O)CNC(=O)c2ccoc2)ccc1C,True,2.0600199999999997,-0.47618000000000116,0.4915254237288136,False,True
1.0,bin,7,-0.1658499836921692,-0.20709991455078125,-0.12460005283355713,1868773,CCCOc1ccc(Cl)c2c1CCNC2C1CC(=O)C1,3.2947000000000015,CCOc1ccc(Cl)c2c1CCNC21CCC(=O)C1,True,2.832700000000001,-0.46200000000000063,0.3870967741935484,False,True
1.0,bin,7,-0.1658499836921692,-0.20709991455078125,-0.12460005283355713,1873123,CCC1OC(=O)c2c(OC)ccc(Br)c21,3.079200000000002,CCC1OC(=O)c2c(OC)ccc(Br)c21,True,3.079200000000002,0.0,1.0,True,False
1.0,bin,7,-0.1658499836921692,-0.20709991455078125,-0.12460005283355713,1875028,Cc1cccc(C)c1NCC(=O)N1CCCC2CCCCC21,3.8965400000000034,Cc1ccc(NCC(=O)N2CCCC3CCCCC32)cc1F,True,3.7272200000000026,-0.1693200000000008,0.6274509803921569,False,True
1.0,bin,7,-0.1658499836921692,-0.20709991455078125,-0.12460005283355713,1895921,CCC(CC)N(C)C(=O)CC1OC(=O)c2ccccc21,2.935200000000002,O=C(CC1OC(=O)c2ccccc21)CC(F)(F)F,True,2.809700000000001,-0.1255000000000006,0.5,False,True
1.0,bin,7,-0.1658499836921692,-0.20709991455078125,-0.12460005283355713,1907077,Cc1ccc2[nH]nc(C(=O)Nc3nc(-c4ccco4)cs3)c2c1,3.8401200000000015,Cc1cccc2[nH]nc(C(=O)Nc3nc(-c4ccco4)cs3)c12,True,3.8401200000000015,0.0,0.6949152542372882,False,True
1.0,bin,7,-0.1658499836921692,-0.20709991455078125,-0.12460005283355713,1913063,Cc1nn(C)c(C)c1CN(C(=O)c1cn2cccc(C)c2n1)C1CC1,2.797860000000001,Cc1cccn2cc(C(=O)N(Cc3cnn(C)c3)C3CC3)nc12,True,2.18102,-0.6168400000000007,0.6721311475409836,False,True
1.0,bin,7,-0.1658499836921692,-0.20709991455078125,-0.12460005283355713,1922265,CN(CCNC(=O)c1ccc2c(c1)ncn2C)c1ccccc1,2.4395000000000007,CN(CCNC(=O)c1ccc2c(c1)ncn2C)c1ccccc1F,True,2.5786000000000007,0.1391,0.7454545454545455,False,True
1.0,bin,8,-0.0693100094795227,-0.12460005283355713,-0.014019966125488281,32052,COc1ccccc1CNC(=O)Cc1c[nH]c2ccccc12,3.035400000000001,Cn1cc(CC(=O)NCc2ccccc2F)c2ccccc21,True,3.1763000000000012,0.14090000000000025,0.38596491228070173,False,True
1.0,bin,8,-0.0693100094795227,-0.12460005283355713,-0.014019966125488281,116747,COCCSc1ccccc1C(=O)Nc1cccc(C)n1,3.3808200000000017,COc1cc(OC)c(C(=O)Nc2cccc(C)n2)cc1Cl,True,3.312920000000001,-0.06790000000000074,0.4909090909090909,False,True
1.0,bin,8,-0.0693100094795227,-0.12460005283355713,-0.014019966125488281,131060,CS(=O)(=O)NCCc1csc(-c2ccc(F)cc2)n1,2.0408999999999997,CC(NC(N)=O)C(=O)NCCc1csc(-c2ccc(F)cc2)n1,True,1.6647000000000003,-0.3761999999999994,0.5454545454545454,False,True
1.0,bin,8,-0.0693100094795227,-0.12460005283355713,-0.014019966125488281,131949,CCc1c(C)nc(SCC(=O)NC(C)C)[nH]c1=O,1.25742,CCCc1c(C)nc(SCC(=O)NC(C)CO)[nH]c1=O,True,0.6199200000000001,-0.6374999999999998,0.66,False,True
1.0,bin,8,-0.0693100094795227,-0.12460005283355713,-0.014019966125488281,158879,COc1ccc(CC(=O)OCC(=O)c2c[nH]c3ccccc23)cc1,3.145100000000001,COc1ccc(CC(=O)OCC(=O)c2c[nH]c3ccccc23)cc1,True,3.145100000000001,0.0,1.0,True,False
1.0,bin,8,-0.0693100094795227,-0.12460005283355713,-0.014019966125488281,232056,COCCNC(=O)c1cc(=O)c2cc(C)ccc2o1,1.4776199999999993,CCNC(=O)CNC(=O)c1cc(=O)c2cc(Cl)ccc2o1,True,1.3122999999999998,-0.16531999999999947,0.4909090909090909,False,True
1.0,bin,8,-0.0693100094795227,-0.12460005283355713,-0.014019966125488281,235788,O=C(Cn1nc(-c2ccco2)oc1=O)NCC(F)(F)F,0.7747999999999999,CC(C)N(C)C(=O)Cn1nc(-c2ccco2)oc1=O,True,0.9631000000000002,0.18830000000000024,0.5740740740740741,False,True
1.0,bin,8,-0.0693100094795227,-0.12460005283355713,-0.014019966125488281,236081,CC(=O)c1c(C)[nH]c(C(=O)CSc2nc(C(C)C)n[nH]2)c1C,3.0506400000000014,CCCc1n[nH]c(SCC(=O)c2[nH]c(C)c(C)c2C)n1,True,2.9855600000000013,-0.06508000000000003,0.509090909090909,False,True
1.0,bin,8,-0.0693100094795227,-0.12460005283355713,-0.014019966125488281,281081,O=C(Cn1cccn1)NCc1cccnc1Oc1ccc(F)cc1F,2.665000000000001,O=C(Cn1cccn1)NCc1cccnc1Oc1cccc(F)c1F,True,2.665000000000001,0.0,0.7758620689655172,False,True
1.0,bin,8,-0.0693100094795227,-0.12460005283355713,-0.014019966125488281,284170,COc1ccc(-c2nc(CC(=O)Nc3cccc(C)n3)cs2)cc1,3.7033200000000024,COc1ccccc1-c1nc(CC(=O)Nc2ncccc2C)cs1,True,3.7033200000000024,0.0,0.45454545454545453,False,True
1.0,bin,8,-0.0693100094795227,-0.12460005283355713,-0.014019966125488281,288369,Cc1ccc(NCc2nnc3n2CCCCC3)cc1C,3.2334400000000016,Fc1ccc(Cl)cc1NCc1nnc2n1CCCCC2,True,3.4091000000000014,0.1756599999999997,0.5471698113207547,False,True
1.0,bin,8,-0.0693100094795227,-0.12460005283355713,-0.014019966125488281,302889,COc1ccc(OC)c(NC(=O)CCNC(=O)c2cccs2)c1,2.5239000000000003,CC(=O)Nc1ccc(NC(=O)CCNC(=O)c2cccs2)cc1,True,2.4651000000000005,-0.05879999999999974,0.5555555555555556,False,False
1.0,bin,8,-0.0693100094795227,-0.12460005283355713,-0.014019966125488281,327141,COc1ccc(OC)c(S(=O)(=O)Nc2ccn(C)n2)c1,1.2381,COc1ccc(OC)c(S(=O)(=O)Nc2cc[nH]n2)c1,True,1.2276999999999998,-0.010400000000000187,0.6170212765957447,False,True
1.0,bin,8,-0.0693100094795227,-0.12460005283355713,-0.014019966125488281,327382,CNC(=O)C1CN(C(=O)c2c(C)noc2C)c2ccccc2O1,1.4452399999999996,Cc1noc(C(N)=O)c1C(=O)N1CC(C)Oc2ccccc21,True,1.5096199999999995,0.06437999999999988,0.5517241379310345,False,True
1.0,bin,8,-0.0693100094795227,-0.12460005283355713,-0.014019966125488281,406491,COCCNC(=O)C1CCCN(S(=O)(=O)N2CCOCC2)C1,-0.9619999999999964,CN(C)S(=O)(=O)N1CCCC(S(=O)(=O)N2CCOCC2)C1,True,-1.0807999999999964,-0.11880000000000002,0.3508771929824561,False,True
1.0,bin,8,-0.0693100094795227,-0.12460005283355713,-0.014019966125488281,413951,O=C(Cn1ncn2cccc2c1=O)N1CCCCCC1,0.8985999999999996,N#CCC1CCCN(C(=O)Cn2ncn3cccc3c2=O)C1,True,0.6482799999999997,-0.2503199999999999,0.6545454545454545,False,True
1.0,bin,8,-0.0693100094795227,-0.12460005283355713,-0.014019966125488281,427929,CCNc1nc(NCc2ccccc2Cl)c2cnn(C)c2n1,3.060600000000001,CCNc1nc(NCc2ccc(Cl)cc2)c2cnn(C)c2n1,True,3.060600000000001,0.0,0.6862745098039216,False,False
1.0,bin,8,-0.0693100094795227,-0.12460005283355713,-0.014019966125488281,447130,CCC(NC(=O)C1CCN(C(=O)C2CC2)CC1)c1ccc(C)cc1,3.2109200000000016,O=C(NC(O)c1ccccc1Cl)C1CCN(C(=O)C2CC2)CC1,True,2.0957,-1.1152200000000017,0.48148148148148145,False,True
1.0,bin,8,-0.0693100094795227,-0.12460005283355713,-0.014019966125488281,481908,CCNS(=O)(=O)c1ccc(C)c(C(=O)Nc2ncccc2C)c1,2.24894,CS(=O)(=O)c1ccc(F)c(C(=O)Nc2ncccc2Cl)c1,True,2.5299000000000005,0.2809600000000003,0.45,False,True
1.0,bin,8,-0.0693100094795227,-0.12460005283355713,-0.014019966125488281,485220,Cc1nn(CC(=O)N2CCN(C)CC2)c(C)c1Br,1.03644,Cc1nn(CC(=O)N2CCN(C)CC2C)c(C)c1Br,True,1.42494,0.38850000000000007,0.6444444444444445,False,True
1.0,bin,8,-0.0693100094795227,-0.12460005283355713,-0.014019966125488281,526363,Cc1nnc(SCC(=O)Nc2ccc(O)cc2)n(N)c1=O,0.09692,CC1=NN=C(SCC(=O)Nc2ccccc2CN)ON(C)C1=O,True,0.9524999999999998,0.8555799999999998,0.3188405797101449,False,True
1.0,bin,8,-0.0693100094795227,-0.12460005283355713,-0.014019966125488281,536853,COc1ccc(C2CCCN2C(=O)C2CCC2)c(OC)c1,3.1674000000000015,COCCNc1ccccc1C1CCCN1C(=O)C1CCC1,True,3.2085000000000017,0.041100000000000136,0.5,False,True
1.0,bin,8,-0.0693100094795227,-0.12460005283355713,-0.014019966125488281,540312,Cc1nn(C)c2nc(C3CC3)cc(C(=O)NCC(=O)NC(C)(C)C)c12,1.7986199999999997,COC(=O)CCNC(=O)c1cc(C2CC2)nc2c1c(C)nn2C,True,1.4470199999999995,-0.35160000000000013,0.65,False,True
1.0,bin,8,-0.0693100094795227,-0.12460005283355713,-0.014019966125488281,544381,Cc1nc(N2CCCC(C(=O)NC(C)C)C2)c2c(C)c(C)oc2n1,2.8890600000000006,COC(=O)CCCNC1=NC(C(C)C)=NCOC(C)=C(C)C1,True,2.653900000000001,-0.2351599999999996,0.14814814814814814,False,True
1.0,bin,8,-0.0693100094795227,-0.12460005283355713,-0.014019966125488281,544382,CCCNC(=O)C1CCCN(c2nc(C)nc3oc(C)c(C)c23)C1,2.8906600000000013,Cc1nc(N2CCCC(C)(C)C2C)c2c(N)c(C)oc2n1,True,3.4367400000000012,0.5460799999999999,0.30985915492957744,False,True
1.0,bin,8,-0.0693100094795227,-0.12460005283355713,-0.014019966125488281,550049,Cc1ccc(C)c(OCC(=O)Nc2cccc(-n3cnnc3)c2)c1,2.9016400000000013,O=C(COc1ccc(Cl)cc1)Nc1cccc(-n2cnnc2)c1,True,2.9382,0.036559999999998816,0.6181818181818182,False,False
1.0,bin,8,-0.0693100094795227,-0.12460005283355713,-0.014019966125488281,573533,Cc1nn(-c2ncc(C(F)(F)F)cc2Cl)c(=O)o1,2.2011199999999995,Cc1cc(C(F)(F)F)c(-n2nc(C)oc2=O)cn1,True,1.8561399999999997,-0.34497999999999984,0.5208333333333334,False,True
1.0,bin,8,-0.0693100094795227,-0.12460005283355713,-0.014019966125488281,582555,O=C(NCC(O)c1ccccc1)c1ccc2c(=O)n3c(nc2c1)CCC3,1.8061000000000003,COc1ccc(C(O)CNC(=O)c2ccc3c(=O)[nH]cnc3c2)cc1,True,1.3951,-0.41100000000000025,0.4166666666666667,False,True
1.0,bin,8,-0.0693100094795227,-0.12460005283355713,-0.014019966125488281,588547,Cc1n[nH]c(C)c1NC(=O)CCc1ccc(Cl)cc1Cl,3.9046400000000023,Cc1ccccc1C(C)(C)CC(=O)Nc1c(C)n[nH]c1C,True,3.6413600000000015,-0.26328000000000085,0.43859649122807015,False,True
1.0,bin,8,-0.0693100094795227,-0.12460005283355713,-0.014019966125488281,607673,CCCN(CC1CC1)S(=O)(=O)c1ccccc1F,2.636400000000001,CC(C)CN(CC1CC1)S(=O)(=O)c1ccccc1N,True,2.3255000000000003,-0.3109000000000006,0.5208333333333334,False,True
1.0,bin,8,-0.0693100094795227,-0.12460005283355713,-0.014019966125488281,617681,Cc1cc(C(=O)Nc2nc(-c3ccncc3)cs2)nn1C(C)C,3.5432200000000016,Cc1nn(C(C)C)c(C)c1C(=O)Nc1nc(-c2ccncc2)cs1,True,3.8516400000000024,0.3084200000000008,0.6727272727272727,False,True
1.0,bin,8,-0.0693100094795227,-0.12460005283355713,-0.014019966125488281,650267,COc1ccc2oc(C(=O)NC3CCCCNC3=O)c(C)c2c1,2.14832,COCc1c(C(=O)NC2CCCCNC2=O)oc2ccccc12,True,1.9776999999999996,-0.17062000000000044,0.59375,False,False
1.0,bin,8,-0.0693100094795227,-0.12460005283355713,-0.014019966125488281,668639,Cc1cc(NC(=O)c2ccccc2Cl)ncc1N,2.8779200000000005,Cc1cc(C)c(N)c(NC(=O)c2cccc(F)c2)n1,True,2.672040000000001,-0.20587999999999962,0.2833333333333333,False,True
1.0,bin,8,-0.0693100094795227,-0.12460005283355713,-0.014019966125488281,673160,CCC(=O)Nc1ccc2oc(C(F)(F)F)cc(=O)c2c1,3.160300000000001,O=c1cc(C(F)(F)F)oc2ccc(Cl)cc12,True,3.4652000000000003,0.30489999999999906,0.5217391304347826,False,True
1.0,bin,8,-0.0693100094795227,-0.12460005283355713,-0.014019966125488281,711169,Cc1cccc(C(C)C)c1NC(=O)N(C)Cc1ccncc1,4.177320000000003,CC(C)Sc1cccc(NC(=O)N(C)Cc2ccncc2)c1,True,4.246000000000002,0.06867999999999963,0.5636363636363636,False,True
1.0,bin,8,-0.0693100094795227,-0.12460005283355713,-0.014019966125488281,720969,Cc1noc(C)c1CCC(=O)OCC(=O)N1c2ccccc2CC1C,2.7450400000000013,Cc1noc(C)c1CCC(=O)OCC(=O)N1CCc2ccccc21,True,2.35654,-0.3885000000000014,0.6721311475409836,False,False
1.0,bin,8,-0.0693100094795227,-0.12460005283355713,-0.014019966125488281,730789,COC(=O)C1CCN(C(=O)c2cc3ccc(F)cc3nc2C)CC1,2.7075200000000006,O=C(c1cnc2ccccc2c1)N1CCC(C(F)F)CC1,True,3.352100000000002,0.6445800000000013,0.3181818181818182,False,True
1.0,bin,8,-0.0693100094795227,-0.12460005283355713,-0.014019966125488281,738178,Cc1ccc(-n2ccnc2SCc2nc(C3CC3)no2)cc1C,4.041840000000003,Clc1cccc(-n2ccnc2SCc2nc(C3CC3)no2)c1,True,4.078400000000002,0.036559999999998816,0.7272727272727273,False,True
1.0,bin,8,-0.0693100094795227,-0.12460005283355713,-0.014019966125488281,771897,COc1ccccc1OCC(=O)N(C)Cc1sccc1C,3.102520000000002,COc1cc(C#N)ccc1OCC(=O)N(C)Cc1sccc1C,True,2.9742000000000015,-0.12832000000000043,0.6981132075471698,False,True
1.0,bin,8,-0.0693100094795227,-0.12460005283355713,-0.014019966125488281,811446,COC(=O)C1(NC(=O)c2cc(Br)c[nH]2)CCCCCC1,2.7730000000000006,COC(=O)C1(NC(=O)c2cc(Br)c[nH]2)CCCCC1,True,2.3829000000000002,-0.39010000000000034,1.0,False,True
1.0,bin,8,-0.0693100094795227,-0.12460005283355713,-0.014019966125488281,848291,CCC(C)NC(=O)NCc1noc(-c2cccs2)n1,2.3958000000000004,C#CCCN(Cc1noc(-c2cccs2)n1)C(=O)C(C)C,True,2.806000000000001,0.41020000000000056,0.47692307692307695,False,True
1.0,bin,8,-0.0693100094795227,-0.12460005283355713,-0.014019966125488281,863440,COc1ccc(-c2nc(CCCO)cs2)cc1OC,2.752200000000001,COCCc1csc(-c2ccc(OC)c(N)c2)n1,True,2.5898000000000003,-0.16240000000000077,0.5714285714285714,False,True
1.0,bin,8,-0.0693100094795227,-0.12460005283355713,-0.014019966125488281,864663,N#Cc1ccc(-c2cc(F)ccc2F)nc1N1CCCC1,3.498680000000002,COC1=CC=C2C(=CC=C(C#N)CN3CCCC3)N2C=C1OC,True,2.647280000000001,-0.8514000000000008,0.1506849315068493,False,True
1.0,bin,8,-0.0693100094795227,-0.12460005283355713,-0.014019966125488281,872100,CCc1cccc(C)c1NCC(O)c1ccc2c(c1)OCCO2,3.474120000000002,OC(CNc1ccc(OC(F)F)cc1)c1ccc2c(c1)OCCO2,True,3.2047000000000017,-0.2694200000000002,0.4827586206896552,False,True
1.0,bin,8,-0.0693100094795227,-0.12460005283355713,-0.014019966125488281,886334,COc1ccc(C(=O)N2CCCC(C(=O)N3CCCCC3)C2)c(O)c1,2.2655000000000003,COC(=O)c1ccc(C(=O)N2CCCC(C(=O)N3CCCCC3)C2)cc1,True,2.3379000000000003,0.07240000000000002,0.5576923076923077,False,True
1.0,bin,8,-0.0693100094795227,-0.12460005283355713,-0.014019966125488281,887387,COCCNC(=O)N(Cc1cccc(F)c1)CC1CCCO1,2.1627,CCCNC(=O)CN(Cc1ccccc1)CC1CCCO1,True,2.1937999999999995,0.03109999999999946,0.4411764705882353,False,True
1.0,bin,8,-0.0693100094795227,-0.12460005283355713,-0.014019966125488281,889149,N#Cc1ccc(NC(=O)c2ccc(Br)cc2Cl)nc1,3.621480000000001,N#Cc1ccc(NC(=O)c2ccccc2Br)nc1,True,2.9680800000000005,-0.6534000000000004,0.625,False,False
1.0,bin,8,-0.0693100094795227,-0.12460005283355713,-0.014019966125488281,913483,O=C(CNC(=O)NCCc1c(Cl)cccc1Cl)NC1CC1,2.1137000000000006,O=C(CNC(=O)NCCc1ccccc1)NC1CC1(Cl)Cl,True,1.5906999999999998,-0.5230000000000008,0.4807692307692308,False,True
1.0,bin,8,-0.0693100094795227,-0.12460005283355713,-0.014019966125488281,917620,C=CCN(Cc1ccccc1OC)C(=O)c1csc(C)n1,3.288520000000002,CCOc1ccc(CN(CC)C(=O)c2csc(C)n2)cc1OC,True,3.5211200000000025,0.23260000000000058,0.47619047619047616,False,True
1.0,bin,8,-0.0693100094795227,-0.12460005283355713,-0.014019966125488281,918312,CCOc1ccc(Cl)c(C(=O)N2CCN(c3ncccn3)CC2)n1,1.8860999999999997,Cc1ccc(Cl)nc1C(=O)N1CCN(c2ncccc2C)CC1,True,2.7092400000000003,0.8231400000000006,0.43333333333333335,False,True
1.0,bin,8,-0.0693100094795227,-0.12460005283355713,-0.014019966125488281,922879,CC(=O)c1ccc(N2CCN(Cc3c(F)cccc3F)CC2)cc1,3.489600000000003,COc1ccc(CNC2CCN(c3ccccc3)C2)cc1F,True,3.2028000000000016,-0.2868000000000013,0.22727272727272727,False,True
1.0,bin,8,-0.0693100094795227,-0.12460005283355713,-0.014019966125488281,927535,COc1cc(CN2CCN(c3ccccc3F)CC2)ccc1O,2.862100000000002,COc1cccc(OC)c1N1CCN(Cc2ccc(O)cc2)CC1,True,2.731600000000001,-0.13050000000000095,0.4807692307692308,False,True
1.0,bin,8,-0.0693100094795227,-0.12460005283355713,-0.014019966125488281,927567,Cc1ccccc1N1CCN(Cc2cccc(O)c2)CC1,3.022820000000001,CC(=O)c1cccc(N2CCN(Cc3ccc(O)c(F)c3)CC2)c1,True,3.0561000000000016,0.03328000000000042,0.3793103448275862,False,True
1.0,bin,8,-0.0693100094795227,-0.12460005283355713,-0.014019966125488281,938108,CC(c1ccccc1)N(C)C(=O)CCC(=O)Nc1nccs1,3.0814000000000012,CC(c1ccc(F)cc1F)N(C)C(=O)CCC(=O)Nc1nccs1,True,3.359600000000002,0.2782000000000009,0.6491228070175439,False,True
1.0,bin,8,-0.0693100094795227,-0.12460005283355713,-0.014019966125488281,943303,CN(CCCOc1ccccc1)C(=O)Nc1cccc2c1OCCO2,3.390600000000002,Cc1cccc(OCCCNC(=O)Nc2cccc3c2OCCO3)c1,True,3.356820000000001,-0.03378000000000103,0.5483870967741935,False,True
1.0,bin,8,-0.0693100094795227,-0.12460005283355713,-0.014019966125488281,946289,CC(NC(=O)C1(c2cc(-c3ccco3)on2)CC1)c1ccccc1,3.843600000000002,CCC(C(=O)NCC12C=C(C1)C(F)=CC2)c1cc(-c2ccco2)on1,True,4.118000000000003,0.27440000000000087,0.34615384615384615,False,True
1.0,bin,8,-0.0693100094795227,-0.12460005283355713,-0.014019966125488281,994077,Cc1nnc(Cn2c(-c3cccc(Br)c3)noc2=O)o1,2.0055199999999997,CCCC=NN=C(CN1CON=C1c1ccccc1)OO,True,2.3119,0.3063800000000003,0.15384615384615385,False,True
1.0,bin,8,-0.0693100094795227,-0.12460005283355713,-0.014019966125488281,1065620,O=C(NCc1cccnc1Oc1ccccc1)c1cccnc1,3.198900000000002,N#Cc1ccc(C(=O)NCc2cccnc2Oc2ccccc2)cn1,True,3.0705800000000014,-0.12832000000000043,0.6981132075471698,False,True
1.0,bin,8,-0.0693100094795227,-0.12460005283355713,-0.014019966125488281,1093926,CN(C(=O)CNc1cccc(OCC2CCCO2)c1)c1ccccc1,3.319300000000002,Cc1ccccc1NCC(=O)Nc1cccc(OCC2CCCO2)c1,True,3.6034200000000025,0.2841200000000006,0.6,False,True
1.0,bin,8,-0.0693100094795227,-0.12460005283355713,-0.014019966125488281,1107920,CCc1ccc(-n2cc(C(=O)NC(C)c3ccccc3)nn2)cc1,3.320700000000002,CC(NC(=O)c1cn(-c2ccccc2)nn1)c1cc(F)ccc1F,True,3.036500000000002,-0.28420000000000023,0.5517241379310345,False,True
1.0,bin,8,-0.0693100094795227,-0.12460005283355713,-0.014019966125488281,1113130,CC(NC(=O)Cn1nnnc1C(C)(C)C)c1cccc2ccccc12,3.0012000000000016,CC(NC(=O)Cn1nnnc1C(C)(C)C)c1cccc2ccccc12,True,3.0012000000000016,0.0,1.0,True,False
1.0,bin,8,-0.0693100094795227,-0.12460005283355713,-0.014019966125488281,1121751,COC(=O)Cn1ccc(NS(=O)(=O)c2ccc(F)c(F)c2F)n1,1.2742,CC(=O)C=CC=C(C)S(=O)(=O)Nc1ccn(CCCO)n1,True,1.0561999999999998,-0.2180000000000002,0.3333333333333333,False,True
1.0,bin,8,-0.0693100094795227,-0.12460005283355713,-0.014019966125488281,1142531,CCOC(C)C(=O)NCCc1csc(-c2ccc(C)cc2)n1,3.2022200000000014,Cc1ccc(-c2nc(CCNC(=O)N(C)CCCO)cs2)cc1,True,2.684820000000001,-0.5174000000000003,0.55,False,True
1.0,bin,8,-0.0693100094795227,-0.12460005283355713,-0.014019966125488281,1212157,CN(Cc1ccc(F)c(F)c1)C(=O)c1cncc(-c2cnn(C)c2)c1,3.0325000000000015,CN(Cc1ccc(C#N)cc1)C(=O)c1cncc(-c2cnn(C)c2)c1,True,2.625980000000001,-0.40652000000000044,0.7017543859649122,False,True
1.0,bin,8,-0.0693100094795227,-0.12460005283355713,-0.014019966125488281,1215394,CCn1nc(C)cc1C(=O)Oc1cccc(NC(=O)C(C)C)c1,3.025120000000001,CCn1nc(C)cc1C(=O)Oc1cc(C)ccc1OCC#N,True,2.641420000000001,-0.38370000000000015,0.4307692307692308,False,True
1.0,bin,8,-0.0693100094795227,-0.12460005283355713,-0.014019966125488281,1232922,CC(C)(C)OC(=O)NC1CCCN(S(=O)(=O)N2CCOCC2)C1,0.5525000000000011,CCCNC(=O)C1CCCN(S(=O)(=O)N2CCOCC2)C1,True,-0.19839999999999836,-0.7508999999999995,0.48214285714285715,False,False
1.0,bin,8,-0.0693100094795227,-0.12460005283355713,-0.014019966125488281,1238973,FC(F)(F)c1cnc(N2CCn3c(nnc3C3CC3)C2)c(Cl)c1,3.2429000000000023,Cc1cc(C(F)(F)F)cnc1N1CCn2c(nnc2C2CC2)C1,True,2.897920000000001,-0.3449800000000014,0.78,False,True
1.0,bin,8,-0.0693100094795227,-0.12460005283355713,-0.014019966125488281,1299495,Cc1cc(CC(=O)N2CCCC2C(C#N)c2ccccc2)no1,2.823900000000001,Cc1cc(CC(=O)N2CCCC2C(O)c2ccccc2)no1,True,2.25012,-0.5737800000000011,0.75,False,True
1.0,bin,8,-0.0693100094795227,-0.12460005283355713,-0.014019966125488281,1309906,CC(C)CC(NC(=O)c1cc(=O)c2ccccc2o1)C(=O)OC(C)C,2.8891000000000018,CCC(C)NC(=O)c1cc(=O)c2cc(Br)ccc2o1,True,3.083800000000002,0.1947000000000001,0.4406779661016949,False,True
1.0,bin,8,-0.0693100094795227,-0.12460005283355713,-0.014019966125488281,1362816,COCc1cccc(C(=O)NC2CC2c2cccc(Cl)c2)c1,3.772300000000002,COCc1ccc(C)c(C(=O)NC2CC2c2ccc(C)cc2)c1,True,3.7357400000000025,-0.036559999999999704,0.5,False,True
1.0,bin,8,-0.0693100094795227,-0.12460005283355713,-0.014019966125488281,1441838,COCC(=O)NC(C(=O)Nc1cccc(-c2nccs2)c1)C(C)C,2.5358,COC(=O)CCC(=O)Nc1cccc(-c2nccs2)c1,True,2.7018000000000013,0.16600000000000126,0.603448275862069,False,False
1.0,bin,8,-0.0693100094795227,-0.12460005283355713,-0.014019966125488281,1450449,CCCNC(=O)CSc1nc2c(cc1C#N)CCCC2,2.450380000000001,CC(C)N(C)C(=O)CSc1nc2c(cc1C#N)CCCC2,True,2.790980000000001,0.34060000000000024,0.6140350877192983,False,True
1.0,bin,8,-0.0693100094795227,-0.12460005283355713,-0.014019966125488281,1451910,O=S(=O)(NCc1nnc2ccccn12)c1ccc(F)c(F)c1,1.4859999999999995,COCc1ccccc1S(=O)(=O)NCc1nnc2ccccn12,True,1.3541999999999998,-0.1317999999999997,0.5357142857142857,False,True
1.0,bin,8,-0.0693100094795227,-0.12460005283355713,-0.014019966125488281,1479798,Cc1nc(C)c(CCC(=O)N(CC(C)C)CC(F)(F)F)c(=O)[nH]1,2.3662400000000003,CCCCN(CC(F)F)C(=O)CCc1c(C)nc(C)[nH]c1=O,True,2.21314,-0.15310000000000024,0.5892857142857143,False,True
1.0,bin,8,-0.0693100094795227,-0.12460005283355713,-0.014019966125488281,1507926,COC(=O)C(C)NC(=O)Cc1csc(-c2ccccc2Cl)n1,2.6837,CCCNC(=O)Cc1csc(-c2ccccc2OC)n1,True,2.8874000000000013,0.20370000000000132,0.4915254237288136,False,True
1.0,bin,8,-0.0693100094795227,-0.12460005283355713,-0.014019966125488281,1527882,Nc1ncccc1C(=O)Nc1ccc2cn[nH]c2c1,1.7923999999999998,COc1cc(NC(=O)c2cccnc2N)ccc1CCNC(C)=O,True,1.6032999999999997,-0.18910000000000005,0.4603174603174603,False,True
1.0,bin,8,-0.0693100094795227,-0.12460005283355713,-0.014019966125488281,1532848,COc1ccc(-c2ccc3c(=O)[nH]cnc3c2)cc1Cl,3.2521000000000013,COC=C1C=C(c2cccc(C)nc[nH]c(=O)c2)C=C1OC,True,2.6603200000000005,-0.5917800000000009,0.25757575757575757,False,True
1.0,bin,8,-0.0693100094795227,-0.12460005283355713,-0.014019966125488281,1548351,COc1cc(OC)c2c(c1)C(c1cnccn1)NCC2,1.7288999999999999,CC(=O)Nc1ccc2c(c1)C(c1cnccn1)NCC2,True,1.6700999999999997,-0.058800000000000185,0.4576271186440678,False,False
1.0,bin,8,-0.0693100094795227,-0.12460005283355713,-0.014019966125488281,1570134,COc1cccc(C(C)N2CCN(C(=O)c3ccc(O)cc3)CC2)c1,2.9198000000000013,COc1ccc(C(C)N2CCN(C(=O)c3ccccc3)CC2)cc1O,True,2.9198000000000017,4.440892098500626e-16,0.5925925925925926,False,True
1.0,bin,8,-0.0693100094795227,-0.12460005283355713,-0.014019966125488281,1611406,CC(C)(C)N1CC(NC(=O)C2COc3ccc(F)cc3C2)CC1=O,1.8923999999999994,CCN1CC(NC(=O)C(C)COc2cccc(C)c2)CC1=O,True,1.7469199999999987,-0.14548000000000072,0.25316455696202533,False,True
1.0,bin,8,-0.0693100094795227,-0.12460005283355713,-0.014019966125488281,1612684,CCCC1CN(C(=O)Nc2ccn(CCC(C)C)n2)CCO1,2.9620000000000015,CCCC1CN(C(=O)Nc2cc(C(F)(F)F)n(CCOC)n2)CO1,True,2.5386000000000006,-0.4234000000000009,0.41333333333333333,False,True
1.0,bin,8,-0.0693100094795227,-0.12460005283355713,-0.014019966125488281,1639675,CCC(CC)c1nnc(NC(=O)c2scnc2C2CC2)s1,4.0279000000000025,CCC(C=NN=C(S)NC(=O)c1scnc1C1CC1)CC,True,3.4581000000000017,-0.5698000000000008,0.5,False,True
1.0,bin,8,-0.0693100094795227,-0.12460005283355713,-0.014019966125488281,1675660,COc1ccnc(NC(=O)c2cccc(Cl)c2)c1,2.9959000000000007,CCOc1ccnc(NC(=O)c2ccc(OC)c(C)c2)c1,True,3.049620000000001,0.05372000000000021,0.5185185185185185,False,True
1.0,bin,8,-0.0693100094795227,-0.12460005283355713,-0.014019966125488281,1689728,CCc1noc(CSc2ncnc3sc(C)cc23)n1,3.237420000000002,CCc1noc(CSc2ncnc3sc(C)c(C)c23)n1,True,3.5458400000000028,0.3084200000000008,0.6538461538461539,False,True
1.0,bin,8,-0.0693100094795227,-0.12460005283355713,-0.014019966125488281,1720876,CC(C)(C)CC(=O)NCC(=O)Nc1ccc2c(c1)COC2,2.2077,CC(C)C(C)NC(=O)COC(=O)c1ccc2c(c1)COC2,True,2.0343,-0.1734,0.3559322033898305,False,True
1.0,bin,8,-0.0693100094795227,-0.12460005283355713,-0.014019966125488281,1757109,CC(C)Cc1ncc(CNc2ccc3c(c2)COC3)s1,3.983900000000003,FC(F)Cc1ncc(CNc2ccc(Cl)cc2)s1,True,4.2162000000000015,0.23229999999999862,0.4716981132075472,False,True
1.0,bin,8,-0.0693100094795227,-0.12460005283355713,-0.014019966125488281,1774061,O=C1NCCCc2[nH]c(-c3cccc4[nH]ccc34)nc21,2.234,O=C1NCCC2=C1N=C(c1ccc(F)c(F)c1)NC2,True,1.0886,-1.1454,0.19402985074626866,False,True
1.0,bin,8,-0.0693100094795227,-0.12460005283355713,-0.014019966125488281,1800687,Cc1nn(C)c(-c2nc(-c3cccnn3)no2)c1Cl,1.8889199999999997,CCCOC(=O)c1ccnn1-c1nc(-c2cccnn2)no1,True,1.2791,-0.6098199999999998,0.36363636363636365,False,True
1.0,bin,8,-0.0693100094795227,-0.12460005283355713,-0.014019966125488281,1815867,FC(F)(F)c1ccc(CN2CCOCC2c2ncon2)cc1,2.661900000000001,Fc1ccc(Cl)cc1CN1CCOCC1c1ncon1,True,2.4356,-0.22630000000000106,0.6071428571428571,False,True
1.0,bin,8,-0.0693100094795227,-0.12460005283355713,-0.014019966125488281,1828580,Cc1ccc(N2CC3OCC(=O)N(Cc4cccc(F)c4)C3C2)nn1,1.54032,COC1=CC=C2NC(COCC(=O)N(C)CCc3cccnn3)C2C=C1,True,1.0660999999999998,-0.4742200000000001,0.09803921568627451,False,True
1.0,bin,8,-0.0693100094795227,-0.12460005283355713,-0.014019966125488281,1836183,CCc1ccc(C(=O)NCc2nccc(N(C)C)n2)cc1,2.035,COCOc1ccc(C)cc1C(=O)NCc1ncccn1,True,1.6977200000000001,-0.33728,0.3064516129032258,False,True
1.0,bin,8,-0.0693100094795227,-0.12460005283355713,-0.014019966125488281,1842499,COc1ccccc1COc1ccccc1-c1cnn(CCO)c1,3.1300000000000017,N#Cc1ccc(COc2ccccc2-c2cnn(CCO)c2)c(F)c1,True,3.1321800000000017,0.0021800000000000708,0.603448275862069,False,True
1.0,bin,8,-0.0693100094795227,-0.12460005283355713,-0.014019966125488281,1865564,COC(CNC(=O)c1ccoc1)c1cccc(F)c1,2.536200000000001,COc1ccc(CCNC(=O)c2ccoc2)c(OC)c1,True,2.2693000000000003,-0.2669000000000006,0.4098360655737705,False,False
1.0,bin,8,-0.0693100094795227,-0.12460005283355713,-0.014019966125488281,1868773,CCCOc1ccc(Cl)c2c1CCNC2C1CC(=O)C1,3.2947000000000015,O=CCCCC1NCCc2ccc(Cl)c(Cl)c21,True,3.549400000000002,0.2547000000000006,0.26153846153846155,False,True
1.0,bin,8,-0.0693100094795227,-0.12460005283355713,-0.014019966125488281,1873123,CCC1OC(=O)c2c(OC)ccc(Br)c21,3.079200000000002,CCC1OC(=O)c2cc(OC(F)F)cc(OC)c21,True,2.9181000000000017,-0.16110000000000024,0.44,False,True
1.0,bin,8,-0.0693100094795227,-0.12460005283355713,-0.014019966125488281,1875028,Cc1cccc(C)c1NCC(=O)N1CCCC2CCCCC21,3.8965400000000034,O=C1CNc2cc(F)c(F)c(F)c2C2CCCCC2CCN1,True,3.3095000000000017,-0.5870400000000018,0.14705882352941177,False,True
1.0,bin,8,-0.0693100094795227,-0.12460005283355713,-0.014019966125488281,1895921,CCC(CC)N(C)C(=O)CC1OC(=O)c2ccccc21,2.935200000000002,CC(C)CCNC(=O)CC1OC(=O)c2ccccc21,True,2.450500000000001,-0.484700000000001,0.5098039215686274,False,True
1.0,bin,8,-0.0693100094795227,-0.12460005283355713,-0.014019966125488281,1907077,Cc1ccc2[nH]nc(C(=O)Nc3nc(-c4ccco4)cs3)c2c1,3.8401200000000015,O=C1NNc2ccc(F)cc2C[SH]2C=C(c3ccco3)N=C2N1,True,2.9278000000000004,-0.9123200000000011,0.20481927710843373,False,True
1.0,bin,8,-0.0693100094795227,-0.12460005283355713,-0.014019966125488281,1913063,Cc1nn(C)c(C)c1CN(C(=O)c1cn2cccc(C)c2n1)C1CC1,2.797860000000001,Cc1cccn2cc(C(=O)N(Cc3cnn(C)c3)C3CC3)nc12,True,2.18102,-0.6168400000000007,0.6721311475409836,False,True
1.0,bin,8,-0.0693100094795227,-0.12460005283355713,-0.014019966125488281,1922265,CN(CCNC(=O)c1ccc2c(c1)ncn2C)c1ccccc1,2.4395000000000007,CN(CCNC(=O)c1ccc2c(c1)ncn2C)c1ccccc1,True,2.4395000000000007,0.0,1.0,True,False
1.0,bin,9,-0.007009983062744141,-0.014019966125488281,0.0,32052,COc1ccccc1CNC(=O)Cc1c[nH]c2ccccc12,3.035400000000001,O=C(Cc1c[nH]c2ccccc12)NCc1ccccc1,True,3.0268000000000015,-0.008599999999999497,0.6590909090909091,False,False
1.0,bin,9,-0.007009983062744141,-0.014019966125488281,0.0,116747,COCCSc1ccccc1C(=O)Nc1cccc(C)n1,3.3808200000000017,C=CCOc1ccc(C(=O)Nc2ccccn2)c(OC)c1,True,2.907300000000001,-0.4735200000000006,0.35384615384615387,False,True
1.0,bin,9,-0.007009983062744141,-0.014019966125488281,0.0,131060,CS(=O)(=O)NCCc1csc(-c2ccc(F)cc2)n1,2.0408999999999997,CC(NC(N)=O)C(=O)NCCc1csc(-c2ccc(F)cc2)n1,True,1.6647000000000003,-0.3761999999999994,0.5454545454545454,False,True
1.0,bin,9,-0.007009983062744141,-0.014019966125488281,0.0,131949,CCc1c(C)nc(SCC(=O)NC(C)C)[nH]c1=O,1.25742,CCCc1cc(=O)[nH]c(SCC(=O)N(C)CC)n1,True,1.2928,0.03537999999999997,0.29508196721311475,False,True
1.0,bin,9,-0.007009983062744141,-0.014019966125488281,0.0,158879,COc1ccc(CC(=O)OCC(=O)c2c[nH]c3ccccc23)cc1,3.145100000000001,O=C(Cc1ccc(F)cc1)OCC(=O)c1c[nH]c2ccccc12,True,3.2756000000000016,0.1305000000000005,0.75,False,False
1.0,bin,9,-0.007009983062744141,-0.014019966125488281,0.0,232056,COCCNC(=O)c1cc(=O)c2cc(C)ccc2o1,1.4776199999999993,CCOC(=O)CNC(=O)c1cc(=O)c2cc(C)ccc2o1,True,1.3943199999999998,-0.08329999999999949,0.673469387755102,False,True
1.0,bin,9,-0.007009983062744141,-0.014019966125488281,0.0,235788,O=C(Cn1nc(-c2ccco2)oc1=O)NCC(F)(F)F,0.7747999999999999,C=CCNC(=O)C(C)n1nc(-c2ccco2)oc1=O,True,0.9595,0.1847000000000001,0.4444444444444444,False,True
1.0,bin,9,-0.007009983062744141,-0.014019966125488281,0.0,236081,CC(=O)c1c(C)[nH]c(C(=O)CSc2nc(C(C)C)n[nH]2)c1C,3.0506400000000014,CC(=O)c1c(C)[nH]c(C(=O)CSc2nc(C(C)(C)C)n[nH]2)c1C,True,3.2247400000000015,0.17410000000000014,0.6862745098039216,False,True
1.0,bin,9,-0.007009983062744141,-0.014019966125488281,0.0,281081,O=C(Cn1cccn1)NCc1cccnc1Oc1ccc(F)cc1F,2.665000000000001,COc1ccccc1Oc1ncccc1CNC(=O)Cn1cccn1,True,2.3953999999999995,-0.2696000000000014,0.7241379310344828,False,True
1.0,bin,9,-0.007009983062744141,-0.014019966125488281,0.0,284170,COc1ccc(-c2nc(CC(=O)Nc3cccc(C)n3)cs2)cc1,3.7033200000000024,Cc1cccc(NC(=O)Cc2csc(-c3ccc(F)cc3)n2)n1,True,3.833820000000003,0.1305000000000005,0.7692307692307693,False,True
1.0,bin,9,-0.007009983062744141,-0.014019966125488281,0.0,288369,Cc1ccc(NCc2nnc3n2CCCCC3)cc1C,3.2334400000000016,C=CCOc1ccccc1NCc1nnc2n1CCCCC2,True,3.181400000000002,-0.052039999999999864,0.4745762711864407,False,True
1.0,bin,9,-0.007009983062744141,-0.014019966125488281,0.0,302889,COc1ccc(OC)c(NC(=O)CCNC(=O)c2cccs2)c1,2.5239000000000003,O=C(CCNC(=O)c1cccs1)Nc1ccccc1,True,2.5067000000000004,-0.017199999999999882,0.5576923076923077,False,False
1.0,bin,9,-0.007009983062744141,-0.014019966125488281,0.0,327141,COc1ccc(OC)c(S(=O)(=O)Nc2ccn(C)n2)c1,1.2381,Cc1ccc(C#N)cc1S(=O)(=O)Nc1ccn(C)n1,True,1.401,0.16290000000000004,0.49056603773584906,False,True
1.0,bin,9,-0.007009983062744141,-0.014019966125488281,0.0,327382,CNC(=O)C1CN(C(=O)c2c(C)noc2C)c2ccccc2O1,1.4452399999999996,Cc1noc(C)c1C(=O)N1CC(C(N)=O)Oc2ccccc21,True,1.1845399999999995,-0.26070000000000015,0.78,False,True
1.0,bin,9,-0.007009983062744141,-0.014019966125488281,0.0,406491,COCCNC(=O)C1CCCN(S(=O)(=O)N2CCOCC2)C1,-0.9619999999999964,COCCNC(=O)C1CCCN(S(=O)(=O)N2CCOCC2)C1,True,-0.9619999999999964,0.0,1.0,True,False
1.0,bin,9,-0.007009983062744141,-0.014019966125488281,0.0,413951,O=C(Cn1ncn2cccc2c1=O)N1CCCCCC1,0.8985999999999996,O=C(Cn1ncn2cccc2c1=O)N1CCCCCC1,True,0.8985999999999996,0.0,1.0,True,False
1.0,bin,9,-0.007009983062744141,-0.014019966125488281,0.0,427929,CCNc1nc(NCc2ccccc2Cl)c2cnn(C)c2n1,3.060600000000001,CC(C)CNc1nc(NCc2ccccc2)c2cnn(C)c2n1,True,3.0433000000000012,-0.01729999999999965,0.5535714285714286,False,True
1.0,bin,9,-0.007009983062744141,-0.014019966125488281,0.0,447130,CCC(NC(=O)C1CCN(C(=O)C2CC2)CC1)c1ccc(C)cc1,3.2109200000000016,CSC1=CC=C2CC(C=C1)C(CCNC(=O)C1CC1)C(=O)N(C)C2C,True,3.128800000000002,-0.08211999999999975,0.2077922077922078,False,True
1.0,bin,9,-0.007009983062744141,-0.014019966125488281,0.0,481908,CCNS(=O)(=O)c1ccc(C)c(C(=O)Nc2ncccc2C)c1,2.24894,COC(=O)c1cccc(C(=O)Nc2ncccc2C)c1,True,2.4289200000000006,0.17998000000000047,0.44642857142857145,False,False
1.0,bin,9,-0.007009983062744141,-0.014019966125488281,0.0,485220,Cc1nn(CC(=O)N2CCN(C)CC2)c(C)c1Br,1.03644,C=CCN1CCN(C(=O)Cn2nc(C)c(Cl)c2C)CC1,True,1.48354,0.44710000000000005,0.48,False,True
1.0,bin,9,-0.007009983062744141,-0.014019966125488281,0.0,526363,Cc1nnc(SCC(=O)Nc2ccc(O)cc2)n(N)c1=O,0.09692,CNC(=O)C1NC(SCC(=O)Nc2ccccc2F)=NN=CC1=O,True,0.12610000000000038,0.029180000000000372,0.24,False,True
1.0,bin,9,-0.007009983062744141,-0.014019966125488281,0.0,536853,COc1ccc(C2CCCN2C(=O)C2CCC2)c(OC)c1,3.1674000000000015,COc1ccc(C2CCCN2C(=O)C2CCC2)cc1,True,3.158800000000002,-0.008599999999999497,0.6739130434782609,False,False
1.0,bin,9,-0.007009983062744141,-0.014019966125488281,0.0,540312,Cc1nn(C)c2nc(C3CC3)cc(C(=O)NCC(=O)NC(C)(C)C)c12,1.7986199999999997,CCCNC(=O)c1cc(C2CC2)nc2c1c(C)nn2C,True,2.29392,0.4953000000000003,0.6964285714285714,False,True
1.0,bin,9,-0.007009983062744141,-0.014019966125488281,0.0,544381,Cc1nc(N2CCCC(C(=O)NC(C)C)C2)c2c(C)c(C)oc2n1,2.8890600000000006,CCCCNC(=O)C1CCN(c2ncnc3oc(C)cc23)CC1,True,2.663920000000001,-0.22513999999999967,0.2564102564102564,False,True
1.0,bin,9,-0.007009983062744141,-0.014019966125488281,0.0,544382,CCCNC(=O)C1CCCN(c2nc(C)nc3oc(C)c(C)c23)C1,2.8906600000000013,Cc1nc(N2CCC(C(C)O)CC2)c2c(C)c(C)oc2n1,True,2.745260000000001,-0.14540000000000042,0.5,False,True
1.0,bin,9,-0.007009983062744141,-0.014019966125488281,0.0,550049,Cc1ccc(C)c(OCC(=O)Nc2cccc(-n3cnnc3)c2)c1,2.9016400000000013,Cc1cc(-n2cnnc2)c(C)cc1NC(=O)COc1ccccc1,True,2.9016400000000013,0.0,0.43548387096774194,False,True
1.0,bin,9,-0.007009983062744141,-0.014019966125488281,0.0,573533,Cc1nn(-c2ncc(C(F)(F)F)cc2Cl)c(=O)o1,2.2011199999999995,Cc1ncc(C(F)(F)F)cc1-n1nc(O)c(Cl)c1C,True,3.261940000000001,1.0608200000000014,0.3888888888888889,False,True
1.0,bin,9,-0.007009983062744141,-0.014019966125488281,0.0,582555,O=C(NCC(O)c1ccccc1)c1ccc2c(=O)n3c(nc2c1)CCC3,1.8061000000000003,O=C(NCC(O)c1ccccc1)c1ccc2c(=O)n3c(nc2c1)CCC3,True,1.8061000000000003,0.0,1.0,True,False
1.0,bin,9,-0.007009983062744141,-0.014019966125488281,0.0,588547,Cc1n[nH]c(C)c1NC(=O)CCc1ccc(Cl)cc1Cl,3.9046400000000023,Cc1n[nH]c(C)c1NC(=O)CCc1cc(Cl)ccc1Cl,True,3.9046400000000023,0.0,0.8260869565217391,False,True
1.0,bin,9,-0.007009983062744141,-0.014019966125488281,0.0,607673,CCCN(CC1CC1)S(=O)(=O)c1ccccc1F,2.636400000000001,CCCCN(CC1CC1)S(=O)(=O)c1ccc(O)cc1,True,2.593000000000001,-0.043400000000000105,0.4791666666666667,False,True
1.0,bin,9,-0.007009983062744141,-0.014019966125488281,0.0,617681,Cc1cc(C(=O)Nc2nc(-c3ccncc3)cs2)nn1C(C)C,3.5432200000000016,Cc1cc(C(=O)Nc2nc(-c3ccncc3)cs2)nn1C(C)C,True,3.5432200000000016,0.0,1.0,True,False
1.0,bin,9,-0.007009983062744141,-0.014019966125488281,0.0,650267,COc1ccc2oc(C(=O)NC3CCCCNC3=O)c(C)c2c1,2.14832,Cc1c(C(=O)NC2CCCCNC2=O)oc2ccccc12,True,2.1397199999999996,-0.008600000000000385,0.7142857142857143,False,True
1.0,bin,9,-0.007009983062744141,-0.014019966125488281,0.0,668639,Cc1cc(NC(=O)c2ccccc2Cl)ncc1N,2.8779200000000005,COc1ccc(Cl)cc1C(=O)Nc1ccc(N)cn1,True,2.578099999999999,-0.2998200000000013,0.4107142857142857,False,False
1.0,bin,9,-0.007009983062744141,-0.014019966125488281,0.0,673160,CCC(=O)Nc1ccc2oc(C(F)(F)F)cc(=O)c2c1,3.160300000000001,CCC(=O)Nc1ccc2oc(C(F)(F)F)cc(=O)c2c1,True,3.160300000000001,0.0,1.0,True,False
1.0,bin,9,-0.007009983062744141,-0.014019966125488281,0.0,711169,Cc1cccc(C(C)C)c1NC(=O)N(C)Cc1ccncc1,4.177320000000003,CCC(C)Oc1cccc(NC(=O)N(C)Cc2ccncc2)c1,True,3.9228000000000023,-0.2545200000000003,0.5172413793103449,False,True
1.0,bin,9,-0.007009983062744141,-0.014019966125488281,0.0,720969,Cc1noc(C)c1CCC(=O)OCC(=O)N1c2ccccc2CC1C,2.7450400000000013,Cc1noc(C)c1CCC(=O)OCC(=O)N1c2ccccc2CC1C,True,2.7450400000000013,0.0,1.0,True,False
1.0,bin,9,-0.007009983062744141,-0.014019966125488281,0.0,730789,COC(=O)C1CCN(C(=O)c2cc3ccc(F)cc3nc2C)CC1,2.7075200000000006,CC(=O)NCCC1CCN(C(=O)c2cnc3ccccc3c2)CC1,True,2.613200000000001,-0.09431999999999974,0.3055555555555556,False,True
1.0,bin,9,-0.007009983062744141,-0.014019966125488281,0.0,738178,Cc1ccc(-n2ccnc2SCc2nc(C3CC3)no2)cc1C,4.041840000000003,Brc1ccc(-n2ccnc2SCc2nc(C3CC3)no2)cc1,True,4.187500000000003,0.14565999999999946,0.7358490566037735,False,True
1.0,bin,9,-0.007009983062744141,-0.014019966125488281,0.0,771897,COc1ccccc1OCC(=O)N(C)Cc1sccc1C,3.102520000000002,C#CCN(Cc1sccc1C)C(=O)COc1ccccc1F,True,3.2364200000000025,0.13390000000000057,0.5344827586206896,False,True
1.0,bin,9,-0.007009983062744141,-0.014019966125488281,0.0,811446,COC(=O)C1(NC(=O)c2cc(Br)c[nH]2)CCCCCC1,2.7730000000000006,O=C1CC(Br)=CNCC2CCCCCN12,True,1.9872,-0.7858000000000005,0.14285714285714285,False,True
1.0,bin,9,-0.007009983062744141,-0.014019966125488281,0.0,848291,CCC(C)NC(=O)NCc1noc(-c2cccs2)n1,2.3958000000000004,CC(C)COCC(=O)NCc1noc(-c2cccs2)n1,True,2.0869,-0.3089000000000004,0.631578947368421,False,True
1.0,bin,9,-0.007009983062744141,-0.014019966125488281,0.0,863440,COc1ccc(-c2nc(CCCO)cs2)cc1OC,2.752200000000001,COc1cc(C)c(-c2nc(CCO)cs2)cc1OC,True,2.6705200000000007,-0.08168000000000042,0.5531914893617021,False,True
1.0,bin,9,-0.007009983062744141,-0.014019966125488281,0.0,864663,N#Cc1ccc(-c2cc(F)ccc2F)nc1N1CCCC1,3.498680000000002,N#Cc1ccc(-c2cc(F)ccc2F)nc1N1CCCC1,True,3.498680000000002,0.0,1.0,True,False
1.0,bin,9,-0.007009983062744141,-0.014019966125488281,0.0,872100,CCc1cccc(C)c1NCC(O)c1ccc2c(c1)OCCO2,3.474120000000002,CC(C)C(=O)c1ccc(NCC(O)c2ccc3c(c2)OCCO3)cc1,True,3.442000000000002,-0.032119999999999926,0.5535714285714286,False,True
1.0,bin,9,-0.007009983062744141,-0.014019966125488281,0.0,886334,COc1ccc(C(=O)N2CCCC(C(=O)N3CCCCC3)C2)c(O)c1,2.2655000000000003,O=C(c1cccc(O)c1)N1CCCC(C(=O)N2CCCCC2)C1,True,2.2569,-0.008600000000000385,0.5576923076923077,False,True
1.0,bin,9,-0.007009983062744141,-0.014019966125488281,0.0,887387,COCCNC(=O)N(Cc1cccc(F)c1)CC1CCCO1,2.1627,C#CCNC(=O)N(Cc1cccc(F)c1)CC1CCCO1,True,2.1495000000000006,-0.013199999999999434,0.7457627118644068,False,True
1.0,bin,9,-0.007009983062744141,-0.014019966125488281,0.0,889149,N#Cc1ccc(NC(=O)c2ccc(Br)cc2Cl)nc1,3.621480000000001,CSc1ccc(Cl)c(C(=O)Nc2ccc(C)cn2)c1,True,4.017620000000003,0.3961400000000017,0.39655172413793105,False,False
1.0,bin,9,-0.007009983062744141,-0.014019966125488281,0.0,913483,O=C(CNC(=O)NCCc1c(Cl)cccc1Cl)NC1CC1,2.1137000000000006,Cc1cc(Cl)ccc1CCNC(=O)NCC(=O)NC1CC1,True,1.76872,-0.3449800000000005,0.5882352941176471,False,True
1.0,bin,9,-0.007009983062744141,-0.014019966125488281,0.0,917620,C=CCN(Cc1ccccc1OC)C(=O)c1csc(C)n1,3.288520000000002,Cc1nc(C(=O)N(CCC#N)Cc2ccc(F)cc2F)cs1,True,3.2858000000000027,-0.0027199999999991675,0.42424242424242425,False,True
1.0,bin,9,-0.007009983062744141,-0.014019966125488281,0.0,918312,CCOc1ccc(Cl)c(C(=O)N2CCN(c3ncccn3)CC2)n1,1.8860999999999997,O=C(c1ncccc1Cl)N1CCN(c2ncccn2)CC1,True,1.4873999999999998,-0.39869999999999983,0.625,False,True
1.0,bin,9,-0.007009983062744141,-0.014019966125488281,0.0,922879,CC(=O)c1ccc(N2CCN(Cc3c(F)cccc3F)CC2)cc1,3.489600000000003,Fc1ccccc1CN1CCN(c2c(F)cccc2F)CC1,True,3.4261000000000017,-0.06350000000000122,0.40425531914893614,False,True
1.0,bin,9,-0.007009983062744141,-0.014019966125488281,0.0,927535,COc1cc(CN2CCN(c3ccccc3F)CC2)ccc1O,2.862100000000002,C=CC=CC=CN1CCNCC1=CC=COC,True,2.1915000000000004,-0.6706000000000016,0.11267605633802817,False,True
1.0,bin,9,-0.007009983062744141,-0.014019966125488281,0.0,927567,Cc1ccccc1N1CCN(Cc2cccc(O)c2)CC1,3.022820000000001,COC(=O)c1ccc(N2CCN(Cc3cccc(C)c3)CC2)cc1,True,3.1038200000000016,0.0810000000000004,0.41818181818181815,False,True
1.0,bin,9,-0.007009983062744141,-0.014019966125488281,0.0,938108,CC(c1ccccc1)N(C)C(=O)CCC(=O)Nc1nccs1,3.0814000000000012,CCc1ccc(CNC(=O)CCC(=O)Nc2nccs2)cc1,True,2.7406000000000006,-0.34080000000000066,0.48214285714285715,False,True
1.0,bin,9,-0.007009983062744141,-0.014019966125488281,0.0,943303,CN(CCCOc1ccccc1)C(=O)Nc1cccc2c1OCCO2,3.390600000000002,CN(CCCOc1ccccc1)C(=O)Nc1cccc2c1OCCO2,True,3.390600000000002,0.0,1.0,True,False
1.0,bin,9,-0.007009983062744141,-0.014019966125488281,0.0,946289,CC(NC(=O)C1(c2cc(-c3ccco3)on2)CC1)c1ccccc1,3.843600000000002,CC(NC(=O)C1N=C1C=C(O)c1ccco1)c1ccccc1,True,2.879100000000001,-0.964500000000001,0.3787878787878788,False,True
1.0,bin,9,-0.007009983062744141,-0.014019966125488281,0.0,994077,Cc1nnc(Cn2c(-c3cccc(Br)c3)noc2=O)o1,2.0055199999999997,COc1cccc(-c2noc(=O)n2Cc2nnc(SC)o2)c1,True,1.6650999999999998,-0.34041999999999994,0.559322033898305,False,True
1.0,bin,9,-0.007009983062744141,-0.014019966125488281,0.0,1065620,O=C(NCc1cccnc1Oc1ccccc1)c1cccnc1,3.198900000000002,CN(Cc1cccnc1)C(=O)c1cccnc1Oc1ccccc1,True,3.541100000000002,0.34220000000000006,0.4576271186440678,False,True
1.0,bin,9,-0.007009983062744141,-0.014019966125488281,0.0,1093926,CN(C(=O)CNc1cccc(OCC2CCCO2)c1)c1ccccc1,3.319300000000002,O=C(CNc1cccc(OCC2CCCO2)c1)Nc1ccc(F)cc1,True,3.4341000000000017,0.11479999999999979,0.6190476190476191,False,True
1.0,bin,9,-0.007009983062744141,-0.014019966125488281,0.0,1107920,CCc1ccc(-n2cc(C(=O)NC(C)c3ccccc3)nn2)cc1,3.320700000000002,CC(NC(=O)c1cn(-c2ccc(F)cc2)nn1)c1ccccc1F,True,3.036500000000002,-0.28420000000000023,0.5714285714285714,False,True
1.0,bin,9,-0.007009983062744141,-0.014019966125488281,0.0,1113130,CC(NC(=O)Cn1nnnc1C(C)(C)C)c1cccc2ccccc12,3.0012000000000016,CC(C)(C)Cc1nnnn1CC(=O)NCc1cccc2ccccc12,True,2.731300000000001,-0.2699000000000007,0.5081967213114754,False,True
1.0,bin,9,-0.007009983062744141,-0.014019966125488281,0.0,1121751,COC(=O)Cn1ccc(NS(=O)(=O)c2ccc(F)c(F)c2F)n1,1.2742,C=CCn1ccc(NS(=O)(=O)c2ccc(C#N)cc2F)n1,True,1.8806799999999997,0.6064799999999997,0.421875,False,True
1.0,bin,9,-0.007009983062744141,-0.014019966125488281,0.0,1142531,CCOC(C)C(=O)NCCc1csc(-c2ccc(C)cc2)n1,3.2022200000000014,COCCOCCC(N=CC1=CC=CCC1)SC,True,3.075800000000002,-0.12641999999999953,0.08641975308641975,False,True
1.0,bin,9,-0.007009983062744141,-0.014019966125488281,0.0,1212157,CN(Cc1ccc(F)c(F)c1)C(=O)c1cncc(-c2cnn(C)c2)c1,3.0325000000000015,CN(Cc1c(F)cccc1F)C(=O)c1cncc(-c2cn[nH]c2)c1,True,3.022100000000001,-0.010400000000000631,0.46875,False,True
1.0,bin,9,-0.007009983062744141,-0.014019966125488281,0.0,1215394,CCn1nc(C)cc1C(=O)Oc1cccc(NC(=O)C(C)C)c1,3.025120000000001,CCn1nc(C)cc1C(=O)Oc1ccc(C(C)=O)cc1,True,2.6332200000000006,-0.3919000000000006,0.5454545454545454,False,True
1.0,bin,9,-0.007009983062744141,-0.014019966125488281,0.0,1232922,CC(C)(C)OC(=O)NC1CCCN(S(=O)(=O)N2CCOCC2)C1,0.5525000000000011,CCOC(=O)C1CCCN(S(=O)(=O)N2CCOC(CC)C2)C1,True,0.6171000000000011,0.06459999999999999,0.3709677419354839,False,True
1.0,bin,9,-0.007009983062744141,-0.014019966125488281,0.0,1238973,FC(F)(F)c1cnc(N2CCn3c(nnc3C3CC3)C2)c(Cl)c1,3.2429000000000023,C=CCOc1ccc(Cl)c(N2CCn3c(nnc3C3CC3)C2)n1,True,2.788900000000001,-0.4540000000000015,0.484375,False,True
1.0,bin,9,-0.007009983062744141,-0.014019966125488281,0.0,1299495,Cc1cc(CC(=O)N2CCCC2C(C#N)c2ccccc2)no1,2.823900000000001,Cc1cc(CC(=O)N2CCCC2C(O)c2ccccc2)no1,True,2.25012,-0.5737800000000011,0.75,False,True
1.0,bin,9,-0.007009983062744141,-0.014019966125488281,0.0,1309906,CC(C)CC(NC(=O)c1cc(=O)c2ccccc2o1)C(=O)OC(C)C,2.8891000000000018,CC(C)CCNC(=O)c1cc(=O)c2ccccc2o1,True,2.5689,-0.3202000000000016,0.5660377358490566,False,False
1.0,bin,9,-0.007009983062744141,-0.014019966125488281,0.0,1362816,COCc1cccc(C(=O)NC2CC2c2cccc(Cl)c2)c1,3.772300000000002,CCOc1ccc(C2CC2NC(=O)c2cccc(F)c2)cc1,True,3.5103000000000018,-0.26200000000000045,0.46774193548387094,False,True
1.0,bin,9,-0.007009983062744141,-0.014019966125488281,0.0,1441838,COCC(=O)NC(C(=O)Nc1cccc(-c2nccs2)c1)C(C)C,2.5358,CNC(=O)CCC(=O)Nc1cccc(-c2nccs2)c1,True,2.2748,-0.2610000000000001,0.559322033898305,False,True
1.0,bin,9,-0.007009983062744141,-0.014019966125488281,0.0,1450449,CCCNC(=O)CSc1nc2c(cc1C#N)CCCC2,2.450380000000001,CC(C)NC(=O)CSc1nc2c(cc1C#N)CCCC2,True,2.44878,-0.001600000000000712,0.7307692307692307,False,False
1.0,bin,9,-0.007009983062744141,-0.014019966125488281,0.0,1451910,O=S(=O)(NCc1nnc2ccccn12)c1ccc(F)c(F)c1,1.4859999999999995,COc1ccc(C)cc1S(=O)(=O)NCc1nnc2ccccn12,True,1.52482,0.03882000000000052,0.5344827586206896,False,True
1.0,bin,9,-0.007009983062744141,-0.014019966125488281,0.0,1479798,Cc1nc(C)c(CCC(=O)N(CC(C)C)CC(F)(F)F)c(=O)[nH]1,2.3662400000000003,CCCCN(C)C(=O)CCC1=C(C)N=C(C)NC(=O)C1,True,2.2374,-0.1288400000000003,0.21428571428571427,False,True
1.0,bin,9,-0.007009983062744141,-0.014019966125488281,0.0,1507926,COC(=O)C(C)NC(=O)Cc1csc(-c2ccccc2Cl)n1,2.6837,COCCCNC(=O)Cc1csc(-c2ccccc2Cl)n1,True,3.1587000000000014,0.4750000000000014,0.625,False,True
1.0,bin,9,-0.007009983062744141,-0.014019966125488281,0.0,1527882,Nc1ncccc1C(=O)Nc1ccc2cn[nH]c2c1,1.7923999999999998,Nc1ncccc1C(=O)Nc1ccc2cn[nH]c2c1,True,1.7923999999999998,0.0,1.0,True,False
1.0,bin,9,-0.007009983062744141,-0.014019966125488281,0.0,1532848,COc1ccc(-c2ccc3c(=O)[nH]cnc3c2)cc1Cl,3.2521000000000013,O=c1[nH]cnc2cc(-c3cccc(Cl)c3)ccc12,True,3.243500000000001,-0.008600000000000385,0.6,False,False
1.0,bin,9,-0.007009983062744141,-0.014019966125488281,0.0,1548351,COc1cc(OC)c2c(c1)C(c1cnccn1)NCC2,1.7288999999999999,COc1ccc2c(c1)C(c1cnccn1)NCC2,True,1.7202999999999995,-0.008600000000000385,0.6530612244897959,False,True
1.0,bin,9,-0.007009983062744141,-0.014019966125488281,0.0,1570134,COc1cccc(C(C)N2CCN(C(=O)c3ccc(O)cc3)CC2)c1,2.9198000000000013,COc1ccc(C(=O)N2CCN(Cc3ccc(O)cc3)CC2)cc1C,True,2.6672200000000013,-0.25258,0.4098360655737705,False,True
1.0,bin,9,-0.007009983062744141,-0.014019966125488281,0.0,1611406,CC(C)(C)N1CC(NC(=O)C2COc3ccc(F)cc3C2)CC1=O,1.8923999999999994,CCC(C)N1CC(NC(=O)C2COc3ccccc3C2)CC1=O,True,1.7532999999999992,-0.13910000000000022,0.4925373134328358,False,True
1.0,bin,9,-0.007009983062744141,-0.014019966125488281,0.0,1612684,CCCC1CN(C(=O)Nc2ccn(CCC(C)C)n2)CCO1,2.9620000000000015,CCC1CCN(C(=O)Nc2ccn(C(C)(C)C)n2)CO1,True,2.628400000000001,-0.33360000000000056,0.4057971014492754,False,True
1.0,bin,9,-0.007009983062744141,-0.014019966125488281,0.0,1639675,CCC(CC)c1nnc(NC(=O)c2scnc2C2CC2)s1,4.0279000000000025,CC(C)CCC=NN=C(S)NC(=O)c1scnc1C1CC1,True,3.4581000000000017,-0.5698000000000008,0.4444444444444444,False,True
1.0,bin,9,-0.007009983062744141,-0.014019966125488281,0.0,1675660,COc1ccnc(NC(=O)c2cccc(Cl)c2)c1,2.9959000000000007,O=C(Nc1ccccn1)c1cccc(Cl)c1,True,2.987300000000001,-0.008599999999999497,0.6363636363636364,False,True
1.0,bin,9,-0.007009983062744141,-0.014019966125488281,0.0,1689728,CCc1noc(CSc2ncnc3sc(C)cc23)n1,3.237420000000002,Cc1noc(CSc2ncnc3sc(C)cc23)n1,True,2.9834400000000016,-0.2539800000000003,0.7659574468085106,False,False
1.0,bin,9,-0.007009983062744141,-0.014019966125488281,0.0,1720876,CC(C)(C)CC(=O)NCC(=O)Nc1ccc2c(c1)COC2,2.2077,CC(C#N)C(C)N(C)CC(=O)Nc1ccc2c(c1)COC2,True,2.13528,-0.07242000000000015,0.47368421052631576,False,True
1.0,bin,9,-0.007009983062744141,-0.014019966125488281,0.0,1757109,CC(C)Cc1ncc(CNc2ccc3c(c2)COC3)s1,3.983900000000003,CC(C)Cc1ncc(CNc2ccc3c(c2)COC3)s1,True,3.983900000000003,0.0,1.0,True,False
1.0,bin,9,-0.007009983062744141,-0.014019966125488281,0.0,1774061,O=C1NCCCc2[nH]c(-c3cccc4[nH]ccc34)nc21,2.234,COCCOCC1NC(=O)c2nc(-c3cccc4[nH]ccc34)[nH]c21,True,2.0055,-0.22849999999999993,0.4393939393939394,False,True
1.0,bin,9,-0.007009983062744141,-0.014019966125488281,0.0,1800687,Cc1nn(C)c(-c2nc(-c3cccnn3)no2)c1Cl,1.8889199999999997,CCn1nc(C)cc1-c1nc(-c2cccnn2)no1,True,1.7184199999999998,-0.17049999999999987,0.509090909090909,False,True
1.0,bin,9,-0.007009983062744141,-0.014019966125488281,0.0,1815867,FC(F)(F)c1ccc(CN2CCOCC2c2ncon2)cc1,2.661900000000001,ClC=C1C=CC(CN2CCOCC2c2ncon2)=C1,True,2.0618,-0.6001000000000012,0.5614035087719298,False,True
1.0,bin,9,-0.007009983062744141,-0.014019966125488281,0.0,1828580,Cc1ccc(N2CC3OCC(=O)N(Cc4cccc(F)c4)C3C2)nn1,1.54032,O=C1COC2CNC(C3=CCC=CC=C3)C2N1c1cccnn1,True,0.9912999999999998,-0.5490200000000001,0.21839080459770116,False,True
1.0,bin,9,-0.007009983062744141,-0.014019966125488281,0.0,1836183,CCc1ccc(C(=O)NCc2nccc(N(C)C)n2)cc1,2.035,CN(C)c1ccnc(CNC(=O)c2ccccc2Cl)n1,True,2.1260000000000003,0.09100000000000019,0.5882352941176471,False,False
1.0,bin,9,-0.007009983062744141,-0.014019966125488281,0.0,1842499,COc1ccccc1COc1ccccc1-c1cnn(CCO)c1,3.1300000000000017,OCCn1cc(-c2ccccc2F)cn1,True,1.6814999999999998,-1.448500000000002,0.5208333333333334,False,True
1.0,bin,9,-0.007009983062744141,-0.014019966125488281,0.0,1865564,COC(CNC(=O)c1ccoc1)c1cccc(F)c1,2.536200000000001,COC=C1C=CC(C(C#N)CNC(=O)c2ccoc2)=C1,True,2.17568,-0.36052000000000106,0.4090909090909091,False,True
1.0,bin,9,-0.007009983062744141,-0.014019966125488281,0.0,1868773,CCCOc1ccc(Cl)c2c1CCNC2C1CC(=O)C1,3.2947000000000015,N#Cc1c2cc(c(Cl)c1Cl)C1(CCC1=O)CC2,True,3.4119800000000016,0.11728000000000005,0.11594202898550725,False,True
1.0,bin,9,-0.007009983062744141,-0.014019966125488281,0.0,1873123,CCC1OC(=O)c2c(OC)ccc(Br)c21,3.079200000000002,CCCOC(=O)c1c(Br)cccc1OC=O,True,2.551100000000001,-0.5281000000000011,0.23214285714285715,False,True
1.0,bin,9,-0.007009983062744141,-0.014019966125488281,0.0,1875028,Cc1cccc(C)c1NCC(=O)N1CCCC2CCCCC21,3.8965400000000034,Cc1ccc(NCC(=O)NC2CCCC3CCCCC32)cc1F,True,4.021120000000003,0.12457999999999991,0.3125,False,True
1.0,bin,9,-0.007009983062744141,-0.014019966125488281,0.0,1895921,CCC(CC)N(C)C(=O)CC1OC(=O)c2ccccc21,2.935200000000002,CC(C)C(C)N(C)C(=O)CC1OC(=O)c2ccccc21,True,2.791100000000001,-0.14410000000000078,0.7272727272727273,False,True
1.0,bin,9,-0.007009983062744141,-0.014019966125488281,0.0,1907077,Cc1ccc2[nH]nc(C(=O)Nc3nc(-c4ccco4)cs3)c2c1,3.8401200000000015,Cc1ccc2[nH]nc(C(=O)Nc3nc(-c4ccco4)cs3)c2c1,True,3.8401200000000015,0.0,1.0,True,False
1.0,bin,9,-0.007009983062744141,-0.014019966125488281,0.0,1913063,Cc1nn(C)c(C)c1CN(C(=O)c1cn2cccc(C)c2n1)C1CC1,2.797860000000001,Cc1nn(C)c(C)c1CN(C(=O)c1cn2ccccc2n1)C1CC1,True,2.48944,-0.3084200000000008,0.7457627118644068,False,True
1.0,bin,9,-0.007009983062744141,-0.014019966125488281,0.0,1922265,CN(CCNC(=O)c1ccc2c(c1)ncn2C)c1ccccc1,2.4395000000000007,Cn1cnc2cc(C(=O)NCCNc3ccccc3F)ccc21,True,2.5543000000000005,0.11479999999999979,0.6140350877192983,False,True
1.0,bin,10,0.007009983062744141,0.0,0.014019966125488281,32052,COc1ccccc1CNC(=O)Cc1c[nH]c2ccccc12,3.035400000000001,COc1ccc(CNC(=O)Cc2c[nH]c3ccccc23)cc1OC,True,3.0440000000000014,0.008600000000000385,0.7291666666666666,False,False
1.0,bin,10,0.007009983062744141,0.0,0.014019966125488281,116747,COCCSc1ccccc1C(=O)Nc1cccc(C)n1,3.3808200000000017,COCCSc1ccccc1C(=O)Nc1ccc(C)cn1,True,3.3808200000000017,0.0,0.6666666666666666,False,True
1.0,bin,10,0.007009983062744141,0.0,0.014019966125488281,131060,CS(=O)(=O)NCCc1csc(-c2ccc(F)cc2)n1,2.0408999999999997,CS(=O)(=O)NCCc1csc(-c2ccccc2F)n1,True,2.0408999999999997,0.0,0.6888888888888889,False,True
1.0,bin,10,0.007009983062744141,0.0,0.014019966125488281,131949,CCc1c(C)nc(SCC(=O)NC(C)C)[nH]c1=O,1.25742,CCc1c(C)nc(SCC(=O)NC(C)C)[nH]c1=O,True,1.25742,0.0,1.0,True,False
1.0,bin,10,0.007009983062744141,0.0,0.014019966125488281,158879,COc1ccc(CC(=O)OCC(=O)c2c[nH]c3ccccc23)cc1,3.145100000000001,COc1ccc(CC(=O)OCC(=O)c2c[nH]c3ccccc23)cc1,True,3.145100000000001,0.0,1.0,True,False
1.0,bin,10,0.007009983062744141,0.0,0.014019966125488281,232056,COCCNC(=O)c1cc(=O)c2cc(C)ccc2o1,1.4776199999999993,COCCNC(=O)c1cc(=O)c2ccc(C)cc2o1,True,1.4776199999999995,2.220446049250313e-16,0.8181818181818182,False,True
1.0,bin,10,0.007009983062744141,0.0,0.014019966125488281,235788,O=C(Cn1nc(-c2ccco2)oc1=O)NCC(F)(F)F,0.7747999999999999,CCN(CCC#N)C(=O)Cn1nc(-c2ccco2)oc1=O,True,0.8584799999999998,0.08367999999999987,0.5,False,False
1.0,bin,10,0.007009983062744141,0.0,0.014019966125488281,236081,CC(=O)c1c(C)[nH]c(C(=O)CSc2nc(C(C)C)n[nH]2)c1C,3.0506400000000014,CC=C(NC(C)=CC(C)=O)C(=O)CSc1nc(C(C)C)n[nH]1,True,2.5755,-0.47514000000000145,0.4745762711864407,False,True
1.0,bin,10,0.007009983062744141,0.0,0.014019966125488281,281081,O=C(Cn1cccn1)NCc1cccnc1Oc1ccc(F)cc1F,2.665000000000001,O=C(Cn1cccn1)NCc1cccnc1Oc1ccc(F)cc1F,True,2.665000000000001,0.0,1.0,True,False
1.0,bin,10,0.007009983062744141,0.0,0.014019966125488281,284170,COc1ccc(-c2nc(CC(=O)Nc3cccc(C)n3)cs2)cc1,3.7033200000000024,COc1ccc(-c2nc(CC(=O)Nc3ccccn3)cs2)cc1C,True,3.7033200000000024,0.0,0.5806451612903226,False,True
1.0,bin,10,0.007009983062744141,0.0,0.014019966125488281,288369,Cc1ccc(NCc2nnc3n2CCCCC3)cc1C,3.2334400000000016,CC=C1C=C(NCc2nnc3n2CCCCC3)C=C1C,True,2.8842000000000017,-0.34924,0.5370370370370371,False,True
1.0,bin,10,0.007009983062744141,0.0,0.014019966125488281,302889,COc1ccc(OC)c(NC(=O)CCNC(=O)c2cccs2)c1,2.5239000000000003,COc1ccc(OC)c(NC(=O)CCNC(=O)c2cccs2)c1,True,2.5239000000000003,0.0,1.0,True,False
1.0,bin,10,0.007009983062744141,0.0,0.014019966125488281,327141,COc1ccc(OC)c(S(=O)(=O)Nc2ccn(C)n2)c1,1.2381,COc1ccc(OC)c(S(=O)(=O)Nc2ccn(C)n2)c1,True,1.2381,0.0,1.0,True,False
1.0,bin,10,0.007009983062744141,0.0,0.014019966125488281,327382,CNC(=O)C1CN(C(=O)c2c(C)noc2C)c2ccccc2O1,1.4452399999999996,CNC(=O)C1CN(C(=O)c2c(C)noc2C)c2ccccc2O1,True,1.4452399999999996,0.0,1.0,True,False
1.0,bin,10,0.007009983062744141,0.0,0.014019966125488281,406491,COCCNC(=O)C1CCCN(S(=O)(=O)N2CCOCC2)C1,-0.9619999999999964,COCCNC(=O)C1CCCN(S(=O)(=O)N2CCOCC2)C1,True,-0.9619999999999964,0.0,1.0,True,False
1.0,bin,10,0.007009983062744141,0.0,0.014019966125488281,413951,O=C(Cn1ncn2cccc2c1=O)N1CCCCCC1,0.8985999999999996,O=C(Cn1ncn2cccc2c1=O)N1CCCCCC1,True,0.8985999999999996,0.0,1.0,True,False
1.0,bin,10,0.007009983062744141,0.0,0.014019966125488281,427929,CCNc1nc(NCc2ccccc2Cl)c2cnn(C)c2n1,3.060600000000001,CCNc1nc(NCc2ccccc2Cl)c2cnn(C)c2n1,True,3.060600000000001,0.0,1.0,True,False
1.0,bin,10,0.007009983062744141,0.0,0.014019966125488281,447130,CCC(NC(=O)C1CCN(C(=O)C2CC2)CC1)c1ccc(C)cc1,3.2109200000000016,CCC(NC(=O)C1CCN(C(=O)C2CC2)CC1)c1cccc(C)c1,True,3.2109200000000016,0.0,0.7551020408163265,False,True
1.0,bin,10,0.007009983062744141,0.0,0.014019966125488281,481908,CCNS(=O)(=O)c1ccc(C)c(C(=O)Nc2ncccc2C)c1,2.24894,CCNS(=O)(=O)c1ccc(C(=O)Nc2ccc(C)cn2)c(C)c1,True,2.24894,0.0,0.5172413793103449,False,True
1.0,bin,10,0.007009983062744141,0.0,0.014019966125488281,485220,Cc1nn(CC(=O)N2CCN(C)CC2)c(C)c1Br,1.03644,COCCN1CCN(C(=O)Cn2nc(C)c(Br)c2C)CC1,True,1.05304,0.016599999999999948,0.7045454545454546,False,True
1.0,bin,10,0.007009983062744141,0.0,0.014019966125488281,526363,Cc1nnc(SCC(=O)Nc2ccc(O)cc2)n(N)c1=O,0.09692,Cc1nnc(SCC(=O)Nc2cccc(C(N)=O)c2)n(C)c1=O,True,0.3134199999999999,0.21649999999999991,0.5254237288135594,False,True
1.0,bin,10,0.007009983062744141,0.0,0.014019966125488281,536853,COc1ccc(C2CCCN2C(=O)C2CCC2)c(OC)c1,3.1674000000000015,COc1ccc(C2CCCN2C(=O)C2CCC2)c(OC)c1,True,3.1674000000000015,0.0,1.0,True,False
1.0,bin,10,0.007009983062744141,0.0,0.014019966125488281,540312,Cc1nn(C)c2nc(C3CC3)cc(C(=O)NCC(=O)NC(C)(C)C)c12,1.7986199999999997,Cc1nn(C)c2nc(C3CC3)cc(C(=O)NCC(F)(F)F)c12,True,2.4462200000000003,0.6476000000000006,0.7017543859649122,False,True
1.0,bin,10,0.007009983062744141,0.0,0.014019966125488281,544381,Cc1nc(N2CCCC(C(=O)NC(C)C)C2)c2c(C)c(C)oc2n1,2.8890600000000006,CC=NC1=c2c(C)c(C)oc2=NC2(C(=O)NCCC(C)C)CCCN1C2,True,1.6829399999999997,-1.206120000000001,0.2619047619047619,False,True
1.0,bin,10,0.007009983062744141,0.0,0.014019966125488281,544382,CCCNC(=O)C1CCCN(c2nc(C)nc3oc(C)c(C)c23)C1,2.8906600000000013,CCCNC(=O)CC1CCN(c2nc(C)nc3oc(C)cc23)C1,True,2.5822400000000005,-0.3084200000000008,0.4927536231884058,False,True
1.0,bin,10,0.007009983062744141,0.0,0.014019966125488281,550049,Cc1ccc(C)c(OCC(=O)Nc2cccc(-n3cnnc3)c2)c1,2.9016400000000013,Cc1cc(C)cc(OCC(=O)Nc2cccc(-n3cnnc3)c2)c1,True,2.9016400000000013,0.0,0.7115384615384616,False,True
1.0,bin,10,0.007009983062744141,0.0,0.014019966125488281,573533,Cc1nn(-c2ncc(C(F)(F)F)cc2Cl)c(=O)o1,2.2011199999999995,Cc1nn(-c2ncc(C(F)(F)F)c(Cl)c2N)c(=O)o1,True,1.7833199999999998,-0.4177999999999997,0.5918367346938775,False,True
1.0,bin,10,0.007009983062744141,0.0,0.014019966125488281,582555,O=C(NCC(O)c1ccccc1)c1ccc2c(=O)n3c(nc2c1)CCC3,1.8061000000000003,O=C(NCC(O)c1ccccc1F)c1ccc2c(=O)n3c(nc2c1)CCC3,True,1.9452,0.13909999999999978,0.7704918032786885,False,True
1.0,bin,10,0.007009983062744141,0.0,0.014019966125488281,588547,Cc1n[nH]c(C)c1NC(=O)CCc1ccc(Cl)cc1Cl,3.9046400000000023,Cc1n[nH]c(C)c1NC(=O)CCc1ccc(Cl)cc1Cl,True,3.9046400000000023,0.0,1.0,True,False
1.0,bin,10,0.007009983062744141,0.0,0.014019966125488281,607673,CCCN(CC1CC1)S(=O)(=O)c1ccccc1F,2.636400000000001,CCCN(CC1CC1)S(=O)(=O)c1cccc(F)c1,True,2.636400000000001,0.0,0.6086956521739131,False,False
1.0,bin,10,0.007009983062744141,0.0,0.014019966125488281,617681,Cc1cc(C(=O)Nc2nc(-c3ccncc3)cs2)nn1C(C)C,3.5432200000000016,Cc1cc(C(=O)Nc2nc(-c3ccncc3)cs2)nn1C(C)C,True,3.5432200000000016,0.0,1.0,True,False
1.0,bin,10,0.007009983062744141,0.0,0.014019966125488281,650267,COc1ccc2oc(C(=O)NC3CCCCNC3=O)c(C)c2c1,2.14832,COc1ccc2c(C)c(C(=O)NC3CCCCNC3=O)oc2c1,True,2.14832,0.0,0.8545454545454545,False,False
1.0,bin,10,0.007009983062744141,0.0,0.014019966125488281,668639,Cc1cc(NC(=O)c2ccccc2Cl)ncc1N,2.8779200000000005,Cc1cnc(NC(=O)c2ccccc2Cl)c(N)c1,True,2.8779200000000005,0.0,0.6170212765957447,False,True
1.0,bin,10,0.007009983062744141,0.0,0.014019966125488281,673160,CCC(=O)Nc1ccc2oc(C(F)(F)F)cc(=O)c2c1,3.160300000000001,CCC(=O)Nc1ccc2oc(C(F)(F)F)cc(=O)c2c1,True,3.160300000000001,0.0,1.0,True,False
1.0,bin,10,0.007009983062744141,0.0,0.014019966125488281,711169,Cc1cccc(C(C)C)c1NC(=O)N(C)Cc1ccncc1,4.177320000000003,CC(C)c1ccccc1NC(=O)N(C)Cc1ccncc1,True,3.868900000000002,-0.3084200000000008,0.6875,False,False
1.0,bin,10,0.007009983062744141,0.0,0.014019966125488281,720969,Cc1noc(C)c1CCC(=O)OCC(=O)N1c2ccccc2CC1C,2.7450400000000013,Cc1noc(C)c1CCC(=O)OCC(=O)N1c2ccccc2CC1C,True,2.7450400000000013,0.0,1.0,True,False
1.0,bin,10,0.007009983062744141,0.0,0.014019966125488281,730789,COC(=O)C1CCN(C(=O)c2cc3ccc(F)cc3nc2C)CC1,2.7075200000000006,COC(=O)CC1CCCN(C(=O)c2cnc3c(C)cccc3c2)C1,True,2.958520000000001,0.25100000000000033,0.2692307692307692,False,True
1.0,bin,10,0.007009983062744141,0.0,0.014019966125488281,738178,Cc1ccc(-n2ccnc2SCc2nc(C3CC3)no2)cc1C,4.041840000000003,Cc1ccc(-n2ccnc2SCc2nc(C3CC3)no2)cc1C,True,4.041840000000003,0.0,1.0,True,False
1.0,bin,10,0.007009983062744141,0.0,0.014019966125488281,771897,COc1ccccc1OCC(=O)N(C)Cc1sccc1C,3.102520000000002,COC1=CC=C(OCC(=O)N(C)Cc2cccs2)CC=C1,True,3.0972000000000017,-0.0053200000000002134,0.390625,False,True
1.0,bin,10,0.007009983062744141,0.0,0.014019966125488281,811446,COC(=O)C1(NC(=O)c2cc(Br)c[nH]2)CCCCCC1,2.7730000000000006,COC(=O)C1(NC(=O)c2cc(Br)c[nH]2)CCCCCC1,True,2.7730000000000006,0.0,1.0,True,False
1.0,bin,10,0.007009983062744141,0.0,0.014019966125488281,848291,CCC(C)NC(=O)NCc1noc(-c2cccs2)n1,2.3958000000000004,CCCNC(=O)NCc1noc(-c2cccs2)n1,True,2.0073,-0.3885000000000005,0.7115384615384616,False,False
1.0,bin,10,0.007009983062744141,0.0,0.014019966125488281,863440,COc1ccc(-c2nc(CCCO)cs2)cc1OC,2.752200000000001,COc1ccc(-c2nc(CCO)cs2)cc1OC,True,2.3621000000000008,-0.39010000000000034,0.85,False,False
1.0,bin,10,0.007009983062744141,0.0,0.014019966125488281,864663,N#Cc1ccc(-c2cc(F)ccc2F)nc1N1CCCC1,3.498680000000002,N#Cc1ccc(N2CCCC2)nc1-c1ccc(F)cc1F,True,3.498680000000003,8.881784197001252e-16,0.54,False,True
1.0,bin,10,0.007009983062744141,0.0,0.014019966125488281,872100,CCc1cccc(C)c1NCC(O)c1ccc2c(c1)OCCO2,3.474120000000002,CCc1cccc(C)c1NCC(O)c1ccc2c(c1)OCCO2,True,3.474120000000002,0.0,1.0,True,False
1.0,bin,10,0.007009983062744141,0.0,0.014019966125488281,886334,COc1ccc(C(=O)N2CCCC(C(=O)N3CCCCC3)C2)c(O)c1,2.2655000000000003,COc1ccc(O)c(C(=O)N2CCCC(C(=O)N3CCCCC3)C2)c1,True,2.2655000000000003,0.0,0.8297872340425532,False,True
1.0,bin,10,0.007009983062744141,0.0,0.014019966125488281,887387,COCCNC(=O)N(Cc1cccc(F)c1)CC1CCCO1,2.1627,COCCNC(=O)N(Cc1ccccc1F)CC1CCCO1,True,2.1627,0.0,0.7,False,True
1.0,bin,10,0.007009983062744141,0.0,0.014019966125488281,889149,N#Cc1ccc(NC(=O)c2ccc(Br)cc2Cl)nc1,3.621480000000001,N#Cc1ccc(NC(=O)c2cc(Br)ccc2Cl)nc1,True,3.621480000000001,0.0,0.8222222222222222,False,False
1.0,bin,10,0.007009983062744141,0.0,0.014019966125488281,913483,O=C(CNC(=O)NCCc1c(Cl)cccc1Cl)NC1CC1,2.1137000000000006,O=C(CCNC(=O)NCCc1ccccc1Cl)NC1CC1,True,1.8503999999999996,-0.263300000000001,0.6170212765957447,False,True
1.0,bin,10,0.007009983062744141,0.0,0.014019966125488281,917620,C=CCN(Cc1ccccc1OC)C(=O)c1csc(C)n1,3.288520000000002,C=CCN(Cc1ccccc1F)C(=O)c1csc(C)n1,True,3.4190200000000024,0.1305000000000005,0.7307692307692307,False,True
1.0,bin,10,0.007009983062744141,0.0,0.014019966125488281,918312,CCOc1ccc(Cl)c(C(=O)N2CCN(c3ncccn3)CC2)n1,1.8860999999999997,CCOc1ccc(Cl)c(C(=O)N2CCN(c3ncccn3)CC2)n1,True,1.8860999999999997,0.0,1.0,True,False
1.0,bin,10,0.007009983062744141,0.0,0.014019966125488281,922879,CC(=O)c1ccc(N2CCN(Cc3c(F)cccc3F)CC2)cc1,3.489600000000003,CC(=O)c1c(F)cc(CN2CCN(c3ccccc3)CC2)cc1F,True,3.489600000000003,0.0,0.5306122448979592,False,True
1.0,bin,10,0.007009983062744141,0.0,0.014019966125488281,927535,COc1cc(CN2CCN(c3ccccc3F)CC2)ccc1O,2.862100000000002,COc1cc(CN2CCN(c3ccc(F)cc3)CC2)ccc1O,True,2.862100000000002,0.0,0.673469387755102,False,False
1.0,bin,10,0.007009983062744141,0.0,0.014019966125488281,927567,Cc1ccccc1N1CCN(Cc2cccc(O)c2)CC1,3.022820000000001,COc1ccc(CN2CCN(c3cccc(O)c3)CC2)cc1F,True,2.8621000000000016,-0.16071999999999953,0.46296296296296297,False,True
1.0,bin,10,0.007009983062744141,0.0,0.014019966125488281,938108,CC(c1ccccc1)N(C)C(=O)CCC(=O)Nc1nccs1,3.0814000000000012,CC(NC(=O)CCC(=O)Nc1nccs1)c1ccccc1,True,2.7392000000000003,-0.34220000000000095,0.6938775510204082,False,True
1.0,bin,10,0.007009983062744141,0.0,0.014019966125488281,943303,CN(CCCOc1ccccc1)C(=O)Nc1cccc2c1OCCO2,3.390600000000002,CN(CCCOc1ccccc1)C(=O)Nc1cccc2c1OCCO2,True,3.390600000000002,0.0,1.0,True,False
1.0,bin,10,0.007009983062744141,0.0,0.014019966125488281,946289,CC(NC(=O)C1(c2cc(-c3ccco3)on2)CC1)c1ccccc1,3.843600000000002,CC(NC(=O)C1N=C1C=C(O)c1ccco1)c1ccccc1,True,2.879100000000001,-0.964500000000001,0.3787878787878788,False,True
1.0,bin,10,0.007009983062744141,0.0,0.014019966125488281,994077,Cc1nnc(Cn2c(-c3cccc(Br)c3)noc2=O)o1,2.0055199999999997,CC1=NN=C(CN2CON=C2c2ccccc2Br)OO1,True,2.0941,0.08858000000000033,0.18055555555555555,False,True
1.0,bin,10,0.007009983062744141,0.0,0.014019966125488281,1065620,O=C(NCc1cccnc1Oc1ccccc1)c1cccnc1,3.198900000000002,O=C(NCc1cccnc1Oc1ccccc1)c1cccnc1,True,3.198900000000002,0.0,1.0,True,False
1.0,bin,10,0.007009983062744141,0.0,0.014019966125488281,1093926,CN(C(=O)CNc1cccc(OCC2CCCO2)c1)c1ccccc1,3.319300000000002,CN(C(=O)CNc1cccc(OCC2CCCO2)c1)c1ccc(F)cc1,True,3.458400000000002,0.1391,0.8596491228070176,False,True
1.0,bin,10,0.007009983062744141,0.0,0.014019966125488281,1107920,CCc1ccc(-n2cc(C(=O)NC(C)c3ccccc3)nn2)cc1,3.320700000000002,CCC(NC(=O)c1cn(-c2ccccc2)nn1)c1cccc(C)c1,True,3.4568200000000022,0.13612000000000002,0.5689655172413793,False,True
1.0,bin,10,0.007009983062744141,0.0,0.014019966125488281,1113130,CC(NC(=O)Cn1nnnc1C(C)(C)C)c1cccc2ccccc12,3.0012000000000016,C=C1CC(C)(C)c2nnnn2CC(=O)NC(C)C=Cc2ccccc21,True,2.5857,-0.41550000000000153,0.15294117647058825,False,True
1.0,bin,10,0.007009983062744141,0.0,0.014019966125488281,1121751,COC(=O)Cn1ccc(NS(=O)(=O)c2ccc(F)c(F)c2F)n1,1.2742,COC(=O)Cn1ccc(NS(=O)(=O)c2ccc(F)cc2F)n1,True,1.1351,-0.1391,0.7450980392156863,False,True
1.0,bin,10,0.007009983062744141,0.0,0.014019966125488281,1142531,CCOC(C)C(=O)NCCc1csc(-c2ccc(C)cc2)n1,3.2022200000000014,CCOC(C)C(=O)NCCc1csc(-c2ccccc2)n1,True,2.8938000000000015,-0.3084199999999999,0.82,False,True
1.0,bin,10,0.007009983062744141,0.0,0.014019966125488281,1212157,CN(Cc1ccc(F)c(F)c1)C(=O)c1cncc(-c2cnn(C)c2)c1,3.0325000000000015,CN(Cc1ccc(F)cc1)C(=O)c1cncc(-c2cnn(C)c2)c1,True,2.8934000000000015,-0.1391,0.8076923076923077,False,True
1.0,bin,10,0.007009983062744141,0.0,0.014019966125488281,1215394,CCn1nc(C)cc1C(=O)Oc1cccc(NC(=O)C(C)C)c1,3.025120000000001,CCn1nc(C)cc1C(=O)Oc1cc(NC(C)=O)ccc1C,True,2.697440000000001,-0.32767999999999997,0.5423728813559322,False,True
1.0,bin,10,0.007009983062744141,0.0,0.014019966125488281,1232922,CC(C)(C)OC(=O)NC1CCCN(S(=O)(=O)N2CCOCC2)C1,0.5525000000000011,CC(C)CCNC(=O)C1CCCN(S(=O)(=O)N2CCOCC2)C1,True,0.43770000000000153,-0.11479999999999957,0.46551724137931033,False,False
1.0,bin,10,0.007009983062744141,0.0,0.014019966125488281,1238973,FC(F)(F)c1cnc(N2CCn3c(nnc3C3CC3)C2)c(Cl)c1,3.2429000000000023,FC(F)(F)C=C1C=NC(N2CCn3c(nnc3C3CC3)C2)=C1,True,2.3856,-0.8573000000000022,0.4666666666666667,False,True
1.0,bin,10,0.007009983062744141,0.0,0.014019966125488281,1299495,Cc1cc(CC(=O)N2CCCC2C(C#N)c2ccccc2)no1,2.823900000000001,C=CC=CC=CC(C#N)C1CCCN1C(=O)C(C#N)C12C=C(C1)ON2,True,2.11656,-0.7073400000000007,0.27380952380952384,False,True
1.0,bin,10,0.007009983062744141,0.0,0.014019966125488281,1309906,CC(C)CC(NC(=O)c1cc(=O)c2ccccc2o1)C(=O)OC(C)C,2.8891000000000018,CC(C)OC(=O)C(C)NC(=O)c1cc(=O)c2ccccc2o1,True,1.8629,-1.0262000000000018,0.7346938775510204,False,True
1.0,bin,10,0.007009983062744141,0.0,0.014019966125488281,1362816,COCc1cccc(C(=O)NC2CC2c2cccc(Cl)c2)c1,3.772300000000002,COc1ccc(C(=O)NC2CC2c2cccc(Cl)c2)cc1OC,True,3.6431000000000022,-0.12919999999999998,0.6666666666666666,False,False
1.0,bin,10,0.007009983062744141,0.0,0.014019966125488281,1441838,COCC(=O)NC(C(=O)Nc1cccc(-c2nccs2)c1)C(C)C,2.5358,COC(=O)C(NC(=O)Nc1cccc(-c2nccs2)c1)C(C)C,True,3.1292000000000018,0.5934000000000017,0.6610169491525424,False,True
1.0,bin,10,0.007009983062744141,0.0,0.014019966125488281,1450449,CCCNC(=O)CSc1nc2c(cc1C#N)CCCC2,2.450380000000001,CCCNC(=O)CSc1nc2c(cc1C#N)CCCC2,True,2.450380000000001,0.0,1.0,True,False
1.0,bin,10,0.007009983062744141,0.0,0.014019966125488281,1451910,O=S(=O)(NCc1nnc2ccccn12)c1ccc(F)c(F)c1,1.4859999999999995,O=S(=O)(NCc1nnc2ccccn12)c1c(F)cccc1F,True,1.4859999999999998,2.220446049250313e-16,0.6875,False,False
1.0,bin,10,0.007009983062744141,0.0,0.014019966125488281,1479798,Cc1nc(C)c(CCC(=O)N(CC(C)C)CC(F)(F)F)c(=O)[nH]1,2.3662400000000003,CC=NC(C)=C(F)CCC(=O)N(CC(C)C)CC(F)F,True,3.8080000000000025,1.4417600000000022,0.2857142857142857,False,True
1.0,bin,10,0.007009983062744141,0.0,0.014019966125488281,1507926,COC(=O)C(C)NC(=O)Cc1csc(-c2ccccc2Cl)n1,2.6837,COC(=O)C(C)NC(=O)Cc1csc(-c2ccccc2Cl)n1,True,2.6837,0.0,1.0,True,False
1.0,bin,10,0.007009983062744141,0.0,0.014019966125488281,1527882,Nc1ncccc1C(=O)Nc1ccc2cn[nH]c2c1,1.7923999999999998,Nc1ncccc1C(=O)Nc1ccc2cn[nH]c2c1,True,1.7923999999999998,0.0,1.0,True,False
1.0,bin,10,0.007009983062744141,0.0,0.014019966125488281,1532848,COc1ccc(-c2ccc3c(=O)[nH]cnc3c2)cc1Cl,3.2521000000000013,COc1ccc(-c2ccc3c(=O)[nH]cnc3c2)cc1Cl,True,3.2521000000000013,0.0,1.0,True,False
1.0,bin,10,0.007009983062744141,0.0,0.014019966125488281,1548351,COc1cc(OC)c2c(c1)C(c1cnccn1)NCC2,1.7288999999999999,COc1cc2c(c(OC)c1)C(c1cnccn1)NCC2,True,1.7288999999999999,0.0,0.673469387755102,False,False
1.0,bin,10,0.007009983062744141,0.0,0.014019966125488281,1570134,COc1cccc(C(C)N2CCN(C(=O)c3ccc(O)cc3)CC2)c1,2.9198000000000013,COc1cccc(C(C)N2CCN(C(=O)c3ccccc3O)CC2)c1,True,2.9198000000000013,0.0,0.7058823529411765,False,True
1.0,bin,10,0.007009983062744141,0.0,0.014019966125488281,1611406,CC(C)(C)N1CC(NC(=O)C2COc3ccc(F)cc3C2)CC1=O,1.8923999999999994,CC(C)CN1CC(NC(=O)C2COc3ccc(F)cc3C2)CC1=O,True,1.7498999999999996,-0.14249999999999985,0.6885245901639344,False,True
1.0,bin,10,0.007009983062744141,0.0,0.014019966125488281,1612684,CCCC1CN(C(=O)Nc2ccn(CCC(C)C)n2)CCO1,2.9620000000000015,CCCC1CN(C(=O)Nc2ccn(CC(F)F)n2)CCO1,True,2.181,-0.7810000000000015,0.7719298245614035,False,False
1.0,bin,10,0.007009983062744141,0.0,0.014019966125488281,1639675,CCC(CC)c1nnc(NC(=O)c2scnc2C2CC2)s1,4.0279000000000025,CC(C)CCc1nnc(NC(=O)c2scnc2C2CC2)s1,True,3.712900000000003,-0.3149999999999995,0.6666666666666666,False,True
1.0,bin,10,0.007009983062744141,0.0,0.014019966125488281,1675660,COc1ccnc(NC(=O)c2cccc(Cl)c2)c1,2.9959000000000007,COc1ccnc(NC(=O)c2cc(Cl)ccc2F)c1,True,3.1350000000000016,0.1391000000000009,0.6458333333333334,False,False
1.0,bin,10,0.007009983062744141,0.0,0.014019966125488281,1689728,CCc1noc(CSc2ncnc3sc(C)cc23)n1,3.237420000000002,CCc1noc(CSc2nc(C)nc3sccc23)n1,True,3.237420000000002,0.0,0.5178571428571429,False,True
1.0,bin,10,0.007009983062744141,0.0,0.014019966125488281,1720876,CC(C)(C)CC(=O)NCC(=O)Nc1ccc2c(c1)COC2,2.2077,CC(C)(C)CC(=O)NCC(=O)Nc1ccc2c(c1)COC2,True,2.2077,0.0,1.0,True,False
1.0,bin,10,0.007009983062744141,0.0,0.014019966125488281,1757109,CC(C)Cc1ncc(CNc2ccc3c(c2)COC3)s1,3.983900000000003,CC(C)Cc1ncc(CNc2ccc3c(c2)COC3)s1,True,3.983900000000003,0.0,1.0,True,False
1.0,bin,10,0.007009983062744141,0.0,0.014019966125488281,1774061,O=C1NCCCc2[nH]c(-c3cccc4[nH]ccc34)nc21,2.234,O=C1NCCCc2[nH]c(-c3cccc4[nH]ccc34)nc21,True,2.234,0.0,1.0,True,False
1.0,bin,10,0.007009983062744141,0.0,0.014019966125488281,1800687,Cc1nn(C)c(-c2nc(-c3cccnn3)no2)c1Cl,1.8889199999999997,Cc1nn(C)c(-c2nc(-c3cccnn3)no2)c1Cl,True,1.8889199999999997,0.0,1.0,True,False
1.0,bin,10,0.007009983062744141,0.0,0.014019966125488281,1815867,FC(F)(F)c1ccc(CN2CCOCC2c2ncon2)cc1,2.661900000000001,FC(F)(F)OC=C1C=CC(CN2CCOCC2c2ncon2)=C1,True,2.3594,-0.3025000000000011,0.5573770491803278,False,True
1.0,bin,10,0.007009983062744141,0.0,0.014019966125488281,1828580,Cc1ccc(N2CC3OCC(=O)N(Cc4cccc(F)c4)C3C2)nn1,1.54032,Cc1ccc(NCC2CN(Cc3ccccc3)C(=O)CO2)nn1,True,1.6245199999999997,0.08419999999999983,0.3698630136986301,False,True
1.0,bin,10,0.007009983062744141,0.0,0.014019966125488281,1836183,CCc1ccc(C(=O)NCc2nccc(N(C)C)n2)cc1,2.035,CCc1ccc(C(=O)NCc2nccc(N(C)C)n2)cc1,True,2.035,0.0,1.0,True,False
1.0,bin,10,0.007009983062744141,0.0,0.014019966125488281,1842499,COc1ccccc1COc1ccccc1-c1cnn(CCO)c1,3.1300000000000017,COc1cccc(COc2ccccc2-c2cnn(CCO)c2)c1,True,3.1300000000000017,0.0,0.6792452830188679,False,True
1.0,bin,10,0.007009983062744141,0.0,0.014019966125488281,1865564,COC(CNC(=O)c1ccoc1)c1cccc(F)c1,2.536200000000001,COC(CNC(=O)c1ccoc1)c1cccc(F)c1,True,2.536200000000001,0.0,1.0,True,False
1.0,bin,10,0.007009983062744141,0.0,0.014019966125488281,1868773,CCCOc1ccc(Cl)c2c1CCNC2C1CC(=O)C1,3.2947000000000015,CCCOc1ccc(Cl)c2c1CCN1CC(=O)CC21,True,3.0008000000000017,-0.29389999999999983,0.543859649122807,False,True
1.0,bin,10,0.007009983062744141,0.0,0.014019966125488281,1873123,CCC1OC(=O)c2c(OC)ccc(Br)c21,3.079200000000002,CCOCC1OC(=O)c2c(Br)cccc21,True,2.6971000000000007,-0.3821000000000012,0.425531914893617,False,True
1.0,bin,10,0.007009983062744141,0.0,0.014019966125488281,1875028,Cc1cccc(C)c1NCC(=O)N1CCCC2CCCCC21,3.8965400000000034,COc1ccc(Cl)cc1NCC(=O)NCCC1CCCCC1,True,3.847100000000003,-0.049440000000000595,0.25,False,True
1.0,bin,10,0.007009983062744141,0.0,0.014019966125488281,1895921,CCC(CC)N(C)C(=O)CC1OC(=O)c2ccccc21,2.935200000000002,CCC(CC)C(=O)NCC1OC(=O)c2ccccc21,True,2.450500000000001,-0.484700000000001,0.5625,False,True
1.0,bin,10,0.007009983062744141,0.0,0.014019966125488281,1907077,Cc1ccc2[nH]nc(C(=O)Nc3nc(-c4ccco4)cs3)c2c1,3.8401200000000015,Cc1ccc2[nH]nc(C(=O)Nc3nc(-c4ccco4)cs3)c2c1,True,3.8401200000000015,0.0,1.0,True,False
1.0,bin,10,0.007009983062744141,0.0,0.014019966125488281,1913063,Cc1nn(C)c(C)c1CN(C(=O)c1cn2cccc(C)c2n1)C1CC1,2.797860000000001,Cc1nn(C)cc1CN(C(=O)c1cn2cccc(C)c2n1)C1CC1,True,2.48944,-0.3084200000000008,0.7166666666666667,False,True
1.0,bin,10,0.007009983062744141,0.0,0.014019966125488281,1922265,CN(CCNC(=O)c1ccc2c(c1)ncn2C)c1ccccc1,2.4395000000000007,C=NCCNC(=O)c1cccc(N=CN)c1,True,0.7355,-1.7040000000000006,0.2727272727272727,False,True
1.0,bin,11,0.0693100094795227,0.014019966125488281,0.12460005283355713,32052,COc1ccccc1CNC(=O)Cc1c[nH]c2ccccc12,3.035400000000001,COCc1ccc(CNC(=O)Cc2c[nH]c3ccccc23)cc1,True,3.1732000000000014,0.13780000000000037,0.6666666666666666,False,False
1.0,bin,11,0.0693100094795227,0.014019966125488281,0.12460005283355713,116747,COCCSc1ccccc1C(=O)Nc1cccc(C)n1,3.3808200000000017,CC=CC=CC(F)NC(=O)c1ccccc1OCC(F)F,True,3.4882000000000017,0.10738000000000003,0.22058823529411764,False,True
1.0,bin,11,0.0693100094795227,0.014019966125488281,0.12460005283355713,131060,CS(=O)(=O)NCCc1csc(-c2ccc(F)cc2)n1,2.0408999999999997,Cc1cccc(-c2nc(CCNS(=O)(=O)N(C)C)cs2)c1,True,2.0570199999999996,0.016119999999999912,0.4909090909090909,False,True
1.0,bin,11,0.0693100094795227,0.014019966125488281,0.12460005283355713,131949,CCc1c(C)nc(SCC(=O)NC(C)C)[nH]c1=O,1.25742,CCCCc1cc(=O)[nH]c(SCC(=O)N(C)C)n1,True,1.2928,0.03537999999999997,0.29508196721311475,False,True
1.0,bin,11,0.0693100094795227,0.014019966125488281,0.12460005283355713,158879,COc1ccc(CC(=O)OCC(=O)c2c[nH]c3ccccc23)cc1,3.145100000000001,C=c1cc[nH]c1=CC(=O)COC(=O)CC1=CC=COC1,True,0.17819999999999991,-2.966900000000001,0.2191780821917808,False,True
1.0,bin,11,0.0693100094795227,0.014019966125488281,0.12460005283355713,232056,COCCNC(=O)c1cc(=O)c2cc(C)ccc2o1,1.4776199999999993,CCN(CCC(=O)NC)C(=O)c1cc(=O)c2cc(C)ccc2o1,True,1.6996199999999995,0.2220000000000002,0.49122807017543857,False,True
1.0,bin,11,0.0693100094795227,0.014019966125488281,0.12460005283355713,235788,O=C(Cn1nc(-c2ccco2)oc1=O)NCC(F)(F)F,0.7747999999999999,CC(C)CCNC(=O)Cn1nc(-c2ccco2)oc1=O,True,1.2586000000000002,0.48380000000000023,0.6666666666666666,False,True
1.0,bin,11,0.0693100094795227,0.014019966125488281,0.12460005283355713,236081,CC(=O)c1c(C)[nH]c(C(=O)CSc2nc(C(C)C)n[nH]2)c1C,3.0506400000000014,CC(=O)c1c(C)[nH]c(C(=O)CSc2nc(C)n[nH]2)c1C,True,2.23566,-0.8149800000000011,0.7446808510638298,False,True
1.0,bin,11,0.0693100094795227,0.014019966125488281,0.12460005283355713,281081,O=C(Cn1cccn1)NCc1cccnc1Oc1ccc(F)cc1F,2.665000000000001,CCOc1ccc(Oc2ncccc2CNC(=O)Cn2cccn2)cc1,True,2.7855000000000008,0.12049999999999983,0.6666666666666666,False,True
1.0,bin,11,0.0693100094795227,0.014019966125488281,0.12460005283355713,284170,COc1ccc(-c2nc(CC(=O)Nc3cccc(C)n3)cs2)cc1,3.7033200000000024,Cc1cccc(NC(=O)Cc2csc(-c3ccc(F)cc3)n2)n1,True,3.833820000000003,0.1305000000000005,0.7692307692307693,False,True
1.0,bin,11,0.0693100094795227,0.014019966125488281,0.12460005283355713,288369,Cc1ccc(NCc2nnc3n2CCCCC3)cc1C,3.2334400000000016,Cc1cc(NCc2nnc3n2CCCCC3)ccc1F,True,3.0641200000000017,-0.16931999999999992,0.8043478260869565,False,True
1.0,bin,11,0.0693100094795227,0.014019966125488281,0.12460005283355713,302889,COc1ccc(OC)c(NC(=O)CCNC(=O)c2cccs2)c1,2.5239000000000003,COc1ccc(NC(=O)CCNC(=O)c2cccs2)cc1,True,2.5153000000000008,-0.008599999999999497,0.7058823529411765,False,False
1.0,bin,11,0.0693100094795227,0.014019966125488281,0.12460005283355713,327141,COc1ccc(OC)c(S(=O)(=O)Nc2ccn(C)n2)c1,1.2381,COCCn1ccc(NS(=O)(=O)c2ccccc2F)n1,True,1.4694,0.23130000000000006,0.40350877192982454,False,True
1.0,bin,11,0.0693100094795227,0.014019966125488281,0.12460005283355713,327382,CNC(=O)C1CN(C(=O)c2c(C)noc2C)c2ccccc2O1,1.4452399999999996,Cc1noc(C)c1C(=O)N1CC(C(N)=O)Oc2ccc(Cl)cc21,True,1.83794,0.39270000000000027,0.5932203389830508,False,True
1.0,bin,11,0.0693100094795227,0.014019966125488281,0.12460005283355713,406491,COCCNC(=O)C1CCCN(S(=O)(=O)N2CCOCC2)C1,-0.9619999999999964,CNC(=O)C1C=NC(OC)=CC(S(=O)(=O)N2CCOCC2)=C1,True,-0.5332999999999988,0.42869999999999764,0.3188405797101449,False,True
1.0,bin,11,0.0693100094795227,0.014019966125488281,0.12460005283355713,413951,O=C(Cn1ncn2cccc2c1=O)N1CCCCCC1,0.8985999999999996,CC1CCC(C(N)=O)CN1C(=O)Cn1ncn2cccc2c1=O,True,-0.39159999999999906,-1.2901999999999987,0.5344827586206896,False,True
1.0,bin,11,0.0693100094795227,0.014019966125488281,0.12460005283355713,427929,CCNc1nc(NCc2ccccc2Cl)c2cnn(C)c2n1,3.060600000000001,CC(C)NC=NC(NCc1ccccc1F)=C1C=NN(C)C1=N,True,2.06167,-0.998930000000001,0.189873417721519,False,True
1.0,bin,11,0.0693100094795227,0.014019966125488281,0.12460005283355713,447130,CCC(NC(=O)C1CCN(C(=O)C2CC2)CC1)c1ccc(C)cc1,3.2109200000000016,CC(C)c1ccc(CNC(=O)C2CCN(C(=O)C3CC3)CC2)cc1,True,3.0748000000000015,-0.13612000000000002,0.5283018867924528,False,True
1.0,bin,11,0.0693100094795227,0.014019966125488281,0.12460005283355713,481908,CCNS(=O)(=O)c1ccc(C)c(C(=O)Nc2ncccc2C)c1,2.24894,CCNC(=O)c1cccc(C(=O)Nc2ncccc2C)c1,True,2.3920200000000005,0.14308000000000032,0.5185185185185185,False,True
1.0,bin,11,0.0693100094795227,0.014019966125488281,0.12460005283355713,485220,Cc1nn(CC(=O)N2CCN(C)CC2)c(C)c1Br,1.03644,CCN1CCN(C(=O)Cn2nc(C)c(Cl)c2C#N)CC1,True,0.8807,-0.15574,0.41509433962264153,False,True
1.0,bin,11,0.0693100094795227,0.014019966125488281,0.12460005283355713,526363,Cc1nnc(SCC(=O)Nc2ccc(O)cc2)n(N)c1=O,0.09692,Cc1ccc(N)cc1NC(=O)CSc1nnc(C)c(=O)n1N,True,0.2819400000000002,0.18502000000000018,0.6296296296296297,False,True
1.0,bin,11,0.0693100094795227,0.014019966125488281,0.12460005283355713,536853,COc1ccc(C2CCCN2C(=O)C2CCC2)c(OC)c1,3.1674000000000015,CCOc1cc(C2CCCN2C(=O)C2CCC2)ccc1N,True,3.131100000000001,-0.036300000000000665,0.4827586206896552,False,True
1.0,bin,11,0.0693100094795227,0.014019966125488281,0.12460005283355713,540312,Cc1nn(C)c2nc(C3CC3)cc(C(=O)NCC(=O)NC(C)(C)C)c12,1.7986199999999997,Cc1nn(C)c2nc(C3CC3)cc(C(=O)NCCCC(N)=O)c12,True,1.1494199999999997,-0.6492,0.65,False,False
1.0,bin,11,0.0693100094795227,0.014019966125488281,0.12460005283355713,544381,Cc1nc(N2CCCC(C(=O)NC(C)C)C2)c2c(C)c(C)oc2n1,2.8890600000000006,CCOC(=O)C1CCCN2C1=CC1=NC(CC)=NC2C(C)=C(C)O1,True,3.0162000000000013,0.1271400000000007,0.17647058823529413,False,True
1.0,bin,11,0.0693100094795227,0.014019966125488281,0.12460005283355713,544382,CCCNC(=O)C1CCCN(c2nc(C)nc3oc(C)c(C)c23)C1,2.8906600000000013,CCOC(=O)C1CCCN(c2nc(C)nc3oc(C)c(C)c23)C1,True,2.9275600000000015,0.036900000000000155,0.7068965517241379,False,True
1.0,bin,11,0.0693100094795227,0.014019966125488281,0.12460005283355713,550049,Cc1ccc(C)c(OCC(=O)Nc2cccc(-n3cnnc3)c2)c1,2.9016400000000013,CCc1ccc(OCC(=O)Nc2cccc(-n3cnnc3)c2)cc1,True,2.847200000000001,-0.05444000000000049,0.625,False,False
1.0,bin,11,0.0693100094795227,0.014019966125488281,0.12460005283355713,573533,Cc1nn(-c2ncc(C(F)(F)F)cc2Cl)c(=O)o1,2.2011199999999995,Cc1nn(-c2ccc(Br)cn2)c(=O)o1,True,1.2914199999999996,-0.9097,0.4,False,True
1.0,bin,11,0.0693100094795227,0.014019966125488281,0.12460005283355713,582555,O=C(NCC(O)c1ccccc1)c1ccc2c(=O)n3c(nc2c1)CCC3,1.8061000000000003,CN(CCc1ccccc1)C(=O)c1ccc2c(=O)n3c(nc2c1)CCC3,True,2.657400000000001,0.8513000000000006,0.5522388059701493,False,True
1.0,bin,11,0.0693100094795227,0.014019966125488281,0.12460005283355713,588547,Cc1n[nH]c(C)c1NC(=O)CCc1ccc(Cl)cc1Cl,3.9046400000000023,Cc1n[nH]c(C)c1NC(=O)CCc1ccc(F)cc1C(F)(F)F,True,3.755740000000002,-0.14890000000000025,0.6,False,True
1.0,bin,11,0.0693100094795227,0.014019966125488281,0.12460005283355713,607673,CCCN(CC1CC1)S(=O)(=O)c1ccccc1F,2.636400000000001,CCN(CC1CC1)S(=O)(=O)c1cc(F)ccc1C,True,2.5547200000000005,-0.08168000000000042,0.4897959183673469,False,True
1.0,bin,11,0.0693100094795227,0.014019966125488281,0.12460005283355713,617681,Cc1cc(C(=O)Nc2nc(-c3ccncc3)cs2)nn1C(C)C,3.5432200000000016,CCCn1nc(C(=O)Nc2nc(-c3ccncc3)cs2)cc1C,True,3.372320000000002,-0.1708999999999996,0.6785714285714286,False,True
1.0,bin,11,0.0693100094795227,0.014019966125488281,0.12460005283355713,650267,COc1ccc2oc(C(=O)NC3CCCCNC3=O)c(C)c2c1,2.14832,O=C1CC=CC=CON2CCCCC(N1)C2=O,True,0.8888999999999998,-1.2594200000000002,0.15789473684210525,False,True
1.0,bin,11,0.0693100094795227,0.014019966125488281,0.12460005283355713,668639,Cc1cc(NC(=O)c2ccccc2Cl)ncc1N,2.8779200000000005,Nc1cc(NC(=O)c2ccccc2F)nc(C(F)F)c1,True,2.992800000000001,0.11488000000000032,0.3508771929824561,False,True
1.0,bin,11,0.0693100094795227,0.014019966125488281,0.12460005283355713,673160,CCC(=O)Nc1ccc2oc(C(F)(F)F)cc(=O)c2c1,3.160300000000001,CCCC(=O)Nc1ccc2oc(C)cc(=O)c2c1,True,2.840020000000001,-0.32028000000000034,0.5714285714285714,False,True
1.0,bin,11,0.0693100094795227,0.014019966125488281,0.12460005283355713,711169,Cc1cccc(C(C)C)c1NC(=O)N(C)Cc1ccncc1,4.177320000000003,CN(Cc1ccncc1)C(=O)Nc1cc(Cl)cc(Cl)c1,True,4.0523000000000025,-0.12502000000000013,0.5,False,True
1.0,bin,11,0.0693100094795227,0.014019966125488281,0.12460005283355713,720969,Cc1noc(C)c1CCC(=O)OCC(=O)N1c2ccccc2CC1C,2.7450400000000013,Cc1noc(C)c1CCC(=O)OCC(=O)N1CCc2c(Cl)cccc21,True,3.009940000000001,0.2648999999999999,0.5588235294117647,False,True
1.0,bin,11,0.0693100094795227,0.014019966125488281,0.12460005283355713,730789,COC(=O)C1CCN(C(=O)c2cc3ccc(F)cc3nc2C)CC1,2.7075200000000006,Cc1nc2ccc(F)cc2cc1C(=O)N1CCCC(CCO)C1,True,2.916920000000001,0.20940000000000047,0.5,False,True
1.0,bin,11,0.0693100094795227,0.014019966125488281,0.12460005283355713,738178,Cc1ccc(-n2ccnc2SCc2nc(C3CC3)no2)cc1C,4.041840000000003,Clc1cccc(-n2ccnc2SCc2nc(C3CC3)no2)c1,True,4.078400000000002,0.036559999999998816,0.7272727272727273,False,True
1.0,bin,11,0.0693100094795227,0.014019966125488281,0.12460005283355713,771897,COc1ccccc1OCC(=O)N(C)Cc1sccc1C,3.102520000000002,Cc1ccsc1CN(C)C(=O)C(C)Oc1ccccc1,True,3.482420000000002,0.3799000000000001,0.5,False,True
1.0,bin,11,0.0693100094795227,0.014019966125488281,0.12460005283355713,811446,COC(=O)C1(NC(=O)c2cc(Br)c[nH]2)CCCCCC1,2.7730000000000006,COC(=O)C1(NC(=O)c2cc(Br)c[nH]2)CCCCCC1,True,2.7730000000000006,0.0,1.0,True,False
1.0,bin,11,0.0693100094795227,0.014019966125488281,0.12460005283355713,848291,CCC(C)NC(=O)NCc1noc(-c2cccs2)n1,2.3958000000000004,CC(C)CC(=O)NCc1noc(-c2cccs2)n1,True,2.460400000000001,0.06460000000000043,0.6792452830188679,False,True
1.0,bin,11,0.0693100094795227,0.014019966125488281,0.12460005283355713,863440,COc1ccc(-c2nc(CCCO)cs2)cc1OC,2.752200000000001,COc1ccc(-c2ncc(C#N)s2)cc1OC(F)F,True,3.291780000000001,0.53958,0.31666666666666665,False,True
1.0,bin,11,0.0693100094795227,0.014019966125488281,0.12460005283355713,864663,N#Cc1ccc(-c2cc(F)ccc2F)nc1N1CCCC1,3.498680000000002,CCNC(=O)C=CC1=C(C)C(C=CC=C(C#N)CN2CCCC2)=N1,True,2.5092800000000004,-0.9894000000000016,0.125,False,True
1.0,bin,11,0.0693100094795227,0.014019966125488281,0.12460005283355713,872100,CCc1cccc(C)c1NCC(O)c1ccc2c(c1)OCCO2,3.474120000000002,OC(CNc1cccc(C(F)(F)F)c1)c1ccc2c(c1)OCCO2,True,3.6221000000000023,0.14798000000000044,0.5263157894736842,False,True
1.0,bin,11,0.0693100094795227,0.014019966125488281,0.12460005283355713,886334,COc1ccc(C(=O)N2CCCC(C(=O)N3CCCCC3)C2)c(O)c1,2.2655000000000003,O=C(c1ccccc1)N1CCCC(C(=O)N2CCCCC2)C1,True,2.5513000000000012,0.28580000000000094,0.52,False,False
1.0,bin,11,0.0693100094795227,0.014019966125488281,0.12460005283355713,887387,COCCNC(=O)N(Cc1cccc(F)c1)CC1CCCO1,2.1627,COCC(=O)N(Cc1ccc(Cl)cc1)CC1CCCO1,True,2.4940000000000007,0.3313000000000006,0.46153846153846156,False,True
1.0,bin,11,0.0693100094795227,0.014019966125488281,0.12460005283355713,889149,N#Cc1ccc(NC(=O)c2ccc(Br)cc2Cl)nc1,3.621480000000001,N#Cc1ccc(NC(=O)c2ccccc2C(F)(F)F)nc1,True,3.224380000000001,-0.3971,0.5283018867924528,False,False
1.0,bin,11,0.0693100094795227,0.014019966125488281,0.12460005283355713,913483,O=C(CNC(=O)NCCc1c(Cl)cccc1Cl)NC1CC1,2.1137000000000006,CSc1ccc(CCNC(=O)NCC(=O)NC2CC2)cc1,True,1.5287999999999997,-0.5849000000000009,0.56,False,True
1.0,bin,11,0.0693100094795227,0.014019966125488281,0.12460005283355713,917620,C=CCN(Cc1ccccc1OC)C(=O)c1csc(C)n1,3.288520000000002,CCOc1ccccc1CN(CC)C(=O)c1csc(C#N)n1,True,3.0757800000000017,-0.21274000000000015,0.453125,False,True
1.0,bin,11,0.0693100094795227,0.014019966125488281,0.12460005283355713,918312,CCOc1ccc(Cl)c(C(=O)N2CCN(c3ncccn3)CC2)n1,1.8860999999999997,CC=NC(=CC=CC(=O)N1CCN(CC(F)(F)F)CC1)Nc1ncccn1,True,2.0833,0.19720000000000026,0.22077922077922077,False,True
1.0,bin,11,0.0693100094795227,0.014019966125488281,0.12460005283355713,922879,CC(=O)c1ccc(N2CCN(Cc3c(F)cccc3F)CC2)cc1,3.489600000000003,CC(=O)c1cccc(CN2CCN(c3cc(F)cc(F)c3)CC2)c1,True,3.489600000000002,-8.881784197001252e-16,0.54,False,True
1.0,bin,11,0.0693100094795227,0.014019966125488281,0.12460005283355713,927535,COc1cc(CN2CCN(c3ccccc3F)CC2)ccc1O,2.862100000000002,COc1cc(N2CCN(Cc3ccccc3O)CC2)cc(F)c1F,True,3.0012000000000016,0.13909999999999956,0.49122807017543857,False,True
1.0,bin,11,0.0693100094795227,0.014019966125488281,0.12460005283355713,927567,Cc1ccccc1N1CCN(Cc2cccc(O)c2)CC1,3.022820000000001,CCOC(=O)c1ccccc1N1CCN(Cc2ccccc2)CC1,True,3.185500000000002,0.16268000000000082,0.47058823529411764,False,True
1.0,bin,11,0.0693100094795227,0.014019966125488281,0.12460005283355713,938108,CC(c1ccccc1)N(C)C(=O)CCC(=O)Nc1nccs1,3.0814000000000012,CC(NC(=O)CCC(=O)N(C)c1nccs1)c1cccc(F)c1,True,2.9026000000000014,-0.17879999999999985,0.453125,False,True
1.0,bin,11,0.0693100094795227,0.014019966125488281,0.12460005283355713,943303,CN(CCCOc1ccccc1)C(=O)Nc1cccc2c1OCCO2,3.390600000000002,O=C(NCCCOc1ccccc1)Nc1cccc2c1OCCO2,True,3.048400000000001,-0.34220000000000095,0.6545454545454545,False,True
1.0,bin,11,0.0693100094795227,0.014019966125488281,0.12460005283355713,946289,CC(NC(=O)C1(c2cc(-c3ccco3)on2)CC1)c1ccccc1,3.843600000000002,CC1=CCNC1c1cc(C(=O)NCc2ccccc2)on1,True,2.1952,-1.6484000000000023,0.22666666666666666,False,True
1.0,bin,11,0.0693100094795227,0.014019966125488281,0.12460005283355713,994077,Cc1nnc(Cn2c(-c3cccc(Br)c3)noc2=O)o1,2.0055199999999997,Cc1nnc(Cn2c(-c3cccc(Cl)c3)noc2=O)o1,True,1.8964199999999998,-0.10909999999999997,0.7551020408163265,False,True
1.0,bin,11,0.0693100094795227,0.014019966125488281,0.12460005283355713,1065620,O=C(NCc1cccnc1Oc1ccccc1)c1cccnc1,3.198900000000002,COc1ccc(C(=O)NCc2cccnc2Oc2cccc(F)c2)cn1,True,3.3466000000000022,0.1477000000000004,0.5573770491803278,False,True
1.0,bin,11,0.0693100094795227,0.014019966125488281,0.12460005283355713,1093926,CN(C(=O)CNc1cccc(OCC2CCCO2)c1)c1ccccc1,3.319300000000002,Cc1ccccc1NCC(=O)Nc1cccc(OCC2CCCO2)c1,True,3.6034200000000025,0.2841200000000006,0.6,False,True
1.0,bin,11,0.0693100094795227,0.014019966125488281,0.12460005283355713,1107920,CCc1ccc(-n2cc(C(=O)NC(C)c3ccccc3)nn2)cc1,3.320700000000002,CC(NC(=O)c1cn(-c2ccccc2)nn1)c1cccc(Cl)c1,True,3.4117000000000015,0.0909999999999993,0.6481481481481481,False,True
1.0,bin,11,0.0693100094795227,0.014019966125488281,0.12460005283355713,1113130,CC(NC(=O)Cn1nnnc1C(C)(C)C)c1cccc2ccccc12,3.0012000000000016,CC1=CC=Cc2ccccc2CCC(C)(C)c2nnnn2CC(=O)N1,True,2.6303,-0.37090000000000156,0.1728395061728395,False,True
1.0,bin,11,0.0693100094795227,0.014019966125488281,0.12460005283355713,1121751,COC(=O)Cn1ccc(NS(=O)(=O)c2ccc(F)c(F)c2F)n1,1.2742,COc1cc(S(=O)(=O)Nc2ccn(CC#N)n2)ccc1C,True,1.5245,0.25029999999999997,0.36363636363636365,False,True
1.0,bin,11,0.0693100094795227,0.014019966125488281,0.12460005283355713,1142531,CCOC(C)C(=O)NCCc1csc(-c2ccc(C)cc2)n1,3.2022200000000014,CCCN(C)C(=O)NCCc1csc(-c2ccc(C)cc2)n1,True,3.7124200000000025,0.5102000000000011,0.625,False,True
1.0,bin,11,0.0693100094795227,0.014019966125488281,0.12460005283355713,1212157,CN(Cc1ccc(F)c(F)c1)C(=O)c1cncc(-c2cnn(C)c2)c1,3.0325000000000015,CCOc1ccccc1CN(C)C(=O)c1cncc(-c2cnn(C)c2)c1,True,3.1530000000000014,0.12049999999999983,0.5873015873015873,False,True
1.0,bin,11,0.0693100094795227,0.014019966125488281,0.12460005283355713,1215394,CCn1nc(C)cc1C(=O)Oc1cccc(NC(=O)C(C)C)c1,3.025120000000001,CCOc1ccc(OC(=O)c2cc(C)nn2CC)cc1,True,2.829320000000001,-0.1958000000000002,0.5555555555555556,False,True
1.0,bin,11,0.0693100094795227,0.014019966125488281,0.12460005283355713,1232922,CC(C)(C)OC(=O)NC1CCCN(S(=O)(=O)N2CCOCC2)C1,0.5525000000000011,CC(C)(C)OC(=O)C1CCN(S(=O)(=O)N2CCOCC2)CC1,True,0.6171000000000011,0.06459999999999999,0.5510204081632653,False,True
1.0,bin,11,0.0693100094795227,0.014019966125488281,0.12460005283355713,1238973,FC(F)(F)c1cnc(N2CCn3c(nnc3C3CC3)C2)c(Cl)c1,3.2429000000000023,CC1C(NC2=CN=CNCCC2)CNC1C1CC1,True,1.2155999999999996,-2.027300000000003,0.08974358974358974,False,True
1.0,bin,11,0.0693100094795227,0.014019966125488281,0.12460005283355713,1299495,Cc1cc(CC(=O)N2CCCC2C(C#N)c2ccccc2)no1,2.823900000000001,CN(C)c1cc(CC(=O)N2CCCC2C(C#N)c2ccccc2)no1,True,2.581480000000001,-0.24242000000000008,0.7796610169491526,False,True
1.0,bin,11,0.0693100094795227,0.014019966125488281,0.12460005283355713,1309906,CC(C)CC(NC(=O)c1cc(=O)c2ccccc2o1)C(=O)OC(C)C,2.8891000000000018,COCC(C)OC(=O)c1cc(=O)c2ccccc2o1,True,1.9847000000000004,-0.9044000000000014,0.5,False,True
1.0,bin,11,0.0693100094795227,0.014019966125488281,0.12460005283355713,1362816,COCc1cccc(C(=O)NC2CC2c2cccc(Cl)c2)c1,3.772300000000002,COc1ccc(C(=O)NC2CC2c2cccc(Cl)c2)cc1OC,True,3.6431000000000022,-0.12919999999999998,0.6666666666666666,False,False
1.0,bin,11,0.0693100094795227,0.014019966125488281,0.12460005283355713,1441838,COCC(=O)NC(C(=O)Nc1cccc(-c2nccs2)c1)C(C)C,2.5358,CC(NC(=O)c1cccc(C#N)c1)c1nccs1,True,2.5057800000000006,-0.03001999999999949,0.3055555555555556,False,True
1.0,bin,11,0.0693100094795227,0.014019966125488281,0.12460005283355713,1450449,CCCNC(=O)CSc1nc2c(cc1C#N)CCCC2,2.450380000000001,CCCNC(=O)CSc1nc2c(cc1C#N)CCC(CO)C2,True,1.66878,-0.781600000000001,0.7068965517241379,False,True
1.0,bin,11,0.0693100094795227,0.014019966125488281,0.12460005283355713,1451910,O=S(=O)(NCc1nnc2ccccn12)c1ccc(F)c(F)c1,1.4859999999999995,COc1ccc(C)cc1S(=O)(=O)NCc1nnc2ccccn12,True,1.52482,0.03882000000000052,0.5344827586206896,False,True
1.0,bin,11,0.0693100094795227,0.014019966125488281,0.12460005283355713,1479798,Cc1nc(C)c(CCC(=O)N(CC(C)C)CC(F)(F)F)c(=O)[nH]1,2.3662400000000003,CCCN(CC(C)C)C(=O)CCc1c(C)nc(C)[nH]c1=O,True,2.21394,-0.15230000000000032,0.72,False,True
1.0,bin,11,0.0693100094795227,0.014019966125488281,0.12460005283355713,1507926,COC(=O)C(C)NC(=O)Cc1csc(-c2ccccc2Cl)n1,2.6837,C=CCNC(=O)Cc1csc(-c2ccccc2F)n1,True,2.7939000000000007,0.11020000000000074,0.43333333333333335,False,True
1.0,bin,11,0.0693100094795227,0.014019966125488281,0.12460005283355713,1527882,Nc1ncccc1C(=O)Nc1ccc2cn[nH]c2c1,1.7923999999999998,COCCOc1ncccc1C(=O)Nc1ccc2cn[nH]c2c1,True,2.2354000000000003,0.4430000000000005,0.6666666666666666,False,True
1.0,bin,11,0.0693100094795227,0.014019966125488281,0.12460005283355713,1532848,COc1ccc(-c2ccc3c(=O)[nH]cnc3c2)cc1Cl,3.2521000000000013,CCOC=C1C=C(c2ccc3c(=O)[nH]cnc3c2)C=C1OCC,True,3.1609000000000016,-0.09119999999999973,0.4406779661016949,False,True
1.0,bin,11,0.0693100094795227,0.014019966125488281,0.12460005283355713,1548351,COc1cc(OC)c2c(c1)C(c1cnccn1)NCC2,1.7288999999999999,CCOc1cc(N)cc2c1CCNC2c1cnccn1,True,1.6926,-0.03629999999999978,0.6153846153846154,False,True
1.0,bin,11,0.0693100094795227,0.014019966125488281,0.12460005283355713,1570134,COc1cccc(C(C)N2CCN(C(=O)c3ccc(O)cc3)CC2)c1,2.9198000000000013,CC(c1ccccc1)N1CCN(C(=O)c2cccc(N)c2)CC1,True,2.7878000000000007,-0.13200000000000056,0.5185185185185185,False,True
1.0,bin,11,0.0693100094795227,0.014019966125488281,0.12460005283355713,1611406,CC(C)(C)N1CC(NC(=O)C2COc3ccc(F)cc3C2)CC1=O,1.8923999999999994,CC(C)CN1CC(NC(=O)C2COc3ccc(F)cc3C2)CC1=O,True,1.7498999999999996,-0.14249999999999985,0.6885245901639344,False,True
1.0,bin,11,0.0693100094795227,0.014019966125488281,0.12460005283355713,1612684,CCCC1CN(C(=O)Nc2ccn(CCC(C)C)n2)CCO1,2.9620000000000015,Cc1cc(NC(=O)N2CC(C)OC(C)C2)nn1CC(C)C,True,2.48862,-0.47338000000000147,0.34285714285714286,False,True
1.0,bin,11,0.0693100094795227,0.014019966125488281,0.12460005283355713,1639675,CCC(CC)c1nnc(NC(=O)c2scnc2C2CC2)s1,4.0279000000000025,CC(C)CC(C)Cc1nnc(NC(=O)c2scnc2C2CC2)s1,True,4.349000000000004,0.3211000000000013,0.6428571428571429,False,True
1.0,bin,11,0.0693100094795227,0.014019966125488281,0.12460005283355713,1675660,COc1ccnc(NC(=O)c2cccc(Cl)c2)c1,2.9959000000000007,Cc1ccnc(NC(=O)c2ccc(C)c(F)c2)c1,True,3.0898400000000015,0.0939400000000008,0.41509433962264153,False,True
1.0,bin,11,0.0693100094795227,0.014019966125488281,0.12460005283355713,1689728,CCc1noc(CSc2ncnc3sc(C)cc23)n1,3.237420000000002,CCc1noc(CSc2ncnc3sc(C)cc23)n1,True,3.237420000000002,0.0,1.0,True,False
1.0,bin,11,0.0693100094795227,0.014019966125488281,0.12460005283355713,1720876,CC(C)(C)CC(=O)NCC(=O)Nc1ccc2c(c1)COC2,2.2077,CC(C)(C)CC(=O)NCC(=O)Nc1ccc2c(c1)COC2,True,2.2077,0.0,1.0,True,False
1.0,bin,11,0.0693100094795227,0.014019966125488281,0.12460005283355713,1757109,CC(C)Cc1ncc(CNc2ccc3c(c2)COC3)s1,3.983900000000003,CC(C)CC=NC=C(S)CNc1ccc2c(c1)COC2,True,4.016800000000003,0.03289999999999971,0.4406779661016949,False,True
1.0,bin,11,0.0693100094795227,0.014019966125488281,0.12460005283355713,1774061,O=C1NCCCc2[nH]c(-c3cccc4[nH]ccc34)nc21,2.234,CC(O)C1CN(c2nc3c([nH]2)CCCNC3=O)c2ccccc21,True,1.7017999999999998,-0.5322000000000002,0.36231884057971014,False,True
1.0,bin,11,0.0693100094795227,0.014019966125488281,0.12460005283355713,1800687,Cc1nn(C)c(-c2nc(-c3cccnn3)no2)c1Cl,1.8889199999999997,COc1ccc(-c2noc(-c3nncc(Cl)c3C)n2)nn1,True,1.9540199999999996,0.06509999999999994,0.36666666666666664,False,True
1.0,bin,11,0.0693100094795227,0.014019966125488281,0.12460005283355713,1815867,FC(F)(F)c1ccc(CN2CCOCC2c2ncon2)cc1,2.661900000000001,CC(C)C=C1C=CC(CN2CCOCC2c2ncon2)=C1,True,2.5215000000000005,-0.14040000000000052,0.5081967213114754,False,True
1.0,bin,11,0.0693100094795227,0.014019966125488281,0.12460005283355713,1828580,Cc1ccc(N2CC3OCC(=O)N(Cc4cccc(F)c4)C3C2)nn1,1.54032,CCOc1cccc(CN2CN(c3cccnn3)CCOCC2=O)c1,True,1.6981999999999997,0.1578799999999998,0.2857142857142857,False,True
1.0,bin,11,0.0693100094795227,0.014019966125488281,0.12460005283355713,1836183,CCc1ccc(C(=O)NCc2nccc(N(C)C)n2)cc1,2.035,O=C(NCc1ncccn1)c1ccc(Cl)c(F)c1,True,2.1991000000000005,0.16410000000000036,0.38181818181818183,False,True
1.0,bin,11,0.0693100094795227,0.014019966125488281,0.12460005283355713,1842499,COc1ccccc1COc1ccccc1-c1cnn(CCO)c1,3.1300000000000017,Cc1ccccc1COc1ccccc1-c1cnn(CC(N)=O)c1,True,2.9228199999999998,-0.20718000000000192,0.5714285714285714,False,True
1.0,bin,11,0.0693100094795227,0.014019966125488281,0.12460005283355713,1865564,COC(CNC(=O)c1ccoc1)c1cccc(F)c1,2.536200000000001,O=C(NCC(O)c1c(F)cccc1Cl)c1ccoc1,True,2.5355000000000008,-0.000700000000000145,0.4827586206896552,False,True
1.0,bin,11,0.0693100094795227,0.014019966125488281,0.12460005283355713,1868773,CCCOc1ccc(Cl)c2c1CCNC2C1CC(=O)C1,3.2947000000000015,CC(CC=O)C1NCCc2cccc(Cl)c21,True,2.751900000000001,-0.5428000000000006,0.27692307692307694,False,True
1.0,bin,11,0.0693100094795227,0.014019966125488281,0.12460005283355713,1873123,CCC1OC(=O)c2c(OC)ccc(Br)c21,3.079200000000002,CCOc1ccc(Br)c2c1C(=O)OC2C,True,3.079200000000002,0.0,0.5581395348837209,False,True
1.0,bin,11,0.0693100094795227,0.014019966125488281,0.12460005283355713,1875028,Cc1cccc(C)c1NCC(=O)N1CCCC2CCCCC21,3.8965400000000034,O=C1CNc2cccc(C(F)(F)F)c2C2CCCCC2CN1,True,3.520900000000002,-0.37564000000000153,0.19402985074626866,False,True
1.0,bin,11,0.0693100094795227,0.014019966125488281,0.12460005283355713,1895921,CCC(CC)N(C)C(=O)CC1OC(=O)c2ccccc21,2.935200000000002,CCC(C)N(CC)C(=O)CC1OC(=O)c2ccccc21,True,2.935200000000002,0.0,0.6595744680851063,False,True
1.0,bin,11,0.0693100094795227,0.014019966125488281,0.12460005283355713,1907077,Cc1ccc2[nH]nc(C(=O)Nc3nc(-c4ccco4)cs3)c2c1,3.8401200000000015,CC=CC1=CC=C(C(=O)Nc2nc(-c3ccco3)cs2)CNN=C1,True,3.3595000000000006,-0.48062000000000094,0.4657534246575342,False,True
1.0,bin,11,0.0693100094795227,0.014019966125488281,0.12460005283355713,1913063,Cc1nn(C)c(C)c1CN(C(=O)c1cn2cccc(C)c2n1)C1CC1,2.797860000000001,C=C1CCc2c(c(C)nn2C)CN(C(=O)C(N=CC=CCC)NC)C1,True,2.1420199999999996,-0.6558400000000013,0.16304347826086957,False,True
1.0,bin,11,0.0693100094795227,0.014019966125488281,0.12460005283355713,1922265,CN(CCNC(=O)c1ccc2c(c1)ncn2C)c1ccccc1,2.4395000000000007,CC(=O)NC1=CC=C(NCCNC(=O)c2ccc3[nH]cnc3c2)CC=C1,True,1.7460999999999998,-0.6934000000000009,0.2948717948717949,False,True
1.0,bin,12,0.1658499836921692,0.12460005283355713,0.20709991455078125,32052,COc1ccccc1CNC(=O)Cc1c[nH]c2ccccc12,3.035400000000001,COc1cc(CNC(=O)Cc2c[nH]c3ccccc23)cc(OC)c1C,True,3.352420000000002,0.3170200000000012,0.7291666666666666,False,True
1.0,bin,12,0.1658499836921692,0.12460005283355713,0.20709991455078125,116747,COCCSc1ccccc1C(=O)Nc1cccc(C)n1,3.3808200000000017,O=C(NC1C=CC=CC1)c1ccccc1SC(F)F,True,3.615800000000002,0.2349800000000002,0.26153846153846155,False,True
1.0,bin,12,0.1658499836921692,0.12460005283355713,0.20709991455078125,131060,CS(=O)(=O)NCCc1csc(-c2ccc(F)cc2)n1,2.0408999999999997,COCC(=O)NCCc1csc(-c2ccc(F)cc2)n1,True,2.2543000000000006,0.21340000000000092,0.5882352941176471,False,True
1.0,bin,12,0.1658499836921692,0.12460005283355713,0.20709991455078125,131949,CCc1c(C)nc(SCC(=O)NC(C)C)[nH]c1=O,1.25742,CCOC(=O)CSc1nc(C)c(CC)c(=O)[nH]1,True,1.29592,0.03849999999999998,0.6304347826086957,False,True
1.0,bin,12,0.1658499836921692,0.12460005283355713,0.20709991455078125,158879,COc1ccc(CC(=O)OCC(=O)c2c[nH]c3ccccc23)cc1,3.145100000000001,O=C(Cc1ccc(F)cc1)OCC(=O)c1c[nH]c2ccccc12,True,3.2756000000000016,0.1305000000000005,0.75,False,False
1.0,bin,12,0.1658499836921692,0.12460005283355713,0.20709991455078125,232056,COCCNC(=O)c1cc(=O)c2cc(C)ccc2o1,1.4776199999999993,COCCCNC(=O)c1cc(=O)c2cc(F)ccc2o1,True,1.6984,0.22078000000000064,0.66,False,True
1.0,bin,12,0.1658499836921692,0.12460005283355713,0.20709991455078125,235788,O=C(Cn1nc(-c2ccco2)oc1=O)NCC(F)(F)F,0.7747999999999999,O=C(Cn1nc(-c2ccco2)oc1=O)NCC(F)(F)F,True,0.7747999999999999,0.0,1.0,True,False
1.0,bin,12,0.1658499836921692,0.12460005283355713,0.20709991455078125,236081,CC(=O)c1c(C)[nH]c(C(=O)CSc2nc(C(C)C)n[nH]2)c1C,3.0506400000000014,CCc1n[nH]c(SCC(=O)c2[nH]c(C)c(C(C)=O)c2C)n1,True,2.4896400000000005,-0.5610000000000008,0.7,False,True
1.0,bin,12,0.1658499836921692,0.12460005283355713,0.20709991455078125,281081,O=C(Cn1cccn1)NCc1cccnc1Oc1ccc(F)cc1F,2.665000000000001,COc1ccccc1Oc1ncccc1CNC(=O)Cn1ccc(C)n1,True,2.7038200000000003,0.03881999999999941,0.5454545454545454,False,True
1.0,bin,12,0.1658499836921692,0.12460005283355713,0.20709991455078125,284170,COc1ccc(-c2nc(CC(=O)Nc3cccc(C)n3)cs2)cc1,3.7033200000000024,Cc1cccc(NC(=O)Cc2csc(-c3ccccc3F)n2)n1,True,3.833820000000003,0.1305000000000005,0.6545454545454545,False,True
1.0,bin,12,0.1658499836921692,0.12460005283355713,0.20709991455078125,288369,Cc1ccc(NCc2nnc3n2CCCCC3)cc1C,3.2334400000000016,Fc1ccc(Br)cc1NCc1nnc2n1CCCCC2,True,3.518200000000002,0.28476000000000035,0.5370370370370371,False,True
1.0,bin,12,0.1658499836921692,0.12460005283355713,0.20709991455078125,302889,COc1ccc(OC)c(NC(=O)CCNC(=O)c2cccs2)c1,2.5239000000000003,COc1ccc(F)cc1NC(=O)CCNC(=O)c1sccc1C,True,2.9628200000000007,0.4389200000000004,0.5666666666666667,False,True
1.0,bin,12,0.1658499836921692,0.12460005283355713,0.20709991455078125,327141,COc1ccc(OC)c(S(=O)(=O)Nc2ccn(C)n2)c1,1.2381,COc1ccc(C)cc1S(=O)(=O)Nc1ccn(C)n1,True,1.53792,0.29982,0.7727272727272727,False,False
1.0,bin,12,0.1658499836921692,0.12460005283355713,0.20709991455078125,327382,CNC(=O)C1CN(C(=O)c2c(C)noc2C)c2ccccc2O1,1.4452399999999996,CCNC(=O)C1CN(C(=O)c2cnoc2)c2ccccc2O1,True,1.218499999999999,-0.2267400000000006,0.46875,False,True
1.0,bin,12,0.1658499836921692,0.12460005283355713,0.20709991455078125,406491,COCCNC(=O)C1CCCN(S(=O)(=O)N2CCOCC2)C1,-0.9619999999999964,COCCNC(=O)C1CCCN(S(=O)(=O)N2CCOCC2)C1,True,-0.9619999999999964,0.0,1.0,True,False
1.0,bin,12,0.1658499836921692,0.12460005283355713,0.20709991455078125,413951,O=C(Cn1ncn2cccc2c1=O)N1CCCCCC1,0.8985999999999996,Cc1cc2ccn(CC(=O)N3CCCCCC3)c(=O)n2c1,True,1.81202,0.9134200000000003,0.3620689655172414,False,True
1.0,bin,12,0.1658499836921692,0.12460005283355713,0.20709991455078125,427929,CCNc1nc(NCc2ccccc2Cl)c2cnn(C)c2n1,3.060600000000001,CCNc1nc(NCc2ccc(F)c(Cl)c2)c2cnn(C)c2n1,True,3.199700000000001,0.1391,0.6428571428571429,False,True
1.0,bin,12,0.1658499836921692,0.12460005283355713,0.20709991455078125,447130,CCC(NC(=O)C1CCN(C(=O)C2CC2)CC1)c1ccc(C)cc1,3.2109200000000016,CCC1CC1C(=O)NCC1=CC=C(C)NC(=O)C2CC2C(C)C1,True,2.771000000000001,-0.43992000000000075,0.16883116883116883,False,True
1.0,bin,12,0.1658499836921692,0.12460005283355713,0.20709991455078125,481908,CCNS(=O)(=O)c1ccc(C)c(C(=O)Nc2ncccc2C)c1,2.24894,CCNS(=O)(=O)c1ccc(C)c(C(=O)Nc2ccc(C)cn2)c1,True,2.24894,0.0,0.6296296296296297,False,False
1.0,bin,12,0.1658499836921692,0.12460005283355713,0.20709991455078125,485220,Cc1nn(CC(=O)N2CCN(C)CC2)c(C)c1Br,1.03644,Cc1nn(CC(=O)N2CCN(C(C)C)CC2)c(C)c1F,True,1.1916399999999998,0.15519999999999978,0.5106382978723404,False,True
1.0,bin,12,0.1658499836921692,0.12460005283355713,0.20709991455078125,526363,Cc1nnc(SCC(=O)Nc2ccc(O)cc2)n(N)c1=O,0.09692,Cc1nnc(SCC(=O)Nc2ccccc2)n(CCO)c1=O,True,0.6698199999999999,0.5728999999999999,0.5636363636363636,False,True
1.0,bin,12,0.1658499836921692,0.12460005283355713,0.20709991455078125,536853,COc1ccc(C2CCCN2C(=O)C2CCC2)c(OC)c1,3.1674000000000015,COC1=CC=COCC1C1CCCN1C(=O)C(C)(C)OC,True,2.0927999999999995,-1.074600000000002,0.26865671641791045,False,True
1.0,bin,12,0.1658499836921692,0.12460005283355713,0.20709991455078125,540312,Cc1nn(C)c2nc(C3CC3)cc(C(=O)NCC(=O)NC(C)(C)C)c12,1.7986199999999997,COC(=O)C(CC(C)C)NC(=O)c1cc(C2CC2)nc2[nH]nc(C)c12,True,2.461220000000001,0.6626000000000012,0.3466666666666667,False,True
1.0,bin,12,0.1658499836921692,0.12460005283355713,0.20709991455078125,544381,Cc1nc(N2CCCC(C(=O)NC(C)C)C2)c2c(C)c(C)oc2n1,2.8890600000000006,C=CCNC=NC(C)=NC1OC(C)=C(C)C1=CCCCC,True,3.975500000000004,1.0864400000000032,0.08139534883720931,False,True
1.0,bin,12,0.1658499836921692,0.12460005283355713,0.20709991455078125,544382,CCCNC(=O)C1CCCN(c2nc(C)nc3oc(C)c(C)c23)C1,2.8906600000000013,CC=NC1=CC(C)=C(C(=O)NCCO)C(=N)C2C(CC(C)C)CCCN12,True,2.5035700000000007,-0.3870900000000006,0.18681318681318682,False,True
1.0,bin,12,0.1658499836921692,0.12460005283355713,0.20709991455078125,550049,Cc1ccc(C)c(OCC(=O)Nc2cccc(-n3cnnc3)c2)c1,2.9016400000000013,Cc1ccc(OC(C)C(=O)Nc2cccc(-n3cnnc3)c2)cc1,True,2.981720000000001,0.08007999999999971,0.5254237288135594,False,True
1.0,bin,12,0.1658499836921692,0.12460005283355713,0.20709991455078125,573533,Cc1nn(-c2ncc(C(F)(F)F)cc2Cl)c(=O)o1,2.2011199999999995,CCCOc1ccc(C(F)(F)F)cn1,True,2.8892000000000015,0.688080000000002,0.24528301886792453,False,True
1.0,bin,12,0.1658499836921692,0.12460005283355713,0.20709991455078125,582555,O=C(NCC(O)c1ccccc1)c1ccc2c(=O)n3c(nc2c1)CCC3,1.8061000000000003,O=C(NCC(O)c1ccc2c(=O)[nH]cnc2c1)c1ccccc1F,True,1.5255999999999998,-0.2805000000000004,0.3466666666666667,False,True
1.0,bin,12,0.1658499836921692,0.12460005283355713,0.20709991455078125,588547,Cc1n[nH]c(C)c1NC(=O)CCc1ccc(Cl)cc1Cl,3.9046400000000023,Cc1n[nH]c(C)c1NC(=O)CCc1c(Cl)cccc1Cl,True,3.9046400000000023,0.0,0.6530612244897959,False,True
1.0,bin,12,0.1658499836921692,0.12460005283355713,0.20709991455078125,607673,CCCN(CC1CC1)S(=O)(=O)c1ccccc1F,2.636400000000001,CCCN(CC1CC1)S(=O)(=O)c1cccc(C#N)c1,True,2.3689800000000005,-0.26742000000000044,0.5098039215686274,False,False
1.0,bin,12,0.1658499836921692,0.12460005283355713,0.20709991455078125,617681,Cc1cc(C(=O)Nc2nc(-c3ccncc3)cs2)nn1C(C)C,3.5432200000000016,Cc1cc(C(=O)Nc2nc(-c3ccncc3)cs2)nn1C(C)(C)C,True,3.7173200000000026,0.17410000000000103,0.7037037037037037,False,True
1.0,bin,12,0.1658499836921692,0.12460005283355713,0.20709991455078125,650267,COc1ccc2oc(C(=O)NC3CCCCNC3=O)c(C)c2c1,2.14832,O=C(NC1CCCCNC1=O)C1=CCc2cc(F)ccc21,True,1.5500999999999994,-0.5982200000000006,0.4057971014492754,False,True
1.0,bin,12,0.1658499836921692,0.12460005283355713,0.20709991455078125,668639,Cc1cc(NC(=O)c2ccccc2Cl)ncc1N,2.8779200000000005,NCc1cc(NC(=O)c2ccccc2Cl)ncc1Br,True,3.2085000000000017,0.3305800000000012,0.6122448979591837,False,True
1.0,bin,12,0.1658499836921692,0.12460005283355713,0.20709991455078125,673160,CCC(=O)Nc1ccc2oc(C(F)(F)F)cc(=O)c2c1,3.160300000000001,CCCC(=O)Nc1ccc2oc(C(F)(F)F)cc(=O)c2c1,True,3.5504000000000016,0.39010000000000034,0.8409090909090909,False,True
1.0,bin,12,0.1658499836921692,0.12460005283355713,0.20709991455078125,711169,Cc1cccc(C(C)C)c1NC(=O)N(C)Cc1ccncc1,4.177320000000003,Cc1cccc(C(C)C)c1NC(=O)NCc1ccncc1,True,3.8351200000000016,-0.34220000000000095,0.64,False,False
1.0,bin,12,0.1658499836921692,0.12460005283355713,0.20709991455078125,720969,Cc1noc(C)c1CCC(=O)OCC(=O)N1c2ccccc2CC1C,2.7450400000000013,Cc1noc(C)c1CC(=O)OCCC(=O)N1c2ccccc2CC1C,True,2.7450400000000013,0.0,0.7049180327868853,False,True
1.0,bin,12,0.1658499836921692,0.12460005283355713,0.20709991455078125,730789,COC(=O)C1CCN(C(=O)c2cc3ccc(F)cc3nc2C)CC1,2.7075200000000006,Cc1nc2cc(F)ccc2cc1C(=O)N1CCCCC1,True,3.3084200000000017,0.6009000000000011,0.68,False,False
1.0,bin,12,0.1658499836921692,0.12460005283355713,0.20709991455078125,738178,Cc1ccc(-n2ccnc2SCc2nc(C3CC3)no2)cc1C,4.041840000000003,FC(F)(F)C=C1C=CC(n2ccnc2SCc2nc(C3CC3)no2)=C1,True,4.335200000000002,0.29335999999999895,0.5384615384615384,False,True
1.0,bin,12,0.1658499836921692,0.12460005283355713,0.20709991455078125,771897,COc1ccccc1OCC(=O)N(C)Cc1sccc1C,3.102520000000002,Cc1ccsc1CN(C)C(=O)COc1ccc(C#N)cc1,True,2.965600000000001,-0.13692000000000082,0.5961538461538461,False,True
1.0,bin,12,0.1658499836921692,0.12460005283355713,0.20709991455078125,811446,COC(=O)C1(NC(=O)c2cc(Br)c[nH]2)CCCCCC1,2.7730000000000006,COC(=O)C1(NC(=O)c2cc(Cl)cn2C)CCCCC1,True,2.2842000000000002,-0.48880000000000035,0.4807692307692308,False,True
1.0,bin,12,0.1658499836921692,0.12460005283355713,0.20709991455078125,848291,CCC(C)NC(=O)NCc1noc(-c2cccs2)n1,2.3958000000000004,CC(C)(C)NC(=O)CCc1noc(-c2cccs2)n1,True,2.6454000000000013,0.24960000000000093,0.5084745762711864,False,True
1.0,bin,12,0.1658499836921692,0.12460005283355713,0.20709991455078125,863440,COc1ccc(-c2nc(CCCO)cs2)cc1OC,2.752200000000001,COc1ccc(Cl)cc1-c1nc(CCO)cs1,True,3.0069000000000017,0.2547000000000006,0.5510204081632653,False,False
1.0,bin,12,0.1658499836921692,0.12460005283355713,0.20709991455078125,864663,N#Cc1ccc(-c2cc(F)ccc2F)nc1N1CCCC1,3.498680000000002,Cc1ccc(-c2ccc(C#N)c(N3CCCC3)n2)c(C)c1,True,3.8373200000000027,0.3386400000000007,0.6041666666666666,False,True
1.0,bin,12,0.1658499836921692,0.12460005283355713,0.20709991455078125,872100,CCc1cccc(C)c1NCC(O)c1ccc2c(c1)OCCO2,3.474120000000002,OC(CNc1ccc(Cl)c(Cl)c1)c1ccc2c(c1)OCCO2,True,3.9101000000000026,0.4359800000000007,0.509090909090909,False,True
1.0,bin,12,0.1658499836921692,0.12460005283355713,0.20709991455078125,886334,COc1ccc(C(=O)N2CCCC(C(=O)N3CCCCC3)C2)c(O)c1,2.2655000000000003,O=C(c1ccc(F)cc1)N1CCCC(C(=O)N2CCC(O)CC2)C1,True,1.6612,-0.6043000000000003,0.43859649122807015,False,True
1.0,bin,12,0.1658499836921692,0.12460005283355713,0.20709991455078125,887387,COCCNC(=O)N(Cc1cccc(F)c1)CC1CCCO1,2.1627,C#CCNC(=O)N(Cc1ccccc1)CC1CCCO1,True,2.0103999999999997,-0.15230000000000032,0.5645161290322581,False,False
1.0,bin,12,0.1658499836921692,0.12460005283355713,0.20709991455078125,889149,N#Cc1ccc(NC(=O)c2ccc(Br)cc2Cl)nc1,3.621480000000001,N#Cc1ccc(NC(=O)c2ccc(Br)cc2Cl)nc1,True,3.621480000000001,0.0,1.0,True,False
1.0,bin,12,0.1658499836921692,0.12460005283355713,0.20709991455078125,913483,O=C(CNC(=O)NCCc1c(Cl)cccc1Cl)NC1CC1,2.1137000000000006,CC(C)(C)C=C1C=CC(CCNC(=O)NCC(=O)NC2CC2)=C1,True,2.423,0.30929999999999946,0.48214285714285715,False,True
1.0,bin,12,0.1658499836921692,0.12460005283355713,0.20709991455078125,917620,C=CCN(Cc1ccccc1OC)C(=O)c1csc(C)n1,3.288520000000002,C=CCN(Cc1ccccc1F)C(=O)c1csc(CCOC)n1,True,3.299500000000002,0.01097999999999999,0.5645161290322581,False,True
1.0,bin,12,0.1658499836921692,0.12460005283355713,0.20709991455078125,918312,CCOc1ccc(Cl)c(C(=O)N2CCN(c3ncccn3)CC2)n1,1.8860999999999997,Cc1cc(C)nc(N2CCN(C(=O)c3cc(Cl)cc(N)n3)CC2)n1,True,1.68644,-0.19965999999999973,0.3333333333333333,False,True
1.0,bin,12,0.1658499836921692,0.12460005283355713,0.20709991455078125,922879,CC(=O)c1ccc(N2CCN(Cc3c(F)cccc3F)CC2)cc1,3.489600000000003,Oc1ccc(N2CCN(Cc3ccc(Cl)cc3)CC2)c(F)c1,True,3.5069000000000017,0.01729999999999876,0.30357142857142855,False,True
1.0,bin,12,0.1658499836921692,0.12460005283355713,0.20709991455078125,927535,COc1cc(CN2CCN(c3ccccc3F)CC2)ccc1O,2.862100000000002,COc1ccc(CNC2CCN(c3ccccc3)C2)cc1OC,True,3.072300000000001,0.21019999999999905,0.3333333333333333,False,True
1.0,bin,12,0.1658499836921692,0.12460005283355713,0.20709991455078125,927567,Cc1ccccc1N1CCN(Cc2cccc(O)c2)CC1,3.022820000000001,Oc1ccc(CN2CCN(c3ccc(F)c(Cl)c3)CC2)cc1,True,3.5069000000000017,0.4840800000000005,0.3584905660377358,False,True
1.0,bin,12,0.1658499836921692,0.12460005283355713,0.20709991455078125,938108,CC(c1ccccc1)N(C)C(=O)CCC(=O)Nc1nccs1,3.0814000000000012,CCN(Cc1ccccc1)C(=O)CCC(=O)Nc1nc(C)cs1,True,3.2189200000000016,0.1375200000000003,0.390625,False,True
1.0,bin,12,0.1658499836921692,0.12460005283355713,0.20709991455078125,943303,CN(CCCOc1ccccc1)C(=O)Nc1cccc2c1OCCO2,3.390600000000002,CN(CCCOc1ccccc1)C(=O)Nc1cccc2c1OCCO2,True,3.390600000000002,0.0,1.0,True,False
1.0,bin,12,0.1658499836921692,0.12460005283355713,0.20709991455078125,946289,CC(NC(=O)C1(c2cc(-c3ccco3)on2)CC1)c1ccccc1,3.843600000000002,Cc1ccc(C)c(CNC(=O)C2(c3cc(-c4ccco4)on3)CC2)c1,True,3.899440000000003,0.05584000000000078,0.5645161290322581,False,True
1.0,bin,12,0.1658499836921692,0.12460005283355713,0.20709991455078125,994077,Cc1nnc(Cn2c(-c3cccc(Br)c3)noc2=O)o1,2.0055199999999997,CC(O)=NN=CCn1c(C2=CC=CC2(C)C)noc1=O,True,1.7778999999999998,-0.22761999999999993,0.2608695652173913,False,True
1.0,bin,12,0.1658499836921692,0.12460005283355713,0.20709991455078125,1065620,O=C(NCc1cccnc1Oc1ccccc1)c1cccnc1,3.198900000000002,O=C(NCc1cccnc1Oc1ccccc1)c1cccnc1,True,3.198900000000002,0.0,1.0,True,False
1.0,bin,12,0.1658499836921692,0.12460005283355713,0.20709991455078125,1093926,CN(C(=O)CNc1cccc(OCC2CCCO2)c1)c1ccccc1,3.319300000000002,CN(C(=O)CNc1cccc(OCC2CCCO2)c1)c1ccccc1,True,3.319300000000002,0.0,1.0,True,False
1.0,bin,12,0.1658499836921692,0.12460005283355713,0.20709991455078125,1107920,CCc1ccc(-n2cc(C(=O)NC(C)c3ccccc3)nn2)cc1,3.320700000000002,Cc1cc(C)cc(N(C=CC(=O)NC(C)C2=CC=COC2)N=N)c1,True,3.5445100000000016,0.2238099999999994,0.13414634146341464,False,True
1.0,bin,12,0.1658499836921692,0.12460005283355713,0.20709991455078125,1113130,CC(NC(=O)Cn1nnnc1C(C)(C)C)c1cccc2ccccc12,3.0012000000000016,CC(NC(=O)Cn1nnnc1C#N)c1cccc2ccccc12,True,1.57538,-1.4258200000000016,0.6909090909090909,False,True
1.0,bin,12,0.1658499836921692,0.12460005283355713,0.20709991455078125,1121751,COC(=O)Cn1ccc(NS(=O)(=O)c2ccc(F)c(F)c2F)n1,1.2742,COC(=O)Cn1ccc(NS(=O)(=O)c2ccc(OC)c(C)c2)n1,True,1.17392,-0.10027999999999992,0.5517241379310345,False,True
1.0,bin,12,0.1658499836921692,0.12460005283355713,0.20709991455078125,1142531,CCOC(C)C(=O)NCCc1csc(-c2ccc(C)cc2)n1,3.2022200000000014,Cc1ccc(-c2nc(CCNC(=O)CC(C)C)cs2)cc1,True,3.8233200000000025,0.6211000000000011,0.660377358490566,False,True
1.0,bin,12,0.1658499836921692,0.12460005283355713,0.20709991455078125,1212157,CN(Cc1ccc(F)c(F)c1)C(=O)c1cncc(-c2cnn(C)c2)c1,3.0325000000000015,CN(C=O)Cc1ccccc1C(F)F,True,2.2123999999999997,-0.8201000000000018,0.14925373134328357,False,True
1.0,bin,12,0.1658499836921692,0.12460005283355713,0.20709991455078125,1215394,CCn1nc(C)cc1C(=O)Oc1cccc(NC(=O)C(C)C)c1,3.025120000000001,CCn1nc(C)cc1C(=O)Oc1ccccc1OCC(F)F,True,3.0745200000000015,0.04940000000000033,0.5166666666666667,False,True
1.0,bin,12,0.1658499836921692,0.12460005283355713,0.20709991455078125,1232922,CC(C)(C)OC(=O)NC1CCCN(S(=O)(=O)N2CCOCC2)C1,0.5525000000000011,CCCCOC(=O)C1CCCN(S(=O)(=O)N2CCOCC2)C1,True,0.6187000000000009,0.06619999999999981,0.46551724137931033,False,True
1.0,bin,12,0.1658499836921692,0.12460005283355713,0.20709991455078125,1238973,FC(F)(F)c1cnc(N2CCn3c(nnc3C3CC3)C2)c(Cl)c1,3.2429000000000023,FC(F)(F)c1cnc(N2CCn3c(nnc3C3CC3)C2)c(Cl)c1,True,3.2429000000000023,0.0,1.0,True,False
1.0,bin,12,0.1658499836921692,0.12460005283355713,0.20709991455078125,1299495,Cc1cc(CC(=O)N2CCCC2C(C#N)c2ccccc2)no1,2.823900000000001,CC(O)(CCNC(=O)C(C#N)C12C=C(C1)ON2)c1ccccc1,True,1.1013799999999998,-1.7225200000000012,0.2289156626506024,False,True
1.0,bin,12,0.1658499836921692,0.12460005283355713,0.20709991455078125,1309906,CC(C)CC(NC(=O)c1cc(=O)c2ccccc2o1)C(=O)OC(C)C,2.8891000000000018,O=C(F)CCOCC(F)F,True,1.1543,-1.7348000000000017,0.11864406779661017,False,True
1.0,bin,12,0.1658499836921692,0.12460005283355713,0.20709991455078125,1362816,COCc1cccc(C(=O)NC2CC2c2cccc(Cl)c2)c1,3.772300000000002,O=C(NC1CC1c1cccc(Cl)c1)c1ccc(F)cc1,True,3.7650000000000023,-0.007299999999999862,0.6037735849056604,False,True
1.0,bin,12,0.1658499836921692,0.12460005283355713,0.20709991455078125,1441838,COCC(=O)NC(C(=O)Nc1cccc(-c2nccs2)c1)C(C)C,2.5358,CCN(CC)C(=O)CNC(=O)Nc1cccc(-c2nccs2)c1,True,2.8000000000000007,0.26420000000000066,0.5076923076923077,False,True
1.0,bin,12,0.1658499836921692,0.12460005283355713,0.20709991455078125,1450449,CCCNC(=O)CSc1nc2c(cc1C#N)CCCC2,2.450380000000001,CCCc1cnc(SCCCOC)c(C(N)=O)c1,True,2.2616000000000005,-0.1887800000000004,0.1891891891891892,False,True
1.0,bin,12,0.1658499836921692,0.12460005283355713,0.20709991455078125,1451910,O=S(=O)(NCc1nnc2ccccn12)c1ccc(F)c(F)c1,1.4859999999999995,COc1ccc(S(=O)(=O)NCc2nnc3ccccn23)c(C)c1,True,1.5248199999999998,0.0388200000000003,0.5344827586206896,False,True
1.0,bin,12,0.1658499836921692,0.12460005283355713,0.20709991455078125,1479798,Cc1nc(C)c(CCC(=O)N(CC(C)C)CC(F)(F)F)c(=O)[nH]1,2.3662400000000003,CC=NC(C)=C(C=O)CCC(=O)N(CC(F)(F)F)C(C)C,True,3.129500000000002,0.7632600000000016,0.25757575757575757,False,True
1.0,bin,12,0.1658499836921692,0.12460005283355713,0.20709991455078125,1507926,COC(=O)C(C)NC(=O)Cc1csc(-c2ccccc2Cl)n1,2.6837,CCNC(=O)Cc1csc(-c2ccc(Cl)cc2)n1,True,3.142100000000001,0.45840000000000103,0.43103448275862066,False,True
1.0,bin,12,0.1658499836921692,0.12460005283355713,0.20709991455078125,1527882,Nc1ncccc1C(=O)Nc1ccc2cn[nH]c2c1,1.7923999999999998,N#Cc1cncc(C(=O)Nc2ccc3cn[nH]c3c2)c1,True,2.08188,0.2894800000000002,0.49122807017543857,False,True
1.0,bin,12,0.1658499836921692,0.12460005283355713,0.20709991455078125,1532848,COc1ccc(-c2ccc3c(=O)[nH]cnc3c2)cc1Cl,3.2521000000000013,O=c1[nH]cnc2cc(-c3ccc(Br)cc3)ccc12,True,3.3526000000000016,0.10050000000000026,0.5813953488372093,False,True
1.0,bin,12,0.1658499836921692,0.12460005283355713,0.20709991455078125,1548351,COc1cc(OC)c2c(c1)C(c1cnccn1)NCC2,1.7288999999999999,Fc1cc(F)c2c(c1)C(c1cnccn1)NCC2,True,1.9898999999999996,0.2609999999999997,0.5714285714285714,False,True
1.0,bin,12,0.1658499836921692,0.12460005283355713,0.20709991455078125,1570134,COc1cccc(C(C)N2CCN(C(=O)c3ccc(O)cc3)CC2)c1,2.9198000000000013,CC(c1ccc(O)cc1)N1CCN(C(=O)c2ccc(F)cc2)CC1,True,3.050300000000002,0.1305000000000005,0.6,False,True
1.0,bin,12,0.1658499836921692,0.12460005283355713,0.20709991455078125,1611406,CC(C)(C)N1CC(NC(=O)C2COc3ccc(F)cc3C2)CC1=O,1.8923999999999994,CC(C)CCN1CC(NC(=O)C2COc3ccccc3C2)CC1=O,True,2.0008999999999997,0.10850000000000026,0.5151515151515151,False,True
1.0,bin,12,0.1658499836921692,0.12460005283355713,0.20709991455078125,1612684,CCCC1CN(C(=O)Nc2ccn(CCC(C)C)n2)CCO1,2.9620000000000015,CCCC1CN(C(=O)Nc2ccn(CCC)n2)CCO1,True,2.3259,-0.6361000000000017,0.8490566037735849,False,True
1.0,bin,12,0.1658499836921692,0.12460005283355713,0.20709991455078125,1639675,CCC(CC)c1nnc(NC(=O)c2scnc2C2CC2)s1,4.0279000000000025,CC(C)Cc1nnc(NC(=O)c2scnc2C2CC2)s1,True,3.3228000000000018,-0.7051000000000007,0.6923076923076923,False,False
1.0,bin,12,0.1658499836921692,0.12460005283355713,0.20709991455078125,1675660,COc1ccnc(NC(=O)c2cccc(Cl)c2)c1,2.9959000000000007,O=C(Nc1ccccn1)c1ccc(F)c(Br)c1,True,3.235500000000001,0.23960000000000026,0.3888888888888889,False,True
1.0,bin,12,0.1658499836921692,0.12460005283355713,0.20709991455078125,1689728,CCc1noc(CSc2ncnc3sc(C)cc23)n1,3.237420000000002,CCc1noc(CSc2nc(C)nc3sc(C)cc23)n1,True,3.545840000000002,0.3084199999999999,0.7346938775510204,False,True
1.0,bin,12,0.1658499836921692,0.12460005283355713,0.20709991455078125,1720876,CC(C)(C)CC(=O)NCC(=O)Nc1ccc2c(c1)COC2,2.2077,CC(C)(C)C(=O)NCC(=O)Nc1ccc2c(c1)COC2,True,1.8175999999999997,-0.39010000000000034,0.75,False,False
1.0,bin,12,0.1658499836921692,0.12460005283355713,0.20709991455078125,1757109,CC(C)Cc1ncc(CNc2ccc3c(c2)COC3)s1,3.983900000000003,CCc1ncc(CNc2ccc3c(c2)COC3C)s1,True,3.908800000000003,-0.07509999999999994,0.5087719298245614,False,True
1.0,bin,12,0.1658499836921692,0.12460005283355713,0.20709991455078125,1774061,O=C1NCCCc2[nH]c(-c3cccc4[nH]ccc34)nc21,2.234,CC=Cc1[nH]c(-c2cccc3[nH]ccc23)nc1CCCNC=O,True,3.269700000000001,1.0357000000000012,0.36764705882352944,False,True
1.0,bin,12,0.1658499836921692,0.12460005283355713,0.20709991455078125,1800687,Cc1nn(C)c(-c2nc(-c3cccnn3)no2)c1Cl,1.8889199999999997,CCn1nc(C)c(C)c1-c1nc(-c2cccnn2)no1,True,2.0268399999999995,0.13791999999999982,0.5961538461538461,False,True
1.0,bin,12,0.1658499836921692,0.12460005283355713,0.20709991455078125,1815867,FC(F)(F)c1ccc(CN2CCOCC2c2ncon2)cc1,2.661900000000001,FC(F)(F)C=C1C=CC(CN2CCOCC2c2ncon2)=C1,True,2.4278000000000004,-0.23410000000000064,0.5862068965517241,False,True
1.0,bin,12,0.1658499836921692,0.12460005283355713,0.20709991455078125,1828580,Cc1ccc(N2CC3OCC(=O)N(Cc4cccc(F)c4)C3C2)nn1,1.54032,COc1ccccc1N1C(=O)CC2C1CON2CC1C=CC=CC1,True,2.5486000000000004,1.0082800000000005,0.15555555555555556,False,True
1.0,bin,12,0.1658499836921692,0.12460005283355713,0.20709991455078125,1836183,CCc1ccc(C(=O)NCc2nccc(N(C)C)n2)cc1,2.035,CN(C)c1ccnc(CNC(=O)c2cccc(Br)c2)n1,True,2.2351,0.20009999999999994,0.66,False,True
1.0,bin,12,0.1658499836921692,0.12460005283355713,0.20709991455078125,1842499,COc1ccccc1COc1ccccc1-c1cnn(CCO)c1,3.1300000000000017,OCCn1cc(-c2cccc(F)c2)c(-c2ccc(F)cc2)n1,True,3.4876000000000023,0.3576000000000006,0.2903225806451613,False,True
1.0,bin,12,0.1658499836921692,0.12460005283355713,0.20709991455078125,1865564,COC(CNC(=O)c1ccoc1)c1cccc(F)c1,2.536200000000001,COc1ccc(Br)cc1C(N)CNC(=O)c1ccoc1,True,2.4805,-0.05570000000000075,0.45161290322580644,False,True
1.0,bin,12,0.1658499836921692,0.12460005283355713,0.20709991455078125,1868773,CCCOc1ccc(Cl)c2c1CCNC2C1CC(=O)C1,3.2947000000000015,CCCCOc1c(C)c2cc(c1OCC)C2=O,True,3.117020000000002,-0.17767999999999962,0.19047619047619047,False,True
1.0,bin,12,0.1658499836921692,0.12460005283355713,0.20709991455078125,1873123,CCC1OC(=O)c2c(OC)ccc(Br)c21,3.079200000000002,CCCC1OC(=O)c2c(Br)cccc21,True,3.460700000000002,0.38149999999999995,0.4222222222222222,False,True
1.0,bin,12,0.1658499836921692,0.12460005283355713,0.20709991455078125,1875028,Cc1cccc(C)c1NCC(=O)N1CCCC2CCCCC21,3.8965400000000034,O=C(CNc1cccc(C(F)(F)F)c1)N1CCC2CCCCC21,True,3.908400000000003,0.011859999999999538,0.5370370370370371,False,True
1.0,bin,12,0.1658499836921692,0.12460005283355713,0.20709991455078125,1895921,CCC(CC)N(C)C(=O)CC1OC(=O)c2ccccc21,2.935200000000002,CCCN(CCC)C(=O)CC1OC(=O)c2ccccc21,True,2.9368000000000016,0.0015999999999998238,0.6444444444444445,False,False
1.0,bin,12,0.1658499836921692,0.12460005283355713,0.20709991455078125,1907077,Cc1ccc2[nH]nc(C(=O)Nc3nc(-c4ccco4)cs3)c2c1,3.8401200000000015,O=C(Nc1nc(-c2ccco2)cs1)c1n[nH]c2cc(Cl)ccc12,True,4.185100000000001,0.3449799999999996,0.7,False,True
1.0,bin,12,0.1658499836921692,0.12460005283355713,0.20709991455078125,1913063,Cc1nn(C)c(C)c1CN(C(=O)c1cn2cccc(C)c2n1)C1CC1,2.797860000000001,Cc1nn(C)cc1CN(C(=O)c1cn2cccc(C)c2n1)C1CC1,True,2.48944,-0.3084200000000008,0.7166666666666667,False,True
1.0,bin,12,0.1658499836921692,0.12460005283355713,0.20709991455078125,1922265,CN(CCNC(=O)c1ccc2c(c1)ncn2C)c1ccccc1,2.4395000000000007,CN(CCNC(=O)c1ccc2c(c1)ncn2C)c1cccc(F)c1,True,2.5786000000000007,0.1391,0.7962962962962963,False,True
1.0,bin,13,0.2550499439239502,0.20709991455078125,0.30299997329711914,32052,COc1ccccc1CNC(=O)Cc1c[nH]c2ccccc12,3.035400000000001,N#CC(NC(=O)Cc1c[nH]c2ccccc12)c1ccc(F)cc1,True,3.2305800000000016,0.19518000000000058,0.46551724137931033,False,False
1.0,bin,13,0.2550499439239502,0.20709991455078125,0.30299997329711914,116747,COCCSc1ccccc1C(=O)Nc1cccc(C)n1,3.3808200000000017,CCOc1c(Cl)cc(C(=O)Nc2cccc(C)n2)cc1OC,True,3.703020000000002,0.3222000000000005,0.4126984126984127,False,True
1.0,bin,13,0.2550499439239502,0.20709991455078125,0.30299997329711914,131060,CS(=O)(=O)NCCc1csc(-c2ccc(F)cc2)n1,2.0408999999999997,COC(=O)CNCCc1csc(-c2ccc(F)cc2)n1,True,2.2542999999999997,0.21340000000000003,0.6,False,True
1.0,bin,13,0.2550499439239502,0.20709991455078125,0.30299997329711914,131949,CCc1c(C)nc(SCC(=O)NC(C)C)[nH]c1=O,1.25742,CCc1c(C)nc(SCC(=O)N(CC)CC)[nH]c1=O,True,1.60122,0.3438000000000001,0.6170212765957447,False,False
1.0,bin,13,0.2550499439239502,0.20709991455078125,0.30299997329711914,158879,COc1ccc(CC(=O)OCC(=O)c2c[nH]c3ccccc23)cc1,3.145100000000001,O=C(Cc1ccc(F)cc1)OCC(=O)c1c[nH]c2ccc(F)cc12,True,3.4147000000000016,0.2696000000000005,0.5849056603773585,False,True
1.0,bin,13,0.2550499439239502,0.20709991455078125,0.30299997329711914,232056,COCCNC(=O)c1cc(=O)c2cc(C)ccc2o1,1.4776199999999993,CCCNC(=O)CN(C)C(=O)c1cc(=O)c2cc(C)ccc2o1,True,1.6996199999999995,0.2220000000000002,0.5454545454545454,False,True
1.0,bin,13,0.2550499439239502,0.20709991455078125,0.30299997329711914,235788,O=C(Cn1nc(-c2ccco2)oc1=O)NCC(F)(F)F,0.7747999999999999,CC(C)C(C)NC(=O)Cn1nc(-c2ccco2)oc1=O,True,1.257,0.48219999999999996,0.6296296296296297,False,True
1.0,bin,13,0.2550499439239502,0.20709991455078125,0.30299997329711914,236081,CC(=O)c1c(C)[nH]c(C(=O)CSc2nc(C(C)C)n[nH]2)c1C,3.0506400000000014,CCc1n[nH]c(SC(C)C(=O)c2[nH]c(C(C)=O)cc2C)n1,True,2.569720000000001,-0.48092000000000024,0.3333333333333333,False,True
1.0,bin,13,0.2550499439239502,0.20709991455078125,0.30299997329711914,281081,O=C(Cn1cccn1)NCc1cccnc1Oc1ccc(F)cc1F,2.665000000000001,O=C(Cn1cccn1)NCc1cccnc1Oc1cccc(Cl)c1,True,3.0402000000000013,0.3752000000000004,0.6349206349206349,False,True
1.0,bin,13,0.2550499439239502,0.20709991455078125,0.30299997329711914,284170,COc1ccc(-c2nc(CC(=O)Nc3cccc(C)n3)cs2)cc1,3.7033200000000024,O=C(Cc1csc(-c2ccc(Cl)cc2)n1)Nc1ccccn1,True,4.0397000000000025,0.3363800000000001,0.5423728813559322,False,True
1.0,bin,13,0.2550499439239502,0.20709991455078125,0.30299997329711914,288369,Cc1ccc(NCc2nnc3n2CCCCC3)cc1C,3.2334400000000016,Cc1cccc(Cl)c1NCc1nnc2n1CCCCC2,True,3.578420000000002,0.3449800000000005,0.5961538461538461,False,True
1.0,bin,13,0.2550499439239502,0.20709991455078125,0.30299997329711914,302889,COc1ccc(OC)c(NC(=O)CCNC(=O)c2cccs2)c1,2.5239000000000003,Cc1ccc(NC(=O)CCNC(=O)c2cccs2)cc1,True,2.815120000000001,0.2912200000000009,0.5555555555555556,False,False
1.0,bin,13,0.2550499439239502,0.20709991455078125,0.30299997329711914,327141,COc1ccc(OC)c(S(=O)(=O)Nc2ccn(C)n2)c1,1.2381,Cc1cc(C(=O)N(C)C)ccc1S(=O)(=O)Nc1ccn(C)n1,True,1.23112,-0.006979999999999986,0.4642857142857143,False,True
1.0,bin,13,0.2550499439239502,0.20709991455078125,0.30299997329711914,327382,CNC(=O)C1CN(C(=O)c2c(C)noc2C)c2ccccc2O1,1.4452399999999996,CCNC(=O)CC1Oc2ccccc2N1C(=O)c1cnoc1C,True,1.8745199999999997,0.4292800000000001,0.323943661971831,False,True
1.0,bin,13,0.2550499439239502,0.20709991455078125,0.30299997329711914,406491,COCCNC(=O)C1CCCN(S(=O)(=O)N2CCOCC2)C1,-0.9619999999999964,CNC(=O)C1CCN(S(=O)(=O)N2CCOCC2)CC1,True,-0.9785999999999977,-0.01660000000000128,0.47058823529411764,False,True
1.0,bin,13,0.2550499439239502,0.20709991455078125,0.30299997329711914,413951,O=C(Cn1ncn2cccc2c1=O)N1CCCCCC1,0.8985999999999996,CCCCCC(=O)NC(=O)CN1Cc2cccn2C=N1,True,1.3181999999999998,0.4196000000000002,0.2028985507246377,False,True
1.0,bin,13,0.2550499439239502,0.20709991455078125,0.30299997329711914,427929,CCNc1nc(NCc2ccccc2Cl)c2cnn(C)c2n1,3.060600000000001,CCCCNc1nc(NCc2ccccc2)c2cnn(C)c2n1,True,3.187400000000001,0.12680000000000025,0.5714285714285714,False,True
1.0,bin,13,0.2550499439239502,0.20709991455078125,0.30299997329711914,447130,CCC(NC(=O)C1CCN(C(=O)C2CC2)CC1)c1ccc(C)cc1,3.2109200000000016,CC(C)CC(NC(=O)C1CCN(C(=O)C2CC2)CC1)c1ccccc1,True,3.5386000000000024,0.32768000000000086,0.6274509803921569,False,False
1.0,bin,13,0.2550499439239502,0.20709991455078125,0.30299997329711914,481908,CCNS(=O)(=O)c1ccc(C)c(C(=O)Nc2ncccc2C)c1,2.24894,CCNS(=O)(=O)c1ccc(C(=O)Nc2cccc(C)n2)c(C)c1,True,2.24894,0.0,0.5172413793103449,False,True
1.0,bin,13,0.2550499439239502,0.20709991455078125,0.30299997329711914,485220,Cc1nn(CC(=O)N2CCN(C)CC2)c(C)c1Br,1.03644,CC=NN(CC(=O)NC1CN=CC(F)=C1CC)CC(C)=CCl,True,2.639500000000001,1.6030600000000008,0.10526315789473684,False,True
1.0,bin,13,0.2550499439239502,0.20709991455078125,0.30299997329711914,526363,Cc1nnc(SCC(=O)Nc2ccc(O)cc2)n(N)c1=O,0.09692,COc1ccc(F)cc1NC(=O)CSc1nnc(C)c(=O)n1N,True,0.5390199999999999,0.44209999999999994,0.576271186440678,False,True
1.0,bin,13,0.2550499439239502,0.20709991455078125,0.30299997329711914,536853,COc1ccc(C2CCCN2C(=O)C2CCC2)c(OC)c1,3.1674000000000015,Cc1ccc(C2CCCN2C(=O)C2CCC2)cc1F,True,3.5977200000000025,0.4303200000000009,0.48148148148148145,False,True
1.0,bin,13,0.2550499439239502,0.20709991455078125,0.30299997329711914,540312,Cc1nn(C)c2nc(C3CC3)cc(C(=O)NCC(=O)NC(C)(C)C)c12,1.7986199999999997,CCCCCNC(=O)c1cc(C2CC2)nc2c1cnn2C,True,2.7657000000000007,0.967080000000001,0.4264705882352941,False,True
1.0,bin,13,0.2550499439239502,0.20709991455078125,0.30299997329711914,544381,Cc1nc(N2CCCC(C(=O)NC(C)C)C2)c2c(C)c(C)oc2n1,2.8890600000000006,C=CCNC(=O)CCCCNC1=NC(C)=NCOC(C)=C(C)C1,True,2.5371000000000006,-0.35196000000000005,0.11627906976744186,False,True
1.0,bin,13,0.2550499439239502,0.20709991455078125,0.30299997329711914,544382,CCCNC(=O)C1CCCN(c2nc(C)nc3oc(C)c(C)c23)C1,2.8906600000000013,CCCNC(=O)CCCCCNC1=NC(C)=NCOC(C)=C(C)C1,True,3.151200000000002,0.26054000000000066,0.2125,False,True
1.0,bin,13,0.2550499439239502,0.20709991455078125,0.30299997329711914,550049,Cc1ccc(C)c(OCC(=O)Nc2cccc(-n3cnnc3)c2)c1,2.9016400000000013,CCc1cccc(C)c1OCC(=O)Nc1cccc(-n2cnnc2)c1,True,3.1556200000000016,0.2539800000000003,0.6607142857142857,False,True
1.0,bin,13,0.2550499439239502,0.20709991455078125,0.30299997329711914,573533,Cc1nn(-c2ncc(C(F)(F)F)cc2Cl)c(=O)o1,2.2011199999999995,Cc1noc(=O)n1-c1ncc(C(F)(F)F)cc1Cl,True,2.2011200000000004,8.881784197001252e-16,0.5833333333333334,False,True
1.0,bin,13,0.2550499439239502,0.20709991455078125,0.30299997329711914,582555,O=C(NCC(O)c1ccccc1)c1ccc2c(=O)n3c(nc2c1)CCC3,1.8061000000000003,O=C(NCC(O)c1ccccc1F)c1ccc2c(=O)n3c(nc2c1)CCC3,True,1.9452,0.13909999999999978,0.7704918032786885,False,True
1.0,bin,13,0.2550499439239502,0.20709991455078125,0.30299997329711914,588547,Cc1n[nH]c(C)c1NC(=O)CCc1ccc(Cl)cc1Cl,3.9046400000000023,Cc1n[nH]c(C)c1NC(=O)CC(C)(C)c1ccccc1Cl,True,3.986340000000003,0.08170000000000055,0.5,False,True
1.0,bin,13,0.2550499439239502,0.20709991455078125,0.30299997329711914,607673,CCCN(CC1CC1)S(=O)(=O)c1ccccc1F,2.636400000000001,CCN(CC1CC1)S(=O)(=O)c1ccc(Cl)cc1,True,2.760600000000001,0.12420000000000009,0.4166666666666667,False,True
1.0,bin,13,0.2550499439239502,0.20709991455078125,0.30299997329711914,617681,Cc1cc(C(=O)Nc2nc(-c3ccncc3)cs2)nn1C(C)C,3.5432200000000016,Cc1cc(C(=O)Nc2nc(-c3ccncc3)cs2)n[nH]1,True,2.4889200000000002,-1.0543000000000013,0.6,False,True
1.0,bin,13,0.2550499439239502,0.20709991455078125,0.30299997329711914,650267,COc1ccc2oc(C(=O)NC3CCCCNC3=O)c(C)c2c1,2.14832,O=C(NC1CCCCNC1=O)C1=CCCc2ccccc21,True,1.8010999999999995,-0.34722000000000053,0.39705882352941174,False,True
1.0,bin,13,0.2550499439239502,0.20709991455078125,0.30299997329711914,668639,Cc1cc(NC(=O)c2ccccc2Cl)ncc1N,2.8779200000000005,CCc1cnc(NC(=O)c2cc(C)ccc2OC)cc1N,True,2.79552,-0.0824000000000007,0.42105263157894735,False,True
1.0,bin,13,0.2550499439239502,0.20709991455078125,0.30299997329711914,673160,CCC(=O)Nc1ccc2oc(C(F)(F)F)cc(=O)c2c1,3.160300000000001,CC(=O)NC=C1C=COC(C(F)(F)F)=C(C)C(=O)C=C1,True,2.5119000000000007,-0.6484000000000005,0.2153846153846154,False,True
1.0,bin,13,0.2550499439239502,0.20709991455078125,0.30299997329711914,711169,Cc1cccc(C(C)C)c1NC(=O)N(C)Cc1ccncc1,4.177320000000003,CCN1CC=C(C=CC2=CC(=CC=NC)CN(C)C(=O)N2)C1C(C)C,True,2.995000000000002,-1.1823200000000007,0.10465116279069768,False,True
1.0,bin,13,0.2550499439239502,0.20709991455078125,0.30299997329711914,720969,Cc1noc(C)c1CCC(=O)OCC(=O)N1c2ccccc2CC1C,2.7450400000000013,Cc1ccc2c(c1)CC(C)N2C(=O)COC(=O)CCc1c(C)noc1C,True,3.053460000000001,0.3084199999999999,0.7966101694915254,False,True
1.0,bin,13,0.2550499439239502,0.20709991455078125,0.30299997329711914,730789,COC(=O)C1CCN(C(=O)c2cc3ccc(F)cc3nc2C)CC1,2.7075200000000006,CCN(CC)C(=O)C1CCN(C(=O)c2cc3ccccc3nc2C)CC1,True,3.2638200000000017,0.5563000000000011,0.5081967213114754,False,True
1.0,bin,13,0.2550499439239502,0.20709991455078125,0.30299997329711914,738178,Cc1ccc(-n2ccnc2SCc2nc(C3CC3)no2)cc1C,4.041840000000003,CC(Sc1nccn1-c1cccc(F)c1)c1nc(C2CC2)no1,True,4.125100000000003,0.08326000000000011,0.48484848484848486,False,True
1.0,bin,13,0.2550499439239502,0.20709991455078125,0.30299997329711914,771897,COc1ccccc1OCC(=O)N(C)Cc1sccc1C,3.102520000000002,Cc1ccsc1CN(C)C(=O)COc1ccc(F)c(F)c1,True,3.3721200000000024,0.2696000000000005,0.5849056603773585,False,True
1.0,bin,13,0.2550499439239502,0.20709991455078125,0.30299997329711914,811446,COC(=O)C1(NC(=O)c2cc(Br)c[nH]2)CCCCCC1,2.7730000000000006,CC(O)CC1CCCCC1NC(=O)c1cc(Br)c[nH]1,True,2.8367000000000004,0.06369999999999987,0.39655172413793105,False,True
1.0,bin,13,0.2550499439239502,0.20709991455078125,0.30299997329711914,848291,CCC(C)NC(=O)NCc1noc(-c2cccs2)n1,2.3958000000000004,CC(C)CN(C)C(=O)NCc1noc(-c2cccs2)n1,True,2.5955000000000004,0.1997,0.631578947368421,False,False
1.0,bin,13,0.2550499439239502,0.20709991455078125,0.30299997329711914,863440,COc1ccc(-c2nc(CCCO)cs2)cc1OC,2.752200000000001,COc1ccc(-c2nc(CCCO)cs2)cc1F,True,2.8827000000000016,0.1305000000000005,0.7954545454545454,False,True
1.0,bin,13,0.2550499439239502,0.20709991455078125,0.30299997329711914,864663,N#Cc1ccc(-c2cc(F)ccc2F)nc1N1CCCC1,3.498680000000002,CCC(=O)Nc1ccc(F)cc1-c1ccc(C#N)c(N2CCCC2)n1,True,3.7080800000000025,0.20940000000000047,0.625,False,True
1.0,bin,13,0.2550499439239502,0.20709991455078125,0.30299997329711914,872100,CCc1cccc(C)c1NCC(O)c1ccc2c(c1)OCCO2,3.474120000000002,Cc1cccc(C(C)C)c1NCC(O)c1ccc2c(c1)OCCO2,True,4.035120000000002,0.5609999999999999,0.7254901960784313,False,True
1.0,bin,13,0.2550499439239502,0.20709991455078125,0.30299997329711914,886334,COc1ccc(C(=O)N2CCCC(C(=O)N3CCCCC3)C2)c(O)c1,2.2655000000000003,O=C(c1ccc(F)cc1)N1CCCC(C(=O)N2CCCCC2)C1,True,2.6904000000000012,0.42490000000000094,0.5,False,False
1.0,bin,13,0.2550499439239502,0.20709991455078125,0.30299997329711914,887387,COCCNC(=O)N(Cc1cccc(F)c1)CC1CCCO1,2.1627,CCCNC(=O)N(CC1CCCO1)CC1OCC(C)=CC=C1F,True,2.7855000000000016,0.6228000000000016,0.4507042253521127,False,True
1.0,bin,13,0.2550499439239502,0.20709991455078125,0.30299997329711914,889149,N#Cc1ccc(NC(=O)c2ccc(Br)cc2Cl)nc1,3.621480000000001,COc1c(Cl)cc(Cl)cc1C(=O)Nc1ccc(C#N)cn1,True,3.5209800000000016,-0.10049999999999937,0.5925925925925926,False,True
1.0,bin,13,0.2550499439239502,0.20709991455078125,0.30299997329711914,913483,O=C(CNC(=O)NCCc1c(Cl)cccc1Cl)NC1CC1,2.1137000000000006,O=C(CNC(=O)NCCc1cc(Cl)cc(Cl)c1)NC1CC1,True,2.1136999999999997,-8.881784197001252e-16,0.6304347826086957,False,True
1.0,bin,13,0.2550499439239502,0.20709991455078125,0.30299997329711914,917620,C=CCN(Cc1ccccc1OC)C(=O)c1csc(C)n1,3.288520000000002,C=CCN(Cc1ccc(F)cc1)C(=O)c1csc(C)n1,True,3.4190200000000024,0.1305000000000005,0.6296296296296297,False,True
1.0,bin,13,0.2550499439239502,0.20709991455078125,0.30299997329711914,918312,CCOc1ccc(Cl)c(C(=O)N2CCN(c3ncccn3)CC2)n1,1.8860999999999997,O=C(c1nccc(C(F)(F)F)n1)N1CCN(c2ncccn2)CC1,True,1.2477999999999998,-0.6382999999999999,0.43103448275862066,False,True
1.0,bin,13,0.2550499439239502,0.20709991455078125,0.30299997329711914,922879,CC(=O)c1ccc(N2CCN(Cc3c(F)cccc3F)CC2)cc1,3.489600000000003,Brc1ccc(CN2CCN(c3ccccc3)CC2)cc1,True,3.7713000000000028,0.28169999999999984,0.3469387755102041,False,True
1.0,bin,13,0.2550499439239502,0.20709991455078125,0.30299997329711914,927535,COc1cc(CN2CCN(c3ccccc3F)CC2)ccc1O,2.862100000000002,Cc1ccc(CN2CCN(c3ccc(O)c(C#N)c3)CC2)cc1F,True,3.0336000000000016,0.17149999999999954,0.4262295081967213,False,True
1.0,bin,13,0.2550499439239502,0.20709991455078125,0.30299997329711914,927567,Cc1ccccc1N1CCN(Cc2cccc(O)c2)CC1,3.022820000000001,Cc1ccccc1CNC1CCNN(c2cc(F)ccc2C)C1,True,3.315640000000002,0.29282000000000075,0.22388059701492538,False,True
1.0,bin,13,0.2550499439239502,0.20709991455078125,0.30299997329711914,938108,CC(c1ccccc1)N(C)C(=O)CCC(=O)Nc1nccs1,3.0814000000000012,Cc1nc(NC(=O)CCC(=O)NC(C)c2ccccc2)sc1C,True,3.356040000000002,0.27464000000000066,0.46551724137931033,False,True
1.0,bin,13,0.2550499439239502,0.20709991455078125,0.30299997329711914,943303,CN(CCCOc1ccccc1)C(=O)Nc1cccc2c1OCCO2,3.390600000000002,CC1CC=CC=C1OCCCNC(=O)Nc1cccc2c1OCCO2,True,3.4659000000000013,0.07529999999999948,0.463768115942029,False,True
1.0,bin,13,0.2550499439239502,0.20709991455078125,0.30299997329711914,946289,CC(NC(=O)C1(c2cc(-c3ccco3)on2)CC1)c1ccccc1,3.843600000000002,COC=CC=C1C(C)N(C)C(=O)C(C)(c2cc(-c3ccco3)on2)C1C,True,3.775400000000003,-0.06819999999999915,0.34210526315789475,False,True
1.0,bin,13,0.2550499439239502,0.20709991455078125,0.30299997329711914,994077,Cc1nnc(Cn2c(-c3cccc(Br)c3)noc2=O)o1,2.0055199999999997,CC(C)Cc1nnc(Cn2c(-c3ccccc3)noc2=O)o1,True,2.1330999999999998,0.12758000000000003,0.5555555555555556,False,True
1.0,bin,13,0.2550499439239502,0.20709991455078125,0.30299997329711914,1065620,O=C(NCc1cccnc1Oc1ccccc1)c1cccnc1,3.198900000000002,COc1ncccc1C(=O)NCc1cccnc1Oc1ccccc1F,True,3.3466000000000014,0.1476999999999995,0.4745762711864407,False,True
1.0,bin,13,0.2550499439239502,0.20709991455078125,0.30299997329711914,1093926,CN(C(=O)CNc1cccc(OCC2CCCO2)c1)c1ccccc1,3.319300000000002,Cc1ccc(NC(=O)CNc2cccc(OCC3CCCO3)c2)cc1,True,3.6034200000000025,0.2841200000000006,0.6349206349206349,False,True
1.0,bin,13,0.2550499439239502,0.20709991455078125,0.30299997329711914,1107920,CCc1ccc(-n2cc(C(=O)NC(C)c3ccccc3)nn2)cc1,3.320700000000002,CC(NC(=O)c1cn(-c2ccc(F)cc2)nn1)c1ccc(Cl)cc1,True,3.5508000000000015,0.2300999999999993,0.6,False,True
1.0,bin,13,0.2550499439239502,0.20709991455078125,0.30299997329711914,1113130,CC(NC(=O)Cn1nnnc1C(C)(C)C)c1cccc2ccccc12,3.0012000000000016,CC(Cc1cccc2ccccc12)NC(=O)Cn1nnnc1C(C)C,True,2.6971000000000007,-0.3041000000000009,0.5333333333333333,False,True
1.0,bin,13,0.2550499439239502,0.20709991455078125,0.30299997329711914,1121751,COC(=O)Cn1ccc(NS(=O)(=O)c2ccc(F)c(F)c2F)n1,1.2742,COC(=O)Cn1ccc(NS(=O)(=O)c2ccc(C)c(C)c2C)n1,True,1.7821600000000002,0.5079600000000002,0.6730769230769231,False,True
1.0,bin,13,0.2550499439239502,0.20709991455078125,0.30299997329711914,1142531,CCOC(C)C(=O)NCCc1csc(-c2ccc(C)cc2)n1,3.2022200000000014,Cc1ccc(-c2nc(CCNC(=O)C(C)(C)C)cs2)cc1,True,3.8233200000000025,0.6211000000000011,0.6226415094339622,False,True
1.0,bin,13,0.2550499439239502,0.20709991455078125,0.30299997329711914,1212157,CN(Cc1ccc(F)c(F)c1)C(=O)c1cncc(-c2cnn(C)c2)c1,3.0325000000000015,CNN=CC1=C2CC(=CC(=O)N(Cc3ccc(O)cc3)C(C)C)N=CC12,True,2.619200000000001,-0.41330000000000044,0.15730337078651685,False,True
1.0,bin,13,0.2550499439239502,0.20709991455078125,0.30299997329711914,1215394,CCn1nc(C)cc1C(=O)Oc1cccc(NC(=O)C(C)C)c1,3.025120000000001,CCn1nc(C)cc1C(=O)Oc1ccc(C(C)=O)cc1Cl,True,3.286620000000002,0.26150000000000073,0.47540983606557374,False,True
1.0,bin,13,0.2550499439239502,0.20709991455078125,0.30299997329711914,1232922,CC(C)(C)OC(=O)NC1CCCN(S(=O)(=O)N2CCOCC2)C1,0.5525000000000011,CCCOC(=O)C1CCN(S(=O)(=O)N2CCOC(C)C2)CC1,True,0.6171000000000011,0.06459999999999999,0.3333333333333333,False,True
1.0,bin,13,0.2550499439239502,0.20709991455078125,0.30299997329711914,1238973,FC(F)(F)c1cnc(N2CCn3c(nnc3C3CC3)C2)c(Cl)c1,3.2429000000000023,CC(C)c1ccc(N2CCn3c(nnc3C3CC3)C2)nc1,True,2.6941000000000006,-0.5488000000000017,0.45,False,True
1.0,bin,13,0.2550499439239502,0.20709991455078125,0.30299997329711914,1299495,Cc1cc(CC(=O)N2CCCC2C(C#N)c2ccccc2)no1,2.823900000000001,Cc1cc(CC(=O)N2CCCC2C(C#N)c2ccccc2)on1,True,2.823900000000001,0.0,0.7457627118644068,False,True
1.0,bin,13,0.2550499439239502,0.20709991455078125,0.30299997329711914,1309906,CC(C)CC(NC(=O)c1cc(=O)c2ccccc2o1)C(=O)OC(C)C,2.8891000000000018,CCCCCNC(=O)c1cc(=O)c2ccccc2o1,True,2.713000000000001,-0.1761000000000008,0.5,False,False
1.0,bin,13,0.2550499439239502,0.20709991455078125,0.30299997329711914,1362816,COCc1cccc(C(=O)NC2CC2c2cccc(Cl)c2)c1,3.772300000000002,O=C(NC1CC1c1cccc(F)c1)c1cccc(C(F)(F)F)c1,True,4.1304000000000025,0.3581000000000003,0.4666666666666667,False,True
1.0,bin,13,0.2550499439239502,0.20709991455078125,0.30299997329711914,1441838,COCC(=O)NC(C(=O)Nc1cccc(-c2nccs2)c1)C(C)C,2.5358,COC(=O)C(C)CNC(=O)Nc1cccc(-c2nccs2)c1,True,2.7407000000000012,0.2049000000000012,0.5967741935483871,False,False
1.0,bin,13,0.2550499439239502,0.20709991455078125,0.30299997329711914,1450449,CCCNC(=O)CSc1nc2c(cc1C#N)CCCC2,2.450380000000001,CC(C)COC(=O)CSc1nc2c(cc1C#N)CCCC2,True,3.123380000000002,0.6730000000000009,0.603448275862069,False,True
1.0,bin,13,0.2550499439239502,0.20709991455078125,0.30299997329711914,1451910,O=S(=O)(NCc1nnc2ccccn12)c1ccc(F)c(F)c1,1.4859999999999995,Cc1ccc(S(=O)(=O)NCc2nnc3ccccn23)c(F)c1,True,1.6553200000000001,0.16932000000000058,0.6415094339622641,False,False
1.0,bin,13,0.2550499439239502,0.20709991455078125,0.30299997329711914,1479798,Cc1nc(C)c(CCC(=O)N(CC(C)C)CC(F)(F)F)c(=O)[nH]1,2.3662400000000003,Cc1nc(C)c(CCC(=O)N(CC(C)C)CC(C)C)c(=O)[nH]1,True,2.4599399999999996,0.09369999999999923,0.8,False,True
1.0,bin,13,0.2550499439239502,0.20709991455078125,0.30299997329711914,1507926,COC(=O)C(C)NC(=O)Cc1csc(-c2ccccc2Cl)n1,2.6837,NC(=O)Cc1csc(-c2ccccc2Br)n1,True,2.6004000000000005,-0.08329999999999949,0.43636363636363634,False,True
1.0,bin,13,0.2550499439239502,0.20709991455078125,0.30299997329711914,1527882,Nc1ncccc1C(=O)Nc1ccc2cn[nH]c2c1,1.7923999999999998,Nc1ncccc1C(=O)Nc1ccc2cn[nH]c2c1,True,1.7923999999999998,0.0,1.0,True,False
1.0,bin,13,0.2550499439239502,0.20709991455078125,0.30299997329711914,1532848,COc1ccc(-c2ccc3c(=O)[nH]cnc3c2)cc1Cl,3.2521000000000013,O=c1[nH]cnc2cc(-c3ccc(Br)cc3)ccc12,True,3.3526000000000016,0.10050000000000026,0.5813953488372093,False,True
1.0,bin,13,0.2550499439239502,0.20709991455078125,0.30299997329711914,1548351,COc1cc(OC)c2c(c1)C(c1cnccn1)NCC2,1.7288999999999999,Cc1ccc(F)c2c1CCNC2c1cnccn1,True,2.1592200000000004,0.4303200000000005,0.45454545454545453,False,True
1.0,bin,13,0.2550499439239502,0.20709991455078125,0.30299997329711914,1570134,COc1cccc(C(C)N2CCN(C(=O)c3ccc(O)cc3)CC2)c1,2.9198000000000013,COc1ccc(C(C)N2CCN(C(=O)c3ccc(F)cc3)CC2)cc1,True,3.3533000000000026,0.43350000000000133,0.5961538461538461,False,True
1.0,bin,13,0.2550499439239502,0.20709991455078125,0.30299997329711914,1611406,CC(C)(C)N1CC(NC(=O)C2COc3ccc(F)cc3C2)CC1=O,1.8923999999999994,Cc1ccc2c(c1)OCC(C(=O)NC1CC(=O)N(C(C)C)C1)C2,True,1.6716199999999992,-0.2207800000000002,0.5,False,True
1.0,bin,13,0.2550499439239502,0.20709991455078125,0.30299997329711914,1612684,CCCC1CN(C(=O)Nc2ccn(CCC(C)C)n2)CCO1,2.9620000000000015,CCCCC1OCCN1C(=O)Nc1ccn(CC(C)C)n1,True,2.919500000000001,-0.042500000000000426,0.5303030303030303,False,True
1.0,bin,13,0.2550499439239502,0.20709991455078125,0.30299997329711914,1639675,CCC(CC)c1nnc(NC(=O)c2scnc2C2CC2)s1,4.0279000000000025,CC(C)(C)CCc1nnc(NC(=O)c2scnc2C2CC2)s1,True,4.103000000000003,0.07510000000000083,0.6363636363636364,False,True
1.0,bin,13,0.2550499439239502,0.20709991455078125,0.30299997329711914,1675660,COc1ccnc(NC(=O)c2cccc(Cl)c2)c1,2.9959000000000007,O=C(Nc1ccccn1)c1ccc(Cl)cc1F,True,3.126400000000001,0.1305000000000005,0.3888888888888889,False,True
1.0,bin,13,0.2550499439239502,0.20709991455078125,0.30299997329711914,1689728,CCc1noc(CSc2ncnc3sc(C)cc23)n1,3.237420000000002,CCCc1noc(CSc2ncnc3sc(C)cc23)n1,True,3.6275200000000023,0.39010000000000034,0.8333333333333334,False,False
1.0,bin,13,0.2550499439239502,0.20709991455078125,0.30299997329711914,1720876,CC(C)(C)CC(=O)NCC(=O)Nc1ccc2c(c1)COC2,2.2077,CC(C)COCCC(=O)Nc1ccc2c(c1)COC2,True,2.718000000000001,0.5103000000000009,0.5094339622641509,False,False
1.0,bin,13,0.2550499439239502,0.20709991455078125,0.30299997329711914,1757109,CC(C)Cc1ncc(CNc2ccc3c(c2)COC3)s1,3.983900000000003,CC(C)SC=NC=C(S)CNc1ccc2c(c1)COC2,True,4.069800000000003,0.08590000000000053,0.38095238095238093,False,True
1.0,bin,13,0.2550499439239502,0.20709991455078125,0.30299997329711914,1774061,O=C1NCCCc2[nH]c(-c3cccc4[nH]ccc34)nc21,2.234,CC1CC2NC(c3nc4c([nH]3)CCCNC4=O)=CC=C2N1,True,0.6640999999999998,-1.5699,0.4126984126984127,False,True
1.0,bin,13,0.2550499439239502,0.20709991455078125,0.30299997329711914,1800687,Cc1nn(C)c(-c2nc(-c3cccnn3)no2)c1Cl,1.8889199999999997,Cc1nn(C)c(-c2nc(-c3cccnn3)no2)c1Cl,True,1.8889199999999997,0.0,1.0,True,False
1.0,bin,13,0.2550499439239502,0.20709991455078125,0.30299997329711914,1815867,FC(F)(F)c1ccc(CN2CCOCC2c2ncon2)cc1,2.661900000000001,Cc1cccc(C)c1CN1CCOCC1c1ncon1,True,2.2599400000000003,-0.40196000000000076,0.5925925925925926,False,True
1.0,bin,13,0.2550499439239502,0.20709991455078125,0.30299997329711914,1828580,Cc1ccc(N2CC3OCC(=O)N(Cc4cccc(F)c4)C3C2)nn1,1.54032,Cc1cccnc1N1CCOCC(=O)N2CCC=CC=CCC21,True,2.2875200000000007,0.7472000000000008,0.17647058823529413,False,True
1.0,bin,13,0.2550499439239502,0.20709991455078125,0.30299997329711914,1836183,CCc1ccc(C(=O)NCc2nccc(N(C)C)n2)cc1,2.035,CN(C)c1ccnc(CNC(=O)c2cccc(COCC(F)(F)F)c2)n1,True,2.5515000000000008,0.5165000000000006,0.55,False,True
1.0,bin,13,0.2550499439239502,0.20709991455078125,0.30299997329711914,1842499,COc1ccccc1COc1ccccc1-c1cnn(CCO)c1,3.1300000000000017,OCCCn1cc(-c2cccc(F)c2)cn1,True,2.0715999999999997,-1.058400000000002,0.3508771929824561,False,True
1.0,bin,13,0.2550499439239502,0.20709991455078125,0.30299997329711914,1865564,COC(CNC(=O)c1ccoc1)c1cccc(F)c1,2.536200000000001,O=C(NCC(O)c1cccc(CC(F)F)c1)c1ccoc1,True,2.550600000000001,0.01440000000000019,0.5172413793103449,False,True
1.0,bin,13,0.2550499439239502,0.20709991455078125,0.30299997329711914,1868773,CCCOc1ccc(Cl)c2c1CCNC2C1CC(=O)C1,3.2947000000000015,Cc1cc(Cl)c2c(c1)CCNC21CCC(=O)C1,True,2.742420000000001,-0.5522800000000005,0.19117647058823528,False,True
1.0,bin,13,0.2550499439239502,0.20709991455078125,0.30299997329711914,1873123,CCC1OC(=O)c2c(OC)ccc(Br)c21,3.079200000000002,CCOc1ccc(Br)c2c1C(=O)OC2CC,True,3.4693000000000023,0.39010000000000034,0.7631578947368421,False,True
1.0,bin,13,0.2550499439239502,0.20709991455078125,0.30299997329711914,1875028,Cc1cccc(C)c1NCC(=O)N1CCCC2CCCCC21,3.8965400000000034,CSC1=CC=C(NCC(=O)NCCC2CCCCC2C)C1,True,3.443100000000002,-0.4534400000000014,0.21739130434782608,False,True
1.0,bin,13,0.2550499439239502,0.20709991455078125,0.30299997329711914,1895921,CCC(CC)N(C)C(=O)CC1OC(=O)c2ccccc21,2.935200000000002,CCCCC(=O)N(C)CC1OC(=O)c2c(Cl)cccc21,True,3.2001000000000017,0.2648999999999999,0.35,False,True
1.0,bin,13,0.2550499439239502,0.20709991455078125,0.30299997329711914,1907077,Cc1ccc2[nH]nc(C(=O)Nc3nc(-c4ccco4)cs3)c2c1,3.8401200000000015,CCc1ccc2[nH]nc(C(=O)Nc3nc(-c4ccco4)cs3)c2c1,True,4.094100000000003,0.2539800000000012,0.7796610169491526,False,True
1.0,bin,13,0.2550499439239502,0.20709991455078125,0.30299997329711914,1913063,Cc1nn(C)c(C)c1CN(C(=O)c1cn2cccc(C)c2n1)C1CC1,2.797860000000001,CCCN1C=C1CN(CCC)C(=O)c1cn2cccc(C)c2n1,True,3.0619200000000015,0.2640600000000006,0.463768115942029,False,True
1.0,bin,13,0.2550499439239502,0.20709991455078125,0.30299997329711914,1922265,CN(CCNC(=O)c1ccc2c(c1)ncn2C)c1ccccc1,2.4395000000000007,Cc1nc2cc(C(=O)NCCNc3ccccc3)ccc2n1C,True,2.7236200000000004,0.2841199999999997,0.47540983606557374,False,True
1.0,bin,14,0.34654998779296875,0.30299997329711914,0.39010000228881836,32052,COc1ccccc1CNC(=O)Cc1c[nH]c2ccccc12,3.035400000000001,O=C(Cc1c[nH]c2ccccc12)NCc1ccc(F)c(F)c1,True,3.3050000000000015,0.2696000000000005,0.5686274509803921,False,True
1.0,bin,14,0.34654998779296875,0.30299997329711914,0.39010000228881836,116747,COCCSc1ccccc1C(=O)Nc1cccc(C)n1,3.3808200000000017,CCOc1ccc(OCC)c(C(=O)Nc2cccc(C)n2)c1,True,3.439720000000002,0.058900000000000396,0.47368421052631576,False,True
1.0,bin,14,0.34654998779296875,0.30299997329711914,0.39010000228881836,131060,CS(=O)(=O)NCCc1csc(-c2ccc(F)cc2)n1,2.0408999999999997,CS(=O)(=O)NCc1csc(-c2ccc(Cl)cc2)n1,True,2.5127000000000006,0.4718000000000009,0.574468085106383,False,True
1.0,bin,14,0.34654998779296875,0.30299997329711914,0.39010000228881836,131949,CCc1c(C)nc(SCC(=O)NC(C)C)[nH]c1=O,1.25742,CCCN(C[NH])C(=O)CSC1=NCC(C)=C(C)C1=O,True,1.5162,0.25878,0.19696969696969696,False,True
1.0,bin,14,0.34654998779296875,0.30299997329711914,0.39010000228881836,158879,COc1ccc(CC(=O)OCC(=O)c2c[nH]c3ccccc23)cc1,3.145100000000001,COc1ccc(CC(=O)OC(C)C(=O)c2c[nH]c3ccccc23)cc1,True,3.5336000000000016,0.3885000000000005,0.660377358490566,False,True
1.0,bin,14,0.34654998779296875,0.30299997329711914,0.39010000228881836,232056,COCCNC(=O)c1cc(=O)c2cc(C)ccc2o1,1.4776199999999993,CCCNC(=O)c1cc(=O)c2cc(OC)ccc2o1,True,1.9414,0.46378000000000075,0.62,False,True
1.0,bin,14,0.34654998779296875,0.30299997329711914,0.39010000228881836,235788,O=C(Cn1nc(-c2ccco2)oc1=O)NCC(F)(F)F,0.7747999999999999,CC(O)(NCC(F)(F)F)n1nc(-c2ccco2)oc1=O,True,0.8706999999999998,0.09589999999999987,0.5714285714285714,False,True
1.0,bin,14,0.34654998779296875,0.30299997329711914,0.39010000228881836,236081,CC(=O)c1c(C)[nH]c(C(=O)CSc2nc(C(C)C)n[nH]2)c1C,3.0506400000000014,CSc1n[nH]c(SCC(=O)c2[nH]c(C(C)=O)cc2C)n1,True,2.34072,-0.7099200000000012,0.4576271186440678,False,True
1.0,bin,14,0.34654998779296875,0.30299997329711914,0.39010000228881836,281081,O=C(Cn1cccn1)NCc1cccnc1Oc1ccc(F)cc1F,2.665000000000001,O=C(Cn1cccn1)NCc1cccnc1Oc1ccc(Cl)cc1,True,3.0402000000000013,0.3752000000000004,0.639344262295082,False,True
1.0,bin,14,0.34654998779296875,0.30299997329711914,0.39010000228881836,284170,COc1ccc(-c2nc(CC(=O)Nc3cccc(C)n3)cs2)cc1,3.7033200000000024,Cc1cccc(NC(=O)Cc2csc(-c3ccc(C)c(F)c3)n2)n1,True,4.142240000000003,0.4389200000000004,0.6964285714285714,False,True
1.0,bin,14,0.34654998779296875,0.30299997329711914,0.39010000228881836,288369,Cc1ccc(NCc2nnc3n2CCCCC3)cc1C,3.2334400000000016,CC(C)CN(C)C(=O)c1cccc(NCc2nnc3n2CCCCC3)c1,True,3.3446000000000025,0.11116000000000081,0.532258064516129,False,True
1.0,bin,14,0.34654998779296875,0.30299997329711914,0.39010000228881836,302889,COc1ccc(OC)c(NC(=O)CCNC(=O)c2cccs2)c1,2.5239000000000003,COc1ccc(NC(=O)CCNC(=O)c2ccc(C)s2)cc1,True,2.8237200000000016,0.2998200000000013,0.4745762711864407,False,True
1.0,bin,14,0.34654998779296875,0.30299997329711914,0.39010000228881836,327141,COc1ccc(OC)c(S(=O)(=O)Nc2ccn(C)n2)c1,1.2381,CCC(=O)c1ccc(S(=O)(=O)Nc2ccn(C)n2)cc1,True,1.8136,0.5755000000000001,0.42592592592592593,False,True
1.0,bin,14,0.34654998779296875,0.30299997329711914,0.39010000228881836,327382,CNC(=O)C1CN(C(=O)c2c(C)noc2C)c2ccccc2O1,1.4452399999999996,CCNC(=O)C1CN(C(=O)c2cnoc2C)c2ccccc2O1,True,1.5269199999999994,0.08167999999999975,0.532258064516129,False,True
1.0,bin,14,0.34654998779296875,0.30299997329711914,0.39010000228881836,406491,COCCNC(=O)C1CCCN(S(=O)(=O)N2CCOCC2)C1,-0.9619999999999964,NC(=O)CC1CCN(S(=O)(=O)N2CCOCC2)CC1,True,-0.8491999999999984,0.11279999999999801,0.41509433962264153,False,True
1.0,bin,14,0.34654998779296875,0.30299997329711914,0.39010000228881836,413951,O=C(Cn1ncn2cccc2c1=O)N1CCCCCC1,0.8985999999999996,CC1CCN(C(=O)Cn2ncn3cccc3c2=O)CC1,True,0.7544999999999997,-0.1440999999999999,0.7446808510638298,False,True
1.0,bin,14,0.34654998779296875,0.30299997329711914,0.39010000228881836,427929,CCNc1nc(NCc2ccccc2Cl)c2cnn(C)c2n1,3.060600000000001,Cc1nc(NCc2ccccc2Cl)c2cnn(C)c2n1,True,2.937220000000001,-0.12338000000000005,0.7346938775510204,False,True
1.0,bin,14,0.34654998779296875,0.30299997329711914,0.39010000228881836,447130,CCC(NC(=O)C1CCN(C(=O)C2CC2)CC1)c1ccc(C)cc1,3.2109200000000016,CCC(NC(=O)C1CCN(C(=O)C2CC2)CC1)c1cc(F)ccc1F,True,3.1807000000000016,-0.030219999999999914,0.6111111111111112,False,True
1.0,bin,14,0.34654998779296875,0.30299997329711914,0.39010000228881836,481908,CCNS(=O)(=O)c1ccc(C)c(C(=O)Nc2ncccc2C)c1,2.24894,CNS(=O)(=O)C=C1C=CC(C(=O)Nc2ccc(C)cn2)C(Cl)=C1,True,2.0703199999999997,-0.17862000000000045,0.17721518987341772,False,True
1.0,bin,14,0.34654998779296875,0.30299997329711914,0.39010000228881836,485220,Cc1nn(CC(=O)N2CCN(C)CC2)c(C)c1Br,1.03644,Cc1nn(CC(=O)N2CCN(C)CC2)c(C)c1Br,True,1.03644,0.0,1.0,True,False
1.0,bin,14,0.34654998779296875,0.30299997329711914,0.39010000228881836,526363,Cc1nnc(SCC(=O)Nc2ccc(O)cc2)n(N)c1=O,0.09692,Cc1nnc(SCC(=O)Nc2cc(F)ccc2F)n(N)c1=O,True,0.6695199999999999,0.5725999999999999,0.6181818181818182,False,False
1.0,bin,14,0.34654998779296875,0.30299997329711914,0.39010000228881836,536853,COc1ccc(C2CCCN2C(=O)C2CCC2)c(OC)c1,3.1674000000000015,COc1ccc(C2CCCN2C(=O)C2CCC2)cc1OC,True,3.1674000000000015,0.0,0.6326530612244898,False,True
1.0,bin,14,0.34654998779296875,0.30299997329711914,0.39010000228881836,540312,Cc1nn(C)c2nc(C3CC3)cc(C(=O)NCC(=O)NC(C)(C)C)c12,1.7986199999999997,CCCOCCNC(=O)C1C=C(C2CC2)N=c2c(c(C)nn2C)=C1,True,0.5951200000000014,-1.2034999999999982,0.275,False,True
1.0,bin,14,0.34654998779296875,0.30299997329711914,0.39010000228881836,544381,Cc1nc(N2CCCC(C(=O)NC(C)C)C2)c2c(C)c(C)oc2n1,2.8890600000000006,CCCCNC=NC(=C1C(=N)OC(C)=C1C)N1CCCC(COC)C1,True,3.2757700000000023,0.38671000000000166,0.15555555555555556,False,True
1.0,bin,14,0.34654998779296875,0.30299997329711914,0.39010000228881836,544382,CCCNC(=O)C1CCCN(c2nc(C)nc3oc(C)c(C)c23)C1,2.8906600000000013,CCCC(=O)NC1CCCN(c2nc(C)nc3oc(C)c(C)c23)C1,True,3.0331600000000014,0.14250000000000007,0.6451612903225806,False,True
1.0,bin,14,0.34654998779296875,0.30299997329711914,0.39010000228881836,550049,Cc1ccc(C)c(OCC(=O)Nc2cccc(-n3cnnc3)c2)c1,2.9016400000000013,Cc1cc(NC(=O)COc2ccc(Cl)cc2)ccc1-n1cnnc1,True,3.246620000000001,0.3449799999999996,0.46774193548387094,False,True
1.0,bin,14,0.34654998779296875,0.30299997329711914,0.39010000228881836,573533,Cc1nn(-c2ncc(C(F)(F)F)cc2Cl)c(=O)o1,2.2011199999999995,CC=NN(C=O)c1ncc(C(F)(F)F)cc1Cl,True,2.7223000000000015,0.521180000000002,0.36363636363636365,False,True
1.0,bin,14,0.34654998779296875,0.30299997329711914,0.39010000228881836,582555,O=C(NCC(O)c1ccccc1)c1ccc2c(=O)n3c(nc2c1)CCC3,1.8061000000000003,COC(CNC(=O)c1ccc2c(=O)[nH]cnc2c1)c1ccccc1C,True,2.3490200000000003,0.5429200000000001,0.3333333333333333,False,True
1.0,bin,14,0.34654998779296875,0.30299997329711914,0.39010000228881836,588547,Cc1n[nH]c(C)c1NC(=O)CCc1ccc(Cl)cc1Cl,3.9046400000000023,Cc1n[nH]c(C)c1NC(=O)CCc1ccc(Cl)cc1Cl,True,3.9046400000000023,0.0,1.0,True,False
1.0,bin,14,0.34654998779296875,0.30299997329711914,0.39010000228881836,607673,CCCN(CC1CC1)S(=O)(=O)c1ccccc1F,2.636400000000001,CC(C)CN(CC1CC1)S(=O)(=O)c1cc(F)ccc1F,True,3.0215000000000014,0.38510000000000044,0.5306122448979592,False,True
1.0,bin,14,0.34654998779296875,0.30299997329711914,0.39010000228881836,617681,Cc1cc(C(=O)Nc2nc(-c3ccncc3)cs2)nn1C(C)C,3.5432200000000016,CSc1cc(C(=O)Nc2nc(-c3ccnc(C)c3)cs2)nn1C,True,3.2212200000000015,-0.32200000000000006,0.5,False,True
1.0,bin,14,0.34654998779296875,0.30299997329711914,0.39010000228881836,650267,COc1ccc2oc(C(=O)NC3CCCCNC3=O)c(C)c2c1,2.14832,Cc1ccc2oc(C(=O)NC3CCCCNC3=O)c(C)c2c1,True,2.4481400000000004,0.2998200000000004,0.7818181818181819,False,True
1.0,bin,14,0.34654998779296875,0.30299997329711914,0.39010000228881836,668639,Cc1cc(NC(=O)c2ccccc2Cl)ncc1N,2.8779200000000005,Nc1cc(Cl)cnc1NC(=O)c1ccc(Cl)cc1,True,3.222900000000001,0.3449800000000005,0.36538461538461536,False,True
1.0,bin,14,0.34654998779296875,0.30299997329711914,0.39010000228881836,673160,CCC(=O)Nc1ccc2oc(C(F)(F)F)cc(=O)c2c1,3.160300000000001,CC(=O)c1ccc2oc(C(F)(F)F)cc(=O)c2c1,True,3.014400000000001,-0.14590000000000014,0.6086956521739131,False,True
1.0,bin,14,0.34654998779296875,0.30299997329711914,0.39010000228881836,711169,Cc1cccc(C(C)C)c1NC(=O)N(C)Cc1ccncc1,4.177320000000003,CC(C)c1ccc(F)c(NC(=O)NCc2ccncc2)c1Cl,True,4.319200000000003,0.14188000000000045,0.3709677419354839,False,True
1.0,bin,14,0.34654998779296875,0.30299997329711914,0.39010000228881836,720969,Cc1noc(C)c1CCC(=O)OCC(=O)N1c2ccccc2CC1C,2.7450400000000013,Cc1noc(C)c1CCC(=O)OC(C)C(=O)N1c2ccccc2CC1C,True,3.1335400000000018,0.3885000000000005,0.7096774193548387,False,True
1.0,bin,14,0.34654998779296875,0.30299997329711914,0.39010000228881836,730789,COC(=O)C1CCN(C(=O)c2cc3ccc(F)cc3nc2C)CC1,2.7075200000000006,COC(=O)C1CCN(C(=O)c2cc3cc(C)ccc3nc2C)CC1,True,2.8768400000000014,0.1693200000000008,0.6981132075471698,False,True
1.0,bin,14,0.34654998779296875,0.30299997329711914,0.39010000228881836,738178,Cc1ccc(-n2ccnc2SCc2nc(C3CC3)no2)cc1C,4.041840000000003,Clc1ccccc1-n1ccnc1SCc1nc(C2CC2)no1,True,4.078400000000002,0.036559999999998816,0.6206896551724138,False,True
1.0,bin,14,0.34654998779296875,0.30299997329711914,0.39010000228881836,771897,COc1ccccc1OCC(=O)N(C)Cc1sccc1C,3.102520000000002,Cc1ccsc1CN(C)C(=O)COc1ccc(N)cc1Cl,True,3.3295200000000014,0.22699999999999942,0.6111111111111112,False,True
1.0,bin,14,0.34654998779296875,0.30299997329711914,0.39010000228881836,811446,COC(=O)C1(NC(=O)c2cc(Br)c[nH]2)CCCCCC1,2.7730000000000006,CC(C)N(C)Cc1c[nH]c(C(=O)N2CCCCCC2C#N)c1,True,2.763280000000001,-0.009719999999999729,0.2054794520547945,False,True
1.0,bin,14,0.34654998779296875,0.30299997329711914,0.39010000228881836,848291,CCC(C)NC(=O)NCc1noc(-c2cccs2)n1,2.3958000000000004,CCC(C)(C)NC(=O)NCc1noc(-c2cccs2)n1,True,2.7859000000000007,0.39010000000000034,0.6727272727272727,False,True
1.0,bin,14,0.34654998779296875,0.30299997329711914,0.39010000228881836,863440,COc1ccc(-c2nc(CCCO)cs2)cc1OC,2.752200000000001,COc1ccc(OC)c(-c2nc(CCCO)cs2)c1,True,2.752200000000001,0.0,0.6739130434782609,False,False
1.0,bin,14,0.34654998779296875,0.30299997329711914,0.39010000228881836,864663,N#Cc1ccc(-c2cc(F)ccc2F)nc1N1CCCC1,3.498680000000002,N#Cc1ccc(-c2cccc(Cl)c2)nc1N1CCCC1,True,3.8738800000000024,0.3752000000000004,0.56,False,True
1.0,bin,14,0.34654998779296875,0.30299997329711914,0.39010000228881836,872100,CCc1cccc(C)c1NCC(O)c1ccc2c(c1)OCCO2,3.474120000000002,OC(CNc1ccc(F)c(Cl)c1)c1ccc2c(c1)OCCO2,True,3.3958000000000013,-0.07832000000000061,0.4827586206896552,False,True
1.0,bin,14,0.34654998779296875,0.30299997329711914,0.39010000228881836,886334,COc1ccc(C(=O)N2CCCC(C(=O)N3CCCCC3)C2)c(O)c1,2.2655000000000003,Cc1ccc(C(=O)N2CCCC(C(=O)N3CCCCC3)C2)c(O)c1,True,2.5653200000000007,0.2998200000000004,0.7291666666666666,False,False
1.0,bin,14,0.34654998779296875,0.30299997329711914,0.39010000228881836,887387,COCCNC(=O)N(Cc1cccc(F)c1)CC1CCCO1,2.1627,COCCNC(=O)N(Cc1ccccc1C)C1CCCO1,True,2.2895199999999996,0.1268199999999995,0.4925373134328358,False,True
1.0,bin,14,0.34654998779296875,0.30299997329711914,0.39010000228881836,889149,N#Cc1ccc(NC(=O)c2ccc(Br)cc2Cl)nc1,3.621480000000001,N#Cc1ccc(NC(=O)c2cc(Cl)ccc2Cl)nc1,True,3.512380000000001,-0.10909999999999975,0.6666666666666666,False,False
1.0,bin,14,0.34654998779296875,0.30299997329711914,0.39010000228881836,913483,O=C(CNC(=O)NCCc1c(Cl)cccc1Cl)NC1CC1,2.1137000000000006,CC(Cc1ccccc1Cl)NC(=O)NCC(=O)NC1CC1,True,1.8488000000000002,-0.26490000000000036,0.5283018867924528,False,True
1.0,bin,14,0.34654998779296875,0.30299997329711914,0.39010000228881836,917620,C=CCN(Cc1ccccc1OC)C(=O)c1csc(C)n1,3.288520000000002,C=CCN(Cc1ccc(Cl)cc1)C(=O)c1csc(C)n1,True,3.933320000000003,0.6448000000000009,0.6,False,True
1.0,bin,14,0.34654998779296875,0.30299997329711914,0.39010000228881836,918312,CCOc1ccc(Cl)c(C(=O)N2CCN(c3ncccn3)CC2)n1,1.8860999999999997,CCOc1cc(C)nc(C(=O)N2CCN(c3ncccn3)CC2)c1C,True,1.8495400000000002,-0.03655999999999948,0.5714285714285714,False,True
1.0,bin,14,0.34654998779296875,0.30299997329711914,0.39010000228881836,922879,CC(=O)c1ccc(N2CCN(Cc3c(F)cccc3F)CC2)cc1,3.489600000000003,CC(=O)c1ccc(N2CCN(Cc3ccc(Cl)cc3)CC2)cc1,True,3.8648000000000025,0.37519999999999953,0.6,False,True
1.0,bin,14,0.34654998779296875,0.30299997329711914,0.39010000228881836,927535,COc1cc(CN2CCN(c3ccccc3F)CC2)ccc1O,2.862100000000002,COc1cc(CN2CCN(c3ccccc3C)CC2)ccc1F,True,3.464920000000002,0.6028199999999999,0.66,False,True
1.0,bin,14,0.34654998779296875,0.30299997329711914,0.39010000228881836,927567,Cc1ccccc1N1CCN(Cc2cccc(O)c2)CC1,3.022820000000001,COc1cccc(CN2CCN(c3cccc(OC)c3C)CC2)c1,True,3.3344200000000024,0.3116000000000012,0.49019607843137253,False,True
1.0,bin,14,0.34654998779296875,0.30299997329711914,0.39010000228881836,938108,CC(c1ccccc1)N(C)C(=O)CCC(=O)Nc1nccs1,3.0814000000000012,CC(c1ccc(Cl)cc1)N(C)C(=O)CCC(=O)Nc1nccs1,True,3.7348000000000017,0.6534000000000004,0.8,False,True
1.0,bin,14,0.34654998779296875,0.30299997329711914,0.39010000228881836,943303,CN(CCCOc1ccccc1)C(=O)Nc1cccc2c1OCCO2,3.390600000000002,CN(CCCOc1ccccc1F)C(=O)Nc1cccc2c1OCCO2,True,3.529700000000002,0.1391,0.75,False,True
1.0,bin,14,0.34654998779296875,0.30299997329711914,0.39010000228881836,946289,CC(NC(=O)C1(c2cc(-c3ccco3)on2)CC1)c1ccccc1,3.843600000000002,CC(NC(=O)C1N=C1C=C(O)c1ccco1)c1ccccc1F,True,3.018200000000001,-0.825400000000001,0.28,False,True
1.0,bin,14,0.34654998779296875,0.30299997329711914,0.39010000228881836,994077,Cc1nnc(Cn2c(-c3cccc(Br)c3)noc2=O)o1,2.0055199999999997,CCC1=NN=C1Cn1c(-c2ccccc2OC)noc1=O,True,1.7325000000000002,-0.2730199999999996,0.328125,False,True
1.0,bin,14,0.34654998779296875,0.30299997329711914,0.39010000228881836,1065620,O=C(NCc1cccnc1Oc1ccccc1)c1cccnc1,3.198900000000002,Cc1ccccc1Oc1ncccc1CNC(=O)c1cccnc1,True,3.507320000000001,0.30841999999999903,0.74,False,True
1.0,bin,14,0.34654998779296875,0.30299997329711914,0.39010000228881836,1093926,CN(C(=O)CNc1cccc(OCC2CCCO2)c1)c1ccccc1,3.319300000000002,Cc1ccc(C)c(NC(=O)CNc2cccc(OCC3CCCO3)c2)c1,True,3.9118400000000024,0.5925400000000005,0.6060606060606061,False,True
1.0,bin,14,0.34654998779296875,0.30299997329711914,0.39010000228881836,1107920,CCc1ccc(-n2cc(C(=O)NC(C)c3ccccc3)nn2)cc1,3.320700000000002,Cc1ccc(-n2nnc(C(=O)NC(C)c3ccc(F)cc3)c2C)cc1,True,3.5142400000000027,0.1935400000000005,0.359375,False,False
1.0,bin,14,0.34654998779296875,0.30299997329711914,0.39010000228881836,1113130,CC(NC(=O)Cn1nnnc1C(C)(C)C)c1cccc2ccccc12,3.0012000000000016,CCc1nnnn1CC(=O)NC(C)Cc1cccc2ccccc12,True,2.1361,-0.8651000000000018,0.5245901639344263,False,True
1.0,bin,14,0.34654998779296875,0.30299997329711914,0.39010000228881836,1121751,COC(=O)Cn1ccc(NS(=O)(=O)c2ccc(F)c(F)c2F)n1,1.2742,COC(=O)Cn1ccc(NS(=O)(=O)c2ccc(C)cc2C)n1,True,1.47374,0.19954000000000005,0.660377358490566,False,True
1.0,bin,14,0.34654998779296875,0.30299997329711914,0.39010000228881836,1142531,CCOC(C)C(=O)NCCc1csc(-c2ccc(C)cc2)n1,3.2022200000000014,COCCCC(=O)NCCc1csc(-c2ccc(C)cc2)n1,True,3.2038200000000012,0.0015999999999998238,0.5862068965517241,False,True
1.0,bin,14,0.34654998779296875,0.30299997329711914,0.39010000228881836,1212157,CN(Cc1ccc(F)c(F)c1)C(=O)c1cncc(-c2cnn(C)c2)c1,3.0325000000000015,CC(NC(=O)c1cncc(-c2cnn(C)c2)c1)c1ccc(F)cc1,True,3.1122000000000023,0.07970000000000077,0.46875,False,True
1.0,bin,14,0.34654998779296875,0.30299997329711914,0.39010000228881836,1215394,CCn1nc(C)cc1C(=O)Oc1cccc(NC(=O)C(C)C)c1,3.025120000000001,CCC(C)NC(=O)NC=C1C=CC(OC(=O)c2cc(C)nn2C)C=C1,True,2.3615200000000005,-0.6636000000000006,0.3026315789473684,False,True
1.0,bin,14,0.34654998779296875,0.30299997329711914,0.39010000228881836,1232922,CC(C)(C)OC(=O)NC1CCCN(S(=O)(=O)N2CCOCC2)C1,0.5525000000000011,CC(C)(C)C(=O)NC1CCCN(S(=O)(=O)N2CCOCC2)C1,True,0.1901000000000017,-0.3623999999999994,0.723404255319149,False,True
1.0,bin,14,0.34654998779296875,0.30299997329711914,0.39010000228881836,1238973,FC(F)(F)c1cnc(N2CCn3c(nnc3C3CC3)C2)c(Cl)c1,3.2429000000000023,C=NC(NC1CNC(C2CC2)C1)=C(Br)C=CCl,True,2.733600000000001,-0.5093000000000014,0.07692307692307693,False,True
1.0,bin,14,0.34654998779296875,0.30299997329711914,0.39010000228881836,1299495,Cc1cc(CC(=O)N2CCCC2C(C#N)c2ccccc2)no1,2.823900000000001,Cc1cc(CC(=O)N2CCCC2(C#N)c2ccc(F)cc2)no1,True,2.706100000000001,-0.1177999999999999,0.44285714285714284,False,True
1.0,bin,14,0.34654998779296875,0.30299997329711914,0.39010000228881836,1309906,CC(C)CC(NC(=O)c1cc(=O)c2ccccc2o1)C(=O)OC(C)C,2.8891000000000018,CC(C)CCNC(=O)c1cc(=O)c2ccccc2o1,True,2.5689,-0.3202000000000016,0.5660377358490566,False,False
1.0,bin,14,0.34654998779296875,0.30299997329711914,0.39010000228881836,1362816,COCc1cccc(C(=O)NC2CC2c2cccc(Cl)c2)c1,3.772300000000002,COc1ccc(C(=O)NC2CC2c2ccc(Cl)c(Cl)c2)cc1OC,True,4.2965000000000035,0.5242000000000013,0.48333333333333334,False,True
1.0,bin,14,0.34654998779296875,0.30299997329711914,0.39010000228881836,1441838,COCC(=O)NC(C(=O)Nc1cccc(-c2nccs2)c1)C(C)C,2.5358,CCOCCC(=O)Nc1cccc(-c2nccs2)c1,True,3.175200000000001,0.6394000000000011,0.5483870967741935,False,True
1.0,bin,14,0.34654998779296875,0.30299997329711914,0.39010000228881836,1450449,CCCNC(=O)CSc1nc2c(cc1C#N)CCCC2,2.450380000000001,CC(C)OC(=O)C(C)Sc1nc2c(cc1C#N)CCCC2,True,3.264280000000002,0.8139000000000012,0.5,False,True
1.0,bin,14,0.34654998779296875,0.30299997329711914,0.39010000228881836,1451910,O=S(=O)(NCc1nnc2ccccn12)c1ccc(F)c(F)c1,1.4859999999999995,O=S(=O)(NCc1nnc2ccccn12)c1ccccc1Cl,True,1.8611999999999997,0.3752000000000002,0.5882352941176471,False,False
1.0,bin,14,0.34654998779296875,0.30299997329711914,0.39010000228881836,1479798,Cc1nc(C)c(CCC(=O)N(CC(C)C)CC(F)(F)F)c(=O)[nH]1,2.3662400000000003,Cc1nc(C)c(CCC(=O)N(CC(C)C)C(F)(F)F)c(=O)[nH]1,True,2.32374,-0.042500000000000426,0.72,False,True
1.0,bin,14,0.34654998779296875,0.30299997329711914,0.39010000228881836,1507926,COC(=O)C(C)NC(=O)Cc1csc(-c2ccccc2Cl)n1,2.6837,CCOC(=O)c1csc(-c2cccc(Cl)c2)n1,True,3.640200000000002,0.9565000000000019,0.328125,False,True
1.0,bin,14,0.34654998779296875,0.30299997329711914,0.39010000228881836,1527882,Nc1ncccc1C(=O)Nc1ccc2cn[nH]c2c1,1.7923999999999998,CC1=CC=CC(NC(=O)c2cccnc2)=CCNN=C1,True,1.7868,-0.005599999999999827,0.20270270270270271,False,True
1.0,bin,14,0.34654998779296875,0.30299997329711914,0.39010000228881836,1532848,COc1ccc(-c2ccc3c(=O)[nH]cnc3c2)cc1Cl,3.2521000000000013,O=c1[nH]cnc2cc(-c3ccc(Cl)c(Cl)c3)ccc12,True,3.8969000000000014,0.6448,0.7073170731707317,False,True
1.0,bin,14,0.34654998779296875,0.30299997329711914,0.39010000228881836,1548351,COc1cc(OC)c2c(c1)C(c1cnccn1)NCC2,1.7288999999999999,CCOc1ccc2c(c1OC)C(c1cnccn1)NCC2,True,2.1189999999999998,0.3900999999999999,0.4576271186440678,False,True
1.0,bin,14,0.34654998779296875,0.30299997329711914,0.39010000228881836,1570134,COc1cccc(C(C)N2CCN(C(=O)c3ccc(O)cc3)CC2)c1,2.9198000000000013,COc1ccc(C(C)N2CCN(C(=O)c3cc(F)ccc3F)CC2)cc1,True,3.4924000000000026,0.5726000000000013,0.4745762711864407,False,True
1.0,bin,14,0.34654998779296875,0.30299997329711914,0.39010000228881836,1611406,CC(C)(C)N1CC(NC(=O)C2COc3ccc(F)cc3C2)CC1=O,1.8923999999999994,Cc1cc2c3cc1C(C(=O)NCCC(=O)N(C)C)(C2)C(C)(C)CO3,True,1.80202,-0.09037999999999946,0.15294117647058825,False,True
1.0,bin,14,0.34654998779296875,0.30299997329711914,0.39010000228881836,1612684,CCCC1CN(C(=O)Nc2ccn(CCC(C)C)n2)CCO1,2.9620000000000015,CCCn1ccc(NC(=O)N2CCOCC2CC(C)(C)CC)n1,True,3.352100000000002,0.39010000000000034,0.4305555555555556,False,True
1.0,bin,14,0.34654998779296875,0.30299997329711914,0.39010000228881836,1639675,CCC(CC)c1nnc(NC(=O)c2scnc2C2CC2)s1,4.0279000000000025,CC(Nc1nnc(C2CC2)s1)c1nnc(C(C)(C)C)s1,True,3.737600000000003,-0.29029999999999934,0.2698412698412698,False,True
1.0,bin,14,0.34654998779296875,0.30299997329711914,0.39010000228881836,1675660,COc1ccnc(NC(=O)c2cccc(Cl)c2)c1,2.9959000000000007,COc1ccnc(NC(=O)c2ccc(C)c(C(F)(F)F)c2)c1,True,3.6697200000000016,0.673820000000001,0.5769230769230769,False,True
1.0,bin,14,0.34654998779296875,0.30299997329711914,0.39010000228881836,1689728,CCc1noc(CSc2ncnc3sc(C)cc23)n1,3.237420000000002,Cc1cc2c(s1)=NC=2SCc1ncnc(NC(=O)C(C)C)c1C,True,2.3817400000000006,-0.8556800000000013,0.25,False,True
1.0,bin,14,0.34654998779296875,0.30299997329711914,0.39010000228881836,1720876,CC(C)(C)CC(=O)NCC(=O)Nc1ccc2c(c1)COC2,2.2077,CC(C)(C)C(=O)OCC(=O)Nc1ccc2c(c1)COC2,True,2.2446,0.036900000000000155,0.5918367346938775,False,True
1.0,bin,14,0.34654998779296875,0.30299997329711914,0.39010000228881836,1757109,CC(C)Cc1ncc(CNc2ccc3c(c2)COC3)s1,3.983900000000003,FC(F)(F)C=NC=C(S)CNc1ccc2c(c1)COC2,True,3.5330000000000013,-0.45090000000000163,0.3333333333333333,False,True
1.0,bin,14,0.34654998779296875,0.30299997329711914,0.39010000228881836,1774061,O=C1NCCCc2[nH]c(-c3cccc4[nH]ccc34)nc21,2.234,COCC1CNC(=O)c2nc(-c3cccc4[nH]ccc34)[nH]c21,True,2.0314,-0.2025999999999999,0.5245901639344263,False,True
1.0,bin,14,0.34654998779296875,0.30299997329711914,0.39010000228881836,1800687,Cc1nn(C)c(-c2nc(-c3cccnn3)no2)c1Cl,1.8889199999999997,Cn1nc(C(F)(F)F)cc1-c1nc(-c2cccnn2)no1,True,1.9458999999999997,0.05698000000000003,0.5272727272727272,False,True
1.0,bin,14,0.34654998779296875,0.30299997329711914,0.39010000228881836,1815867,FC(F)(F)c1ccc(CN2CCOCC2c2ncon2)cc1,2.661900000000001,Fc1cc(C(F)(F)F)ccc1CN1CCOC(c2ncon2)C1,True,2.801000000000001,0.1391,0.4307692307692308,False,True
1.0,bin,14,0.34654998779296875,0.30299997329711914,0.39010000228881836,1828580,Cc1ccc(N2CC3OCC(=O)N(Cc4cccc(F)c4)C3C2)nn1,1.54032,Cc1cccc(CN2C(=O)COC3CN(c4ccc(C)nn4)CC32)c1,True,1.70964,0.16932000000000014,0.8245614035087719,False,False
1.0,bin,14,0.34654998779296875,0.30299997329711914,0.39010000228881836,1836183,CCc1ccc(C(=O)NCc2nccc(N(C)C)n2)cc1,2.035,Cc1cc(C)nc(CNC(=O)c2ccc(C)c(C)c2)n1,True,2.6402800000000006,0.6052800000000005,0.37735849056603776,False,True
1.0,bin,14,0.34654998779296875,0.30299997329711914,0.39010000228881836,1842499,COc1ccccc1COc1ccccc1-c1cnn(CCO)c1,3.1300000000000017,Cc1nn(CCO)cc1COc1ccccc1-c1ccccc1F,True,3.568920000000002,0.4389200000000004,0.49122807017543857,False,True
1.0,bin,14,0.34654998779296875,0.30299997329711914,0.39010000228881836,1865564,COC(CNC(=O)c1ccoc1)c1cccc(F)c1,2.536200000000001,COC(CNC(=O)c1cc(C)oc1C)c1ccccc1,True,3.0139400000000016,0.4777400000000007,0.4482758620689655,False,True
1.0,bin,14,0.34654998779296875,0.30299997329711914,0.39010000228881836,1868773,CCCOc1ccc(Cl)c2c1CCNC2C1CC(=O)C1,3.2947000000000015,CCCOc1ccc(Cl)c2c1CCNC21CCC(=O)C1,True,3.222800000000001,-0.0719000000000003,0.4915254237288136,False,True
1.0,bin,14,0.34654998779296875,0.30299997329711914,0.39010000228881836,1873123,CCC1OC(=O)c2c(OC)ccc(Br)c21,3.079200000000002,CCC1OC(=O)c2c(OC)ccc(Br)c21,True,3.079200000000002,0.0,1.0,True,False
1.0,bin,14,0.34654998779296875,0.30299997329711914,0.39010000228881836,1875028,Cc1cccc(C)c1NCC(=O)N1CCCC2CCCCC21,3.8965400000000034,O=C(CNc1ccc(Cl)c(F)c1)N1CCCC2CCCCC21,True,4.072200000000003,0.1756599999999997,0.5370370370370371,False,True
1.0,bin,14,0.34654998779296875,0.30299997329711914,0.39010000228881836,1895921,CCC(CC)N(C)C(=O)CC1OC(=O)c2ccccc21,2.935200000000002,CC(C)CCC(C)NC(=O)CC1OC(=O)c2ccccc21,True,3.2291000000000016,0.29389999999999983,0.5,False,True
1.0,bin,14,0.34654998779296875,0.30299997329711914,0.39010000228881836,1907077,Cc1ccc2[nH]nc(C(=O)Nc3nc(-c4ccco4)cs3)c2c1,3.8401200000000015,Cc1ccc2[nH]nc(C(=O)Nc3nc(-c4ccco4)cs3)c2c1,True,3.8401200000000015,0.0,1.0,True,False
1.0,bin,14,0.34654998779296875,0.30299997329711914,0.39010000228881836,1913063,Cc1nn(C)c(C)c1CN(C(=O)c1cn2cccc(C)c2n1)C1CC1,2.797860000000001,CC=CC=CN1C=C1C(=O)N(CCCC)Cc1c[nH]nc1C,True,3.0936200000000014,0.29576000000000047,0.1590909090909091,False,True
1.0,bin,14,0.34654998779296875,0.30299997329711914,0.39010000228881836,1922265,CN(CCNC(=O)c1ccc2c(c1)ncn2C)c1ccccc1,2.4395000000000007,CC1=CN(CN(C)c2ccccc2)c2ccc(cc2N)C(=O)NC1,True,2.8163,0.37679999999999936,0.2236842105263158,False,True
1.0,bin,15,0.4522000253200531,0.39010000228881836,0.5143000483512878,32052,COc1ccccc1CNC(=O)Cc1c[nH]c2ccccc12,3.035400000000001,COc1ccccc1CNC(=O)C(C)c1c[nH]c2ccccc12,True,3.596400000000002,0.5610000000000008,0.6470588235294118,False,True
1.0,bin,15,0.4522000253200531,0.39010000228881836,0.5143000483512878,116747,COCCSc1ccccc1C(=O)Nc1cccc(C)n1,3.3808200000000017,Cc1ccnc(NC(=O)c2ccccc2SCCC#N)c1,True,3.648100000000002,0.2672800000000004,0.4666666666666667,False,True
1.0,bin,15,0.4522000253200531,0.39010000228881836,0.5143000483512878,131060,CS(=O)(=O)NCCc1csc(-c2ccc(F)cc2)n1,2.0408999999999997,C=CCNS(=O)(=O)Cc1csc(-c2ccc(F)cc2)n1,True,2.5546000000000006,0.5137000000000009,0.56,False,True
1.0,bin,15,0.4522000253200531,0.39010000228881836,0.5143000483512878,131949,CCc1c(C)nc(SCC(=O)NC(C)C)[nH]c1=O,1.25742,CCCc1c(C)nc(SCC(=O)NC(C)C(C)C)[nH]c1=O,True,2.28362,1.0262,0.673469387755102,False,True
1.0,bin,15,0.4522000253200531,0.39010000228881836,0.5143000483512878,158879,COc1ccc(CC(=O)OCC(=O)c2c[nH]c3ccccc23)cc1,3.145100000000001,Cc1ccc(CC(=O)OCC(=O)c2c[nH]c3ccccc23)cc1F,True,3.5840200000000024,0.4389200000000013,0.6666666666666666,False,True
1.0,bin,15,0.4522000253200531,0.39010000228881836,0.5143000483512878,232056,COCCNC(=O)c1cc(=O)c2cc(C)ccc2o1,1.4776199999999993,CCOCCCNC(=O)c1cc(=O)c2cc(F)ccc2o1,True,2.0885000000000002,0.610880000000001,0.5636363636363636,False,True
1.0,bin,15,0.4522000253200531,0.39010000228881836,0.5143000483512878,235788,O=C(Cn1nc(-c2ccco2)oc1=O)NCC(F)(F)F,0.7747999999999999,CC(C)N(C(=O)Cn1nc(-c2ccco2)oc1=O)C(C)C,True,1.7416999999999998,0.9668999999999999,0.5740740740740741,False,True
1.0,bin,15,0.4522000253200531,0.39010000228881836,0.5143000483512878,236081,CC(=O)c1c(C)[nH]c(C(=O)CSc2nc(C(C)C)n[nH]2)c1C,3.0506400000000014,CC1=CC(=O)CC(C)(C(=O)CSc2nc(C(C)(C)C)n[nH]2)N1,True,1.9883,-1.0623400000000014,0.2676056338028169,False,True
1.0,bin,15,0.4522000253200531,0.39010000228881836,0.5143000483512878,281081,O=C(Cn1cccn1)NCc1cccnc1Oc1ccc(F)cc1F,2.665000000000001,O=C(Cn1cccn1)NCc1cccnc1Oc1ccc(F)c(Cl)c1,True,3.1793000000000013,0.5143000000000004,0.6825396825396826,False,True
1.0,bin,15,0.4522000253200531,0.39010000228881836,0.5143000483512878,284170,COc1ccc(-c2nc(CC(=O)Nc3cccc(C)n3)cs2)cc1,3.7033200000000024,O=C(Cc1csc(-c2ccccc2)n1)Nc1ccc(C(F)(F)F)cn1,True,4.405100000000002,0.7017799999999994,0.46875,False,True
1.0,bin,15,0.4522000253200531,0.39010000228881836,0.5143000483512878,288369,Cc1ccc(NCc2nnc3n2CCCCC3)cc1C,3.2334400000000016,Cc1cccc(C(C)C)c1NCc1nnc2n1CCCCC2,True,4.048420000000003,0.8149800000000011,0.5740740740740741,False,True
1.0,bin,15,0.4522000253200531,0.39010000228881836,0.5143000483512878,302889,COc1ccc(OC)c(NC(=O)CCNC(=O)c2cccs2)c1,2.5239000000000003,CCOc1cc(F)ccc1NC(=O)CCNC(=O)c1cccs1,True,3.044500000000001,0.5206000000000008,0.5932203389830508,False,False
1.0,bin,15,0.4522000253200531,0.39010000228881836,0.5143000483512878,327141,COc1ccc(OC)c(S(=O)(=O)Nc2ccn(C)n2)c1,1.2381,COc1ccccc1S(=O)(=O)Nc1ccn(C(C)C)n1,True,2.2734000000000005,1.0353000000000006,0.5,False,True
1.0,bin,15,0.4522000253200531,0.39010000228881836,0.5143000483512878,327382,CNC(=O)C1CN(C(=O)c2c(C)noc2C)c2ccccc2O1,1.4452399999999996,COC(=O)C1CN(C(=O)c2c(C)noc2C)c2ccccc2O1,True,1.8722399999999995,0.4269999999999998,0.7692307692307693,False,True
1.0,bin,15,0.4522000253200531,0.39010000228881836,0.5143000483512878,406491,COCCNC(=O)C1CCCN(S(=O)(=O)N2CCOCC2)C1,-0.9619999999999964,C=CCNC(=O)C1CCN(S(=O)(=O)N2CCOCC2)CC1,True,-0.4223999999999981,0.5395999999999983,0.4727272727272727,False,True
1.0,bin,15,0.4522000253200531,0.39010000228881836,0.5143000483512878,413951,O=C(Cn1ncn2cccc2c1=O)N1CCCCCC1,0.8985999999999996,CC1CCCCCN1C(=O)Cn1ncn2cccc2c1=O,True,1.2871,0.3885000000000003,0.6862745098039216,False,True
1.0,bin,15,0.4522000253200531,0.39010000228881836,0.5143000483512878,427929,CCNc1nc(NCc2ccccc2Cl)c2cnn(C)c2n1,3.060600000000001,CCCNC=NC(NCc1c(F)cccc1Cl)=C1C=NN(C)C1=N,True,2.7166700000000006,-0.3439300000000003,0.2073170731707317,False,True
1.0,bin,15,0.4522000253200531,0.39010000228881836,0.5143000483512878,447130,CCC(NC(=O)C1CCN(C(=O)C2CC2)CC1)c1ccc(C)cc1,3.2109200000000016,CC(C)CC(NC(=O)C1CCN(C(=O)C2CC2)CC1)c1ccc(F)cc1,True,3.6777000000000024,0.46678000000000086,0.6346153846153846,False,True
1.0,bin,15,0.4522000253200531,0.39010000228881836,0.5143000483512878,481908,CCNS(=O)(=O)c1ccc(C)c(C(=O)Nc2ncccc2C)c1,2.24894,COc1cc(OC)c(C(=O)Nc2ccccn2)cc1OC,True,2.3597,0.11075999999999997,0.29508196721311475,False,False
1.0,bin,15,0.4522000253200531,0.39010000228881836,0.5143000483512878,485220,Cc1nn(CC(=O)N2CCN(C)CC2)c(C)c1Br,1.03644,CCc1nn(CC(=O)N2CCC(C)CC2)cc1Br,True,2.4665,1.4300599999999999,0.32727272727272727,False,True
1.0,bin,15,0.4522000253200531,0.39010000228881836,0.5143000483512878,526363,Cc1nnc(SCC(=O)Nc2ccc(O)cc2)n(N)c1=O,0.09692,Cc1nnc(SCC(=O)Nc2cccc(C#N)c2)n(N)c1=O,True,0.2629999999999998,0.16607999999999978,0.6428571428571429,False,False
1.0,bin,15,0.4522000253200531,0.39010000228881836,0.5143000483512878,536853,COc1ccc(C2CCCN2C(=O)C2CCC2)c(OC)c1,3.1674000000000015,CCOc1ccc(C2CCCN2C(=O)C2CCC2)cc1OC,True,3.557500000000002,0.39010000000000034,0.5636363636363636,False,True
1.0,bin,15,0.4522000253200531,0.39010000228881836,0.5143000483512878,540312,Cc1nn(C)c2nc(C3CC3)cc(C(=O)NCC(=O)NC(C)(C)C)c12,1.7986199999999997,Cc1nn(C)c2nc(C3CC3)cc(C(=O)NCCNC(=O)C(C)C)c12,True,1.6561199999999998,-0.14249999999999985,0.65,False,True
1.0,bin,15,0.4522000253200531,0.39010000228881836,0.5143000483512878,544381,Cc1nc(N2CCCC(C(=O)NC(C)C)C2)c2c(C)c(C)oc2n1,2.8890600000000006,COC(=O)CCCCNC1=NC(C(C)C)=NCOC(C)=C(C)C1,True,3.0440000000000014,0.15494000000000074,0.14634146341463414,False,True
1.0,bin,15,0.4522000253200531,0.39010000228881836,0.5143000483512878,544382,CCCNC(=O)C1CCCN(c2nc(C)nc3oc(C)c(C)c23)C1,2.8906600000000013,Cc1nc(N2CCC(NC(C)C)CC2)c2c(C)c(C)oc2n1,True,3.114860000000002,0.22420000000000062,0.4918032786885246,False,True
1.0,bin,15,0.4522000253200531,0.39010000228881836,0.5143000483512878,550049,Cc1ccc(C)c(OCC(=O)Nc2cccc(-n3cnnc3)c2)c1,2.9016400000000013,Cc1cccc(OCC(=O)Nc2ccc(C)c(-n3cnnc3C)c2)c1,True,3.2100600000000012,0.3084199999999999,0.47692307692307695,False,True
1.0,bin,15,0.4522000253200531,0.39010000228881836,0.5143000483512878,573533,Cc1nn(-c2ncc(C(F)(F)F)cc2Cl)c(=O)o1,2.2011199999999995,Cc1nn(-c2ncc(C(F)(F)F)c(Cl)c2C#N)c(=O)o1,True,2.0728000000000004,-0.1283199999999991,0.5576923076923077,False,True
1.0,bin,15,0.4522000253200531,0.39010000228881836,0.5143000483512878,582555,O=C(NCC(O)c1ccccc1)c1ccc2c(=O)n3c(nc2c1)CCC3,1.8061000000000003,O=C(NCC(O)c1ccc(F)c(F)c1)c1ccc2c(=O)[nH]cnc2c1,True,1.6647,-0.1414000000000002,0.4027777777777778,False,True
1.0,bin,15,0.4522000253200531,0.39010000228881836,0.5143000483512878,588547,Cc1n[nH]c(C)c1NC(=O)CCc1ccc(Cl)cc1Cl,3.9046400000000023,CCc1[nH]nc(C)c1NC(=O)CCc1ccc(C)c(Cl)c1C,True,4.122060000000003,0.2174200000000006,0.5263157894736842,False,True
1.0,bin,15,0.4522000253200531,0.39010000228881836,0.5143000483512878,607673,CCCN(CC1CC1)S(=O)(=O)c1ccccc1F,2.636400000000001,CCCN(CC1CC1)S(=O)(=O)c1ccc(F)c(F)c1,True,2.775500000000001,0.1391,0.6222222222222222,False,False
1.0,bin,15,0.4522000253200531,0.39010000228881836,0.5143000483512878,617681,Cc1cc(C(=O)Nc2nc(-c3ccncc3)cs2)nn1C(C)C,3.5432200000000016,Cc1cc(C(=O)Nc2nc(-c3ccncc3)cs2)nn1C(C)(C)C,True,3.7173200000000026,0.17410000000000103,0.7037037037037037,False,True
1.0,bin,15,0.4522000253200531,0.39010000228881836,0.5143000483512878,650267,COc1ccc2oc(C(=O)NC3CCCCNC3=O)c(C)c2c1,2.14832,Cc1c(C(=O)NC2CCCCNC2)oc2c(C)cc(F)cc12,True,3.060640000000001,0.9123200000000011,0.375,False,True
1.0,bin,15,0.4522000253200531,0.39010000228881836,0.5143000483512878,668639,Cc1cc(NC(=O)c2ccccc2Cl)ncc1N,2.8779200000000005,Cc1cc(NC(=O)c2cc(F)cc(Br)c2)ncc1N,True,3.126120000000001,0.24820000000000064,0.5098039215686274,False,True
1.0,bin,15,0.4522000253200531,0.39010000228881836,0.5143000483512878,673160,CCC(=O)Nc1ccc2oc(C(F)(F)F)cc(=O)c2c1,3.160300000000001,C=CCCC(=O)Nc1ccc2oc(C(F)(F)F)cc(=O)c2c1,True,3.7165000000000026,0.5562000000000014,0.7,False,True
1.0,bin,15,0.4522000253200531,0.39010000228881836,0.5143000483512878,711169,Cc1cccc(C(C)C)c1NC(=O)N(C)Cc1ccncc1,4.177320000000003,CN(Cc1ccncc1)C(=O)Nc1ccccc1SC(F)F,True,4.060200000000003,-0.11711999999999989,0.49122807017543857,False,True
1.0,bin,15,0.4522000253200531,0.39010000228881836,0.5143000483512878,720969,Cc1noc(C)c1CCC(=O)OCC(=O)N1c2ccccc2CC1C,2.7450400000000013,Cc1onc(C(C)C)c1CCC(=O)OCC(=O)N1CCc2ccccc21,True,3.171520000000002,0.42648000000000064,0.5362318840579711,False,True
1.0,bin,15,0.4522000253200531,0.39010000228881836,0.5143000483512878,730789,COC(=O)C1CCN(C(=O)c2cc3ccc(F)cc3nc2C)CC1,2.7075200000000006,CCNc1nc2cc(F)ccc2cc1C(=O)N1CCC(C)CC1,True,3.677800000000002,0.9702800000000016,0.55,False,True
1.0,bin,15,0.4522000253200531,0.39010000228881836,0.5143000483512878,738178,Cc1ccc(-n2ccnc2SCc2nc(C3CC3)no2)cc1C,4.041840000000003,Cc1ccc(-n2ccnc2SCc2nc(C3CC3)no2)cc1Cl,True,4.386820000000003,0.3449799999999996,0.8490566037735849,False,True
1.0,bin,15,0.4522000253200531,0.39010000228881836,0.5143000483512878,771897,COc1ccccc1OCC(=O)N(C)Cc1sccc1C,3.102520000000002,Cc1cc(C)c(C#N)c(OCC(=O)N(C)Cc2sccc2C)c1,True,3.5824400000000027,0.4799200000000008,0.6,False,True
1.0,bin,15,0.4522000253200531,0.39010000228881836,0.5143000483512878,811446,COC(=O)C1(NC(=O)c2cc(Br)c[nH]2)CCCCCC1,2.7730000000000006,CCOC(=O)C1(NC(=O)c2cc(Br)c[nH]2)CCCCC1,True,2.7730000000000006,0.0,0.7777777777777778,False,False
1.0,bin,15,0.4522000253200531,0.39010000228881836,0.5143000483512878,848291,CCC(C)NC(=O)NCc1noc(-c2cccs2)n1,2.3958000000000004,CC(C)CCNC(=O)NCc1noc(-c2cccs2)n1,True,2.6434000000000006,0.24760000000000026,0.7037037037037037,False,False
1.0,bin,15,0.4522000253200531,0.39010000228881836,0.5143000483512878,863440,COc1ccc(-c2nc(CCCO)cs2)cc1OC,2.752200000000001,OCCCc1csc(-c2ccc(F)cc2F)n1,True,3.013200000000001,0.2610000000000001,0.4897959183673469,False,True
1.0,bin,15,0.4522000253200531,0.39010000228881836,0.5143000483512878,864663,N#Cc1ccc(-c2cc(F)ccc2F)nc1N1CCCC1,3.498680000000002,CCOC1=CC=C2C(=CC=C(C#N)CN3CCCC3)N2C=C1,True,3.0632800000000016,-0.43540000000000045,0.14473684210526316,False,True
1.0,bin,15,0.4522000253200531,0.39010000228881836,0.5143000483512878,872100,CCc1cccc(C)c1NCC(O)c1ccc2c(c1)OCCO2,3.474120000000002,Cc1cc(OCC(C)CO)ccc1C(O)CNC12C=C(C1)C(F)=CC2,True,2.951220000000001,-0.5229000000000008,0.18072289156626506,False,True
1.0,bin,15,0.4522000253200531,0.39010000228881836,0.5143000483512878,886334,COc1ccc(C(=O)N2CCCC(C(=O)N3CCCCC3)C2)c(O)c1,2.2655000000000003,COc1ccc(C(=O)N2CCCC(C(=O)N3CCCCC3)C2)c(OC)c1,True,2.5685000000000002,0.30299999999999994,0.7916666666666666,False,True
1.0,bin,15,0.4522000253200531,0.39010000228881836,0.5143000483512878,887387,COCCNC(=O)N(Cc1cccc(F)c1)CC1CCCO1,2.1627,CCCNC(=O)CN(Cc1ccccc1)CC1CCCO1,True,2.1937999999999995,0.03109999999999946,0.4411764705882353,False,True
1.0,bin,15,0.4522000253200531,0.39010000228881836,0.5143000483512878,889149,N#Cc1ccc(NC(=O)c2ccc(Br)cc2Cl)nc1,3.621480000000001,Cc1ccc(NC(=O)c2ccc(Br)cc2Cl)nc1,True,4.058220000000002,0.43674000000000124,0.6808510638297872,False,True
1.0,bin,15,0.4522000253200531,0.39010000228881836,0.5143000483512878,913483,O=C(CNC(=O)NCCc1c(Cl)cccc1Cl)NC1CC1,2.1137000000000006,CCC1CC1NC(=O)NC(C)(O)NCC(C)(C)c1ccc(F)cc1,True,2.4566,0.3428999999999993,0.16901408450704225,False,True
1.0,bin,15,0.4522000253200531,0.39010000228881836,0.5143000483512878,917620,C=CCN(Cc1ccccc1OC)C(=O)c1csc(C)n1,3.288520000000002,CCCCN(Cc1ccccc1C)C(=O)c1cscn1,True,3.894020000000003,0.605500000000001,0.3484848484848485,False,True
1.0,bin,15,0.4522000253200531,0.39010000228881836,0.5143000483512878,918312,CCOc1ccc(Cl)c(C(=O)N2CCN(c3ncccn3)CC2)n1,1.8860999999999997,O=C(c1ccc(C(F)F)cn1)N1CCN(c2ncc(Cl)cn2)CC1,True,2.425,0.5389000000000002,0.3709677419354839,False,True
1.0,bin,15,0.4522000253200531,0.39010000228881836,0.5143000483512878,922879,CC(=O)c1ccc(N2CCN(Cc3c(F)cccc3F)CC2)cc1,3.489600000000003,CC(=O)c1ccc(N2CCN(Cc3ccc(F)c(Cl)c3)CC2)cc1,True,4.003900000000003,0.5143000000000004,0.6122448979591837,False,True
1.0,bin,15,0.4522000253200531,0.39010000228881836,0.5143000483512878,927535,COc1cc(CN2CCN(c3ccccc3F)CC2)ccc1O,2.862100000000002,COc1ccc(CN2CCN(c3ccc(O)cc3C)CC2)cc1C,True,3.3398400000000024,0.4777400000000003,0.509090909090909,False,True
1.0,bin,15,0.4522000253200531,0.39010000228881836,0.5143000483512878,927567,Cc1ccccc1N1CCN(Cc2cccc(O)c2)CC1,3.022820000000001,Cc1ccccc1N1CCN(Cc2cccc(O)c2)CC1,True,3.022820000000001,0.0,1.0,True,False
1.0,bin,15,0.4522000253200531,0.39010000228881836,0.5143000483512878,938108,CC(c1ccccc1)N(C)C(=O)CCC(=O)Nc1nccs1,3.0814000000000012,CCN(Cc1ccccc1C)C(=O)CCC(=O)Nc1nccs1,True,3.2189200000000016,0.1375200000000003,0.5423728813559322,False,False
1.0,bin,15,0.4522000253200531,0.39010000228881836,0.5143000483512878,943303,CN(CCCOc1ccccc1)C(=O)Nc1cccc2c1OCCO2,3.390600000000002,CCc1ccccc1OCCCN(C)C(=O)Nc1cccc2c1OCCO2,True,3.953000000000003,0.5624000000000011,0.75,False,True
1.0,bin,15,0.4522000253200531,0.39010000228881836,0.5143000483512878,946289,CC(NC(=O)C1(c2cc(-c3ccco3)on2)CC1)c1ccccc1,3.843600000000002,C=CC1C(=CC=CC)C(C)N(C)C(=O)C1(C)c1cc(-c2ccco2)on1,True,4.3575000000000035,0.5139000000000014,0.34210526315789475,False,True
1.0,bin,15,0.4522000253200531,0.39010000228881836,0.5143000483512878,994077,Cc1nnc(Cn2c(-c3cccc(Br)c3)noc2=O)o1,2.0055199999999997,CC(C)c1nnc(Cn2c(-c3cccc(Cl)c3)noc2=O)o1,True,2.711400000000001,0.7058800000000014,0.5789473684210527,False,True
1.0,bin,15,0.4522000253200531,0.39010000228881836,0.5143000483512878,1065620,O=C(NCc1cccnc1Oc1ccccc1)c1cccnc1,3.198900000000002,Cc1ccc(C(=O)NCc2cccnc2Oc2ccccc2C#N)cn1,True,3.3790000000000013,0.18009999999999948,0.5333333333333333,False,True
1.0,bin,15,0.4522000253200531,0.39010000228881836,0.5143000483512878,1093926,CN(C(=O)CNc1cccc(OCC2CCCO2)c1)c1ccccc1,3.319300000000002,O=C(CNc1ccc(OCC2CCCO2)cc1)Nc1ccc(Cl)cc1,True,3.948400000000003,0.6291000000000011,0.4626865671641791,False,True
1.0,bin,15,0.4522000253200531,0.39010000228881836,0.5143000483512878,1107920,CCc1ccc(-n2cc(C(=O)NC(C)c3ccccc3)nn2)cc1,3.320700000000002,CC(NC(=O)c1cn(-c2cccc(F)c2)nn1)c1ccccc1Cl,True,3.5508000000000024,0.2301000000000002,0.4838709677419355,False,True
1.0,bin,15,0.4522000253200531,0.39010000228881836,0.5143000483512878,1113130,CC(NC(=O)Cn1nnnc1C(C)(C)C)c1cccc2ccccc12,3.0012000000000016,CCc1nnnn1CC(=O)NC(c1cccc2ccccc12)C(C)C,True,2.9022000000000006,-0.09900000000000109,0.576271186440678,False,True
1.0,bin,15,0.4522000253200531,0.39010000228881836,0.5143000483512878,1121751,COC(=O)Cn1ccc(NS(=O)(=O)c2ccc(F)c(F)c2F)n1,1.2742,CCc1ccc(S(=O)(=O)Nc2ccn(CC(=O)OC)n2)cc1,True,1.4193,0.1451,0.6226415094339622,False,True
1.0,bin,15,0.4522000253200531,0.39010000228881836,0.5143000483512878,1142531,CCOC(C)C(=O)NCCc1csc(-c2ccc(C)cc2)n1,3.2022200000000014,CCCCNCc1csc(-c2ccc(OC)cc2)n1,True,3.708400000000002,0.5061800000000005,0.39344262295081966,False,True
1.0,bin,15,0.4522000253200531,0.39010000228881836,0.5143000483512878,1212157,CN(Cc1ccc(F)c(F)c1)C(=O)c1cncc(-c2cnn(C)c2)c1,3.0325000000000015,CN(C=O)Cc1ccccc1C(F)(F)F,True,2.2936000000000005,-0.738900000000001,0.14925373134328357,False,True
1.0,bin,15,0.4522000253200531,0.39010000228881836,0.5143000483512878,1215394,CCn1nc(C)cc1C(=O)Oc1cccc(NC(=O)C(C)C)c1,3.025120000000001,CCn1nc(C)cc1C(=O)Oc1ccc(Cl)cc1C,True,3.3924400000000023,0.3673200000000012,0.5,False,True
1.0,bin,15,0.4522000253200531,0.39010000228881836,0.5143000483512878,1232922,CC(C)(C)OC(=O)NC1CCCN(S(=O)(=O)N2CCOCC2)C1,0.5525000000000011,CCC1CCCN(S(=O)(=O)N2CCOC(CC)C2)C1,True,1.464,0.9114999999999989,0.3508771929824561,False,True
1.0,bin,15,0.4522000253200531,0.39010000228881836,0.5143000483512878,1238973,FC(F)(F)c1cnc(N2CCn3c(nnc3C3CC3)C2)c(Cl)c1,3.2429000000000023,CCCSc1ccc(N2CCn3c(nnc3C3CC3)C2)nc1,True,3.0728000000000018,-0.17010000000000058,0.4153846153846154,False,True
1.0,bin,15,0.4522000253200531,0.39010000228881836,0.5143000483512878,1299495,Cc1cc(CC(=O)N2CCCC2C(C#N)c2ccccc2)no1,2.823900000000001,Cc1cc(CC(=O)N2CCCC2C(C#N)c2ccc(F)cc2)no1,True,2.963000000000002,0.1391000000000009,0.8245614035087719,False,True
1.0,bin,15,0.4522000253200531,0.39010000228881836,0.5143000483512878,1309906,CC(C)CC(NC(=O)c1cc(=O)c2ccccc2o1)C(=O)OC(C)C,2.8891000000000018,CCCCCCNC(=O)c1cc(=O)c2ccccc2o1,True,3.1031000000000013,0.21399999999999952,0.49122807017543857,False,True
1.0,bin,15,0.4522000253200531,0.39010000228881836,0.5143000483512878,1362816,COCc1cccc(C(=O)NC2CC2c2cccc(Cl)c2)c1,3.772300000000002,O=C(NC1CC1c1ccc(Cl)c(Cl)c1)c1cccc(F)c1,True,4.418400000000002,0.6460999999999997,0.5,False,True
1.0,bin,15,0.4522000253200531,0.39010000228881836,0.5143000483512878,1441838,COCC(=O)NC(C(=O)Nc1cccc(-c2nccs2)c1)C(C)C,2.5358,CC(=O)NC(C(=O)Nc1cccc(-c2nc(C)cs2)c1)C(C)C,True,3.2177200000000017,0.6819200000000016,0.515625,False,True
1.0,bin,15,0.4522000253200531,0.39010000228881836,0.5143000483512878,1450449,CCCNC(=O)CSc1nc2c(cc1C#N)CCCC2,2.450380000000001,CCN(CC)C(=O)CSc1nc2c(cc1C#N)CCCC2,True,2.792580000000001,0.34220000000000006,0.6666666666666666,False,False
1.0,bin,15,0.4522000253200531,0.39010000228881836,0.5143000483512878,1451910,O=S(=O)(NCc1nnc2ccccn12)c1ccc(F)c(F)c1,1.4859999999999995,Cc1c(Cl)cccc1S(=O)(=O)NCc1nnc2ccccn12,True,2.16962,0.6836200000000006,0.5357142857142857,False,False
1.0,bin,15,0.4522000253200531,0.39010000228881836,0.5143000483512878,1479798,Cc1nc(C)c(CCC(=O)N(CC(C)C)CC(F)(F)F)c(=O)[nH]1,2.3662400000000003,CC=NC(C)=C(F)CCC(=O)N(CC(C)C)CC(F)F,True,3.8080000000000025,1.4417600000000022,0.2857142857142857,False,True
1.0,bin,15,0.4522000253200531,0.39010000228881836,0.5143000483512878,1507926,COC(=O)C(C)NC(=O)Cc1csc(-c2ccccc2Cl)n1,2.6837,COc1ccccc1-c1nc(CC(=O)NC(C)C)cs1,True,2.8858000000000015,0.2021000000000015,0.6111111111111112,False,True
1.0,bin,15,0.4522000253200531,0.39010000228881836,0.5143000483512878,1527882,Nc1ncccc1C(=O)Nc1ccc2cn[nH]c2c1,1.7923999999999998,COCCOc1ncccc1C(=O)Nc1ccc2cn[nH]c2c1,True,2.2354000000000003,0.4430000000000005,0.6666666666666666,False,True
1.0,bin,15,0.4522000253200531,0.39010000228881836,0.5143000483512878,1532848,COc1ccc(-c2ccc3c(=O)[nH]cnc3c2)cc1Cl,3.2521000000000013,CCOC1=C2C=C(C=CC=C3CN=CNC3=O)C2C=C1OC(F)F,True,2.6106000000000007,-0.6415000000000006,0.10843373493975904,False,True
1.0,bin,15,0.4522000253200531,0.39010000228881836,0.5143000483512878,1548351,COc1cc(OC)c2c(c1)C(c1cnccn1)NCC2,1.7288999999999999,COc1cccc2c1CCNC2c1cnccn1,True,1.7203,-0.008599999999999941,0.6875,False,True
1.0,bin,15,0.4522000253200531,0.39010000228881836,0.5143000483512878,1570134,COc1cccc(C(C)N2CCN(C(=O)c3ccc(O)cc3)CC2)c1,2.9198000000000013,CC(c1ccc(O)cc1)N1CCN(C(=O)c2ccccc2Cl)CC1,True,3.564600000000002,0.6448000000000009,0.4909090909090909,False,True
1.0,bin,15,0.4522000253200531,0.39010000228881836,0.5143000483512878,1611406,CC(C)(C)N1CC(NC(=O)C2COc3ccc(F)cc3C2)CC1=O,1.8923999999999994,CC1c2cc(Cl)ccc2OCC1C(=O)NC1CCC(=O)N(C)C1,True,2.1891,0.2967000000000004,0.32894736842105265,False,True
1.0,bin,15,0.4522000253200531,0.39010000228881836,0.5143000483512878,1612684,CCCC1CN(C(=O)Nc2ccn(CCC(C)C)n2)CCO1,2.9620000000000015,CCCC1CN(C(=O)Nc2ccn(C(C)C(C)(C)C)n2)CCO1,True,3.5230000000000024,0.5610000000000008,0.6885245901639344,False,True
1.0,bin,15,0.4522000253200531,0.39010000228881836,0.5143000483512878,1639675,CCC(CC)c1nnc(NC(=O)c2scnc2C2CC2)s1,4.0279000000000025,CC1C=NN=C(NC(=O)c2scnc2C(C)(C)C(C)CS)C1,True,3.140500000000002,-0.8874000000000004,0.3055555555555556,False,True
1.0,bin,15,0.4522000253200531,0.39010000228881836,0.5143000483512878,1675660,COc1ccnc(NC(=O)c2cccc(Cl)c2)c1,2.9959000000000007,COc1cccc(C(=O)Nc2cc(Br)cc(OC)n2)c1,True,3.113600000000001,0.11770000000000014,0.49056603773584906,False,True
1.0,bin,15,0.4522000253200531,0.39010000228881836,0.5143000483512878,1689728,CCc1noc(CSc2ncnc3sc(C)cc23)n1,3.237420000000002,CCC=NOC(=N)CSc1ncnc2sc(CC)cc12,True,3.735470000000002,0.4980500000000001,0.36363636363636365,False,True
1.0,bin,15,0.4522000253200531,0.39010000228881836,0.5143000483512878,1720876,CC(C)(C)CC(=O)NCC(=O)Nc1ccc2c(c1)COC2,2.2077,C#CCCCN(CC)C(=O)Nc1ccc2c(c1)COC2,True,2.984000000000001,0.7763000000000009,0.423728813559322,False,True
1.0,bin,15,0.4522000253200531,0.39010000228881836,0.5143000483512878,1757109,CC(C)Cc1ncc(CNc2ccc3c(c2)COC3)s1,3.983900000000003,CC(C)(C)CC=NC=C(S)CNc1ccc2c(c1)COC2,True,4.406900000000004,0.42300000000000093,0.36507936507936506,False,True
1.0,bin,15,0.4522000253200531,0.39010000228881836,0.5143000483512878,1774061,O=C1NCCCc2[nH]c(-c3cccc4[nH]ccc34)nc21,2.234,CCOCCC1Cc2[nH]c(-c3cccc4[nH]ccc34)nc2C(=O)N1,True,2.6391,0.4051,0.515625,False,True
1.0,bin,15,0.4522000253200531,0.39010000228881836,0.5143000483512878,1800687,Cc1nn(C)c(-c2nc(-c3cccnn3)no2)c1Cl,1.8889199999999997,Cn1nc(C(F)(F)F)cc1-c1nc(-c2cccnn2)no1,True,1.9458999999999997,0.05698000000000003,0.5272727272727272,False,True
1.0,bin,15,0.4522000253200531,0.39010000228881836,0.5143000483512878,1815867,FC(F)(F)c1ccc(CN2CCOCC2c2ncon2)cc1,2.661900000000001,Clc1ccc(Cl)c(CN2CCOCC2c2ncon2)c1,True,2.9499000000000013,0.28800000000000026,0.5892857142857143,False,True
1.0,bin,15,0.4522000253200531,0.39010000228881836,0.5143000483512878,1828580,Cc1ccc(N2CC3OCC(=O)N(Cc4cccc(F)c4)C3C2)nn1,1.54032,Cc1cccc(C(C)NC(=O)COC2CCN(c3cccnn3)C2)c1,True,2.25772,0.7174,0.2222222222222222,False,True
1.0,bin,15,0.4522000253200531,0.39010000228881836,0.5143000483512878,1836183,CCc1ccc(C(=O)NCc2nccc(N(C)C)n2)cc1,2.035,CCNC(=O)C=C1C=CC(C(=O)NCc2nccc(C(C)C)n2)=C1,True,1.7748999999999997,-0.26010000000000044,0.35384615384615387,False,True
1.0,bin,15,0.4522000253200531,0.39010000228881836,0.5143000483512878,1842499,COc1ccccc1COc1ccccc1-c1cnn(CCO)c1,3.1300000000000017,CCn1cc(-c2ccccc2OCc2ccccc2OC)cn1,True,4.157600000000003,1.0276000000000014,0.782608695652174,False,True
1.0,bin,15,0.4522000253200531,0.39010000228881836,0.5143000483512878,1865564,COC(CNC(=O)c1ccoc1)c1cccc(F)c1,2.536200000000001,CCCOc1ccc(C(O)CNC(=O)c2ccoc2)cc1,True,2.5318000000000005,-0.004400000000000404,0.45,False,True
1.0,bin,15,0.4522000253200531,0.39010000228881836,0.5143000483512878,1868773,CCCOc1ccc(Cl)c2c1CCNC2C1CC(=O)C1,3.2947000000000015,CC(=O)CCCC1NCCc2c(Cl)ccc(Cl)c21,True,3.9395000000000033,0.6448000000000018,0.3442622950819672,False,True
1.0,bin,15,0.4522000253200531,0.39010000228881836,0.5143000483512878,1873123,CCC1OC(=O)c2c(OC)ccc(Br)c21,3.079200000000002,CCCOC(=O)c1ccc(Br)cc1CC,True,3.5783000000000023,0.4991000000000003,0.18518518518518517,False,True
1.0,bin,15,0.4522000253200531,0.39010000228881836,0.5143000483512878,1875028,Cc1cccc(C)c1NCC(=O)N1CCCC2CCCCC21,3.8965400000000034,O=C(CNc1cccc(Br)c1)N1CCC2CCCCC21,True,3.6521000000000026,-0.24444000000000088,0.5686274509803921,False,True
1.0,bin,15,0.4522000253200531,0.39010000228881836,0.5143000483512878,1895921,CCC(CC)N(C)C(=O)CC1OC(=O)c2ccccc21,2.935200000000002,CC(C)CCCNC(=O)CC1OC(=O)c2ccccc21,True,2.840600000000001,-0.09460000000000068,0.49056603773584906,False,True
1.0,bin,15,0.4522000253200531,0.39010000228881836,0.5143000483512878,1907077,Cc1ccc2[nH]nc(C(=O)Nc3nc(-c4ccco4)cs3)c2c1,3.8401200000000015,CC(C)c1ccc2[nH]nc(C(=O)Nc3nc(-c4ccco4)cs3)c2c1,True,4.655100000000003,0.8149800000000011,0.7796610169491526,False,True
1.0,bin,15,0.4522000253200531,0.39010000228881836,0.5143000483512878,1913063,Cc1nn(C)c(C)c1CN(C(=O)c1cn2cccc(C)c2n1)C1CC1,2.797860000000001,Cc1nn(C)c(C)c1CN(C(=O)c1cn2ccccc2n1)C1CC1,True,2.48944,-0.3084200000000008,0.7457627118644068,False,True
1.0,bin,15,0.4522000253200531,0.39010000228881836,0.5143000483512878,1922265,CN(CCNC(=O)c1ccc2c(c1)ncn2C)c1ccccc1,2.4395000000000007,CCn1cnc2cc(C(=O)NCCN(C)c3ccccc3)ccc21,True,2.9224000000000014,0.4829000000000008,0.7735849056603774,False,True
1.0,bin,16,0.5795501172542572,0.5143000483512878,0.6448001861572266,32052,COc1ccccc1CNC(=O)Cc1c[nH]c2ccccc12,3.035400000000001,CC(NC(=O)Cc1c[nH]c2ccccc12)c1ccccc1,True,3.5878000000000023,0.5524000000000013,0.5294117647058824,False,False
1.0,bin,16,0.5795501172542572,0.5143000483512878,0.6448001861572266,116747,COCCSc1ccccc1C(=O)Nc1cccc(C)n1,3.3808200000000017,CC(C=N)C(=O)CSc1ccccc1C(=O)NC1C=CC=CC1,True,3.2479700000000014,-0.13285000000000036,0.2777777777777778,False,True
1.0,bin,16,0.5795501172542572,0.5143000483512878,0.6448001861572266,131060,CS(=O)(=O)NCCc1csc(-c2ccc(F)cc2)n1,2.0408999999999997,COCC(=O)NCCc1csc(-c2ccc(Cl)cc2)n1,True,2.768600000000001,0.7277000000000013,0.44642857142857145,False,False
1.0,bin,16,0.5795501172542572,0.5143000483512878,0.6448001861572266,131949,CCc1c(C)nc(SCC(=O)NC(C)C)[nH]c1=O,1.25742,CCc1nc(SCC(=O)NC(C)C)[nH]c(=O)c1C,True,1.2574199999999995,-4.440892098500626e-16,0.6956521739130435,False,True
1.0,bin,16,0.5795501172542572,0.5143000483512878,0.6448001861572266,158879,COc1ccc(CC(=O)OCC(=O)c2c[nH]c3ccccc23)cc1,3.145100000000001,O=C(Cc1ccccc1Cl)OCC(=O)c1c[nH]c2ccccc12,True,3.789900000000002,0.6448000000000009,0.6153846153846154,False,True
1.0,bin,16,0.5795501172542572,0.5143000483512878,0.6448001861572266,232056,COCCNC(=O)c1cc(=O)c2cc(C)ccc2o1,1.4776199999999993,CCc1cc2c(=O)cc(C(=O)NCCOC)oc2cc1Cl,True,2.3850000000000007,0.9073800000000014,0.6274509803921569,False,True
1.0,bin,16,0.5795501172542572,0.5143000483512878,0.6448001861572266,235788,O=C(Cn1nc(-c2ccco2)oc1=O)NCC(F)(F)F,0.7747999999999999,C=C(C)CN(CC)C(=O)Cn1nc(-c2ccco2)oc1=O,True,1.5209,0.7461,0.5254237288135594,False,True
1.0,bin,16,0.5795501172542572,0.5143000483512878,0.6448001861572266,236081,CC(=O)c1c(C)[nH]c(C(=O)CSc2nc(C(C)C)n[nH]2)c1C,3.0506400000000014,CC(=O)c1c(C)[nH]c(C(=O)CSc2nc(CC(C)C)n[nH]2)c1C,True,3.1257400000000013,0.07509999999999994,0.7254901960784313,False,True
1.0,bin,16,0.5795501172542572,0.5143000483512878,0.6448001861572266,281081,O=C(Cn1cccn1)NCc1cccnc1Oc1ccc(F)cc1F,2.665000000000001,CC(F)C(=O)NCc1cccnc1Oc1ccccc1,True,2.8481000000000014,0.18310000000000048,0.4090909090909091,False,True
1.0,bin,16,0.5795501172542572,0.5143000483512878,0.6448001861572266,284170,COc1ccc(-c2nc(CC(=O)Nc3cccc(C)n3)cs2)cc1,3.7033200000000024,Cc1cccc(NC(=O)Cc2csc(-c3ccccc3)n2)n1,True,3.694720000000003,-0.008599999999999497,0.78,False,False
1.0,bin,16,0.5795501172542572,0.5143000483512878,0.6448001861572266,288369,Cc1ccc(NCc2nnc3n2CCCCC3)cc1C,3.2334400000000016,FC(F)(F)Cc1ccccc1NCc1nnc2n1CCCCC2,True,3.721400000000002,0.48796000000000017,0.5,False,True
1.0,bin,16,0.5795501172542572,0.5143000483512878,0.6448001861572266,302889,COc1ccc(OC)c(NC(=O)CCNC(=O)c2cccs2)c1,2.5239000000000003,CSc1cccc(NC(=O)CCNC(=O)c2cccs2)c1,True,3.228600000000002,0.7047000000000017,0.5254237288135594,False,False
1.0,bin,16,0.5795501172542572,0.5143000483512878,0.6448001861572266,327141,COc1ccc(OC)c(S(=O)(=O)Nc2ccn(C)n2)c1,1.2381,CCOc1ccc(F)cc1S(=O)(=O)Nc1ccn(C)n1,True,1.7586999999999997,0.5205999999999997,0.5769230769230769,False,True
1.0,bin,16,0.5795501172542572,0.5143000483512878,0.6448001861572266,327382,CNC(=O)C1CN(C(=O)c2c(C)noc2C)c2ccccc2O1,1.4452399999999996,CCc1noc(C)c1C(=O)NC1c2ccccc2OC1C(=O)NC,True,1.52352,0.07828000000000035,0.39705882352941174,False,True
1.0,bin,16,0.5795501172542572,0.5143000483512878,0.6448001861572266,406491,COCCNC(=O)C1CCCN(S(=O)(=O)N2CCOCC2)C1,-0.9619999999999964,CN(C)C(=O)C1CCN(S(=O)(=O)N2CCOCC2)CC1,True,-0.6363999999999983,0.3255999999999981,0.41509433962264153,False,True
1.0,bin,16,0.5795501172542572,0.5143000483512878,0.6448001861572266,413951,O=C(Cn1ncn2cccc2c1=O)N1CCCCCC1,0.8985999999999996,CCOCC1CCN(C(=O)Cn2ncn3cccc3c2=O)CC1,True,0.7710999999999997,-0.12749999999999995,0.6481481481481481,False,True
1.0,bin,16,0.5795501172542572,0.5143000483512878,0.6448001861572266,427929,CCNc1nc(NCc2ccccc2Cl)c2cnn(C)c2n1,3.060600000000001,Cn1ncc2c(NCc3ccccc3Cl)nc(C(C)(C)C)nc21,True,3.926300000000003,0.8657000000000021,0.6923076923076923,False,True
1.0,bin,16,0.5795501172542572,0.5143000483512878,0.6448001861572266,447130,CCC(NC(=O)C1CCN(C(=O)C2CC2)CC1)c1ccc(C)cc1,3.2109200000000016,CC(C)C(NC(=O)C1CCN(C(=O)C2CC2)CC1)c1ccc(Cl)cc1,True,3.8019000000000025,0.590980000000001,0.5471698113207547,False,True
1.0,bin,16,0.5795501172542572,0.5143000483512878,0.6448001861572266,481908,CCNS(=O)(=O)c1ccc(C)c(C(=O)Nc2ncccc2C)c1,2.24894,Cc1ccc(NC(=O)C2COC=CC=C2F)nc1,True,2.3420199999999998,0.09307999999999961,0.17567567567567569,False,True
1.0,bin,16,0.5795501172542572,0.5143000483512878,0.6448001861572266,485220,Cc1nn(CC(=O)N2CCN(C)CC2)c(C)c1Br,1.03644,CCNC1CCCN(C(=O)Cn2cc(Br)c(C)n2)C1,True,1.55452,0.5180799999999999,0.3114754098360656,False,True
1.0,bin,16,0.5795501172542572,0.5143000483512878,0.6448001861572266,526363,Cc1nnc(SCC(=O)Nc2ccc(O)cc2)n(N)c1=O,0.09692,Cc1ccccc1NC(=O)CSc1nnc(C)c(=O)n1N,True,0.6997400000000003,0.6028200000000002,0.68,False,False
1.0,bin,16,0.5795501172542572,0.5143000483512878,0.6448001861572266,536853,COc1ccc(C2CCCN2C(=O)C2CCC2)c(OC)c1,3.1674000000000015,CCOc1cc(C2CCCN2C(=O)C2CCC2)ccc1OC,True,3.5575000000000028,0.3901000000000012,0.5636363636363636,False,True
1.0,bin,16,0.5795501172542572,0.5143000483512878,0.6448001861572266,540312,Cc1nn(C)c2nc(C3CC3)cc(C(=O)NCC(=O)NC(C)(C)C)c12,1.7986199999999997,Cc1nn(C)c2nc(C3CC3)cc(C(=O)OCC(F)(F)F)c12,True,2.8732200000000017,1.074600000000002,0.5645161290322581,False,True
1.0,bin,16,0.5795501172542572,0.5143000483512878,0.6448001861572266,544381,Cc1nc(N2CCCC(C(=O)NC(C)C)C2)c2c(C)c(C)oc2n1,2.8890600000000006,Cc1nc(N2CCCC(OC(F)(F)F)C2)c2c(C)c(C)oc2n1,True,3.653260000000002,0.7642000000000015,0.55,False,True
1.0,bin,16,0.5795501172542572,0.5143000483512878,0.6448001861572266,544382,CCCNC(=O)C1CCCN(c2nc(C)nc3oc(C)c(C)c23)C1,2.8906600000000013,CCCCNC(=O)CC1CCN(c2nc(C)nc3oc(C)cc23)C1,True,2.9723400000000018,0.08168000000000042,0.4383561643835616,False,True
1.0,bin,16,0.5795501172542572,0.5143000483512878,0.6448001861572266,550049,Cc1ccc(C)c(OCC(=O)Nc2cccc(-n3cnnc3)c2)c1,2.9016400000000013,C=NN=CNc1ccccc1NC(=O)COC1=CC=CC1,True,2.5413000000000006,-0.36034000000000077,0.24324324324324326,False,True
1.0,bin,16,0.5795501172542572,0.5143000483512878,0.6448001861572266,573533,Cc1nn(-c2ncc(C(F)(F)F)cc2Cl)c(=O)o1,2.2011199999999995,CC(C)C=NN(C=O)c1ncc(C(F)(F)F)cc1Cl,True,3.3584000000000023,1.1572800000000028,0.3448275862068966,False,True
1.0,bin,16,0.5795501172542572,0.5143000483512878,0.6448001861572266,582555,O=C(NCC(O)c1ccccc1)c1ccc2c(=O)n3c(nc2c1)CCC3,1.8061000000000003,O=C(NCCc1ccccc1)c1ccc2c(=O)n3c(nc2c1)CCC3,True,2.3152,0.5090999999999997,0.7,False,False
1.0,bin,16,0.5795501172542572,0.5143000483512878,0.6448001861572266,588547,Cc1n[nH]c(C)c1NC(=O)CCc1ccc(Cl)cc1Cl,3.9046400000000023,Cc1n[nH]c(C)c1NC(=O)CCc1ccc(Cl)cc1Br,True,4.013740000000003,0.10910000000000064,0.7916666666666666,False,True
1.0,bin,16,0.5795501172542572,0.5143000483512878,0.6448001861572266,607673,CCCN(CC1CC1)S(=O)(=O)c1ccccc1F,2.636400000000001,CCCN(CC1CC1)S(=O)(=O)c1ccccc1Cl,True,3.1507000000000023,0.5143000000000013,0.7142857142857143,False,True
1.0,bin,16,0.5795501172542572,0.5143000483512878,0.6448001861572266,617681,Cc1cc(C(=O)Nc2nc(-c3ccncc3)cs2)nn1C(C)C,3.5432200000000016,CCC(C)n1nc(C(=O)Nc2nc(-c3ccncc3)cs2)cc1C,True,3.933320000000003,0.3901000000000012,0.8113207547169812,False,True
1.0,bin,16,0.5795501172542572,0.5143000483512878,0.6448001861572266,650267,COc1ccc2oc(C(=O)NC3CCCCNC3=O)c(C)c2c1,2.14832,CC1=C(C(=O)NC2CCCCNC2)OOc2c(Cl)cccc21,True,2.6533000000000015,0.5049800000000015,0.25,False,True
1.0,bin,16,0.5795501172542572,0.5143000483512878,0.6448001861572266,668639,Cc1cc(NC(=O)c2ccccc2Cl)ncc1N,2.8779200000000005,Cc1cc(C)c(N)c(NC(=O)c2ccc(Cl)c(F)c2)n1,True,3.3254400000000004,0.4475199999999999,0.31666666666666665,False,True
1.0,bin,16,0.5795501172542572,0.5143000483512878,0.6448001861572266,673160,CCC(=O)Nc1ccc2oc(C(F)(F)F)cc(=O)c2c1,3.160300000000001,CCCC(=O)Nc1ccc2oc(C(F)(F)F)cc(=O)c2c1,True,3.5504000000000016,0.39010000000000034,0.8409090909090909,False,True
1.0,bin,16,0.5795501172542572,0.5143000483512878,0.6448001861572266,711169,Cc1cccc(C(C)C)c1NC(=O)N(C)Cc1ccncc1,4.177320000000003,CCc1cccc(CC)c1NC(=O)N(CC)Cc1ccncc1,True,4.260400000000003,0.08308000000000071,0.46296296296296297,False,True
1.0,bin,16,0.5795501172542572,0.5143000483512878,0.6448001861572266,720969,Cc1noc(C)c1CCC(=O)OCC(=O)N1c2ccccc2CC1C,2.7450400000000013,Cc1noc(C)c1CCC(=O)OC(C)C(=O)N1c2ccccc2CC1C,True,3.1335400000000018,0.3885000000000005,0.7096774193548387,False,True
1.0,bin,16,0.5795501172542572,0.5143000483512878,0.6448001861572266,730789,COC(=O)C1CCN(C(=O)c2cc3ccc(F)cc3nc2C)CC1,2.7075200000000006,CCc1nc2cc(OC)ccc2cc1C(=O)N1CCC(C)CCO1,True,3.6095000000000024,0.9019800000000018,0.3287671232876712,False,True
1.0,bin,16,0.5795501172542572,0.5143000483512878,0.6448001861572266,738178,Cc1ccc(-n2ccnc2SCc2nc(C3CC3)no2)cc1C,4.041840000000003,CCC(Sc1nccn1-c1ccc(C)c(C)c1)c1nc(C2CC2)no1,True,4.992940000000004,0.9511000000000012,0.6724137931034483,False,True
1.0,bin,16,0.5795501172542572,0.5143000483512878,0.6448001861572266,771897,COc1ccccc1OCC(=O)N(C)Cc1sccc1C,3.102520000000002,Cc1ccsc1CN(C)C(=O)COc1cccc(C)c1C,True,3.7107600000000023,0.6082400000000003,0.7446808510638298,False,True
1.0,bin,16,0.5795501172542572,0.5143000483512878,0.6448001861572266,811446,COC(=O)C1(NC(=O)c2cc(Br)c[nH]2)CCCCCC1,2.7730000000000006,COC(=O)C1(NC(=O)c2cc(Br)c[nH]2)CCCCC1,True,2.3829000000000002,-0.39010000000000034,1.0,False,True
1.0,bin,16,0.5795501172542572,0.5143000483512878,0.6448001861572266,848291,CCC(C)NC(=O)NCc1noc(-c2cccs2)n1,2.3958000000000004,CC(C)CC(C)NC(=O)NCc1noc(-c2cccs2)n1,True,3.031900000000001,0.6361000000000008,0.8235294117647058,False,True
1.0,bin,16,0.5795501172542572,0.5143000483512878,0.6448001861572266,863440,COc1ccc(-c2nc(CCCO)cs2)cc1OC,2.752200000000001,C=CCc1csc(-c2ccc(OC)c(N)c2)n1,True,3.1294000000000004,0.3771999999999993,0.5,False,True
1.0,bin,16,0.5795501172542572,0.5143000483512878,0.6448001861572266,864663,N#Cc1ccc(-c2cc(F)ccc2F)nc1N1CCCC1,3.498680000000002,N#Cc1ccc(N2CCCC2)nc1-c1ccc(F)cc1Cl,True,4.012980000000002,0.5143000000000004,0.49056603773584906,False,True
1.0,bin,16,0.5795501172542572,0.5143000483512878,0.6448001861572266,872100,CCc1cccc(C)c1NCC(O)c1ccc2c(c1)OCCO2,3.474120000000002,Cc1cccc(OC(C)C)c1NCC(O)c1ccc2c(c1)OCCO2,True,3.698920000000002,0.2248000000000001,0.6851851851851852,False,True
1.0,bin,16,0.5795501172542572,0.5143000483512878,0.6448001861572266,886334,COc1ccc(C(=O)N2CCCC(C(=O)N3CCCCC3)C2)c(O)c1,2.2655000000000003,O=C(c1ccccc1)N1CCCC(C(=O)N2CCCC(O)C2)C1,True,1.5221,-0.7434000000000003,0.42857142857142855,False,True
1.0,bin,16,0.5795501172542572,0.5143000483512878,0.6448001861572266,887387,COCCNC(=O)N(Cc1cccc(F)c1)CC1CCCO1,2.1627,COC(=O)CCC(=O)N(Cc1cccc(Cl)c1)CC1CCCO1,True,2.8008000000000015,0.6381000000000014,0.5538461538461539,False,True
1.0,bin,16,0.5795501172542572,0.5143000483512878,0.6448001861572266,889149,N#Cc1ccc(NC(=O)c2ccc(Br)cc2Cl)nc1,3.621480000000001,CC(C)Sc1ccccc1C(=O)Nc1ccc(C#N)cn1,True,3.706080000000002,0.0846000000000009,0.5,False,True
1.0,bin,16,0.5795501172542572,0.5143000483512878,0.6448001861572266,913483,O=C(CNC(=O)NCCc1c(Cl)cccc1Cl)NC1CC1,2.1137000000000006,CC(C)(C)CC=C1C=CC(CCNC(=O)NCC(=O)NC2CC2)=C1,True,2.8131000000000004,0.6993999999999998,0.49122807017543857,False,True
1.0,bin,16,0.5795501172542572,0.5143000483512878,0.6448001861572266,917620,C=CCN(Cc1ccccc1OC)C(=O)c1csc(C)n1,3.288520000000002,CCCN(Cc1ccc(C)c(C)c1)C(=O)c1csc(C)n1,True,4.120760000000004,0.8322400000000023,0.4032258064516129,False,True
1.0,bin,16,0.5795501172542572,0.5143000483512878,0.6448001861572266,918312,CCOc1ccc(Cl)c(C(=O)N2CCN(c3ncccn3)CC2)n1,1.8860999999999997,CCc1cccnc1NCCN(Cl)C(=O)c1cccc(Cl)n1,True,3.400500000000002,1.5144000000000022,0.2328767123287671,False,True
1.0,bin,16,0.5795501172542572,0.5143000483512878,0.6448001861572266,922879,CC(=O)c1ccc(N2CCN(Cc3c(F)cccc3F)CC2)cc1,3.489600000000003,Fc1ccc(CN2CCN(c3ccc(Cl)cc3)CC2)c(F)c1,True,3.940400000000003,0.4508000000000001,0.38461538461538464,False,True
1.0,bin,16,0.5795501172542572,0.5143000483512878,0.6448001861572266,927535,COc1cc(CN2CCN(c3ccccc3F)CC2)ccc1O,2.862100000000002,CCOc1cccc(CN2CCN(c3ccc(C)cc3)CC2)c1,True,3.7159200000000023,0.8538200000000002,0.32786885245901637,False,True
1.0,bin,16,0.5795501172542572,0.5143000483512878,0.6448001861572266,927567,Cc1ccccc1N1CCN(Cc2cccc(O)c2)CC1,3.022820000000001,Cc1ccc(C)c(N2CCN(Cc3ccccc3O)CC2)c1,True,3.331240000000002,0.3084200000000008,0.4897959183673469,False,True
1.0,bin,16,0.5795501172542572,0.5143000483512878,0.6448001861572266,938108,CC(c1ccccc1)N(C)C(=O)CCC(=O)Nc1nccs1,3.0814000000000012,CC(c1ccccc1Cl)N(C)C(=O)CCC(=O)Nc1nccs1,True,3.7348000000000026,0.6534000000000013,0.7358490566037735,False,True
1.0,bin,16,0.5795501172542572,0.5143000483512878,0.6448001861572266,943303,CN(CCCOc1ccccc1)C(=O)Nc1cccc2c1OCCO2,3.390600000000002,COc1ccccc1NC(=O)N(C)CCC(C)OC1=CC=C(C)OC1,True,3.772000000000003,0.38140000000000107,0.35135135135135137,False,True
1.0,bin,16,0.5795501172542572,0.5143000483512878,0.6448001861572266,946289,CC(NC(=O)C1(c2cc(-c3ccco3)on2)CC1)c1ccccc1,3.843600000000002,C#CC1C(=CC=COCC)C(C)NC(=O)C1(C)c1cc(-c2ccco2)on1,True,3.436600000000002,-0.40700000000000003,0.2976190476190476,False,True
1.0,bin,16,0.5795501172542572,0.5143000483512878,0.6448001861572266,994077,Cc1nnc(Cn2c(-c3cccc(Br)c3)noc2=O)o1,2.0055199999999997,CC=NN=CCn1c(-c2cccc(Br)c2)noc1=O,True,2.3423,0.3367800000000001,0.5636363636363636,False,True
1.0,bin,16,0.5795501172542572,0.5143000483512878,0.6448001861572266,1065620,O=C(NCc1cccnc1Oc1ccccc1)c1cccnc1,3.198900000000002,Cc1ncccc1C(=O)NCc1cccnc1Oc1ccccc1,True,3.5073200000000018,0.3084199999999999,0.6470588235294118,False,True
1.0,bin,16,0.5795501172542572,0.5143000483512878,0.6448001861572266,1093926,CN(C(=O)CNc1cccc(OCC2CCCO2)c1)c1ccccc1,3.319300000000002,O=C(CNC=C1C=CC(OCC2CCCO2)=C1)Nc1ccc(Cl)cc1,True,3.4013000000000018,0.08199999999999985,0.34177215189873417,False,True
1.0,bin,16,0.5795501172542572,0.5143000483512878,0.6448001861572266,1107920,CCc1ccc(-n2cc(C(=O)NC(C)c3ccccc3)nn2)cc1,3.320700000000002,CC1=CC2(C(C)NC(=O)C=CN(N=N)c3cccc(Cl)c3)CC(=C1)C2,True,4.777270000000003,1.456570000000001,0.13636363636363635,False,True
1.0,bin,16,0.5795501172542572,0.5143000483512878,0.6448001861572266,1113130,CC(NC(=O)Cn1nnnc1C(C)(C)C)c1cccc2ccccc12,3.0012000000000016,CCc1nnnn1CC(=O)NC(C)Cc1c(Cl)ccc2ccccc12,True,2.789500000000001,-0.21170000000000044,0.4626865671641791,False,True
1.0,bin,16,0.5795501172542572,0.5143000483512878,0.6448001861572266,1121751,COC(=O)Cn1ccc(NS(=O)(=O)c2ccc(F)c(F)c2F)n1,1.2742,COC(=O)Cn1ccc(NS(=O)(=O)c2cccc(C)c2C)n1,True,1.47374,0.19954000000000005,0.6296296296296297,False,True
1.0,bin,16,0.5795501172542572,0.5143000483512878,0.6448001861572266,1142531,CCOC(C)C(=O)NCCc1csc(-c2ccc(C)cc2)n1,3.2022200000000014,CCCCC(=O)NCCC(C=CS)N=Cc1ccc(C)cc1,True,3.922520000000003,0.7203000000000017,0.24324324324324326,False,True
1.0,bin,16,0.5795501172542572,0.5143000483512878,0.6448001861572266,1212157,CN(Cc1ccc(F)c(F)c1)C(=O)c1cncc(-c2cnn(C)c2)c1,3.0325000000000015,CN(Cc1cccc(Cl)c1)C(=O)c1cncc(-c2cnn(C)c2)c1,True,3.407700000000002,0.3752000000000004,0.7321428571428571,False,True
1.0,bin,16,0.5795501172542572,0.5143000483512878,0.6448001861572266,1215394,CCn1nc(C)cc1C(=O)Oc1cccc(NC(=O)C(C)C)c1,3.025120000000001,CCn1nc(C)cc1C(=O)Oc1cc(Cl)ccc1F,True,3.2231200000000015,0.1980000000000004,0.4915254237288136,False,True
1.0,bin,16,0.5795501172542572,0.5143000483512878,0.6448001861572266,1232922,CC(C)(C)OC(=O)NC1CCCN(S(=O)(=O)N2CCOCC2)C1,0.5525000000000011,CC(C)(C)CCOC1CCN(S(=O)(=O)N2CCOCC2)CC1,True,1.4805999999999997,0.9280999999999986,0.4,False,True
1.0,bin,16,0.5795501172542572,0.5143000483512878,0.6448001861572266,1238973,FC(F)(F)c1cnc(N2CCn3c(nnc3C3CC3)C2)c(Cl)c1,3.2429000000000023,Cc1nc(N2CCn3c(nnc3C3CC3)C2)cc(Cl)c1Cl,True,3.185920000000002,-0.05698000000000025,0.5087719298245614,False,True
1.0,bin,16,0.5795501172542572,0.5143000483512878,0.6448001861572266,1299495,Cc1cc(CC(=O)N2CCCC2C(C#N)c2ccccc2)no1,2.823900000000001,Cc1cc(CC(=O)N2CCCC2C(C#N)c2ccc(F)c(F)c2)no1,True,3.102100000000002,0.2782000000000009,0.7666666666666667,False,True
1.0,bin,16,0.5795501172542572,0.5143000483512878,0.6448001861572266,1309906,CC(C)CC(NC(=O)c1cc(=O)c2ccccc2o1)C(=O)OC(C)C,2.8891000000000018,CC(C)CCN(C)C(=O)c1cc(=O)c2ccccc2o1,True,2.911100000000001,0.021999999999999353,0.47368421052631576,False,True
1.0,bin,16,0.5795501172542572,0.5143000483512878,0.6448001861572266,1362816,COCc1cccc(C(=O)NC2CC2c2cccc(Cl)c2)c1,3.772300000000002,Cc1cc(C(=O)NC2CC2c2cccc(Cl)c2)ccc1Cl,True,4.587720000000003,0.8154200000000005,0.6296296296296297,False,True
1.0,bin,16,0.5795501172542572,0.5143000483512878,0.6448001861572266,1441838,COCC(=O)NC(C(=O)Nc1cccc(-c2nccs2)c1)C(C)C,2.5358,COCCCCNC(=O)Nc1cccc(-c2nccs2)c1,True,3.358200000000001,0.8224000000000009,0.5714285714285714,False,True
1.0,bin,16,0.5795501172542572,0.5143000483512878,0.6448001861572266,1450449,CCCNC(=O)CSc1nc2c(cc1C#N)CCCC2,2.450380000000001,CCC1=NC=C2C=C(C(N)=O)C1CCC2,True,1.9467,-0.5036800000000008,0.16901408450704225,False,True
1.0,bin,16,0.5795501172542572,0.5143000483512878,0.6448001861572266,1451910,O=S(=O)(NCc1nnc2ccccn12)c1ccc(F)c(F)c1,1.4859999999999995,O=S(=O)(NCc1nnc2ccccn12)c1ccc(F)cc1Cl,True,2.0002999999999997,0.5143000000000002,0.6111111111111112,False,False
1.0,bin,16,0.5795501172542572,0.5143000483512878,0.6448001861572266,1479798,Cc1nc(C)c(CCC(=O)N(CC(C)C)CC(F)(F)F)c(=O)[nH]1,2.3662400000000003,CCC(C)N(CC(C)C)C(=O)CCc1c(C)nc(C)[nH]c1=O,True,2.6024400000000005,0.2362000000000002,0.6226415094339622,False,True
1.0,bin,16,0.5795501172542572,0.5143000483512878,0.6448001861572266,1507926,COC(=O)C(C)NC(=O)Cc1csc(-c2ccccc2Cl)n1,2.6837,CCCNC(=O)Cc1csc(-c2ccccc2Cl)n1,True,3.5322000000000022,0.8485000000000023,0.6226415094339622,False,True
1.0,bin,16,0.5795501172542572,0.5143000483512878,0.6448001861572266,1527882,Nc1ncccc1C(=O)Nc1ccc2cn[nH]c2c1,1.7923999999999998,Cc1ccc(C(=O)Nc2ccc3cn[nH]c3c2)cn1,True,2.5186199999999994,0.7262199999999996,0.5769230769230769,False,True
1.0,bin,16,0.5795501172542572,0.5143000483512878,0.6448001861572266,1532848,COc1ccc(-c2ccc3c(=O)[nH]cnc3c2)cc1Cl,3.2521000000000013,O=CNc1ccc(-c2ccc(Br)cc2)cn1,True,3.0794000000000015,-0.17269999999999985,0.15789473684210525,False,True
1.0,bin,16,0.5795501172542572,0.5143000483512878,0.6448001861572266,1548351,COc1cc(OC)c2c(c1)C(c1cnccn1)NCC2,1.7288999999999999,Fc1cc(Cl)c2c(c1)C(c1cnccn1)NCC2,True,2.504200000000001,0.775300000000001,0.5384615384615384,False,False
1.0,bin,16,0.5795501172542572,0.5143000483512878,0.6448001861572266,1570134,COc1cccc(C(C)N2CCN(C(=O)c3ccc(O)cc3)CC2)c1,2.9198000000000013,CC(c1ccccc1)N1CCN(C(=O)c2cc(F)ccc2F)CC1,True,3.4838000000000022,0.564000000000001,0.43103448275862066,False,True
1.0,bin,16,0.5795501172542572,0.5143000483512878,0.6448001861572266,1611406,CC(C)(C)N1CC(NC(=O)C2COc3ccc(F)cc3C2)CC1=O,1.8923999999999994,CCC(CC)N1CC(NC(=O)C2COc3ccc(F)cc3C2)CC1=O,True,2.2824999999999998,0.39010000000000034,0.6885245901639344,False,True
1.0,bin,16,0.5795501172542572,0.5143000483512878,0.6448001861572266,1612684,CCCC1CN(C(=O)Nc2ccn(CCC(C)C)n2)CCO1,2.9620000000000015,CCCCC1OCCN1C(=O)Nc1cc(C)n(CC(C)C)n1,True,3.227920000000002,0.2659200000000004,0.3783783783783784,False,True
1.0,bin,16,0.5795501172542572,0.5143000483512878,0.6448001861572266,1639675,CCC(CC)c1nnc(NC(=O)c2scnc2C2CC2)s1,4.0279000000000025,CCC[SH]1C(NC(=O)c2scnc2C2CC2)=NN=C1C(C)C,True,3.500600000000002,-0.5273000000000003,0.5166666666666667,False,True
1.0,bin,16,0.5795501172542572,0.5143000483512878,0.6448001861572266,1675660,COc1ccnc(NC(=O)c2cccc(Cl)c2)c1,2.9959000000000007,COc1ccnc(NC(=O)c2ccc(C(F)(F)F)cc2)c1,True,3.361300000000001,0.36540000000000017,0.6041666666666666,False,False
1.0,bin,16,0.5795501172542572,0.5143000483512878,0.6448001861572266,1689728,CCc1noc(CSc2ncnc3sc(C)cc23)n1,3.237420000000002,CC(C)Cc1noc(CSC2=C3C=CCSC3=NC2)n1,True,3.470500000000002,0.23308000000000018,0.2857142857142857,False,True
1.0,bin,16,0.5795501172542572,0.5143000483512878,0.6448001861572266,1720876,CC(C)(C)CC(=O)NCC(=O)Nc1ccc2c(c1)COC2,2.2077,O=C(CNC(=O)c1ccc2c(c1)COC2)OCC(F)(F)F,True,1.5521000000000003,-0.6555999999999997,0.38596491228070173,False,True
1.0,bin,16,0.5795501172542572,0.5143000483512878,0.6448001861572266,1757109,CC(C)Cc1ncc(CNc2ccc3c(c2)COC3)s1,3.983900000000003,CC(C)(C)CC=NC=C(S)CNc1ccc2c(c1)COC2,True,4.406900000000004,0.42300000000000093,0.36507936507936506,False,True
1.0,bin,16,0.5795501172542572,0.5143000483512878,0.6448001861572266,1774061,O=C1NCCCc2[nH]c(-c3cccc4[nH]ccc34)nc21,2.234,CC1C=CC=CCN(c2nc3c([nH]2)CCCNC3=O)CC1O,True,1.0150999999999997,-1.2189000000000003,0.36764705882352944,False,True
1.0,bin,16,0.5795501172542572,0.5143000483512878,0.6448001861572266,1800687,Cc1nn(C)c(-c2nc(-c3cccnn3)no2)c1Cl,1.8889199999999997,C=Cc1cc(-c2nc(-c3cccnn3)no2)n(C)n1,True,1.5700999999999994,-0.3188200000000003,0.5272727272727272,False,True
1.0,bin,16,0.5795501172542572,0.5143000483512878,0.6448001861572266,1815867,FC(F)(F)c1ccc(CN2CCOCC2c2ncon2)cc1,2.661900000000001,CCCC1COCCN1Cc1ccc(C(F)(F)F)cc1,True,3.7063000000000024,1.0444000000000013,0.5370370370370371,False,True
1.0,bin,16,0.5795501172542572,0.5143000483512878,0.6448001861572266,1828580,Cc1ccc(N2CC3OCC(=O)N(Cc4cccc(F)c4)C3C2)nn1,1.54032,CCC12OCC(=O)N(Cc3ccc(C)cc3)C1CN2c1cccnn1,True,2.1389199999999997,0.5985999999999998,0.2962962962962963,False,True
1.0,bin,16,0.5795501172542572,0.5143000483512878,0.6448001861572266,1836183,CCc1ccc(C(=O)NCc2nccc(N(C)C)n2)cc1,2.035,CC(C)(C)Nc1ccnc(CNC(=O)c2ccc(F)cc2)n1,True,2.756100000000001,0.7211000000000007,0.48148148148148145,False,True
1.0,bin,16,0.5795501172542572,0.5143000483512878,0.6448001861572266,1842499,COc1ccccc1COc1ccccc1-c1cnn(CCO)c1,3.1300000000000017,COc1ccc(COc2ccccc2-c2cnn(C)c2C)c(OC)c1,True,3.9917200000000026,0.8617200000000009,0.4576271186440678,False,True
1.0,bin,16,0.5795501172542572,0.5143000483512878,0.6448001861572266,1865564,COC(CNC(=O)c1ccoc1)c1cccc(F)c1,2.536200000000001,COC(CNC(=O)c1ccoc1)c1ccccc1Cl,True,3.0505000000000013,0.5143000000000004,0.6226415094339622,False,True
1.0,bin,16,0.5795501172542572,0.5143000483512878,0.6448001861572266,1868773,CCCOc1ccc(Cl)c2c1CCNC2C1CC(=O)C1,3.2947000000000015,O=C1CCC(C2NCCc3ccc(Cl)c(Cl)c32)C1,True,3.549400000000002,0.2547000000000006,0.42105263157894735,False,True
1.0,bin,16,0.5795501172542572,0.5143000483512878,0.6448001861572266,1873123,CCC1OC(=O)c2c(OC)ccc(Br)c21,3.079200000000002,CCCC1OC(=O)c2c(Br)cccc21,True,3.460700000000002,0.38149999999999995,0.4222222222222222,False,True
1.0,bin,16,0.5795501172542572,0.5143000483512878,0.6448001861572266,1875028,Cc1cccc(C)c1NCC(=O)N1CCCC2CCCCC21,3.8965400000000034,Cc1cc(C)c(NCC(=O)N2CCCC3CCCCC32)c(C)c1,True,4.204960000000003,0.3084199999999999,0.7727272727272727,False,True
1.0,bin,16,0.5795501172542572,0.5143000483512878,0.6448001861572266,1895921,CCC(CC)N(C)C(=O)CC1OC(=O)c2ccccc21,2.935200000000002,CN(CCC(F)(F)F)C(=O)CC1OC(=O)c2ccccc21,True,2.6990000000000007,-0.23620000000000108,0.58,False,True
1.0,bin,16,0.5795501172542572,0.5143000483512878,0.6448001861572266,1907077,Cc1ccc2[nH]nc(C(=O)Nc3nc(-c4ccco4)cs3)c2c1,3.8401200000000015,CC(C)(c1csc(NC(=O)c2n[nH]c3ccccc23)n1)c1ccco1,True,4.1906000000000025,0.350480000000001,0.5373134328358209,False,True
1.0,bin,16,0.5795501172542572,0.5143000483512878,0.6448001861572266,1913063,Cc1nn(C)c(C)c1CN(C(=O)c1cn2cccc(C)c2n1)C1CC1,2.797860000000001,CCCCc1c(CNC(=O)C2=CNCC(C)=CC=C2)c(C)nn1C,True,2.676920000000001,-0.12094000000000005,0.20689655172413793,False,True
1.0,bin,16,0.5795501172542572,0.5143000483512878,0.6448001861572266,1922265,CN(CCNC(=O)c1ccc2c(c1)ncn2C)c1ccccc1,2.4395000000000007,CC(C)N(CCNC(=O)c1ccc2c(c1)ncn2C)c1ccccc1,True,3.2181000000000015,0.7786000000000008,0.7592592592592593,False,True
1.0,bin,17,0.7375200986862183,0.6448001861572266,0.83024001121521,32052,COc1ccccc1CNC(=O)Cc1c[nH]c2ccccc12,3.035400000000001,CC(NC(=O)Cc1c[nH]c2ccccc12)c1ccccc1,True,3.5878000000000023,0.5524000000000013,0.5294117647058824,False,False
1.0,bin,17,0.7375200986862183,0.6448001861572266,0.83024001121521,116747,COCCSc1ccccc1C(=O)Nc1cccc(C)n1,3.3808200000000017,Cc1cccc(NC(=O)c2ccc(SC(F)F)c(C)c2C)n1,True,4.573860000000003,1.1930400000000017,0.509090909090909,False,True
1.0,bin,17,0.7375200986862183,0.6448001861572266,0.83024001121521,131060,CS(=O)(=O)NCCc1csc(-c2ccc(F)cc2)n1,2.0408999999999997,CS(=O)(=O)NCCc1csc(-c2ccc(Br)cc2)n1,True,2.664300000000001,0.6234000000000011,0.7674418604651163,False,True
1.0,bin,17,0.7375200986862183,0.6448001861572266,0.83024001121521,131949,CCc1c(C)nc(SCC(=O)NC(C)C)[nH]c1=O,1.25742,CCc1c(C)nc(SCCC(=O)OC)[nH]c1=O,True,1.2959199999999997,0.03849999999999976,0.5714285714285714,False,True
1.0,bin,17,0.7375200986862183,0.6448001861572266,0.83024001121521,158879,COc1ccc(CC(=O)OCC(=O)c2c[nH]c3ccccc23)cc1,3.145100000000001,O=C(Cc1c(F)cccc1Cl)OCC(=O)c1c[nH]c2ccccc12,True,3.929000000000002,0.7839000000000009,0.5614035087719298,False,True
1.0,bin,17,0.7375200986862183,0.6448001861572266,0.83024001121521,232056,COCCNC(=O)c1cc(=O)c2cc(C)ccc2o1,1.4776199999999993,CCCNC(=O)c1cc(=O)c2cc(OCC)ccc2o1,True,2.3315,0.8538800000000009,0.5769230769230769,False,True
1.0,bin,17,0.7375200986862183,0.6448001861572266,0.83024001121521,235788,O=C(Cn1nc(-c2ccco2)oc1=O)NCC(F)(F)F,0.7747999999999999,CC(Sc1nn(Cc2ccco2)c(=O)o1)C(=O)NC(C)(C)C,True,1.8728999999999998,1.0980999999999999,0.32857142857142857,False,True
1.0,bin,17,0.7375200986862183,0.6448001861572266,0.83024001121521,236081,CC(=O)c1c(C)[nH]c(C(=O)CSc2nc(C(C)C)n[nH]2)c1C,3.0506400000000014,CC(=O)c1c(C)[nH]c(C(=O)CSc2nc(C(C)(C)C)n[nH]2)c1C,True,3.2247400000000015,0.17410000000000014,0.6862745098039216,False,True
1.0,bin,17,0.7375200986862183,0.6448001861572266,0.83024001121521,281081,O=C(Cn1cccn1)NCc1cccnc1Oc1ccc(F)cc1F,2.665000000000001,Cc1cc(C)c(Oc2ncccc2CNC(=O)Cn2cccn2)c(C)c1,True,3.3120600000000016,0.6470600000000006,0.6949152542372882,False,True
1.0,bin,17,0.7375200986862183,0.6448001861572266,0.83024001121521,284170,COc1ccc(-c2nc(CC(=O)Nc3cccc(C)n3)cs2)cc1,3.7033200000000024,Cc1cccc(NC(=O)Cc2csc(Nc3ccccn3)n2)c1C,True,4.079740000000002,0.37641999999999953,0.391304347826087,False,True
1.0,bin,17,0.7375200986862183,0.6448001861572266,0.83024001121521,288369,Cc1ccc(NCc2nnc3n2CCCCC3)cc1C,3.2334400000000016,Cc1cc(Br)cc(NCc2nnc3n2CCCCC3)c1,True,3.687520000000002,0.45408000000000026,0.64,False,True
1.0,bin,17,0.7375200986862183,0.6448001861572266,0.83024001121521,302889,COc1ccc(OC)c(NC(=O)CCNC(=O)c2cccs2)c1,2.5239000000000003,O=C(CCNC(=O)c1cccs1)Nc1ccc(OC(F)F)cc1,True,3.108100000000001,0.5842000000000009,0.5517241379310345,False,False
1.0,bin,17,0.7375200986862183,0.6448001861572266,0.83024001121521,327141,COc1ccc(OC)c(S(=O)(=O)Nc2ccn(C)n2)c1,1.2381,CC(C)OCc1ccc(S(=O)(=O)Nc2ccn(C)n2)cc1,True,2.1459,0.9078000000000002,0.43636363636363634,False,True
1.0,bin,17,0.7375200986862183,0.6448001861572266,0.83024001121521,327382,CNC(=O)C1CN(C(=O)c2c(C)noc2C)c2ccccc2O1,1.4452399999999996,Cc1noc(C)c1C(=O)N1c2ccccc2OC(C)C1CO,True,2.08004,0.6348000000000003,0.5084745762711864,False,True
1.0,bin,17,0.7375200986862183,0.6448001861572266,0.83024001121521,406491,COCCNC(=O)C1CCCN(S(=O)(=O)N2CCOCC2)C1,-0.9619999999999964,CC(C)NC(=O)C1CCCN(S(=O)(=O)N2CCOCC2)C1,True,-0.19999999999999818,0.7619999999999982,0.64,False,False
1.0,bin,17,0.7375200986862183,0.6448001861572266,0.83024001121521,413951,O=C(Cn1ncn2cccc2c1=O)N1CCCCCC1,0.8985999999999996,CC1CCCCCN1C(=O)Cn1ncn2cccc2c1=O,True,1.2871,0.3885000000000003,0.6862745098039216,False,True
1.0,bin,17,0.7375200986862183,0.6448001861572266,0.83024001121521,427929,CCNc1nc(NCc2ccccc2Cl)c2cnn(C)c2n1,3.060600000000001,CCc1nc(NCc2ccccc2Cl)c2cnn(C)c2n1,True,3.191200000000001,0.13060000000000027,0.74,False,True
1.0,bin,17,0.7375200986862183,0.6448001861572266,0.83024001121521,447130,CCC(NC(=O)C1CCN(C(=O)C2CC2)CC1)c1ccc(C)cc1,3.2109200000000016,CC(C)CC(NC(=O)C1CCN(C(=O)C2CC2)CC1)c1ccccc1,True,3.5386000000000024,0.32768000000000086,0.6274509803921569,False,False
1.0,bin,17,0.7375200986862183,0.6448001861572266,0.83024001121521,481908,CCNS(=O)(=O)c1ccc(C)c(C(=O)Nc2ncccc2C)c1,2.24894,Cc1cccnc1NC(=O)c1cccc(Br)c1,True,3.4048200000000017,1.1558800000000016,0.48148148148148145,False,False
1.0,bin,17,0.7375200986862183,0.6448001861572266,0.83024001121521,485220,Cc1nn(CC(=O)N2CCN(C)CC2)c(C)c1Br,1.03644,Cc1c(Cl)c(C(F)(F)F)nn1CC(=O)N1CCN(C)CC1,True,1.6377199999999996,0.6012799999999996,0.5531914893617021,False,False
1.0,bin,17,0.7375200986862183,0.6448001861572266,0.83024001121521,526363,Cc1nnc(SCC(=O)Nc2ccc(O)cc2)n(N)c1=O,0.09692,CC1=CC=CC(NC(=O)CSc2nncc(=O)[nH]2)N=C1C,True,0.6763000000000002,0.5793800000000002,0.2328767123287671,False,True
1.0,bin,17,0.7375200986862183,0.6448001861572266,0.83024001121521,536853,COc1ccc(C2CCCN2C(=O)C2CCC2)c(OC)c1,3.1674000000000015,COc1ccc(Br)c(C2CCCN2C(=O)C2CCC2)c1,True,3.9213000000000022,0.7539000000000007,0.7291666666666666,False,True
1.0,bin,17,0.7375200986862183,0.6448001861572266,0.83024001121521,540312,Cc1nn(C)c2nc(C3CC3)cc(C(=O)NCC(=O)NC(C)(C)C)c12,1.7986199999999997,CCn1cnc(C2CC2)cc(C(=O)NCC(=O)C(C)C)cc(C)n1,True,2.5631200000000005,0.7645000000000008,0.32,False,True
1.0,bin,17,0.7375200986862183,0.6448001861572266,0.83024001121521,544381,Cc1nc(N2CCCC(C(=O)NC(C)C)C2)c2c(C)c(C)oc2n1,2.8890600000000006,CCc1nc(N2CC(C)CC(C)C2=O)c2c(C)c(C)oc2n1,True,3.410940000000002,0.5218800000000012,0.3142857142857143,False,True
1.0,bin,17,0.7375200986862183,0.6448001861572266,0.83024001121521,544382,CCCNC(=O)C1CCCN(c2nc(C)nc3oc(C)c(C)c23)C1,2.8906600000000013,CCCc1nc(N2CCCC(CC)C2)c2c(C(=O)NC)c(C)oc2n1,True,3.4697200000000015,0.5790600000000001,0.4444444444444444,False,True
1.0,bin,17,0.7375200986862183,0.6448001861572266,0.83024001121521,550049,Cc1ccc(C)c(OCC(=O)Nc2cccc(-n3cnnc3)c2)c1,2.9016400000000013,O=C(COc1ccc(Cl)cc1Cl)Nc1cccc(-n2cnnc2)c1,True,3.5916000000000015,0.6899600000000001,0.6727272727272727,False,True
1.0,bin,17,0.7375200986862183,0.6448001861572266,0.83024001121521,573533,Cc1nn(-c2ncc(C(F)(F)F)cc2Cl)c(=O)o1,2.2011199999999995,CCCc1nn(-c2ncc(C(F)(F)F)c(Cl)c2Cl)c(=O)o1,True,3.4986000000000015,1.297480000000002,0.42857142857142855,False,True
1.0,bin,17,0.7375200986862183,0.6448001861572266,0.83024001121521,582555,O=C(NCC(O)c1ccccc1)c1ccc2c(=O)n3c(nc2c1)CCC3,1.8061000000000003,CC(Cc1ccccc1F)NC(=O)c1ccc2c(=O)n3c(nc2c1)CCC3,True,2.8428000000000013,1.036700000000001,0.5882352941176471,False,True
1.0,bin,17,0.7375200986862183,0.6448001861572266,0.83024001121521,588547,Cc1n[nH]c(C)c1NC(=O)CCc1ccc(Cl)cc1Cl,3.9046400000000023,Cc1n[nH]c(C)c1NC(=O)CCc1cc(Cl)cc(Cl)c1Cl,True,4.558040000000003,0.6534000000000004,0.75,False,True
1.0,bin,17,0.7375200986862183,0.6448001861572266,0.83024001121521,607673,CCCN(CC1CC1)S(=O)(=O)c1ccccc1F,2.636400000000001,CCCN(CC1CC1)S(=O)(=O)c1ccc(F)cc1Cl,True,3.2898000000000023,0.6534000000000013,0.6170212765957447,False,True
1.0,bin,17,0.7375200986862183,0.6448001861572266,0.83024001121521,617681,Cc1cc(C(=O)Nc2nc(-c3ccncc3)cs2)nn1C(C)C,3.5432200000000016,CCC(C)n1nc(C(=O)Nc2nc(-c3ccncc3)cs2)cc1C,True,3.933320000000003,0.3901000000000012,0.8113207547169812,False,True
1.0,bin,17,0.7375200986862183,0.6448001861572266,0.83024001121521,650267,COc1ccc2oc(C(=O)NC3CCCCNC3=O)c(C)c2c1,2.14832,CC1=C(C(=O)NC2CCCCNC2)OOc2c(Cl)cccc21,True,2.6533000000000015,0.5049800000000015,0.25,False,True
1.0,bin,17,0.7375200986862183,0.6448001861572266,0.83024001121521,668639,Cc1cc(NC(=O)c2ccccc2Cl)ncc1N,2.8779200000000005,Nc1cc(Cl)cnc1NC(=O)c1cc(F)ccc1Cl,True,3.362000000000001,0.4840800000000005,0.4,False,True
1.0,bin,17,0.7375200986862183,0.6448001861572266,0.83024001121521,673160,CCC(=O)Nc1ccc2oc(C(F)(F)F)cc(=O)c2c1,3.160300000000001,CC(C)(C)C(=O)Nc1ccc2oc(C(F)(F)F)cc(=O)c2c1,True,3.796400000000002,0.6361000000000008,0.717391304347826,False,True
1.0,bin,17,0.7375200986862183,0.6448001861572266,0.83024001121521,711169,Cc1cccc(C(C)C)c1NC(=O)N(C)Cc1ccncc1,4.177320000000003,Cc1cccc(C(C)C)c1NC(=O)N(Cc1ccncc1)C(C)C,True,4.955920000000003,0.7786000000000008,0.7872340425531915,False,True
1.0,bin,17,0.7375200986862183,0.6448001861572266,0.83024001121521,720969,Cc1noc(C)c1CCC(=O)OCC(=O)N1c2ccccc2CC1C,2.7450400000000013,Cc1noc(C)c1CCC(=O)OC(C)C(=O)N1c2ccccc2CC1C,True,3.1335400000000018,0.3885000000000005,0.7096774193548387,False,True
1.0,bin,17,0.7375200986862183,0.6448001861572266,0.83024001121521,730789,COC(=O)C1CCN(C(=O)c2cc3ccc(F)cc3nc2C)CC1,2.7075200000000006,COC(=O)CC1CCCN(C(=O)c2cnc3ccccc3c2)C1,True,2.650100000000001,-0.05741999999999958,0.2972972972972973,False,True
1.0,bin,17,0.7375200986862183,0.6448001861572266,0.83024001121521,738178,Cc1ccc(-n2ccnc2SCc2nc(C3CC3)no2)cc1C,4.041840000000003,Cc1ccc(Cl)cc1-n1ccnc1SC(C)c1nc(C2CC2)no1,True,4.947820000000003,0.9059799999999996,0.47761194029850745,False,True
1.0,bin,17,0.7375200986862183,0.6448001861572266,0.83024001121521,771897,COc1ccccc1OCC(=O)N(C)Cc1sccc1C,3.102520000000002,Cc1ccsc1CN(C)C(=O)COc1ccccc1Br,True,3.8564200000000035,0.7539000000000016,0.7659574468085106,False,True
1.0,bin,17,0.7375200986862183,0.6448001861572266,0.83024001121521,811446,COC(=O)C1(NC(=O)c2cc(Br)c[nH]2)CCCCCC1,2.7730000000000006,CCCCC1(C#N)CCCCC1NC(=O)c1cc(Br)c[nH]1,True,4.1497800000000025,1.376780000000002,0.4126984126984127,False,True
1.0,bin,17,0.7375200986862183,0.6448001861572266,0.83024001121521,848291,CCC(C)NC(=O)NCc1noc(-c2cccs2)n1,2.3958000000000004,CC(C)(C)CC(=O)NCc1noc(-c2cccs2)n1,True,2.850500000000001,0.45470000000000077,0.6181818181818182,False,False
1.0,bin,17,0.7375200986862183,0.6448001861572266,0.83024001121521,863440,COc1ccc(-c2nc(CCCO)cs2)cc1OC,2.752200000000001,CCOc1ccc(-c2nc(CCO)cs2)cc1Cl,True,3.397000000000002,0.6448000000000009,0.5490196078431373,False,True
1.0,bin,17,0.7375200986862183,0.6448001861572266,0.83024001121521,864663,N#Cc1ccc(-c2cc(F)ccc2F)nc1N1CCCC1,3.498680000000002,CC(C)COC=C1C=CN2C(=CC=C(C#N)CN3CCCC3)C2=C1,True,3.699380000000003,0.2007000000000012,0.1375,False,True
1.0,bin,17,0.7375200986862183,0.6448001861572266,0.83024001121521,872100,CCc1cccc(C)c1NCC(O)c1ccc2c(c1)OCCO2,3.474120000000002,CCc1cccc(CC)c1NCC(O)c1ccc2c(c1)OCCO2,True,3.728100000000002,0.2539800000000003,0.8666666666666667,False,True
1.0,bin,17,0.7375200986862183,0.6448001861572266,0.83024001121521,886334,COc1ccc(C(=O)N2CCCC(C(=O)N3CCCCC3)C2)c(O)c1,2.2655000000000003,Cc1ccc(C(=O)N2CCCC(C(=O)N3CCCCC3)C2)cc1,True,2.859720000000001,0.5942200000000009,0.5294117647058824,False,True
1.0,bin,17,0.7375200986862183,0.6448001861572266,0.83024001121521,887387,COCCNC(=O)N(Cc1cccc(F)c1)CC1CCCO1,2.1627,C=CCN(Cc1ccccc1)C(=O)NCC1CCCO1,True,2.563200000000001,0.40050000000000097,0.44776119402985076,False,True
1.0,bin,17,0.7375200986862183,0.6448001861572266,0.83024001121521,889149,N#Cc1ccc(NC(=O)c2ccc(Br)cc2Cl)nc1,3.621480000000001,O=C(Nc1ccc(Cl)cn1)c1cc(Br)ccc1Cl,True,4.403200000000002,0.7817200000000009,0.5714285714285714,False,True
1.0,bin,17,0.7375200986862183,0.6448001861572266,0.83024001121521,913483,O=C(CNC(=O)NCCc1c(Cl)cccc1Cl)NC1CC1,2.1137000000000006,CC(CNC(=O)NCCc1ccccc1Cl)C(C)(C)NC1CC1,True,3.3484000000000016,1.234700000000001,0.43103448275862066,False,True
1.0,bin,17,0.7375200986862183,0.6448001861572266,0.83024001121521,917620,C=CCN(Cc1ccccc1OC)C(=O)c1csc(C)n1,3.288520000000002,C=CCN(Cc1cccc(Cl)c1)C(=O)c1csc(C)n1,True,3.933320000000003,0.6448000000000009,0.5862068965517241,False,True
1.0,bin,17,0.7375200986862183,0.6448001861572266,0.83024001121521,918312,CCOc1ccc(Cl)c(C(=O)N2CCN(c3ncccn3)CC2)n1,1.8860999999999997,Cc1cc(C)nc(N2CCN(C(=O)c3ccc(Cl)cn3)CC2)n1,True,2.10424,0.21814000000000022,0.3770491803278688,False,True
1.0,bin,17,0.7375200986862183,0.6448001861572266,0.83024001121521,922879,CC(=O)c1ccc(N2CCN(Cc3c(F)cccc3F)CC2)cc1,3.489600000000003,Fc1ccccc1CN1CCN(c2cccc(C(F)(F)F)c2)CC1,True,4.166700000000004,0.6771000000000011,0.3888888888888889,False,True
1.0,bin,17,0.7375200986862183,0.6448001861572266,0.83024001121521,927535,COc1cc(CN2CCN(c3ccccc3F)CC2)ccc1O,2.862100000000002,COc1cc(CN2CCN(c3ccccc3C#N)CC2)ccc1C,True,3.1975000000000016,0.3353999999999995,0.5454545454545454,False,True
1.0,bin,17,0.7375200986862183,0.6448001861572266,0.83024001121521,927567,Cc1ccccc1N1CCN(Cc2cccc(O)c2)CC1,3.022820000000001,Oc1cccc(N2CCN(Cc3ccccc3Br)CC2)c1,True,3.4769000000000023,0.45408000000000115,0.44,False,True
1.0,bin,17,0.7375200986862183,0.6448001861572266,0.83024001121521,938108,CC(c1ccccc1)N(C)C(=O)CCC(=O)Nc1nccs1,3.0814000000000012,CC(c1ccccc1Cl)N(C)C(=O)CCC(=O)Nc1nccs1,True,3.7348000000000026,0.6534000000000013,0.7358490566037735,False,True
1.0,bin,17,0.7375200986862183,0.6448001861572266,0.83024001121521,943303,CN(CCCOc1ccccc1)C(=O)Nc1cccc2c1OCCO2,3.390600000000002,Cc1cccc(OCCCN(C)C(=O)Nc2cccc3c2OCCO3)c1C,True,4.0074400000000026,0.6168400000000007,0.7192982456140351,False,True
1.0,bin,17,0.7375200986862183,0.6448001861572266,0.83024001121521,946289,CC(NC(=O)C1(c2cc(-c3ccco3)on2)CC1)c1ccccc1,3.843600000000002,CCC(C(=O)NC(C)(C)C=CC=C(O)c1ccco1)c1ccc(F)o1,True,4.555400000000003,0.7118000000000011,0.1927710843373494,False,True
1.0,bin,17,0.7375200986862183,0.6448001861572266,0.83024001121521,994077,Cc1nnc(Cn2c(-c3cccc(Br)c3)noc2=O)o1,2.0055199999999997,O=c1onc(-c2ccc(Br)cc2)n1CC1=NN=CC1,True,2.0963,0.09078000000000008,0.41379310344827586,False,True
1.0,bin,17,0.7375200986862183,0.6448001861572266,0.83024001121521,1065620,O=C(NCc1cccnc1Oc1ccccc1)c1cccnc1,3.198900000000002,O=C(NCc1cccnc1Oc1ccc(Cl)cc1)c1cccnc1,True,3.8523000000000023,0.6534000000000004,0.8125,False,True
1.0,bin,17,0.7375200986862183,0.6448001861572266,0.83024001121521,1093926,CN(C(=O)CNc1cccc(OCC2CCCO2)c1)c1ccccc1,3.319300000000002,CC=CC(C)=C(CC1=CC1)NCC(=O)N(C)C1=CC=CC1OCCCCO,True,3.216100000000002,-0.10319999999999974,0.1978021978021978,False,True
1.0,bin,17,0.7375200986862183,0.6448001861572266,0.83024001121521,1107920,CCc1ccc(-n2cc(C(=O)NC(C)c3ccccc3)nn2)cc1,3.320700000000002,CC(NC(=O)C=CN(N=N)c1cc(F)cc(F)c1)C1=CC=CCC1,True,4.0119700000000025,0.6912700000000003,0.13253012048192772,False,True
1.0,bin,17,0.7375200986862183,0.6448001861572266,0.83024001121521,1113130,CC(NC(=O)Cn1nnnc1C(C)(C)C)c1cccc2ccccc12,3.0012000000000016,CCc1nnnn1CC(=O)NC(C)Cc1cccc2ccccc12,True,2.1361,-0.8651000000000018,0.5245901639344263,False,True
1.0,bin,17,0.7375200986862183,0.6448001861572266,0.83024001121521,1121751,COC(=O)Cn1ccc(NS(=O)(=O)c2ccc(F)c(F)c2F)n1,1.2742,COC(=O)CNC=CCNS(=O)(=O)c1c(C)c(C)c(C)c(C)c1C#N,True,1.3465600000000002,0.0723600000000002,0.20833333333333334,False,True
1.0,bin,17,0.7375200986862183,0.6448001861572266,0.83024001121521,1142531,CCOC(C)C(=O)NCCc1csc(-c2ccc(C)cc2)n1,3.2022200000000014,Cc1ccc(-c2nc(CCNC(=O)C(C)C)cs2)cc1,True,3.433220000000002,0.23100000000000076,0.7551020408163265,False,True
1.0,bin,17,0.7375200986862183,0.6448001861572266,0.83024001121521,1212157,CN(Cc1ccc(F)c(F)c1)C(=O)c1cncc(-c2cnn(C)c2)c1,3.0325000000000015,CCN(Cc1ccc(C)c(C)c1)C(=O)c1cncc(-c2cnn(C)c2)c1,True,3.7612400000000026,0.728740000000001,0.5901639344262295,False,True
1.0,bin,17,0.7375200986862183,0.6448001861572266,0.83024001121521,1215394,CCn1nc(C)cc1C(=O)Oc1cccc(NC(=O)C(C)C)c1,3.025120000000001,CCn1nc(C)cc1C(=O)Oc1c(C#N)cccc1C(C)C,True,3.4257000000000017,0.4005800000000006,0.5079365079365079,False,True
1.0,bin,17,0.7375200986862183,0.6448001861572266,0.83024001121521,1232922,CC(C)(C)OC(=O)NC1CCCN(S(=O)(=O)N2CCOCC2)C1,0.5525000000000011,CC(C)COC(=O)C1CCN(S(=O)(=O)N2CCOCC2)C(C)C1,True,0.8631000000000011,0.3106,0.3230769230769231,False,True
1.0,bin,17,0.7375200986862183,0.6448001861572266,0.83024001121521,1238973,FC(F)(F)c1cnc(N2CCn3c(nnc3C3CC3)C2)c(Cl)c1,3.2429000000000023,FC(F)(F)c1ccc(Cl)c(N2CCn3c(nnc3C3CC3)C2)n1,True,3.2429000000000014,-8.881784197001252e-16,0.6181818181818182,False,True
1.0,bin,17,0.7375200986862183,0.6448001861572266,0.83024001121521,1299495,Cc1cc(CC(=O)N2CCCC2C(C#N)c2ccccc2)no1,2.823900000000001,Cc1cc(CC(=O)N2CCC(C)C2C(C#N)c2ccc(Cl)cc2)no1,True,3.7233000000000027,0.8994000000000018,0.5909090909090909,False,True
1.0,bin,17,0.7375200986862183,0.6448001861572266,0.83024001121521,1309906,CC(C)CC(NC(=O)c1cc(=O)c2ccccc2o1)C(=O)OC(C)C,2.8891000000000018,CCCCN(CC(C)C)C(=O)c1cc(=O)c2ccccc2o1,True,3.6913000000000027,0.8022000000000009,0.4426229508196721,False,True
1.0,bin,17,0.7375200986862183,0.6448001861572266,0.83024001121521,1362816,COCc1cccc(C(=O)NC2CC2c2cccc(Cl)c2)c1,3.772300000000002,CCc1ccc(C(=O)NC2CC2c2ccc(Cl)cc2)cc1,True,4.188300000000003,0.41600000000000037,0.47368421052631576,False,True
1.0,bin,17,0.7375200986862183,0.6448001861572266,0.83024001121521,1441838,COCC(=O)NC(C(=O)Nc1cccc(-c2nccs2)c1)C(C)C,2.5358,CCCN(CCO)C(=O)Nc1cccc(-c2nccs2)c1,True,3.0463000000000013,0.5105000000000013,0.48484848484848486,False,True
1.0,bin,17,0.7375200986862183,0.6448001861572266,0.83024001121521,1450449,CCCNC(=O)CSc1nc2c(cc1C#N)CCCC2,2.450380000000001,CCC1(C(=O)OC)Sc2nc3c(cc2C=C1C#N)CCCC3,True,3.294880000000002,0.8445000000000009,0.37142857142857144,False,True
1.0,bin,17,0.7375200986862183,0.6448001861572266,0.83024001121521,1451910,O=S(=O)(NCc1nnc2ccccn12)c1ccc(F)c(F)c1,1.4859999999999995,O=S(=O)(NCc1nnc2ccccn12)c1c(F)cccc1Cl,True,2.0002999999999997,0.5143000000000002,0.6226415094339622,False,True
1.0,bin,17,0.7375200986862183,0.6448001861572266,0.83024001121521,1479798,Cc1nc(C)c(CCC(=O)N(CC(C)C)CC(F)(F)F)c(=O)[nH]1,2.3662400000000003,CC=NC(C)=C(C=O)CCC(=O)N(C)CCCOC(C)(C)C(C)CC,True,4.020000000000003,1.6537600000000028,0.14814814814814814,False,True
1.0,bin,17,0.7375200986862183,0.6448001861572266,0.83024001121521,1507926,COC(=O)C(C)NC(=O)Cc1csc(-c2ccccc2Cl)n1,2.6837,COCCCN(C)C(=O)Cc1csc(-c2ccccc2C)n1,True,3.155920000000002,0.47222000000000186,0.4,False,True
1.0,bin,17,0.7375200986862183,0.6448001861572266,0.83024001121521,1527882,Nc1ncccc1C(=O)Nc1ccc2cn[nH]c2c1,1.7923999999999998,COC(=O)C=CC=CC(=O)Nc1ccc2cn[nH]c2c1C,True,2.0952199999999994,0.30281999999999965,0.2537313432835821,False,True
1.0,bin,17,0.7375200986862183,0.6448001861572266,0.83024001121521,1532848,COc1ccc(-c2ccc3c(=O)[nH]cnc3c2)cc1Cl,3.2521000000000013,CC(C)COC=C1C=CC(c2ccc3c(=O)[nH]cnc3c2)=C1,True,3.432800000000002,0.18070000000000075,0.43333333333333335,False,True
1.0,bin,17,0.7375200986862183,0.6448001861572266,0.83024001121521,1548351,COc1cc(OC)c2c(c1)C(c1cnccn1)NCC2,1.7288999999999999,Fc1cc2c(c(F)c1Cl)CCNC2c1cnccn1,True,2.6433,0.9144000000000001,0.5283018867924528,False,False
1.0,bin,17,0.7375200986862183,0.6448001861572266,0.83024001121521,1570134,COc1cccc(C(C)N2CCN(C(=O)c3ccc(O)cc3)CC2)c1,2.9198000000000013,CC(c1cccc(O)c1)N1CCN(C(=O)c2ccc(Cl)cc2)CC1,True,3.564600000000002,0.6448000000000009,0.6470588235294118,False,True
1.0,bin,17,0.7375200986862183,0.6448001861572266,0.83024001121521,1611406,CC(C)(C)N1CC(NC(=O)C2COc3ccc(F)cc3C2)CC1=O,1.8923999999999994,CC(C)(C)N1CC(NC(=O)C2COc3c(Cl)cccc3C2)CC1=O,True,2.4067,0.5143000000000004,0.6229508196721312,False,True
1.0,bin,17,0.7375200986862183,0.6448001861572266,0.83024001121521,1612684,CCCC1CN(C(=O)Nc2ccn(CCC(C)C)n2)CCO1,2.9620000000000015,CCCCn1ccc(NC(=O)N2CCCCCOCC2)n1,True,2.717600000000001,-0.24440000000000062,0.5076923076923077,False,True
1.0,bin,17,0.7375200986862183,0.6448001861572266,0.83024001121521,1639675,CCC(CC)c1nnc(NC(=O)c2scnc2C2CC2)s1,4.0279000000000025,CC(C)(C)Sc1nnc(NC(=O)c2scnc2C2CC2)s1,True,4.014900000000003,-0.0129999999999999,0.6296296296296297,False,True
1.0,bin,17,0.7375200986862183,0.6448001861572266,0.83024001121521,1675660,COc1ccnc(NC(=O)c2cccc(Cl)c2)c1,2.9959000000000007,COc1ccnc(NC(=O)c2cccc(C(F)(F)F)c2)c1,True,3.3613000000000017,0.36540000000000106,0.6875,False,False
1.0,bin,17,0.7375200986862183,0.6448001861572266,0.83024001121521,1689728,CCc1noc(CSc2ncnc3sc(C)cc23)n1,3.237420000000002,CCc1noc(CSc2ncnc3sc(C)cc23)n1,True,3.237420000000002,0.0,1.0,True,False
1.0,bin,17,0.7375200986862183,0.6448001861572266,0.83024001121521,1720876,CC(C)(C)CC(=O)NCC(=O)Nc1ccc2c(c1)COC2,2.2077,CCC(C)(C)NC(=O)Nc1ccc2c(c1)COC2,True,3.0269000000000013,0.8192000000000013,0.5510204081632653,False,True
1.0,bin,17,0.7375200986862183,0.6448001861572266,0.83024001121521,1757109,CC(C)Cc1ncc(CNc2ccc3c(c2)COC3)s1,3.983900000000003,CC(C)CCc1ncc(CNc2ccc3c(c2)COC3)s1,True,4.374000000000003,0.39010000000000034,0.7916666666666666,False,True
1.0,bin,17,0.7375200986862183,0.6448001861572266,0.83024001121521,1774061,O=C1NCCCc2[nH]c(-c3cccc4[nH]ccc34)nc21,2.234,CCCc1[nH]c(-c2cccc3[nH]ccc23)nc1C(=O)NC(C)(C)C,True,4.038800000000003,1.8048000000000028,0.3787878787878788,False,True
1.0,bin,17,0.7375200986862183,0.6448001861572266,0.83024001121521,1800687,Cc1nn(C)c(-c2nc(-c3cccnn3)no2)c1Cl,1.8889199999999997,Cc1ccc(-c2noc(-c3c(Cl)c(C)nn3C)n2)nn1,True,2.1973399999999996,0.3084199999999999,0.717391304347826,False,True
1.0,bin,17,0.7375200986862183,0.6448001861572266,0.83024001121521,1815867,FC(F)(F)c1ccc(CN2CCOCC2c2ncon2)cc1,2.661900000000001,Clc1cccc(Cl)c1CN1CCOCC1c1ncon1,True,2.9499000000000013,0.28800000000000026,0.6226415094339622,False,True
1.0,bin,17,0.7375200986862183,0.6448001861572266,0.83024001121521,1828580,Cc1ccc(N2CC3OCC(=O)N(Cc4cccc(F)c4)C3C2)nn1,1.54032,Cc1ccc(N2CC3OCC(=O)N(Cc4cccc(Cl)c4)C3C2)nn1,True,2.05462,0.5143,0.7966101694915254,False,True
1.0,bin,17,0.7375200986862183,0.6448001861572266,0.83024001121521,1836183,CCc1ccc(C(=O)NCc2nccc(N(C)C)n2)cc1,2.035,CN(C)C=C1C=NC(CNC(=O)c2cc(Cl)cc(Cl)c2)=N1,True,2.6091000000000006,0.5741000000000005,0.2698412698412698,False,True
1.0,bin,17,0.7375200986862183,0.6448001861572266,0.83024001121521,1842499,COc1ccccc1COc1ccccc1-c1cnn(CCO)c1,3.1300000000000017,OCCn1cc(-c2ccc(F)c(F)c2)cn1,True,1.8205999999999998,-1.309400000000002,0.39622641509433965,False,True
1.0,bin,17,0.7375200986862183,0.6448001861572266,0.83024001121521,1865564,COC(CNC(=O)c1ccoc1)c1cccc(F)c1,2.536200000000001,COC(CNC(=O)c1ccoc1)c1c(F)cccc1Cl,True,3.1896000000000013,0.6534000000000004,0.6363636363636364,False,True
1.0,bin,17,0.7375200986862183,0.6448001861572266,0.83024001121521,1868773,CCCOc1ccc(Cl)c2c1CCNC2C1CC(=O)C1,3.2947000000000015,CCCCOc1ccc2c(c1)C(C1CCC(=O)C1)NCC2C,True,3.9825000000000026,0.6878000000000011,0.3235294117647059,False,True
1.0,bin,17,0.7375200986862183,0.6448001861572266,0.83024001121521,1873123,CCC1OC(=O)c2c(OC)ccc(Br)c21,3.079200000000002,CCCC1OC(=O)c2c(Br)cccc21,True,3.460700000000002,0.38149999999999995,0.4222222222222222,False,True
1.0,bin,17,0.7375200986862183,0.6448001861572266,0.83024001121521,1875028,Cc1cccc(C)c1NCC(=O)N1CCCC2CCCCC21,3.8965400000000034,O=C(CNc1cccc(Cl)c1Cl)N1CCCC2CCCCC21,True,4.586500000000004,0.6899600000000001,0.6326530612244898,False,True
1.0,bin,17,0.7375200986862183,0.6448001861572266,0.83024001121521,1895921,CCC(CC)N(C)C(=O)CC1OC(=O)c2ccccc21,2.935200000000002,CCC(CC)N(C(=O)CC1OC(=O)c2ccccc21)C(C)C,True,3.7138000000000027,0.7786000000000008,0.75,False,True
1.0,bin,17,0.7375200986862183,0.6448001861572266,0.83024001121521,1907077,Cc1ccc2[nH]nc(C(=O)Nc3nc(-c4ccco4)cs3)c2c1,3.8401200000000015,O=C(Nc1nc(-c2ccco2)cs1)c1n[nH]c2ccc(Br)cc12,True,4.294200000000001,0.4540799999999994,0.7894736842105263,False,True
1.0,bin,17,0.7375200986862183,0.6448001861572266,0.83024001121521,1913063,Cc1nn(C)c(C)c1CN(C(=O)c1cn2cccc(C)c2n1)C1CC1,2.797860000000001,Cc1nn(C(F)F)c(C)c1CN(C(=O)c1cn2ccccc2n1)C1CC1,True,3.347540000000002,0.5496800000000013,0.5735294117647058,False,True
1.0,bin,17,0.7375200986862183,0.6448001861572266,0.83024001121521,1922265,CN(CCNC(=O)c1ccc2c(c1)ncn2C)c1ccccc1,2.4395000000000007,Cc1cccc(C)c1NCCN(C)C(=O)c1ccc2c(c1)ncn2C,True,3.374240000000002,0.9347400000000015,0.5161290322580645,False,True
1.0,bin,18,0.9854800075292588,0.83024001121521,1.1407200038433076,32052,COc1ccccc1CNC(=O)Cc1c[nH]c2ccccc12,3.035400000000001,CCCC(NC(=O)Cc1c[nH]c2ccccc12)c1ccccc1,True,4.368000000000003,1.332600000000002,0.4909090909090909,False,True
1.0,bin,18,0.9854800075292588,0.83024001121521,1.1407200038433076,116747,COCCSc1ccccc1C(=O)Nc1cccc(C)n1,3.3808200000000017,CC=CC=CC(Cl)NC(=O)c1ccc(C(F)(F)F)cc1,True,4.132400000000002,0.7515800000000006,0.13043478260869565,False,True
1.0,bin,18,0.9854800075292588,0.83024001121521,1.1407200038433076,131060,CS(=O)(=O)NCCc1csc(-c2ccc(F)cc2)n1,2.0408999999999997,CN(C)C(=O)CCc1csc(-c2ccc(F)cc2)n1,True,2.9700000000000006,0.9291000000000009,0.5510204081632653,False,True
1.0,bin,18,0.9854800075292588,0.83024001121521,1.1407200038433076,131949,CCc1c(C)nc(SCC(=O)NC(C)C)[nH]c1=O,1.25742,CCn1c(SCC(=O)N(C)CC(C)C)nc(C)c(C)c1=O,True,2.08654,0.8291199999999999,0.265625,False,True
1.0,bin,18,0.9854800075292588,0.83024001121521,1.1407200038433076,158879,COc1ccc(CC(=O)OCC(=O)c2c[nH]c3ccccc23)cc1,3.145100000000001,CSc1ccc(CC(=O)OCC(=O)c2c[nH]c3ccccc23)cc1,True,3.8584000000000023,0.7133000000000012,0.74,False,True
1.0,bin,18,0.9854800075292588,0.83024001121521,1.1407200038433076,232056,COCCNC(=O)c1cc(=O)c2cc(C)ccc2o1,1.4776199999999993,CCOCCCNC(=O)c1cc(=O)c2cc(Cl)ccc2o1,True,2.602800000000001,1.1251800000000018,0.5636363636363636,False,True
1.0,bin,18,0.9854800075292588,0.83024001121521,1.1407200038433076,235788,O=C(Cn1nc(-c2ccco2)oc1=O)NCC(F)(F)F,0.7747999999999999,CC(C)C(C)N(C)C(=O)Cn1nc(-c2ccco2)oc1=O,True,1.5992000000000002,0.8244000000000002,0.543859649122807,False,True
1.0,bin,18,0.9854800075292588,0.83024001121521,1.1407200038433076,236081,CC(=O)c1c(C)[nH]c(C(=O)CSc2nc(C(C)C)n[nH]2)c1C,3.0506400000000014,CCC=NNC(C=N)SCC(=O)c1[nH]c(C)c(C(C)=O)c1C,True,2.7111100000000006,-0.3395300000000008,0.40625,False,True
1.0,bin,18,0.9854800075292588,0.83024001121521,1.1407200038433076,281081,O=C(Cn1cccn1)NCc1cccnc1Oc1ccc(F)cc1F,2.665000000000001,Cc1cccc(Oc2ncccc2CNC(=O)Cn2cccn2)c1C(C)C,True,3.818620000000002,1.153620000000001,0.65625,False,True
1.0,bin,18,0.9854800075292588,0.83024001121521,1.1407200038433076,284170,COc1ccc(-c2nc(CC(=O)Nc3cccc(C)n3)cs2)cc1,3.7033200000000024,CC(C)c1ccc(-c2nc(CC(=O)Nc3ccccn3)cs2)cc1,True,4.509700000000003,0.8063800000000008,0.5409836065573771,False,True
1.0,bin,18,0.9854800075292588,0.83024001121521,1.1407200038433076,288369,Cc1ccc(NCc2nnc3n2CCCCC3)cc1C,3.2334400000000016,Clc1cc(Cl)c(NCc2nnc3n2CCCCC3)c(Cl)c1,True,4.576800000000002,1.3433600000000006,0.56,False,True
1.0,bin,18,0.9854800075292588,0.83024001121521,1.1407200038433076,302889,COc1ccc(OC)c(NC(=O)CCNC(=O)c2cccs2)c1,2.5239000000000003,CCc1cccc(CC)c1NC(=O)CCNC(=O)c1cccs1,True,3.6315000000000017,1.1076000000000015,0.5454545454545454,False,False
1.0,bin,18,0.9854800075292588,0.83024001121521,1.1407200038433076,327141,COc1ccc(OC)c(S(=O)(=O)Nc2ccn(C)n2)c1,1.2381,COc1c(Cl)ccc(S(=O)(=O)Nc2ccn(C)n2)c1Cl,True,2.5363000000000007,1.2982000000000007,0.5490196078431373,False,True
1.0,bin,18,0.9854800075292588,0.83024001121521,1.1407200038433076,327382,CNC(=O)C1CN(C(=O)c2c(C)noc2C)c2ccccc2O1,1.4452399999999996,CCCNC(=O)C1CN(C(=O)c2c(C)noc2C)c2ccccc2O1,True,2.225439999999999,0.7801999999999993,0.7636363636363637,False,True
1.0,bin,18,0.9854800075292588,0.83024001121521,1.1407200038433076,406491,COCCNC(=O)C1CCCN(S(=O)(=O)N2CCOCC2)C1,-0.9619999999999964,CCCCNC(=O)C1CCCN(S(=O)(=O)N2CCOCC2)C1,True,0.19170000000000154,1.153699999999998,0.74,False,True
1.0,bin,18,0.9854800075292588,0.83024001121521,1.1407200038433076,413951,O=C(Cn1ncn2cccc2c1=O)N1CCCCCC1,0.8985999999999996,CC1CCON(C(=O)CNN=CNC2=C(Cl)C=CC2C)CC1,True,1.9552999999999996,1.0567,0.125,False,True
1.0,bin,18,0.9854800075292588,0.83024001121521,1.1407200038433076,427929,CCNc1nc(NCc2ccccc2Cl)c2cnn(C)c2n1,3.060600000000001,CCCc1nc(NCc2ccccc2Cl)c2cnn(C)c2n1,True,3.5813000000000024,0.5207000000000015,0.7450980392156863,False,True
1.0,bin,18,0.9854800075292588,0.83024001121521,1.1407200038433076,447130,CCC(NC(=O)C1CCN(C(=O)C2CC2)CC1)c1ccc(C)cc1,3.2109200000000016,CCC(NC(=O)C1CCN(C2CC2)CC1)C1=CC=C(C)C=CC1,True,3.5882000000000023,0.3772800000000007,0.4262295081967213,False,True
1.0,bin,18,0.9854800075292588,0.83024001121521,1.1407200038433076,481908,CCNS(=O)(=O)c1ccc(C)c(C(=O)Nc2ncccc2C)c1,2.24894,Cc1cccnc1NC(=O)c1ccc(OC(F)F)cc1,True,3.2437200000000015,0.9947800000000013,0.4067796610169492,False,False
1.0,bin,18,0.9854800075292588,0.83024001121521,1.1407200038433076,485220,Cc1nn(CC(=O)N2CCN(C)CC2)c(C)c1Br,1.03644,CCCc1nn(CC(=O)N2CCN(C)CC2)c(C)c1Cl,True,1.5714200000000003,0.5349800000000002,0.5531914893617021,False,True
1.0,bin,18,0.9854800075292588,0.83024001121521,1.1407200038433076,526363,Cc1nnc(SCC(=O)Nc2ccc(O)cc2)n(N)c1=O,0.09692,Cc1ccc(NC(=O)C[SH]2C=NN=C(C(F)(F)F)C2=O)cc1N,True,2.00372,1.9068,0.2535211267605634,False,True
1.0,bin,18,0.9854800075292588,0.83024001121521,1.1407200038433076,536853,COc1ccc(C2CCCN2C(=O)C2CCC2)c(OC)c1,3.1674000000000015,O=C(C1CCC1)N1CCCC1c1ccccc1C(F)(F)F,True,4.169000000000004,1.0016000000000025,0.49056603773584906,False,True
1.0,bin,18,0.9854800075292588,0.83024001121521,1.1407200038433076,540312,Cc1nn(C)c2nc(C3CC3)cc(C(=O)NCC(=O)NC(C)(C)C)c12,1.7986199999999997,CN1C=NC(C2CC2)=CC(C(=O)NCC(F)(F)F)CC=N1,True,1.9245999999999996,0.12597999999999998,0.25,False,True
1.0,bin,18,0.9854800075292588,0.83024001121521,1.1407200038433076,544381,Cc1nc(N2CCCC(C(=O)NC(C)C)C2)c2c(C)c(C)oc2n1,2.8890600000000006,Cc1oc2nc(C(C)C)nc(N3CCC(F)(F)CC3)c2c1C,True,4.198540000000003,1.3094800000000024,0.3870967741935484,False,True
1.0,bin,18,0.9854800075292588,0.83024001121521,1.1407200038433076,544382,CCCNC(=O)C1CCCN(c2nc(C)nc3oc(C)c(C)c23)C1,2.8906600000000013,Cc1nc(N2CCCC(C(F)(F)F)C2)c2c(C)c(C)oc2n1,True,3.9267600000000034,1.036100000000002,0.55,False,True
1.0,bin,18,0.9854800075292588,0.83024001121521,1.1407200038433076,550049,Cc1ccc(C)c(OCC(=O)Nc2cccc(-n3cnnc3)c2)c1,2.9016400000000013,CC(C)(C)c1ccc(OCC(=O)Nc2cccc(-n3cnnc3)c2)cc1,True,3.5823000000000027,0.6806600000000014,0.6140350877192983,False,True
1.0,bin,18,0.9854800075292588,0.83024001121521,1.1407200038433076,573533,Cc1nn(-c2ncc(C(F)(F)F)cc2Cl)c(=O)o1,2.2011199999999995,CC(C)C=NN(Cl)c1ccc(C(F)(F)F)cn1,True,3.7024000000000017,1.5012800000000022,0.23728813559322035,False,True
1.0,bin,18,0.9854800075292588,0.83024001121521,1.1407200038433076,582555,O=C(NCC(O)c1ccccc1)c1ccc2c(=O)n3c(nc2c1)CCC3,1.8061000000000003,O=C(NCCc1c(F)cccc1F)c1ccc2c(=O)n3c(nc2c1)CCC3,True,2.593400000000001,0.7873000000000006,0.6153846153846154,False,True
1.0,bin,18,0.9854800075292588,0.83024001121521,1.1407200038433076,588547,Cc1n[nH]c(C)c1NC(=O)CCc1ccc(Cl)cc1Cl,3.9046400000000023,Cc1n[nH]c(C)c1NC(=O)CCc1cccc(Cl)c1C(C)(C)C,True,4.548740000000003,0.6441000000000008,0.6296296296296297,False,True
1.0,bin,18,0.9854800075292588,0.83024001121521,1.1407200038433076,607673,CCCN(CC1CC1)S(=O)(=O)c1ccccc1F,2.636400000000001,CCCN(CC1CC1)S(=O)(=O)c1ccccc1Br,True,3.259800000000002,0.6234000000000011,0.7142857142857143,False,True
1.0,bin,18,0.9854800075292588,0.83024001121521,1.1407200038433076,617681,Cc1cc(C(=O)Nc2nc(-c3ccncc3)cs2)nn1C(C)C,3.5432200000000016,Cc1cc(C(=O)Nc2nc(C(C)(C)C)cs2)nn1C(C)c1ccncc1,True,4.2021200000000025,0.6589000000000009,0.6166666666666667,False,True
1.0,bin,18,0.9854800075292588,0.83024001121521,1.1407200038433076,650267,COc1ccc2oc(C(=O)NC3CCCCNC3=O)c(C)c2c1,2.14832,O=C(NC1CCCCNC1=O)c1oc2ccc(Br)cc2c1Cl,True,3.247200000000001,1.0988800000000012,0.5873015873015873,False,True
1.0,bin,18,0.9854800075292588,0.83024001121521,1.1407200038433076,668639,Cc1cc(NC(=O)c2ccccc2Cl)ncc1N,2.8779200000000005,Cc1cc(NC(=O)c2ccc(Cl)cc2)ncc1Cl,True,3.9491200000000015,1.071200000000001,0.5106382978723404,False,True
1.0,bin,18,0.9854800075292588,0.83024001121521,1.1407200038433076,673160,CCC(=O)Nc1ccc2oc(C(F)(F)F)cc(=O)c2c1,3.160300000000001,CCC(=O)NC1C=CC(C(F)(F)F)=C2C(C)=CC(=O)C2=C1,True,2.7653000000000008,-0.39500000000000046,0.25757575757575757,False,True
1.0,bin,18,0.9854800075292588,0.83024001121521,1.1407200038433076,711169,Cc1cccc(C(C)C)c1NC(=O)N(C)Cc1ccncc1,4.177320000000003,CC(C)N(Cc1ccncc1)C(=O)Nc1ccc(Cl)c(C(F)(F)F)c1,True,5.1963000000000035,1.0189800000000009,0.35384615384615387,False,True
1.0,bin,18,0.9854800075292588,0.83024001121521,1.1407200038433076,720969,Cc1noc(C)c1CCC(=O)OCC(=O)N1c2ccccc2CC1C,2.7450400000000013,Cc1noc(C)c1CCC(=O)OC(C)C(=O)N1c2ccccc2CC1C,True,3.1335400000000018,0.3885000000000005,0.7096774193548387,False,True
1.0,bin,18,0.9854800075292588,0.83024001121521,1.1407200038433076,730789,COC(=O)C1CCN(C(=O)c2cc3ccc(F)cc3nc2C)CC1,2.7075200000000006,COc1ccc2nc(C)c(C(=O)N3CCCC(C(C)=O)C3)cc2c1,True,2.9930200000000013,0.28550000000000075,0.4393939393939394,False,True
1.0,bin,18,0.9854800075292588,0.83024001121521,1.1407200038433076,738178,Cc1ccc(-n2ccnc2SCc2nc(C3CC3)no2)cc1C,4.041840000000003,Cc1ccc(-n2ccnc2SCc2nc(C(F)(F)F)no2)cc1C,True,4.183240000000002,0.14139999999999908,0.6785714285714286,False,True
1.0,bin,18,0.9854800075292588,0.83024001121521,1.1407200038433076,771897,COc1ccccc1OCC(=O)N(C)Cc1sccc1C,3.102520000000002,Cc1ccsc1CN(C)C(=O)COc1ccc(C(C)(C)C)cc1,True,4.391420000000004,1.2889000000000017,0.5961538461538461,False,True
1.0,bin,18,0.9854800075292588,0.83024001121521,1.1407200038433076,811446,COC(=O)C1(NC(=O)c2cc(Br)c[nH]2)CCCCCC1,2.7730000000000006,CCCCCCC(CC)NC(=O)c1cc(C(C)=O)c[nH]1,True,3.696100000000002,0.9231000000000016,0.23809523809523808,False,True
1.0,bin,18,0.9854800075292588,0.83024001121521,1.1407200038433076,848291,CCC(C)NC(=O)NCc1noc(-c2cccs2)n1,2.3958000000000004,C=CCCCCN(C)C(=O)NCc1noc(-c2cccs2)n1,True,3.2958000000000016,0.9000000000000012,0.5230769230769231,False,True
1.0,bin,18,0.9854800075292588,0.83024001121521,1.1407200038433076,863440,COc1ccc(-c2nc(CCCO)cs2)cc1OC,2.752200000000001,COc1ccc(-c2nc(C(=O)NC(C)(C)C)cs2)cc1OC,True,3.3556000000000026,0.6034000000000015,0.5192307692307693,False,True
1.0,bin,18,0.9854800075292588,0.83024001121521,1.1407200038433076,864663,N#Cc1ccc(-c2cc(F)ccc2F)nc1N1CCCC1,3.498680000000002,CC(C)Oc1ccccc1-c1ccc(C#N)c(N2CCCC2)n1,True,4.007680000000003,0.5090000000000012,0.5471698113207547,False,True
1.0,bin,18,0.9854800075292588,0.83024001121521,1.1407200038433076,872100,CCc1cccc(C)c1NCC(O)c1ccc2c(c1)OCCO2,3.474120000000002,OC(CNc1ccc(Cl)cc1C(F)F)c1ccc2c(c1)OCCO2,True,4.194300000000003,0.7201800000000009,0.4666666666666667,False,True
1.0,bin,18,0.9854800075292588,0.83024001121521,1.1407200038433076,886334,COc1ccc(C(=O)N2CCCC(C(=O)N3CCCCC3)C2)c(O)c1,2.2655000000000003,O=C(c1c(F)cccc1Cl)N1CCCC(C(=O)N2CCCCC2)C1,True,3.3438000000000017,1.0783000000000014,0.45614035087719296,False,True
1.0,bin,18,0.9854800075292588,0.83024001121521,1.1407200038433076,887387,COCCNC(=O)N(Cc1cccc(F)c1)CC1CCCO1,2.1627,CCCNC(=O)N(Cc1cccc(F)c1)CC1CCCO1,True,2.9263000000000012,0.7636000000000012,0.8214285714285714,False,False
1.0,bin,18,0.9854800075292588,0.83024001121521,1.1407200038433076,889149,N#Cc1ccc(NC(=O)c2ccc(Br)cc2Cl)nc1,3.621480000000001,O=C(Nc1ccccn1)c1cc(Cl)c(Cl)cc1Cl,True,4.294100000000001,0.6726200000000002,0.40384615384615385,False,True
1.0,bin,18,0.9854800075292588,0.83024001121521,1.1407200038433076,913483,O=C(CNC(=O)NCCc1c(Cl)cccc1Cl)NC1CC1,2.1137000000000006,O=CCN1CCC(NC(=O)NCCc2ccccc2Cl)C1,True,1.4549,-0.6588000000000005,0.39344262295081966,False,True
1.0,bin,18,0.9854800075292588,0.83024001121521,1.1407200038433076,917620,C=CCN(Cc1ccccc1OC)C(=O)c1csc(C)n1,3.288520000000002,C=CCN(Cc1c(F)cccc1Cl)C(=O)c1csc(C)n1,True,4.072420000000003,0.7839000000000009,0.5666666666666667,False,True
1.0,bin,18,0.9854800075292588,0.83024001121521,1.1407200038433076,918312,CCOc1ccc(Cl)c(C(=O)N2CCN(c3ncccn3)CC2)n1,1.8860999999999997,Cc1cccc(C(=O)N(Cl)CCNC2=C=NCC=CC=N2)n1,True,1.72732,-0.1587799999999997,0.1566265060240964,False,True
1.0,bin,18,0.9854800075292588,0.83024001121521,1.1407200038433076,922879,CC(=O)c1ccc(N2CCN(Cc3c(F)cccc3F)CC2)cc1,3.489600000000003,CC1CC(c2ccccc2F)N(CCC#N)CC1NC1=CC=C(F)C1,True,4.221480000000003,0.7318800000000003,0.15584415584415584,False,True
1.0,bin,18,0.9854800075292588,0.83024001121521,1.1407200038433076,927535,COc1cc(CN2CCN(c3ccccc3F)CC2)ccc1O,2.862100000000002,Fc1ccc(CN2CCN(c3ccccc3)CC2)cc1Cl,True,3.801300000000003,0.9392000000000009,0.42592592592592593,False,True
1.0,bin,18,0.9854800075292588,0.83024001121521,1.1407200038433076,927567,Cc1ccccc1N1CCN(Cc2cccc(O)c2)CC1,3.022820000000001,Cc1ccc(Br)cc1N1CCN(Cc2ccccc2)CC1,True,4.079720000000003,1.0569000000000015,0.5434782608695652,False,True
1.0,bin,18,0.9854800075292588,0.83024001121521,1.1407200038433076,938108,CC(c1ccccc1)N(C)C(=O)CCC(=O)Nc1nccs1,3.0814000000000012,C=CN=C1NC(=O)C2C=CC(=CN(CC)C(=O)CCC(C)CCC)C=S12,True,3.5740000000000025,0.49260000000000126,0.14772727272727273,False,True
1.0,bin,18,0.9854800075292588,0.83024001121521,1.1407200038433076,943303,CN(CCCOc1ccccc1)C(=O)Nc1cccc2c1OCCO2,3.390600000000002,CC(C)c1ccccc1OCCCNC(=O)Nc1cccc2c1OCCO2,True,4.171800000000003,0.781200000000001,0.48484848484848486,False,True
1.0,bin,18,0.9854800075292588,0.83024001121521,1.1407200038433076,946289,CC(NC(=O)C1(c2cc(-c3ccco3)on2)CC1)c1ccccc1,3.843600000000002,CC1=CC=C(C(F)(F)F)C=CCC2CC2(c2ccco2)C(=O)N1,True,4.005900000000004,0.1623000000000019,0.15853658536585366,False,True
1.0,bin,18,0.9854800075292588,0.83024001121521,1.1407200038433076,994077,Cc1nnc(Cn2c(-c3cccc(Br)c3)noc2=O)o1,2.0055199999999997,CCCC=NN=C(CN1CON=C1c1cccc(SC)c1)OO,True,3.033800000000001,1.0282800000000014,0.16666666666666666,False,True
1.0,bin,18,0.9854800075292588,0.83024001121521,1.1407200038433076,1065620,O=C(NCc1cccnc1Oc1ccccc1)c1cccnc1,3.198900000000002,Cc1ccc(C(=O)NCc2cccnc2Oc2ccc(Cl)cc2)cn1,True,4.160720000000003,0.9618200000000012,0.6181818181818182,False,True
1.0,bin,18,0.9854800075292588,0.83024001121521,1.1407200038433076,1093926,CN(C(=O)CNc1cccc(OCC2CCCO2)c1)c1ccccc1,3.319300000000002,Cc1cc(Cl)ccc1NCC(=O)Nc1cccc(OCC2CCCO2)c1,True,4.256820000000002,0.9375200000000001,0.5507246376811594,False,True
1.0,bin,18,0.9854800075292588,0.83024001121521,1.1407200038433076,1107920,CCc1ccc(-n2cc(C(=O)NC(C)c3ccccc3)nn2)cc1,3.320700000000002,CCCC1=CC=CCC1(C)NC(=O)C=CN(N=N)c1ccc(C)c(C)c1,True,5.130810000000004,1.8101100000000017,0.11235955056179775,False,True
1.0,bin,18,0.9854800075292588,0.83024001121521,1.1407200038433076,1113130,CC(NC(=O)Cn1nnnc1C(C)(C)C)c1cccc2ccccc12,3.0012000000000016,CC(C)NN=NCC(=O)NC(C)c1cccc2ccc(Cl)cc12,True,4.035600000000002,1.0344000000000007,0.373134328358209,False,True
1.0,bin,18,0.9854800075292588,0.83024001121521,1.1407200038433076,1121751,COC(=O)Cn1ccc(NS(=O)(=O)c2ccc(F)c(F)c2F)n1,1.2742,O=S(=O)(Nc1ccn(CC(F)F)n1)c1ccc(F)cc1F,True,2.2272,0.9529999999999998,0.47368421052631576,False,True
1.0,bin,18,0.9854800075292588,0.83024001121521,1.1407200038433076,1142531,CCOC(C)C(=O)NCCc1csc(-c2ccc(C)cc2)n1,3.2022200000000014,CCC(CC)C(=O)NCCc1csc(-c2ccc(C)cc2)n1,True,4.213420000000003,1.0112000000000014,0.7254901960784313,False,True
1.0,bin,18,0.9854800075292588,0.83024001121521,1.1407200038433076,1212157,CN(Cc1ccc(F)c(F)c1)C(=O)c1cncc(-c2cnn(C)c2)c1,3.0325000000000015,CN(Cc1ccc(-c2cnn(C)c2)cc1)C(=O)c1cncc(Cl)c1,True,3.407700000000002,0.3752000000000004,0.6785714285714286,False,True
1.0,bin,18,0.9854800075292588,0.83024001121521,1.1407200038433076,1215394,CCn1nc(C)cc1C(=O)Oc1cccc(NC(=O)C(C)C)c1,3.025120000000001,CCCn1nc(C)cc1C(=O)Oc1cc(C(C)C)ccc1OC,True,3.952720000000003,0.9276000000000018,0.4090909090909091,False,True
1.0,bin,18,0.9854800075292588,0.83024001121521,1.1407200038433076,1232922,CC(C)(C)OC(=O)NC1CCCN(S(=O)(=O)N2CCOCC2)C1,0.5525000000000011,CC(C)(C)COC(=O)NC1CCCN(S(=O)(=O)N2CCOCC2)C1,True,0.8001000000000018,0.2476000000000007,0.74,False,True
1.0,bin,18,0.9854800075292588,0.83024001121521,1.1407200038433076,1238973,FC(F)(F)c1cnc(N2CCn3c(nnc3C3CC3)C2)c(Cl)c1,3.2429000000000023,Cc1nnc2n1CC(Nc1nc(Cl)c(Cl)cc1C(F)(F)F)C2,True,3.3439200000000016,0.10101999999999922,0.25,False,True
1.0,bin,18,0.9854800075292588,0.83024001121521,1.1407200038433076,1299495,Cc1cc(CC(=O)N2CCCC2C(C#N)c2ccccc2)no1,2.823900000000001,CCCc1cc(CC(=O)N2CCCC2C(C#N)c2ccccc2)no1,True,3.4679800000000025,0.6440800000000015,0.7666666666666667,False,True
1.0,bin,18,0.9854800075292588,0.83024001121521,1.1407200038433076,1309906,CC(C)CC(NC(=O)c1cc(=O)c2ccccc2o1)C(=O)OC(C)C,2.8891000000000018,COCC(C)CN(CC(C)C)C(=O)c1cc(=O)c2ccccc2o1,True,3.173700000000002,0.2846000000000002,0.45161290322580644,False,True
1.0,bin,18,0.9854800075292588,0.83024001121521,1.1407200038433076,1362816,COCc1cccc(C(=O)NC2CC2c2cccc(Cl)c2)c1,3.772300000000002,O=C(NC1CC1c1cccc(Cl)c1)c1ccc(F)cc1Br,True,4.5275000000000025,0.7552000000000003,0.5,False,True
1.0,bin,18,0.9854800075292588,0.83024001121521,1.1407200038433076,1441838,COCC(=O)NC(C(=O)Nc1cccc(-c2nccs2)c1)C(C)C,2.5358,CC(C)CNC(=O)Nc1cccc(-c2nccs2)c1,True,3.587600000000002,1.0518000000000018,0.5932203389830508,False,False
1.0,bin,18,0.9854800075292588,0.83024001121521,1.1407200038433076,1450449,CCCNC(=O)CSc1nc2c(cc1C#N)CCCC2,2.450380000000001,CCC(C)(C)NC(=O)CSc1nc2c(cc1C#N)CCCC2,True,3.2289800000000017,0.7786000000000008,0.7090909090909091,False,True
1.0,bin,18,0.9854800075292588,0.83024001121521,1.1407200038433076,1451910,O=S(=O)(NCc1nnc2ccccn12)c1ccc(F)c(F)c1,1.4859999999999995,Cc1ccn2c(CNS(=O)(=O)c3ccc(Cl)cc3)nnc2c1,True,2.16962,0.6836200000000006,0.5272727272727272,False,True
1.0,bin,18,0.9854800075292588,0.83024001121521,1.1407200038433076,1479798,Cc1nc(C)c(CCC(=O)N(CC(C)C)CC(F)(F)F)c(=O)[nH]1,2.3662400000000003,CCCN(CC(F)(F)F)C(=O)CCc1c(C)nc(C)[nH]c1=O,True,2.1202400000000003,-0.246,0.74,False,True
1.0,bin,18,0.9854800075292588,0.83024001121521,1.1407200038433076,1507926,COC(=O)C(C)NC(=O)Cc1csc(-c2ccccc2Cl)n1,2.6837,CC(C)CC(CO)NC(=O)Cc1csc(-c2ccccc2Cl)n1,True,3.529200000000002,0.8455000000000021,0.6727272727272727,False,True
1.0,bin,18,0.9854800075292588,0.83024001121521,1.1407200038433076,1527882,Nc1ncccc1C(=O)Nc1ccc2cn[nH]c2c1,1.7923999999999998,Nc1ncccc1C(=O)Nc1ccc2cn[nH]c2c1Cl,True,2.4458,0.6534000000000004,0.5925925925925926,False,True
1.0,bin,18,0.9854800075292588,0.83024001121521,1.1407200038433076,1532848,COc1ccc(-c2ccc3c(=O)[nH]cnc3c2)cc1Cl,3.2521000000000013,CC(C)OC=C1C=C(c2ccc3c(=O)[nH]cnc3c2)C=C1Cl,True,3.7517000000000023,0.49960000000000093,0.49122807017543857,False,True
1.0,bin,18,0.9854800075292588,0.83024001121521,1.1407200038433076,1548351,COc1cc(OC)c2c(c1)C(c1cnccn1)NCC2,1.7288999999999999,Brc1ccc2c(c1)CCNC2c1cnccn1,True,2.4741999999999997,0.7452999999999999,0.4716981132075472,False,False
1.0,bin,18,0.9854800075292588,0.83024001121521,1.1407200038433076,1570134,COc1cccc(C(C)N2CCN(C(=O)c3ccc(O)cc3)CC2)c1,2.9198000000000013,CC(c1ccc(Cl)cc1)N1CCN(C(=O)c2ccc(O)cc2)CC1,True,3.564600000000002,0.6448000000000009,0.6,False,True
1.0,bin,18,0.9854800075292588,0.83024001121521,1.1407200038433076,1611406,CC(C)(C)N1CC(NC(=O)C2COc3ccc(F)cc3C2)CC1=O,1.8923999999999994,CCC(CC)CN1CC(NC(=O)C2COc3ccc(F)cc3C2)CC1=O,True,2.5301,0.6377000000000006,0.6666666666666666,False,True
1.0,bin,18,0.9854800075292588,0.83024001121521,1.1407200038433076,1612684,CCCC1CN(C(=O)Nc2ccn(CCC(C)C)n2)CCO1,2.9620000000000015,CCCC1CN(C(=O)Nc2ccn(C(C)(C)C)n2)CCO1,True,2.6709000000000005,-0.291100000000001,0.6779661016949152,False,True
1.0,bin,18,0.9854800075292588,0.83024001121521,1.1407200038433076,1639675,CCC(CC)c1nnc(NC(=O)c2scnc2C2CC2)s1,4.0279000000000025,CCC(CC)C1=NN=CNC(=O)c2scnc2CC(C)CS1,True,3.5763000000000025,-0.4516,0.2465753424657534,False,True
1.0,bin,18,0.9854800075292588,0.83024001121521,1.1407200038433076,1675660,COc1ccnc(NC(=O)c2cccc(Cl)c2)c1,2.9959000000000007,Cc1ccnc(NC(=O)c2ccc(Cl)c(Cl)c2)c1,True,3.9491200000000024,0.9532200000000017,0.48,False,True
1.0,bin,18,0.9854800075292588,0.83024001121521,1.1407200038433076,1689728,CCc1noc(CSc2ncnc3sc(C)cc23)n1,3.237420000000002,CCCCc1noc(CSc2ncnc3sc(C)cc23)n1,True,4.0176200000000035,0.7802000000000016,0.8,False,True
1.0,bin,18,0.9854800075292588,0.83024001121521,1.1407200038433076,1720876,CC(C)(C)CC(=O)NCC(=O)Nc1ccc2c(c1)COC2,2.2077,CC(F)NC(=O)N(C)CC(F)F,True,1.2084,-0.9993000000000001,0.10526315789473684,False,True
1.0,bin,18,0.9854800075292588,0.83024001121521,1.1407200038433076,1757109,CC(C)Cc1ncc(CNc2ccc3c(c2)COC3)s1,3.983900000000003,CC(C)Cc1ncc(CNc2ccc3c(c2)COC3)s1,True,3.983900000000003,0.0,1.0,True,False
1.0,bin,18,0.9854800075292588,0.83024001121521,1.1407200038433076,1774061,O=C1NCCCc2[nH]c(-c3cccc4[nH]ccc34)nc21,2.234,CC(C)Sc1[nH]c2cc1C(c1cccc3[nH]ccc13)=NC2=O,True,3.987700000000003,1.753700000000003,0.3333333333333333,False,True
1.0,bin,18,0.9854800075292588,0.83024001121521,1.1407200038433076,1800687,Cc1nn(C)c(-c2nc(-c3cccnn3)no2)c1Cl,1.8889199999999997,Cc1nn(C(C)C)c(-c2nc(-c3ccc(Cl)nn3)no2)c1Cl,True,3.5862200000000026,1.697300000000003,0.509090909090909,False,True
1.0,bin,18,0.9854800075292588,0.83024001121521,1.1407200038433076,1815867,FC(F)(F)c1ccc(CN2CCOCC2c2ncon2)cc1,2.661900000000001,Clc1cc(Cl)c(CN2CCOCC2c2ncon2)cc1Cl,True,3.6033000000000017,0.9414000000000007,0.5925925925925926,False,True
1.0,bin,18,0.9854800075292588,0.83024001121521,1.1407200038433076,1828580,Cc1ccc(N2CC3OCC(=O)N(Cc4cccc(F)c4)C3C2)nn1,1.54032,Cc1ccc(NC2CCN(C(C)c3ccccc3C)C(=O)COC2)nn1,True,2.8840400000000015,1.3437200000000016,0.25301204819277107,False,True
1.0,bin,18,0.9854800075292588,0.83024001121521,1.1407200038433076,1836183,CCc1ccc(C(=O)NCc2nccc(N(C)C)n2)cc1,2.035,CCOC1=CC(C(=O)NCc2ncccn2)C=COC1C,True,1.5617999999999999,-0.4732000000000003,0.2537313432835821,False,True
1.0,bin,18,0.9854800075292588,0.83024001121521,1.1407200038433076,1842499,COc1ccccc1COc1ccccc1-c1cnn(CCO)c1,3.1300000000000017,Cc1ccccc1COc1ccccc1-c1cnn(CCC#N)c1,True,4.351200000000003,1.2212000000000014,0.5818181818181818,False,True
1.0,bin,18,0.9854800075292588,0.83024001121521,1.1407200038433076,1865564,COC(CNC(=O)c1ccoc1)c1cccc(F)c1,2.536200000000001,CC(Cc1cccc(Br)c1)NC(=O)c1ccoc1,True,3.403100000000002,0.8669000000000011,0.39344262295081966,False,True
1.0,bin,18,0.9854800075292588,0.83024001121521,1.1407200038433076,1868773,CCCOc1ccc(Cl)c2c1CCNC2C1CC(=O)C1,3.2947000000000015,CC(C)(C)CC(=O)CC1NCCc2ccc(F)c(Cl)c21,True,4.061300000000004,0.7666000000000022,0.22535211267605634,False,True
1.0,bin,18,0.9854800075292588,0.83024001121521,1.1407200038433076,1873123,CCC1OC(=O)c2c(OC)ccc(Br)c21,3.079200000000002,CCC1OC(=O)c2c(Br)cc(Cl)cc21,True,3.724000000000002,0.6448,0.45454545454545453,False,True
1.0,bin,18,0.9854800075292588,0.83024001121521,1.1407200038433076,1875028,Cc1cccc(C)c1NCC(=O)N1CCCC2CCCCC21,3.8965400000000034,O=C1CNc2cccc(C(F)(F)F)c2C2CCCCC2CCN1,True,3.9110000000000023,0.014459999999998807,0.19117647058823528,False,True
1.0,bin,18,0.9854800075292588,0.83024001121521,1.1407200038433076,1895921,CCC(CC)N(C)C(=O)CC1OC(=O)c2ccccc21,2.935200000000002,CC(C)C(C)N(C(=O)CC1OC(=O)c2ccccc21)C(C)C,True,3.5697000000000028,0.634500000000001,0.6170212765957447,False,True
1.0,bin,18,0.9854800075292588,0.83024001121521,1.1407200038433076,1907077,Cc1ccc2[nH]nc(C(=O)Nc3nc(-c4ccco4)cs3)c2c1,3.8401200000000015,CC(C)(C)c1csc(NC(=O)c2n[nH]c3ccccc23)n1,True,3.5692000000000013,-0.27092000000000027,0.5161290322580645,False,True
1.0,bin,18,0.9854800075292588,0.83024001121521,1.1407200038433076,1913063,Cc1nn(C)c(C)c1CN(C(=O)c1cn2cccc(C)c2n1)C1CC1,2.797860000000001,CCC12C(C)=CC=CNC1=C2C(=O)N(Cc1cnn(C)c1)C1CC1N,True,1.5756,-1.222260000000001,0.2247191011235955,False,True
1.0,bin,18,0.9854800075292588,0.83024001121521,1.1407200038433076,1922265,CN(CCNC(=O)c1ccc2c(c1)ncn2C)c1ccccc1,2.4395000000000007,CCCN(CCNc1ccccc1)C(=O)c1ccc2c(c1)ncn2C,True,3.537600000000002,1.0981000000000014,0.532258064516129,False,True
1.0,bin,19,1.2959600001573564,1.1407200038433076,inf,32052,COc1ccccc1CNC(=O)Cc1c[nH]c2ccccc12,3.035400000000001,O=C(Cc1c[nH]c2ccccc12)NCc1cccc(Cl)c1Cl,True,4.333600000000002,1.2982000000000014,0.6326530612244898,False,True
1.0,bin,19,1.2959600001573564,1.1407200038433076,inf,116747,COCCSc1ccccc1C(=O)Nc1cccc(C)n1,3.3808200000000017,CC(C=N)Oc1ccc(Br)cc1C(=O)NC1C=CC=CC1,True,3.480470000000002,0.09965000000000046,0.1518987341772152,False,True
1.0,bin,19,1.2959600001573564,1.1407200038433076,inf,131060,CS(=O)(=O)NCCc1csc(-c2ccc(F)cc2)n1,2.0408999999999997,CCCC(=O)NCCc1csc(-c2ccc(F)cc2)n1,True,3.408000000000002,1.3671000000000024,0.6,False,True
1.0,bin,19,1.2959600001573564,1.1407200038433076,inf,131949,CCc1c(C)nc(SCC(=O)NC(C)C)[nH]c1=O,1.25742,CCC=C(C)N=C(CNC=O)SC(CC)C(=O)OCC,True,2.5196000000000005,1.2621800000000005,0.16417910447761194,False,True
1.0,bin,19,1.2959600001573564,1.1407200038433076,inf,158879,COc1ccc(CC(=O)OCC(=O)c2c[nH]c3ccccc23)cc1,3.145100000000001,O=C(Cc1c(F)cccc1Cl)OCC(=O)c1c[nH]c2ccccc12,True,3.929000000000002,0.7839000000000009,0.5614035087719298,False,True
1.0,bin,19,1.2959600001573564,1.1407200038433076,inf,232056,COCCNC(=O)c1cc(=O)c2cc(C)ccc2o1,1.4776199999999993,Cc1ccc2oc(C(=O)N(C)CC(C)C)cc(=O)c2c1,True,2.8294200000000007,1.3518000000000014,0.5294117647058824,False,True
1.0,bin,19,1.2959600001573564,1.1407200038433076,inf,235788,O=C(Cn1nc(-c2ccco2)oc1=O)NCC(F)(F)F,0.7747999999999999,CCC(C)C(CC)NC(=O)Cn1nc(-c2ccco2)oc1=O,True,2.0372,1.2624,0.5862068965517241,False,True
1.0,bin,19,1.2959600001573564,1.1407200038433076,inf,236081,CC(=O)c1c(C)[nH]c(C(=O)CSc2nc(C(C)C)n[nH]2)c1C,3.0506400000000014,CC(=O)c1c(C)[nH]c(C(=O)CSc2nc(C(C)C)n[nH]2)c1C(C)C,True,3.8656200000000025,0.8149800000000011,0.8125,False,True
1.0,bin,19,1.2959600001573564,1.1407200038433076,inf,281081,O=C(Cn1cccn1)NCc1cccnc1Oc1ccc(F)cc1F,2.665000000000001,Cc1cc(C)c(Oc2ncccc2CNC(=O)Cn2cccn2)c(Cl)c1,True,3.657040000000002,0.9920400000000011,0.640625,False,True
1.0,bin,19,1.2959600001573564,1.1407200038433076,inf,284170,COc1ccc(-c2nc(CC(=O)Nc3cccc(C)n3)cs2)cc1,3.7033200000000024,Cc1cccc(NC(=O)Cc2csc(-c3ccc(C)c(Cl)c3)n2)n1,True,4.656540000000003,0.9532200000000008,0.6964285714285714,False,True
1.0,bin,19,1.2959600001573564,1.1407200038433076,inf,288369,Cc1ccc(NCc2nnc3n2CCCCC3)cc1C,3.2334400000000016,CCCCn1cnnc1CNc1ccc(Br)cc1C(C)C,True,4.576200000000004,1.342760000000002,0.19718309859154928,False,True
1.0,bin,19,1.2959600001573564,1.1407200038433076,inf,302889,COc1ccc(OC)c(NC(=O)CCNC(=O)c2cccs2)c1,2.5239000000000003,Cc1ccc(C(C)C)cc1NC(=O)CCNC(=O)c1cccs1,True,3.9385200000000022,1.414620000000002,0.559322033898305,False,True
1.0,bin,19,1.2959600001573564,1.1407200038433076,inf,327141,COc1ccc(OC)c(S(=O)(=O)Nc2ccn(C)n2)c1,1.2381,COc1cc(Cl)c(C)cc1S(=O)(=O)Nc1ccn(C)n1,True,2.19132,0.9532200000000002,0.6530612244897959,False,True
1.0,bin,19,1.2959600001573564,1.1407200038433076,inf,327382,CNC(=O)C1CN(C(=O)c2c(C)noc2C)c2ccccc2O1,1.4452399999999996,CCc1onc(C)c1C(=O)N1CC(CC)Oc2ccc(C)cc21,True,3.6716400000000027,2.226400000000003,0.417910447761194,False,True
1.0,bin,19,1.2959600001573564,1.1407200038433076,inf,406491,COCCNC(=O)C1CCCN(S(=O)(=O)N2CCOCC2)C1,-0.9619999999999964,CCCCNC(=O)C1CCCN(S(=O)(=O)N2CCOCC2)C1,True,0.19170000000000154,1.153699999999998,0.74,False,True
1.0,bin,19,1.2959600001573564,1.1407200038433076,inf,413951,O=C(Cn1ncn2cccc2c1=O)N1CCCCCC1,0.8985999999999996,CCC1(CC)CCN(C(=O)Cn2ncn3cccc3c2=O)CC1,True,1.9248000000000003,1.0262000000000007,0.7142857142857143,False,True
1.0,bin,19,1.2959600001573564,1.1407200038433076,inf,427929,CCNc1nc(NCc2ccccc2Cl)c2cnn(C)c2n1,3.060600000000001,CC(C)c1nc(NCc2ccccc2Cl)c2cnn(C)c2n1,True,3.752200000000002,0.6916000000000011,0.6923076923076923,False,True
1.0,bin,19,1.2959600001573564,1.1407200038433076,inf,447130,CCC(NC(=O)C1CCN(C(=O)C2CC2)CC1)c1ccc(C)cc1,3.2109200000000016,CC(=O)N1CCC(C(=O)NC(C)c2ccc(SC(C)CC#N)cc2)CC1,True,3.516580000000003,0.3056600000000014,0.38461538461538464,False,True
1.0,bin,19,1.2959600001573564,1.1407200038433076,inf,481908,CCNS(=O)(=O)c1ccc(C)c(C(=O)Nc2ncccc2C)c1,2.24894,Cc1cccnc1NC(=O)c1cccc(Br)c1,True,3.4048200000000017,1.1558800000000016,0.48148148148148145,False,False
1.0,bin,19,1.2959600001573564,1.1407200038433076,inf,485220,Cc1nn(CC(=O)N2CCN(C)CC2)c(C)c1Br,1.03644,Cc1c(Cl)c(C(=O)N2CCN(CC(F)(F)F)CC2)nn1C,True,1.70202,0.6655800000000001,0.2807017543859649,False,True
1.0,bin,19,1.2959600001573564,1.1407200038433076,inf,526363,Cc1nnc(SCC(=O)Nc2ccc(O)cc2)n(N)c1=O,0.09692,CCc1cccc(CC)c1NC(=O)CSc1nnc(C)c(=O)n1N,True,1.51612,1.4192,0.6538461538461539,False,False
1.0,bin,19,1.2959600001573564,1.1407200038433076,inf,536853,COc1ccc(C2CCCN2C(=O)C2CCC2)c(OC)c1,3.1674000000000015,O=C(C1CCC1)N1CCCC1c1c(Cl)cccc1Cl,True,4.457000000000003,1.2896000000000019,0.5102040816326531,False,True
1.0,bin,19,1.2959600001573564,1.1407200038433076,inf,540312,Cc1nn(C)c2nc(C3CC3)cc(C(=O)NCC(=O)NC(C)(C)C)c12,1.7986199999999997,CCCC(C)NC(=O)c1cc(C2CC2)nc2c1c(C)nn2C,True,3.0725200000000017,1.273900000000002,0.5967741935483871,False,True
1.0,bin,19,1.2959600001573564,1.1407200038433076,inf,544381,Cc1nc(N2CCCC(C(=O)NC(C)C)C2)c2c(C)c(C)oc2n1,2.8890600000000006,Cc1nc(N2CCCC(OCC(C)C)C2)c2c(C)c(C)oc2n1,True,3.7894600000000027,0.9004000000000021,0.5833333333333334,False,True
1.0,bin,19,1.2959600001573564,1.1407200038433076,inf,544382,CCCNC(=O)C1CCCN(c2nc(C)nc3oc(C)c(C)c23)C1,2.8906600000000013,CCCCCOC1CCN(c2nc(C)nc3oc(C)c(C)c23)C1,True,3.9335600000000035,1.0429000000000022,0.5076923076923077,False,True
1.0,bin,19,1.2959600001573564,1.1407200038433076,inf,550049,Cc1ccc(C)c(OCC(=O)Nc2cccc(-n3cnnc3)c2)c1,2.9016400000000013,Cc1cccc(OC(C)(C)C(=O)Nc2cccc(-n3cnnc3)c2)c1C,True,3.680240000000002,0.7786000000000008,0.5081967213114754,False,True
1.0,bin,19,1.2959600001573564,1.1407200038433076,inf,573533,Cc1nn(-c2ncc(C(F)(F)F)cc2Cl)c(=O)o1,2.2011199999999995,CCCC1ON=C(C)N1C(=O)c1cnc(C(C)(C)C)cc1Cl,True,3.9645000000000037,1.7633800000000042,0.2318840579710145,False,True
1.0,bin,19,1.2959600001573564,1.1407200038433076,inf,582555,O=C(NCC(O)c1ccccc1)c1ccc2c(=O)n3c(nc2c1)CCC3,1.8061000000000003,COC(CNC(=O)c1ccc2c(=O)n3c(nc2c1)CCC3)c1ccccc1,True,2.4602000000000004,0.6541000000000001,0.7704918032786885,False,True
1.0,bin,19,1.2959600001573564,1.1407200038433076,inf,588547,Cc1n[nH]c(C)c1NC(=O)CCc1ccc(Cl)cc1Cl,3.9046400000000023,Cc1n[nH]c(C)c1NC(=O)CCc1ccc(Cl)c(Cl)c1,True,3.9046400000000023,0.0,0.66,False,True
1.0,bin,19,1.2959600001573564,1.1407200038433076,inf,607673,CCCN(CC1CC1)S(=O)(=O)c1ccccc1F,2.636400000000001,CCCCN(CC1CC1)S(=O)(=O)c1ccc(Cl)cc1,True,3.5408000000000026,0.9044000000000016,0.46938775510204084,False,True
1.0,bin,19,1.2959600001573564,1.1407200038433076,inf,617681,Cc1cc(C(=O)Nc2nc(-c3ccncc3)cs2)nn1C(C)C,3.5432200000000016,CC1=CCC(C)CN1C(=O)CC=C(c1ccncc1)N(C)N,True,2.3903000000000003,-1.1529200000000013,0.1794871794871795,False,True
1.0,bin,19,1.2959600001573564,1.1407200038433076,inf,650267,COc1ccc2oc(C(=O)NC3CCCCNC3=O)c(C)c2c1,2.14832,CC1=C(C(=O)NC2CCC(C)CNC2)OOc2c(Cl)cccc21,True,2.899300000000001,0.7509800000000011,0.19047619047619047,False,True
1.0,bin,19,1.2959600001573564,1.1407200038433076,inf,668639,Cc1cc(NC(=O)c2ccccc2Cl)ncc1N,2.8779200000000005,CCCC1CC(C(=O)Nc2cc(C)ccn2)=CC=CO1,True,3.3576200000000016,0.4797000000000011,0.26865671641791045,False,True
1.0,bin,19,1.2959600001573564,1.1407200038433076,inf,673160,CCC(=O)Nc1ccc2oc(C(F)(F)F)cc(=O)c2c1,3.160300000000001,CCC(CC)C(=O)Nc1ccc2oc(C(F)(F)F)cc(=O)c2c1,True,4.186500000000003,1.026200000000002,0.7291666666666666,False,True
1.0,bin,19,1.2959600001573564,1.1407200038433076,inf,711169,Cc1cccc(C(C)C)c1NC(=O)N(C)Cc1ccncc1,4.177320000000003,CCCCN(Cc1ccncc1)C(=O)Nc1c(C)cccc1C(C)C,True,5.347620000000005,1.1703000000000028,0.6981132075471698,False,True
1.0,bin,19,1.2959600001573564,1.1407200038433076,inf,720969,Cc1noc(C)c1CCC(=O)OCC(=O)N1c2ccccc2CC1C,2.7450400000000013,Cc1noc(C)c1CCC(=O)OCC(=O)N1c2ccccc2CC1C(C)C,True,3.381140000000002,0.6361000000000008,0.7833333333333333,False,True
1.0,bin,19,1.2959600001573564,1.1407200038433076,inf,730789,COC(=O)C1CCN(C(=O)c2cc3ccc(F)cc3nc2C)CC1,2.7075200000000006,Cc1nc2ccc(Cl)cc2cc1C(=O)N1CCC(O)CC1C,True,3.1820200000000023,0.4745000000000017,0.35294117647058826,False,True
1.0,bin,19,1.2959600001573564,1.1407200038433076,inf,738178,Cc1ccc(-n2ccnc2SCc2nc(C3CC3)no2)cc1C,4.041840000000003,CC(C)c1ccc(-n2ccnc2SCc2nc(C3CC3)no2)cc1Cl,True,5.201800000000004,1.1599600000000008,0.711864406779661,False,True
1.0,bin,19,1.2959600001573564,1.1407200038433076,inf,771897,COc1ccccc1OCC(=O)N(C)Cc1sccc1C,3.102520000000002,Cc1ccc(C(C)C)c(OCC(=O)N(C)Cc2sccc2C)c1,True,4.525740000000004,1.4232200000000024,0.6111111111111112,False,True
1.0,bin,19,1.2959600001573564,1.1407200038433076,inf,811446,COC(=O)C1(NC(=O)c2cc(Br)c[nH]2)CCCCCC1,2.7730000000000006,CCC1(NC(=O)c2ccc[nH]2)CCCCC1,True,2.857400000000001,0.08440000000000047,0.35185185185185186,False,True
1.0,bin,19,1.2959600001573564,1.1407200038433076,inf,848291,CCC(C)NC(=O)NCc1noc(-c2cccs2)n1,2.3958000000000004,CC1NC(=O)CCCC(C)(C)CC(=N)N=C(c2cccs2)O1,True,3.550970000000002,1.1551700000000018,0.21518987341772153,False,True
1.0,bin,19,1.2959600001573564,1.1407200038433076,inf,863440,COc1ccc(-c2nc(CCCO)cs2)cc1OC,2.752200000000001,COc1ccc(-c2nc(CCC(C)(C)O)cs2)cc1OC,True,3.530800000000003,0.7786000000000017,0.6956521739130435,False,True
1.0,bin,19,1.2959600001573564,1.1407200038433076,inf,864663,N#Cc1ccc(-c2cc(F)ccc2F)nc1N1CCCC1,3.498680000000002,Cc1ccc(-c2ccc(C#N)c(N3CCCC3)n2)c(C(F)(F)F)c1,True,4.547700000000003,1.0490200000000014,0.5769230769230769,False,True
1.0,bin,19,1.2959600001573564,1.1407200038433076,inf,872100,CCc1cccc(C)c1NCC(O)c1ccc2c(c1)OCCO2,3.474120000000002,CC(C)c1cccc(C(C)C)c1NCC(O)c1ccc2c(c1)OCCO2,True,4.850100000000004,1.375980000000002,0.6470588235294118,False,True
1.0,bin,19,1.2959600001573564,1.1407200038433076,inf,886334,COc1ccc(C(=O)N2CCCC(C(=O)N3CCCCC3)C2)c(O)c1,2.2655000000000003,Nc1c(OC(F)(F)F)cccc1C(=O)CCCC1CC2CCCCN2C1=O,True,3.921400000000003,1.6559000000000026,0.17857142857142858,False,True
1.0,bin,19,1.2959600001573564,1.1407200038433076,inf,887387,COCCNC(=O)N(Cc1cccc(F)c1)CC1CCCO1,2.1627,CC(C)CC(=O)N(Cc1cccc(F)c1)CC1CCCO1,True,3.379400000000002,1.2167000000000021,0.639344262295082,False,True
1.0,bin,19,1.2959600001573564,1.1407200038433076,inf,889149,N#Cc1ccc(NC(=O)c2ccc(Br)cc2Cl)nc1,3.621480000000001,CC(C)(C)CCOc1ccc(Cl)cc1C(=O)Nc1ccc(C#N)cn1,True,4.673980000000004,1.0525000000000029,0.5081967213114754,False,True
1.0,bin,19,1.2959600001573564,1.1407200038433076,inf,913483,O=C(CNC(=O)NCCc1c(Cl)cccc1Cl)NC1CC1,2.1137000000000006,CCCC(C)(C)CNC(=O)NCCc1ccccc1Cl,True,4.008000000000003,1.894300000000002,0.3508771929824561,False,True
1.0,bin,19,1.2959600001573564,1.1407200038433076,inf,917620,C=CCN(Cc1ccccc1OC)C(=O)c1csc(C)n1,3.288520000000002,CCN(Cc1ccccc1Cl)C(=O)c1csc(C(C)C)n1,True,4.582200000000004,1.293680000000002,0.390625,False,True
1.0,bin,19,1.2959600001573564,1.1407200038433076,inf,918312,CCOc1ccc(Cl)c(C(=O)N2CCN(c3ncccn3)CC2)n1,1.8860999999999997,CC(C)(C)c1cnc(C(=O)N2CCN(c3ncccn3)CC2)c(Cl)c1,True,2.7849000000000013,0.8988000000000016,0.5087719298245614,False,True
1.0,bin,19,1.2959600001573564,1.1407200038433076,inf,922879,CC(=O)c1ccc(N2CCN(Cc3c(F)cccc3F)CC2)cc1,3.489600000000003,FC(F)(F)c1cccc(CN2CCN(c3ccc(Cl)cc3)CC2)c1,True,4.681000000000004,1.1914000000000007,0.36363636363636365,False,True
1.0,bin,19,1.2959600001573564,1.1407200038433076,inf,927535,COc1cc(CN2CCN(c3ccccc3F)CC2)ccc1O,2.862100000000002,Fc1ccc(N2CCN(Cc3ccc(Cl)c(F)c3)CC2)cc1,True,3.940400000000003,1.078300000000001,0.375,False,True
1.0,bin,19,1.2959600001573564,1.1407200038433076,inf,927567,Cc1ccccc1N1CCN(Cc2cccc(O)c2)CC1,3.022820000000001,Cc1cccc(CN2CCN(c3c(Cl)cccc3Cl)CC2)c1,True,4.624020000000004,1.601200000000003,0.4583333333333333,False,True
1.0,bin,19,1.2959600001573564,1.1407200038433076,inf,938108,CC(c1ccccc1)N(C)C(=O)CCC(=O)Nc1nccs1,3.0814000000000012,CC(C)c1cnc(NC(=O)CCC(=O)N(C)C(C)c2ccccc2)s1,True,4.204800000000003,1.123400000000002,0.6666666666666666,False,True
1.0,bin,19,1.2959600001573564,1.1407200038433076,inf,943303,CN(CCCOc1ccccc1)C(=O)Nc1cccc2c1OCCO2,3.390600000000002,CC1CC=CC=C(OCCCNC(=O)Nc2ccccc2OCCO)C1,True,3.4559000000000015,0.06529999999999969,0.2345679012345679,False,True
1.0,bin,19,1.2959600001573564,1.1407200038433076,inf,946289,CC(NC(=O)C1(c2cc(-c3ccco3)on2)CC1)c1ccccc1,3.843600000000002,CN(Cc1c(Cl)cccc1Cl)C(=O)C1(c2cc(-c3ccco3)on2)CC1,True,4.931600000000003,1.088000000000001,0.49230769230769234,False,True
1.0,bin,19,1.2959600001573564,1.1407200038433076,inf,994077,Cc1nnc(Cn2c(-c3cccc(Br)c3)noc2=O)o1,2.0055199999999997,CCCC(C)c1nnc(Cn2c(-c3cccc(C)c3)noc2=O)o1,True,3.1466200000000013,1.1411000000000016,0.559322033898305,False,True
1.0,bin,19,1.2959600001573564,1.1407200038433076,inf,1065620,O=C(NCc1cccnc1Oc1ccccc1)c1cccnc1,3.198900000000002,O=C(NCc1cccnc1Oc1ccccc1)c1cncc(Cl)c1,True,3.8523000000000023,0.6534000000000004,0.7450980392156863,False,True
1.0,bin,19,1.2959600001573564,1.1407200038433076,inf,1093926,CN(C(=O)CNc1cccc(OCC2CCCO2)c1)c1ccccc1,3.319300000000002,CC1Nc2cccc(c2)N(C(F)F)C(OC2CCCO2)C=CC=CNC1=O,True,3.1949000000000005,-0.1244000000000014,0.23595505617977527,False,True
1.0,bin,19,1.2959600001573564,1.1407200038433076,inf,1107920,CCc1ccc(-n2cc(C(=O)NC(C)c3ccccc3)nn2)cc1,3.320700000000002,CCC(NC(=O)c1cn(-c2ccc(Cl)cc2)nn1)c1ccc(Cl)cc1,True,4.455200000000003,1.134500000000001,0.5357142857142857,False,True
1.0,bin,19,1.2959600001573564,1.1407200038433076,inf,1113130,CC(NC(=O)Cn1nnnc1C(C)(C)C)c1cccc2ccccc12,3.0012000000000016,Cc1ccc2c(c1)CC(C(C)NC(=O)Cn1nnnc1C(C)C)=CC=C2,True,2.8055200000000005,-0.1956800000000012,0.35135135135135137,False,True
1.0,bin,19,1.2959600001573564,1.1407200038433076,inf,1121751,COC(=O)Cn1ccc(NS(=O)(=O)c2ccc(F)c(F)c2F)n1,1.2742,CCn1ccc(NS(=O)(=O)c2cccc(Br)c2)n1,True,2.4663000000000004,1.1921000000000004,0.36065573770491804,False,True
1.0,bin,19,1.2959600001573564,1.1407200038433076,inf,1142531,CCOC(C)C(=O)NCCc1csc(-c2ccc(C)cc2)n1,3.2022200000000014,CCC(CC)C(=O)NCCc1csc(-c2ccc(OC)cc2)n1,True,3.9136000000000024,0.711380000000001,0.5964912280701754,False,True
1.0,bin,19,1.2959600001573564,1.1407200038433076,inf,1212157,CN(Cc1ccc(F)c(F)c1)C(=O)c1cncc(-c2cnn(C)c2)c1,3.0325000000000015,CN(Cc1cc(Cl)cc(Cl)c1)C(=O)c1cncc(-c2cnn(C)c2)c1,True,4.061100000000003,1.0286000000000017,0.7222222222222222,False,True
1.0,bin,19,1.2959600001573564,1.1407200038433076,inf,1215394,CCn1nc(C)cc1C(=O)Oc1cccc(NC(=O)C(C)C)c1,3.025120000000001,CCn1nc(C)cc1C(=O)Oc1c(C(C)C)cccc1C(C)C,True,4.677420000000004,1.652300000000003,0.5818181818181818,False,True
1.0,bin,19,1.2959600001573564,1.1407200038433076,inf,1232922,CC(C)(C)OC(=O)NC1CCCN(S(=O)(=O)N2CCOCC2)C1,0.5525000000000011,CCC(C)(C)OC(=O)C1CCN(S(=O)(=O)N2CCOCC2)CC1,True,1.0072000000000008,0.45469999999999966,0.45454545454545453,False,True
1.0,bin,19,1.2959600001573564,1.1407200038433076,inf,1238973,FC(F)(F)c1cnc(N2CCn3c(nnc3C3CC3)C2)c(Cl)c1,3.2429000000000023,CCC(CC)c1cc(C)cnc1N1CCn2c(nnc2C2CC2)C1,True,3.782720000000003,0.5398200000000006,0.5081967213114754,False,True
1.0,bin,19,1.2959600001573564,1.1407200038433076,inf,1299495,Cc1cc(CC(=O)N2CCCC2C(C#N)c2ccccc2)no1,2.823900000000001,CCc1cc(C(C#N)C(=O)N2CCCC2Cc2ccc(Cl)cc2)no1,True,3.7312800000000026,0.9073800000000016,0.3375,False,True
1.0,bin,19,1.2959600001573564,1.1407200038433076,inf,1309906,CC(C)CC(NC(=O)c1cc(=O)c2ccccc2o1)C(=O)OC(C)C,2.8891000000000018,CC(C)CCC(C)CNC(=O)c1cc(=O)c2ccccc2o1,True,3.595100000000002,0.7060000000000004,0.5357142857142857,False,True
1.0,bin,19,1.2959600001573564,1.1407200038433076,inf,1362816,COCc1cccc(C(=O)NC2CC2c2cccc(Cl)c2)c1,3.772300000000002,O=C(NC1CC1c1ccccc1)c1cccc(Cl)c1C(F)(F)F,True,4.644700000000002,0.8723999999999998,0.38095238095238093,False,True
1.0,bin,19,1.2959600001573564,1.1407200038433076,inf,1441838,COCC(=O)NC(C(=O)Nc1cccc(-c2nccs2)c1)C(C)C,2.5358,CCCCN(CC)C(=O)c1cccc(-c2nccs2)c1,True,4.072300000000004,1.5365000000000038,0.37681159420289856,False,True
1.0,bin,19,1.2959600001573564,1.1407200038433076,inf,1450449,CCCNC(=O)CSc1nc2c(cc1C#N)CCCC2,2.450380000000001,CCCCNc1cnc(SCC(=O)N(CC)CC(C)C#N)c(C)c1,True,3.702300000000003,1.251920000000002,0.26582278481012656,False,True
1.0,bin,19,1.2959600001573564,1.1407200038433076,inf,1451910,O=S(=O)(NCc1nnc2ccccn12)c1ccc(F)c(F)c1,1.4859999999999995,Cc1cccc(C(C)(C)C)c1S(=O)(=O)NCc1nnc2ccccn12,True,2.813720000000001,1.3277200000000013,0.5172413793103449,False,True
1.0,bin,19,1.2959600001573564,1.1407200038433076,inf,1479798,Cc1nc(C)c(CCC(=O)N(CC(C)C)CC(F)(F)F)c(=O)[nH]1,2.3662400000000003,CC1=NC(C)=C(CCC(=O)N(CCC(C)C)CCC(C)C)CC(=O)N1,True,3.899700000000003,1.5334600000000025,0.328125,False,True
1.0,bin,19,1.2959600001573564,1.1407200038433076,inf,1507926,COC(=O)C(C)NC(=O)Cc1csc(-c2ccccc2Cl)n1,2.6837,CC(C)CNC(=O)Nc1csc(-c2ccccc2Cl)n1,True,4.241000000000002,1.5573000000000023,0.4827586206896552,False,True
1.0,bin,19,1.2959600001573564,1.1407200038433076,inf,1527882,Nc1ncccc1C(=O)Nc1ccc2cn[nH]c2c1,1.7923999999999998,Cc1c(NC(=O)c2cccnc2OC(C)C)ccc2cn[nH]c12,True,3.3058200000000015,1.5134200000000018,0.421875,False,True
1.0,bin,19,1.2959600001573564,1.1407200038433076,inf,1532848,COc1ccc(-c2ccc3c(=O)[nH]cnc3c2)cc1Cl,3.2521000000000013,O=c1[nH]cnc2cc(-c3cc(Cl)cc(Cl)c3)ccc12,True,3.8969000000000014,0.6448,0.627906976744186,False,True
1.0,bin,19,1.2959600001573564,1.1407200038433076,inf,1548351,COc1cc(OC)c2c(c1)C(c1cnccn1)NCC2,1.7288999999999999,FC(F)(F)c1ccc2c(c1)C(c1cnccn1)NCC2,True,2.730500000000001,1.0016000000000012,0.44642857142857145,False,False
1.0,bin,19,1.2959600001573564,1.1407200038433076,inf,1570134,COc1cccc(C(C)N2CCN(C(=O)c3ccc(O)cc3)CC2)c1,2.9198000000000013,CC(c1cccc(O)c1)N1CCN(C(=O)c2ccc(Cl)c(Cl)c2)CC1,True,4.2180000000000035,1.2982000000000022,0.5925925925925926,False,True
1.0,bin,19,1.2959600001573564,1.1407200038433076,inf,1611406,CC(C)(C)N1CC(NC(=O)C2COc3ccc(F)cc3C2)CC1=O,1.8923999999999994,CCC1c2cc(Cl)ccc2OCC1C(=O)NC1CC(=O)N(CC)C1,True,2.579200000000001,0.6868000000000016,0.37333333333333335,False,True
1.0,bin,19,1.2959600001573564,1.1407200038433076,inf,1612684,CCCC1CN(C(=O)Nc2ccn(CCC(C)C)n2)CCO1,2.9620000000000015,CCCC1CN(C(=O)Nc2ccn(C(C)C)n2)CC(C(C)(C)C)O1,True,3.911500000000003,0.9495000000000013,0.5074626865671642,False,True
1.0,bin,19,1.2959600001573564,1.1407200038433076,inf,1639675,CCC(CC)c1nnc(NC(=O)c2scnc2C2CC2)s1,4.0279000000000025,CC(Sc1nnc(NC(=O)c2scnc2C2CC2)s1)C(C)(C)C,True,4.651000000000003,0.6231000000000009,0.625,False,True
1.0,bin,19,1.2959600001573564,1.1407200038433076,inf,1675660,COc1ccnc(NC(=O)c2cccc(Cl)c2)c1,2.9959000000000007,CN(C)c1cccc(C(=O)Nc2cc(Cl)c(Cl)c(Cl)c2)n1,True,4.360100000000002,1.3642000000000012,0.2711864406779661,False,True
1.0,bin,19,1.2959600001573564,1.1407200038433076,inf,1689728,CCc1noc(CSc2ncnc3sc(C)cc23)n1,3.237420000000002,CCCCc1noc(CSc2nc(C)nc3sccc23)n1,True,4.017620000000003,0.7802000000000007,0.4126984126984127,False,True
1.0,bin,19,1.2959600001573564,1.1407200038433076,inf,1720876,CC(C)(C)CC(=O)NCC(=O)Nc1ccc2c(c1)COC2,2.2077,CCC(CC)CN(CC)C(=O)Nc1ccc2c(c1)COC2,True,4.006800000000003,1.7991000000000028,0.45454545454545453,False,True
1.0,bin,19,1.2959600001573564,1.1407200038433076,inf,1757109,CC(C)Cc1ncc(CNc2ccc3c(c2)COC3)s1,3.983900000000003,CC(C)CC=NC=C1CNc2ccc(c(C(C)(C)O)c2)C1S,True,4.311200000000005,0.3273000000000019,0.13924050632911392,False,True
1.0,bin,19,1.2959600001573564,1.1407200038433076,inf,1774061,O=C1NCCCc2[nH]c(-c3cccc4[nH]ccc34)nc21,2.234,CC(C)C1CNC(=O)c2nc(-c3cccc4[nH]ccc34)[nH]c2C1,True,3.1161000000000003,0.8821000000000003,0.6140350877192983,False,True
1.0,bin,19,1.2959600001573564,1.1407200038433076,inf,1800687,Cc1nn(C)c(-c2nc(-c3cccnn3)no2)c1Cl,1.8889199999999997,Cn1ncc(C(F)(F)Cl)c1-c1nc(-c2cccnn2)no1,True,2.2152000000000003,0.32628000000000057,0.5636363636363636,False,True
1.0,bin,19,1.2959600001573564,1.1407200038433076,inf,1815867,FC(F)(F)c1ccc(CN2CCOCC2c2ncon2)cc1,2.661900000000001,ClC(Cl)(Cl)C=C1C=CC(CN2CCOCC2c2ncon2)=C1,True,3.2357000000000014,0.5738000000000003,0.559322033898305,False,True
1.0,bin,19,1.2959600001573564,1.1407200038433076,inf,1828580,Cc1ccc(N2CC3OCC(=O)N(Cc4cccc(F)c4)C3C2)nn1,1.54032,Cc1ccc(NCC2OCC(=O)N(Cc3ccc(Cl)c(Cl)c3)C2N)[nH]1,True,2.7542199999999992,1.2138999999999993,0.2839506172839506,False,True
1.0,bin,19,1.2959600001573564,1.1407200038433076,inf,1836183,CCc1ccc(C(=O)NCc2nccc(N(C)C)n2)cc1,2.035,Cc1ccc(C(C)(C)C)cc1C(=O)NCc1nccc(N(C)C)n1,True,3.078520000000001,1.043520000000001,0.5636363636363636,False,True
1.0,bin,19,1.2959600001573564,1.1407200038433076,inf,1842499,COc1ccccc1COc1ccccc1-c1cnn(CCO)c1,3.1300000000000017,COc1ccccc1COc1ccccc1C=NN(C)C(C)C,True,3.9483000000000024,0.8183000000000007,0.35,False,True
1.0,bin,19,1.2959600001573564,1.1407200038433076,inf,1865564,COC(CNC(=O)c1ccoc1)c1cccc(F)c1,2.536200000000001,O=C(NCC(O)c1ccccc1C(F)(F)F)c1ccoc1,True,2.761800000000001,0.22560000000000002,0.4482758620689655,False,True
1.0,bin,19,1.2959600001573564,1.1407200038433076,inf,1868773,CCCOc1ccc(Cl)c2c1CCNC2C1CC(=O)C1,3.2947000000000015,CCCCCC1NCCc2c(CC)ccc(Cl)c21,True,4.669500000000004,1.3748000000000022,0.3898305084745763,False,True
1.0,bin,19,1.2959600001573564,1.1407200038433076,inf,1873123,CCC1OC(=O)c2c(OC)ccc(Br)c21,3.079200000000002,CCC1OC(=O)c2c(C)ccc(Br)c21,True,3.3790200000000024,0.2998200000000004,0.6842105263157895,False,True
1.0,bin,19,1.2959600001573564,1.1407200038433076,inf,1875028,Cc1cccc(C)c1NCC(=O)N1CCCC2CCCCC21,3.8965400000000034,CCC(C)c1cccc(C)c1NCC(=O)NCC1CCCCC1,True,4.616920000000003,0.7203799999999996,0.39344262295081966,False,True
1.0,bin,19,1.2959600001573564,1.1407200038433076,inf,1895921,CCC(CC)N(C)C(=O)CC1OC(=O)c2ccccc21,2.935200000000002,CC(C)CC(C)(C)NC(=O)CC1OC(=O)c2ccccc21,True,3.2291000000000016,0.29389999999999983,0.49056603773584906,False,True
1.0,bin,19,1.2959600001573564,1.1407200038433076,inf,1907077,Cc1ccc2[nH]nc(C(=O)Nc3nc(-c4ccco4)cs3)c2c1,3.8401200000000015,Cc1coc(-c2csc(NC(=O)c3n[nH]c4ccc(C)cc34)n2)c1,True,4.148540000000002,0.3084200000000008,0.7719298245614035,False,True
1.0,bin,19,1.2959600001573564,1.1407200038433076,inf,1913063,Cc1nn(C)c(C)c1CN(C(=O)c1cn2cccc(C)c2n1)C1CC1,2.797860000000001,CC=C(C=NNC(C)CC)CN(C(=O)c1cn2ccccc2n1)C1CC1,True,3.259100000000002,0.461240000000001,0.35365853658536583,False,True
1.0,bin,19,1.2959600001573564,1.1407200038433076,inf,1922265,CN(CCNC(=O)c1ccc2c(c1)ncn2C)c1ccccc1,2.4395000000000007,CC(c1ccccc1)N(C)CCNC(=O)c1ccc2c(c1)ncn2C,True,2.996100000000001,0.5566000000000004,0.7272727272727273,False,True
3.0,null,20,,,,32052,COc1ccccc1CNC(=O)Cc1c[nH]c2ccccc12,3.035400000000001,NC(=O)c1cccc(CNC(=O)Cc2c[nH]c3ccccc23)c1,True,2.1256999999999993,-0.9097000000000017,0.5471698113207547,False,False
3.0,null,20,,,,116747,COCCSc1ccccc1C(=O)Nc1cccc(C)n1,3.3808200000000017,C=C(C)COc1ccccc1C(=O)Nc1ccccn1,True,3.288800000000001,-0.09202000000000066,0.35,False,True
3.0,null,20,,,,131060,CS(=O)(=O)NCCc1csc(-c2ccc(F)cc2)n1,2.0408999999999997,CC(=O)NCCNC(=O)c1csc(-c2ccc(C)cc2)n1,True,1.9844199999999999,-0.056479999999999864,0.3333333333333333,False,True
3.0,null,20,,,,131949,CCc1c(C)nc(SCC(=O)NC(C)C)[nH]c1=O,1.25742,Cc1nc(SCC(=O)NCC(C)(C)O)[nH]c(=O)c1C(C)C,True,1.1809199999999997,-0.07650000000000023,0.4909090909090909,False,True
3.0,null,20,,,,158879,COc1ccc(CC(=O)OCC(=O)c2c[nH]c3ccccc23)cc1,3.145100000000001,CC(OC(=O)Cc1ccc(F)c(F)c1)C(=O)c1c[nH]c2ccccc12,True,3.803200000000002,0.658100000000001,0.45161290322580644,False,True
3.0,null,20,,,,232056,COCCNC(=O)c1cc(=O)c2cc(C)ccc2o1,1.4776199999999993,C#CCNC(=O)c1cc(=O)c2cc(Cl)ccc2o1,True,1.8094000000000001,0.33178000000000085,0.5094339622641509,False,True
3.0,null,20,,,,235788,O=C(Cn1nc(-c2ccco2)oc1=O)NCC(F)(F)F,0.7747999999999999,C=C(C)CN(CC)C(=O)Cn1nc(-c2ccco2)oc1=O,True,1.5209,0.7461,0.5254237288135594,False,True
3.0,null,20,,,,236081,CC(=O)c1c(C)[nH]c(C(=O)CSc2nc(C(C)C)n[nH]2)c1C,3.0506400000000014,CC(=O)c1c(C)[nH]c(C(=O)CSc2nc(C(C)C)n[nH]2)c1C,True,3.0506400000000014,0.0,1.0,True,False
3.0,null,20,,,,281081,O=C(Cn1cccn1)NCc1cccnc1Oc1ccc(F)cc1F,2.665000000000001,O=C(Cn1cccn1)NCc1cccnc1Oc1ccc(F)cc1F,True,2.665000000000001,0.0,1.0,True,False
3.0,null,20,,,,284170,COc1ccc(-c2nc(CC(=O)Nc3cccc(C)n3)cs2)cc1,3.7033200000000024,Cc1ccc(-c2nc(CC(=O)Nc3ccccn3)cs2)cc1,True,3.694720000000002,-0.008600000000000385,0.5964912280701754,False,True
3.0,null,20,,,,288369,Cc1ccc(NCc2nnc3n2CCCCC3)cc1C,3.2334400000000016,NS(=O)(=O)c1ccc(NCc2nnc3n2CCCCC3)c(Cl)c1,True,1.9173999999999998,-1.3160400000000019,0.4915254237288136,False,True
3.0,null,20,,,,302889,COc1ccc(OC)c(NC(=O)CCNC(=O)c2cccs2)c1,2.5239000000000003,O=C(CCNC(=O)c1cccs1)Nc1cccc(F)c1F,True,2.7849000000000004,0.2610000000000001,0.5535714285714286,False,True
3.0,null,20,,,,327141,COc1ccc(OC)c(S(=O)(=O)Nc2ccn(C)n2)c1,1.2381,COc1ccc(Cl)cc1S(=O)(=O)Nc1ccn(C)n1,True,1.8829,0.6448,0.7555555555555555,False,True
3.0,null,20,,,,327382,CNC(=O)C1CN(C(=O)c2c(C)noc2C)c2ccccc2O1,1.4452399999999996,Cc1noc(C)c1C(=O)N1CC(C(=O)N(C)C)Oc2ccccc21,True,1.7874399999999995,0.34219999999999984,0.7358490566037735,False,True
3.0,null,20,,,,406491,COCCNC(=O)C1CCCN(S(=O)(=O)N2CCOCC2)C1,-0.9619999999999964,CCCCNC(=O)C1CCCN(S(=O)(=O)N2CCOCC2)C1,True,0.19170000000000154,1.153699999999998,0.74,False,True
3.0,null,20,,,,413951,O=C(Cn1ncn2cccc2c1=O)N1CCCCCC1,0.8985999999999996,CCc1nn(CC(=O)N2CCCCCC2)c(=O)c2cccn12,True,1.4609999999999999,0.5624000000000002,0.5769230769230769,False,False
3.0,null,20,,,,427929,CCNc1nc(NCc2ccccc2Cl)c2cnn(C)c2n1,3.060600000000001,CCNc1nc(NCc2ccc(F)cc2)c2cnn(C)c2n1,True,2.5463000000000005,-0.5143000000000004,0.6226415094339622,False,False
3.0,null,20,,,,447130,CCC(NC(=O)C1CCN(C(=O)C2CC2)CC1)c1ccc(C)cc1,3.2109200000000016,CC(C)C(NC(=O)C1CC1)c1ccc(C(=O)NC2CC2)cc1,True,2.802100000000001,-0.4088200000000004,0.3448275862068966,False,True
3.0,null,20,,,,481908,CCNS(=O)(=O)c1ccc(C)c(C(=O)Nc2ncccc2C)c1,2.24894,CCNS(=O)(=O)c1ccc(C)c(C(=O)Nc2ccccn2)c1,True,1.94052,-0.30842000000000014,0.7254901960784313,False,False
3.0,null,20,,,,485220,Cc1nn(CC(=O)N2CCN(C)CC2)c(C)c1Br,1.03644,CCCC(=O)N1CCN(C(=O)Cn2nc(C)c(Br)c2C)CC1,True,1.7333399999999999,0.6968999999999999,0.75,False,True
3.0,null,20,,,,526363,Cc1nnc(SCC(=O)Nc2ccc(O)cc2)n(N)c1=O,0.09692,Cc1nnc(SCC(=O)Nc2ccc(C(N)=O)cc2)n(C(C)C)c1=O,True,1.35732,1.2604000000000002,0.5892857142857143,False,True
3.0,null,20,,,,536853,COc1ccc(C2CCCN2C(=O)C2CCC2)c(OC)c1,3.1674000000000015,COc1cc(OC)c(C2CCCN2C(=O)C2CCC2)c(OC)c1,True,3.176000000000002,0.008600000000000385,0.717391304347826,False,True
3.0,null,20,,,,540312,Cc1nn(C)c2nc(C3CC3)cc(C(=O)NCC(=O)NC(C)(C)C)c12,1.7986199999999997,CCNC(=O)CNC(=O)c1cc(C2CC2)nc2c1c(CC)nn2C,True,1.2739999999999991,-0.5246200000000005,0.6229508196721312,False,True
3.0,null,20,,,,544381,Cc1nc(N2CCCC(C(=O)NC(C)C)C2)c2c(C)c(C)oc2n1,2.8890600000000006,CC1=NC(N2CCCC(C)C2)=CC2=C(C)OC(=N1)C(O)CNC2=O,True,1.1714999999999998,-1.7175600000000009,0.20481927710843373,False,True
3.0,null,20,,,,544382,CCCNC(=O)C1CCCN(c2nc(C)nc3oc(C)c(C)c23)C1,2.8906600000000013,Cc1nc(N2CCCC(C(N)=O)C2)c2c(C)c(C)oc2n1,True,1.84976,-1.0409000000000013,0.6964285714285714,False,True
3.0,null,20,,,,550049,Cc1ccc(C)c(OCC(=O)Nc2cccc(-n3cnnc3)c2)c1,2.9016400000000013,CN(C)C(=O)c1ccc(OCC(=O)Nc2cccc(-n3cnnc3)c2)cc1,True,1.9865999999999997,-0.9150400000000016,0.5932203389830508,False,True
3.0,null,20,,,,573533,Cc1nn(-c2ncc(C(F)(F)F)cc2Cl)c(=O)o1,2.2011199999999995,CCC(C)(CC)c1ncc(C(Cl)(Cl)Cl)cn1,True,4.381000000000003,2.1798800000000034,0.19230769230769232,False,True
3.0,null,20,,,,582555,O=C(NCC(O)c1ccccc1)c1ccc2c(=O)n3c(nc2c1)CCC3,1.8061000000000003,O=C(NCCc1cccc(F)c1)c1ccc2c(=O)n3c(nc2c1)CCC3,True,2.4543,0.6481999999999997,0.5970149253731343,False,True
3.0,null,20,,,,588547,Cc1n[nH]c(C)c1NC(=O)CCc1ccc(Cl)cc1Cl,3.9046400000000023,CC(=O)Nc1ccc(CCC(=O)Nc2c(C)n[nH]c2C)cc1,True,2.5562400000000007,-1.3484000000000016,0.5471698113207547,False,True
3.0,null,20,,,,607673,CCCN(CC1CC1)S(=O)(=O)c1ccccc1F,2.636400000000001,CCCCN(CC1CC1)S(=O)(=O)c1ccc(C)c(C)c1,True,3.504240000000003,0.8678400000000019,0.45098039215686275,False,True
3.0,null,20,,,,617681,Cc1cc(C(=O)Nc2nc(-c3ccncc3)cs2)nn1C(C)C,3.5432200000000016,Cc1cc(C(=O)Nc2nc(-c3ccncc3)cs2)nn1C(C)(C)C,True,3.7173200000000026,0.17410000000000103,0.7037037037037037,False,True
3.0,null,20,,,,650267,COc1ccc2oc(C(=O)NC3CCCCNC3=O)c(C)c2c1,2.14832,CC=C1C(C=COCC)=CC(C)=C1C(=O)NC1CCCCNC1=O,True,2.5243,0.3759800000000002,0.3918918918918919,False,True
3.0,null,20,,,,668639,Cc1cc(NC(=O)c2ccccc2Cl)ncc1N,2.8779200000000005,Cc1cnc(NC(=O)c2ccc(Cl)c(Cl)c2)c(N)c1,True,3.531320000000002,0.6534000000000013,0.38181818181818183,False,True
3.0,null,20,,,,673160,CCC(=O)Nc1ccc2oc(C(F)(F)F)cc(=O)c2c1,3.160300000000001,CCCCC(=O)Nc1ccc2oc(C)cc(=O)c2c1,True,3.230120000000001,0.06982,0.5384615384615384,False,True
3.0,null,20,,,,711169,Cc1cccc(C(C)C)c1NC(=O)N(C)Cc1ccncc1,4.177320000000003,Cc1cccc(C(C)C)c1NC(=O)N(C)Cc1ccncc1,True,4.177320000000003,0.0,1.0,True,False
3.0,null,20,,,,720969,Cc1noc(C)c1CCC(=O)OCC(=O)N1c2ccccc2CC1C,2.7450400000000013,Cc1onc(S(C)=O)c1CCC(=O)OCC(=O)N1CCc2ccccc21,True,1.7855199999999996,-0.9595200000000017,0.5285714285714286,False,True
3.0,null,20,,,,730789,COC(=O)C1CCN(C(=O)c2cc3ccc(F)cc3nc2C)CC1,2.7075200000000006,COC(=O)C1CCN(C(=O)c2cc3cc(Cl)ccc3nc2C)CC1,True,3.221820000000002,0.5143000000000013,0.6727272727272727,False,False
3.0,null,20,,,,738178,Cc1ccc(-n2ccnc2SCc2nc(C3CC3)no2)cc1C,4.041840000000003,Fc1ccc(F)c(-n2ccnc2SCc2nc(C3CC3)no2)c1,True,3.7032000000000025,-0.3386400000000007,0.6379310344827587,False,True
3.0,null,20,,,,771897,COc1ccccc1OCC(=O)N(C)Cc1sccc1C,3.102520000000002,CN(Cc1cccs1)C(=O)COc1ccc(CC#N)cc1,True,2.851580000000001,-0.25094000000000083,0.3709677419354839,False,True
3.0,null,20,,,,811446,COC(=O)C1(NC(=O)c2cc(Br)c[nH]2)CCCCCC1,2.7730000000000006,COC(=O)C1(NC(=O)c2cc(Br)cn2C)CCCCC1,True,2.3933,-0.3797000000000006,0.5714285714285714,False,False
3.0,null,20,,,,848291,CCC(C)NC(=O)NCc1noc(-c2cccs2)n1,2.3958000000000004,COCCCNC(=O)NCc1noc(-c2cccs2)n1,True,1.6337999999999997,-0.7620000000000007,0.6206896551724138,False,False
3.0,null,20,,,,863440,COc1ccc(-c2nc(CCCO)cs2)cc1OC,2.752200000000001,COc1ccc(-c2nc(CCCO)cs2)cc1OC,True,2.752200000000001,0.0,1.0,True,False
3.0,null,20,,,,864663,N#Cc1ccc(-c2cc(F)ccc2F)nc1N1CCCC1,3.498680000000002,N#Cc1ccc(N2CCCC2)nc1-c1ccccc1F,True,3.359580000000002,-0.1391,0.46153846153846156,False,True
3.0,null,20,,,,872100,CCc1cccc(C)c1NCC(O)c1ccc2c(c1)OCCO2,3.474120000000002,Cc1cccc(C)c1NCC(O)c1ccc2c(c1)OCCO2,True,3.2201400000000016,-0.2539800000000003,0.8222222222222222,False,False
3.0,null,20,,,,886334,COc1ccc(C(=O)N2CCCC(C(=O)N3CCCCC3)C2)c(O)c1,2.2655000000000003,COc1cccc(C(=O)N2CCCC(C(=O)N3CCCCC3)C2)c1F,True,2.6990000000000007,0.43350000000000044,0.5818181818181818,False,True
3.0,null,20,,,,887387,COCCNC(=O)N(Cc1cccc(F)c1)CC1CCCO1,2.1627,CNC(=O)N(Cc1cccc(F)c1)CC1CCCO1,True,2.1461000000000006,-0.016599999999999504,0.75,False,True
3.0,null,20,,,,889149,N#Cc1ccc(NC(=O)c2ccc(Br)cc2Cl)nc1,3.621480000000001,COC1(C(=O)Nc2ccccn2)C=CC=COC1,True,1.5054,-2.116080000000001,0.18309859154929578,False,True
3.0,null,20,,,,913483,O=C(CNC(=O)NCCc1c(Cl)cccc1Cl)NC1CC1,2.1137000000000006,O=C(CNC(=O)NC1CC1)NCCc1ccccc1,True,0.8069000000000002,-1.3068000000000004,0.5208333333333334,False,True
3.0,null,20,,,,917620,C=CCN(Cc1ccccc1OC)C(=O)c1csc(C)n1,3.288520000000002,Cc1nc(C(=O)N(CCC#N)Cc2ccccc2)cs1,True,3.007600000000002,-0.28092000000000006,0.4426229508196721,False,True
3.0,null,20,,,,918312,CCOc1ccc(Cl)c(C(=O)N2CCN(c3ncccn3)CC2)n1,1.8860999999999997,CCOc1ccc(C(=O)N2CCN(c3ncccn3)CC2)nc1,True,1.2326999999999997,-0.6534,0.5849056603773585,False,True
3.0,null,20,,,,922879,CC(=O)c1ccc(N2CCN(Cc3c(F)cccc3F)CC2)cc1,3.489600000000003,NC(=O)c1cc(N2CCN(Cc3cccc(F)c3)CC2)ccc1F,True,2.3859000000000004,-1.1037000000000026,0.42857142857142855,False,True
3.0,null,20,,,,927535,COc1cc(CN2CCN(c3ccccc3F)CC2)ccc1O,2.862100000000002,COc1ccc(CN2CCN(c3cccc(C#N)c3)CC2)cc1OC,True,2.897680000000001,0.03557999999999906,0.4406779661016949,False,True
3.0,null,20,,,,927567,Cc1ccccc1N1CCN(Cc2cccc(O)c2)CC1,3.022820000000001,COc1cc(CN2CCN(c3ccccc3)CC2)cc(OC)c1OC,True,3.034600000000001,0.011779999999999902,0.36538461538461536,False,True
3.0,null,20,,,,938108,CC(c1ccccc1)N(C)C(=O)CCC(=O)Nc1nccs1,3.0814000000000012,CN(Cc1ccccc1F)C(=O)CCC(=O)Nc1nccs1,True,2.6595000000000004,-0.42190000000000083,0.5789473684210527,False,True
3.0,null,20,,,,943303,CN(CCCOc1ccccc1)C(=O)Nc1cccc2c1OCCO2,3.390600000000002,Cc1ccccc1OCCCN(C)C(=O)Nc1cccc2c1OCCO2,True,3.6990200000000026,0.3084200000000008,0.7636363636363637,False,True
3.0,null,20,,,,946289,CC(NC(=O)C1(c2cc(-c3ccco3)on2)CC1)c1ccccc1,3.843600000000002,C=CC=CC(C)(NC(=O)C(C)c1cc(-c2ccco2)on1)c1ccco1,True,4.404900000000003,0.561300000000001,0.3561643835616438,False,True
3.0,null,20,,,,994077,Cc1nnc(Cn2c(-c3cccc(Br)c3)noc2=O)o1,2.0055199999999997,COc1c(Cl)cc(Cl)cc1-c1noc(=O)n1Cc1nnco1,True,2.25,0.24448000000000025,0.3582089552238806,False,True
3.0,null,20,,,,1065620,O=C(NCc1cccnc1Oc1ccccc1)c1cccnc1,3.198900000000002,Cc1ccccc1Oc1ncccc1CNC(=O)c1cccnc1,True,3.507320000000001,0.30841999999999903,0.74,False,True
3.0,null,20,,,,1093926,CN(C(=O)CNc1cccc(OCC2CCCO2)c1)c1ccccc1,3.319300000000002,CN(C(=O)CNc1cccc(OCC2CCCO2)c1)c1ccccc1,True,3.319300000000002,0.0,1.0,True,False
3.0,null,20,,,,1107920,CCc1ccc(-n2cc(C(=O)NC(C)c3ccccc3)nn2)cc1,3.320700000000002,COCc1ccc(CNC(=O)c2cn(-c3ccc(Cl)cc3)nn2)cc1,True,2.9971000000000014,-0.3236000000000008,0.43548387096774194,False,True
3.0,null,20,,,,1113130,CC(NC(=O)Cn1nnnc1C(C)(C)C)c1cccc2ccccc12,3.0012000000000016,CC(C(=O)N(C)C)c1nnnn1CC(=O)NC1(C)C=Cc2ccccc21,True,0.9232000000000011,-2.0780000000000003,0.32,False,True
3.0,null,20,,,,1121751,COC(=O)Cn1ccc(NS(=O)(=O)c2ccc(F)c(F)c2F)n1,1.2742,CCc1ccc(S(=O)(=O)Nc2ccn(CCOC)n2)cc1,True,1.8926999999999998,0.6184999999999998,0.4166666666666667,False,True
3.0,null,20,,,,1142531,CCOC(C)C(=O)NCCc1csc(-c2ccc(C)cc2)n1,3.2022200000000014,CCC(=O)NCCc1csc(-c2ccc(OC)cc2)n1,True,2.8874000000000013,-0.3148200000000001,0.543859649122807,False,False
3.0,null,20,,,,1212157,CN(Cc1ccc(F)c(F)c1)C(=O)c1cncc(-c2cnn(C)c2)c1,3.0325000000000015,COc1ccccc1CN(C)C(=O)c1cncc(-c2cnn(C)c2)c1,True,2.762900000000001,-0.2696000000000005,0.6065573770491803,False,True
3.0,null,20,,,,1215394,CCn1nc(C)cc1C(=O)Oc1cccc(NC(=O)C(C)C)c1,3.025120000000001,CCn1nc(C)cc1C(=O)Oc1cccc(Br)c1,True,3.193120000000002,0.16800000000000104,0.6415094339622641,False,True
3.0,null,20,,,,1232922,CC(C)(C)OC(=O)NC1CCCN(S(=O)(=O)N2CCOCC2)C1,0.5525000000000011,CC(C)(C)OC(=O)NC1CCCN(S(=O)(=O)N2CCOCC2)C1,True,0.5525000000000011,0.0,1.0,True,False
3.0,null,20,,,,1238973,FC(F)(F)c1cnc(N2CCn3c(nnc3C3CC3)C2)c(Cl)c1,3.2429000000000023,Cc1cc(OC(C)C)c(N2CCn3c(nnc3C3CC3)C2)cn1,True,2.6663200000000007,-0.5765800000000016,0.4375,False,True
3.0,null,20,,,,1299495,Cc1cc(CC(=O)N2CCCC2C(C#N)c2ccccc2)no1,2.823900000000001,CC=CCC(C#N)C(=O)N1CC(C)CC1c1ccccc1,True,3.702080000000003,0.8781800000000022,0.2597402597402597,False,True
3.0,null,20,,,,1309906,CC(C)CC(NC(=O)c1cc(=O)c2ccccc2o1)C(=O)OC(C)C,2.8891000000000018,C=C(C)CNC(=O)c1cc(=O)c2ccccc2o1,True,2.0989,-0.7902000000000018,0.509090909090909,False,True
3.0,null,20,,,,1362816,COCc1cccc(C(=O)NC2CC2c2cccc(Cl)c2)c1,3.772300000000002,O=C(NC1CC1c1cccc(O)c1)c1cccc(Br)c1,True,3.4406000000000017,-0.33170000000000055,0.5178571428571429,False,True
3.0,null,20,,,,1441838,COCC(=O)NC(C(=O)Nc1cccc(-c2nccs2)c1)C(C)C,2.5358,COC(C)(C)C(=O)Nc1cccc(-c2nccs2)c1,True,3.1736000000000013,0.6378000000000013,0.55,False,True
3.0,null,20,,,,1450449,CCCNC(=O)CSc1nc2c(cc1C#N)CCCC2,2.450380000000001,CC(C)(C)C(=O)CSc1nc2c(cc1C#N)CCCC2,True,3.539380000000002,1.0890000000000013,0.660377358490566,False,True
3.0,null,20,,,,1451910,O=S(=O)(NCc1nnc2ccccn12)c1ccc(F)c(F)c1,1.4859999999999995,Cc1ccc(C)c(S(=O)(=O)NCc2nnc3ccccn23)c1,True,1.82464,0.3386400000000005,0.5740740740740741,False,False
3.0,null,20,,,,1479798,Cc1nc(C)c(CCC(=O)N(CC(C)C)CC(F)(F)F)c(=O)[nH]1,2.3662400000000003,CC(=O)NCCNC(=O)CCc1c(C)nc(C)[nH]c1=O,True,-0.42835999999999913,-2.7945999999999995,0.44642857142857145,False,True
3.0,null,20,,,,1507926,COC(=O)C(C)NC(=O)Cc1csc(-c2ccccc2Cl)n1,2.6837,COC(=O)CNC(=O)Cc1csc(-c2ccc(F)cc2)n1,True,1.7809,-0.9028,0.4032258064516129,False,True
3.0,null,20,,,,1527882,Nc1ncccc1C(=O)Nc1ccc2cn[nH]c2c1,1.7923999999999998,Cc1n[nH]c2ccc(NC(=O)c3cccnc3N(C)C)cc12,True,2.58462,0.7922200000000004,0.41935483870967744,False,True
3.0,null,20,,,,1532848,COc1ccc(-c2ccc3c(=O)[nH]cnc3c2)cc1Cl,3.2521000000000013,CCCOC=C1C=CC(c2ccc3c(=O)[nH]cnc3c2)=C1,True,3.1868000000000016,-0.06529999999999969,0.4406779661016949,False,True
3.0,null,20,,,,1548351,COc1cc(OC)c2c(c1)C(c1cnccn1)NCC2,1.7288999999999999,COC(=O)c1ccc2c(c1)C(c1cnccn1)NCC2,True,1.4983,-0.23059999999999992,0.4827586206896552,False,False
3.0,null,20,,,,1570134,COc1cccc(C(C)N2CCN(C(=O)c3ccc(O)cc3)CC2)c1,2.9198000000000013,CC(c1cccc(F)c1)N1CCN(C(=O)c2ccccc2F)CC1,True,3.4838000000000022,0.564000000000001,0.47368421052631576,False,True
3.0,null,20,,,,1611406,CC(C)(C)N1CC(NC(=O)C2COc3ccc(F)cc3C2)CC1=O,1.8923999999999994,CC(C)N1CC(NC(=O)C2COc3c(Cl)cccc3C2)CC1=O,True,2.0165999999999995,0.12420000000000009,0.43478260869565216,False,True
3.0,null,20,,,,1612684,CCCC1CN(C(=O)Nc2ccn(CCC(C)C)n2)CCO1,2.9620000000000015,CCCC1CN(C(=O)Nc2ccn(CC(C)OC)n2)CCO1,True,1.9507999999999996,-1.0112000000000019,0.75,False,True
3.0,null,20,,,,1639675,CCC(CC)c1nnc(NC(=O)c2scnc2C2CC2)s1,4.0279000000000025,CC(C)(C)c1nnc(NC(=O)c2scnc2C2CC2)s1,True,3.421800000000002,-0.6061000000000005,0.6666666666666666,False,False
3.0,null,20,,,,1675660,COc1ccnc(NC(=O)c2cccc(Cl)c2)c1,2.9959000000000007,CS(=O)(=O)c1cccc(C(=O)Nc2cc(Cl)ccn2)c1,True,2.3908000000000005,-0.6051000000000002,0.58,False,True
3.0,null,20,,,,1689728,CCc1noc(CSc2ncnc3sc(C)cc23)n1,3.237420000000002,CCC=NOC(=N)CSc1ncnc2sc(CC)cc12,True,3.735470000000002,0.4980500000000001,0.36363636363636365,False,True
3.0,null,20,,,,1720876,CC(C)(C)CC(=O)NCC(=O)Nc1ccc2c(c1)COC2,2.2077,O=C(NCCOCC(F)(F)F)Nc1ccc2c(c1)COC2,True,2.4172000000000002,0.20950000000000024,0.4909090909090909,False,True
3.0,null,20,,,,1757109,CC(C)Cc1ncc(CNc2ccc3c(c2)COC3)s1,3.983900000000003,CCOC(C)C=NC=C(S)CNc1ccc2c(c1)COC2,True,3.3957000000000015,-0.5882000000000014,0.36363636363636365,False,True
3.0,null,20,,,,1774061,O=C1NCCCc2[nH]c(-c3cccc4[nH]ccc34)nc21,2.234,CNC(=NCCC(C)CN(N)C=CC(=O)OC)c1cccc2[nH]ccc12,True,2.022500000000001,-0.21149999999999913,0.18823529411764706,False,True
3.0,null,20,,,,1800687,Cc1nn(C)c(-c2nc(-c3cccnn3)no2)c1Cl,1.8889199999999997,COC(=O)Cn1nc(C)c(Cl)c1-c1nc(-c2cccnn2)no1,True,1.5249199999999998,-0.3639999999999999,0.631578947368421,False,True
3.0,null,20,,,,1815867,FC(F)(F)c1ccc(CN2CCOCC2c2ncon2)cc1,2.661900000000001,C=CCOC=C1C=CC(CN2CCOCC2c2ncon2)=C1,True,2.0256,-0.6363000000000012,0.47692307692307695,False,True
3.0,null,20,,,,1828580,Cc1ccc(N2CC3OCC(=O)N(Cc4cccc(F)c4)C3C2)nn1,1.54032,COc1ccccc1CNC(=O)COC1CCN(c2ccc(C)nn2)C1,True,1.7053199999999997,0.1649999999999998,0.27380952380952384,False,True
3.0,null,20,,,,1836183,CCc1ccc(C(=O)NCc2nccc(N(C)C)n2)cc1,2.035,CN(C)c1ccnc(CNC(=O)c2ccccc2F)n1,True,1.6117000000000001,-0.4233,0.5882352941176471,False,True
3.0,null,20,,,,1842499,COc1ccccc1COc1ccccc1-c1cnn(CCO)c1,3.1300000000000017,OCCn1cc(-c2ccc(F)c(F)c2F)cn1,True,1.9596999999999998,-1.170300000000002,0.4423076923076923,False,True
3.0,null,20,,,,1865564,COC(CNC(=O)c1ccoc1)c1cccc(F)c1,2.536200000000001,CCOC(CNC(=O)c1ccoc1)c1ccc(F)cc1,True,2.9263000000000012,0.39010000000000034,0.5925925925925926,False,True
3.0,null,20,,,,1868773,CCCOc1ccc(Cl)c2c1CCNC2C1CC(=O)C1,3.2947000000000015,CCC(=O)CCc1cc(Cl)ccc1CNC(C)=O,True,2.8878000000000004,-0.40690000000000115,0.1267605633802817,False,True
3.0,null,20,,,,1873123,CCC1OC(=O)c2c(OC)ccc(Br)c21,3.079200000000002,CCCC1OC(=O)c2c(Br)ccc(OC)c21,True,3.4693000000000014,0.39009999999999945,0.6428571428571429,False,True
3.0,null,20,,,,1875028,Cc1cccc(C)c1NCC(=O)N1CCCC2CCCCC21,3.8965400000000034,C#Cc1cccc(NCC(=O)N2CCCC3CCCCC32)c1,True,3.261000000000002,-0.6355400000000015,0.5849056603773585,False,True
3.0,null,20,,,,1895921,CCC(CC)N(C)C(=O)CC1OC(=O)c2ccccc21,2.935200000000002,CCCNC(=O)CC1OC(=O)c2ccccc21,True,1.8144,-1.1208000000000018,0.5416666666666666,False,True
3.0,null,20,,,,1907077,Cc1ccc2[nH]nc(C(=O)Nc3nc(-c4ccco4)cs3)c2c1,3.8401200000000015,Cc1csc(NC(=O)c2n[nH]c3ccc(F)cc23)n1,True,2.71922,-1.1209000000000016,0.5573770491803278,False,True
3.0,null,20,,,,1913063,Cc1nn(C)c(C)c1CN(C(=O)c1cn2cccc(C)c2n1)C1CC1,2.797860000000001,Cc1ccc[nH]c2c(C(=O)N(Cc3cnn(C)c3C)C3CC3)nc1-2,True,2.669640000000001,-0.12821999999999978,0.38666666666666666,False,True
3.0,null,20,,,,1922265,CN(CCNC(=O)c1ccc2c(c1)ncn2C)c1ccccc1,2.4395000000000007,CN(CCNC(=O)c1ccc2[nH]cnc2c1)c1ccc(O)cc1,True,2.1346999999999996,-0.30480000000000107,0.5081967213114754,False,True
3.0,bin,0,-1.2959600001573561,-inf,-1.1407200038433074,32052,COc1ccccc1CNC(=O)Cc1c[nH]c2ccccc12,3.035400000000001,NS(=O)(=O)c1ccc(CNC(=O)Cc2c[nH]c3ccccc23)cc1,True,1.6741999999999997,-1.3612000000000013,0.5686274509803921,False,False
3.0,bin,0,-1.2959600001573561,-inf,-1.1407200038433074,116747,COCCSc1ccccc1C(=O)Nc1cccc(C)n1,3.3808200000000017,CNS(=O)(=O)c1ccc(C)c(C(=O)Nc2cccc(OC)n2)c1,True,1.5590199999999999,-1.8218000000000019,0.36507936507936506,False,True
3.0,bin,0,-1.2959600001573561,-inf,-1.1407200038433074,131060,CS(=O)(=O)NCCc1csc(-c2ccc(F)cc2)n1,2.0408999999999997,NS(=O)(=O)CC(=O)NCc1csc(-c2ccc(F)cc2)n1,True,0.8539000000000007,-1.186999999999999,0.5192307692307693,False,True
3.0,bin,0,-1.2959600001573561,-inf,-1.1407200038433074,131949,CCc1c(C)nc(SCC(=O)NC(C)C)[nH]c1=O,1.25742,CN(C)C(=O)CNC(=O)CSc1nc(N)c(C#N)c(=O)[nH]1,True,-1.4797199999999977,-2.7371399999999975,0.3492063492063492,False,True
3.0,bin,0,-1.2959600001573561,-inf,-1.1407200038433074,158879,COc1ccc(CC(=O)OCC(=O)c2c[nH]c3ccccc23)cc1,3.145100000000001,NS(=O)(=O)C=C1C=CC(CC(=O)OCC(=O)c2c[nH]c3ccccc23)=C1,True,1.9525000000000001,-1.192600000000001,0.5161290322580645,False,True
3.0,bin,0,-1.2959600001573561,-inf,-1.1407200038433074,232056,COCCNC(=O)c1cc(=O)c2cc(C)ccc2o1,1.4776199999999993,NS(=O)(=O)CCNC(=O)c1cc(=O)c2cc(F)ccc2o1,True,-0.0495999999999992,-1.5272199999999985,0.5185185185185185,False,True
3.0,bin,0,-1.2959600001573561,-inf,-1.1407200038433074,235788,O=C(Cn1nc(-c2ccco2)oc1=O)NCC(F)(F)F,0.7747999999999999,NS(=O)(=O)CCNC(=O)Cn1nc(-c2ccco2)oc1=O,True,-1.498999999999999,-2.2737999999999987,0.6545454545454545,False,True
3.0,bin,0,-1.2959600001573561,-inf,-1.1407200038433074,236081,CC(=O)c1c(C)[nH]c(C(=O)CSc2nc(C(C)C)n[nH]2)c1C,3.0506400000000014,COC(=O)c1[nH]c(SCC(=O)c2ccc[nH]2)nc1C,True,1.80782,-1.2428200000000014,0.2835820895522388,False,True
3.0,bin,0,-1.2959600001573561,-inf,-1.1407200038433074,281081,O=C(Cn1cccn1)NCc1cccnc1Oc1ccc(F)cc1F,2.665000000000001,NS(=O)(=O)C=CC1=C(Oc2ncccc2CNC(=O)Cn2cccn2)C=C1,True,0.5994000000000002,-2.0656000000000008,0.5492957746478874,False,True
3.0,bin,0,-1.2959600001573561,-inf,-1.1407200038433074,284170,COc1ccc(-c2nc(CC(=O)Nc3cccc(C)n3)cs2)cc1,3.7033200000000024,NC(=O)c1cccc(NC(=O)Cc2csc(-c3ccccc3)n2)n1,True,2.4852000000000007,-1.2181200000000016,0.5789473684210527,False,True
3.0,bin,0,-1.2959600001573561,-inf,-1.1407200038433074,288369,Cc1ccc(NCc2nnc3n2CCCCC3)cc1C,3.2334400000000016,NS(=O)(=O)c1ccc(Cl)cc1NCc1nnc2n1CCCCC2,True,1.9174000000000002,-1.3160400000000014,0.4915254237288136,False,True
3.0,bin,0,-1.2959600001573561,-inf,-1.1407200038433074,302889,COc1ccc(OC)c(NC(=O)CCNC(=O)c2cccs2)c1,2.5239000000000003,NS(=O)(=O)c1cc(NC(=O)CCNC(=O)c2cccs2)ccc1F,True,1.2932000000000001,-1.2307000000000001,0.46875,False,True
3.0,bin,0,-1.2959600001573561,-inf,-1.1407200038433074,327141,COc1ccc(OC)c(S(=O)(=O)Nc2ccn(C)n2)c1,1.2381,CNC=CC1=NC(C=CC=CS(N)(=O)=O)S(=O)(=O)N1,True,-1.2644999999999984,-2.5025999999999984,0.09722222222222222,False,True
3.0,bin,0,-1.2959600001573561,-inf,-1.1407200038433074,327382,CNC(=O)C1CN(C(=O)c2c(C)noc2C)c2ccccc2O1,1.4452399999999996,Cc1noc(C)c1C(=O)N1Cc2ccccc2OC1C(N)=O,True,1.13764,-0.30759999999999965,0.46774193548387094,False,True
3.0,bin,0,-1.2959600001573561,-inf,-1.1407200038433074,406491,COCCNC(=O)C1CCCN(S(=O)(=O)N2CCOCC2)C1,-0.9619999999999964,NS(=O)(=O)NC(=O)C1CCN(S(=O)(=O)N2CCOCC2)CC1,True,-2.404899999999996,-1.4428999999999996,0.42592592592592593,False,True
3.0,bin,0,-1.2959600001573561,-inf,-1.1407200038433074,413951,O=C(Cn1ncn2cccc2c1=O)N1CCCCCC1,0.8985999999999996,NS(=O)(=O)C1CCN(C(=O)Cn2ncn3cccc3c2=O)CC1,True,-1.224499999999998,-2.1230999999999973,0.6862745098039216,False,True
3.0,bin,0,-1.2959600001573561,-inf,-1.1407200038433074,427929,CCNc1nc(NCc2ccccc2Cl)c2cnn(C)c2n1,3.060600000000001,COCC(=O)Nc1nc(NCc2ccccc2)c2cnn(C)c2n1,True,1.5602999999999994,-1.5003000000000015,0.4838709677419355,False,True
3.0,bin,0,-1.2959600001573561,-inf,-1.1407200038433074,447130,CCC(NC(=O)C1CCN(C(=O)C2CC2)CC1)c1ccc(C)cc1,3.2109200000000016,NC(=O)C(NC(=O)C1CCN(C(=O)C2CC2)CC1)c1ccccc1,True,0.9777999999999998,-2.2331200000000018,0.5094339622641509,False,True
3.0,bin,0,-1.2959600001573561,-inf,-1.1407200038433074,481908,CCNS(=O)(=O)c1ccc(C)c(C(=O)Nc2ncccc2C)c1,2.24894,Nc1cccc(NC(=O)c2cccc(S(N)(=O)=O)c2)n1,True,0.5634999999999999,-1.6854400000000003,0.22727272727272727,False,True
3.0,bin,0,-1.2959600001573561,-inf,-1.1407200038433074,485220,Cc1nn(CC(=O)N2CCN(C)CC2)c(C)c1Br,1.03644,Cc1nn(CC(=O)N2CCN(C(=O)CCO)CC2)c(C)c1N,True,-0.8646599999999975,-1.9010999999999976,0.5217391304347826,False,True
3.0,bin,0,-1.2959600001573561,-inf,-1.1407200038433074,526363,Cc1nnc(SCC(=O)Nc2ccc(O)cc2)n(N)c1=O,0.09692,Nn1c(CO)nnc1SCC(=O)Nc1ccc(S(N)(=O)=O)cc1,True,-1.1376,-1.2345199999999998,0.5087719298245614,False,True
3.0,bin,0,-1.2959600001573561,-inf,-1.1407200038433074,536853,COc1ccc(C2CCCN2C(=O)C2CCC2)c(OC)c1,3.1674000000000015,NS(=O)(=O)NCc1ccc(C2CCCN2C(=O)C2CCC2)cc1,True,1.4432999999999994,-1.7241000000000022,0.4,False,True
3.0,bin,0,-1.2959600001573561,-inf,-1.1407200038433074,540312,Cc1nn(C)c2nc(C3CC3)cc(C(=O)NCC(=O)NC(C)(C)C)c12,1.7986199999999997,Cc1nn(C)c2nc(C3CC3)cc(C(=O)N(C)CC(N)=O)c12,True,0.7114200000000003,-1.0871999999999993,0.5396825396825397,False,True
3.0,bin,0,-1.2959600001573561,-inf,-1.1407200038433074,544381,Cc1nc(N2CCCC(C(=O)NC(C)C)C2)c2c(C)c(C)oc2n1,2.8890600000000006,CNS(=O)(=O)C=NC(=C1C(=N)OC(C)=C1C)N1CCCC(C(N)=O)C1,True,0.27417000000000014,-2.6148900000000004,0.21686746987951808,False,True
3.0,bin,0,-1.2959600001573561,-inf,-1.1407200038433074,544382,CCCNC(=O)C1CCCN(c2nc(C)nc3oc(C)c(C)c23)C1,2.8906600000000013,CNS(=O)(=O)NCCCCNC=NC(C)=NCOC(C)=C(C)C,True,1.1445999999999998,-1.7460600000000015,0.08235294117647059,False,True
3.0,bin,0,-1.2959600001573561,-inf,-1.1407200038433074,550049,Cc1ccc(C)c(OCC(=O)Nc2cccc(-n3cnnc3)c2)c1,2.9016400000000013,NC(=O)c1ccccc1OCC(=O)Nc1cccc(-n2cnnc2)c1,True,1.3837,-1.5179400000000014,0.6428571428571429,False,True
3.0,bin,0,-1.2959600001573561,-inf,-1.1407200038433074,573533,Cc1nn(-c2ncc(C(F)(F)F)cc2Cl)c(=O)o1,2.2011199999999995,CNS(=O)(=O)c1cnc(C(F)(F)F)c2oc(=O)[nH]c12,True,0.44300000000000006,-1.7581199999999995,0.22580645161290322,False,True
3.0,bin,0,-1.2959600001573561,-inf,-1.1407200038433074,582555,O=C(NCC(O)c1ccccc1)c1ccc2c(=O)n3c(nc2c1)CCC3,1.8061000000000003,N=C1NC(=O)C=CC1=CC(=O)NCC1C2=CC=C1C(S(N)(=O)=O)=C2,True,-0.6391299999999993,-2.4452299999999996,0.09574468085106383,False,True
3.0,bin,0,-1.2959600001573561,-inf,-1.1407200038433074,588547,Cc1n[nH]c(C)c1NC(=O)CCc1ccc(Cl)cc1Cl,3.9046400000000023,COC(=O)C=C1C=CCC(CCC(=O)Nc2c[nH]nc2C)=C1,True,2.4225200000000005,-1.4821200000000019,0.2676056338028169,False,True
3.0,bin,0,-1.2959600001573561,-inf,-1.1407200038433074,607673,CCCN(CC1CC1)S(=O)(=O)c1ccccc1F,2.636400000000001,NC(=O)c1ccccc1S(=O)(=O)N(CCO)CC1CC1,True,0.17849999999999988,-2.4579000000000013,0.5,False,True
3.0,bin,0,-1.2959600001573561,-inf,-1.1407200038433074,617681,Cc1cc(C(=O)Nc2nc(-c3ccncc3)cs2)nn1C(C)C,3.5432200000000016,Nn1ccc(C(=O)Nc2nc(-c3ccncc3)cs2)n1,True,1.3677000000000001,-2.1755200000000015,0.5818181818181818,False,True
3.0,bin,0,-1.2959600001573561,-inf,-1.1407200038433074,650267,COc1ccc2oc(C(=O)NC3CCCCNC3=O)c(C)c2c1,2.14832,NS(=O)(=O)C=C1C=c2cc(C(=O)NC3CCCCNC3=O)oc2=C1,True,-1.5748999999999973,-3.7232199999999973,0.3972602739726027,False,True
3.0,bin,0,-1.2959600001573561,-inf,-1.1407200038433074,668639,Cc1cc(NC(=O)c2ccccc2Cl)ncc1N,2.8779200000000005,Cc1cc(S(N)(=O)=O)nc(NC(=O)c2ccccc2)c1C,True,1.5981400000000001,-1.2797800000000004,0.288135593220339,False,True
3.0,bin,0,-1.2959600001573561,-inf,-1.1407200038433074,673160,CCC(=O)Nc1ccc2oc(C(F)(F)F)cc(=O)c2c1,3.160300000000001,NS(=O)(=O)Nc1ccc2oc(C(F)(F)F)cc(=O)c2c1,True,1.4272,-1.7331000000000012,0.5833333333333334,False,True
3.0,bin,0,-1.2959600001573561,-inf,-1.1407200038433074,711169,Cc1cccc(C(C)C)c1NC(=O)N(C)Cc1ccncc1,4.177320000000003,CNC(=O)COc1c(Cl)cccc1NC(=O)N(C)Cc1ccncc1,True,2.5237000000000007,-1.6536200000000019,0.4444444444444444,False,True
3.0,bin,0,-1.2959600001573561,-inf,-1.1407200038433074,720969,Cc1noc(C)c1CCC(=O)OCC(=O)N1c2ccccc2CC1C,2.7450400000000013,CC1OCC1(CC(=O)OCC(=O)NCCc1ccccc1)C(N)=O,True,0.16900000000000037,-2.5760400000000008,0.24691358024691357,False,True
3.0,bin,0,-1.2959600001573561,-inf,-1.1407200038433074,730789,COC(=O)C1CCN(C(=O)c2cc3ccc(F)cc3nc2C)CC1,2.7075200000000006,Nc1nc2ccccc2cc1C(=O)N1CCC(S(N)(=O)=O)CC1,True,0.7100999999999998,-1.9974200000000009,0.35384615384615387,False,True
3.0,bin,0,-1.2959600001573561,-inf,-1.1407200038433074,738178,Cc1ccc(-n2ccnc2SCc2nc(C3CC3)no2)cc1C,4.041840000000003,NC(=O)COC=CC=CC1=NC(C=NCC2CC2)Sc2nccn21,True,1.6140999999999999,-2.4277400000000036,0.15730337078651685,False,True
3.0,bin,0,-1.2959600001573561,-inf,-1.1407200038433074,771897,COc1ccccc1OCC(=O)N(C)Cc1sccc1C,3.102520000000002,CN(CC=CC=CS)C(=O)COC=CC=CC(=O)OCC(N)=O,True,0.5595,-2.543020000000002,0.18571428571428572,False,True
3.0,bin,0,-1.2959600001573561,-inf,-1.1407200038433074,811446,COC(=O)C1(NC(=O)c2cc(Br)c[nH]2)CCCCCC1,2.7730000000000006,Cc1[nH]c(C(=O)NC2(CO)CCCCC2)cc1S(N)(=O)=O,True,0.3955199999999993,-2.377480000000001,0.3333333333333333,False,True
3.0,bin,0,-1.2959600001573561,-inf,-1.1407200038433074,848291,CCC(C)NC(=O)NCc1noc(-c2cccs2)n1,2.3958000000000004,CS(=O)(=O)NCC(=O)NCc1noc(-c2cccs2)n1,True,-0.0365000000000002,-2.4323000000000006,0.5862068965517241,False,False
3.0,bin,0,-1.2959600001573561,-inf,-1.1407200038433074,863440,COc1ccc(-c2nc(CCCO)cs2)cc1OC,2.752200000000001,NS(=O)(=O)c1ccc(-c2nc(C#CCO)cs2)cc1,True,0.8013000000000003,-1.9509000000000007,0.26666666666666666,False,True
3.0,bin,0,-1.2959600001573561,-inf,-1.1407200038433074,864663,N#Cc1ccc(-c2cc(F)ccc2F)nc1N1CCCC1,3.498680000000002,N#CC(=CC=C1N=C1C=CC=CS(N)(=O)=O)CN1CCCC1,True,1.22908,-2.2696000000000023,0.136986301369863,False,True
3.0,bin,0,-1.2959600001573561,-inf,-1.1407200038433074,872100,CCc1cccc(C)c1NCC(O)c1ccc2c(c1)OCCO2,3.474120000000002,NC(=O)COc1ccc(NCC(O)c2ccc3c(c2)OCCO3)cc1,True,1.4673999999999996,-2.0067200000000023,0.47540983606557374,False,True
3.0,bin,0,-1.2959600001573561,-inf,-1.1407200038433074,886334,COc1ccc(C(=O)N2CCCC(C(=O)N3CCCCC3)C2)c(O)c1,2.2655000000000003,CCCCNC(=O)C1CCCN(C(=O)c2ccc(S(N)(=O)=O)cc2)C1,True,1.102500000000001,-1.1629999999999994,0.3333333333333333,False,True
3.0,bin,0,-1.2959600001573561,-inf,-1.1407200038433074,887387,COCCNC(=O)N(Cc1cccc(F)c1)CC1CCCO1,2.1627,NS(=O)(=O)CC(=O)N(Cc1cccc(F)c1)CC1CCCO1,True,0.6218000000000001,-1.5409,0.6031746031746031,False,True
3.0,bin,0,-1.2959600001573561,-inf,-1.1407200038433074,889149,N#Cc1ccc(NC(=O)c2ccc(Br)cc2Cl)nc1,3.621480000000001,CC(=O)Nc1ccccc1C(=O)Nc1ccc(C#N)cn1,True,2.1639799999999996,-1.4575000000000014,0.5283018867924528,False,True
3.0,bin,0,-1.2959600001573561,-inf,-1.1407200038433074,913483,O=C(CNC(=O)NCCc1c(Cl)cccc1Cl)NC1CC1,2.1137000000000006,N#Cc1ccc(CCNC(=O)NCC(=O)NC2CC2)cc1,True,0.6785799999999995,-1.435120000000001,0.56,False,True
3.0,bin,0,-1.2959600001573561,-inf,-1.1407200038433074,917620,C=CCN(Cc1ccccc1OC)C(=O)c1csc(C)n1,3.288520000000002,COc1ccccc1CNC(=O)c1csc(NC(N)=O)n1,True,1.5722999999999998,-1.716220000000002,0.4,False,True
3.0,bin,0,-1.2959600001573561,-inf,-1.1407200038433074,918312,CCOc1ccc(Cl)c(C(=O)N2CCN(c3ncccn3)CC2)n1,1.8860999999999997,Nc1cccnc1C(=O)N1CCN(c2ncccn2)CC1,True,0.41619999999999946,-1.4699000000000002,0.5,False,True
3.0,bin,0,-1.2959600001573561,-inf,-1.1407200038433074,922879,CC(=O)c1ccc(N2CCN(Cc3c(F)cccc3F)CC2)cc1,3.489600000000003,NS(=O)(=O)NCc1cccc(CN2CCN(c3ccccc3F)CC2)c1,True,1.4409999999999996,-2.048600000000003,0.32786885245901637,False,True
3.0,bin,0,-1.2959600001573561,-inf,-1.1407200038433074,927535,COc1cc(CN2CCN(c3ccccc3F)CC2)ccc1O,2.862100000000002,NS(=O)(=O)Nc1cccc(CN2CCN(c3ccccc3)CC2)c1,True,1.624199999999999,-1.237900000000003,0.32786885245901637,False,True
3.0,bin,0,-1.2959600001573561,-inf,-1.1407200038433074,927567,Cc1ccccc1N1CCN(Cc2cccc(O)c2)CC1,3.022820000000001,NS(=O)(=O)Nc1cccc(CN2CCN(c3ccccc3)CC2)c1,True,1.624199999999999,-1.3986200000000022,0.3888888888888889,False,True
3.0,bin,0,-1.2959600001573561,-inf,-1.1407200038433074,938108,CC(c1ccccc1)N(C)C(=O)CCC(=O)Nc1nccs1,3.0814000000000012,CN(C(=O)CCC(=O)Nc1nccs1)C(C(N)=O)c1ccccc1,True,1.546799999999999,-1.5346000000000022,0.7647058823529411,False,True
3.0,bin,0,-1.2959600001573561,-inf,-1.1407200038433074,943303,CN(CCCOc1ccccc1)C(=O)Nc1cccc2c1OCCO2,3.390600000000002,NS(=O)(=O)C=CC=COCCCNC(=O)Nc1ccccc1OCCO,True,0.9017999999999999,-2.488800000000002,0.2125,False,True
3.0,bin,0,-1.2959600001573561,-inf,-1.1407200038433074,946289,CC(NC(=O)C1(c2cc(-c3ccco3)on2)CC1)c1ccccc1,3.843600000000002,CC1CC(=CC=CS(N)(=O)=O)CNC(=O)C1c1cc(-c2ccco2)on1,True,1.9028,-1.940800000000002,0.2716049382716049,False,True
3.0,bin,0,-1.2959600001573561,-inf,-1.1407200038433074,994077,Cc1nnc(Cn2c(-c3cccc(Br)c3)noc2=O)o1,2.0055199999999997,O=C1CCC=NN=C(Cn2c(-c3ccccc3)noc2=O)N1,True,0.7975999999999999,-1.2079199999999999,0.35384615384615387,False,True
3.0,bin,0,-1.2959600001573561,-inf,-1.1407200038433074,1065620,O=C(NCc1cccnc1Oc1ccccc1)c1cccnc1,3.198900000000002,NS(=O)(=O)C=C1C=CC(Oc2ncccc2CNC(=O)c2cccnc2)=C1,True,1.4115000000000004,-1.7874000000000014,0.5901639344262295,False,True
3.0,bin,0,-1.2959600001573561,-inf,-1.1407200038433074,1093926,CN(C(=O)CNc1cccc(OCC2CCCO2)c1)c1ccccc1,3.319300000000002,C=CC(=CC=CS(N)(=O)=O)NC(=O)CNc1cccc(OCC2CCCO2)c1,True,1.6445999999999994,-1.6747000000000025,0.5131578947368421,False,True
3.0,bin,0,-1.2959600001573561,-inf,-1.1407200038433074,1107920,CCc1ccc(-n2cc(C(=O)NC(C)c3ccccc3)nn2)cc1,3.320700000000002,NN(C=C1N=C(C=CC=CS(N)(=O)=O)C(F)NC1=O)c1ccccc1,True,0.43290000000000056,-2.8878000000000017,0.09523809523809523,False,True
3.0,bin,0,-1.2959600001573561,-inf,-1.1407200038433074,1113130,CC(NC(=O)Cn1nnnc1C(C)(C)C)c1cccc2ccccc12,3.0012000000000016,C=C1OCCNc2nnnn2CC(=O)C=Cc2ccccc21,True,1.3683999999999996,-1.632800000000002,0.16455696202531644,False,True
3.0,bin,0,-1.2959600001573561,-inf,-1.1407200038433074,1121751,COC(=O)Cn1ccc(NS(=O)(=O)c2ccc(F)c(F)c2F)n1,1.2742,NS(=O)(=O)c1ccc(S(=O)(=O)Nc2ccn(CCO)n2)cc1,True,-0.6764000000000001,-1.9506000000000001,0.3728813559322034,False,True
3.0,bin,0,-1.2959600001573561,-inf,-1.1407200038433074,1142531,CCOC(C)C(=O)NCCc1csc(-c2ccc(C)cc2)n1,3.2022200000000014,NS(=O)(=O)NCCc1csc(-c2ccc(F)cc2)n1,True,1.2848000000000006,-1.9174200000000008,0.4,False,True
3.0,bin,0,-1.2959600001573561,-inf,-1.1407200038433074,1212157,CN(Cc1ccc(F)c(F)c1)C(=O)c1cncc(-c2cnn(C)c2)c1,3.0325000000000015,Cn1cc(-c2cncc(C(=O)NCc3ccc(OCC(N)=O)cc3)c2)cn1,True,1.2761999999999996,-1.756300000000002,0.4492753623188406,False,True
3.0,bin,0,-1.2959600001573561,-inf,-1.1407200038433074,1215394,CCn1nc(C)cc1C(=O)Oc1cccc(NC(=O)C(C)C)c1,3.025120000000001,CNC(=O)COC(=O)CCC=C1C=CC(OC(=O)c2cc(C)n[nH]2)C=C1,True,1.365319999999999,-1.6598000000000022,0.16470588235294117,False,True
3.0,bin,0,-1.2959600001573561,-inf,-1.1407200038433074,1232922,CC(C)(C)OC(=O)NC1CCCN(S(=O)(=O)N2CCOCC2)C1,0.5525000000000011,NC(=O)NC1CCCN(S(=O)(=O)N2CCOCC2)C1,True,-1.3038999999999974,-1.8563999999999985,0.6595744680851063,False,True
3.0,bin,0,-1.2959600001573561,-inf,-1.1407200038433074,1238973,FC(F)(F)c1cnc(N2CCn3c(nnc3C3CC3)C2)c(Cl)c1,3.2429000000000023,OC1C=CC=CNCCn2c(nnc2C2CC2)N=C1,True,0.8917999999999995,-2.351100000000003,0.22857142857142856,False,True
3.0,bin,0,-1.2959600001573561,-inf,-1.1407200038433074,1299495,Cc1cc(CC(=O)N2CCCC2C(C#N)c2ccccc2)no1,2.823900000000001,N#CC(C1=CC(=CS(N)(=O)=O)C=C1)N1CCCC1C(=O)Nc1ccon1,True,0.6382799999999993,-2.185620000000002,0.23076923076923078,False,True
3.0,bin,0,-1.2959600001573561,-inf,-1.1407200038433074,1309906,CC(C)CC(NC(=O)c1cc(=O)c2ccccc2o1)C(=O)OC(C)C,2.8891000000000018,O=C(CNc1cc(=O)c2ccccc2o1)NCCCO,True,0.7035,-2.1856000000000018,0.36507936507936506,False,True
3.0,bin,0,-1.2959600001573561,-inf,-1.1407200038433074,1362816,COCc1cccc(C(=O)NC2CC2c2cccc(Cl)c2)c1,3.772300000000002,NS(=O)(=O)c1ccc(C(=O)NC2CC2c2cccc(Cl)c2)cc1,True,2.2733,-1.4990000000000023,0.5614035087719298,False,True
3.0,bin,0,-1.2959600001573561,-inf,-1.1407200038433074,1441838,COCC(=O)NC(C(=O)Nc1cccc(-c2nccs2)c1)C(C)C,2.5358,NS(=O)(=O)CC(=O)Nc1cccc(-c2nccs2)c1,True,1.0371000000000004,-1.4986999999999997,0.5245901639344263,False,True
3.0,bin,0,-1.2959600001573561,-inf,-1.1407200038433074,1450449,CCCNC(=O)CSc1nc2c(cc1C#N)CCCC2,2.450380000000001,N#Cc1cc2c(nc1SCCN)OCCCC2,True,1.71918,-0.731200000000001,0.3870967741935484,False,True
3.0,bin,0,-1.2959600001573561,-inf,-1.1407200038433074,1451910,O=S(=O)(NCc1nnc2ccccn12)c1ccc(F)c(F)c1,1.4859999999999995,NS(=O)(=O)c1ccc(S(=O)(=O)NCc2nnc3ccccn23)cc1,True,-0.14479999999999915,-1.6307999999999987,0.6875,False,True
3.0,bin,0,-1.2959600001573561,-inf,-1.1407200038433074,1479798,Cc1nc(C)c(CCC(=O)N(CC(C)C)CC(F)(F)F)c(=O)[nH]1,2.3662400000000003,CCOC(=O)COC(=O)CCc1c(C)nc(C)[nH]c1=O,True,0.4256400000000005,-1.9405999999999999,0.4727272727272727,False,True
3.0,bin,0,-1.2959600001573561,-inf,-1.1407200038433074,1507926,COC(=O)C(C)NC(=O)Cc1csc(-c2ccccc2Cl)n1,2.6837,NS(=O)(=O)CCNC(=O)Cc1csc(-c2ccccc2Cl)n1,True,1.4107000000000005,-1.2729999999999995,0.5517241379310345,False,True
3.0,bin,0,-1.2959600001573561,-inf,-1.1407200038433074,1527882,Nc1ncccc1C(=O)Nc1ccc2cn[nH]c2c1,1.7923999999999998,NS(=O)(=O)c1ccc(C(=O)Nc2ccc3cn[nH]c3c2)cn1,True,0.8575999999999999,-0.9347999999999999,0.5357142857142857,False,True
3.0,bin,0,-1.2959600001573561,-inf,-1.1407200038433074,1532848,COc1ccc(-c2ccc3c(=O)[nH]cnc3c2)cc1Cl,3.2521000000000013,NS(=O)(=O)C=C1C=CC(c2ccc3c(=O)[nH]cnc3c2)=C1,True,1.0487000000000006,-2.2034000000000007,0.42105263157894735,False,True
3.0,bin,0,-1.2959600001573561,-inf,-1.1407200038433074,1548351,COc1cc(OC)c2c(c1)C(c1cnccn1)NCC2,1.7288999999999999,NS(=O)(=O)c1ccc2c(c1)C(c1cnccn1)NCC2,True,0.3590999999999998,-1.3698000000000001,0.43103448275862066,False,True
3.0,bin,0,-1.2959600001573561,-inf,-1.1407200038433074,1570134,COc1cccc(C(C)N2CCN(C(=O)c3ccc(O)cc3)CC2)c1,2.9198000000000013,C#CC(=CC=CS(N)(=O)=O)C(O)CN1CCN(C(=O)c2ccccc2)CC1,True,0.16710000000000158,-2.7527,0.24,False,True
3.0,bin,0,-1.2959600001573561,-inf,-1.1407200038433074,1611406,CC(C)(C)N1CC(NC(=O)C2COc3ccc(F)cc3C2)CC1=O,1.8923999999999994,NC(=O)CCN1CC(NC(=O)C2COc3ccccc3C2)CC1=O,True,-0.16979999999999906,-2.0621999999999985,0.47058823529411764,False,True
3.0,bin,0,-1.2959600001573561,-inf,-1.1407200038433074,1612684,CCCC1CN(C(=O)Nc2ccn(CCC(C)C)n2)CCO1,2.9620000000000015,CNC(=O)C1CN(C(=O)Nc2ccn(C(C)C)n2)CCO1,True,0.4427000000000001,-2.519300000000001,0.48484848484848486,False,True
3.0,bin,0,-1.2959600001573561,-inf,-1.1407200038433074,1639675,CCC(CC)c1nnc(NC(=O)c2scnc2C2CC2)s1,4.0279000000000025,Nc1nnc(NC(=O)c2scnc2C2CC2)s1,True,1.7065,-2.3214000000000024,0.673469387755102,False,True
3.0,bin,0,-1.2959600001573561,-inf,-1.1407200038433074,1675660,COc1ccnc(NC(=O)c2cccc(Cl)c2)c1,2.9959000000000007,CNS(=O)(=O)c1ccc(C(=O)Nc2cc(OC)ccn2)cc1,True,1.2506,-1.7453000000000007,0.5686274509803921,False,True
3.0,bin,0,-1.2959600001573561,-inf,-1.1407200038433074,1689728,CCc1noc(CSc2ncnc3sc(C)cc23)n1,3.237420000000002,COc1cc2c(SCC(=N)ON=CCC(N)=O)ncnc2s1,True,1.6470699999999998,-1.5903500000000022,0.2876712328767123,False,True
3.0,bin,0,-1.2959600001573561,-inf,-1.1407200038433074,1720876,CC(C)(C)CC(=O)NCC(=O)Nc1ccc2c(c1)COC2,2.2077,CN(CC(N)=O)C(=O)NCCc1ccc2c(c1)COC2,True,0.38600000000000034,-1.8216999999999997,0.35,False,True
3.0,bin,0,-1.2959600001573561,-inf,-1.1407200038433074,1757109,CC(C)Cc1ncc(CNc2ccc3c(c2)COC3)s1,3.983900000000003,NC(=O)CCC=NC=C1CNc2ccc(c(CO)c2)C1S,True,1.7954999999999992,-2.1884000000000037,0.08333333333333333,False,True
3.0,bin,0,-1.2959600001573561,-inf,-1.1407200038433074,1774061,O=C1NCCCc2[nH]c(-c3cccc4[nH]ccc34)nc21,2.234,C=CNC(=CC=CS(N)(=O)=O)c1nc2c([nH]1)CCCNC2=O,True,-0.0380999999999993,-2.272099999999999,0.3188405797101449,False,True
3.0,bin,0,-1.2959600001573561,-inf,-1.1407200038433074,1800687,Cc1nn(C)c(-c2nc(-c3cccnn3)no2)c1Cl,1.8889199999999997,Cn1nc(CCO)cc1-c1nc(-c2cccnn2)no1,True,0.4618999999999996,-1.4270200000000002,0.5087719298245614,False,True
3.0,bin,0,-1.2959600001573561,-inf,-1.1407200038433074,1815867,FC(F)(F)c1ccc(CN2CCOCC2c2ncon2)cc1,2.661900000000001,OCC=C1C=CC(CN2CCOCC2c2ncon2)=C1,True,0.8577999999999999,-1.8041000000000011,0.5166666666666667,False,True
3.0,bin,0,-1.2959600001573561,-inf,-1.1407200038433074,1828580,Cc1ccc(N2CC3OCC(=O)N(Cc4cccc(F)c4)C3C2)nn1,1.54032,O=C(COC1CCN(c2cccnn2)C1)NCC12C=CC=C(C1)C(=O)N2,True,-0.056999999999998774,-1.5973199999999987,0.1717171717171717,False,True
3.0,bin,0,-1.2959600001573561,-inf,-1.1407200038433074,1836183,CCc1ccc(C(=O)NCc2nccc(N(C)C)n2)cc1,2.035,NS(=O)(=O)c1cccc(C(=O)NCc2nccc(Cl)n2)c1,True,0.7073999999999997,-1.3276000000000003,0.3770491803278688,False,True
3.0,bin,0,-1.2959600001573561,-inf,-1.1407200038433074,1842499,COc1ccccc1COc1ccccc1-c1cnn(CCO)c1,3.1300000000000017,CN(CCO)N=CCc1ccccc1OCC1=CC=CS(=O)(=O)N1,True,0.8483999999999996,-2.281600000000002,0.24,False,True
3.0,bin,0,-1.2959600001573561,-inf,-1.1407200038433074,1865564,COC(CNC(=O)c1ccoc1)c1cccc(F)c1,2.536200000000001,NS(=O)(=O)NC(CNC(=O)c1ccoc1)c1ccccc1F,True,0.6829000000000005,-1.8533000000000004,0.43548387096774194,False,True
3.0,bin,0,-1.2959600001573561,-inf,-1.1407200038433074,1868773,CCCOc1ccc(Cl)c2c1CCNC2C1CC(=O)C1,3.2947000000000015,CCC1(c2cc(F)cc(C(N)=O)c2)CCC(=O)C1N,True,1.2626000000000002,-2.0321000000000016,0.14864864864864866,False,True
3.0,bin,0,-1.2959600001573561,-inf,-1.1407200038433074,1873123,CCC1OC(=O)c2c(OC)ccc(Br)c21,3.079200000000002,NC(=O)COC(=O)COC(=O)c1ccccc1Br,True,0.6344000000000003,-2.4448000000000016,0.18181818181818182,False,True
3.0,bin,0,-1.2959600001573561,-inf,-1.1407200038433074,1875028,Cc1cccc(C)c1NCC(=O)N1CCCC2CCCCC21,3.8965400000000034,CC1(CCNC(=O)CNC23C=C(C(F)=CC2)S(=O)(=O)N3)CCCCC1,True,1.8229999999999995,-2.073540000000004,0.13924050632911392,False,True
3.0,bin,0,-1.2959600001573561,-inf,-1.1407200038433074,1895921,CCC(CC)N(C)C(=O)CC1OC(=O)c2ccccc21,2.935200000000002,CC(=O)NCCNC(=O)N(C)CC1OC(=O)c2ccccc21,True,0.6755999999999995,-2.2596000000000025,0.46296296296296297,False,True
3.0,bin,0,-1.2959600001573561,-inf,-1.1407200038433074,1907077,Cc1ccc2[nH]nc(C(=O)Nc3nc(-c4ccco4)cs3)c2c1,3.8401200000000015,NC(=O)Cc1csc(NC(=O)c2n[nH]c3ccccc23)n1,True,1.2995,-2.5406200000000014,0.45454545454545453,False,False
3.0,bin,0,-1.2959600001573561,-inf,-1.1407200038433074,1913063,Cc1nn(C)c(C)c1CN(C(=O)c1cn2cccc(C)c2n1)C1CC1,2.797860000000001,CC=C(C=NNCC(N)=O)CN(C(=O)C=Cn1cccn1)C1CC1,True,0.3518000000000012,-2.4460599999999997,0.20454545454545456,False,True
3.0,bin,0,-1.2959600001573561,-inf,-1.1407200038433074,1922265,CN(CCNC(=O)c1ccc2c(c1)ncn2C)c1ccccc1,2.4395000000000007,NC(=O)COc1ccccc1NCCNC(=O)c1ccc2[nH]cnc2c1,True,1.268899999999999,-1.1706000000000016,0.3287671232876712,False,True
3.0,bin,1,-0.9854800075292587,-1.1407200038433074,-0.83024001121521,32052,COc1ccccc1CNC(=O)Cc1c[nH]c2ccccc12,3.035400000000001,NS(=O)(=O)C1CC=CC=C1C(F)NC(=O)Cc1cccccc[nH]c1,True,1.6367999999999998,-1.3986000000000012,0.19230769230769232,False,True
3.0,bin,1,-0.9854800075292587,-1.1407200038433074,-0.83024001121521,116747,COCCSc1ccccc1C(=O)Nc1cccc(C)n1,3.3808200000000017,COC(=O)CC(=O)Nc1ccccc1C(=O)Nc1cccc(C)n1,True,2.1439199999999996,-1.236900000000002,0.5660377358490566,False,True
3.0,bin,1,-0.9854800075292587,-1.1407200038433074,-0.83024001121521,131060,CS(=O)(=O)NCCc1csc(-c2ccc(F)cc2)n1,2.0408999999999997,NS(=O)(=O)NCCc1csc(-c2ccccc2)n1,True,1.1457000000000004,-0.8951999999999993,0.574468085106383,False,True
3.0,bin,1,-0.9854800075292587,-1.1407200038433074,-0.83024001121521,131949,CCc1c(C)nc(SCC(=O)NC(C)C)[nH]c1=O,1.25742,COCCNC(=O)CSc1nc(C)c(C)c(=O)[nH]1,True,0.24144000000000015,-1.0159799999999999,0.46296296296296297,False,False
3.0,bin,1,-0.9854800075292587,-1.1407200038433074,-0.83024001121521,158879,COc1ccc(CC(=O)OCC(=O)c2c[nH]c3ccccc23)cc1,3.145100000000001,NS(=O)(=O)CC=C1C=CC(CC(=O)OCC(=O)c2c[nH]c3ccccc23)=C1,True,1.995,-1.150100000000001,0.5,False,True
3.0,bin,1,-0.9854800075292587,-1.1407200038433074,-0.83024001121521,232056,COCCNC(=O)c1cc(=O)c2cc(C)ccc2o1,1.4776199999999993,NS(=O)(=O)CCNC(=O)c1cc(=O)c2cc(Cl)ccc2o1,True,0.4647000000000004,-1.012919999999999,0.5185185185185185,False,True
3.0,bin,1,-0.9854800075292587,-1.1407200038433074,-0.83024001121521,235788,O=C(Cn1nc(-c2ccco2)oc1=O)NCC(F)(F)F,0.7747999999999999,NC(=O)CCCNC(=O)Cn1nc(-c2ccco2)oc1=O,True,-0.5220000000000009,-1.2968000000000008,0.6666666666666666,False,True
3.0,bin,1,-0.9854800075292587,-1.1407200038433074,-0.83024001121521,236081,CC(=O)c1c(C)[nH]c(C(=O)CSc2nc(C(C)C)n[nH]2)c1C,3.0506400000000014,COC(=O)c1c(C)[nH]c(C(=O)CSc2ncn[nH]2)c1C,True,1.51124,-1.5394000000000014,0.4576271186440678,False,False
3.0,bin,1,-0.9854800075292587,-1.1407200038433074,-0.83024001121521,281081,O=C(Cn1cccn1)NCc1cccnc1Oc1ccc(F)cc1F,2.665000000000001,NC(=O)c1ccc(Oc2ncccc2CNC(=O)Cn2cccn2)cc1,True,1.4856999999999994,-1.1793000000000016,0.6190476190476191,False,True
3.0,bin,1,-0.9854800075292587,-1.1407200038433074,-0.83024001121521,284170,COc1ccc(-c2nc(CC(=O)Nc3cccc(C)n3)cs2)cc1,3.7033200000000024,NC(=O)c1cccc(NC(=O)Cc2csc(-c3ccc(F)cc3)n2)n1,True,2.6243000000000007,-1.0790200000000016,0.576271186440678,False,True
3.0,bin,1,-0.9854800075292587,-1.1407200038433074,-0.83024001121521,288369,Cc1ccc(NCc2nnc3n2CCCCC3)cc1C,3.2334400000000016,Nc1cc(F)cc(NCc2nnc3n2CCCCC3)c1,True,2.3379000000000003,-0.8955400000000013,0.5769230769230769,False,True
3.0,bin,1,-0.9854800075292587,-1.1407200038433074,-0.83024001121521,302889,COc1ccc(OC)c(NC(=O)CCNC(=O)c2cccs2)c1,2.5239000000000003,NS(=O)(=O)c1ccc(Cl)c(NC(=O)CCNC(=O)c2cccs2)c1,True,1.8075,-0.7164000000000001,0.5161290322580645,False,True
3.0,bin,1,-0.9854800075292587,-1.1407200038433074,-0.83024001121521,327141,COc1ccc(OC)c(S(=O)(=O)Nc2ccn(C)n2)c1,1.2381,Cn1ccc(NS(=O)(=O)c2ccc(S(N)(=O)=O)cc2)n1,True,-0.1317000000000001,-1.3698000000000001,0.4791666666666667,False,False
3.0,bin,1,-0.9854800075292587,-1.1407200038433074,-0.83024001121521,327382,CNC(=O)C1CN(C(=O)c2c(C)noc2C)c2ccccc2O1,1.4452399999999996,Cc1noc(C)c1C(=O)N1c2ccccc2OC1CCS(N)(=O)=O,True,1.3353400000000002,-0.10989999999999944,0.46875,False,True
3.0,bin,1,-0.9854800075292587,-1.1407200038433074,-0.83024001121521,406491,COCCNC(=O)C1CCCN(S(=O)(=O)N2CCOCC2)C1,-0.9619999999999964,NS(=O)(=O)NC1CCCN(S(=O)(=O)N2CCOCC2)C1,True,-2.1790999999999956,-1.2170999999999992,0.4444444444444444,False,True
3.0,bin,1,-0.9854800075292587,-1.1407200038433074,-0.83024001121521,413951,O=C(Cn1ncn2cccc2c1=O)N1CCCCCC1,0.8985999999999996,NC(=O)C1CCN(C(=O)Cn2ncn3cccc3c2=O)CC1,True,-0.7800999999999996,-1.6786999999999992,0.7142857142857143,False,True
3.0,bin,1,-0.9854800075292587,-1.1407200038433074,-0.83024001121521,427929,CCNc1nc(NCc2ccccc2Cl)c2cnn(C)c2n1,3.060600000000001,OCCNc1nc(NCc2ccccc2Cl)c2cn[nH]c2n1,True,2.0225999999999997,-1.0380000000000011,0.4666666666666667,False,True
3.0,bin,1,-0.9854800075292587,-1.1407200038433074,-0.83024001121521,447130,CCC(NC(=O)C1CCN(C(=O)C2CC2)CC1)c1ccc(C)cc1,3.2109200000000016,O=C(NCc1ccccc1)C1CCN(C(=O)C2CC2)CC1,True,1.9513999999999998,-1.2595200000000017,0.46153846153846156,False,False
3.0,bin,1,-0.9854800075292587,-1.1407200038433074,-0.83024001121521,481908,CCNS(=O)(=O)c1ccc(C)c(C(=O)Nc2ncccc2C)c1,2.24894,NS(=O)(=O)c1ccc(F)c(C(=O)Nc2ncccc2F)c1,True,1.2595000000000003,-0.9894399999999999,0.4482758620689655,False,True
3.0,bin,1,-0.9854800075292587,-1.1407200038433074,-0.83024001121521,485220,Cc1nn(CC(=O)N2CCN(C)CC2)c(C)c1Br,1.03644,O=C1CN(CCO)CCc2ccn(n2)C1,True,-0.6974000000000007,-1.7338400000000007,0.1694915254237288,False,True
3.0,bin,1,-0.9854800075292587,-1.1407200038433074,-0.83024001121521,526363,Cc1nnc(SCC(=O)Nc2ccc(O)cc2)n(N)c1=O,0.09692,NC(=O)c1nnc(SCC(=O)Nc2ccccc2)n(N)c1=O,True,-0.8182000000000003,-0.9151200000000003,0.5961538461538461,False,True
3.0,bin,1,-0.9854800075292587,-1.1407200038433074,-0.83024001121521,536853,COc1ccc(C2CCCN2C(=O)C2CCC2)c(OC)c1,3.1674000000000015,CN(Cc1ccc(C2CCCN2C(=O)C2CCC2)cc1)S(N)(=O)=O,True,1.7855,-1.3819000000000015,0.4098360655737705,False,True
3.0,bin,1,-0.9854800075292587,-1.1407200038433074,-0.83024001121521,540312,Cc1nn(C)c2nc(C3CC3)cc(C(=O)NCC(=O)NC(C)(C)C)c12,1.7986199999999997,COCCNC(=O)CNC(=O)c1cc(C2CC2)nc2c1c(C)nn2C,True,0.64652,-1.1520999999999997,0.7288135593220338,False,True
3.0,bin,1,-0.9854800075292587,-1.1407200038433074,-0.83024001121521,544381,Cc1nc(N2CCCC(C(=O)NC(C)C)C2)c2c(C)c(C)oc2n1,2.8890600000000006,COC(=O)CNc1ncnc2oc(C)c(C)c12,True,1.4245399999999997,-1.464520000000001,0.25,False,True
3.0,bin,1,-0.9854800075292587,-1.1407200038433074,-0.83024001121521,544382,CCCNC(=O)C1CCCN(c2nc(C)nc3oc(C)c(C)c23)C1,2.8906600000000013,COCCNC(=O)C1CCN(c2nc(C)nc3oc(C)cc23)CC1,True,1.8186399999999991,-1.0720200000000022,0.43661971830985913,False,True
3.0,bin,1,-0.9854800075292587,-1.1407200038433074,-0.83024001121521,550049,Cc1ccc(C)c(OCC(=O)Nc2cccc(-n3cnnc3)c2)c1,2.9016400000000013,Nc1ccccc1OCC(=O)Nc1cccc(-n2cnnc2)c1,True,1.867,-1.0346400000000013,0.6666666666666666,False,True
3.0,bin,1,-0.9854800075292587,-1.1407200038433074,-0.83024001121521,573533,Cc1nn(-c2ncc(C(F)(F)F)cc2Cl)c(=O)o1,2.2011199999999995,COC(=O)c1ccc(-n2nc(C)oc2=O)nc1Cl,True,0.9689199999999999,-1.2321999999999997,0.3448275862068966,False,True
3.0,bin,1,-0.9854800075292587,-1.1407200038433074,-0.83024001121521,582555,O=C(NCC(O)c1ccccc1)c1ccc2c(=O)n3c(nc2c1)CCC3,1.8061000000000003,NS(=O)(=O)CCC1=NC=C(C(=O)NCC(O)c2ccccc2)C=CC1,True,0.7996000000000011,-1.006499999999999,0.3246753246753247,False,True
3.0,bin,1,-0.9854800075292587,-1.1407200038433074,-0.83024001121521,588547,Cc1n[nH]c(C)c1NC(=O)CCc1ccc(Cl)cc1Cl,3.9046400000000023,COc1ccc(CCC(=O)Nc2c(C)n[nH]c2C)cc1OC,True,2.6150400000000005,-1.2896000000000019,0.5454545454545454,False,True
3.0,bin,1,-0.9854800075292587,-1.1407200038433074,-0.83024001121521,607673,CCCN(CC1CC1)S(=O)(=O)c1ccccc1F,2.636400000000001,N#CCN(CC1CC1)S(=O)(=O)c1ccccc1N,True,1.19308,-1.443320000000001,0.46,False,True
3.0,bin,1,-0.9854800075292587,-1.1407200038433074,-0.83024001121521,617681,Cc1cc(C(=O)Nc2nc(-c3ccncc3)cs2)nn1C(C)C,3.5432200000000016,Cn1ccc(C(=O)Nc2nc(-c3ccncc3)cs2)n1,True,2.1909,-1.3523200000000015,0.6111111111111112,False,False
3.0,bin,1,-0.9854800075292587,-1.1407200038433074,-0.83024001121521,650267,COc1ccc2oc(C(=O)NC3CCCCNC3=O)c(C)c2c1,2.14832,NC(=O)C=CC=COC(=O)C(=O)NC1CCCCNC1,True,-0.6568999999999998,-2.80522,0.18181818181818182,False,True
3.0,bin,1,-0.9854800075292587,-1.1407200038433074,-0.83024001121521,668639,Cc1cc(NC(=O)c2ccccc2Cl)ncc1N,2.8779200000000005,N#Cc1cc(C(=O)Nc2cc(C#N)c(F)cn2)ccc1N,True,1.7985599999999997,-1.0793600000000008,0.3389830508474576,False,True
3.0,bin,1,-0.9854800075292587,-1.1407200038433074,-0.83024001121521,673160,CCC(=O)Nc1ccc2oc(C(F)(F)F)cc(=O)c2c1,3.160300000000001,COCCNC(=O)Nc1ccc2oc(C)cc(=O)c2c1,True,1.8693199999999996,-1.2909800000000016,0.43103448275862066,False,True
3.0,bin,1,-0.9854800075292587,-1.1407200038433074,-0.83024001121521,711169,Cc1cccc(C(C)C)c1NC(=O)N(C)Cc1ccncc1,4.177320000000003,COc1ccc(NC(=O)N(C)Cc2ccncc2)c(OC)c1OC,True,2.771300000000001,-1.4060200000000016,0.45614035087719296,False,True
3.0,bin,1,-0.9854800075292587,-1.1407200038433074,-0.83024001121521,720969,Cc1noc(C)c1CCC(=O)OCC(=O)N1c2ccccc2CC1C,2.7450400000000013,Nc1noc(F)c1CCC(=O)OCC(=O)N1CCc2ccccc21,True,1.4609999999999996,-1.2840400000000016,0.4444444444444444,False,True
3.0,bin,1,-0.9854800075292587,-1.1407200038433074,-0.83024001121521,730789,COC(=O)C1CCN(C(=O)c2cc3ccc(F)cc3nc2C)CC1,2.7075200000000006,Cc1nc2ccccc2cc1C(=O)N(C)CCCC(N)=O,True,1.88072,-0.8268000000000006,0.26865671641791045,False,True
3.0,bin,1,-0.9854800075292587,-1.1407200038433074,-0.83024001121521,738178,Cc1ccc(-n2ccnc2SCc2nc(C3CC3)no2)cc1C,4.041840000000003,N#Cc1ccc(-n2ccnc2SCc2nc(C3CC3)no2)cc1,True,3.296680000000001,-0.745160000000002,0.6964285714285714,False,True
3.0,bin,1,-0.9854800075292587,-1.1407200038433074,-0.83024001121521,771897,COc1ccccc1OCC(=O)N(C)Cc1sccc1C,3.102520000000002,CN(Cc1sccc1C(N)=O)C(=O)COc1ccccc1F,True,2.0235000000000003,-1.0790200000000016,0.5925925925925926,False,True
3.0,bin,1,-0.9854800075292587,-1.1407200038433074,-0.83024001121521,811446,COC(=O)C1(NC(=O)c2cc(Br)c[nH]2)CCCCCC1,2.7730000000000006,CCCCCC(NC(=O)c1cc(Br)c[nH]1)C(N)=O,True,1.9411999999999998,-0.8318000000000008,0.3684210526315789,False,True
3.0,bin,1,-0.9854800075292587,-1.1407200038433074,-0.83024001121521,848291,CCC(C)NC(=O)NCc1noc(-c2cccs2)n1,2.3958000000000004,CCS(=O)(=O)N(C)CC(=O)NCc1noc(-c2cccs2)n1,True,0.6958000000000004,-1.7,0.5833333333333334,False,True
3.0,bin,1,-0.9854800075292587,-1.1407200038433074,-0.83024001121521,863440,COc1ccc(-c2nc(CCCO)cs2)cc1OC,2.752200000000001,Cc1csc(-c2ccc(OCCNS(C)(=O)=O)cc2)n1,True,2.04652,-0.705680000000001,0.25806451612903225,False,True
3.0,bin,1,-0.9854800075292587,-1.1407200038433074,-0.83024001121521,864663,N#Cc1ccc(-c2cc(F)ccc2F)nc1N1CCCC1,3.498680000000002,CS(=O)(=O)NCCC=C1C=CN2C(=CC=C(C#N)CN3CCCC3)C2=C1,True,2.0085800000000003,-1.4901000000000018,0.13095238095238096,False,True
3.0,bin,1,-0.9854800075292587,-1.1407200038433074,-0.83024001121521,872100,CCc1cccc(C)c1NCC(O)c1ccc2c(c1)OCCO2,3.474120000000002,N#CCOc1cccc(NCC(O)c2ccc3c(c2)OCCO3)c1,True,2.50568,-0.968440000000002,0.4838709677419355,False,True
3.0,bin,1,-0.9854800075292587,-1.1407200038433074,-0.83024001121521,886334,COc1ccc(C(=O)N2CCCC(C(=O)N3CCCCC3)C2)c(O)c1,2.2655000000000003,C=CC(=CC=CS(N)(=O)=O)C(=O)N1CCCC(C(=O)N2CCCCC2)C1,True,1.1521000000000001,-1.1134000000000002,0.34375,False,True
3.0,bin,1,-0.9854800075292587,-1.1407200038433074,-0.83024001121521,887387,COCCNC(=O)N(Cc1cccc(F)c1)CC1CCCO1,2.1627,NS(=O)(=O)N(Cc1cccc(F)c1)C1CCCO1,True,0.9677000000000004,-1.1949999999999996,0.4307692307692308,False,True
3.0,bin,1,-0.9854800075292587,-1.1407200038433074,-0.83024001121521,889149,N#Cc1ccc(NC(=O)c2ccc(Br)cc2Cl)nc1,3.621480000000001,C=CCNC(=O)c1ccccc1C(=O)Nc1ccc(C#N)cn1,True,2.12138,-1.500100000000001,0.5,False,True
3.0,bin,1,-0.9854800075292587,-1.1407200038433074,-0.83024001121521,913483,O=C(CNC(=O)NCCc1c(Cl)cccc1Cl)NC1CC1,2.1137000000000006,CC1CC1C(=O)CNC(=O)NC1C=CC=C(N)C1O,True,-0.3473999999999991,-2.4610999999999996,0.2153846153846154,False,True
3.0,bin,1,-0.9854800075292587,-1.1407200038433074,-0.83024001121521,917620,C=CCN(Cc1ccccc1OC)C(=O)c1csc(C)n1,3.288520000000002,COC(=O)CN(Cc1ccc(OC)cc1)C(=O)c1csc(C)n1,True,2.27552,-1.0130000000000017,0.45901639344262296,False,True
3.0,bin,1,-0.9854800075292587,-1.1407200038433074,-0.83024001121521,918312,CCOc1ccc(Cl)c(C(=O)N2CCN(c3ncccn3)CC2)n1,1.8860999999999997,N#Cc1ccnc(N2CCN(C(=O)c3ccccn3)CC2)n1,True,0.7056799999999999,-1.1804199999999998,0.4098360655737705,False,True
3.0,bin,1,-0.9854800075292587,-1.1407200038433074,-0.83024001121521,922879,CC(=O)c1ccc(N2CCN(Cc3c(F)cccc3F)CC2)cc1,3.489600000000003,CS(=O)(=O)Nc1ccc(CN2CCN(c3ccc(F)cc3)CC2)cc1,True,2.519400000000001,-0.970200000000002,0.38181818181818183,False,True
3.0,bin,1,-0.9854800075292587,-1.1407200038433074,-0.83024001121521,927535,COc1cc(CN2CCN(c3ccccc3F)CC2)ccc1O,2.862100000000002,NS(=O)(=O)NCc1ccc(CN2CCN(c3ccccc3F)CC2)cc1,True,1.4409999999999998,-1.4211000000000023,0.509090909090909,False,True
3.0,bin,1,-0.9854800075292587,-1.1407200038433074,-0.83024001121521,927567,Cc1ccccc1N1CCN(Cc2cccc(O)c2)CC1,3.022820000000001,NS(=O)(=O)c1cc(CN2CCN(c3ccccc3F)CC2)ccc1F,True,1.9344,-1.0884200000000013,0.4,False,True
3.0,bin,1,-0.9854800075292587,-1.1407200038433074,-0.83024001121521,938108,CC(c1ccccc1)N(C)C(=O)CCC(=O)Nc1nccs1,3.0814000000000012,O=C(CCC(=O)Nc1nccs1)NCc1ccccc1,True,2.1782000000000004,-0.9032000000000009,0.5576923076923077,False,True
3.0,bin,1,-0.9854800075292587,-1.1407200038433074,-0.83024001121521,943303,CN(CCCOc1ccccc1)C(=O)Nc1cccc2c1OCCO2,3.390600000000002,NC(=O)c1ccc(OCCCNC(=O)Nc2cccc3c2OCCO3)cc1,True,2.1472999999999995,-1.2433000000000023,0.5238095238095238,False,True
3.0,bin,1,-0.9854800075292587,-1.1407200038433074,-0.83024001121521,946289,CC(NC(=O)C1(c2cc(-c3ccco3)on2)CC1)c1ccccc1,3.843600000000002,C=CC1C(=CC=CNC(N)=O)CNC(=O)C2(c3ccco3)CC2C1=CC=CC,True,3.0802000000000014,-0.7634000000000007,0.1827956989247312,False,True
3.0,bin,1,-0.9854800075292587,-1.1407200038433074,-0.83024001121521,994077,Cc1nnc(Cn2c(-c3cccc(Br)c3)noc2=O)o1,2.0055199999999997,COC(=O)c1ccc(-c2noc(=O)n2Cc2nnc(C)o2)cc1,True,1.0296199999999995,-0.9759000000000002,0.5714285714285714,False,True
3.0,bin,1,-0.9854800075292587,-1.1407200038433074,-0.83024001121521,1065620,O=C(NCc1cccnc1Oc1ccccc1)c1cccnc1,3.198900000000002,C=CC=CC=COc1ncccc1C(=O)NCCCN(C)S(N)(=O)=O,True,0.9715,-2.227400000000002,0.24675324675324675,False,True
3.0,bin,1,-0.9854800075292587,-1.1407200038433074,-0.83024001121521,1093926,CN(C(=O)CNc1cccc(OCC2CCCO2)c1)c1ccccc1,3.319300000000002,NC(=O)c1ccccc1NCC(=O)Nc1cccc(OCC2CCCO2)c1,True,2.3939000000000004,-0.9254000000000016,0.5507246376811594,False,True
3.0,bin,1,-0.9854800075292587,-1.1407200038433074,-0.83024001121521,1107920,CCc1ccc(-n2cc(C(=O)NC(C)c3ccccc3)nn2)cc1,3.320700000000002,N#Cc1cccc(CNC(=O)c2cn(-c3ccccc3)nn2)c1,True,2.06898,-1.2517200000000024,0.42857142857142855,False,True
3.0,bin,1,-0.9854800075292587,-1.1407200038433074,-0.83024001121521,1113130,CC(NC(=O)Cn1nnnc1C(C)(C)C)c1cccc2ccccc12,3.0012000000000016,COCc1nnnn1CC(=O)NC(C)c1cccc2ccccc12,True,1.8500999999999994,-1.1511000000000022,0.6785714285714286,False,True
3.0,bin,1,-0.9854800075292587,-1.1407200038433074,-0.83024001121521,1121751,COC(=O)Cn1ccc(NS(=O)(=O)c2ccc(F)c(F)c2F)n1,1.2742,NC(=O)Cn1ccc(NS(=O)(=O)c2cc(N)ccc2F)n1,True,-0.10950000000000076,-1.3837000000000008,0.543859649122807,False,True
3.0,bin,1,-0.9854800075292587,-1.1407200038433074,-0.83024001121521,1142531,CCOC(C)C(=O)NCCc1csc(-c2ccc(C)cc2)n1,3.2022200000000014,NC(=O)NCCC(=O)NCCc1csc(-c2ccc(Cl)cc2)n1,True,2.1806,-1.0216200000000013,0.45161290322580644,False,True
3.0,bin,1,-0.9854800075292587,-1.1407200038433074,-0.83024001121521,1212157,CN(Cc1ccc(F)c(F)c1)C(=O)c1cncc(-c2cnn(C)c2)c1,3.0325000000000015,Nc1cncc(C(=O)NCc2ccc(O)c(-c3cn[nH]c3)c2)c1,True,1.6894999999999998,-1.3430000000000017,0.21518987341772153,False,True
3.0,bin,1,-0.9854800075292587,-1.1407200038433074,-0.83024001121521,1215394,CCn1nc(C)cc1C(=O)Oc1cccc(NC(=O)C(C)C)c1,3.025120000000001,CCn1nc(C)cc1C(=O)Oc1ccc(CC(N)=O)cc1,True,1.4584199999999998,-1.5667000000000013,0.5172413793103449,False,True
3.0,bin,1,-0.9854800075292587,-1.1407200038433074,-0.83024001121521,1232922,CC(C)(C)OC(=O)NC1CCCN(S(=O)(=O)N2CCOCC2)C1,0.5525000000000011,CCNC(=O)C1CCCN(S(=O)(=O)N2CCOCC2)C1,True,-0.588499999999998,-1.1409999999999991,0.5,False,False
3.0,bin,1,-0.9854800075292587,-1.1407200038433074,-0.83024001121521,1238973,FC(F)(F)c1cnc(N2CCn3c(nnc3C3CC3)C2)c(Cl)c1,3.2429000000000023,CCCc1nncn1CCNc1ncc(C#N)cc1Cl,True,2.2627800000000002,-0.9801200000000021,0.13580246913580246,False,True
3.0,bin,1,-0.9854800075292587,-1.1407200038433074,-0.83024001121521,1299495,Cc1cc(CC(=O)N2CCCC2C(C#N)c2ccccc2)no1,2.823900000000001,N#CC(c1ccccc1)C1CCCN1C(=O)Cc1cc(C(N)=O)on1,True,1.61438,-1.209520000000001,0.7627118644067796,False,True
3.0,bin,1,-0.9854800075292587,-1.1407200038433074,-0.83024001121521,1309906,CC(C)CC(NC(=O)c1cc(=O)c2ccccc2o1)C(=O)OC(C)C,2.8891000000000018,CCOC(=O)CN(C(=O)c1cc(=O)c2ccccc2o1)C(C)C,True,2.2066999999999997,-0.6824000000000021,0.45901639344262296,False,True
3.0,bin,1,-0.9854800075292587,-1.1407200038433074,-0.83024001121521,1362816,COCc1cccc(C(=O)NC2CC2c2cccc(Cl)c2)c1,3.772300000000002,COc1cccc(C2CC2NC(=O)c2ccc(C#N)cc2)c1,True,2.852780000000001,-0.9195200000000012,0.46774193548387094,False,True
3.0,bin,1,-0.9854800075292587,-1.1407200038433074,-0.83024001121521,1441838,COCC(=O)NC(C(=O)Nc1cccc(-c2nccs2)c1)C(C)C,2.5358,CN(CC(=O)O)CC(=O)Nc1cccc(-c2nccs2)c1S,True,2.0536999999999996,-0.4821000000000004,0.32432432432432434,False,True
3.0,bin,1,-0.9854800075292587,-1.1407200038433074,-0.83024001121521,1450449,CCCNC(=O)CSc1nc2c(cc1C#N)CCCC2,2.450380000000001,CS(=O)(=O)C1CCCc2nc(N)c(C#N)cc21,True,0.9574800000000001,-1.4929000000000008,0.26865671641791045,False,True
3.0,bin,1,-0.9854800075292587,-1.1407200038433074,-0.83024001121521,1451910,O=S(=O)(NCc1nnc2ccccn12)c1ccc(F)c(F)c1,1.4859999999999995,NC(=O)c1c(F)cccc1S(=O)(=O)NCc1nnc2ccccn12,True,0.4457999999999998,-1.0401999999999998,0.5789473684210527,False,True
3.0,bin,1,-0.9854800075292587,-1.1407200038433074,-0.83024001121521,1479798,Cc1nc(C)c(CCC(=O)N(CC(C)C)CC(F)(F)F)c(=O)[nH]1,2.3662400000000003,CC=NC(C)=C(F)CCC(=O)NCC(F)F,True,2.4396000000000004,0.07336000000000009,0.1323529411764706,False,True
3.0,bin,1,-0.9854800075292587,-1.1407200038433074,-0.83024001121521,1507926,COC(=O)C(C)NC(=O)Cc1csc(-c2ccccc2Cl)n1,2.6837,CS(=O)(=O)NCCNC(=O)Cc1csc(-c2ccccc2Cl)n1,True,1.6713999999999996,-1.0123000000000004,0.5689655172413793,False,True
3.0,bin,1,-0.9854800075292587,-1.1407200038433074,-0.83024001121521,1527882,Nc1ncccc1C(=O)Nc1ccc2cn[nH]c2c1,1.7923999999999998,NS(=O)(=O)c1ccc(C(=O)Nc2ccc3cn[nH]c3c2)c(F)n1,True,0.9966999999999999,-0.7956999999999999,0.543859649122807,False,True
3.0,bin,1,-0.9854800075292587,-1.1407200038433074,-0.83024001121521,1532848,COc1ccc(-c2ccc3c(=O)[nH]cnc3c2)cc1Cl,3.2521000000000013,COC(=O)c1cc(OC)ccc1-c1ccc2c(=O)[nH]cnc2c1,True,2.3853,-0.8668000000000013,0.509090909090909,False,True
3.0,bin,1,-0.9854800075292587,-1.1407200038433074,-0.83024001121521,1548351,COc1cc(OC)c2c(c1)C(c1cnccn1)NCC2,1.7288999999999999,CC(CNS(N)(=O)=O)(NCCc1ccccc1)c1cnccn1,True,0.31720000000000237,-1.4116999999999975,0.1643835616438356,False,True
3.0,bin,1,-0.9854800075292587,-1.1407200038433074,-0.83024001121521,1570134,COc1cccc(C(C)N2CCN(C(=O)c3ccc(O)cc3)CC2)c1,2.9198000000000013,NC(=O)C(c1cccc(O)c1)N1CCN(Cc2ccccc2)CC1,True,1.7364,-1.1834000000000013,0.2923076923076923,False,True
3.0,bin,1,-0.9854800075292587,-1.1407200038433074,-0.83024001121521,1611406,CC(C)(C)N1CC(NC(=O)C2COc3ccc(F)cc3C2)CC1=O,1.8923999999999994,COCCNC1C(=O)CC1NC(=O)C1COc2ccc(OC)cc2C1,True,0.30850000000000044,-1.583899999999999,0.38666666666666666,False,True
3.0,bin,1,-0.9854800075292587,-1.1407200038433074,-0.83024001121521,1612684,CCCC1CN(C(=O)Nc2ccn(CCC(C)C)n2)CCO1,2.9620000000000015,O=C(Nc1cc[nH]n1)N1CCOC(CC(F)(F)F)C1,True,1.5947999999999998,-1.3672000000000017,0.4264705882352941,False,True
3.0,bin,1,-0.9854800075292587,-1.1407200038433074,-0.83024001121521,1639675,CCC(CC)c1nnc(NC(=O)c2scnc2C2CC2)s1,4.0279000000000025,C=CCOCC=NN=C(S)NC(=O)c1scnc1C1CC1,True,2.2245,-1.8034000000000026,0.3939393939393939,False,True
3.0,bin,1,-0.9854800075292587,-1.1407200038433074,-0.83024001121521,1675660,COc1ccnc(NC(=O)c2cccc(Cl)c2)c1,2.9959000000000007,CNS(=O)(=O)C=C1C(Cl)=CC(=O)NC1NC(=O)c1cc(C)cc(C)n1,True,0.43994,-2.5559600000000007,0.15584415584415584,False,True
3.0,bin,1,-0.9854800075292587,-1.1407200038433074,-0.83024001121521,1689728,CCc1noc(CSc2ncnc3sc(C)cc23)n1,3.237420000000002,CNC(=O)CCc1noc(CSc2ncnc3sccc23)n1,True,2.0451999999999995,-1.1922200000000025,0.46153846153846156,False,True
3.0,bin,1,-0.9854800075292587,-1.1407200038433074,-0.83024001121521,1720876,CC(C)(C)CC(=O)NCC(=O)Nc1ccc2c(c1)COC2,2.2077,COCCOCC(=O)Nc1ccc2c(c1)COC2,True,1.3182999999999998,-0.8894000000000002,0.5294117647058824,False,False
3.0,bin,1,-0.9854800075292587,-1.1407200038433074,-0.83024001121521,1757109,CC(C)Cc1ncc(CNc2ccc3c(c2)COC3)s1,3.983900000000003,COC(=O)NC=NC=C(S)CNc1ccc2c(c1)COC2,True,2.2842000000000002,-1.6997000000000027,0.3283582089552239,False,True
3.0,bin,1,-0.9854800075292587,-1.1407200038433074,-0.83024001121521,1774061,O=C1NCCCc2[nH]c(-c3cccc4[nH]ccc34)nc21,2.234,NCCCc1cnc(C2CNc3ccc(C(N)=O)cc32)[nH]1,True,0.9572999999999996,-1.2767000000000004,0.12658227848101267,False,True
3.0,bin,1,-0.9854800075292587,-1.1407200038433074,-0.83024001121521,1800687,Cc1nn(C)c(-c2nc(-c3cccnn3)no2)c1Cl,1.8889199999999997,CN(C)C(=O)COc1ccc(-c2nc(-c3c(Cl)cnn3C)no2)nn1,True,1.0474999999999997,-0.8414200000000001,0.2876712328767123,False,True
3.0,bin,1,-0.9854800075292587,-1.1407200038433074,-0.83024001121521,1815867,FC(F)(F)c1ccc(CN2CCOCC2c2ncon2)cc1,2.661900000000001,Oc1cccc(F)c1CN1CCOCC1c1ncon1,True,1.4877999999999998,-1.1741000000000013,0.5689655172413793,False,True
3.0,bin,1,-0.9854800075292587,-1.1407200038433074,-0.83024001121521,1828580,Cc1ccc(N2CC3OCC(=O)N(Cc4cccc(F)c4)C3C2)nn1,1.54032,C=CC(=CC=CC(N)=O)C1NC(=O)C2OCCN(c3cccnn3)C12,True,-0.29729999999999857,-1.8376199999999985,0.14432989690721648,False,True
3.0,bin,1,-0.9854800075292587,-1.1407200038433074,-0.83024001121521,1836183,CCc1ccc(C(=O)NCc2nccc(N(C)C)n2)cc1,2.035,Cc1ccnc(CNC(=O)c2cccc(SCC(N)=O)c2)n1,True,1.29242,-0.7425800000000002,0.38095238095238093,False,True
3.0,bin,1,-0.9854800075292587,-1.1407200038433074,-0.83024001121521,1842499,COc1ccccc1COc1ccccc1-c1cnn(CCO)c1,3.1300000000000017,CN(CCO)N=CCc1ccccc1OCC1=CC=CS(=O)(=O)N1,True,0.8483999999999996,-2.281600000000002,0.24,False,True
3.0,bin,1,-0.9854800075292587,-1.1407200038433074,-0.83024001121521,1865564,COC(CNC(=O)c1ccoc1)c1cccc(F)c1,2.536200000000001,NS(=O)(=O)CC(CNC(=O)c1ccoc1)c1cccc(Cl)c1,True,1.7351000000000003,-0.8011000000000006,0.47540983606557374,False,True
3.0,bin,1,-0.9854800075292587,-1.1407200038433074,-0.83024001121521,1868773,CCCOc1ccc(Cl)c2c1CCNC2C1CC(=O)C1,3.2947000000000015,O=C1CC(C2NCCc3ccc(F)cc32)CN1,True,1.1485999999999998,-2.1461000000000015,0.24242424242424243,False,True
3.0,bin,1,-0.9854800075292587,-1.1407200038433074,-0.83024001121521,1873123,CCC1OC(=O)c2c(OC)ccc(Br)c21,3.079200000000002,COC(=O)C1OC(=O)c2c(OC)ccc(Br)c21,True,1.8422,-1.2370000000000019,0.6046511627906976,False,True
3.0,bin,1,-0.9854800075292587,-1.1407200038433074,-0.83024001121521,1875028,Cc1cccc(C)c1NCC(=O)N1CCCC2CCCCC21,3.8965400000000034,CC1CCCCC1CCNC(=O)CNC1NC(=O)C=CC=C1Cl,True,2.0434,-1.8531400000000033,0.1917808219178082,False,True
3.0,bin,1,-0.9854800075292587,-1.1407200038433074,-0.83024001121521,1895921,CCC(CC)N(C)C(=O)CC1OC(=O)c2ccccc21,2.935200000000002,CCOCCCNC(=O)CC1OC(=O)c2ccccc21,True,1.8310000000000002,-1.1042000000000016,0.5,False,True
3.0,bin,1,-0.9854800075292587,-1.1407200038433074,-0.83024001121521,1907077,Cc1ccc2[nH]nc(C(=O)Nc3nc(-c4ccco4)cs3)c2c1,3.8401200000000015,Cc1nc(NC(=O)c2n[nH]c3ccc(F)cc23)sc1C(N)=O,True,1.8181199999999997,-2.022000000000002,0.43478260869565216,False,True
3.0,bin,1,-0.9854800075292587,-1.1407200038433074,-0.83024001121521,1913063,Cc1nn(C)c(C)c1CN(C(=O)c1cn2cccc(C)c2n1)C1CC1,2.797860000000001,Cn1cc(CN(C(=O)c2cn3ccccc3n2)C2CC2)cn1,True,1.8726,-0.9252600000000009,0.47058823529411764,False,True
3.0,bin,1,-0.9854800075292587,-1.1407200038433074,-0.83024001121521,1922265,CN(CCNC(=O)c1ccc2c(c1)ncn2C)c1ccccc1,2.4395000000000007,CN(CCNC(=O)c1ccc2c(c1)ncn2CC(N)=O)c1ccccc1,True,1.3877999999999997,-1.051700000000001,0.7321428571428571,False,True
3.0,bin,2,-0.7375200986862183,-0.83024001121521,-0.6448001861572266,32052,COc1ccccc1CNC(=O)Cc1c[nH]c2ccccc12,3.035400000000001,NC(=O)CCN(Cc1ccccc1)C(=O)Cc1c[nH]c2ccccc12,True,2.6145999999999994,-0.4208000000000016,0.38333333333333336,False,True
3.0,bin,2,-0.7375200986862183,-0.83024001121521,-0.6448001861572266,116747,COCCSc1ccccc1C(=O)Nc1cccc(C)n1,3.3808200000000017,CNC(=O)CCSc1ccccc1C(=O)Nc1cc(C)ccn1,True,2.870520000000001,-0.5103000000000009,0.4666666666666667,False,True
3.0,bin,2,-0.7375200986862183,-0.83024001121521,-0.6448001861572266,131060,CS(=O)(=O)NCCc1csc(-c2ccc(F)cc2)n1,2.0408999999999997,NS(=O)(=O)Cc1csc(-c2ccc(F)cc2)n1,True,1.7377000000000002,-0.30319999999999947,0.5777777777777777,False,True
3.0,bin,2,-0.7375200986862183,-0.83024001121521,-0.6448001861572266,131949,CCc1c(C)nc(SCC(=O)NC(C)C)[nH]c1=O,1.25742,COCCNC(=O)CSc1nc(C)c(C)c(=O)[nH]1,True,0.24144000000000015,-1.0159799999999999,0.46296296296296297,False,False
3.0,bin,2,-0.7375200986862183,-0.83024001121521,-0.6448001861572266,158879,COc1ccc(CC(=O)OCC(=O)c2c[nH]c3ccccc23)cc1,3.145100000000001,NC(=O)NC(C(=O)OCC(=O)c1c[nH]c2ccccc12)c1ccccc1,True,2.303400000000001,-0.8417000000000003,0.4745762711864407,False,True
3.0,bin,2,-0.7375200986862183,-0.83024001121521,-0.6448001861572266,232056,COCCNC(=O)c1cc(=O)c2cc(C)ccc2o1,1.4776199999999993,COc1ccc2oc(C(=O)NCCO)cc(=O)c2c1,True,0.5237,-0.9539199999999992,0.62,False,True
3.0,bin,2,-0.7375200986862183,-0.83024001121521,-0.6448001861572266,235788,O=C(Cn1nc(-c2ccco2)oc1=O)NCC(F)(F)F,0.7747999999999999,NC(=O)CCCCNC(=O)Cn1nc(-c2ccco2)oc1=O,True,-0.13190000000000057,-0.9067000000000005,0.6545454545454545,False,True
3.0,bin,2,-0.7375200986862183,-0.83024001121521,-0.6448001861572266,236081,CC(=O)c1c(C)[nH]c(C(=O)CSc2nc(C(C)C)n[nH]2)c1C,3.0506400000000014,COC(=O)c1c(C)[nH]c(C(=O)CSc2nc(C)n[nH]2)c1C,True,1.8196599999999998,-1.2309800000000015,0.5740740740740741,False,True
3.0,bin,2,-0.7375200986862183,-0.83024001121521,-0.6448001861572266,281081,O=C(Cn1cccn1)NCc1cccnc1Oc1ccc(F)cc1F,2.665000000000001,Nc1cccc(Oc2ncccc2CNC(=O)Cn2cccn2)c1,True,1.9689999999999999,-0.6960000000000011,0.6349206349206349,False,True
3.0,bin,2,-0.7375200986862183,-0.83024001121521,-0.6448001861572266,284170,COc1ccc(-c2nc(CC(=O)Nc3cccc(C)n3)cs2)cc1,3.7033200000000024,Nc1ccnc(NC(=O)Cc2csc(-c3ccccc3)n2)c1,True,2.9685000000000015,-0.7348200000000009,0.4838709677419355,False,True
3.0,bin,2,-0.7375200986862183,-0.83024001121521,-0.6448001861572266,288369,Cc1ccc(NCc2nnc3n2CCCCC3)cc1C,3.2334400000000016,N#CCOc1cccc(NCc2nnc3n2CCCCC3)c1,True,2.518980000000001,-0.7144600000000008,0.5614035087719298,False,True
3.0,bin,2,-0.7375200986862183,-0.83024001121521,-0.6448001861572266,302889,COc1ccc(OC)c(NC(=O)CCNC(=O)c2cccs2)c1,2.5239000000000003,NC(=O)c1ccc(NC(=O)CCNC(=O)c2cccs2)cc1F,True,1.744699999999999,-0.7792000000000012,0.4838709677419355,False,True
3.0,bin,2,-0.7375200986862183,-0.83024001121521,-0.6448001861572266,327141,COc1ccc(OC)c(S(=O)(=O)Nc2ccn(C)n2)c1,1.2381,CNC=CC1=NC(C(C)=CC=CS(=O)(=O)NC)S(=O)(=O)N1,True,-0.6136999999999988,-1.8517999999999988,0.09333333333333334,False,True
3.0,bin,2,-0.7375200986862183,-0.83024001121521,-0.6448001861572266,327382,CNC(=O)C1CN(C(=O)c2c(C)noc2C)c2ccccc2O1,1.4452399999999996,Cc1noc(C)c1C(=O)NCc1ccccc1O,True,1.9270399999999994,0.4817999999999998,0.36065573770491804,False,True
3.0,bin,2,-0.7375200986862183,-0.83024001121521,-0.6448001861572266,406491,COCCNC(=O)C1CCCN(S(=O)(=O)N2CCOCC2)C1,-0.9619999999999964,NS(=O)(=O)C1CCCN(S(=O)(=O)N2CCOCC2)C1,True,-1.6836999999999962,-0.7216999999999998,0.4423076923076923,False,True
3.0,bin,2,-0.7375200986862183,-0.83024001121521,-0.6448001861572266,413951,O=C(Cn1ncn2cccc2c1=O)N1CCCCCC1,0.8985999999999996,Nc1cccn(CC(=O)N2CCCCCC2)c1=O,True,0.8330999999999997,-0.06549999999999989,0.4897959183673469,False,True
3.0,bin,2,-0.7375200986862183,-0.83024001121521,-0.6448001861572266,427929,CCNc1nc(NCc2ccccc2Cl)c2cnn(C)c2n1,3.060600000000001,Cn1ncc2c(NCc3ccccc3)nc(NCC#N)nc21,True,1.91088,-1.149720000000001,0.5535714285714286,False,True
3.0,bin,2,-0.7375200986862183,-0.83024001121521,-0.6448001861572266,447130,CCC(NC(=O)C1CCN(C(=O)C2CC2)CC1)c1ccc(C)cc1,3.2109200000000016,O=C(NCc1ccc(Cl)cc1)C1CCN(C(=O)C2CC2)CC1,True,2.604800000000001,-0.6061200000000007,0.4444444444444444,False,False
3.0,bin,2,-0.7375200986862183,-0.83024001121521,-0.6448001861572266,481908,CCNS(=O)(=O)c1ccc(C)c(C(=O)Nc2ncccc2C)c1,2.24894,CNS(=O)(=O)c1cccc(C(=O)Nc2ncccc2C)c1,True,1.5504199999999995,-0.6985200000000007,0.5740740740740741,False,True
3.0,bin,2,-0.7375200986862183,-0.83024001121521,-0.6448001861572266,485220,Cc1nn(CC(=O)N2CCN(C)CC2)c(C)c1Br,1.03644,COC(=O)c1cccc(C(=O)N2CCN(C(C)C)CC2)n1,True,1.0343999999999998,-0.002040000000000264,0.18333333333333332,False,True
3.0,bin,2,-0.7375200986862183,-0.83024001121521,-0.6448001861572266,526363,Cc1nnc(SCC(=O)Nc2ccc(O)cc2)n(N)c1=O,0.09692,NC(=O)c1nnc(SCC(=O)Nc2ccccc2)n(N)c1=O,True,-0.8182000000000003,-0.9151200000000003,0.5961538461538461,False,True
3.0,bin,2,-0.7375200986862183,-0.83024001121521,-0.6448001861572266,536853,COc1ccc(C2CCCN2C(=O)C2CCC2)c(OC)c1,3.1674000000000015,NC(=O)c1cc(C2CCCN2C(=O)C2CCC2)ccc1F,True,2.3882000000000003,-0.7792000000000012,0.43859649122807015,False,True
3.0,bin,2,-0.7375200986862183,-0.83024001121521,-0.6448001861572266,540312,Cc1nn(C)c2nc(C3CC3)cc(C(=O)NCC(=O)NC(C)(C)C)c12,1.7986199999999997,CN(C)C(=O)CN(C)C(=O)c1cc(C2CC2)nc2c1cnn2C,True,1.0058999999999996,-0.7927200000000001,0.37142857142857144,False,True
3.0,bin,2,-0.7375200986862183,-0.83024001121521,-0.6448001861572266,544381,Cc1nc(N2CCCC(C(=O)NC(C)C)C2)c2c(C)c(C)oc2n1,2.8890600000000006,COCCNC(=O)C1CCN(c2nc(C)nc3oc(C)c(C)c23)CC1,True,2.1270599999999993,-0.7620000000000013,0.53125,False,False
3.0,bin,2,-0.7375200986862183,-0.83024001121521,-0.6448001861572266,544382,CCCNC(=O)C1CCCN(c2nc(C)nc3oc(C)c(C)c23)C1,2.8906600000000013,COCCNC(=O)C1CCN(c2nc(C)nc3oc(C)cc23)CC1,True,1.8186399999999991,-1.0720200000000022,0.43661971830985913,False,True
3.0,bin,2,-0.7375200986862183,-0.83024001121521,-0.6448001861572266,550049,Cc1ccc(C)c(OCC(=O)Nc2cccc(-n3cnnc3)c2)c1,2.9016400000000013,N#Cc1ccc(OCC(=O)Nc2cccc(-n3cnnc3)c2)cc1,True,2.15648,-0.7451600000000012,0.625,False,True
3.0,bin,2,-0.7375200986862183,-0.83024001121521,-0.6448001861572266,573533,Cc1nn(-c2ncc(C(F)(F)F)cc2Cl)c(=O)o1,2.2011199999999995,Cc1nn(-c2ncc(F)cc2OC(F)F)c(=O)o1,True,1.2694200000000002,-0.9316999999999993,0.4716981132075472,False,True
3.0,bin,2,-0.7375200986862183,-0.83024001121521,-0.6448001861572266,582555,O=C(NCC(O)c1ccccc1)c1ccc2c(=O)n3c(nc2c1)CCC3,1.8061000000000003,O=C1CCC(NC(=O)c2ccc3c(=O)n4c(nc3c2)OCCC4)N1,True,0.14489999999999986,-1.6612000000000005,0.39473684210526316,False,True
3.0,bin,2,-0.7375200986862183,-0.83024001121521,-0.6448001861572266,588547,Cc1n[nH]c(C)c1NC(=O)CCc1ccc(Cl)cc1Cl,3.9046400000000023,CNc1n[nH]c(C)c1NC(=O)CCc1ccc(Cl)cc1,True,2.9845200000000007,-0.9201200000000016,0.5370370370370371,False,True
3.0,bin,2,-0.7375200986862183,-0.83024001121521,-0.6448001861572266,607673,CCCN(CC1CC1)S(=O)(=O)c1ccccc1F,2.636400000000001,O=S(=O)(c1ccccc1F)N(CCO)CC1CC1,True,1.2187000000000001,-1.4177000000000008,0.7560975609756098,False,True
3.0,bin,2,-0.7375200986862183,-0.83024001121521,-0.6448001861572266,617681,Cc1cc(C(=O)Nc2nc(-c3ccncc3)cs2)nn1C(C)C,3.5432200000000016,CC1=COCC(NC(=O)CC=C(N)c2ccncc2)=N1,True,1.1774999999999995,-2.3657200000000023,0.19736842105263158,False,True
3.0,bin,2,-0.7375200986862183,-0.83024001121521,-0.6448001861572266,650267,COc1ccc2oc(C(=O)NC3CCCCNC3=O)c(C)c2c1,2.14832,CC1C(=O)NCCCN(CC(N)=O)C(=O)c2oc3ccccc3c21,True,0.9837000000000008,-1.1646199999999993,0.2948717948717949,False,True
3.0,bin,2,-0.7375200986862183,-0.83024001121521,-0.6448001861572266,668639,Cc1cc(NC(=O)c2ccccc2Cl)ncc1N,2.8779200000000005,N#Cc1ccc(C(=O)Nc2cc(N)c(Cl)cn2)cc1,True,2.44118,-0.43674000000000035,0.42592592592592593,False,True
3.0,bin,2,-0.7375200986862183,-0.83024001121521,-0.6448001861572266,673160,CCC(=O)Nc1ccc2oc(C(F)(F)F)cc(=O)c2c1,3.160300000000001,CCC(=O)NCC(=O)Nc1cc2coc(C(F)F)cc-2c1,True,2.7867000000000006,-0.3736000000000006,0.29508196721311475,False,True
3.0,bin,2,-0.7375200986862183,-0.83024001121521,-0.6448001861572266,711169,Cc1cccc(C(C)C)c1NC(=O)N(C)Cc1ccncc1,4.177320000000003,CC(=O)Nc1cc(NC(=O)N(C)Cc2ccncc2)ccc1Cl,True,3.357300000000002,-0.8200200000000004,0.4406779661016949,False,True
3.0,bin,2,-0.7375200986862183,-0.83024001121521,-0.6448001861572266,720969,Cc1noc(C)c1CCC(=O)OCC(=O)N1c2ccccc2CC1C,2.7450400000000013,Cc1noc(C)c1CCC(=O)OCC(=O)N1CCc2ccccc21,True,2.35654,-0.3885000000000014,0.6721311475409836,False,False
3.0,bin,2,-0.7375200986862183,-0.83024001121521,-0.6448001861572266,730789,COC(=O)C1CCN(C(=O)c2cc3ccc(F)cc3nc2C)CC1,2.7075200000000006,NC(=O)CC1CCN(C(=O)c2cc3cc(F)ccc3nc2O)CC1,True,1.8070999999999993,-0.9004200000000013,0.421875,False,True
3.0,bin,2,-0.7375200986862183,-0.83024001121521,-0.6448001861572266,738178,Cc1ccc(-n2ccnc2SCc2nc(C3CC3)no2)cc1C,4.041840000000003,Oc1cccc(-n2ccnc2SCc2nc(C3CC3)no2)c1,True,3.130600000000001,-0.911240000000002,0.7142857142857143,False,True
3.0,bin,2,-0.7375200986862183,-0.83024001121521,-0.6448001861572266,771897,COc1ccccc1OCC(=O)N(C)Cc1sccc1C,3.102520000000002,NOCC#Cc1ccccc1OCC(=O)Cc1cccs1,True,2.1805000000000003,-0.9220200000000016,0.26865671641791045,False,True
3.0,bin,2,-0.7375200986862183,-0.83024001121521,-0.6448001861572266,811446,COC(=O)C1(NC(=O)c2cc(Br)c[nH]2)CCCCCC1,2.7730000000000006,CNC(=O)CCCCCCNC(=O)c1cc(Br)c[nH]1,True,2.2035,-0.5695000000000006,0.38181818181818183,False,True
3.0,bin,2,-0.7375200986862183,-0.83024001121521,-0.6448001861572266,848291,CCC(C)NC(=O)NCc1noc(-c2cccs2)n1,2.3958000000000004,COCC(C)NC(=O)NCc1noc(-c2cccs2)n1,True,1.6321999999999999,-0.7636000000000005,0.7924528301886793,False,True
3.0,bin,2,-0.7375200986862183,-0.83024001121521,-0.6448001861572266,863440,COc1ccc(-c2nc(CCCO)cs2)cc1OC,2.752200000000001,COc1ccc(-c2nc(CCNS(C)(=O)=O)cs2)cc1,True,1.9104,-0.841800000000001,0.41818181818181815,False,True
3.0,bin,2,-0.7375200986862183,-0.83024001121521,-0.6448001861572266,864663,N#Cc1ccc(-c2cc(F)ccc2F)nc1N1CCCC1,3.498680000000002,CS(=O)(=O)NC=C1C=CC(c2ccc(C#N)c(N3CCCC3)n2)=C1,True,1.9397800000000003,-1.5589000000000017,0.41935483870967744,False,True
3.0,bin,2,-0.7375200986862183,-0.83024001121521,-0.6448001861572266,872100,CCc1cccc(C)c1NCC(O)c1ccc2c(c1)OCCO2,3.474120000000002,COc1ccc(OC)c(NCC(O)c2ccc3c(c2)OCCO3)c1,True,2.6205000000000007,-0.8536200000000012,0.5,False,True
3.0,bin,2,-0.7375200986862183,-0.83024001121521,-0.6448001861572266,886334,COc1ccc(C(=O)N2CCCC(C(=O)N3CCCCC3)C2)c(O)c1,2.2655000000000003,NC(=O)C1CCN(C(=O)C2CCCN(C(=O)c3ccccc3)C2)CC1,True,1.2626999999999995,-1.0028000000000008,0.43859649122807015,False,True
3.0,bin,2,-0.7375200986862183,-0.83024001121521,-0.6448001861572266,887387,COCCNC(=O)N(Cc1cccc(F)c1)CC1CCCO1,2.1627,NS(=O)(=O)N(Cc1ccc(F)cc1)CC1CCCO1,True,1.0102000000000002,-1.1524999999999999,0.38461538461538464,False,True
3.0,bin,2,-0.7375200986862183,-0.83024001121521,-0.6448001861572266,889149,N#Cc1ccc(NC(=O)c2ccc(Br)cc2Cl)nc1,3.621480000000001,COc1ccc(C)cc1C(=O)Nc1ccc(C#N)cn1,True,2.5226000000000006,-1.0988800000000003,0.5370370370370371,False,True
3.0,bin,2,-0.7375200986862183,-0.83024001121521,-0.6448001861572266,913483,O=C(CNC(=O)NCCc1c(Cl)cccc1Cl)NC1CC1,2.1137000000000006,O=C(CNC(=O)NCCc1ccc(Cl)cc1)NC1CC1,True,1.4603,-0.6534000000000006,0.6666666666666666,False,True
3.0,bin,2,-0.7375200986862183,-0.83024001121521,-0.6448001861572266,917620,C=CCN(Cc1ccccc1OC)C(=O)c1csc(C)n1,3.288520000000002,COC(=O)c1ccc(CN(C)C(=O)c2csc(C)n2)cc1,True,2.510320000000001,-0.7782000000000009,0.45,False,True
3.0,bin,2,-0.7375200986862183,-0.83024001121521,-0.6448001861572266,918312,CCOc1ccc(Cl)c(C(=O)N2CCN(c3ncccn3)CC2)n1,1.8860999999999997,COc1ccnc(N2CCN(C(=O)c3ccc(C)cn3)CC2)n1,True,1.15102,-0.7350799999999997,0.3968253968253968,False,True
3.0,bin,2,-0.7375200986862183,-0.83024001121521,-0.6448001861572266,922879,CC(=O)c1ccc(N2CCN(Cc3c(F)cccc3F)CC2)cc1,3.489600000000003,C#CCNC(=O)Nc1ccc(N2CCN(Cc3ccccc3)CC2)cc1,True,2.7635000000000014,-0.7261000000000015,0.3728813559322034,False,True
3.0,bin,2,-0.7375200986862183,-0.83024001121521,-0.6448001861572266,927535,COc1cc(CN2CCN(c3ccccc3F)CC2)ccc1O,2.862100000000002,NC(=O)c1ccc(CN2CCN(c3ccccc3O)CC2)c(F)c1,True,1.9523999999999997,-0.9097000000000024,0.4166666666666667,False,True
3.0,bin,2,-0.7375200986862183,-0.83024001121521,-0.6448001861572266,927567,Cc1ccccc1N1CCN(Cc2cccc(O)c2)CC1,3.022820000000001,NC(=O)NC=C1C=CC(CN2CCN(c3ccccc3O)CC2)=C1,True,1.5625999999999993,-1.4602200000000018,0.32786885245901637,False,True
3.0,bin,2,-0.7375200986862183,-0.83024001121521,-0.6448001861572266,938108,CC(c1ccccc1)N(C)C(=O)CCC(=O)Nc1nccs1,3.0814000000000012,O=C(CCC(=O)Nc1nccs1)NCc1ccc(F)cc1,True,2.3173000000000004,-0.7641000000000009,0.45614035087719296,False,True
3.0,bin,2,-0.7375200986862183,-0.83024001121521,-0.6448001861572266,943303,CN(CCCOc1ccccc1)C(=O)Nc1cccc2c1OCCO2,3.390600000000002,COc1ccccc1NC(=O)N(C)CCCOC1=CC=C(C(N)=O)OC1,True,1.8488999999999998,-1.541700000000002,0.4492753623188406,False,True
3.0,bin,2,-0.7375200986862183,-0.83024001121521,-0.6448001861572266,946289,CC(NC(=O)C1(c2cc(-c3ccco3)on2)CC1)c1ccccc1,3.843600000000002,O=C(NCc1ccccc1)C1(c2cc(-c3ccco3)on2)CC1,True,3.282600000000002,-0.5609999999999999,0.6545454545454545,False,False
3.0,bin,2,-0.7375200986862183,-0.83024001121521,-0.6448001861572266,994077,Cc1nnc(Cn2c(-c3cccc(Br)c3)noc2=O)o1,2.0055199999999997,COc1cccc(-c2noc(=O)n2Cc2nnc(C)o2)c1,True,1.25162,-0.7538999999999998,0.7254901960784313,False,True
3.0,bin,2,-0.7375200986862183,-0.83024001121521,-0.6448001861572266,1065620,O=C(NCc1cccnc1Oc1ccccc1)c1cccnc1,3.198900000000002,NC(=O)Nc1ccc(Oc2ncccc2CNC(=O)c2cccnc2)cc1,True,2.6895000000000007,-0.5094000000000012,0.75,False,True
3.0,bin,2,-0.7375200986862183,-0.83024001121521,-0.6448001861572266,1093926,CN(C(=O)CNc1cccc(OCC2CCCO2)c1)c1ccccc1,3.319300000000002,CN(C(=O)CNc1ccccc1C(N)=O)c1cccc(OCC2CCCO2)c1,True,2.4181999999999997,-0.9011000000000022,0.6923076923076923,False,True
3.0,bin,2,-0.7375200986862183,-0.83024001121521,-0.6448001861572266,1107920,CCc1ccc(-n2cc(C(=O)NC(C)c3ccccc3)nn2)cc1,3.320700000000002,COc1ccc(CNC(=O)c2cn(-c3ccccc3)nn2)c(OC)c1,True,2.2145,-1.106200000000002,0.4153846153846154,False,True
3.0,bin,2,-0.7375200986862183,-0.83024001121521,-0.6448001861572266,1113130,CC(NC(=O)Cn1nnnc1C(C)(C)C)c1cccc2ccccc12,3.0012000000000016,CCc1nnnn1CC(=O)NC(C)c1cccc2ccccc12,True,2.2661,-0.7351000000000019,0.7169811320754716,False,True
3.0,bin,2,-0.7375200986862183,-0.83024001121521,-0.6448001861572266,1121751,COC(=O)Cn1ccc(NS(=O)(=O)c2ccc(F)c(F)c2F)n1,1.2742,NC(=O)Cn1ccc(NS(=O)(=O)c2ccc(F)cc2)n1,True,0.30829999999999896,-0.9659000000000011,0.48214285714285715,False,True
3.0,bin,2,-0.7375200986862183,-0.83024001121521,-0.6448001861572266,1142531,CCOC(C)C(=O)NCCc1csc(-c2ccc(C)cc2)n1,3.2022200000000014,COC(=O)NCC(=O)Nc1csc(-c2ccc(C)cc2)n1,True,2.4130200000000004,-0.789200000000001,0.4262295081967213,False,True
3.0,bin,2,-0.7375200986862183,-0.83024001121521,-0.6448001861572266,1212157,CN(Cc1ccc(F)c(F)c1)C(=O)c1cncc(-c2cnn(C)c2)c1,3.0325000000000015,CNC(=O)c1ccccc1CN(C)C(=O)c1cncc(-c2cn[nH]c2)c1,True,2.1035,-0.9290000000000016,0.375,False,True
3.0,bin,2,-0.7375200986862183,-0.83024001121521,-0.6448001861572266,1215394,CCn1nc(C)cc1C(=O)Oc1cccc(NC(=O)C(C)C)c1,3.025120000000001,CCOC(=O)Cc1[nH]n(CC)c1C(=O)Oc1cccc(OC)c1,True,2.1694999999999993,-0.8556200000000018,0.3142857142857143,False,True
3.0,bin,2,-0.7375200986862183,-0.83024001121521,-0.6448001861572266,1232922,CC(C)(C)OC(=O)NC1CCCN(S(=O)(=O)N2CCOCC2)C1,0.5525000000000011,CCOCC(=O)NC1CCCN(S(=O)(=O)N2CCOCC2)C1,True,-0.8194999999999975,-1.3719999999999986,0.6226415094339622,False,True
3.0,bin,2,-0.7375200986862183,-0.83024001121521,-0.6448001861572266,1238973,FC(F)(F)c1cnc(N2CCn3c(nnc3C3CC3)C2)c(Cl)c1,3.2429000000000023,Cc1ccc(C)c(NCCn2cnnc2C2CC2C)n1,True,2.5254400000000006,-0.7174600000000018,0.11392405063291139,False,True
3.0,bin,2,-0.7375200986862183,-0.83024001121521,-0.6448001861572266,1299495,Cc1cc(CC(=O)N2CCCC2C(C#N)c2ccccc2)no1,2.823900000000001,Cc1cc(CC(=O)N2CCCC2C(N)=O)no1,True,0.0018200000000002658,-2.8220800000000006,0.5423728813559322,False,True
3.0,bin,2,-0.7375200986862183,-0.83024001121521,-0.6448001861572266,1309906,CC(C)CC(NC(=O)c1cc(=O)c2ccccc2o1)C(=O)OC(C)C,2.8891000000000018,CC(C)NC(=O)c1cc(=O)c2ccccc2o1,True,1.9312,-0.9579000000000018,0.6595744680851063,False,True
3.0,bin,2,-0.7375200986862183,-0.83024001121521,-0.6448001861572266,1362816,COCc1cccc(C(=O)NC2CC2c2cccc(Cl)c2)c1,3.772300000000002,COC(=O)c1ccccc1C(=O)NC1CC1c1cccc(C)c1,True,3.067520000000002,-0.7047800000000004,0.45,False,True
3.0,bin,2,-0.7375200986862183,-0.83024001121521,-0.6448001861572266,1441838,COCC(=O)NC(C(=O)Nc1cccc(-c2nccs2)c1)C(C)C,2.5358,COC(=O)CNC(=O)Nc1cccc(-c2nccs2)c1,True,2.1045999999999996,-0.43120000000000047,0.5833333333333334,False,True
3.0,bin,2,-0.7375200986862183,-0.83024001121521,-0.6448001861572266,1450449,CCCNC(=O)CSc1nc2c(cc1C#N)CCCC2,2.450380000000001,CN(C)C(=O)CSc1nc2c(cc1C#N)CCCC2,True,2.01238,-0.43800000000000106,0.660377358490566,False,False
3.0,bin,2,-0.7375200986862183,-0.83024001121521,-0.6448001861572266,1451910,O=S(=O)(NCc1nnc2ccccn12)c1ccc(F)c(F)c1,1.4859999999999995,Cc1ccc(C(N)=O)cc1S(=O)(=O)NCc1nnc2ccccn12,True,0.6151199999999993,-0.8708800000000002,0.5166666666666667,False,True
3.0,bin,2,-0.7375200986862183,-0.83024001121521,-0.6448001861572266,1479798,Cc1nc(C)c(CCC(=O)N(CC(C)C)CC(F)(F)F)c(=O)[nH]1,2.3662400000000003,Cc1nc[nH]c(=O)c1CCC(=O)N(C)CCC(F)(F)F,True,1.42172,-0.9445200000000002,0.3870967741935484,False,True
3.0,bin,2,-0.7375200986862183,-0.83024001121521,-0.6448001861572266,1507926,COC(=O)C(C)NC(=O)Cc1csc(-c2ccccc2Cl)n1,2.6837,COCCCNC(=O)CC(S)N=Cc1ccccc1OC,True,1.9127999999999998,-0.7709000000000001,0.19736842105263158,False,True
3.0,bin,2,-0.7375200986862183,-0.83024001121521,-0.6448001861572266,1527882,Nc1ncccc1C(=O)Nc1ccc2cn[nH]c2c1,1.7923999999999998,NS(=O)(=O)CSc1ccc(C(=O)Nc2ccc3cn[nH]c3c2)cn1,True,1.5483000000000002,-0.24409999999999954,0.4838709677419355,False,True
3.0,bin,2,-0.7375200986862183,-0.83024001121521,-0.6448001861572266,1532848,COc1ccc(-c2ccc3c(=O)[nH]cnc3c2)cc1Cl,3.2521000000000013,COC=C1C=C(c2ccc3c(=O)[nH]cnc3c2)C=C1OC,True,2.3807,-0.8714000000000013,0.5185185185185185,False,True
3.0,bin,2,-0.7375200986862183,-0.83024001121521,-0.6448001861572266,1548351,COc1cc(OC)c2c(c1)C(c1cnccn1)NCC2,1.7288999999999999,NC(=O)Nc1ccc2c(c1)C(c1cnccn1)NCC2,True,1.2023,-0.5266,0.43333333333333335,False,True
3.0,bin,2,-0.7375200986862183,-0.83024001121521,-0.6448001861572266,1570134,COc1cccc(C(C)N2CCN(C(=O)c3ccc(O)cc3)CC2)c1,2.9198000000000013,O=C(c1ccc(O)cc1)N1CCN(Cc2ccccc2)CC1O,True,1.6685999999999999,-1.2512000000000014,0.28125,False,True
3.0,bin,2,-0.7375200986862183,-0.83024001121521,-0.6448001861572266,1611406,CC(C)(C)N1CC(NC(=O)C2COc3ccc(F)cc3C2)CC1=O,1.8923999999999994,COCCCN1CC(NC(=O)C2COc3ccccc3C2)CC1=O,True,0.9913000000000001,-0.9010999999999993,0.4714285714285714,False,True
3.0,bin,2,-0.7375200986862183,-0.83024001121521,-0.6448001861572266,1612684,CCCC1CN(C(=O)Nc2ccn(CCC(C)C)n2)CCO1,2.9620000000000015,CCCC1CN(C(=O)Nc2ccn(CC(F)(F)F)n2)CCO1,True,2.4782,-0.48380000000000134,0.7288135593220338,False,False
3.0,bin,2,-0.7375200986862183,-0.83024001121521,-0.6448001861572266,1639675,CCC(CC)c1nnc(NC(=O)c2scnc2C2CC2)s1,4.0279000000000025,CC(C)Cc1nnc(NC(=O)c2scnc2C2CC2)s1,True,3.3228000000000018,-0.7051000000000007,0.6923076923076923,False,False
3.0,bin,2,-0.7375200986862183,-0.83024001121521,-0.6448001861572266,1675660,COc1ccnc(NC(=O)c2cccc(Cl)c2)c1,2.9959000000000007,COC(=O)c1ccc(OC)c(C(=O)Nc2ccccn2)c1,True,2.1291,-0.8668000000000005,0.38596491228070173,False,True
3.0,bin,2,-0.7375200986862183,-0.83024001121521,-0.6448001861572266,1689728,CCc1noc(CSc2ncnc3sc(C)cc23)n1,3.237420000000002,COC(=O)Cc1noc(CSc2ncnc3sccc23)n1,True,2.0820999999999996,-1.1553200000000023,0.47619047619047616,False,True
3.0,bin,2,-0.7375200986862183,-0.83024001121521,-0.6448001861572266,1720876,CC(C)(C)CC(=O)NCC(=O)Nc1ccc2c(c1)COC2,2.2077,COC(=O)NC(C)C(=O)Nc1ccc2c(c1)COC2,True,1.3997999999999995,-0.8079000000000005,0.4807692307692308,False,True
3.0,bin,2,-0.7375200986862183,-0.83024001121521,-0.6448001861572266,1757109,CC(C)Cc1ncc(CNc2ccc3c(c2)COC3)s1,3.983900000000003,Cc1ncc(CNc2ccc3c(c2)COC3)s1,True,3.093820000000001,-0.890080000000002,0.6808510638297872,False,True
3.0,bin,2,-0.7375200986862183,-0.83024001121521,-0.6448001861572266,1774061,O=C1NCCCc2[nH]c(-c3cccc4[nH]ccc34)nc21,2.234,CN(CCC(N)=O)C1CNN2CCCc3[nH]c1nc3C2=O,True,-0.8353999999999986,-3.0693999999999986,0.19230769230769232,False,True
3.0,bin,2,-0.7375200986862183,-0.83024001121521,-0.6448001861572266,1800687,Cc1nn(C)c(-c2nc(-c3cccnn3)no2)c1Cl,1.8889199999999997,Cc1nn(N)c(-c2nc(-c3cccnn3)no2)c1Cl,True,1.0657199999999998,-0.8231999999999999,0.7659574468085106,False,True
3.0,bin,2,-0.7375200986862183,-0.83024001121521,-0.6448001861572266,1815867,FC(F)(F)c1ccc(CN2CCOCC2c2ncon2)cc1,2.661900000000001,CCOC=C1C=CC(CN2CCOCC2c2ncon2)=C1,True,1.8595000000000002,-0.8024000000000009,0.49206349206349204,False,True
3.0,bin,2,-0.7375200986862183,-0.83024001121521,-0.6448001861572266,1828580,Cc1ccc(N2CC3OCC(=O)N(Cc4cccc(F)c4)C3C2)nn1,1.54032,N=NC1C2C(CN1c1ccc[nH]1)OCC(=O)N2Cc1ccccc1,True,1.9879699999999998,0.4476499999999999,0.3076923076923077,False,True
3.0,bin,2,-0.7375200986862183,-0.83024001121521,-0.6448001861572266,1836183,CCc1ccc(C(=O)NCc2nccc(N(C)C)n2)cc1,2.035,CNC(=O)c1cc(C)ccc1C(=O)NCc1nccc(N(C)C)n1,True,1.14062,-0.8943800000000002,0.5555555555555556,False,True
3.0,bin,2,-0.7375200986862183,-0.83024001121521,-0.6448001861572266,1842499,COc1ccccc1COc1ccccc1-c1cnn(CCO)c1,3.1300000000000017,NS(=O)(=O)CCNC1=C(COc2ccccc2-c2ccccc2)C=N1,True,1.9065,-1.2235000000000016,0.30303030303030304,False,True
3.0,bin,2,-0.7375200986862183,-0.83024001121521,-0.6448001861572266,1865564,COC(CNC(=O)c1ccoc1)c1cccc(F)c1,2.536200000000001,NC(=O)C(CNC(=O)c1ccoc1)c1ccc(F)c(F)c1F,True,1.6957999999999993,-0.8404000000000016,0.43333333333333335,False,True
3.0,bin,2,-0.7375200986862183,-0.83024001121521,-0.6448001861572266,1868773,CCCOc1ccc(Cl)c2c1CCNC2C1CC(=O)C1,3.2947000000000015,CCOc1ccc(C)c2c1CCNC21CCC(=O)C1,True,2.4877200000000004,-0.8069800000000011,0.3076923076923077,False,True
3.0,bin,2,-0.7375200986862183,-0.83024001121521,-0.6448001861572266,1873123,CCC1OC(=O)c2c(OC)ccc(Br)c21,3.079200000000002,CCC(OC(=O)NCCOC)c1ccc(OC)cc1,True,2.5189000000000004,-0.5603000000000016,0.16666666666666666,False,True
3.0,bin,2,-0.7375200986862183,-0.83024001121521,-0.6448001861572266,1875028,Cc1cccc(C)c1NCC(=O)N1CCCC2CCCCC21,3.8965400000000034,CC1CCCCC1CCNC(=O)CNCC=CC=COCC#N,True,2.5186800000000007,-1.3778600000000027,0.17333333333333334,False,True
3.0,bin,2,-0.7375200986862183,-0.83024001121521,-0.6448001861572266,1895921,CCC(CC)N(C)C(=O)CC1OC(=O)c2ccccc21,2.935200000000002,CC(C)N(CCC#N)C(=O)CC1OC(=O)c2ccccc21,True,2.43888,-0.49632000000000165,0.5471698113207547,False,True
3.0,bin,2,-0.7375200986862183,-0.83024001121521,-0.6448001861572266,1907077,Cc1ccc2[nH]nc(C(=O)Nc3nc(-c4ccco4)cs3)c2c1,3.8401200000000015,C=C(N=C1NC(=O)C2=NNC=CC=C(N)C=C[SH]12)c1ccco1,True,1.524,-2.3161200000000015,0.16666666666666666,False,True
3.0,bin,2,-0.7375200986862183,-0.83024001121521,-0.6448001861572266,1913063,Cc1nn(C)c(C)c1CN(C(=O)c1cn2cccc(C)c2n1)C1CC1,2.797860000000001,CCCN(CC(NN(C)C)C(=O)OC)C(=O)c1cn2ccccc2n1,True,0.7943000000000013,-2.0035599999999993,0.25301204819277107,False,True
3.0,bin,2,-0.7375200986862183,-0.83024001121521,-0.6448001861572266,1922265,CN(CCNC(=O)c1ccc2c(c1)ncn2C)c1ccccc1,2.4395000000000007,O=C(NCCNc1ccc(O)cc1)c1ccc2[nH]cnc2c1,True,2.1103999999999994,-0.3291000000000013,0.3333333333333333,False,True
3.0,bin,3,-0.5795501172542572,-0.6448001861572266,-0.5143000483512878,32052,COc1ccccc1CNC(=O)Cc1c[nH]c2ccccc12,3.035400000000001,NC(=O)Nc1cccc(CNC(=O)Cc2c[nH]c3ccccc23)c1,True,2.5174000000000003,-0.5180000000000007,0.5272727272727272,False,True
3.0,bin,3,-0.5795501172542572,-0.6448001861572266,-0.5143000483512878,116747,COCCSc1ccccc1C(=O)Nc1cccc(C)n1,3.3808200000000017,COCCOc1cccc(C(=O)Nc2cccc(C)n2)c1,True,2.6675200000000006,-0.7133000000000012,0.509090909090909,False,False
3.0,bin,3,-0.5795501172542572,-0.6448001861572266,-0.5143000483512878,131060,CS(=O)(=O)NCCc1csc(-c2ccc(F)cc2)n1,2.0408999999999997,NS(=O)(=O)CCCc1csc(-c2ccccc2)n1,True,2.0312,-0.009699999999999598,0.43137254901960786,False,True
3.0,bin,3,-0.5795501172542572,-0.6448001861572266,-0.5143000483512878,131949,CCc1c(C)nc(SCC(=O)NC(C)C)[nH]c1=O,1.25742,COCCCNC(=O)CSc1nc(C)c(C)c(=O)[nH]1,True,0.6315399999999998,-0.6258800000000002,0.44642857142857145,False,True
3.0,bin,3,-0.5795501172542572,-0.6448001861572266,-0.5143000483512878,158879,COc1ccc(CC(=O)OCC(=O)c2c[nH]c3ccccc23)cc1,3.145100000000001,NC(=O)NC(C(=O)OCC(=O)c1c[nH]c2ccccc12)c1ccccc1,True,2.303400000000001,-0.8417000000000003,0.4745762711864407,False,True
3.0,bin,3,-0.5795501172542572,-0.6448001861572266,-0.5143000483512878,232056,COCCNC(=O)c1cc(=O)c2cc(C)ccc2o1,1.4776199999999993,CS(=O)(=O)NCCCNC(=O)c1cc(=O)c2cc(F)ccc2o1,True,0.6011999999999995,-0.8764199999999998,0.5087719298245614,False,True
3.0,bin,3,-0.5795501172542572,-0.6448001861572266,-0.5143000483512878,235788,O=C(Cn1nc(-c2ccco2)oc1=O)NCC(F)(F)F,0.7747999999999999,COC(=O)CCN(C)C(=O)Cn1nc(-c2ccco2)oc1=O,True,0.11779999999999968,-0.6570000000000003,0.5333333333333333,False,True
3.0,bin,3,-0.5795501172542572,-0.6448001861572266,-0.5143000483512878,236081,CC(=O)c1c(C)[nH]c(C(=O)CSc2nc(C(C)C)n[nH]2)c1C,3.0506400000000014,CCNC=NC(C=N[NH])SCC(=O)c1ccc(C(C)=O)[nH]1,True,1.3658000000000003,-1.684840000000001,0.18666666666666668,False,True
3.0,bin,3,-0.5795501172542572,-0.6448001861572266,-0.5143000483512878,281081,O=C(Cn1cccn1)NCc1cccnc1Oc1ccc(F)cc1F,2.665000000000001,Nc1ncccc1CNC(=O)Cn1cccn1,True,0.17669999999999947,-2.4883000000000015,0.5689655172413793,False,True
3.0,bin,3,-0.5795501172542572,-0.6448001861572266,-0.5143000483512878,284170,COc1ccc(-c2nc(CC(=O)Nc3cccc(C)n3)cs2)cc1,3.7033200000000024,N#Cc1cccc(NC(=O)Cc2csc(-c3ccccc3)n2)n1,True,3.2579800000000017,-0.44534000000000074,0.5862068965517241,False,True
3.0,bin,3,-0.5795501172542572,-0.6448001861572266,-0.5143000483512878,288369,Cc1ccc(NCc2nnc3n2CCCCC3)cc1C,3.2334400000000016,COC(=O)Nc1ccc(NCc2nnc3n2CCCCC3)cc1,True,2.794900000000001,-0.4385400000000006,0.6153846153846154,False,True
3.0,bin,3,-0.5795501172542572,-0.6448001861572266,-0.5143000483512878,302889,COc1ccc(OC)c(NC(=O)CCNC(=O)c2cccs2)c1,2.5239000000000003,NC(=O)c1cc(NC(=O)CCNC(=O)c2cccs2)ccc1F,True,1.7447,-0.7792000000000003,0.4838709677419355,False,True
3.0,bin,3,-0.5795501172542572,-0.6448001861572266,-0.5143000483512878,327141,COc1ccc(OC)c(S(=O)(=O)Nc2ccn(C)n2)c1,1.2381,Cn1ccc(NS(=O)(=O)c2ccccc2SCC(N)=O)n1,True,0.7983,-0.43979999999999997,0.43103448275862066,False,True
3.0,bin,3,-0.5795501172542572,-0.6448001861572266,-0.5143000483512878,327382,CNC(=O)C1CN(C(=O)c2c(C)noc2C)c2ccccc2O1,1.4452399999999996,N#Cc1oncc1C(=O)N1CC(C(N)=O)Oc2ccccc21,True,0.43937999999999955,-1.0058600000000002,0.4153846153846154,False,True
3.0,bin,3,-0.5795501172542572,-0.6448001861572266,-0.5143000483512878,406491,COCCNC(=O)C1CCCN(S(=O)(=O)N2CCOCC2)C1,-0.9619999999999964,NS(=O)(=O)N1CCCC(S(=O)(=O)N2CCOCC2)C1,True,-1.6836999999999962,-0.7216999999999998,0.3584905660377358,False,True
3.0,bin,3,-0.5795501172542572,-0.6448001861572266,-0.5143000483512878,413951,O=C(Cn1ncn2cccc2c1=O)N1CCCCCC1,0.8985999999999996,NC(=O)C1CCCN(C(=O)Cn2ncn3cccc3c2=O)CCC1,True,9.99999999995449e-05,-0.8985000000000001,0.7551020408163265,False,True
3.0,bin,3,-0.5795501172542572,-0.6448001861572266,-0.5143000483512878,427929,CCNc1nc(NCc2ccccc2Cl)c2cnn(C)c2n1,3.060600000000001,CNc1nc(NCc2ccccc2OC)c2cnn(C)c2n1,True,2.0256999999999996,-1.0349000000000013,0.5892857142857143,False,False
3.0,bin,3,-0.5795501172542572,-0.6448001861572266,-0.5143000483512878,447130,CCC(NC(=O)C1CCN(C(=O)C2CC2)CC1)c1ccc(C)cc1,3.2109200000000016,COc1c(C)cccc1C(C)NC(=O)C1CCN(C(=O)C2CC2)CC1,True,2.8294200000000016,-0.38149999999999995,0.4745762711864407,False,True
3.0,bin,3,-0.5795501172542572,-0.6448001861572266,-0.5143000483512878,481908,CCNS(=O)(=O)c1ccc(C)c(C(=O)Nc2ncccc2C)c1,2.24894,CNS(=O)(=O)c1ccc(C)c(C(=O)Nc2ccc(C)cn2)c1,True,1.8588399999999998,-0.39010000000000034,0.47368421052631576,False,True
3.0,bin,3,-0.5795501172542572,-0.6448001861572266,-0.5143000483512878,485220,Cc1nn(CC(=O)N2CCN(C)CC2)c(C)c1Br,1.03644,Cc1c(N)cnn1CC(=O)N1CCN(C)CC1(Cl)Cl,True,0.6791199999999997,-0.3573200000000003,0.3333333333333333,False,True
3.0,bin,3,-0.5795501172542572,-0.6448001861572266,-0.5143000483512878,526363,Cc1nnc(SCC(=O)Nc2ccc(O)cc2)n(N)c1=O,0.09692,NC(=O)c1ccccc1NC(=O)CSc1nncc(=O)n1N,True,-0.8182000000000003,-0.9151200000000003,0.43333333333333335,False,False
3.0,bin,3,-0.5795501172542572,-0.6448001861572266,-0.5143000483512878,536853,COc1ccc(C2CCCN2C(=O)C2CCC2)c(OC)c1,3.1674000000000015,NC(=O)Nc1ccc(C2CCCN2C(=O)C2CCC2)cc1,True,2.6408000000000014,-0.5266000000000002,0.43636363636363634,False,True
3.0,bin,3,-0.5795501172542572,-0.6448001861572266,-0.5143000483512878,540312,Cc1nn(C)c2nc(C3CC3)cc(C(=O)NCC(=O)NC(C)(C)C)c12,1.7986199999999997,COCC(CO)NC(=O)c1cc(C2CC2)nc2c1c(C)nn2C,True,0.8912199999999992,-0.9074000000000004,0.5692307692307692,False,True
3.0,bin,3,-0.5795501172542572,-0.6448001861572266,-0.5143000483512878,544381,Cc1nc(N2CCCC(C(=O)NC(C)C)C2)c2c(C)c(C)oc2n1,2.8890600000000006,COCCNC(=O)CCCCNC1=NC(C)=NCOC(C)=C(C)C1,True,1.9975,-0.8915600000000006,0.11627906976744186,False,True
3.0,bin,3,-0.5795501172542572,-0.6448001861572266,-0.5143000483512878,544382,CCCNC(=O)C1CCCN(c2nc(C)nc3oc(C)c(C)c23)C1,2.8906600000000013,COCCNC(=O)CCCCNC1=NC(C)=NCOC(C)=C(C)C1,True,1.9975,-0.8931600000000013,0.1511627906976744,False,True
3.0,bin,3,-0.5795501172542572,-0.6448001861572266,-0.5143000483512878,550049,Cc1ccc(C)c(OCC(=O)Nc2cccc(-n3cnnc3)c2)c1,2.9016400000000013,COc1ccc(OCC(=O)Nc2cccc(-n3cnnc3)c2)cc1,True,2.2934,-0.6082400000000012,0.6481481481481481,False,False
3.0,bin,3,-0.5795501172542572,-0.6448001861572266,-0.5143000483512878,573533,Cc1nn(-c2ncc(C(F)(F)F)cc2Cl)c(=O)o1,2.2011199999999995,COc1ccnc(C(F)(F)F)c1-n1nc(C)oc1=O,True,1.55632,-0.6447999999999996,0.42592592592592593,False,True
3.0,bin,3,-0.5795501172542572,-0.6448001861572266,-0.5143000483512878,582555,O=C(NCC(O)c1ccccc1)c1ccc2c(=O)n3c(nc2c1)CCC3,1.8061000000000003,C=CC=CC=CC1CC(C(N)=O)NC(=O)Cc2ccc3c(=O)n1c(C)nc3c2,True,1.4607199999999996,-0.3453800000000007,0.1956521739130435,False,True
3.0,bin,3,-0.5795501172542572,-0.6448001861572266,-0.5143000483512878,588547,Cc1n[nH]c(C)c1NC(=O)CCc1ccc(Cl)cc1Cl,3.9046400000000023,CSc1ccc(CCC(=O)Nc2c(C)n[nH]c2C)cc1,True,3.3197400000000012,-0.5849000000000011,0.5471698113207547,False,True
3.0,bin,3,-0.5795501172542572,-0.6448001861572266,-0.5143000483512878,607673,CCCN(CC1CC1)S(=O)(=O)c1ccccc1F,2.636400000000001,CCN(CC1CC1)S(=O)(=O)c1ccccc1O,True,1.8128000000000002,-0.8236000000000008,0.5555555555555556,False,True
3.0,bin,3,-0.5795501172542572,-0.6448001861572266,-0.5143000483512878,617681,Cc1cc(C(=O)Nc2nc(-c3ccncc3)cs2)nn1C(C)C,3.5432200000000016,CCn1ccc(C(=O)Nc2nc(-c3ccncc3)cs2)n1,True,2.673800000000001,-0.8694200000000007,0.5789473684210527,False,False
3.0,bin,3,-0.5795501172542572,-0.6448001861572266,-0.5143000483512878,650267,COc1ccc2oc(C(=O)NC3CCCCNC3=O)c(C)c2c1,2.14832,NC1=C(C(=O)NC2CCCCNC2)OOc2ccccc21,True,0.8961999999999997,-1.2521200000000003,0.23076923076923078,False,True
3.0,bin,3,-0.5795501172542572,-0.6448001861572266,-0.5143000483512878,668639,Cc1cc(NC(=O)c2ccccc2Cl)ncc1N,2.8779200000000005,COC=CC=CC(=CF)C(=O)Nc1cc(N)ccn1,True,2.1719999999999997,-0.7059200000000008,0.24615384615384617,False,True
3.0,bin,3,-0.5795501172542572,-0.6448001861572266,-0.5143000483512878,673160,CCC(=O)Nc1ccc2oc(C(F)(F)F)cc(=O)c2c1,3.160300000000001,COCC(=O)Nc1ccc2oc(C(F)(F)F)cc(=O)c2c1,True,2.3967,-0.7636000000000012,0.7659574468085106,False,False
3.0,bin,3,-0.5795501172542572,-0.6448001861572266,-0.5143000483512878,711169,Cc1cccc(C(C)C)c1NC(=O)N(C)Cc1ccncc1,4.177320000000003,CCOc1cc(F)ccc1NC(=O)N(C)Cc1ccncc1,True,3.2833000000000014,-0.8940200000000011,0.45,False,False
3.0,bin,3,-0.5795501172542572,-0.6448001861572266,-0.5143000483512878,720969,Cc1noc(C)c1CCC(=O)OCC(=O)N1c2ccccc2CC1C,2.7450400000000013,Cc1noc(C)c1CCC(=O)OCC(=O)N1CCc2ccccc21,True,2.35654,-0.3885000000000014,0.6721311475409836,False,False
3.0,bin,3,-0.5795501172542572,-0.6448001861572266,-0.5143000483512878,730789,COC(=O)C1CCN(C(=O)c2cc3ccc(F)cc3nc2C)CC1,2.7075200000000006,NC(=O)CC1CCCN(C(=O)c2cnc3ccc(F)cc3c2)C1,True,2.1014999999999993,-0.6060200000000013,0.3150684931506849,False,True
3.0,bin,3,-0.5795501172542572,-0.6448001861572266,-0.5143000483512878,738178,Cc1ccc(-n2ccnc2SCc2nc(C3CC3)no2)cc1C,4.041840000000003,COc1ccccc1-n1ccnc1SCc1nc(C2CC2)no1,True,3.433600000000002,-0.6082400000000012,0.6166666666666667,False,True
3.0,bin,3,-0.5795501172542572,-0.6448001861572266,-0.5143000483512878,771897,COc1ccccc1OCC(=O)N(C)Cc1sccc1C,3.102520000000002,O=C(COc1ccccc1O)NCc1sccc1F,True,2.2880000000000003,-0.8145200000000017,0.35,False,True
3.0,bin,3,-0.5795501172542572,-0.6448001861572266,-0.5143000483512878,811446,COC(=O)C1(NC(=O)c2cc(Br)c[nH]2)CCCCCC1,2.7730000000000006,COC(=O)C1(NC(=O)c2cc(C#N)cn2C)CCCCC1,True,1.5024799999999991,-1.2705200000000014,0.45454545454545453,False,True
3.0,bin,3,-0.5795501172542572,-0.6448001861572266,-0.5143000483512878,848291,CCC(C)NC(=O)NCc1noc(-c2cccs2)n1,2.3958000000000004,COC(C)(C)C(=O)OCc1noc(-c2cccs2)n1,True,2.2663,-0.12950000000000017,0.47540983606557374,False,True
3.0,bin,3,-0.5795501172542572,-0.6448001861572266,-0.5143000483512878,863440,COc1ccc(-c2nc(CCCO)cs2)cc1OC,2.752200000000001,COc1ccc(-c2nc(CNS(C)(=O)=O)cs2)cc1OC,True,1.8765,-0.875700000000001,0.58,False,True
3.0,bin,3,-0.5795501172542572,-0.6448001861572266,-0.5143000483512878,864663,N#Cc1ccc(-c2cc(F)ccc2F)nc1N1CCCC1,3.498680000000002,N#Cc1ccc(-c2cccc(O)c2)nc1N1CCCC1,True,2.9260800000000007,-0.5726000000000013,0.5294117647058824,False,True
3.0,bin,3,-0.5795501172542572,-0.6448001861572266,-0.5143000483512878,872100,CCc1cccc(C)c1NCC(O)c1ccc2c(c1)OCCO2,3.474120000000002,CC(=O)c1ccc(NCC(O)c2ccc3c(c2)OCCO3)cc1C,True,3.114320000000001,-0.3598000000000008,0.5714285714285714,False,True
3.0,bin,3,-0.5795501172542572,-0.6448001861572266,-0.5143000483512878,886334,COc1ccc(C(=O)N2CCCC(C(=O)N3CCCCC3)C2)c(O)c1,2.2655000000000003,NC(=O)C1CCCN(C(=O)C2CCCN(C(=O)c3ccccc3)C2)C1,True,1.2626999999999993,-1.002800000000001,0.42857142857142855,False,True
3.0,bin,3,-0.5795501172542572,-0.6448001861572266,-0.5143000483512878,887387,COCCNC(=O)N(Cc1cccc(F)c1)CC1CCCO1,2.1627,CS(=O)(=O)NCCCN(Cc1cccc(F)c1)C1CCCO1,True,1.7034999999999993,-0.4592000000000007,0.43661971830985913,False,True
3.0,bin,3,-0.5795501172542572,-0.6448001861572266,-0.5143000483512878,889149,N#Cc1ccc(NC(=O)c2ccc(Br)cc2Cl)nc1,3.621480000000001,COc1cc(Cl)c(C(=O)Nc2ccc(C#N)cn2)cc1OC,True,2.8761800000000015,-0.7452999999999994,0.6470588235294118,False,True
3.0,bin,3,-0.5795501172542572,-0.6448001861572266,-0.5143000483512878,913483,O=C(CNC(=O)NCCc1c(Cl)cccc1Cl)NC1CC1,2.1137000000000006,O=C(NCCc1c(F)cccc1Cl)NCC(=O)C1CC1,True,2.2999,0.18619999999999948,0.625,False,True
3.0,bin,3,-0.5795501172542572,-0.6448001861572266,-0.5143000483512878,917620,C=CCN(Cc1ccccc1OC)C(=O)c1csc(C)n1,3.288520000000002,COC(=O)CCN(Cc1ccc(C)cc1)C(=O)c1cscn1,True,2.657020000000001,-0.6315000000000008,0.2857142857142857,False,True
3.0,bin,3,-0.5795501172542572,-0.6448001861572266,-0.5143000483512878,918312,CCOc1ccc(Cl)c(C(=O)N2CCN(c3ncccn3)CC2)n1,1.8860999999999997,O=C(c1cc(Cl)ccn1)N1CCN(c2ncccn2)CC1,True,1.4873999999999998,-0.39869999999999983,0.48148148148148145,False,False
3.0,bin,3,-0.5795501172542572,-0.6448001861572266,-0.5143000483512878,922879,CC(=O)c1ccc(N2CCN(Cc3c(F)cccc3F)CC2)cc1,3.489600000000003,COC(=O)c1cccc(N2CCN(Cc3ccccc3OC)CC2)c1,True,2.804000000000001,-0.6856000000000018,0.3728813559322034,False,True
3.0,bin,3,-0.5795501172542572,-0.6448001861572266,-0.5143000483512878,927535,COc1cc(CN2CCN(c3ccccc3F)CC2)ccc1O,2.862100000000002,NC(=O)c1cc(CN2CCN(c3ccccc3F)CC2)ccc1F,True,2.3859000000000004,-0.47620000000000173,0.5660377358490566,False,True
3.0,bin,3,-0.5795501172542572,-0.6448001861572266,-0.5143000483512878,927567,Cc1ccccc1N1CCN(Cc2cccc(O)c2)CC1,3.022820000000001,Nc1ccccc1N1CCN(Cc2ccccc2O)CC1,True,2.2966000000000006,-0.7262200000000005,0.40816326530612246,False,True
3.0,bin,3,-0.5795501172542572,-0.6448001861572266,-0.5143000483512878,938108,CC(c1ccccc1)N(C)C(=O)CCC(=O)Nc1nccs1,3.0814000000000012,COc1ccccc1CNC(=O)CCC(=O)Nc1nccs1,True,2.1868,-0.8946000000000014,0.4915254237288136,False,False
3.0,bin,3,-0.5795501172542572,-0.6448001861572266,-0.5143000483512878,943303,CN(CCCOc1ccccc1)C(=O)Nc1cccc2c1OCCO2,3.390600000000002,CN(CCCC(C=CO)N=CC(N)=O)C(=O)Nc1ccccc1F,True,2.065999999999999,-1.3246000000000029,0.32432432432432434,False,True
3.0,bin,3,-0.5795501172542572,-0.6448001861572266,-0.5143000483512878,946289,CC(NC(=O)C1(c2cc(-c3ccco3)on2)CC1)c1ccccc1,3.843600000000002,O=C(NCc1ccccc1)C1(c2cc(-c3ccco3)on2)CC1,True,3.282600000000002,-0.5609999999999999,0.6545454545454545,False,False
3.0,bin,3,-0.5795501172542572,-0.6448001861572266,-0.5143000483512878,994077,Cc1nnc(Cn2c(-c3cccc(Br)c3)noc2=O)o1,2.0055199999999997,COc1cc(OC)c(-c2noc(=O)n2Cc2nnc(C)o2)cc1F,True,1.3993200000000001,-0.6061999999999996,0.5084745762711864,False,True
3.0,bin,3,-0.5795501172542572,-0.6448001861572266,-0.5143000483512878,1065620,O=C(NCc1cccnc1Oc1ccccc1)c1cccnc1,3.198900000000002,C=CC=COc1ncccc1C(=O)N(CC(N)=O)Cc1ccc(C)nc1,True,1.99122,-1.2076800000000019,0.21518987341772153,False,True
3.0,bin,3,-0.5795501172542572,-0.6448001861572266,-0.5143000483512878,1093926,CN(C(=O)CNc1cccc(OCC2CCCO2)c1)c1ccccc1,3.319300000000002,NC(=O)N(C(=O)CNc1cccc(OCC2CCCO2)c1)c1ccccc1,True,2.768200000000001,-0.5511000000000008,0.7666666666666667,False,True
3.0,bin,3,-0.5795501172542572,-0.6448001861572266,-0.5143000483512878,1107920,CCc1ccc(-n2cc(C(=O)NC(C)c3ccccc3)nn2)cc1,3.320700000000002,COCc1ccccc1C(C)NC(=O)c1cn(-c2ccccc2)nn1,True,2.904700000000001,-0.41600000000000126,0.5689655172413793,False,True
3.0,bin,3,-0.5795501172542572,-0.6448001861572266,-0.5143000483512878,1113130,CC(NC(=O)Cn1nnnc1C(C)(C)C)c1cccc2ccccc12,3.0012000000000016,CCCc1nnnn1CC(=O)NCc1cccc2ccccc12,True,2.0951999999999993,-0.9060000000000024,0.4603174603174603,False,True
3.0,bin,3,-0.5795501172542572,-0.6448001861572266,-0.5143000483512878,1121751,COC(=O)Cn1ccc(NS(=O)(=O)c2ccc(F)c(F)c2F)n1,1.2742,CNC(=O)Cn1ccc(NS(=O)(=O)c2ccccc2F)n1,True,0.5689999999999993,-0.7052000000000007,0.5636363636363636,False,True
3.0,bin,3,-0.5795501172542572,-0.6448001861572266,-0.5143000483512878,1142531,CCOC(C)C(=O)NCCc1csc(-c2ccc(C)cc2)n1,3.2022200000000014,COC(=O)CCN(C)C(=O)NCCc1csc(-c2ccc(C)cc2)n1,True,2.865520000000001,-0.33670000000000044,0.5573770491803278,False,True
3.0,bin,3,-0.5795501172542572,-0.6448001861572266,-0.5143000483512878,1212157,CN(Cc1ccc(F)c(F)c1)C(=O)c1cncc(-c2cnn(C)c2)c1,3.0325000000000015,COc1ccc(CNC(=O)c2cncc(-c3cnn(C)c3)c2)cc1O,True,2.1263,-0.9062000000000014,0.45588235294117646,False,True
3.0,bin,3,-0.5795501172542572,-0.6448001861572266,-0.5143000483512878,1215394,CCn1nc(C)cc1C(=O)Oc1cccc(NC(=O)C(C)C)c1,3.025120000000001,CCOC(=O)c1cc(C(=O)Oc2cccc(C)c2)n(CC)n1,True,2.6073200000000005,-0.4178000000000006,0.5084745762711864,False,True
3.0,bin,3,-0.5795501172542572,-0.6448001861572266,-0.5143000483512878,1232922,CC(C)(C)OC(=O)NC1CCCN(S(=O)(=O)N2CCOCC2)C1,0.5525000000000011,CCCS(=O)(=O)NC1CCCN(S(=O)(=O)N2CCOCC2)C1,True,-0.6427999999999976,-1.1952999999999987,0.5283018867924528,False,True
3.0,bin,3,-0.5795501172542572,-0.6448001861572266,-0.5143000483512878,1238973,FC(F)(F)c1cnc(N2CCn3c(nnc3C3CC3)C2)c(Cl)c1,3.2429000000000023,BrC=CC1=NC(NCCn2cnnc2C2CC2)=C1,True,1.9496999999999998,-1.2932000000000026,0.16,False,True
3.0,bin,3,-0.5795501172542572,-0.6448001861572266,-0.5143000483512878,1299495,Cc1cc(CC(=O)N2CCCC2C(C#N)c2ccccc2)no1,2.823900000000001,N#CC(c1ccccc1)C1CCCN1C(=O)C(O)c1ccon1,True,2.00638,-0.8175200000000009,0.5384615384615384,False,True
3.0,bin,3,-0.5795501172542572,-0.6448001861572266,-0.5143000483512878,1309906,CC(C)CC(NC(=O)c1cc(=O)c2ccccc2o1)C(=O)OC(C)C,2.8891000000000018,CC(C)C(=O)OCCN(C)C(=O)c1cc(=O)c2ccccc2o1,True,2.0642,-0.8249000000000017,0.4666666666666667,False,True
3.0,bin,3,-0.5795501172542572,-0.6448001861572266,-0.5143000483512878,1362816,COCc1cccc(C(=O)NC2CC2c2cccc(Cl)c2)c1,3.772300000000002,COc1ccc(F)c(C2CC2NC(=O)c2ccc(OC)c(OC)c2)c1,True,3.1374000000000013,-0.6349000000000009,0.3787878787878788,False,True
3.0,bin,3,-0.5795501172542572,-0.6448001861572266,-0.5143000483512878,1441838,COCC(=O)NC(C(=O)Nc1cccc(-c2nccs2)c1)C(C)C,2.5358,CNC(=O)NCC(=O)Nc1cccc(-c2nccs2)c1,True,1.6775999999999995,-0.8582000000000005,0.5573770491803278,False,False
3.0,bin,3,-0.5795501172542572,-0.6448001861572266,-0.5143000483512878,1450449,CCCNC(=O)CSc1nc2c(cc1C#N)CCCC2,2.450380000000001,C#CCNC(=O)CSc1nc2c(cc1C#N)CCCC2,True,1.67358,-0.7768000000000008,0.7692307692307693,False,True
3.0,bin,3,-0.5795501172542572,-0.6448001861572266,-0.5143000483512878,1451910,O=S(=O)(NCc1nnc2ccccn12)c1ccc(F)c(F)c1,1.4859999999999995,Cc1ccc(S(=O)(=O)NCc2nnc3ccccn23)cc1NC(N)=O,True,1.0068200000000003,-0.4791799999999993,0.6140350877192983,False,True
3.0,bin,3,-0.5795501172542572,-0.6448001861572266,-0.5143000483512878,1479798,Cc1nc(C)c(CCC(=O)N(CC(C)C)CC(F)(F)F)c(=O)[nH]1,2.3662400000000003,CCN(CCc1c(C)nc(C)[nH]c1=O)CC(C)=O,True,0.8401399999999999,-1.5261000000000005,0.44642857142857145,False,True
3.0,bin,3,-0.5795501172542572,-0.6448001861572266,-0.5143000483512878,1507926,COC(=O)C(C)NC(=O)Cc1csc(-c2ccccc2Cl)n1,2.6837,CC(=O)NCCNC(=O)Cc1csc(-c2ccccc2Cl)n1,True,2.2583,-0.4253999999999998,0.6111111111111112,False,False
3.0,bin,3,-0.5795501172542572,-0.6448001861572266,-0.5143000483512878,1527882,Nc1ncccc1C(=O)Nc1ccc2cn[nH]c2c1,1.7923999999999998,NC(=O)Nc1ncccc1C(=O)Nc1ccc2cn[nH]c2c1,True,1.7007999999999999,-0.0915999999999999,0.74,False,True
3.0,bin,3,-0.5795501172542572,-0.6448001861572266,-0.5143000483512878,1532848,COc1ccc(-c2ccc3c(=O)[nH]cnc3c2)cc1Cl,3.2521000000000013,COc1ccc(-c2ccc3c(=O)[nH]cnc3c2)c(OC)c1OC,True,2.615900000000001,-0.6362000000000005,0.6595744680851063,False,False
3.0,bin,3,-0.5795501172542572,-0.6448001861572266,-0.5143000483512878,1548351,COc1cc(OC)c2c(c1)C(c1cnccn1)NCC2,1.7288999999999999,NC(=O)Nc1ccc2c(c1)C(c1cnccn1)NCC2,True,1.2023,-0.5266,0.43333333333333335,False,True
3.0,bin,3,-0.5795501172542572,-0.6448001861572266,-0.5143000483512878,1570134,COc1cccc(C(C)N2CCN(C(=O)c3ccc(O)cc3)CC2)c1,2.9198000000000013,CC(c1ccccc1)N1CCN(C(=O)c2ccc(C(N)=O)cc2)CC1,True,2.3045,-0.6153000000000013,0.5490196078431373,False,True
3.0,bin,3,-0.5795501172542572,-0.6448001861572266,-0.5143000483512878,1611406,CC(C)(C)N1CC(NC(=O)C2COc3ccc(F)cc3C2)CC1=O,1.8923999999999994,CCNC1C(=O)CC1NC(=O)C1COc2ccc(OC)cc2C1,True,0.6819999999999997,-1.2103999999999997,0.4027777777777778,False,True
3.0,bin,3,-0.5795501172542572,-0.6448001861572266,-0.5143000483512878,1612684,CCCC1CN(C(=O)Nc2ccn(CCC(C)C)n2)CCO1,2.9620000000000015,CCOCCN(CO)C(=O)Nc1ccn(CC(F)(F)F)n1,True,1.2655999999999996,-1.696400000000002,0.2727272727272727,False,True
3.0,bin,3,-0.5795501172542572,-0.6448001861572266,-0.5143000483512878,1639675,CCC(CC)c1nnc(NC(=O)c2scnc2C2CC2)s1,4.0279000000000025,CC(C)[SH]1C=NN=C(NC(=O)c2scnc2C2CC2)S1,True,3.1210000000000013,-0.9069000000000011,0.4915254237288136,False,True
3.0,bin,3,-0.5795501172542572,-0.6448001861572266,-0.5143000483512878,1675660,COc1ccnc(NC(=O)c2cccc(Cl)c2)c1,2.9959000000000007,COC(=O)c1ccc(NC(=O)c2cccc(C)c2)nc1,True,2.4289200000000006,-0.56698,0.42592592592592593,False,True
3.0,bin,3,-0.5795501172542572,-0.6448001861572266,-0.5143000483512878,1689728,CCc1noc(CSc2ncnc3sc(C)cc23)n1,3.237420000000002,COCc1noc(CSc2ncnc3sccc23)n1,True,2.513000000000001,-0.7244200000000012,0.5172413793103449,False,True
3.0,bin,3,-0.5795501172542572,-0.6448001861572266,-0.5143000483512878,1720876,CC(C)(C)CC(=O)NCC(=O)Nc1ccc2c(c1)COC2,2.2077,COC(=O)C(C)CN(C)C(=O)c1ccc2c(c1)COC2,True,1.5978999999999999,-0.6098000000000001,0.3333333333333333,False,True
3.0,bin,3,-0.5795501172542572,-0.6448001861572266,-0.5143000483512878,1757109,CC(C)Cc1ncc(CNc2ccc3c(c2)COC3)s1,3.983900000000003,COCCC1C=NC=C(CNc2ccc3c(c2)COC3)S1,True,3.192800000000001,-0.7911000000000019,0.40625,False,True
3.0,bin,3,-0.5795501172542572,-0.6448001861572266,-0.5143000483512878,1774061,O=C1NCCCc2[nH]c(-c3cccc4[nH]ccc34)nc21,2.234,CN(CC1CNC(=O)c2nc(-c3cccc4[nH]ccc34)[nH]c2C1)C(N)=O,True,1.4706,-0.7634000000000001,0.5303030303030303,False,True
3.0,bin,3,-0.5795501172542572,-0.6448001861572266,-0.5143000483512878,1800687,Cc1nn(C)c(-c2nc(-c3cccnn3)no2)c1Cl,1.8889199999999997,COc1ccc(-c2noc(-c3c(Cl)cnn3C)n2)nn1,True,1.5891,-0.29981999999999975,0.41379310344827586,False,True
3.0,bin,3,-0.5795501172542572,-0.6448001861572266,-0.5143000483512878,1815867,FC(F)(F)c1ccc(CN2CCOCC2c2ncon2)cc1,2.661900000000001,CCOC=C1C=CC(CN2CCOCC2c2ncon2)=C1,True,1.8595000000000002,-0.8024000000000009,0.49206349206349204,False,True
3.0,bin,3,-0.5795501172542572,-0.6448001861572266,-0.5143000483512878,1828580,Cc1ccc(N2CC3OCC(=O)N(Cc4cccc(F)c4)C3C2)nn1,1.54032,CN(Cc1ccccc1)C(=O)COCCNc1ccc(C#N)nn1,True,1.4353799999999999,-0.10494000000000003,0.13333333333333333,False,True
3.0,bin,3,-0.5795501172542572,-0.6448001861572266,-0.5143000483512878,1836183,CCc1ccc(C(=O)NCc2nccc(N(C)C)n2)cc1,2.035,COc1cccc(C(=O)NCc2nccc(O)n2)c1F,True,1.2598999999999998,-0.7751000000000003,0.3548387096774194,False,True
3.0,bin,3,-0.5795501172542572,-0.6448001861572266,-0.5143000483512878,1842499,COc1ccccc1COc1ccccc1-c1cnn(CCO)c1,3.1300000000000017,NC(=O)Cn1cc(COc2ccccc2Cc2ccccc2O)cn1,True,2.2437999999999994,-0.8862000000000023,0.34375,False,True
3.0,bin,3,-0.5795501172542572,-0.6448001861572266,-0.5143000483512878,1865564,COC(CNC(=O)c1ccoc1)c1cccc(F)c1,2.536200000000001,Nc1cccc(CCNC(=O)c2ccoc2)c1,True,1.8343,-0.7019000000000009,0.41379310344827586,False,True
3.0,bin,3,-0.5795501172542572,-0.6448001861572266,-0.5143000483512878,1868773,CCCOc1ccc(Cl)c2c1CCNC2C1CC(=O)C1,3.2947000000000015,CC(CC=O)CNCCc1cccc(OC(F)F)c1,True,2.645200000000001,-0.6495000000000006,0.1038961038961039,False,True
3.0,bin,3,-0.5795501172542572,-0.6448001861572266,-0.5143000483512878,1873123,CCC1OC(=O)c2c(OC)ccc(Br)c21,3.079200000000002,COCCOC(=O)COC(=O)c1ccccc1Br,True,1.7955,-1.2837000000000018,0.21818181818181817,False,True
3.0,bin,3,-0.5795501172542572,-0.6448001861572266,-0.5143000483512878,1875028,Cc1cccc(C)c1NCC(=O)N1CCCC2CCCCC21,3.8965400000000034,C#CCOc1cccc(NCC(=O)N2CCCC3CCCCC32)c1,True,3.2917000000000023,-0.6048400000000012,0.5344827586206896,False,True
3.0,bin,3,-0.5795501172542572,-0.6448001861572266,-0.5143000483512878,1895921,CCC(CC)N(C)C(=O)CC1OC(=O)c2ccccc21,2.935200000000002,CC(C)CNC(=O)CC1OC(=O)c2ccccc21,True,2.0604,-0.8748000000000018,0.5306122448979592,False,True
3.0,bin,3,-0.5795501172542572,-0.6448001861572266,-0.5143000483512878,1907077,Cc1ccc2[nH]nc(C(=O)Nc3nc(-c4ccco4)cs3)c2c1,3.8401200000000015,N#CC1=CC=CNN=C(NC(=O)c2n[nH]c3ccccc23)SC=C1,True,2.3774800000000003,-1.4626400000000013,0.2839506172839506,False,True
3.0,bin,3,-0.5795501172542572,-0.6448001861572266,-0.5143000483512878,1913063,Cc1nn(C)c(C)c1CN(C(=O)c1cn2cccc(C)c2n1)C1CC1,2.797860000000001,COc1cccn2cc(C(=O)N(Cc3cnn(C)c3)C3CC3)nc12,True,1.8811999999999995,-0.9166600000000014,0.5217391304347826,False,True
3.0,bin,3,-0.5795501172542572,-0.6448001861572266,-0.5143000483512878,1922265,CN(CCNC(=O)c1ccc2c(c1)ncn2C)c1ccccc1,2.4395000000000007,O=C(NCCNc1ccccc1)c1ccc2[nH]cnc2c1,True,2.4048,-0.03470000000000084,0.4032258064516129,False,True
3.0,bin,4,-0.4522000253200531,-0.5143000483512878,-0.39010000228881836,32052,COc1ccccc1CNC(=O)Cc1c[nH]c2ccccc12,3.035400000000001,NC(=O)Nc1ccc(CNC(=O)Cc2c[nH]c3ccccc23)cc1,True,2.5174000000000003,-0.5180000000000007,0.5576923076923077,False,True
3.0,bin,4,-0.4522000253200531,-0.5143000483512878,-0.39010000228881836,116747,COCCSc1ccccc1C(=O)Nc1cccc(C)n1,3.3808200000000017,COC(=O)c1cc(NC(=O)c2cccc(C)n2)c(OC)cc1C,True,2.745940000000001,-0.6348800000000008,0.3333333333333333,False,True
3.0,bin,4,-0.4522000253200531,-0.5143000483512878,-0.39010000228881836,131060,CS(=O)(=O)NCCc1csc(-c2ccc(F)cc2)n1,2.0408999999999997,CN(CC(N)=O)C(=O)CCc1csc(-c2ccc(F)cc2)n1,True,1.8255000000000001,-0.2153999999999996,0.4909090909090909,False,True
3.0,bin,4,-0.4522000253200531,-0.5143000483512878,-0.39010000228881836,131949,CCc1c(C)nc(SCC(=O)NC(C)C)[nH]c1=O,1.25742,COCCCNC(=O)CSc1nc(C)c(C)c(=O)[nH]1,True,0.6315399999999998,-0.6258800000000002,0.44642857142857145,False,True
3.0,bin,4,-0.4522000253200531,-0.5143000483512878,-0.39010000228881836,158879,COc1ccc(CC(=O)OCC(=O)c2c[nH]c3ccccc23)cc1,3.145100000000001,NC(=O)NC(C(=O)OCC(=O)c1c[nH]c2ccccc12)c1ccc(F)cc1,True,2.442500000000001,-0.7026000000000003,0.4444444444444444,False,True
3.0,bin,4,-0.4522000253200531,-0.5143000483512878,-0.39010000228881836,232056,COCCNC(=O)c1cc(=O)c2cc(C)ccc2o1,1.4776199999999993,O=C(NCCO)c1cc(=O)c2cc(Cl)ccc2o1,True,1.1685,-0.3091199999999992,0.56,False,True
3.0,bin,4,-0.4522000253200531,-0.5143000483512878,-0.39010000228881836,235788,O=C(Cn1nc(-c2ccco2)oc1=O)NCC(F)(F)F,0.7747999999999999,N#CCCNC(=O)Cn1nc(-c2ccco2)oc1=O,True,0.1261799999999998,-0.6486200000000002,0.6666666666666666,False,True
3.0,bin,4,-0.4522000253200531,-0.5143000483512878,-0.39010000228881836,236081,CC(=O)c1c(C)[nH]c(C(=O)CSc2nc(C(C)C)n[nH]2)c1C,3.0506400000000014,CCc1n[nH]c(SCC(=O)c2[nH]c(C)c(C)c2C)n1,True,2.595460000000001,-0.45518000000000036,0.5283018867924528,False,True
3.0,bin,4,-0.4522000253200531,-0.5143000483512878,-0.39010000228881836,281081,O=C(Cn1cccn1)NCc1cccnc1Oc1ccc(F)cc1F,2.665000000000001,N#Cc1cccc(Oc2ncccc2CNC(=O)Cn2cccn2)c1,True,2.2584799999999996,-0.4065200000000013,0.6060606060606061,False,True
3.0,bin,4,-0.4522000253200531,-0.5143000483512878,-0.39010000228881836,284170,COc1ccc(-c2nc(CC(=O)Nc3cccc(C)n3)cs2)cc1,3.7033200000000024,N#Cc1ccc(NC(=O)Cc2csc(-c3ccccc3)n2)nc1,True,3.2579800000000017,-0.44534000000000074,0.46875,False,True
3.0,bin,4,-0.4522000253200531,-0.5143000483512878,-0.39010000228881836,288369,Cc1ccc(NCc2nnc3n2CCCCC3)cc1C,3.2334400000000016,N#CCCOc1cccc(NCc2nnc3n2CCCCC3)c1,True,2.909080000000001,-0.3243600000000004,0.5423728813559322,False,True
3.0,bin,4,-0.4522000253200531,-0.5143000483512878,-0.39010000228881836,302889,COc1ccc(OC)c(NC(=O)CCNC(=O)c2cccs2)c1,2.5239000000000003,Cc1ccc(NC(=O)CCNC(=O)c2cccs2)c(C(N)=O)c1,True,1.91402,-0.6098800000000002,0.559322033898305,False,True
3.0,bin,4,-0.4522000253200531,-0.5143000483512878,-0.39010000228881836,327141,COc1ccc(OC)c(S(=O)(=O)Nc2ccn(C)n2)c1,1.2381,CNC(=O)c1cc(C)ccc1S(=O)(=O)Nc1ccn(C)n1,True,0.8889199999999999,-0.34918000000000005,0.4727272727272727,False,True
3.0,bin,4,-0.4522000253200531,-0.5143000483512878,-0.39010000228881836,327382,CNC(=O)C1CN(C(=O)c2c(C)noc2C)c2ccccc2O1,1.4452399999999996,CNS(=O)(=O)COc1cccc(N(C)C(=O)c2c(C)noc2C)c1,True,1.4535399999999998,0.008300000000000196,0.2972972972972973,False,True
3.0,bin,4,-0.4522000253200531,-0.5143000483512878,-0.39010000228881836,406491,COCCNC(=O)C1CCCN(S(=O)(=O)N2CCOCC2)C1,-0.9619999999999964,NS(=O)(=O)CC1CCN(S(=O)(=O)N2CCOCC2)CC1,True,-1.4360999999999964,-0.47409999999999997,0.37735849056603776,False,True
3.0,bin,4,-0.4522000253200531,-0.5143000483512878,-0.39010000228881836,413951,O=C(Cn1ncn2cccc2c1=O)N1CCCCCC1,0.8985999999999996,NC1CCCCCN1C(=O)Cn1ncn2cccc2c1=O,True,0.18339999999999956,-0.7152000000000001,0.6862745098039216,False,True
3.0,bin,4,-0.4522000253200531,-0.5143000483512878,-0.39010000228881836,427929,CCNc1nc(NCc2ccccc2Cl)c2cnn(C)c2n1,3.060600000000001,CCNc1nc(C)nc2c1cnn2Cc1ccccc1,True,2.614820000000001,-0.44578000000000007,0.4067796610169492,False,True
3.0,bin,4,-0.4522000253200531,-0.5143000483512878,-0.39010000228881836,447130,CCC(NC(=O)C1CCN(C(=O)C2CC2)CC1)c1ccc(C)cc1,3.2109200000000016,COc1ccc(Cl)cc1CNC(=O)C1CCN(C(=O)C2CC2)CC1,True,2.6134000000000004,-0.5975200000000012,0.4032258064516129,False,True
3.0,bin,4,-0.4522000253200531,-0.5143000483512878,-0.39010000228881836,481908,CCNS(=O)(=O)c1ccc(C)c(C(=O)Nc2ncccc2C)c1,2.24894,CNS(=O)(=O)c1cc(C(=O)Nc2ncccc2C)ccc1C,True,1.8588399999999996,-0.39010000000000056,0.5454545454545454,False,True
3.0,bin,4,-0.4522000253200531,-0.5143000483512878,-0.39010000228881836,485220,Cc1nn(CC(=O)N2CCN(C)CC2)c(C)c1Br,1.03644,CC(=O)Nc1cccc(Cn2nc(C)c(C)c2C(C)=O)n1,True,2.10424,1.0677999999999999,0.20967741935483872,False,True
3.0,bin,4,-0.4522000253200531,-0.5143000483512878,-0.39010000228881836,526363,Cc1nnc(SCC(=O)Nc2ccc(O)cc2)n(N)c1=O,0.09692,NC(=O)C=C1C=CNC(NC(=O)CSc2nncc(=O)[nH]2)=C1,True,-1.2568000000000001,-1.35372,0.2465753424657534,False,True
3.0,bin,4,-0.4522000253200531,-0.5143000483512878,-0.39010000228881836,536853,COc1ccc(C2CCCN2C(=O)C2CCC2)c(OC)c1,3.1674000000000015,Nc1cccc(C2CCCN2C(=O)C2CCC2)c1,True,2.732400000000001,-0.4350000000000005,0.5,False,True
3.0,bin,4,-0.4522000253200531,-0.5143000483512878,-0.39010000228881836,540312,Cc1nn(C)c2nc(C3CC3)cc(C(=O)NCC(=O)NC(C)(C)C)c12,1.7986199999999997,CCN(CCO)C(=O)c1cc(C2CC2)nc2c1c(C)nn2C,True,1.6085199999999997,-0.19009999999999994,0.53125,False,False
3.0,bin,4,-0.4522000253200531,-0.5143000483512878,-0.39010000228881836,544381,Cc1nc(N2CCCC(C(=O)NC(C)C)C2)c2c(C)c(C)oc2n1,2.8890600000000006,COCCN(C)C(=O)CCCCNC1=NC(C)=NCOC(C)=C(C)C1,True,2.3397000000000006,-0.5493600000000001,0.11363636363636363,False,True
3.0,bin,4,-0.4522000253200531,-0.5143000483512878,-0.39010000228881836,544382,CCCNC(=O)C1CCCN(c2nc(C)nc3oc(C)c(C)c23)C1,2.8906600000000013,Cc1nc(N2CCC(O)CC2)c2c(C)c(C)oc2n1,True,2.1091599999999997,-0.7815000000000016,0.5087719298245614,False,True
3.0,bin,4,-0.4522000253200531,-0.5143000483512878,-0.39010000228881836,550049,Cc1ccc(C)c(OCC(=O)Nc2cccc(-n3cnnc3)c2)c1,2.9016400000000013,O=C(COc1cccc(F)c1)Nc1cccc(-n2cnnc2)c1,True,2.4238999999999997,-0.4777400000000016,0.6071428571428571,False,True
3.0,bin,4,-0.4522000253200531,-0.5143000483512878,-0.39010000228881836,573533,Cc1nn(-c2ncc(C(F)(F)F)cc2Cl)c(=O)o1,2.2011199999999995,Cc1nn(-c2ncc(C(F)(F)F)cc2F)c(=O)o1,True,1.6868200000000002,-0.5142999999999993,0.7619047619047619,False,True
3.0,bin,4,-0.4522000253200531,-0.5143000483512878,-0.39010000228881836,582555,O=C(NCC(O)c1ccccc1)c1ccc2c(=O)n3c(nc2c1)CCC3,1.8061000000000003,NC(=O)C1CC=CC(C(=O)NCC(O)c2ccccc2)=CN=CCC1,True,1.6324999999999996,-0.17360000000000064,0.3246753246753247,False,True
3.0,bin,4,-0.4522000253200531,-0.5143000483512878,-0.39010000228881836,588547,Cc1n[nH]c(C)c1NC(=O)CCc1ccc(Cl)cc1Cl,3.9046400000000023,Cc1cc(C)c(CCC(=O)Nc2c(C)n[nH]c2C)c(C)c1,True,3.523100000000002,-0.3815400000000002,0.58,False,True
3.0,bin,4,-0.4522000253200531,-0.5143000483512878,-0.39010000228881836,607673,CCCN(CC1CC1)S(=O)(=O)c1ccccc1F,2.636400000000001,CN(CC1CC1)S(=O)(=O)c1cc(C#N)ccc1Cl,True,2.2421800000000003,-0.3942200000000007,0.3157894736842105,False,True
3.0,bin,4,-0.4522000253200531,-0.5143000483512878,-0.39010000228881836,617681,Cc1cc(C(=O)Nc2nc(-c3ccncc3)cs2)nn1C(C)C,3.5432200000000016,C=CCn1ccc(C(=O)Nc2nc(-c3ccncc3)cs2)n1,True,2.839900000000001,-0.7033200000000006,0.5245901639344263,False,True
3.0,bin,4,-0.4522000253200531,-0.5143000483512878,-0.39010000228881836,650267,COc1ccc2oc(C(=O)NC3CCCCNC3=O)c(C)c2c1,2.14832,N#CC=CC=COC(=O)C(=O)NC1CCCCNC1,True,0.38137999999999966,-1.7669400000000004,0.1794871794871795,False,True
3.0,bin,4,-0.4522000253200531,-0.5143000483512878,-0.39010000228881836,668639,Cc1cc(NC(=O)c2ccccc2Cl)ncc1N,2.8779200000000005,CCOC(=O)c1ccc(NC(=O)c2cccc(F)c2)nc1,True,2.649700000000001,-0.22821999999999942,0.3064516129032258,False,True
3.0,bin,4,-0.4522000253200531,-0.5143000483512878,-0.39010000228881836,673160,CCC(=O)Nc1ccc2oc(C(F)(F)F)cc(=O)c2c1,3.160300000000001,CC(=O)Nc1ccc2oc(C(F)(F)F)cc(=O)c2c1,True,2.770200000000001,-0.39010000000000034,0.75,False,False
3.0,bin,4,-0.4522000253200531,-0.5143000483512878,-0.39010000228881836,711169,Cc1cccc(C(C)C)c1NC(=O)N(C)Cc1ccncc1,4.177320000000003,CN(Cc1cccc(C(F)(F)F)c1)C(=O)Nc1ccncc1,True,3.764300000000002,-0.4130200000000004,0.4482758620689655,False,True
3.0,bin,4,-0.4522000253200531,-0.5143000483512878,-0.39010000228881836,720969,Cc1noc(C)c1CCC(=O)OCC(=O)N1c2ccccc2CC1C,2.7450400000000013,Cc1noc(C)c1CCC(=O)OCC(=O)N1CCc2ccccc21,True,2.35654,-0.3885000000000014,0.6721311475409836,False,False
3.0,bin,4,-0.4522000253200531,-0.5143000483512878,-0.39010000228881836,730789,COC(=O)C1CCN(C(=O)c2cc3ccc(F)cc3nc2C)CC1,2.7075200000000006,Cc1nc2cc(N)ccc2cc1C(=O)N1CCCC(C#N)C1,True,2.5012000000000008,-0.20631999999999984,0.4393939393939394,False,True
3.0,bin,4,-0.4522000253200531,-0.5143000483512878,-0.39010000228881836,738178,Cc1ccc(-n2ccnc2SCc2nc(C3CC3)no2)cc1C,4.041840000000003,Fc1ccccc1-n1ccnc1SCc1nc(C2CC2)no1,True,3.5641000000000016,-0.4777400000000016,0.6206896551724138,False,True
3.0,bin,4,-0.4522000253200531,-0.5143000483512878,-0.39010000228881836,771897,COc1ccccc1OCC(=O)N(C)Cc1sccc1C,3.102520000000002,COC(=O)c1ccsc1CN(C)C(=O)COc1ccc(F)cc1,True,2.7112000000000007,-0.3913200000000012,0.49122807017543857,False,True
3.0,bin,4,-0.4522000253200531,-0.5143000483512878,-0.39010000228881836,811446,COC(=O)C1(NC(=O)c2cc(Br)c[nH]2)CCCCCC1,2.7730000000000006,CCCCC(NC(=O)c1cc(Br)c[nH]1)C(=O)NCCOC,True,1.8283999999999998,-0.9446000000000008,0.3770491803278688,False,True
3.0,bin,4,-0.4522000253200531,-0.5143000483512878,-0.39010000228881836,848291,CCC(C)NC(=O)NCc1noc(-c2cccs2)n1,2.3958000000000004,CCOCCCNC(=O)c1noc(-c2cccs2)n1,True,1.9545000000000001,-0.44130000000000025,0.453125,False,True
3.0,bin,4,-0.4522000253200531,-0.5143000483512878,-0.39010000228881836,863440,COc1ccc(-c2nc(CCCO)cs2)cc1OC,2.752200000000001,COc1ccc(C(N)=O)cc1-c1nc(CCC#N)cs1,True,2.373780000000001,-0.3784200000000002,0.4482758620689655,False,True
3.0,bin,4,-0.4522000253200531,-0.5143000483512878,-0.39010000228881836,864663,N#Cc1ccc(-c2cc(F)ccc2F)nc1N1CCCC1,3.498680000000002,N#Cc1ccc(-c2ccc(O)cc2)nc1N1CCCC1,True,2.9260800000000007,-0.5726000000000013,0.5416666666666666,False,True
3.0,bin,4,-0.4522000253200531,-0.5143000483512878,-0.39010000228881836,872100,CCc1cccc(C)c1NCC(O)c1ccc2c(c1)OCCO2,3.474120000000002,CCOc1ccccc1NCC(O)c1ccc2c(c1)OCCO2,True,3.0020000000000016,-0.4721200000000003,0.543859649122807,False,True
3.0,bin,4,-0.4522000253200531,-0.5143000483512878,-0.39010000228881836,886334,COc1ccc(C(=O)N2CCCC(C(=O)N3CCCCC3)C2)c(O)c1,2.2655000000000003,NC(=O)NCC=C1C=CC(C(=O)N2CCCC(C(=O)N3CCCCC3)C2)=C1,True,1.3284,-0.9371000000000003,0.3787878787878788,False,True
3.0,bin,4,-0.4522000253200531,-0.5143000483512878,-0.39010000228881836,887387,COCCNC(=O)N(Cc1cccc(F)c1)CC1CCCO1,2.1627,O=C(NCCO)N(Cc1cccc(Cl)c1)C1CCCO1,True,1.9803999999999997,-0.18230000000000035,0.4142857142857143,False,True
3.0,bin,4,-0.4522000253200531,-0.5143000483512878,-0.39010000228881836,889149,N#Cc1ccc(NC(=O)c2ccc(Br)cc2Cl)nc1,3.621480000000001,N#Cc1ccc(NC(=O)c2ccc(C(F)(F)F)cc2)nc1,True,3.224380000000002,-0.3970999999999991,0.5,False,False
3.0,bin,4,-0.4522000253200531,-0.5143000483512878,-0.39010000228881836,913483,O=C(CNC(=O)NCCc1c(Cl)cccc1Cl)NC1CC1,2.1137000000000006,CC(C)(CNC(=O)NCC(=O)NC1CC1)c1ccccc1,True,1.5420000000000003,-0.5717000000000003,0.49019607843137253,False,True
3.0,bin,4,-0.4522000253200531,-0.5143000483512878,-0.39010000228881836,917620,C=CCN(Cc1ccccc1OC)C(=O)c1csc(C)n1,3.288520000000002,CC(=O)Nc1ccc(CN(C)C(=O)c2csc(C)n2)cc1,True,2.682120000000001,-0.6064000000000007,0.4032258064516129,False,True
3.0,bin,4,-0.4522000253200531,-0.5143000483512878,-0.39010000228881836,918312,CCOc1ccc(Cl)c(C(=O)N2CCN(c3ncccn3)CC2)n1,1.8860999999999997,O=C(c1ncc(Cl)cn1)N1CCN(c2ncccn2)CC1,True,0.8823999999999997,-1.0036999999999998,0.4807692307692308,False,True
3.0,bin,4,-0.4522000253200531,-0.5143000483512878,-0.39010000228881836,922879,CC(=O)c1ccc(N2CCN(Cc3c(F)cccc3F)CC2)cc1,3.489600000000003,COc1ccccc1CN1CCN(c2ccccc2OC)CC1,True,3.0260000000000016,-0.46360000000000134,0.2777777777777778,False,False
3.0,bin,4,-0.4522000253200531,-0.5143000483512878,-0.39010000228881836,927535,COc1cc(CN2CCN(c3ccccc3F)CC2)ccc1O,2.862100000000002,NC(=O)Nc1ccc(CN2CCN(c3ccccc3F)CC2)cc1,True,2.6385000000000014,-0.2236000000000007,0.509090909090909,False,True
3.0,bin,4,-0.4522000253200531,-0.5143000483512878,-0.39010000228881836,927567,Cc1ccccc1N1CCN(Cc2cccc(O)c2)CC1,3.022820000000001,Nc1cccc(N2CCN(Cc3ccc(O)cc3)CC2)c1,True,2.2966000000000006,-0.7262200000000005,0.42857142857142855,False,True
3.0,bin,4,-0.4522000253200531,-0.5143000483512878,-0.39010000228881836,938108,CC(c1ccccc1)N(C)C(=O)CCC(=O)Nc1nccs1,3.0814000000000012,COc1cccc(CN(C)C(=O)CCC(=O)Nc2nccs2)c1,True,2.529,-0.5524000000000013,0.5245901639344263,False,True
3.0,bin,4,-0.4522000253200531,-0.5143000483512878,-0.39010000228881836,943303,CN(CCCOc1ccccc1)C(=O)Nc1cccc2c1OCCO2,3.390600000000002,N#Cc1ccc(OCCNC(=O)Nc2cccc3c2OCCO3)cc1,True,2.52998,-0.8606200000000017,0.5079365079365079,False,True
3.0,bin,4,-0.4522000253200531,-0.5143000483512878,-0.39010000228881836,946289,CC(NC(=O)C1(c2cc(-c3ccco3)on2)CC1)c1ccccc1,3.843600000000002,O=C(NCc1ccccc1F)C1(c2cc(-c3ccco3)on2)CC1,True,3.421700000000002,-0.42189999999999994,0.5833333333333334,False,False
3.0,bin,4,-0.4522000253200531,-0.5143000483512878,-0.39010000228881836,994077,Cc1nnc(Cn2c(-c3cccc(Br)c3)noc2=O)o1,2.0055199999999997,CCOC(=O)c1ccc(-c2noc(=O)n2Cc2nnc(C)o2)cc1,True,1.4197199999999999,-0.5857999999999999,0.5614035087719298,False,True
3.0,bin,4,-0.4522000253200531,-0.5143000483512878,-0.39010000228881836,1065620,O=C(NCc1cccnc1Oc1ccccc1)c1cccnc1,3.198900000000002,NCNc1ncccc1C(=O)NCc1cccnc1Oc1ccccc1,True,2.527,-0.6719000000000017,0.6,False,True
3.0,bin,4,-0.4522000253200531,-0.5143000483512878,-0.39010000228881836,1093926,CN(C(=O)CNc1cccc(OCC2CCCO2)c1)c1ccccc1,3.319300000000002,Nc1cccc(NC(=O)CNc2cccc(OCC3CCCO3)c2)c1,True,2.877200000000001,-0.4421000000000008,0.6190476190476191,False,True
3.0,bin,4,-0.4522000253200531,-0.5143000483512878,-0.39010000228881836,1107920,CCc1ccc(-n2cc(C(=O)NC(C)c3ccccc3)nn2)cc1,3.320700000000002,CC(NC(=O)c1cn(-c2ccccc2)nn1)c1ccc(C#N)cc1,True,2.6299800000000007,-0.6907200000000016,0.6481481481481481,False,True
3.0,bin,4,-0.4522000253200531,-0.5143000483512878,-0.39010000228881836,1113130,CC(NC(=O)Cn1nnnc1C(C)(C)C)c1cccc2ccccc12,3.0012000000000016,CC(C)(C)c1nnnn1CC(=O)NCc1cccc2ccccc12,True,2.4402,-0.5610000000000017,0.6666666666666666,False,True
3.0,bin,4,-0.4522000253200531,-0.5143000483512878,-0.39010000228881836,1121751,COC(=O)Cn1ccc(NS(=O)(=O)c2ccc(F)c(F)c2F)n1,1.2742,COC(=O)Cn1ccc(NS(=O)(=O)c2ccccc2)n1,True,0.8569,-0.4173,0.6274509803921569,False,True
3.0,bin,4,-0.4522000253200531,-0.5143000483512878,-0.39010000228881836,1142531,CCOC(C)C(=O)NCCc1csc(-c2ccc(C)cc2)n1,3.2022200000000014,COCCNC(=O)OCc1csc(-c2ccc(C)cc2)n1,True,2.9911200000000013,-0.21110000000000007,0.5,False,True
3.0,bin,4,-0.4522000253200531,-0.5143000483512878,-0.39010000228881836,1212157,CN(Cc1ccc(F)c(F)c1)C(=O)c1cncc(-c2cnn(C)c2)c1,3.0325000000000015,COc1cccc(CNC(=O)c2cncc(-c3cnn(C)c3)c2)c1O,True,2.1263,-0.9062000000000014,0.4084507042253521,False,True
3.0,bin,4,-0.4522000253200531,-0.5143000483512878,-0.39010000228881836,1215394,CCn1nc(C)cc1C(=O)Oc1cccc(NC(=O)C(C)C)c1,3.025120000000001,CCOC(=O)c1ccc(OC(=O)c2cc(C)nn2C)cc1,True,2.1244199999999998,-0.9007000000000014,0.39344262295081966,False,True
3.0,bin,4,-0.4522000253200531,-0.5143000483512878,-0.39010000228881836,1232922,CC(C)(C)OC(=O)NC1CCCN(S(=O)(=O)N2CCOCC2)C1,0.5525000000000011,CC(C)(C)NC(=O)C1CCCN(S(=O)(=O)N2CCOCC2)C1,True,0.1901000000000017,-0.3623999999999994,0.5576923076923077,False,True
3.0,bin,4,-0.4522000253200531,-0.5143000483512878,-0.39010000228881836,1238973,FC(F)(F)c1cnc(N2CCn3c(nnc3C3CC3)C2)c(Cl)c1,3.2429000000000023,Fc1cnc(N2CCn3c(nnc3C3CC3)C2)c(C(F)(F)F)n1,True,2.1235999999999997,-1.1193000000000026,0.6181818181818182,False,True
3.0,bin,4,-0.4522000253200531,-0.5143000483512878,-0.39010000228881836,1299495,Cc1cc(CC(=O)N2CCCC2C(C#N)c2ccccc2)no1,2.823900000000001,Cc1cc(CC(=O)N2CCC(C(N)=O)C2c2ccccc2C)no1,True,1.9090399999999998,-0.9148600000000011,0.47058823529411764,False,True
3.0,bin,4,-0.4522000253200531,-0.5143000483512878,-0.39010000228881836,1309906,CC(C)CC(NC(=O)c1cc(=O)c2ccccc2o1)C(=O)OC(C)C,2.8891000000000018,CCCCCNC(=O)CNC(=O)c1cc(=O)c2ccccc2o1,True,1.829199999999999,-1.0599000000000027,0.45901639344262296,False,True
3.0,bin,4,-0.4522000253200531,-0.5143000483512878,-0.39010000228881836,1362816,COCc1cccc(C(=O)NC2CC2c2cccc(Cl)c2)c1,3.772300000000002,COc1cccc(C(=O)NC2CC2c2cccc(F)c2)c1F,True,3.2593000000000014,-0.5130000000000008,0.42857142857142855,False,True
3.0,bin,4,-0.4522000253200531,-0.5143000483512878,-0.39010000228881836,1441838,COCC(=O)NC(C(=O)Nc1cccc(-c2nccs2)c1)C(C)C,2.5358,CC(=O)NCCOCC(=O)Nc1cccc(-c2nccs2)c1,True,1.9012999999999998,-0.6345000000000003,0.5625,False,True
3.0,bin,4,-0.4522000253200531,-0.5143000483512878,-0.39010000228881836,1450449,CCCNC(=O)CSc1nc2c(cc1C#N)CCCC2,2.450380000000001,COC(=O)CSc1nc2c(cc1C#N)CCC(O)C2,True,1.06798,-1.382400000000001,0.5,False,True
3.0,bin,4,-0.4522000253200531,-0.5143000483512878,-0.39010000228881836,1451910,O=S(=O)(NCc1nnc2ccccn12)c1ccc(F)c(F)c1,1.4859999999999995,N#Cc1ccccc1S(=O)(=O)NCc1nnc2ccccn12,True,1.07948,-0.40651999999999955,0.5555555555555556,False,False
3.0,bin,4,-0.4522000253200531,-0.5143000483512878,-0.39010000228881836,1479798,Cc1nc(C)c(CCC(=O)N(CC(C)C)CC(F)(F)F)c(=O)[nH]1,2.3662400000000003,CCN(C(=O)CCC1=C(C)N=C(C)NC(=O)C1)C(C)C,True,2.2358000000000002,-0.1304400000000001,0.2537313432835821,False,True
3.0,bin,4,-0.4522000253200531,-0.5143000483512878,-0.39010000228881836,1507926,COC(=O)C(C)NC(=O)Cc1csc(-c2ccccc2Cl)n1,2.6837,CNC(=O)COC(=O)Cc1csc(-c2ccccc2Cl)n1,True,2.2952000000000004,-0.3884999999999996,0.6181818181818182,False,False
3.0,bin,4,-0.4522000253200531,-0.5143000483512878,-0.39010000228881836,1527882,Nc1ncccc1C(=O)Nc1ccc2cn[nH]c2c1,1.7923999999999998,NC(=O)CSc1ncccc1C(=O)Nc1ccc2cn[nH]c2c1,True,1.7876,-0.004799999999999693,0.6727272727272727,False,True
3.0,bin,4,-0.4522000253200531,-0.5143000483512878,-0.39010000228881836,1532848,COc1ccc(-c2ccc3c(=O)[nH]cnc3c2)cc1Cl,3.2521000000000013,CC(=O)OC=C1C=C(c2ccc3c(=O)[nH]cnc3c2)C=C1F,True,2.6205000000000007,-0.6316000000000006,0.4406779661016949,False,True
3.0,bin,4,-0.4522000253200531,-0.5143000483512878,-0.39010000228881836,1548351,COc1cc(OC)c2c(c1)C(c1cnccn1)NCC2,1.7288999999999999,NC(=O)Nc1ccc2c(c1)C(c1cnccn1)NCC2,True,1.2023,-0.5266,0.43333333333333335,False,True
3.0,bin,4,-0.4522000253200531,-0.5143000483512878,-0.39010000228881836,1570134,COc1cccc(C(C)N2CCN(C(=O)c3ccc(O)cc3)CC2)c1,2.9198000000000013,O=C(c1cccc(O)c1)N1CCN(Cc2ccccc2F)CC1,True,2.4893,-0.4305000000000012,0.31746031746031744,False,True
3.0,bin,4,-0.4522000253200531,-0.5143000483512878,-0.39010000228881836,1611406,CC(C)(C)N1CC(NC(=O)C2COc3ccc(F)cc3C2)CC1=O,1.8923999999999994,O=C(NC1(O)CNC1)C1COc2ccc(Cl)cc2C1=O,True,-0.0607000000000002,-1.9530999999999996,0.23684210526315788,False,True
3.0,bin,4,-0.4522000253200531,-0.5143000483512878,-0.39010000228881836,1612684,CCCC1CN(C(=O)Nc2ccn(CCC(C)C)n2)CCO1,2.9620000000000015,CC1CCCN(C(=O)Nc2ccn(C)n2)C(C)OC1,True,2.0465,-0.9155000000000015,0.3380281690140845,False,True
3.0,bin,4,-0.4522000253200531,-0.5143000483512878,-0.39010000228881836,1639675,CCC(CC)c1nnc(NC(=O)c2scnc2C2CC2)s1,4.0279000000000025,CCCCc1nnc(NC(=O)c2scnc2C2CC2)s1,True,3.4669000000000025,-0.5609999999999999,0.6923076923076923,False,False
3.0,bin,4,-0.4522000253200531,-0.5143000483512878,-0.39010000228881836,1675660,COc1ccnc(NC(=O)c2cccc(Cl)c2)c1,2.9959000000000007,CC(=O)Nc1ccccc1C(=O)Nc1cc(C)ccn1,True,2.600720000000001,-0.39517999999999986,0.35714285714285715,False,True
3.0,bin,4,-0.4522000253200531,-0.5143000483512878,-0.39010000228881836,1689728,CCc1noc(CSc2ncnc3sc(C)cc23)n1,3.237420000000002,COCc1noc(CSc2ncnc3sc(C)cc23)n1,True,2.8214200000000007,-0.41600000000000126,0.78,False,True
3.0,bin,4,-0.4522000253200531,-0.5143000483512878,-0.39010000228881836,1720876,CC(C)(C)CC(=O)NCC(=O)Nc1ccc2c(c1)COC2,2.2077,CCN(CC)S(=O)(=O)Nc1ccc2c(c1)COC2,True,1.7152999999999998,-0.49240000000000017,0.40384615384615385,False,True
3.0,bin,4,-0.4522000253200531,-0.5143000483512878,-0.39010000228881836,1757109,CC(C)Cc1ncc(CNc2ccc3c(c2)COC3)s1,3.983900000000003,CC=NC(C)=C(S)CNc1ccc2c(c1)COC2,True,3.380700000000001,-0.603200000000002,0.3728813559322034,False,True
3.0,bin,4,-0.4522000253200531,-0.5143000483512878,-0.39010000228881836,1774061,O=C1NCCCc2[nH]c(-c3cccc4[nH]ccc34)nc21,2.234,Nc1cccc2[nH]c(-c3cccc4[nH]ccc34)nc12,True,3.293400000000001,1.059400000000001,0.4528301886792453,False,True
3.0,bin,4,-0.4522000253200531,-0.5143000483512878,-0.39010000228881836,1800687,Cc1nn(C)c(-c2nc(-c3cccnn3)no2)c1Cl,1.8889199999999997,CCN1C=NN(C)C1c1nc(-c2cccnn2)no1,True,0.7357999999999998,-1.15312,0.4166666666666667,False,True
3.0,bin,4,-0.4522000253200531,-0.5143000483512878,-0.39010000228881836,1815867,FC(F)(F)c1ccc(CN2CCOCC2c2ncon2)cc1,2.661900000000001,CCOC=C1C=C(CN2CCOCC2c2ncon2)C(OC)=C1,True,1.8336000000000001,-0.8283000000000009,0.4626865671641791,False,True
3.0,bin,4,-0.4522000253200531,-0.5143000483512878,-0.39010000228881836,1828580,Cc1ccc(N2CC3OCC(=O)N(Cc4cccc(F)c4)C3C2)nn1,1.54032,CN(CCOCC(=O)NCc1cccc(C#N)c1)c1cccnn1,True,1.1174799999999998,-0.4228400000000001,0.13829787234042554,False,True
3.0,bin,4,-0.4522000253200531,-0.5143000483512878,-0.39010000228881836,1836183,CCc1ccc(C(=O)NCc2nccc(N(C)C)n2)cc1,2.035,COc1cccc(OC)c1C(=O)NCc1nccc(N(C)C)n1,True,1.4897999999999998,-0.5452000000000004,0.5769230769230769,False,True
3.0,bin,4,-0.4522000253200531,-0.5143000483512878,-0.39010000228881836,1842499,COc1ccccc1COc1ccccc1-c1cnn(CCO)c1,3.1300000000000017,NC(=O)Cn1cc(COc2cccc3ccccc23)cn1,True,2.100599999999999,-1.0294000000000025,0.3125,False,True
3.0,bin,4,-0.4522000253200531,-0.5143000483512878,-0.39010000228881836,1865564,COC(CNC(=O)c1ccoc1)c1cccc(F)c1,2.536200000000001,Nc1ccccc1CCNC(=O)c1ccoc1,True,1.8343,-0.7019000000000009,0.3793103448275862,False,True
3.0,bin,4,-0.4522000253200531,-0.5143000483512878,-0.39010000228881836,1868773,CCCOc1ccc(Cl)c2c1CCNC2C1CC(=O)C1,3.2947000000000015,O=C1CCC(CNCCc2cccc(C(F)(F)F)c2)C1,True,3.2067000000000014,-0.08800000000000008,0.16216216216216217,False,True
3.0,bin,4,-0.4522000253200531,-0.5143000483512878,-0.39010000228881836,1873123,CCC1OC(=O)c2c(OC)ccc(Br)c21,3.079200000000002,COc1ccc(C(F)(F)F)c2c1C(=O)OC2,True,2.3844000000000003,-0.6948000000000016,0.32,False,True
3.0,bin,4,-0.4522000253200531,-0.5143000483512878,-0.39010000228881836,1875028,Cc1cccc(C)c1NCC(=O)N1CCCC2CCCCC21,3.8965400000000034,COC1=CC=COCC1NCC(=O)NCCC1CCCCC1C,True,2.351399999999999,-1.5451400000000044,0.18666666666666668,False,True
3.0,bin,4,-0.4522000253200531,-0.5143000483512878,-0.39010000228881836,1895921,CCC(CC)N(C)C(=O)CC1OC(=O)c2ccccc21,2.935200000000002,CC(C)COC(=O)CC1OC(=O)c2ccccc21,True,2.487400000000001,-0.44780000000000086,0.5306122448979592,False,True
3.0,bin,4,-0.4522000253200531,-0.5143000483512878,-0.39010000228881836,1907077,Cc1ccc2[nH]nc(C(=O)Nc3nc(-c4ccco4)cs3)c2c1,3.8401200000000015,C=C(N=CNC(=O)C=NNC=CC=CC#N)c1ccco1,True,1.5636800000000002,-2.2764400000000014,0.1927710843373494,False,True
3.0,bin,4,-0.4522000253200531,-0.5143000483512878,-0.39010000228881836,1913063,Cc1nn(C)c(C)c1CN(C(=O)c1cn2cccc(C)c2n1)C1CC1,2.797860000000001,COCCn1cc(CN(C(=O)c2cn3ccccc3n2)C2CC2)c(C)n1,True,2.29042,-0.5074400000000008,0.47297297297297297,False,True
3.0,bin,4,-0.4522000253200531,-0.5143000483512878,-0.39010000228881836,1922265,CN(CCNC(=O)c1ccc2c(c1)ncn2C)c1ccccc1,2.4395000000000007,NN(CCNC(=O)c1ccc2[nH]cnc2c1)c1ccccc1,True,1.673,-0.7665000000000006,0.46774193548387094,False,True
3.0,bin,5,-0.34654998779296875,-0.39010000228881836,-0.30299997329711914,32052,COc1ccccc1CNC(=O)Cc1c[nH]c2ccccc12,3.035400000000001,CNC(=O)c1ccc(C)c(CNC(=O)Cc2c[nH]c3ccccc23)c1,True,2.69482,-0.340580000000001,0.5636363636363636,False,True
3.0,bin,5,-0.34654998779296875,-0.39010000228881836,-0.30299997329711914,116747,COCCSc1ccccc1C(=O)Nc1cccc(C)n1,3.3808200000000017,COCCSc1ccccc1C(=O)Nc1ccccn1,True,3.072400000000001,-0.3084200000000008,0.7083333333333334,False,False
3.0,bin,5,-0.34654998779296875,-0.39010000228881836,-0.30299997329711914,131060,CS(=O)(=O)NCCc1csc(-c2ccc(F)cc2)n1,2.0408999999999997,CS(=O)(=O)NCC(=O)NCc1csc(-c2ccccc2Cl)n1,True,1.6288999999999998,-0.4119999999999999,0.3898305084745763,False,True
3.0,bin,5,-0.34654998779296875,-0.39010000228881836,-0.30299997329711914,131949,CCc1c(C)nc(SCC(=O)NC(C)C)[nH]c1=O,1.25742,CCNC(=O)CSc1nc(C)c(CC)c(=O)[nH]1,True,0.8689200000000001,-0.38849999999999985,0.7272727272727273,False,True
3.0,bin,5,-0.34654998779296875,-0.39010000228881836,-0.30299997329711914,158879,COc1ccc(CC(=O)OCC(=O)c2c[nH]c3ccccc23)cc1,3.145100000000001,N#Cc1ccc(CC(=O)OCC(=O)c2c[nH]c3ccccc23)cc1O,True,2.713780000000001,-0.4313199999999999,0.6140350877192983,False,True
3.0,bin,5,-0.34654998779296875,-0.39010000228881836,-0.30299997329711914,232056,COCCNC(=O)c1cc(=O)c2cc(C)ccc2o1,1.4776199999999993,COCCNC(=O)c1cc(=O)c2ccccc2o1,True,1.1691999999999994,-0.3084199999999999,0.7333333333333333,False,True
3.0,bin,5,-0.34654998779296875,-0.39010000228881836,-0.30299997329711914,235788,O=C(Cn1nc(-c2ccco2)oc1=O)NCC(F)(F)F,0.7747999999999999,COCCCNC(=O)Cn1nc(-c2ccco2)oc1=O,True,0.24899999999999972,-0.5258000000000003,0.6428571428571429,False,False
3.0,bin,5,-0.34654998779296875,-0.39010000228881836,-0.30299997329711914,236081,CC(=O)c1c(C)[nH]c(C(=O)CSc2nc(C(C)C)n[nH]2)c1C,3.0506400000000014,CC(=O)c1c(C)[nH]c(C(=O)CSc2nc(C)n[nH]2)c1C,True,2.23566,-0.8149800000000011,0.7446808510638298,False,True
3.0,bin,5,-0.34654998779296875,-0.39010000228881836,-0.30299997329711914,281081,O=C(Cn1cccn1)NCc1cccnc1Oc1ccc(F)cc1F,2.665000000000001,O=C(Cn1cccn1)NCc1cccnc1Oc1ccccc1,True,2.3868,-0.2782000000000009,0.6724137931034483,False,False
3.0,bin,5,-0.34654998779296875,-0.39010000228881836,-0.30299997329711914,284170,COc1ccc(-c2nc(CC(=O)Nc3cccc(C)n3)cs2)cc1,3.7033200000000024,COc1ccc(-c2nc(CC(=O)Nc3ccccn3)cs2)cc1,True,3.3949000000000016,-0.3084200000000008,0.7407407407407407,False,True
3.0,bin,5,-0.34654998779296875,-0.39010000228881836,-0.30299997329711914,288369,Cc1ccc(NCc2nnc3n2CCCCC3)cc1C,3.2334400000000016,CC#N,True,0.52988,-2.7035600000000017,0.022222222222222223,False,True
3.0,bin,5,-0.34654998779296875,-0.39010000228881836,-0.30299997329711914,302889,COc1ccc(OC)c(NC(=O)CCNC(=O)c2cccs2)c1,2.5239000000000003,Nc1cccc(NC(=O)CCNC(=O)c2cccs2)c1,True,2.0888999999999998,-0.4350000000000005,0.5263157894736842,False,True
3.0,bin,5,-0.34654998779296875,-0.39010000228881836,-0.30299997329711914,327141,COc1ccc(OC)c(S(=O)(=O)Nc2ccn(C)n2)c1,1.2381,COc1ccc(S(=O)(=O)Nc2cc[nH]n2)cc1,True,1.2190999999999996,-0.01900000000000035,0.36538461538461536,False,True
3.0,bin,5,-0.34654998779296875,-0.39010000228881836,-0.30299997329711914,327382,CNC(=O)C1CN(C(=O)c2c(C)noc2C)c2ccccc2O1,1.4452399999999996,CNC(=O)C1CN(C(=O)c2cnoc2)c2ccccc2O1,True,0.8283999999999994,-0.6168400000000003,0.5964912280701754,False,True
3.0,bin,5,-0.34654998779296875,-0.39010000228881836,-0.30299997329711914,406491,COCCNC(=O)C1CCCN(S(=O)(=O)N2CCOCC2)C1,-0.9619999999999964,O=C(NCCO)C1CCN(S(=O)(=O)N2CCOCC2)CC1,True,-1.6160999999999968,-0.6541000000000003,0.5490196078431373,False,True
3.0,bin,5,-0.34654998779296875,-0.39010000228881836,-0.30299997329711914,413951,O=C(Cn1ncn2cccc2c1=O)N1CCCCCC1,0.8985999999999996,O=C(Cn1ncn2cccc2c1=O)N1CCCCCC1O,True,0.21699999999999947,-0.6816000000000002,0.7,False,True
3.0,bin,5,-0.34654998779296875,-0.39010000228881836,-0.30299997329711914,427929,CCNc1nc(NCc2ccccc2Cl)c2cnn(C)c2n1,3.060600000000001,CCNc1nc(NCc2ccc(C)cc2)c2cnn(C)c2n1,True,2.7156200000000004,-0.3449800000000005,0.6346153846153846,False,False
3.0,bin,5,-0.34654998779296875,-0.39010000228881836,-0.30299997329711914,447130,CCC(NC(=O)C1CCN(C(=O)C2CC2)CC1)c1ccc(C)cc1,3.2109200000000016,Cc1cc(C)cc(CN(C)C(=O)C2CCN(C(=O)C3CC3)CC2)c1,True,2.9104400000000012,-0.3004800000000003,0.4107142857142857,False,True
3.0,bin,5,-0.34654998779296875,-0.39010000228881836,-0.30299997329711914,481908,CCNS(=O)(=O)c1ccc(C)c(C(=O)Nc2ncccc2C)c1,2.24894,CNS(=O)(=O)c1cc(C(=O)Nc2ncccc2C)ccc1C,True,1.8588399999999996,-0.39010000000000056,0.5454545454545454,False,True
3.0,bin,5,-0.34654998779296875,-0.39010000228881836,-0.30299997329711914,485220,Cc1nn(CC(=O)N2CCN(C)CC2)c(C)c1Br,1.03644,Cc1[nH]nc(C(=O)N2CCN(C)CC2)c1Br,True,0.86822,-0.16822000000000004,0.40425531914893614,False,True
3.0,bin,5,-0.34654998779296875,-0.39010000228881836,-0.30299997329711914,526363,Cc1nnc(SCC(=O)Nc2ccc(O)cc2)n(N)c1=O,0.09692,Nc1nnc(SCC(=O)Nc2ccccc2)n(N)c1=O,True,-0.3348999999999999,-0.4318199999999999,0.6078431372549019,False,True
3.0,bin,5,-0.34654998779296875,-0.39010000228881836,-0.30299997329711914,536853,COc1ccc(C2CCCN2C(=O)C2CCC2)c(OC)c1,3.1674000000000015,O=C(C1CCC1)N1CCC(NCCO)C1c1ccc(F)cc1,True,1.8497000000000001,-1.3177000000000014,0.2923076923076923,False,True
3.0,bin,5,-0.34654998779296875,-0.39010000228881836,-0.30299997329711914,540312,Cc1nn(C)c2nc(C3CC3)cc(C(=O)NCC(=O)NC(C)(C)C)c12,1.7986199999999997,COC(=O)CCNC(=O)c1cc(C2CC2)nc2c1c(C)nn2C,True,1.4470199999999995,-0.35160000000000013,0.65,False,True
3.0,bin,5,-0.34654998779296875,-0.39010000228881836,-0.30299997329711914,544381,Cc1nc(N2CCCC(C(=O)NC(C)C)C2)c2c(C)c(C)oc2n1,2.8890600000000006,Cc1nc(NC2CCC(C)O2)c2c(C)c(C)oc2n1,True,3.0849600000000015,0.19590000000000085,0.3492063492063492,False,True
3.0,bin,5,-0.34654998779296875,-0.39010000228881836,-0.30299997329711914,544382,CCCNC(=O)C1CCCN(c2nc(C)nc3oc(C)c(C)c23)C1,2.8906600000000013,CCCNC(=O)C1CCN(c2ncnc3oc(C)cc23)CC1,True,2.2738199999999997,-0.6168400000000016,0.4142857142857143,False,True
3.0,bin,5,-0.34654998779296875,-0.39010000228881836,-0.30299997329711914,550049,Cc1ccc(C)c(OCC(=O)Nc2cccc(-n3cnnc3)c2)c1,2.9016400000000013,Cc1nncn1-c1cccc(NC(=O)COc2ccccc2)c1,True,2.5932200000000005,-0.3084200000000008,0.5081967213114754,False,True
3.0,bin,5,-0.34654998779296875,-0.39010000228881836,-0.30299997329711914,573533,Cc1nn(-c2ncc(C(F)(F)F)cc2Cl)c(=O)o1,2.2011199999999995,O=c1oc(C(F)(F)F)ncc1-n1cc(F)c(F)n1,True,1.5175,-0.6836199999999995,0.2807017543859649,False,True
3.0,bin,5,-0.34654998779296875,-0.39010000228881836,-0.30299997329711914,582555,O=C(NCC(O)c1ccccc1)c1ccc2c(=O)n3c(nc2c1)CCC3,1.8061000000000003,NC(=O)CC(CNC(=O)c1ccc2c(=O)[nH]cnc2c1)c1ccccc1,True,1.3120999999999992,-0.4940000000000011,0.3972602739726027,False,True
3.0,bin,5,-0.34654998779296875,-0.39010000228881836,-0.30299997329711914,588547,Cc1n[nH]c(C)c1NC(=O)CCc1ccc(Cl)cc1Cl,3.9046400000000023,Cc1cc(C)c(CCC(=O)Nc2c(C)n[nH]c2C)c(C)c1,True,3.523100000000002,-0.3815400000000002,0.58,False,True
3.0,bin,5,-0.34654998779296875,-0.39010000228881836,-0.30299997329711914,607673,CCCN(CC1CC1)S(=O)(=O)c1ccccc1F,2.636400000000001,CCN(CC1CC1)S(=O)(=O)c1ccccc1F,True,2.2463000000000006,-0.39010000000000034,0.7948717948717948,False,True
3.0,bin,5,-0.34654998779296875,-0.39010000228881836,-0.30299997329711914,617681,Cc1cc(C(=O)Nc2nc(-c3ccncc3)cs2)nn1C(C)C,3.5432200000000016,CC(C)c1cc(C(=O)Nc2nc(-c3ccncc3)cs2)n[nH]1,True,3.3039000000000005,-0.2393200000000011,0.5964912280701754,False,True
3.0,bin,5,-0.34654998779296875,-0.39010000228881836,-0.30299997329711914,650267,COc1ccc2oc(C(=O)NC3CCCCNC3=O)c(C)c2c1,2.14832,COc1cccc2cc(C(=O)NC3CCCCNC3)oc12,True,2.3133,0.1649799999999999,0.3157894736842105,False,True
3.0,bin,5,-0.34654998779296875,-0.39010000228881836,-0.30299997329711914,668639,Cc1cc(NC(=O)c2ccccc2Cl)ncc1N,2.8779200000000005,Cc1cccc(C(=O)Nc2ncc(N)cc2C)c1,True,2.532940000000001,-0.3449799999999996,0.3392857142857143,False,True
3.0,bin,5,-0.34654998779296875,-0.39010000228881836,-0.30299997329711914,673160,CCC(=O)Nc1ccc2oc(C(F)(F)F)cc(=O)c2c1,3.160300000000001,Cc1cc(=O)c2cc(C(=O)NC(C)C)ccc2o1,True,2.2396200000000004,-0.9206800000000008,0.3333333333333333,False,True
3.0,bin,5,-0.34654998779296875,-0.39010000228881836,-0.30299997329711914,711169,Cc1cccc(C(C)C)c1NC(=O)N(C)Cc1ccncc1,4.177320000000003,CN(Cc1ccncc1)C(=O)Nc1ccc(OC(F)(F)F)cc1,True,3.6441000000000017,-0.5332200000000009,0.45614035087719296,False,False
3.0,bin,5,-0.34654998779296875,-0.39010000228881836,-0.30299997329711914,720969,Cc1noc(C)c1CCC(=O)OCC(=O)N1c2ccccc2CC1C,2.7450400000000013,Cc1noc(C)c1CCC(=O)OCC(=O)N1CCc2ccccc21,True,2.35654,-0.3885000000000014,0.6721311475409836,False,False
3.0,bin,5,-0.34654998779296875,-0.39010000228881836,-0.30299997329711914,730789,COC(=O)C1CCN(C(=O)c2cc3ccc(F)cc3nc2C)CC1,2.7075200000000006,COC(=O)CC1CCCN(C(=O)c2cc3ccccc3nc2O)C1,True,2.3556999999999997,-0.3518200000000009,0.352112676056338,False,True
3.0,bin,5,-0.34654998779296875,-0.39010000228881836,-0.30299997329711914,738178,Cc1ccc(-n2ccnc2SCc2nc(C3CC3)no2)cc1C,4.041840000000003,Cc1ccccc1-n1ccnc1SCc1nc(C2CC2)no1,True,3.7334200000000024,-0.3084200000000008,0.7090909090909091,False,True
3.0,bin,5,-0.34654998779296875,-0.39010000228881836,-0.30299997329711914,771897,COc1ccccc1OCC(=O)N(C)Cc1sccc1C,3.102520000000002,COc1ccccc1OCC(=O)NCc1sccc1C,True,2.760320000000001,-0.34220000000000095,0.62,False,False
3.0,bin,5,-0.34654998779296875,-0.39010000228881836,-0.30299997329711914,811446,COC(=O)C1(NC(=O)c2cc(Br)c[nH]2)CCCCCC1,2.7730000000000006,CCCCC(NC(=O)c1ccc(C)[nH]1)C(=O)OC,True,1.7847199999999999,-0.9882800000000007,0.20634920634920634,False,True
3.0,bin,5,-0.34654998779296875,-0.39010000228881836,-0.30299997329711914,848291,CCC(C)NC(=O)NCc1noc(-c2cccs2)n1,2.3958000000000004,CCOC(C)C(=O)NCc1noc(-c2cccs2)n1,True,1.8393,-0.5565000000000004,0.6607142857142857,False,True
3.0,bin,5,-0.34654998779296875,-0.39010000228881836,-0.30299997329711914,863440,COc1ccc(-c2nc(CCCO)cs2)cc1OC,2.752200000000001,COC(=O)c1ccc(OC)c(-c2nc(CCO)cs2)c1,True,2.1401000000000003,-0.6121000000000008,0.5094339622641509,False,True
3.0,bin,5,-0.34654998779296875,-0.39010000228881836,-0.30299997329711914,864663,N#Cc1ccc(-c2cc(F)ccc2F)nc1N1CCCC1,3.498680000000002,N#Cc1ccc(N2CCCC2)nc1-c1ccccc1O,True,2.926080000000002,-0.5726,0.35714285714285715,False,True
3.0,bin,5,-0.34654998779296875,-0.39010000228881836,-0.30299997329711914,872100,CCc1cccc(C)c1NCC(O)c1ccc2c(c1)OCCO2,3.474120000000002,Cc1cc(C)cc(NCC(O)c2ccc3c(c2)OCCO3)c1,True,3.2201400000000016,-0.2539800000000003,0.5882352941176471,False,False
3.0,bin,5,-0.34654998779296875,-0.39010000228881836,-0.30299997329711914,886334,COc1ccc(C(=O)N2CCCC(C(=O)N3CCCCC3)C2)c(O)c1,2.2655000000000003,NC(=O)c1ccc(C(=O)N2CCCC(C(=O)N3CCCCC3)C2)cc1,True,1.6501999999999997,-0.6153000000000006,0.5,False,True
3.0,bin,5,-0.34654998779296875,-0.39010000228881836,-0.30299997329711914,887387,COCCNC(=O)N(Cc1cccc(F)c1)CC1CCCO1,2.1627,O=C(CO)N(Cc1cccc(F)c1)CC1CCCO1,True,1.3256000000000001,-0.8371,0.6551724137931034,False,True
3.0,bin,5,-0.34654998779296875,-0.39010000228881836,-0.30299997329711914,889149,N#Cc1ccc(NC(=O)c2ccc(Br)cc2Cl)nc1,3.621480000000001,N#Cc1ccc(NC(=O)c2ccc(Cl)c(F)c2)nc1,True,2.9980800000000007,-0.6234000000000002,0.5769230769230769,False,True
3.0,bin,5,-0.34654998779296875,-0.39010000228881836,-0.30299997329711914,913483,O=C(CNC(=O)NCCc1c(Cl)cccc1Cl)NC1CC1,2.1137000000000006,O=C(CNC(=O)NCCc1ccc(C(F)(F)F)cc1)NC1CC1,True,1.8257000000000003,-0.28800000000000026,0.56,False,True
3.0,bin,5,-0.34654998779296875,-0.39010000228881836,-0.30299997329711914,917620,C=CCN(Cc1ccccc1OC)C(=O)c1csc(C)n1,3.288520000000002,C=CCN(Cc1ccccc1)C(=O)c1cscn1,True,2.9715000000000016,-0.3170200000000003,0.4406779661016949,False,True
3.0,bin,5,-0.34654998779296875,-0.39010000228881836,-0.30299997329711914,918312,CCOc1ccc(Cl)c(C(=O)N2CCN(c3ncccn3)CC2)n1,1.8860999999999997,CCOc1cc(C)nc(C(=O)N2CCN(c3ncccn3)CC2)c1,True,1.5411199999999998,-0.34497999999999984,0.5263157894736842,False,True
3.0,bin,5,-0.34654998779296875,-0.39010000228881836,-0.30299997329711914,922879,CC(=O)c1ccc(N2CCN(Cc3c(F)cccc3F)CC2)cc1,3.489600000000003,COC(=O)c1cc(F)c(CN2CCN(c3ccccc3)CC2)c(F)c1,True,3.0736000000000017,-0.41600000000000126,0.56,False,True
3.0,bin,5,-0.34654998779296875,-0.39010000228881836,-0.30299997329711914,927535,COc1cc(CN2CCN(c3ccccc3F)CC2)ccc1O,2.862100000000002,CS(=O)(=O)C=C1C=CC(CN2CCN(c3ccccc3F)CC2)=C1,True,2.3724000000000007,-0.48970000000000136,0.4166666666666667,False,True
3.0,bin,5,-0.34654998779296875,-0.39010000228881836,-0.30299997329711914,927567,Cc1ccccc1N1CCN(Cc2cccc(O)c2)CC1,3.022820000000001,Oc1cccc(CN2CCN(c3ccccc3F)CC2)c1,True,2.8535000000000013,-0.16931999999999992,0.7142857142857143,False,False
3.0,bin,5,-0.34654998779296875,-0.39010000228881836,-0.30299997329711914,938108,CC(c1ccccc1)N(C)C(=O)CCC(=O)Nc1nccs1,3.0814000000000012,CN(Cc1cccc(F)c1)C(=O)CCC(=O)Nc1nccs1,True,2.6595000000000004,-0.42190000000000083,0.5423728813559322,False,True
3.0,bin,5,-0.34654998779296875,-0.39010000228881836,-0.30299997329711914,943303,CN(CCCOc1ccccc1)C(=O)Nc1cccc2c1OCCO2,3.390600000000002,O=C(NCCCOc1ccccc1)Nc1cccc2c1OCCO2,True,3.048400000000001,-0.34220000000000095,0.6545454545454545,False,True
3.0,bin,5,-0.34654998779296875,-0.39010000228881836,-0.30299997329711914,946289,CC(NC(=O)C1(c2cc(-c3ccco3)on2)CC1)c1ccccc1,3.843600000000002,COc1cccc(CNC(=O)C2(c3cc(-c4ccco4)on3)CC2)c1,True,3.2912000000000017,-0.5524000000000004,0.546875,False,False
3.0,bin,5,-0.34654998779296875,-0.39010000228881836,-0.30299997329711914,994077,Cc1nnc(Cn2c(-c3cccc(Br)c3)noc2=O)o1,2.0055199999999997,CCOc1ccccc1-c1noc(=O)n1Cc1nnc(C)o1,True,1.6417199999999996,-0.3638000000000001,0.543859649122807,False,True
3.0,bin,5,-0.34654998779296875,-0.39010000228881836,-0.30299997329711914,1065620,O=C(NCc1cccnc1Oc1ccccc1)c1cccnc1,3.198900000000002,CC=C1Oc2ncccc2C(CO)NC(=O)CC=C1c1cccnc1,True,2.3961000000000006,-0.8028000000000013,0.19753086419753085,False,True
3.0,bin,5,-0.34654998779296875,-0.39010000228881836,-0.30299997329711914,1093926,CN(C(=O)CNc1cccc(OCC2CCCO2)c1)c1ccccc1,3.319300000000002,O=C(CNc1cccc(OCC2CCCO2)c1)Nc1ccccc1O,True,3.0006000000000017,-0.3187000000000002,0.625,False,True
3.0,bin,5,-0.34654998779296875,-0.39010000228881836,-0.30299997329711914,1107920,CCc1ccc(-n2cc(C(=O)NC(C)c3ccccc3)nn2)cc1,3.320700000000002,CCc1cccc(CNC(=O)c2cn(-c3ccccc3)nn2)c1,True,2.7597000000000014,-0.5610000000000008,0.5535714285714286,False,True
3.0,bin,5,-0.34654998779296875,-0.39010000228881836,-0.30299997329711914,1113130,CC(NC(=O)Cn1nnnc1C(C)(C)C)c1cccc2ccccc12,3.0012000000000016,CC(C)c1nnnn1CC(=O)NC(C)c1cccc2ccccc12,True,2.8271000000000006,-0.17410000000000103,0.7307692307692307,False,True
3.0,bin,5,-0.34654998779296875,-0.39010000228881836,-0.30299997329711914,1121751,COC(=O)Cn1ccc(NS(=O)(=O)c2ccc(F)c(F)c2F)n1,1.2742,COC(=O)Cn1ccc(NS(=O)(=O)c2cccc(F)c2)n1,True,0.996,-0.2782,0.6181818181818182,False,True
3.0,bin,5,-0.34654998779296875,-0.39010000228881836,-0.30299997329711914,1142531,CCOC(C)C(=O)NCCc1csc(-c2ccc(C)cc2)n1,3.2022200000000014,COc1ccc(-c2nc(CCNC(=O)C(C)C)cs2)cc1,True,3.1334000000000017,-0.06881999999999966,0.6181818181818182,False,False
3.0,bin,5,-0.34654998779296875,-0.39010000228881836,-0.30299997329711914,1212157,CN(Cc1ccc(F)c(F)c1)C(=O)c1cncc(-c2cnn(C)c2)c1,3.0325000000000015,COc1ccccc1CNC(=O)c1cncc(-c2cnn(C)c2)c1,True,2.4207,-0.6118000000000015,0.4264705882352941,False,True
3.0,bin,5,-0.34654998779296875,-0.39010000228881836,-0.30299997329711914,1215394,CCn1nc(C)cc1C(=O)Oc1cccc(NC(=O)C(C)C)c1,3.025120000000001,CCn1nc(C)cc1C(=O)Oc1cccc(NC(C)=O)c1,True,2.3890200000000004,-0.6361000000000008,0.7843137254901961,False,True
3.0,bin,5,-0.34654998779296875,-0.39010000228881836,-0.30299997329711914,1232922,CC(C)(C)OC(=O)NC1CCCN(S(=O)(=O)N2CCOCC2)C1,0.5525000000000011,CCOC(CC)C(=O)NC1CCCN(S(=O)(=O)N2CCOCC2)C1,True,-0.04089999999999794,-0.593399999999999,0.5892857142857143,False,True
3.0,bin,5,-0.34654998779296875,-0.39010000228881836,-0.30299997329711914,1238973,FC(F)(F)c1cnc(N2CCn3c(nnc3C3CC3)C2)c(Cl)c1,3.2429000000000023,FC(F)(F)C=C1C=NC(N2CCn3c(nnc3C3CC3)C2)=C1,True,2.3856,-0.8573000000000022,0.4666666666666667,False,True
3.0,bin,5,-0.34654998779296875,-0.39010000228881836,-0.30299997329711914,1299495,Cc1cc(CC(=O)N2CCCC2C(C#N)c2ccccc2)no1,2.823900000000001,N#CC(c1ccccc1)C1CCCN1C(=O)Cc1ccon1,True,2.515480000000001,-0.3084199999999999,0.7241379310344828,False,True
3.0,bin,5,-0.34654998779296875,-0.39010000228881836,-0.30299997329711914,1309906,CC(C)CC(NC(=O)c1cc(=O)c2ccccc2o1)C(=O)OC(C)C,2.8891000000000018,CC(C)COCC(C)NC(=O)c1cc(=O)c2ccccc2o1,True,2.5839000000000008,-0.305200000000001,0.6415094339622641,False,True
3.0,bin,5,-0.34654998779296875,-0.39010000228881836,-0.30299997329711914,1362816,COCc1cccc(C(=O)NC2CC2c2cccc(Cl)c2)c1,3.772300000000002,COc1cccc(C2CC2NC(=O)c2cccc(C)c2)c1,True,3.2895200000000013,-0.4827800000000009,0.543859649122807,False,True
3.0,bin,5,-0.34654998779296875,-0.39010000228881836,-0.30299997329711914,1441838,COCC(=O)NC(C(=O)Nc1cccc(-c2nccs2)c1)C(C)C,2.5358,CC(=O)NCCC(=O)Nc1cccc(-c2nccs2)c1,True,2.2748,-0.2610000000000001,0.5573770491803278,False,True
3.0,bin,5,-0.34654998779296875,-0.39010000228881836,-0.30299997329711914,1450449,CCCNC(=O)CSc1nc2c(cc1C#N)CCCC2,2.450380000000001,CCNC(=O)CSc1nc2c(cc1C#N)CCCC2,True,2.06028,-0.3901000000000008,0.8367346938775511,False,True
3.0,bin,5,-0.34654998779296875,-0.39010000228881836,-0.30299997329711914,1451910,O=S(=O)(NCc1nnc2ccccn12)c1ccc(F)c(F)c1,1.4859999999999995,O=S(=O)(NCc1nnc2ccccn12)c1ccccc1,True,1.2077999999999998,-0.2781999999999998,0.7111111111111111,False,False
3.0,bin,5,-0.34654998779296875,-0.39010000228881836,-0.30299997329711914,1479798,Cc1nc(C)c(CCC(=O)N(CC(C)C)CC(F)(F)F)c(=O)[nH]1,2.3662400000000003,CC=NC(C)=C(F)CCC(=O)N(CC(C)C)C(F)F,True,3.765500000000003,1.3992600000000026,0.23076923076923078,False,True
3.0,bin,5,-0.34654998779296875,-0.39010000228881836,-0.30299997329711914,1507926,COC(=O)C(C)NC(=O)Cc1csc(-c2ccccc2Cl)n1,2.6837,COC(=O)CNC(=O)Cc1csc(-c2ccccc2Cl)n1,True,2.2952000000000004,-0.3884999999999996,0.660377358490566,False,True
3.0,bin,5,-0.34654998779296875,-0.39010000228881836,-0.30299997329711914,1527882,Nc1ncccc1C(=O)Nc1ccc2cn[nH]c2c1,1.7923999999999998,NC(=O)CSc1ccc(C(=O)Nc2ccc3cn[nH]c3c2)cn1,True,1.7876,-0.004799999999999693,0.5,False,True
3.0,bin,5,-0.34654998779296875,-0.39010000228881836,-0.30299997329711914,1532848,COc1ccc(-c2ccc3c(=O)[nH]cnc3c2)cc1Cl,3.2521000000000013,COc1cc(-c2ccc3c(=O)[nH]cnc3c2)cc(C)c1OC,True,2.915720000000001,-0.3363800000000001,0.6458333333333334,False,True
3.0,bin,5,-0.34654998779296875,-0.39010000228881836,-0.30299997329711914,1548351,COc1cc(OC)c2c(c1)C(c1cnccn1)NCC2,1.7288999999999999,Oc1ccc2c(c1)C(c1cnccn1)NCC2,True,1.4172999999999993,-0.31160000000000054,0.4716981132075472,False,True
3.0,bin,5,-0.34654998779296875,-0.39010000228881836,-0.30299997329711914,1570134,COc1cccc(C(C)N2CCN(C(=O)c3ccc(O)cc3)CC2)c1,2.9198000000000013,O=C(c1ccccc1O)N1CCN(Cc2ccccc2)CC1,True,2.3502,-0.5696000000000012,0.2459016393442623,False,False
3.0,bin,5,-0.34654998779296875,-0.39010000228881836,-0.30299997329711914,1611406,CC(C)(C)N1CC(NC(=O)C2COc3ccc(F)cc3C2)CC1=O,1.8923999999999994,CC(C)N1CC(NC(=O)C2COc3ccccc3C2)CC1=O,True,1.363199999999999,-0.5292000000000003,0.5238095238095238,False,True
3.0,bin,5,-0.34654998779296875,-0.39010000228881836,-0.30299997329711914,1612684,CCCC1CN(C(=O)Nc2ccn(CCC(C)C)n2)CCO1,2.9620000000000015,CCCC1CN(C(=O)Nc2ccn(CC(F)F)n2)CCO1,True,2.181,-0.7810000000000015,0.7719298245614035,False,False
3.0,bin,5,-0.34654998779296875,-0.39010000228881836,-0.30299997329711914,1639675,CCC(CC)c1nnc(NC(=O)c2scnc2C2CC2)s1,4.0279000000000025,CCC1C=NN=C(NC(=O)c2scnc2C2CC2)SCC1,True,3.255200000000002,-0.7727000000000004,0.5,False,True
3.0,bin,5,-0.34654998779296875,-0.39010000228881836,-0.30299997329711914,1675660,COc1ccnc(NC(=O)c2cccc(Cl)c2)c1,2.9959000000000007,CCOC(=O)c1ccc(C(=O)Nc2ccccn2)cc1,True,2.5106,-0.4853000000000005,0.36363636363636365,False,True
3.0,bin,5,-0.34654998779296875,-0.39010000228881836,-0.30299997329711914,1689728,CCc1noc(CSc2ncnc3sc(C)cc23)n1,3.237420000000002,CCc1noc(CSc2ncnc3sccc23)n1,True,2.929000000000001,-0.3084200000000008,0.6666666666666666,False,False
3.0,bin,5,-0.34654998779296875,-0.39010000228881836,-0.30299997329711914,1720876,CC(C)(C)CC(=O)NCC(=O)Nc1ccc2c(c1)COC2,2.2077,CCC(C)C(=O)NCC(=O)NCc1ccc2c(c1)COC2,True,1.4952999999999999,-0.7124000000000001,0.42105263157894735,False,True
3.0,bin,5,-0.34654998779296875,-0.39010000228881836,-0.30299997329711914,1757109,CC(C)Cc1ncc(CNc2ccc3c(c2)COC3)s1,3.983900000000003,CC(C)OCC=NC=C(S)CNc1ccc2c(c1)COC2,True,3.3957000000000015,-0.5882000000000014,0.390625,False,True
3.0,bin,5,-0.34654998779296875,-0.39010000228881836,-0.30299997329711914,1774061,O=C1NCCCc2[nH]c(-c3cccc4[nH]ccc34)nc21,2.234,O=C1NCCCc2[nH]c(-c3cccc4[nH]ccc34)nc21,True,2.234,0.0,1.0,True,False
3.0,bin,5,-0.34654998779296875,-0.39010000228881836,-0.30299997329711914,1800687,Cc1nn(C)c(-c2nc(-c3cccnn3)no2)c1Cl,1.8889199999999997,Cc1nn(C)c(-c2nc(-c3cccnn3)no2)c1C,True,1.5439399999999996,-0.34498000000000006,0.7777777777777778,False,True
3.0,bin,5,-0.34654998779296875,-0.39010000228881836,-0.30299997329711914,1815867,FC(F)(F)c1ccc(CN2CCOCC2c2ncon2)cc1,2.661900000000001,Clc1ccccc1CN1CCOCC1c1ncon1,True,2.2965,-0.36540000000000106,0.6111111111111112,False,True
3.0,bin,5,-0.34654998779296875,-0.39010000228881836,-0.30299997329711914,1828580,Cc1ccc(N2CC3OCC(=O)N(Cc4cccc(F)c4)C3C2)nn1,1.54032,O=C1COC2CN(c3cccnn3)CC2N1Cc1ccc(F)cc1,True,1.2318999999999998,-0.30842000000000014,0.59375,False,True
3.0,bin,5,-0.34654998779296875,-0.39010000228881836,-0.30299997329711914,1836183,CCc1ccc(C(=O)NCc2nccc(N(C)C)n2)cc1,2.035,CN(C)c1ccnc(CNC(=O)c2c(F)cccc2F)n1,True,1.7508000000000001,-0.2842,0.6,False,False
3.0,bin,5,-0.34654998779296875,-0.39010000228881836,-0.30299997329711914,1842499,COc1ccccc1COc1ccccc1-c1cnn(CCO)c1,3.1300000000000017,NC(=O)Cn1cc(COc2ccccc2-c2ccccc2)cn1,True,2.6144,-0.5156000000000018,0.4482758620689655,False,True
3.0,bin,5,-0.34654998779296875,-0.39010000228881836,-0.30299997329711914,1865564,COC(CNC(=O)c1ccoc1)c1cccc(F)c1,2.536200000000001,O=C(NCC(O)c1ccccc1)c1ccoc1Cl,True,2.3964000000000008,-0.13980000000000015,0.2903225806451613,False,True
3.0,bin,5,-0.34654998779296875,-0.39010000228881836,-0.30299997329711914,1868773,CCCOc1ccc(Cl)c2c1CCNC2C1CC(=O)C1,3.2947000000000015,CCCOc1ccc(C)c2c1CCNC21CCC(=O)C1,True,2.8778200000000007,-0.4168800000000008,0.4032258064516129,False,True
3.0,bin,5,-0.34654998779296875,-0.39010000228881836,-0.30299997329711914,1873123,CCC1OC(=O)c2c(OC)ccc(Br)c21,3.079200000000002,CCOC(=O)c1cc(Br)ccc1OC,True,2.634400000000001,-0.44480000000000075,0.30612244897959184,False,False
3.0,bin,5,-0.34654998779296875,-0.39010000228881836,-0.30299997329711914,1875028,Cc1cccc(C)c1NCC(=O)N1CCCC2CCCCC21,3.8965400000000034,CC(=O)Nc1cc(NCC(=O)N2CCCC3CCCCC32)ccc1F,True,3.377200000000002,-0.5193400000000015,0.5263157894736842,False,True
3.0,bin,5,-0.34654998779296875,-0.39010000228881836,-0.30299997329711914,1895921,CCC(CC)N(C)C(=O)CC1OC(=O)c2ccccc21,2.935200000000002,CCCCN(CC)C(=O)CC1OC(=O)c2ccccc21,True,2.9368000000000016,0.0015999999999998238,0.5918367346938775,False,False
3.0,bin,5,-0.34654998779296875,-0.39010000228881836,-0.30299997329711914,1907077,Cc1ccc2[nH]nc(C(=O)Nc3nc(-c4ccco4)cs3)c2c1,3.8401200000000015,C=C(N=C1NC(=O)[SH]1c1n[nH]c2ccccc12)c1ccco1,True,3.2661000000000007,-0.5740200000000009,0.24050632911392406,False,True
3.0,bin,5,-0.34654998779296875,-0.39010000228881836,-0.30299997329711914,1913063,Cc1nn(C)c(C)c1CN(C(=O)c1cn2cccc(C)c2n1)C1CC1,2.797860000000001,Cc1n[nH]cc1CN(C(=O)c1cn2cccc(C)c2n1)C1CC1,True,2.4790400000000004,-0.31882000000000055,0.6507936507936508,False,True
3.0,bin,5,-0.34654998779296875,-0.39010000228881836,-0.30299997329711914,1922265,CN(CCNC(=O)c1ccc2c(c1)ncn2C)c1ccccc1,2.4395000000000007,O=C(NCCNc1ccccc1)c1ccc2[nH]cnc2c1,True,2.4048,-0.03470000000000084,0.4032258064516129,False,True
3.0,bin,6,-0.2550499439239502,-0.30299997329711914,-0.20709991455078125,32052,COc1ccccc1CNC(=O)Cc1c[nH]c2ccccc12,3.035400000000001,Nc1ccc(CNC(=O)Cc2c[nH]c3ccccc23)cc1,True,2.609,-0.426400000000001,0.6041666666666666,False,True
3.0,bin,6,-0.2550499439239502,-0.30299997329711914,-0.20709991455078125,116747,COCCSc1ccccc1C(=O)Nc1cccc(C)n1,3.3808200000000017,COc1cc(C(=O)Nc2cccc(C)n2)cc(OC)c1C,True,2.9679400000000014,-0.41288000000000036,0.4716981132075472,False,False
3.0,bin,6,-0.2550499439239502,-0.30299997329711914,-0.20709991455078125,131060,CS(=O)(=O)NCCc1csc(-c2ccc(F)cc2)n1,2.0408999999999997,CNC(=O)NCC(=O)NCCc1csc(-c2ccc(F)cc2)n1,True,1.5369000000000004,-0.5039999999999993,0.5660377358490566,False,True
3.0,bin,6,-0.2550499439239502,-0.30299997329711914,-0.20709991455078125,131949,CCc1c(C)nc(SCC(=O)NC(C)C)[nH]c1=O,1.25742,COCC(C)NC(=O)CSc1nc(C)c(C)c(=O)[nH]1,True,0.6299399999999995,-0.6274800000000005,0.5576923076923077,False,True
3.0,bin,6,-0.2550499439239502,-0.30299997329711914,-0.20709991455078125,158879,COc1ccc(CC(=O)OCC(=O)c2c[nH]c3ccccc23)cc1,3.145100000000001,N#CC1OC=CC=C1CC(=O)OCC(=O)c1cccccc[nH]c1,True,2.6175800000000002,-0.5275200000000009,0.2702702702702703,False,True
3.0,bin,6,-0.2550499439239502,-0.30299997329711914,-0.20709991455078125,232056,COCCNC(=O)c1cc(=O)c2cc(C)ccc2o1,1.4776199999999993,CNC(=O)COC(=O)c1cc(=O)c2cc(Cl)ccc2o1,True,1.3491999999999993,-0.12841999999999998,0.41379310344827586,False,True
3.0,bin,6,-0.2550499439239502,-0.30299997329711914,-0.20709991455078125,235788,O=C(Cn1nc(-c2ccco2)oc1=O)NCC(F)(F)F,0.7747999999999999,C=CCNC(=O)Cn1nc(-c2ccco2)oc1=O,True,0.3984999999999997,-0.37630000000000025,0.7058823529411765,False,True
3.0,bin,6,-0.2550499439239502,-0.30299997329711914,-0.20709991455078125,236081,CC(=O)c1c(C)[nH]c(C(=O)CSc2nc(C(C)C)n[nH]2)c1C,3.0506400000000014,CCCC=NNC(ON)SCC(=O)c1cc(C)c(CC)[nH]1,True,2.3508200000000006,-0.6998200000000008,0.17721518987341772,False,True
3.0,bin,6,-0.2550499439239502,-0.30299997329711914,-0.20709991455078125,281081,O=C(Cn1cccn1)NCc1cccnc1Oc1ccc(F)cc1F,2.665000000000001,N#Cc1ccccc1Oc1ncccc1Cn1cccn1,True,2.990380000000001,0.32538,0.4461538461538462,False,True
3.0,bin,6,-0.2550499439239502,-0.30299997329711914,-0.20709991455078125,284170,COc1ccc(-c2nc(CC(=O)Nc3cccc(C)n3)cs2)cc1,3.7033200000000024,COc1ccccc1-c1nc(CC(=O)Nc2ccccn2)cs1,True,3.3949000000000016,-0.3084200000000008,0.5245901639344263,False,True
3.0,bin,6,-0.2550499439239502,-0.30299997329711914,-0.20709991455078125,288369,Cc1ccc(NCc2nnc3n2CCCCC3)cc1C,3.2334400000000016,CCOC(=O)c1ccccc1NCc1nnc2n1CCCCC2,True,2.7933000000000012,-0.4401400000000004,0.5084745762711864,False,True
3.0,bin,6,-0.2550499439239502,-0.30299997329711914,-0.20709991455078125,302889,COc1ccc(OC)c(NC(=O)CCNC(=O)c2cccs2)c1,2.5239000000000003,N#CC(=O)c1cccc(NC(=O)CCNC(=O)c2cccs2)c1,True,2.21298,-0.3109200000000003,0.4838709677419355,False,True
3.0,bin,6,-0.2550499439239502,-0.30299997329711914,-0.20709991455078125,327141,COc1ccc(OC)c(S(=O)(=O)Nc2ccn(C)n2)c1,1.2381,CN(C)C(=O)Cc1ccc(S(=O)(=O)Nc2ccn(C)n2)cc1,True,0.8515999999999995,-0.3865000000000005,0.40350877192982454,False,True
3.0,bin,6,-0.2550499439239502,-0.30299997329711914,-0.20709991455078125,327382,CNC(=O)C1CN(C(=O)c2c(C)noc2C)c2ccccc2O1,1.4452399999999996,COc1cccc(OC(CO)CNC(=O)c2cnoc2C)c1,True,1.1613200000000001,-0.2839199999999995,0.17721518987341772,False,True
3.0,bin,6,-0.2550499439239502,-0.30299997329711914,-0.20709991455078125,406491,COCCNC(=O)C1CCCN(S(=O)(=O)N2CCOCC2)C1,-0.9619999999999964,NC(=O)C1CCCN(S(=O)(=O)N2CCOCC2)C1,True,-1.239299999999998,-0.27730000000000166,0.5714285714285714,False,True
3.0,bin,6,-0.2550499439239502,-0.30299997329711914,-0.20709991455078125,413951,O=C(Cn1ncn2cccc2c1=O)N1CCCCCC1,0.8985999999999996,N#CC1CCCN(C(=O)Cn2ncn3cccc3c2=O)C1,True,0.2581799999999994,-0.6404200000000002,0.6792452830188679,False,True
3.0,bin,6,-0.2550499439239502,-0.30299997329711914,-0.20709991455078125,427929,CCNc1nc(NCc2ccccc2Cl)c2cnn(C)c2n1,3.060600000000001,CCOc1ccccc1CNc1nc(SC)nc2c1cnn2C,True,3.096000000000001,0.0354000000000001,0.5081967213114754,False,True
3.0,bin,6,-0.2550499439239502,-0.30299997329711914,-0.20709991455078125,447130,CCC(NC(=O)C1CCN(C(=O)C2CC2)CC1)c1ccc(C)cc1,3.2109200000000016,CCc1ccc(C(C)NC(=O)C2CCN(C(=O)C3CC3)CC2)cc1,True,3.0748000000000015,-0.13612000000000002,0.6078431372549019,False,False
3.0,bin,6,-0.2550499439239502,-0.30299997329711914,-0.20709991455078125,481908,CCNS(=O)(=O)c1ccc(C)c(C(=O)Nc2ncccc2C)c1,2.24894,Cc1ccc(NC(=O)c2cc(S(=O)(=O)N(C)C)ccc2F)nc1,True,2.03172,-0.2172200000000002,0.31343283582089554,False,True
3.0,bin,6,-0.2550499439239502,-0.30299997329711914,-0.20709991455078125,485220,Cc1nn(CC(=O)N2CCN(C)CC2)c(C)c1Br,1.03644,COC(=O)N1CCN(C(=O)Cn2nc(C)cc2Cl)CC1,True,0.7555199999999997,-0.2809200000000003,0.38461538461538464,False,True
3.0,bin,6,-0.2550499439239502,-0.30299997329711914,-0.20709991455078125,526363,Cc1nnc(SCC(=O)Nc2ccc(O)cc2)n(N)c1=O,0.09692,Nc1nnc(SCC(=O)Nc2ccccc2O)n(N)c1=O,True,-0.6293000000000006,-0.7262200000000006,0.5178571428571429,False,True
3.0,bin,6,-0.2550499439239502,-0.30299997329711914,-0.20709991455078125,536853,COc1ccc(C2CCCN2C(=O)C2CCC2)c(OC)c1,3.1674000000000015,CS(=O)(=O)c1cc(C2CCCN2C(=O)C2CCC2)ccc1Cl,True,3.2071000000000023,0.039700000000000735,0.4482758620689655,False,True
3.0,bin,6,-0.2550499439239502,-0.30299997329711914,-0.20709991455078125,540312,Cc1nn(C)c2nc(C3CC3)cc(C(=O)NCC(=O)NC(C)(C)C)c12,1.7986199999999997,COCC(C)NC(=O)c1cc(C2CC2)nc2c1c(C)nn2C,True,1.91882,0.1202000000000003,0.5873015873015873,False,True
3.0,bin,6,-0.2550499439239502,-0.30299997329711914,-0.20709991455078125,544381,Cc1nc(N2CCCC(C(=O)NC(C)C)C2)c2c(C)c(C)oc2n1,2.8890600000000006,CCN(CC)C(=O)CN(C)c1nc(C)nc2oc(C)c(C)c12,True,2.45266,-0.4364000000000008,0.3181818181818182,False,True
3.0,bin,6,-0.2550499439239502,-0.30299997329711914,-0.20709991455078125,544382,CCCNC(=O)C1CCCN(c2nc(C)nc3oc(C)c(C)c23)C1,2.8906600000000013,COC(=O)C1CCN(c2nc(C)nc3oc(C)c(C)c23)CC1,True,2.5374600000000003,-0.35320000000000107,0.55,False,True
3.0,bin,6,-0.2550499439239502,-0.30299997329711914,-0.20709991455078125,550049,Cc1ccc(C)c(OCC(=O)Nc2cccc(-n3cnnc3)c2)c1,2.9016400000000013,CCN(C(=O)COc1cccc(-n2cnnc2)c1)c1ccccc1,True,2.699200000000001,-0.20244000000000018,0.3968253968253968,False,True
3.0,bin,6,-0.2550499439239502,-0.30299997329711914,-0.20709991455078125,573533,Cc1nn(-c2ncc(C(F)(F)F)cc2Cl)c(=O)o1,2.2011199999999995,CCc1nn(-c2ncc(Br)cc2F)c(=O)o1,True,1.6845,-0.5166199999999994,0.38181818181818183,False,True
3.0,bin,6,-0.2550499439239502,-0.30299997329711914,-0.20709991455078125,582555,O=C(NCC(O)c1ccccc1)c1ccc2c(=O)n3c(nc2c1)CCC3,1.8061000000000003,CCn1c(C(=O)NCC(=N)COc2ccccc2)cccc1=O,True,1.6967700000000001,-0.10933000000000015,0.18518518518518517,False,True
3.0,bin,6,-0.2550499439239502,-0.30299997329711914,-0.20709991455078125,588547,Cc1n[nH]c(C)c1NC(=O)CCc1ccc(Cl)cc1Cl,3.9046400000000023,Cc1n[nH]c(C)c1NC(=O)CC(F)(F)c1ccc(F)c(F)c1F,True,3.564440000000002,-0.3402000000000003,0.4406779661016949,False,True
3.0,bin,6,-0.2550499439239502,-0.30299997329711914,-0.20709991455078125,607673,CCCN(CC1CC1)S(=O)(=O)c1ccccc1F,2.636400000000001,C=CCN(CC1CC1)S(=O)(=O)c1ccccc1OC,True,2.2819000000000003,-0.3545000000000007,0.46153846153846156,False,True
3.0,bin,6,-0.2550499439239502,-0.30299997329711914,-0.20709991455078125,617681,Cc1cc(C(=O)Nc2nc(-c3ccncc3)cs2)nn1C(C)C,3.5432200000000016,C=CCn1nc(C(=O)Nc2nc(-c3ccncc3)cs2)cc1C,True,3.148320000000002,-0.3948999999999998,0.6551724137931034,False,True
3.0,bin,6,-0.2550499439239502,-0.30299997329711914,-0.20709991455078125,650267,COc1ccc2oc(C(=O)NC3CCCCNC3=O)c(C)c2c1,2.14832,C=CC=CCC(=CC(=O)OC)C(=O)NC1CCCCNC1=O,True,1.0029999999999994,-1.1453200000000006,0.3561643835616438,False,True
3.0,bin,6,-0.2550499439239502,-0.30299997329711914,-0.20709991455078125,668639,Cc1cc(NC(=O)c2ccccc2Cl)ncc1N,2.8779200000000005,COc1cc(C)c(C(=O)Nc2cc(C)ccn2)cc1O,True,2.664940000000001,-0.2129799999999995,0.3448275862068966,False,True
3.0,bin,6,-0.2550499439239502,-0.30299997329711914,-0.20709991455078125,673160,CCC(=O)Nc1ccc2oc(C(F)(F)F)cc(=O)c2c1,3.160300000000001,COc1cc2oc(C(F)(F)F)cc(=O)c2cc1OC,True,2.8290000000000015,-0.3312999999999997,0.4489795918367347,False,True
3.0,bin,6,-0.2550499439239502,-0.30299997329711914,-0.20709991455078125,711169,Cc1cccc(C(C)C)c1NC(=O)N(C)Cc1ccncc1,4.177320000000003,CN(Cc1ccncc1)C(=O)Nc1cccc(OC(F)(F)F)c1,True,3.6441000000000026,-0.53322,0.4745762711864407,False,False
3.0,bin,6,-0.2550499439239502,-0.30299997329711914,-0.20709991455078125,720969,Cc1noc(C)c1CCC(=O)OCC(=O)N1c2ccccc2CC1C,2.7450400000000013,COc1ccc2c(c1)N1C(=O)COC(=O)CCC(C(C)=NO)=C1CC2,True,2.4156000000000004,-0.32944000000000084,0.13333333333333333,False,True
3.0,bin,6,-0.2550499439239502,-0.30299997329711914,-0.20709991455078125,730789,COC(=O)C1CCN(C(=O)c2cc3ccc(F)cc3nc2C)CC1,2.7075200000000006,COc1ccc2nc(C)c(C(=O)N3CCCC(O)C3)cc2c1,True,2.14872,-0.5588000000000006,0.4307692307692308,False,True
3.0,bin,6,-0.2550499439239502,-0.30299997329711914,-0.20709991455078125,738178,Cc1ccc(-n2ccnc2SCc2nc(C3CC3)no2)cc1C,4.041840000000003,c1ccc(-n2ccnc2SCc2nc(C3CC3)no2)cc1,True,3.4250000000000016,-0.6168400000000016,0.7307692307692307,False,True
3.0,bin,6,-0.2550499439239502,-0.30299997329711914,-0.20709991455078125,771897,COc1ccccc1OCC(=O)N(C)Cc1sccc1C,3.102520000000002,COc1cc(C#N)ccc1OCC(=O)N(C)Cc1cccs1,True,2.6657800000000007,-0.43674000000000124,0.48333333333333334,False,False
3.0,bin,6,-0.2550499439239502,-0.30299997329711914,-0.20709991455078125,811446,COC(=O)C1(NC(=O)c2cc(Br)c[nH]2)CCCCCC1,2.7730000000000006,CCc1[nH]c(C(=O)N2CCCCCCC2C(=O)NC)cc1Br,True,2.860500000000001,0.08750000000000036,0.23529411764705882,False,True
3.0,bin,6,-0.2550499439239502,-0.30299997329711914,-0.20709991455078125,848291,CCC(C)NC(=O)NCc1noc(-c2cccs2)n1,2.3958000000000004,C=CCN(C)C(=O)NCc1noc(-c2cccs2)n1,True,2.1254999999999997,-0.27030000000000065,0.5932203389830508,False,True
3.0,bin,6,-0.2550499439239502,-0.30299997329711914,-0.20709991455078125,863440,COc1ccc(-c2nc(CCCO)cs2)cc1OC,2.752200000000001,COc1ccc(-c2nc(CCCO)cs2)cc1OC,True,2.752200000000001,0.0,1.0,True,False
3.0,bin,6,-0.2550499439239502,-0.30299997329711914,-0.20709991455078125,864663,N#Cc1ccc(-c2cc(F)ccc2F)nc1N1CCCC1,3.498680000000002,COc1ccc(-c2ccc(C#N)c(N3CCCC3)n2)cc1OC,True,3.237680000000002,-0.2610000000000001,0.5094339622641509,False,False
3.0,bin,6,-0.2550499439239502,-0.30299997329711914,-0.20709991455078125,872100,CCc1cccc(C)c1NCC(O)c1ccc2c(c1)OCCO2,3.474120000000002,CCc1ccc(NCC(O)c2ccc3c(c2)OCCO3)cc1,True,3.165700000000001,-0.3084200000000008,0.5961538461538461,False,False
3.0,bin,6,-0.2550499439239502,-0.30299997329711914,-0.20709991455078125,886334,COc1ccc(C(=O)N2CCCC(C(=O)N3CCCCC3)C2)c(O)c1,2.2655000000000003,NC(=O)Nc1ccc(C(=O)N2CCCC(C(=O)N3CCCCC3)C2)cc1,True,2.0419,-0.22360000000000024,0.45614035087719296,False,True
3.0,bin,6,-0.2550499439239502,-0.30299997329711914,-0.20709991455078125,887387,COCCNC(=O)N(Cc1cccc(F)c1)CC1CCCO1,2.1627,NC(=O)NCCCN(Cc1ccccc1F)CC1CCCO1,True,1.8650999999999993,-0.29760000000000075,0.3972602739726027,False,True
3.0,bin,6,-0.2550499439239502,-0.30299997329711914,-0.20709991455078125,889149,N#Cc1ccc(NC(=O)c2ccc(Br)cc2Cl)nc1,3.621480000000001,N#Cc1ccc(NC(=O)c2ccc(Br)cc2F)nc1,True,3.1071800000000014,-0.5142999999999995,0.7446808510638298,False,False
3.0,bin,6,-0.2550499439239502,-0.30299997329711914,-0.20709991455078125,913483,O=C(CNC(=O)NCCc1c(Cl)cccc1Cl)NC1CC1,2.1137000000000006,CC(Cc1c(F)cccc1Cl)NC(=O)NCC(=O)NC1CC1,True,1.9878999999999998,-0.1258000000000008,0.5740740740740741,False,True
3.0,bin,6,-0.2550499439239502,-0.30299997329711914,-0.20709991455078125,917620,C=CCN(Cc1ccccc1OC)C(=O)c1csc(C)n1,3.288520000000002,C=CCNC(=O)N(Cc1ccccc1)C(=O)c1csc(C)n1,True,2.9895200000000015,-0.2990000000000004,0.4838709677419355,False,True
3.0,bin,6,-0.2550499439239502,-0.30299997329711914,-0.20709991455078125,918312,CCOc1ccc(Cl)c(C(=O)N2CCN(c3ncccn3)CC2)n1,1.8860999999999997,CCc1cc(OC)c(OC)c(C(=O)N2CCN(c3ncccn3)CC2)n1,True,1.4135999999999997,-0.4724999999999999,0.5,False,True
3.0,bin,6,-0.2550499439239502,-0.30299997329711914,-0.20709991455078125,922879,CC(=O)c1ccc(N2CCN(Cc3c(F)cccc3F)CC2)cc1,3.489600000000003,COc1ccc(N2CCN(Cc3ccc(OC)cc3OC)CC2)cc1,True,3.034600000000001,-0.45500000000000185,0.3333333333333333,False,True
3.0,bin,6,-0.2550499439239502,-0.30299997329711914,-0.20709991455078125,927535,COc1cc(CN2CCN(c3ccccc3F)CC2)ccc1O,2.862100000000002,CS(=O)(=O)c1ccc(N2CCN(Cc3ccc(F)cc3)CC2)cc1,True,2.551400000000001,-0.3107000000000011,0.3220338983050847,False,True
3.0,bin,6,-0.2550499439239502,-0.30299997329711914,-0.20709991455078125,927567,Cc1ccccc1N1CCN(Cc2cccc(O)c2)CC1,3.022820000000001,COc1ccccc1N1CCN(Cc2ccccc2CO)CC1,True,2.5097000000000005,-0.5131200000000007,0.38461538461538464,False,True
3.0,bin,6,-0.2550499439239502,-0.30299997329711914,-0.20709991455078125,938108,CC(c1ccccc1)N(C)C(=O)CCC(=O)Nc1nccs1,3.0814000000000012,CCOc1ccccc1CNC(=O)CCC(=O)Nc1nccs1,True,2.5769,-0.5045000000000011,0.5084745762711864,False,True
3.0,bin,6,-0.2550499439239502,-0.30299997329711914,-0.20709991455078125,943303,CN(CCCOc1ccccc1)C(=O)Nc1cccc2c1OCCO2,3.390600000000002,O=C(NCCCOc1ccccc1F)Nc1cccc2c1OCCO2,True,3.187500000000001,-0.20310000000000095,0.484375,False,True
3.0,bin,6,-0.2550499439239502,-0.30299997329711914,-0.20709991455078125,946289,CC(NC(=O)C1(c2cc(-c3ccco3)on2)CC1)c1ccccc1,3.843600000000002,CCC(C(=O)N(C)Cc1ccccc1OC)c1cc(-c2ccco2)on1,True,4.095400000000003,0.25180000000000113,0.3333333333333333,False,True
3.0,bin,6,-0.2550499439239502,-0.30299997329711914,-0.20709991455078125,994077,Cc1nnc(Cn2c(-c3cccc(Br)c3)noc2=O)o1,2.0055199999999997,C=CCOc1ccc(-c2noc(=O)n2Cc2nnc(C)o2)cc1,True,1.80782,-0.19769999999999976,0.5614035087719298,False,True
3.0,bin,6,-0.2550499439239502,-0.30299997329711914,-0.20709991455078125,1065620,O=C(NCc1cccnc1Oc1ccccc1)c1cccnc1,3.198900000000002,Nc1cncc(C(=O)NCc2cccnc2Oc2ccccc2)c1,True,2.7811000000000012,-0.4178000000000006,0.7450980392156863,False,True
3.0,bin,6,-0.2550499439239502,-0.30299997329711914,-0.20709991455078125,1093926,CN(C(=O)CNc1cccc(OCC2CCCO2)c1)c1ccccc1,3.319300000000002,N#Cc1ccccc1NCC(=O)Nc1cccc(OCC2CCCO2)c1,True,3.1666800000000013,-0.15262000000000064,0.5588235294117647,False,True
3.0,bin,6,-0.2550499439239502,-0.30299997329711914,-0.20709991455078125,1107920,CCc1ccc(-n2cc(C(=O)NC(C)c3ccccc3)nn2)cc1,3.320700000000002,COc1ccc(-n2cc(C(=O)NC(C)c3ccccc3C)nn2)cc1,True,3.0753200000000014,-0.24538000000000082,0.5423728813559322,False,True
3.0,bin,6,-0.2550499439239502,-0.30299997329711914,-0.20709991455078125,1113130,CC(NC(=O)Cn1nnnc1C(C)(C)C)c1cccc2ccccc12,3.0012000000000016,CCCn1nnnc1CC(=O)NC(C)c1cccc2ccccc12,True,2.656200000000001,-0.34500000000000064,0.6206896551724138,False,True
3.0,bin,6,-0.2550499439239502,-0.30299997329711914,-0.20709991455078125,1121751,COC(=O)Cn1ccc(NS(=O)(=O)c2ccc(F)c(F)c2F)n1,1.2742,COC(=O)Cn1ccc(NS(=O)(=O)c2cc(C)ccc2O)n1,True,0.8709200000000001,-0.40327999999999986,0.6181818181818182,False,True
3.0,bin,6,-0.2550499439239502,-0.30299997329711914,-0.20709991455078125,1142531,CCOC(C)C(=O)NCCc1csc(-c2ccc(C)cc2)n1,3.2022200000000014,CCNC(=O)C(C)N(C)Cc1csc(-c2ccc(C)cc2)n1,True,3.0749200000000014,-0.12729999999999997,0.5423728813559322,False,True
3.0,bin,6,-0.2550499439239502,-0.30299997329711914,-0.20709991455078125,1212157,CN(Cc1ccc(F)c(F)c1)C(=O)c1cncc(-c2cnn(C)c2)c1,3.0325000000000015,COC=CC=C(OC)C1=C(C)C(=CN=CCc2cnn(C)c2)C(=O)N(C)C1,True,2.3962000000000003,-0.6363000000000012,0.18181818181818182,False,True
3.0,bin,6,-0.2550499439239502,-0.30299997329711914,-0.20709991455078125,1215394,CCn1nc(C)cc1C(=O)Oc1cccc(NC(=O)C(C)C)c1,3.025120000000001,CCCCNC(=O)NCc1cccc(OC(=O)c2ccnn2C)c1,True,2.2386,-0.7865200000000012,0.3287671232876712,False,True
3.0,bin,6,-0.2550499439239502,-0.30299997329711914,-0.20709991455078125,1232922,CC(C)(C)OC(=O)NC1CCCN(S(=O)(=O)N2CCOCC2)C1,0.5525000000000011,CCCC(=O)NC1CCCN(S(=O)(=O)N2CCOCC2)C1,True,-0.055899999999998506,-0.6083999999999996,0.6274509803921569,False,True
3.0,bin,6,-0.2550499439239502,-0.30299997329711914,-0.20709991455078125,1238973,FC(F)(F)c1cnc(N2CCn3c(nnc3C3CC3)C2)c(Cl)c1,3.2429000000000023,FC(F)(F)Cc1cccnc1N1CCn2c(nnc2C2CC2)C1,True,2.6755000000000004,-0.5674000000000019,0.5166666666666667,False,True
3.0,bin,6,-0.2550499439239502,-0.30299997329711914,-0.20709991455078125,1299495,Cc1cc(CC(=O)N2CCCC2C(C#N)c2ccccc2)no1,2.823900000000001,COC(=O)c1ccc(CC(=O)N2CCCC2C(C#N)c2ccno2)cc1,True,2.30208,-0.5218200000000008,0.4722222222222222,False,True
3.0,bin,6,-0.2550499439239502,-0.30299997329711914,-0.20709991455078125,1309906,CC(C)CC(NC(=O)c1cc(=O)c2ccccc2o1)C(=O)OC(C)C,2.8891000000000018,CCCN(CC(C)C)C(=O)CNC(=O)c1cc(=O)c2ccccc2o1,True,2.4173999999999998,-0.471700000000002,0.47619047619047616,False,True
3.0,bin,6,-0.2550499439239502,-0.30299997329711914,-0.20709991455078125,1362816,COCc1cccc(C(=O)NC2CC2c2cccc(Cl)c2)c1,3.772300000000002,CCOc1cc(OC)ccc1C(=O)NC1CC1c1ccccc1,True,3.379800000000002,-0.39250000000000007,0.4,False,True
3.0,bin,6,-0.2550499439239502,-0.30299997329711914,-0.20709991455078125,1441838,COCC(=O)NC(C(=O)Nc1cccc(-c2nccs2)c1)C(C)C,2.5358,CC(=O)NCCC(=O)Nc1cccc(-c2nccs2)c1,True,2.2748,-0.2610000000000001,0.5573770491803278,False,True
3.0,bin,6,-0.2550499439239502,-0.30299997329711914,-0.20709991455078125,1450449,CCCNC(=O)CSc1nc2c(cc1C#N)CCCC2,2.450380000000001,CCCCNc1cnc(SCC(=O)N(CC)CCC(=O)NC)c(C)c1,True,2.67872,0.22833999999999932,0.24050632911392406,False,True
3.0,bin,6,-0.2550499439239502,-0.30299997329711914,-0.20709991455078125,1451910,O=S(=O)(NCc1nnc2ccccn12)c1ccc(F)c(F)c1,1.4859999999999995,COc1ccccc1S(=O)(=O)NCc1nnc2ccccn12,True,1.2164,-0.2695999999999996,0.5555555555555556,False,False
3.0,bin,6,-0.2550499439239502,-0.30299997329711914,-0.20709991455078125,1479798,Cc1nc(C)c(CCC(=O)N(CC(C)C)CC(F)(F)F)c(=O)[nH]1,2.3662400000000003,CCC(CC)C(=O)N(C)CCc1c(C)nc(C)[nH]c1=O,True,1.82384,-0.5424000000000004,0.43859649122807015,False,True
3.0,bin,6,-0.2550499439239502,-0.30299997329711914,-0.20709991455078125,1507926,COC(=O)C(C)NC(=O)Cc1csc(-c2ccccc2Cl)n1,2.6837,COc1ccccc1-c1nc(CC(=O)N(C)CC#N)cs1,True,2.3431800000000003,-0.3405199999999997,0.4,False,True
3.0,bin,6,-0.2550499439239502,-0.30299997329711914,-0.20709991455078125,1527882,Nc1ncccc1C(=O)Nc1ccc2cn[nH]c2c1,1.7923999999999998,Cc1c(NC(=O)c2cccnc2N)cccc1S(=O)(=O)N(C)C,True,1.4748200000000002,-0.31757999999999953,0.3870967741935484,False,True
3.0,bin,6,-0.2550499439239502,-0.30299997329711914,-0.20709991455078125,1532848,COc1ccc(-c2ccc3c(=O)[nH]cnc3c2)cc1Cl,3.2521000000000013,CCOC=C1C=C(c2ccc3[nH]c(=O)cnc3c2)C=C1OC,True,2.7708000000000013,-0.48130000000000006,0.25,False,True
3.0,bin,6,-0.2550499439239502,-0.30299997329711914,-0.20709991455078125,1548351,COc1cc(OC)c2c(c1)C(c1cnccn1)NCC2,1.7288999999999999,Nc1cc(F)cc2c1CCNC2c1cnccn1,True,1.433,-0.29589999999999983,0.5384615384615384,False,True
3.0,bin,6,-0.2550499439239502,-0.30299997329711914,-0.20709991455078125,1570134,COc1cccc(C(C)N2CCN(C(=O)c3ccc(O)cc3)CC2)c1,2.9198000000000013,C=C1C(NC(=O)C2C=CC=COC2)CN1Cc1cccc(C#N)c1C,True,2.3971,-0.5227000000000013,0.12222222222222222,False,True
3.0,bin,6,-0.2550499439239502,-0.30299997329711914,-0.20709991455078125,1611406,CC(C)(C)N1CC(NC(=O)C2COc3ccc(F)cc3C2)CC1=O,1.8923999999999994,CCCCN1CC(NC(=O)C2COc3ccccc3C2)CC1=O,True,1.7548999999999995,-0.13749999999999996,0.4925373134328358,False,True
3.0,bin,6,-0.2550499439239502,-0.30299997329711914,-0.20709991455078125,1612684,CCCC1CN(C(=O)Nc2ccn(CCC(C)C)n2)CCO1,2.9620000000000015,CCC1CN(C(=O)Nc2ccn(CC(F)(F)F)n2)CCO1,True,2.0881,-0.8739000000000017,0.6129032258064516,False,True
3.0,bin,6,-0.2550499439239502,-0.30299997329711914,-0.20709991455078125,1639675,CCC(CC)c1nnc(NC(=O)c2scnc2C2CC2)s1,4.0279000000000025,CCC(CC)c1nnc(NC(=O)c2scnc2C2CC2)s1,True,4.0279000000000025,0.0,1.0,True,False
3.0,bin,6,-0.2550499439239502,-0.30299997329711914,-0.20709991455078125,1675660,COc1ccnc(NC(=O)c2cccc(Cl)c2)c1,2.9959000000000007,CC1=CC(C(=O)Nc2cc(C#N)ccn2)=CC=CC1,True,2.724380000000001,-0.27151999999999976,0.30158730158730157,False,True
3.0,bin,6,-0.2550499439239502,-0.30299997329711914,-0.20709991455078125,1689728,CCc1noc(CSc2ncnc3sc(C)cc23)n1,3.237420000000002,Cc1noc(CSc2ncnc3sc(C)cc23)n1,True,2.9834400000000016,-0.2539800000000003,0.7659574468085106,False,False
3.0,bin,6,-0.2550499439239502,-0.30299997329711914,-0.20709991455078125,1720876,CC(C)(C)CC(=O)NCC(=O)Nc1ccc2c(c1)COC2,2.2077,O=C(NCCOCC(F)(F)F)Nc1ccc2c(c1)COC2,True,2.4172000000000002,0.20950000000000024,0.4909090909090909,False,True
3.0,bin,6,-0.2550499439239502,-0.30299997329711914,-0.20709991455078125,1757109,CC(C)Cc1ncc(CNc2ccc3c(c2)COC3)s1,3.983900000000003,CC(C)c1ncc(CNc2ccc3c(c2)COC3)s1,True,3.908800000000003,-0.07509999999999994,0.7083333333333334,False,False
3.0,bin,6,-0.2550499439239502,-0.30299997329711914,-0.20709991455078125,1774061,O=C1NCCCc2[nH]c(-c3cccc4[nH]ccc34)nc21,2.234,Nc1cc(-c2nc3c([nH]2)CCCNC3=O)ccc1F,True,1.474,-0.76,0.46551724137931033,False,True
3.0,bin,6,-0.2550499439239502,-0.30299997329711914,-0.20709991455078125,1800687,Cc1nn(C)c(-c2nc(-c3cccnn3)no2)c1Cl,1.8889199999999997,COc1ccc(C=NOC(C=N)c2[nH]nc(OC)c2Br)nn1,True,1.72077,-0.1681499999999998,0.075,False,True
3.0,bin,6,-0.2550499439239502,-0.30299997329711914,-0.20709991455078125,1815867,FC(F)(F)c1ccc(CN2CCOCC2c2ncon2)cc1,2.661900000000001,NOC=NCC1COCCN1CC1C(Br)=CC1=CF,True,1.3678,-1.2941000000000011,0.21052631578947367,False,True
3.0,bin,6,-0.2550499439239502,-0.30299997329711914,-0.20709991455078125,1828580,Cc1ccc(N2CC3OCC(=O)N(Cc4cccc(F)c4)C3C2)nn1,1.54032,COc1ccccc1CN1CN(c2ccc(C)nn2)CCOCC1=O,True,1.61652,0.07620000000000005,0.35064935064935066,False,True
3.0,bin,6,-0.2550499439239502,-0.30299997329711914,-0.20709991455078125,1836183,CCc1ccc(C(=O)NCc2nccc(N(C)C)n2)cc1,2.035,CN(C)c1ccnc(CNC(=O)c2ccc(F)cc2)n1,True,1.6117000000000001,-0.4233,0.7555555555555555,False,True
3.0,bin,6,-0.2550499439239502,-0.30299997329711914,-0.20709991455078125,1842499,COc1ccccc1COc1ccccc1-c1cnn(CCO)c1,3.1300000000000017,NC(=O)Cn1cc(-c2ccccc2OCc2ccccc2F)[nH]1,True,2.6866000000000003,-0.44340000000000135,0.328125,False,True
3.0,bin,6,-0.2550499439239502,-0.30299997329711914,-0.20709991455078125,1865564,COC(CNC(=O)c1ccoc1)c1cccc(F)c1,2.536200000000001,N#CCOC=C1C=CC2C(=C(C=CO)C(=O)NCC2O)C1,True,0.84558,-1.690620000000001,0.06896551724137931,False,True
3.0,bin,6,-0.2550499439239502,-0.30299997329711914,-0.20709991455078125,1868773,CCCOc1ccc(Cl)c2c1CCNC2C1CC(=O)C1,3.2947000000000015,Cc1cc(Br)c2cc1C1(CCC(=O)C1N)CC2,True,2.6317200000000005,-0.662980000000001,0.13043478260869565,False,True
3.0,bin,6,-0.2550499439239502,-0.30299997329711914,-0.20709991455078125,1873123,CCC1OC(=O)c2c(OC)ccc(Br)c21,3.079200000000002,CCOc1ccc2c(c1OC)C(CC)OC2=O,True,2.7154000000000007,-0.36380000000000123,0.5,False,True
3.0,bin,6,-0.2550499439239502,-0.30299997329711914,-0.20709991455078125,1875028,Cc1cccc(C)c1NCC(=O)N1CCCC2CCCCC21,3.8965400000000034,O=C(CNc1ccccc1)NC1CCCC2CCCCC21,True,3.5736000000000026,-0.3229400000000009,0.3103448275862069,False,True
3.0,bin,6,-0.2550499439239502,-0.30299997329711914,-0.20709991455078125,1895921,CCC(CC)N(C)C(=O)CC1OC(=O)c2ccccc21,2.935200000000002,CCC(CC)NC(=O)CC1OC(=O)c2ccccc21,True,2.593000000000001,-0.34220000000000095,0.5957446808510638,False,True
3.0,bin,6,-0.2550499439239502,-0.30299997329711914,-0.20709991455078125,1907077,Cc1ccc2[nH]nc(C(=O)Nc3nc(-c4ccco4)cs3)c2c1,3.8401200000000015,C=c1cc2c(C(=O)Nc3nccs3)n[nH]c2cc1=COCCOC,True,1.0829999999999997,-2.757120000000002,0.325,False,True
3.0,bin,6,-0.2550499439239502,-0.30299997329711914,-0.20709991455078125,1913063,Cc1nn(C)c(C)c1CN(C(=O)c1cn2cccc(C)c2n1)C1CC1,2.797860000000001,CCCN(CC(C)C(C)=NNCCOC)C(=O)C=CN1C=CC=CC1,True,2.372200000000001,-0.4256599999999997,0.10101010101010101,False,True
3.0,bin,6,-0.2550499439239502,-0.30299997329711914,-0.20709991455078125,1922265,CN(CCNC(=O)c1ccc2c(c1)ncn2C)c1ccccc1,2.4395000000000007,C=Nc1cc2ccc1N1CC=CC(C=CC(=O)OC)=C1NCCNC2=O,True,1.6686999999999999,-0.7708000000000008,0.12359550561797752,False,True
3.0,bin,7,-0.1658499836921692,-0.20709991455078125,-0.12460005283355713,32052,COc1ccccc1CNC(=O)Cc1c[nH]c2ccccc12,3.035400000000001,N#Cc1cccc(CNC(=O)Cc2c[nH]c3ccccc23)c1,True,2.898480000000001,-0.13691999999999993,0.5370370370370371,False,True
3.0,bin,7,-0.1658499836921692,-0.20709991455078125,-0.12460005283355713,116747,COCCSc1ccccc1C(=O)Nc1cccc(C)n1,3.3808200000000017,COCCSc1ccccc1C(=O)Nc1ccc(C)cn1,True,3.3808200000000017,0.0,0.6666666666666666,False,True
3.0,bin,7,-0.1658499836921692,-0.20709991455078125,-0.12460005283355713,131060,CS(=O)(=O)NCCc1csc(-c2ccc(F)cc2)n1,2.0408999999999997,CC(=O)NCCNC(=O)NCCc1csc(-c2ccc(F)cc2)n1,True,1.9269999999999998,-0.11389999999999989,0.6,False,True
3.0,bin,7,-0.1658499836921692,-0.20709991455078125,-0.12460005283355713,131949,CCc1c(C)nc(SCC(=O)NC(C)C)[nH]c1=O,1.25742,CC=NC(SCC(N)=O)=C(C)C([NH])=O,True,0.33659999999999995,-0.92082,0.11290322580645161,False,True
3.0,bin,7,-0.1658499836921692,-0.20709991455078125,-0.12460005283355713,158879,COc1ccc(CC(=O)OCC(=O)c2c[nH]c3ccccc23)cc1,3.145100000000001,N#Cc1ccc(CC(=O)OCC(=O)c2c[nH]c3ccccc23)cc1,True,3.008180000000001,-0.13691999999999993,0.7058823529411765,False,True
3.0,bin,7,-0.1658499836921692,-0.20709991455078125,-0.12460005283355713,232056,COCCNC(=O)c1cc(=O)c2cc(C)ccc2o1,1.4776199999999993,COC(=O)CN(C)C(=O)c1cc(=O)c2cc(Cl)ccc2o1,True,1.6913999999999996,0.2137800000000003,0.45614035087719296,False,True
3.0,bin,7,-0.1658499836921692,-0.20709991455078125,-0.12460005283355713,235788,O=C(Cn1nc(-c2ccco2)oc1=O)NCC(F)(F)F,0.7747999999999999,C=CCNC(=O)C(C)n1nc(-c2ccco2)oc1=O,True,0.9595,0.1847000000000001,0.4444444444444444,False,True
3.0,bin,7,-0.1658499836921692,-0.20709991455078125,-0.12460005283355713,236081,CC(=O)c1c(C)[nH]c(C(=O)CSc2nc(C(C)C)n[nH]2)c1C,3.0506400000000014,CC1=CC(=O)CC(C)(C(=O)C(C)Sc2nc(C)n[nH]2)N1,True,1.3877199999999998,-1.6629200000000015,0.22535211267605634,False,True
3.0,bin,7,-0.1658499836921692,-0.20709991455078125,-0.12460005283355713,281081,O=C(Cn1cccn1)NCc1cccnc1Oc1ccc(F)cc1F,2.665000000000001,COc1ccc(Oc2ncccc2CNC(=O)Cn2cccn2)cc1,True,2.3954000000000004,-0.2696000000000005,0.6666666666666666,False,True
3.0,bin,7,-0.1658499836921692,-0.20709991455078125,-0.12460005283355713,284170,COc1ccc(-c2nc(CC(=O)Nc3cccc(C)n3)cs2)cc1,3.7033200000000024,O=C(Cc1csc(-c2ccc(F)cc2)n1)Nc1ccccn1,True,3.525400000000001,-0.1779200000000012,0.5423728813559322,False,True
3.0,bin,7,-0.1658499836921692,-0.20709991455078125,-0.12460005283355713,288369,Cc1ccc(NCc2nnc3n2CCCCC3)cc1C,3.2334400000000016,Fc1ccc(F)c(NCc2nnc3n2CCCCC3)c1F,True,3.033900000000001,-0.19954000000000072,0.5490196078431373,False,True
3.0,bin,7,-0.1658499836921692,-0.20709991455078125,-0.12460005283355713,302889,COc1ccc(OC)c(NC(=O)CCNC(=O)c2cccs2)c1,2.5239000000000003,N#Cc1ccc(NC(=O)CCNC(=O)c2cccs2)cc1,True,2.378380000000001,-0.14551999999999943,0.5,False,False
3.0,bin,7,-0.1658499836921692,-0.20709991455078125,-0.12460005283355713,327141,COc1ccc(OC)c(S(=O)(=O)Nc2ccn(C)n2)c1,1.2381,CNC(=O)Nc1ccc(S(=O)(=O)Nc2ccn(C)n2)cc1,True,0.9721999999999994,-0.2659000000000006,0.41818181818181815,False,True
3.0,bin,7,-0.1658499836921692,-0.20709991455078125,-0.12460005283355713,327382,CNC(=O)C1CN(C(=O)c2c(C)noc2C)c2ccccc2O1,1.4452399999999996,CNC(=O)C1CN(C(=O)c2cnoc2)Cc2ccccc2O1,True,0.8239999999999998,-0.6212399999999998,0.42424242424242425,False,True
3.0,bin,7,-0.1658499836921692,-0.20709991455078125,-0.12460005283355713,406491,COCCNC(=O)C1CCCN(S(=O)(=O)N2CCOCC2)C1,-0.9619999999999964,NC(=O)NCC1CCCN(S(=O)(=O)N2CCOCC2)C1,True,-1.0562999999999967,-0.09430000000000027,0.509090909090909,False,True
3.0,bin,7,-0.1658499836921692,-0.20709991455078125,-0.12460005283355713,413951,O=C(Cn1ncn2cccc2c1=O)N1CCCCCC1,0.8985999999999996,N#CC1CCCN(C(=O)Cn2ncn3cccc3c2=O)C1,True,0.2581799999999994,-0.6404200000000002,0.6792452830188679,False,True
3.0,bin,7,-0.1658499836921692,-0.20709991455078125,-0.12460005283355713,427929,CCNc1nc(NCc2ccccc2Cl)c2cnn(C)c2n1,3.060600000000001,CCNc1nc(NCc2cccc(C)c2)c2cnn(C)c2n1,True,2.7156200000000004,-0.3449800000000005,0.6181818181818182,False,False
3.0,bin,7,-0.1658499836921692,-0.20709991455078125,-0.12460005283355713,447130,CCC(NC(=O)C1CCN(C(=O)C2CC2)CC1)c1ccc(C)cc1,3.2109200000000016,CC(C)C(NC(=O)C1CCN(C(=O)C2CC2)CC1)c1ccccc1,True,3.148500000000002,-0.062419999999999476,0.5384615384615384,False,True
3.0,bin,7,-0.1658499836921692,-0.20709991455078125,-0.12460005283355713,481908,CCNS(=O)(=O)c1ccc(C)c(C(=O)Nc2ncccc2C)c1,2.24894,Cc1ccc(C(=O)Nc2ccc(C)c(N)n2)cc1,True,2.53294,0.2839999999999998,0.22580645161290322,False,True
3.0,bin,7,-0.1658499836921692,-0.20709991455078125,-0.12460005283355713,485220,Cc1nn(CC(=O)N2CCN(C)CC2)c(C)c1Br,1.03644,Cc1cc(C)n(CC(=O)N2CCN(CCC(C)O)CC2)n1,True,0.41504000000000035,-0.6213999999999997,0.39622641509433965,False,True
3.0,bin,7,-0.1658499836921692,-0.20709991455078125,-0.12460005283355713,526363,Cc1nnc(SCC(=O)Nc2ccc(O)cc2)n(N)c1=O,0.09692,Nn1c(SCC(=O)Nc2ccccc2O)nncc1=O,True,-0.21149999999999997,-0.30841999999999997,0.4406779661016949,False,False
3.0,bin,7,-0.1658499836921692,-0.20709991455078125,-0.12460005283355713,536853,COc1ccc(C2CCCN2C(=O)C2CCC2)c(OC)c1,3.1674000000000015,C#CCOc1ccccc1C1CCCN1C(=O)C1CCC1,True,3.162200000000002,-0.005199999999999427,0.5272727272727272,False,True
3.0,bin,7,-0.1658499836921692,-0.20709991455078125,-0.12460005283355713,540312,Cc1nn(C)c2nc(C3CC3)cc(C(=O)NCC(=O)NC(C)(C)C)c12,1.7986199999999997,COCCCNC(=O)c1cc(C2CC2)nc2c1c(C)nn2C,True,1.9204199999999998,0.12180000000000013,0.65,False,True
3.0,bin,7,-0.1658499836921692,-0.20709991455078125,-0.12460005283355713,544381,Cc1nc(N2CCCC(C(=O)NC(C)C)C2)c2c(C)c(C)oc2n1,2.8890600000000006,Cc1nc(N2CCC(C(=O)N(C)C)CC2)c2c(C)c(C)oc2n1,True,2.4526600000000007,-0.4363999999999999,0.5517241379310345,False,True
3.0,bin,7,-0.1658499836921692,-0.20709991455078125,-0.12460005283355713,544382,CCCNC(=O)C1CCCN(c2nc(C)nc3oc(C)c(C)c23)C1,2.8906600000000013,C=CCN1C(=O)CCCN1C1=NC(C)=NCOC(C)=C(C)C1,True,2.500400000000001,-0.3902600000000005,0.15294117647058825,False,True
3.0,bin,7,-0.1658499836921692,-0.20709991455078125,-0.12460005283355713,550049,Cc1ccc(C)c(OCC(=O)Nc2cccc(-n3cnnc3)c2)c1,2.9016400000000013,Cc1ccc(OCC(=O)Nc2cccc(-n3cnnc3)c2)cc1F,True,2.7323200000000005,-0.1693200000000008,0.6785714285714286,False,True
3.0,bin,7,-0.1658499836921692,-0.20709991455078125,-0.12460005283355713,573533,Cc1nn(-c2ncc(C(F)(F)F)cc2Cl)c(=O)o1,2.2011199999999995,CC=NN(Cl)c1ccc(C(F)(F)F)cn1,True,3.066300000000001,0.8651800000000014,0.25,False,True
3.0,bin,7,-0.1658499836921692,-0.20709991455078125,-0.12460005283355713,582555,O=C(NCC(O)c1ccccc1)c1ccc2c(=O)n3c(nc2c1)CCC3,1.8061000000000003,Nc1ccccc1CCNC(=O)c1ccc2c(=O)n3c(nc2c1)CCC3,True,1.8974000000000002,0.09129999999999994,0.6307692307692307,False,True
3.0,bin,7,-0.1658499836921692,-0.20709991455078125,-0.12460005283355713,588547,Cc1n[nH]c(C)c1NC(=O)CCc1ccc(Cl)cc1Cl,3.9046400000000023,Cc1n[nH]c(C)c1NC(=O)CC(C)(C)c1ccccc1,True,3.3329400000000016,-0.5717000000000008,0.45454545454545453,False,True
3.0,bin,7,-0.1658499836921692,-0.20709991455078125,-0.12460005283355713,607673,CCCN(CC1CC1)S(=O)(=O)c1ccccc1F,2.636400000000001,CCN(CC1CC1)S(=O)(=O)c1ccc(F)c(F)c1,True,2.3854000000000006,-0.25100000000000033,0.4791666666666667,False,True
3.0,bin,7,-0.1658499836921692,-0.20709991455078125,-0.12460005283355713,617681,Cc1cc(C(=O)Nc2nc(-c3ccncc3)cs2)nn1C(C)C,3.5432200000000016,CC(C)c1cc(C(=O)Nc2nc(-c3ccncc3)cs2)n[nH]1,True,3.3039000000000005,-0.2393200000000011,0.5964912280701754,False,True
3.0,bin,7,-0.1658499836921692,-0.20709991455078125,-0.12460005283355713,650267,COc1ccc2oc(C(=O)NC3CCCCNC3=O)c(C)c2c1,2.14832,N#CC=CC=COC(=O)C(=O)NC1CCCCNC1,True,0.38137999999999966,-1.7669400000000004,0.1794871794871795,False,True
3.0,bin,7,-0.1658499836921692,-0.20709991455078125,-0.12460005283355713,668639,Cc1cc(NC(=O)c2ccccc2Cl)ncc1N,2.8779200000000005,Cc1ccnc(NC(=O)c2cccc(F)c2)c1N,True,2.36362,-0.5143000000000004,0.3050847457627119,False,True
3.0,bin,7,-0.1658499836921692,-0.20709991455078125,-0.12460005283355713,673160,CCC(=O)Nc1ccc2oc(C(F)(F)F)cc(=O)c2c1,3.160300000000001,COC1=CC(C(=O)C(C)C)=C2CC(=O)C(C(F)(F)F)=CC12,True,3.1297000000000015,-0.03059999999999974,0.15492957746478872,False,True
3.0,bin,7,-0.1658499836921692,-0.20709991455078125,-0.12460005283355713,711169,Cc1cccc(C(C)C)c1NC(=O)N(C)Cc1ccncc1,4.177320000000003,CN(Cc1ccncc1)C(=O)Nc1ccc(SC(F)F)cc1,True,4.060200000000003,-0.11711999999999989,0.48214285714285715,False,True
3.0,bin,7,-0.1658499836921692,-0.20709991455078125,-0.12460005283355713,720969,Cc1noc(C)c1CCC(=O)OCC(=O)N1c2ccccc2CC1C,2.7450400000000013,Cc1noc(C)c1CCC(=O)OCC(=O)N1CCc2ccccc21,True,2.35654,-0.3885000000000014,0.6721311475409836,False,False
3.0,bin,7,-0.1658499836921692,-0.20709991455078125,-0.12460005283355713,730789,COC(=O)C1CCN(C(=O)c2cc3ccc(F)cc3nc2C)CC1,2.7075200000000006,COC(=O)C1CCN(C(=O)c2cnc3ccc(OC)cc3c2)CC1,True,2.2686,-0.4389200000000004,0.4603174603174603,False,True
3.0,bin,7,-0.1658499836921692,-0.20709991455078125,-0.12460005283355713,738178,Cc1ccc(-n2ccnc2SCc2nc(C3CC3)no2)cc1C,4.041840000000003,O=C(Cl)c1cccc(-n2ccnc2SCc2nc(C3CC3)no2)c1,True,3.804000000000002,-0.23784000000000116,0.6557377049180327,False,True
3.0,bin,7,-0.1658499836921692,-0.20709991455078125,-0.12460005283355713,771897,COc1ccccc1OCC(=O)N(C)Cc1sccc1C,3.102520000000002,Cc1ccsc1CN(C)C(=O)COc1cccc(C#N)c1,True,2.965600000000001,-0.13692000000000082,0.5714285714285714,False,True
3.0,bin,7,-0.1658499836921692,-0.20709991455078125,-0.12460005283355713,811446,COC(=O)C1(NC(=O)c2cc(Br)c[nH]2)CCCCCC1,2.7730000000000006,CNC(=O)C1(NC(=O)c2cc(Br)c[nH]2)CCCCC1,True,1.9559000000000002,-0.8171000000000004,0.7272727272727273,False,False
3.0,bin,7,-0.1658499836921692,-0.20709991455078125,-0.12460005283355713,848291,CCC(C)NC(=O)NCc1noc(-c2cccs2)n1,2.3958000000000004,CCN(CC)C(=O)CNCc1noc(-c2cccs2)n1,True,1.7560999999999993,-0.639700000000001,0.5689655172413793,False,True
3.0,bin,7,-0.1658499836921692,-0.20709991455078125,-0.12460005283355713,863440,COc1ccc(-c2nc(CCCO)cs2)cc1OC,2.752200000000001,COc1ccc(-c2nc(CCCO)cs2)c(OC)c1,True,2.752200000000001,0.0,0.6382978723404256,False,False
3.0,bin,7,-0.1658499836921692,-0.20709991455078125,-0.12460005283355713,864663,N#Cc1ccc(-c2cc(F)ccc2F)nc1N1CCCC1,3.498680000000002,N#Cc1ccc(-c2ccc(F)cc2)nc1N1CCCC1,True,3.359580000000002,-0.1391,0.6818181818181818,False,False
3.0,bin,7,-0.1658499836921692,-0.20709991455078125,-0.12460005283355713,872100,CCc1cccc(C)c1NCC(O)c1ccc2c(c1)OCCO2,3.474120000000002,Cc1cc(C)cc(NCC(O)c2ccc3c(c2)OCCO3)c1,True,3.2201400000000016,-0.2539800000000003,0.5882352941176471,False,False
3.0,bin,7,-0.1658499836921692,-0.20709991455078125,-0.12460005283355713,886334,COc1ccc(C(=O)N2CCCC(C(=O)N3CCCCC3)C2)c(O)c1,2.2655000000000003,NC(=O)Nc1ccccc1C(=O)N1CCCC(C(=O)N2CCCCC2)C1,True,2.0419,-0.22360000000000024,0.5272727272727272,False,True
3.0,bin,7,-0.1658499836921692,-0.20709991455078125,-0.12460005283355713,887387,COCCNC(=O)N(Cc1cccc(F)c1)CC1CCCO1,2.1627,COCCNC(=O)N(Cc1cccc(OC)c1)CC1CCCO1,True,2.0321999999999996,-0.1305000000000005,0.7931034482758621,False,True
3.0,bin,7,-0.1658499836921692,-0.20709991455078125,-0.12460005283355713,889149,N#Cc1ccc(NC(=O)c2ccc(Br)cc2Cl)nc1,3.621480000000001,N#Cc1ccc(NC(=O)c2ccc(SC(F)F)cc2)nc1,True,3.5202800000000014,-0.10119999999999951,0.4642857142857143,False,True
3.0,bin,7,-0.1658499836921692,-0.20709991455078125,-0.12460005283355713,913483,O=C(CNC(=O)NCCc1c(Cl)cccc1Cl)NC1CC1,2.1137000000000006,CC(C)C(=O)NC(CCNC(=O)NCC(=O)NC1CC1)c1ccc(F)cc1,True,1.6069,-0.5068000000000006,0.43333333333333335,False,True
3.0,bin,7,-0.1658499836921692,-0.20709991455078125,-0.12460005283355713,917620,C=CCN(Cc1ccccc1OC)C(=O)c1csc(C)n1,3.288520000000002,C=CCN(Cc1ccc(OC)cc1)C(=O)c1cscn1,True,2.980100000000001,-0.3084200000000008,0.45161290322580644,False,True
3.0,bin,7,-0.1658499836921692,-0.20709991455078125,-0.12460005283355713,918312,CCOc1ccc(Cl)c(C(=O)N2CCN(c3ncccn3)CC2)n1,1.8860999999999997,O=C(c1ncccc1Cl)N1CCN(c2ncccn2)CC1,True,1.4873999999999998,-0.39869999999999983,0.625,False,True
3.0,bin,7,-0.1658499836921692,-0.20709991455078125,-0.12460005283355713,922879,CC(=O)c1ccc(N2CCN(Cc3c(F)cccc3F)CC2)cc1,3.489600000000003,CC(=O)c1ccc(N2CCN(Cc3ccccc3F)CC2)cc1,True,3.350500000000002,-0.1391000000000009,0.7441860465116279,False,False
3.0,bin,7,-0.1658499836921692,-0.20709991455078125,-0.12460005283355713,927535,COc1cc(CN2CCN(c3ccccc3F)CC2)ccc1O,2.862100000000002,COc1ccccc1N1CCN(Cc2ccccc2)CC1O,True,2.3358000000000003,-0.5263000000000018,0.42105263157894735,False,True
3.0,bin,7,-0.1658499836921692,-0.20709991455078125,-0.12460005283355713,927567,Cc1ccccc1N1CCN(Cc2cccc(O)c2)CC1,3.022820000000001,Oc1cccc(N2CCN(Cc3ccccc3F)CC2)c1,True,2.8535000000000013,-0.16931999999999992,0.44,False,True
3.0,bin,7,-0.1658499836921692,-0.20709991455078125,-0.12460005283355713,938108,CC(c1ccccc1)N(C)C(=O)CCC(=O)Nc1nccs1,3.0814000000000012,CC(NC(=O)CCC(=O)Nc1nccs1)c1cccc(F)c1,True,2.8783000000000003,-0.20310000000000095,0.5614035087719298,False,True
3.0,bin,7,-0.1658499836921692,-0.20709991455078125,-0.12460005283355713,943303,CN(CCCOc1ccccc1)C(=O)Nc1cccc2c1OCCO2,3.390600000000002,CN(CCCOc1ccccc1)C(=O)Nc1cccc2c1OCCO2,True,3.390600000000002,0.0,1.0,True,False
3.0,bin,7,-0.1658499836921692,-0.20709991455078125,-0.12460005283355713,946289,CC(NC(=O)C1(c2cc(-c3ccco3)on2)CC1)c1ccccc1,3.843600000000002,CCN(Cc1ccccc1)C(=O)C1(c2cc(-c3ccco3)on2)CC1,True,4.014900000000003,0.17130000000000045,0.5483870967741935,False,True
3.0,bin,7,-0.1658499836921692,-0.20709991455078125,-0.12460005283355713,994077,Cc1nnc(Cn2c(-c3cccc(Br)c3)noc2=O)o1,2.0055199999999997,CCc1nnc(Cn2c(-c3ccccc3C)noc2=O)o1,True,1.8054199999999998,-0.20009999999999994,0.48214285714285715,False,False
3.0,bin,7,-0.1658499836921692,-0.20709991455078125,-0.12460005283355713,1065620,O=C(NCc1cccnc1Oc1ccccc1)c1cccnc1,3.198900000000002,N#Cc1ccc(Oc2ncccc2CNC(=O)c2cccnc2)cc1,True,3.0705800000000014,-0.12832000000000043,0.7647058823529411,False,True
3.0,bin,7,-0.1658499836921692,-0.20709991455078125,-0.12460005283355713,1093926,CN(C(=O)CNc1cccc(OCC2CCCO2)c1)c1ccccc1,3.319300000000002,O=C(CNc1cccc(OCC2CCCO2)c1)Nc1ccccc1,True,3.2950000000000017,-0.02430000000000021,0.7068965517241379,False,False
3.0,bin,7,-0.1658499836921692,-0.20709991455078125,-0.12460005283355713,1107920,CCc1ccc(-n2cc(C(=O)NC(C)c3ccccc3)nn2)cc1,3.320700000000002,CC(C)C(NC(=O)c1cn(-c2ccccc2)nn1)c1ccccc1,True,3.394400000000002,0.07369999999999965,0.6274509803921569,False,True
3.0,bin,7,-0.1658499836921692,-0.20709991455078125,-0.12460005283355713,1113130,CC(NC(=O)Cn1nnnc1C(C)(C)C)c1cccc2ccccc12,3.0012000000000016,CC(C)c1nnnn1CC(=O)N(C)C(C)c1cccc2ccccc12,True,3.1693000000000016,0.16809999999999992,0.4838709677419355,False,True
3.0,bin,7,-0.1658499836921692,-0.20709991455078125,-0.12460005283355713,1121751,COC(=O)Cn1ccc(NS(=O)(=O)c2ccc(F)c(F)c2F)n1,1.2742,COC(=O)Cn1ccc(NS(=O)(=O)c2cc(F)ccc2F)n1,True,1.1351,-0.1391,0.7450980392156863,False,True
3.0,bin,7,-0.1658499836921692,-0.20709991455078125,-0.12460005283355713,1142531,CCOC(C)C(=O)NCCc1csc(-c2ccc(C)cc2)n1,3.2022200000000014,CCNC(=O)CC(C=CS)N=Cc1ccc(C)cc1,True,2.752220000000001,-0.4500000000000002,0.2318840579710145,False,True
3.0,bin,7,-0.1658499836921692,-0.20709991455078125,-0.12460005283355713,1212157,CN(Cc1ccc(F)c(F)c1)C(=O)c1cncc(-c2cnn(C)c2)c1,3.0325000000000015,COCCN(Cc1ccc(F)cc1)C(=O)c1cncc(-c2cn[nH]c2)c1,True,2.8996000000000013,-0.13290000000000024,0.375,False,True
3.0,bin,7,-0.1658499836921692,-0.20709991455078125,-0.12460005283355713,1215394,CCn1nc(C)cc1C(=O)Oc1cccc(NC(=O)C(C)C)c1,3.025120000000001,CCCn1nccc1C(=O)Oc1cccc(C(=O)OCC)c1,True,2.689000000000001,-0.3361200000000002,0.3787878787878788,False,True
3.0,bin,7,-0.1658499836921692,-0.20709991455078125,-0.12460005283355713,1232922,CC(C)(C)OC(=O)NC1CCCN(S(=O)(=O)N2CCOCC2)C1,0.5525000000000011,CCC1CN(S(=O)(=O)N2CCCC(C(N)=O)C2)C(C)C(C)CO1,True,0.5639000000000016,0.01140000000000052,0.3181818181818182,False,True
3.0,bin,7,-0.1658499836921692,-0.20709991455078125,-0.12460005283355713,1238973,FC(F)(F)c1cnc(N2CCn3c(nnc3C3CC3)C2)c(Cl)c1,3.2429000000000023,FC(F)(F)c1cccnc1N1CCn2c(nnc2C2CC2)C1,True,2.5895,-0.6534000000000022,0.5714285714285714,False,True
3.0,bin,7,-0.1658499836921692,-0.20709991455078125,-0.12460005283355713,1299495,Cc1cc(CC(=O)N2CCCC2C(C#N)c2ccccc2)no1,2.823900000000001,Cc1cc(C(O)C(=O)N2CCCC2Cc2ccccc2)no1,True,2.25012,-0.5737800000000011,0.43478260869565216,False,True
3.0,bin,7,-0.1658499836921692,-0.20709991455078125,-0.12460005283355713,1309906,CC(C)CC(NC(=O)c1cc(=O)c2ccccc2o1)C(=O)OC(C)C,2.8891000000000018,COC(=O)C(C)(CC(C)C)NC(=O)c1cc(=O)c2ccccc2o1,True,2.5006000000000004,-0.3885000000000014,0.5254237288135594,False,True
3.0,bin,7,-0.1658499836921692,-0.20709991455078125,-0.12460005283355713,1362816,COCc1cccc(C(=O)NC2CC2c2cccc(Cl)c2)c1,3.772300000000002,CCOc1ccc(C2CC2NC(=O)c2cccc(F)c2)cc1OC,True,3.518900000000002,-0.25340000000000007,0.47692307692307695,False,True
3.0,bin,7,-0.1658499836921692,-0.20709991455078125,-0.12460005283355713,1441838,COCC(=O)NC(C(=O)Nc1cccc(-c2nccs2)c1)C(C)C,2.5358,CCOC(=O)CCNC(=O)Nc1cccc(-c2nccs2)c1,True,2.884800000000001,0.3490000000000011,0.5151515151515151,False,True
3.0,bin,7,-0.1658499836921692,-0.20709991455078125,-0.12460005283355713,1450449,CCCNC(=O)CSc1nc2c(cc1C#N)CCCC2,2.450380000000001,COCC(C)NC(=O)CSc1nc2c(cc1C#N)CCCC2,True,2.07528,-0.3751000000000011,0.6440677966101694,False,True
3.0,bin,7,-0.1658499836921692,-0.20709991455078125,-0.12460005283355713,1451910,O=S(=O)(NCc1nnc2ccccn12)c1ccc(F)c(F)c1,1.4859999999999995,COc1ccc(F)cc1S(=O)(=O)NCc1nnc2ccccn12,True,1.3555,-0.13049999999999962,0.5789473684210527,False,True
3.0,bin,7,-0.1658499836921692,-0.20709991455078125,-0.12460005283355713,1479798,Cc1nc(C)c(CCC(=O)N(CC(C)C)CC(F)(F)F)c(=O)[nH]1,2.3662400000000003,CCC(=O)C(CC(C)C)NC(=O)CCC1=C(C)N=C(C)NC(=O)C1,True,2.4889,0.12265999999999977,0.2,False,True
3.0,bin,7,-0.1658499836921692,-0.20709991455078125,-0.12460005283355713,1507926,COC(=O)C(C)NC(=O)Cc1csc(-c2ccccc2Cl)n1,2.6837,COc1ccccc1-c1nc(CC(=O)NC(C)C)cs1,True,2.8858000000000015,0.2021000000000015,0.6111111111111112,False,True
3.0,bin,7,-0.1658499836921692,-0.20709991455078125,-0.12460005283355713,1527882,Nc1ncccc1C(=O)Nc1ccc2cn[nH]c2c1,1.7923999999999998,N#Cc1ccc(C(=O)Nc2ccc3cn[nH]c3c2)cn1,True,2.0818799999999995,0.28947999999999974,0.5178571428571429,False,True
3.0,bin,7,-0.1658499836921692,-0.20709991455078125,-0.12460005283355713,1532848,COc1ccc(-c2ccc3c(=O)[nH]cnc3c2)cc1Cl,3.2521000000000013,CCOC=C1C=CC(c2ccc3c(=O)[nH]cnc3c2)=C1,True,2.7967000000000004,-0.4554000000000009,0.45614035087719296,False,True
3.0,bin,7,-0.1658499836921692,-0.20709991455078125,-0.12460005283355713,1548351,COc1cc(OC)c2c(c1)C(c1cnccn1)NCC2,1.7288999999999999,N#Cc1cccc2c1CCNC2c1cnccn1,True,1.5833799999999998,-0.1455200000000001,0.48148148148148145,False,True
3.0,bin,7,-0.1658499836921692,-0.20709991455078125,-0.12460005283355713,1570134,COc1cccc(C(C)N2CCN(C(=O)c3ccc(O)cc3)CC2)c1,2.9198000000000013,COc1ccc(C(=O)N2CCN(Cc3cccc(O)c3)CC2)c(F)c1,True,2.4979000000000005,-0.42190000000000083,0.38461538461538464,False,True
3.0,bin,7,-0.1658499836921692,-0.20709991455078125,-0.12460005283355713,1611406,CC(C)(C)N1CC(NC(=O)C2COc3ccc(F)cc3C2)CC1=O,1.8923999999999994,CC(C)CN1CC(NC(=O)C2COc3ccccc3C2)CC1=O,True,1.6107999999999993,-0.2816000000000001,0.5,False,True
3.0,bin,7,-0.1658499836921692,-0.20709991455078125,-0.12460005283355713,1612684,CCCC1CN(C(=O)Nc2ccn(CCC(C)C)n2)CCO1,2.9620000000000015,CCCn1ccc(NC(=O)N2CCOC(CCC(C)C)C2)n1,True,2.9620000000000015,0.0,0.8545454545454545,False,True
3.0,bin,7,-0.1658499836921692,-0.20709991455078125,-0.12460005283355713,1639675,CCC(CC)c1nnc(NC(=O)c2scnc2C2CC2)s1,4.0279000000000025,CCC(CC)c1nnc(NC(=O)c2scnc2C2CC2)s1,True,4.0279000000000025,0.0,1.0,True,False
3.0,bin,7,-0.1658499836921692,-0.20709991455078125,-0.12460005283355713,1675660,COc1ccnc(NC(=O)c2cccc(Cl)c2)c1,2.9959000000000007,COc1ccnc(NC(=O)c2ccc(C)cc2C)c1,True,2.959340000000001,-0.036559999999999704,0.54,False,False
3.0,bin,7,-0.1658499836921692,-0.20709991455078125,-0.12460005283355713,1689728,CCc1noc(CSc2ncnc3sc(C)cc23)n1,3.237420000000002,COCCc1noc(CSc2ncnc3sc(C)cc23)n1,True,2.863920000000001,-0.37350000000000083,0.75,False,True
3.0,bin,7,-0.1658499836921692,-0.20709991455078125,-0.12460005283355713,1720876,CC(C)(C)CC(=O)NCC(=O)Nc1ccc2c(c1)COC2,2.2077,CC(C)(C)C(=O)NCC(=O)NCc1ccc2c(c1)COC2,True,1.4952999999999999,-0.7124000000000001,0.5,False,True
3.0,bin,7,-0.1658499836921692,-0.20709991455078125,-0.12460005283355713,1757109,CC(C)Cc1ncc(CNc2ccc3c(c2)COC3)s1,3.983900000000003,CC(C)CC=NC=C1CNc2ccc(c(CO)c2)C1S,True,3.5761000000000025,-0.4078000000000004,0.14285714285714285,False,True
3.0,bin,7,-0.1658499836921692,-0.20709991455078125,-0.12460005283355713,1774061,O=C1NCCCc2[nH]c(-c3cccc4[nH]ccc34)nc21,2.234,N#Cc1ccc(-c2nc3c([nH]2)CCCNC3=O)cc1,True,1.6243799999999997,-0.6096200000000003,0.5,False,True
3.0,bin,7,-0.1658499836921692,-0.20709991455078125,-0.12460005283355713,1800687,Cc1nn(C)c(-c2nc(-c3cccnn3)no2)c1Cl,1.8889199999999997,CCn1nc(C)cc1-c1nc(-c2cccnn2)no1,True,1.7184199999999998,-0.17049999999999987,0.509090909090909,False,True
3.0,bin,7,-0.1658499836921692,-0.20709991455078125,-0.12460005283355713,1815867,FC(F)(F)c1ccc(CN2CCOCC2c2ncon2)cc1,2.661900000000001,CCSC=C1C=CC(CN2CCOCC2c2ncon2)=C1,True,2.5761000000000003,-0.08580000000000076,0.49206349206349204,False,True
3.0,bin,7,-0.1658499836921692,-0.20709991455078125,-0.12460005283355713,1828580,Cc1ccc(N2CC3OCC(=O)N(Cc4cccc(F)c4)C3C2)nn1,1.54032,Cc1ccc(CNC(=O)C2CN(c3cccnn3)CCO2)cc1,True,1.3066199999999997,-0.23370000000000024,0.24096385542168675,False,True
3.0,bin,7,-0.1658499836921692,-0.20709991455078125,-0.12460005283355713,1836183,CCc1ccc(C(=O)NCc2nccc(N(C)C)n2)cc1,2.035,CC(=O)NC=C1C=C(F)C(C(=O)NCc2nccc(C)n2)=C1,True,1.2146200000000003,-0.8203799999999999,0.3384615384615385,False,True
3.0,bin,7,-0.1658499836921692,-0.20709991455078125,-0.12460005283355713,1842499,COc1ccccc1COc1ccccc1-c1cnn(CCO)c1,3.1300000000000017,Nc1ccc(COc2ccccc2-c2cnn(CCO)c2)cc1F,True,2.8427000000000016,-0.2873000000000001,0.5789473684210527,False,True
3.0,bin,7,-0.1658499836921692,-0.20709991455078125,-0.12460005283355713,1865564,COC(CNC(=O)c1ccoc1)c1cccc(F)c1,2.536200000000001,O=C(NCC(O)c1ccccc1)c1ccoc1Br,True,2.5055000000000005,-0.030700000000000394,0.3114754098360656,False,True
3.0,bin,7,-0.1658499836921692,-0.20709991455078125,-0.12460005283355713,1868773,CCCOc1ccc(Cl)c2c1CCNC2C1CC(=O)C1,3.2947000000000015,O=C1CC(C2NCCc3cc(C(F)(F)F)ccc32)C1,True,2.8713000000000015,-0.4234,0.35,False,False
3.0,bin,7,-0.1658499836921692,-0.20709991455078125,-0.12460005283355713,1873123,CCC1OC(=O)c2c(OC)ccc(Br)c21,3.079200000000002,CCOc1ccc(Br)cc1C(=O)OC,True,2.6344000000000003,-0.44480000000000164,0.2549019607843137,False,False
3.0,bin,7,-0.1658499836921692,-0.20709991455078125,-0.12460005283355713,1875028,Cc1cccc(C)c1NCC(=O)N1CCCC2CCCCC21,3.8965400000000034,O=C1CNc2ccc(Cl)cc2C2CCCCC2CCN1,True,3.545600000000002,-0.35094000000000136,0.16417910447761194,False,True
3.0,bin,7,-0.1658499836921692,-0.20709991455078125,-0.12460005283355713,1895921,CCC(CC)N(C)C(=O)CC1OC(=O)c2ccccc21,2.935200000000002,CCCN(CCC)C(=O)CC1OC(=O)c2ccccc21,True,2.9368000000000016,0.0015999999999998238,0.6444444444444445,False,False
3.0,bin,7,-0.1658499836921692,-0.20709991455078125,-0.12460005283355713,1907077,Cc1ccc2[nH]nc(C(=O)Nc3nc(-c4ccco4)cs3)c2c1,3.8401200000000015,O=C(Nc1nc(-c2ccco2)cs1)c1n[nH]c2cccc(F)c12,True,3.6708000000000007,-0.1693200000000008,0.6290322580645161,False,True
3.0,bin,7,-0.1658499836921692,-0.20709991455078125,-0.12460005283355713,1913063,Cc1nn(C)c(C)c1CN(C(=O)c1cn2cccc(C)c2n1)C1CC1,2.797860000000001,Cc1nn(C)c(C)c1CN(C(=O)c1cn2ccccc2n1)C1CC1,True,2.48944,-0.3084200000000008,0.7457627118644068,False,True
3.0,bin,7,-0.1658499836921692,-0.20709991455078125,-0.12460005283355713,1922265,CN(CCNC(=O)c1ccc2c(c1)ncn2C)c1ccccc1,2.4395000000000007,CN(CCNC(=O)c1ccc2c(c1)ncn2N)c1ccccc1,True,1.6162999999999994,-0.8232000000000013,0.7884615384615384,False,True
3.0,bin,8,-0.0693100094795227,-0.12460005283355713,-0.014019966125488281,32052,COc1ccccc1CNC(=O)Cc1c[nH]c2ccccc12,3.035400000000001,CNc1ccccc1CNC(=O)Cc1c[nH]c2ccccc12,True,3.068500000000001,0.03310000000000013,0.6808510638297872,False,True
3.0,bin,8,-0.0693100094795227,-0.12460005283355713,-0.014019966125488281,116747,COCCSc1ccccc1C(=O)Nc1cccc(C)n1,3.3808200000000017,Cc1cccc(NC(=O)c2ccc(OC(C)C#N)cc2)n1,True,2.933200000000001,-0.4476200000000006,0.4,False,True
3.0,bin,8,-0.0693100094795227,-0.12460005283355713,-0.014019966125488281,131060,CS(=O)(=O)NCCc1csc(-c2ccc(F)cc2)n1,2.0408999999999997,COC1=CC=C(C=NC(=O)CCNS(C)=O)OC=C1OC,True,0.7891999999999999,-1.2516999999999998,0.1095890410958904,False,True
3.0,bin,8,-0.0693100094795227,-0.12460005283355713,-0.014019966125488281,131949,CCc1c(C)nc(SCC(=O)NC(C)C)[nH]c1=O,1.25742,Cc1nc(SCC(=O)NCC(C)C)[nH]c(=O)c1C,True,1.25104,-0.006380000000000052,0.54,False,True
3.0,bin,8,-0.0693100094795227,-0.12460005283355713,-0.014019966125488281,158879,COc1ccc(CC(=O)OCC(=O)c2c[nH]c3ccccc23)cc1,3.145100000000001,N#Cc1ccc(CC(=O)OCC(=O)c2c[nH]c3ccccc23)cc1,True,3.008180000000001,-0.13691999999999993,0.7058823529411765,False,True
3.0,bin,8,-0.0693100094795227,-0.12460005283355713,-0.014019966125488281,232056,COCCNC(=O)c1cc(=O)c2cc(C)ccc2o1,1.4776199999999993,O=C(NCCCO)c1cc(=O)c2cc(Cl)ccc2o1,True,1.5585999999999998,0.0809800000000005,0.5384615384615384,False,True
3.0,bin,8,-0.0693100094795227,-0.12460005283355713,-0.014019966125488281,235788,O=C(Cn1nc(-c2ccco2)oc1=O)NCC(F)(F)F,0.7747999999999999,C=CCNC(=O)Cn1nc(-c2ccco2)oc1=O,True,0.3984999999999997,-0.37630000000000025,0.7058823529411765,False,True
3.0,bin,8,-0.0693100094795227,-0.12460005283355713,-0.014019966125488281,236081,CC(=O)c1c(C)[nH]c(C(=O)CSc2nc(C(C)C)n[nH]2)c1C,3.0506400000000014,CC(=O)CS1=C(C)N=CC1SCC(=O)c1cnc(C(C)C)[nH]1,True,2.8672000000000013,-0.18344000000000005,0.22972972972972974,False,True
3.0,bin,8,-0.0693100094795227,-0.12460005283355713,-0.014019966125488281,281081,O=C(Cn1cccn1)NCc1cccnc1Oc1ccc(F)cc1F,2.665000000000001,COc1cc(C)n(CC(=O)NCc2cccnc2Oc2ccccc2)n1,True,2.7038200000000003,0.03881999999999941,0.4507042253521127,False,True
3.0,bin,8,-0.0693100094795227,-0.12460005283355713,-0.014019966125488281,284170,COc1ccc(-c2nc(CC(=O)Nc3cccc(C)n3)cs2)cc1,3.7033200000000024,O=C(Cc1csc(-c2ccc(F)cc2)n1)Nc1ccccn1,True,3.525400000000001,-0.1779200000000012,0.5423728813559322,False,True
3.0,bin,8,-0.0693100094795227,-0.12460005283355713,-0.014019966125488281,288369,Cc1ccc(NCc2nnc3n2CCCCC3)cc1C,3.2334400000000016,O=C(Br)c1ccc(NCc2nnc3n2CCCCC3)cc1,True,3.1517000000000017,-0.08173999999999992,0.6078431372549019,False,True
3.0,bin,8,-0.0693100094795227,-0.12460005283355713,-0.014019966125488281,302889,COc1ccc(OC)c(NC(=O)CCNC(=O)c2cccs2)c1,2.5239000000000003,N#CCc1ccc(NC(=O)CCNC(=O)c2cccs2)cc1,True,2.5727800000000007,0.04888000000000048,0.48333333333333334,False,False
3.0,bin,8,-0.0693100094795227,-0.12460005283355713,-0.014019966125488281,327141,COc1ccc(OC)c(S(=O)(=O)Nc2ccn(C)n2)c1,1.2381,CNC(=O)c1cc(Cl)ccc1S(=O)(=O)Nc1ccn(C)n1,True,1.2339,-0.0041999999999999815,0.4642857142857143,False,True
3.0,bin,8,-0.0693100094795227,-0.12460005283355713,-0.014019966125488281,327382,CNC(=O)C1CN(C(=O)c2c(C)noc2C)c2ccccc2O1,1.4452399999999996,Cc1noc(C)c1C(=O)N1CC(=O)Oc2cc(C#N)ccc21,True,1.72892,0.2836800000000004,0.42424242424242425,False,True
3.0,bin,8,-0.0693100094795227,-0.12460005283355713,-0.014019966125488281,406491,COCCNC(=O)C1CCCN(S(=O)(=O)N2CCOCC2)C1,-0.9619999999999964,CC1CN(S(=O)(=O)N2CCCC(C(N)=O)C2)CCO1,True,-0.8507999999999973,0.11119999999999908,0.44642857142857145,False,True
3.0,bin,8,-0.0693100094795227,-0.12460005283355713,-0.014019966125488281,413951,O=C(Cn1ncn2cccc2c1=O)N1CCCCCC1,0.8985999999999996,N#CCCCCCNC(=O)Cn1ncn2cccc2c1=O,True,0.6961799999999994,-0.20242000000000027,0.4827586206896552,False,True
3.0,bin,8,-0.0693100094795227,-0.12460005283355713,-0.014019966125488281,427929,CCNc1nc(NCc2ccccc2Cl)c2cnn(C)c2n1,3.060600000000001,CCC(C)NC(=O)C=C1C=CCC(CNc2nc(C)nc3[nH]ncc23)=C1,True,2.8006200000000003,-0.25998000000000054,0.1724137931034483,False,True
3.0,bin,8,-0.0693100094795227,-0.12460005283355713,-0.014019966125488281,447130,CCC(NC(=O)C1CCN(C(=O)C2CC2)CC1)c1ccc(C)cc1,3.2109200000000016,CC(C)C(NC(=O)C1CCN(C(=O)C2CC2)CC1)c1ccccc1,True,3.148500000000002,-0.062419999999999476,0.5384615384615384,False,True
3.0,bin,8,-0.0693100094795227,-0.12460005283355713,-0.014019966125488281,481908,CCNS(=O)(=O)c1ccc(C)c(C(=O)Nc2ncccc2C)c1,2.24894,C=CCNS(=O)(=O)c1ccccc1C(=O)Nc1ncccc1C,True,2.1066200000000004,-0.14231999999999978,0.5517241379310345,False,True
3.0,bin,8,-0.0693100094795227,-0.12460005283355713,-0.014019966125488281,485220,Cc1nn(CC(=O)N2CCN(C)CC2)c(C)c1Br,1.03644,CN1CCN(C(=O)Cn2ccc(C(F)(F)F)n2)CC1,True,0.6759,-0.3605400000000001,0.42,False,False
3.0,bin,8,-0.0693100094795227,-0.12460005283355713,-0.014019966125488281,526363,Cc1nnc(SCC(=O)Nc2ccc(O)cc2)n(N)c1=O,0.09692,C=CC=CN(C)C(=O)CSc1nnc(C)c(=O)n1N,True,-0.08927999999999969,-0.1861999999999997,0.46551724137931033,False,True
3.0,bin,8,-0.0693100094795227,-0.12460005283355713,-0.014019966125488281,536853,COc1ccc(C2CCCN2C(=O)C2CCC2)c(OC)c1,3.1674000000000015,CN(C)C(=O)NCc1ccc(C2CCCN2C(=O)C2CCC2)cc1,True,2.921400000000001,-0.24600000000000044,0.423728813559322,False,True
3.0,bin,8,-0.0693100094795227,-0.12460005283355713,-0.014019966125488281,540312,Cc1nn(C)c2nc(C3CC3)cc(C(=O)NCC(=O)NC(C)(C)C)c12,1.7986199999999997,C=CCNC(=O)c1cc(C2CC2)nc2c1c(C)nn2C,True,2.0699199999999998,0.2713000000000001,0.6724137931034483,False,False
3.0,bin,8,-0.0693100094795227,-0.12460005283355713,-0.014019966125488281,544381,Cc1nc(N2CCCC(C(=O)NC(C)C)C2)c2c(C)c(C)oc2n1,2.8890600000000006,COCCOC1CCN(c2nc(C)nc3oc(C)c(C)c23)CC1,True,2.779860000000001,-0.10919999999999952,0.4444444444444444,False,True
3.0,bin,8,-0.0693100094795227,-0.12460005283355713,-0.014019966125488281,544382,CCCNC(=O)C1CCCN(c2nc(C)nc3oc(C)c(C)c23)C1,2.8906600000000013,Cc1oc2ncnc(N3C=CCNC(=O)CCC3)c2c1C,True,2.0697399999999995,-0.8209200000000019,0.2597402597402597,False,True
3.0,bin,8,-0.0693100094795227,-0.12460005283355713,-0.014019966125488281,550049,Cc1ccc(C)c(OCC(=O)Nc2cccc(-n3cnnc3)c2)c1,2.9016400000000013,CCc1cccc(OCC(=O)Nc2cccc(-n3cnnc3)c2)c1,True,2.847200000000001,-0.05444000000000049,0.6140350877192983,False,True
3.0,bin,8,-0.0693100094795227,-0.12460005283355713,-0.014019966125488281,573533,Cc1nn(-c2ncc(C(F)(F)F)cc2Cl)c(=O)o1,2.2011199999999995,C=CCOc1cnc(C(F)(F)F)cc1-n1c(C)noc1=O,True,2.11252,-0.08859999999999957,0.25757575757575757,False,True
3.0,bin,8,-0.0693100094795227,-0.12460005283355713,-0.014019966125488281,582555,O=C(NCC(O)c1ccccc1)c1ccc2c(=O)n3c(nc2c1)CCC3,1.8061000000000003,NC(CNC(=O)C=Cc1cc(=O)n2c(n1)CCC2)c1cc2ccc1cc2,True,1.6098999999999994,-0.19620000000000082,0.325,False,True
3.0,bin,8,-0.0693100094795227,-0.12460005283355713,-0.014019966125488281,588547,Cc1n[nH]c(C)c1NC(=O)CCc1ccc(Cl)cc1Cl,3.9046400000000023,CCCn1nc(C)c(NC(=O)CCc2cc(F)ccc2F)c1C,True,3.7594400000000023,-0.1452,0.375,False,True
3.0,bin,8,-0.0693100094795227,-0.12460005283355713,-0.014019966125488281,607673,CCCN(CC1CC1)S(=O)(=O)c1ccccc1F,2.636400000000001,C=CCN(CC1CC1)S(=O)(=O)c1ccccc1F,True,2.4124000000000008,-0.2240000000000002,0.6590909090909091,False,True
3.0,bin,8,-0.0693100094795227,-0.12460005283355713,-0.014019966125488281,617681,Cc1cc(C(=O)Nc2nc(-c3ccncc3)cs2)nn1C(C)C,3.5432200000000016,CC(C)Cn1nc(C(=O)Nc2nc(-c3ccncc3)cs2)cc1N,True,2.8921,-0.6511200000000015,0.6271186440677966,False,True
3.0,bin,8,-0.0693100094795227,-0.12460005283355713,-0.014019966125488281,650267,COc1ccc2oc(C(=O)NC3CCCCNC3=O)c(C)c2c1,2.14832,O=C(NC1CCCCNC1)Oc1oc2ccccc2c1F,True,2.8024000000000013,0.6540800000000013,0.2894736842105263,False,True
3.0,bin,8,-0.0693100094795227,-0.12460005283355713,-0.014019966125488281,668639,Cc1cc(NC(=O)c2ccccc2Cl)ncc1N,2.8779200000000005,Cc1cc(NC(=O)C2=CC=CCCC2)ncc1N,True,2.5772199999999996,-0.30070000000000086,0.48148148148148145,False,True
3.0,bin,8,-0.0693100094795227,-0.12460005283355713,-0.014019966125488281,673160,CCC(=O)Nc1ccc2oc(C(F)(F)F)cc(=O)c2c1,3.160300000000001,C=CCNC(=O)Nc1ccc2oc(C(F)(F)F)cc(=O)c2c1,True,3.119300000000001,-0.04100000000000037,0.6346153846153846,False,True
3.0,bin,8,-0.0693100094795227,-0.12460005283355713,-0.014019966125488281,711169,Cc1cccc(C(C)C)c1NC(=O)N(C)Cc1ccncc1,4.177320000000003,CCCOc1cc(Cl)ccc1NC(=O)N(C)Cc1ccncc1,True,4.187700000000002,0.010379999999999612,0.4126984126984127,False,True
3.0,bin,8,-0.0693100094795227,-0.12460005283355713,-0.014019966125488281,720969,Cc1noc(C)c1CCC(=O)OCC(=O)N1c2ccccc2CC1C,2.7450400000000013,Cc1noc(C)c1CCC(=O)OCC(=O)N1CCc2c(F)cccc21,True,2.4956400000000007,-0.2494000000000005,0.5588235294117647,False,True
3.0,bin,8,-0.0693100094795227,-0.12460005283355713,-0.014019966125488281,730789,COC(=O)C1CCN(C(=O)c2cc3ccc(F)cc3nc2C)CC1,2.7075200000000006,Cc1ccc2nc(C)c(C(=O)N3CCC(O)CC3)cc2c1,True,2.4485400000000004,-0.2589800000000002,0.49122807017543857,False,True
3.0,bin,8,-0.0693100094795227,-0.12460005283355713,-0.014019966125488281,738178,Cc1ccc(-n2ccnc2SCc2nc(C3CC3)no2)cc1C,4.041840000000003,Clc1ccc(-n2ccnc2SCc2nc(C3CC3)no2)cc1,True,4.078400000000002,0.036559999999998816,0.7358490566037735,False,True
3.0,bin,8,-0.0693100094795227,-0.12460005283355713,-0.014019966125488281,771897,COc1ccccc1OCC(=O)N(C)Cc1sccc1C,3.102520000000002,CC(=O)Nc1cccc(OCC(=O)N(C)Cc2sccc2C)c1,True,3.0523200000000017,-0.050200000000000244,0.5892857142857143,False,True
3.0,bin,8,-0.0693100094795227,-0.12460005283355713,-0.014019966125488281,811446,COC(=O)C1(NC(=O)c2cc(Br)c[nH]2)CCCCCC1,2.7730000000000006,O=C(NC1CCCCCC1)c1cc(Br)c[nH]1,True,3.229800000000001,0.4568000000000003,0.48936170212765956,False,False
3.0,bin,8,-0.0693100094795227,-0.12460005283355713,-0.014019966125488281,848291,CCC(C)NC(=O)NCc1noc(-c2cccs2)n1,2.3958000000000004,O=C(CNCC(F)(F)F)c1noc(-c2cccs2)n1,True,2.1327,-0.26310000000000056,0.4126984126984127,False,True
3.0,bin,8,-0.0693100094795227,-0.12460005283355713,-0.014019966125488281,863440,COc1ccc(-c2nc(CCCO)cs2)cc1OC,2.752200000000001,N#Cc1ccc(-c2nc(CCO)cs2)c(C#N)c1,True,2.08826,-0.6639400000000011,0.36363636363636365,False,True
3.0,bin,8,-0.0693100094795227,-0.12460005283355713,-0.014019966125488281,864663,N#Cc1ccc(-c2cc(F)ccc2F)nc1N1CCCC1,3.498680000000002,CC(=O)Oc1ccc(-c2ccc(C#N)c(N3CCCC3)n2)cc1,True,3.145780000000002,-0.3529,0.4642857142857143,False,True
3.0,bin,8,-0.0693100094795227,-0.12460005283355713,-0.014019966125488281,872100,CCc1cccc(C)c1NCC(O)c1ccc2c(c1)OCCO2,3.474120000000002,OC(CNc1cccc(Cl)c1F)c1ccc2c(c1)OCCO2,True,3.395800000000002,-0.07831999999999972,0.5263157894736842,False,True
3.0,bin,8,-0.0693100094795227,-0.12460005283355713,-0.014019966125488281,886334,COc1ccc(C(=O)N2CCCC(C(=O)N3CCCCC3)C2)c(O)c1,2.2655000000000003,Nc1cccc(C(=O)N2CCCC(C(=O)N3CCCCC3)C2)c1,True,2.1334999999999997,-0.13200000000000056,0.4909090909090909,False,True
3.0,bin,8,-0.0693100094795227,-0.12460005283355713,-0.014019966125488281,887387,COCCNC(=O)N(Cc1cccc(F)c1)CC1CCCO1,2.1627,CN(CC(=CC=CC#N)CO)S(=O)(=O)F,True,0.13098000000000026,-2.03172,0.0759493670886076,False,True
3.0,bin,8,-0.0693100094795227,-0.12460005283355713,-0.014019966125488281,889149,N#Cc1ccc(NC(=O)c2ccc(Br)cc2Cl)nc1,3.621480000000001,N#Cc1ccc(NC(=O)c2ccc(C(F)(F)F)cc2)nc1,True,3.224380000000002,-0.3970999999999991,0.5,False,False
3.0,bin,8,-0.0693100094795227,-0.12460005283355713,-0.014019966125488281,913483,O=C(CNC(=O)NCCc1c(Cl)cccc1Cl)NC1CC1,2.1137000000000006,CCN(C)C(=O)CNC(=O)NCCc1c(Cl)cccc1Cl,True,2.3133999999999997,0.1996999999999991,0.5510204081632653,False,True
3.0,bin,8,-0.0693100094795227,-0.12460005283355713,-0.014019966125488281,917620,C=CCN(Cc1ccccc1OC)C(=O)c1csc(C)n1,3.288520000000002,CCc1nc(C(=O)N(CC(=O)OC)Cc2ccccc2)cs1,True,2.520900000000001,-0.7676200000000009,0.36923076923076925,False,True
3.0,bin,8,-0.0693100094795227,-0.12460005283355713,-0.014019966125488281,918312,CCOc1ccc(Cl)c(C(=O)N2CCN(c3ncccn3)CC2)n1,1.8860999999999997,Cc1cc(C)nc(N2CCN(C(=O)c3ncccc3Cl)CC2)n1,True,2.10424,0.21814000000000022,0.5454545454545454,False,True
3.0,bin,8,-0.0693100094795227,-0.12460005283355713,-0.014019966125488281,922879,CC(=O)c1ccc(N2CCN(Cc3c(F)cccc3F)CC2)cc1,3.489600000000003,COc1ccc(C)cc1CN1CCN(c2ccccc2F)CC1,True,3.464920000000002,-0.024680000000000923,0.3220338983050847,False,True
3.0,bin,8,-0.0693100094795227,-0.12460005283355713,-0.014019966125488281,927535,COc1cc(CN2CCN(c3ccccc3F)CC2)ccc1O,2.862100000000002,COC(=O)c1cccc(N2CCN(Cc3ccc(O)cc3)CC2)c1,True,2.5010000000000003,-0.36110000000000175,0.3770491803278688,False,True
3.0,bin,8,-0.0693100094795227,-0.12460005283355713,-0.014019966125488281,927567,Cc1ccccc1N1CCN(Cc2cccc(O)c2)CC1,3.022820000000001,Oc1cccc(N2CCN(Cc3ccccc3F)CC2)c1,True,2.8535000000000013,-0.16931999999999992,0.44,False,True
3.0,bin,8,-0.0693100094795227,-0.12460005283355713,-0.014019966125488281,938108,CC(c1ccccc1)N(C)C(=O)CCC(=O)Nc1nccs1,3.0814000000000012,N[SH]1C=CN=C1NC(=O)CCC(=O)Cc1ccc(Cl)cc1,True,2.0636999999999994,-1.0177000000000018,0.19718309859154928,False,True
3.0,bin,8,-0.0693100094795227,-0.12460005283355713,-0.014019966125488281,943303,CN(CCCOc1ccccc1)C(=O)Nc1cccc2c1OCCO2,3.390600000000002,O=C(NCCCOc1ccccc1)Nc1ccc(F)cc1F,True,3.5554000000000023,0.1648000000000005,0.3181818181818182,False,True
3.0,bin,8,-0.0693100094795227,-0.12460005283355713,-0.014019966125488281,946289,CC(NC(=O)C1(c2cc(-c3ccco3)on2)CC1)c1ccccc1,3.843600000000002,Cc1cccc(CNC(=O)C2(c3cc(-c4ccco4)on3)CC2)c1,True,3.591020000000002,-0.25258,0.5737704918032787,False,True
3.0,bin,8,-0.0693100094795227,-0.12460005283355713,-0.014019966125488281,994077,Cc1nnc(Cn2c(-c3cccc(Br)c3)noc2=O)o1,2.0055199999999997,C=CCOc1ccc(-c2noc(=O)n2Cc2nnc(C)o2)cc1,True,1.80782,-0.19769999999999976,0.5614035087719298,False,True
3.0,bin,8,-0.0693100094795227,-0.12460005283355713,-0.014019966125488281,1065620,O=C(NCc1cccnc1Oc1ccccc1)c1cccnc1,3.198900000000002,N#Cc1ccc(C(=O)NCc2cccnc2Oc2ccccc2)cn1,True,3.0705800000000014,-0.12832000000000043,0.6981132075471698,False,True
3.0,bin,8,-0.0693100094795227,-0.12460005283355713,-0.014019966125488281,1093926,CN(C(=O)CNc1cccc(OCC2CCCO2)c1)c1ccccc1,3.319300000000002,COc1ccccc1NCC(=O)Nc1cccc(OCC2CCCO2)c1,True,3.303600000000002,-0.015699999999999825,0.582089552238806,False,True
3.0,bin,8,-0.0693100094795227,-0.12460005283355713,-0.014019966125488281,1107920,CCc1ccc(-n2cc(C(=O)NC(C)c3ccccc3)nn2)cc1,3.320700000000002,CC(C)C(NC(=O)c1cn(-c2ccccc2)nn1)c1ccccc1,True,3.394400000000002,0.07369999999999965,0.6274509803921569,False,True
3.0,bin,8,-0.0693100094795227,-0.12460005283355713,-0.014019966125488281,1113130,CC(NC(=O)Cn1nnnc1C(C)(C)C)c1cccc2ccccc12,3.0012000000000016,CC(C)(C)Cc1nnnn1CC(=O)NCc1cccc2ccccc12,True,2.731300000000001,-0.2699000000000007,0.5081967213114754,False,True
3.0,bin,8,-0.0693100094795227,-0.12460005283355713,-0.014019966125488281,1121751,COC(=O)Cn1ccc(NS(=O)(=O)c2ccc(F)c(F)c2F)n1,1.2742,COC(=O)CNC1=CC(NS(=O)(=O)c2ccc(C)c(OC)c2)=N1,True,0.2980200000000002,-0.9761799999999998,0.2535211267605634,False,True
3.0,bin,8,-0.0693100094795227,-0.12460005283355713,-0.014019966125488281,1142531,CCOC(C)C(=O)NCCc1csc(-c2ccc(C)cc2)n1,3.2022200000000014,CCC(=O)NCCC(N=Cc1ccc(CC)cc1)OCS,True,2.814200000000002,-0.3880199999999996,0.21621621621621623,False,True
3.0,bin,8,-0.0693100094795227,-0.12460005283355713,-0.014019966125488281,1212157,CN(Cc1ccc(F)c(F)c1)C(=O)c1cncc(-c2cnn(C)c2)c1,3.0325000000000015,COCCN(Cc1cccc(C)c1)C(=O)c1cncc(-c2cn[nH]c2)c1,True,3.068920000000001,0.036419999999999675,0.32894736842105265,False,True
3.0,bin,8,-0.0693100094795227,-0.12460005283355713,-0.014019966125488281,1215394,CCn1nc(C)cc1C(=O)Oc1cccc(NC(=O)C(C)C)c1,3.025120000000001,CCCn1nc(C)cc1C(=O)Oc1ccccc1OCC,True,3.219420000000002,0.19430000000000103,0.4426229508196721,False,True
3.0,bin,8,-0.0693100094795227,-0.12460005283355713,-0.014019966125488281,1232922,CC(C)(C)OC(=O)NC1CCCN(S(=O)(=O)N2CCOCC2)C1,0.5525000000000011,CCC(C)C(=O)NC1CCCN(S(=O)(=O)N2CCOCC2)C1,True,0.1901000000000017,-0.3623999999999994,0.6037735849056604,False,True
3.0,bin,8,-0.0693100094795227,-0.12460005283355713,-0.014019966125488281,1238973,FC(F)(F)c1cnc(N2CCn3c(nnc3C3CC3)C2)c(Cl)c1,3.2429000000000023,CC(C)c1ccc(N2CCn3c(nnc3C3CC3)C2)nc1,True,2.6941000000000006,-0.5488000000000017,0.45,False,True
3.0,bin,8,-0.0693100094795227,-0.12460005283355713,-0.014019966125488281,1299495,Cc1cc(CC(=O)N2CCCC2C(C#N)c2ccccc2)no1,2.823900000000001,CN(C)C(C(=O)N1CCCC1C(C#N)c1ccccc1)c1ccon1,True,2.57568,-0.24822000000000077,0.5373134328358209,False,True
3.0,bin,8,-0.0693100094795227,-0.12460005283355713,-0.014019966125488281,1309906,CC(C)CC(NC(=O)c1cc(=O)c2ccccc2o1)C(=O)OC(C)C,2.8891000000000018,CCCOCCCNC(=O)C1C=CC(=O)CC=C(C)C(C)=CCO1,True,2.7261000000000006,-0.16300000000000114,0.14814814814814814,False,True
3.0,bin,8,-0.0693100094795227,-0.12460005283355713,-0.014019966125488281,1362816,COCc1cccc(C(=O)NC2CC2c2cccc(Cl)c2)c1,3.772300000000002,CC(=O)c1ccc(C(=O)NC2CC2c2cccc(Cl)c2)cc1,True,3.8285000000000027,0.05620000000000047,0.6346153846153846,False,True
3.0,bin,8,-0.0693100094795227,-0.12460005283355713,-0.014019966125488281,1441838,COCC(=O)NC(C(=O)Nc1cccc(-c2nccs2)c1)C(C)C,2.5358,CN(C)C(=O)CCN(C)C(=O)Nc1cccc(-c2nccs2)c1,True,2.7521000000000004,0.21630000000000038,0.48484848484848486,False,True
3.0,bin,8,-0.0693100094795227,-0.12460005283355713,-0.014019966125488281,1450449,CCCNC(=O)CSc1nc2c(cc1C#N)CCCC2,2.450380000000001,C=CCNC(=O)CSc1ncc(CC)cc1C#N,True,1.90998,-0.5404000000000009,0.421875,False,True
3.0,bin,8,-0.0693100094795227,-0.12460005283355713,-0.014019966125488281,1451910,O=S(=O)(NCc1nnc2ccccn12)c1ccc(F)c(F)c1,1.4859999999999995,CC(=O)Nc1cc(S(=O)(=O)NCc2nnc3ccccn23)ccc1C,True,1.4746199999999992,-0.01138000000000039,0.6140350877192983,False,True
3.0,bin,8,-0.0693100094795227,-0.12460005283355713,-0.014019966125488281,1479798,Cc1nc(C)c(CCC(=O)N(CC(C)C)CC(F)(F)F)c(=O)[nH]1,2.3662400000000003,CCCN(CC(F)(F)F)C(=O)CCc1c(C)nc(C)[nH]c1=O,True,2.1202400000000003,-0.246,0.74,False,True
3.0,bin,8,-0.0693100094795227,-0.12460005283355713,-0.014019966125488281,1507926,COC(=O)C(C)NC(=O)Cc1csc(-c2ccccc2Cl)n1,2.6837,COCCOCc1csc(-c2ccccc2F)n1,True,3.1122000000000023,0.4285000000000023,0.35,False,True
3.0,bin,8,-0.0693100094795227,-0.12460005283355713,-0.014019966125488281,1527882,Nc1ncccc1C(=O)Nc1ccc2cn[nH]c2c1,1.7923999999999998,CNC(=O)Nc1ccc(C(=O)Nc2ccc3cn[nH]c3c2)cn1,True,1.9614999999999996,0.1690999999999998,0.5,False,True
3.0,bin,8,-0.0693100094795227,-0.12460005283355713,-0.014019966125488281,1532848,COc1ccc(-c2ccc3c(=O)[nH]cnc3c2)cc1Cl,3.2521000000000013,C=CCOc1ccccc1-c1ccc2c(=O)[nH]cnc2c1,True,3.1549000000000014,-0.09719999999999995,0.4727272727272727,False,True
3.0,bin,8,-0.0693100094795227,-0.12460005283355713,-0.014019966125488281,1548351,COc1cc(OC)c2c(c1)C(c1cnccn1)NCC2,1.7288999999999999,COc1ccc(C#N)c2c1CCNC2c1cnccn1,True,1.59198,-0.13691999999999993,0.5454545454545454,False,True
3.0,bin,8,-0.0693100094795227,-0.12460005283355713,-0.014019966125488281,1570134,COc1cccc(C(C)N2CCN(C(=O)c3ccc(O)cc3)CC2)c1,2.9198000000000013,CC(NC1CCN(C(=O)c2cccc(O)c2)C1)c1ccccc1,True,2.9575000000000014,0.03770000000000007,0.38095238095238093,False,True
3.0,bin,8,-0.0693100094795227,-0.12460005283355713,-0.014019966125488281,1611406,CC(C)(C)N1CC(NC(=O)C2COc3ccc(F)cc3C2)CC1=O,1.8923999999999994,Cc1cccc2c1CC(C(=O)N(C)C1CC(=O)N(C(C)C)C1)CO2,True,2.01382,0.12142000000000053,0.28205128205128205,False,True
3.0,bin,8,-0.0693100094795227,-0.12460005283355713,-0.014019966125488281,1612684,CCCC1CN(C(=O)Nc2ccn(CCC(C)C)n2)CCO1,2.9620000000000015,CCCCCC1OCCN1C(=O)Nc1cc(C)n(C)n1,True,2.4990200000000007,-0.46298000000000084,0.3611111111111111,False,True
3.0,bin,8,-0.0693100094795227,-0.12460005283355713,-0.014019966125488281,1639675,CCC(CC)c1nnc(NC(=O)c2scnc2C2CC2)s1,4.0279000000000025,CC(C)(C)Cc1nnc(NC(=O)c2scnc2C2CC2)s1,True,3.712900000000003,-0.3149999999999995,0.660377358490566,False,True
3.0,bin,8,-0.0693100094795227,-0.12460005283355713,-0.014019966125488281,1675660,COc1ccnc(NC(=O)c2cccc(Cl)c2)c1,2.9959000000000007,O=C(Nc1ccc(Br)cn1)c1cccc(O)c1,True,2.8020000000000005,-0.19390000000000018,0.37037037037037035,False,True
3.0,bin,8,-0.0693100094795227,-0.12460005283355713,-0.014019966125488281,1689728,CCc1noc(CSc2ncnc3sc(C)cc23)n1,3.237420000000002,Fc1cncnc1SCC1CCC=NO1,True,1.8725999999999998,-1.3648200000000021,0.15714285714285714,False,True
3.0,bin,8,-0.0693100094795227,-0.12460005283355713,-0.014019966125488281,1720876,CC(C)(C)CC(=O)NCC(=O)Nc1ccc2c(c1)COC2,2.2077,CCCOC(CC)C(=O)NS(=O)(=O)c1ccc2c(c1)COC2,True,1.7269,-0.4807999999999999,0.3125,False,True
3.0,bin,8,-0.0693100094795227,-0.12460005283355713,-0.014019966125488281,1757109,CC(C)Cc1ncc(CNc2ccc3c(c2)COC3)s1,3.983900000000003,FC(F)(F)CC=NC=C(S)CNc1ccc2c(c1)COC2,True,3.9231000000000016,-0.0608000000000013,0.34375,False,True
3.0,bin,8,-0.0693100094795227,-0.12460005283355713,-0.014019966125488281,1774061,O=C1NCCCc2[nH]c(-c3cccc4[nH]ccc34)nc21,2.234,N#CC=C1C=COC(c2nc3c([nH]2)CCCNC3)=C1,True,1.7802799999999999,-0.4537200000000001,0.20270270270270271,False,True
3.0,bin,8,-0.0693100094795227,-0.12460005283355713,-0.014019966125488281,1800687,Cc1nn(C)c(-c2nc(-c3cccnn3)no2)c1Cl,1.8889199999999997,CCn1nc(C)cc1-c1nc(-c2cccnn2)no1,True,1.7184199999999998,-0.17049999999999987,0.509090909090909,False,True
3.0,bin,8,-0.0693100094795227,-0.12460005283355713,-0.014019966125488281,1815867,FC(F)(F)c1ccc(CN2CCOCC2c2ncon2)cc1,2.661900000000001,CSC=C1C=C(C)C1CN1CCOCC1CN=CON,True,1.4288,-1.233100000000001,0.189873417721519,False,True
3.0,bin,8,-0.0693100094795227,-0.12460005283355713,-0.014019966125488281,1828580,Cc1ccc(N2CC3OCC(=O)N(Cc4cccc(F)c4)C3C2)nn1,1.54032,CC(=O)c1ccc(N2CC3OCC(=O)N(Cc4ccccc4)C3C2)nn1,True,1.2953999999999999,-0.24492000000000003,0.6,False,True
3.0,bin,8,-0.0693100094795227,-0.12460005283355713,-0.014019966125488281,1836183,CCc1ccc(C(=O)NCc2nccc(N(C)C)n2)cc1,2.035,COc1cc(C)nc(CNC(=O)c2ccc(C)cc2)n1,True,2.03204,-0.0029600000000002957,0.3684210526315789,False,True
3.0,bin,8,-0.0693100094795227,-0.12460005283355713,-0.014019966125488281,1842499,COc1ccccc1COc1ccccc1-c1cnn(CCO)c1,3.1300000000000017,NC(=O)CCn1cc(COc2ccccc2-c2ccccc2F)[nH]1,True,3.0767000000000007,-0.05330000000000101,0.2878787878787879,False,True
3.0,bin,8,-0.0693100094795227,-0.12460005283355713,-0.014019966125488281,1865564,COC(CNC(=O)c1ccoc1)c1cccc(F)c1,2.536200000000001,CC(=O)Nc1ccc(F)c(CNC(=O)c2ccoc2C)c1,True,2.615520000000001,0.07932000000000006,0.22535211267605634,False,True
3.0,bin,8,-0.0693100094795227,-0.12460005283355713,-0.014019966125488281,1868773,CCCOc1ccc(Cl)c2c1CCNC2C1CC(=O)C1,3.2947000000000015,O=CCCC(P)C1NCCc2c1ccc(Cl)c2Cl,True,3.4030000000000022,0.10830000000000073,0.26865671641791045,False,True
3.0,bin,8,-0.0693100094795227,-0.12460005283355713,-0.014019966125488281,1873123,CCC1OC(=O)c2c(OC)ccc(Br)c21,3.079200000000002,CCOC=CC(=CC(=O)OC=CBr)OCC,True,2.8663000000000016,-0.2129000000000003,0.1016949152542373,False,True
3.0,bin,8,-0.0693100094795227,-0.12460005283355713,-0.014019966125488281,1875028,Cc1cccc(C)c1NCC(=O)N1CCCC2CCCCC21,3.8965400000000034,CCOc1cc(OC)ccc1NCC(=O)NCCC1CCCCC1,True,3.5924000000000023,-0.3041400000000012,0.23943661971830985,False,True
3.0,bin,8,-0.0693100094795227,-0.12460005283355713,-0.014019966125488281,1895921,CCC(CC)N(C)C(=O)CC1OC(=O)c2ccccc21,2.935200000000002,CCCCCN(C)C(=O)CC1OC(=O)c2ccccc21,True,2.9368000000000016,0.0015999999999998238,0.625,False,True
3.0,bin,8,-0.0693100094795227,-0.12460005283355713,-0.014019966125488281,1907077,Cc1ccc2[nH]nc(C(=O)Nc3nc(-c4ccco4)cs3)c2c1,3.8401200000000015,O=C(Nc1nc(-c2ccco2)cs1)c1n[nH]c2cc(F)ccc12,True,3.6708000000000007,-0.1693200000000008,0.7,False,True
3.0,bin,8,-0.0693100094795227,-0.12460005283355713,-0.014019966125488281,1913063,Cc1nn(C)c(C)c1CN(C(=O)c1cn2cccc(C)c2n1)C1CC1,2.797860000000001,CC1=NNCCCC1CNC(=O)c1cn2ccccc2n1,True,1.4395999999999995,-1.3582600000000014,0.275,False,True
3.0,bin,8,-0.0693100094795227,-0.12460005283355713,-0.014019966125488281,1922265,CN(CCNC(=O)c1ccc2c(c1)ncn2C)c1ccccc1,2.4395000000000007,CN(CCNC(=O)c1ccc2c(c1)ncn2C)c1ccccc1,True,2.4395000000000007,0.0,1.0,True,False
3.0,bin,9,-0.007009983062744141,-0.014019966125488281,0.0,32052,COc1ccccc1CNC(=O)Cc1c[nH]c2ccccc12,3.035400000000001,O=C(Cc1c[nH]c2ccccc12)NCc1cccc(O)c1,True,2.7324,-0.3030000000000008,0.58,False,False
3.0,bin,9,-0.007009983062744141,-0.014019966125488281,0.0,116747,COCCSc1ccccc1C(=O)Nc1cccc(C)n1,3.3808200000000017,Cc1cccc(NC(=O)c2ccccc2Br)n1,True,3.4048200000000017,0.02400000000000002,0.5625,False,False
3.0,bin,9,-0.007009983062744141,-0.014019966125488281,0.0,131060,CS(=O)(=O)NCCc1csc(-c2ccc(F)cc2)n1,2.0408999999999997,COC(=O)CNC(=O)CCc1csc(-c2ccc(F)cc2)n1,True,2.1709999999999994,0.13009999999999966,0.5185185185185185,False,True
3.0,bin,9,-0.007009983062744141,-0.014019966125488281,0.0,131949,CCc1c(C)nc(SCC(=O)NC(C)C)[nH]c1=O,1.25742,CCCNC(=O)CCSc1nc(C)c(C)c(=O)[nH]1,True,1.3951399999999998,0.13771999999999984,0.41818181818181815,False,True
3.0,bin,9,-0.007009983062744141,-0.014019966125488281,0.0,158879,COc1ccc(CC(=O)OCC(=O)c2c[nH]c3ccccc23)cc1,3.145100000000001,O=C(Cc1ccc(O)cc1)OCC(=O)c1c[nH]c2ccccc12,True,2.8421000000000003,-0.3030000000000008,0.7659574468085106,False,True
3.0,bin,9,-0.007009983062744141,-0.014019966125488281,0.0,232056,COCCNC(=O)c1cc(=O)c2cc(C)ccc2o1,1.4776199999999993,C#CCNC(=O)c1cc(=O)c2cc(OC)ccc2o1,True,1.1646000000000003,-0.31301999999999897,0.5471698113207547,False,True
3.0,bin,9,-0.007009983062744141,-0.014019966125488281,0.0,235788,O=C(Cn1nc(-c2ccco2)oc1=O)NCC(F)(F)F,0.7747999999999999,CC(C)NC(=O)CCn1nc(-c2ccco2)oc1=O,True,1.011,0.23619999999999997,0.543859649122807,False,True
3.0,bin,9,-0.007009983062744141,-0.014019966125488281,0.0,236081,CC(=O)c1c(C)[nH]c(C(=O)CSc2nc(C(C)C)n[nH]2)c1C,3.0506400000000014,CC=C(NC(C)=CC(C)=O)C(=O)CSc1nc(C(C)C)n[nH]1,True,2.5755,-0.47514000000000145,0.4745762711864407,False,True
3.0,bin,9,-0.007009983062744141,-0.014019966125488281,0.0,281081,O=C(Cn1cccn1)NCc1cccnc1Oc1ccc(F)cc1F,2.665000000000001,CC(=O)c1ccc(Oc2ncccc2CNC(=O)Cn2cccn2)cc1,True,2.5894000000000004,-0.07560000000000056,0.6451612903225806,False,True
3.0,bin,9,-0.007009983062744141,-0.014019966125488281,0.0,284170,COc1ccc(-c2nc(CC(=O)Nc3cccc(C)n3)cs2)cc1,3.7033200000000024,Cc1ccnc(NC(=O)Cc2csc(-c3ccccc3)n2)c1,True,3.694720000000002,-0.008600000000000385,0.5333333333333333,False,True
3.0,bin,9,-0.007009983062744141,-0.014019966125488281,0.0,288369,Cc1ccc(NCc2nnc3n2CCCCC3)cc1C,3.2334400000000016,Fc1ccc(NCc2nnc3n2CC(F)CCC3)c(F)c1,True,2.8428000000000013,-0.3906400000000003,0.3709677419354839,False,True
3.0,bin,9,-0.007009983062744141,-0.014019966125488281,0.0,302889,COc1ccc(OC)c(NC(=O)CCNC(=O)c2cccs2)c1,2.5239000000000003,O=C(CCNC(=O)c1cccs1)Nc1ccc(F)cc1,True,2.6458000000000004,0.12190000000000012,0.5272727272727272,False,False
3.0,bin,9,-0.007009983062744141,-0.014019966125488281,0.0,327141,COc1ccc(OC)c(S(=O)(=O)Nc2ccn(C)n2)c1,1.2381,COc1cccc(S(=O)(=O)Nc2cc[nH]n2)c1,True,1.2190999999999999,-0.019000000000000128,0.36363636363636365,False,True
3.0,bin,9,-0.007009983062744141,-0.014019966125488281,0.0,327382,CNC(=O)C1CN(C(=O)c2c(C)noc2C)c2ccccc2O1,1.4452399999999996,CNC(=O)C1CN(C(=O)c2cnoc2C)c2ccccc2O1,True,1.1368199999999993,-0.30842000000000036,0.6727272727272727,False,True
3.0,bin,9,-0.007009983062744141,-0.014019966125488281,0.0,406491,COCCNC(=O)C1CCCN(S(=O)(=O)N2CCOCC2)C1,-0.9619999999999964,COCCN1C2CC(CS(=O)(=O)NCCO)CCN2S1(=O)=O,True,-1.8569999999999962,-0.8949999999999998,0.2676056338028169,False,True
3.0,bin,9,-0.007009983062744141,-0.014019966125488281,0.0,413951,O=C(Cn1ncn2cccc2c1=O)N1CCCCCC1,0.8985999999999996,N#CCCCCCNC(=O)Cn1ncn2cccc2c1=O,True,0.6961799999999994,-0.20242000000000027,0.4827586206896552,False,True
3.0,bin,9,-0.007009983062744141,-0.014019966125488281,0.0,427929,CCNc1nc(NCc2ccccc2Cl)c2cnn(C)c2n1,3.060600000000001,CCc1nc(NCc2ccccc2Cl)c2cn[nH]c2n1,True,3.1808000000000005,0.12019999999999964,0.47368421052631576,False,True
3.0,bin,9,-0.007009983062744141,-0.014019966125488281,0.0,447130,CCC(NC(=O)C1CCN(C(=O)C2CC2)CC1)c1ccc(C)cc1,3.2109200000000016,CCC1C(c2ccccc2)C(CCN(C)C(=O)C2CC2)C(=O)N1C,True,2.895500000000001,-0.3154200000000005,0.20833333333333334,False,True
3.0,bin,9,-0.007009983062744141,-0.014019966125488281,0.0,481908,CCNS(=O)(=O)c1ccc(C)c(C(=O)Nc2ncccc2C)c1,2.24894,Cc1ccccc1C(=O)Nc1ccccn1,True,2.6423200000000007,0.3933800000000005,0.39622641509433965,False,True
3.0,bin,9,-0.007009983062744141,-0.014019966125488281,0.0,485220,Cc1nn(CC(=O)N2CCN(C)CC2)c(C)c1Br,1.03644,C=CCN1CCN(C(=O)Cn2nc(C)cc2C)CC1,True,0.8301399999999997,-0.20630000000000037,0.37735849056603776,False,True
3.0,bin,9,-0.007009983062744141,-0.014019966125488281,0.0,526363,Cc1nnc(SCC(=O)Nc2ccc(O)cc2)n(N)c1=O,0.09692,Cc1nnc(SCC(=O)Nc2ccccc2O)n(N)c1=O,True,0.09691999999999984,-1.6653345369377348e-16,0.6862745098039216,False,False
3.0,bin,9,-0.007009983062744141,-0.014019966125488281,0.0,536853,COc1ccc(C2CCCN2C(=O)C2CCC2)c(OC)c1,3.1674000000000015,COc1ccccc1C1CCCN1C(=O)C1CCC1,True,3.158800000000002,-0.008599999999999497,0.717391304347826,False,True
3.0,bin,9,-0.007009983062744141,-0.014019966125488281,0.0,540312,Cc1nn(C)c2nc(C3CC3)cc(C(=O)NCC(=O)NC(C)(C)C)c12,1.7986199999999997,CC1=NN2C=NC(C3CC3)=CC(C(=O)NCC(C)C)=NC1C2,True,1.5954999999999995,-0.2031200000000002,0.225,False,True
3.0,bin,9,-0.007009983062744141,-0.014019966125488281,0.0,544381,Cc1nc(N2CCCC(C(=O)NC(C)C)C2)c2c(C)c(C)oc2n1,2.8890600000000006,C=CCNC(=O)CCCCNC1=NC(C)=NCOC(C)=C(C)C1,True,2.5371000000000006,-0.35196000000000005,0.11627906976744186,False,True
3.0,bin,9,-0.007009983062744141,-0.014019966125488281,0.0,544382,CCCNC(=O)C1CCCN(c2nc(C)nc3oc(C)c(C)c23)C1,2.8906600000000013,CCCC(CCNC12CC(=N1)N=C1OC(C)=C(C)C12)C(=O)OCC,True,2.796400000000001,-0.09426000000000023,0.18823529411764706,False,True
3.0,bin,9,-0.007009983062744141,-0.014019966125488281,0.0,550049,Cc1ccc(C)c(OCC(=O)Nc2cccc(-n3cnnc3)c2)c1,2.9016400000000013,CC1=CC=C2OC(C)C(=O)NC(=CC=CCn3cnnc3)C2C=C1,True,2.2693000000000003,-0.632340000000001,0.12941176470588237,False,True
3.0,bin,9,-0.007009983062744141,-0.014019966125488281,0.0,573533,Cc1nn(-c2ncc(C(F)(F)F)cc2Cl)c(=O)o1,2.2011199999999995,Cc1ncc(C(F)(F)F)c(-n2nc(C)oc2=O)n1,True,1.2511400000000001,-0.9499799999999994,0.5416666666666666,False,True
3.0,bin,9,-0.007009983062744141,-0.014019966125488281,0.0,582555,O=C(NCC(O)c1ccccc1)c1ccc2c(=O)n3c(nc2c1)CCC3,1.8061000000000003,CCCC1=c2[nH]c(=O)ccc2=CC(=O)NCC(O)c2cccc1c2,True,0.3177000000000004,-1.4884,0.12222222222222222,False,True
3.0,bin,9,-0.007009983062744141,-0.014019966125488281,0.0,588547,Cc1n[nH]c(C)c1NC(=O)CCc1ccc(Cl)cc1Cl,3.9046400000000023,Cc1n[nH]c(C)c1NC(=O)CC(C)(C)c1ccc(F)cc1F,True,3.6111400000000025,-0.29349999999999987,0.4406779661016949,False,True
3.0,bin,9,-0.007009983062744141,-0.014019966125488281,0.0,607673,CCCN(CC1CC1)S(=O)(=O)c1ccccc1F,2.636400000000001,C=C(C)CN(CC1CC1)S(=O)(=O)c1ccccc1OC,True,2.6720000000000006,0.03559999999999963,0.4528301886792453,False,True
3.0,bin,9,-0.007009983062744141,-0.014019966125488281,0.0,617681,Cc1cc(C(=O)Nc2nc(-c3ccncc3)cs2)nn1C(C)C,3.5432200000000016,Cc1cc(C(=O)Nc2nc(C(C)(C)C)cs2)n[nH]1,True,2.7244200000000003,-0.8188000000000013,0.3492063492063492,False,True
3.0,bin,9,-0.007009983062744141,-0.014019966125488281,0.0,650267,COc1ccc2oc(C(=O)NC3CCCCNC3=O)c(C)c2c1,2.14832,CC1=C(C(=O)NC2CCCCNC2)OOc2ccccc21,True,1.9999,-0.14842,0.2631578947368421,False,True
3.0,bin,9,-0.007009983062744141,-0.014019966125488281,0.0,668639,Cc1cc(NC(=O)c2ccccc2Cl)ncc1N,2.8779200000000005,C=CCOc1ccccc1C(=O)Nc1ccc(C)cn1,True,3.2071200000000015,0.32920000000000105,0.3793103448275862,False,True
3.0,bin,9,-0.007009983062744141,-0.014019966125488281,0.0,673160,CCC(=O)Nc1ccc2oc(C(F)(F)F)cc(=O)c2c1,3.160300000000001,C=CCNC(=O)c1cc(=O)c2cc(C(F)(F)F)ccc2o1,True,2.7276000000000007,-0.43270000000000053,0.4067796610169492,False,True
3.0,bin,9,-0.007009983062744141,-0.014019966125488281,0.0,711169,Cc1cccc(C(C)C)c1NC(=O)N(C)Cc1ccncc1,4.177320000000003,CN(Cc1ccncc1)C(=O)Nc1c(Cl)cccc1Cl,True,4.0523000000000025,-0.12502000000000013,0.625,False,True
3.0,bin,9,-0.007009983062744141,-0.014019966125488281,0.0,720969,Cc1noc(C)c1CCC(=O)OCC(=O)N1c2ccccc2CC1C,2.7450400000000013,Cc1noc(C)c1CCC(=O)OCC(=O)N1c2ccccc2CC1C,True,2.7450400000000013,0.0,1.0,True,False
3.0,bin,9,-0.007009983062744141,-0.014019966125488281,0.0,730789,COC(=O)C1CCN(C(=O)c2cc3ccc(F)cc3nc2C)CC1,2.7075200000000006,COC(=O)CC1CCCN(C(=O)c2cnc3ccccc3c2)C1,True,2.650100000000001,-0.05741999999999958,0.2972972972972973,False,True
3.0,bin,9,-0.007009983062744141,-0.014019966125488281,0.0,738178,Cc1ccc(-n2ccnc2SCc2nc(C3CC3)no2)cc1C,4.041840000000003,Brc1ccc(-n2ccnc2SCc2nc(C3CC3)no2)cc1,True,4.187500000000003,0.14565999999999946,0.7358490566037735,False,True
3.0,bin,9,-0.007009983062744141,-0.014019966125488281,0.0,771897,COc1ccccc1OCC(=O)N(C)Cc1sccc1C,3.102520000000002,COc1ccccc1OCC(=O)N(C)Cc1sccc1C,True,3.102520000000002,0.0,1.0,True,False
3.0,bin,9,-0.007009983062744141,-0.014019966125488281,0.0,811446,COC(=O)C1(NC(=O)c2cc(Br)c[nH]2)CCCCCC1,2.7730000000000006,CCCCCC(NC(=O)c1ccc[nH]1)C(=O)OC,True,1.8663999999999998,-0.9066000000000007,0.2222222222222222,False,True
3.0,bin,9,-0.007009983062744141,-0.014019966125488281,0.0,848291,CCC(C)NC(=O)NCc1noc(-c2cccs2)n1,2.3958000000000004,CCCCS(=O)(=O)NCc1noc(-c2cccs2)n1,True,2.0176,-0.37820000000000054,0.5254237288135594,False,False
3.0,bin,9,-0.007009983062744141,-0.014019966125488281,0.0,863440,COc1ccc(-c2nc(CCCO)cs2)cc1OC,2.752200000000001,COc1ccc(-c2nc(CC#N)cs2)cc1OC,True,2.8933800000000014,0.1411800000000003,0.6304347826086957,False,False
3.0,bin,9,-0.007009983062744141,-0.014019966125488281,0.0,864663,N#Cc1ccc(-c2cc(F)ccc2F)nc1N1CCCC1,3.498680000000002,Oc1ccc(N2CCCC2)nc1-c1ccccc1Cl,True,3.7078000000000024,0.20912000000000042,0.21666666666666667,False,True
3.0,bin,9,-0.007009983062744141,-0.014019966125488281,0.0,872100,CCc1cccc(C)c1NCC(O)c1ccc2c(c1)OCCO2,3.474120000000002,CCc1cccc(C)c1NCC(O)c1ccc2c(c1)OCCO2,True,3.474120000000002,0.0,1.0,True,False
3.0,bin,9,-0.007009983062744141,-0.014019966125488281,0.0,886334,COc1ccc(C(=O)N2CCCC(C(=O)N3CCCCC3)C2)c(O)c1,2.2655000000000003,O=C(c1ccccc1)N1CCCC(C(=O)N2CCCCC2)C1,True,2.5513000000000012,0.28580000000000094,0.52,False,False
3.0,bin,9,-0.007009983062744141,-0.014019966125488281,0.0,887387,COCCNC(=O)N(Cc1cccc(F)c1)CC1CCCO1,2.1627,C#CCNC(=O)N(Cc1ccccc1)CC1CCCO1,True,2.0103999999999997,-0.15230000000000032,0.5645161290322581,False,False
3.0,bin,9,-0.007009983062744141,-0.014019966125488281,0.0,889149,N#Cc1ccc(NC(=O)c2ccc(Br)cc2Cl)nc1,3.621480000000001,O=C(Nc1ccc(Cl)cn1)c1cccc(Cl)c1,True,3.6407000000000016,0.01922000000000068,0.37037037037037035,False,False
3.0,bin,9,-0.007009983062744141,-0.014019966125488281,0.0,913483,O=C(CNC(=O)NCCc1c(Cl)cccc1Cl)NC1CC1,2.1137000000000006,CC(C)C(CNC(=O)NCC(=O)NC1CC1)c1ccccc1,True,2.0039999999999996,-0.10970000000000102,0.4716981132075472,False,False
3.0,bin,9,-0.007009983062744141,-0.014019966125488281,0.0,917620,C=CCN(Cc1ccccc1OC)C(=O)c1csc(C)n1,3.288520000000002,C=CCN(Cc1ccccc1)C(=O)c1csc(C)n1,True,3.2799200000000024,-0.008599999999999497,0.6862745098039216,False,True
3.0,bin,9,-0.007009983062744141,-0.014019966125488281,0.0,918312,CCOc1ccc(Cl)c(C(=O)N2CCN(c3ncccn3)CC2)n1,1.8860999999999997,C=CC=C(N=CC(=O)N(Cl)CCC)Nc1ncccn1,True,2.3791,0.49300000000000055,0.2054794520547945,False,True
3.0,bin,9,-0.007009983062744141,-0.014019966125488281,0.0,922879,CC(=O)c1ccc(N2CCN(Cc3c(F)cccc3F)CC2)cc1,3.489600000000003,Fc1ccccc1CN1CCN(c2ccccc2F)CC1,True,3.2870000000000017,-0.20260000000000122,0.375,False,True
3.0,bin,9,-0.007009983062744141,-0.014019966125488281,0.0,927535,COc1cc(CN2CCN(c3ccccc3F)CC2)ccc1O,2.862100000000002,Oc1ccc(N2CCN(Cc3ccccc3)CC2)c(F)c1,True,2.8535000000000013,-0.00860000000000083,0.5098039215686274,False,False
3.0,bin,9,-0.007009983062744141,-0.014019966125488281,0.0,927567,Cc1ccccc1N1CCN(Cc2cccc(O)c2)CC1,3.022820000000001,Fc1ccccc1CN1CCN(c2ccccc2)CC1,True,3.1479000000000017,0.12508000000000052,0.3,False,False
3.0,bin,9,-0.007009983062744141,-0.014019966125488281,0.0,938108,CC(c1ccccc1)N(C)C(=O)CCC(=O)Nc1nccs1,3.0814000000000012,CC(c1ccccc1)N(C)C(=O)CCC(=O)Nc1nccs1,True,3.0814000000000012,0.0,1.0,True,False
3.0,bin,9,-0.007009983062744141,-0.014019966125488281,0.0,943303,CN(CCCOc1ccccc1)C(=O)Nc1cccc2c1OCCO2,3.390600000000002,O=C(NCCCOc1ccccc1)Nc1cccc2c1OCCO2,True,3.048400000000001,-0.34220000000000095,0.6545454545454545,False,True
3.0,bin,9,-0.007009983062744141,-0.014019966125488281,0.0,946289,CC(NC(=O)C1(c2cc(-c3ccco3)on2)CC1)c1ccccc1,3.843600000000002,CC(Cc1ccccc1)NC(=O)C1N=C1C=C(O)c1ccco1,True,2.7491000000000003,-1.0945000000000018,0.2777777777777778,False,True
3.0,bin,9,-0.007009983062744141,-0.014019966125488281,0.0,994077,Cc1nnc(Cn2c(-c3cccc(Br)c3)noc2=O)o1,2.0055199999999997,CCc1nnc(Cn2c(-c3ccc(C)cc3)noc2=O)o1,True,1.8054199999999998,-0.20009999999999994,0.5283018867924528,False,True
3.0,bin,9,-0.007009983062744141,-0.014019966125488281,0.0,1065620,O=C(NCc1cccnc1Oc1ccccc1)c1cccnc1,3.198900000000002,O=C1CC=CN=CCc2ccccc2Oc2ncccc2CN1,True,3.0208000000000004,-0.17810000000000148,0.14864864864864866,False,True
3.0,bin,9,-0.007009983062744141,-0.014019966125488281,0.0,1093926,CN(C(=O)CNc1cccc(OCC2CCCO2)c1)c1ccccc1,3.319300000000002,O=C(CNc1cccc(OCC2CCCO2)c1)Nc1ccccc1F,True,3.4341000000000017,0.11479999999999979,0.6153846153846154,False,False
3.0,bin,9,-0.007009983062744141,-0.014019966125488281,0.0,1107920,CCc1ccc(-n2cc(C(=O)NC(C)c3ccccc3)nn2)cc1,3.320700000000002,CC(c1ccc(Cl)cc1)N(C)C(=O)c1cn(-c2ccccc2)nn1,True,3.7539000000000025,0.43320000000000025,0.4262295081967213,False,True
3.0,bin,9,-0.007009983062744141,-0.014019966125488281,0.0,1113130,CC(NC(=O)Cn1nnnc1C(C)(C)C)c1cccc2ccccc12,3.0012000000000016,CCC(C)(C)c1nnnn1CC(=O)N(C)CC=C1C=Cc2ccccc21,True,2.9295000000000018,-0.07169999999999987,0.32,False,True
3.0,bin,9,-0.007009983062744141,-0.014019966125488281,0.0,1121751,COC(=O)Cn1ccc(NS(=O)(=O)c2ccc(F)c(F)c2F)n1,1.2742,COc1ccccc1S(=O)(=O)Nc1ccn(C(C)=O)n1,True,1.3525999999999998,0.0783999999999998,0.4,False,True
3.0,bin,9,-0.007009983062744141,-0.014019966125488281,0.0,1142531,CCOC(C)C(=O)NCCc1csc(-c2ccc(C)cc2)n1,3.2022200000000014,COC(C)(C)Cc1csc(-c2ccc(NC(C)=O)cc2)n1,True,3.7360000000000024,0.533780000000001,0.375,False,True
3.0,bin,9,-0.007009983062744141,-0.014019966125488281,0.0,1212157,CN(Cc1ccc(F)c(F)c1)C(=O)c1cncc(-c2cnn(C)c2)c1,3.0325000000000015,Cn1cc(-c2cncc(C(=O)NCc3ccccc3)c2)cn1,True,2.4121000000000006,-0.620400000000001,0.4918032786885246,False,True
3.0,bin,9,-0.007009983062744141,-0.014019966125488281,0.0,1215394,CCn1nc(C)cc1C(=O)Oc1cccc(NC(=O)C(C)C)c1,3.025120000000001,CCn1nc(C)cc1C(=O)Oc1ccc(SC)cc1,True,3.1525200000000018,0.12740000000000062,0.5357142857142857,False,True
3.0,bin,9,-0.007009983062744141,-0.014019966125488281,0.0,1232922,CC(C)(C)OC(=O)NC1CCCN(S(=O)(=O)N2CCOCC2)C1,0.5525000000000011,CCCCN(C)C(=O)C1CCCN(S(=O)(=O)N2CCOCC2)C1,True,0.5339000000000016,-0.018599999999999506,0.43333333333333335,False,True
3.0,bin,9,-0.007009983062744141,-0.014019966125488281,0.0,1238973,FC(F)(F)c1cnc(N2CCn3c(nnc3C3CC3)C2)c(Cl)c1,3.2429000000000023,Clc1ccc(Br)nc1N1CCn2c(nnc2C2CC2)C1,True,2.986600000000001,-0.2563000000000013,0.5357142857142857,False,True
3.0,bin,9,-0.007009983062744141,-0.014019966125488281,0.0,1299495,Cc1cc(CC(=O)N2CCCC2C(C#N)c2ccccc2)no1,2.823900000000001,COc1cccc(C(C#N)C2CCCN2C(=O)Cc2cc(C)on2)c1,True,2.8325000000000014,0.008600000000000385,0.7868852459016393,False,True
3.0,bin,9,-0.007009983062744141,-0.014019966125488281,0.0,1309906,CC(C)CC(NC(=O)c1cc(=O)c2ccccc2o1)C(=O)OC(C)C,2.8891000000000018,CC(C)C(C)N(C)C(=O)c1cc(=O)c2ccccc2o1,True,2.9095000000000013,0.02039999999999953,0.4727272727272727,False,True
3.0,bin,9,-0.007009983062744141,-0.014019966125488281,0.0,1362816,COCc1cccc(C(=O)NC2CC2c2cccc(Cl)c2)c1,3.772300000000002,O=C(NC1CC1c1cccc(F)c1)c1ccc(Cl)cc1O,True,3.4706000000000023,-0.30169999999999986,0.45901639344262296,False,True
3.0,bin,9,-0.007009983062744141,-0.014019966125488281,0.0,1441838,COCC(=O)NC(C(=O)Nc1cccc(-c2nccs2)c1)C(C)C,2.5358,C#CCCNC(=O)Nc1cccc(-c2nccs2)c1,True,2.954900000000001,0.41910000000000114,0.5,False,True
3.0,bin,9,-0.007009983062744141,-0.014019966125488281,0.0,1450449,CCCNC(=O)CSc1nc2c(cc1C#N)CCCC2,2.450380000000001,CC(C)NC(=O)CSc1nc2c(cc1C#N)CCCC2,True,2.44878,-0.001600000000000712,0.7307692307692307,False,False
3.0,bin,9,-0.007009983062744141,-0.014019966125488281,0.0,1451910,O=S(=O)(NCc1nnc2ccccn12)c1ccc(F)c(F)c1,1.4859999999999995,CC(=O)c1ccc(S(=O)(=O)NCc2nnc3ccccn23)cc1,True,1.4104,-0.07559999999999945,0.6346153846153846,False,False
3.0,bin,9,-0.007009983062744141,-0.014019966125488281,0.0,1479798,Cc1nc(C)c(CCC(=O)N(CC(C)C)CC(F)(F)F)c(=O)[nH]1,2.3662400000000003,CC=NC(C)=C(C=O)CCC(=O)N(CCC(C)C)C(C)CC,True,4.003400000000004,1.6371600000000033,0.18309859154929578,False,True
3.0,bin,9,-0.007009983062744141,-0.014019966125488281,0.0,1507926,COC(=O)C(C)NC(=O)Cc1csc(-c2ccccc2Cl)n1,2.6837,CC(C)NC(=O)Cc1csc(-c2ccccc2O)n1,True,2.582800000000001,-0.10089999999999888,0.5849056603773585,False,True
3.0,bin,9,-0.007009983062744141,-0.014019966125488281,0.0,1527882,Nc1ncccc1C(=O)Nc1ccc2cn[nH]c2c1,1.7923999999999998,N#Cc1ccc(C(=O)Nc2ccc3cn[nH]c3c2)cn1,True,2.0818799999999995,0.28947999999999974,0.5178571428571429,False,True
3.0,bin,9,-0.007009983062744141,-0.014019966125488281,0.0,1532848,COc1ccc(-c2ccc3c(=O)[nH]cnc3c2)cc1Cl,3.2521000000000013,O=CNc1cc(-c2ccccc2Cl)ccn1,True,2.9703000000000017,-0.2817999999999996,0.18333333333333332,False,True
3.0,bin,9,-0.007009983062744141,-0.014019966125488281,0.0,1548351,COc1cc(OC)c2c(c1)C(c1cnccn1)NCC2,1.7288999999999999,COc1cc(O)c2c(c1)C(c1cnccn1)NCC2C,True,1.9868999999999994,0.25799999999999956,0.5272727272727272,False,True
3.0,bin,9,-0.007009983062744141,-0.014019966125488281,0.0,1570134,COc1cccc(C(C)N2CCN(C(=O)c3ccc(O)cc3)CC2)c1,2.9198000000000013,CC(c1cccc(O)c1)N1CCN(C(=O)c2ccccc2)CC1,True,2.911200000000001,-0.008600000000000385,0.6530612244897959,False,True
3.0,bin,9,-0.007009983062744141,-0.014019966125488281,0.0,1611406,CC(C)(C)N1CC(NC(=O)C2COc3ccc(F)cc3C2)CC1=O,1.8923999999999994,CC(C)(C)N1CC(NC(=O)C2COc3ccccc3C2)CC1=O,True,1.7532999999999992,-0.13910000000000022,0.7454545454545455,False,True
3.0,bin,9,-0.007009983062744141,-0.014019966125488281,0.0,1612684,CCCC1CN(C(=O)Nc2ccn(CCC(C)C)n2)CCO1,2.9620000000000015,CCC1CN(C(=O)Nc2ccn(CCC(F)(F)F)n2)CC(C)O1,True,2.8667000000000016,-0.09529999999999994,0.4782608695652174,False,True
3.0,bin,9,-0.007009983062744141,-0.014019966125488281,0.0,1639675,CCC(CC)c1nnc(NC(=O)c2scnc2C2CC2)s1,4.0279000000000025,CC(C)(C)Cc1nnc(NC(=O)c2scnc2C2CC2)s1,True,3.712900000000003,-0.3149999999999995,0.660377358490566,False,True
3.0,bin,9,-0.007009983062744141,-0.014019966125488281,0.0,1675660,COc1ccnc(NC(=O)c2cccc(Cl)c2)c1,2.9959000000000007,O=C(Nc1ccc(Cl)cn1)c1ccc(O)cc1,True,2.6929000000000007,-0.30299999999999994,0.34615384615384615,False,True
3.0,bin,9,-0.007009983062744141,-0.014019966125488281,0.0,1689728,CCc1noc(CSc2ncnc3sc(C)cc23)n1,3.237420000000002,Cc1noc(C(C)Sc2ncnc3sc(C)cc23)n1,True,3.5444400000000025,0.3070200000000005,0.47368421052631576,False,True
3.0,bin,9,-0.007009983062744141,-0.014019966125488281,0.0,1720876,CC(C)(C)CC(=O)NCC(=O)Nc1ccc2c(c1)COC2,2.2077,CCC(C)NC(=O)C(C)Nc1ccc2c(c1)COC2,True,2.4319000000000006,0.22420000000000062,0.41818181818181815,False,True
3.0,bin,9,-0.007009983062744141,-0.014019966125488281,0.0,1757109,CC(C)Cc1ncc(CNc2ccc3c(c2)COC3)s1,3.983900000000003,CC(C)(C)C=NC=C(S)CNc1ccc2c(c1)COC2,True,4.016800000000003,0.03289999999999971,0.3548387096774194,False,True
3.0,bin,9,-0.007009983062744141,-0.014019966125488281,0.0,1774061,O=C1NCCCc2[nH]c(-c3cccc4[nH]ccc34)nc21,2.234,CN(C)c1ccc(-c2nc3c([nH]2)CCCNC3=O)cc1[NH],True,1.7330999999999996,-0.5009000000000003,0.4426229508196721,False,True
3.0,bin,9,-0.007009983062744141,-0.014019966125488281,0.0,1800687,Cc1nn(C)c(-c2nc(-c3cccnn3)no2)c1Cl,1.8889199999999997,Cc1n[nH]c(-c2nc(-c3cccnn3)no2)c1Cl,True,1.8785199999999997,-0.010399999999999965,0.5882352941176471,False,True
3.0,bin,9,-0.007009983062744141,-0.014019966125488281,0.0,1815867,FC(F)(F)c1ccc(CN2CCOCC2c2ncon2)cc1,2.661900000000001,Fc1c(Cl)cccc1CN1CCOCC1c1ncon1,True,2.4356,-0.22630000000000106,0.5964912280701754,False,True
3.0,bin,9,-0.007009983062744141,-0.014019966125488281,0.0,1828580,Cc1ccc(N2CC3OCC(=O)N(Cc4cccc(F)c4)C3C2)nn1,1.54032,C#CCN1CC2OCCN(c3ccc(C)nn3)C2C1=O,True,-0.16578000000000048,-1.7061000000000004,0.32,False,True
3.0,bin,9,-0.007009983062744141,-0.014019966125488281,0.0,1836183,CCc1ccc(C(=O)NCc2nccc(N(C)C)n2)cc1,2.035,COc1cc(C)nc(CNC(=O)c2cccc(C)c2)n1,True,2.03204,-0.0029600000000002957,0.3064516129032258,False,True
3.0,bin,9,-0.007009983062744141,-0.014019966125488281,0.0,1842499,COc1ccccc1COc1ccccc1-c1cnn(CCO)c1,3.1300000000000017,CNC=CC=Cc1ccccc1OCC1=C(NCCO)N1,True,1.1658999999999997,-1.964100000000002,0.22857142857142856,False,True
3.0,bin,9,-0.007009983062744141,-0.014019966125488281,0.0,1865564,COC(CNC(=O)c1ccoc1)c1cccc(F)c1,2.536200000000001,O=C(NCCc1c(F)cccc1F)c1ccoc1,True,2.5303000000000004,-0.00590000000000046,0.49056603773584906,False,True
3.0,bin,9,-0.007009983062744141,-0.014019966125488281,0.0,1868773,CCCOc1ccc(Cl)c2c1CCNC2C1CC(=O)C1,3.2947000000000015,CC(C)Sc1cc2cc(c1)C1(CCC(=O)C1N)CC2,True,3.0613,-0.23340000000000138,0.1388888888888889,False,True
3.0,bin,9,-0.007009983062744141,-0.014019966125488281,0.0,1873123,CCC1OC(=O)c2c(OC)ccc(Br)c21,3.079200000000002,CCC1OC(=O)c2ccc(Br)cc21,True,3.0706000000000016,-0.008600000000000385,0.4,False,True
3.0,bin,9,-0.007009983062744141,-0.014019966125488281,0.0,1875028,Cc1cccc(C)c1NCC(=O)N1CCCC2CCCCC21,3.8965400000000034,O=C(CNc1ccccc1)N1CCCC2CCCCC21,True,3.279700000000002,-0.6168400000000016,0.6666666666666666,False,True
3.0,bin,9,-0.007009983062744141,-0.014019966125488281,0.0,1895921,CCC(CC)N(C)C(=O)CC1OC(=O)c2ccccc21,2.935200000000002,CC(C)CC(C)NC(=O)CC1OC(=O)c2ccccc21,True,2.8390000000000013,-0.09620000000000051,0.5098039215686274,False,True
3.0,bin,9,-0.007009983062744141,-0.014019966125488281,0.0,1907077,Cc1ccc2[nH]nc(C(=O)Nc3nc(-c4ccco4)cs3)c2c1,3.8401200000000015,Cc1ccc2[nH]nc(C(=O)Nc3nc(-c4ccco4)cs3)c2c1,True,3.8401200000000015,0.0,1.0,True,False
3.0,bin,9,-0.007009983062744141,-0.014019966125488281,0.0,1913063,Cc1nn(C)c(C)c1CN(C(=O)c1cn2cccc(C)c2n1)C1CC1,2.797860000000001,Cc1n[nH]c(C)c1CN(C(=O)c1cn2ccccc2n1)C1CC1,True,2.4790400000000004,-0.31882000000000055,0.5147058823529411,False,True
3.0,bin,9,-0.007009983062744141,-0.014019966125488281,0.0,1922265,CN(CCNC(=O)c1ccc2c(c1)ncn2C)c1ccccc1,2.4395000000000007,CN(CCNC(=O)c1ccccc1)c1ccc2[nH]cnc2c1,True,2.429099999999999,-0.01040000000000152,0.4918032786885246,False,True
3.0,bin,10,0.007009983062744141,0.0,0.014019966125488281,32052,COc1ccccc1CNC(=O)Cc1c[nH]c2ccccc12,3.035400000000001,COc1ccc(CNC(=O)Cc2c[nH]c3ccccc23)cc1OC,True,3.0440000000000014,0.008600000000000385,0.7291666666666666,False,False
3.0,bin,10,0.007009983062744141,0.0,0.014019966125488281,116747,COCCSc1ccccc1C(=O)Nc1cccc(C)n1,3.3808200000000017,COCCSc1ccccc1C(=O)Nc1nccc(C)n1,True,2.7758200000000013,-0.6050000000000004,0.7,False,False
3.0,bin,10,0.007009983062744141,0.0,0.014019966125488281,131060,CS(=O)(=O)NCCc1csc(-c2ccc(F)cc2)n1,2.0408999999999997,CS(=O)(=O)NCCc1csc(-c2ccc(F)cc2)n1,True,2.0408999999999997,0.0,1.0,True,False
3.0,bin,10,0.007009983062744141,0.0,0.014019966125488281,131949,CCc1c(C)nc(SCC(=O)NC(C)C)[nH]c1=O,1.25742,CCc1c(C)nc(SCC(=O)NC(C)C)[nH]c1=O,True,1.25742,0.0,1.0,True,False
3.0,bin,10,0.007009983062744141,0.0,0.014019966125488281,158879,COc1ccc(CC(=O)OCC(=O)c2c[nH]c3ccccc23)cc1,3.145100000000001,COc1ccc(CC(=O)OCC(=O)c2c[nH]c3ccccc23)cc1,True,3.145100000000001,0.0,1.0,True,False
3.0,bin,10,0.007009983062744141,0.0,0.014019966125488281,232056,COCCNC(=O)c1cc(=O)c2cc(C)ccc2o1,1.4776199999999993,COCCNC(=O)c1cc(=O)c2cc(C)ccc2o1,True,1.4776199999999993,0.0,1.0,True,False
3.0,bin,10,0.007009983062744141,0.0,0.014019966125488281,235788,O=C(Cn1nc(-c2ccco2)oc1=O)NCC(F)(F)F,0.7747999999999999,O=C(Cn1nc(-c2ccco2)oc1=O)NCC(F)(F)F,True,0.7747999999999999,0.0,1.0,True,False
3.0,bin,10,0.007009983062744141,0.0,0.014019966125488281,236081,CC(=O)c1c(C)[nH]c(C(=O)CSc2nc(C(C)C)n[nH]2)c1C,3.0506400000000014,CC(=O)c1c(C)[nH]c(C(=O)CSc2nc(C(C)C)n[nH]2)c1C,True,3.0506400000000014,0.0,1.0,True,False
3.0,bin,10,0.007009983062744141,0.0,0.014019966125488281,281081,O=C(Cn1cccn1)NCc1cccnc1Oc1ccc(F)cc1F,2.665000000000001,O=C(Cn1cccn1)NCc1cccnc1Oc1ccc(F)c(F)c1,True,2.665000000000001,0.0,0.7166666666666667,False,False
3.0,bin,10,0.007009983062744141,0.0,0.014019966125488281,284170,COc1ccc(-c2nc(CC(=O)Nc3cccc(C)n3)cs2)cc1,3.7033200000000024,Cc1ccc(N)c(C2(N)SC=CCC(=O)NC3C=CC=C2OC3)c1,True,2.2944200000000006,-1.4089000000000018,0.08695652173913043,False,True
3.0,bin,10,0.007009983062744141,0.0,0.014019966125488281,288369,Cc1ccc(NCc2nnc3n2CCCCC3)cc1C,3.2334400000000016,Cc1cc(NCc2nnc3n2CCCCC3)ccc1F,True,3.0641200000000017,-0.16931999999999992,0.8043478260869565,False,True
3.0,bin,10,0.007009983062744141,0.0,0.014019966125488281,302889,COc1ccc(OC)c(NC(=O)CCNC(=O)c2cccs2)c1,2.5239000000000003,COc1ccc(OC)c(NC(=O)CCNC(=O)c2cccs2)c1,True,2.5239000000000003,0.0,1.0,True,False
3.0,bin,10,0.007009983062744141,0.0,0.014019966125488281,327141,COc1ccc(OC)c(S(=O)(=O)Nc2ccn(C)n2)c1,1.2381,CNC=CC1=NC(C(=CC=COC)OC)S(=O)(=O)N1,True,0.06750000000000039,-1.1705999999999996,0.0958904109589041,False,True
3.0,bin,10,0.007009983062744141,0.0,0.014019966125488281,327382,CNC(=O)C1CN(C(=O)c2c(C)noc2C)c2ccccc2O1,1.4452399999999996,CNC(=O)C1CN(C(=O)c2c(C)noc2C)c2ccccc2O1,True,1.4452399999999996,0.0,1.0,True,False
3.0,bin,10,0.007009983062744141,0.0,0.014019966125488281,406491,COCCNC(=O)C1CCCN(S(=O)(=O)N2CCOCC2)C1,-0.9619999999999964,COCCNC(=O)C1CCN(S(=O)(=O)N2CCOCC2)CC1,True,-0.9619999999999964,0.0,0.7659574468085106,False,True
3.0,bin,10,0.007009983062744141,0.0,0.014019966125488281,413951,O=C(Cn1ncn2cccc2c1=O)N1CCCCCC1,0.8985999999999996,O=C(Cn1ncn2cccc2c1=O)N1CCCCCC1,True,0.8985999999999996,0.0,1.0,True,False
3.0,bin,10,0.007009983062744141,0.0,0.014019966125488281,427929,CCNc1nc(NCc2ccccc2Cl)c2cnn(C)c2n1,3.060600000000001,CCNc1nc(NCc2ccccc2Cl)c2cnn(C)c2n1,True,3.060600000000001,0.0,1.0,True,False
3.0,bin,10,0.007009983062744141,0.0,0.014019966125488281,447130,CCC(NC(=O)C1CCN(C(=O)C2CC2)CC1)c1ccc(C)cc1,3.2109200000000016,CCC(NC(=O)C1CCN(C(=O)C2CC2)CC1)c1ccc(C)cc1,True,3.2109200000000016,0.0,1.0,True,False
3.0,bin,10,0.007009983062744141,0.0,0.014019966125488281,481908,CCNS(=O)(=O)c1ccc(C)c(C(=O)Nc2ncccc2C)c1,2.24894,CCNS(=O)(=O)c1ccc(C)c(C(=O)Nc2ncccc2C)c1,True,2.24894,0.0,1.0,True,False
3.0,bin,10,0.007009983062744141,0.0,0.014019966125488281,485220,Cc1nn(CC(=O)N2CCN(C)CC2)c(C)c1Br,1.03644,Cc1nn(CC(=O)N2CCN(C)CC2)c(C)c1Br,True,1.03644,0.0,1.0,True,False
3.0,bin,10,0.007009983062744141,0.0,0.014019966125488281,526363,Cc1nnc(SCC(=O)Nc2ccc(O)cc2)n(N)c1=O,0.09692,Cc1nnc(SCC(=O)Nc2ccccc2O)n(N)c1=O,True,0.09691999999999984,-1.6653345369377348e-16,0.6862745098039216,False,False
3.0,bin,10,0.007009983062744141,0.0,0.014019966125488281,536853,COc1ccc(C2CCCN2C(=O)C2CCC2)c(OC)c1,3.1674000000000015,CCCCC(=O)N1CCCC1C1CC(OC)=CC=C1OC,True,3.2481000000000018,0.08070000000000022,0.2878787878787879,False,True
3.0,bin,10,0.007009983062744141,0.0,0.014019966125488281,540312,Cc1nn(C)c2nc(C3CC3)cc(C(=O)NCC(=O)NC(C)(C)C)c12,1.7986199999999997,CCNC(=O)CNC(=O)C1C=C(C2CC2)N=c2c(c(C)nn2C)=C1,True,-0.695379999999999,-2.493999999999999,0.33783783783783783,False,True
3.0,bin,10,0.007009983062744141,0.0,0.014019966125488281,544381,Cc1nc(N2CCCC(C(=O)NC(C)C)C2)c2c(C)c(C)oc2n1,2.8890600000000006,CCNC(=O)C1CCCC(Nc2nc(C)nc3oc(C)c(C)c23)C1,True,3.2548600000000016,0.365800000000001,0.43283582089552236,False,True
3.0,bin,10,0.007009983062744141,0.0,0.014019966125488281,544382,CCCNC(=O)C1CCCN(c2nc(C)nc3oc(C)c(C)c23)C1,2.8906600000000013,CCCNC(=O)CC1CCN(c2nc(C)nc3oc(C)c(C)c23)C1,True,2.8906600000000013,0.0,0.7,False,True
3.0,bin,10,0.007009983062744141,0.0,0.014019966125488281,550049,Cc1ccc(C)c(OCC(=O)Nc2cccc(-n3cnnc3)c2)c1,2.9016400000000013,Cc1cc(C)cc(OCC(=O)Nc2cccc(-n3cnnc3)c2)c1,True,2.9016400000000013,0.0,0.7115384615384616,False,True
3.0,bin,10,0.007009983062744141,0.0,0.014019966125488281,573533,Cc1nn(-c2ncc(C(F)(F)F)cc2Cl)c(=O)o1,2.2011199999999995,Cc1nn(-c2ncc(C(F)(F)F)cc2Cl)c(=O)o1,True,2.2011199999999995,0.0,1.0,True,False
3.0,bin,10,0.007009983062744141,0.0,0.014019966125488281,582555,O=C(NCC(O)c1ccccc1)c1ccc2c(=O)n3c(nc2c1)CCC3,1.8061000000000003,O=C(NCC(O)c1ccccc1)c1ccc2c(=O)n3c(nc2c1)CCC3,True,1.8061000000000003,0.0,1.0,True,False
3.0,bin,10,0.007009983062744141,0.0,0.014019966125488281,588547,Cc1n[nH]c(C)c1NC(=O)CCc1ccc(Cl)cc1Cl,3.9046400000000023,Cc1n[nH]c(C)c1NC(=O)CCc1ccc(Cl)cc1Cl,True,3.9046400000000023,0.0,1.0,True,False
3.0,bin,10,0.007009983062744141,0.0,0.014019966125488281,607673,CCCN(CC1CC1)S(=O)(=O)c1ccccc1F,2.636400000000001,CCCN(CC1CC1)S(=O)(=O)c1ccccc1F,True,2.636400000000001,0.0,1.0,True,False
3.0,bin,10,0.007009983062744141,0.0,0.014019966125488281,617681,Cc1cc(C(=O)Nc2nc(-c3ccncc3)cs2)nn1C(C)C,3.5432200000000016,Cc1cc(C(=O)Nc2nc(-c3ccncc3)cs2)nn1C(C)C,True,3.5432200000000016,0.0,1.0,True,False
3.0,bin,10,0.007009983062744141,0.0,0.014019966125488281,650267,COc1ccc2oc(C(=O)NC3CCCCNC3=O)c(C)c2c1,2.14832,COc1ccc2oc(C(=O)NC3CCCCNC3=O)c(C)c2c1,True,2.14832,0.0,1.0,True,False
3.0,bin,10,0.007009983062744141,0.0,0.014019966125488281,668639,Cc1cc(NC(=O)c2ccccc2Cl)ncc1N,2.8779200000000005,Cc1cc(NC(=O)c2ccccc2Cl)ncc1N,True,2.8779200000000005,0.0,1.0,True,False
3.0,bin,10,0.007009983062744141,0.0,0.014019966125488281,673160,CCC(=O)Nc1ccc2oc(C(F)(F)F)cc(=O)c2c1,3.160300000000001,CCC(=O)Nc1ccc2oc(C(F)(F)F)cc(=O)c2c1,True,3.160300000000001,0.0,1.0,True,False
3.0,bin,10,0.007009983062744141,0.0,0.014019966125488281,711169,Cc1cccc(C(C)C)c1NC(=O)N(C)Cc1ccncc1,4.177320000000003,Cc1cccc(C(C)C)c1NC(=O)N(C)Cc1ccncc1,True,4.177320000000003,0.0,1.0,True,False
3.0,bin,10,0.007009983062744141,0.0,0.014019966125488281,720969,Cc1noc(C)c1CCC(=O)OCC(=O)N1c2ccccc2CC1C,2.7450400000000013,Cc1noc(C)c1CCC(=O)OCC(=O)N1c2ccccc2CC1C,True,2.7450400000000013,0.0,1.0,True,False
3.0,bin,10,0.007009983062744141,0.0,0.014019966125488281,730789,COC(=O)C1CCN(C(=O)c2cc3ccc(F)cc3nc2C)CC1,2.7075200000000006,COC(=O)C1CCN(C(=O)c2cc3cc(F)ccc3nc2C)CC1,True,2.7075200000000006,0.0,0.84,False,True
3.0,bin,10,0.007009983062744141,0.0,0.014019966125488281,738178,Cc1ccc(-n2ccnc2SCc2nc(C3CC3)no2)cc1C,4.041840000000003,Cc1ccc(-n2ccnc2SCc2nc(C3CC3)no2)c(C)c1,True,4.041840000000003,0.0,0.7142857142857143,False,True
3.0,bin,10,0.007009983062744141,0.0,0.014019966125488281,771897,COc1ccccc1OCC(=O)N(C)Cc1sccc1C,3.102520000000002,COc1cccc(OCC(=O)N(C)Cc2sccc2C)c1,True,3.102520000000002,0.0,0.68,False,True
3.0,bin,10,0.007009983062744141,0.0,0.014019966125488281,811446,COC(=O)C1(NC(=O)c2cc(Br)c[nH]2)CCCCCC1,2.7730000000000006,COC(=O)C1(NC(=O)c2cc(Br)c[nH]2)CCCCC1,True,2.3829000000000002,-0.39010000000000034,1.0,False,True
3.0,bin,10,0.007009983062744141,0.0,0.014019966125488281,848291,CCC(C)NC(=O)NCc1noc(-c2cccs2)n1,2.3958000000000004,CCC(C)NC(=O)NCc1noc(-c2cccs2)n1,True,2.3958000000000004,0.0,1.0,True,False
3.0,bin,10,0.007009983062744141,0.0,0.014019966125488281,863440,COc1ccc(-c2nc(CCCO)cs2)cc1OC,2.752200000000001,COc1ccc(OC)c(-c2nc(CCCO)cs2)c1,True,2.752200000000001,0.0,0.6739130434782609,False,False
3.0,bin,10,0.007009983062744141,0.0,0.014019966125488281,864663,N#Cc1ccc(-c2cc(F)ccc2F)nc1N1CCCC1,3.498680000000002,N#Cc1ccc(N2CCCC2)nc1-c1cc(F)ccc1F,True,3.498680000000002,0.0,0.625,False,True
3.0,bin,10,0.007009983062744141,0.0,0.014019966125488281,872100,CCc1cccc(C)c1NCC(O)c1ccc2c(c1)OCCO2,3.474120000000002,CCc1cccc(C)c1NCC(O)c1ccc2c(c1)OCCO2,True,3.474120000000002,0.0,1.0,True,False
3.0,bin,10,0.007009983062744141,0.0,0.014019966125488281,886334,COc1ccc(C(=O)N2CCCC(C(=O)N3CCCCC3)C2)c(O)c1,2.2655000000000003,COc1ccc(O)c(C(=O)N2CCCC(C(=O)N3CCCCC3)C2)c1,True,2.2655000000000003,0.0,0.8297872340425532,False,True
3.0,bin,10,0.007009983062744141,0.0,0.014019966125488281,887387,COCCNC(=O)N(Cc1cccc(F)c1)CC1CCCO1,2.1627,COCCNC(=O)N(Cc1ccccc1F)CC1CCCO1,True,2.1627,0.0,0.7,False,True
3.0,bin,10,0.007009983062744141,0.0,0.014019966125488281,889149,N#Cc1ccc(NC(=O)c2ccc(Br)cc2Cl)nc1,3.621480000000001,N#Cc1ccc(NC(=O)c2ccc(Br)cc2Cl)nc1,True,3.621480000000001,0.0,1.0,True,False
3.0,bin,10,0.007009983062744141,0.0,0.014019966125488281,913483,O=C(CNC(=O)NCCc1c(Cl)cccc1Cl)NC1CC1,2.1137000000000006,O=C(CNC(=O)NCCc1cccc(Cl)c1)NC1CC1,True,1.4602999999999995,-0.6534000000000011,0.6808510638297872,False,True
3.0,bin,10,0.007009983062744141,0.0,0.014019966125488281,917620,C=CCN(Cc1ccccc1OC)C(=O)c1csc(C)n1,3.288520000000002,C=CCN(Cc1cccc(OC)c1)C(=O)c1csc(C)n1,True,3.288520000000002,0.0,0.6491228070175439,False,True
3.0,bin,10,0.007009983062744141,0.0,0.014019966125488281,918312,CCOc1ccc(Cl)c(C(=O)N2CCN(c3ncccn3)CC2)n1,1.8860999999999997,CCOc1ccc(Cl)c(C(=O)N2CCN(c3ncccn3)CC2)n1,True,1.8860999999999997,0.0,1.0,True,False
3.0,bin,10,0.007009983062744141,0.0,0.014019966125488281,922879,CC(=O)c1ccc(N2CCN(Cc3c(F)cccc3F)CC2)cc1,3.489600000000003,CC(=O)c1ccc(N2CCN(Cc3ccc(F)c(F)c3)CC2)cc1,True,3.489600000000003,0.0,0.6521739130434783,False,False
3.0,bin,10,0.007009983062744141,0.0,0.014019966125488281,927535,COc1cc(CN2CCN(c3ccccc3F)CC2)ccc1O,2.862100000000002,COc1cc(CN2CCN(c3ccccc3)CC2)cc(OC)c1O,True,2.7316000000000016,-0.1305000000000005,0.5294117647058824,False,True
3.0,bin,10,0.007009983062744141,0.0,0.014019966125488281,927567,Cc1ccccc1N1CCN(Cc2cccc(O)c2)CC1,3.022820000000001,COc1cccc(CN2CCN(c3cccc(C)c3O)CC2)c1,True,3.0314200000000016,0.008600000000000385,0.6041666666666666,False,True
3.0,bin,10,0.007009983062744141,0.0,0.014019966125488281,938108,CC(c1ccccc1)N(C)C(=O)CCC(=O)Nc1nccs1,3.0814000000000012,CC(c1ccccc1)N(C)C(=O)CCC(=O)Nc1nccs1,True,3.0814000000000012,0.0,1.0,True,False
3.0,bin,10,0.007009983062744141,0.0,0.014019966125488281,943303,CN(CCCOc1ccccc1)C(=O)Nc1cccc2c1OCCO2,3.390600000000002,CN(CCCOc1ccccc1)C(=O)Nc1cccc2c1OCCO2,True,3.390600000000002,0.0,1.0,True,False
3.0,bin,10,0.007009983062744141,0.0,0.014019966125488281,946289,CC(NC(=O)C1(c2cc(-c3ccco3)on2)CC1)c1ccccc1,3.843600000000002,CC1NC(=O)C(C)(c2cc(-c3ccco3)on2)C1c1ccccc1,True,3.4944000000000024,-0.34919999999999973,0.4307692307692308,False,True
3.0,bin,10,0.007009983062744141,0.0,0.014019966125488281,994077,Cc1nnc(Cn2c(-c3cccc(Br)c3)noc2=O)o1,2.0055199999999997,Cc1nnc(Cn2c(-c3ccc(Br)cc3)noc2=O)o1,True,2.0055199999999997,0.0,0.7446808510638298,False,True
3.0,bin,10,0.007009983062744141,0.0,0.014019966125488281,1065620,O=C(NCc1cccnc1Oc1ccccc1)c1cccnc1,3.198900000000002,O=C(NCc1cccnc1Oc1ccccc1)c1cccnc1,True,3.198900000000002,0.0,1.0,True,False
3.0,bin,10,0.007009983062744141,0.0,0.014019966125488281,1093926,CN(C(=O)CNc1cccc(OCC2CCCO2)c1)c1ccccc1,3.319300000000002,CN(C(=O)CNc1cccc(OCC2CCCO2)c1)c1ccccc1,True,3.319300000000002,0.0,1.0,True,False
3.0,bin,10,0.007009983062744141,0.0,0.014019966125488281,1107920,CCc1ccc(-n2cc(C(=O)NC(C)c3ccccc3)nn2)cc1,3.320700000000002,CCC(NC(=O)c1cn(-c2ccc(C)cc2)nn1)c1ccccc1,True,3.4568200000000022,0.13612000000000002,0.6296296296296297,False,True
3.0,bin,10,0.007009983062744141,0.0,0.014019966125488281,1113130,CC(NC(=O)Cn1nnnc1C(C)(C)C)c1cccc2ccccc12,3.0012000000000016,CC(NC(=O)Cn1nnnc1C(C)(C)C)c1cccc2ccccc12,True,3.0012000000000016,0.0,1.0,True,False
3.0,bin,10,0.007009983062744141,0.0,0.014019966125488281,1121751,COC(=O)Cn1ccc(NS(=O)(=O)c2ccc(F)c(F)c2F)n1,1.2742,COC(=O)Cn1ccc(NS(=O)(=O)c2ccc(F)c(F)c2)n1,True,1.1351,-0.1391,0.6923076923076923,False,True
3.0,bin,10,0.007009983062744141,0.0,0.014019966125488281,1142531,CCOC(C)C(=O)NCCc1csc(-c2ccc(C)cc2)n1,3.2022200000000014,CCOC(C)C(=O)NCCc1csc(-c2ccc(C)cc2)n1,True,3.2022200000000014,0.0,1.0,True,False
3.0,bin,10,0.007009983062744141,0.0,0.014019966125488281,1212157,CN(Cc1ccc(F)c(F)c1)C(=O)c1cncc(-c2cnn(C)c2)c1,3.0325000000000015,CN(Cc1ccc(F)c(F)c1)C(=O)c1cncc(-c2cnn(C)c2)c1,True,3.0325000000000015,0.0,1.0,True,False
3.0,bin,10,0.007009983062744141,0.0,0.014019966125488281,1215394,CCn1nc(C)cc1C(=O)Oc1cccc(NC(=O)C(C)C)c1,3.025120000000001,CCn1nc(C)cc1C(=O)Oc1cccc(NC(=O)C(C)C)c1,True,3.025120000000001,0.0,1.0,True,False
3.0,bin,10,0.007009983062744141,0.0,0.014019966125488281,1232922,CC(C)(C)OC(=O)NC1CCCN(S(=O)(=O)N2CCOCC2)C1,0.5525000000000011,CC(C)(C)OC(=O)NC1CCCN(S(=O)(=O)N2CCOCC2)C1,True,0.5525000000000011,0.0,1.0,True,False
3.0,bin,10,0.007009983062744141,0.0,0.014019966125488281,1238973,FC(F)(F)c1cnc(N2CCn3c(nnc3C3CC3)C2)c(Cl)c1,3.2429000000000023,FC(F)(F)c1cc(Cl)cnc1N1CCn2c(nnc2C2CC2)C1,True,3.2429000000000014,-8.881784197001252e-16,0.6981132075471698,False,True
3.0,bin,10,0.007009983062744141,0.0,0.014019966125488281,1299495,Cc1cc(CC(=O)N2CCCC2C(C#N)c2ccccc2)no1,2.823900000000001,Cc1cc(CC(=O)N2CCCC2C(C#N)c2ccccc2)no1,True,2.823900000000001,0.0,1.0,True,False
3.0,bin,10,0.007009983062744141,0.0,0.014019966125488281,1309906,CC(C)CC(NC(=O)c1cc(=O)c2ccccc2o1)C(=O)OC(C)C,2.8891000000000018,CC(C)CC(NC(=O)c1cc(=O)c2ccccc2o1)C(=O)OC(C)C,True,2.8891000000000018,0.0,1.0,True,False
3.0,bin,10,0.007009983062744141,0.0,0.014019966125488281,1362816,COCc1cccc(C(=O)NC2CC2c2cccc(Cl)c2)c1,3.772300000000002,COCc1cccc(C(=O)NC2CC2c2ccc(Cl)c(F)c2)c1,True,3.911400000000002,0.1391,0.7454545454545455,False,True
3.0,bin,10,0.007009983062744141,0.0,0.014019966125488281,1441838,COCC(=O)NC(C(=O)Nc1cccc(-c2nccs2)c1)C(C)C,2.5358,COCCCNC(=O)C(C)Nc1cccc(-c2nccs2)c1,True,2.7632000000000003,0.22740000000000027,0.5692307692307692,False,True
3.0,bin,10,0.007009983062744141,0.0,0.014019966125488281,1450449,CCCNC(=O)CSc1nc2c(cc1C#N)CCCC2,2.450380000000001,CCCNC(=O)CSc1nc2c(cc1C#N)CCCC2,True,2.450380000000001,0.0,1.0,True,False
3.0,bin,10,0.007009983062744141,0.0,0.014019966125488281,1451910,O=S(=O)(NCc1nnc2ccccn12)c1ccc(F)c(F)c1,1.4859999999999995,O=S(=O)(NCc1nnc2ccccn12)c1cc(F)cc(F)c1,True,1.4859999999999995,0.0,0.7446808510638298,False,False
3.0,bin,10,0.007009983062744141,0.0,0.014019966125488281,1479798,Cc1nc(C)c(CCC(=O)N(CC(C)C)CC(F)(F)F)c(=O)[nH]1,2.3662400000000003,Cc1nc(C)c(CCC(=O)N(CC(C)C)CC(F)F)c(=O)[nH]1,True,2.06904,-0.29720000000000013,0.7551020408163265,False,True
3.0,bin,10,0.007009983062744141,0.0,0.014019966125488281,1507926,COC(=O)C(C)NC(=O)Cc1csc(-c2ccccc2Cl)n1,2.6837,COC(=O)C(C)NC(=O)Cc1csc(-c2ccccc2Cl)n1,True,2.6837,0.0,1.0,True,False
3.0,bin,10,0.007009983062744141,0.0,0.014019966125488281,1527882,Nc1ncccc1C(=O)Nc1ccc2cn[nH]c2c1,1.7923999999999998,Nc1ncccc1C(=O)Nc1ccc2cn[nH]c2c1,True,1.7923999999999998,0.0,1.0,True,False
3.0,bin,10,0.007009983062744141,0.0,0.014019966125488281,1532848,COc1ccc(-c2ccc3c(=O)[nH]cnc3c2)cc1Cl,3.2521000000000013,COC=C1C=C(c2ccc3c(=O)[nH]cnc3c2)C=C1Cl,True,2.9731000000000014,-0.2789999999999999,0.5471698113207547,False,True
3.0,bin,10,0.007009983062744141,0.0,0.014019966125488281,1548351,COc1cc(OC)c2c(c1)C(c1cnccn1)NCC2,1.7288999999999999,COc1ccc(OC)c2c1CCNC2c1cnccn1,True,1.7288999999999999,0.0,0.6122448979591837,False,False
3.0,bin,10,0.007009983062744141,0.0,0.014019966125488281,1570134,COc1cccc(C(C)N2CCN(C(=O)c3ccc(O)cc3)CC2)c1,2.9198000000000013,COc1cccc(C(C)N2CCN(C(=O)c3ccc(O)cc3)CC2)c1,True,2.9198000000000013,0.0,1.0,True,False
3.0,bin,10,0.007009983062744141,0.0,0.014019966125488281,1611406,CC(C)(C)N1CC(NC(=O)C2COc3ccc(F)cc3C2)CC1=O,1.8923999999999994,CC(C)(C)N1CC(NC(=O)C2COc3ccccc3C2)CC1=O,True,1.7532999999999992,-0.13910000000000022,0.7454545454545455,False,True
3.0,bin,10,0.007009983062744141,0.0,0.014019966125488281,1612684,CCCC1CN(C(=O)Nc2ccn(CCC(C)C)n2)CCO1,2.9620000000000015,CCCC1CN(C(=O)Nc2ccn(CCC(C)C)n2)CCO1,True,2.9620000000000015,0.0,1.0,True,False
3.0,bin,10,0.007009983062744141,0.0,0.014019966125488281,1639675,CCC(CC)c1nnc(NC(=O)c2scnc2C2CC2)s1,4.0279000000000025,CC(C)(C)Cc1nnc(NC(=O)c2scnc2C2CC2)s1,True,3.712900000000003,-0.3149999999999995,0.660377358490566,False,True
3.0,bin,10,0.007009983062744141,0.0,0.014019966125488281,1675660,COc1ccnc(NC(=O)c2cccc(Cl)c2)c1,2.9959000000000007,COc1ccnc(NC(=O)c2cccc(Cl)c2)c1,True,2.9959000000000007,0.0,1.0,True,False
3.0,bin,10,0.007009983062744141,0.0,0.014019966125488281,1689728,CCc1noc(CSc2ncnc3sc(C)cc23)n1,3.237420000000002,CCC=NOC(=N)CSc1ncnc2sc(CC)cc12,True,3.735470000000002,0.4980500000000001,0.36363636363636365,False,True
3.0,bin,10,0.007009983062744141,0.0,0.014019966125488281,1720876,CC(C)(C)CC(=O)NCC(=O)Nc1ccc2c(c1)COC2,2.2077,CC(C)(C)C(=O)NCCC(=O)Nc1ccc2c(c1)COC2,True,2.2077,0.0,0.6122448979591837,False,False
3.0,bin,10,0.007009983062744141,0.0,0.014019966125488281,1757109,CC(C)Cc1ncc(CNc2ccc3c(c2)COC3)s1,3.983900000000003,CC(C)Cc1ncc(CNc2ccc3c(c2)COC3)s1,True,3.983900000000003,0.0,1.0,True,False
3.0,bin,10,0.007009983062744141,0.0,0.014019966125488281,1774061,O=C1NCCCc2[nH]c(-c3cccc4[nH]ccc34)nc21,2.234,O=C1NCCCc2[nH]c(-c3cccc4[nH]ccc34)nc21,True,2.234,0.0,1.0,True,False
3.0,bin,10,0.007009983062744141,0.0,0.014019966125488281,1800687,Cc1nn(C)c(-c2nc(-c3cccnn3)no2)c1Cl,1.8889199999999997,Cc1nn(C)c(-c2nc(-c3cccnn3)no2)c1Cl,True,1.8889199999999997,0.0,1.0,True,False
3.0,bin,10,0.007009983062744141,0.0,0.014019966125488281,1815867,FC(F)(F)c1ccc(CN2CCOCC2c2ncon2)cc1,2.661900000000001,FC(F)(F)OC=C1C=CC(CN2CCOCC2c2ncon2)=C1,True,2.3594,-0.3025000000000011,0.5573770491803278,False,True
3.0,bin,10,0.007009983062744141,0.0,0.014019966125488281,1828580,Cc1ccc(N2CC3OCC(=O)N(Cc4cccc(F)c4)C3C2)nn1,1.54032,Cc1ccc(N2CC3OCC(=O)N(Cc4cccc(F)c4)C3C2)nn1,True,1.54032,0.0,1.0,True,False
3.0,bin,10,0.007009983062744141,0.0,0.014019966125488281,1836183,CCc1ccc(C(=O)NCc2nccc(N(C)C)n2)cc1,2.035,CCc1ccc(C(=O)NCc2nccc(N(C)C)n2)cc1,True,2.035,0.0,1.0,True,False
3.0,bin,10,0.007009983062744141,0.0,0.014019966125488281,1842499,COc1ccccc1COc1ccccc1-c1cnn(CCO)c1,3.1300000000000017,COc1cccc(COc2ccccc2-c2cnn(CCO)c2)c1,True,3.1300000000000017,0.0,0.6792452830188679,False,True
3.0,bin,10,0.007009983062744141,0.0,0.014019966125488281,1865564,COC(CNC(=O)c1ccoc1)c1cccc(F)c1,2.536200000000001,COC(CNC(=O)c1ccoc1)c1ccc(F)cc1,True,2.536200000000001,0.0,0.75,False,True
3.0,bin,10,0.007009983062744141,0.0,0.014019966125488281,1868773,CCCOc1ccc(Cl)c2c1CCNC2C1CC(=O)C1,3.2947000000000015,CCCOc1cc(Cl)c2cc1C1(CCC(=O)C1N)CC2,True,3.003,-0.2917000000000014,0.3384615384615385,False,True
3.0,bin,10,0.007009983062744141,0.0,0.014019966125488281,1873123,CCC1OC(=O)c2c(OC)ccc(Br)c21,3.079200000000002,CCC1OC(=O)c2c(OC)cc(Br)cc21,True,3.079200000000002,0.0,0.5581395348837209,False,True
3.0,bin,10,0.007009983062744141,0.0,0.014019966125488281,1875028,Cc1cccc(C)c1NCC(=O)N1CCCC2CCCCC21,3.8965400000000034,Cc1ccc(NCC(=O)N2CCCC3CCCCC32)cc1C,True,3.8965400000000034,0.0,0.6666666666666666,False,True
3.0,bin,10,0.007009983062744141,0.0,0.014019966125488281,1895921,CCC(CC)N(C)C(=O)CC1OC(=O)c2ccccc21,2.935200000000002,CCC(CC)N(C)C(=O)CC1OC(=O)c2ccccc21,True,2.935200000000002,0.0,1.0,True,False
3.0,bin,10,0.007009983062744141,0.0,0.014019966125488281,1907077,Cc1ccc2[nH]nc(C(=O)Nc3nc(-c4ccco4)cs3)c2c1,3.8401200000000015,Cc1ccc2[nH]nc(C(=O)Nc3nc(-c4ccco4)cs3)c2c1,True,3.8401200000000015,0.0,1.0,True,False
3.0,bin,10,0.007009983062744141,0.0,0.014019966125488281,1913063,Cc1nn(C)c(C)c1CN(C(=O)c1cn2cccc(C)c2n1)C1CC1,2.797860000000001,Cc1ccc[nH]cc(C(=O)N2CCCCc3c(c(C)nn3C)C2)nc1,True,2.8631400000000014,0.06528000000000045,0.20930232558139536,False,True
3.0,bin,10,0.007009983062744141,0.0,0.014019966125488281,1922265,CN(CCNC(=O)c1ccc2c(c1)ncn2C)c1ccccc1,2.4395000000000007,CN(CCNC(=O)c1ccc2c(c1)ncn2C)c1ccccc1,True,2.4395000000000007,0.0,1.0,True,False
3.0,bin,11,0.0693100094795227,0.014019966125488281,0.12460005283355713,32052,COc1ccccc1CNC(=O)Cc1c[nH]c2ccccc12,3.035400000000001,CN(C)c1cccc(CNC(=O)Cc2c[nH]c3ccccc23)c1,True,3.0928000000000013,0.05740000000000034,0.5660377358490566,False,False
3.0,bin,11,0.0693100094795227,0.014019966125488281,0.12460005283355713,116747,COCCSc1ccccc1C(=O)Nc1cccc(C)n1,3.3808200000000017,CCCNc1ccc(C)cc1C(=O)Nc1cccc(OC)n1,True,3.4728200000000014,0.09199999999999964,0.375,False,True
3.0,bin,11,0.0693100094795227,0.014019966125488281,0.12460005283355713,131060,CS(=O)(=O)NCCc1csc(-c2ccc(F)cc2)n1,2.0408999999999997,COC(=O)CNC(=O)NCCc1csc(-c2ccc(C)cc2)n1,True,2.1332200000000006,0.09232000000000085,0.43859649122807015,False,True
3.0,bin,11,0.0693100094795227,0.014019966125488281,0.12460005283355713,131949,CCc1c(C)nc(SCC(=O)NC(C)C)[nH]c1=O,1.25742,CCN(CC)C(=O)CSc1nc(C)c(C)c(=O)[nH]1,True,1.3472399999999998,0.08981999999999979,0.45098039215686275,False,False
3.0,bin,11,0.0693100094795227,0.014019966125488281,0.12460005283355713,158879,COc1ccc(CC(=O)OCC(=O)c2c[nH]c3ccccc23)cc1,3.145100000000001,COc1ccc(CC(=O)OCC(=O)c2cn(C)c3ccccc23)cc1,True,3.1555000000000017,0.010400000000000631,0.6111111111111112,False,True
3.0,bin,11,0.0693100094795227,0.014019966125488281,0.12460005283355713,232056,COCCNC(=O)c1cc(=O)c2cc(C)ccc2o1,1.4776199999999993,CC(=O)N1C=Cc2oc(C(=O)NC(C)C)cc(=O)c2C=C1,True,1.5815000000000003,0.10388000000000108,0.27419354838709675,False,True
3.0,bin,11,0.0693100094795227,0.014019966125488281,0.12460005283355713,235788,O=C(Cn1nc(-c2ccco2)oc1=O)NCC(F)(F)F,0.7747999999999999,CCOC(=O)CCC(=O)n1nc(-c2ccco2)oc1=O,True,1.0797999999999996,0.3049999999999997,0.4426229508196721,False,True
3.0,bin,11,0.0693100094795227,0.014019966125488281,0.12460005283355713,236081,CC(=O)c1c(C)[nH]c(C(=O)CSc2nc(C(C)C)n[nH]2)c1C,3.0506400000000014,CC(=O)c1cc(C(=O)CSc2nc(C(C)(C)C)n[nH]2)[nH]c1C,True,2.9163200000000007,-0.13432000000000066,0.4032258064516129,False,True
3.0,bin,11,0.0693100094795227,0.014019966125488281,0.12460005283355713,281081,O=C(Cn1cccn1)NCc1cccnc1Oc1ccc(F)cc1F,2.665000000000001,Cc1ccc(Oc2ncccc2CNC(=O)Cn2cccn2)cc1,True,2.69522,0.030219999999999025,0.6666666666666666,False,True
3.0,bin,11,0.0693100094795227,0.014019966125488281,0.12460005283355713,284170,COc1ccc(-c2nc(CC(=O)Nc3cccc(C)n3)cs2)cc1,3.7033200000000024,Cc1cccc(-c2nc(CC(=O)Nc3ccccn3)cs2)c1,True,3.694720000000002,-0.008600000000000385,0.55,False,True
3.0,bin,11,0.0693100094795227,0.014019966125488281,0.12460005283355713,288369,Cc1ccc(NCc2nnc3n2CCCCC3)cc1C,3.2334400000000016,Brc1ccccc1NCc1nnc2n1CCCCC2,True,3.379100000000002,0.14566000000000034,0.5490196078431373,False,True
3.0,bin,11,0.0693100094795227,0.014019966125488281,0.12460005283355713,302889,COc1ccc(OC)c(NC(=O)CCNC(=O)c2cccs2)c1,2.5239000000000003,CN(C)c1ccccc1NC(=O)CCNC(=O)c1cccs1,True,2.5727,0.048799999999999955,0.5714285714285714,False,True
3.0,bin,11,0.0693100094795227,0.014019966125488281,0.12460005283355713,327141,COc1ccc(OC)c(S(=O)(=O)Nc2ccn(C)n2)c1,1.2381,COCc1cc(OC)ccc1S(=O)(=O)Nc1ccn(C)n1,True,1.3759,0.13779999999999992,0.673469387755102,False,True
3.0,bin,11,0.0693100094795227,0.014019966125488281,0.12460005283355713,327382,CNC(=O)C1CN(C(=O)c2c(C)noc2C)c2ccccc2O1,1.4452399999999996,Cc1oncc1C(=O)N1CC(C(=O)N(C)C)Oc2ccccc21,True,1.4790199999999996,0.03377999999999992,0.4838709677419355,False,True
3.0,bin,11,0.0693100094795227,0.014019966125488281,0.12460005283355713,406491,COCCNC(=O)C1CCCN(S(=O)(=O)N2CCOCC2)C1,-0.9619999999999964,O=S(=O)(NCCO)C1CCCN(S(=O)(=O)N2CCOCC2)C1,True,-2.060499999999995,-1.0984999999999985,0.48214285714285715,False,True
3.0,bin,11,0.0693100094795227,0.014019966125488281,0.12460005283355713,413951,O=C(Cn1ncn2cccc2c1=O)N1CCCCCC1,0.8985999999999996,N#CCN(C(=O)Cn1cccc1N)C1=CC=CC1,True,1.26628,0.36768000000000045,0.18571428571428572,False,True
3.0,bin,11,0.0693100094795227,0.014019966125488281,0.12460005283355713,427929,CCNc1nc(NCc2ccccc2Cl)c2cnn(C)c2n1,3.060600000000001,CC(C)Oc1nc(NCc2ccccc2F)c2cnn(C)c2n1,True,2.901700000000001,-0.15890000000000004,0.4918032786885246,False,True
3.0,bin,11,0.0693100094795227,0.014019966125488281,0.12460005283355713,447130,CCC(NC(=O)C1CCN(C(=O)C2CC2)CC1)c1ccc(C)cc1,3.2109200000000016,CC(C)C(NC(=O)C1CCN(C(=O)C2CC2)CC1)c1ccccc1,True,3.148500000000002,-0.062419999999999476,0.5384615384615384,False,True
3.0,bin,11,0.0693100094795227,0.014019966125488281,0.12460005283355713,481908,CCNS(=O)(=O)c1ccc(C)c(C(=O)Nc2ncccc2C)c1,2.24894,COC(=O)c1cccnc1NC(=O)c1cccc(C)c1,True,2.4289200000000006,0.17998000000000047,0.36065573770491804,False,True
3.0,bin,11,0.0693100094795227,0.014019966125488281,0.12460005283355713,485220,Cc1nn(CC(=O)N2CCN(C)CC2)c(C)c1Br,1.03644,CN1CCN(C(=O)Cn2cc(Br)c(Cl)n2)CC1,True,1.073,0.036559999999999926,0.48936170212765956,False,True
3.0,bin,11,0.0693100094795227,0.014019966125488281,0.12460005283355713,526363,Cc1nnc(SCC(=O)Nc2ccc(O)cc2)n(N)c1=O,0.09692,COC(=O)C=C1C=CC(NC(=O)CSC=NN=C(C)C(N)=O)N=C1,True,-0.20859999999999917,-0.3055199999999992,0.15853658536585366,False,True
3.0,bin,11,0.0693100094795227,0.014019966125488281,0.12460005283355713,536853,COc1ccc(C2CCCN2C(=O)C2CCC2)c(OC)c1,3.1674000000000015,CN(C)C=C1C=CC(C2CCCN2C(=O)C2CCC2)=C1,True,2.7192000000000007,-0.4482000000000008,0.41379310344827586,False,True
3.0,bin,11,0.0693100094795227,0.014019966125488281,0.12460005283355713,540312,Cc1nn(C)c2nc(C3CC3)cc(C(=O)NCC(=O)NC(C)(C)C)c12,1.7986199999999997,CC(C)C(=O)NCCNC(=O)c1cc(C2CC2)nc2c1cnn2C,True,1.347699999999999,-0.45092000000000065,0.42028985507246375,False,True
3.0,bin,11,0.0693100094795227,0.014019966125488281,0.12460005283355713,544381,Cc1nc(N2CCCC(C(=O)NC(C)C)C2)c2c(C)c(C)oc2n1,2.8890600000000006,COC(=O)C1CCN(c2nc(N(C)C)nc3oc(C)c(C)c23)CC1,True,2.2950399999999993,-0.5940200000000013,0.4461538461538462,False,True
3.0,bin,11,0.0693100094795227,0.014019966125488281,0.12460005283355713,544382,CCCNC(=O)C1CCCN(c2nc(C)nc3oc(C)c(C)c23)C1,2.8906600000000013,C=CCNC(=O)C1CCCN(c2nc(C)nc3oc(C)c(C)c23)C1,True,2.666660000000001,-0.2240000000000002,0.7627118644067796,False,True
3.0,bin,11,0.0693100094795227,0.014019966125488281,0.12460005283355713,550049,Cc1ccc(C)c(OCC(=O)Nc2cccc(-n3cnnc3)c2)c1,2.9016400000000013,O=C(COc1ccccc1OC(F)F)Nc1cccc(-n2cnnc2)c1,True,2.8862000000000005,-0.015440000000000786,0.631578947368421,False,True
3.0,bin,11,0.0693100094795227,0.014019966125488281,0.12460005283355713,573533,Cc1nn(-c2ncc(C(F)(F)F)cc2Cl)c(=O)o1,2.2011199999999995,CCCOCc1ncc(C(F)(F)F)c2oc(=O)[nH]c12,True,2.4615,0.2603800000000005,0.21212121212121213,False,True
3.0,bin,11,0.0693100094795227,0.014019966125488281,0.12460005283355713,582555,O=C(NCC(O)c1ccccc1)c1ccc2c(=O)n3c(nc2c1)CCC3,1.8061000000000003,NC(Cc1ccccc1)NC(=O)c1ccc2c(=O)n3c(nc2c1)CCC3,True,1.5999999999999999,-0.2061000000000004,0.640625,False,True
3.0,bin,11,0.0693100094795227,0.014019966125488281,0.12460005283355713,588547,Cc1n[nH]c(C)c1NC(=O)CCc1ccc(Cl)cc1Cl,3.9046400000000023,CCC(CC)n1ncc(NC(=O)CCc2ccc(F)cc2F)c1OC,True,4.102300000000003,0.19766000000000084,0.273972602739726,False,True
3.0,bin,11,0.0693100094795227,0.014019966125488281,0.12460005283355713,607673,CCCN(CC1CC1)S(=O)(=O)c1ccccc1F,2.636400000000001,CC(C)Sc1ccccc1S(=O)(=O)N(C)CC1CC1,True,3.217600000000002,0.5812000000000008,0.40384615384615385,False,True
3.0,bin,11,0.0693100094795227,0.014019966125488281,0.12460005283355713,617681,Cc1cc(C(=O)Nc2nc(-c3ccncc3)cs2)nn1C(C)C,3.5432200000000016,CCCCn1nc(C(=O)Nc2nc(-c3ccncc3)cs2)cc1C,True,3.7624200000000023,0.21920000000000073,0.6551724137931034,False,True
3.0,bin,11,0.0693100094795227,0.014019966125488281,0.12460005283355713,650267,COc1ccc2oc(C(=O)NC3CCCCNC3=O)c(C)c2c1,2.14832,CC(=O)c1c(C(=O)NC2CCCCNC2)oc2ccccc12,True,2.5073000000000008,0.35898000000000074,0.36619718309859156,False,True
3.0,bin,11,0.0693100094795227,0.014019966125488281,0.12460005283355713,668639,Cc1cc(NC(=O)c2ccccc2Cl)ncc1N,2.8779200000000005,CCOC=CC=C(C=COC)C(=O)Nc1cc(C)c(N)cn1,True,2.54742,-0.3305000000000007,0.3870967741935484,False,True
3.0,bin,11,0.0693100094795227,0.014019966125488281,0.12460005283355713,673160,CCC(=O)Nc1ccc2oc(C(F)(F)F)cc(=O)c2c1,3.160300000000001,CCC(C)NC(=O)C=C1Oc2ccc(C(F)(F)F)cc2C1=O,True,3.0791000000000013,-0.08119999999999994,0.2647058823529412,False,True
3.0,bin,11,0.0693100094795227,0.014019966125488281,0.12460005283355713,711169,Cc1cccc(C(C)C)c1NC(=O)N(C)Cc1ccncc1,4.177320000000003,CCCCN(Cc1ccncc1)C(=O)Nc1c(F)cccc1F,True,4.194000000000003,0.016680000000000028,0.423728813559322,False,True
3.0,bin,11,0.0693100094795227,0.014019966125488281,0.12460005283355713,720969,Cc1noc(C)c1CCC(=O)OCC(=O)N1c2ccccc2CC1C,2.7450400000000013,Cc1noc(C)c1CCC(=O)OC(C)C(=O)N1CCc2ccccc21,True,2.7450400000000013,0.0,0.5072463768115942,False,True
3.0,bin,11,0.0693100094795227,0.014019966125488281,0.12460005283355713,730789,COC(=O)C1CCN(C(=O)c2cc3ccc(F)cc3nc2C)CC1,2.7075200000000006,CCOC(=O)CC1CCCN(C(=O)c2cc3ccccc3nc2O)C1,True,2.745800000000001,0.038280000000000314,0.32432432432432434,False,True
3.0,bin,11,0.0693100094795227,0.014019966125488281,0.12460005283355713,738178,Cc1ccc(-n2ccnc2SCc2nc(C3CC3)no2)cc1C,4.041840000000003,Clc1cccc(-n2ccnc2SCc2nc(C3CC3)no2)c1,True,4.078400000000002,0.036559999999998816,0.7272727272727273,False,True
3.0,bin,11,0.0693100094795227,0.014019966125488281,0.12460005283355713,771897,COc1ccccc1OCC(=O)N(C)Cc1sccc1C,3.102520000000002,CN(Cc1cccs1)C(=O)COc1ccccc1Cl,True,3.438900000000002,0.3363800000000001,0.5,False,False
3.0,bin,11,0.0693100094795227,0.014019966125488281,0.12460005283355713,811446,COC(=O)C1(NC(=O)c2cc(Br)c[nH]2)CCCCCC1,2.7730000000000006,C=CCNC(=O)C1(NC(=O)c2cc(Br)c[nH]2)CCCCC1,True,2.5121,-0.26090000000000035,0.6078431372549019,False,True
3.0,bin,11,0.0693100094795227,0.014019966125488281,0.12460005283355713,848291,CCC(C)NC(=O)NCc1noc(-c2cccs2)n1,2.3958000000000004,CCC(OC)C(=O)NCC=NOC(C=N)c1ccc(C)s1,True,2.2907900000000003,-0.10501000000000005,0.1728395061728395,False,True
3.0,bin,11,0.0693100094795227,0.014019966125488281,0.12460005283355713,863440,COc1ccc(-c2nc(CCCO)cs2)cc1OC,2.752200000000001,COC(=O)CN1NC(C)=CSCc2c(ccc(OC)c2OC)C1=O,True,1.9316999999999998,-0.8205000000000013,0.1917808219178082,False,True
3.0,bin,11,0.0693100094795227,0.014019966125488281,0.12460005283355713,864663,N#Cc1ccc(-c2cc(F)ccc2F)nc1N1CCCC1,3.498680000000002,CCOc1ccccc1-c1ccc(C#N)c(N2CCCC2)n1,True,3.6191800000000027,0.12050000000000072,0.5471698113207547,False,True
3.0,bin,11,0.0693100094795227,0.014019966125488281,0.12460005283355713,872100,CCc1cccc(C)c1NCC(O)c1ccc2c(c1)OCCO2,3.474120000000002,OC(CNc1ccc(Cl)cc1F)c1ccc2c(c1)OCCO2,True,3.395800000000002,-0.07831999999999972,0.4827586206896552,False,True
3.0,bin,11,0.0693100094795227,0.014019966125488281,0.12460005283355713,886334,COc1ccc(C(=O)N2CCCC(C(=O)N3CCCCC3)C2)c(O)c1,2.2655000000000003,N#Cc1cccc(C(=O)N2CCCC(C(=O)N3CCCCC3)C2)c1,True,2.422980000000001,0.1574800000000005,0.46551724137931033,False,True
3.0,bin,11,0.0693100094795227,0.014019966125488281,0.12460005283355713,887387,COCCNC(=O)N(Cc1cccc(F)c1)CC1CCCO1,2.1627,COCC(=O)N(Cc1c(F)cccc1F)CC1CCCO1,True,2.1188000000000002,-0.04389999999999983,0.5,False,True
3.0,bin,11,0.0693100094795227,0.014019966125488281,0.12460005283355713,889149,N#Cc1ccc(NC(=O)c2ccc(Br)cc2Cl)nc1,3.621480000000001,O=C(Nc1ccccn1)c1cc(Cl)ccc1Cl,True,3.6407000000000016,0.01922000000000068,0.36363636363636365,False,False
3.0,bin,11,0.0693100094795227,0.014019966125488281,0.12460005283355713,913483,O=C(CNC(=O)NCCc1c(Cl)cccc1Cl)NC1CC1,2.1137000000000006,O=C(NCCc1ccccc1)NCC(=O)SC(F)(F)F,True,2.3079,0.19419999999999948,0.32727272727272727,False,True
3.0,bin,11,0.0693100094795227,0.014019966125488281,0.12460005283355713,917620,C=CCN(Cc1ccccc1OC)C(=O)c1csc(C)n1,3.288520000000002,CCOc1ccc(CN(CC)C(=O)c2csc(C)n2)cc1OC,True,3.5211200000000025,0.23260000000000058,0.47619047619047616,False,True
3.0,bin,11,0.0693100094795227,0.014019966125488281,0.12460005283355713,918312,CCOc1ccc(Cl)c(C(=O)N2CCN(c3ncccn3)CC2)n1,1.8860999999999997,O=C(c1cccc(C(F)(F)F)n1)N1CCN(c2ncccn2)CC1,True,1.8528,-0.03329999999999966,0.43103448275862066,False,True
3.0,bin,11,0.0693100094795227,0.014019966125488281,0.12460005283355713,922879,CC(=O)c1ccc(N2CCN(Cc3c(F)cccc3F)CC2)cc1,3.489600000000003,COc1c(Cl)cccc1CN1CCN(c2ccc(O)cc2)CC1,True,3.376400000000002,-0.11320000000000086,0.375,False,True
3.0,bin,11,0.0693100094795227,0.014019966125488281,0.12460005283355713,927535,COc1cc(CN2CCN(c3ccccc3F)CC2)ccc1O,2.862100000000002,COCc1ccc(CN2CCN(c3ccccc3)CC2)cc1O,True,2.8608000000000016,-0.001300000000000523,0.4909090909090909,False,True
3.0,bin,11,0.0693100094795227,0.014019966125488281,0.12460005283355713,927567,Cc1ccccc1N1CCN(Cc2cccc(O)c2)CC1,3.022820000000001,CCOc1ccccc1CN1CCN(c2cccc(O)c2)CC1,True,3.113100000000002,0.0902800000000008,0.42592592592592593,False,True
3.0,bin,11,0.0693100094795227,0.014019966125488281,0.12460005283355713,938108,CC(c1ccccc1)N(C)C(=O)CCC(=O)Nc1nccs1,3.0814000000000012,CCN(C(=O)CCC(=O)Nc1nccs1)C(C)c1ccccc1,True,3.4715000000000025,0.3901000000000012,0.7647058823529411,False,True
3.0,bin,11,0.0693100094795227,0.014019966125488281,0.12460005283355713,943303,CN(CCCOc1ccccc1)C(=O)Nc1cccc2c1OCCO2,3.390600000000002,COc1cc(C)ccc1OCCCNC(=O)Nc1cccc2c1OCCO2,True,3.365420000000001,-0.025180000000000646,0.4492753623188406,False,True
3.0,bin,11,0.0693100094795227,0.014019966125488281,0.12460005283355713,946289,CC(NC(=O)C1(c2cc(-c3ccco3)on2)CC1)c1ccccc1,3.843600000000002,O=C(NCc1ccccc1)C1(c2cc(-c3ccco3)on2)CC1,True,3.282600000000002,-0.5609999999999999,0.6545454545454545,False,False
3.0,bin,11,0.0693100094795227,0.014019966125488281,0.12460005283355713,994077,Cc1nnc(Cn2c(-c3cccc(Br)c3)noc2=O)o1,2.0055199999999997,C=CCOc1ccccc1-c1noc(=O)n1Cc1nnc(C)o1,True,1.8078199999999998,-0.1977,0.5166666666666667,False,True
3.0,bin,11,0.0693100094795227,0.014019966125488281,0.12460005283355713,1065620,O=C(NCc1cccnc1Oc1ccccc1)c1cccnc1,3.198900000000002,COc1cccc(Oc2ncccc2CNC(=O)c2cccnc2)c1,True,3.2075000000000014,0.008599999999999497,0.7647058823529411,False,True
3.0,bin,11,0.0693100094795227,0.014019966125488281,0.12460005283355713,1093926,CN(C(=O)CNc1cccc(OCC2CCCO2)c1)c1ccccc1,3.319300000000002,COC1=CC=C(C)C(NCC(=O)NC2=CC=CC2OCCCCO)=CC1,True,2.0677999999999996,-1.2515000000000023,0.15217391304347827,False,True
3.0,bin,11,0.0693100094795227,0.014019966125488281,0.12460005283355713,1107920,CCc1ccc(-n2cc(C(=O)NC(C)c3ccccc3)nn2)cc1,3.320700000000002,CC(C)C(NC(=O)c1cn(-c2ccccc2)nn1)c1ccccc1,True,3.394400000000002,0.07369999999999965,0.6274509803921569,False,True
3.0,bin,11,0.0693100094795227,0.014019966125488281,0.12460005283355713,1113130,CC(NC(=O)Cn1nnnc1C(C)(C)C)c1cccc2ccccc12,3.0012000000000016,CC(Cc1nnnn1C)NC(=O)C(c1ccccc1)C(C)C,True,1.697099999999999,-1.3041000000000027,0.29411764705882354,False,True
3.0,bin,11,0.0693100094795227,0.014019966125488281,0.12460005283355713,1121751,COC(=O)Cn1ccc(NS(=O)(=O)c2ccc(F)c(F)c2F)n1,1.2742,CCOC(=O)Cn1ccc(NS(=O)(=O)c2ccccc2)n1,True,1.247,-0.02719999999999989,0.5087719298245614,False,True
3.0,bin,11,0.0693100094795227,0.014019966125488281,0.12460005283355713,1142531,CCOC(C)C(=O)NCCc1csc(-c2ccc(C)cc2)n1,3.2022200000000014,CCNC(=O)N(CC)Cc1csc(-c2ccc(C)cc2)n1,True,3.669920000000003,0.46770000000000156,0.4915254237288136,False,True
3.0,bin,11,0.0693100094795227,0.014019966125488281,0.12460005283355713,1212157,CN(Cc1ccc(F)c(F)c1)C(=O)c1cncc(-c2cnn(C)c2)c1,3.0325000000000015,C=CCOc1ccc(CNC(=O)c2cncc(-c3cnn(C)c3)c2)cc1,True,2.9769000000000014,-0.055600000000000094,0.463768115942029,False,True
3.0,bin,11,0.0693100094795227,0.014019966125488281,0.12460005283355713,1215394,CCn1nc(C)cc1C(=O)Oc1cccc(NC(=O)C(C)C)c1,3.025120000000001,CCC1=C(C(=O)Oc2ccc(NCC(C)C)cc2N)CCN1,True,2.8995000000000006,-0.1256200000000005,0.23076923076923078,False,True
3.0,bin,11,0.0693100094795227,0.014019966125488281,0.12460005283355713,1232922,CC(C)(C)OC(=O)NC1CCCN(S(=O)(=O)N2CCOCC2)C1,0.5525000000000011,CC(C)CC(=O)NC1CCCN(S(=O)(=O)N2CCOCC2)C1,True,0.1901000000000017,-0.3623999999999994,0.6153846153846154,False,True
3.0,bin,11,0.0693100094795227,0.014019966125488281,0.12460005283355713,1238973,FC(F)(F)c1cnc(N2CCn3c(nnc3C3CC3)C2)c(Cl)c1,3.2429000000000023,CC(C)Oc1cc(C(F)(F)F)cnc1NC1Cc2nnc(C3CC3)n2C1,True,3.393300000000001,0.15039999999999853,0.4,False,True
3.0,bin,11,0.0693100094795227,0.014019966125488281,0.12460005283355713,1299495,Cc1cc(CC(=O)N2CCCC2C(C#N)c2ccccc2)no1,2.823900000000001,COCCN(C(=O)Cc1ccon1)C(C#N)c1ccc(C)cc1,True,2.2653999999999996,-0.5585000000000013,0.25,False,True
3.0,bin,11,0.0693100094795227,0.014019966125488281,0.12460005283355713,1309906,CC(C)CC(NC(=O)c1cc(=O)c2ccccc2o1)C(=O)OC(C)C,2.8891000000000018,CC=C1COC(=O)C=C(C(=O)NCCCOCCC)CC(=O)CC=C1C,True,2.644400000000001,-0.2447000000000008,0.1511627906976744,False,True
3.0,bin,11,0.0693100094795227,0.014019966125488281,0.12460005283355713,1362816,COCc1cccc(C(=O)NC2CC2c2cccc(Cl)c2)c1,3.772300000000002,COc1cc(C(=O)NC2CC2c2cccc(F)c2)cc(Cl)c1OC,True,3.7822000000000022,0.00990000000000002,0.484375,False,True
3.0,bin,11,0.0693100094795227,0.014019966125488281,0.12460005283355713,1441838,COCC(=O)NC(C(=O)Nc1cccc(-c2nccs2)c1)C(C)C,2.5358,COC(=O)CCC(=O)Nc1cccc(-c2nccs2)c1,True,2.7018000000000013,0.16600000000000126,0.603448275862069,False,False
3.0,bin,11,0.0693100094795227,0.014019966125488281,0.12460005283355713,1450449,CCCNC(=O)CSc1nc2c(cc1C#N)CCCC2,2.450380000000001,CCN(CCC#N)C(=O)CSc1nc2c(cc1C#N)CCCC2,True,2.6863600000000005,0.23597999999999963,0.6,False,False
3.0,bin,11,0.0693100094795227,0.014019966125488281,0.12460005283355713,1451910,O=S(=O)(NCc1nnc2ccccn12)c1ccc(F)c(F)c1,1.4859999999999995,CCOC(=O)c1ccc(S(=O)(=O)NCc2nnc3ccccn23)cc1,True,1.3845,-0.10149999999999948,0.5789473684210527,False,True
3.0,bin,11,0.0693100094795227,0.014019966125488281,0.12460005283355713,1479798,Cc1nc(C)c(CCC(=O)N(CC(C)C)CC(F)(F)F)c(=O)[nH]1,2.3662400000000003,CCCCCC(=O)N(C)CCc1c(C)nc(C)[nH]c1=O,True,1.96794,-0.3983000000000003,0.4482758620689655,False,True
3.0,bin,11,0.0693100094795227,0.014019966125488281,0.12460005283355713,1507926,COC(=O)C(C)NC(=O)Cc1csc(-c2ccccc2Cl)n1,2.6837,COCCCNC(=O)Cc1csc(-c2ccccc2C)n1,True,2.813720000000001,0.1300200000000009,0.47540983606557374,False,True
3.0,bin,11,0.0693100094795227,0.014019966125488281,0.12460005283355713,1527882,Nc1ncccc1C(=O)Nc1ccc2cn[nH]c2c1,1.7923999999999998,COC(=O)c1ccc(C(=O)Nc2ccc3cn[nH]c3c2)cn1,True,1.9967999999999997,0.20439999999999992,0.5087719298245614,False,True
3.0,bin,11,0.0693100094795227,0.014019966125488281,0.12460005283355713,1532848,COc1ccc(-c2ccc3c(=O)[nH]cnc3c2)cc1Cl,3.2521000000000013,O=c1[nH]cnc2cc(-c3ccc(F)c(Cl)c3)ccc12,True,3.382600000000001,0.13049999999999962,0.6590909090909091,False,True
3.0,bin,11,0.0693100094795227,0.014019966125488281,0.12460005283355713,1548351,COc1cc(OC)c2c(c1)C(c1cnccn1)NCC2,1.7288999999999999,COc1c(F)ccc2c1C(c1cnccn1)NCC2,True,1.8593999999999997,0.13049999999999984,0.45614035087719296,False,False
3.0,bin,11,0.0693100094795227,0.014019966125488281,0.12460005283355713,1570134,COc1cccc(C(C)N2CCN(C(=O)c3ccc(O)cc3)CC2)c1,2.9198000000000013,CC(c1ccccc1)N1CCN(C(=O)c2cccc(N(C)C)c2)CC1,True,3.271600000000002,0.3518000000000008,0.5,False,False
3.0,bin,11,0.0693100094795227,0.014019966125488281,0.12460005283355713,1611406,CC(C)(C)N1CC(NC(=O)C2COc3ccc(F)cc3C2)CC1=O,1.8923999999999994,CCCCCN1CC(NC(=O)C2COc3ccccc3C2)CC1=O,True,2.1449999999999996,0.25260000000000016,0.4852941176470588,False,True
3.0,bin,11,0.0693100094795227,0.014019966125488281,0.12460005283355713,1612684,CCCC1CN(C(=O)Nc2ccn(CCC(C)C)n2)CCO1,2.9620000000000015,CC(C)CCC1CN(C(=O)Nc2ccn(C)n2)CCCO1,True,2.4791000000000007,-0.4829000000000008,0.639344262295082,False,True
3.0,bin,11,0.0693100094795227,0.014019966125488281,0.12460005283355713,1639675,CCC(CC)c1nnc(NC(=O)c2scnc2C2CC2)s1,4.0279000000000025,CCC(CC)c1nnc(NC(=O)c2sc(C)nc2C2CC2)s1,True,4.336320000000003,0.3084200000000008,0.7058823529411765,False,True
3.0,bin,11,0.0693100094795227,0.014019966125488281,0.12460005283355713,1675660,COc1ccnc(NC(=O)c2cccc(Cl)c2)c1,2.9959000000000007,O=C(Nc1cc(Br)ccn1)c1ccccc1O,True,2.802000000000001,-0.19389999999999974,0.35185185185185186,False,True
3.0,bin,11,0.0693100094795227,0.014019966125488281,0.12460005283355713,1689728,CCc1noc(CSc2ncnc3sc(C)cc23)n1,3.237420000000002,CC(=O)NC1(C)C=NOC(CSc2ncnc3sc(C)cc23)=NC1,True,2.4011200000000006,-0.8363000000000014,0.42028985507246375,False,True
3.0,bin,11,0.0693100094795227,0.014019966125488281,0.12460005283355713,1720876,CC(C)(C)CC(=O)NCC(=O)Nc1ccc2c(c1)COC2,2.2077,O=C(CCOCC(F)(F)F)Nc1ccc2c(c1)COC2,True,2.6243000000000007,0.41660000000000075,0.5384615384615384,False,False
3.0,bin,11,0.0693100094795227,0.014019966125488281,0.12460005283355713,1757109,CC(C)Cc1ncc(CNc2ccc3c(c2)COC3)s1,3.983900000000003,CC1=NC=C(Br)Nc2ccc3c(c2)COC3CS1,True,4.028800000000002,0.044899999999999274,0.1506849315068493,False,True
3.0,bin,11,0.0693100094795227,0.014019966125488281,0.12460005283355713,1774061,O=C1NCCCc2[nH]c(-c3cccc4[nH]ccc34)nc21,2.234,CN=Cc1c(OC)cccc1C12NCCCCNC1C2=O,True,0.8634999999999997,-1.3705000000000003,0.14102564102564102,False,True
3.0,bin,11,0.0693100094795227,0.014019966125488281,0.12460005283355713,1800687,Cc1nn(C)c(-c2nc(-c3cccnn3)no2)c1Cl,1.8889199999999997,CCOc1ccc(-c2noc(-c3c(Cl)cnn3C)n2)nn1,True,1.9791999999999998,0.09028000000000014,0.3870967741935484,False,True
3.0,bin,11,0.0693100094795227,0.014019966125488281,0.12460005283355713,1815867,FC(F)(F)c1ccc(CN2CCOCC2c2ncon2)cc1,2.661900000000001,BrC=C1C=CC(CN2CCOCC2c2nc[nH]n2)=C1,True,1.9529999999999998,-0.7089000000000012,0.3484848484848485,False,True
3.0,bin,11,0.0693100094795227,0.014019966125488281,0.12460005283355713,1828580,Cc1ccc(N2CC3OCC(=O)N(Cc4cccc(F)c4)C3C2)nn1,1.54032,CCOc1ccc(CN2C(=O)COC3CN(c4cccnn4)CC32)cc1,True,1.4914999999999996,-0.04882000000000031,0.5070422535211268,False,True
3.0,bin,11,0.0693100094795227,0.014019966125488281,0.12460005283355713,1836183,CCc1ccc(C(=O)NCc2nccc(N(C)C)n2)cc1,2.035,Cc1ccc(C)c(C(=O)NCc2nccc(N)n2)c1C,True,1.9140599999999999,-0.12094000000000027,0.39285714285714285,False,True
3.0,bin,11,0.0693100094795227,0.014019966125488281,0.12460005283355713,1842499,COc1ccccc1COc1ccccc1-c1cnn(CCO)c1,3.1300000000000017,CC=CC=C(Oc1ccn(Cc2cn[nH]c2)c1C)C(N)=O,True,1.8920199999999996,-1.237980000000002,0.1375,False,True
3.0,bin,11,0.0693100094795227,0.014019966125488281,0.12460005283355713,1865564,COC(CNC(=O)c1ccoc1)c1cccc(F)c1,2.536200000000001,CCOC=c1ccc2c(c1)C(O)CNC(=O)C=2C=CO,True,-0.15329999999999983,-2.6895000000000007,0.1111111111111111,False,True
3.0,bin,11,0.0693100094795227,0.014019966125488281,0.12460005283355713,1868773,CCCOc1ccc(Cl)c2c1CCNC2C1CC(=O)C1,3.2947000000000015,O=C1CCC(C2NCCc3cc(C(F)(F)F)ccc32)C1,True,3.261400000000002,-0.03329999999999966,0.2923076923076923,False,True
3.0,bin,11,0.0693100094795227,0.014019966125488281,0.12460005283355713,1873123,CCC1OC(=O)c2c(OC)ccc(Br)c21,3.079200000000002,CCOC=CC1=C(C(C)OC)C(=O)OC1=CCl,True,2.5051000000000005,-0.5741000000000014,0.18333333333333332,False,True
3.0,bin,11,0.0693100094795227,0.014019966125488281,0.12460005283355713,1875028,Cc1cccc(C)c1NCC(=O)N1CCCC2CCCCC21,3.8965400000000034,CCOc1cc(C)ccc1NCC(=O)N1CCCC2CCCCC21,True,3.9868200000000034,0.09027999999999992,0.5636363636363636,False,True
3.0,bin,11,0.0693100094795227,0.014019966125488281,0.12460005283355713,1895921,CCC(CC)N(C)C(=O)CC1OC(=O)c2ccccc21,2.935200000000002,CC(C)CC(C)NC(=O)CC1OC(=O)c2ccccc21,True,2.8390000000000013,-0.09620000000000051,0.5098039215686274,False,True
3.0,bin,11,0.0693100094795227,0.014019966125488281,0.12460005283355713,1907077,Cc1ccc2[nH]nc(C(=O)Nc3nc(-c4ccco4)cs3)c2c1,3.8401200000000015,CCOc1cccc2[nH]nc(C(=O)Nc3nc(-c4ccco4)cs3)c12,True,3.9304000000000023,0.0902800000000008,0.5970149253731343,False,True
3.0,bin,11,0.0693100094795227,0.014019966125488281,0.12460005283355713,1913063,Cc1nn(C)c(C)c1CN(C(=O)c1cn2cccc(C)c2n1)C1CC1,2.797860000000001,CC1C2=CCNN=CC1CN2C(=O)C=Cn1ccccc1=N,True,1.0056699999999996,-1.7921900000000013,0.14285714285714285,False,True
3.0,bin,11,0.0693100094795227,0.014019966125488281,0.12460005283355713,1922265,CN(CCNC(=O)c1ccc2c(c1)ncn2C)c1ccccc1,2.4395000000000007,COCCn1cnc2cc(C(=O)NCCNc3ccccc3)ccc21,True,2.5246000000000004,0.08509999999999973,0.532258064516129,False,True
3.0,bin,12,0.1658499836921692,0.12460005283355713,0.20709991455078125,32052,COc1ccccc1CNC(=O)Cc1c[nH]c2ccccc12,3.035400000000001,COCc1cccc(CNC(=O)Cc2c[nH]c3ccccc23)c1,True,3.1732000000000014,0.13780000000000037,0.6274509803921569,False,True
3.0,bin,12,0.1658499836921692,0.12460005283355713,0.20709991455078125,116747,COCCSc1ccccc1C(=O)Nc1cccc(C)n1,3.3808200000000017,CCCOc1cc(F)ccc1C(=O)Nc1cccc(C)n1,True,3.5702200000000017,0.1894,0.4745762711864407,False,True
3.0,bin,12,0.1658499836921692,0.12460005283355713,0.20709991455078125,131060,CS(=O)(=O)NCCc1csc(-c2ccc(F)cc2)n1,2.0408999999999997,CS(=O)(=O)NCCc1csc(-c2ccccc2F)n1,True,2.0408999999999997,0.0,0.6888888888888889,False,True
3.0,bin,12,0.1658499836921692,0.12460005283355713,0.20709991455078125,131949,CCc1c(C)nc(SCC(=O)NC(C)C)[nH]c1=O,1.25742,CCN(CC)C(=O)C(C)Sc1nc(C)c(C)c(=O)[nH]1,True,1.7357399999999996,0.47831999999999963,0.38181818181818183,False,True
3.0,bin,12,0.1658499836921692,0.12460005283355713,0.20709991455078125,158879,COc1ccc(CC(=O)OCC(=O)c2c[nH]c3ccccc23)cc1,3.145100000000001,COC(C(=O)OCC(=O)c1c[nH]c2ccccc12)c1ccccc1F,True,3.420600000000002,0.27550000000000097,0.5172413793103449,False,True
3.0,bin,12,0.1658499836921692,0.12460005283355713,0.20709991455078125,232056,COCCNC(=O)c1cc(=O)c2cc(C)ccc2o1,1.4776199999999993,COC(=O)CCNC(=O)c1cc(=O)c2cc(C)ccc2o1,True,1.3943199999999998,-0.08329999999999949,0.782608695652174,False,True
3.0,bin,12,0.1658499836921692,0.12460005283355713,0.20709991455078125,235788,O=C(Cn1nc(-c2ccco2)oc1=O)NCC(F)(F)F,0.7747999999999999,CCC(OC)C(=O)OCn1nc(-c2ccco2)oc1=O,True,1.0219999999999998,0.24719999999999986,0.47540983606557374,False,True
3.0,bin,12,0.1658499836921692,0.12460005283355713,0.20709991455078125,236081,CC(=O)c1c(C)[nH]c(C(=O)CSc2nc(C(C)C)n[nH]2)c1C,3.0506400000000014,CC=C(NC(C)=CC(C)=O)C(=O)C(C)Sc1nc(C)n[nH]1,True,2.14902,-0.9016200000000012,0.25,False,True
3.0,bin,12,0.1658499836921692,0.12460005283355713,0.20709991455078125,281081,O=C(Cn1cccn1)NCc1cccnc1Oc1ccc(F)cc1F,2.665000000000001,Cc1ccc(Oc2ncccc2CNC(=O)Cn2cccn2)c(F)c1,True,2.83432,0.16931999999999903,0.8421052631578947,False,True
3.0,bin,12,0.1658499836921692,0.12460005283355713,0.20709991455078125,284170,COc1ccc(-c2nc(CC(=O)Nc3cccc(C)n3)cs2)cc1,3.7033200000000024,Cc1ccc(-c2nc(CC(=O)Nc3ncccc3F)cs2)cc1,True,3.833820000000002,0.13049999999999962,0.49206349206349204,False,True
3.0,bin,12,0.1658499836921692,0.12460005283355713,0.20709991455078125,288369,Cc1ccc(NCc2nnc3n2CCCCC3)cc1C,3.2334400000000016,Fc1ccc(Cl)c(NCc2nnc3n2CCCCC3)c1,True,3.4091000000000022,0.1756600000000006,0.5370370370370371,False,True
3.0,bin,12,0.1658499836921692,0.12460005283355713,0.20709991455078125,302889,COc1ccc(OC)c(NC(=O)CCNC(=O)c2cccs2)c1,2.5239000000000003,N#CCc1ccc(NC(=O)CCNC(=O)c2cccs2)cc1,True,2.5727800000000007,0.04888000000000048,0.48333333333333334,False,False
3.0,bin,12,0.1658499836921692,0.12460005283355713,0.20709991455078125,327141,COc1ccc(OC)c(S(=O)(=O)Nc2ccn(C)n2)c1,1.2381,COCCn1ccc(NS(=O)(=O)c2cccc(F)c2)n1,True,1.4694,0.23130000000000006,0.36065573770491804,False,True
3.0,bin,12,0.1658499836921692,0.12460005283355713,0.20709991455078125,327382,CNC(=O)C1CN(C(=O)c2c(C)noc2C)c2ccccc2O1,1.4452399999999996,Cc1noc(C)c1C(=O)N1CCOc2ccc(C#N)cc21,True,2.2023200000000003,0.7570800000000006,0.4090909090909091,False,True
3.0,bin,12,0.1658499836921692,0.12460005283355713,0.20709991455078125,406491,COCCNC(=O)C1CCCN(S(=O)(=O)N2CCOCC2)C1,-0.9619999999999964,C#CCNC(=O)C1CCCN(S(=O)(=O)N2CCOCC2)C1,True,-0.9751999999999976,-0.01320000000000121,0.7,False,True
3.0,bin,12,0.1658499836921692,0.12460005283355713,0.20709991455078125,413951,O=C(Cn1ncn2cccc2c1=O)N1CCCCCC1,0.8985999999999996,CC1CCN(C(=O)Cn2ncn3cccc3c2=O)CC1,True,0.7544999999999997,-0.1440999999999999,0.7446808510638298,False,True
3.0,bin,12,0.1658499836921692,0.12460005283355713,0.20709991455078125,427929,CCNc1nc(NCc2ccccc2Cl)c2cnn(C)c2n1,3.060600000000001,CC(C)NC=NC(NCc1cccc(Cl)c1)=C1C=NN(C)C1=N,True,2.57597,-0.484630000000001,0.1728395061728395,False,True
3.0,bin,12,0.1658499836921692,0.12460005283355713,0.20709991455078125,447130,CCC(NC(=O)C1CCN(C(=O)C2CC2)CC1)c1ccc(C)cc1,3.2109200000000016,CCc1ccc(C(C)NC(=O)C2CCN(C(=O)C3CC3)CC2)cc1C,True,3.3832200000000023,0.17230000000000079,0.5925925925925926,False,True
3.0,bin,12,0.1658499836921692,0.12460005283355713,0.20709991455078125,481908,CCNS(=O)(=O)c1ccc(C)c(C(=O)Nc2ncccc2C)c1,2.24894,Cc1cccnc1NC(=O)c1ccccc1C(=O)N(C)C,True,2.34412,0.09518000000000004,0.48148148148148145,False,True
3.0,bin,12,0.1658499836921692,0.12460005283355713,0.20709991455078125,485220,Cc1nn(CC(=O)N2CCN(C)CC2)c(C)c1Br,1.03644,Cc1c(Br)c(C(=O)N2CCN(C)CC2C)nn1C,True,1.26712,0.23068,0.33962264150943394,False,True
3.0,bin,12,0.1658499836921692,0.12460005283355713,0.20709991455078125,526363,Cc1nnc(SCC(=O)Nc2ccc(O)cc2)n(N)c1=O,0.09692,COC(=O)c1ccccc1NC(=O)CSc1nnc(C)c(=O)n1N,True,0.17791999999999997,0.08099999999999996,0.6363636363636364,False,False
3.0,bin,12,0.1658499836921692,0.12460005283355713,0.20709991455078125,536853,COc1ccc(C2CCCN2C(=O)C2CCC2)c(OC)c1,3.1674000000000015,COc1ccccc1C1CCCN1C(=O)C1CCC1,True,3.158800000000002,-0.008599999999999497,0.717391304347826,False,True
3.0,bin,12,0.1658499836921692,0.12460005283355713,0.20709991455078125,540312,Cc1nn(C)c2nc(C3CC3)cc(C(=O)NCC(=O)NC(C)(C)C)c12,1.7986199999999997,CCN(C)C(=O)CN(CC)C(=O)c1cc(C2CC2)nc2c1cnn2C,True,1.7860999999999996,-0.012520000000000087,0.3333333333333333,False,True
3.0,bin,12,0.1658499836921692,0.12460005283355713,0.20709991455078125,544381,Cc1nc(N2CCCC(C(=O)NC(C)C)C2)c2c(C)c(C)oc2n1,2.8890600000000006,CC(=O)Nc1coc2nc(C)nc(N3CCC(OCC(C)C)CC3)c12,True,3.131020000000002,0.2419600000000015,0.3466666666666667,False,True
3.0,bin,12,0.1658499836921692,0.12460005283355713,0.20709991455078125,544382,CCCNC(=O)C1CCCN(c2nc(C)nc3oc(C)c(C)c23)C1,2.8906600000000013,Cc1nc(N2CCCC(C(=O)NCCC(C)C)C2)c2c(C)coc2n1,True,3.218340000000002,0.32768000000000086,0.5909090909090909,False,True
3.0,bin,12,0.1658499836921692,0.12460005283355713,0.20709991455078125,550049,Cc1ccc(C)c(OCC(=O)Nc2cccc(-n3cnnc3)c2)c1,2.9016400000000013,O=C(COc1ccc(F)c(Cl)c1)Nc1cccc(-n2cnnc2)c1,True,3.0773,0.17565999999999882,0.5666666666666667,False,False
3.0,bin,12,0.1658499836921692,0.12460005283355713,0.20709991455078125,573533,Cc1nn(-c2ncc(C(F)(F)F)cc2Cl)c(=O)o1,2.2011199999999995,CC(C)(C)c1nn(-c2ncc(Cl)cc2N)c(=O)o1,True,1.7535999999999996,-0.4475199999999999,0.4074074074074074,False,True
3.0,bin,12,0.1658499836921692,0.12460005283355713,0.20709991455078125,582555,O=C(NCC(O)c1ccccc1)c1ccc2c(=O)n3c(nc2c1)CCC3,1.8061000000000003,CCc1nc2cc(=O)n1C(c1ccc(F)cc1)C(=O)NCC(O)C=C2,True,1.0380999999999998,-0.7680000000000005,0.13186813186813187,False,True
3.0,bin,12,0.1658499836921692,0.12460005283355713,0.20709991455078125,588547,Cc1n[nH]c(C)c1NC(=O)CCc1ccc(Cl)cc1Cl,3.9046400000000023,Cc1n[nH]c(C)c1NC(=O)CCc1ccc(Cl)c(Br)c1,True,4.013740000000002,0.10909999999999975,0.6226415094339622,False,True
3.0,bin,12,0.1658499836921692,0.12460005283355713,0.20709991455078125,607673,CCCN(CC1CC1)S(=O)(=O)c1ccccc1F,2.636400000000001,CCCN(CC1CC1)S(=O)(=O)c1ccc(F)c(F)c1,True,2.775500000000001,0.1391,0.6222222222222222,False,False
3.0,bin,12,0.1658499836921692,0.12460005283355713,0.20709991455078125,617681,Cc1cc(C(=O)Nc2nc(-c3ccncc3)cs2)nn1C(C)C,3.5432200000000016,CCn1nc(C(=O)Nc2nc(-c3ccncc3)cs2)c(Cl)c1C,True,3.635620000000002,0.09240000000000048,0.5409836065573771,False,True
3.0,bin,12,0.1658499836921692,0.12460005283355713,0.20709991455078125,650267,COc1ccc2oc(C(=O)NC3CCCCNC3=O)c(C)c2c1,2.14832,Cc1c(C(=O)NC2CCCCNC2=O)oc2c(C#N)cccc12,True,2.0114,-0.13691999999999993,0.5606060606060606,False,True
3.0,bin,12,0.1658499836921692,0.12460005283355713,0.20709991455078125,668639,Cc1cc(NC(=O)c2ccccc2Cl)ncc1N,2.8779200000000005,Cc1cc(NC(=O)c2ccc(Br)cc2)ncc1N,True,2.9870200000000002,0.10909999999999975,0.5869565217391305,False,True
3.0,bin,12,0.1658499836921692,0.12460005283355713,0.20709991455078125,673160,CCC(=O)Nc1ccc2oc(C(F)(F)F)cc(=O)c2c1,3.160300000000001,CCN(CC)C(=O)NC=C1C=c2oc(C(F)(F)F)cc(=O)c2=C1,True,1.1685,-1.9918000000000011,0.3548387096774194,False,True
3.0,bin,12,0.1658499836921692,0.12460005283355713,0.20709991455078125,711169,Cc1cccc(C(C)C)c1NC(=O)N(C)Cc1ccncc1,4.177320000000003,CCC(C)(C)Nc1ccccc1NC(=O)N(C)Cc1ccncc1,True,4.346000000000003,0.16868000000000016,0.47368421052631576,False,True
3.0,bin,12,0.1658499836921692,0.12460005283355713,0.20709991455078125,720969,Cc1noc(C)c1CCC(=O)OCC(=O)N1c2ccccc2CC1C,2.7450400000000013,Cc1ccc2c(c1)CC(C)N2C(=O)COC(=O)CCc1cnoc1C,True,2.7450400000000013,0.0,0.5588235294117647,False,True
3.0,bin,12,0.1658499836921692,0.12460005283355713,0.20709991455078125,730789,COC(=O)C1CCN(C(=O)c2cc3ccc(F)cc3nc2C)CC1,2.7075200000000006,C=Nc1cc(F)c(F)cc1C=CC(=O)N1CCCC(=O)OC1,True,2.4331999999999994,-0.27432000000000123,0.16666666666666666,False,True
3.0,bin,12,0.1658499836921692,0.12460005283355713,0.20709991455078125,738178,Cc1ccc(-n2ccnc2SCc2nc(C3CC3)no2)cc1C,4.041840000000003,FC(F)(F)c1ccccc1-n1ccnc1SCc1nc(C2CC2)no1,True,4.443800000000002,0.401959999999999,0.5901639344262295,False,True
3.0,bin,12,0.1658499836921692,0.12460005283355713,0.20709991455078125,771897,COc1ccccc1OCC(=O)N(C)Cc1sccc1C,3.102520000000002,Cc1ccsc1CN(C)C(=O)COc1ccc(C#N)c(F)c1,True,3.104700000000001,0.0021799999999991826,0.5254237288135594,False,True
3.0,bin,12,0.1658499836921692,0.12460005283355713,0.20709991455078125,811446,COC(=O)C1(NC(=O)c2cc(Br)c[nH]2)CCCCCC1,2.7730000000000006,CCCCCC(NC(=O)c1[nH]c(C)c(C)c1C)C(=O)OC,True,2.791660000000001,0.018660000000000565,0.16923076923076924,False,True
3.0,bin,12,0.1658499836921692,0.12460005283355713,0.20709991455078125,848291,CCC(C)NC(=O)NCc1noc(-c2cccs2)n1,2.3958000000000004,CCN(Cc1noc(-c2cccs2)n1)C(=O)C(C)COC,True,2.4291,0.03329999999999966,0.5,False,True
3.0,bin,12,0.1658499836921692,0.12460005283355713,0.20709991455078125,863440,COc1ccc(-c2nc(CCCO)cs2)cc1OC,2.752200000000001,CCOc1cc(-c2nc(CCO)cs2)ccc1OC,True,2.752200000000001,0.0,0.717391304347826,False,True
3.0,bin,12,0.1658499836921692,0.12460005283355713,0.20709991455078125,864663,N#Cc1ccc(-c2cc(F)ccc2F)nc1N1CCCC1,3.498680000000002,N#Cc1ccc(N2CCCC2)nc1-c1c(F)cccc1F,True,3.498680000000002,0.0,0.41509433962264153,False,True
3.0,bin,12,0.1658499836921692,0.12460005283355713,0.20709991455078125,872100,CCc1cccc(C)c1NCC(O)c1ccc2c(c1)OCCO2,3.474120000000002,CCCc1ccc(NCC(O)c2ccc3c(c2)OCCO3)cc1,True,3.5558000000000023,0.08168000000000042,0.5454545454545454,False,True
3.0,bin,12,0.1658499836921692,0.12460005283355713,0.20709991455078125,886334,COc1ccc(C(=O)N2CCCC(C(=O)N3CCCCC3)C2)c(O)c1,2.2655000000000003,N#Cc1cccc(C(=O)N2CCCC(C(=O)N3CCCCC3)C2)c1,True,2.422980000000001,0.1574800000000005,0.46551724137931033,False,True
3.0,bin,12,0.1658499836921692,0.12460005283355713,0.20709991455078125,887387,COCCNC(=O)N(Cc1cccc(F)c1)CC1CCCO1,2.1627,COCCNC(=O)N1CCCOCCc2ccccc2C1,True,1.8073999999999997,-0.3553000000000004,0.3108108108108108,False,True
3.0,bin,12,0.1658499836921692,0.12460005283355713,0.20709991455078125,889149,N#Cc1ccc(NC(=O)c2ccc(Br)cc2Cl)nc1,3.621480000000001,Cc1ccnc(NC(=O)c2ccc(Cl)cc2Cl)c1,True,3.9491200000000015,0.3276400000000006,0.4,False,True
3.0,bin,12,0.1658499836921692,0.12460005283355713,0.20709991455078125,913483,O=C(CNC(=O)NCCc1c(Cl)cccc1Cl)NC1CC1,2.1137000000000006,CC(C)(C)C=C1C=CC(CCNC(=O)NCC(=O)NC2CC2)=C1,True,2.423,0.30929999999999946,0.48214285714285715,False,True
3.0,bin,12,0.1658499836921692,0.12460005283355713,0.20709991455078125,917620,C=CCN(Cc1ccccc1OC)C(=O)c1csc(C)n1,3.288520000000002,C=CCN(Cc1ccc(F)c(F)c1)C(=O)c1csc(C)n1,True,3.5581200000000024,0.2696000000000005,0.5689655172413793,False,True
3.0,bin,12,0.1658499836921692,0.12460005283355713,0.20709991455078125,918312,CCOc1ccc(Cl)c(C(=O)N2CCN(c3ncccn3)CC2)n1,1.8860999999999997,O=C(c1cccc(C(F)(F)F)n1)N1CCN(c2ncccn2)CC1,True,1.8528,-0.03329999999999966,0.43103448275862066,False,True
3.0,bin,12,0.1658499836921692,0.12460005283355713,0.20709991455078125,922879,CC(=O)c1ccc(N2CCN(Cc3c(F)cccc3F)CC2)cc1,3.489600000000003,Nc1cc(CN2CCN(c3cccc(Br)c3)CC2)ccc1F,True,3.492600000000003,0.0030000000000001137,0.3508771929824561,False,True
3.0,bin,12,0.1658499836921692,0.12460005283355713,0.20709991455078125,927535,COc1cc(CN2CCN(c3ccccc3F)CC2)ccc1O,2.862100000000002,COc1cc(CN2CCN(c3ccccc3)CC2)cc(OC)c1OC,True,3.034600000000001,0.172499999999999,0.4807692307692308,False,True
3.0,bin,12,0.1658499836921692,0.12460005283355713,0.20709991455078125,927567,Cc1ccccc1N1CCN(Cc2cccc(O)c2)CC1,3.022820000000001,Oc1cccc(CN2CCN(c3cccc(Cl)c3)CC2)c1,True,3.3678000000000026,0.3449800000000014,0.5652173913043478,False,False
3.0,bin,12,0.1658499836921692,0.12460005283355713,0.20709991455078125,938108,CC(c1ccccc1)N(C)C(=O)CCC(=O)Nc1nccs1,3.0814000000000012,CCN(Cc1ccccc1)C(=O)CCC(=O)NC1C=NC(C)=CS1,True,2.9365000000000014,-0.1448999999999998,0.2777777777777778,False,True
3.0,bin,12,0.1658499836921692,0.12460005283355713,0.20709991455078125,943303,CN(CCCOc1ccccc1)C(=O)Nc1cccc2c1OCCO2,3.390600000000002,COc1ccccc1NC(=O)N(C)CCCOC1=CC=C(C)OC1,True,3.3835000000000024,-0.00709999999999944,0.4696969696969697,False,True
3.0,bin,12,0.1658499836921692,0.12460005283355713,0.20709991455078125,946289,CC(NC(=O)C1(c2cc(-c3ccco3)on2)CC1)c1ccccc1,3.843600000000002,C=CC=CC(C)NC(=O)C(C)c1cc(F)on1,True,2.1640999999999995,-1.6795000000000027,0.20833333333333334,False,True
3.0,bin,12,0.1658499836921692,0.12460005283355713,0.20709991455078125,994077,Cc1nnc(Cn2c(-c3cccc(Br)c3)noc2=O)o1,2.0055199999999997,Cc1cc(C)c(-c2noc(=O)n2Cc2nnc(C)o2)c(C)c1,True,2.16828,0.16276000000000046,0.5882352941176471,False,True
3.0,bin,12,0.1658499836921692,0.12460005283355713,0.20709991455078125,1065620,O=C(NCc1cccnc1Oc1ccccc1)c1cccnc1,3.198900000000002,O=C(NCc1cccnc1Oc1ccc(F)cc1)c1cccnc1F,True,3.477100000000002,0.2782,0.5454545454545454,False,True
3.0,bin,12,0.1658499836921692,0.12460005283355713,0.20709991455078125,1093926,CN(C(=O)CNc1cccc(OCC2CCCO2)c1)c1ccccc1,3.319300000000002,O=C(CNc1ccccc1F)Nc1cccc(OCC2CCCO2)c1,True,3.4341000000000026,0.11480000000000068,0.5671641791044776,False,False
3.0,bin,12,0.1658499836921692,0.12460005283355713,0.20709991455078125,1107920,CCc1ccc(-n2cc(C(=O)NC(C)c3ccccc3)nn2)cc1,3.320700000000002,CSc1ccc(-n2cc(C(=O)NC(C)c3ccccc3)nn2)cc1,True,3.4802000000000017,0.15949999999999953,0.7254901960784313,False,True
3.0,bin,12,0.1658499836921692,0.12460005283355713,0.20709991455078125,1113130,CC(NC(=O)Cn1nnnc1C(C)(C)C)c1cccc2ccccc12,3.0012000000000016,C=C1CC(C)(C)c2nnnn2CC(=O)NC(CC)C=Cc2ccccc21,True,2.9758000000000013,-0.02540000000000031,0.16091954022988506,False,True
3.0,bin,12,0.1658499836921692,0.12460005283355713,0.20709991455078125,1121751,COC(=O)Cn1ccc(NS(=O)(=O)c2ccc(F)c(F)c2F)n1,1.2742,COC(=O)Cn1ccc(NS(=O)(=O)c2cc(C)ccc2C)n1,True,1.4737400000000003,0.19954000000000027,0.6296296296296297,False,True
3.0,bin,12,0.1658499836921692,0.12460005283355713,0.20709991455078125,1142531,CCOC(C)C(=O)NCCc1csc(-c2ccc(C)cc2)n1,3.2022200000000014,CCCNC(=O)CCc1csc(-c2ccc(F)cc2)n1,True,3.4080000000000013,0.20577999999999985,0.4915254237288136,False,True
3.0,bin,12,0.1658499836921692,0.12460005283355713,0.20709991455078125,1212157,CN(Cc1ccc(F)c(F)c1)C(=O)c1cncc(-c2cnn(C)c2)c1,3.0325000000000015,CN(Cc1cccc(Cl)c1)C(=O)c1cncc(-c2cn[nH]c2)c1,True,3.3973000000000013,0.3647999999999998,0.47692307692307695,False,True
3.0,bin,12,0.1658499836921692,0.12460005283355713,0.20709991455078125,1215394,CCn1nc(C)cc1C(=O)Oc1cccc(NC(=O)C(C)C)c1,3.025120000000001,CCn1nc(C(C)C)cc1C(=O)Oc1ccccc1C#N,True,3.117280000000002,0.09216000000000069,0.42857142857142855,False,True
3.0,bin,12,0.1658499836921692,0.12460005283355713,0.20709991455078125,1232922,CC(C)(C)OC(=O)NC1CCCN(S(=O)(=O)N2CCOCC2)C1,0.5525000000000011,CC(C)CCNC(=O)C1CCCN(S(=O)(=O)N2CCOCC2)C1,True,0.43770000000000153,-0.11479999999999957,0.46551724137931033,False,False
3.0,bin,12,0.1658499836921692,0.12460005283355713,0.20709991455078125,1238973,FC(F)(F)c1cnc(N2CCn3c(nnc3C3CC3)C2)c(Cl)c1,3.2429000000000023,FC(F)(F)c1cc(N2CCn3c(nnc3C3CC3)C2)ncc1Cl,True,3.2429000000000023,0.0,0.6363636363636364,False,True
3.0,bin,12,0.1658499836921692,0.12460005283355713,0.20709991455078125,1299495,Cc1cc(CC(=O)N2CCCC2C(C#N)c2ccccc2)no1,2.823900000000001,Cc1cc(CC(=O)N2CCCC2C(O)c2ccccc2C)no1,True,2.5585400000000007,-0.26536000000000026,0.639344262295082,False,True
3.0,bin,12,0.1658499836921692,0.12460005283355713,0.20709991455078125,1309906,CC(C)CC(NC(=O)c1cc(=O)c2ccccc2o1)C(=O)OC(C)C,2.8891000000000018,CCCC(C)(NC(=O)c1cc(=O)c2ccccc2o1)C(=O)OC(C)C,True,3.0332000000000017,0.1440999999999999,0.55,False,True
3.0,bin,12,0.1658499836921692,0.12460005283355713,0.20709991455078125,1362816,COCc1cccc(C(=O)NC2CC2c2cccc(Cl)c2)c1,3.772300000000002,CC(C)Oc1cccc(C(=O)NC2CC2c2ccc(F)cc2)c1,True,3.8988000000000023,0.12650000000000006,0.45161290322580644,False,True
3.0,bin,12,0.1658499836921692,0.12460005283355713,0.20709991455078125,1441838,COCC(=O)NC(C(=O)Nc1cccc(-c2nccs2)c1)C(C)C,2.5358,COC(=O)NC(C)C(=O)Nc1cccc(-c2nccs2)c1,True,2.4931,-0.04269999999999996,0.6551724137931034,False,True
3.0,bin,12,0.1658499836921692,0.12460005283355713,0.20709991455078125,1450449,CCCNC(=O)CSc1nc2c(cc1C#N)CCCC2,2.450380000000001,C=CCNC(=O)C(C)Sc1nc2c(cc1C#N)CCCC2,True,2.6148800000000003,0.16449999999999942,0.5238095238095238,False,False
3.0,bin,12,0.1658499836921692,0.12460005283355713,0.20709991455078125,1451910,O=S(=O)(NCc1nnc2ccccn12)c1ccc(F)c(F)c1,1.4859999999999995,COc1cc(C)ccc1S(=O)(=O)NCc1nnc2ccccn12,True,1.52482,0.03882000000000052,0.5344827586206896,False,True
3.0,bin,12,0.1658499836921692,0.12460005283355713,0.20709991455078125,1479798,Cc1nc(C)c(CCC(=O)N(CC(C)C)CC(F)(F)F)c(=O)[nH]1,2.3662400000000003,CCCCN(OC(C)CC)C(=O)CCC1=C(C)N=C(C)NC1,True,3.421000000000002,1.0547600000000017,0.21621621621621623,False,True
3.0,bin,12,0.1658499836921692,0.12460005283355713,0.20709991455078125,1507926,COC(=O)C(C)NC(=O)Cc1csc(-c2ccccc2Cl)n1,2.6837,Cc1ccccc1-c1nc(CC(=O)NC(C)CCCO)cs1,True,2.938220000000001,0.2545200000000012,0.5166666666666667,False,True
3.0,bin,12,0.1658499836921692,0.12460005283355713,0.20709991455078125,1527882,Nc1ncccc1C(=O)Nc1ccc2cn[nH]c2c1,1.7923999999999998,CNc1cc(C(=O)Nc2ccc3cn[nH]c3c2)ccc1O,True,2.5625000000000004,0.7701000000000007,0.49122807017543857,False,True
3.0,bin,12,0.1658499836921692,0.12460005283355713,0.20709991455078125,1532848,COc1ccc(-c2ccc3c(=O)[nH]cnc3c2)cc1Cl,3.2521000000000013,O=c1[nH]cnc2cc(-c3ccc(F)c(Br)c3)ccc12,True,3.4917000000000016,0.23960000000000026,0.5208333333333334,False,True
3.0,bin,12,0.1658499836921692,0.12460005283355713,0.20709991455078125,1548351,COc1cc(OC)c2c(c1)C(c1cnccn1)NCC2,1.7288999999999999,Fc1cc(F)c2c(c1)C(c1cnccn1)NCC2,True,1.9898999999999996,0.2609999999999997,0.5714285714285714,False,True
3.0,bin,12,0.1658499836921692,0.12460005283355713,0.20709991455078125,1570134,COc1cccc(C(C)N2CCN(C(=O)c3ccc(O)cc3)CC2)c1,2.9198000000000013,COc1ccc(C(=O)N2CCN(C(C)c3cccc(O)c3)CC2)cc1,True,2.9198000000000013,0.0,0.7916666666666666,False,True
3.0,bin,12,0.1658499836921692,0.12460005283355713,0.20709991455078125,1611406,CC(C)(C)N1CC(NC(=O)C2COc3ccc(F)cc3C2)CC1=O,1.8923999999999994,CCC(C)(C)N1CC(NC(=O)C2COc3ccccc3C2)CC1=O,True,2.1433999999999997,0.25100000000000033,0.6229508196721312,False,True
3.0,bin,12,0.1658499836921692,0.12460005283355713,0.20709991455078125,1612684,CCCC1CN(C(=O)Nc2ccn(CCC(C)C)n2)CCO1,2.9620000000000015,CC(C)CCCC1OCCN1C(=O)Nc1ccn(CC(F)F)n1,True,3.1647000000000016,0.2027000000000001,0.5373134328358209,False,True
3.0,bin,12,0.1658499836921692,0.12460005283355713,0.20709991455078125,1639675,CCC(CC)c1nnc(NC(=O)c2scnc2C2CC2)s1,4.0279000000000025,CCCC(CC)c1nnc(NC(=O)c2scnc2C2CC2)s1,True,4.418000000000003,0.39010000000000034,0.875,False,True
3.0,bin,12,0.1658499836921692,0.12460005283355713,0.20709991455078125,1675660,COc1ccnc(NC(=O)c2cccc(Cl)c2)c1,2.9959000000000007,Cc1ccnc(NC(=O)c2cccc(Cl)c2N)c1,True,2.8779200000000005,-0.1179800000000002,0.41818181818181815,False,False
3.0,bin,12,0.1658499836921692,0.12460005283355713,0.20709991455078125,1689728,CCc1noc(CSc2ncnc3sc(C)cc23)n1,3.237420000000002,CCCC=NOC(=N)CSc1ncnc2sc(C#N)cc12,True,3.4348500000000017,0.19742999999999977,0.3013698630136986,False,True
3.0,bin,12,0.1658499836921692,0.12460005283355713,0.20709991455078125,1720876,CC(C)(C)CC(=O)NCC(=O)Nc1ccc2c(c1)COC2,2.2077,CCCCNC(=O)c1cccc(OC(C)C)c1,True,3.003700000000001,0.7960000000000012,0.171875,False,True
3.0,bin,12,0.1658499836921692,0.12460005283355713,0.20709991455078125,1757109,CC(C)Cc1ncc(CNc2ccc3c(c2)COC3)s1,3.983900000000003,FC(F)(F)c1nc(Cl)c(CNc2ccc3c(c2)COC3)s1,True,4.457600000000002,0.4736999999999991,0.4406779661016949,False,True
3.0,bin,12,0.1658499836921692,0.12460005283355713,0.20709991455078125,1774061,O=C1NCCCc2[nH]c(-c3cccc4[nH]ccc34)nc21,2.234,Cc1ccc2[nH]c3c(c2c1)CNCCC3C(=O)N=C[NH],True,1.8910199999999995,-0.3429800000000005,0.125,False,True
3.0,bin,12,0.1658499836921692,0.12460005283355713,0.20709991455078125,1800687,Cc1nn(C)c(-c2nc(-c3cccnn3)no2)c1Cl,1.8889199999999997,Cc1nn(C)c(-c2nc(-c3cccnn3)no2)c1Br,True,1.99802,0.1091000000000002,0.7446808510638298,False,True
3.0,bin,12,0.1658499836921692,0.12460005283355713,0.20709991455078125,1815867,FC(F)(F)c1ccc(CN2CCOCC2c2ncon2)cc1,2.661900000000001,FC(F)(F)C=C1C=CC(CN2CCOCC2c2ncon2)=C1,True,2.4278000000000004,-0.23410000000000064,0.5862068965517241,False,True
3.0,bin,12,0.1658499836921692,0.12460005283355713,0.20709991455078125,1828580,Cc1ccc(N2CC3OCC(=O)N(Cc4cccc(F)c4)C3C2)nn1,1.54032,CC=C1C=C(NC2CC3C2OCC(=O)N3Cc2cc(F)ccc2F)N=N1,True,2.633700000000001,1.0933800000000011,0.32142857142857145,False,True
3.0,bin,12,0.1658499836921692,0.12460005283355713,0.20709991455078125,1836183,CCc1ccc(C(=O)NCc2nccc(N(C)C)n2)cc1,2.035,CCN1CC=C(C=CC(=O)NCC=NC=CC=N)C1C(C)=O,True,1.1123699999999994,-0.9226300000000007,0.125,False,True
3.0,bin,12,0.1658499836921692,0.12460005283355713,0.20709991455078125,1842499,COc1ccccc1COc1ccccc1-c1cnn(CCO)c1,3.1300000000000017,OCCn1cc(-c2ccccc2OCc2ccccc2F)cn1,True,3.2605000000000013,0.13049999999999962,0.75,False,True
3.0,bin,12,0.1658499836921692,0.12460005283355713,0.20709991455078125,1865564,COC(CNC(=O)c1ccoc1)c1cccc(F)c1,2.536200000000001,COC(CNC(=O)c1ccoc1)c1c(F)cccc1F,True,2.675300000000001,0.1391,0.7,False,True
3.0,bin,12,0.1658499836921692,0.12460005283355713,0.20709991455078125,1868773,CCCOc1ccc(Cl)c2c1CCNC2C1CC(=O)C1,3.2947000000000015,CCc1c(Cl)ccc2c1CCNC2C1CCC(=O)C1,True,3.458400000000001,0.1636999999999995,0.4576271186440678,False,True
3.0,bin,12,0.1658499836921692,0.12460005283355713,0.20709991455078125,1873123,CCC1OC(=O)c2c(OC)ccc(Br)c21,3.079200000000002,CCC1OC(=O)c2c(Br)cc(OC)cc21,True,3.079200000000002,0.0,0.5348837209302325,False,True
3.0,bin,12,0.1658499836921692,0.12460005283355713,0.20709991455078125,1875028,Cc1cccc(C)c1NCC(=O)N1CCCC2CCCCC21,3.8965400000000034,O=C1CNc2cccc(C(F)(F)F)c2C2CCCCC2CN1,True,3.520900000000002,-0.37564000000000153,0.19402985074626866,False,True
3.0,bin,12,0.1658499836921692,0.12460005283355713,0.20709991455078125,1895921,CCC(CC)N(C)C(=O)CC1OC(=O)c2ccccc21,2.935200000000002,CCCCC(C)NC(=O)CC1OC(=O)c2ccccc21,True,2.983100000000001,0.04789999999999939,0.5094339622641509,False,True
3.0,bin,12,0.1658499836921692,0.12460005283355713,0.20709991455078125,1907077,Cc1ccc2[nH]nc(C(=O)Nc3nc(-c4ccco4)cs3)c2c1,3.8401200000000015,O=C(Nc1nc(-c2ccco2)cs1)c1n[nH]c2c(Cl)cccc12,True,4.185100000000001,0.3449799999999996,0.6290322580645161,False,True
3.0,bin,12,0.1658499836921692,0.12460005283355713,0.20709991455078125,1913063,Cc1nn(C)c(C)c1CN(C(=O)c1cn2cccc(C)c2n1)C1CC1,2.797860000000001,CCCN(CC1C(C)=NN(CC)C1C)C(=O)c1cn2ccccc2n1,True,2.9026000000000014,0.1047400000000005,0.2804878048780488,False,True
3.0,bin,12,0.1658499836921692,0.12460005283355713,0.20709991455078125,1922265,CN(CCNC(=O)c1ccc2c(c1)ncn2C)c1ccccc1,2.4395000000000007,C#Cc1cccc(N(C)CCNC(=O)c2ccc3c(c2)ncn3C)c1,True,2.4208000000000007,-0.01869999999999994,0.7543859649122807,False,True
3.0,bin,13,0.2550499439239502,0.20709991455078125,0.30299997329711914,32052,COc1ccccc1CNC(=O)Cc1c[nH]c2ccccc12,3.035400000000001,Cc1ccc2[nH]cc(CC(=O)NCc3ccccc3C#N)c2c1,True,3.206900000000001,0.17149999999999999,0.5087719298245614,False,True
3.0,bin,13,0.2550499439239502,0.20709991455078125,0.30299997329711914,116747,COCCSc1ccccc1C(=O)Nc1cccc(C)n1,3.3808200000000017,Cc1cccc(NC(=O)c2ccc(SC(F)F)c(C#N)c2)n1,True,3.828700000000002,0.4478800000000005,0.4126984126984127,False,True
3.0,bin,13,0.2550499439239502,0.20709991455078125,0.30299997329711914,131060,CS(=O)(=O)NCCc1csc(-c2ccc(F)cc2)n1,2.0408999999999997,COCC(=O)NCCc1csc(-c2ccc(F)cc2)n1,True,2.2543000000000006,0.21340000000000092,0.5882352941176471,False,True
3.0,bin,13,0.2550499439239502,0.20709991455078125,0.30299997329711914,131949,CCc1c(C)nc(SCC(=O)NC(C)C)[nH]c1=O,1.25742,CCc1c(C)nc(SCC(=O)N(CC)CC)[nH]c1=O,True,1.60122,0.3438000000000001,0.6170212765957447,False,False
3.0,bin,13,0.2550499439239502,0.20709991455078125,0.30299997329711914,158879,COc1ccc(CC(=O)OCC(=O)c2c[nH]c3ccccc23)cc1,3.145100000000001,Cc1cccc2c(C(=O)COC(=O)Cc3cccc(O)c3)c[nH]c12,True,3.150520000000001,0.00541999999999998,0.48333333333333334,False,True
3.0,bin,13,0.2550499439239502,0.20709991455078125,0.30299997329711914,232056,COCCNC(=O)c1cc(=O)c2cc(C)ccc2o1,1.4776199999999993,CCOC(=O)CNC(=O)c1cc(=O)c2cc(Cl)ccc2o1,True,1.7393,0.2616800000000008,0.5272727272727272,False,True
3.0,bin,13,0.2550499439239502,0.20709991455078125,0.30299997329711914,235788,O=C(Cn1nc(-c2ccco2)oc1=O)NCC(F)(F)F,0.7747999999999999,O=C(Cn1nc(-c2ccco2)oc1=O)OCC(F)(F)F,True,1.2017999999999998,0.4269999999999998,0.660377358490566,False,True
3.0,bin,13,0.2550499439239502,0.20709991455078125,0.30299997329711914,236081,CC(=O)c1c(C)[nH]c(C(=O)CSc2nc(C(C)C)n[nH]2)c1C,3.0506400000000014,Cc1[nH]c(C(=O)CSc2nc(C(C)C)n[nH]2)c(C)c1C,True,3.156460000000001,0.10581999999999958,0.782608695652174,False,True
3.0,bin,13,0.2550499439239502,0.20709991455078125,0.30299997329711914,281081,O=C(Cn1cccn1)NCc1cccnc1Oc1ccc(F)cc1F,2.665000000000001,Cc1cc(C)n(CC(=O)NCc2cccnc2Oc2ccccc2)n1,True,3.0036400000000016,0.3386400000000007,0.47058823529411764,False,True
3.0,bin,13,0.2550499439239502,0.20709991455078125,0.30299997329711914,284170,COc1ccc(-c2nc(CC(=O)Nc3cccc(C)n3)cs2)cc1,3.7033200000000024,O=C(Cc1csc(-c2cccc(Cl)c2)n1)Nc1ccccn1,True,4.039700000000002,0.33637999999999924,0.5,False,True
3.0,bin,13,0.2550499439239502,0.20709991455078125,0.30299997329711914,288369,Cc1ccc(NCc2nnc3n2CCCCC3)cc1C,3.2334400000000016,FC(F)(F)Oc1cccc(NCc2nnc3n2CCCCC3)c1,True,3.515200000000002,0.28176000000000023,0.5818181818181818,False,True
3.0,bin,13,0.2550499439239502,0.20709991455078125,0.30299997329711914,302889,COc1ccc(OC)c(NC(=O)CCNC(=O)c2cccs2)c1,2.5239000000000003,Cc1cccc(NC(=O)CCNC(=O)c2cccs2)c1,True,2.815120000000001,0.2912200000000009,0.5535714285714286,False,False
3.0,bin,13,0.2550499439239502,0.20709991455078125,0.30299997329711914,327141,COc1ccc(OC)c(S(=O)(=O)Nc2ccn(C)n2)c1,1.2381,Cc1ccc(C#N)cc1S(=O)(=O)Nc1ccn(C)n1,True,1.401,0.16290000000000004,0.49056603773584906,False,True
3.0,bin,13,0.2550499439239502,0.20709991455078125,0.30299997329711914,327382,CNC(=O)C1CN(C(=O)c2c(C)noc2C)c2ccccc2O1,1.4452399999999996,Cc1noc(C)c1C(=O)NC1CNc2ccccc2O1,True,1.85184,0.4066000000000003,0.4426229508196721,False,True
3.0,bin,13,0.2550499439239502,0.20709991455078125,0.30299997329711914,406491,COCCNC(=O)C1CCCN(S(=O)(=O)N2CCOCC2)C1,-0.9619999999999964,C=CCNC(=O)C1CCN(S(=O)(=O)N2CCOCC2)CC1,True,-0.4223999999999981,0.5395999999999983,0.4727272727272727,False,True
3.0,bin,13,0.2550499439239502,0.20709991455078125,0.30299997329711914,413951,O=C(Cn1ncn2cccc2c1=O)N1CCCCCC1,0.8985999999999996,CCOCC1CCN(C(=O)Cn2ncn3cccc3c2=O)CC1,True,0.7710999999999997,-0.12749999999999995,0.6481481481481481,False,True
3.0,bin,13,0.2550499439239502,0.20709991455078125,0.30299997329711914,427929,CCNc1nc(NCc2ccccc2Cl)c2cnn(C)c2n1,3.060600000000001,CC(C)Cc1nc(NCc2ccccc2F)c2cnn(C)c2n1,True,3.3130000000000015,0.2524000000000006,0.5084745762711864,False,True
3.0,bin,13,0.2550499439239502,0.20709991455078125,0.30299997329711914,447130,CCC(NC(=O)C1CCN(C(=O)C2CC2)CC1)c1ccc(C)cc1,3.2109200000000016,CC(C)=CC1C(F)=CC=C1CNC(=O)C1CCN(C2CC2)CC1,True,3.352800000000002,0.14188000000000045,0.2463768115942029,False,True
3.0,bin,13,0.2550499439239502,0.20709991455078125,0.30299997329711914,481908,CCNS(=O)(=O)c1ccc(C)c(C(=O)Nc2ncccc2C)c1,2.24894,CCOc1ccccc1C(=O)Nc1ncccc1C,True,3.0410200000000014,0.7920800000000012,0.5185185185185185,False,False
3.0,bin,13,0.2550499439239502,0.20709991455078125,0.30299997329711914,485220,Cc1nn(CC(=O)N2CCN(C)CC2)c(C)c1Br,1.03644,Cc1nn(CC(=O)N2CCN(C)C(C)C2)c(C)c1Br,True,1.42494,0.38850000000000007,0.6818181818181818,False,True
3.0,bin,13,0.2550499439239502,0.20709991455078125,0.30299997329711914,526363,Cc1nnc(SCC(=O)Nc2ccc(O)cc2)n(N)c1=O,0.09692,Cc1nnc(SCC(=O)Nc2ccc(C#N)cc2)n(N)c1=O,True,0.263,0.16608,0.76,False,False
3.0,bin,13,0.2550499439239502,0.20709991455078125,0.30299997329711914,536853,COc1ccc(C2CCCN2C(=O)C2CCC2)c(OC)c1,3.1674000000000015,O=C(C1CCC1)N1CCCC1c1c(F)cccc1F,True,3.4284000000000026,0.261000000000001,0.5,False,True
3.0,bin,13,0.2550499439239502,0.20709991455078125,0.30299997329711914,540312,Cc1nn(C)c2nc(C3CC3)cc(C(=O)NCC(=O)NC(C)(C)C)c12,1.7986199999999997,C=CCNC(=O)c1cc(C2CC2)nc2c1c(C)nn2C,True,2.0699199999999998,0.2713000000000001,0.6724137931034483,False,False
3.0,bin,13,0.2550499439239502,0.20709991455078125,0.30299997329711914,544381,Cc1nc(N2CCCC(C(=O)NC(C)C)C2)c2c(C)c(C)oc2n1,2.8890600000000006,Cc1nc(N2CCCC(C(=O)NC(C)C)C2)c2c(C)c(C)oc2n1,True,2.8890600000000006,0.0,1.0,True,False
3.0,bin,13,0.2550499439239502,0.20709991455078125,0.30299997329711914,544382,CCCNC(=O)C1CCCN(c2nc(C)nc3oc(C)c(C)c23)C1,2.8906600000000013,CNC(=O)c1oc2c(c1C)=CC(N1CCCC(C)C1C)N=C(C)N=2,True,1.2262200000000003,-1.664440000000001,0.2289156626506024,False,True
3.0,bin,13,0.2550499439239502,0.20709991455078125,0.30299997329711914,550049,Cc1ccc(C)c(OCC(=O)Nc2cccc(-n3cnnc3)c2)c1,2.9016400000000013,CC(C)c1ccc(OCC(=O)Nc2cccc(-n3cnnc3)c2)cc1,True,3.4082000000000017,0.5065600000000003,0.6140350877192983,False,True
3.0,bin,13,0.2550499439239502,0.20709991455078125,0.30299997329711914,573533,Cc1nn(-c2ncc(C(F)(F)F)cc2Cl)c(=O)o1,2.2011199999999995,CCCc1ncc(C(F)(F)F)cc1NC(=O)OC=O,True,2.7578000000000005,0.556680000000001,0.2698412698412698,False,True
3.0,bin,13,0.2550499439239502,0.20709991455078125,0.30299997329711914,582555,O=C(NCC(O)c1ccccc1)c1ccc2c(=O)n3c(nc2c1)CCC3,1.8061000000000003,Cc1ccccc1C(O)CNC(=O)c1ccc2c(=O)n3c(nc2c1)CCC3,True,2.1145199999999997,0.3084199999999995,0.7704918032786885,False,True
3.0,bin,13,0.2550499439239502,0.20709991455078125,0.30299997329711914,588547,Cc1n[nH]c(C)c1NC(=O)CCc1ccc(Cl)cc1Cl,3.9046400000000023,Cc1n[nH]c(C)c1NC(=O)CC(C)c1ccc(Cl)c(Cl)c1,True,4.465640000000003,0.5610000000000008,0.5178571428571429,False,True
3.0,bin,13,0.2550499439239502,0.20709991455078125,0.30299997329711914,607673,CCCN(CC1CC1)S(=O)(=O)c1ccccc1F,2.636400000000001,C=C(C)CN(CC1CC1)S(=O)(=O)c1ccc(F)cc1F,True,2.941600000000001,0.30520000000000014,0.4807692307692308,False,True
3.0,bin,13,0.2550499439239502,0.20709991455078125,0.30299997329711914,617681,Cc1cc(C(=O)Nc2nc(-c3ccncc3)cs2)nn1C(C)C,3.5432200000000016,CCCCn1nc(C(=O)Nc2nc(-c3ccncc3)cs2)cc1C,True,3.7624200000000023,0.21920000000000073,0.6551724137931034,False,True
3.0,bin,13,0.2550499439239502,0.20709991455078125,0.30299997329711914,650267,COc1ccc2oc(C(=O)NC3CCCCNC3=O)c(C)c2c1,2.14832,Cc1ccc2oc(C(=O)NC3CCCCNC3=O)c(C)c2c1,True,2.4481400000000004,0.2998200000000004,0.7818181818181819,False,True
3.0,bin,13,0.2550499439239502,0.20709991455078125,0.30299997329711914,668639,Cc1cc(NC(=O)c2ccccc2Cl)ncc1N,2.8779200000000005,Cc1ccnc(NC(=O)C2=CC=CCCC2)c1,True,2.995020000000001,0.11710000000000065,0.2786885245901639,False,True
3.0,bin,13,0.2550499439239502,0.20709991455078125,0.30299997329711914,673160,CCC(=O)Nc1ccc2oc(C(F)(F)F)cc(=O)c2c1,3.160300000000001,O=c1cc(C(F)(F)F)oc2cc(Cl)c(O)cc12,True,3.1708,0.010499999999998622,0.44,False,True
3.0,bin,13,0.2550499439239502,0.20709991455078125,0.30299997329711914,711169,Cc1cccc(C(C)C)c1NC(=O)N(C)Cc1ccncc1,4.177320000000003,Cc1cccc(C(F)(F)F)c1NC(=O)N(C)Cc1ccncc1,True,4.072720000000002,-0.10460000000000047,0.6666666666666666,False,True
3.0,bin,13,0.2550499439239502,0.20709991455078125,0.30299997329711914,720969,Cc1noc(C)c1CCC(=O)OCC(=O)N1c2ccccc2CC1C,2.7450400000000013,CC1CN(C(=O)COC(=O)CCc2cnoc2)Cc2c(F)cccc21,True,2.4354000000000005,-0.3096400000000008,0.3132530120481928,False,True
3.0,bin,13,0.2550499439239502,0.20709991455078125,0.30299997329711914,730789,COC(=O)C1CCN(C(=O)c2cc3ccc(F)cc3nc2C)CC1,2.7075200000000006,Cc1nc2ccc(F)cc2cc1C(=O)N1CCCCC1,True,3.3084200000000017,0.6009000000000011,0.5555555555555556,False,False
3.0,bin,13,0.2550499439239502,0.20709991455078125,0.30299997329711914,738178,Cc1ccc(-n2ccnc2SCc2nc(C3CC3)no2)cc1C,4.041840000000003,Clc1ccccc1-n1ccnc1SCc1nc(C2CC2)no1,True,4.078400000000002,0.036559999999998816,0.6206896551724138,False,True
3.0,bin,13,0.2550499439239502,0.20709991455078125,0.30299997329711914,771897,COc1ccccc1OCC(=O)N(C)Cc1sccc1C,3.102520000000002,CCc1ccccc1OCC(=O)N(C)Cc1sccc1C#N,True,3.2195800000000023,0.11706000000000039,0.5535714285714286,False,True
3.0,bin,13,0.2550499439239502,0.20709991455078125,0.30299997329711914,811446,COC(=O)C1(NC(=O)c2cc(Br)c[nH]2)CCCCCC1,2.7730000000000006,C=C1CCCCC(C)N1C(=O)C1(OC)C=C(OC)N1C,True,2.0671,-0.7059000000000006,0.15714285714285714,False,True
3.0,bin,13,0.2550499439239502,0.20709991455078125,0.30299997329711914,848291,CCC(C)NC(=O)NCc1noc(-c2cccs2)n1,2.3958000000000004,O=C(NCc1noc(-c2cccs2)n1)OCC(F)(F)F,True,2.5866000000000007,0.1908000000000003,0.559322033898305,False,False
3.0,bin,13,0.2550499439239502,0.20709991455078125,0.30299997329711914,863440,COc1ccc(-c2nc(CCCO)cs2)cc1OC,2.752200000000001,COc1ccc(-c2nc(CNS(=O)(=O)C(C)C)cs2)cc1,True,2.6465000000000014,-0.10569999999999968,0.3620689655172414,False,True
3.0,bin,13,0.2550499439239502,0.20709991455078125,0.30299997329711914,864663,N#Cc1ccc(-c2cc(F)ccc2F)nc1N1CCCC1,3.498680000000002,CCc1ccc(-c2ccc(C#N)c(N3CCCC3)n2)cc1,True,3.782880000000003,0.2842000000000011,0.5098039215686274,False,True
3.0,bin,13,0.2550499439239502,0.20709991455078125,0.30299997329711914,872100,CCc1cccc(C)c1NCC(O)c1ccc2c(c1)OCCO2,3.474120000000002,CCOc1cc2ccc1OC(C=CC=COCC(C)C)NCC2O,True,3.169300000000001,-0.30482000000000076,0.1728395061728395,False,True
3.0,bin,13,0.2550499439239502,0.20709991455078125,0.30299997329711914,886334,COc1ccc(C(=O)N2CCCC(C(=O)N3CCCCC3)C2)c(O)c1,2.2655000000000003,Cc1ccc(C(=O)N2CCCC(C(=O)N3CCCCC3)C2)c(O)c1,True,2.5653200000000007,0.2998200000000004,0.7291666666666666,False,False
3.0,bin,13,0.2550499439239502,0.20709991455078125,0.30299997329711914,887387,COCCNC(=O)N(Cc1cccc(F)c1)CC1CCCO1,2.1627,C=CCNC(=O)N(Cc1ccc(OC)cc1)CC1CCCO1,True,2.5718000000000005,0.40910000000000046,0.5074626865671642,False,True
3.0,bin,13,0.2550499439239502,0.20709991455078125,0.30299997329711914,889149,N#Cc1ccc(NC(=O)c2ccc(Br)cc2Cl)nc1,3.621480000000001,N#Cc1ccc(NC(=O)c2cc(Cl)cc(C(F)(F)F)c2)nc1,True,3.8777800000000013,0.2563000000000004,0.5178571428571429,False,True
3.0,bin,13,0.2550499439239502,0.20709991455078125,0.30299997329711914,913483,O=C(CNC(=O)NCCc1c(Cl)cccc1Cl)NC1CC1,2.1137000000000006,CCC(CNC(=O)NCC(=O)NC1CC1)c1c(C)cccc1C,True,2.37484,0.26113999999999926,0.48148148148148145,False,True
3.0,bin,13,0.2550499439239502,0.20709991455078125,0.30299997329711914,917620,C=CCN(Cc1ccccc1OC)C(=O)c1csc(C)n1,3.288520000000002,C=CCN(Cc1ccccc1F)C(=O)c1csc(C)n1,True,3.4190200000000024,0.1305000000000005,0.7307692307692307,False,True
3.0,bin,13,0.2550499439239502,0.20709991455078125,0.30299997329711914,918312,CCOc1ccc(Cl)c(C(=O)N2CCN(c3ncccn3)CC2)n1,1.8860999999999997,CC(C)c1ccc(C(=O)N2CCN(c3ncccn3)CC2)nc1,True,1.9574,0.07130000000000036,0.43103448275862066,False,True
3.0,bin,13,0.2550499439239502,0.20709991455078125,0.30299997329711914,922879,CC(=O)c1ccc(N2CCN(Cc3c(F)cccc3F)CC2)cc1,3.489600000000003,Fc1ccc(CN2CCN(c3ccc(F)c(Cl)c3)CC2)cc1,True,3.940400000000003,0.4508000000000001,0.36538461538461536,False,True
3.0,bin,13,0.2550499439239502,0.20709991455078125,0.30299997329711914,927535,COc1cc(CN2CCN(c3ccccc3F)CC2)ccc1O,2.862100000000002,Fc1ccc(CN2CCN(c3ccccc3)CC2)cc1,True,3.1479000000000017,0.2857999999999996,0.39215686274509803,False,False
3.0,bin,13,0.2550499439239502,0.20709991455078125,0.30299997329711914,927567,Cc1ccccc1N1CCN(Cc2cccc(O)c2)CC1,3.022820000000001,Fc1ccc(CN2CCN(c3ccccc3F)CC2)cc1,True,3.2870000000000026,0.2641800000000014,0.425531914893617,False,True
3.0,bin,13,0.2550499439239502,0.20709991455078125,0.30299997329711914,938108,CC(c1ccccc1)N(C)C(=O)CCC(=O)Nc1nccs1,3.0814000000000012,C=CCN(Cc1ccc(C)cc1)C(=O)CCC(=O)Nc1nccs1,True,3.3850200000000017,0.30362000000000045,0.47619047619047616,False,True
3.0,bin,13,0.2550499439239502,0.20709991455078125,0.30299997329711914,943303,CN(CCCOc1ccccc1)C(=O)Nc1cccc2c1OCCO2,3.390600000000002,COc1ccccc1NC(=O)NC1CC(C)OCCO1,True,1.9681999999999997,-1.422400000000002,0.23943661971830985,False,True
3.0,bin,13,0.2550499439239502,0.20709991455078125,0.30299997329711914,946289,CC(NC(=O)C1(c2cc(-c3ccco3)on2)CC1)c1ccccc1,3.843600000000002,C=C(NC(=O)C(CC)Cc1occc1CC)c1ccccc1,True,4.1978000000000035,0.3542000000000014,0.20270270270270271,False,True
3.0,bin,13,0.2550499439239502,0.20709991455078125,0.30299997329711914,994077,Cc1nnc(Cn2c(-c3cccc(Br)c3)noc2=O)o1,2.0055199999999997,CCCC=NN=C(CN1CON=C1c1ccccc1F)OO,True,2.4509999999999996,0.4454799999999999,0.11904761904761904,False,True
3.0,bin,13,0.2550499439239502,0.20709991455078125,0.30299997329711914,1065620,O=C(NCc1cccnc1Oc1ccccc1)c1cccnc1,3.198900000000002,C=CC=CC=COc1ncccc1CN1CCOC1,True,2.5060000000000002,-0.6929000000000016,0.22857142857142856,False,True
3.0,bin,13,0.2550499439239502,0.20709991455078125,0.30299997329711914,1093926,CN(C(=O)CNc1cccc(OCC2CCCO2)c1)c1ccccc1,3.319300000000002,Cc1ccc(NC(=O)CNc2cccc(OCC3CCCO3)c2)cc1,True,3.6034200000000025,0.2841200000000006,0.6349206349206349,False,True
3.0,bin,13,0.2550499439239502,0.20709991455078125,0.30299997329711914,1107920,CCc1ccc(-n2cc(C(=O)NC(C)c3ccccc3)nn2)cc1,3.320700000000002,COc1ccc(C(C)NC(=O)c2cn(-c3ccc(Cl)cc3)nn2)cc1,True,3.420300000000001,0.0995999999999988,0.5789473684210527,False,True
3.0,bin,13,0.2550499439239502,0.20709991455078125,0.30299997329711914,1113130,CC(NC(=O)Cn1nnnc1C(C)(C)C)c1cccc2ccccc12,3.0012000000000016,CC(C=Cc1ccccc1)NC(=O)Cn1nnnc1C(C)(C)C(C)C,True,2.8248000000000006,-0.176400000000001,0.49206349206349204,False,True
3.0,bin,13,0.2550499439239502,0.20709991455078125,0.30299997329711914,1121751,COC(=O)Cn1ccc(NS(=O)(=O)c2ccc(F)c(F)c2F)n1,1.2742,CCOC(=O)Cn1ccc(NS(=O)(=O)c2ccc(C)cc2)n1,True,1.55542,0.28122,0.5087719298245614,False,True
3.0,bin,13,0.2550499439239502,0.20709991455078125,0.30299997329711914,1142531,CCOC(C)C(=O)NCCc1csc(-c2ccc(C)cc2)n1,3.2022200000000014,CC(C)CNC(=O)NCCc1csc(-c2ccccc2)n1,True,3.307800000000002,0.10558000000000067,0.5263157894736842,False,True
3.0,bin,13,0.2550499439239502,0.20709991455078125,0.30299997329711914,1212157,CN(Cc1ccc(F)c(F)c1)C(=O)c1cncc(-c2cnn(C)c2)c1,3.0325000000000015,C=CCN(Cc1ccccc1)C(=O)c1cncc(-c2cnn(C)c2)c1,True,3.310500000000002,0.27800000000000047,0.5555555555555556,False,True
3.0,bin,13,0.2550499439239502,0.20709991455078125,0.30299997329711914,1215394,CCn1nc(C)cc1C(=O)Oc1cccc(NC(=O)C(C)C)c1,3.025120000000001,CCn1nc(C)cc1C(=O)Oc1c(Cl)cccc1OC,True,3.092620000000001,0.0674999999999999,0.5166666666666667,False,True
3.0,bin,13,0.2550499439239502,0.20709991455078125,0.30299997329711914,1232922,CC(C)(C)OC(=O)NC1CCCN(S(=O)(=O)N2CCOCC2)C1,0.5525000000000011,CCC(CC)C(=O)NC1CCCN(S(=O)(=O)N2CCOCC2)C1,True,0.5802000000000014,0.02770000000000028,0.6153846153846154,False,True
3.0,bin,13,0.2550499439239502,0.20709991455078125,0.30299997329711914,1238973,FC(F)(F)c1cnc(N2CCn3c(nnc3C3CC3)C2)c(Cl)c1,3.2429000000000023,FC(F)(F)C1=C(Cl)C=NC2NC(Cn3cnnc3C3CC3)C2=C1,True,2.519400000000001,-0.7235000000000014,0.23684210526315788,False,True
3.0,bin,13,0.2550499439239502,0.20709991455078125,0.30299997329711914,1299495,Cc1cc(CC(=O)N2CCCC2C(C#N)c2ccccc2)no1,2.823900000000001,CCc1cc(CC(=O)N2CCCC2C(O)c2ccccc2)no1,True,2.504100000000001,-0.31979999999999986,0.5873015873015873,False,True
3.0,bin,13,0.2550499439239502,0.20709991455078125,0.30299997329711914,1309906,CC(C)CC(NC(=O)c1cc(=O)c2ccccc2o1)C(=O)OC(C)C,2.8891000000000018,CC(C)CCC(C)NC(=O)c1cc(=O)c2ccccc2o1,True,3.347500000000002,0.45840000000000014,0.6153846153846154,False,False
3.0,bin,13,0.2550499439239502,0.20709991455078125,0.30299997329711914,1362816,COCc1cccc(C(=O)NC2CC2c2cccc(Cl)c2)c1,3.772300000000002,Cc1ccc(C(=O)NC2CC2c2cccc(Br)c2)cc1,True,4.043420000000003,0.2711200000000007,0.46551724137931033,False,True
3.0,bin,13,0.2550499439239502,0.20709991455078125,0.30299997329711914,1441838,COCC(=O)NC(C(=O)Nc1cccc(-c2nccs2)c1)C(C)C,2.5358,CCN(CC)S(=O)(=O)Nc1cccc(-c2nccs2)c1,True,2.808600000000001,0.27280000000000104,0.4375,False,True
3.0,bin,13,0.2550499439239502,0.20709991455078125,0.30299997329711914,1450449,CCCNC(=O)CSc1nc2c(cc1C#N)CCCC2,2.450380000000001,C=CCNC(=O)C(C)Sc1nc2c(cc1C#N)CCCC2,True,2.6148800000000003,0.16449999999999942,0.5238095238095238,False,False
3.0,bin,13,0.2550499439239502,0.20709991455078125,0.30299997329711914,1451910,O=S(=O)(NCc1nnc2ccccn12)c1ccc(F)c(F)c1,1.4859999999999995,CCOc1c(F)cccc1S(=O)(=O)NCc1nnc2ccccn12,True,1.7456,0.2596000000000005,0.5689655172413793,False,True
3.0,bin,13,0.2550499439239502,0.20709991455078125,0.30299997329711914,1479798,Cc1nc(C)c(CCC(=O)N(CC(C)C)CC(F)(F)F)c(=O)[nH]1,2.3662400000000003,Cc1nc(C)c(CCC(=O)N(CC(C)C)CC(F)(F)F)c(=O)[nH]1,True,2.3662400000000003,0.0,1.0,True,False
3.0,bin,13,0.2550499439239502,0.20709991455078125,0.30299997329711914,1507926,COC(=O)C(C)NC(=O)Cc1csc(-c2ccccc2Cl)n1,2.6837,CCOC(=O)CN(C)C(=O)Cc1csc(-c2ccccc2Cl)n1,True,3.0275000000000016,0.34380000000000166,0.5423728813559322,False,True
3.0,bin,13,0.2550499439239502,0.20709991455078125,0.30299997329711914,1527882,Nc1ncccc1C(=O)Nc1ccc2cn[nH]c2c1,1.7923999999999998,CC(=O)Nc1ccc(C(=O)Nc2ccc3cn[nH]c3c2)cn1,True,2.1685999999999996,0.37619999999999987,0.5178571428571429,False,True
3.0,bin,13,0.2550499439239502,0.20709991455078125,0.30299997329711914,1532848,COc1ccc(-c2ccc3c(=O)[nH]cnc3c2)cc1Cl,3.2521000000000013,O=c1[nH]cnc2cc(-c3ccc(F)cc3Br)ccc12,True,3.4917000000000016,0.23960000000000026,0.46153846153846156,False,True
3.0,bin,13,0.2550499439239502,0.20709991455078125,0.30299997329711914,1548351,COc1cc(OC)c2c(c1)C(c1cnccn1)NCC2,1.7288999999999999,Fc1cc(F)c2c(c1)C(c1cnccn1)NCC2,True,1.9898999999999996,0.2609999999999997,0.5714285714285714,False,True
3.0,bin,13,0.2550499439239502,0.20709991455078125,0.30299997329711914,1570134,COc1cccc(C(C)N2CCN(C(=O)c3ccc(O)cc3)CC2)c1,2.9198000000000013,COc1ccc(C(C)N2CCN(C(=O)c3ccccc3)CC2)c(OC)c1,True,3.222800000000002,0.3030000000000008,0.5636363636363636,False,True
3.0,bin,13,0.2550499439239502,0.20709991455078125,0.30299997329711914,1611406,CC(C)(C)N1CC(NC(=O)C2COc3ccc(F)cc3C2)CC1=O,1.8923999999999994,CCC(CC)N1CC(NC(=O)C2COc3ccccc3C2)CC1=O,True,2.1433999999999997,0.25100000000000033,0.5,False,True
3.0,bin,13,0.2550499439239502,0.20709991455078125,0.30299997329711914,1612684,CCCC1CN(C(=O)Nc2ccn(CCC(C)C)n2)CCO1,2.9620000000000015,CCCC1CN(C(=O)Nc2cc(C)n(CC(C)C)n2)CCO1,True,2.880320000000001,-0.08168000000000042,0.6190476190476191,False,True
3.0,bin,13,0.2550499439239502,0.20709991455078125,0.30299997329711914,1639675,CCC(CC)c1nnc(NC(=O)c2scnc2C2CC2)s1,4.0279000000000025,CCc1ncsc1C(=O)Nc1nnc(C(CC)(CC)CC)s1,True,4.2771000000000035,0.24920000000000098,0.4482758620689655,False,True
3.0,bin,13,0.2550499439239502,0.20709991455078125,0.30299997329711914,1675660,COc1ccnc(NC(=O)c2cccc(Cl)c2)c1,2.9959000000000007,O=C(CC(F)=CC=CF)Nc1cc(Cl)ccn1,True,3.4002000000000017,0.404300000000001,0.3508771929824561,False,True
3.0,bin,13,0.2550499439239502,0.20709991455078125,0.30299997329711914,1689728,CCc1noc(CSc2ncnc3sc(C)cc23)n1,3.237420000000002,Cc1cc2c(SC(C)C3CCC=NO3)ncnc2s1,True,3.645120000000002,0.4077000000000002,0.3968253968253968,False,True
3.0,bin,13,0.2550499439239502,0.20709991455078125,0.30299997329711914,1720876,CC(C)(C)CC(=O)NCC(=O)Nc1ccc2c(c1)COC2,2.2077,CC(C)(C)C(C#N)NC(=O)Nc1ccc2c(c1)COC2,True,2.776580000000001,0.5688800000000009,0.48148148148148145,False,True
3.0,bin,13,0.2550499439239502,0.20709991455078125,0.30299997329711914,1757109,CC(C)Cc1ncc(CNc2ccc3c(c2)COC3)s1,3.983900000000003,FC(F)(F)CCC=NC=C(S)CNc1ccc2c(c1)COC2,True,4.313200000000003,0.3292999999999999,0.3384615384615385,False,True
3.0,bin,13,0.2550499439239502,0.20709991455078125,0.30299997329711914,1774061,O=C1NCCCc2[nH]c(-c3cccc4[nH]ccc34)nc21,2.234,CC1CCN2CNC(c3ccc(N)c(F)c3)=NC2C1=O,True,0.9521999999999999,-1.2818,0.11392405063291139,False,True
3.0,bin,13,0.2550499439239502,0.20709991455078125,0.30299997329711914,1800687,Cc1nn(C)c(-c2nc(-c3cccnn3)no2)c1Cl,1.8889199999999997,CC(C)c1nn(C)c(-c2nc(-c3cccnn3)no2)c1F,True,2.1896000000000004,0.3006800000000007,0.6037735849056604,False,True
3.0,bin,13,0.2550499439239502,0.20709991455078125,0.30299997329711914,1815867,FC(F)(F)c1ccc(CN2CCOCC2c2ncon2)cc1,2.661900000000001,Clc1cc(Cl)cc(CN2CCOCC2c2ncon2)c1,True,2.9499000000000013,0.28800000000000026,0.6666666666666666,False,True
3.0,bin,13,0.2550499439239502,0.20709991455078125,0.30299997329711914,1828580,Cc1ccc(N2CC3OCC(=O)N(Cc4cccc(F)c4)C3C2)nn1,1.54032,CCc1ccc(CN2CCOCC(=O)N(c3ccc(C)nn3)CC2)cc1,True,2.21282,0.6724999999999999,0.32,False,True
3.0,bin,13,0.2550499439239502,0.20709991455078125,0.30299997329711914,1836183,CCc1ccc(C(=O)NCc2nccc(N(C)C)n2)cc1,2.035,CCN(CC)c1ccc(C(=O)NCc2nccc(OC)n2)cc1,True,2.2614,0.22639999999999993,0.509090909090909,False,True
3.0,bin,13,0.2550499439239502,0.20709991455078125,0.30299997329711914,1842499,COc1ccccc1COc1ccccc1-c1cnn(CCO)c1,3.1300000000000017,Cc1cccc(COc2ccccc2-c2cnn(C)c2)c1O,True,3.6801200000000027,0.550120000000001,0.5454545454545454,False,True
3.0,bin,13,0.2550499439239502,0.20709991455078125,0.30299997329711914,1865564,COC(CNC(=O)c1ccoc1)c1cccc(F)c1,2.536200000000001,C=CCOc1ccccc1CCNC(=O)c1ccoc1,True,2.8169000000000004,0.2806999999999995,0.35384615384615387,False,True
3.0,bin,13,0.2550499439239502,0.20709991455078125,0.30299997329711914,1868773,CCCOc1ccc(Cl)c2c1CCNC2C1CC(=O)C1,3.2947000000000015,Cc1cc(Cl)c2c(c1Cl)CCNC21CCC(=O)C1,True,3.3958200000000023,0.10112000000000076,0.22388059701492538,False,True
3.0,bin,13,0.2550499439239502,0.20709991455078125,0.30299997329711914,1873123,CCC1OC(=O)c2c(OC)ccc(Br)c21,3.079200000000002,CCCC1OC(=O)c2cccc(Br)c21,True,3.4607000000000028,0.38150000000000084,0.4222222222222222,False,True
3.0,bin,13,0.2550499439239502,0.20709991455078125,0.30299997329711914,1875028,Cc1cccc(C)c1NCC(=O)N1CCCC2CCCCC21,3.8965400000000034,O=C(CNc1cccc(C(F)(F)F)c1)N1CCC2CCCCC21,True,3.908400000000003,0.011859999999999538,0.5370370370370371,False,True
3.0,bin,13,0.2550499439239502,0.20709991455078125,0.30299997329711914,1895921,CCC(CC)N(C)C(=O)CC1OC(=O)c2ccccc21,2.935200000000002,CCCCCCNC(=O)CC1OC(=O)c2ccccc21,True,2.984700000000002,0.0495000000000001,0.5,False,False
3.0,bin,13,0.2550499439239502,0.20709991455078125,0.30299997329711914,1907077,Cc1ccc2[nH]nc(C(=O)Nc3nc(-c4ccco4)cs3)c2c1,3.8401200000000015,O=C(Nc1nc(-c2ccc(Cl)o2)cs1)c1n[nH]c2ccccc12,True,4.185100000000002,0.3449800000000005,0.546875,False,True
3.0,bin,13,0.2550499439239502,0.20709991455078125,0.30299997329711914,1913063,Cc1nn(C)c(C)c1CN(C(=O)c1cn2cccc(C)c2n1)C1CC1,2.797860000000001,CC1=NNCC2C=C1CN2C(=O)C=Cn1ccccc1=N,True,0.5545699999999998,-2.243290000000001,0.1724137931034483,False,True
3.0,bin,13,0.2550499439239502,0.20709991455078125,0.30299997329711914,1922265,CN(CCNC(=O)c1ccc2c(c1)ncn2C)c1ccccc1,2.4395000000000007,COc1cc(C)ccc1NCCNC(=O)c1ccc2c(c1)ncn2C,True,2.7322200000000008,0.2927200000000001,0.5238095238095238,False,True
3.0,bin,14,0.34654998779296875,0.30299997329711914,0.39010000228881836,32052,COc1ccccc1CNC(=O)Cc1c[nH]c2ccccc12,3.035400000000001,COc1ccc(C)cc1CNC(=O)Cc1c[nH]c2ccccc12,True,3.343820000000001,0.3084199999999999,0.7708333333333334,False,True
3.0,bin,14,0.34654998779296875,0.30299997329711914,0.39010000228881836,116747,COCCSc1ccccc1C(=O)Nc1cccc(C)n1,3.3808200000000017,CSc1ccccc1C(=O)Nc1cc(C)cc(C)n1,True,3.6726400000000012,0.2918199999999995,0.5192307692307693,False,True
3.0,bin,14,0.34654998779296875,0.30299997329711914,0.39010000228881836,131060,CS(=O)(=O)NCCc1csc(-c2ccc(F)cc2)n1,2.0408999999999997,CCS(=O)(=O)NCCc1csc(-c2ccc(C)cc2)n1,True,2.600320000000001,0.5594200000000011,0.6304347826086957,False,False
3.0,bin,14,0.34654998779296875,0.30299997329711914,0.39010000228881836,131949,CCc1c(C)nc(SCC(=O)NC(C)C)[nH]c1=O,1.25742,CCc1nc(SCC(=O)N(C)C)[nH]c(=O)c1CC,True,1.0749999999999997,-0.18242000000000025,0.47058823529411764,False,True
3.0,bin,14,0.34654998779296875,0.30299997329711914,0.39010000228881836,158879,COc1ccc(CC(=O)OCC(=O)c2c[nH]c3ccccc23)cc1,3.145100000000001,COC(C(=O)OCC(=O)c1c[nH]c2ccccc12)c1ccccc1C,True,3.589920000000002,0.4448200000000009,0.5263157894736842,False,True
3.0,bin,14,0.34654998779296875,0.30299997329711914,0.39010000228881836,232056,COCCNC(=O)c1cc(=O)c2cc(C)ccc2o1,1.4776199999999993,COCCNC(=O)c1cc(=O)c2cc(Cl)ccc2o1,True,1.8225999999999996,0.3449800000000003,0.7608695652173914,False,True
3.0,bin,14,0.34654998779296875,0.30299997329711914,0.39010000228881836,235788,O=C(Cn1nc(-c2ccco2)oc1=O)NCC(F)(F)F,0.7747999999999999,CC(C)N(C(=O)Cn1nc(-c2ccco2)oc1=O)C(C)C#N,True,1.2453799999999997,0.4705799999999998,0.5081967213114754,False,True
3.0,bin,14,0.34654998779296875,0.30299997329711914,0.39010000228881836,236081,CC(=O)c1c(C)[nH]c(C(=O)CSc2nc(C(C)C)n[nH]2)c1C,3.0506400000000014,CC(=O)c1c(C)[nH]c(C(=O)C(C)Sc2nc(C(C)C)n[nH]2)c1C,True,3.439140000000002,0.3885000000000005,0.6666666666666666,False,False
3.0,bin,14,0.34654998779296875,0.30299997329711914,0.39010000228881836,281081,O=C(Cn1cccn1)NCc1cccnc1Oc1ccc(F)cc1F,2.665000000000001,Cc1cnn(CC(=O)NCc2cccnc2Oc2ccccc2)c1C,True,3.0036400000000008,0.33863999999999983,0.463768115942029,False,True
3.0,bin,14,0.34654998779296875,0.30299997329711914,0.39010000228881836,284170,COc1ccc(-c2nc(CC(=O)Nc3cccc(C)n3)cs2)cc1,3.7033200000000024,O=C(Cc1csc(-c2cccc(Cl)c2)n1)Nc1ccccn1,True,4.039700000000002,0.33637999999999924,0.5,False,True
3.0,bin,14,0.34654998779296875,0.30299997329711914,0.39010000228881836,288369,Cc1ccc(NCc2nnc3n2CCCCC3)cc1C,3.2334400000000016,Fc1cccc(Cl)c1NCc1nnc2n1CCCCC2,True,3.4091000000000014,0.1756599999999997,0.509090909090909,False,True
3.0,bin,14,0.34654998779296875,0.30299997329711914,0.39010000228881836,302889,COc1ccc(OC)c(NC(=O)CCNC(=O)c2cccs2)c1,2.5239000000000003,CCOc1ccc(NC(=O)CCNC(=O)c2cccs2)cc1,True,2.905400000000001,0.38150000000000084,0.5892857142857143,False,False
3.0,bin,14,0.34654998779296875,0.30299997329711914,0.39010000228881836,327141,COc1ccc(OC)c(S(=O)(=O)Nc2ccn(C)n2)c1,1.2381,CCOc1ccc(S(=O)(=O)Nc2ccn(C)n2)cc1,True,1.6196,0.38149999999999995,0.52,False,False
3.0,bin,14,0.34654998779296875,0.30299997329711914,0.39010000228881836,327382,CNC(=O)C1CN(C(=O)c2c(C)noc2C)c2ccccc2O1,1.4452399999999996,COC(=O)C1CN(C(=O)c2cnoc2C)c2ccccc2O1,True,1.5638199999999998,0.11858000000000013,0.5081967213114754,False,True
3.0,bin,14,0.34654998779296875,0.30299997329711914,0.39010000228881836,406491,COCCNC(=O)C1CCCN(S(=O)(=O)N2CCOCC2)C1,-0.9619999999999964,COCCNC(=O)C1CCN(S(=O)(=O)N2CCOCC2)C(C)C1,True,-0.5734999999999966,0.38849999999999985,0.6363636363636364,False,True
3.0,bin,14,0.34654998779296875,0.30299997329711914,0.39010000228881836,413951,O=C(Cn1ncn2cccc2c1=O)N1CCCCCC1,0.8985999999999996,Cc1nn(CC(=O)N2CCCCCC2)c(=O)c2cccn12,True,1.20702,0.30842000000000036,0.6,False,False
3.0,bin,14,0.34654998779296875,0.30299997329711914,0.39010000228881836,427929,CCNc1nc(NCc2ccccc2Cl)c2cnn(C)c2n1,3.060600000000001,CCNc1nc(NC(C)c2ccc(Cl)cc2)c2cnn(C)c2n1,True,3.6216000000000017,0.5610000000000008,0.5614035087719298,False,True
3.0,bin,14,0.34654998779296875,0.30299997329711914,0.39010000228881836,447130,CCC(NC(=O)C1CCN(C(=O)C2CC2)CC1)c1ccc(C)cc1,3.2109200000000016,CC(C)(C)C(NC(=O)C1CCN(C(=O)C2CC2)CC1)c1ccccc1,True,3.5386000000000024,0.32768000000000086,0.5283018867924528,False,True
3.0,bin,14,0.34654998779296875,0.30299997329711914,0.39010000228881836,481908,CCNS(=O)(=O)c1ccc(C)c(C(=O)Nc2ncccc2C)c1,2.24894,CC(=O)Nc1cc(C(=O)Nc2ncccc2C)ccc1C,True,2.9091400000000016,0.6602000000000015,0.4642857142857143,False,True
3.0,bin,14,0.34654998779296875,0.30299997329711914,0.39010000228881836,485220,Cc1nn(CC(=O)N2CCN(C)CC2)c(C)c1Br,1.03644,Cc1nn(CC(=O)N2CCN(C)C(C)C2)c(C)c1Br,True,1.42494,0.38850000000000007,0.6818181818181818,False,True
3.0,bin,14,0.34654998779296875,0.30299997329711914,0.39010000228881836,526363,Cc1nnc(SCC(=O)Nc2ccc(O)cc2)n(N)c1=O,0.09692,COc1ccccc1NC(=O)CSc1nnc(C)c(=O)n1N,True,0.39991999999999994,0.30299999999999994,0.6181818181818182,False,False
3.0,bin,14,0.34654998779296875,0.30299997329711914,0.39010000228881836,536853,COc1ccc(C2CCCN2C(=O)C2CCC2)c(OC)c1,3.1674000000000015,COc1ccc(C2CCCN2C(=O)C2CCC2C)cc1OC,True,3.413400000000002,0.24600000000000044,0.45614035087719296,False,True
3.0,bin,14,0.34654998779296875,0.30299997329711914,0.39010000228881836,540312,Cc1nn(C)c2nc(C3CC3)cc(C(=O)NCC(=O)NC(C)(C)C)c12,1.7986199999999997,COCCCN(C)C(=O)c1cc(C2CC2)nc2c1c(C)nn2C,True,2.26262,0.4640000000000004,0.5303030303030303,False,True
3.0,bin,14,0.34654998779296875,0.30299997329711914,0.39010000228881836,544381,Cc1nc(N2CCCC(C(=O)NC(C)C)C2)c2c(C)c(C)oc2n1,2.8890600000000006,Cc1nc(N2CCC(OC(F)(F)F)CC2)c2c(C)c(C)oc2n1,True,3.653260000000002,0.7642000000000015,0.45901639344262296,False,True
3.0,bin,14,0.34654998779296875,0.30299997329711914,0.39010000228881836,544382,CCCNC(=O)C1CCCN(c2nc(C)nc3oc(C)c(C)c23)C1,2.8906600000000013,CCCc1nc(N2CCC(C(=O)N(C)C)CC2)c2c(C)c(C)oc2n1,True,3.0967400000000014,0.20608000000000004,0.45588235294117646,False,True
3.0,bin,14,0.34654998779296875,0.30299997329711914,0.39010000228881836,550049,Cc1ccc(C)c(OCC(=O)Nc2cccc(-n3cnnc3)c2)c1,2.9016400000000013,O=C(COc1ccc(F)cc1Br)Nc1cccc(-n2cnnc2)c1,True,3.186400000000001,0.28475999999999946,0.6206896551724138,False,True
3.0,bin,14,0.34654998779296875,0.30299997329711914,0.39010000228881836,573533,Cc1nn(-c2ncc(C(F)(F)F)cc2Cl)c(=O)o1,2.2011199999999995,CC=NN(C(=O)O)c1ncc(C(F)(F)F)c(Br)c1C,True,3.6614200000000015,1.460300000000002,0.2,False,True
3.0,bin,14,0.34654998779296875,0.30299997329711914,0.39010000228881836,582555,O=C(NCC(O)c1ccccc1)c1ccc2c(=O)n3c(nc2c1)CCC3,1.8061000000000003,COc1ccccc1CCNC(=O)c1ccc2c(=O)n3c(nc2c1)CCC3,True,2.3238000000000003,0.5177,0.6029411764705882,False,True
3.0,bin,14,0.34654998779296875,0.30299997329711914,0.39010000228881836,588547,Cc1n[nH]c(C)c1NC(=O)CCc1ccc(Cl)cc1Cl,3.9046400000000023,CCC(CC(=O)Nc1c(C)n[nH]c1C)c1ccc(Cl)cc1,True,4.202340000000002,0.29769999999999985,0.5272727272727272,False,True
3.0,bin,14,0.34654998779296875,0.30299997329711914,0.39010000228881836,607673,CCCN(CC1CC1)S(=O)(=O)c1ccccc1F,2.636400000000001,CCCN(CC1CC1)S(=O)(=O)c1ccc(C(C)=O)c(C)c1,True,3.008320000000002,0.37192000000000114,0.4716981132075472,False,True
3.0,bin,14,0.34654998779296875,0.30299997329711914,0.39010000228881836,617681,Cc1cc(C(=O)Nc2nc(-c3ccncc3)cs2)nn1C(C)C,3.5432200000000016,CCC(C)n1nc(C(=O)Nc2nc(-c3ccncc3)cs2)cc1C,True,3.933320000000003,0.3901000000000012,0.8113207547169812,False,True
3.0,bin,14,0.34654998779296875,0.30299997329711914,0.39010000228881836,650267,COc1ccc2oc(C(=O)NC3CCCCNC3=O)c(C)c2c1,2.14832,O=C(NC1CCCCNC1=O)C1=CCCC=CC=CC1,True,1.9939999999999996,-0.15432000000000046,0.4153846153846154,False,True
3.0,bin,14,0.34654998779296875,0.30299997329711914,0.39010000228881836,668639,Cc1cc(NC(=O)c2ccccc2Cl)ncc1N,2.8779200000000005,Cc1nc(NC(=O)c2ccccc2Cl)ccc1N,True,2.8779200000000005,0.0,0.6086956521739131,False,False
3.0,bin,14,0.34654998779296875,0.30299997329711914,0.39010000228881836,673160,CCC(=O)Nc1ccc2oc(C(F)(F)F)cc(=O)c2c1,3.160300000000001,CC(C)C(=O)Nc1ccc2oc(C(F)(F)F)cc(=O)c2c1,True,3.4063000000000017,0.24600000000000044,0.7021276595744681,False,False
3.0,bin,14,0.34654998779296875,0.30299997329711914,0.39010000228881836,711169,Cc1cccc(C(C)C)c1NC(=O)N(C)Cc1ccncc1,4.177320000000003,CCC(CC)c1ccc(NC(=O)N(C)Cc2ccncc2)cc1,True,4.649100000000003,0.47178000000000075,0.5,False,True
3.0,bin,14,0.34654998779296875,0.30299997329711914,0.39010000228881836,720969,Cc1noc(C)c1CCC(=O)OCC(=O)N1c2ccccc2CC1C,2.7450400000000013,Cc1ccc2c(c1)CC(C)N2C(=O)CCC(=O)Nc1c(C)noc1C,True,3.296360000000001,0.5513199999999996,0.4507042253521127,False,True
3.0,bin,14,0.34654998779296875,0.30299997329711914,0.39010000228881836,730789,COC(=O)C1CCN(C(=O)c2cc3ccc(F)cc3nc2C)CC1,2.7075200000000006,CCOC(=O)C1CCN(C(=O)c2cc3ccccc3nc2C)CC1,True,2.958520000000001,0.25100000000000033,0.5964912280701754,False,True
3.0,bin,14,0.34654998779296875,0.30299997329711914,0.39010000228881836,738178,Cc1ccc(-n2ccnc2SCc2nc(C3CC3)no2)cc1C,4.041840000000003,Fc1cc(Cl)ccc1-n1ccnc1SCc1nc(C2CC2)no1,True,4.217500000000002,0.17565999999999882,0.6065573770491803,False,True
3.0,bin,14,0.34654998779296875,0.30299997329711914,0.39010000228881836,771897,COc1ccccc1OCC(=O)N(C)Cc1sccc1C,3.102520000000002,CCN(Cc1cccs1)C(=O)COc1ccccc1F,True,3.314700000000002,0.21218000000000004,0.38333333333333336,False,True
3.0,bin,14,0.34654998779296875,0.30299997329711914,0.39010000228881836,811446,COC(=O)C1(NC(=O)c2cc(Br)c[nH]2)CCCCCC1,2.7730000000000006,COC(=O)C1(NC(=O)c2cc(Br)cn2C)CCCCC1,True,2.3933,-0.3797000000000006,0.5714285714285714,False,False
3.0,bin,14,0.34654998779296875,0.30299997329711914,0.39010000228881836,848291,CCC(C)NC(=O)NCc1noc(-c2cccs2)n1,2.3958000000000004,CCCCN(C)C(=O)NCc1noc(-c2cccs2)n1,True,2.739600000000001,0.34380000000000077,0.5932203389830508,False,False
3.0,bin,14,0.34654998779296875,0.30299997329711914,0.39010000228881836,863440,COc1ccc(-c2nc(CCCO)cs2)cc1OC,2.752200000000001,COc1cc(Cl)ccc1-c1nc(CCCO)cs1,True,3.397000000000002,0.6448000000000009,0.625,False,True
3.0,bin,14,0.34654998779296875,0.30299997329711914,0.39010000228881836,864663,N#Cc1ccc(-c2cc(F)ccc2F)nc1N1CCCC1,3.498680000000002,CC1CCCN1Cc1ccc(C#N)c(-c2cccc(Cl)c2)n1,True,4.257980000000004,0.7593000000000023,0.2608695652173913,False,True
3.0,bin,14,0.34654998779296875,0.30299997329711914,0.39010000228881836,872100,CCc1cccc(C)c1NCC(O)c1ccc2c(c1)OCCO2,3.474120000000002,CC(C)(C)c1ccccc1NCC(O)c1ccc2c(c1)OCCO2,True,3.900800000000002,0.42668000000000017,0.5357142857142857,False,True
3.0,bin,14,0.34654998779296875,0.30299997329711914,0.39010000228881836,886334,COc1ccc(C(=O)N2CCCC(C(=O)N3CCCCC3)C2)c(O)c1,2.2655000000000003,COCC1CCCN(C(=O)C2CCCN(C(=O)c3ccccc3)C2)C1,True,2.423800000000001,0.15830000000000055,0.4576271186440678,False,True
3.0,bin,14,0.34654998779296875,0.30299997329711914,0.39010000228881836,887387,COCCNC(=O)N(Cc1cccc(F)c1)CC1CCCO1,2.1627,COCCNC(=O)N(Cc1ccccc1Cl)C1CCCO1,True,2.634500000000001,0.4718000000000009,0.463768115942029,False,True
3.0,bin,14,0.34654998779296875,0.30299997329711914,0.39010000228881836,889149,N#Cc1ccc(NC(=O)c2ccc(Br)cc2Cl)nc1,3.621480000000001,O=C(Nc1ccc(Cl)cn1)c1ccc(Br)c(F)c1,True,3.8889000000000005,0.26741999999999955,0.38596491228070173,False,True
3.0,bin,14,0.34654998779296875,0.30299997329711914,0.39010000228881836,913483,O=C(CNC(=O)NCCc1c(Cl)cccc1Cl)NC1CC1,2.1137000000000006,CC(Cc1c(Cl)cccc1Cl)C(=O)NCC(=O)NC1CC1,True,2.5668000000000006,0.45310000000000006,0.5918367346938775,False,True
3.0,bin,14,0.34654998779296875,0.30299997329711914,0.39010000228881836,917620,C=CCN(Cc1ccccc1OC)C(=O)c1csc(C)n1,3.288520000000002,C=CCN(Cc1c(F)cccc1F)C(=O)c1csc(C)n1,True,3.5581200000000024,0.2696000000000005,0.6181818181818182,False,True
3.0,bin,14,0.34654998779296875,0.30299997329711914,0.39010000228881836,918312,CCOc1ccc(Cl)c(C(=O)N2CCN(c3ncccn3)CC2)n1,1.8860999999999997,CC(C)COc1ccc(C(=O)N2CCN(c3ncccn3)CC2)nc1,True,1.8688,-0.01729999999999965,0.4745762711864407,False,True
3.0,bin,14,0.34654998779296875,0.30299997329711914,0.39010000228881836,922879,CC(=O)c1ccc(N2CCN(Cc3c(F)cccc3F)CC2)cc1,3.489600000000003,Fc1ccc(CN2CCN(c3ccc(Cl)cc3)CC2)cc1,True,3.801300000000003,0.3117000000000001,0.3958333333333333,False,True
3.0,bin,14,0.34654998779296875,0.30299997329711914,0.39010000228881836,927535,COc1cc(CN2CCN(c3ccccc3F)CC2)ccc1O,2.862100000000002,CCOc1ccccc1N1CCN(Cc2ccc(O)cc2)CC1,True,3.113100000000002,0.2509999999999999,0.48148148148148145,False,False
3.0,bin,14,0.34654998779296875,0.30299997329711914,0.39010000228881836,927567,Cc1ccccc1N1CCN(Cc2cccc(O)c2)CC1,3.022820000000001,CCC(=O)Nc1cccc(CN2CCN(c3ccccc3C)CC2)c1,True,3.665720000000003,0.6429000000000018,0.62,False,True
3.0,bin,14,0.34654998779296875,0.30299997329711914,0.39010000228881836,938108,CC(c1ccccc1)N(C)C(=O)CCC(=O)Nc1nccs1,3.0814000000000012,Cc1csc(NC(=O)CCC(=O)N(C)C(C)c2ccccc2)n1,True,3.389820000000002,0.3084200000000008,0.6792452830188679,False,True
3.0,bin,14,0.34654998779296875,0.30299997329711914,0.39010000228881836,943303,CN(CCCOc1ccccc1)C(=O)Nc1cccc2c1OCCO2,3.390600000000002,COc1ccccc1NC(=O)N(C)CCCOC12C=C(C)C=C(C1)C2,True,3.9845000000000033,0.5939000000000014,0.39436619718309857,False,True
3.0,bin,14,0.34654998779296875,0.30299997329711914,0.39010000228881836,946289,CC(NC(=O)C1(c2cc(-c3ccco3)on2)CC1)c1ccccc1,3.843600000000002,C=C1CC(C(C)=CC=CC)CN(C)C(=O)C1c1cc(-c2ccco2)on1,True,4.5751000000000035,0.7315000000000014,0.2804878048780488,False,True
3.0,bin,14,0.34654998779296875,0.30299997329711914,0.39010000228881836,994077,Cc1nnc(Cn2c(-c3cccc(Br)c3)noc2=O)o1,2.0055199999999997,CC(C)(C)c1nnc(Cn2c(-c3cccc(O)c3)noc2=O)o1,True,1.9376999999999998,-0.06781999999999999,0.5789473684210527,False,True
3.0,bin,14,0.34654998779296875,0.30299997329711914,0.39010000228881836,1065620,O=C(NCc1cccnc1Oc1ccccc1)c1cccnc1,3.198900000000002,CC=CC=C1Oc2nc(C)ccc2CNC(=O)C2=CC=C(OC)N=CC12,True,2.973420000000001,-0.225480000000001,0.08888888888888889,False,True
3.0,bin,14,0.34654998779296875,0.30299997329711914,0.39010000228881836,1093926,CN(C(=O)CNc1cccc(OCC2CCCO2)c1)c1ccccc1,3.319300000000002,CC(Nc1ccccc1)C(=O)N(C)c1cccc(OCC2CCCO2)c1,True,3.7078000000000024,0.3885000000000005,0.65625,False,True
3.0,bin,14,0.34654998779296875,0.30299997329711914,0.39010000228881836,1107920,CCc1ccc(-n2cc(C(=O)NC(C)c3ccccc3)nn2)cc1,3.320700000000002,CCC(c1ccccc1)N(CC)C(=O)c1cn(-c2ccccc2)nn1,True,3.880700000000002,0.5599999999999996,0.4827586206896552,False,True
3.0,bin,14,0.34654998779296875,0.30299997329711914,0.39010000228881836,1113130,CC(NC(=O)Cn1nnnc1C(C)(C)C)c1cccc2ccccc12,3.0012000000000016,Cc1nnnn1C(C)C(=O)NC(C)c1c(C(C)C)ccc2ccccc12,True,3.6965200000000022,0.6953200000000006,0.4090909090909091,False,True
3.0,bin,14,0.34654998779296875,0.30299997329711914,0.39010000228881836,1121751,COC(=O)Cn1ccc(NS(=O)(=O)c2ccc(F)c(F)c2F)n1,1.2742,COC(=O)CNC1=CC(NS(=O)(=O)c2ccc(C)cc2C)C=N1,True,0.6387399999999999,-0.6354600000000001,0.2638888888888889,False,True
3.0,bin,14,0.34654998779296875,0.30299997329711914,0.39010000228881836,1142531,CCOC(C)C(=O)NCCc1csc(-c2ccc(C)cc2)n1,3.2022200000000014,Cc1ccc(C=NC(C=CS)CCNC(=O)NC(C)C)cc1,True,3.3237200000000016,0.12150000000000016,0.2328767123287671,False,True
3.0,bin,14,0.34654998779296875,0.30299997329711914,0.39010000228881836,1212157,CN(Cc1ccc(F)c(F)c1)C(=O)c1cncc(-c2cnn(C)c2)c1,3.0325000000000015,Cc1ccc(CN(C)C(=O)c2cncc(-c3cnn(C)c3)c2)c(C)c1,True,3.3711400000000022,0.3386400000000007,0.6271186440677966,False,True
3.0,bin,14,0.34654998779296875,0.30299997329711914,0.39010000228881836,1215394,CCn1nc(C)cc1C(=O)Oc1cccc(NC(=O)C(C)C)c1,3.025120000000001,CCn1nc(C(F)(F)F)cc1C(=O)Oc1cccc(C#N)c1,True,3.0126800000000014,-0.012439999999999785,0.4461538461538462,False,True
3.0,bin,14,0.34654998779296875,0.30299997329711914,0.39010000228881836,1232922,CC(C)(C)OC(=O)NC1CCCN(S(=O)(=O)N2CCOCC2)C1,0.5525000000000011,CC(C)(C)OC(=O)NC1CCCN(S(=O)(=O)N2CCOCC2)C1,True,0.5525000000000011,0.0,1.0,True,False
3.0,bin,14,0.34654998779296875,0.30299997329711914,0.39010000228881836,1238973,FC(F)(F)c1cnc(N2CCn3c(nnc3C3CC3)C2)c(Cl)c1,3.2429000000000023,CC(C)(C)C1=CN=C2NCCN(c3nc(Cl)ccc3Cl)C2C1,True,3.8988000000000023,0.6558999999999999,0.16883116883116883,False,True
3.0,bin,14,0.34654998779296875,0.30299997329711914,0.39010000228881836,1299495,Cc1cc(CC(=O)N2CCCC2C(C#N)c2ccccc2)no1,2.823900000000001,Cc1ccc(C(C#N)C2CCCN2C(=O)Cc2cc(C)on2)cc1,True,3.1323200000000018,0.3084200000000008,0.8545454545454545,False,True
3.0,bin,14,0.34654998779296875,0.30299997329711914,0.39010000228881836,1309906,CC(C)CC(NC(=O)c1cc(=O)c2ccccc2o1)C(=O)OC(C)C,2.8891000000000018,CCCCCC(C)NC(=O)c1cc(=O)c2ccccc2o1,True,3.491600000000002,0.6025,0.5535714285714286,False,True
3.0,bin,14,0.34654998779296875,0.30299997329711914,0.39010000228881836,1362816,COCc1cccc(C(=O)NC2CC2c2cccc(Cl)c2)c1,3.772300000000002,O=C(NC1CC1c1cccc(Cl)c1)c1ccc(Cl)cc1O,True,3.984900000000002,0.21259999999999968,0.5454545454545454,False,True
3.0,bin,14,0.34654998779296875,0.30299997329711914,0.39010000228881836,1441838,COCC(=O)NC(C(=O)Nc1cccc(-c2nccs2)c1)C(C)C,2.5358,COCCOC(C)C(=O)Nc1cccc(-c2nccs2)c1,True,2.8001000000000014,0.2643000000000013,0.65,False,True
3.0,bin,14,0.34654998779296875,0.30299997329711914,0.39010000228881836,1450449,CCCNC(=O)CSc1nc2c(cc1C#N)CCCC2,2.450380000000001,C=CCNC(=O)CCSc1ncc(CC)cc1C#N,True,2.3000800000000003,-0.15030000000000054,0.32857142857142857,False,True
3.0,bin,14,0.34654998779296875,0.30299997329711914,0.39010000228881836,1451910,O=S(=O)(NCc1nnc2ccccn12)c1ccc(F)c(F)c1,1.4859999999999995,Cc1cc(C)cc(S(=O)(=O)NCc2nnc3ccccn23)c1,True,1.82464,0.3386400000000005,0.673469387755102,False,True
3.0,bin,14,0.34654998779296875,0.30299997329711914,0.39010000228881836,1479798,Cc1nc(C)c(CCC(=O)N(CC(C)C)CC(F)(F)F)c(=O)[nH]1,2.3662400000000003,Cc1nc(C)c(CCN(CC(C)C)C(=O)CC(C)(C)C)c(=O)[nH]1,True,2.850040000000001,0.48380000000000045,0.6111111111111112,False,True
3.0,bin,14,0.34654998779296875,0.30299997329711914,0.39010000228881836,1507926,COC(=O)C(C)NC(=O)Cc1csc(-c2ccccc2Cl)n1,2.6837,COC(=O)C(C)NC(=O)c1csc(-c2ccccc2Br)n1,True,2.863900000000001,0.18020000000000103,0.5,False,True
3.0,bin,14,0.34654998779296875,0.30299997329711914,0.39010000228881836,1527882,Nc1ncccc1C(=O)Nc1ccc2cn[nH]c2c1,1.7923999999999998,Cc1ccc(C(=O)Nc2ccc3cn[nH]c3c2)c(O)n1,True,2.2242200000000003,0.43182000000000054,0.5660377358490566,False,True
3.0,bin,14,0.34654998779296875,0.30299997329711914,0.39010000228881836,1532848,COc1ccc(-c2ccc3c(=O)[nH]cnc3c2)cc1Cl,3.2521000000000013,COc1c(Cl)cc(-c2ccc3c(=O)[nH]cnc3c2)c(C)c1OC,True,3.5691200000000016,0.3170200000000003,0.6326530612244898,False,True
3.0,bin,14,0.34654998779296875,0.30299997329711914,0.39010000228881836,1548351,COc1cc(OC)c2c(c1)C(c1cnccn1)NCC2,1.7288999999999999,CCOc1ccc(OC)c2c1CCNC2c1cnccn1,True,2.1189999999999998,0.3900999999999999,0.5555555555555556,False,True
3.0,bin,14,0.34654998779296875,0.30299997329711914,0.39010000228881836,1570134,COc1cccc(C(C)N2CCN(C(=O)c3ccc(O)cc3)CC2)c1,2.9198000000000013,CCOc1cccc(C(=O)N2CCN(C(C)c3ccccc3)CC2)c1O,True,3.309900000000002,0.3901000000000008,0.4426229508196721,False,True
3.0,bin,14,0.34654998779296875,0.30299997329711914,0.39010000228881836,1611406,CC(C)(C)N1CC(NC(=O)C2COc3ccc(F)cc3C2)CC1=O,1.8923999999999994,CC(C)(C)N1CC(NC(=O)C2COc3ccc(F)cc3C2)CC1=O,True,1.8923999999999994,0.0,1.0,True,False
3.0,bin,14,0.34654998779296875,0.30299997329711914,0.39010000228881836,1612684,CCCC1CN(C(=O)Nc2ccn(CCC(C)C)n2)CCO1,2.9620000000000015,CCCC1CN(C(=O)Nc2ccn(C(C)(C)C)n2)CCCO1,True,3.0610000000000017,0.0990000000000002,0.6031746031746031,False,True
3.0,bin,14,0.34654998779296875,0.30299997329711914,0.39010000228881836,1639675,CCC(CC)c1nnc(NC(=O)c2scnc2C2CC2)s1,4.0279000000000025,CCc1nc(C)sc1C(=O)Nc1nnc(CC(CC)CC)s1,True,4.096420000000003,0.06852000000000036,0.3492063492063492,False,True
3.0,bin,14,0.34654998779296875,0.30299997329711914,0.39010000228881836,1675660,COc1ccnc(NC(=O)c2cccc(Cl)c2)c1,2.9959000000000007,O=C(Nc1ccc(Cl)cn1)c1ccc(F)cc1F,True,3.265500000000001,0.2696000000000005,0.29310344827586204,False,False
3.0,bin,14,0.34654998779296875,0.30299997329711914,0.39010000228881836,1689728,CCc1noc(CSc2ncnc3sc(C)cc23)n1,3.237420000000002,CCCc1noc(CSc2ncnc3sccc23)n1,True,3.3191000000000015,0.08167999999999953,0.5535714285714286,False,True
3.0,bin,14,0.34654998779296875,0.30299997329711914,0.39010000228881836,1720876,CC(C)(C)CC(=O)NCC(=O)Nc1ccc2c(c1)COC2,2.2077,CCCCC(=O)Nc1ccc2c(c1)COC2,True,2.8455000000000013,0.6378000000000013,0.574468085106383,False,True
3.0,bin,14,0.34654998779296875,0.30299997329711914,0.39010000228881836,1757109,CC(C)Cc1ncc(CNc2ccc3c(c2)COC3)s1,3.983900000000003,CC(C)CCC=NC=C(S)CNc1ccc2c(c1)COC2,True,4.406900000000004,0.42300000000000093,0.41935483870967744,False,True
3.0,bin,14,0.34654998779296875,0.30299997329711914,0.39010000228881836,1774061,O=C1NCCCc2[nH]c(-c3cccc4[nH]ccc34)nc21,2.234,CCC(=O)N=C(NCCCCN)c1cccc2[nH]ccc12,True,2.1795999999999998,-0.054400000000000226,0.2191780821917808,False,True
3.0,bin,14,0.34654998779296875,0.30299997329711914,0.39010000228881836,1800687,Cc1nn(C)c(-c2nc(-c3cccnn3)no2)c1Cl,1.8889199999999997,Cc1nn(C)c(-c2nc(-c3cccnn3)no2)c1C(F)(F)F,True,2.25432,0.36540000000000017,0.7,False,True
3.0,bin,14,0.34654998779296875,0.30299997329711914,0.39010000228881836,1815867,FC(F)(F)c1ccc(CN2CCOCC2c2ncon2)cc1,2.661900000000001,Cc1nc(C2COCCN2Cc2ccc(Cl)cc2Cl)no1,True,3.258320000000002,0.5964200000000011,0.3787878787878788,False,True
3.0,bin,14,0.34654998779296875,0.30299997329711914,0.39010000228881836,1828580,Cc1ccc(N2CC3OCC(=O)N(Cc4cccc(F)c4)C3C2)nn1,1.54032,O=C1COC2CN(c3ccc(F)cc3Cl)CC2N1Cc1ccccc1,True,3.0953000000000017,1.5549800000000018,0.5538461538461539,False,True
3.0,bin,14,0.34654998779296875,0.30299997329711914,0.39010000228881836,1836183,CCc1ccc(C(=O)NCc2nccc(N(C)C)n2)cc1,2.035,Cc1cc(C)nc(CNC(=O)c2ccc(N(C)C)cc2)n1,True,2.0894399999999997,0.0544399999999996,0.47058823529411764,False,True
3.0,bin,14,0.34654998779296875,0.30299997329711914,0.39010000228881836,1842499,COc1ccccc1COc1ccccc1-c1cnn(CCO)c1,3.1300000000000017,Cc1nn(CCO)cc1COc1ccccc1-c1ccccc1F,True,3.568920000000002,0.4389200000000004,0.49122807017543857,False,True
3.0,bin,14,0.34654998779296875,0.30299997329711914,0.39010000228881836,1865564,COC(CNC(=O)c1ccoc1)c1cccc(F)c1,2.536200000000001,COC(CNC(=O)c1ccoc1)c1ccccc1Cl,True,3.0505000000000013,0.5143000000000004,0.6226415094339622,False,True
3.0,bin,14,0.34654998779296875,0.30299997329711914,0.39010000228881836,1868773,CCCOc1ccc(Cl)c2c1CCNC2C1CC(=O)C1,3.2947000000000015,O=C1CC(CNCCc2cc(C(F)(F)F)ccc2Cl)C1,True,3.4700000000000015,0.1753,0.21739130434782608,False,True
3.0,bin,14,0.34654998779296875,0.30299997329711914,0.39010000228881836,1873123,CCC1OC(=O)c2c(OC)ccc(Br)c21,3.079200000000002,CCCOC(=O)c1c(CCC)ccc(Br)c1NC,True,4.010100000000003,0.9309000000000012,0.20689655172413793,False,True
3.0,bin,14,0.34654998779296875,0.30299997329711914,0.39010000228881836,1875028,Cc1cccc(C)c1NCC(=O)N1CCCC2CCCCC21,3.8965400000000034,O=C(F)CNc1ccccc1C(F)F,True,2.5322000000000005,-1.364340000000003,0.21818181818181817,False,True
3.0,bin,14,0.34654998779296875,0.30299997329711914,0.39010000228881836,1895921,CCC(CC)N(C)C(=O)CC1OC(=O)c2ccccc21,2.935200000000002,CCCCN(CC)C(=O)CC1OC(=O)c2ccccc21,True,2.9368000000000016,0.0015999999999998238,0.5918367346938775,False,False
3.0,bin,14,0.34654998779296875,0.30299997329711914,0.39010000228881836,1907077,Cc1ccc2[nH]nc(C(=O)Nc3nc(-c4ccco4)cs3)c2c1,3.8401200000000015,CSc1nnc(NC(=O)c2ccco2)s1,True,2.1052999999999997,-1.7348200000000018,0.29411764705882354,False,True
3.0,bin,14,0.34654998779296875,0.30299997329711914,0.39010000228881836,1913063,Cc1nn(C)c(C)c1CN(C(=O)c1cn2cccc(C)c2n1)C1CC1,2.797860000000001,CCn1nc(C)c(CN(C(=O)c2cn3ccccc3n2)C2CC2)c1C,True,2.9723400000000018,0.17448000000000086,0.5909090909090909,False,True
3.0,bin,14,0.34654998779296875,0.30299997329711914,0.39010000228881836,1922265,CN(CCNC(=O)c1ccc2c(c1)ncn2C)c1ccccc1,2.4395000000000007,CC1=CC=C(NCCNC(=O)c2ccc3[nH]cnc3c2)CC=C1,True,2.6724000000000006,0.23289999999999988,0.3108108108108108,False,True
3.0,bin,15,0.4522000253200531,0.39010000228881836,0.5143000483512878,32052,COc1ccccc1CNC(=O)Cc1c[nH]c2ccccc12,3.035400000000001,CCN(Cc1cccc(O)c1)C(=O)Cc1c[nH]c2ccccc12,True,3.4647000000000014,0.42930000000000046,0.39344262295081966,False,True
3.0,bin,15,0.4522000253200531,0.39010000228881836,0.5143000483512878,116747,COCCSc1ccccc1C(=O)Nc1cccc(C)n1,3.3808200000000017,CC=CC=CC(F)NC(=O)c1ccccc1SCC(F)F,True,4.201500000000003,0.8206800000000012,0.31746031746031744,False,True
3.0,bin,15,0.4522000253200531,0.39010000228881836,0.5143000483512878,131060,CS(=O)(=O)NCCc1csc(-c2ccc(F)cc2)n1,2.0408999999999997,CCS(=O)(=O)NCCc1csc(-c2ccc(C)cc2)n1,True,2.600320000000001,0.5594200000000011,0.6304347826086957,False,False
3.0,bin,15,0.4522000253200531,0.39010000228881836,0.5143000483512878,131949,CCc1c(C)nc(SCC(=O)NC(C)C)[nH]c1=O,1.25742,CCC(C)C(=O)CSc1nc(C)c(OC)c(=O)[nH]1,True,1.79422,0.5367999999999999,0.46296296296296297,False,True
3.0,bin,15,0.4522000253200531,0.39010000228881836,0.5143000483512878,158879,COc1ccc(CC(=O)OCC(=O)c2c[nH]c3ccccc23)cc1,3.145100000000001,Cc1cc(F)ccc1CC(=O)OCC(=O)c1c[nH]c2ccccc12,True,3.5840200000000015,0.4389200000000004,0.5789473684210527,False,True
3.0,bin,15,0.4522000253200531,0.39010000228881836,0.5143000483512878,232056,COCCNC(=O)c1cc(=O)c2cc(C)ccc2o1,1.4776199999999993,CCOCCCNC(=O)c1cc(=O)c2cc(OC)ccc2o1,True,1.958,0.4803800000000007,0.5818181818181818,False,True
3.0,bin,15,0.4522000253200531,0.39010000228881836,0.5143000483512878,235788,O=C(Cn1nc(-c2ccco2)oc1=O)NCC(F)(F)F,0.7747999999999999,CC(C(=O)NC(C)(C)C)n1nc(-c2ccco2)oc1=O,True,1.5719999999999998,0.7971999999999999,0.45,False,True
3.0,bin,15,0.4522000253200531,0.39010000228881836,0.5143000483512878,236081,CC(=O)c1c(C)[nH]c(C(=O)CSc2nc(C(C)C)n[nH]2)c1C,3.0506400000000014,CC(=O)c1c(C)[nH]c(C(=O)C(C)Sc2nc(C(C)C)n[nH]2)c1C,True,3.439140000000002,0.3885000000000005,0.6666666666666666,False,False
3.0,bin,15,0.4522000253200531,0.39010000228881836,0.5143000483512878,281081,O=C(Cn1cccn1)NCc1cccnc1Oc1ccc(F)cc1F,2.665000000000001,CSc1ccc(Oc2ncccc2CNC(=O)Cn2cccn2)cc1,True,3.1087000000000007,0.44369999999999976,0.6349206349206349,False,True
3.0,bin,15,0.4522000253200531,0.39010000228881836,0.5143000483512878,284170,COc1ccc(-c2nc(CC(=O)Nc3cccc(C)n3)cs2)cc1,3.7033200000000024,Cc1ccc(-c2nc(CC(=O)N(C)c3ccc(C)cn3)cs2)cc1,True,4.027440000000003,0.32412000000000063,0.390625,False,True
3.0,bin,15,0.4522000253200531,0.39010000228881836,0.5143000483512878,288369,Cc1ccc(NCc2nnc3n2CCCCC3)cc1C,3.2334400000000016,FC(F)(F)c1ccc(NCc2nnc3n2CCCCC3)cc1,True,3.6354000000000024,0.40196000000000076,0.6326530612244898,False,True
3.0,bin,15,0.4522000253200531,0.39010000228881836,0.5143000483512878,302889,COc1ccc(OC)c(NC(=O)CCNC(=O)c2cccs2)c1,2.5239000000000003,CCOc1ccc(NC(=O)CCNC(=O)c2cccs2)cc1F,True,3.044500000000001,0.5206000000000008,0.5666666666666667,False,True
3.0,bin,15,0.4522000253200531,0.39010000228881836,0.5143000483512878,327141,COc1ccc(OC)c(S(=O)(=O)Nc2ccn(C)n2)c1,1.2381,CCOc1cc(OC)ccc1S(=O)(=O)Nc1ccn(C)n1,True,1.6281999999999999,0.3900999999999999,0.6938775510204082,False,True
3.0,bin,15,0.4522000253200531,0.39010000228881836,0.5143000483512878,327382,CNC(=O)C1CN(C(=O)c2c(C)noc2C)c2ccccc2O1,1.4452399999999996,COC(=O)CC1Oc2ccccc2CN1C(=O)c1conc1C#N,True,1.47028,0.025040000000000395,0.26582278481012656,False,True
3.0,bin,15,0.4522000253200531,0.39010000228881836,0.5143000483512878,406491,COCCNC(=O)C1CCCN(S(=O)(=O)N2CCOCC2)C1,-0.9619999999999964,C=CCNC(=O)C1CCN(S(=O)(=O)N2CCOCC2)CC1,True,-0.4223999999999981,0.5395999999999983,0.4727272727272727,False,True
3.0,bin,15,0.4522000253200531,0.39010000228881836,0.5143000483512878,413951,O=C(Cn1ncn2cccc2c1=O)N1CCCCCC1,0.8985999999999996,CCOCC1CCCN(C(=O)Cn2ncn3cccc3c2=O)C1,True,0.7710999999999995,-0.12750000000000017,0.631578947368421,False,True
3.0,bin,15,0.4522000253200531,0.39010000228881836,0.5143000483512878,427929,CCNc1nc(NCc2ccccc2Cl)c2cnn(C)c2n1,3.060600000000001,CCCCNc1nc(NCc2cccc(C)c2)c2cnn(C)c2n1,True,3.495820000000002,0.43522000000000105,0.5,False,True
3.0,bin,15,0.4522000253200531,0.39010000228881836,0.5143000483512878,447130,CCC(NC(=O)C1CCN(C(=O)C2CC2)CC1)c1ccc(C)cc1,3.2109200000000016,CC(C)(C)CC(NC(=O)C1CCN(C(=O)C2CC2)CC1)c1ccccc1,True,3.9287000000000036,0.7177800000000021,0.6153846153846154,False,True
3.0,bin,15,0.4522000253200531,0.39010000228881836,0.5143000483512878,481908,CCNS(=O)(=O)c1ccc(C)c(C(=O)Nc2ncccc2C)c1,2.24894,COc1cc(C(=O)Nc2ncccc2C)cc(OC)c1OC,True,2.668120000000001,0.4191800000000008,0.43859649122807015,False,False
3.0,bin,15,0.4522000253200531,0.39010000228881836,0.5143000483512878,485220,Cc1nn(CC(=O)N2CCN(C)CC2)c(C)c1Br,1.03644,C=CCN1CCN(C(=O)Cn2nc(C)c(Br)c2C)CC1,True,1.5926399999999998,0.5561999999999998,0.6818181818181818,False,True
3.0,bin,15,0.4522000253200531,0.39010000228881836,0.5143000483512878,526363,Cc1nnc(SCC(=O)Nc2ccc(O)cc2)n(N)c1=O,0.09692,COCc1nnc(SCC(=O)Nc2ccc(F)cc2)n(N)c1=O,True,0.3684000000000004,0.2714800000000004,0.6071428571428571,False,True
3.0,bin,15,0.4522000253200531,0.39010000228881836,0.5143000483512878,536853,COc1ccc(C2CCCN2C(=O)C2CCC2)c(OC)c1,3.1674000000000015,O=C(C1CCC1)N1CCCC1c1c(F)cccc1F,True,3.4284000000000026,0.261000000000001,0.5,False,True
3.0,bin,15,0.4522000253200531,0.39010000228881836,0.5143000483512878,540312,Cc1nn(C)c2nc(C3CC3)cc(C(=O)NCC(=O)NC(C)(C)C)c12,1.7986199999999997,CC1C=CC2=NN(C)C=NC(C3CC3)=CC(C2)C(=O)N(C)CCO1,True,2.0496,0.2509800000000002,0.13793103448275862,False,True
3.0,bin,15,0.4522000253200531,0.39010000228881836,0.5143000483512878,544381,Cc1nc(N2CCCC(C(=O)NC(C)C)C2)c2c(C)c(C)oc2n1,2.8890600000000006,Cc1nc(N2CCCCOCCC2)c2c(C)c(C)oc2n1,True,3.1549600000000018,0.26590000000000114,0.5,False,True
3.0,bin,15,0.4522000253200531,0.39010000228881836,0.5143000483512878,544382,CCCNC(=O)C1CCCN(c2nc(C)nc3oc(C)c(C)c23)C1,2.8906600000000013,CCCCNC(=O)CCCCNC1=NC(C)=NCOC(C)=C(C)C1,True,3.151200000000002,0.26054000000000066,0.18292682926829268,False,True
3.0,bin,15,0.4522000253200531,0.39010000228881836,0.5143000483512878,550049,Cc1ccc(C)c(OCC(=O)Nc2cccc(-n3cnnc3)c2)c1,2.9016400000000013,CC(C)c1cccc(OCC(=O)Nc2cccc(-n3cnnc3)c2)c1,True,3.4082000000000017,0.5065600000000003,0.603448275862069,False,False
3.0,bin,15,0.4522000253200531,0.39010000228881836,0.5143000483512878,573533,Cc1nn(-c2ncc(C(F)(F)F)cc2Cl)c(=O)o1,2.2011199999999995,CCCCOC=NN(Cl)c1ccc(C(F)(F)F)cn1,True,3.8206000000000024,1.619480000000003,0.21212121212121213,False,True
3.0,bin,15,0.4522000253200531,0.39010000228881836,0.5143000483512878,582555,O=C(NCC(O)c1ccccc1)c1ccc2c(=O)n3c(nc2c1)CCC3,1.8061000000000003,COC1CNC(=O)c2ccc3c(=O)n(c(C)nc3c2)C(c2ccccc2)C1,True,2.44282,0.63672,0.23809523809523808,False,True
3.0,bin,15,0.4522000253200531,0.39010000228881836,0.5143000483512878,588547,Cc1n[nH]c(C)c1NC(=O)CCc1ccc(Cl)cc1Cl,3.9046400000000023,Cc1n[nH]c(C)c1NC(=O)CC(C)(C)c1c(F)cccc1Cl,True,4.125440000000003,0.22080000000000055,0.4666666666666667,False,True
3.0,bin,15,0.4522000253200531,0.39010000228881836,0.5143000483512878,607673,CCCN(CC1CC1)S(=O)(=O)c1ccccc1F,2.636400000000001,CCCCN(CC1CC1)S(=O)(=O)c1cc(F)ccc1F,True,3.165600000000002,0.5292000000000012,0.6170212765957447,False,True
3.0,bin,15,0.4522000253200531,0.39010000228881836,0.5143000483512878,617681,Cc1cc(C(=O)Nc2nc(-c3ccncc3)cs2)nn1C(C)C,3.5432200000000016,CC(C)N1C=CC(CN=CNC(=O)C2(N=N)C=CC2)=CC=NC1C=CS,True,2.8650700000000016,-0.67815,0.13829787234042554,False,True
3.0,bin,15,0.4522000253200531,0.39010000228881836,0.5143000483512878,650267,COc1ccc2oc(C(=O)NC3CCCCNC3=O)c(C)c2c1,2.14832,Cc1c(C(=O)NC2CCCCNC2=O)oc2ccc(F)cc12,True,2.2788200000000005,0.1305000000000005,0.7543859649122807,False,True
3.0,bin,15,0.4522000253200531,0.39010000228881836,0.5143000483512878,668639,Cc1cc(NC(=O)c2ccccc2Cl)ncc1N,2.8779200000000005,CC(=O)c1cccnc1NC(=O)c1ccccc1Br,True,3.2990000000000013,0.4210800000000008,0.3333333333333333,False,True
3.0,bin,15,0.4522000253200531,0.39010000228881836,0.5143000483512878,673160,CCC(=O)Nc1ccc2oc(C(F)(F)F)cc(=O)c2c1,3.160300000000001,CC(C)C(C)NC(=O)c1ccc2oc(C(F)(F)F)cc2c1,True,4.225900000000003,1.0656000000000017,0.3620689655172414,False,True
3.0,bin,15,0.4522000253200531,0.39010000228881836,0.5143000483512878,711169,Cc1cccc(C(C)C)c1NC(=O)N(C)Cc1ccncc1,4.177320000000003,CCC(CC)c1ccc(NC(=O)N(C)Cc2ccncc2)cc1,True,4.649100000000003,0.47178000000000075,0.5,False,True
3.0,bin,15,0.4522000253200531,0.39010000228881836,0.5143000483512878,720969,Cc1noc(C)c1CCC(=O)OCC(=O)N1c2ccccc2CC1C,2.7450400000000013,Cc1onc(C(C)C)c1CCC(=O)OCC(=O)N1CCc2ccccc21,True,3.171520000000002,0.42648000000000064,0.5362318840579711,False,True
3.0,bin,15,0.4522000253200531,0.39010000228881836,0.5143000483512878,730789,COC(=O)C1CCN(C(=O)c2cc3ccc(F)cc3nc2C)CC1,2.7075200000000006,CCOC(=O)C1CCN(C(=O)c2cnc3cc(C)ccc3c2)CC1,True,2.958520000000001,0.25100000000000033,0.4307692307692308,False,True
3.0,bin,15,0.4522000253200531,0.39010000228881836,0.5143000483512878,738178,Cc1ccc(-n2ccnc2SCc2nc(C3CC3)no2)cc1C,4.041840000000003,CC(C)(C)c1cccc(-n2ccnc2SCc2nc(C3CC3)no2)c1,True,4.722500000000004,0.6806600000000005,0.7068965517241379,False,True
3.0,bin,15,0.4522000253200531,0.39010000228881836,0.5143000483512878,771897,COc1ccccc1OCC(=O)N(C)Cc1sccc1C,3.102520000000002,CCN(Cc1sccc1C)C(=O)COc1ccccc1C,True,3.7924400000000036,0.6899200000000016,0.6078431372549019,False,True
3.0,bin,15,0.4522000253200531,0.39010000228881836,0.5143000483512878,811446,COC(=O)C1(NC(=O)c2cc(Br)c[nH]2)CCCCCC1,2.7730000000000006,CCn1cc(Br)cc1C(=O)NC1CCCC(C)C1,True,3.5790000000000024,0.8060000000000018,0.21212121212121213,False,True
3.0,bin,15,0.4522000253200531,0.39010000228881836,0.5143000483512878,848291,CCC(C)NC(=O)NCc1noc(-c2cccs2)n1,2.3958000000000004,CC(C)CCOCC(=O)NCc1noc(-c2cccs2)n1,True,2.4770000000000003,0.08119999999999994,0.6,False,True
3.0,bin,15,0.4522000253200531,0.39010000228881836,0.5143000483512878,863440,COc1ccc(-c2nc(CCCO)cs2)cc1OC,2.752200000000001,CCOc1ccc(-c2nc(CCO)cs2)cc1CC,True,3.306000000000002,0.5538000000000007,0.5490196078431373,False,True
3.0,bin,15,0.4522000253200531,0.39010000228881836,0.5143000483512878,864663,N#Cc1ccc(-c2cc(F)ccc2F)nc1N1CCCC1,3.498680000000002,CCCOc1ccccc1-c1ccc(C#N)c(N2CCCC2)n1,True,4.009280000000003,0.510600000000001,0.5272727272727272,False,True
3.0,bin,15,0.4522000253200531,0.39010000228881836,0.5143000483512878,872100,CCc1cccc(C)c1NCC(O)c1ccc2c(c1)OCCO2,3.474120000000002,CCCCc1ccc(NCC(O)c2ccc3c(c2)OCCO3)cc1,True,3.9459000000000026,0.47178000000000075,0.5263157894736842,False,True
3.0,bin,15,0.4522000253200531,0.39010000228881836,0.5143000483512878,886334,COc1ccc(C(=O)N2CCCC(C(=O)N3CCCCC3)C2)c(O)c1,2.2655000000000003,Cc1ccc(C(=O)N2CCCC(C(=O)N3CCCCC3)C2)c(O)c1C,True,2.8737400000000015,0.6082400000000012,0.5961538461538461,False,True
3.0,bin,15,0.4522000253200531,0.39010000228881836,0.5143000483512878,887387,COCCNC(=O)N(Cc1cccc(F)c1)CC1CCCO1,2.1627,CCCNC(=O)N(Cc1ccccc1)CC1CCCO1,True,2.7872000000000012,0.6245000000000012,0.6271186440677966,False,False
3.0,bin,15,0.4522000253200531,0.39010000228881836,0.5143000483512878,889149,N#Cc1ccc(NC(=O)c2ccc(Br)cc2Cl)nc1,3.621480000000001,O=C(Nc1ccccn1)c1cc(C(F)(F)F)ccc1Cl,True,4.006100000000001,0.38461999999999996,0.3333333333333333,False,True
3.0,bin,15,0.4522000253200531,0.39010000228881836,0.5143000483512878,913483,O=C(CNC(=O)NCCc1c(Cl)cccc1Cl)NC1CC1,2.1137000000000006,CC1=CC=CC(Cl)=CCCC(C)C(C)NC(=O)N1,True,3.686700000000002,1.5730000000000013,0.15151515151515152,False,True
3.0,bin,15,0.4522000253200531,0.39010000228881836,0.5143000483512878,917620,C=CCN(Cc1ccccc1OC)C(=O)c1csc(C)n1,3.288520000000002,C=CCCc1nc(C(=O)N(C)Cc2ccccc2F)cs1,True,3.6730000000000027,0.3844800000000008,0.4090909090909091,False,True
3.0,bin,15,0.4522000253200531,0.39010000228881836,0.5143000483512878,918312,CCOc1ccc(Cl)c(C(=O)N2CCN(c3ncccn3)CC2)n1,1.8860999999999997,CC(C)(C)c1ccc(C(=O)N2CCN(c3ncccn3)CC2)nc1,True,2.1315,0.24540000000000028,0.43103448275862066,False,True
3.0,bin,15,0.4522000253200531,0.39010000228881836,0.5143000483512878,922879,CC(=O)c1ccc(N2CCN(Cc3c(F)cccc3F)CC2)cc1,3.489600000000003,FC(F)(F)c1ccc(CN2CCN(c3ccccc3)CC2)cc1,True,4.027600000000002,0.5379999999999994,0.35294117647058826,False,True
3.0,bin,15,0.4522000253200531,0.39010000228881836,0.5143000483512878,927535,COc1cc(CN2CCN(c3ccccc3F)CC2)ccc1O,2.862100000000002,Fc1ccc(CN2CCN(c3ccc(F)cc3)CC2)cc1,True,3.2870000000000017,0.4248999999999996,0.36,False,True
3.0,bin,15,0.4522000253200531,0.39010000228881836,0.5143000483512878,927567,Cc1ccccc1N1CCN(Cc2cccc(O)c2)CC1,3.022820000000001,OC1CN(Cc2ccccc2)CCN1c1ccccc1Br,True,3.0897000000000014,0.06688000000000027,0.3333333333333333,False,True
3.0,bin,15,0.4522000253200531,0.39010000228881836,0.5143000483512878,938108,CC(c1ccccc1)N(C)C(=O)CCC(=O)Nc1nccs1,3.0814000000000012,CC(C)N(Cc1ccc(F)cc1)C(=O)CCC(=O)Nc1nccs1,True,3.438100000000002,0.3567000000000009,0.5423728813559322,False,True
3.0,bin,15,0.4522000253200531,0.39010000228881836,0.5143000483512878,943303,CN(CCCOc1ccccc1)C(=O)Nc1cccc2c1OCCO2,3.390600000000002,O=C(NCCCOc1ccccc1)Nc1cc(Cl)cc2c1OCCO2,True,3.701800000000002,0.31120000000000037,0.484375,False,True
3.0,bin,15,0.4522000253200531,0.39010000228881836,0.5143000483512878,946289,CC(NC(=O)C1(c2cc(-c3ccco3)on2)CC1)c1ccccc1,3.843600000000002,CCC1=CC=CC=CCC2CC2(Cc2ccc(C)o2)C(=O)N1,True,4.063020000000003,0.21942000000000128,0.09302325581395349,False,True
3.0,bin,15,0.4522000253200531,0.39010000228881836,0.5143000483512878,994077,Cc1nnc(Cn2c(-c3cccc(Br)c3)noc2=O)o1,2.0055199999999997,CCC1ON=C(C)N1Cc1noc(=O)n1-c1cccc(Cl)c1,True,2.3806000000000003,0.3750800000000005,0.28169014084507044,False,True
3.0,bin,15,0.4522000253200531,0.39010000228881836,0.5143000483512878,1065620,O=C(NCc1cccnc1Oc1ccccc1)c1cccnc1,3.198900000000002,CCN(Cc1cccnc1OCCO)C(=O)c1cccnc1,True,1.5099999999999998,-1.688900000000002,0.4098360655737705,False,True
3.0,bin,15,0.4522000253200531,0.39010000228881836,0.5143000483512878,1093926,CN(C(=O)CNc1cccc(OCC2CCCO2)c1)c1ccccc1,3.319300000000002,CCN(C(=O)CNc1cccc(OCC2CCCO2)c1)c1ccccc1,True,3.709400000000003,0.3901000000000012,0.7966101694915254,False,True
3.0,bin,15,0.4522000253200531,0.39010000228881836,0.5143000483512878,1107920,CCc1ccc(-n2cc(C(=O)NC(C)c3ccccc3)nn2)cc1,3.320700000000002,CC(NC(=O)c1cn(-c2ccc(F)c(Cl)c2)nn1)c1ccc(F)cc1,True,3.6899000000000015,0.3691999999999993,0.5333333333333333,False,True
3.0,bin,15,0.4522000253200531,0.39010000228881836,0.5143000483512878,1113130,CC(NC(=O)Cn1nnnc1C(C)(C)C)c1cccc2ccccc12,3.0012000000000016,CC(C)C(NC(=O)Cn1nnnc1-c1cc(Cl)ccc1Cl)c1ccccc1,True,4.160400000000003,1.1592000000000011,0.36619718309859156,False,True
3.0,bin,15,0.4522000253200531,0.39010000228881836,0.5143000483512878,1121751,COC(=O)Cn1ccc(NS(=O)(=O)c2ccc(F)c(F)c2F)n1,1.2742,CCNC1=CC(NS(=O)(=O)c2ccc(OC)c(OC)c2)C=N1,True,0.8859999999999995,-0.38820000000000054,0.17567567567567569,False,True
3.0,bin,15,0.4522000253200531,0.39010000228881836,0.5143000483512878,1142531,CCOC(C)C(=O)NCCc1csc(-c2ccc(C)cc2)n1,3.2022200000000014,CC(C)CNC(=O)NCCc1csc(-c2ccc(F)cc2)n1,True,3.446900000000001,0.2446799999999998,0.5344827586206896,False,True
3.0,bin,15,0.4522000253200531,0.39010000228881836,0.5143000483512878,1212157,CN(Cc1ccc(F)c(F)c1)C(=O)c1cncc(-c2cnn(C)c2)c1,3.0325000000000015,CCN(Cc1ccc(F)c(F)c1)C(=O)c1cncc(-c2cnn(C)c2)c1,True,3.422600000000002,0.39010000000000034,0.7818181818181819,False,True
3.0,bin,15,0.4522000253200531,0.39010000228881836,0.5143000483512878,1215394,CCn1nc(C)cc1C(=O)Oc1cccc(NC(=O)C(C)C)c1,3.025120000000001,CCn1nc(C)cc1C(=O)Oc1ccccc1C(F)(F)F,True,3.4494200000000017,0.42430000000000057,0.5084745762711864,False,True
3.0,bin,15,0.4522000253200531,0.39010000228881836,0.5143000483512878,1232922,CC(C)(C)OC(=O)NC1CCCN(S(=O)(=O)N2CCOCC2)C1,0.5525000000000011,CC(C)CCC(=O)NC1CCCN(S(=O)(=O)N2CCOCC2)C1,True,0.5802000000000014,0.02770000000000028,0.6037735849056604,False,True
3.0,bin,15,0.4522000253200531,0.39010000228881836,0.5143000483512878,1238973,FC(F)(F)c1cnc(N2CCn3c(nnc3C3CC3)C2)c(Cl)c1,3.2429000000000023,CC(C)c1cc(C(F)(F)F)cnc1NC1Cc2nnc(C3CC3)n2C1,True,3.7295000000000016,0.48659999999999926,0.417910447761194,False,True
3.0,bin,15,0.4522000253200531,0.39010000228881836,0.5143000483512878,1299495,Cc1cc(CC(=O)N2CCCC2C(C#N)c2ccccc2)no1,2.823900000000001,CCOC(C)=CC(C=CO)C1CCCN1C(=O)Cc1cc(C)on1,True,3.144720000000002,0.3208200000000012,0.5142857142857142,False,True
3.0,bin,15,0.4522000253200531,0.39010000228881836,0.5143000483512878,1309906,CC(C)CC(NC(=O)c1cc(=O)c2ccccc2o1)C(=O)OC(C)C,2.8891000000000018,CC(C)CC(C)OC(=O)c1cc(=O)c2cc(F)ccc2o1,True,3.523500000000002,0.6344000000000003,0.4406779661016949,False,True
3.0,bin,15,0.4522000253200531,0.39010000228881836,0.5143000483512878,1362816,COCc1cccc(C(=O)NC2CC2c2cccc(Cl)c2)c1,3.772300000000002,O=C(NC1CC1c1cccc(Cl)c1)c1cc(Cl)ccc1O,True,3.984900000000002,0.21259999999999968,0.5454545454545454,False,True
3.0,bin,15,0.4522000253200531,0.39010000228881836,0.5143000483512878,1441838,COCC(=O)NC(C(=O)Nc1cccc(-c2nccs2)c1)C(C)C,2.5358,O=C(NCC(F)(F)F)Nc1cccc(-c2nccs2)c1,True,3.493900000000001,0.9581000000000008,0.5161290322580645,False,True
3.0,bin,15,0.4522000253200531,0.39010000228881836,0.5143000483512878,1450449,CCCNC(=O)CSc1nc2c(cc1C#N)CCCC2,2.450380000000001,CCC(C)NC(=O)CSc1nc2c(cc1C#N)CCCC2,True,2.8388800000000014,0.3885000000000005,0.7090909090909091,False,True
3.0,bin,15,0.4522000253200531,0.39010000228881836,0.5143000483512878,1451910,O=S(=O)(NCc1nnc2ccccn12)c1ccc(F)c(F)c1,1.4859999999999995,Cc1cc(C)c(S(=O)(=O)NCc2nnc3ccccn23)c(C)c1,True,2.1330600000000004,0.6470600000000009,0.5961538461538461,False,False
3.0,bin,15,0.4522000253200531,0.39010000228881836,0.5143000483512878,1479798,Cc1nc(C)c(CCC(=O)N(CC(C)C)CC(F)(F)F)c(=O)[nH]1,2.3662400000000003,Cc1nc(C(C)C)[nH]c(=O)c1C#CCCCC(F)(F)F,True,3.285820000000001,0.9195800000000007,0.27692307692307694,False,True
3.0,bin,15,0.4522000253200531,0.39010000228881836,0.5143000483512878,1507926,COC(=O)C(C)NC(=O)Cc1csc(-c2ccccc2Cl)n1,2.6837,CC(C)S(=O)(=O)NCc1csc(-c2ccccc2Cl)n1,True,3.2913000000000014,0.6076000000000015,0.5178571428571429,False,True
3.0,bin,15,0.4522000253200531,0.39010000228881836,0.5143000483512878,1527882,Nc1ncccc1C(=O)Nc1ccc2cn[nH]c2c1,1.7923999999999998,CCOC(=O)c1ccc(C(=O)Nc2ccc3cn[nH]c3c2)cn1,True,2.3869,0.5945,0.47540983606557374,False,True
3.0,bin,15,0.4522000253200531,0.39010000228881836,0.5143000483512878,1532848,COc1ccc(-c2ccc3c(=O)[nH]cnc3c2)cc1Cl,3.2521000000000013,CC1=CC=C(C=Cc2cccc(C(F)(F)F)c2)CC(=O)N1,True,4.068700000000002,0.8166000000000011,0.11594202898550725,False,True
3.0,bin,15,0.4522000253200531,0.39010000228881836,0.5143000483512878,1548351,COc1cc(OC)c2c(c1)C(c1cnccn1)NCC2,1.7288999999999999,Fc1ccc2c(c1F)C(c1cnccn1)NCC2,True,1.9898999999999996,0.2609999999999997,0.39285714285714285,False,True
3.0,bin,15,0.4522000253200531,0.39010000228881836,0.5143000483512878,1570134,COc1cccc(C(C)N2CCN(C(=O)c3ccc(O)cc3)CC2)c1,2.9198000000000013,CC(C)(CNC1CCN(C(=O)c2ccc(O)cc2)C1)c1ccccc1,True,3.174100000000002,0.25430000000000064,0.31343283582089554,False,True
3.0,bin,15,0.4522000253200531,0.39010000228881836,0.5143000483512878,1611406,CC(C)(C)N1CC(NC(=O)C2COc3ccc(F)cc3C2)CC1=O,1.8923999999999994,CCC(CC)N1CC(NC(=O)C2COc3ccc(F)cc3C2)CC1=O,True,2.2824999999999998,0.39010000000000034,0.6885245901639344,False,True
3.0,bin,15,0.4522000253200531,0.39010000228881836,0.5143000483512878,1612684,CCCC1CN(C(=O)Nc2ccn(CCC(C)C)n2)CCO1,2.9620000000000015,CCCCC1CN(C(=O)Nc2ccn(C(C)(C)C)n2)CCO1,True,3.0610000000000017,0.0990000000000002,0.6031746031746031,False,True
3.0,bin,15,0.4522000253200531,0.39010000228881836,0.5143000483512878,1639675,CCC(CC)c1nnc(NC(=O)c2scnc2C2CC2)s1,4.0279000000000025,C=C1C=NCSSCC(C(=O)NCCC(C)C)=NN=CS1,True,3.2032000000000016,-0.8247000000000009,0.16666666666666666,False,True
3.0,bin,15,0.4522000253200531,0.39010000228881836,0.5143000483512878,1675660,COc1ccnc(NC(=O)c2cccc(Cl)c2)c1,2.9959000000000007,O=C(Nc1cc(Br)ccn1)c1ccc(F)c(F)c1,True,3.374600000000001,0.37870000000000026,0.4230769230769231,False,True
3.0,bin,15,0.4522000253200531,0.39010000228881836,0.5143000483512878,1689728,CCc1noc(CSc2ncnc3sc(C)cc23)n1,3.237420000000002,CCCC=NOC(=N)CSc1ncnc2sc(CC)cc12,True,4.125570000000002,0.8881500000000004,0.35294117647058826,False,True
3.0,bin,15,0.4522000253200531,0.39010000228881836,0.5143000483512878,1720876,CC(C)(C)CC(=O)NCC(=O)Nc1ccc2c(c1)COC2,2.2077,CCCCCC(=O)NCC(=O)Nc1ccc2c(c1)COC2,True,2.351800000000001,0.14410000000000078,0.6666666666666666,False,True
3.0,bin,15,0.4522000253200531,0.39010000228881836,0.5143000483512878,1757109,CC(C)Cc1ncc(CNc2ccc3c(c2)COC3)s1,3.983900000000003,FC(Cl)(Cl)C=NC=C(S)CNc1ccc2c(c1)COC2,True,4.071600000000002,0.087699999999999,0.3230769230769231,False,True
3.0,bin,15,0.4522000253200531,0.39010000228881836,0.5143000483512878,1774061,O=C1NCCCc2[nH]c(-c3cccc4[nH]ccc34)nc21,2.234,Nc1c(OC(F)F)cccc1C1NCC2=C1C(=O)NCC2,True,1.3310000000000002,-0.9029999999999998,0.19444444444444445,False,True
3.0,bin,15,0.4522000253200531,0.39010000228881836,0.5143000483512878,1800687,Cc1nn(C)c(-c2nc(-c3cccnn3)no2)c1Cl,1.8889199999999997,CCCn1nc(C)c(Cl)c1-c1nc(-c2cccnn2)no1,True,2.761920000000001,0.8730000000000011,0.74,False,True
3.0,bin,15,0.4522000253200531,0.39010000228881836,0.5143000483512878,1815867,FC(F)(F)c1ccc(CN2CCOCC2c2ncon2)cc1,2.661900000000001,Clc1ccc(Cl)c(CN2CCOCC2c2ncon2)c1Cl,True,3.6033000000000026,0.9414000000000016,0.6111111111111112,False,True
3.0,bin,15,0.4522000253200531,0.39010000228881836,0.5143000483512878,1828580,Cc1ccc(N2CC3OCC(=O)N(Cc4cccc(F)c4)C3C2)nn1,1.54032,O=C1COC2CN(c3ccc(F)c(Cl)c3)CC2N1Cc1ccccc1,True,3.0953000000000017,1.5549800000000018,0.5074626865671642,False,True
3.0,bin,15,0.4522000253200531,0.39010000228881836,0.5143000483512878,1836183,CCc1ccc(C(=O)NCc2nccc(N(C)C)n2)cc1,2.035,Cc1cc(C)c(C(=O)NCc2nccc(N(C)C)n2)c(C)c1,True,2.3978600000000005,0.3628600000000004,0.6,False,True
3.0,bin,15,0.4522000253200531,0.39010000228881836,0.5143000483512878,1842499,COc1ccccc1COc1ccccc1-c1cnn(CCO)c1,3.1300000000000017,COCCNC1=CC=CC=CC(OCc2ccccc2OC)=C1,True,3.3416000000000023,0.21160000000000068,0.30303030303030304,False,True
3.0,bin,15,0.4522000253200531,0.39010000228881836,0.5143000483512878,1865564,COC(CNC(=O)c1ccoc1)c1cccc(F)c1,2.536200000000001,O=C(F)NCC(O)c1c(Cl)ccc(F)c1OCF,True,2.4974000000000007,-0.03880000000000017,0.2028985507246377,False,True
3.0,bin,15,0.4522000253200531,0.39010000228881836,0.5143000483512878,1868773,CCCOc1ccc(Cl)c2c1CCNC2C1CC(=O)C1,3.2947000000000015,CCCCCCN1CCc2c(F)cc(F)cc2C1=O,True,3.5434000000000028,0.24870000000000125,0.17142857142857143,False,True
3.0,bin,15,0.4522000253200531,0.39010000228881836,0.5143000483512878,1873123,CCC1OC(=O)c2c(OC)ccc(Br)c21,3.079200000000002,CCCC1COC(=O)c2cc(F)c(F)cc21,True,3.0189000000000012,-0.060300000000000686,0.17857142857142858,False,True
3.0,bin,15,0.4522000253200531,0.39010000228881836,0.5143000483512878,1875028,Cc1cccc(C)c1NCC(=O)N1CCCC2CCCCC21,3.8965400000000034,O=C(CNc1ccccc1C(F)(F)F)NCCC1CCCCC1,True,4.2039000000000035,0.3073600000000001,0.27419354838709675,False,True
3.0,bin,15,0.4522000253200531,0.39010000228881836,0.5143000483512878,1895921,CCC(CC)N(C)C(=O)CC1OC(=O)c2ccccc21,2.935200000000002,CCCC(C)(C)SCCOC(=O)c1ccccc1C=O,True,3.967800000000003,1.0326000000000013,0.1791044776119403,False,True
3.0,bin,15,0.4522000253200531,0.39010000228881836,0.5143000483512878,1907077,Cc1ccc2[nH]nc(C(=O)Nc3nc(-c4ccco4)cs3)c2c1,3.8401200000000015,CCn1nc(C(=O)Nc2nc(-c3ccco3)cs2)c2c(F)cccc21,True,4.164100000000002,0.3239800000000006,0.4722222222222222,False,True
3.0,bin,15,0.4522000253200531,0.39010000228881836,0.5143000483512878,1913063,Cc1nn(C)c(C)c1CN(C(=O)c1cn2cccc(C)c2n1)C1CC1,2.797860000000001,CCn1nc(C)c(CN(C(=O)c2cn3ccccc3n2)C2CC2)c1C,True,2.9723400000000018,0.17448000000000086,0.5909090909090909,False,True
3.0,bin,15,0.4522000253200531,0.39010000228881836,0.5143000483512878,1922265,CN(CCNC(=O)c1ccc2c(c1)ncn2C)c1ccccc1,2.4395000000000007,CCn1cnc2cc(C(=O)NCCNc3ccccc3)ccc21,True,2.8981000000000012,0.45860000000000056,0.5423728813559322,False,True
3.0,bin,16,0.5795501172542572,0.5143000483512878,0.6448001861572266,32052,COc1ccccc1CNC(=O)Cc1c[nH]c2ccccc12,3.035400000000001,O=C(Cc1c[nH]c2ccccc12)NCc1c(F)cccc1Cl,True,3.819300000000002,0.7839000000000009,0.5370370370370371,False,True
3.0,bin,16,0.5795501172542572,0.5143000483512878,0.6448001861572266,116747,COCCSc1ccccc1C(=O)Nc1cccc(C)n1,3.3808200000000017,CCCCOc1ccccc1C(=O)Nc1cccc(C)n1,True,3.821220000000002,0.44040000000000035,0.5660377358490566,False,True
3.0,bin,16,0.5795501172542572,0.5143000483512878,0.6448001861572266,131060,CS(=O)(=O)NCCc1csc(-c2ccc(F)cc2)n1,2.0408999999999997,COCCCNC(=O)Cc1csc(-c2ccc(C)cc2)n1,True,2.813720000000001,0.7728200000000012,0.36666666666666664,False,False
3.0,bin,16,0.5795501172542572,0.5143000483512878,0.6448001861572266,131949,CCc1c(C)nc(SCC(=O)NC(C)C)[nH]c1=O,1.25742,CCC=C(C)N=C(NC=O)SC(C)C(=O)N(C)C(C)C,True,2.3907000000000007,1.1332800000000007,0.14492753623188406,False,True
3.0,bin,16,0.5795501172542572,0.5143000483512878,0.6448001861572266,158879,COc1ccc(CC(=O)OCC(=O)c2c[nH]c3ccccc23)cc1,3.145100000000001,O=C(Cc1ccccc1Cl)OCC(=O)c1c[nH]c2ccccc12,True,3.789900000000002,0.6448000000000009,0.6153846153846154,False,True
3.0,bin,16,0.5795501172542572,0.5143000483512878,0.6448001861572266,232056,COCCNC(=O)c1cc(=O)c2cc(C)ccc2o1,1.4776199999999993,COCCC(C)NC(=O)c1cc(=O)c2cc(F)ccc2o1,True,2.0869,0.6092800000000007,0.5555555555555556,False,True
3.0,bin,16,0.5795501172542572,0.5143000483512878,0.6448001861572266,235788,O=C(Cn1nc(-c2ccco2)oc1=O)NCC(F)(F)F,0.7747999999999999,CC(C)N(C(=O)Cn1nc(-c2ccco2)oc1=O)C(C)C,True,1.7416999999999998,0.9668999999999999,0.5740740740740741,False,True
3.0,bin,16,0.5795501172542572,0.5143000483512878,0.6448001861572266,236081,CC(=O)c1c(C)[nH]c(C(=O)CSc2nc(C(C)C)n[nH]2)c1C,3.0506400000000014,C=Cc1nc(C(C)C)[nH]c1C(=O)C(C)(C)SC1CC=NN1,True,3.1758000000000015,0.12516000000000016,0.2,False,True
3.0,bin,16,0.5795501172542572,0.5143000483512878,0.6448001861572266,281081,O=C(Cn1cccn1)NCc1cccnc1Oc1ccc(F)cc1F,2.665000000000001,CC(NC(=O)Cn1cc(Cl)cn1)c1cccnc1Oc1ccccc1,True,3.601200000000002,0.9362000000000013,0.32051282051282054,False,True
3.0,bin,16,0.5795501172542572,0.5143000483512878,0.6448001861572266,284170,COc1ccc(-c2nc(CC(=O)Nc3cccc(C)n3)cs2)cc1,3.7033200000000024,CCc1cccc(NC(=O)Cc2csc(-c3ccc(F)cc3)n2)n1,True,4.087800000000003,0.3844800000000008,0.603448275862069,False,True
3.0,bin,16,0.5795501172542572,0.5143000483512878,0.6448001861572266,288369,Cc1ccc(NCc2nnc3n2CCCCC3)cc1C,3.2334400000000016,CC(C)(C)NC(=O)Nc1cccc(NCc2nnc3n2CCCCC3)c1,True,3.5366000000000026,0.303160000000001,0.5689655172413793,False,True
3.0,bin,16,0.5795501172542572,0.5143000483512878,0.6448001861572266,302889,COc1ccc(OC)c(NC(=O)CCNC(=O)c2cccs2)c1,2.5239000000000003,O=C(CCNC(=O)c1cccs1)Nc1ccc(Cl)cc1,True,3.160100000000001,0.6362000000000005,0.5272727272727272,False,False
3.0,bin,16,0.5795501172542572,0.5143000483512878,0.6448001861572266,327141,COc1ccc(OC)c(S(=O)(=O)Nc2ccn(C)n2)c1,1.2381,C=CCn1ccc(NS(=O)(=O)c2ccccc2)n1,True,1.8698999999999997,0.6317999999999997,0.29310344827586204,False,True
3.0,bin,16,0.5795501172542572,0.5143000483512878,0.6448001861572266,327382,CNC(=O)C1CN(C(=O)c2c(C)noc2C)c2ccccc2O1,1.4452399999999996,Cc1noc(C)c1C(=O)N1CC(C#N)Oc2ccccc21,True,2.2228200000000005,0.7775800000000008,0.6545454545454545,False,True
3.0,bin,16,0.5795501172542572,0.5143000483512878,0.6448001861572266,406491,COCCNC(=O)C1CCCN(S(=O)(=O)N2CCOCC2)C1,-0.9619999999999964,CC(C#N)OC(=O)C1CCCN(S(=O)(=O)N2CCOCC2)C1,True,-0.26931999999999845,0.692679999999998,0.5172413793103449,False,True
3.0,bin,16,0.5795501172542572,0.5143000483512878,0.6448001861572266,413951,O=C(Cn1ncn2cccc2c1=O)N1CCCCCC1,0.8985999999999996,CCC1=C(C)n2c1nnc(CC(=O)N1CCCCCC1)c2=O,True,1.695,0.7964000000000004,0.3,False,True
3.0,bin,16,0.5795501172542572,0.5143000483512878,0.6448001861572266,427929,CCNc1nc(NCc2ccccc2Cl)c2cnn(C)c2n1,3.060600000000001,CC(C)NC=NC(NCc1ccccc1Cl)=C1C=NN(C)C1=N,True,2.57597,-0.484630000000001,0.2876712328767123,False,True
3.0,bin,16,0.5795501172542572,0.5143000483512878,0.6448001861572266,447130,CCC(NC(=O)C1CCN(C(=O)C2CC2)CC1)c1ccc(C)cc1,3.2109200000000016,C=CC(=CC=CC)C(CC)NC(=O)C1CCN(C(=O)C(C)(C)C)CC1,True,3.8544000000000027,0.6434800000000012,0.3333333333333333,False,True
3.0,bin,16,0.5795501172542572,0.5143000483512878,0.6448001861572266,481908,CCNS(=O)(=O)c1ccc(C)c(C(=O)Nc2ncccc2C)c1,2.24894,Cc1ccnc(NC(=O)C2C=CC=CC(=O)CC2)c1,True,2.42002,0.1710799999999999,0.1917808219178082,False,True
3.0,bin,16,0.5795501172542572,0.5143000483512878,0.6448001861572266,485220,Cc1nn(CC(=O)N2CCN(C)CC2)c(C)c1Br,1.03644,Cc1c(Cl)c(C(=O)N2CCN(C)CC2C)nn1C(F)F,True,2.01612,0.9796799999999999,0.26666666666666666,False,True
3.0,bin,16,0.5795501172542572,0.5143000483512878,0.6448001861572266,526363,Cc1nnc(SCC(=O)Nc2ccc(O)cc2)n(N)c1=O,0.09692,COCCNC(C)=NN=C(NC=O)SCC(=O)Nc1ccccc1,True,1.0297,0.93278,0.22972972972972974,False,True
3.0,bin,16,0.5795501172542572,0.5143000483512878,0.6448001861572266,536853,COc1ccc(C2CCCN2C(=O)C2CCC2)c(OC)c1,3.1674000000000015,CCc1ccc(OC)c(C2CCCN2C(=O)C2CCC2)c1,True,3.721200000000003,0.5538000000000016,0.6346153846153846,False,True
3.0,bin,16,0.5795501172542572,0.5143000483512878,0.6448001861572266,540312,Cc1nn(C)c2nc(C3CC3)cc(C(=O)NCC(=O)NC(C)(C)C)c12,1.7986199999999997,CCCCn1nc(C)c2c(C(=O)NCC)cc(C3CC3)nc21,True,3.166920000000002,1.3683000000000023,0.5555555555555556,False,True
3.0,bin,16,0.5795501172542572,0.5143000483512878,0.6448001861572266,544381,Cc1nc(N2CCCC(C(=O)NC(C)C)C2)c2c(C)c(C)oc2n1,2.8890600000000006,Cc1nc(N2CCC(OC(F)(F)F)CC2)c2c(C)c(C)oc2n1,True,3.653260000000002,0.7642000000000015,0.45901639344262296,False,True
3.0,bin,16,0.5795501172542572,0.5143000483512878,0.6448001861572266,544382,CCCNC(=O)C1CCCN(c2nc(C)nc3oc(C)c(C)c23)C1,2.8906600000000013,CC1C=C(N2CCCC(C(=O)N(C)C)C2)N=C(C(C)C)N=CO1,True,2.1295,-0.7611600000000012,0.24691358024691357,False,True
3.0,bin,16,0.5795501172542572,0.5143000483512878,0.6448001861572266,550049,Cc1ccc(C)c(OCC(=O)Nc2cccc(-n3cnnc3)c2)c1,2.9016400000000013,CC=CC(C)=C1OC(C(=O)Nc2cccc(-n3cnnc3)c2)CC=C1C,True,3.791100000000002,0.8894600000000006,0.39436619718309857,False,True
3.0,bin,16,0.5795501172542572,0.5143000483512878,0.6448001861572266,573533,Cc1nn(-c2ncc(C(F)(F)F)cc2Cl)c(=O)o1,2.2011199999999995,CC(C)(C)c1nn(-c2ncc(Cl)cc2Cl)c(=O)o1,True,2.8248000000000006,0.6236800000000011,0.5102040816326531,False,True
3.0,bin,16,0.5795501172542572,0.5143000483512878,0.6448001861572266,582555,O=C(NCC(O)c1ccccc1)c1ccc2c(=O)n3c(nc2c1)CCC3,1.8061000000000003,C=CC1=CC=CC=C(C)CNC(=O)c2ccc3c(=O)[nH]c(nc3c2)C1,True,2.823900000000001,1.0178000000000007,0.16279069767441862,False,True
3.0,bin,16,0.5795501172542572,0.5143000483512878,0.6448001861572266,588547,Cc1n[nH]c(C)c1NC(=O)CCc1ccc(Cl)cc1Cl,3.9046400000000023,CCC(CC(=O)Nc1c[nH]nc1C)c1ccc(Cl)c(Cl)c1,True,4.547320000000004,0.6426800000000013,0.29850746268656714,False,True
3.0,bin,16,0.5795501172542572,0.5143000483512878,0.6448001861572266,607673,CCCN(CC1CC1)S(=O)(=O)c1ccccc1F,2.636400000000001,CCCCCN(CC1CC1)S(=O)(=O)c1ccccc1,True,3.2775000000000025,0.6411000000000016,0.5434782608695652,False,True
3.0,bin,16,0.5795501172542572,0.5143000483512878,0.6448001861572266,617681,Cc1cc(C(=O)Nc2nc(-c3ccncc3)cs2)nn1C(C)C,3.5432200000000016,CCC(CC)n1nc(C(=O)Nc2nc(-c3ccncc3)cs2)cc1C,True,4.323420000000003,0.7802000000000016,0.7924528301886793,False,True
3.0,bin,16,0.5795501172542572,0.5143000483512878,0.6448001861572266,650267,COc1ccc2oc(C(=O)NC3CCCCNC3=O)c(C)c2c1,2.14832,CCc1c(C(=O)NC2CCCCNC2=O)oc2c(OC)cccc12,True,2.4023000000000003,0.2539800000000003,0.5217391304347826,False,True
3.0,bin,16,0.5795501172542572,0.5143000483512878,0.6448001861572266,668639,Cc1cc(NC(=O)c2ccccc2Cl)ncc1N,2.8779200000000005,Cc1ccnc(NC(=O)C2=CC=CCC(C)C2)c1,True,3.2410200000000016,0.3631000000000011,0.2698412698412698,False,True
3.0,bin,16,0.5795501172542572,0.5143000483512878,0.6448001861572266,673160,CCC(=O)Nc1ccc2oc(C(F)(F)F)cc(=O)c2c1,3.160300000000001,CC1=C(Br)C=C2CC(=O)C(C(F)(F)F)=CC21,True,3.673000000000001,0.5126999999999997,0.140625,False,True
3.0,bin,16,0.5795501172542572,0.5143000483512878,0.6448001861572266,711169,Cc1cccc(C(C)C)c1NC(=O)N(C)Cc1ccncc1,4.177320000000003,CC(C)c1cccc(C(C)C)c1NC(=O)N(C)Cc1ccncc1,True,4.992300000000004,0.8149800000000011,0.8604651162790697,False,False
3.0,bin,16,0.5795501172542572,0.5143000483512878,0.6448001861572266,720969,Cc1noc(C)c1CCC(=O)OCC(=O)N1c2ccccc2CC1C,2.7450400000000013,Cc1ccccc1NC(=O)C(C)OC(=O)CC(C)c1c(C)noc1C,True,3.6638600000000023,0.9188200000000011,0.2692307692307692,False,True
3.0,bin,16,0.5795501172542572,0.5143000483512878,0.6448001861572266,730789,COC(=O)C1CCN(C(=O)c2cc3ccc(F)cc3nc2C)CC1,2.7075200000000006,CCOCC1CCCN(C(=O)c2cc3ccccc3nc2C)C1,True,3.4319200000000025,0.7244000000000019,0.43283582089552236,False,True
3.0,bin,16,0.5795501172542572,0.5143000483512878,0.6448001861572266,738178,Cc1ccc(-n2ccnc2SCc2nc(C3CC3)no2)cc1C,4.041840000000003,Clc1ccc(-n2ccnc2SCc2nc(C3CC3)no2)c(Cl)c1,True,4.731800000000002,0.6899599999999984,0.6271186440677966,False,True
3.0,bin,16,0.5795501172542572,0.5143000483512878,0.6448001861572266,771897,COc1ccccc1OCC(=O)N(C)Cc1sccc1C,3.102520000000002,Cc1ccsc1CN(C)C(=O)COc1ccc(Cl)cc1,True,3.747320000000003,0.6448000000000009,0.62,False,True
3.0,bin,16,0.5795501172542572,0.5143000483512878,0.6448001861572266,811446,COC(=O)C1(NC(=O)c2cc(Br)c[nH]2)CCCCCC1,2.7730000000000006,CC(C)OC(=O)C1(C)CCCCC1NC(=O)c1cc(Cl)c[nH]1,True,3.298400000000001,0.5254000000000003,0.34375,False,True
3.0,bin,16,0.5795501172542572,0.5143000483512878,0.6448001861572266,848291,CCC(C)NC(=O)NCc1noc(-c2cccs2)n1,2.3958000000000004,CC(C)C(C)NC(=O)CCc1noc(-c2cccs2)n1,True,2.8914000000000017,0.4956000000000014,0.5689655172413793,False,True
3.0,bin,16,0.5795501172542572,0.5143000483512878,0.6448001861572266,863440,COc1ccc(-c2nc(CCCO)cs2)cc1OC,2.752200000000001,OCCCc1csc(-c2ccc(Cl)c(F)c2)n1,True,3.5275000000000016,0.7753000000000005,0.5833333333333334,False,True
3.0,bin,16,0.5795501172542572,0.5143000483512878,0.6448001861572266,864663,N#Cc1ccc(-c2cc(F)ccc2F)nc1N1CCCC1,3.498680000000002,N#Cc1ccc(N2CCCC2)nc1-c1ccc(C(F)(F)F)cc1,True,4.239280000000003,0.7406000000000006,0.3508771929824561,False,True
3.0,bin,16,0.5795501172542572,0.5143000483512878,0.6448001861572266,872100,CCc1cccc(C)c1NCC(O)c1ccc2c(c1)OCCO2,3.474120000000002,CCOc1cc2ccc1OC(=CC=CCC(C)(C)C)NCC2O,True,3.934500000000003,0.4603800000000011,0.16049382716049382,False,True
3.0,bin,16,0.5795501172542572,0.5143000483512878,0.6448001861572266,886334,COc1ccc(C(=O)N2CCCC(C(=O)N3CCCCC3)C2)c(O)c1,2.2655000000000003,O=C(c1ccc(F)cc1F)N1CCCC(C(=O)N2CCCCC2)C1,True,2.8295000000000012,0.564000000000001,0.5769230769230769,False,True
3.0,bin,16,0.5795501172542572,0.5143000483512878,0.6448001861572266,887387,COCCNC(=O)N(Cc1cccc(F)c1)CC1CCCO1,2.1627,C=CCNC(=O)N(Cc1ccc(OC)cc1)CC1CCCO1,True,2.5718000000000005,0.40910000000000046,0.5074626865671642,False,True
3.0,bin,16,0.5795501172542572,0.5143000483512878,0.6448001861572266,889149,N#Cc1ccc(NC(=O)c2ccc(Br)cc2Cl)nc1,3.621480000000001,CC(=CC=CC#N)NC(=O)c1cc(Cl)ccc1SC(F)F,True,4.368080000000002,0.7466000000000008,0.2054794520547945,False,True
3.0,bin,16,0.5795501172542572,0.5143000483512878,0.6448001861572266,913483,O=C(CNC(=O)NCCc1c(Cl)cccc1Cl)NC1CC1,2.1137000000000006,CC1CC(NC(=O)NCC(C)c2c(Cl)cccc2Cl)C1,True,4.194600000000002,2.0809000000000015,0.3508771929824561,False,True
3.0,bin,16,0.5795501172542572,0.5143000483512878,0.6448001861572266,917620,C=CCN(Cc1ccccc1OC)C(=O)c1csc(C)n1,3.288520000000002,CC=NC(F)C(=O)N(CCC(F)F)Cc1cccc(F)c1,True,3.195800000000002,-0.09271999999999991,0.16883116883116883,False,True
3.0,bin,16,0.5795501172542572,0.5143000483512878,0.6448001861572266,918312,CCOc1ccc(Cl)c(C(=O)N2CCN(c3ncccn3)CC2)n1,1.8860999999999997,CC(C)(C)c1cccnc1C(=O)N1CCN(c2ncc(F)cn2)CC1,True,2.270600000000001,0.3845000000000012,0.4262295081967213,False,True
3.0,bin,16,0.5795501172542572,0.5143000483512878,0.6448001861572266,922879,CC(=O)c1ccc(N2CCN(Cc3c(F)cccc3F)CC2)cc1,3.489600000000003,Fc1ccccc1CN1CCN(c2ccc(C(F)(F)F)cc2)CC1,True,4.166700000000004,0.6771000000000011,0.44,False,True
3.0,bin,16,0.5795501172542572,0.5143000483512878,0.6448001861572266,927535,COc1cc(CN2CCN(c3ccccc3F)CC2)ccc1O,2.862100000000002,Fc1ccc(CN2CCN(c3ccccc3)CC2)c(F)c1,True,3.2870000000000026,0.4249000000000005,0.3392857142857143,False,True
3.0,bin,16,0.5795501172542572,0.5143000483512878,0.6448001861572266,927567,Cc1ccccc1N1CCN(Cc2cccc(O)c2)CC1,3.022820000000001,CCC(=O)Nc1ccccc1N1CCN(Cc2ccccc2C)CC1,True,3.665720000000003,0.6429000000000018,0.41818181818181815,False,True
3.0,bin,16,0.5795501172542572,0.5143000483512878,0.6448001861572266,938108,CC(c1ccccc1)N(C)C(=O)CCC(=O)Nc1nccs1,3.0814000000000012,CC1CC1(NC(=O)CCC(=O)NC=NC=CS)c1ccccc1,True,2.3636,-0.7178000000000013,0.20270270270270271,False,True
3.0,bin,16,0.5795501172542572,0.5143000483512878,0.6448001861572266,943303,CN(CCCOc1ccccc1)C(=O)Nc1cccc2c1OCCO2,3.390600000000002,CC(C)N(CCCOc1ccccc1)C(=O)Nc1cccc2c1OCCO2,True,4.169200000000003,0.7786000000000008,0.7636363636363637,False,True
3.0,bin,16,0.5795501172542572,0.5143000483512878,0.6448001861572266,946289,CC(NC(=O)C1(c2cc(-c3ccco3)on2)CC1)c1ccccc1,3.843600000000002,CC(C)N(Cc1ccccc1)C(=O)C1(c2cc(-c3ccco3)on2)CC1,True,4.403400000000004,0.5598000000000019,0.5901639344262295,False,True
3.0,bin,16,0.5795501172542572,0.5143000483512878,0.6448001861572266,994077,Cc1nnc(Cn2c(-c3cccc(Br)c3)noc2=O)o1,2.0055199999999997,CC(C)Cc1nnc(Cn2c(-c3ccccc3F)noc2=O)o1,True,2.2721999999999998,0.26668000000000003,0.4426229508196721,False,True
3.0,bin,16,0.5795501172542572,0.5143000483512878,0.6448001861572266,1065620,O=C(NCc1cccnc1Oc1ccccc1)c1cccnc1,3.198900000000002,CC(NC(=O)c1cccnc1)c1cccnc1Oc1ccc(F)cc1,True,3.8990000000000027,0.7001000000000008,0.48333333333333334,False,True
3.0,bin,16,0.5795501172542572,0.5143000483512878,0.6448001861572266,1093926,CN(C(=O)CNc1cccc(OCC2CCCO2)c1)c1ccccc1,3.319300000000002,CC(Nc1cc(F)cc(F)c1)C(=O)N(C)c1ccccc1OC1CCCO1,True,3.943500000000002,0.6242000000000001,0.3291139240506329,False,True
3.0,bin,16,0.5795501172542572,0.5143000483512878,0.6448001861572266,1107920,CCc1ccc(-n2cc(C(=O)NC(C)c3ccccc3)nn2)cc1,3.320700000000002,CC(C)C(NC(=O)c1cn(-c2ccc(F)cc2)nn1)c1ccc(F)cc1,True,3.672600000000002,0.35189999999999966,0.5178571428571429,False,True
3.0,bin,16,0.5795501172542572,0.5143000483512878,0.6448001861572266,1113130,CC(NC(=O)Cn1nnnc1C(C)(C)C)c1cccc2ccccc12,3.0012000000000016,CC(C)c1nnnn1C(C)C(=O)NC(CC=Cc1ccccc1)C(C)C,True,3.6018000000000026,0.6006000000000009,0.2876712328767123,False,True
3.0,bin,16,0.5795501172542572,0.5143000483512878,0.6448001861572266,1121751,COC(=O)Cn1ccc(NS(=O)(=O)c2ccc(F)c(F)c2F)n1,1.2742,CCCNC1=CC(NS(=O)(=O)c2ccc(OC)c(OC)c2)=N1,True,1.2351999999999996,-0.03900000000000037,0.19718309859154928,False,True
3.0,bin,16,0.5795501172542572,0.5143000483512878,0.6448001861572266,1142531,CCOC(C)C(=O)NCCc1csc(-c2ccc(C)cc2)n1,3.2022200000000014,CCCCC(=O)NCc1csc(-c2ccc(F)cc2)n1,True,3.755600000000002,0.5533800000000006,0.4262295081967213,False,True
3.0,bin,16,0.5795501172542572,0.5143000483512878,0.6448001861572266,1212157,CN(Cc1ccc(F)c(F)c1)C(=O)c1cncc(-c2cnn(C)c2)c1,3.0325000000000015,CN(Cc1ccccc1C(F)(F)F)C(=O)C=C1C=C(c2cn[nH]c2)C=N1,True,3.4388000000000014,0.4062999999999999,0.18604651162790697,False,True
3.0,bin,16,0.5795501172542572,0.5143000483512878,0.6448001861572266,1215394,CCn1nc(C)cc1C(=O)Oc1cccc(NC(=O)C(C)C)c1,3.025120000000001,CCCn1nc(C)cc1C(=O)Oc1ccc(Cl)cc1,True,3.474120000000002,0.44900000000000073,0.4576271186440678,False,True
3.0,bin,16,0.5795501172542572,0.5143000483512878,0.6448001861572266,1232922,CC(C)(C)OC(=O)NC1CCCN(S(=O)(=O)N2CCOCC2)C1,0.5525000000000011,CCCCC1CCN(S(=O)(=O)N2CCOC(C(=O)OC)C2)C1,True,0.6171000000000002,0.0645999999999991,0.3230769230769231,False,True
3.0,bin,16,0.5795501172542572,0.5143000483512878,0.6448001861572266,1238973,FC(F)(F)c1cnc(N2CCn3c(nnc3C3CC3)C2)c(Cl)c1,3.2429000000000023,FC(F)(Cl)c1cnc(N2CCn3c(nnc3C3CC3)C2)c(Cl)c1,True,3.5122000000000018,0.26929999999999943,0.8571428571428571,False,True
3.0,bin,16,0.5795501172542572,0.5143000483512878,0.6448001861572266,1299495,Cc1cc(CC(=O)N2CCCC2C(C#N)c2ccccc2)no1,2.823900000000001,CCCc1cc(CC(=O)N2CCCC2C(C#N)c2ccccc2)no1,True,3.4679800000000025,0.6440800000000015,0.7666666666666667,False,True
3.0,bin,16,0.5795501172542572,0.5143000483512878,0.6448001861572266,1309906,CC(C)CC(NC(=O)c1cc(=O)c2ccccc2o1)C(=O)OC(C)C,2.8891000000000018,CCC(C)C(C)(C)NC(=O)c1cc(=O)c2cc(F)ccc2o1,True,3.486600000000002,0.5975000000000001,0.375,False,True
3.0,bin,16,0.5795501172542572,0.5143000483512878,0.6448001861572266,1362816,COCc1cccc(C(=O)NC2CC2c2cccc(Cl)c2)c1,3.772300000000002,O=C(NC1CC1c1cccc(Cl)c1)c1cccc(OC(F)F)c1,True,4.227300000000002,0.45500000000000007,0.625,False,True
3.0,bin,16,0.5795501172542572,0.5143000483512878,0.6448001861572266,1441838,COCC(=O)NC(C(=O)Nc1cccc(-c2nccs2)c1)C(C)C,2.5358,CC(C)N(C)C(=O)CCNC(=O)Nc1cccc(-c2nccs2)c1,True,3.1885000000000012,0.6527000000000012,0.5223880597014925,False,True
3.0,bin,16,0.5795501172542572,0.5143000483512878,0.6448001861572266,1450449,CCCNC(=O)CSc1nc2c(cc1C#N)CCCC2,2.450380000000001,CC(C)CCNC(=O)CSc1nc2c(cc1C#N)CCCC2,True,3.0864800000000017,0.6361000000000008,0.7924528301886793,False,True
3.0,bin,16,0.5795501172542572,0.5143000483512878,0.6448001861572266,1451910,O=S(=O)(NCc1nnc2ccccn12)c1ccc(F)c(F)c1,1.4859999999999995,O=S(=O)(NCc1nnc2ccccn12)c1ccccc1Br,True,1.9702999999999997,0.4843000000000002,0.5882352941176471,False,True
3.0,bin,16,0.5795501172542572,0.5143000483512878,0.6448001861572266,1479798,Cc1nc(C)c(CCC(=O)N(CC(C)C)CC(F)(F)F)c(=O)[nH]1,2.3662400000000003,CC=NC(C)=C(C=O)CCC(=O)N(CC(C)C)CC(F)(F)F,True,3.377100000000002,1.0108600000000019,0.4166666666666667,False,True
3.0,bin,16,0.5795501172542572,0.5143000483512878,0.6448001861572266,1507926,COC(=O)C(C)NC(=O)Cc1csc(-c2ccccc2Cl)n1,2.6837,CC(C)NC(=O)Cc1csc(-c2ccccc2Cl)n1,True,3.5306000000000015,0.8469000000000015,0.7708333333333334,False,True
3.0,bin,16,0.5795501172542572,0.5143000483512878,0.6448001861572266,1527882,Nc1ncccc1C(=O)Nc1ccc2cn[nH]c2c1,1.7923999999999998,CC(=O)c1ccc(C(=O)Nc2ccc3cn[nH]c3c2)cn1,True,2.4128,0.6204000000000001,0.5272727272727272,False,True
3.0,bin,16,0.5795501172542572,0.5143000483512878,0.6448001861572266,1532848,COc1ccc(-c2ccc3c(=O)[nH]cnc3c2)cc1Cl,3.2521000000000013,O=c1[nH]cnc2cc3c(C(F)(F)F)cccc3cc12,True,3.0951000000000004,-0.15700000000000092,0.34545454545454546,False,True
3.0,bin,16,0.5795501172542572,0.5143000483512878,0.6448001861572266,1548351,COc1cc(OC)c2c(c1)C(c1cnccn1)NCC2,1.7288999999999999,Cc1cc(C)c2c(c1O)CCNC2c1cnccn1,True,2.03414,0.30523999999999996,0.48148148148148145,False,True
3.0,bin,16,0.5795501172542572,0.5143000483512878,0.6448001861572266,1570134,COc1cccc(C(C)N2CCN(C(=O)c3ccc(O)cc3)CC2)c1,2.9198000000000013,CC(c1ccc(F)cc1)N1CCN(C(=O)c2cc(F)ccc2F)CC1,True,3.6229000000000022,0.703100000000001,0.39655172413793105,False,True
3.0,bin,16,0.5795501172542572,0.5143000483512878,0.6448001861572266,1611406,CC(C)(C)N1CC(NC(=O)C2COc3ccc(F)cc3C2)CC1=O,1.8923999999999994,CC(C)CCN1CC(NC(=O)C2COc3ccc(F)cc3C2)CC1=O,True,2.1399999999999997,0.24760000000000026,0.7049180327868853,False,True
3.0,bin,16,0.5795501172542572,0.5143000483512878,0.6448001861572266,1612684,CCCC1CN(C(=O)Nc2ccn(CCC(C)C)n2)CCO1,2.9620000000000015,CC(C)CCC1CN(C(=O)Nc2ccn(C(C)(C)C)n2)CCO1,True,3.307000000000002,0.34500000000000064,0.6557377049180327,False,True
3.0,bin,16,0.5795501172542572,0.5143000483512878,0.6448001861572266,1639675,CCC(CC)c1nnc(NC(=O)c2scnc2C2CC2)s1,4.0279000000000025,CCC(Cc1nncs1)SC(=O)c1scnc1C1CC1C(C)C,True,4.648800000000004,0.6209000000000016,0.323943661971831,False,True
3.0,bin,16,0.5795501172542572,0.5143000483512878,0.6448001861572266,1675660,COc1ccnc(NC(=O)c2cccc(Cl)c2)c1,2.9959000000000007,O=C(Nc1ccccn1)c1cc(C(F)(F)F)ccc1Cl,True,4.006100000000001,1.0102000000000002,0.3220338983050847,False,True
3.0,bin,16,0.5795501172542572,0.5143000483512878,0.6448001861572266,1689728,CCc1noc(CSc2ncnc3sc(C)cc23)n1,3.237420000000002,CCC=C1C=C(SC(C)C=NC(C)=NC(C)=NO)N=CN=CS1,True,4.343600000000004,1.106180000000002,0.12195121951219512,False,True
3.0,bin,16,0.5795501172542572,0.5143000483512878,0.6448001861572266,1720876,CC(C)(C)CC(=O)NCC(=O)Nc1ccc2c(c1)COC2,2.2077,COCOCc1cc(NC(=O)C(F)(F)F)ccc1Cl,True,2.9613000000000014,0.7536000000000014,0.234375,False,True
3.0,bin,16,0.5795501172542572,0.5143000483512878,0.6448001861572266,1757109,CC(C)Cc1ncc(CNc2ccc3c(c2)COC3)s1,3.983900000000003,Cc1nc(CCC(C)C)sc1CNc1ccc2c(c1)COC2,True,4.682420000000004,0.6985200000000011,0.543859649122807,False,True
3.0,bin,16,0.5795501172542572,0.5143000483512878,0.6448001861572266,1774061,O=C1NCCCc2[nH]c(-c3cccc4[nH]ccc34)nc21,2.234,C=C1c2cc[nH]c2C2=NC1Nc1c2cc(F)c(F)c1F,True,3.0478000000000005,0.8138000000000005,0.125,False,True
3.0,bin,16,0.5795501172542572,0.5143000483512878,0.6448001861572266,1800687,Cc1nn(C)c(-c2nc(-c3cccnn3)no2)c1Cl,1.8889199999999997,C=CCc1[nH]n(C)c1-c1nc(-c2ccc(Cl)cn2)no1,True,2.847100000000001,0.9581800000000014,0.3181818181818182,False,True
3.0,bin,16,0.5795501172542572,0.5143000483512878,0.6448001861572266,1815867,FC(F)(F)c1ccc(CN2CCOCC2c2ncon2)cc1,2.661900000000001,CC(c1cc(Cl)ccc1Cl)N1CCOCC1c1ncon1,True,3.510900000000003,0.849000000000002,0.421875,False,True
3.0,bin,16,0.5795501172542572,0.5143000483512878,0.6448001861572266,1828580,Cc1ccc(N2CC3OCC(=O)N(Cc4cccc(F)c4)C3C2)nn1,1.54032,CCCC(=O)N(CCCN(CCO)c1cccnn1)Cc1cccc(F)c1,True,2.633400000000001,1.093080000000001,0.2159090909090909,False,True
3.0,bin,16,0.5795501172542572,0.5143000483512878,0.6448001861572266,1836183,CCc1ccc(C(=O)NCc2nccc(N(C)C)n2)cc1,2.035,CC(C)C=C1C=CC(C(=O)NCc2nccc(N(C)C)n2)=C1,True,2.2374,0.2023999999999999,0.5357142857142857,False,True
3.0,bin,16,0.5795501172542572,0.5143000483512878,0.6448001861572266,1842499,COc1ccccc1COc1ccccc1-c1cnn(CCO)c1,3.1300000000000017,OCCCCn1cc(-c2ccccc2F)cn1,True,2.4617000000000004,-0.6683000000000012,0.4339622641509434,False,True
3.0,bin,16,0.5795501172542572,0.5143000483512878,0.6448001861572266,1865564,COC(CNC(=O)c1ccoc1)c1cccc(F)c1,2.536200000000001,O=C(NCC(O)c1c(Cl)cccc1Cl)c1ccoc1,True,3.049800000000001,0.5136000000000003,0.4727272727272727,False,True
3.0,bin,16,0.5795501172542572,0.5143000483512878,0.6448001861572266,1868773,CCCOc1ccc(Cl)c2c1CCNC2C1CC(=O)C1,3.2947000000000015,O=CCC(CCl)C1NCCc2c(Cl)ccc(Cl)c21,True,3.6242000000000028,0.32950000000000124,0.3225806451612903,False,True
3.0,bin,16,0.5795501172542572,0.5143000483512878,0.6448001861572266,1873123,CCC1OC(=O)c2c(OC)ccc(Br)c21,3.079200000000002,CCCC1OC(=O)c2cc(Br)cc(OC)c21,True,3.4693000000000023,0.39010000000000034,0.4375,False,True
3.0,bin,16,0.5795501172542572,0.5143000483512878,0.6448001861572266,1875028,Cc1cccc(C)c1NCC(=O)N1CCCC2CCCCC21,3.8965400000000034,CC(C)(C)c1ccc(NCC(=O)N2CCCC3CCCCC32)cc1,True,4.577200000000004,0.6806600000000005,0.6,False,True
3.0,bin,16,0.5795501172542572,0.5143000483512878,0.6448001861572266,1895921,CCC(CC)N(C)C(=O)CC1OC(=O)c2ccccc21,2.935200000000002,CC(C)CCCC(C)NC(=O)CC1OC(=O)c2ccccc21,True,3.619200000000002,0.6840000000000002,0.48148148148148145,False,True
3.0,bin,16,0.5795501172542572,0.5143000483512878,0.6448001861572266,1907077,Cc1ccc2[nH]nc(C(=O)Nc3nc(-c4ccco4)cs3)c2c1,3.8401200000000015,C=C(C)Cn1nc(C(=O)Nc2nc(-c3ccco3)cs2)c2ccccc21,True,4.581200000000003,0.7410800000000011,0.49295774647887325,False,True
3.0,bin,16,0.5795501172542572,0.5143000483512878,0.6448001861572266,1913063,Cc1nn(C)c(C)c1CN(C(=O)c1cn2cccc(C)c2n1)C1CC1,2.797860000000001,CCCn1nc(C)c(CN(C(=O)c2cn3ccccc3n2)C2CC2)c1C,True,3.362440000000002,0.5645800000000012,0.5970149253731343,False,True
3.0,bin,16,0.5795501172542572,0.5143000483512878,0.6448001861572266,1922265,CN(CCNC(=O)c1ccc2c(c1)ncn2C)c1ccccc1,2.4395000000000007,Cc1nc2cc(C(=O)NCCN(C)c3cccc(F)c3)ccc2n1C,True,2.8870200000000015,0.4475200000000008,0.5555555555555556,False,True
3.0,bin,17,0.7375200986862183,0.6448001861572266,0.83024001121521,32052,COc1ccccc1CNC(=O)Cc1c[nH]c2ccccc12,3.035400000000001,CC(C)N(Cc1ccccc1)C(=O)Cc1c[nH]c2ccccc12,True,4.147600000000003,1.1122000000000023,0.42857142857142855,False,True
3.0,bin,17,0.7375200986862183,0.6448001861572266,0.83024001121521,116747,COCCSc1ccccc1C(=O)Nc1cccc(C)n1,3.3808200000000017,CCCCCOc1ccccc1C(=O)Nc1cccc(C)n1,True,4.211320000000002,0.8305000000000007,0.5555555555555556,False,True
3.0,bin,17,0.7375200986862183,0.6448001861572266,0.83024001121521,131060,CS(=O)(=O)NCCc1csc(-c2ccc(F)cc2)n1,2.0408999999999997,COCCC(=O)NCCc1csc(-c2ccc(F)cc2)n1,True,2.644400000000001,0.6035000000000013,0.5660377358490566,False,True
3.0,bin,17,0.7375200986862183,0.6448001861572266,0.83024001121521,131949,CCc1c(C)nc(SCC(=O)NC(C)C)[nH]c1=O,1.25742,CCCCc1nc(C)c(SCC(=O)N(C)C)c(=O)[nH]1,True,1.6012199999999999,0.3437999999999999,0.3,False,True
3.0,bin,17,0.7375200986862183,0.6448001861572266,0.83024001121521,158879,COc1ccc(CC(=O)OCC(=O)c2c[nH]c3ccccc23)cc1,3.145100000000001,O=C(Cc1ccc(Br)cc1)OCC(=O)c1c[nH]c2ccccc12,True,3.899000000000002,0.7539000000000007,0.75,False,True
3.0,bin,17,0.7375200986862183,0.6448001861572266,0.83024001121521,232056,COCCNC(=O)c1cc(=O)c2cc(C)ccc2o1,1.4776199999999993,COC1=CCOC(C(=O)NCC(C)C)=CC(=O)OCC=C1C,True,1.6925,0.21488000000000063,0.23529411764705882,False,True
3.0,bin,17,0.7375200986862183,0.6448001861572266,0.83024001121521,235788,O=C(Cn1nc(-c2ccco2)oc1=O)NCC(F)(F)F,0.7747999999999999,CC(C)CCNC(=O)Cn1nc(-c2ccco2)oc1=O,True,1.2586000000000002,0.48380000000000023,0.6666666666666666,False,True
3.0,bin,17,0.7375200986862183,0.6448001861572266,0.83024001121521,236081,CC(=O)c1c(C)[nH]c(C(=O)CSc2nc(C(C)C)n[nH]2)c1C,3.0506400000000014,C=C(C)NC(C(=O)CSc1nc(C(C)(C)C)n[nH]1)=C(C)C(C)=O,True,2.749600000000001,-0.3010400000000004,0.30303030303030304,False,True
3.0,bin,17,0.7375200986862183,0.6448001861572266,0.83024001121521,281081,O=C(Cn1cccn1)NCc1cccnc1Oc1ccc(F)cc1F,2.665000000000001,O=C(Cn1cccn1)NCc1c(Cl)cccc1Cl,True,2.5063000000000004,-0.1587000000000005,0.45,False,True
3.0,bin,17,0.7375200986862183,0.6448001861572266,0.83024001121521,284170,COc1ccc(-c2nc(CC(=O)Nc3cccc(C)n3)cs2)cc1,3.7033200000000024,Cc1cccc(NC(=O)Cc2csc(-c3ccc(C)c(C)c3)n2)n1,True,4.311560000000004,0.6082400000000012,0.7358490566037735,False,True
3.0,bin,17,0.7375200986862183,0.6448001861572266,0.83024001121521,288369,Cc1ccc(NCc2nnc3n2CCCCC3)cc1C,3.2334400000000016,Clc1cc(Cl)cc(NCc2nnc3n2CCCCC3)c1,True,3.9234000000000018,0.6899600000000001,0.6382978723404256,False,False
3.0,bin,17,0.7375200986862183,0.6448001861572266,0.83024001121521,302889,COc1ccc(OC)c(NC(=O)CCNC(=O)c2cccs2)c1,2.5239000000000003,O=C(CCNC(=O)c1cccs1)Nc1ccc(F)c(Cl)c1,True,3.299200000000001,0.7753000000000005,0.5,False,False
3.0,bin,17,0.7375200986862183,0.6448001861572266,0.83024001121521,327141,COc1ccc(OC)c(S(=O)(=O)Nc2ccn(C)n2)c1,1.2381,CNC1=CC(NS(=O)(=O)c2ccc(OC(F)F)cc2)=N1,True,1.0391999999999997,-0.1989000000000003,0.22580645161290322,False,True
3.0,bin,17,0.7375200986862183,0.6448001861572266,0.83024001121521,327382,CNC(=O)C1CN(C(=O)c2c(C)noc2C)c2ccccc2O1,1.4452399999999996,CCN(CC)C(=O)CC1Oc2ccccc2N1C(=O)c1cnoc1C,True,2.606820000000001,1.1615800000000012,0.3055555555555556,False,True
3.0,bin,17,0.7375200986862183,0.6448001861572266,0.83024001121521,406491,COCCNC(=O)C1CCCN(S(=O)(=O)N2CCOCC2)C1,-0.9619999999999964,O=S(=O)(N1CCCCC1)N1CCOCC1,True,0.049300000000000344,1.0112999999999968,0.391304347826087,False,True
3.0,bin,17,0.7375200986862183,0.6448001861572266,0.83024001121521,413951,O=C(Cn1ncn2cccc2c1=O)N1CCCCCC1,0.8985999999999996,C=CCNN=CN(CC(=O)N1CCCCCC1)C(=O)c1ccc[nH]1,True,1.578399999999999,0.6797999999999993,0.2535211267605634,False,True
3.0,bin,17,0.7375200986862183,0.6448001861572266,0.83024001121521,427929,CCNc1nc(NCc2ccccc2Cl)c2cnn(C)c2n1,3.060600000000001,CCSc1nc(NCc2cccc(Cl)c2)c2cnn(C)c2n1,True,3.740800000000003,0.6802000000000019,0.46774193548387094,False,True
3.0,bin,17,0.7375200986862183,0.6448001861572266,0.83024001121521,447130,CCC(NC(=O)C1CCN(C(=O)C2CC2)CC1)c1ccc(C)cc1,3.2109200000000016,CCC(Cl)=CC=CC1CC1C(=O)N1C(C)C=CC=C2CCCCC21,True,5.3673000000000055,2.156380000000004,0.19230769230769232,False,True
3.0,bin,17,0.7375200986862183,0.6448001861572266,0.83024001121521,481908,CCNS(=O)(=O)c1ccc(C)c(C(=O)Nc2ncccc2C)c1,2.24894,CCC(=O)N(C)c1ccc(C)c(C(=O)Nc2ncccc2C)c1,True,3.3235400000000013,1.074600000000001,0.5714285714285714,False,True
3.0,bin,17,0.7375200986862183,0.6448001861572266,0.83024001121521,485220,Cc1nn(CC(=O)N2CCN(C)CC2)c(C)c1Br,1.03644,CCN1CCN(C(=O)Cn2nc(C(F)(F)F)cc2C)CC1,True,1.37442,0.33797999999999995,0.37037037037037035,False,True
3.0,bin,17,0.7375200986862183,0.6448001861572266,0.83024001121521,526363,Cc1nnc(SCC(=O)Nc2ccc(O)cc2)n(N)c1=O,0.09692,Cc1nnc(SCC(=O)Nc2ccccc2F)n(N)c1=O,True,0.5304200000000001,0.4335000000000001,0.6415094339622641,False,False
3.0,bin,17,0.7375200986862183,0.6448001861572266,0.83024001121521,536853,COc1ccc(C2CCCN2C(=O)C2CCC2)c(OC)c1,3.1674000000000015,O=C(C1CCC1)N1CCCC1c1cccc(Br)c1,True,3.9127000000000027,0.7453000000000012,0.5,False,True
3.0,bin,17,0.7375200986862183,0.6448001861572266,0.83024001121521,540312,Cc1nn(C)c2nc(C3CC3)cc(C(=O)NCC(=O)NC(C)(C)C)c12,1.7986199999999997,Cc1nn(C)c2nc(C3CC3)cc(C(=O)NCC(F)(F)F)c12,True,2.4462200000000003,0.6476000000000006,0.7017543859649122,False,True
3.0,bin,17,0.7375200986862183,0.6448001861572266,0.83024001121521,544381,Cc1nc(N2CCCC(C(=O)NC(C)C)C2)c2c(C)c(C)oc2n1,2.8890600000000006,CCC=C(N=C(C)OCC)N1CCCC(C(=O)NCCC(C)C)C1,True,3.567000000000003,0.6779400000000022,0.2564102564102564,False,True
3.0,bin,17,0.7375200986862183,0.6448001861572266,0.83024001121521,544382,CCCNC(=O)C1CCCN(c2nc(C)nc3oc(C)c(C)c23)C1,2.8906600000000013,CCC=C(N=C(C)OCC)N1CCCC(C(=O)OCC(C)C)C1,True,3.603900000000003,0.7132400000000017,0.20987654320987653,False,True
3.0,bin,17,0.7375200986862183,0.6448001861572266,0.83024001121521,550049,Cc1ccc(C)c(OCC(=O)Nc2cccc(-n3cnnc3)c2)c1,2.9016400000000013,C=CC(=CC=CC)OCC(=O)N1C=CC=Cn2cnnc2C(C)(C)CC=C1,True,3.948700000000003,1.0470600000000019,0.14444444444444443,False,True
3.0,bin,17,0.7375200986862183,0.6448001861572266,0.83024001121521,573533,Cc1nn(-c2ncc(C(F)(F)F)cc2Cl)c(=O)o1,2.2011199999999995,Cc1nn(-c2nc(C(F)(F)F)ccc2SC(C)C)c(=O)o1,True,3.0482200000000015,0.847100000000002,0.42857142857142855,False,True
3.0,bin,17,0.7375200986862183,0.6448001861572266,0.83024001121521,582555,O=C(NCC(O)c1ccccc1)c1ccc2c(=O)n3c(nc2c1)CCC3,1.8061000000000003,O=C(NCCc1ccccc1)c1ccc2c(=O)n3c(nc2c1)CCC3,True,2.3152,0.5090999999999997,0.7,False,False
3.0,bin,17,0.7375200986862183,0.6448001861572266,0.83024001121521,588547,Cc1n[nH]c(C)c1NC(=O)CCc1ccc(Cl)cc1Cl,3.9046400000000023,Cc1[nH]nc(C(C)(C)C)c1NC(=O)CC(C)(C)c1ccccc1,True,4.322020000000004,0.4173800000000014,0.3442622950819672,False,True
3.0,bin,17,0.7375200986862183,0.6448001861572266,0.83024001121521,607673,CCCN(CC1CC1)S(=O)(=O)c1ccccc1F,2.636400000000001,CCCCN(CC1CC1)S(=O)(=O)c1c(F)cccc1F,True,3.165600000000002,0.5292000000000012,0.6363636363636364,False,True
3.0,bin,17,0.7375200986862183,0.6448001861572266,0.83024001121521,617681,Cc1cc(C(=O)Nc2nc(-c3ccncc3)cs2)nn1C(C)C,3.5432200000000016,C=C(N=C1N(C)C(=O)C2=NN(C(C)C(C)C)C=C[SH]21)c1ccncc1,True,3.0263000000000018,-0.5169199999999998,0.1728395061728395,False,True
3.0,bin,17,0.7375200986862183,0.6448001861572266,0.83024001121521,650267,COc1ccc2oc(C(=O)NC3CCCCNC3=O)c(C)c2c1,2.14832,CC=CCOC(=O)C(=O)NC1CCCCNC1,True,0.36399999999999993,-1.7843200000000001,0.2,False,True
3.0,bin,17,0.7375200986862183,0.6448001861572266,0.83024001121521,668639,Cc1cc(NC(=O)c2ccccc2Cl)ncc1N,2.8779200000000005,Cc1ccnc(NC(=O)c2ccccc2SC(F)F)c1,True,3.9570200000000026,1.0791000000000022,0.38596491228070173,False,True
3.0,bin,17,0.7375200986862183,0.6448001861572266,0.83024001121521,673160,CCC(=O)Nc1ccc2oc(C(F)(F)F)cc(=O)c2c1,3.160300000000001,CC(C)(C)C(=O)Cc1cc(=O)c2cc(C(F)(F)F)ccc2o1,True,3.9695000000000036,0.8092000000000024,0.43636363636363634,False,True
3.0,bin,17,0.7375200986862183,0.6448001861572266,0.83024001121521,711169,Cc1cccc(C(C)C)c1NC(=O)N(C)Cc1ccncc1,4.177320000000003,CCC(CC)N(Cc1ccncc1)C(=O)Nc1c(C)cccc1C,True,4.921140000000005,0.7438200000000021,0.5882352941176471,False,True
3.0,bin,17,0.7375200986862183,0.6448001861572266,0.83024001121521,720969,Cc1noc(C)c1CCC(=O)OCC(=O)N1c2ccccc2CC1C,2.7450400000000013,Cc1onc(C(C)(C)C)c1CCC(=O)OCC(=O)N1CCc2ccccc21,True,3.345620000000002,0.6005800000000008,0.5362318840579711,False,True
3.0,bin,17,0.7375200986862183,0.6448001861572266,0.83024001121521,730789,COC(=O)C1CCN(C(=O)c2cc3ccc(F)cc3nc2C)CC1,2.7075200000000006,Cc1nc2ccc(Cl)cc2cc1C(=O)N1CCCCC1C#N,True,3.7149000000000028,1.0073800000000022,0.34285714285714286,False,True
3.0,bin,17,0.7375200986862183,0.6448001861572266,0.83024001121521,738178,Cc1ccc(-n2ccnc2SCc2nc(C3CC3)no2)cc1C,4.041840000000003,Clc1cccc(-n2ccnc2SCc2nc(C3CC3)no2)c1Cl,True,4.731800000000002,0.6899599999999984,0.6,False,True
3.0,bin,17,0.7375200986862183,0.6448001861572266,0.83024001121521,771897,COc1ccccc1OCC(=O)N(C)Cc1sccc1C,3.102520000000002,CSc1ccc(OCC(=O)N(C)Cc2sccc2C)cc1,True,3.815820000000003,0.7133000000000012,0.5961538461538461,False,True
3.0,bin,17,0.7375200986862183,0.6448001861572266,0.83024001121521,811446,COC(=O)C1(NC(=O)c2cc(Br)c[nH]2)CCCCCC1,2.7730000000000006,CCCCC(COCC)NC(=O)c1cc(Br)c[nH]1,True,3.1023000000000014,0.3293000000000008,0.3793103448275862,False,True
3.0,bin,17,0.7375200986862183,0.6448001861572266,0.83024001121521,848291,CCC(C)NC(=O)NCc1noc(-c2cccs2)n1,2.3958000000000004,CCCC(C)(C)NC(=O)Cc1noc(-c2cccs2)n1,True,3.0355000000000008,0.6397000000000004,0.5081967213114754,False,True
3.0,bin,17,0.7375200986862183,0.6448001861572266,0.83024001121521,863440,COc1ccc(-c2nc(CCCO)cs2)cc1OC,2.752200000000001,CC(C)Oc1ccc(-c2nc(CCO)cs2)cc1,True,3.132100000000002,0.379900000000001,0.48,False,True
3.0,bin,17,0.7375200986862183,0.6448001861572266,0.83024001121521,864663,N#Cc1ccc(-c2cc(F)ccc2F)nc1N1CCCC1,3.498680000000002,N#Cc1ccc(-c2nc(N3CCCC3)ccc2C(F)(F)F)cc1,True,4.239280000000003,0.7406000000000006,0.3050847457627119,False,True
3.0,bin,17,0.7375200986862183,0.6448001861572266,0.83024001121521,872100,CCc1cccc(C)c1NCC(O)c1ccc2c(c1)OCCO2,3.474120000000002,CC(C)(C)c1cccc(F)c1NCC(O)c1ccc2c(c1)OCCO2,True,4.039900000000003,0.5657800000000011,0.5789473684210527,False,True
3.0,bin,17,0.7375200986862183,0.6448001861572266,0.83024001121521,886334,COc1ccc(C(=O)N2CCCC(C(=O)N3CCCCC3)C2)c(O)c1,2.2655000000000003,O=C(c1c(F)cccc1Cl)N1CCCC(C(=O)N2CCCCC2)C1,True,3.3438000000000017,1.0783000000000014,0.45614035087719296,False,True
3.0,bin,17,0.7375200986862183,0.6448001861572266,0.83024001121521,887387,COCCNC(=O)N(Cc1cccc(F)c1)CC1CCCO1,2.1627,C=CCNC(=O)N(Cc1ccc(F)cc1)CC1CCCO1,True,2.702300000000001,0.539600000000001,0.546875,False,True
3.0,bin,17,0.7375200986862183,0.6448001861572266,0.83024001121521,889149,N#Cc1ccc(NC(=O)c2ccc(Br)cc2Cl)nc1,3.621480000000001,O=C(Nc1ccc(Cl)c(Cl)n1)c1cc(Cl)ccc1F,True,4.4332,0.8117199999999993,0.3333333333333333,False,True
3.0,bin,17,0.7375200986862183,0.6448001861572266,0.83024001121521,913483,O=C(CNC(=O)NCCc1c(Cl)cccc1Cl)NC1CC1,2.1137000000000006,CC(C)(C#N)NC(=O)CN1CCC1(C)Cc1ccccc1Cl,True,2.7652800000000006,0.65158,0.2112676056338028,False,True
3.0,bin,17,0.7375200986862183,0.6448001861572266,0.83024001121521,917620,C=CCN(Cc1ccccc1OC)C(=O)c1csc(C)n1,3.288520000000002,C=CCN(Cc1ccc(Cl)cc1)C(=O)c1csc(C)n1,True,3.933320000000003,0.6448000000000009,0.6,False,True
3.0,bin,17,0.7375200986862183,0.6448001861572266,0.83024001121521,918312,CCOc1ccc(Cl)c(C(=O)N2CCN(c3ncccn3)CC2)n1,1.8860999999999997,CC(C)c1ccc(Cl)c(C(=O)N2CCN(c3ncccn3)CC2)n1,True,2.6108000000000002,0.7247000000000006,0.6538461538461539,False,True
3.0,bin,17,0.7375200986862183,0.6448001861572266,0.83024001121521,922879,CC(=O)c1ccc(N2CCN(Cc3c(F)cccc3F)CC2)cc1,3.489600000000003,Clc1cccc(CN2CCN(c3ccccc3Cl)CC2)c1,True,4.315600000000003,0.8260000000000005,0.2727272727272727,False,True
3.0,bin,17,0.7375200986862183,0.6448001861572266,0.83024001121521,927535,COc1cc(CN2CCN(c3ccccc3F)CC2)ccc1O,2.862100000000002,Oc1cc(F)ccc1N1CCN(Cc2ccccc2Cl)CC1,True,3.5069000000000026,0.6448000000000005,0.39655172413793105,False,True
3.0,bin,17,0.7375200986862183,0.6448001861572266,0.83024001121521,927567,Cc1ccccc1N1CCN(Cc2cccc(O)c2)CC1,3.022820000000001,Fc1ccc(CN2CCN(c3ccccc3Cl)CC2)cc1,True,3.801300000000003,0.7784800000000018,0.425531914893617,False,True
3.0,bin,17,0.7375200986862183,0.6448001861572266,0.83024001121521,938108,CC(c1ccccc1)N(C)C(=O)CCC(=O)Nc1nccs1,3.0814000000000012,CCC(NC(=O)CCC(=O)N(CC)c1nccs1)c1ccc(F)cc1,True,3.682800000000003,0.6014000000000017,0.36764705882352944,False,True
3.0,bin,17,0.7375200986862183,0.6448001861572266,0.83024001121521,943303,CN(CCCOc1ccccc1)C(=O)Nc1cccc2c1OCCO2,3.390600000000002,CC(C)N(CCCOc1ccc(F)cc1)C(=O)Nc1cccc2c1OCCO2,True,4.308300000000004,0.9177000000000017,0.639344262295082,False,True
3.0,bin,17,0.7375200986862183,0.6448001861572266,0.83024001121521,946289,CC(NC(=O)C1(c2cc(-c3ccco3)on2)CC1)c1ccccc1,3.843600000000002,CC(C)C1NC(=O)C2(N=C2C=C(O)c2ccco2)C1c1ccccc1,True,3.310100000000001,-0.533500000000001,0.23376623376623376,False,True
3.0,bin,17,0.7375200986862183,0.6448001861572266,0.83024001121521,994077,Cc1nnc(Cn2c(-c3cccc(Br)c3)noc2=O)o1,2.0055199999999997,CC(C)CC1=NN=C(CN2CON=C2c2ccc(F)c(F)c2)OO1,True,2.636000000000001,0.6304800000000013,0.14285714285714285,False,True
3.0,bin,17,0.7375200986862183,0.6448001861572266,0.83024001121521,1065620,O=C(NCc1cccnc1Oc1ccccc1)c1cccnc1,3.198900000000002,O=C(NCc1cc(Br)cnc1Oc1ccccc1)c1cccnc1,True,3.961400000000002,0.7625000000000002,0.76,False,True
3.0,bin,17,0.7375200986862183,0.6448001861572266,0.83024001121521,1093926,CN(C(=O)CNc1cccc(OCC2CCCO2)c1)c1ccccc1,3.319300000000002,CN1C(=O)C(C)(C)NC2=CC(=CC2OCCCCO)C1c1ccccc1,True,2.549500000000001,-0.7698000000000009,0.1348314606741573,False,True
3.0,bin,17,0.7375200986862183,0.6448001861572266,0.83024001121521,1107920,CCc1ccc(-n2cc(C(=O)NC(C)c3ccccc3)nn2)cc1,3.320700000000002,CC(C)CC(NC(=O)c1cn(-c2ccc(F)cc2)nn1)c1ccccc1,True,3.923600000000002,0.6029,0.5964912280701754,False,True
3.0,bin,17,0.7375200986862183,0.6448001861572266,0.83024001121521,1113130,CC(NC(=O)Cn1nnnc1C(C)(C)C)c1cccc2ccccc12,3.0012000000000016,CC(C(=O)N(Cl)Cc1ccccc1)n1nnnc1C(C)(C)C,True,2.714200000000001,-0.2870000000000008,0.390625,False,True
3.0,bin,17,0.7375200986862183,0.6448001861572266,0.83024001121521,1121751,COC(=O)Cn1ccc(NS(=O)(=O)c2ccc(F)c(F)c2F)n1,1.2742,CCCn1ccc(NS(=O)(=O)c2ccc(F)c(C)c2)n1,True,2.5414200000000005,1.2672200000000005,0.43333333333333335,False,True
3.0,bin,17,0.7375200986862183,0.6448001861572266,0.83024001121521,1142531,CCOC(C)C(=O)NCCc1csc(-c2ccc(C)cc2)n1,3.2022200000000014,CCCCC(=O)NCCc1csc(-c2ccc(C)cc2)n1,True,3.9674200000000024,0.765200000000001,0.6481481481481481,False,True
3.0,bin,17,0.7375200986862183,0.6448001861572266,0.83024001121521,1212157,CN(Cc1ccc(F)c(F)c1)C(=O)c1cncc(-c2cnn(C)c2)c1,3.0325000000000015,CC(c1cc(Cl)ccc1F)N(C)C(=O)c1cncc(-c2cn[nH]c2)c1,True,4.097400000000002,1.0649000000000006,0.3611111111111111,False,True
3.0,bin,17,0.7375200986862183,0.6448001861572266,0.83024001121521,1215394,CCn1nc(C)cc1C(=O)Oc1cccc(NC(=O)C(C)C)c1,3.025120000000001,CCn1nc(C(C)C)cc1C(=O)Oc1cc(F)c(F)c(F)c1,True,3.662900000000003,0.637780000000002,0.4406779661016949,False,True
3.0,bin,17,0.7375200986862183,0.6448001861572266,0.83024001121521,1232922,CC(C)(C)OC(=O)NC1CCCN(S(=O)(=O)N2CCOCC2)C1,0.5525000000000011,CC1CC(NS(=O)(=O)N2CCOCC2)CC1(F)Cl,True,0.8561000000000001,0.303599999999999,0.27419354838709675,False,True
3.0,bin,17,0.7375200986862183,0.6448001861572266,0.83024001121521,1238973,FC(F)(F)c1cnc(N2CCn3c(nnc3C3CC3)C2)c(Cl)c1,3.2429000000000023,FC(F)(Cl)c1nc(NC2CNC(C3CC3)C2)ncc1Cl,True,2.9705000000000013,-0.2724000000000011,0.1891891891891892,False,True
3.0,bin,17,0.7375200986862183,0.6448001861572266,0.83024001121521,1299495,Cc1cc(CC(=O)N2CCCC2C(C#N)c2ccccc2)no1,2.823900000000001,CC(C)c1cc(CC(=O)N2CCCC2C(C#N)c2ccccc2)no1,True,3.638880000000003,0.814980000000002,0.8070175438596491,False,True
3.0,bin,17,0.7375200986862183,0.6448001861572266,0.83024001121521,1309906,CC(C)CC(NC(=O)c1cc(=O)c2ccccc2o1)C(=O)OC(C)C,2.8891000000000018,CCC(CC)CN(CC)C(=O)c1cc(=O)c2ccccc2o1,True,3.6913000000000027,0.8022000000000009,0.43333333333333335,False,True
3.0,bin,17,0.7375200986862183,0.6448001861572266,0.83024001121521,1362816,COCc1cccc(C(=O)NC2CC2c2cccc(Cl)c2)c1,3.772300000000002,O=C(NC1CC1c1cccc(Cl)c1)c1cc(F)cc(Cl)c1,True,4.418400000000002,0.6460999999999997,0.5818181818181818,False,True
3.0,bin,17,0.7375200986862183,0.6448001861572266,0.83024001121521,1441838,COCC(=O)NC(C(=O)Nc1cccc(-c2nccs2)c1)C(C)C,2.5358,C=C(C)CNC(=O)Nc1ccc(-c2nccs2)cc1,True,3.5077000000000016,0.9719000000000015,0.3787878787878788,False,True
3.0,bin,17,0.7375200986862183,0.6448001861572266,0.83024001121521,1450449,CCCNC(=O)CSc1nc2c(cc1C#N)CCCC2,2.450380000000001,CCN(C(=O)CSc1nc2c(cc1C#N)CCCC2)C(C)C,True,3.1810800000000015,0.7307000000000006,0.6206896551724138,False,True
3.0,bin,17,0.7375200986862183,0.6448001861572266,0.83024001121521,1451910,O=S(=O)(NCc1nnc2ccccn12)c1ccc(F)c(F)c1,1.4859999999999995,CC(C)Oc1ccc(S(=O)(=O)NCc2nnc3ccccn23)c(F)c1,True,2.1341,0.6481000000000006,0.576271186440678,False,True
3.0,bin,17,0.7375200986862183,0.6448001861572266,0.83024001121521,1479798,Cc1nc(C)c(CCC(=O)N(CC(C)C)CC(F)(F)F)c(=O)[nH]1,2.3662400000000003,CC=NC(C)=C(C=O)CCC(=O)N(CCC(F)(F)F)CC(C)C,True,3.7672000000000025,1.4009600000000022,0.3181818181818182,False,True
3.0,bin,17,0.7375200986862183,0.6448001861572266,0.83024001121521,1507926,COC(=O)C(C)NC(=O)Cc1csc(-c2ccccc2Cl)n1,2.6837,CCC(COC)NC(=O)Cc1csc(-c2ccccc2Cl)n1,True,3.547200000000001,0.863500000000001,0.6909090909090909,False,True
3.0,bin,17,0.7375200986862183,0.6448001861572266,0.83024001121521,1527882,Nc1ncccc1C(=O)Nc1ccc2cn[nH]c2c1,1.7923999999999998,O=C(Nc1ccc2cn[nH]c2c1)c1cc(Br)cnc1O,True,2.6783000000000006,0.8859000000000008,0.5849056603773585,False,True
3.0,bin,17,0.7375200986862183,0.6448001861572266,0.83024001121521,1532848,COc1ccc(-c2ccc3c(=O)[nH]cnc3c2)cc1Cl,3.2521000000000013,O=c1[nH]cnc2cc(-c3ccc(Cl)cc3Cl)ccc12,True,3.8969000000000014,0.6448,0.574468085106383,False,True
3.0,bin,17,0.7375200986862183,0.6448001861572266,0.83024001121521,1548351,COc1cc(OC)c2c(c1)C(c1cnccn1)NCC2,1.7288999999999999,O=C(Cl)c1ccc2c(c1)CCNC2c1cnccn1,True,2.0906999999999996,0.3617999999999997,0.43103448275862066,False,True
3.0,bin,17,0.7375200986862183,0.6448001861572266,0.83024001121521,1570134,COc1cccc(C(C)N2CCN(C(=O)c3ccc(O)cc3)CC2)c1,2.9198000000000013,COCc1cccc(C(=O)N2CCN(C(C)c3ccc(F)cc3)CC2)c1,True,3.491100000000002,0.5713000000000008,0.5,False,True
3.0,bin,17,0.7375200986862183,0.6448001861572266,0.83024001121521,1611406,CC(C)(C)N1CC(NC(=O)C2COc3ccc(F)cc3C2)CC1=O,1.8923999999999994,CC(C)(C)N1CC(NC(=O)C2COc3ccc(Cl)cc3C2)CC1=O,True,2.4067,0.5143000000000004,0.7857142857142857,False,True
3.0,bin,17,0.7375200986862183,0.6448001861572266,0.83024001121521,1612684,CCCC1CN(C(=O)Nc2ccn(CCC(C)C)n2)CCO1,2.9620000000000015,CC(C)CCC1CN(C(=O)Nc2ccn(CC(C)C)n2)CCO1,True,3.208000000000002,0.24600000000000044,0.7543859649122807,False,True
3.0,bin,17,0.7375200986862183,0.6448001861572266,0.83024001121521,1639675,CCC(CC)c1nnc(NC(=O)c2scnc2C2CC2)s1,4.0279000000000025,CCCc1nc(C)sc1C(=O)NC=NN=CC(CCC)CCC,True,4.364320000000004,0.3364200000000013,0.19444444444444445,False,True
3.0,bin,17,0.7375200986862183,0.6448001861572266,0.83024001121521,1675660,COc1ccnc(NC(=O)c2cccc(Cl)c2)c1,2.9959000000000007,O=C(Nc1cc(Br)ccn1)c1c(F)cccc1Cl,True,3.8889000000000014,0.8930000000000007,0.39285714285714285,False,True
3.0,bin,17,0.7375200986862183,0.6448001861572266,0.83024001121521,1689728,CCc1noc(CSc2ncnc3sc(C)cc23)n1,3.237420000000002,CC(C)(C)c1noc(CSc2ncnc3sccc23)n1,True,3.664100000000002,0.42668000000000017,0.4576271186440678,False,True
3.0,bin,17,0.7375200986862183,0.6448001861572266,0.83024001121521,1720876,CC(C)(C)CC(=O)NCC(=O)Nc1ccc2c(c1)COC2,2.2077,O=C(NCCC(F)(F)C(F)(F)F)c1ccc2c(c1)COC2,True,3.034300000000001,0.8266000000000009,0.375,False,True
3.0,bin,17,0.7375200986862183,0.6448001861572266,0.83024001121521,1757109,CC(C)Cc1ncc(CNc2ccc3c(c2)COC3)s1,3.983900000000003,CC(C)(C)CCc1ncc(CNc2ccc3c(c2)COC3)s1,True,4.764100000000004,0.7802000000000016,0.6862745098039216,False,True
3.0,bin,17,0.7375200986862183,0.6448001861572266,0.83024001121521,1774061,O=C1NCCCc2[nH]c(-c3cccc4[nH]ccc34)nc21,2.234,Nc1c(C2NCC3=C2C(=O)NCC3)cccc1C(F)(F)F,True,1.7483999999999997,-0.48560000000000025,0.2028985507246377,False,True
3.0,bin,17,0.7375200986862183,0.6448001861572266,0.83024001121521,1800687,Cc1nn(C)c(-c2nc(-c3cccnn3)no2)c1Cl,1.8889199999999997,CC(C)(C)n1ncc(Cl)c1-c1nc(-c2cccnn2)no1,True,2.7985000000000007,0.9095800000000009,0.5660377358490566,False,True
3.0,bin,17,0.7375200986862183,0.6448001861572266,0.83024001121521,1815867,FC(F)(F)c1ccc(CN2CCOCC2c2ncon2)cc1,2.661900000000001,Clc1cc(Br)c(Cl)c(CN2CCOCC2c2ncon2)c1,True,3.7124000000000033,1.0505000000000022,0.5423728813559322,False,True
3.0,bin,17,0.7375200986862183,0.6448001861572266,0.83024001121521,1828580,Cc1ccc(N2CC3OCC(=O)N(Cc4cccc(F)c4)C3C2)nn1,1.54032,CC(C)C1=CC=C(NCC2CN(Cc3cccc(F)c3)C(=O)CO2)C1,True,3.0127000000000015,1.4723800000000016,0.3670886075949367,False,True
3.0,bin,17,0.7375200986862183,0.6448001861572266,0.83024001121521,1836183,CCc1ccc(C(=O)NCc2nccc(N(C)C)n2)cc1,2.035,CN(C)C=CC=NC(F)CNC(=O)c1cccc(C(F)(F)F)c1,True,2.876900000000001,0.8419000000000008,0.2054794520547945,False,True
3.0,bin,17,0.7375200986862183,0.6448001861572266,0.83024001121521,1842499,COc1ccccc1COc1ccccc1-c1cnn(CCO)c1,3.1300000000000017,COc1cc(C)cc(OC)c1COc1ccccc1-c1cn[nH]c1,True,3.981320000000003,0.8513200000000012,0.41379310344827586,False,True
3.0,bin,17,0.7375200986862183,0.6448001861572266,0.83024001121521,1865564,COC(CNC(=O)c1ccoc1)c1cccc(F)c1,2.536200000000001,CC(C)CC(CNC(=O)c1ccoc1)c1ccc(O)cc1,True,3.544900000000002,1.008700000000001,0.4482758620689655,False,True
3.0,bin,17,0.7375200986862183,0.6448001861572266,0.83024001121521,1868773,CCCOc1ccc(Cl)c2c1CCNC2C1CC(=O)C1,3.2947000000000015,CCC(CC)c1cc2cc(c1)C1(CCC(=O)C1N)CC2,True,3.4644000000000013,0.16969999999999974,0.15492957746478872,False,True
3.0,bin,17,0.7375200986862183,0.6448001861572266,0.83024001121521,1873123,CCC1OC(=O)c2c(OC)ccc(Br)c21,3.079200000000002,CC(C)CCC1OC(=O)c2c(Br)cccc21,True,4.0968000000000035,1.0176000000000016,0.3673469387755102,False,True
3.0,bin,17,0.7375200986862183,0.6448001861572266,0.83024001121521,1875028,Cc1cccc(C)c1NCC(=O)N1CCCC2CCCCC21,3.8965400000000034,O=C1CNc2ccc(Cl)c(C(F)(F)F)c2C2CCCCC2CN1,True,4.174300000000002,0.2777599999999989,0.15492957746478872,False,True
3.0,bin,17,0.7375200986862183,0.6448001861572266,0.83024001121521,1895921,CCC(CC)N(C)C(=O)CC1OC(=O)c2ccccc21,2.935200000000002,CC(C)CC(C)(C)OC(=O)CC1OC(=O)c2ccccc21,True,3.656100000000003,0.7209000000000012,0.49056603773584906,False,True
3.0,bin,17,0.7375200986862183,0.6448001861572266,0.83024001121521,1907077,Cc1ccc2[nH]nc(C(=O)Nc3nc(-c4ccco4)cs3)c2c1,3.8401200000000015,CC(C)c1ccc2[nH]nc(C(=O)Nc3nc(-c4ccco4)cs3)c2c1,True,4.655100000000003,0.8149800000000011,0.7796610169491526,False,True
3.0,bin,17,0.7375200986862183,0.6448001861572266,0.83024001121521,1913063,Cc1nn(C)c(C)c1CN(C(=O)c1cn2cccc(C)c2n1)C1CC1,2.797860000000001,CCCNN=C(C)C1CCCCN(C(=O)c2cn3cccc(C)c3n2)C1,True,3.2605200000000023,0.4626600000000014,0.37037037037037035,False,True
3.0,bin,17,0.7375200986862183,0.6448001861572266,0.83024001121521,1922265,CN(CCNC(=O)c1ccc2c(c1)ncn2C)c1ccccc1,2.4395000000000007,CN(CCNC(=O)c1ccc2c(c1)ncn2C)c1cc(F)cc(F)c1,True,2.7177000000000007,0.2782,0.7735849056603774,False,True
3.0,bin,18,0.9854800075292588,0.83024001121521,1.1407200038433076,32052,COc1ccccc1CNC(=O)Cc1c[nH]c2ccccc12,3.035400000000001,O=C(Cc1c[nH]c2ccccc12)NCc1cccc(C(F)(F)F)c1,True,4.045600000000002,1.010200000000001,0.5370370370370371,False,True
3.0,bin,18,0.9854800075292588,0.83024001121521,1.1407200038433076,116747,COCCSc1ccccc1C(=O)Nc1cccc(C)n1,3.3808200000000017,CC=C1C=CC(NC(=O)c2ccc(Cl)c(Br)c2)=N1,True,3.7044000000000024,0.32358000000000064,0.15492957746478872,False,True
3.0,bin,18,0.9854800075292588,0.83024001121521,1.1407200038433076,131060,CS(=O)(=O)NCCc1csc(-c2ccc(F)cc2)n1,2.0408999999999997,COC(C)C(=O)NCCc1csc(-c2ccc(C)cc2)n1,True,2.812120000000001,0.7712200000000013,0.43859649122807015,False,True
3.0,bin,18,0.9854800075292588,0.83024001121521,1.1407200038433076,131949,CCc1c(C)nc(SCC(=O)NC(C)C)[nH]c1=O,1.25742,CCCCCNC(=O)CSc1nc(CC)c(C)c(=O)[nH]1,True,2.03922,0.7817999999999998,0.44642857142857145,False,True
3.0,bin,18,0.9854800075292588,0.83024001121521,1.1407200038433076,158879,COc1ccc(CC(=O)OCC(=O)c2c[nH]c3ccccc23)cc1,3.145100000000001,O=C(Cc1c(F)cccc1Cl)OCC(=O)c1c[nH]c2ccccc12,True,3.929000000000002,0.7839000000000009,0.5614035087719298,False,True
3.0,bin,18,0.9854800075292588,0.83024001121521,1.1407200038433076,232056,COCCNC(=O)c1cc(=O)c2cc(C)ccc2o1,1.4776199999999993,CCCNC(=O)c1cc(=O)c2cc(Br)ccc2o1,True,2.6953000000000005,1.2176800000000012,0.58,False,True
3.0,bin,18,0.9854800075292588,0.83024001121521,1.1407200038433076,235788,O=C(Cn1nc(-c2ccco2)oc1=O)NCC(F)(F)F,0.7747999999999999,CC(C)CC(C)NC(=O)Cn1nc(-c2ccco2)oc1=O,True,1.6470999999999998,0.8722999999999999,0.6181818181818182,False,True
3.0,bin,18,0.9854800075292588,0.83024001121521,1.1407200038433076,236081,CC(=O)c1c(C)[nH]c(C(=O)CSc2nc(C(C)C)n[nH]2)c1C,3.0506400000000014,CC(=O)C1(C)SC(C(=O)C(C)Sc2nc(C(C)C)n[nH]2)=NC1C,True,2.859300000000001,-0.1913400000000003,0.3283582089552239,False,True
3.0,bin,18,0.9854800075292588,0.83024001121521,1.1407200038433076,281081,O=C(Cn1cccn1)NCc1cccnc1Oc1ccc(F)cc1F,2.665000000000001,CC(C)NN=C(F)CNC(=O)COc1ccccc1,True,1.4625999999999992,-1.2024000000000017,0.19736842105263158,False,True
3.0,bin,18,0.9854800075292588,0.83024001121521,1.1407200038433076,284170,COc1ccc(-c2nc(CC(=O)Nc3cccc(C)n3)cs2)cc1,3.7033200000000024,N=C=C(SC=CCC(=O)NC1C=CC=CC1)c1ccccc1C(F)(F)F,True,4.9326700000000026,1.2293500000000002,0.12087912087912088,False,True
3.0,bin,18,0.9854800075292588,0.83024001121521,1.1407200038433076,288369,Cc1ccc(NCc2nnc3n2CCCCC3)cc1C,3.2334400000000016,CC(C)CCOc1cc(NCc2nnc3n2CCCCC3)ccc1F,True,4.180600000000003,0.9471600000000011,0.576271186440678,False,True
3.0,bin,18,0.9854800075292588,0.83024001121521,1.1407200038433076,302889,COc1ccc(OC)c(NC(=O)CCNC(=O)c2cccs2)c1,2.5239000000000003,O=C(CCNC(=O)c1cccs1)Nc1ccc(C(F)(F)F)cc1,True,3.525500000000002,1.0016000000000016,0.5087719298245614,False,False
3.0,bin,18,0.9854800075292588,0.83024001121521,1.1407200038433076,327141,COc1ccc(OC)c(S(=O)(=O)Nc2ccn(C)n2)c1,1.2381,O=S(=O)(NC1C=CNC1)c1ccccc1C(F)(F)F,True,1.4691999999999998,0.23109999999999986,0.13432835820895522,False,True
3.0,bin,18,0.9854800075292588,0.83024001121521,1.1407200038433076,327382,CNC(=O)C1CN(C(=O)c2c(C)noc2C)c2ccccc2O1,1.4452399999999996,Cc1noc(C)c1C(=O)N1CC(C)Oc2ccccc21,True,2.7191400000000012,1.2739000000000016,0.7058823529411765,False,True
3.0,bin,18,0.9854800075292588,0.83024001121521,1.1407200038433076,406491,COCCNC(=O)C1CCCN(S(=O)(=O)N2CCOCC2)C1,-0.9619999999999964,CCCNC(=O)C1CCCN(S(=O)(=O)N2CCOCC2)C1,True,-0.19839999999999836,0.7635999999999981,0.7708333333333334,False,False
3.0,bin,18,0.9854800075292588,0.83024001121521,1.1407200038433076,413951,O=C(Cn1ncn2cccc2c1=O)N1CCCCCC1,0.8985999999999996,CC(C)C1CCN(C(=O)Cn2ncn3cccc3c2=O)CC1,True,1.3905999999999996,0.492,0.7,False,True
3.0,bin,18,0.9854800075292588,0.83024001121521,1.1407200038433076,427929,CCNc1nc(NCc2ccccc2Cl)c2cnn(C)c2n1,3.060600000000001,Cc1ccccc1CNc1nc(SC(C)C)nc2c1c(C)nn2C,True,4.092740000000003,1.0321400000000018,0.30434782608695654,False,True
3.0,bin,18,0.9854800075292588,0.83024001121521,1.1407200038433076,447130,CCC(NC(=O)C1CCN(C(=O)C2CC2)CC1)c1ccc(C)cc1,3.2109200000000016,C#CC(Cl)=CC=CC(CCC(C)C)NC(=O)C1CCN(C(=O)C2CC2)CC1,True,3.8681000000000028,0.6571800000000012,0.390625,False,True
3.0,bin,18,0.9854800075292588,0.83024001121521,1.1407200038433076,481908,CCNS(=O)(=O)c1ccc(C)c(C(=O)Nc2ncccc2C)c1,2.24894,CCCOc1ccc(C(=O)Nc2ncccc2C)cc1OC,True,3.439720000000002,1.190780000000002,0.43548387096774194,False,False
3.0,bin,18,0.9854800075292588,0.83024001121521,1.1407200038433076,485220,Cc1nn(CC(=O)N2CCN(C)CC2)c(C)c1Br,1.03644,CCCn1nc(C(C)C)cc1C(=O)N1CCN(C(C)=O)CC1,True,1.7207999999999999,0.6843599999999999,0.26785714285714285,False,True
3.0,bin,18,0.9854800075292588,0.83024001121521,1.1407200038433076,526363,Cc1nnc(SCC(=O)Nc2ccc(O)cc2)n(N)c1=O,0.09692,C=CCn1c(SCC(=O)Nc2ccccc2)nncc1=O,True,1.5550999999999997,1.4581799999999996,0.38095238095238093,False,True
3.0,bin,18,0.9854800075292588,0.83024001121521,1.1407200038433076,536853,COc1ccc(C2CCCN2C(=O)C2CCC2)c(OC)c1,3.1674000000000015,O=C(C1CCC1)N1CCCC1c1ccccc1C(F)(F)F,True,4.169000000000004,1.0016000000000025,0.49056603773584906,False,True
3.0,bin,18,0.9854800075292588,0.83024001121521,1.1407200038433076,540312,Cc1nn(C)c2nc(C3CC3)cc(C(=O)NCC(=O)NC(C)(C)C)c12,1.7986199999999997,C=CC(C)N(CC(F)(F)F)C(=O)C=C=C(N=CN(C)N=CC)C1CC1,True,3.3666000000000027,1.567980000000003,0.10869565217391304,False,True
3.0,bin,18,0.9854800075292588,0.83024001121521,1.1407200038433076,544381,Cc1nc(N2CCCC(C(=O)NC(C)C)C2)c2c(C)c(C)oc2n1,2.8890600000000006,CCOC(C)=NC(=C(C)C#N)N1CCCC(C(=O)NC(C)(C)C)C1,True,2.823080000000001,-0.0659799999999997,0.24050632911392406,False,True
3.0,bin,18,0.9854800075292588,0.83024001121521,1.1407200038433076,544382,CCCNC(=O)C1CCCN(c2nc(C)nc3oc(C)c(C)c23)C1,2.8906600000000013,CC1=NC(N2CCCC(C(=O)NC(C)(C)C)C2)=C(C)C(C)=C(C)O1,True,3.587100000000003,0.6964400000000017,0.352112676056338,False,True
3.0,bin,18,0.9854800075292588,0.83024001121521,1.1407200038433076,550049,Cc1ccc(C)c(OCC(=O)Nc2cccc(-n3cnnc3)c2)c1,2.9016400000000013,Cc1cccc(C(C)C)c1OCC(=O)Nc1cccc(-n2cnnc2)c1,True,3.7166200000000016,0.8149800000000003,0.6379310344827587,False,True
3.0,bin,18,0.9854800075292588,0.83024001121521,1.1407200038433076,573533,Cc1nn(-c2ncc(C(F)(F)F)cc2Cl)c(=O)o1,2.2011199999999995,Cc1c(N(C=O)N=CC(C)C(C)C)ncc(C(F)(F)F)c1Cl,True,4.302920000000004,2.1018000000000043,0.208955223880597,False,True
3.0,bin,18,0.9854800075292588,0.83024001121521,1.1407200038433076,582555,O=C(NCC(O)c1ccccc1)c1ccc2c(=O)n3c(nc2c1)CCC3,1.8061000000000003,C=C1CC(C=C(C)C=CC)CCNC(=O)c2ccc3c(=O)n1c(C)nc3c2,True,3.8378200000000025,2.031720000000002,0.18478260869565216,False,True
3.0,bin,18,0.9854800075292588,0.83024001121521,1.1407200038433076,588547,Cc1n[nH]c(C)c1NC(=O)CCc1ccc(Cl)cc1Cl,3.9046400000000023,CCc1[nH]nc(C)c1NC(=O)CC(CC=CF)(C(C)C)C(F)(F)F,True,4.687120000000004,0.7824800000000014,0.2714285714285714,False,True
3.0,bin,18,0.9854800075292588,0.83024001121521,1.1407200038433076,607673,CCCN(CC1CC1)S(=O)(=O)c1ccccc1F,2.636400000000001,CCCCCN(CC1CC1)S(=O)(=O)c1cccc(C)c1C,True,3.8943400000000032,1.2579400000000023,0.5510204081632653,False,True
3.0,bin,18,0.9854800075292588,0.83024001121521,1.1407200038433076,617681,Cc1cc(C(=O)Nc2nc(-c3ccncc3)cs2)nn1C(C)C,3.5432200000000016,CC(C)c1[nH]n(CC(=O)Nc2nc(-c3ccncc3)cs2)c1C(C)C,True,4.220200000000003,0.6769800000000012,0.4838709677419355,False,True
3.0,bin,18,0.9854800075292588,0.83024001121521,1.1407200038433076,650267,COc1ccc2oc(C(=O)NC3CCCCNC3=O)c(C)c2c1,2.14832,Cc1c(C(=O)NC2CCCCN(C(F)(F)F)C2)oc2ccccc12,True,3.8453200000000036,1.6970000000000036,0.375,False,True
3.0,bin,18,0.9854800075292588,0.83024001121521,1.1407200038433076,668639,Cc1cc(NC(=O)c2ccccc2Cl)ncc1N,2.8779200000000005,O=C(Nc1cc(C(F)(F)F)ccn1)c1cccc(Cl)c1,True,4.006100000000001,1.1281800000000004,0.3050847457627119,False,True
3.0,bin,18,0.9854800075292588,0.83024001121521,1.1407200038433076,673160,CCC(=O)Nc1ccc2oc(C(F)(F)F)cc(=O)c2c1,3.160300000000001,O=c1cc(C(F)(F)F)oc2cc(C(F)(F)F)c(Cl)cc12,True,4.484,1.3236999999999988,0.42,False,True
3.0,bin,18,0.9854800075292588,0.83024001121521,1.1407200038433076,711169,Cc1cccc(C(C)C)c1NC(=O)N(C)Cc1ccncc1,4.177320000000003,CC(C)Cc1cc(Br)ccc1NC(=O)N(C)C(C)c1ccncc1,True,5.267500000000005,1.0901800000000028,0.29850746268656714,False,True
3.0,bin,18,0.9854800075292588,0.83024001121521,1.1407200038433076,720969,Cc1noc(C)c1CCC(=O)OCC(=O)N1c2ccccc2CC1C,2.7450400000000013,Cc1onc(C(C)(C)C)c1CCC(=O)OCC(=O)N1c2ccccc2CC1C,True,3.7341200000000025,0.9890800000000013,0.8,False,True
3.0,bin,18,0.9854800075292588,0.83024001121521,1.1407200038433076,730789,COC(=O)C1CCN(C(=O)c2cc3ccc(F)cc3nc2C)CC1,2.7075200000000006,CCCCC(C)NC(=O)c1cc2ccc(F)cc2nc1C,True,3.990820000000003,1.2833000000000023,0.42857142857142855,False,True
3.0,bin,18,0.9854800075292588,0.83024001121521,1.1407200038433076,738178,Cc1ccc(-n2ccnc2SCc2nc(C3CC3)no2)cc1C,4.041840000000003,CC(C)(C)c1ccccc1-n1ccnc1SCc1nc(C2CC2)no1,True,4.722500000000005,0.6806600000000014,0.6166666666666667,False,True
3.0,bin,18,0.9854800075292588,0.83024001121521,1.1407200038433076,771897,COc1ccccc1OCC(=O)N(C)Cc1sccc1C,3.102520000000002,Cc1cc(Cl)cc(OCC(=O)N(C)Cc2sccc2C)c1,True,4.055740000000004,0.9532200000000017,0.5740740740740741,False,True
3.0,bin,18,0.9854800075292588,0.83024001121521,1.1407200038433076,811446,COC(=O)C1(NC(=O)c2cc(Br)c[nH]2)CCCCCC1,2.7730000000000006,CCC1CCC(NC(=O)c2cc(Br)c[nH]2)CC1,True,3.4758000000000013,0.7028000000000008,0.41509433962264153,False,True
3.0,bin,18,0.9854800075292588,0.83024001121521,1.1407200038433076,848291,CCC(C)NC(=O)NCc1noc(-c2cccs2)n1,2.3958000000000004,CC(=NOC(=N)c1cccs1)NC(=O)OCC(F)(F)F,True,2.711970000000001,0.3161700000000005,0.19736842105263158,False,True
3.0,bin,18,0.9854800075292588,0.83024001121521,1.1407200038433076,863440,COc1ccc(-c2nc(CCCO)cs2)cc1OC,2.752200000000001,COc1ccc(-c2nc(CCC(F)(F)F)cs2)cc1N,True,3.895800000000002,1.143600000000001,0.5384615384615384,False,True
3.0,bin,18,0.9854800075292588,0.83024001121521,1.1407200038433076,864663,N#Cc1ccc(-c2cc(F)ccc2F)nc1N1CCCC1,3.498680000000002,Clc1ccc(N2CCCC2)nc1-c1ccc(Br)cn1,True,4.159700000000003,0.6610200000000006,0.22950819672131148,False,True
3.0,bin,18,0.9854800075292588,0.83024001121521,1.1407200038433076,872100,CCc1cccc(C)c1NCC(O)c1ccc2c(c1)OCCO2,3.474120000000002,CCCOC(=O)c1cc(C(C)C)ccc1N(C)CC,True,3.832900000000003,0.3587800000000012,0.17142857142857143,False,True
3.0,bin,18,0.9854800075292588,0.83024001121521,1.1407200038433076,886334,COc1ccc(C(=O)N2CCCC(C(=O)N3CCCCC3)C2)c(O)c1,2.2655000000000003,CCc1ccc(C(=O)N2CCCC(C(=O)N3CCCCC3)C2)cc1,True,3.1137000000000015,0.8482000000000012,0.5,False,True
3.0,bin,18,0.9854800075292588,0.83024001121521,1.1407200038433076,887387,COCCNC(=O)N(Cc1cccc(F)c1)CC1CCCO1,2.1627,CCC(C)NC(=O)N(Cc1cccc(F)c1)CC1CCCO1,True,3.3148000000000026,1.1521000000000026,0.6774193548387096,False,True
3.0,bin,18,0.9854800075292588,0.83024001121521,1.1407200038433076,889149,N#Cc1ccc(NC(=O)c2ccc(Br)cc2Cl)nc1,3.621480000000001,O=C1C=CC(C(F)(F)F)=C(Cl)c2nc(ccc2C(F)(F)F)N1,True,4.120900000000001,0.49941999999999975,0.11594202898550725,False,True
3.0,bin,18,0.9854800075292588,0.83024001121521,1.1407200038433076,913483,O=C(CNC(=O)NCCc1c(Cl)cccc1Cl)NC1CC1,2.1137000000000006,CC(NC1CC1)C(=O)NC(C)C(C)Cc1cccc(Cl)c1C=O,True,2.976300000000001,0.8626000000000005,0.2878787878787879,False,True
3.0,bin,18,0.9854800075292588,0.83024001121521,1.1407200038433076,917620,C=CCN(Cc1ccccc1OC)C(=O)c1csc(C)n1,3.288520000000002,O=C(C1N=CCS1)N(CCC(F)(F)F)c1c(F)cccc1F,True,3.393900000000002,0.10538000000000025,0.15584415584415584,False,True
3.0,bin,18,0.9854800075292588,0.83024001121521,1.1407200038433076,918312,CCOc1ccc(Cl)c(C(=O)N2CCN(c3ncccn3)CC2)n1,1.8860999999999997,CC(C)(C)c1ccc(Cl)c(C(=O)N2CCN(c3ncccn3)CC2)n1,True,2.7849000000000004,0.8988000000000007,0.6538461538461539,False,True
3.0,bin,18,0.9854800075292588,0.83024001121521,1.1407200038433076,922879,CC(=O)c1ccc(N2CCN(Cc3c(F)cccc3F)CC2)cc1,3.489600000000003,Fc1cccc(F)c1CN1CCN(c2ccc(C(F)(F)F)cc2)CC1,True,4.305800000000004,0.8162000000000011,0.6136363636363636,False,True
3.0,bin,18,0.9854800075292588,0.83024001121521,1.1407200038433076,927535,COc1cc(CN2CCN(c3ccccc3F)CC2)ccc1O,2.862100000000002,Fc1ccc(CN2CCN(c3ccc(Cl)cc3)CC2)cc1F,True,3.940400000000003,1.078300000000001,0.3888888888888889,False,True
3.0,bin,18,0.9854800075292588,0.83024001121521,1.1407200038433076,927567,Cc1ccccc1N1CCN(Cc2cccc(O)c2)CC1,3.022820000000001,Clc1cccc(CN2CCN(c3cccc(Cl)c3)CC2)c1,True,4.315600000000004,1.2927800000000031,0.425531914893617,False,True
3.0,bin,18,0.9854800075292588,0.83024001121521,1.1407200038433076,938108,CC(c1ccccc1)N(C)C(=O)CCC(=O)Nc1nccs1,3.0814000000000012,CCC1=CC=CC=CCCC(C)N(CC)C(=O)CCC(=O)N1,True,3.3199000000000014,0.23850000000000016,0.06097560975609756,False,True
3.0,bin,18,0.9854800075292588,0.83024001121521,1.1407200038433076,943303,CN(CCCOc1ccccc1)C(=O)Nc1cccc2c1OCCO2,3.390600000000002,CCC(C)N(CCCOc1ccc(F)cc1)C(=O)Nc1ccc2cc1OCC2,True,4.862100000000004,1.4715000000000025,0.38666666666666666,False,True
3.0,bin,18,0.9854800075292588,0.83024001121521,1.1407200038433076,946289,CC(NC(=O)C1(c2cc(-c3ccco3)on2)CC1)c1ccccc1,3.843600000000002,CCCC(C(=O)N(CCc1ccc(F)cc1)C(C)C)c1ccco1,True,4.782100000000004,0.9385000000000021,0.21052631578947367,False,True
3.0,bin,18,0.9854800075292588,0.83024001121521,1.1407200038433076,994077,Cc1nnc(Cn2c(-c3cccc(Br)c3)noc2=O)o1,2.0055199999999997,CC(C)C(C)C=NN=C(CN1CON=C1c1ccccc1Cl)OO,True,3.457300000000002,1.451780000000002,0.11904761904761904,False,True
3.0,bin,18,0.9854800075292588,0.83024001121521,1.1407200038433076,1065620,O=C(NCc1cccnc1Oc1ccccc1)c1cccnc1,3.198900000000002,CC(C)c1ccc(Oc2ncccc2CNC(=O)c2cccnc2)cc1,True,4.322300000000003,1.123400000000001,0.7647058823529411,False,True
3.0,bin,18,0.9854800075292588,0.83024001121521,1.1407200038433076,1093926,CN(C(=O)CNc1cccc(OCC2CCCO2)c1)c1ccccc1,3.319300000000002,Cc1cc(Cl)ccc1NCC(=O)N(C)c1cccc(OCC2CCCO2)c1,True,4.281120000000003,0.9618200000000012,0.6666666666666666,False,True
3.0,bin,18,0.9854800075292588,0.83024001121521,1.1407200038433076,1107920,CCc1ccc(-n2cc(C(=O)NC(C)c3ccccc3)nn2)cc1,3.320700000000002,CCC=CC=C(C)c1cn(C(=O)C(NC(C)(C)C)c2ccccc2)nn1,True,4.417200000000003,1.0965000000000007,0.3194444444444444,False,True
3.0,bin,18,0.9854800075292588,0.83024001121521,1.1407200038433076,1113130,CC(NC(=O)Cn1nnnc1C(C)(C)C)c1cccc2ccccc12,3.0012000000000016,CCC(C)C(C)(C)c1nnnn1CC(=O)N(Cc1ccccc1)C(C)C,True,3.434000000000002,0.4328000000000003,0.38235294117647056,False,True
3.0,bin,18,0.9854800075292588,0.83024001121521,1.1407200038433076,1121751,COC(=O)Cn1ccc(NS(=O)(=O)c2ccc(F)c(F)c2F)n1,1.2742,O=S(=O)(Nc1ccn(CC(F)F)n1)c1ccc(F)cc1F,True,2.2272,0.9529999999999998,0.47368421052631576,False,True
3.0,bin,18,0.9854800075292588,0.83024001121521,1.1407200038433076,1142531,CCOC(C)C(=O)NCCc1csc(-c2ccc(C)cc2)n1,3.2022200000000014,Cc1ccc(-c2nc(CN(C)C(=O)OC(C)(C)C)cs2)cc1,True,4.485420000000004,1.2832000000000026,0.4666666666666667,False,True
3.0,bin,18,0.9854800075292588,0.83024001121521,1.1407200038433076,1212157,CN(Cc1ccc(F)c(F)c1)C(=O)c1cncc(-c2cnn(C)c2)c1,3.0325000000000015,CCCCN(Cc1cccc(C)c1)C(=O)C=C1CC2=C(C=NNC)C2C=N1,True,3.6137200000000025,0.581220000000001,0.1595744680851064,False,True
3.0,bin,18,0.9854800075292588,0.83024001121521,1.1407200038433076,1215394,CCn1nc(C)cc1C(=O)Oc1cccc(NC(=O)C(C)C)c1,3.025120000000001,CCCn1nc(C(F)(F)F)cc1C(=O)Oc1cccc(C)c1,True,3.839520000000002,0.8144000000000009,0.4153846153846154,False,True
3.0,bin,18,0.9854800075292588,0.83024001121521,1.1407200038433076,1232922,CC(C)(C)OC(=O)NC1CCCN(S(=O)(=O)N2CCOCC2)C1,0.5525000000000011,CCC(CC)(CC)NC(=O)C1CCCN(S(=O)(=O)N2CCOCC2)C1,True,1.3604000000000016,0.8079000000000005,0.5,False,True
3.0,bin,18,0.9854800075292588,0.83024001121521,1.1407200038433076,1238973,FC(F)(F)c1cnc(N2CCn3c(nnc3C3CC3)C2)c(Cl)c1,3.2429000000000023,Cc1cc(C)c(N2CCn3c(nnc3C(F)(F)F)C2)nc1SC(C)C,True,3.8294400000000026,0.5865400000000003,0.3382352941176471,False,True
3.0,bin,18,0.9854800075292588,0.83024001121521,1.1407200038433076,1299495,Cc1cc(CC(=O)N2CCCC2C(C#N)c2ccccc2)no1,2.823900000000001,CC(C)c1cc(CC(=O)N2CCCC2C(C#N)c2ccccc2)no1,True,3.638880000000003,0.814980000000002,0.8070175438596491,False,True
3.0,bin,18,0.9854800075292588,0.83024001121521,1.1407200038433076,1309906,CC(C)CC(NC(=O)c1cc(=O)c2ccccc2o1)C(=O)OC(C)C,2.8891000000000018,CCC(C(C)C)N(C(=O)c1cc(=O)c2ccccc2o1)C(C)C,True,4.078200000000003,1.1891000000000016,0.43333333333333335,False,True
3.0,bin,18,0.9854800075292588,0.83024001121521,1.1407200038433076,1362816,COCc1cccc(C(=O)NC2CC2c2cccc(Cl)c2)c1,3.772300000000002,O=C(F)NC1CC1c1c(Cl)cccc1C(F)F,True,3.8126000000000007,0.04029999999999845,0.296875,False,True
3.0,bin,18,0.9854800075292588,0.83024001121521,1.1407200038433076,1441838,COCC(=O)NC(C(=O)Nc1cccc(-c2nccs2)c1)C(C)C,2.5358,C=CCCCN(C)C(=O)Nc1cccc(-c2nccs2)c1,True,4.240000000000004,1.7042000000000037,0.463768115942029,False,True
3.0,bin,18,0.9854800075292588,0.83024001121521,1.1407200038433076,1450449,CCCNC(=O)CSc1nc2c(cc1C#N)CCCC2,2.450380000000001,CC(C)(C)CC(=O)NCCSc1nc2c(cc1C#N)CCCC2,True,3.476580000000002,1.0262000000000011,0.6666666666666666,False,True
3.0,bin,18,0.9854800075292588,0.83024001121521,1.1407200038433076,1451910,O=S(=O)(NCc1nnc2ccccn12)c1ccc(F)c(F)c1,1.4859999999999995,CCC(C)Oc1ccc(S(=O)(=O)NCc2nnc3ccccn23)cc1,True,2.3851000000000004,0.8991000000000009,0.5789473684210527,False,True
3.0,bin,18,0.9854800075292588,0.83024001121521,1.1407200038433076,1479798,Cc1nc(C)c(CCC(=O)N(CC(C)C)CC(F)(F)F)c(=O)[nH]1,2.3662400000000003,CCC(C)CCC(C)N(C)C(=O)CCc1c(C)nc(C)[nH]c1=O,True,2.992540000000001,0.6263000000000005,0.5172413793103449,False,True
3.0,bin,18,0.9854800075292588,0.83024001121521,1.1407200038433076,1507926,COC(=O)C(C)NC(=O)Cc1csc(-c2ccccc2Cl)n1,2.6837,CC(C)C#CCNC(=O)Cc1csc(-c2ccccc2Cl)n1,True,3.7816000000000027,1.0979000000000028,0.625,False,True
3.0,bin,18,0.9854800075292588,0.83024001121521,1.1407200038433076,1527882,Nc1ncccc1C(=O)Nc1ccc2cn[nH]c2c1,1.7923999999999998,O=C(Nc1ccc2cn[nH]c2c1)c1cc(Br)cnc1O,True,2.6783000000000006,0.8859000000000008,0.5849056603773585,False,True
3.0,bin,18,0.9854800075292588,0.83024001121521,1.1407200038433076,1532848,COc1ccc(-c2ccc3c(=O)[nH]cnc3c2)cc1Cl,3.2521000000000013,Cc1nc2cc(-c3ccc(C(F)(F)F)cc3)ccc2c(=O)[nH]1,True,3.917320000000002,0.6652200000000006,0.34545454545454546,False,True
3.0,bin,18,0.9854800075292588,0.83024001121521,1.1407200038433076,1548351,COc1cc(OC)c2c(c1)C(c1cnccn1)NCC2,1.7288999999999999,FC(F)(F)c1cccc2c1C(c1cnccn1)NCC2,True,2.730500000000001,1.0016000000000012,0.3728813559322034,False,False
3.0,bin,18,0.9854800075292588,0.83024001121521,1.1407200038433076,1570134,COc1cccc(C(C)N2CCN(C(=O)c3ccc(O)cc3)CC2)c1,2.9198000000000013,CC(c1ccccc1Cl)N1CCN(C(=O)c2ccc(O)cc2)CC1,True,3.564600000000002,0.6448000000000009,0.5471698113207547,False,True
3.0,bin,18,0.9854800075292588,0.83024001121521,1.1407200038433076,1611406,CC(C)(C)N1CC(NC(=O)C2COc3ccc(F)cc3C2)CC1=O,1.8923999999999994,CC(C)CCC(C)N1CC(NC(=O)C2COc3ccc(F)cc3C2)CC1=O,True,2.9186000000000014,1.026200000000002,0.6774193548387096,False,True
3.0,bin,18,0.9854800075292588,0.83024001121521,1.1407200038433076,1612684,CCCC1CN(C(=O)Nc2ccn(CCC(C)C)n2)CCO1,2.9620000000000015,CC(C)CCC1CN(C(=O)Nc2ccn(CC(F)(F)F)n2)C(C)CO1,True,3.5028000000000024,0.5408000000000008,0.4788732394366197,False,True
3.0,bin,18,0.9854800075292588,0.83024001121521,1.1407200038433076,1639675,CCC(CC)c1nnc(NC(=O)c2scnc2C2CC2)s1,4.0279000000000025,CC(C)(CS)CCC(=O)CC1=NN=CSC(C=NCC2CC2)C1,True,4.052400000000003,0.024500000000000632,0.1728395061728395,False,True
3.0,bin,18,0.9854800075292588,0.83024001121521,1.1407200038433076,1675660,COc1ccnc(NC(=O)c2cccc(Cl)c2)c1,2.9959000000000007,Cc1ccnc(NC(=O)c2cccc(C(F)(F)F)c2)c1C,True,3.969540000000002,0.9736400000000014,0.3620689655172414,False,True
3.0,bin,18,0.9854800075292588,0.83024001121521,1.1407200038433076,1689728,CCc1noc(CSc2ncnc3sc(C)cc23)n1,3.237420000000002,Cc1cc2c(s1)=NC=2SCc1nc(NC(C)CC(C)C)no1,True,2.9183200000000014,-0.3191000000000006,0.375,False,True
3.0,bin,18,0.9854800075292588,0.83024001121521,1.1407200038433076,1720876,CC(C)(C)CC(=O)NCC(=O)Nc1ccc2c(c1)COC2,2.2077,CC(CCC(F)(F)F)N(C)C(=O)Nc1ccc2c(c1)COC2,True,3.911500000000003,1.7038000000000029,0.45614035087719296,False,True
3.0,bin,18,0.9854800075292588,0.83024001121521,1.1407200038433076,1757109,CC(C)Cc1ncc(CNc2ccc3c(c2)COC3)s1,3.983900000000003,CC(N=CSCCC(C)C)=C(S)CNc1ccc2c(c1)COC2,True,5.097600000000004,1.1137000000000015,0.373134328358209,False,True
3.0,bin,18,0.9854800075292588,0.83024001121521,1.1407200038433076,1774061,O=C1NCCCc2[nH]c(-c3cccc4[nH]ccc34)nc21,2.234,CC(C)C1CNC(=O)c2[nH]c(-c3cccc4[nH]ccc34)nc21,True,3.0410000000000004,0.8070000000000004,0.48333333333333334,False,True
3.0,bin,18,0.9854800075292588,0.83024001121521,1.1407200038433076,1800687,Cc1nn(C)c(-c2nc(-c3cccnn3)no2)c1Cl,1.8889199999999997,CCC(CC)c1nn(C)c(-c2nc(-c3cccnn3)no2)c1C,True,3.139120000000001,1.2502000000000013,0.6111111111111112,False,True
3.0,bin,18,0.9854800075292588,0.83024001121521,1.1407200038433076,1815867,FC(F)(F)c1ccc(CN2CCOCC2c2ncon2)cc1,2.661900000000001,Clc1ccc(Cl)c(C(Cl)N2CCOCC2c2ncon2)c1,True,3.687300000000003,1.025400000000002,0.42857142857142855,False,True
3.0,bin,18,0.9854800075292588,0.83024001121521,1.1407200038433076,1828580,Cc1ccc(N2CC3OCC(=O)N(Cc4cccc(F)c4)C3C2)nn1,1.54032,CC(C)(C)C=CC=C(N=N)N1CCOCC(=O)N(Cc2ccccc2)CC1,True,3.8220700000000027,2.281750000000003,0.17777777777777778,False,True
3.0,bin,18,0.9854800075292588,0.83024001121521,1.1407200038433076,1836183,CCc1ccc(C(=O)NCc2nccc(N(C)C)n2)cc1,2.035,CCc1cnc(CNC(=O)c2ccc(Cl)cc2Cl)nc1,True,3.275800000000001,1.240800000000001,0.3620689655172414,False,True
3.0,bin,18,0.9854800075292588,0.83024001121521,1.1407200038433076,1842499,COc1ccccc1COc1ccccc1-c1cnn(CCO)c1,3.1300000000000017,Oc1ccccc1-c1cnn(CC(F)(F)F)c1,True,2.8180000000000014,-0.3120000000000003,0.36363636363636365,False,True
3.0,bin,18,0.9854800075292588,0.83024001121521,1.1407200038433076,1865564,COC(CNC(=O)c1ccoc1)c1cccc(F)c1,2.536200000000001,COC=CC(=O)NCC(c1ccc(F)cc1)C(F)(F)F,True,2.7479000000000013,0.21170000000000044,0.27692307692307694,False,True
3.0,bin,18,0.9854800075292588,0.83024001121521,1.1407200038433076,1868773,CCCOc1ccc(Cl)c2c1CCNC2C1CC(=O)C1,3.2947000000000015,CC(C)(C)C1NC(=O)C2=C(C(=O)C2)C1=CC=CCC(F)(F)F,True,3.2353000000000014,-0.05940000000000012,0.10526315789473684,False,True
3.0,bin,18,0.9854800075292588,0.83024001121521,1.1407200038433076,1873123,CCC1OC(=O)c2c(OC)ccc(Br)c21,3.079200000000002,CC(C)C1OC(=O)c2c(Br)cc(Cl)cc21,True,3.9700000000000024,0.8908000000000005,0.28,False,True
3.0,bin,18,0.9854800075292588,0.83024001121521,1.1407200038433076,1875028,Cc1cccc(C)c1NCC(=O)N1CCCC2CCCCC21,3.8965400000000034,CC(Nc1ccccc1C(C)(C)C)C(=O)NCC1CCCCC1,True,4.481000000000003,0.58446,0.22727272727272727,False,True
3.0,bin,18,0.9854800075292588,0.83024001121521,1.1407200038433076,1895921,CCC(CC)N(C)C(=O)CC1OC(=O)c2ccccc21,2.935200000000002,CC=CC=C1CC(C)(C)CCCCNC(=O)CSC(C)=C1C=O,True,4.411400000000003,1.4762000000000013,0.07792207792207792,False,True
3.0,bin,18,0.9854800075292588,0.83024001121521,1.1407200038433076,1907077,Cc1ccc2[nH]nc(C(=O)Nc3nc(-c4ccco4)cs3)c2c1,3.8401200000000015,CC(C)(C)NN=C(C(=O)Nc1nc(-c2ccco2)cs1)c1ccccc1,True,4.134000000000002,0.2938800000000006,0.43478260869565216,False,True
3.0,bin,18,0.9854800075292588,0.83024001121521,1.1407200038433076,1913063,Cc1nn(C)c(C)c1CN(C(=O)c1cn2cccc(C)c2n1)C1CC1,2.797860000000001,CCCN(Cc1cn(C)nc1C)C(=O)C(C)C=NNC(C)(C)CC,True,2.8672200000000005,0.06935999999999964,0.18181818181818182,False,True
3.0,bin,18,0.9854800075292588,0.83024001121521,1.1407200038433076,1922265,CN(CCNC(=O)c1ccc2c(c1)ncn2C)c1ccccc1,2.4395000000000007,CC(C)N(CCNC(=O)c1ccc2[nH]cnc2c1)Cc1cccc(F)c1,True,3.3424000000000023,0.9029000000000016,0.3466666666666667,False,True
3.0,bin,19,1.2959600001573564,1.1407200038433076,inf,32052,COc1ccccc1CNC(=O)Cc1c[nH]c2ccccc12,3.035400000000001,O=C(Cc1c[nH]c2ccccc12)NCc1cc(Cl)ccc1Cl,True,4.333600000000002,1.2982000000000014,0.5882352941176471,False,True
3.0,bin,19,1.2959600001573564,1.1407200038433076,inf,116747,COCCSc1ccccc1C(=O)Nc1cccc(C)n1,3.3808200000000017,CSc1c(Cl)ccc(Cl)c1C(=O)Nc1cccc(C)n1,True,4.671020000000002,1.2902000000000005,0.43636363636363634,False,True
3.0,bin,19,1.2959600001573564,1.1407200038433076,inf,131060,CS(=O)(=O)NCCc1csc(-c2ccc(F)cc2)n1,2.0408999999999997,OC(CCc1csc(-c2ccc(F)cc2)n1)C(F)(F)F,True,3.8050000000000015,1.7641000000000018,0.5,False,True
3.0,bin,19,1.2959600001573564,1.1407200038433076,inf,131949,CCc1c(C)nc(SCC(=O)NC(C)C)[nH]c1=O,1.25742,CCc1c(C)nc(SC(C)CC)[nH]c1=O,True,2.53132,1.2739,0.5777777777777777,False,True
3.0,bin,19,1.2959600001573564,1.1407200038433076,inf,158879,COc1ccc(CC(=O)OCC(=O)c2c[nH]c3ccccc23)cc1,3.145100000000001,O=C(Cc1ccc(Br)cc1)OCC(=O)c1c[nH]c2cccc(F)c12,True,4.038100000000002,0.8930000000000007,0.5172413793103449,False,True
3.0,bin,19,1.2959600001573564,1.1407200038433076,inf,232056,COCCNC(=O)c1cc(=O)c2cc(C)ccc2o1,1.4776199999999993,COc1cc2c(=O)cc(C(=O)NC(C)C(C)C)oc2cc1C,True,2.8843200000000015,1.4067000000000023,0.42105263157894735,False,True
3.0,bin,19,1.2959600001573564,1.1407200038433076,inf,235788,O=C(Cn1nc(-c2ccco2)oc1=O)NCC(F)(F)F,0.7747999999999999,CC(C)CC(C)OC(=O)Cn1nc(-c2ccco2)oc1=O,True,2.0740999999999996,1.2992999999999997,0.543859649122807,False,True
3.0,bin,19,1.2959600001573564,1.1407200038433076,inf,236081,CC(=O)c1c(C)[nH]c(C(=O)CSc2nc(C(C)C)n[nH]2)c1C,3.0506400000000014,CC1=CC(C)N2NC(C(=O)C(SC=NCC(C)C)C(C)C)=CC12,True,3.418700000000002,0.3680600000000007,0.1375,False,True
3.0,bin,19,1.2959600001573564,1.1407200038433076,inf,281081,O=C(Cn1cccn1)NCc1cccnc1Oc1ccc(F)cc1F,2.665000000000001,CC(C)(C)c1ccccc1Oc1ncccc1Cn1cccn1,True,4.4162000000000035,1.7512000000000025,0.453125,False,True
3.0,bin,19,1.2959600001573564,1.1407200038433076,inf,284170,COc1ccc(-c2nc(CC(=O)Nc3cccc(C)n3)cs2)cc1,3.7033200000000024,CC(C)(C)c1ccc(-c2nc(CC(=O)Nc3ncccc3F)cs2)cc1,True,4.822900000000004,1.1195800000000018,0.44776119402985076,False,True
3.0,bin,19,1.2959600001573564,1.1407200038433076,inf,288369,Cc1ccc(NCc2nnc3n2CCCCC3)cc1C,3.2334400000000016,ClC(Cl)(Cl)c1ccccc1NCc1nnc2n1CCCCC2,True,4.443300000000003,1.2098600000000017,0.5185185185185185,False,True
3.0,bin,19,1.2959600001573564,1.1407200038433076,inf,302889,COc1ccc(OC)c(NC(=O)CCNC(=O)c2cccs2)c1,2.5239000000000003,O=C(CCNC(=O)c1cccs1)Nc1ccc(Cl)c(C(F)(F)F)c1,True,4.178900000000002,1.655000000000002,0.4838709677419355,False,True
3.0,bin,19,1.2959600001573564,1.1407200038433076,inf,327141,COc1ccc(OC)c(S(=O)(=O)Nc2ccn(C)n2)c1,1.2381,CNC=CC(Cl)NS(=O)(=O)c1cccc(C(F)(F)F)c1,True,2.2817000000000007,1.0436000000000007,0.14492753623188406,False,True
3.0,bin,19,1.2959600001573564,1.1407200038433076,inf,327382,CNC(=O)C1CN(C(=O)c2c(C)noc2C)c2ccccc2O1,1.4452399999999996,Cc1noc(C)c1C(=O)NC1c2ccccc2OC1C(F)(F)F,True,3.085840000000001,1.6406000000000014,0.4,False,True
3.0,bin,19,1.2959600001573564,1.1407200038433076,inf,406491,COCCNC(=O)C1CCCN(S(=O)(=O)N2CCOCC2)C1,-0.9619999999999964,CCCCC1CN(S(=O)(=O)N2CCOC(CC)C2)CCO1,True,1.2329999999999999,2.1949999999999963,0.2833333333333333,False,True
3.0,bin,19,1.2959600001573564,1.1407200038433076,inf,413951,O=C(Cn1ncn2cccc2c1=O)N1CCCCCC1,0.8985999999999996,CC(C)(C)CCCOC1CCN(C(=O)Cn2ncn3cccc3c2=O)CC1,True,2.3299000000000003,1.4313000000000007,0.5932203389830508,False,True
3.0,bin,19,1.2959600001573564,1.1407200038433076,inf,427929,CCNc1nc(NCc2ccccc2Cl)c2cnn(C)c2n1,3.060600000000001,CCCCn1nc(C)c2nc(NCc3ccccc3Cl)cnc21,True,4.200320000000003,1.1397200000000023,0.3939393939393939,False,True
3.0,bin,19,1.2959600001573564,1.1407200038433076,inf,447130,CCC(NC(=O)C1CCN(C(=O)C2CC2)CC1)c1ccc(C)cc1,3.2109200000000016,CCCC(NC(=O)C12CCC(CC1)C2)c1cccc(C(C)(C)C)c1,True,5.521800000000006,2.3108800000000045,0.2361111111111111,False,True
3.0,bin,19,1.2959600001573564,1.1407200038433076,inf,481908,CCNS(=O)(=O)c1ccc(C)c(C(=O)Nc2ncccc2C)c1,2.24894,COc1c(Cl)cc(C(=O)Nc2ncccc2C)cc1Br,True,4.066820000000002,1.8178800000000015,0.3968253968253968,False,True
3.0,bin,19,1.2959600001573564,1.1407200038433076,inf,485220,Cc1nn(CC(=O)N2CCN(C)CC2)c(C)c1Br,1.03644,CC(C)c1[nH]n(CC(=O)N2CCN(C(F)(F)F)CC2)c1C(C)C,True,2.727000000000001,1.6905600000000012,0.26785714285714285,False,True
3.0,bin,19,1.2959600001573564,1.1407200038433076,inf,526363,Cc1nnc(SCC(=O)Nc2ccc(O)cc2)n(N)c1=O,0.09692,C=CCn1c(SCC(=O)Nc2c(C)cccc2C)nncc1=O,True,2.17194,2.0750200000000003,0.36363636363636365,False,True
3.0,bin,19,1.2959600001573564,1.1407200038433076,inf,536853,COc1ccc(C2CCCN2C(=O)C2CCC2)c(OC)c1,3.1674000000000015,O=C(C1CCC1)N1CCCC1c1cc(Cl)cc(Cl)c1Cl,True,5.110400000000003,1.9430000000000014,0.5,False,True
3.0,bin,19,1.2959600001573564,1.1407200038433076,inf,540312,Cc1nn(C)c2nc(C3CC3)cc(C(=O)NCC(=O)NC(C)(C)C)c12,1.7986199999999997,CCC(CC)N(CC)C(=O)c1cc(C2CC2)nc2c1c(C)nn2C,True,3.804820000000003,2.0062000000000033,0.53125,False,True
3.0,bin,19,1.2959600001573564,1.1407200038433076,inf,544381,Cc1nc(N2CCCC(C(=O)NC(C)C)C2)c2c(C)c(C)oc2n1,2.8890600000000006,CCOC(C)=C1CN=C(C)N=C1N1CCCC(C(F)(F)C(F)F)C1,True,3.7398000000000033,0.8507400000000027,0.1951219512195122,False,True
3.0,bin,19,1.2959600001573564,1.1407200038433076,inf,544382,CCCNC(=O)C1CCCN(c2nc(C)nc3oc(C)c(C)c23)C1,2.8906600000000013,CCOC(C)=NC(=CC(C)=C(C)O)N1CCCC(C(=O)OC(C)(C)C)C1,True,4.1883000000000035,1.2976400000000021,0.20238095238095238,False,True
3.0,bin,19,1.2959600001573564,1.1407200038433076,inf,550049,Cc1ccc(C)c(OCC(=O)Nc2cccc(-n3cnnc3)c2)c1,2.9016400000000013,Cc1cccc(C(C)C)c1OC(C)(C)C(=O)Nc1cccc(-n2cnnc2)c1,True,4.495220000000002,1.593580000000001,0.45454545454545453,False,True
3.0,bin,19,1.2959600001573564,1.1407200038433076,inf,573533,Cc1nn(-c2ncc(C(F)(F)F)cc2Cl)c(=O)o1,2.2011199999999995,CC(C)CC=NN1C(=NC=C(CC(F)(F)F)C(C)(C)C)C1C(=O)O,True,4.068000000000002,1.8668800000000028,0.09210526315789473,False,True
3.0,bin,19,1.2959600001573564,1.1407200038433076,inf,582555,O=C(NCC(O)c1ccccc1)c1ccc2c(=O)n3c(nc2c1)CCC3,1.8061000000000003,C=CC=CC=CC1CC(C(C)C)CNC(=O)c2ccc3c(=O)n1c(C)nc3c2,True,3.9501200000000027,2.1440200000000025,0.2,False,True
3.0,bin,19,1.2959600001573564,1.1407200038433076,inf,588547,Cc1n[nH]c(C)c1NC(=O)CCc1ccc(Cl)cc1Cl,3.9046400000000023,Cc1n[nH]c(C)c1NC(=O)CC(C)CC(C)(Cl)Cl,True,3.575140000000002,-0.32950000000000035,0.42857142857142855,False,True
3.0,bin,19,1.2959600001573564,1.1407200038433076,inf,607673,CCCN(CC1CC1)S(=O)(=O)c1ccccc1F,2.636400000000001,CCCN(CC1CC1)S(=O)(=O)c1c(Cl)cccc1Cl,True,3.8041000000000027,1.1677000000000017,0.5777777777777777,False,True
3.0,bin,19,1.2959600001573564,1.1407200038433076,inf,617681,Cc1cc(C(=O)Nc2nc(-c3ccncc3)cs2)nn1C(C)C,3.5432200000000016,CC1CC=NN1,True,0.35400000000000004,-3.1892200000000015,0.05,False,True
3.0,bin,19,1.2959600001573564,1.1407200038433076,inf,650267,COc1ccc2oc(C(=O)NC3CCCCNC3=O)c(C)c2c1,2.14832,Cc1c(C(=O)N2CC(C)CC(C)(C)C2)oc2ccc(F)cc12,True,4.388520000000004,2.240200000000004,0.29333333333333333,False,True
3.0,bin,19,1.2959600001573564,1.1407200038433076,inf,668639,Cc1cc(NC(=O)c2ccccc2Cl)ncc1N,2.8779200000000005,CC(C)Sc1ccccc1C(=O)Nc1cc(Cl)ccn1,True,4.487800000000003,1.6098800000000022,0.4107142857142857,False,True
3.0,bin,19,1.2959600001573564,1.1407200038433076,inf,673160,CCC(=O)Nc1ccc2oc(C(F)(F)F)cc(=O)c2c1,3.160300000000001,O=c1c(Cl)c(F)oc2c(C(F)(F)F)cc(C(F)(F)F)cc12,True,4.6231,1.4627999999999988,0.21666666666666667,False,True
3.0,bin,19,1.2959600001573564,1.1407200038433076,inf,711169,Cc1cccc(C(C)C)c1NC(=O)N(C)Cc1ccncc1,4.177320000000003,CC(C)c1ccc(Cl)c(C(C)C)c1NC(=O)N(C)Cc1ccncc1,True,5.645700000000005,1.4683800000000025,0.6666666666666666,False,True
3.0,bin,19,1.2959600001573564,1.1407200038433076,inf,720969,Cc1noc(C)c1CCC(=O)OCC(=O)N1c2ccccc2CC1C,2.7450400000000013,Cc1noc(C(C)C)c1C(C)(C)CC(=O)OCC(=O)Nc1ccccc1,True,3.956020000000003,1.210980000000002,0.27848101265822783,False,True
3.0,bin,19,1.2959600001573564,1.1407200038433076,inf,730789,COC(=O)C1CCN(C(=O)c2cc3ccc(F)cc3nc2C)CC1,2.7075200000000006,Cc1nc2cc(Br)ccc2cc1C(=O)N1CCCCC1,True,3.9318200000000028,1.2243000000000022,0.5,False,True
3.0,bin,19,1.2959600001573564,1.1407200038433076,inf,738178,Cc1ccc(-n2ccnc2SCc2nc(C3CC3)no2)cc1C,4.041840000000003,ClCl,True,1.379,-2.662840000000003,0.0,False,True
3.0,bin,19,1.2959600001573564,1.1407200038433076,inf,771897,COc1ccccc1OCC(=O)N(C)Cc1sccc1C,3.102520000000002,Cc1ccsc1CN(C)C(=O)COc1c(Cl)cccc1Cl,True,4.400720000000002,1.2982000000000005,0.64,False,True
3.0,bin,19,1.2959600001573564,1.1407200038433076,inf,811446,COC(=O)C1(NC(=O)c2cc(Br)c[nH]2)CCCCCC1,2.7730000000000006,CCC1(NC(=O)c2cc(Br)c[nH]2)CCC(C)(C)CC1,True,4.256000000000004,1.4830000000000032,0.52,False,True
3.0,bin,19,1.2959600001573564,1.1407200038433076,inf,848291,CCC(C)NC(=O)NCc1noc(-c2cccs2)n1,2.3958000000000004,CCC(NC(=O)CCCC(F)(F)F)OC(=N)c1cccs1,True,3.674970000000002,1.2791700000000015,0.25675675675675674,False,True
3.0,bin,19,1.2959600001573564,1.1407200038433076,inf,863440,COc1ccc(-c2nc(CCCO)cs2)cc1OC,2.752200000000001,CCCc1csc(-c2ccc(OC)c(OC)c2)n1,True,3.7798000000000025,1.0276000000000014,0.7380952380952381,False,True
3.0,bin,19,1.2959600001573564,1.1407200038433076,inf,864663,N#Cc1ccc(-c2cc(F)ccc2F)nc1N1CCCC1,3.498680000000002,FC(F)(F)c1ccc(-c2nc(N3CCCC3)ccc2Cl)cc1,True,5.0210000000000035,1.5223200000000014,0.21311475409836064,False,True
3.0,bin,19,1.2959600001573564,1.1407200038433076,inf,872100,CCc1cccc(C)c1NCC(O)c1ccc2c(c1)OCCO2,3.474120000000002,CC(C)(C)Sc1cccc(NCC(O)c2ccc3c(c2)OCCO3)c1,True,4.493900000000003,1.0197800000000008,0.5344827586206896,False,True
3.0,bin,19,1.2959600001573564,1.1407200038433076,inf,886334,COc1ccc(C(=O)N2CCCC(C(=O)N3CCCCC3)C2)c(O)c1,2.2655000000000003,CCN(CCCC(C)(C)C)C(=O)C1CCCN(C(=O)c2ccccc2)C1,True,4.213600000000004,1.9481000000000037,0.3142857142857143,False,True
3.0,bin,19,1.2959600001573564,1.1407200038433076,inf,887387,COCCNC(=O)N(Cc1cccc(F)c1)CC1CCCO1,2.1627,O=C(OCCC(F)(F)F)N(Cc1cccc(F)c1)CC1CCCO1,True,3.8957000000000024,1.7330000000000023,0.609375,False,True
3.0,bin,19,1.2959600001573564,1.1407200038433076,inf,889149,N#Cc1ccc(NC(=O)c2ccc(Br)cc2Cl)nc1,3.621480000000001,N=C(C(Cl)=CC=CNC=O)C(F)(F)F,True,1.9508699999999999,-1.670610000000001,0.06153846153846154,False,True
3.0,bin,19,1.2959600001573564,1.1407200038433076,inf,913483,O=C(CNC(=O)NCCc1c(Cl)cccc1Cl)NC1CC1,2.1137000000000006,CCC(C)(C)CCCC(C)(O)NCCc1c(F)cccc1Cl,True,4.926200000000006,2.8125000000000053,0.2698412698412698,False,True
3.0,bin,19,1.2959600001573564,1.1407200038433076,inf,917620,C=CCN(Cc1ccccc1OC)C(=O)c1csc(C)n1,3.288520000000002,CC(C)(C)CN(Cc1ccccc1Cl)C(=O)C1N=CCS1,True,3.858400000000003,0.5698800000000013,0.25,False,True
3.0,bin,19,1.2959600001573564,1.1407200038433076,inf,918312,CCOc1ccc(Cl)c(C(=O)N2CCN(c3ncccn3)CC2)n1,1.8860999999999997,CC(C)SC=CC=C(Cl)C(=N)C(=O)N1CCN(c2ncc(Cl)cn2)CC1,True,3.5763700000000016,1.690270000000002,0.273972602739726,False,True
3.0,bin,19,1.2959600001573564,1.1407200038433076,inf,922879,CC(=O)c1ccc(N2CCN(Cc3c(F)cccc3F)CC2)cc1,3.489600000000003,Clc1ccccc1N1CCN(Cc2c(Cl)cccc2Cl)CC1,True,4.969000000000004,1.479400000000001,0.3541666666666667,False,True
3.0,bin,19,1.2959600001573564,1.1407200038433076,inf,927535,COc1cc(CN2CCN(c3ccccc3F)CC2)ccc1O,2.862100000000002,Fc1ccccc1CN1CCN(c2ccc(C(F)(F)F)cc2)CC1,True,4.166700000000004,1.304600000000002,0.3275862068965517,False,True
3.0,bin,19,1.2959600001573564,1.1407200038433076,inf,927567,Cc1ccccc1N1CCN(Cc2cccc(O)c2)CC1,3.022820000000001,Clc1cccc(CN2CCN(c3cccc(Cl)c3)CC2)c1,True,4.315600000000004,1.2927800000000031,0.425531914893617,False,True
3.0,bin,19,1.2959600001573564,1.1407200038433076,inf,938108,CC(c1ccccc1)N(C)C(=O)CCC(=O)Nc1nccs1,3.0814000000000012,CCC(C(C)c1ccccc1)N(CC)C(=O)CCC(=O)Nc1nccs1,True,4.292600000000003,1.2112000000000016,0.6491228070175439,False,True
3.0,bin,19,1.2959600001573564,1.1407200038433076,inf,943303,CN(CCCOc1ccccc1)C(=O)Nc1cccc2c1OCCO2,3.390600000000002,CC(C)C(CCOc1ccccc1Cl)N(C)C(=O)Nc1ccc2cc1OCC2,True,5.232300000000005,1.841700000000003,0.3291139240506329,False,True
3.0,bin,19,1.2959600001573564,1.1407200038433076,inf,946289,CC(NC(=O)C1(c2cc(-c3ccco3)on2)CC1)c1ccccc1,3.843600000000002,C=CC1CC(C(=O)N(C=CC)CCCC)CC(c2cc(-c3ccco3)on2)C1,True,5.782800000000006,1.939200000000004,0.2823529411764706,False,True
3.0,bin,19,1.2959600001573564,1.1407200038433076,inf,994077,Cc1nnc(Cn2c(-c3cccc(Br)c3)noc2=O)o1,2.0055199999999997,CCC(CC)c1nnc(Cn2c(-c3ccc(C)c(C)c3)noc2=O)o1,True,3.455040000000002,1.4495200000000024,0.5084745762711864,False,True
3.0,bin,19,1.2959600001573564,1.1407200038433076,inf,1065620,O=C(NCc1cccnc1Oc1ccccc1)c1cccnc1,3.198900000000002,CC(C)C(NC(=O)c1cccnc1)c1cccnc1Oc1ccccc1,True,4.3960000000000035,1.1971000000000016,0.5714285714285714,False,True
3.0,bin,19,1.2959600001573564,1.1407200038433076,inf,1093926,CN(C(=O)CNc1cccc(OCC2CCCO2)c1)c1ccccc1,3.319300000000002,CCC(C)N(C(=O)CNc1cccc(OCC2CCCO2)c1)c1ccccc1,True,4.488000000000004,1.168700000000002,0.746031746031746,False,True
3.0,bin,19,1.2959600001573564,1.1407200038433076,inf,1107920,CCc1ccc(-n2cc(C(=O)NC(C)c3ccccc3)nn2)cc1,3.320700000000002,C#CC=CC=CC(C)(C)C(CC)NC(=O)c1cn(-c2ccc(Cl)cc2)nn1,True,4.200900000000003,0.8802000000000012,0.4142857142857143,False,True
3.0,bin,19,1.2959600001573564,1.1407200038433076,inf,1113130,CC(NC(=O)Cn1nnnc1C(C)(C)C)c1cccc2ccccc12,3.0012000000000016,C#CC=CC=C(Cl)C=C(NC(=O)Cn1nnnc1C(C)(C)CCC)C(C)C,True,3.719000000000003,0.7178000000000013,0.33766233766233766,False,True
3.0,bin,19,1.2959600001573564,1.1407200038433076,inf,1121751,COC(=O)Cn1ccc(NS(=O)(=O)c2ccc(F)c(F)c2F)n1,1.2742,O=S(=O)(Nc1ccn(CC(F)(F)C(F)F)n1)c1ccc(F)cc1F,True,2.8625000000000016,1.5883000000000016,0.43548387096774194,False,True
3.0,bin,19,1.2959600001573564,1.1407200038433076,inf,1142531,CCOC(C)C(=O)NCCc1csc(-c2ccc(C)cc2)n1,3.2022200000000014,CCC(CC)C(=O)N(C)CCc1csc(-c2ccc(C)c(C)c2)n1,True,4.864040000000005,1.6618200000000032,0.4153846153846154,False,True
3.0,bin,19,1.2959600001573564,1.1407200038433076,inf,1212157,CN(Cc1ccc(F)c(F)c1)C(=O)c1cncc(-c2cnn(C)c2)c1,3.0325000000000015,C=C(C)CCN(Cc1ccccc1Cl)C(=O)c1cncc(-c2cn[nH]c2)c1,True,4.733700000000004,1.7012000000000027,0.2911392405063291,False,True
3.0,bin,19,1.2959600001573564,1.1407200038433076,inf,1215394,CCn1nc(C)cc1C(=O)Oc1cccc(NC(=O)C(C)C)c1,3.025120000000001,CCn1nc(C(C)C)cc1C(=O)Oc1cc(C(F)(F)F)ccc1F,True,4.403500000000003,1.3783800000000017,0.3939393939393939,False,True
3.0,bin,19,1.2959600001573564,1.1407200038433076,inf,1232922,CC(C)(C)OC(=O)NC1CCCN(S(=O)(=O)N2CCOCC2)C1,0.5525000000000011,CCC1CN(S(=O)(=O)N2CCCC(C(F)(F)F)C2)CCOC1CC,True,2.642500000000001,2.09,0.3333333333333333,False,True
3.0,bin,19,1.2959600001573564,1.1407200038433076,inf,1238973,FC(F)(F)c1cnc(N2CCn3c(nnc3C3CC3)C2)c(Cl)c1,3.2429000000000023,CC(C)C(C)SC=C(Cl)C=C(Cl)C1=NC(n2cnnc2C2CC2)CN1,True,4.636400000000004,1.3935000000000013,0.15294117647058825,False,True
3.0,bin,19,1.2959600001573564,1.1407200038433076,inf,1299495,Cc1cc(CC(=O)N2CCCC2C(C#N)c2ccccc2)no1,2.823900000000001,CCC(C(=O)N1CCCC1C(C#N)c1ccccc1Cl)c1ccon1,True,4.1199800000000035,1.2960800000000026,0.42105263157894735,False,True
3.0,bin,19,1.2959600001573564,1.1407200038433076,inf,1309906,CC(C)CC(NC(=O)c1cc(=O)c2ccccc2o1)C(=O)OC(C)C,2.8891000000000018,CC(C)CCC(C)OC(=O)c1cc(=O)c2ccccc2o1,True,3.7745000000000033,0.8854000000000015,0.5272727272727272,False,True
3.0,bin,19,1.2959600001573564,1.1407200038433076,inf,1362816,COCc1cccc(C(=O)NC2CC2c2cccc(Cl)c2)c1,3.772300000000002,O=C(NC1CC1c1cc(Cl)ccc1Cl)c1cccc(C(F)(F)F)c1,True,5.2981000000000025,1.5258000000000003,0.4444444444444444,False,True
3.0,bin,19,1.2959600001573564,1.1407200038433076,inf,1441838,COCC(=O)NC(C(=O)Nc1cccc(-c2nccs2)c1)C(C)C,2.5358,CCCCCC(C)NC(=O)Nc1cccc(-c2nccs2)c1,True,4.900400000000004,2.364600000000004,0.5384615384615384,False,True
3.0,bin,19,1.2959600001573564,1.1407200038433076,inf,1450449,CCCNC(=O)CSc1nc2c(cc1C#N)CCCC2,2.450380000000001,CCC(C)CC1Sc2nc3c(cc2C=C1C#N)CCCC3,True,4.777880000000004,2.3275000000000032,0.30985915492957744,False,True
3.0,bin,19,1.2959600001573564,1.1407200038433076,inf,1451910,O=S(=O)(NCc1nnc2ccccn12)c1ccc(F)c(F)c1,1.4859999999999995,O=S(=O)(NCc1nnc2ccccn12)c1cc(Cl)ccc1Cl,True,2.5146000000000006,1.028600000000001,0.6037735849056604,False,True
3.0,bin,19,1.2959600001573564,1.1407200038433076,inf,1479798,Cc1nc(C)c(CCC(=O)N(CC(C)C)CC(F)(F)F)c(=O)[nH]1,2.3662400000000003,CCCC(Cc1c(C)nc(C)[nH]c1=O)C(C)C,True,3.001540000000001,0.6353000000000009,0.38181818181818183,False,True
3.0,bin,19,1.2959600001573564,1.1407200038433076,inf,1507926,COC(=O)C(C)NC(=O)Cc1csc(-c2ccccc2Cl)n1,2.6837,CCCCC(=O)NCc1csc(-c2ccccc2Cl)n1,True,4.269900000000003,1.5862000000000034,0.5263157894736842,False,True
3.0,bin,19,1.2959600001573564,1.1407200038433076,inf,1527882,Nc1ncccc1C(=O)Nc1ccc2cn[nH]c2c1,1.7923999999999998,CC(C)c1ncccc1C(=O)Nc1ccc2cn[nH]c2c1,True,3.3336000000000006,1.5412000000000008,0.72,False,True
3.0,bin,19,1.2959600001573564,1.1407200038433076,inf,1532848,COc1ccc(-c2ccc3c(=O)[nH]cnc3c2)cc1Cl,3.2521000000000013,O=CNC=NC=CC(F)c1ccc(Cl)cc1C(F)F,True,3.576200000000001,0.3240999999999996,0.10144927536231885,False,True
3.0,bin,19,1.2959600001573564,1.1407200038433076,inf,1548351,COc1cc(OC)c2c(c1)C(c1cnccn1)NCC2,1.7288999999999999,Clc1cc2c(c(Cl)c1Cl)CCNC2c1cnccn1,True,3.6719000000000017,1.9430000000000018,0.56,False,True
3.0,bin,19,1.2959600001573564,1.1407200038433076,inf,1570134,COc1cccc(C(C)N2CCN(C(=O)c3ccc(O)cc3)CC2)c1,2.9198000000000013,C=CC(=CC=CC(C)C)C(=O)N1CCN(C(C)c2ccc(F)cc2)CC1,True,4.355500000000004,1.4357000000000024,0.3181818181818182,False,True
3.0,bin,19,1.2959600001573564,1.1407200038433076,inf,1611406,CC(C)(C)N1CC(NC(=O)C2COc3ccc(F)cc3C2)CC1=O,1.8923999999999994,CCC(CC)(CC)CNCC1(NC(=O)C2COc3ccccc3C2)CC1=O,True,2.871500000000001,0.9791000000000016,0.32894736842105265,False,True
3.0,bin,19,1.2959600001573564,1.1407200038433076,inf,1612684,CCCC1CN(C(=O)Nc2ccn(CCC(C)C)n2)CCO1,2.9620000000000015,CC(C)CCCC1OCN1C(=O)NC1=NCCC(C)(C)CCN(C)C=C1,True,3.802100000000003,0.8401000000000014,0.2891566265060241,False,True
3.0,bin,19,1.2959600001573564,1.1407200038433076,inf,1639675,CCC(CC)c1nnc(NC(=O)c2scnc2C2CC2)s1,4.0279000000000025,CC(C)(CCS)CC(=O)NC1=NN=CC(C)(C(=N)C2CC2)C1,True,3.062870000000001,-0.9650300000000014,0.16455696202531644,False,True
3.0,bin,19,1.2959600001573564,1.1407200038433076,inf,1675660,COc1ccnc(NC(=O)c2cccc(Cl)c2)c1,2.9959000000000007,O=C(Nc1cc(Cl)c(SC(F)F)cn1)c1cccc(Cl)c1,True,4.955400000000002,1.9595000000000011,0.5,False,True
3.0,bin,19,1.2959600001573564,1.1407200038433076,inf,1689728,CCc1noc(CSc2ncnc3sc(C)cc23)n1,3.237420000000002,CCC1(C)C=NOC(C(C)SC2=NC=NCSC(C)=CC2)=C1C,True,5.239400000000005,2.001980000000003,0.13253012048192772,False,True
3.0,bin,19,1.2959600001573564,1.1407200038433076,inf,1720876,CC(C)(C)CC(=O)NCC(=O)Nc1ccc2c(c1)COC2,2.2077,CC(C)CCC(C)OCCC(=O)Nc1ccc2c(c1)COC2,True,3.886700000000003,1.679000000000003,0.48214285714285715,False,True
3.0,bin,19,1.2959600001573564,1.1407200038433076,inf,1757109,CC(C)Cc1ncc(CNc2ccc3c(c2)COC3)s1,3.983900000000003,CC1CSC2OCc3cc(ccc32)NCC=CN=CC(C(C)C)C1,True,5.257000000000005,1.2731000000000021,0.15853658536585366,False,True
3.0,bin,19,1.2959600001573564,1.1407200038433076,inf,1774061,O=C1NCCCc2[nH]c(-c3cccc4[nH]ccc34)nc21,2.234,O=C1NCCCc2[nH]c(-c3ccc(F)c(C(F)(F)F)c3Cl)nc21,True,3.564000000000002,1.3300000000000018,0.4915254237288136,False,True
3.0,bin,19,1.2959600001573564,1.1407200038433076,inf,1800687,Cc1nn(C)c(-c2nc(-c3cccnn3)no2)c1Cl,1.8889199999999997,CC(C)c1nn(C(C)C)c(-c2nc(-c3cccnn3)no2)c1Cl,True,3.7478000000000025,1.8588800000000028,0.5925925925925926,False,True
3.0,bin,19,1.2959600001573564,1.1407200038433076,inf,1815867,FC(F)(F)c1ccc(CN2CCOCC2c2ncon2)cc1,2.661900000000001,FC(F)C(Cl)Cl,True,2.0552,-0.6067000000000009,0.04,False,True
3.0,bin,19,1.2959600001573564,1.1407200038433076,inf,1828580,Cc1ccc(N2CC3OCC(=O)N(Cc4cccc(F)c4)C3C2)nn1,1.54032,CCC(C=C1C=C(CNC(=O)COCCCNc2ccccc2N)N1)CC,True,3.0108000000000006,1.4704800000000007,0.08080808080808081,False,True
3.0,bin,19,1.2959600001573564,1.1407200038433076,inf,1836183,CCc1ccc(C(=O)NCc2nccc(N(C)C)n2)cc1,2.035,CCSc1cc(CNC(=O)c2ccc(C(F)(F)F)cc2)ncn1,True,3.5374000000000025,1.5024000000000024,0.31746031746031744,False,True
3.0,bin,19,1.2959600001573564,1.1407200038433076,inf,1842499,COc1ccccc1COc1ccccc1-c1cnn(CCO)c1,3.1300000000000017,FC(F)(F)Cn1cc(-c2ccccc2OCc2ccccc2Cl)cn1,True,5.344800000000003,2.214800000000001,0.5357142857142857,False,True
3.0,bin,19,1.2959600001573564,1.1407200038433076,inf,1865564,COC(CNC(=O)c1ccoc1)c1cccc(F)c1,2.536200000000001,O=C(F)NCCc1cc(Cl)ccc1OCCF,True,2.9099000000000013,0.37370000000000037,0.17142857142857143,False,True
3.0,bin,19,1.2959600001573564,1.1407200038433076,inf,1868773,CCCOc1ccc(Cl)c2c1CCNC2C1CC(=O)C1,3.2947000000000015,CC(C)CCCCC1NCCc2c(Cl)ccc(Cl)c21,True,5.396600000000005,2.101900000000003,0.32786885245901637,False,True
3.0,bin,19,1.2959600001573564,1.1407200038433076,inf,1873123,CCC1OC(=O)c2c(OC)ccc(Br)c21,3.079200000000002,CC(C)CCCCC1OC(=O)c2c(Br)cccc21,True,4.877000000000004,1.7978000000000023,0.34615384615384615,False,True
3.0,bin,19,1.2959600001573564,1.1407200038433076,inf,1875028,Cc1cccc(C)c1NCC(=O)N1CCCC2CCCCC21,3.8965400000000034,CCC(C)(C)c1ccccc1NCC(=O)NCCC1CCCCC1,True,4.872700000000004,0.9761600000000001,0.28125,False,True
3.0,bin,19,1.2959600001573564,1.1407200038433076,inf,1895921,CCC(CC)N(C)C(=O)CC1OC(=O)c2ccccc21,2.935200000000002,CC(C)CCCC(C)(C)NC(=O)CC1OC(=O)c2ccccc21,True,4.009300000000003,1.0741000000000014,0.4642857142857143,False,True
3.0,bin,19,1.2959600001573564,1.1407200038433076,inf,1907077,Cc1ccc2[nH]nc(C(=O)Nc3nc(-c4ccco4)cs3)c2c1,3.8401200000000015,C=c1c(C(=O)Nc2nc(-c3ccco3)cs2)n[nH]c1=CC=CC(C)(C)C,True,3.1716000000000015,-0.66852,0.5428571428571428,False,True
3.0,bin,19,1.2959600001573564,1.1407200038433076,inf,1913063,Cc1nn(C)c(C)c1CN(C(=O)c1cn2cccc(C)c2n1)C1CC1,2.797860000000001,C=C(CNC(=O)c1cn2c(C)cccc2n1)C(C)=NNC(C)(C)CC,True,3.0828200000000017,0.28496000000000077,0.16666666666666666,False,True
3.0,bin,19,1.2959600001573564,1.1407200038433076,inf,1922265,CN(CCNC(=O)c1ccc2c(c1)ncn2C)c1ccccc1,2.4395000000000007,CN(CCNc1ccccc1)C(=O)c1ccc2c(c1)ncn2C(C)(C)C,True,3.975400000000003,1.5359000000000025,0.4393939393939394,False,True
