guidance,request,requested_bin,requested_centre,bin_lo,bin_hi,seed_row,seed_smiles,seed_value,generated,valid,generated_value,obtained_delta,tanimoto_to_seed,is_copy,novel
1.0,null,20,,,,32052,COc1ccccc1CNC(=O)Cc1c[nH]c2ccccc12,3.035400000000001,CCC(NC(=O)Cc1c[nH]c2ccccc12)c1ccccc1O,True,3.6835000000000027,0.6481000000000017,0.4909090909090909,False,True
1.0,null,20,,,,116747,COCCSc1ccccc1C(=O)Nc1cccc(C)n1,3.3808200000000017,C=CCSc1ccccc1C(=O)Nc1cc(OC)ccn1,True,3.6206000000000014,0.23977999999999966,0.45901639344262296,False,True
1.0,null,20,,,,131060,CS(=O)(=O)NCCc1csc(-c2ccc(F)cc2)n1,2.0408999999999997,CNS(=O)(=O)NCCC(C=CS)N=Cc1ccc(C)cc1,True,1.6699200000000003,-0.3709799999999994,0.15942028985507245,False,True
1.0,null,20,,,,131949,CCc1c(C)nc(SCC(=O)NC(C)C)[nH]c1=O,1.25742,CCNC(=O)CSc1nc(C)c(Cl)c(=O)[nH]1,True,0.9599199999999999,-0.2975000000000001,0.52,False,True
1.0,null,20,,,,158879,COc1ccc(CC(=O)OCC(=O)c2c[nH]c3ccccc23)cc1,3.145100000000001,COc1ccccc1CC(=O)OCC(=O)c1c[nH]c2ccccc12,True,3.145100000000001,0.0,0.6862745098039216,False,True
1.0,null,20,,,,232056,COCCNC(=O)c1cc(=O)c2cc(C)ccc2o1,1.4776199999999993,Cc1ccc2oc(C(=O)NCC(=O)N(C)C)cc(=O)c2c1,True,0.9194199999999997,-0.5581999999999996,0.6530612244897959,False,True
1.0,null,20,,,,235788,O=C(Cn1nc(-c2ccco2)oc1=O)NCC(F)(F)F,0.7747999999999999,NS(=O)(=O)CCCn1nc(-c2ccco2)oc1=O,True,-0.22510000000000008,-0.9999,0.47368421052631576,False,True
1.0,null,20,,,,236081,CC(=O)c1c(C)[nH]c(C(=O)CSc2nc(C(C)C)n[nH]2)c1C,3.0506400000000014,CC1=CC(=O)OCC(C)(C(=O)CSc2nc(C)n[nH]2)N1,True,0.58322,-2.4674200000000015,0.2714285714285714,False,True
1.0,null,20,,,,281081,O=C(Cn1cccn1)NCc1cccnc1Oc1ccc(F)cc1F,2.665000000000001,COc1ccccc1Oc1ncccc1CNC(=O)Cn1cccn1,True,2.3953999999999995,-0.2696000000000014,0.7241379310344828,False,True
1.0,null,20,,,,284170,COc1ccc(-c2nc(CC(=O)Nc3cccc(C)n3)cs2)cc1,3.7033200000000024,O=C(Cc1csc(-c2cccc(F)c2)n1)Nc1ccccn1,True,3.525400000000002,-0.1779200000000003,0.5,False,False
1.0,null,20,,,,288369,Cc1ccc(NCc2nnc3n2CCCCC3)cc1C,3.2334400000000016,Fc1ccc(NCc2nnc3n2CCCCC3)c(F)c1,True,2.894800000000002,-0.33863999999999983,0.5576923076923077,False,True
1.0,null,20,,,,302889,COc1ccc(OC)c(NC(=O)CCNC(=O)c2cccs2)c1,2.5239000000000003,O=C(CCNC(=O)c1cccs1)Nc1ccc(F)c(Cl)c1,True,3.299200000000001,0.7753000000000005,0.5,False,False
1.0,null,20,,,,327141,COc1ccc(OC)c(S(=O)(=O)Nc2ccn(C)n2)c1,1.2381,O=S(=O)(NC1C=CNC1)c1cc(F)c(F)cc1F,True,0.8677000000000001,-0.37039999999999984,0.14516129032258066,False,True
1.0,null,20,,,,327382,CNC(=O)C1CN(C(=O)c2c(C)noc2C)c2ccccc2O1,1.4452399999999996,CCc1onc(C)c1C(=O)N1Cc2ccccc2OC(NC(C)=O)C1,True,2.04242,0.5971800000000003,0.38028169014084506,False,True
1.0,null,20,,,,406491,COCCNC(=O)C1CCCN(S(=O)(=O)N2CCOCC2)C1,-0.9619999999999964,CCCOC(=O)C1CCN(S(=O)(=O)N2CCOCC2C)CC1,True,0.6171000000000011,1.5790999999999975,0.3384615384615385,False,True
1.0,null,20,,,,413951,O=C(Cn1ncn2cccc2c1=O)N1CCCCCC1,0.8985999999999996,CCCC1C(C#N)OCCN1C(=O)Cn1ncn2cccc2c1=O,True,0.41567999999999916,-0.48292000000000046,0.5,False,True
1.0,null,20,,,,427929,CCNc1nc(NCc2ccccc2Cl)c2cnn(C)c2n1,3.060600000000001,COC=CC=C(CC=NC(=CCl)N(C)C)CNc1ncn[nH]1,True,2.3632999999999997,-0.6973000000000011,0.10344827586206896,False,True
1.0,null,20,,,,447130,CCC(NC(=O)C1CCN(C(=O)C2CC2)CC1)c1ccc(C)cc1,3.2109200000000016,CCc1ccc(C(C)NC(=O)C2CCN(C(=O)C3CC3)CC2)cc1,True,3.0748000000000015,-0.13612000000000002,0.6078431372549019,False,False
1.0,null,20,,,,481908,CCNS(=O)(=O)c1ccc(C)c(C(=O)Nc2ncccc2C)c1,2.24894,COCCNC(=O)c1ccc(C)c(C(=O)Nc2ncccc2C)c1,True,2.3269400000000005,0.07800000000000029,0.5344827586206896,False,True
1.0,null,20,,,,485220,Cc1nn(CC(=O)N2CCN(C)CC2)c(C)c1Br,1.03644,CCN1CCN(C(=O)Cn2nc(C)cc2C#N)CC1,True,0.22729999999999984,-0.8091400000000002,0.37037037037037035,False,True
1.0,null,20,,,,526363,Cc1nnc(SCC(=O)Nc2ccc(O)cc2)n(N)c1=O,0.09692,CCOc1ccccc1NC(=O)CSc1nnc(C)c(=O)n1N,True,0.7900200000000002,0.6931000000000002,0.5964912280701754,False,False
1.0,null,20,,,,536853,COc1ccc(C2CCCN2C(=O)C2CCC2)c(OC)c1,3.1674000000000015,N#CC=C1C=CC(C2CCCN2C(=O)C2CCC2)=C1,True,2.7236800000000008,-0.4437200000000008,0.3898305084745763,False,True
1.0,null,20,,,,540312,Cc1nn(C)c2nc(C3CC3)cc(C(=O)NCC(=O)NC(C)(C)C)c12,1.7986199999999997,CCC(C)C(O)CNC(=O)c1cc(C2CC2)nc2c1c(C)nn2C,True,2.29092,0.4923000000000002,0.6190476190476191,False,True
1.0,null,20,,,,544381,Cc1nc(N2CCCC(C(=O)NC(C)C)C2)c2c(C)c(C)oc2n1,2.8890600000000006,CC1=NC(N2CCCCC2)=CC(NCCC(C)O)=C(C)O1,True,2.3543000000000003,-0.5347600000000003,0.21333333333333335,False,True
1.0,null,20,,,,544382,CCCNC(=O)C1CCCN(c2nc(C)nc3oc(C)c(C)c23)C1,2.8906600000000013,Cc1nc(N2CCCC(C(C)(C)N)C2)c2c(C)c(C)oc2n1,True,3.1017600000000014,0.21110000000000007,0.5409836065573771,False,True
1.0,null,20,,,,550049,Cc1ccc(C)c(OCC(=O)Nc2cccc(-n3cnnc3)c2)c1,2.9016400000000013,CC(=O)c1ccc(OCC(=O)Nc2cccc(-n3cnnc3)c2)cc1,True,2.4874,-0.4142400000000013,0.625,False,False
1.0,null,20,,,,573533,Cc1nn(-c2ncc(C(F)(F)F)cc2Cl)c(=O)o1,2.2011199999999995,Cc1nn(-c2ncc(C(F)(F)F)cc2C)c(=O)o1,True,1.85614,-0.3449799999999996,0.7804878048780488,False,True
1.0,null,20,,,,582555,O=C(NCC(O)c1ccccc1)c1ccc2c(=O)n3c(nc2c1)CCC3,1.8061000000000003,C=CCc1nc2c(c(=O)[nH]1)=CCC(=O)NCC(O)c1ccc(F)cc1CC=2,True,-0.005499999999999838,-1.8116,0.1134020618556701,False,True
1.0,null,20,,,,588547,Cc1n[nH]c(C)c1NC(=O)CCc1ccc(Cl)cc1Cl,3.9046400000000023,Cc1cc(C)c(CCC(=O)Nc2c(C)n[nH]c2C)c(C)c1,True,3.523100000000002,-0.3815400000000002,0.58,False,True
1.0,null,20,,,,607673,CCCN(CC1CC1)S(=O)(=O)c1ccccc1F,2.636400000000001,CCCN(CC1CC1)S(=O)(=O)c1cc(C)ccc1C,True,3.1141400000000017,0.4777400000000007,0.5869565217391305,False,True
1.0,null,20,,,,617681,Cc1cc(C(=O)Nc2nc(-c3ccncc3)cs2)nn1C(C)C,3.5432200000000016,Cn1ccc(C(=O)Nc2nc(-c3ccncc3)cs2)n1,True,2.1909,-1.3523200000000015,0.6111111111111112,False,False
1.0,null,20,,,,650267,COc1ccc2oc(C(=O)NC3CCCCNC3=O)c(C)c2c1,2.14832,CC1=C(C(=O)NC2CCCCNC2)OOc2ccc(Br)cc21,True,2.7624000000000013,0.6140800000000013,0.26582278481012656,False,True
1.0,null,20,,,,668639,Cc1cc(NC(=O)c2ccccc2Cl)ncc1N,2.8779200000000005,Nc1ccc(NC(=O)c2cc(F)cc(F)c2)nc1,True,2.1943,-0.6836200000000003,0.33962264150943394,False,True
1.0,null,20,,,,673160,CCC(=O)Nc1ccc2oc(C(F)(F)F)cc(=O)c2c1,3.160300000000001,CCCc1cc(=O)c2cc(NC(N)=O)ccc2o1,True,2.2361000000000004,-0.9242000000000008,0.49056603773584906,False,True
1.0,null,20,,,,711169,Cc1cccc(C(C)C)c1NC(=O)N(C)Cc1ccncc1,4.177320000000003,CC(=O)c1ccc(NC(=O)N(C)Cc2ccncc2)cc1,True,2.948100000000001,-1.2292200000000015,0.5,False,False
1.0,null,20,,,,720969,Cc1noc(C)c1CCC(=O)OCC(=O)N1c2ccccc2CC1C,2.7450400000000013,Cc1noc(C)c1CCC(=O)OC(C)C(=O)N1CCc2ccccc21,True,2.7450400000000013,0.0,0.5072463768115942,False,True
1.0,null,20,,,,730789,COC(=O)C1CCN(C(=O)c2cc3ccc(F)cc3nc2C)CC1,2.7075200000000006,NC(=O)C1CCN(C(=O)c2cc3ccccc3nc2Cl)CC1,True,2.2257,-0.4818200000000008,0.4032258064516129,False,True
1.0,null,20,,,,738178,Cc1ccc(-n2ccnc2SCc2nc(C3CC3)no2)cc1C,4.041840000000003,Cc1cccc(C)c1-n1ccnc1SCc1nc(C2CC2)no1,True,4.041840000000003,0.0,0.7222222222222222,False,True
1.0,null,20,,,,771897,COc1ccccc1OCC(=O)N(C)Cc1sccc1C,3.102520000000002,COc1ccccc1OCC(=O)N(C(C)C)C(C)c1cccs1,True,4.133700000000004,1.0311800000000018,0.4909090909090909,False,True
1.0,null,20,,,,811446,COC(=O)C1(NC(=O)c2cc(Br)c[nH]2)CCCCCC1,2.7730000000000006,CC1(C)CCCC(NC(=O)c2cc(C(N)=O)c[nH]2)C1,True,1.8122,-0.9608000000000005,0.3114754098360656,False,True
1.0,null,20,,,,848291,CCC(C)NC(=O)NCc1noc(-c2cccs2)n1,2.3958000000000004,CC(C)CNC(=O)N(C)Cc1noc(-c2cccs2)n1,True,2.5955000000000004,0.1997,0.576271186440678,False,True
1.0,null,20,,,,863440,COc1ccc(-c2nc(CCCO)cs2)cc1OC,2.752200000000001,COc1ccc(-c2nc(CC(C)(C)O)cs2)cc1OC,True,3.1407000000000016,0.3885000000000005,0.6521739130434783,False,True
1.0,null,20,,,,864663,N#Cc1ccc(-c2cc(F)ccc2F)nc1N1CCCC1,3.498680000000002,COC=CC1=CC1c1nc(N2CCCC2)ccc1C#N,True,2.7371800000000013,-0.7615000000000007,0.296875,False,True
1.0,null,20,,,,872100,CCc1cccc(C)c1NCC(O)c1ccc2c(c1)OCCO2,3.474120000000002,COc1cc(NCC(O)c2ccc3c(c2)OCCO3)ccc1F,True,2.7510000000000003,-0.7231200000000015,0.48333333333333334,False,True
1.0,null,20,,,,886334,COc1ccc(C(=O)N2CCCC(C(=O)N3CCCCC3)C2)c(O)c1,2.2655000000000003,C=C(F)C(=CC=COC)C(=O)N1CCCC(C(=O)N2CCC(C)CC2)C1,True,3.0532000000000012,0.787700000000001,0.3382352941176471,False,True
1.0,null,20,,,,887387,COCCNC(=O)N(Cc1cccc(F)c1)CC1CCCO1,2.1627,CS(=O)(=O)NCC(=O)N(Cc1cccc(F)c1)CC1CCCO1,True,0.8824999999999994,-1.2802000000000007,0.625,False,False
1.0,null,20,,,,889149,N#Cc1ccc(NC(=O)c2ccc(Br)cc2Cl)nc1,3.621480000000001,N#Cc1ccnc(NC(=O)c2ccccc2Br)c1,True,2.9680800000000005,-0.6534000000000004,0.4444444444444444,False,True
1.0,null,20,,,,913483,O=C(CNC(=O)NCCc1c(Cl)cccc1Cl)NC1CC1,2.1137000000000006,Cc1ccc(CCNC(=O)NCC(=O)NC2CC2)cc1,True,1.1153199999999999,-0.9983800000000007,0.5957446808510638,False,True
1.0,null,20,,,,917620,C=CCN(Cc1ccccc1OC)C(=O)c1csc(C)n1,3.288520000000002,C=CCN(Cc1c(F)cccc1Cl)C(=O)c1csc(C)n1,True,4.072420000000003,0.7839000000000009,0.5666666666666667,False,True
1.0,null,20,,,,918312,CCOc1ccc(Cl)c(C(=O)N2CCN(c3ncccn3)CC2)n1,1.8860999999999997,COc1ccnc(NC2CCCN(C(=O)c3ncccc3O)C2)n1,True,1.3024999999999998,-0.5835999999999999,0.3108108108108108,False,True
1.0,null,20,,,,922879,CC(=O)c1ccc(N2CCN(Cc3c(F)cccc3F)CC2)cc1,3.489600000000003,COc1ccc(CN2CCN(c3cccc(F)c3)CC2)cc1C,True,3.464920000000002,-0.024680000000000923,0.3389830508474576,False,True
1.0,null,20,,,,927535,COc1cc(CN2CCN(c3ccccc3F)CC2)ccc1O,2.862100000000002,COc1ccc(CN2CCN(c3ccc(F)cc3)CC2)cc1O,True,2.862100000000002,0.0,0.5471698113207547,False,True
1.0,null,20,,,,927567,Cc1ccccc1N1CCN(Cc2cccc(O)c2)CC1,3.022820000000001,Cc1ccccc1C(N)N1CCN(c2ccccc2C)CC1,True,3.0829400000000016,0.060120000000000395,0.425531914893617,False,True
1.0,null,20,,,,938108,CC(c1ccccc1)N(C)C(=O)CCC(=O)Nc1nccs1,3.0814000000000012,Cc1csc(NC(=O)CCC(=O)N(C)Cc2ccccc2)n1,True,2.8288200000000012,-0.25258,0.4262295081967213,False,True
1.0,null,20,,,,943303,CN(CCCOc1ccccc1)C(=O)Nc1cccc2c1OCCO2,3.390600000000002,O=C(NCCCOc1ccc(Cl)cc1)Nc1cccc2c1OCCO2,True,3.701800000000002,0.31120000000000037,0.5409836065573771,False,True
1.0,null,20,,,,946289,CC(NC(=O)C1(c2cc(-c3ccco3)on2)CC1)c1ccccc1,3.843600000000002,C=CC(=CC=COC)CNC(=O)C(C)c1cc(-c2ccco2)on1,True,3.426800000000002,-0.4168000000000003,0.33766233766233766,False,True
1.0,null,20,,,,994077,Cc1nnc(Cn2c(-c3cccc(Br)c3)noc2=O)o1,2.0055199999999997,Cc1nnc(Cn2c(-c3ccc(F)cc3)noc2=O)o1,True,1.3821199999999998,-0.6234,0.64,False,True
1.0,null,20,,,,1065620,O=C(NCc1cccnc1Oc1ccccc1)c1cccnc1,3.198900000000002,Cc1ccc(Oc2ncccc2CNC(=O)c2ccc(C#N)nc2)cc1,True,3.3790000000000004,0.1800999999999986,0.5862068965517241,False,True
1.0,null,20,,,,1093926,CN(C(=O)CNc1cccc(OCC2CCCO2)c1)c1ccccc1,3.319300000000002,O=C(CNc1ccc(F)cc1)Nc1cccc(OCC2CCCO2)c1,True,3.4341000000000026,0.11480000000000068,0.59375,False,True
1.0,null,20,,,,1107920,CCc1ccc(-n2cc(C(=O)NC(C)c3ccccc3)nn2)cc1,3.320700000000002,O=C(NCc1ccc(Cl)cc1)c1cn(-c2ccccc2)nn1,True,2.8507000000000007,-0.4700000000000015,0.5,False,False
1.0,null,20,,,,1113130,CC(NC(=O)Cn1nnnc1C(C)(C)C)c1cccc2ccccc12,3.0012000000000016,CC(Cc1cccc2ccccc12)NC(=O)Cn1cnnn1,True,1.5736999999999997,-1.427500000000002,0.42857142857142855,False,True
1.0,null,20,,,,1121751,COC(=O)Cn1ccc(NS(=O)(=O)c2ccc(F)c(F)c2F)n1,1.2742,CC(=O)c1ccc(S(=O)(=O)Nc2ccn(C(C)C)n2)cc1,True,2.4674000000000005,1.1932000000000005,0.3225806451612903,False,True
1.0,null,20,,,,1142531,CCOC(C)C(=O)NCCc1csc(-c2ccc(C)cc2)n1,3.2022200000000014,O=C(NCCc1csc(-c2ccc(F)cc2)n1)OCC(F)(F)F,True,3.7802000000000016,0.5779800000000002,0.46774193548387094,False,True
1.0,null,20,,,,1212157,CN(Cc1ccc(F)c(F)c1)C(=O)c1cncc(-c2cnn(C)c2)c1,3.0325000000000015,CN(Cc1ccccc1)C(=O)c1cncc(-c2cnn(C)c2)c1,True,2.7543000000000006,-0.2782000000000009,0.7358490566037735,False,True
1.0,null,20,,,,1215394,CCn1nc(C)cc1C(=O)Oc1cccc(NC(=O)C(C)C)c1,3.025120000000001,CCn1nc(C)cc1C(=O)Oc1cc(OC)cc(OC)c1,True,2.44782,-0.577300000000001,0.5471698113207547,False,True
1.0,null,20,,,,1232922,CC(C)(C)OC(=O)NC1CCCN(S(=O)(=O)N2CCOCC2)C1,0.5525000000000011,COC(=O)C1CCC(NS(=O)(=O)N2CCOCC2)C1,True,-0.505299999999999,-1.0578,0.3684210526315789,False,True
1.0,null,20,,,,1238973,FC(F)(F)c1cnc(N2CCn3c(nnc3C3CC3)C2)c(Cl)c1,3.2429000000000023,CC1CC1c1nncn1CCNc1ncc(Cl)cc1O,True,2.2676000000000003,-0.975300000000002,0.1794871794871795,False,True
1.0,null,20,,,,1299495,Cc1cc(CC(=O)N2CCCC2C(C#N)c2ccccc2)no1,2.823900000000001,Cc1cccc(CC(C#N)C2CCCN2C(=O)Cc2cc(C)on2)c1,True,3.2074200000000017,0.38352000000000075,0.65625,False,True
1.0,null,20,,,,1309906,CC(C)CC(NC(=O)c1cc(=O)c2ccccc2o1)C(=O)OC(C)C,2.8891000000000018,COCCCNC(=O)c1cc(=O)c2ccccc2o1,True,1.5593,-1.3298000000000019,0.5178571428571429,False,False
1.0,null,20,,,,1362816,COCc1cccc(C(=O)NC2CC2c2cccc(Cl)c2)c1,3.772300000000002,COc1cc(C(=O)NC2CC2c2ccccc2)cc(OC)c1OC,True,2.9983000000000013,-0.7740000000000009,0.46551724137931033,False,True
1.0,null,20,,,,1441838,COCC(=O)NC(C(=O)Nc1cccc(-c2nccs2)c1)C(C)C,2.5358,CC(C)(CO)CNC(=O)Nc1cccc(-c2nccs2)c1,True,2.950100000000001,0.4143000000000008,0.515625,False,True
1.0,null,20,,,,1450449,CCCNC(=O)CSc1nc2c(cc1C#N)CCCC2,2.450380000000001,CCc1cnc(SCS(=O)(=O)N(C)C)c(C#N)c1,True,1.4566800000000002,-0.9937000000000007,0.2727272727272727,False,True
1.0,null,20,,,,1451910,O=S(=O)(NCc1nnc2ccccn12)c1ccc(F)c(F)c1,1.4859999999999995,COc1ccc(S(=O)(=O)NCc2nnc3ccccn23)cc1OC,True,1.2249999999999996,-0.2609999999999999,0.6730769230769231,False,True
1.0,null,20,,,,1479798,Cc1nc(C)c(CCC(=O)N(CC(C)C)CC(F)(F)F)c(=O)[nH]1,2.3662400000000003,CCN(CC)C(=O)CCc1c(C)nc(C(C)C)[nH]c1=O,True,2.00272,-0.3635200000000003,0.5185185185185185,False,True
1.0,null,20,,,,1507926,COC(=O)C(C)NC(=O)Cc1csc(-c2ccccc2Cl)n1,2.6837,COCCNC(=O)NCc1csc(-c2ccccc2Cl)n1,True,2.9091000000000014,0.22540000000000138,0.5344827586206896,False,True
1.0,null,20,,,,1527882,Nc1ncccc1C(=O)Nc1ccc2cn[nH]c2c1,1.7923999999999998,CC(C)(C)Oc1ncccc1C(=O)Nc1ccc2cn[nH]c2c1,True,3.387500000000001,1.5951000000000013,0.6666666666666666,False,True
1.0,null,20,,,,1532848,COc1ccc(-c2ccc3c(=O)[nH]cnc3c2)cc1Cl,3.2521000000000013,CCc1ccc(-c2ccc3c(=O)[nH]cnc3c2)cc1,True,3.1525000000000007,-0.09960000000000058,0.5777777777777777,False,True
1.0,null,20,,,,1548351,COc1cc(OC)c2c(c1)C(c1cnccn1)NCC2,1.7288999999999999,COc1cccc2c1C(c1cncc(C)n1)NCC2,True,2.0287199999999994,0.29981999999999953,0.3442622950819672,False,True
1.0,null,20,,,,1570134,COc1cccc(C(C)N2CCN(C(=O)c3ccc(O)cc3)CC2)c1,2.9198000000000013,CCc1ccc(C(=O)N2CCN(C(C)c3ccccc3)CC2)cc1,True,3.7680000000000033,0.8482000000000021,0.5283018867924528,False,True
1.0,null,20,,,,1611406,CC(C)(C)N1CC(NC(=O)C2COc3ccc(F)cc3C2)CC1=O,1.8923999999999994,COCCN1CC(NC(=O)C2COc3ccc(F)cc3C2)CC1=O,True,0.7402999999999997,-1.1520999999999997,0.6666666666666666,False,True
1.0,null,20,,,,1612684,CCCC1CN(C(=O)Nc2ccn(CCC(C)C)n2)CCO1,2.9620000000000015,CCC1CN(C(=O)Nc2ccn(CC(O)CO)n2)CCO1,True,-0.121,-3.0830000000000015,0.6190476190476191,False,True
1.0,null,20,,,,1639675,CCC(CC)c1nnc(NC(=O)c2scnc2C2CC2)s1,4.0279000000000025,CCc1nnc(NC(=O)c2scnc2C2CC2)s1,True,2.686700000000001,-1.3412000000000015,0.7346938775510204,False,False
1.0,null,20,,,,1675660,COc1ccnc(NC(=O)c2cccc(Cl)c2)c1,2.9959000000000007,Cc1ccnc(NC(=O)c2ccc(Cl)c(Cl)c2)c1,True,3.9491200000000024,0.9532200000000017,0.48,False,True
1.0,null,20,,,,1689728,CCc1noc(CSc2ncnc3sc(C)cc23)n1,3.237420000000002,Cc1noc(CSc2ncnc3sc(C(C)C)cc23)n1,True,3.798420000000003,0.5610000000000008,0.5818181818181818,False,True
1.0,null,20,,,,1720876,CC(C)(C)CC(=O)NCC(=O)Nc1ccc2c(c1)COC2,2.2077,COCC(C)NC(=O)Nc1ccc2c(c1)COC2,True,1.8732,-0.3345,0.46296296296296297,False,False
1.0,null,20,,,,1757109,CC(C)Cc1ncc(CNc2ccc3c(c2)COC3)s1,3.983900000000003,CC(C)Nc1ncc(CNc2ccc3c(c2)COC3)s1,True,3.6057000000000023,-0.37820000000000054,0.68,False,True
1.0,null,20,,,,1774061,O=C1NCCCc2[nH]c(-c3cccc4[nH]ccc34)nc21,2.234,COc1cccc2[nH]cc(-c3nc4c([nH]3)CCCNC4=O)c12,True,2.2425999999999995,0.008599999999999497,0.5862068965517241,False,True
1.0,null,20,,,,1800687,Cc1nn(C)c(-c2nc(-c3cccnn3)no2)c1Cl,1.8889199999999997,CNC(=O)c1cnn(-c2nc(-c3ccc(Cl)cn3)no2)c1C,True,1.6387199999999997,-0.2502,0.2361111111111111,False,True
1.0,null,20,,,,1815867,FC(F)(F)c1ccc(CN2CCOCC2c2ncon2)cc1,2.661900000000001,Fc1cccc(F)c1CN1CCOCC1c1ncon1,True,1.9213,-0.740600000000001,0.6226415094339622,False,True
1.0,null,20,,,,1828580,Cc1ccc(N2CC3OCC(=O)N(Cc4cccc(F)c4)C3C2)nn1,1.54032,COc1ccc(CN2C(=O)COC3CN(c4ccc(C)nn4)CC32)cc1,True,1.4098199999999996,-0.13050000000000028,0.6774193548387096,False,True
1.0,null,20,,,,1836183,CCc1ccc(C(=O)NCc2nccc(N(C)C)n2)cc1,2.035,Nc1ccnc(CNC(=O)c2cccc(Cl)c2)n1,True,1.6422,-0.39280000000000004,0.40350877192982454,False,True
1.0,null,20,,,,1842499,COc1ccccc1COc1ccccc1-c1cnn(CCO)c1,3.1300000000000017,COc1cc(CO)ccc1OCc1ccccc1-c1cnn(C)c1,True,3.1670000000000016,0.03699999999999992,0.5344827586206896,False,True
1.0,null,20,,,,1865564,COC(CNC(=O)c1ccoc1)c1cccc(F)c1,2.536200000000001,COc1cc(CCNC(=O)c2ccoc2)cc(OC)c1OC,True,2.2779000000000007,-0.2583000000000002,0.423728813559322,False,True
1.0,null,20,,,,1868773,CCCOc1ccc(Cl)c2c1CCNC2C1CC(=O)C1,3.2947000000000015,O=C1CCC(C2NCCc3c(Cl)ccc(Cl)c32)C1,True,3.549400000000002,0.2547000000000006,0.5490196078431373,False,True
1.0,null,20,,,,1873123,CCC1OC(=O)c2c(OC)ccc(Br)c21,3.079200000000002,CCOCC(O)C1=CC(=O)OC(CC)C=CC=CO1,True,1.6896,-1.389600000000002,0.19047619047619047,False,True
1.0,null,20,,,,1875028,Cc1cccc(C)c1NCC(=O)N1CCCC2CCCCC21,3.8965400000000034,CC(=O)Nc1ccc(NCC(=O)N2CCCC3CCCCC32)cc1,True,3.238100000000002,-0.6584400000000015,0.6122448979591837,False,True
1.0,null,20,,,,1895921,CCC(CC)N(C)C(=O)CC1OC(=O)c2ccccc21,2.935200000000002,CCOC(=O)C(C)OC(=O)CC1OC(=O)c2ccccc21,True,1.783,-1.152200000000002,0.5490196078431373,False,True
1.0,null,20,,,,1907077,Cc1ccc2[nH]nc(C(=O)Nc3nc(-c4ccco4)cs3)c2c1,3.8401200000000015,Cc1ccc(-c2csc(NC(=O)c3nn(C)c4ccccc34)n2)o1,True,3.850520000000002,0.010400000000000631,0.4084507042253521,False,True
1.0,null,20,,,,1913063,Cc1nn(C)c(C)c1CN(C(=O)c1cn2cccc(C)c2n1)C1CC1,2.797860000000001,Cc1nn(C)cc1CN(C(=O)c1cn2cccc(C)c2n1)C1CC1,True,2.48944,-0.3084200000000008,0.7166666666666667,False,True
1.0,null,20,,,,1922265,CN(CCNC(=O)c1ccc2c(c1)ncn2C)c1ccccc1,2.4395000000000007,CN(CCNC(=O)c1ccc2[nH]cnc2c1)Cc1ccc(F)cc1,True,2.5637999999999996,0.12429999999999897,0.37681159420289856,False,True
1.0,bin,0,-1.2959600001573561,-inf,-1.1407200038433074,32052,COc1ccccc1CNC(=O)Cc1c[nH]c2ccccc12,3.035400000000001,NS(=O)(=O)c1cccc(CNC(=O)Cc2c[nH]c3ccccc23)c1,True,1.6742000000000001,-1.3612000000000009,0.5370370370370371,False,True
1.0,bin,0,-1.2959600001573561,-inf,-1.1407200038433074,116747,COCCSc1ccccc1C(=O)Nc1cccc(C)n1,3.3808200000000017,C=CNS(=O)(=O)c1ccccc1C(=O)NC1COC=CC=N1,True,0.7790000000000001,-2.601820000000002,0.18421052631578946,False,True
1.0,bin,0,-1.2959600001573561,-inf,-1.1407200038433074,131060,CS(=O)(=O)NCCc1csc(-c2ccc(F)cc2)n1,2.0408999999999997,NS(=O)(=O)CC(=O)NCCc1csc(-c2ccccc2)n1,True,0.7573000000000001,-1.2835999999999996,0.46296296296296297,False,True
1.0,bin,0,-1.2959600001573561,-inf,-1.1407200038433074,131949,CCc1c(C)nc(SCC(=O)NC(C)C)[nH]c1=O,1.25742,COCCCNC(=O)CSc1nc(C)cc(=O)[nH]1,True,0.3231199999999999,-0.9343000000000001,0.3442622950819672,False,True
1.0,bin,0,-1.2959600001573561,-inf,-1.1407200038433074,158879,COc1ccc(CC(=O)OCC(=O)c2c[nH]c3ccccc23)cc1,3.145100000000001,NC(=O)c1ccc(CC(=O)OCC(=O)c2c[nH]c3ccccc23)cc1,True,2.2353999999999994,-0.9097000000000017,0.72,False,True
1.0,bin,0,-1.2959600001573561,-inf,-1.1407200038433074,232056,COCCNC(=O)c1cc(=O)c2cc(C)ccc2o1,1.4776199999999993,CNC(=O)CNC(=O)c1cc(=O)c2cc(OC)ccc2o1,True,0.27739999999999987,-1.2002199999999994,0.5370370370370371,False,True
1.0,bin,0,-1.2959600001573561,-inf,-1.1407200038433074,235788,O=C(Cn1nc(-c2ccco2)oc1=O)NCC(F)(F)F,0.7747999999999999,CC(=O)NCCNC(=O)Cn1nc(-c2ccco2)oc1=O,True,-0.6514,-1.4262,0.6923076923076923,False,True
1.0,bin,0,-1.2959600001573561,-inf,-1.1407200038433074,236081,CC(=O)c1c(C)[nH]c(C(=O)CSc2nc(C(C)C)n[nH]2)c1C,3.0506400000000014,CC1=NNC(SCC(=O)c2cnc(C(C)(C)C)[nH]2)N=N1,True,2.2955,-0.7551400000000013,0.19444444444444445,False,True
1.0,bin,0,-1.2959600001573561,-inf,-1.1407200038433074,281081,O=C(Cn1cccn1)NCc1cccnc1Oc1ccc(F)cc1F,2.665000000000001,NC(=O)c1cccc(Oc2ncccc2CNC(=O)Cn2cccn2)c1,True,1.4856999999999998,-1.1793000000000011,0.6153846153846154,False,True
1.0,bin,0,-1.2959600001573561,-inf,-1.1407200038433074,284170,COc1ccc(-c2nc(CC(=O)Nc3cccc(C)n3)cs2)cc1,3.7033200000000024,NC(=O)c1ccnc(NC(=O)Cc2csc(-c3ccc(F)cc3)n2)c1,True,2.6243000000000007,-1.0790200000000016,0.45454545454545453,False,True
1.0,bin,0,-1.2959600001573561,-inf,-1.1407200038433074,288369,Cc1ccc(NCc2nnc3n2CCCCC3)cc1C,3.2334400000000016,NS(=O)(=O)c1ccccc1NCc1nnc2n1CCCCC2,True,1.2639999999999993,-1.9694400000000023,0.5,False,True
1.0,bin,0,-1.2959600001573561,-inf,-1.1407200038433074,302889,COc1ccc(OC)c(NC(=O)CCNC(=O)c2cccs2)c1,2.5239000000000003,NC(=O)COc1ccc(NC(=O)CCNC(=O)c2cccs2)cc1,True,1.3707999999999998,-1.1531000000000005,0.5423728813559322,False,True
1.0,bin,0,-1.2959600001573561,-inf,-1.1407200038433074,327141,COc1ccc(OC)c(S(=O)(=O)Nc2ccn(C)n2)c1,1.2381,Cc1c(S(N)(=O)=O)cccc1S(=O)(=O)Nc1ccn(C)n1,True,0.17671999999999938,-1.0613800000000007,0.49019607843137253,False,True
1.0,bin,0,-1.2959600001573561,-inf,-1.1407200038433074,327382,CNC(=O)C1CN(C(=O)c2c(C)noc2C)c2ccccc2O1,1.4452399999999996,Cc1noc(C)c1C(=O)N1CC(C(N)=O)Oc2ccccc21,True,1.1845399999999995,-0.26070000000000015,0.78,False,True
1.0,bin,0,-1.2959600001573561,-inf,-1.1407200038433074,406491,COCCNC(=O)C1CCCN(S(=O)(=O)N2CCOCC2)C1,-0.9619999999999964,NS(=O)(=O)C1CCCN(S(=O)(=O)N2CCOCC2)C1,True,-1.6836999999999962,-0.7216999999999998,0.4423076923076923,False,True
1.0,bin,0,-1.2959600001573561,-inf,-1.1407200038433074,413951,O=C(Cn1ncn2cccc2c1=O)N1CCCCCC1,0.8985999999999996,COC1CCCN(C(=O)Cn2nc(CO)n3cccc3c2=O)C1,True,-0.3743000000000003,-1.2729,0.4153846153846154,False,True
1.0,bin,0,-1.2959600001573561,-inf,-1.1407200038433074,427929,CCNc1nc(NCc2ccccc2Cl)c2cnn(C)c2n1,3.060600000000001,Cn1ncc2c(NCc3ccccc3)nc(NCCO)nc21,True,1.3795999999999997,-1.6810000000000012,0.5535714285714286,False,False
1.0,bin,0,-1.2959600001573561,-inf,-1.1407200038433074,447130,CCC(NC(=O)C1CCN(C(=O)C2CC2)CC1)c1ccc(C)cc1,3.2109200000000016,COc1cccc(CNC(=O)C2CCN(C(=O)C3CC3)CC2)c1,True,1.9599999999999995,-1.250920000000002,0.4166666666666667,False,False
1.0,bin,0,-1.2959600001573561,-inf,-1.1407200038433074,481908,CCNS(=O)(=O)c1ccc(C)c(C(=O)Nc2ncccc2C)c1,2.24894,C#CCNS(=O)(=O)c1ccc(N)c(C(=O)Nc2ccccn2)c1,True,0.8275999999999994,-1.4213400000000007,0.4375,False,True
1.0,bin,0,-1.2959600001573561,-inf,-1.1407200038433074,485220,Cc1nn(CC(=O)N2CCN(C)CC2)c(C)c1Br,1.03644,Cc1cc(C)n(CC(=O)N2CCN(S(C)(=O)=O)CC2)n1,True,-0.3962599999999985,-1.4326999999999985,0.39215686274509803,False,False
1.0,bin,0,-1.2959600001573561,-inf,-1.1407200038433074,526363,Cc1nnc(SCC(=O)Nc2ccc(O)cc2)n(N)c1=O,0.09692,NC(=O)c1ccccc1NC(=O)CSc1nncc(=O)n1N,True,-0.8182000000000003,-0.9151200000000003,0.43333333333333335,False,False
1.0,bin,0,-1.2959600001573561,-inf,-1.1407200038433074,536853,COc1ccc(C2CCCN2C(=O)C2CCC2)c(OC)c1,3.1674000000000015,NS(=O)(=O)c1ccc(C2CCCN2C(=O)C2CCC2)cc1,True,1.7975999999999999,-1.3698000000000017,0.4444444444444444,False,True
1.0,bin,0,-1.2959600001573561,-inf,-1.1407200038433074,540312,Cc1nn(C)c2nc(C3CC3)cc(C(=O)NCC(=O)NC(C)(C)C)c12,1.7986199999999997,CC=CC(=CC1=NN(C)C(=N)C2CC12)C(=O)OCC(=O)NC(C)(C)CO,True,0.8339699999999999,-0.9646499999999998,0.19318181818181818,False,True
1.0,bin,0,-1.2959600001573561,-inf,-1.1407200038433074,544381,Cc1nc(N2CCCC(C(=O)NC(C)C)C2)c2c(C)c(C)oc2n1,2.8890600000000006,Cc1nc(N2CCCC(S(N)(=O)=O)C2)c2c(C)c(C)oc2n1,True,1.4053600000000002,-1.4837000000000005,0.5862068965517241,False,True
1.0,bin,0,-1.2959600001573561,-inf,-1.1407200038433074,544382,CCCNC(=O)C1CCCN(c2nc(C)nc3oc(C)c(C)c23)C1,2.8906600000000013,CC=NC1=c2c(C)c(C)oc2=NC2(CC(=O)NCC(N)=O)CCCN1C2,True,-0.4877599999999982,-3.3784199999999993,0.23863636363636365,False,True
1.0,bin,0,-1.2959600001573561,-inf,-1.1407200038433074,550049,Cc1ccc(C)c(OCC(=O)Nc2cccc(-n3cnnc3)c2)c1,2.9016400000000013,NC(=O)c1ccc(OCC(=O)Nc2cccc(-n3cnnc3)c2)cc1,True,1.3836999999999995,-1.5179400000000018,0.5964912280701754,False,True
1.0,bin,0,-1.2959600001573561,-inf,-1.1407200038433074,573533,Cc1nn(-c2ncc(C(F)(F)F)cc2Cl)c(=O)o1,2.2011199999999995,CC=NN(C=O)c1ncc(Cl)c(N)n1,True,0.6807000000000001,-1.5204199999999994,0.16129032258064516,False,True
1.0,bin,0,-1.2959600001573561,-inf,-1.1407200038433074,582555,O=C(NCC(O)c1ccccc1)c1ccc2c(=O)n3c(nc2c1)CCC3,1.8061000000000003,C=CC=CC=C(CNC(=O)c1ccc2c(=O)n3c(nc2c1)CCC3C)C(N)=O,True,1.7873999999999997,-0.018700000000000605,0.3614457831325301,False,True
1.0,bin,0,-1.2959600001573561,-inf,-1.1407200038433074,588547,Cc1n[nH]c(C)c1NC(=O)CCc1ccc(Cl)cc1Cl,3.9046400000000023,Cc1ccccc1CCC(=O)Nc1c(C)n[nH]c1C,True,2.9062600000000005,-0.9983800000000018,0.6326530612244898,False,False
1.0,bin,0,-1.2959600001573561,-inf,-1.1407200038433074,607673,CCCN(CC1CC1)S(=O)(=O)c1ccccc1F,2.636400000000001,CN(CC1CC1)S(=O)(=O)c1ccccc1C(N)=O,True,0.8160000000000001,-1.820400000000001,0.4117647058823529,False,True
1.0,bin,0,-1.2959600001573561,-inf,-1.1407200038433074,617681,Cc1cc(C(=O)Nc2nc(-c3ccncc3)cs2)nn1C(C)C,3.5432200000000016,Cc1cc(C(=O)Nc2nc(-c3ccncc3)cs2)nn1CCO,True,1.9546199999999998,-1.5886000000000018,0.6785714285714286,False,True
1.0,bin,0,-1.2959600001573561,-inf,-1.1407200038433074,650267,COc1ccc2oc(C(=O)NC3CCCCNC3=O)c(C)c2c1,2.14832,CC1=C(C(=O)N2CCCC(OCC(N)=O)C2O)c2ccccc21,True,0.7420000000000004,-1.4063199999999996,0.15476190476190477,False,True
1.0,bin,0,-1.2959600001573561,-inf,-1.1407200038433074,668639,Cc1cc(NC(=O)c2ccccc2Cl)ncc1N,2.8779200000000005,Cc1ccc(Cl)c(C(=O)Nc2ccc(CNC(N)=O)cn2)c1,True,2.4640199999999997,-0.4139000000000008,0.43103448275862066,False,True
1.0,bin,0,-1.2959600001573561,-inf,-1.1407200038433074,673160,CCC(=O)Nc1ccc2oc(C(F)(F)F)cc(=O)c2c1,3.160300000000001,COC(C)C(=O)Nc1ccc2oc(C(C)=O)cc(=O)c2c1,True,1.969,-1.1913000000000011,0.42105263157894735,False,True
1.0,bin,0,-1.2959600001573561,-inf,-1.1407200038433074,711169,Cc1cccc(C(C)C)c1NC(=O)N(C)Cc1ccncc1,4.177320000000003,CN(Cc1ccncc1)C(=O)Nc1ccc(C#N)cc1,True,2.6171800000000003,-1.5601400000000023,0.5094339622641509,False,False
1.0,bin,0,-1.2959600001573561,-inf,-1.1407200038433074,720969,Cc1noc(C)c1CCC(=O)OCC(=O)N1c2ccccc2CC1C,2.7450400000000013,Cc1noc(C)c1CCC(=O)OCC(=O)N1c2ccccc2CC1O,True,1.67494,-1.0701000000000012,0.8245614035087719,False,True
1.0,bin,0,-1.2959600001573561,-inf,-1.1407200038433074,730789,COC(=O)C1CCN(C(=O)c2cc3ccc(F)cc3nc2C)CC1,2.7075200000000006,Cc1nc2ccc(F)cc2cc1C(=O)N1CCC(C(N)=O)CC1,True,2.01982,-0.6877000000000004,0.6363636363636364,False,True
1.0,bin,0,-1.2959600001573561,-inf,-1.1407200038433074,738178,Cc1ccc(-n2ccnc2SCc2nc(C3CC3)no2)cc1C,4.041840000000003,NC(=O)c1ccc(-n2ccnc2SCc2nc(C3CC3)no2)cc1,True,2.523900000000001,-1.517940000000002,0.6724137931034483,False,True
1.0,bin,0,-1.2959600001573561,-inf,-1.1407200038433074,771897,COc1ccccc1OCC(=O)N(C)Cc1sccc1C,3.102520000000002,COc1cccc(OCC(=O)NCc2sccc2C#N)c1N,True,1.9057799999999998,-1.1967400000000021,0.36923076923076925,False,True
1.0,bin,0,-1.2959600001573561,-inf,-1.1407200038433074,811446,COC(=O)C1(NC(=O)c2cc(Br)c[nH]2)CCCCCC1,2.7730000000000006,COC(=O)C1(NC(=O)c2cc(CO)c[nH]2)CCCCCC1,True,1.5027999999999992,-1.2702000000000013,0.6956521739130435,False,True
1.0,bin,0,-1.2959600001573561,-inf,-1.1407200038433074,848291,CCC(C)NC(=O)NCc1noc(-c2cccs2)n1,2.3958000000000004,CC(=O)NCC(=O)NCCc1noc(-c2cccs2)n1,True,0.5929000000000002,-1.8029000000000002,0.5166666666666667,False,True
1.0,bin,0,-1.2959600001573561,-inf,-1.1407200038433074,863440,COc1ccc(-c2nc(CCCO)cs2)cc1OC,2.752200000000001,COc1ccc(-c2nc(CNC(N)=O)cs2)cc1OC,True,1.9956,-0.756600000000001,0.625,False,True
1.0,bin,0,-1.2959600001573561,-inf,-1.1407200038433074,864663,N#Cc1ccc(-c2cc(F)ccc2F)nc1N1CCCC1,3.498680000000002,N#CC=CC=C(CN1CCCC1)c1ccc(NC(N)=O)cc1N,True,2.31838,-1.1803000000000021,0.15789473684210525,False,True
1.0,bin,0,-1.2959600001573561,-inf,-1.1407200038433074,872100,CCc1cccc(C)c1NCC(O)c1ccc2c(c1)OCCO2,3.474120000000002,NC(=O)c1ccc(NCC(O)c2ccc3c(c2)OCCO3)cc1,True,1.7022,-1.771920000000002,0.5178571428571429,False,True
1.0,bin,0,-1.2959600001573561,-inf,-1.1407200038433074,886334,COc1ccc(C(=O)N2CCCC(C(=O)N3CCCCC3)C2)c(O)c1,2.2655000000000003,COc1cc(C(=O)NCCC(C)C(=O)N2CCCC(O)C2)ccc1O,True,1.1400999999999992,-1.125400000000001,0.3150684931506849,False,True
1.0,bin,0,-1.2959600001573561,-inf,-1.1407200038433074,887387,COCCNC(=O)N(Cc1cccc(F)c1)CC1CCCO1,2.1627,NS(=O)(=O)NCC(=O)N(Cc1ccccc1F)CC1CCCO1,True,0.1264000000000005,-2.0362999999999998,0.3972602739726027,False,True
1.0,bin,0,-1.2959600001573561,-inf,-1.1407200038433074,889149,N#Cc1ccc(NC(=O)c2ccc(Br)cc2Cl)nc1,3.621480000000001,COc1ccc(C(=O)Nc2ccc(C#N)cn2)c(OC)c1,True,2.22278,-1.3987000000000007,0.5555555555555556,False,False
1.0,bin,0,-1.2959600001573561,-inf,-1.1407200038433074,913483,O=C(CNC(=O)NCCc1c(Cl)cccc1Cl)NC1CC1,2.1137000000000006,COc1ccc(CCNC(=O)NCC(=O)NC2CC2)cc1,True,0.8154999999999997,-1.298200000000001,0.56,False,True
1.0,bin,0,-1.2959600001573561,-inf,-1.1407200038433074,917620,C=CCN(Cc1ccccc1OC)C(=O)c1csc(C)n1,3.288520000000002,COc1ccccc1CN(CCO)C(=O)c1csc(C)n1,True,2.0948200000000003,-1.1937000000000015,0.7307692307692307,False,True
1.0,bin,0,-1.2959600001573561,-inf,-1.1407200038433074,918312,CCOc1ccc(Cl)c(C(=O)N2CCN(c3ncccn3)CC2)n1,1.8860999999999997,COc1ccc(C(=O)N2CCN(c3ncccn3)CC2)nc1,True,0.8425999999999998,-1.0434999999999999,0.48214285714285715,False,True
1.0,bin,0,-1.2959600001573561,-inf,-1.1407200038433074,922879,CC(=O)c1ccc(N2CCN(Cc3c(F)cccc3F)CC2)cc1,3.489600000000003,OCc1ccc(CN2CCN(c3ccc(O)cc3F)CC2)cc1,True,2.3458000000000006,-1.1438000000000024,0.30357142857142855,False,True
1.0,bin,0,-1.2959600001573561,-inf,-1.1407200038433074,927535,COc1cc(CN2CCN(c3ccccc3F)CC2)ccc1O,2.862100000000002,NC(=O)c1ccc(N2CCN(Cc3cccc(O)c3)CC2)cc1,True,1.8132999999999995,-1.0488000000000026,0.32786885245901637,False,True
1.0,bin,0,-1.2959600001573561,-inf,-1.1407200038433074,927567,Cc1ccccc1N1CCN(Cc2cccc(O)c2)CC1,3.022820000000001,NS(=O)(=O)c1ccc(CN2CCN(c3cccc(O)c3)CC2)cc1,True,1.3617999999999995,-1.6610200000000017,0.4339622641509434,False,True
1.0,bin,0,-1.2959600001573561,-inf,-1.1407200038433074,938108,CC(c1ccccc1)N(C)C(=O)CCC(=O)Nc1nccs1,3.0814000000000012,COc1ccccc1CNC(=O)CCC(=O)Nc1nccs1,True,2.1868,-0.8946000000000014,0.4915254237288136,False,False
1.0,bin,0,-1.2959600001573561,-inf,-1.1407200038433074,943303,CN(CCCOc1ccccc1)C(=O)Nc1cccc2c1OCCO2,3.390600000000002,NC(=O)c1ccc(OCCCNC(=O)Nc2cccc3c2OCCO3)cc1,True,2.1472999999999995,-1.2433000000000023,0.5238095238095238,False,True
1.0,bin,0,-1.2959600001573561,-inf,-1.1407200038433074,946289,CC(NC(=O)C1(c2cc(-c3ccco3)on2)CC1)c1ccccc1,3.843600000000002,CCC(C(=O)NC1(c2ccccc2)NC1=O)c1cc(-c2ccco2)on1,True,2.5272000000000006,-1.3164000000000016,0.39436619718309857,False,True
1.0,bin,0,-1.2959600001573561,-inf,-1.1407200038433074,994077,Cc1nnc(Cn2c(-c3cccc(Br)c3)noc2=O)o1,2.0055199999999997,COc1ccc(-c2noc(=O)n2Cc2nnc(C)o2)c(N)c1,True,0.83382,-1.1716999999999997,0.5254237288135594,False,True
1.0,bin,0,-1.2959600001573561,-inf,-1.1407200038433074,1065620,O=C(NCc1cccnc1Oc1ccccc1)c1cccnc1,3.198900000000002,NC(=O)C(Oc1cccnc1)C(=O)NCc1cccnc1Oc1ccccc1,True,1.8179999999999987,-1.3809000000000031,0.625,False,True
1.0,bin,0,-1.2959600001573561,-inf,-1.1407200038433074,1093926,CN(C(=O)CNc1cccc(OCC2CCCO2)c1)c1ccccc1,3.319300000000002,NC(=O)C1=CC=CC2=C(C1)C1=CC(OCCCCO)C(=C1)NC(=O)CN2,True,0.31309999999999966,-3.0062000000000024,0.09090909090909091,False,True
1.0,bin,0,-1.2959600001573561,-inf,-1.1407200038433074,1107920,CCc1ccc(-n2cc(C(=O)NC(C)c3ccccc3)nn2)cc1,3.320700000000002,COc1ccc(-n2cc(C(=O)NCc3ccccc3F)nn2)cc1,True,2.3450000000000006,-0.9757000000000016,0.421875,False,True
1.0,bin,0,-1.2959600001573561,-inf,-1.1407200038433074,1113130,CC(NC(=O)Cn1nnnc1C(C)(C)C)c1cccc2ccccc12,3.0012000000000016,O=C(F)Cn1nnnc1CF,True,-0.3613000000000003,-3.362500000000002,0.24561403508771928,False,True
1.0,bin,0,-1.2959600001573561,-inf,-1.1407200038433074,1121751,COC(=O)Cn1ccc(NS(=O)(=O)c2ccc(F)c(F)c2F)n1,1.2742,NC(=O)Cn1ccc(NS(=O)(=O)c2cccc(N)c2)n1,True,-0.248600000000001,-1.522800000000001,0.4098360655737705,False,True
1.0,bin,0,-1.2959600001573561,-inf,-1.1407200038433074,1142531,CCOC(C)C(=O)NCCc1csc(-c2ccc(C)cc2)n1,3.2022200000000014,C=C(NC(=O)NCCC=CSC(=N)c1ccccc1)C(N)=O,True,1.94717,-1.2550500000000013,0.12658227848101267,False,True
1.0,bin,0,-1.2959600001573561,-inf,-1.1407200038433074,1212157,CN(Cc1ccc(F)c(F)c1)C(=O)c1cncc(-c2cnn(C)c2)c1,3.0325000000000015,CNC=C(C=N)C=C1C=C(C(=O)N(CC(N)=O)Cc2ccccc2)C=N1,True,1.1480700000000004,-1.8844300000000012,0.14772727272727273,False,True
1.0,bin,0,-1.2959600001573561,-inf,-1.1407200038433074,1215394,CCn1nc(C)cc1C(=O)Oc1cccc(NC(=O)C(C)C)c1,3.025120000000001,CCn1nc(C)cc1C(=O)Oc1ccc(C(=O)OC)cc1,True,2.21722,-0.807900000000001,0.5636363636363636,False,True
1.0,bin,0,-1.2959600001573561,-inf,-1.1407200038433074,1232922,CC(C)(C)OC(=O)NC1CCCN(S(=O)(=O)N2CCOCC2)C1,0.5525000000000011,COC(=O)C1CCN(S(=O)(=O)N2CCOCC2)CC1,True,-0.5515999999999988,-1.1040999999999999,0.46,False,True
1.0,bin,0,-1.2959600001573561,-inf,-1.1407200038433074,1238973,FC(F)(F)c1cnc(N2CCn3c(nnc3C3CC3)C2)c(Cl)c1,3.2429000000000023,COc1cccc(N2CCn3c(nnc3C3CC3)C2)n1,True,1.5793,-1.6636000000000024,0.4262295081967213,False,True
1.0,bin,0,-1.2959600001573561,-inf,-1.1407200038433074,1299495,Cc1cc(CC(=O)N2CCCC2C(C#N)c2ccccc2)no1,2.823900000000001,Cc1cc(CC(=O)N2CCC(C(N)=O)C2Cc2ccc(F)cc2)no1,True,1.6097199999999998,-1.2141800000000011,0.4166666666666667,False,True
1.0,bin,0,-1.2959600001573561,-inf,-1.1407200038433074,1309906,CC(C)CC(NC(=O)c1cc(=O)c2ccccc2o1)C(=O)OC(C)C,2.8891000000000018,COCCOCCNC(=O)c1cc(=O)c2ccccc2o1,True,1.1857999999999997,-1.703300000000002,0.5263157894736842,False,True
1.0,bin,0,-1.2959600001573561,-inf,-1.1407200038433074,1362816,COCc1cccc(C(=O)NC2CC2c2cccc(Cl)c2)c1,3.772300000000002,O=C(NC1CC1c1cccc(O)c1)c1ccc(F)c(F)c1,True,2.9563000000000015,-0.8160000000000007,0.5087719298245614,False,True
1.0,bin,0,-1.2959600001573561,-inf,-1.1407200038433074,1441838,COCC(=O)NC(C(=O)Nc1cccc(-c2nccs2)c1)C(C)C,2.5358,CN(C)C(=O)CNC(=O)CNC(=O)c1cccc(-c2nccs2)c1,True,0.7443000000000003,-1.7914999999999996,0.42028985507246375,False,True
1.0,bin,0,-1.2959600001573561,-inf,-1.1407200038433074,1450449,CCCNC(=O)CSc1nc2c(cc1C#N)CCCC2,2.450380000000001,CC(=O)NCCNC(=O)CSc1nc2c(cc1C#N)CCCC2,True,1.1764799999999997,-1.2739000000000011,0.8235294117647058,False,True
1.0,bin,0,-1.2959600001573561,-inf,-1.1407200038433074,1451910,O=S(=O)(NCc1nnc2ccccn12)c1ccc(F)c(F)c1,1.4859999999999995,NC(=O)c1ccc(S(=O)(=O)NCc2nnc3ccccn23)cc1,True,0.30669999999999953,-1.1793,0.6346153846153846,False,False
1.0,bin,0,-1.2959600001573561,-inf,-1.1407200038433074,1479798,Cc1nc(C)c(CCC(=O)N(CC(C)C)CC(F)(F)F)c(=O)[nH]1,2.3662400000000003,CCOC(=O)CN(C)C(=O)CCc1c(C)nc(C)[nH]c1=O,True,0.34083999999999964,-2.0254000000000008,0.5,False,True
1.0,bin,0,-1.2959600001573561,-inf,-1.1407200038433074,1507926,COC(=O)C(C)NC(=O)Cc1csc(-c2ccccc2Cl)n1,2.6837,NS(=O)(=O)CCNC(=O)Cc1csc(-c2ccccc2Cl)n1,True,1.4107000000000005,-1.2729999999999995,0.5517241379310345,False,True
1.0,bin,0,-1.2959600001573561,-inf,-1.1407200038433074,1527882,Nc1ncccc1C(=O)Nc1ccc2cn[nH]c2c1,1.7923999999999998,Nc1ncccc1C(=O)Nc1ccc2cn[nH]c2c1,True,1.7923999999999998,0.0,1.0,True,False
1.0,bin,0,-1.2959600001573561,-inf,-1.1407200038433074,1532848,COc1ccc(-c2ccc3c(=O)[nH]cnc3c2)cc1Cl,3.2521000000000013,NC(=O)COc1ccc(-c2ccc3c(=O)[nH]cnc3c2)cc1,True,1.4542,-1.7979000000000014,0.5098039215686274,False,True
1.0,bin,0,-1.2959600001573561,-inf,-1.1407200038433074,1548351,COc1cc(OC)c2c(c1)C(c1cnccn1)NCC2,1.7288999999999999,Cc1cc(C(N)=O)cc2c1CCNC2c1cnccn1,True,1.11902,-0.60988,0.5178571428571429,False,True
1.0,bin,0,-1.2959600001573561,-inf,-1.1407200038433074,1570134,COc1cccc(C(C)N2CCN(C(=O)c3ccc(O)cc3)CC2)c1,2.9198000000000013,C=CC=CC(=O)N1CCNC(C)c2cccc(C(=O)NCCO)c2CC1,True,1.1862,-1.7336000000000014,0.14942528735632185,False,True
1.0,bin,0,-1.2959600001573561,-inf,-1.1407200038433074,1611406,CC(C)(C)N1CC(NC(=O)C2COc3ccc(F)cc3C2)CC1=O,1.8923999999999994,[NH]C(=O)CCNC=O,True,-1.0679999999999998,-2.960399999999999,0.06153846153846154,False,True
1.0,bin,0,-1.2959600001573561,-inf,-1.1407200038433074,1612684,CCCC1CN(C(=O)Nc2ccn(CCC(C)C)n2)CCO1,2.9620000000000015,CC(CO)(CON)COCCNC(=O)NC1C=CNCCC1,True,-0.5431999999999981,-3.5051999999999994,0.0967741935483871,False,True
1.0,bin,0,-1.2959600001573561,-inf,-1.1407200038433074,1639675,CCC(CC)c1nnc(NC(=O)c2scnc2C2CC2)s1,4.0279000000000025,CN(C)c1nnc(NC(=O)c2scnc2C2CC2)s1,True,2.1902999999999997,-1.8376000000000028,0.6666666666666666,False,True
1.0,bin,0,-1.2959600001573561,-inf,-1.1407200038433074,1675660,COc1ccnc(NC(=O)c2cccc(Cl)c2)c1,2.9959000000000007,COc1cccc(C(=O)Nc2ccc(C(N)=O)cn2)c1,True,1.4414,-1.5545000000000007,0.5192307692307693,False,True
1.0,bin,0,-1.2959600001573561,-inf,-1.1407200038433074,1689728,CCc1noc(CSc2ncnc3sc(C)cc23)n1,3.237420000000002,Cc1cc2c(SCc3nc(CCCO)no3)ncnc2s1,True,2.59992,-0.637500000000002,0.75,False,True
1.0,bin,0,-1.2959600001573561,-inf,-1.1407200038433074,1720876,CC(C)(C)CC(=O)NCC(=O)Nc1ccc2c(c1)COC2,2.2077,CCOCC(=O)NCC(=O)Nc1ccc2c(c1)COC2,True,0.8079999999999996,-1.3997000000000004,0.6808510638297872,False,True
1.0,bin,0,-1.2959600001573561,-inf,-1.1407200038433074,1757109,CC(C)Cc1ncc(CNc2ccc3c(c2)COC3)s1,3.983900000000003,COC(=O)CCNC=NC=C(S)CNc1ccc2c(c1)COC2,True,2.0808999999999997,-1.9030000000000031,0.3142857142857143,False,True
1.0,bin,0,-1.2959600001573561,-inf,-1.1407200038433074,1774061,O=C1NCCCc2[nH]c(-c3cccc4[nH]ccc34)nc21,2.234,NC(=O)CNC(=O)C1=CC(c2cccc3[nH]ccc23)NCC1,True,0.7301999999999994,-1.5038000000000005,0.2638888888888889,False,True
1.0,bin,0,-1.2959600001573561,-inf,-1.1407200038433074,1800687,Cc1nn(C)c(-c2nc(-c3cccnn3)no2)c1Cl,1.8889199999999997,Cc1nn(C)c(-c2nc(-c3cccnn3)no2)c1C(C)(N)O,True,0.3592199999999998,-1.5296999999999998,0.660377358490566,False,True
1.0,bin,0,-1.2959600001573561,-inf,-1.1407200038433074,1815867,FC(F)(F)c1ccc(CN2CCOCC2c2ncon2)cc1,2.661900000000001,OC1(CN2CCOCC2c2ncon2)C=CC=COC1,True,0.2740999999999998,-2.3878000000000013,0.4603174603174603,False,True
1.0,bin,0,-1.2959600001573561,-inf,-1.1407200038433074,1828580,Cc1ccc(N2CC3OCC(=O)N(Cc4cccc(F)c4)C3C2)nn1,1.54032,N=NC1CN(Cc2ccccc2)C(=O)COCCNC1=CC=CC(N)=O,True,0.95997,-0.5803499999999999,0.1827956989247312,False,True
1.0,bin,0,-1.2959600001573561,-inf,-1.1407200038433074,1836183,CCc1ccc(C(=O)NCc2nccc(N(C)C)n2)cc1,2.035,CN(C)c1ccnc(CNC(=O)c2cccc(S(N)(=O)=O)c2)n1,True,0.12,-1.915,0.5818181818181818,False,True
1.0,bin,0,-1.2959600001573561,-inf,-1.1407200038433074,1842499,COc1ccccc1COc1ccccc1-c1cnn(CCO)c1,3.1300000000000017,NS(=O)(=O)c1ccccc1COc1ccccc1-c1cnn(CCO)c1,True,1.7688,-1.3612000000000017,0.6792452830188679,False,True
1.0,bin,0,-1.2959600001573561,-inf,-1.1407200038433074,1865564,COC(CNC(=O)c1ccoc1)c1cccc(F)c1,2.536200000000001,NS(=O)(=O)c1ccc(F)c(CCNC(=O)c2ccoc2)c1,True,1.0386000000000002,-1.4976000000000007,0.375,False,True
1.0,bin,0,-1.2959600001573561,-inf,-1.1407200038433074,1868773,CCCOc1ccc(Cl)c2c1CCNC2C1CC(=O)C1,3.2947000000000015,CCOc1c(O)cc2cc1C1(CCC(=O)C1N)CC2,True,1.6650999999999998,-1.6296000000000017,0.18055555555555555,False,True
1.0,bin,0,-1.2959600001573561,-inf,-1.1407200038433074,1873123,CCC1OC(=O)c2c(OC)ccc(Br)c21,3.079200000000002,C=C(C=CC(O)C(=O)NC1=CC(=O)OC(CC)C(=O)O1)OC,True,-0.10020000000000051,-3.1794000000000024,0.23076923076923078,False,True
1.0,bin,0,-1.2959600001573561,-inf,-1.1407200038433074,1875028,Cc1cccc(C)c1NCC(=O)N1CCCC2CCCCC21,3.8965400000000034,NC(=O)Cc1ccccc1NCC(=O)N1CCCC2CCCCC21,True,2.307499999999999,-1.5890400000000042,0.5769230769230769,False,True
1.0,bin,0,-1.2959600001573561,-inf,-1.1407200038433074,1895921,CCC(CC)N(C)C(=O)CC1OC(=O)c2ccccc21,2.935200000000002,CN(C)C(=O)CC1OC(=O)c2ccccc21,True,1.3763999999999998,-1.558800000000002,0.7073170731707317,False,True
1.0,bin,0,-1.2959600001573561,-inf,-1.1407200038433074,1907077,Cc1ccc2[nH]nc(C(=O)Nc3nc(-c4ccco4)cs3)c2c1,3.8401200000000015,NC(=O)c1ccc2[nH]nc(C(=O)Nc3nc(-c4ccco4)cs3)c2c1,True,2.630600000000001,-1.2095200000000004,0.7627118644067796,False,True
1.0,bin,0,-1.2959600001573561,-inf,-1.1407200038433074,1913063,Cc1nn(C)c(C)c1CN(C(=O)c1cn2cccc(C)c2n1)C1CC1,2.797860000000001,Cc1nn(C)cc1CN(C)C(=O)c1cn2ccccc2n1,True,1.64842,-1.149440000000001,0.36619718309859156,False,False
1.0,bin,0,-1.2959600001573561,-inf,-1.1407200038433074,1922265,CN(CCNC(=O)c1ccc2c(c1)ncn2C)c1ccccc1,2.4395000000000007,Cn1cnc2cc(C(=O)NCC(O)c3ccccc3O)ccc21,True,1.7422999999999997,-0.6972000000000009,0.55,False,True
1.0,bin,1,-0.9854800075292587,-1.1407200038433074,-0.83024001121521,32052,COc1ccccc1CNC(=O)Cc1c[nH]c2ccccc12,3.035400000000001,NC(=O)c1cccc(CNC(=O)Cc2c[nH]c3ccccc23)c1,True,2.1256999999999993,-0.9097000000000017,0.5471698113207547,False,False
1.0,bin,1,-0.9854800075292587,-1.1407200038433074,-0.83024001121521,116747,COCCSc1ccccc1C(=O)Nc1cccc(C)n1,3.3808200000000017,C#CCNC(=O)Nc1ccccc1C(=O)Nc1cccc(C)n1,True,2.3970200000000004,-0.9838000000000013,0.49122807017543857,False,True
1.0,bin,1,-0.9854800075292587,-1.1407200038433074,-0.83024001121521,131060,CS(=O)(=O)NCCc1csc(-c2ccc(F)cc2)n1,2.0408999999999997,NS(=O)(=O)NCc1csc(-c2ccc(F)cc2)n1,True,1.2423000000000006,-0.7985999999999991,0.6086956521739131,False,True
1.0,bin,1,-0.9854800075292587,-1.1407200038433074,-0.83024001121521,131949,CCc1c(C)nc(SCC(=O)NC(C)C)[nH]c1=O,1.25742,CC1=C(C)C(=O)NCC(SCC(=O)NCC(=O)O)=N1,True,-0.2573999999999999,-1.5148199999999998,0.25396825396825395,False,True
1.0,bin,1,-0.9854800075292587,-1.1407200038433074,-0.83024001121521,158879,COc1ccc(CC(=O)OCC(=O)c2c[nH]c3ccccc23)cc1,3.145100000000001,NC(=O)Cc1ccc(CC(=O)OCC(=O)c2c[nH]c3ccccc23)cc1,True,2.164299999999999,-0.9808000000000021,0.75,False,True
1.0,bin,1,-0.9854800075292587,-1.1407200038433074,-0.83024001121521,232056,COCCNC(=O)c1cc(=O)c2cc(C)ccc2o1,1.4776199999999993,COC(=O)CNC(=O)c1cc(=O)c2cc(OC)ccc2o1,True,0.704399999999999,-0.7732200000000002,0.5576923076923077,False,True
1.0,bin,1,-0.9854800075292587,-1.1407200038433074,-0.83024001121521,235788,O=C(Cn1nc(-c2ccco2)oc1=O)NCC(F)(F)F,0.7747999999999999,CN(C)S(=O)(=O)NCCn1nc(-c2ccco2)oc1=O,True,-0.5076999999999996,-1.2824999999999995,0.4666666666666667,False,True
1.0,bin,1,-0.9854800075292587,-1.1407200038433074,-0.83024001121521,236081,CC(=O)c1c(C)[nH]c(C(=O)CSc2nc(C(C)C)n[nH]2)c1C,3.0506400000000014,CC(=O)c1c(C)[nH]c(C(=O)CSc2nc(C)n[nH]2)c1C,True,2.23566,-0.8149800000000011,0.7446808510638298,False,True
1.0,bin,1,-0.9854800075292587,-1.1407200038433074,-0.83024001121521,281081,O=C(Cn1cccn1)NCc1cccnc1Oc1ccc(F)cc1F,2.665000000000001,NS(=O)(=O)c1ccc(Oc2ncccc2CNC(=O)Cn2cccn2)cc1,True,1.0341999999999991,-1.6308000000000018,0.6,False,True
1.0,bin,1,-0.9854800075292587,-1.1407200038433074,-0.83024001121521,284170,COc1ccc(-c2nc(CC(=O)Nc3cccc(C)n3)cs2)cc1,3.7033200000000024,Nc1ccc(-c2nc(CC(=O)Nc3ccccn3)cs2)cc1,True,2.9685000000000015,-0.7348200000000009,0.5423728813559322,False,True
1.0,bin,1,-0.9854800075292587,-1.1407200038433074,-0.83024001121521,288369,Cc1ccc(NCc2nnc3n2CCCCC3)cc1C,3.2334400000000016,NC(=O)c1ccc(NCc2nnc3n2CCCCC3)cc1Cl,True,2.3689,-0.8645400000000016,0.6,False,True
1.0,bin,1,-0.9854800075292587,-1.1407200038433074,-0.83024001121521,302889,COc1ccc(OC)c(NC(=O)CCNC(=O)c2cccs2)c1,2.5239000000000003,CNC(=O)c1ccc(NC(=O)CCNC(=O)c2cccs2)cc1,True,1.8663,-0.6576000000000002,0.5263157894736842,False,False
1.0,bin,1,-0.9854800075292587,-1.1407200038433074,-0.83024001121521,327141,COc1ccc(OC)c(S(=O)(=O)Nc2ccn(C)n2)c1,1.2381,Cn1ccc(NS(=O)(=O)c2ccc(C(N)=O)cc2)n1,True,0.31979999999999975,-0.9183000000000002,0.4423076923076923,False,True
1.0,bin,1,-0.9854800075292587,-1.1407200038433074,-0.83024001121521,327382,CNC(=O)C1CN(C(=O)c2c(C)noc2C)c2ccccc2O1,1.4452399999999996,Cc1noc(C)c1C(=O)N1CC(C(N)=O)Oc2ccccc21,True,1.1845399999999995,-0.26070000000000015,0.78,False,True
1.0,bin,1,-0.9854800075292587,-1.1407200038433074,-0.83024001121521,406491,COCCNC(=O)C1CCCN(S(=O)(=O)N2CCOCC2)C1,-0.9619999999999964,NC(=O)CNC(=O)C1CCN(S(=O)(=O)N2CCOCC2)CC1,True,-2.1230999999999964,-1.1611,0.48148148148148145,False,True
1.0,bin,1,-0.9854800075292587,-1.1407200038433074,-0.83024001121521,413951,O=C(Cn1ncn2cccc2c1=O)N1CCCCCC1,0.8985999999999996,CCC(CCCNC(=O)CN1C=CC=CC1)C(N)=O,True,0.7798000000000003,-0.11879999999999935,0.1095890410958904,False,True
1.0,bin,1,-0.9854800075292587,-1.1407200038433074,-0.83024001121521,427929,CCNc1nc(NCc2ccccc2Cl)c2cnn(C)c2n1,3.060600000000001,COC(=O)c1ccc(CNc2nc(N)nc3c2cnn3C)cc1,True,1.3441999999999996,-1.7164000000000013,0.38461538461538464,False,True
1.0,bin,1,-0.9854800075292587,-1.1407200038433074,-0.83024001121521,447130,CCC(NC(=O)C1CCN(C(=O)C2CC2)CC1)c1ccc(C)cc1,3.2109200000000016,CC(NC(=O)C1CCN(C(=O)C2CC2)CC1)c1ccc(C#N)cc1,True,2.384080000000001,-0.8268400000000007,0.5370370370370371,False,True
1.0,bin,1,-0.9854800075292587,-1.1407200038433074,-0.83024001121521,481908,CCNS(=O)(=O)c1ccc(C)c(C(=O)Nc2ncccc2C)c1,2.24894,CNS(=O)(=O)c1cccc(C(=O)Nc2ccc(C)cn2)c1,True,1.5504199999999997,-0.6985200000000005,0.328125,False,False
1.0,bin,1,-0.9854800075292587,-1.1407200038433074,-0.83024001121521,485220,Cc1nn(CC(=O)N2CCN(C)CC2)c(C)c1Br,1.03644,CCNC(=O)CN1CCN(C(=O)Cn2nc(C)cc2C)CC1,True,-0.21975999999999796,-1.256199999999998,0.36363636363636365,False,True
1.0,bin,1,-0.9854800075292587,-1.1407200038433074,-0.83024001121521,526363,Cc1nnc(SCC(=O)Nc2ccc(O)cc2)n(N)c1=O,0.09692,NC(=O)c1ccc(NC(=O)CSc2nncc(=O)n2N)cc1,True,-0.8181999999999994,-0.9151199999999994,0.5178571428571429,False,True
1.0,bin,1,-0.9854800075292587,-1.1407200038433074,-0.83024001121521,536853,COc1ccc(C2CCCN2C(=O)C2CCC2)c(OC)c1,3.1674000000000015,NC(=O)COc1cccc(C2CCCN2C(=O)C2CCC2)c1,True,2.0142999999999995,-1.153100000000002,0.4827586206896552,False,True
1.0,bin,1,-0.9854800075292587,-1.1407200038433074,-0.83024001121521,540312,Cc1nn(C)c2nc(C3CC3)cc(C(=O)NCC(=O)NC(C)(C)C)c12,1.7986199999999997,Cc1nn(C)c2nc(C3CC3)cc(C(=O)NCC(N)=O)c12,True,0.36922000000000005,-1.4293999999999996,0.7454545454545455,False,False
1.0,bin,1,-0.9854800075292587,-1.1407200038433074,-0.83024001121521,544381,Cc1nc(N2CCCC(C(=O)NC(C)C)C2)c2c(C)c(C)oc2n1,2.8890600000000006,Cc1nc(N2CCC(S(C)(=O)=O)CC2)c2c(C)c(C)oc2n1,True,2.16146,-0.7276000000000007,0.5,False,True
1.0,bin,1,-0.9854800075292587,-1.1407200038433074,-0.83024001121521,544382,CCCNC(=O)C1CCCN(c2nc(C)nc3oc(C)c(C)c23)C1,2.8906600000000013,CCS(=O)(=O)NC1CCCN(c2ncnc3oc(C)c(C)c23)C1,True,1.74774,-1.1429200000000013,0.43478260869565216,False,True
1.0,bin,1,-0.9854800075292587,-1.1407200038433074,-0.83024001121521,550049,Cc1ccc(C)c(OCC(=O)Nc2cccc(-n3cnnc3)c2)c1,2.9016400000000013,N#Cc1ccc(OCC(=O)Nc2cccc(-n3cnnc3)c2)cc1,True,2.15648,-0.7451600000000012,0.625,False,True
1.0,bin,1,-0.9854800075292587,-1.1407200038433074,-0.83024001121521,573533,Cc1nn(-c2ncc(C(F)(F)F)cc2Cl)c(=O)o1,2.2011199999999995,COC(=O)C=C1C=C(Cl)C(NN=C(C)OC(=O)NCC#N)=N1,True,0.7508799999999999,-1.4502399999999995,0.08860759493670886,False,True
1.0,bin,1,-0.9854800075292587,-1.1407200038433074,-0.83024001121521,582555,O=C(NCC(O)c1ccccc1)c1ccc2c(=O)n3c(nc2c1)CCC3,1.8061000000000003,C=C(C=CC=CC(N)=O)CCNC(=O)c1ccc2c(=O)n3c(nc2c1)CCC3,True,1.6164999999999998,-0.18960000000000043,0.5492957746478874,False,True
1.0,bin,1,-0.9854800075292587,-1.1407200038433074,-0.83024001121521,588547,Cc1n[nH]c(C)c1NC(=O)CCc1ccc(Cl)cc1Cl,3.9046400000000023,Cc1cccc(CCC(=O)Nc2c(C)n[nH]c2C)c1,True,2.9062600000000005,-0.9983800000000018,0.5769230769230769,False,False
1.0,bin,1,-0.9854800075292587,-1.1407200038433074,-0.83024001121521,607673,CCCN(CC1CC1)S(=O)(=O)c1ccccc1F,2.636400000000001,O=S(=O)(c1cc(F)ccc1F)N(CCO)CC1CC1,True,1.3578000000000001,-1.2786000000000008,0.5416666666666666,False,True
1.0,bin,1,-0.9854800075292587,-1.1407200038433074,-0.83024001121521,617681,Cc1cc(C(=O)Nc2nc(-c3ccncc3)cs2)nn1C(C)C,3.5432200000000016,N#CCn1ccc(C(=O)Nc2nc(-c3ccncc3)cs2)n1,True,2.17748,-1.3657400000000015,0.5245901639344263,False,True
1.0,bin,1,-0.9854800075292587,-1.1407200038433074,-0.83024001121521,650267,COc1ccc2oc(C(=O)NC3CCCCNC3=O)c(C)c2c1,2.14832,O=C(NC1CCCCNC1=O)C1=CCc2ccccc2O1,True,1.2902999999999993,-0.8580200000000007,0.43283582089552236,False,True
1.0,bin,1,-0.9854800075292587,-1.1407200038433074,-0.83024001121521,668639,Cc1cc(NC(=O)c2ccccc2Cl)ncc1N,2.8779200000000005,Nc1ccc(NC(=O)C2=CC=COCC2F)nc1,True,1.4107,-1.4672200000000004,0.265625,False,True
1.0,bin,1,-0.9854800075292587,-1.1407200038433074,-0.83024001121521,673160,CCC(=O)Nc1ccc2oc(C(F)(F)F)cc(=O)c2c1,3.160300000000001,CC(=O)NCCCC(=O)Nc1ccc2oc(C(F)(F)F)cc2c1,True,3.306400000000001,0.14609999999999967,0.49122807017543857,False,True
1.0,bin,1,-0.9854800075292587,-1.1407200038433074,-0.83024001121521,711169,Cc1cccc(C(C)C)c1NC(=O)N(C)Cc1ccncc1,4.177320000000003,CN(Cc1ccncc1)C(=O)Nc1cc(F)c(F)c(F)c1,True,3.1628000000000016,-1.014520000000001,0.49056603773584906,False,True
1.0,bin,1,-0.9854800075292587,-1.1407200038433074,-0.83024001121521,720969,Cc1noc(C)c1CCC(=O)OCC(=O)N1c2ccccc2CC1C,2.7450400000000013,Cc1noc(C)c1CCC(=O)OCC(=O)N1c2ccccc2CC1O,True,1.67494,-1.0701000000000012,0.8245614035087719,False,True
1.0,bin,1,-0.9854800075292587,-1.1407200038433074,-0.83024001121521,730789,COC(=O)C1CCN(C(=O)c2cc3ccc(F)cc3nc2C)CC1,2.7075200000000006,CNC(=O)CC1CCNC(=O)c2cc3ccc(F)cc3nc2OCC1,True,2.028599999999999,-0.6789200000000015,0.3157894736842105,False,True
1.0,bin,1,-0.9854800075292587,-1.1407200038433074,-0.83024001121521,738178,Cc1ccc(-n2ccnc2SCc2nc(C3CC3)no2)cc1C,4.041840000000003,Nc1cccc(-n2ccnc2SCc2nc(C3CC3)no2)c1,True,3.007200000000002,-1.0346400000000013,0.7142857142857143,False,True
1.0,bin,1,-0.9854800075292587,-1.1407200038433074,-0.83024001121521,771897,COc1ccccc1OCC(=O)N(C)Cc1sccc1C,3.102520000000002,CNC(=O)c1ccc(OCC(=O)N(C)Cc2sccc2C)cc1,True,2.45352,-0.6490000000000018,0.5740740740740741,False,True
1.0,bin,1,-0.9854800075292587,-1.1407200038433074,-0.83024001121521,811446,COC(=O)C1(NC(=O)c2cc(Br)c[nH]2)CCCCCC1,2.7730000000000006,COC(=O)C1(NC(=O)c2cc(C(N)=O)c[nH]2)CCCCCC1,True,1.1093999999999988,-1.6636000000000017,0.6956521739130435,False,True
1.0,bin,1,-0.9854800075292587,-1.1407200038433074,-0.83024001121521,848291,CCC(C)NC(=O)NCc1noc(-c2cccs2)n1,2.3958000000000004,CCNC(=O)CN(CC)C(=O)Cc1noc(-c2cccs2)n1,True,1.3251999999999995,-1.0706000000000009,0.5079365079365079,False,True
1.0,bin,1,-0.9854800075292587,-1.1407200038433074,-0.83024001121521,863440,COc1ccc(-c2nc(CCCO)cs2)cc1OC,2.752200000000001,COc1ccc(-c2nccs2)cc1OCC(O)CO,True,1.5506999999999995,-1.2015000000000016,0.4107142857142857,False,True
1.0,bin,1,-0.9854800075292587,-1.1407200038433074,-0.83024001121521,864663,N#Cc1ccc(-c2cc(F)ccc2F)nc1N1CCCC1,3.498680000000002,N#Cc1ccc(N2CCCC2)nc1-c1ccccc1N,True,2.8026800000000005,-0.6960000000000015,0.35714285714285715,False,True
1.0,bin,1,-0.9854800075292587,-1.1407200038433074,-0.83024001121521,872100,CCc1cccc(C)c1NCC(O)c1ccc2c(c1)OCCO2,3.474120000000002,OCc1cc(NCC(O)c2ccc3c(c2)OCCO3)ccc1F,True,2.2346999999999992,-1.2394200000000026,0.5,False,True
1.0,bin,1,-0.9854800075292587,-1.1407200038433074,-0.83024001121521,886334,COc1ccc(C(=O)N2CCCC(C(=O)N3CCCCC3)C2)c(O)c1,2.2655000000000003,NC(=O)c1ccc(C(=O)N2CCCC(C(=O)N3CCCCC3)C2)cc1,True,1.6501999999999997,-0.6153000000000006,0.5,False,True
1.0,bin,1,-0.9854800075292587,-1.1407200038433074,-0.83024001121521,887387,COCCNC(=O)N(Cc1cccc(F)c1)CC1CCCO1,2.1627,CNC(=O)N(C)CC(=O)N(Cc1ccccc1)CC1CCCO1,True,1.4653999999999994,-0.6973000000000007,0.47761194029850745,False,True
1.0,bin,1,-0.9854800075292587,-1.1407200038433074,-0.83024001121521,889149,N#Cc1ccc(NC(=O)c2ccc(Br)cc2Cl)nc1,3.621480000000001,N#Cc1ccc(NC(=O)c2ccc(OCC(F)F)cc2)nc1,True,2.8494800000000007,-0.7720000000000002,0.45614035087719296,False,True
1.0,bin,1,-0.9854800075292587,-1.1407200038433074,-0.83024001121521,913483,O=C(CNC(=O)NCCc1c(Cl)cccc1Cl)NC1CC1,2.1137000000000006,CC1(O)CC=CC(Cl)=CCC2CC2NC(=O)CNC(=O)NC1,True,1.0139999999999998,-1.0997000000000008,0.10526315789473684,False,True
1.0,bin,1,-0.9854800075292587,-1.1407200038433074,-0.83024001121521,917620,C=CCN(Cc1ccccc1OC)C(=O)c1csc(C)n1,3.288520000000002,COC(=O)CN(Cc1ccccc1C)C(=O)c1csc(C)n1,True,2.5753400000000006,-0.7131800000000013,0.5614035087719298,False,True
1.0,bin,1,-0.9854800075292587,-1.1407200038433074,-0.83024001121521,918312,CCOc1ccc(Cl)c(C(=O)N2CCN(c3ncccn3)CC2)n1,1.8860999999999997,COc1ccnc(N2CCN(C(=O)c3ccccn3)CC2)n1,True,0.8426,-1.0434999999999997,0.4576271186440678,False,False
1.0,bin,1,-0.9854800075292587,-1.1407200038433074,-0.83024001121521,922879,CC(=O)c1ccc(N2CCN(Cc3c(F)cccc3F)CC2)cc1,3.489600000000003,NC(=O)Cc1cccc(N2CCN(Cc3cccc(F)c3)CC2)c1,True,2.1757,-1.313900000000003,0.39285714285714285,False,True
1.0,bin,1,-0.9854800075292587,-1.1407200038433074,-0.83024001121521,927535,COc1cc(CN2CCN(c3ccccc3F)CC2)ccc1O,2.862100000000002,NC(=O)c1ccccc1CN1CCN(c2ccccc2O)CC1,True,1.8133,-1.0488000000000022,0.3620689655172414,False,True
1.0,bin,1,-0.9854800075292587,-1.1407200038433074,-0.83024001121521,927567,Cc1ccccc1N1CCN(Cc2cccc(O)c2)CC1,3.022820000000001,N#Cc1cccc(N2CCN(Cc3cccc(C(N)=O)c3)CC2)c1,True,1.97938,-1.0434400000000013,0.3559322033898305,False,True
1.0,bin,1,-0.9854800075292587,-1.1407200038433074,-0.83024001121521,938108,CC(c1ccccc1)N(C)C(=O)CCC(=O)Nc1nccs1,3.0814000000000012,O=C(CCC(=O)Nc1nccs1)NCc1ccc(F)cc1,True,2.3173000000000004,-0.7641000000000009,0.45614035087719296,False,True
1.0,bin,1,-0.9854800075292587,-1.1407200038433074,-0.83024001121521,943303,CN(CCCOc1ccccc1)C(=O)Nc1cccc2c1OCCO2,3.390600000000002,NC(=O)c1ccc(OCCCNC(=O)Nc2cccc3c2OCCO3)cc1,True,2.1472999999999995,-1.2433000000000023,0.5238095238095238,False,True
1.0,bin,1,-0.9854800075292587,-1.1407200038433074,-0.83024001121521,946289,CC(NC(=O)C1(c2cc(-c3ccco3)on2)CC1)c1ccccc1,3.843600000000002,O=C(NCc1ccc(CO)cc1)C1(c2cc(-c3ccco3)on2)CC1,True,2.7749000000000006,-1.0687000000000015,0.5862068965517241,False,True
1.0,bin,1,-0.9854800075292587,-1.1407200038433074,-0.83024001121521,994077,Cc1nnc(Cn2c(-c3cccc(Br)c3)noc2=O)o1,2.0055199999999997,Cc1nnc(Cn2c(-c3ccccc3O)noc2=O)o1,True,0.9486199999999998,-1.0569,0.5849056603773585,False,True
1.0,bin,1,-0.9854800075292587,-1.1407200038433074,-0.83024001121521,1065620,O=C(NCc1cccnc1Oc1ccccc1)c1cccnc1,3.198900000000002,NC(=O)c1ccc(C(=O)NCc2cccnc2Oc2ccc(F)cc2)cn1,True,2.4369000000000005,-0.7620000000000013,0.5862068965517241,False,True
1.0,bin,1,-0.9854800075292587,-1.1407200038433074,-0.83024001121521,1093926,CN(C(=O)CNc1cccc(OCC2CCCO2)c1)c1ccccc1,3.319300000000002,O=C(CNc1cccc(O)c1)Nc1cccc(OCC2CCCO2)c1,True,3.0006000000000013,-0.31870000000000065,0.6190476190476191,False,True
1.0,bin,1,-0.9854800075292587,-1.1407200038433074,-0.83024001121521,1107920,CCc1ccc(-n2cc(C(=O)NC(C)c3ccccc3)nn2)cc1,3.320700000000002,CC(NC(=O)c1cn(-c2ccc(F)cc2)nn1)c1ccccc1,True,2.897400000000001,-0.4233000000000011,0.7551020408163265,False,True
1.0,bin,1,-0.9854800075292587,-1.1407200038433074,-0.83024001121521,1113130,CC(NC(=O)Cn1nnnc1C(C)(C)C)c1cccc2ccccc12,3.0012000000000016,CCc1nnnn1CC(=O)NC(C)c1cccc2ccccc12,True,2.2661,-0.7351000000000019,0.7169811320754716,False,True
1.0,bin,1,-0.9854800075292587,-1.1407200038433074,-0.83024001121521,1121751,COC(=O)Cn1ccc(NS(=O)(=O)c2ccc(F)c(F)c2F)n1,1.2742,NC(=O)c1c(F)ccc(S(=O)(=O)NC2C=CNCC(=O)N2)c1F,True,-1.0987999999999998,-2.3729999999999998,0.2465753424657534,False,True
1.0,bin,1,-0.9854800075292587,-1.1407200038433074,-0.83024001121521,1142531,CCOC(C)C(=O)NCCc1csc(-c2ccc(C)cc2)n1,3.2022200000000014,CC(C)N(CC(N)=O)C(=O)NCCc1csc(-c2ccccc2)n1,True,2.2579000000000002,-0.9443200000000012,0.46875,False,True
1.0,bin,1,-0.9854800075292587,-1.1407200038433074,-0.83024001121521,1212157,CN(Cc1ccc(F)c(F)c1)C(=O)c1cncc(-c2cnn(C)c2)c1,3.0325000000000015,CN(Cc1cccc(C#N)c1)C(=O)c1cncc(-c2cnn(C)c2)c1,True,2.625980000000001,-0.40652000000000044,0.6666666666666666,False,True
1.0,bin,1,-0.9854800075292587,-1.1407200038433074,-0.83024001121521,1215394,CCn1nc(C)cc1C(=O)Oc1cccc(NC(=O)C(C)C)c1,3.025120000000001,Cc1cc(C(=O)Oc2cccc(C(=O)NC(C)C)c2)n(C)n1,True,2.0859199999999998,-0.9392000000000014,0.47540983606557374,False,True
1.0,bin,1,-0.9854800075292587,-1.1407200038433074,-0.83024001121521,1232922,CC(C)(C)OC(=O)NC1CCCN(S(=O)(=O)N2CCOCC2)C1,0.5525000000000011,CCC(C)NC(=O)C1CCCN(S(=O)(=O)N2CCOCC2)C1,True,0.1901000000000017,-0.3623999999999994,0.46551724137931033,False,False
1.0,bin,1,-0.9854800075292587,-1.1407200038433074,-0.83024001121521,1238973,FC(F)(F)c1cnc(N2CCn3c(nnc3C3CC3)C2)c(Cl)c1,3.2429000000000023,Cc1ccc(N2CCn3c(nnc3C3CC3)C2)nc1,True,1.87912,-1.3637800000000024,0.47368421052631576,False,True
1.0,bin,1,-0.9854800075292587,-1.1407200038433074,-0.83024001121521,1299495,Cc1cc(CC(=O)N2CCCC2C(C#N)c2ccccc2)no1,2.823900000000001,CC=CC=C1C2=C(C=C(C)ON2)CC(=O)N2CCCC2C1C(N)=O,True,1.6777999999999997,-1.1461000000000012,0.16853932584269662,False,True
1.0,bin,1,-0.9854800075292587,-1.1407200038433074,-0.83024001121521,1309906,CC(C)CC(NC(=O)c1cc(=O)c2ccccc2o1)C(=O)OC(C)C,2.8891000000000018,CCCNC(=O)CCNC(=O)c1cc(=O)c2ccccc2o1,True,1.4390999999999992,-1.4500000000000026,0.4745762711864407,False,True
1.0,bin,1,-0.9854800075292587,-1.1407200038433074,-0.83024001121521,1362816,COCc1cccc(C(=O)NC2CC2c2cccc(Cl)c2)c1,3.772300000000002,COc1cccc(C(=O)NC2CC2c2ccccc2)c1,True,2.9811000000000014,-0.7912000000000008,0.5454545454545454,False,True
1.0,bin,1,-0.9854800075292587,-1.1407200038433074,-0.83024001121521,1441838,COCC(=O)NC(C(=O)Nc1cccc(-c2nccs2)c1)C(C)C,2.5358,CCS(=O)(=O)NCC(=O)Nc1cccc(-c2nccs2)c1,True,1.6878999999999993,-0.8479000000000008,0.5238095238095238,False,True
1.0,bin,1,-0.9854800075292587,-1.1407200038433074,-0.83024001121521,1450449,CCCNC(=O)CSc1nc2c(cc1C#N)CCCC2,2.450380000000001,COCCNC(=O)CSc1nc2c(cc1C(N)=O)CCCC2,True,0.9139999999999994,-1.5363800000000016,0.5409836065573771,False,True
1.0,bin,1,-0.9854800075292587,-1.1407200038433074,-0.83024001121521,1451910,O=S(=O)(NCc1nnc2ccccn12)c1ccc(F)c(F)c1,1.4859999999999995,NC(=O)c1ccc(S(=O)(=O)NCc2nnc3ccccn23)cc1,True,0.30669999999999953,-1.1793,0.6346153846153846,False,False
1.0,bin,1,-0.9854800075292587,-1.1407200038433074,-0.83024001121521,1479798,Cc1nc(C)c(CCC(=O)N(CC(C)C)CC(F)(F)F)c(=O)[nH]1,2.3662400000000003,CCC(C)C(NC(=O)CCc1c(C)nc(C)[nH]c1=O)C(C)O,True,1.2310400000000001,-1.1352000000000002,0.45,False,True
1.0,bin,1,-0.9854800075292587,-1.1407200038433074,-0.83024001121521,1507926,COC(=O)C(C)NC(=O)Cc1csc(-c2ccccc2Cl)n1,2.6837,COc1ccccc1-c1nc(CC(=O)NCCC(N)=O)cs1,True,1.3527999999999998,-1.3309000000000002,0.4918032786885246,False,True
1.0,bin,1,-0.9854800075292587,-1.1407200038433074,-0.83024001121521,1527882,Nc1ncccc1C(=O)Nc1ccc2cn[nH]c2c1,1.7923999999999998,NS(=O)(=O)c1ncccc1C(=O)Nc1ccc2cn[nH]c2c1,True,0.8575999999999997,-0.9348000000000001,0.7254901960784313,False,True
1.0,bin,1,-0.9854800075292587,-1.1407200038433074,-0.83024001121521,1532848,COc1ccc(-c2ccc3c(=O)[nH]cnc3c2)cc1Cl,3.2521000000000013,COc1cc(-c2ccc3c(=O)[nH]cnc3c2)ccc1O,True,2.3043,-0.9478000000000013,0.6888888888888889,False,True
1.0,bin,1,-0.9854800075292587,-1.1407200038433074,-0.83024001121521,1548351,COc1cc(OC)c2c(c1)C(c1cnccn1)NCC2,1.7288999999999999,CS(=O)(=O)Nc1ccc2c(c1)C(c1cnccn1)NCC2,True,1.0831999999999997,-0.6457000000000002,0.46551724137931033,False,True
1.0,bin,1,-0.9854800075292587,-1.1407200038433074,-0.83024001121521,1570134,COc1cccc(C(C)N2CCN(C(=O)c3ccc(O)cc3)CC2)c1,2.9198000000000013,COc1ccc(C(=O)N2CCN(Cc3ccc(CO)cc3)CC2)cc1,True,2.1455,-0.7743000000000011,0.39655172413793105,False,True
1.0,bin,1,-0.9854800075292587,-1.1407200038433074,-0.83024001121521,1611406,CC(C)(C)N1CC(NC(=O)C2COc3ccc(F)cc3C2)CC1=O,1.8923999999999994,CNCC(=O)N1CC2c3ccccc3OCC2C1=O,True,0.36699999999999955,-1.5253999999999999,0.2465753424657534,False,True
1.0,bin,1,-0.9854800075292587,-1.1407200038433074,-0.83024001121521,1612684,CCCC1CN(C(=O)Nc2ccn(CCC(C)C)n2)CCO1,2.9620000000000015,O=C1NCC=NN(CC(F)F)C2CCCOCN1C2,True,0.7009999999999998,-2.261000000000002,0.1566265060240964,False,True
1.0,bin,1,-0.9854800075292587,-1.1407200038433074,-0.83024001121521,1639675,CCC(CC)c1nnc(NC(=O)c2scnc2C2CC2)s1,4.0279000000000025,CCOCCc1nnc(NC(=O)c2scnc2C2CC2)s1,True,2.7033000000000005,-1.324600000000002,0.6428571428571429,False,True
1.0,bin,1,-0.9854800075292587,-1.1407200038433074,-0.83024001121521,1675660,COc1ccnc(NC(=O)c2cccc(Cl)c2)c1,2.9959000000000007,COc1ccnc(NC(=O)c2cccc(S(C)(=O)=O)c2)c1,True,1.7459999999999998,-1.249900000000001,0.6875,False,False
1.0,bin,1,-0.9854800075292587,-1.1407200038433074,-0.83024001121521,1689728,CCc1noc(CSc2ncnc3sc(C)cc23)n1,3.237420000000002,Nc1nc(SCC2CC=NO2)c2ccsc2n1,True,2.1403,-1.097120000000002,0.1643835616438356,False,True
1.0,bin,1,-0.9854800075292587,-1.1407200038433074,-0.83024001121521,1720876,CC(C)(C)CC(=O)NCC(=O)Nc1ccc2c(c1)COC2,2.2077,CCCCS(=O)(=O)NCC(=O)Nc1ccc2c(c1)COC2,True,1.3747999999999998,-0.8329000000000002,0.5471698113207547,False,True
1.0,bin,1,-0.9854800075292587,-1.1407200038433074,-0.83024001121521,1757109,CC(C)Cc1ncc(CNc2ccc3c(c2)COC3)s1,3.983900000000003,COCCc1ncc(CNc2ccc3c(c2)COC3)s1,True,2.9743000000000013,-1.0096000000000016,0.6862745098039216,False,True
1.0,bin,1,-0.9854800075292587,-1.1407200038433074,-0.83024001121521,1774061,O=C1NCCCc2[nH]c(-c3cccc4[nH]ccc34)nc21,2.234,CS(=O)(=O)N1CCCc2[nH]cc(-c3cccc4[nH]ccc34)c2NC1=O,True,2.9027000000000003,0.6687000000000003,0.38461538461538464,False,True
1.0,bin,1,-0.9854800075292587,-1.1407200038433074,-0.83024001121521,1800687,Cc1nn(C)c(-c2nc(-c3cccnn3)no2)c1Cl,1.8889199999999997,COC(=O)CCCc1cnn(-c2nc(-c3cccnn3)no2)c1N,True,0.7901999999999998,-1.09872,0.3287671232876712,False,True
1.0,bin,1,-0.9854800075292587,-1.1407200038433074,-0.83024001121521,1815867,FC(F)(F)c1ccc(CN2CCOCC2c2ncon2)cc1,2.661900000000001,CCN1C=CC1C=CC=C1CN2CCOCC2C(N=CO)=N1,True,1.3435000000000001,-1.318400000000001,0.20987654320987653,False,True
1.0,bin,1,-0.9854800075292587,-1.1407200038433074,-0.83024001121521,1828580,Cc1ccc(N2CC3OCC(=O)N(Cc4cccc(F)c4)C3C2)nn1,1.54032,N=NC1C(=CC=CN)NCC2OCC(=O)N(Cc3ccccc3)C21,True,1.1416699999999997,-0.39865000000000017,0.2804878048780488,False,True
1.0,bin,1,-0.9854800075292587,-1.1407200038433074,-0.83024001121521,1836183,CCc1ccc(C(=O)NCc2nccc(N(C)C)n2)cc1,2.035,CN(C)c1ccnc(CNC(=O)c2ccccc2O)n1,True,1.1782,-0.8568000000000002,0.6,False,True
1.0,bin,1,-0.9854800075292587,-1.1407200038433074,-0.83024001121521,1842499,COc1ccccc1COc1ccccc1-c1cnn(CCO)c1,3.1300000000000017,NC(=O)c1ccc(COc2ccccc2C2=C(NCCO)N=C2)cc1,True,1.6994,-1.4306000000000016,0.2714285714285714,False,True
1.0,bin,1,-0.9854800075292587,-1.1407200038433074,-0.83024001121521,1865564,COC(CNC(=O)c1ccoc1)c1cccc(F)c1,2.536200000000001,O=C(NCC(O)c1cccc(OCC(F)F)c1)c1ccoc1,True,2.3869000000000007,-0.1493000000000002,0.5166666666666667,False,True
1.0,bin,1,-0.9854800075292587,-1.1407200038433074,-0.83024001121521,1868773,CCCOc1ccc(Cl)c2c1CCNC2C1CC(=O)C1,3.2947000000000015,COc1cc2c(cc1Cl)CCNC21CCC(=O)C1,True,2.4426000000000005,-0.852100000000001,0.21739130434782608,False,True
1.0,bin,1,-0.9854800075292587,-1.1407200038433074,-0.83024001121521,1873123,CCC1OC(=O)c2c(OC)ccc(Br)c21,3.079200000000002,COc1ccc(CO)c2c1C(C)COC2=O,True,1.4614,-1.617800000000002,0.34615384615384615,False,True
1.0,bin,1,-0.9854800075292587,-1.1407200038433074,-0.83024001121521,1875028,Cc1cccc(C)c1NCC(=O)N1CCCC2CCCCC21,3.8965400000000034,CNC(=O)c1cc(C)ccc1NCC(=O)NCCC1CCCCC1,True,2.8531200000000005,-1.043420000000003,0.26865671641791045,False,True
1.0,bin,1,-0.9854800075292587,-1.1407200038433074,-0.83024001121521,1895921,CCC(CC)N(C)C(=O)CC1OC(=O)c2ccccc21,2.935200000000002,CCN(CC(=O)NC(C)C)C(=O)C1OC(=O)c2ccccc21,True,1.2711999999999997,-1.6640000000000021,0.39655172413793105,False,True
1.0,bin,1,-0.9854800075292587,-1.1407200038433074,-0.83024001121521,1907077,Cc1ccc2[nH]nc(C(=O)Nc3nc(-c4ccco4)cs3)c2c1,3.8401200000000015,NC(=O)c1cc2cc3c1c(c2)C(C(=O)NC=NCc1ccco1)=NN3,True,1.4438,-2.3963200000000016,0.18888888888888888,False,True
1.0,bin,1,-0.9854800075292587,-1.1407200038433074,-0.83024001121521,1913063,Cc1nn(C)c(C)c1CN(C(=O)c1cn2cccc(C)c2n1)C1CC1,2.797860000000001,Cc1nn(C)cc1CNC(=O)c1cn2ccccc2n1,True,1.30622,-1.491640000000001,0.2972972972972973,False,True
1.0,bin,1,-0.9854800075292587,-1.1407200038433074,-0.83024001121521,1922265,CN(CCNC(=O)c1ccc2c(c1)ncn2C)c1ccccc1,2.4395000000000007,Cc1ccccc1C(NC(=O)C1C=CCNC=NC=C1)C(N)=O,True,0.9552199999999997,-1.484280000000001,0.14457831325301204,False,True
1.0,bin,2,-0.7375200986862183,-0.83024001121521,-0.6448001861572266,32052,COc1ccccc1CNC(=O)Cc1c[nH]c2ccccc12,3.035400000000001,NC(=O)c1ccc(CNC(=O)Cc2c[nH]c3cc(F)ccc23)cc1,True,2.2648,-0.7706000000000008,0.4482758620689655,False,True
1.0,bin,2,-0.7375200986862183,-0.83024001121521,-0.6448001861572266,116747,COCCSc1ccccc1C(=O)Nc1cccc(C)n1,3.3808200000000017,COC(=O)c1ccccc1C(=O)Nc1cccc(OC)n1,True,2.1291,-1.2517200000000015,0.4528301886792453,False,True
1.0,bin,2,-0.7375200986862183,-0.83024001121521,-0.6448001861572266,131060,CS(=O)(=O)NCCc1csc(-c2ccc(F)cc2)n1,2.0408999999999997,CNC(=O)NCC(=O)NCCc1csc(-c2ccc(F)cc2)n1,True,1.5369000000000004,-0.5039999999999993,0.5660377358490566,False,True
1.0,bin,2,-0.7375200986862183,-0.83024001121521,-0.6448001861572266,131949,CCc1c(C)nc(SCC(=O)NC(C)C)[nH]c1=O,1.25742,CCc1nc(SCC(=O)N(C)C)[nH]c(=O)c1C,True,0.8210199999999999,-0.4364000000000001,0.41509433962264153,False,True
1.0,bin,2,-0.7375200986862183,-0.83024001121521,-0.6448001861572266,158879,COc1ccc(CC(=O)OCC(=O)c2c[nH]c3ccccc23)cc1,3.145100000000001,NC(=O)c1ccc(CC(=O)OCC(=O)c2c[nH]c3ccccc23)cc1,True,2.2353999999999994,-0.9097000000000017,0.72,False,True
1.0,bin,2,-0.7375200986862183,-0.83024001121521,-0.6448001861572266,232056,COCCNC(=O)c1cc(=O)c2cc(C)ccc2o1,1.4776199999999993,CNC(=O)CNC(=O)c1cc(=O)c2cc(C)ccc2o1,True,0.5772199999999998,-0.9003999999999994,0.6666666666666666,False,True
1.0,bin,2,-0.7375200986862183,-0.83024001121521,-0.6448001861572266,235788,O=C(Cn1nc(-c2ccco2)oc1=O)NCC(F)(F)F,0.7747999999999999,CCC(=O)N(C)CC(=O)NCCn1nc(-c2ccco2)oc1=O,True,0.08089999999999975,-0.6939000000000002,0.5079365079365079,False,True
1.0,bin,2,-0.7375200986862183,-0.83024001121521,-0.6448001861572266,236081,CC(=O)c1c(C)[nH]c(C(=O)CSc2nc(C(C)C)n[nH]2)c1C,3.0506400000000014,CC(=O)c1cc(C)c(C(=O)CSc2nc(C)n[nH]2)[nH]1,True,1.9272399999999998,-1.1234000000000015,0.48214285714285715,False,True
1.0,bin,2,-0.7375200986862183,-0.83024001121521,-0.6448001861572266,281081,O=C(Cn1cccn1)NCc1cccnc1Oc1ccc(F)cc1F,2.665000000000001,Nc1ccc(Oc2ncccc2CNC(=O)Cn2cccn2)cc1,True,1.969,-0.6960000000000008,0.639344262295082,False,True
1.0,bin,2,-0.7375200986862183,-0.83024001121521,-0.6448001861572266,284170,COc1ccc(-c2nc(CC(=O)Nc3cccc(C)n3)cs2)cc1,3.7033200000000024,N#Cc1ccnc(NC(=O)Cc2csc(-c3ccccc3)n2)c1,True,3.2579800000000008,-0.4453400000000016,0.46875,False,True
1.0,bin,2,-0.7375200986862183,-0.83024001121521,-0.6448001861572266,288369,Cc1ccc(NCc2nnc3n2CCCCC3)cc1C,3.2334400000000016,N#Cc1cccc(NCc2nnc3n2CCCCC3)c1,True,2.4882800000000005,-0.7451600000000012,0.6153846153846154,False,True
1.0,bin,2,-0.7375200986862183,-0.83024001121521,-0.6448001861572266,302889,COc1ccc(OC)c(NC(=O)CCNC(=O)c2cccs2)c1,2.5239000000000003,NC(=O)c1ccccc1NC(=O)CCNC(=O)c1cccs1,True,1.6055999999999997,-0.9183000000000006,0.5636363636363636,False,True
1.0,bin,2,-0.7375200986862183,-0.83024001121521,-0.6448001861572266,327141,COc1ccc(OC)c(S(=O)(=O)Nc2ccn(C)n2)c1,1.2381,Cn1ccc(NS(=O)(=O)c2ccc(CO)cc2O)n1,True,0.4187999999999999,-0.8193000000000001,0.49056603773584906,False,True
1.0,bin,2,-0.7375200986862183,-0.83024001121521,-0.6448001861572266,327382,CNC(=O)C1CN(C(=O)c2c(C)noc2C)c2ccccc2O1,1.4452399999999996,Cc1noc(C)c1C(=O)N1CC(C(N)=O)Oc2ccccc21,True,1.1845399999999995,-0.26070000000000015,0.78,False,True
1.0,bin,2,-0.7375200986862183,-0.83024001121521,-0.6448001861572266,406491,COCCNC(=O)C1CCCN(S(=O)(=O)N2CCOCC2)C1,-0.9619999999999964,CNS(=O)(=O)C1CCN(S(=O)(=O)N2CCOCC2)CC1,True,-1.4229999999999967,-0.4610000000000003,0.37735849056603776,False,True
1.0,bin,2,-0.7375200986862183,-0.83024001121521,-0.6448001861572266,413951,O=C(Cn1ncn2cccc2c1=O)N1CCCCCC1,0.8985999999999996,NC(=O)C1CCCCCN1C(=O)Cn1ncn2cccc2c1=O,True,-0.24750000000000028,-1.1461,0.660377358490566,False,True
1.0,bin,2,-0.7375200986862183,-0.83024001121521,-0.6448001861572266,427929,CCNc1nc(NCc2ccccc2Cl)c2cnn(C)c2n1,3.060600000000001,CCNc1nc(NCc2ccc(F)cc2)c2cnn(C)c2n1,True,2.5463000000000005,-0.5143000000000004,0.6226415094339622,False,False
1.0,bin,2,-0.7375200986862183,-0.83024001121521,-0.6448001861572266,447130,CCC(NC(=O)C1CCN(C(=O)C2CC2)CC1)c1ccc(C)cc1,3.2109200000000016,CC(NC(=O)C1CCN(C(=O)C2CC2)CC1)c1ccccc1,True,2.5124000000000004,-0.6985200000000011,0.56,False,False
1.0,bin,2,-0.7375200986862183,-0.83024001121521,-0.6448001861572266,481908,CCNS(=O)(=O)c1ccc(C)c(C(=O)Nc2ncccc2C)c1,2.24894,Cc1cccnc1NC(=O)c1cccc(S(N)(=O)=O)c1,True,1.28972,-0.9592200000000002,0.5,False,True
1.0,bin,2,-0.7375200986862183,-0.83024001121521,-0.6448001861572266,485220,Cc1nn(CC(=O)N2CCN(C)CC2)c(C)c1Br,1.03644,Cc1nn(CC(=O)N2CCN(C)C(C)C2)c(C)c1N,True,0.24464000000000163,-0.7917999999999984,0.48,False,True
1.0,bin,2,-0.7375200986862183,-0.83024001121521,-0.6448001861572266,526363,Cc1nnc(SCC(=O)Nc2ccc(O)cc2)n(N)c1=O,0.09692,NC(=O)c1ccc(NC(=O)CSc2nncc(=O)n2N)cc1,True,-0.8181999999999994,-0.9151199999999994,0.5178571428571429,False,True
1.0,bin,2,-0.7375200986862183,-0.83024001121521,-0.6448001861572266,536853,COc1ccc(C2CCCN2C(=O)C2CCC2)c(OC)c1,3.1674000000000015,C=C1CCC(C(=O)N2CCCC2C2C=CC=COC2)N1,True,1.9593999999999998,-1.2080000000000017,0.2112676056338028,False,True
1.0,bin,2,-0.7375200986862183,-0.83024001121521,-0.6448001861572266,540312,Cc1nn(C)c2nc(C3CC3)cc(C(=O)NCC(=O)NC(C)(C)C)c12,1.7986199999999997,CCOC(=O)CNC(=O)c1cc(C2CC2)nc2c1c(C)nn2C,True,1.4470199999999995,-0.35160000000000013,0.7368421052631579,False,True
1.0,bin,2,-0.7375200986862183,-0.83024001121521,-0.6448001861572266,544381,Cc1nc(N2CCCC(C(=O)NC(C)C)C2)c2c(C)c(C)oc2n1,2.8890600000000006,CC=NC1C(C)=C(C)OC2=NC3(C(=O)N(C)CCCO)CCCN1C3=C2,True,1.6986999999999997,-1.190360000000001,0.16129032258064516,False,True
1.0,bin,2,-0.7375200986862183,-0.83024001121521,-0.6448001861572266,544382,CCCNC(=O)C1CCCN(c2nc(C)nc3oc(C)c(C)c23)C1,2.8906600000000013,COCC(=O)NC1CCN(c2nc(C)nc3oc(C)c(C)c23)CC1,True,1.8794599999999997,-1.0112000000000017,0.5,False,True
1.0,bin,2,-0.7375200986862183,-0.83024001121521,-0.6448001861572266,550049,Cc1ccc(C)c(OCC(=O)Nc2cccc(-n3cnnc3)c2)c1,2.9016400000000013,N#Cc1cccc(OCC(=O)Nc2cccc(-n3cnnc3)c2)c1,True,2.1564799999999993,-0.745160000000002,0.603448275862069,False,True
1.0,bin,2,-0.7375200986862183,-0.83024001121521,-0.6448001861572266,573533,Cc1nn(-c2ncc(C(F)(F)F)cc2Cl)c(=O)o1,2.2011199999999995,COC(=O)c1cc(-n2nc(C)oc2=O)nc(C(F)(F)F)c1,True,1.3343200000000002,-0.8667999999999993,0.39655172413793105,False,True
1.0,bin,2,-0.7375200986862183,-0.83024001121521,-0.6448001861572266,582555,O=C(NCC(O)c1ccccc1)c1ccc2c(=O)n3c(nc2c1)CCC3,1.8061000000000003,C=CC=CC=CC(CNC(=O)c1ccc2c(=O)n3c(nc2c1)CCC3)C(N)=O,True,1.4723999999999997,-0.33370000000000055,0.6,False,True
1.0,bin,2,-0.7375200986862183,-0.83024001121521,-0.6448001861572266,588547,Cc1n[nH]c(C)c1NC(=O)CCc1ccc(Cl)cc1Cl,3.9046400000000023,Cc1n[nH]c(C)c1NC(=O)CCc1cccc(Cl)c1,True,3.251240000000001,-0.6534000000000013,0.68,False,True
1.0,bin,2,-0.7375200986862183,-0.83024001121521,-0.6448001861572266,607673,CCCN(CC1CC1)S(=O)(=O)c1ccccc1F,2.636400000000001,CCN(CC1CC1)S(=O)(=O)c1ccc(C#N)cc1,True,1.97888,-0.657520000000001,0.39215686274509803,False,True
1.0,bin,2,-0.7375200986862183,-0.83024001121521,-0.6448001861572266,617681,Cc1cc(C(=O)Nc2nc(-c3ccncc3)cs2)nn1C(C)C,3.5432200000000016,CCn1ccc(C(=O)Nc2nc(-c3ccncc3)cs2)n1,True,2.673800000000001,-0.8694200000000007,0.5789473684210527,False,False
1.0,bin,2,-0.7375200986862183,-0.83024001121521,-0.6448001861572266,650267,COc1ccc2oc(C(=O)NC3CCCCNC3=O)c(C)c2c1,2.14832,Nc1c(C(=O)NC2CCCCNC2=O)oc2ccc(F)cc12,True,1.5526,-0.59572,0.5873015873015873,False,True
1.0,bin,2,-0.7375200986862183,-0.83024001121521,-0.6448001861572266,668639,Cc1cc(NC(=O)c2ccccc2Cl)ncc1N,2.8779200000000005,COC(=O)C=CC=C(C)C(=O)Nc1cc(N)ccn1,True,1.2777999999999998,-1.6001200000000007,0.27419354838709675,False,True
1.0,bin,2,-0.7375200986862183,-0.83024001121521,-0.6448001861572266,673160,CCC(=O)Nc1ccc2oc(C(F)(F)F)cc(=O)c2c1,3.160300000000001,CCC(=O)Nc1ccc2oc(C(=O)OC)cc(=O)c2c1,True,1.9281,-1.2322000000000013,0.6326530612244898,False,False
1.0,bin,2,-0.7375200986862183,-0.83024001121521,-0.6448001861572266,711169,Cc1cccc(C(C)C)c1NC(=O)N(C)Cc1ccncc1,4.177320000000003,CN(Cc1ccncc1)C(=O)Nc1ccccc1Br,True,3.508000000000002,-0.6693200000000008,0.5192307692307693,False,False
1.0,bin,2,-0.7375200986862183,-0.83024001121521,-0.6448001861572266,720969,Cc1noc(C)c1CCC(=O)OCC(=O)N1c2ccccc2CC1C,2.7450400000000013,Cc1noc(C)c1CCC(=O)OCC(=O)N1Cc2ccccc2C1,True,2.30964,-0.43540000000000134,0.6724137931034483,False,True
1.0,bin,2,-0.7375200986862183,-0.83024001121521,-0.6448001861572266,730789,COC(=O)C1CCN(C(=O)c2cc3ccc(F)cc3nc2C)CC1,2.7075200000000006,Cc1nc2cc(F)ccc2cc1C(=O)N1CCCC(C(N)=O)C1,True,2.0198199999999997,-0.6877000000000009,0.6206896551724138,False,False
1.0,bin,2,-0.7375200986862183,-0.83024001121521,-0.6448001861572266,738178,Cc1ccc(-n2ccnc2SCc2nc(C3CC3)no2)cc1C,4.041840000000003,N#Cc1ccccc1-n1ccnc1SCc1nc(C2CC2)no1,True,3.296680000000002,-0.7451600000000012,0.5901639344262295,False,True
1.0,bin,2,-0.7375200986862183,-0.83024001121521,-0.6448001861572266,771897,COc1ccccc1OCC(=O)N(C)Cc1sccc1C,3.102520000000002,COc1ccc(OCC(=O)NCc2sccc2C)c(N)c1,True,2.3425200000000004,-0.7600000000000016,0.4032258064516129,False,True
1.0,bin,2,-0.7375200986862183,-0.83024001121521,-0.6448001861572266,811446,COC(=O)C1(NC(=O)c2cc(Br)c[nH]2)CCCCCC1,2.7730000000000006,COC(=O)c1c[nH]c(C(=O)NC2CCCCCC2OC)c1,True,1.8787999999999998,-0.8942000000000008,0.3389830508474576,False,True
1.0,bin,2,-0.7375200986862183,-0.83024001121521,-0.6448001861572266,848291,CCC(C)NC(=O)NCc1noc(-c2cccs2)n1,2.3958000000000004,CN(C)C(=O)CCCC(=O)NCc1noc(-c2cccs2)n1,True,1.6727999999999994,-0.723000000000001,0.5666666666666667,False,True
1.0,bin,2,-0.7375200986862183,-0.83024001121521,-0.6448001861572266,863440,COc1ccc(-c2nc(CCCO)cs2)cc1OC,2.752200000000001,COC=CC(=CC(=COC)OC)c1nc(CCO)cs1,True,2.355600000000001,-0.3966000000000003,0.2903225806451613,False,True
1.0,bin,2,-0.7375200986862183,-0.83024001121521,-0.6448001861572266,864663,N#Cc1ccc(-c2cc(F)ccc2F)nc1N1CCCC1,3.498680000000002,CNC(=O)c1ccccc1-c1ccc(C#N)c(N2CCCC2)n1,True,2.5800800000000006,-0.9186000000000014,0.5,False,True
1.0,bin,2,-0.7375200986862183,-0.83024001121521,-0.6448001861572266,872100,CCc1cccc(C)c1NCC(O)c1ccc2c(c1)OCCO2,3.474120000000002,OC(CNc1ccc(F)cc1)c1ccc2c(c1)OCCO2,True,2.742400000000001,-0.731720000000001,0.5283018867924528,False,False
1.0,bin,2,-0.7375200986862183,-0.83024001121521,-0.6448001861572266,886334,COc1ccc(C(=O)N2CCCC(C(=O)N3CCCCC3)C2)c(O)c1,2.2655000000000003,C=CN(CCCC(=O)NC)C(=O)C1CCCN(C(=O)c2ccc(O)cc2)C1,True,1.742699999999999,-0.5228000000000013,0.3472222222222222,False,True
1.0,bin,2,-0.7375200986862183,-0.83024001121521,-0.6448001861572266,887387,COCCNC(=O)N(Cc1cccc(F)c1)CC1CCCO1,2.1627,COC(=O)CNC(=O)N(Cc1cccc(F)c1)CC1CCCO1,True,1.6892999999999996,-0.4734000000000005,0.7758620689655172,False,True
1.0,bin,2,-0.7375200986862183,-0.83024001121521,-0.6448001861572266,889149,N#Cc1ccc(NC(=O)c2ccc(Br)cc2Cl)nc1,3.621480000000001,Cc1cc(N)ccc1C(=O)Nc1ccc(C#N)cn1,True,2.0961999999999996,-1.5252800000000013,0.5769230769230769,False,True
1.0,bin,2,-0.7375200986862183,-0.83024001121521,-0.6448001861572266,913483,O=C(CNC(=O)NCCc1c(Cl)cccc1Cl)NC1CC1,2.1137000000000006,COc1ccc(CCNC(=O)NCC(=O)NC2CC2)cc1Cl,True,1.4688999999999999,-0.6448000000000007,0.5961538461538461,False,True
1.0,bin,2,-0.7375200986862183,-0.83024001121521,-0.6448001861572266,917620,C=CCN(Cc1ccccc1OC)C(=O)c1csc(C)n1,3.288520000000002,COC(=O)C=CC=C(C)CN(C)C(=O)c1csc(C)n1,True,2.19902,-1.089500000000002,0.38461538461538464,False,True
1.0,bin,2,-0.7375200986862183,-0.83024001121521,-0.6448001861572266,918312,CCOc1ccc(Cl)c(C(=O)N2CCN(c3ncccn3)CC2)n1,1.8860999999999997,COC1=CC=NC(C)=NC(C(=O)N2CCN(c3ncccn3)CC2)=C1,True,1.0421999999999998,-0.8438999999999999,0.38461538461538464,False,True
1.0,bin,2,-0.7375200986862183,-0.83024001121521,-0.6448001861572266,922879,CC(=O)c1ccc(N2CCN(Cc3c(F)cccc3F)CC2)cc1,3.489600000000003,Oc1cccc(CN2CCN(c3ccc(F)c(F)c3)CC2)c1,True,2.9926000000000013,-0.49700000000000166,0.4230769230769231,False,True
1.0,bin,2,-0.7375200986862183,-0.83024001121521,-0.6448001861572266,927535,COc1cc(CN2CCN(c3ccccc3F)CC2)ccc1O,2.862100000000002,COc1ccc(O)c(CN2CCN(c3cccc(CO)c3)CC2)c1,True,2.2153,-0.646800000000002,0.3870967741935484,False,True
1.0,bin,2,-0.7375200986862183,-0.83024001121521,-0.6448001861572266,927567,Cc1ccccc1N1CCN(Cc2cccc(O)c2)CC1,3.022820000000001,N#Cc1cccc(CN2CCN(c3ccccc3O)CC2)c1,True,2.586080000000001,-0.43674000000000035,0.5306122448979592,False,False
1.0,bin,2,-0.7375200986862183,-0.83024001121521,-0.6448001861572266,938108,CC(c1ccccc1)N(C)C(=O)CCC(=O)Nc1nccs1,3.0814000000000012,O=C(CCC(=O)Nc1nccs1)NCc1cccc(F)c1,True,2.3173000000000004,-0.7641000000000009,0.45,False,False
1.0,bin,2,-0.7375200986862183,-0.83024001121521,-0.6448001861572266,943303,CN(CCCOc1ccccc1)C(=O)Nc1cccc2c1OCCO2,3.390600000000002,CS(=O)(=O)N(CCCOc1ccccc1)c1cccc2c1OCCO2,True,2.6929000000000007,-0.6977000000000011,0.5423728813559322,False,True
1.0,bin,2,-0.7375200986862183,-0.83024001121521,-0.6448001861572266,946289,CC(NC(=O)C1(c2cc(-c3ccco3)on2)CC1)c1ccccc1,3.843600000000002,C=C(C=CC=COC)CNC(=O)C(C)c1cc(-c2ccco2)on1,True,3.426800000000002,-0.4168000000000003,0.36486486486486486,False,True
1.0,bin,2,-0.7375200986862183,-0.83024001121521,-0.6448001861572266,994077,Cc1nnc(Cn2c(-c3cccc(Br)c3)noc2=O)o1,2.0055199999999997,COc1ccc(-c2noc(=O)n2Cc2nnc(C)o2)cc1C,True,1.5600399999999999,-0.4454799999999999,0.6296296296296297,False,True
1.0,bin,2,-0.7375200986862183,-0.83024001121521,-0.6448001861572266,1065620,O=C(NCc1cccnc1Oc1ccccc1)c1cccnc1,3.198900000000002,NC(=O)C(NC(=O)c1cccnc1Oc1ccccc1)c1cccnc1,True,2.2253,-0.973600000000002,0.4745762711864407,False,True
1.0,bin,2,-0.7375200986862183,-0.83024001121521,-0.6448001861572266,1093926,CN(C(=O)CNc1cccc(OCC2CCCO2)c1)c1ccccc1,3.319300000000002,O=C(CNc1ccccc1)Nc1cccc(OCC2CCCO2)c1,True,3.2950000000000017,-0.02430000000000021,0.6779661016949152,False,False
1.0,bin,2,-0.7375200986862183,-0.83024001121521,-0.6448001861572266,1107920,CCc1ccc(-n2cc(C(=O)NC(C)c3ccccc3)nn2)cc1,3.320700000000002,O=C(NCc1ccccc1)c1cn(-c2ccccc2)nn1,True,2.1973000000000003,-1.123400000000002,0.5192307692307693,False,False
1.0,bin,2,-0.7375200986862183,-0.83024001121521,-0.6448001861572266,1113130,CC(NC(=O)Cn1nnnc1C(C)(C)C)c1cccc2ccccc12,3.0012000000000016,CC(C#N)(CC=Cc1ccccc1)NC(=O)Cn1cnnn1,True,1.1750799999999997,-1.826120000000002,0.26666666666666666,False,True
1.0,bin,2,-0.7375200986862183,-0.83024001121521,-0.6448001861572266,1121751,COC(=O)Cn1ccc(NS(=O)(=O)c2ccc(F)c(F)c2F)n1,1.2742,COC(=O)Cn1ccc(NS(=O)(=O)c2ccc(C#N)cc2N)n1,True,0.31078,-0.9634199999999999,0.5932203389830508,False,True
1.0,bin,2,-0.7375200986862183,-0.83024001121521,-0.6448001861572266,1142531,CCOC(C)C(=O)NCCc1csc(-c2ccc(C)cc2)n1,3.2022200000000014,CCS(=O)(=O)NCCc1csc(-c2ccccc2)n1,True,2.2919,-0.9103200000000014,0.43859649122807015,False,False
1.0,bin,2,-0.7375200986862183,-0.83024001121521,-0.6448001861572266,1212157,CN(Cc1ccc(F)c(F)c1)C(=O)c1cncc(-c2cnn(C)c2)c1,3.0325000000000015,Cn1cc(-c2cncc(C(=O)NCc3ccccc3)c2)cn1,True,2.4121000000000006,-0.620400000000001,0.4918032786885246,False,True
1.0,bin,2,-0.7375200986862183,-0.83024001121521,-0.6448001861572266,1215394,CCn1nc(C)cc1C(=O)Oc1cccc(NC(=O)C(C)C)c1,3.025120000000001,CCOc1cccc(OC(=O)c2cc(C)nn2C)c1,True,2.34642,-0.678700000000001,0.4827586206896552,False,True
1.0,bin,2,-0.7375200986862183,-0.83024001121521,-0.6448001861572266,1232922,CC(C)(C)OC(=O)NC1CCCN(S(=O)(=O)N2CCOCC2)C1,0.5525000000000011,CCC(=O)NC1CCCN(S(=O)(=O)N2CCOCC2)C1,True,-0.4459999999999982,-0.9984999999999993,0.6530612244897959,False,True
1.0,bin,2,-0.7375200986862183,-0.83024001121521,-0.6448001861572266,1238973,FC(F)(F)c1cnc(N2CCn3c(nnc3C3CC3)C2)c(Cl)c1,3.2429000000000023,Fc1cc(Cl)cnc1N1CCn2c(nnc2C2CC2)C1,True,2.3632,-0.8797000000000024,0.6415094339622641,False,True
1.0,bin,2,-0.7375200986862183,-0.83024001121521,-0.6448001861572266,1299495,Cc1cc(CC(=O)N2CCCC2C(C#N)c2ccccc2)no1,2.823900000000001,N#CC(C=C1C=CON1)C(=O)N1CCCC1Cc1ccc(O)cc1,True,1.9978799999999999,-0.8260200000000011,0.2716049382716049,False,True
1.0,bin,2,-0.7375200986862183,-0.83024001121521,-0.6448001861572266,1309906,CC(C)CC(NC(=O)c1cc(=O)c2ccccc2o1)C(=O)OC(C)C,2.8891000000000018,COCCN(CC(=O)N(C)C)C(=O)c1cc(=O)c2ccccc2o1,True,0.9698,-1.9193000000000018,0.421875,False,False
1.0,bin,2,-0.7375200986862183,-0.83024001121521,-0.6448001861572266,1362816,COCc1cccc(C(=O)NC2CC2c2cccc(Cl)c2)c1,3.772300000000002,CC(=O)NCC=C1C=CC(C(=O)NC2CC2c2cccc(C(C)=O)c2)=C1,True,2.42,-1.3523000000000023,0.4057971014492754,False,True
1.0,bin,2,-0.7375200986862183,-0.83024001121521,-0.6448001861572266,1441838,COCC(=O)NC(C(=O)Nc1cccc(-c2nccs2)c1)C(C)C,2.5358,CC(=O)NCC(=O)Nc1cccc(-c2nccs2)c1,True,1.8846999999999996,-0.6511000000000005,0.576271186440678,False,True
1.0,bin,2,-0.7375200986862183,-0.83024001121521,-0.6448001861572266,1450449,CCCNC(=O)CSc1nc2c(cc1C#N)CCCC2,2.450380000000001,CNC(=O)C(C)Sc1nc2c(cc1C(N)=O)CCCC2,True,1.2858999999999994,-1.1644800000000015,0.35384615384615387,False,True
1.0,bin,2,-0.7375200986862183,-0.83024001121521,-0.6448001861572266,1451910,O=S(=O)(NCc1nnc2ccccn12)c1ccc(F)c(F)c1,1.4859999999999995,COc1cc(N)ccc1S(=O)(=O)NCc1nnc2ccccn12,True,0.7985999999999999,-0.6873999999999997,0.5254237288135594,False,True
1.0,bin,2,-0.7375200986862183,-0.83024001121521,-0.6448001861572266,1479798,Cc1nc(C)c(CCC(=O)N(CC(C)C)CC(F)(F)F)c(=O)[nH]1,2.3662400000000003,CC=NC(C)=C(C=O)CCC(=O)NC(C)C(F)(F)F,True,2.3972000000000007,0.03096000000000032,0.17391304347826086,False,True
1.0,bin,2,-0.7375200986862183,-0.83024001121521,-0.6448001861572266,1507926,COC(=O)C(C)NC(=O)Cc1csc(-c2ccccc2Cl)n1,2.6837,COCC(NC(=O)Cc1csc(-c2ccccc2)n1)C(N)=O,True,0.9690999999999996,-1.7146000000000003,0.5254237288135594,False,False
1.0,bin,2,-0.7375200986862183,-0.83024001121521,-0.6448001861572266,1527882,Nc1ncccc1C(=O)Nc1ccc2cn[nH]c2c1,1.7923999999999998,NC(=O)CNc1ccc(C(=O)Nc2ccc3cn[nH]c3c2)cn1,True,1.107399999999999,-0.6850000000000007,0.5084745762711864,False,True
1.0,bin,2,-0.7375200986862183,-0.83024001121521,-0.6448001861572266,1532848,COc1ccc(-c2ccc3c(=O)[nH]cnc3c2)cc1Cl,3.2521000000000013,COc1ccc(-c2ccc3c(=O)[nH]cnc3c2)c(OC)c1OC,True,2.615900000000001,-0.6362000000000005,0.6595744680851063,False,False
1.0,bin,2,-0.7375200986862183,-0.83024001121521,-0.6448001861572266,1548351,COc1cc(OC)c2c(c1)C(c1cnccn1)NCC2,1.7288999999999999,CS(=O)(=O)Nc1cccc2c1C(c1cnccn1)NCC2,True,1.0831999999999997,-0.6457000000000002,0.3870967741935484,False,True
1.0,bin,2,-0.7375200986862183,-0.83024001121521,-0.6448001861572266,1570134,COc1cccc(C(C)N2CCN(C(=O)c3ccc(O)cc3)CC2)c1,2.9198000000000013,COc1cccc(CN2CCN(C(=O)c3cccc(O)c3)CC2)c1,True,2.3588000000000005,-0.5610000000000008,0.4827586206896552,False,True
1.0,bin,2,-0.7375200986862183,-0.83024001121521,-0.6448001861572266,1611406,CC(C)(C)N1CC(NC(=O)C2COc3ccc(F)cc3C2)CC1=O,1.8923999999999994,CCN1CC(NC(=O)C2COc3ccc(F)cc3C2)CC1=O,True,1.113799999999999,-0.7786000000000004,0.7241379310344828,False,True
1.0,bin,2,-0.7375200986862183,-0.83024001121521,-0.6448001861572266,1612684,CCCC1CN(C(=O)Nc2ccn(CCC(C)C)n2)CCO1,2.9620000000000015,CCC1CCN(C(=O)Nc2ccn(CC(=O)OC)n2)CCO1,True,1.0888999999999998,-1.8731000000000018,0.5303030303030303,False,True
1.0,bin,2,-0.7375200986862183,-0.83024001121521,-0.6448001861572266,1639675,CCC(CC)c1nnc(NC(=O)c2scnc2C2CC2)s1,4.0279000000000025,CC(C)OCCC=NN=C(S)NC(=O)c1scnc1C1CC1,True,2.8370000000000006,-1.1909000000000018,0.42424242424242425,False,True
1.0,bin,2,-0.7375200986862183,-0.83024001121521,-0.6448001861572266,1675660,COc1ccnc(NC(=O)c2cccc(Cl)c2)c1,2.9959000000000007,COc1ccnc(NC(=O)c2ccccc2OC)c1,True,2.3510999999999997,-0.6448000000000009,0.5833333333333334,False,False
1.0,bin,2,-0.7375200986862183,-0.83024001121521,-0.6448001861572266,1689728,CCc1noc(CSc2ncnc3sc(C)cc23)n1,3.237420000000002,Cc1noc(CSc2ncnc3sc(C)cc23)n1,True,2.9834400000000016,-0.2539800000000003,0.7659574468085106,False,False
1.0,bin,2,-0.7375200986862183,-0.83024001121521,-0.6448001861572266,1720876,CC(C)(C)CC(=O)NCC(=O)Nc1ccc2c(c1)COC2,2.2077,CCN(CC)S(=O)(=O)Nc1ccc2c(c1)COC2,True,1.7152999999999998,-0.49240000000000017,0.40384615384615385,False,True
1.0,bin,2,-0.7375200986862183,-0.83024001121521,-0.6448001861572266,1757109,CC(C)Cc1ncc(CNc2ccc3c(c2)COC3)s1,3.983900000000003,COc1c2cc(cc1NCc1cnc(C)s1)COC2,True,3.1024200000000013,-0.8814800000000016,0.3709677419354839,False,True
1.0,bin,2,-0.7375200986862183,-0.83024001121521,-0.6448001861572266,1774061,O=C1NCCCc2[nH]c(-c3cccc4[nH]ccc34)nc21,2.234,N#Cc1cccc2c1ON(c1nc3c([nH]1)CCCNC3)C=C2,True,2.1018799999999995,-0.13212000000000046,0.20512820512820512,False,True
1.0,bin,2,-0.7375200986862183,-0.83024001121521,-0.6448001861572266,1800687,Cc1nn(C)c(-c2nc(-c3cccnn3)no2)c1Cl,1.8889199999999997,COCCOCn1nc(C)cc1-c1nc(-c2cccnn2)no1,True,1.3190199999999994,-0.5699000000000003,0.4444444444444444,False,True
1.0,bin,2,-0.7375200986862183,-0.83024001121521,-0.6448001861572266,1815867,FC(F)(F)c1ccc(CN2CCOCC2c2ncon2)cc1,2.661900000000001,COc1cccc(CN2CCOCC2c2ncon2)c1,True,1.6517000000000002,-1.0102000000000009,0.5862068965517241,False,True
1.0,bin,2,-0.7375200986862183,-0.83024001121521,-0.6448001861572266,1828580,Cc1ccc(N2CC3OCC(=O)N(Cc4cccc(F)c4)C3C2)nn1,1.54032,Nc1cccc(CN2C(=O)COC3CN(c4ccc(F)nn4)CC32)c1,True,0.8140999999999994,-0.7262200000000005,0.6825396825396826,False,True
1.0,bin,2,-0.7375200986862183,-0.83024001121521,-0.6448001861572266,1836183,CCc1ccc(C(=O)NCc2nccc(N(C)C)n2)cc1,2.035,COc1cccc(C(=O)NCc2nccc(N(C)C)n2)c1,True,1.4811999999999999,-0.5538000000000003,0.6037735849056604,False,False
1.0,bin,2,-0.7375200986862183,-0.83024001121521,-0.6448001861572266,1842499,COc1ccccc1COc1ccccc1-c1cnn(CCO)c1,3.1300000000000017,Cc1c(O)cccc1COc1ccccc1C1=C(NCC(N)=O)N1,True,1.5838199999999998,-1.5461800000000019,0.2857142857142857,False,True
1.0,bin,2,-0.7375200986862183,-0.83024001121521,-0.6448001861572266,1865564,COC(CNC(=O)c1ccoc1)c1cccc(F)c1,2.536200000000001,COc1ccccc1C(O)CNC(=O)c1ccoc1,True,1.7515999999999998,-0.7846000000000011,0.5,False,True
1.0,bin,2,-0.7375200986862183,-0.83024001121521,-0.6448001861572266,1868773,CCCOc1ccc(Cl)c2c1CCNC2C1CC(=O)C1,3.2947000000000015,CCc1cc2ccc1C1(CCC(=O)C1=O)CC2,True,2.365,-0.9297000000000013,0.16923076923076924,False,True
1.0,bin,2,-0.7375200986862183,-0.83024001121521,-0.6448001861572266,1873123,CCC1OC(=O)c2c(OC)ccc(Br)c21,3.079200000000002,COc1ccc(OC)c2c1C(=O)OC2CC#N,True,1.82898,-1.2502200000000019,0.5348837209302325,False,True
1.0,bin,2,-0.7375200986862183,-0.83024001121521,-0.6448001861572266,1875028,Cc1cccc(C)c1NCC(=O)N1CCCC2CCCCC21,3.8965400000000034,O=C(CNc1ccccc1O)N1CCCC2CCCCC21,True,2.9853000000000014,-0.911240000000002,0.6382978723404256,False,True
1.0,bin,2,-0.7375200986862183,-0.83024001121521,-0.6448001861572266,1895921,CCC(CC)N(C)C(=O)CC1OC(=O)c2ccccc21,2.935200000000002,CCN(CC(C)C#N)C(=O)CC1OC(=O)c2ccccc21,True,2.29638,-0.6388200000000017,0.5660377358490566,False,True
1.0,bin,2,-0.7375200986862183,-0.83024001121521,-0.6448001861572266,1907077,Cc1ccc2[nH]nc(C(=O)Nc3nc(-c4ccco4)cs3)c2c1,3.8401200000000015,C=C1C(=CC(=O)N(C)C)C=CNN=C1C(=O)Nc1nc(-c2ccco2)cs1,True,2.385300000000001,-1.4548200000000007,0.42857142857142855,False,True
1.0,bin,2,-0.7375200986862183,-0.83024001121521,-0.6448001861572266,1913063,Cc1nn(C)c(C)c1CN(C(=O)c1cn2cccc(C)c2n1)C1CC1,2.797860000000001,Cc1nn(C)c(C#N)c1CN(C(=O)c1cn2cccc(F)c2n1)C1CC1,True,2.1917999999999997,-0.6060600000000012,0.6666666666666666,False,True
1.0,bin,2,-0.7375200986862183,-0.83024001121521,-0.6448001861572266,1922265,CN(CCNC(=O)c1ccc2c(c1)ncn2C)c1ccccc1,2.4395000000000007,Cn1cnc2cc(C(=O)NCC(O)c3ccccc3O)ccc21,True,1.7422999999999997,-0.6972000000000009,0.55,False,True
1.0,bin,3,-0.5795501172542572,-0.6448001861572266,-0.5143000483512878,32052,COc1ccccc1CNC(=O)Cc1c[nH]c2ccccc12,3.035400000000001,NC(=O)C(NC(=O)Cc1c[nH]c2cc(F)ccc12)c1ccccc1,True,2.1923000000000004,-0.8431000000000006,0.39344262295081966,False,True
1.0,bin,3,-0.5795501172542572,-0.6448001861572266,-0.5143000483512878,116747,COCCSc1ccccc1C(=O)Nc1cccc(C)n1,3.3808200000000017,COC(=O)c1cccc(NC(=O)c2cccc(Cl)c2)n1,True,2.7739000000000003,-0.6069200000000015,0.3389830508474576,False,True
1.0,bin,3,-0.5795501172542572,-0.6448001861572266,-0.5143000483512878,131060,CS(=O)(=O)NCCc1csc(-c2ccc(F)cc2)n1,2.0408999999999997,CS(=O)(=O)NCCc1csc(-c2cccc(C#N)c2)n1,True,1.77348,-0.26741999999999977,0.5961538461538461,False,True
1.0,bin,3,-0.5795501172542572,-0.6448001861572266,-0.5143000483512878,131949,CCc1c(C)nc(SCC(=O)NC(C)C)[nH]c1=O,1.25742,COC(=O)CSc1nc(C)c(C(C)=O)c(=O)[nH]1,True,0.5460199999999997,-0.7114000000000003,0.4423076923076923,False,True
1.0,bin,3,-0.5795501172542572,-0.6448001861572266,-0.5143000483512878,158879,COc1ccc(CC(=O)OCC(=O)c2c[nH]c3ccccc23)cc1,3.145100000000001,NC(=O)NC(C(=O)OCC(=O)c1c[nH]c2ccccc12)c1ccccc1,True,2.303400000000001,-0.8417000000000003,0.4745762711864407,False,True
1.0,bin,3,-0.5795501172542572,-0.6448001861572266,-0.5143000483512878,232056,COCCNC(=O)c1cc(=O)c2cc(C)ccc2o1,1.4776199999999993,COC(=O)CNC(=O)c1cc(=O)c2ccc(C)cc2o1,True,1.0042199999999992,-0.47340000000000004,0.6,False,True
1.0,bin,3,-0.5795501172542572,-0.6448001861572266,-0.5143000483512878,235788,O=C(Cn1nc(-c2ccco2)oc1=O)NCC(F)(F)F,0.7747999999999999,CCC(CO)NC(=O)Cn1nc(-c2ccco2)oc1=O,True,-0.01660000000000017,-0.7914000000000001,0.5964912280701754,False,True
1.0,bin,3,-0.5795501172542572,-0.6448001861572266,-0.5143000483512878,236081,CC(=O)c1c(C)[nH]c(C(=O)CSc2nc(C(C)C)n[nH]2)c1C,3.0506400000000014,COCc1n[nH]c(SCC(=O)c2[nH]c(C)c(C(C)=O)c2C)n1,True,2.07364,-0.9770000000000012,0.6923076923076923,False,True
1.0,bin,3,-0.5795501172542572,-0.6448001861572266,-0.5143000483512878,281081,O=C(Cn1cccn1)NCc1cccnc1Oc1ccc(F)cc1F,2.665000000000001,CNC(=O)c1ccccc1Oc1ncccc1CNC(=O)Cn1cccn1,True,1.7464,-0.918600000000001,0.6774193548387096,False,True
1.0,bin,3,-0.5795501172542572,-0.6448001861572266,-0.5143000483512878,284170,COc1ccc(-c2nc(CC(=O)Nc3cccc(C)n3)cs2)cc1,3.7033200000000024,O=C(Cc1csc(-c2ccc(F)cc2)n1)Nc1ccccn1,True,3.525400000000001,-0.1779200000000012,0.5423728813559322,False,True
1.0,bin,3,-0.5795501172542572,-0.6448001861572266,-0.5143000483512878,288369,Cc1ccc(NCc2nnc3n2CCCCC3)cc1C,3.2334400000000016,COc1ccc(C#N)cc1NCc1nnc2n1CCCCC2,True,2.496880000000001,-0.7365600000000008,0.5084745762711864,False,True
1.0,bin,3,-0.5795501172542572,-0.6448001861572266,-0.5143000483512878,302889,COc1ccc(OC)c(NC(=O)CCNC(=O)c2cccs2)c1,2.5239000000000003,NC(=O)c1cc(NC(=O)CCNC(=O)c2cccs2)ccc1F,True,1.7447,-0.7792000000000003,0.4838709677419355,False,True
1.0,bin,3,-0.5795501172542572,-0.6448001861572266,-0.5143000483512878,327141,COc1ccc(OC)c(S(=O)(=O)Nc2ccn(C)n2)c1,1.2381,Cn1ccc(NS(=O)(=O)c2ccc(CC(N)=O)cc2)n1,True,0.2486999999999998,-0.9894000000000002,0.41818181818181815,False,True
1.0,bin,3,-0.5795501172542572,-0.6448001861572266,-0.5143000483512878,327382,CNC(=O)C1CN(C(=O)c2c(C)noc2C)c2ccccc2O1,1.4452399999999996,Cc1noc(C)c1C(=O)N1c2ccccc2OCC1NS(C)(=O)=O,True,1.20594,-0.23929999999999962,0.49206349206349204,False,True
1.0,bin,3,-0.5795501172542572,-0.6448001861572266,-0.5143000483512878,406491,COCCNC(=O)C1CCCN(S(=O)(=O)N2CCOCC2)C1,-0.9619999999999964,NC(=O)C1CCCN(S(=O)(=O)N2CCOCC2)C1,True,-1.239299999999998,-0.27730000000000166,0.5714285714285714,False,True
1.0,bin,3,-0.5795501172542572,-0.6448001861572266,-0.5143000483512878,413951,O=C(Cn1ncn2cccc2c1=O)N1CCCCCC1,0.8985999999999996,COC(=O)CCCN(C)C(=O)Cn1ncn2cccc2c1=O,True,-0.09240000000000048,-0.9910000000000001,0.4745762711864407,False,True
1.0,bin,3,-0.5795501172542572,-0.6448001861572266,-0.5143000483512878,427929,CCNc1nc(NCc2ccccc2Cl)c2cnn(C)c2n1,3.060600000000001,CCNc1nc(NCc2ccc(F)cc2)c2cnn(C)c2n1,True,2.5463000000000005,-0.5143000000000004,0.6226415094339622,False,False
1.0,bin,3,-0.5795501172542572,-0.6448001861572266,-0.5143000483512878,447130,CCC(NC(=O)C1CCN(C(=O)C2CC2)CC1)c1ccc(C)cc1,3.2109200000000016,CCc1cccc(C(C)NC(=O)C2CCN(C(=O)C3CC3)CC2)c1,True,3.0748000000000015,-0.13612000000000002,0.5357142857142857,False,True
1.0,bin,3,-0.5795501172542572,-0.6448001861572266,-0.5143000483512878,481908,CCNS(=O)(=O)c1ccc(C)c(C(=O)Nc2ncccc2C)c1,2.24894,CCNS(=O)(=O)c1cccc(C(=O)Nc2ccccn2)c1,True,1.6320999999999999,-0.6168400000000003,0.4827586206896552,False,False
1.0,bin,3,-0.5795501172542572,-0.6448001861572266,-0.5143000483512878,485220,Cc1nn(CC(=O)N2CCN(C)CC2)c(C)c1Br,1.03644,COCCN1CCN(C(=O)Cn2nc(C(=O)OC)c(C)c2C)CC1,True,0.07714000000000154,-0.9592999999999985,0.42592592592592593,False,True
1.0,bin,3,-0.5795501172542572,-0.6448001861572266,-0.5143000483512878,526363,Cc1nnc(SCC(=O)Nc2ccc(O)cc2)n(N)c1=O,0.09692,Nc1nnc(SCC(=O)Nc2ccccc2)n(N)c1=O,True,-0.3348999999999999,-0.4318199999999999,0.6078431372549019,False,True
1.0,bin,3,-0.5795501172542572,-0.6448001861572266,-0.5143000483512878,536853,COc1ccc(C2CCCN2C(=O)C2CCC2)c(OC)c1,3.1674000000000015,CS(=O)(=O)Nc1ccccc1C1CCCN1C(=O)C1CCC1,True,2.521700000000001,-0.6457000000000006,0.48214285714285715,False,True
1.0,bin,3,-0.5795501172542572,-0.6448001861572266,-0.5143000483512878,540312,Cc1nn(C)c2nc(C3CC3)cc(C(=O)NCC(=O)NC(C)(C)C)c12,1.7986199999999997,CCn1nc(C)c2c(C(=O)NCCCO)cc(C3CC3)nc21,True,1.7492199999999996,-0.04940000000000011,0.5230769230769231,False,True
1.0,bin,3,-0.5795501172542572,-0.6448001861572266,-0.5143000483512878,544381,Cc1nc(N2CCCC(C(=O)NC(C)C)C2)c2c(C)c(C)oc2n1,2.8890600000000006,CCN1C(=O)CCCN1C1=NC(C)=NCOC(C)=C(C)C1,True,2.3343000000000007,-0.5547599999999999,0.1375,False,True
1.0,bin,3,-0.5795501172542572,-0.6448001861572266,-0.5143000483512878,544382,CCCNC(=O)C1CCCN(c2nc(C)nc3oc(C)c(C)c23)C1,2.8906600000000013,CCNC(=O)CCCCN(C)c1nc(C)nc2oc(C)c(C)c12,True,2.8906600000000013,0.0,0.352112676056338,False,True
1.0,bin,3,-0.5795501172542572,-0.6448001861572266,-0.5143000483512878,550049,Cc1ccc(C)c(OCC(=O)Nc2cccc(-n3cnnc3)c2)c1,2.9016400000000013,O=C(COc1ccccc1F)Nc1cccc(-n2cnnc2)c1,True,2.4238999999999997,-0.4777400000000016,0.6666666666666666,False,True
1.0,bin,3,-0.5795501172542572,-0.6448001861572266,-0.5143000483512878,573533,Cc1nn(-c2ncc(C(F)(F)F)cc2Cl)c(=O)o1,2.2011199999999995,CCNC(=O)OC(C)=NNc1ccc(C(=O)OC)cn1,True,1.3596,-0.8415199999999996,0.0958904109589041,False,True
1.0,bin,3,-0.5795501172542572,-0.6448001861572266,-0.5143000483512878,582555,O=C(NCC(O)c1ccccc1)c1ccc2c(=O)n3c(nc2c1)CCC3,1.8061000000000003,C=CCn1cnc2c(c1=O)=CCc1ccccc1C(=O)NCC(C(N)=O)=CC=2,True,-0.6118999999999992,-2.4179999999999993,0.14736842105263157,False,True
1.0,bin,3,-0.5795501172542572,-0.6448001861572266,-0.5143000483512878,588547,Cc1n[nH]c(C)c1NC(=O)CCc1ccc(Cl)cc1Cl,3.9046400000000023,COc1c(Cl)cccc1CCC(=O)Nc1c(C)n[nH]c1C,True,3.2598400000000005,-0.6448000000000018,0.6296296296296297,False,True
1.0,bin,3,-0.5795501172542572,-0.6448001861572266,-0.5143000483512878,607673,CCCN(CC1CC1)S(=O)(=O)c1ccccc1F,2.636400000000001,COCCCN(CC1CC1)S(=O)(=O)c1ccccc1F,True,2.262900000000001,-0.37349999999999994,0.7111111111111111,False,True
1.0,bin,3,-0.5795501172542572,-0.6448001861572266,-0.5143000483512878,617681,Cc1cc(C(=O)Nc2nc(-c3ccncc3)cs2)nn1C(C)C,3.5432200000000016,CCn1nc(C(=O)Nc2nc(-c3ccncc3)cs2)cc1C,True,2.9822200000000016,-0.5609999999999999,0.7037037037037037,False,False
1.0,bin,3,-0.5795501172542572,-0.6448001861572266,-0.5143000483512878,650267,COc1ccc2oc(C(=O)NC3CCCCNC3=O)c(C)c2c1,2.14832,Nc1ccc2oc(C(=O)NC3CCCCNC3)c(F)c2c1,True,2.026,-0.1223200000000002,0.375,False,True
1.0,bin,3,-0.5795501172542572,-0.6448001861572266,-0.5143000483512878,668639,Cc1cc(NC(=O)c2ccccc2Cl)ncc1N,2.8779200000000005,COc1ccc(C(=O)Nc2cc(C)c(N)cn2)cc1,True,2.2331199999999995,-0.6448000000000009,0.5510204081632653,False,True
1.0,bin,3,-0.5795501172542572,-0.6448001861572266,-0.5143000483512878,673160,CCC(=O)Nc1ccc2oc(C(F)(F)F)cc(=O)c2c1,3.160300000000001,CCS(=O)(=O)Nc1ccc2oc(C(F)(F)F)cc(=O)c2c1,True,2.5734000000000004,-0.5869000000000009,0.6458333333333334,False,True
1.0,bin,3,-0.5795501172542572,-0.6448001861572266,-0.5143000483512878,711169,Cc1cccc(C(C)C)c1NC(=O)N(C)Cc1ccncc1,4.177320000000003,CC(C)COc1ccc(NC(=O)N(C)Cc2ccncc2)c(O)c1,True,3.4859000000000018,-0.6914200000000008,0.45901639344262296,False,True
1.0,bin,3,-0.5795501172542572,-0.6448001861572266,-0.5143000483512878,720969,Cc1noc(C)c1CCC(=O)OCC(=O)N1c2ccccc2CC1C,2.7450400000000013,Cc1noc(C)c1CCC(=O)OCC(=O)N1CCc2ccccc21,True,2.35654,-0.3885000000000014,0.6721311475409836,False,False
1.0,bin,3,-0.5795501172542572,-0.6448001861572266,-0.5143000483512878,730789,COC(=O)C1CCN(C(=O)c2cc3ccc(F)cc3nc2C)CC1,2.7075200000000006,Cc1nc2ccc(F)cc2cc1C(=O)N1CCCC(NS(C)(=O)=O)C1,True,1.8361199999999998,-0.8714000000000008,0.49230769230769234,False,True
1.0,bin,3,-0.5795501172542572,-0.6448001861572266,-0.5143000483512878,738178,Cc1ccc(-n2ccnc2SCc2nc(C3CC3)no2)cc1C,4.041840000000003,COc1cccc(-n2ccnc2SCc2nc(C3CC3)no2)c1,True,3.433600000000002,-0.6082400000000012,0.7192982456140351,False,True
1.0,bin,3,-0.5795501172542572,-0.6448001861572266,-0.5143000483512878,771897,COc1ccccc1OCC(=O)N(C)Cc1sccc1C,3.102520000000002,Cc1ccsc1CN(C)C(=O)COc1ccccc1C(N)=O,True,2.1928199999999998,-0.9097000000000022,0.7708333333333334,False,True
1.0,bin,3,-0.5795501172542572,-0.6448001861572266,-0.5143000483512878,811446,COC(=O)C1(NC(=O)c2cc(Br)c[nH]2)CCCCCC1,2.7730000000000006,COC(=O)C1(NC(=O)c2cccn2C)CCCCC1,True,1.6307999999999994,-1.1422000000000012,0.47058823529411764,False,False
1.0,bin,3,-0.5795501172542572,-0.6448001861572266,-0.5143000483512878,848291,CCC(C)NC(=O)NCc1noc(-c2cccs2)n1,2.3958000000000004,CCCS(=O)(=O)NCc1noc(-c2cccs2)n1,True,1.6274999999999997,-0.7683000000000006,0.543859649122807,False,False
1.0,bin,3,-0.5795501172542572,-0.6448001861572266,-0.5143000483512878,863440,COc1ccc(-c2nc(CCCO)cs2)cc1OC,2.752200000000001,COc1ccc(CC(N)=O)c(-c2nc(CC(C)O)cs2)c1,True,1.7697999999999996,-0.9824000000000015,0.3548387096774194,False,True
1.0,bin,3,-0.5795501172542572,-0.6448001861572266,-0.5143000483512878,864663,N#Cc1ccc(-c2cc(F)ccc2F)nc1N1CCCC1,3.498680000000002,CCOC=CC=C1NC1c1nc(N2CCCC2)ccc1C#N,True,2.6318800000000007,-0.8668000000000013,0.2753623188405797,False,True
1.0,bin,3,-0.5795501172542572,-0.6448001861572266,-0.5143000483512878,872100,CCc1cccc(C)c1NCC(O)c1ccc2c(c1)OCCO2,3.474120000000002,Cc1ccc(NCC(O)c2ccc3c(c2)OCCO3)c(C)c1,True,3.2201400000000016,-0.2539800000000003,0.5849056603773585,False,False
1.0,bin,3,-0.5795501172542572,-0.6448001861572266,-0.5143000483512878,886334,COc1ccc(C(=O)N2CCCC(C(=O)N3CCCCC3)C2)c(O)c1,2.2655000000000003,CC1CC(CO)CCN1C(=O)C1CCCNC(=O)c2cccc(c2)C1,True,1.988299999999999,-0.2772000000000012,0.2125,False,True
1.0,bin,3,-0.5795501172542572,-0.6448001861572266,-0.5143000483512878,887387,COCCNC(=O)N(Cc1cccc(F)c1)CC1CCCO1,2.1627,CN(CC=CC=CC(F)CN(CF)CC1CCCO1)S(C)(=O)=O,True,1.7363,-0.4264000000000001,0.23170731707317074,False,True
1.0,bin,3,-0.5795501172542572,-0.6448001861572266,-0.5143000483512878,889149,N#Cc1ccc(NC(=O)c2ccc(Br)cc2Cl)nc1,3.621480000000001,COC(=O)c1ccc(NC(=O)c2ccc(OC(C)C)cc2)nc1,True,2.907700000000001,-0.7137799999999999,0.27419354838709675,False,True
1.0,bin,3,-0.5795501172542572,-0.6448001861572266,-0.5143000483512878,913483,O=C(CNC(=O)NCCc1c(Cl)cccc1Cl)NC1CC1,2.1137000000000006,CCOc1cccc(CCNC(=O)NCC(=O)NC2CC2)c1,True,1.2055999999999996,-0.908100000000001,0.5555555555555556,False,True
1.0,bin,3,-0.5795501172542572,-0.6448001861572266,-0.5143000483512878,917620,C=CCN(Cc1ccccc1OC)C(=O)c1csc(C)n1,3.288520000000002,C=CCN(Cc1ccc(C#N)cc1)C(=O)c1csc(C)n1,True,3.151600000000002,-0.13691999999999993,0.5689655172413793,False,True
1.0,bin,3,-0.5795501172542572,-0.6448001861572266,-0.5143000483512878,918312,CCOc1ccc(Cl)c(C(=O)N2CCN(c3ncccn3)CC2)n1,1.8860999999999997,O=C(c1ccccn1)N1CCN(c2ncccn2)CC1,True,0.8340000000000001,-1.0520999999999996,0.47058823529411764,False,False
1.0,bin,3,-0.5795501172542572,-0.6448001861572266,-0.5143000483512878,922879,CC(=O)c1ccc(N2CCN(Cc3c(F)cccc3F)CC2)cc1,3.489600000000003,COc1ccccc1NC1CCN(Cc2cccc(C(N)=O)c2)C1,True,2.4805,-1.0091000000000028,0.23943661971830985,False,True
1.0,bin,3,-0.5795501172542572,-0.6448001861572266,-0.5143000483512878,927535,COc1cc(CN2CCN(c3ccccc3F)CC2)ccc1O,2.862100000000002,NC(=O)N1CCN(Cc2ccc(O)cc2-c2ccccc2F)CC1,True,2.3946000000000005,-0.4675000000000016,0.3125,False,True
1.0,bin,3,-0.5795501172542572,-0.6448001861572266,-0.5143000483512878,927567,Cc1ccccc1N1CCN(Cc2cccc(O)c2)CC1,3.022820000000001,Cc1cccc(CN2CCN(c3cccc(N)c3)CC2)c1O,True,2.605020000000001,-0.41780000000000017,0.4230769230769231,False,True
1.0,bin,3,-0.5795501172542572,-0.6448001861572266,-0.5143000483512878,938108,CC(c1ccccc1)N(C)C(=O)CCC(=O)Nc1nccs1,3.0814000000000012,CC(c1ccccc1)N(C)C(=O)CCC(=O)Nc1nccs1,True,3.0814000000000012,0.0,1.0,True,False
1.0,bin,3,-0.5795501172542572,-0.6448001861572266,-0.5143000483512878,943303,CN(CCCOc1ccccc1)C(=O)Nc1cccc2c1OCCO2,3.390600000000002,O=C(Nc1ccc(O)cc1F)Nc1cccc2c1OCCO2,True,2.9465000000000012,-0.4441000000000006,0.4032258064516129,False,True
1.0,bin,3,-0.5795501172542572,-0.6448001861572266,-0.5143000483512878,946289,CC(NC(=O)C1(c2cc(-c3ccco3)on2)CC1)c1ccccc1,3.843600000000002,O=C(NCc1cccc(F)c1)C1(c2cc(-c3ccco3)on2)CC1,True,3.421700000000002,-0.42189999999999994,0.5483870967741935,False,True
1.0,bin,3,-0.5795501172542572,-0.6448001861572266,-0.5143000483512878,994077,Cc1nnc(Cn2c(-c3cccc(Br)c3)noc2=O)o1,2.0055199999999997,CCOc1cccc(-c2noc(=O)n2Cc2nnc(C)o2)c1,True,1.6417199999999996,-0.3638000000000001,0.6981132075471698,False,True
1.0,bin,3,-0.5795501172542572,-0.6448001861572266,-0.5143000483512878,1065620,O=C(NCc1cccnc1Oc1ccccc1)c1cccnc1,3.198900000000002,NC(=O)c1ncccc1C(=O)NCc1cccnc1Oc1ccccc1,True,2.2977999999999996,-0.9011000000000022,0.6226415094339622,False,True
1.0,bin,3,-0.5795501172542572,-0.6448001861572266,-0.5143000483512878,1093926,CN(C(=O)CNc1cccc(OCC2CCCO2)c1)c1ccccc1,3.319300000000002,Nc1ccccc1NC(=O)CNc1cccc(OCC2CCCO2)c1,True,2.877200000000001,-0.4421000000000008,0.6153846153846154,False,True
1.0,bin,3,-0.5795501172542572,-0.6448001861572266,-0.5143000483512878,1107920,CCc1ccc(-n2cc(C(=O)NC(C)c3ccccc3)nn2)cc1,3.320700000000002,Cc1ccc(CNC(=O)c2cn(-c3cccc(C#N)c3)nn2)cc1,True,2.3774000000000006,-0.9433000000000016,0.3880597014925373,False,True
1.0,bin,3,-0.5795501172542572,-0.6448001861572266,-0.5143000483512878,1113130,CC(NC(=O)Cn1nnnc1C(C)(C)C)c1cccc2ccccc12,3.0012000000000016,CCc1nnnn1CC(=O)NC(C)c1cccc2ccccc12,True,2.2661,-0.7351000000000019,0.7169811320754716,False,True
1.0,bin,3,-0.5795501172542572,-0.6448001861572266,-0.5143000483512878,1121751,COC(=O)Cn1ccc(NS(=O)(=O)c2ccc(F)c(F)c2F)n1,1.2742,COC(=O)Cn1ccc(NS(=O)(=O)c2cccc(N)c2)n1,True,0.4391,-0.8351,0.5614035087719298,False,True
1.0,bin,3,-0.5795501172542572,-0.6448001861572266,-0.5143000483512878,1142531,CCOC(C)C(=O)NCCc1csc(-c2ccc(C)cc2)n1,3.2022200000000014,O=C(NCCO)c1csc(-c2ccc(Br)cc2)n1,True,2.2946999999999997,-0.9075200000000017,0.3442622950819672,False,True
1.0,bin,3,-0.5795501172542572,-0.6448001861572266,-0.5143000483512878,1212157,CN(Cc1ccc(F)c(F)c1)C(=O)c1cncc(-c2cnn(C)c2)c1,3.0325000000000015,CN(Cc1cccc(O)c1)C(=O)c1cncc(-c2cnn(C)c2)c1,True,2.4599,-0.5726000000000013,0.7142857142857143,False,True
1.0,bin,3,-0.5795501172542572,-0.6448001861572266,-0.5143000483512878,1215394,CCn1nc(C)cc1C(=O)Oc1cccc(NC(=O)C(C)C)c1,3.025120000000001,CCC(=O)Nc1ccc(OC(=O)c2ccnn2C)cc1,True,1.9877999999999998,-1.0373200000000014,0.3230769230769231,False,True
1.0,bin,3,-0.5795501172542572,-0.6448001861572266,-0.5143000483512878,1232922,CC(C)(C)OC(=O)NC1CCCN(S(=O)(=O)N2CCOCC2)C1,0.5525000000000011,CCCNC(=O)C1CCN(S(=O)(=O)N2CCOCC2)CC1,True,-0.19839999999999836,-0.7508999999999995,0.39285714285714285,False,True
1.0,bin,3,-0.5795501172542572,-0.6448001861572266,-0.5143000483512878,1238973,FC(F)(F)c1cnc(N2CCn3c(nnc3C3CC3)C2)c(Cl)c1,3.2429000000000023,COCc1nnc(C2CC2C)n1CCNc1ccc(C(F)(F)F)[nH]1,True,3.006900000000001,-0.23600000000000154,0.2,False,True
1.0,bin,3,-0.5795501172542572,-0.6448001861572266,-0.5143000483512878,1299495,Cc1cc(CC(=O)N2CCCC2C(C#N)c2ccccc2)no1,2.823900000000001,COc1ccccc1C(C#N)C1CCCN1C(=O)Cc1ccon1,True,2.5240800000000005,-0.2998200000000004,0.5588235294117647,False,True
1.0,bin,3,-0.5795501172542572,-0.6448001861572266,-0.5143000483512878,1309906,CC(C)CC(NC(=O)c1cc(=O)c2ccccc2o1)C(=O)OC(C)C,2.8891000000000018,C=CCNC(=O)C(CC(C)C)NC(=O)c1cc(=O)c2ccccc2o1,True,2.239699999999999,-0.6494000000000026,0.6491228070175439,False,True
1.0,bin,3,-0.5795501172542572,-0.6448001861572266,-0.5143000483512878,1362816,COCc1cccc(C(=O)NC2CC2c2cccc(Cl)c2)c1,3.772300000000002,CN(C)C(=O)c1cccc(C(=O)NC2CC2c2ccc(Cl)cc2)c1,True,3.327700000000002,-0.44460000000000033,0.5172413793103449,False,True
1.0,bin,3,-0.5795501172542572,-0.6448001861572266,-0.5143000483512878,1441838,COCC(=O)NC(C(=O)Nc1cccc(-c2nccs2)c1)C(C)C,2.5358,CCNC(=O)CNC(=O)Nc1ccc(-c2nccs2)cc1,True,2.0676999999999994,-0.4681000000000006,0.3939393939393939,False,True
1.0,bin,3,-0.5795501172542572,-0.6448001861572266,-0.5143000483512878,1450449,CCCNC(=O)CSc1nc2c(cc1C#N)CCCC2,2.450380000000001,COCCNC(=O)CSc1nc2c(cc1C(C)O)CCCC2,True,1.8684,-0.5819800000000008,0.532258064516129,False,True
1.0,bin,3,-0.5795501172542572,-0.6448001861572266,-0.5143000483512878,1451910,O=S(=O)(NCc1nnc2ccccn12)c1ccc(F)c(F)c1,1.4859999999999995,Nc1ccc(S(=O)(=O)NCc2nnc3ccccn23)c(F)c1,True,0.9290999999999995,-0.5569000000000001,0.6415094339622641,False,True
1.0,bin,3,-0.5795501172542572,-0.6448001861572266,-0.5143000483512878,1479798,Cc1nc(C)c(CCC(=O)N(CC(C)C)CC(F)(F)F)c(=O)[nH]1,2.3662400000000003,C=C(C)CN(CC)C(=O)CCCC(C)=NC(C)=C(C)NC=O,True,3.039600000000001,0.6733600000000006,0.136986301369863,False,True
1.0,bin,3,-0.5795501172542572,-0.6448001861572266,-0.5143000483512878,1507926,COC(=O)C(C)NC(=O)Cc1csc(-c2ccccc2Cl)n1,2.6837,COCC(O)CNC(=O)Cc1csc(-c2ccccc2Cl)n1,True,2.1295,-0.5541999999999998,0.631578947368421,False,True
1.0,bin,3,-0.5795501172542572,-0.6448001861572266,-0.5143000483512878,1527882,Nc1ncccc1C(=O)Nc1ccc2cn[nH]c2c1,1.7923999999999998,NC(=O)c1ncccc1C(=O)Nc1ccc2cn[nH]c2c1,True,1.3090999999999997,-0.48330000000000006,0.7551020408163265,False,True
1.0,bin,3,-0.5795501172542572,-0.6448001861572266,-0.5143000483512878,1532848,COc1ccc(-c2ccc3c(=O)[nH]cnc3c2)cc1Cl,3.2521000000000013,CC(=O)N(C)Cc1ccc(-c2ccc3c(=O)[nH]cnc3c2)cc1,True,2.5684000000000005,-0.6837000000000009,0.49056603773584906,False,True
1.0,bin,3,-0.5795501172542572,-0.6448001861572266,-0.5143000483512878,1548351,COc1cc(OC)c2c(c1)C(c1cnccn1)NCC2,1.7288999999999999,NC(=O)c1ccc2c(c1)C(c1cnccn1)NCC2,True,0.8105999999999998,-0.9183000000000001,0.43103448275862066,False,True
1.0,bin,3,-0.5795501172542572,-0.6448001861572266,-0.5143000483512878,1570134,COc1cccc(C(C)N2CCN(C(=O)c3ccc(O)cc3)CC2)c1,2.9198000000000013,COc1cccc(C(C)N2CCN(C(=O)c3ccccc3)CC2)c1N,True,2.7964,-0.12340000000000106,0.4827586206896552,False,True
1.0,bin,3,-0.5795501172542572,-0.6448001861572266,-0.5143000483512878,1611406,CC(C)(C)N1CC(NC(=O)C2COc3ccc(F)cc3C2)CC1=O,1.8923999999999994,CCN1CC(NC(=O)C2COc3ccc(F)cc3C2)CC1=O,True,1.113799999999999,-0.7786000000000004,0.7241379310344828,False,True
1.0,bin,3,-0.5795501172542572,-0.6448001861572266,-0.5143000483512878,1612684,CCCC1CN(C(=O)Nc2ccn(CCC(C)C)n2)CCO1,2.9620000000000015,CCCC1CN(C(=O)Nc2ccn(C)n2)CCO1,True,1.4528999999999999,-1.5091000000000017,0.7454545454545455,False,False
1.0,bin,3,-0.5795501172542572,-0.6448001861572266,-0.5143000483512878,1639675,CCC(CC)c1nnc(NC(=O)c2scnc2C2CC2)s1,4.0279000000000025,CCc1nnc(NC(=O)c2scnc2C2CC2)s1,True,2.686700000000001,-1.3412000000000015,0.7346938775510204,False,False
1.0,bin,3,-0.5795501172542572,-0.6448001861572266,-0.5143000483512878,1675660,COc1ccnc(NC(=O)c2cccc(Cl)c2)c1,2.9959000000000007,COc1ccnc(NC(=O)c2ccc(CC(=O)N(C)C)cc2)c1,True,1.9731999999999998,-1.0227000000000008,0.5471698113207547,False,True
1.0,bin,3,-0.5795501172542572,-0.6448001861572266,-0.5143000483512878,1689728,CCc1noc(CSc2ncnc3sc(C)cc23)n1,3.237420000000002,COCc1noc(CSc2ncnc3sc(C)cc23)n1,True,2.8214200000000007,-0.41600000000000126,0.78,False,True
1.0,bin,3,-0.5795501172542572,-0.6448001861572266,-0.5143000483512878,1720876,CC(C)(C)CC(=O)NCC(=O)Nc1ccc2c(c1)COC2,2.2077,CCCN(CC(=O)NC)C(=O)c1ccc2c(c1)COC2,True,1.3149999999999995,-0.8927000000000005,0.3559322033898305,False,True
1.0,bin,3,-0.5795501172542572,-0.6448001861572266,-0.5143000483512878,1757109,CC(C)Cc1ncc(CNc2ccc3c(c2)COC3)s1,3.983900000000003,CCOCCc1ncc(CNc2ccc3c(c2)COC3)s1,True,3.3644000000000016,-0.6195000000000013,0.6730769230769231,False,True
1.0,bin,3,-0.5795501172542572,-0.6448001861572266,-0.5143000483512878,1774061,O=C1NCCCc2[nH]c(-c3cccc4[nH]ccc34)nc21,2.234,N#Cc1nc(-c2cccc3[nH]ccc23)[nH]c1CCCNC=O,True,2.1082799999999997,-0.12572000000000028,0.36764705882352944,False,True
1.0,bin,3,-0.5795501172542572,-0.6448001861572266,-0.5143000483512878,1800687,Cc1nn(C)c(-c2nc(-c3cccnn3)no2)c1Cl,1.8889199999999997,COC(=O)Cn1nc(C)cc1-c1nc(-c2cccnn2)no1,True,0.8715199999999996,-1.0174,0.4444444444444444,False,True
1.0,bin,3,-0.5795501172542572,-0.6448001861572266,-0.5143000483512878,1815867,FC(F)(F)c1ccc(CN2CCOCC2c2ncon2)cc1,2.661900000000001,Fc1cccc(F)c1CN1CCOCC1c1ncon1,True,1.9213,-0.740600000000001,0.6226415094339622,False,True
1.0,bin,3,-0.5795501172542572,-0.6448001861572266,-0.5143000483512878,1828580,Cc1ccc(N2CC3OCC(=O)N(Cc4cccc(F)c4)C3C2)nn1,1.54032,COc1ccc(CN2C(=O)COC3CN(c4ccc(C)nn4)CC32)cc1,True,1.4098199999999996,-0.13050000000000028,0.6774193548387096,False,True
1.0,bin,3,-0.5795501172542572,-0.6448001861572266,-0.5143000483512878,1836183,CCc1ccc(C(=O)NCc2nccc(N(C)C)n2)cc1,2.035,CN(C)c1ccnc(CNC(=O)c2cccc(N)c2)n1,True,1.0548000000000002,-0.9802,0.6274509803921569,False,True
1.0,bin,3,-0.5795501172542572,-0.6448001861572266,-0.5143000483512878,1842499,COc1ccccc1COc1ccccc1-c1cnn(CCO)c1,3.1300000000000017,NC(=O)c1ccccc1Cn1cc(COc2ccccc2C(N)=O)cn1,True,1.7082,-1.4218000000000017,0.3548387096774194,False,True
1.0,bin,3,-0.5795501172542572,-0.6448001861572266,-0.5143000483512878,1865564,COC(CNC(=O)c1ccoc1)c1cccc(F)c1,2.536200000000001,COc1ccc(C(O)CNC(=O)c2ccoc2)cc1,True,1.7515999999999998,-0.7846000000000011,0.509090909090909,False,True
1.0,bin,3,-0.5795501172542572,-0.6448001861572266,-0.5143000483512878,1868773,CCCOc1ccc(Cl)c2c1CCNC2C1CC(=O)C1,3.2947000000000015,O=CC1CCC1C1NCCc2c(Cl)cccc21,True,2.751900000000001,-0.5428000000000006,0.28125,False,True
1.0,bin,3,-0.5795501172542572,-0.6448001861572266,-0.5143000483512878,1873123,CCC1OC(=O)c2c(OC)ccc(Br)c21,3.079200000000002,COc1ccc(Br)c2c1C(=O)OC2CO,True,1.6615,-1.417700000000002,0.7631578947368421,False,True
1.0,bin,3,-0.5795501172542572,-0.6448001861572266,-0.5143000483512878,1875028,Cc1cccc(C)c1NCC(=O)N1CCCC2CCCCC21,3.8965400000000034,CC(=O)N(C)c1ccc(NCC(=O)N2CCCC3CCCCC32)cc1,True,3.262400000000002,-0.6341400000000013,0.5660377358490566,False,True
1.0,bin,3,-0.5795501172542572,-0.6448001861572266,-0.5143000483512878,1895921,CCC(CC)N(C)C(=O)CC1OC(=O)c2ccccc21,2.935200000000002,CCN(C)C(=O)CC1OC(=O)c2cc(C)ccc21,True,2.0749199999999997,-0.8602800000000022,0.5098039215686274,False,True
1.0,bin,3,-0.5795501172542572,-0.6448001861572266,-0.5143000483512878,1907077,Cc1ccc2[nH]nc(C(=O)Nc3nc(-c4ccco4)cs3)c2c1,3.8401200000000015,O=C(Nc1nc(-c2ccco2)cs1)c1n[nH]c2ccccc12,True,3.5317000000000007,-0.3084200000000008,0.7636363636363637,False,False
1.0,bin,3,-0.5795501172542572,-0.6448001861572266,-0.5143000483512878,1913063,Cc1nn(C)c(C)c1CN(C(=O)c1cn2cccc(C)c2n1)C1CC1,2.797860000000001,CC1=CC2C(=C1)NC=C2C(=O)N(Cc1cnn(C)c1)C1CC1N,True,0.7953999999999999,-2.002460000000001,0.22093023255813954,False,True
1.0,bin,3,-0.5795501172542572,-0.6448001861572266,-0.5143000483512878,1922265,CN(CCNC(=O)c1ccc2c(c1)ncn2C)c1ccccc1,2.4395000000000007,C=CC=CC=CN(CCO)CCNC(=O)C12C=C(C=CC1)N=CN2C,True,1.2090999999999996,-1.230400000000001,0.1839080459770115,False,True
1.0,bin,4,-0.4522000253200531,-0.5143000483512878,-0.39010000228881836,32052,COc1ccccc1CNC(=O)Cc1c[nH]c2ccccc12,3.035400000000001,COc1ccc(CNC(=O)Cc2c[nH]c3ccc(N)cc23)cc1,True,2.6176000000000004,-0.4178000000000006,0.5178571428571429,False,True
1.0,bin,4,-0.4522000253200531,-0.5143000483512878,-0.39010000228881836,116747,COCCSc1ccccc1C(=O)Nc1cccc(C)n1,3.3808200000000017,CC(=O)Sc1ccccc1C(=O)Nc1cccc(C)n1,True,3.280920000000001,-0.09990000000000077,0.6458333333333334,False,True
1.0,bin,4,-0.4522000253200531,-0.5143000483512878,-0.39010000228881836,131060,CS(=O)(=O)NCCc1csc(-c2ccc(F)cc2)n1,2.0408999999999997,CN(C)S(=O)(=O)NCCc1csc(-c2ccccc2)n1,True,1.7486000000000004,-0.29229999999999934,0.5714285714285714,False,False
1.0,bin,4,-0.4522000253200531,-0.5143000483512878,-0.39010000228881836,131949,CCc1c(C)nc(SCC(=O)NC(C)C)[nH]c1=O,1.25742,CCCc1cc(=O)[nH]c(SCC(=O)N(C)C)n1,True,0.9027000000000001,-0.3547199999999999,0.3050847457627119,False,False
1.0,bin,4,-0.4522000253200531,-0.5143000483512878,-0.39010000228881836,158879,COc1ccc(CC(=O)OCC(=O)c2c[nH]c3ccccc23)cc1,3.145100000000001,Cc1ccc2[nH]cc(C(=O)COC(=O)Cc3ccc(N)cc3)c2c1,True,3.027120000000001,-0.1179800000000002,0.5714285714285714,False,True
1.0,bin,4,-0.4522000253200531,-0.5143000483512878,-0.39010000228881836,232056,COCCNC(=O)c1cc(=O)c2cc(C)ccc2o1,1.4776199999999993,COCCNC(=O)c1cc2ccc(F)cc2c(=O)[nH]1,True,1.0433999999999999,-0.4342199999999994,0.3728813559322034,False,True
1.0,bin,4,-0.4522000253200531,-0.5143000483512878,-0.39010000228881836,235788,O=C(Cn1nc(-c2ccco2)oc1=O)NCC(F)(F)F,0.7747999999999999,CCCN(CC(N)=O)C(=O)Cn1nc(-c2ccco2)oc1=O,True,-0.17980000000000018,-0.9546000000000001,0.5081967213114754,False,True
1.0,bin,4,-0.4522000253200531,-0.5143000483512878,-0.39010000228881836,236081,CC(=O)c1c(C)[nH]c(C(=O)CSc2nc(C(C)C)n[nH]2)c1C,3.0506400000000014,CC1=CC(=O)CC(C)(C(=O)CSc2nc(C)n[nH]2)N1,True,0.9992199999999998,-2.0514200000000016,0.2835820895522388,False,True
1.0,bin,4,-0.4522000253200531,-0.5143000483512878,-0.39010000228881836,281081,O=C(Cn1cccn1)NCc1cccnc1Oc1ccc(F)cc1F,2.665000000000001,O=C(Cn1cccn1)NCc1cccnc1Oc1ccccc1,True,2.3868,-0.2782000000000009,0.6724137931034483,False,False
1.0,bin,4,-0.4522000253200531,-0.5143000483512878,-0.39010000228881836,284170,COc1ccc(-c2nc(CC(=O)Nc3cccc(C)n3)cs2)cc1,3.7033200000000024,O=C(Cc1csc(-c2ccccc2)n1)Nc1ccccn1,True,3.386300000000001,-0.3170200000000012,0.5535714285714286,False,False
1.0,bin,4,-0.4522000253200531,-0.5143000483512878,-0.39010000228881836,288369,Cc1ccc(NCc2nnc3n2CCCCC3)cc1C,3.2334400000000016,Fc1cccc(NCc2nnc3n2CCCCC3)c1F,True,2.894800000000002,-0.33863999999999983,0.5283018867924528,False,True
1.0,bin,4,-0.4522000253200531,-0.5143000483512878,-0.39010000228881836,302889,COc1ccc(OC)c(NC(=O)CCNC(=O)c2cccs2)c1,2.5239000000000003,NC(=O)c1cc(NC(=O)CCNC(=O)c2cccs2)ccc1F,True,1.7447,-0.7792000000000003,0.4838709677419355,False,True
1.0,bin,4,-0.4522000253200531,-0.5143000483512878,-0.39010000228881836,327141,COc1ccc(OC)c(S(=O)(=O)Nc2ccn(C)n2)c1,1.2381,COC(=O)c1ccc(S(=O)(=O)Nc2ccn(C)n2)cc1,True,1.0074999999999998,-0.23060000000000014,0.49019607843137253,False,True
1.0,bin,4,-0.4522000253200531,-0.5143000483512878,-0.39010000228881836,327382,CNC(=O)C1CN(C(=O)c2c(C)noc2C)c2ccccc2O1,1.4452399999999996,Cc1noc(C)c1C(=O)N1CC(C(N)=O)Oc2ccccc21,True,1.1845399999999995,-0.26070000000000015,0.78,False,True
1.0,bin,4,-0.4522000253200531,-0.5143000483512878,-0.39010000228881836,406491,COCCNC(=O)C1CCCN(S(=O)(=O)N2CCOCC2)C1,-0.9619999999999964,CN(C)S(=O)(=O)N1CCCC(S(=O)(=O)N2CCOCC2)C1,True,-1.0807999999999964,-0.11880000000000002,0.3508771929824561,False,True
1.0,bin,4,-0.4522000253200531,-0.5143000483512878,-0.39010000228881836,413951,O=C(Cn1ncn2cccc2c1=O)N1CCCCCC1,0.8985999999999996,COC(=O)CCCN(C)C(=O)Cn1ncn2cccc2c1=O,True,-0.09240000000000048,-0.9910000000000001,0.4745762711864407,False,True
1.0,bin,4,-0.4522000253200531,-0.5143000483512878,-0.39010000228881836,427929,CCNc1nc(NCc2ccccc2Cl)c2cnn(C)c2n1,3.060600000000001,COCCNc1nc(NCc2ccccc2Cl)c2cnn(C)c2n1,True,2.687100000000001,-0.37349999999999994,0.7547169811320755,False,False
1.0,bin,4,-0.4522000253200531,-0.5143000483512878,-0.39010000228881836,447130,CCC(NC(=O)C1CCN(C(=O)C2CC2)CC1)c1ccc(C)cc1,3.2109200000000016,Cc1cccc(C(C)NC(=O)C2CCN(C(=O)C3CC3)CC2)c1,True,2.820820000000001,-0.39010000000000034,0.5660377358490566,False,True
1.0,bin,4,-0.4522000253200531,-0.5143000483512878,-0.39010000228881836,481908,CCNS(=O)(=O)c1ccc(C)c(C(=O)Nc2ncccc2C)c1,2.24894,CNS(=O)(=O)c1ccc(F)c(C(=O)Nc2ncccc2C)c1,True,1.68952,-0.5594200000000003,0.660377358490566,False,True
1.0,bin,4,-0.4522000253200531,-0.5143000483512878,-0.39010000228881836,485220,Cc1nn(CC(=O)N2CCN(C)CC2)c(C)c1Br,1.03644,Cc1nn(CC(=O)N2CCN(CCO)CC2)c(C)c1Cl,True,0.2898400000000001,-0.7465999999999999,0.5319148936170213,False,False
1.0,bin,4,-0.4522000253200531,-0.5143000483512878,-0.39010000228881836,526363,Cc1nnc(SCC(=O)Nc2ccc(O)cc2)n(N)c1=O,0.09692,Nc1ccc(NC(=O)CSc2nncc(=O)n2N)cc1,True,-0.3349,-0.43182,0.5370370370370371,False,True
1.0,bin,4,-0.4522000253200531,-0.5143000483512878,-0.39010000228881836,536853,COc1ccc(C2CCCN2C(=O)C2CCC2)c(OC)c1,3.1674000000000015,CS(=O)(=O)Nc1ccc(C2CCCN2C(=O)C2CCC2)cc1,True,2.521700000000001,-0.6457000000000006,0.44642857142857145,False,True
1.0,bin,4,-0.4522000253200531,-0.5143000483512878,-0.39010000228881836,540312,Cc1nn(C)c2nc(C3CC3)cc(C(=O)NCC(=O)NC(C)(C)C)c12,1.7986199999999997,Cc1nn(C)c2nc(C3CC3)cc(C(=O)NC(C)CO)c12,True,1.2647199999999998,-0.5338999999999998,0.6166666666666667,False,True
1.0,bin,4,-0.4522000253200531,-0.5143000483512878,-0.39010000228881836,544381,Cc1nc(N2CCCC(C(=O)NC(C)C)C2)c2c(C)c(C)oc2n1,2.8890600000000006,CNC(=O)c1oc2nc(C)nc(N3CCCC(C)C3)c2c1C,True,2.4355400000000005,-0.45352000000000015,0.532258064516129,False,True
1.0,bin,4,-0.4522000253200531,-0.5143000483512878,-0.39010000228881836,544382,CCCNC(=O)C1CCCN(c2nc(C)nc3oc(C)c(C)c23)C1,2.8906600000000013,Cc1oc2ncnc(N3CCCC(=O)NCC3)c2c1C,True,1.5560399999999999,-1.3346200000000015,0.30985915492957744,False,True
1.0,bin,4,-0.4522000253200531,-0.5143000483512878,-0.39010000228881836,550049,Cc1ccc(C)c(OCC(=O)Nc2cccc(-n3cnnc3)c2)c1,2.9016400000000013,O=C(COc1ccc(F)cc1)Nc1cccc(-n2cnnc2)c1,True,2.4238999999999997,-0.4777400000000016,0.6181818181818182,False,True
1.0,bin,4,-0.4522000253200531,-0.5143000483512878,-0.39010000228881836,573533,Cc1nn(-c2ncc(C(F)(F)F)cc2Cl)c(=O)o1,2.2011199999999995,COC(=O)C1C=NN(c2ncc(Cl)c(Cl)c2Cl)C(=O)C1,True,2.5535000000000005,0.352380000000001,0.21212121212121213,False,True
1.0,bin,4,-0.4522000253200531,-0.5143000483512878,-0.39010000228881836,582555,O=C(NCC(O)c1ccccc1)c1ccc2c(=O)n3c(nc2c1)CCC3,1.8061000000000003,C=CC=CC=CC(CNC(=O)c1ccc2c(=O)n3c(nc2c1)CCC3)C(N)=O,True,1.4723999999999997,-0.33370000000000055,0.6,False,True
1.0,bin,4,-0.4522000253200531,-0.5143000483512878,-0.39010000228881836,588547,Cc1n[nH]c(C)c1NC(=O)CCc1ccc(Cl)cc1Cl,3.9046400000000023,Cc1n[nH]c(C)c1NC(=O)CCc1ccc(OC(F)(F)F)cc1,True,3.4964400000000015,-0.4082000000000008,0.5087719298245614,False,True
1.0,bin,4,-0.4522000253200531,-0.5143000483512878,-0.39010000228881836,607673,CCCN(CC1CC1)S(=O)(=O)c1ccccc1F,2.636400000000001,CCCN(CC1CC1)S(=O)(=O)c1cccc(N)c1,True,2.0795000000000003,-0.5569000000000006,0.5416666666666666,False,False
1.0,bin,4,-0.4522000253200531,-0.5143000483512878,-0.39010000228881836,617681,Cc1cc(C(=O)Nc2nc(-c3ccncc3)cs2)nn1C(C)C,3.5432200000000016,CCn1nc(C(=O)Nc2nc(-c3ccncc3)cs2)cc1C,True,2.9822200000000016,-0.5609999999999999,0.7037037037037037,False,False
1.0,bin,4,-0.4522000253200531,-0.5143000483512878,-0.39010000228881836,650267,COc1ccc2oc(C(=O)NC3CCCCNC3=O)c(C)c2c1,2.14832,COCc1c(C(=O)NC2CCCCNC2)oc2ccccc12,True,2.4511000000000003,0.30278000000000027,0.3835616438356164,False,True
1.0,bin,4,-0.4522000253200531,-0.5143000483512878,-0.39010000228881836,668639,Cc1cc(NC(=O)c2ccccc2Cl)ncc1N,2.8779200000000005,CN(C)c1ccccc1C(=O)Nc1cc(Cl)c(N)cn1,True,2.6354999999999995,-0.24242000000000097,0.6122448979591837,False,True
1.0,bin,4,-0.4522000253200531,-0.5143000483512878,-0.39010000228881836,673160,CCC(=O)Nc1ccc2oc(C(F)(F)F)cc(=O)c2c1,3.160300000000001,CCc1cc(=O)c2cc(NC(=O)NC(C)C)ccc2o1,True,2.885300000000001,-0.27500000000000036,0.48148148148148145,False,True
1.0,bin,4,-0.4522000253200531,-0.5143000483512878,-0.39010000228881836,711169,Cc1cccc(C(C)C)c1NC(=O)N(C)Cc1ccncc1,4.177320000000003,Cc1ccc(NC(=O)N(C)Cc2ccncc2)cc1Cl,True,3.707320000000003,-0.46999999999999975,0.5185185185185185,False,False
1.0,bin,4,-0.4522000253200531,-0.5143000483512878,-0.39010000228881836,720969,Cc1noc(C)c1CCC(=O)OCC(=O)N1c2ccccc2CC1C,2.7450400000000013,Cc1noc(C)c1CCC(=O)OCC(=O)N1CCc2ccccc21,True,2.35654,-0.3885000000000014,0.6721311475409836,False,False
1.0,bin,4,-0.4522000253200531,-0.5143000483512878,-0.39010000228881836,730789,COC(=O)C1CCN(C(=O)c2cc3ccc(F)cc3nc2C)CC1,2.7075200000000006,COC(=O)C1CCN(C(=O)c2cc3ccccc3nc2C)CC1,True,2.5684200000000006,-0.1391,0.7450980392156863,False,True
1.0,bin,4,-0.4522000253200531,-0.5143000483512878,-0.39010000228881836,738178,Cc1ccc(-n2ccnc2SCc2nc(C3CC3)no2)cc1C,4.041840000000003,Fc1ccccc1-n1ccnc1SCc1nc(C2CC2)no1,True,3.5641000000000016,-0.4777400000000016,0.6206896551724138,False,True
1.0,bin,4,-0.4522000253200531,-0.5143000483512878,-0.39010000228881836,771897,COc1ccccc1OCC(=O)N(C)Cc1sccc1C,3.102520000000002,Cc1ccsc1CN(C)C(=O)COc1ccc(C#N)cc1O,True,2.671200000000001,-0.4313200000000008,0.5892857142857143,False,True
1.0,bin,4,-0.4522000253200531,-0.5143000483512878,-0.39010000228881836,811446,COC(=O)C1(NC(=O)c2cc(Br)c[nH]2)CCCCCC1,2.7730000000000006,COC(=O)C1CCCCCCN1C(=O)c1ccc[nH]1,True,1.9626,-0.8104000000000007,0.23809523809523808,False,True
1.0,bin,4,-0.4522000253200531,-0.5143000483512878,-0.39010000228881836,848291,CCC(C)NC(=O)NCc1noc(-c2cccs2)n1,2.3958000000000004,CCC(OC)C(=O)NCc1noc(-c2cccs2)n1,True,1.8393,-0.5565000000000004,0.6607142857142857,False,False
1.0,bin,4,-0.4522000253200531,-0.5143000483512878,-0.39010000228881836,863440,COc1ccc(-c2nc(CCCO)cs2)cc1OC,2.752200000000001,COc1ccc(-c2nc(CO)cs2)c(OC)c1,True,2.3196000000000003,-0.43260000000000076,0.46,False,False
1.0,bin,4,-0.4522000253200531,-0.5143000483512878,-0.39010000228881836,864663,N#Cc1ccc(-c2cc(F)ccc2F)nc1N1CCCC1,3.498680000000002,N#Cc1ccc(N2CCCC2)nc1-c1ccccc1F,True,3.359580000000002,-0.1391,0.46153846153846156,False,True
1.0,bin,4,-0.4522000253200531,-0.5143000483512878,-0.39010000228881836,872100,CCc1cccc(C)c1NCC(O)c1ccc2c(c1)OCCO2,3.474120000000002,Cc1cc(NCC(O)c2ccc3c(c2)OCCO3)ccc1F,True,3.0508200000000008,-0.4233000000000011,0.5636363636363636,False,True
1.0,bin,4,-0.4522000253200531,-0.5143000483512878,-0.39010000228881836,886334,COc1ccc(C(=O)N2CCCC(C(=O)N3CCCCC3)C2)c(O)c1,2.2655000000000003,C=CC(=CC=CC(N)=O)C(=O)N1CCCC(C(=O)N2CCC(C)CC2)C1,True,1.6373999999999993,-0.628100000000001,0.3088235294117647,False,True
1.0,bin,4,-0.4522000253200531,-0.5143000483512878,-0.39010000228881836,887387,COCCNC(=O)N(Cc1cccc(F)c1)CC1CCCO1,2.1627,CC(=O)NCCNC(=O)N(Cc1ccc(C)cc1)CC1CCCO1,True,1.8217199999999993,-0.3409800000000007,0.5555555555555556,False,True
1.0,bin,4,-0.4522000253200531,-0.5143000483512878,-0.39010000228881836,889149,N#Cc1ccc(NC(=O)c2ccc(Br)cc2Cl)nc1,3.621480000000001,N#Cc1ccc(NC(=O)c2cc(F)ccc2Br)nc1,True,3.1071800000000005,-0.5143000000000004,0.6078431372549019,False,False
1.0,bin,4,-0.4522000253200531,-0.5143000483512878,-0.39010000228881836,913483,O=C(CNC(=O)NCCc1c(Cl)cccc1Cl)NC1CC1,2.1137000000000006,O=C(CNC(=O)NCCc1ccc(C(F)(F)F)cc1)NC1CC1,True,1.8257000000000003,-0.28800000000000026,0.56,False,True
1.0,bin,4,-0.4522000253200531,-0.5143000483512878,-0.39010000228881836,917620,C=CCN(Cc1ccccc1OC)C(=O)c1csc(C)n1,3.288520000000002,C=CCN(Cc1ccc(OC)cc1)C(=O)c1cscn1,True,2.980100000000001,-0.3084200000000008,0.45161290322580644,False,True
1.0,bin,4,-0.4522000253200531,-0.5143000483512878,-0.39010000228881836,918312,CCOc1ccc(Cl)c(C(=O)N2CCN(c3ncccn3)CC2)n1,1.8860999999999997,CCN(CCC(=O)c1ncccc1Cl)c1ncccn1,True,2.6243000000000007,0.7382000000000011,0.3114754098360656,False,True
1.0,bin,4,-0.4522000253200531,-0.5143000483512878,-0.39010000228881836,922879,CC(=O)c1ccc(N2CCN(Cc3c(F)cccc3F)CC2)cc1,3.489600000000003,CCN(CCNC1=CC=C(OC)C1F)Cc1cccc(F)c1NC,True,3.0448000000000013,-0.44480000000000164,0.16,False,True
1.0,bin,4,-0.4522000253200531,-0.5143000483512878,-0.39010000228881836,927535,COc1cc(CN2CCN(c3ccccc3F)CC2)ccc1O,2.862100000000002,NC(=O)c1cccc(CN2CCN(c3ccccc3F)CC2)c1,True,2.2468000000000004,-0.6153000000000017,0.5370370370370371,False,True
1.0,bin,4,-0.4522000253200531,-0.5143000483512878,-0.39010000228881836,927567,Cc1ccccc1N1CCN(Cc2cccc(O)c2)CC1,3.022820000000001,CN(C)C(=O)c1ccc(N2CCN(Cc3cccc(O)c3)CC2)cc1,True,2.416200000000001,-0.6066200000000004,0.5294117647058824,False,True
1.0,bin,4,-0.4522000253200531,-0.5143000483512878,-0.39010000228881836,938108,CC(c1ccccc1)N(C)C(=O)CCC(=O)Nc1nccs1,3.0814000000000012,CC(c1ccc(F)cc1)N(C)C(=O)CCC(=O)Nc1nccs1,True,3.2205000000000013,0.1391,0.8,False,True
1.0,bin,4,-0.4522000253200531,-0.5143000483512878,-0.39010000228881836,943303,CN(CCCOc1ccccc1)C(=O)Nc1cccc2c1OCCO2,3.390600000000002,CN(CCCOc1ccccc1)C(=O)Nc1cccc2c1OCCO2,True,3.390600000000002,0.0,1.0,True,False
1.0,bin,4,-0.4522000253200531,-0.5143000483512878,-0.39010000228881836,946289,CC(NC(=O)C1(c2cc(-c3ccco3)on2)CC1)c1ccccc1,3.843600000000002,C=C1CC1(C(=O)NCC1C=CC=CC1)c1cc(-c2ccco2)on1,True,3.3808000000000025,-0.46279999999999966,0.4027777777777778,False,True
1.0,bin,4,-0.4522000253200531,-0.5143000483512878,-0.39010000228881836,994077,Cc1nnc(Cn2c(-c3cccc(Br)c3)noc2=O)o1,2.0055199999999997,CC=NN=CCn1c(-c2ccc(F)cc2)noc1=O,True,1.7188999999999999,-0.2866199999999999,0.3225806451612903,False,True
1.0,bin,4,-0.4522000253200531,-0.5143000483512878,-0.39010000228881836,1065620,O=C(NCc1cccnc1Oc1ccccc1)c1cccnc1,3.198900000000002,NC(=O)c1ccc(C(=O)NCc2cccnc2Oc2ccccc2)nc1,True,2.2978000000000005,-0.9011000000000013,0.6481481481481481,False,True
1.0,bin,4,-0.4522000253200531,-0.5143000483512878,-0.39010000228881836,1093926,CN(C(=O)CNc1cccc(OCC2CCCO2)c1)c1ccccc1,3.319300000000002,N#Cc1cccc(NC(=O)CNc2cccc(OCC3CCCO3)c2)c1,True,3.1666800000000013,-0.15262000000000064,0.5909090909090909,False,True
1.0,bin,4,-0.4522000253200531,-0.5143000483512878,-0.39010000228881836,1107920,CCc1ccc(-n2cc(C(=O)NC(C)c3ccccc3)nn2)cc1,3.320700000000002,CC(NC(=O)c1cn(-c2ccccc2)nn1)c1ccccc1F,True,2.897400000000001,-0.4233000000000011,0.5925925925925926,False,True
1.0,bin,4,-0.4522000253200531,-0.5143000483512878,-0.39010000228881836,1113130,CC(NC(=O)Cn1nnnc1C(C)(C)C)c1cccc2ccccc12,3.0012000000000016,Cc1nnnn1CC(=O)NC(C)c1ccc(Cl)c2ccccc12,True,2.6655200000000008,-0.33568000000000087,0.559322033898305,False,True
1.0,bin,4,-0.4522000253200531,-0.5143000483512878,-0.39010000228881836,1121751,COC(=O)Cn1ccc(NS(=O)(=O)c2ccc(F)c(F)c2F)n1,1.2742,COC(=O)Cn1ccc(NS(=O)(=O)c2ccc(OC)cc2)n1,True,0.8654999999999999,-0.40870000000000006,0.6037735849056604,False,True
1.0,bin,4,-0.4522000253200531,-0.5143000483512878,-0.39010000228881836,1142531,CCOC(C)C(=O)NCCc1csc(-c2ccc(C)cc2)n1,3.2022200000000014,Cc1ccc(-c2nc(CCNC(=O)NC(C)CC#N)cs2)cc1,True,3.262400000000002,0.06018000000000079,0.5833333333333334,False,True
1.0,bin,4,-0.4522000253200531,-0.5143000483512878,-0.39010000228881836,1212157,CN(Cc1ccc(F)c(F)c1)C(=O)c1cncc(-c2cnn(C)c2)c1,3.0325000000000015,CN(Cc1cccc(C#N)c1)C(=O)c1cncc(-c2cnn(C)c2)c1,True,2.625980000000001,-0.40652000000000044,0.6666666666666666,False,True
1.0,bin,4,-0.4522000253200531,-0.5143000483512878,-0.39010000228881836,1215394,CCn1nc(C)cc1C(=O)Oc1cccc(NC(=O)C(C)C)c1,3.025120000000001,CCn1nc(C)cc1C(=O)Oc1cccc(NC(C)=O)c1,True,2.3890200000000004,-0.6361000000000008,0.7843137254901961,False,True
1.0,bin,4,-0.4522000253200531,-0.5143000483512878,-0.39010000228881836,1232922,CC(C)(C)OC(=O)NC1CCCN(S(=O)(=O)N2CCOCC2)C1,0.5525000000000011,CCOC(=O)C1CCN(S(=O)(=O)N2CCOCC2)CC1,True,-0.1614999999999982,-0.7139999999999993,0.4074074074074074,False,True
1.0,bin,4,-0.4522000253200531,-0.5143000483512878,-0.39010000228881836,1238973,FC(F)(F)c1cnc(N2CCn3c(nnc3C3CC3)C2)c(Cl)c1,3.2429000000000023,Clc1cccnc1NCCn1c(Cl)nnc1C1CC1Cl,True,3.186700000000001,-0.05620000000000136,0.17567567567567569,False,True
1.0,bin,4,-0.4522000253200531,-0.5143000483512878,-0.39010000228881836,1299495,Cc1cc(CC(=O)N2CCCC2C(C#N)c2ccccc2)no1,2.823900000000001,COc1ccc(C(O)(C#N)C2CCCN2C(=O)Cc2ccon2)cc1,True,1.62808,-1.195820000000001,0.358974358974359,False,True
1.0,bin,4,-0.4522000253200531,-0.5143000483512878,-0.39010000228881836,1309906,CC(C)CC(NC(=O)c1cc(=O)c2ccccc2o1)C(=O)OC(C)C,2.8891000000000018,COC(=O)C(CC(C)C)NC(=O)c1cc(=O)c2ccccc2o1,True,2.1105,-0.7786000000000017,0.8333333333333334,False,False
1.0,bin,4,-0.4522000253200531,-0.5143000483512878,-0.39010000228881836,1362816,COCc1cccc(C(=O)NC2CC2c2cccc(Cl)c2)c1,3.772300000000002,C#CCOc1cccc(C(=O)NC2CC2c2cccc(F)c2)c1,True,3.1236000000000015,-0.6487000000000007,0.46153846153846156,False,True
1.0,bin,4,-0.4522000253200531,-0.5143000483512878,-0.39010000228881836,1441838,COCC(=O)NC(C(=O)Nc1cccc(-c2nccs2)c1)C(C)C,2.5358,CNC(=O)NCC(=O)Nc1cccc(-c2nccs2)c1,True,1.6775999999999995,-0.8582000000000005,0.5573770491803278,False,False
1.0,bin,4,-0.4522000253200531,-0.5143000483512878,-0.39010000228881836,1450449,CCCNC(=O)CSc1nc2c(cc1C#N)CCCC2,2.450380000000001,CCNC(=O)CSC(C)=Nc1nc2c(cc1C#N)CCCC2,True,2.7512800000000013,0.3009000000000004,0.5483870967741935,False,True
1.0,bin,4,-0.4522000253200531,-0.5143000483512878,-0.39010000228881836,1451910,O=S(=O)(NCc1nnc2ccccn12)c1ccc(F)c(F)c1,1.4859999999999995,COCc1ccccc1S(=O)(=O)NCc1nnc2ccccn12,True,1.3541999999999998,-0.1317999999999997,0.5357142857142857,False,True
1.0,bin,4,-0.4522000253200531,-0.5143000483512878,-0.39010000228881836,1479798,Cc1nc(C)c(CCC(=O)N(CC(C)C)CC(F)(F)F)c(=O)[nH]1,2.3662400000000003,CCc1nc(C)c(CCC(=O)N(C)CC(C)C)c(=O)[nH]1,True,1.6877199999999999,-0.6785200000000005,0.5178571428571429,False,True
1.0,bin,4,-0.4522000253200531,-0.5143000483512878,-0.39010000228881836,1507926,COC(=O)C(C)NC(=O)Cc1csc(-c2ccccc2Cl)n1,2.6837,COC(=O)CNC(=O)Cc1csc(-c2ccccc2)n1,True,1.6418,-1.0419,0.46551724137931033,False,True
1.0,bin,4,-0.4522000253200531,-0.5143000483512878,-0.39010000228881836,1527882,Nc1ncccc1C(=O)Nc1ccc2cn[nH]c2c1,1.7923999999999998,Nc1ncccc1C(=O)Nc1cc2cnccc2[nH]1,True,1.7923999999999998,0.0,0.5272727272727272,False,True
1.0,bin,4,-0.4522000253200531,-0.5143000483512878,-0.39010000228881836,1532848,COc1ccc(-c2ccc3c(=O)[nH]cnc3c2)cc1Cl,3.2521000000000013,O=c1[nH]cnc2cc(-c3cccc(OC(F)F)c3)ccc12,True,3.1915000000000013,-0.06059999999999999,0.5,False,True
1.0,bin,4,-0.4522000253200531,-0.5143000483512878,-0.39010000228881836,1548351,COc1cc(OC)c2c(c1)C(c1cnccn1)NCC2,1.7288999999999999,CCNC(Cc1cc(C)cc(OC)c1O)c1cnccn1,True,2.39252,0.6636200000000003,0.2647058823529412,False,True
1.0,bin,4,-0.4522000253200531,-0.5143000483512878,-0.39010000228881836,1570134,COc1cccc(C(C)N2CCN(C(=O)c3ccc(O)cc3)CC2)c1,2.9198000000000013,COc1ccc(CN2CCN(C(=O)c3cccc(O)c3)CC2)cc1,True,2.3588000000000005,-0.5610000000000008,0.4406779661016949,False,True
1.0,bin,4,-0.4522000253200531,-0.5143000483512878,-0.39010000228881836,1611406,CC(C)(C)N1CC(NC(=O)C2COc3ccc(F)cc3C2)CC1=O,1.8923999999999994,CCN1CC(NC(=O)C2COc3ccc(F)cc3C2)CC1=O,True,1.113799999999999,-0.7786000000000004,0.7241379310344828,False,True
1.0,bin,4,-0.4522000253200531,-0.5143000483512878,-0.39010000228881836,1612684,CCCC1CN(C(=O)Nc2ccn(CCC(C)C)n2)CCO1,2.9620000000000015,CC(C)CCn1ccc(NC(=O)N2CC(C)OC(C)C2)n1,True,2.5703000000000005,-0.39170000000000105,0.6206896551724138,False,True
1.0,bin,4,-0.4522000253200531,-0.5143000483512878,-0.39010000228881836,1639675,CCC(CC)c1nnc(NC(=O)c2scnc2C2CC2)s1,4.0279000000000025,CC(C)c1nnc(NC(=O)c2ccc(C3CC3)s2)s1,True,3.852700000000003,-0.17519999999999936,0.4642857142857143,False,True
1.0,bin,4,-0.4522000253200531,-0.5143000483512878,-0.39010000228881836,1675660,COc1ccnc(NC(=O)c2cccc(Cl)c2)c1,2.9959000000000007,COC(=O)NCc1cccc(C(=O)Nc2cc(Cl)ccn2)c1,True,2.843300000000001,-0.15259999999999962,0.5849056603773585,False,True
1.0,bin,4,-0.4522000253200531,-0.5143000483512878,-0.39010000228881836,1689728,CCc1noc(CSc2ncnc3sc(C)cc23)n1,3.237420000000002,COCc1noc(CSc2ncnc3sc(C)cc23)n1,True,2.8214200000000007,-0.41600000000000126,0.78,False,True
1.0,bin,4,-0.4522000253200531,-0.5143000483512878,-0.39010000228881836,1720876,CC(C)(C)CC(=O)NCC(=O)Nc1ccc2c(c1)COC2,2.2077,CCOCCOC(C)C(=O)Nc1ccc2c(c1)COC2,True,2.0968999999999998,-0.11080000000000023,0.44642857142857145,False,False
1.0,bin,4,-0.4522000253200531,-0.5143000483512878,-0.39010000228881836,1757109,CC(C)Cc1ncc(CNc2ccc3c(c2)COC3)s1,3.983900000000003,Cc1nc(CC(C)O)sc1CNc1ccc2c(c1)COC2,True,3.017120000000001,-0.9667800000000017,0.543859649122807,False,True
1.0,bin,4,-0.4522000253200531,-0.5143000483512878,-0.39010000228881836,1774061,O=C1NCCCc2[nH]c(-c3cccc4[nH]ccc34)nc21,2.234,CS(=O)(=O)C1=CC=CC(c2nc3c([nH]2)CCCNC3=O)N1,True,0.17220000000000002,-2.0618,0.36923076923076925,False,True
1.0,bin,4,-0.4522000253200531,-0.5143000483512878,-0.39010000228881836,1800687,Cc1nn(C)c(-c2nc(-c3cccnn3)no2)c1Cl,1.8889199999999997,COC(=O)c1c(C)nn(-c2nc(-c3cccnn3)no2)c1C,True,1.11574,-0.7731799999999998,0.43548387096774194,False,True
1.0,bin,4,-0.4522000253200531,-0.5143000483512878,-0.39010000228881836,1815867,FC(F)(F)c1ccc(CN2CCOCC2c2ncon2)cc1,2.661900000000001,C=CCOc1ccccc1CN1CCOCC1c1ncon1,True,2.2079000000000004,-0.4540000000000006,0.5161290322580645,False,True
1.0,bin,4,-0.4522000253200531,-0.5143000483512878,-0.39010000228881836,1828580,Cc1ccc(N2CC3OCC(=O)N(Cc4cccc(F)c4)C3C2)nn1,1.54032,O=C1N=NC2C1OCCN2Cc1ccc(CN2C=CC=CC2)cc1,True,2.0914,0.5510800000000002,0.17857142857142858,False,True
1.0,bin,4,-0.4522000253200531,-0.5143000483512878,-0.39010000228881836,1836183,CCc1ccc(C(=O)NCc2nccc(N(C)C)n2)cc1,2.035,COCc1ccccc1C(=O)NCc1ncccn1,True,1.5530000000000002,-0.482,0.3333333333333333,False,True
1.0,bin,4,-0.4522000253200531,-0.5143000483512878,-0.39010000228881836,1842499,COc1ccccc1COc1ccccc1-c1cnn(CCO)c1,3.1300000000000017,OCCn1cc(-c2ccccc2OCc2ccccc2)cn1,True,3.1214000000000013,-0.008600000000000385,0.7021276595744681,False,True
1.0,bin,4,-0.4522000253200531,-0.5143000483512878,-0.39010000228881836,1865564,COC(CNC(=O)c1ccoc1)c1cccc(F)c1,2.536200000000001,CC1C=CC=C(C(=O)CNC(=O)c2ccoc2CN)CCCC=C1,True,2.8960000000000017,0.3598000000000008,0.15476190476190477,False,True
1.0,bin,4,-0.4522000253200531,-0.5143000483512878,-0.39010000228881836,1868773,CCCOc1ccc(Cl)c2c1CCNC2C1CC(=O)C1,3.2947000000000015,COc1ccc(Cl)c2c1CCNC21CCC(=O)C1,True,2.4426000000000005,-0.852100000000001,0.3333333333333333,False,True
1.0,bin,4,-0.4522000253200531,-0.5143000483512878,-0.39010000228881836,1873123,CCC1OC(=O)c2c(OC)ccc(Br)c21,3.079200000000002,CCC1OC(=O)c2cc(OC)c(OC)cc21,True,2.3253000000000004,-0.7539000000000016,0.46511627906976744,False,True
1.0,bin,4,-0.4522000253200531,-0.5143000483512878,-0.39010000228881836,1875028,Cc1cccc(C)c1NCC(=O)N1CCCC2CCCCC21,3.8965400000000034,N#CCc1ccc(NCC(=O)N2CCCC3CCCCC32)cc1,True,3.345780000000002,-0.5507600000000012,0.5471698113207547,False,True
1.0,bin,4,-0.4522000253200531,-0.5143000483512878,-0.39010000228881836,1895921,CCC(CC)N(C)C(=O)CC1OC(=O)c2ccccc21,2.935200000000002,CC(C)CCN(C)C(=O)C1OC(=O)c2ccccc21,True,2.4026000000000005,-0.5326000000000013,0.4339622641509434,False,True
1.0,bin,4,-0.4522000253200531,-0.5143000483512878,-0.39010000228881836,1907077,Cc1ccc2[nH]nc(C(=O)Nc3nc(-c4ccco4)cs3)c2c1,3.8401200000000015,N#CC=CC=CC(C=CS)NC(=O)c1n[nH]c2ccc(F)cc12,True,2.87988,-0.9602400000000015,0.2875,False,True
1.0,bin,4,-0.4522000253200531,-0.5143000483512878,-0.39010000228881836,1913063,Cc1nn(C)c(C)c1CN(C(=O)c1cn2cccc(C)c2n1)C1CC1,2.797860000000001,Cc1c(CN(C(=O)c2cnn(C)c2)C2CC2)nc2ccccn12,True,2.18102,-0.6168400000000007,0.3972602739726027,False,True
1.0,bin,4,-0.4522000253200531,-0.5143000483512878,-0.39010000228881836,1922265,CN(CCNC(=O)c1ccc2c(c1)ncn2C)c1ccccc1,2.4395000000000007,Cn1cncc2c(C(=O)NC(CO)CNc3ccc(F)cc3)ccc1-2,True,1.8667999999999993,-0.5727000000000013,0.2,False,True
1.0,bin,5,-0.34654998779296875,-0.39010000228881836,-0.30299997329711914,32052,COc1ccccc1CNC(=O)Cc1c[nH]c2ccccc12,3.035400000000001,N#CCOc1cccc(CNC(=O)Cc2c[nH]c3ccccc23)c1,True,2.9291800000000006,-0.10622000000000043,0.5172413793103449,False,True
1.0,bin,5,-0.34654998779296875,-0.39010000228881836,-0.30299997329711914,116747,COCCSc1ccccc1C(=O)Nc1cccc(C)n1,3.3808200000000017,COC(=O)CSc1ccccc1C(=O)Nc1cccc(C)n1,True,2.907420000000001,-0.4734000000000007,0.75,False,True
1.0,bin,5,-0.34654998779296875,-0.39010000228881836,-0.30299997329711914,131060,CS(=O)(=O)NCCc1csc(-c2ccc(F)cc2)n1,2.0408999999999997,NS(=O)(=O)CCc1csc(-c2ccc(F)cc2)n1,True,1.7802000000000004,-0.26069999999999927,0.6222222222222222,False,True
1.0,bin,5,-0.34654998779296875,-0.39010000228881836,-0.30299997329711914,131949,CCc1c(C)nc(SCC(=O)NC(C)C)[nH]c1=O,1.25742,CCc1c(C)nc(SCC(N)=O)[nH]c1=O,True,0.21812000000000004,-1.0393,0.6590909090909091,False,True
1.0,bin,5,-0.34654998779296875,-0.39010000228881836,-0.30299997329711914,158879,COc1ccc(CC(=O)OCC(=O)c2c[nH]c3ccccc23)cc1,3.145100000000001,NC(C(=O)OCC(=O)c1c[nH]c2ccccc12)c1ccccc1,True,2.5938,-0.5513000000000012,0.5185185185185185,False,True
1.0,bin,5,-0.34654998779296875,-0.39010000228881836,-0.30299997329711914,232056,COCCNC(=O)c1cc(=O)c2cc(C)ccc2o1,1.4776199999999993,CCOC(=O)CNC(=O)c1cc(=O)c2ccc(OC)cc2o1,True,1.0945,-0.38311999999999924,0.46551724137931033,False,True
1.0,bin,5,-0.34654998779296875,-0.39010000228881836,-0.30299997329711914,235788,O=C(Cn1nc(-c2ccco2)oc1=O)NCC(F)(F)F,0.7747999999999999,CC(=O)NC(C)Cn1nc(-c2ccco2)oc1=O,True,0.6209,-0.15389999999999993,0.5263157894736842,False,True
1.0,bin,5,-0.34654998779296875,-0.39010000228881836,-0.30299997329711914,236081,CC(=O)c1c(C)[nH]c(C(=O)CSc2nc(C(C)C)n[nH]2)c1C,3.0506400000000014,CC(=O)c1c(C)[nH]c(C(=O)CSc2nc(C(C)C)n[nH]2)c1C,True,3.0506400000000014,0.0,1.0,True,False
1.0,bin,5,-0.34654998779296875,-0.39010000228881836,-0.30299997329711914,281081,O=C(Cn1cccn1)NCc1cccnc1Oc1ccc(F)cc1F,2.665000000000001,O=C(Cn1cccn1)NCc1cccnc1Oc1ccccc1,True,2.3868,-0.2782000000000009,0.6724137931034483,False,False
1.0,bin,5,-0.34654998779296875,-0.39010000228881836,-0.30299997329711914,284170,COc1ccc(-c2nc(CC(=O)Nc3cccc(C)n3)cs2)cc1,3.7033200000000024,COc1ccccc1-c1nc(CC(=O)Nc2ccccn2)cs1,True,3.3949000000000016,-0.3084200000000008,0.5245901639344263,False,True
1.0,bin,5,-0.34654998779296875,-0.39010000228881836,-0.30299997329711914,288369,Cc1ccc(NCc2nnc3n2CCCCC3)cc1C,3.2334400000000016,CC(=O)c1ccccc1NCc1nnc2n1CCCCC2,True,2.8192000000000013,-0.4142400000000004,0.5272727272727272,False,True
1.0,bin,5,-0.34654998779296875,-0.39010000228881836,-0.30299997329711914,302889,COc1ccc(OC)c(NC(=O)CCNC(=O)c2cccs2)c1,2.5239000000000003,CNC(=O)c1cccc(NC(=O)CCNC(=O)c2cccs2)c1,True,1.8662999999999996,-0.6576000000000006,0.5254237288135594,False,True
1.0,bin,5,-0.34654998779296875,-0.39010000228881836,-0.30299997329711914,327141,COc1ccc(OC)c(S(=O)(=O)Nc2ccn(C)n2)c1,1.2381,Cn1ccc(NS(=O)(=O)c2ccc(O)cc2)n1,True,0.9264999999999999,-0.3116000000000001,0.4791666666666667,False,True
1.0,bin,5,-0.34654998779296875,-0.39010000228881836,-0.30299997329711914,327382,CNC(=O)C1CN(C(=O)c2c(C)noc2C)c2ccccc2O1,1.4452399999999996,C=CCNc1onc(C)c1C(=O)N1CNC(=O)COc2ccccc21,True,1.6938199999999992,0.24857999999999958,0.3918918918918919,False,True
1.0,bin,5,-0.34654998779296875,-0.39010000228881836,-0.30299997329711914,406491,COCCNC(=O)C1CCCN(S(=O)(=O)N2CCOCC2)C1,-0.9619999999999964,O=C(NCCCO)C1CCCN(S(=O)(=O)N2CCOCC2)C1,True,-1.2259999999999962,-0.2639999999999998,0.72,False,True
1.0,bin,5,-0.34654998779296875,-0.39010000228881836,-0.30299997329711914,413951,O=C(Cn1ncn2cccc2c1=O)N1CCCCCC1,0.8985999999999996,O=C(Cn1ncn2cccc2c1=O)N1CCCCCC1,True,0.8985999999999996,0.0,1.0,True,False
1.0,bin,5,-0.34654998779296875,-0.39010000228881836,-0.30299997329711914,427929,CCNc1nc(NCc2ccccc2Cl)c2cnn(C)c2n1,3.060600000000001,COCCNc1nc(NCc2ccc(Cl)cc2)c2cnn(C)c2n1,True,2.687100000000001,-0.37349999999999994,0.5166666666666667,False,True
1.0,bin,5,-0.34654998779296875,-0.39010000228881836,-0.30299997329711914,447130,CCC(NC(=O)C1CCN(C(=O)C2CC2)CC1)c1ccc(C)cc1,3.2109200000000016,Cc1ccc(C(C)NC(=O)C2CCN(C(=O)C3CC3)CC2)cc1F,True,2.959920000000001,-0.25100000000000033,0.5454545454545454,False,True
1.0,bin,5,-0.34654998779296875,-0.39010000228881836,-0.30299997329711914,481908,CCNS(=O)(=O)c1ccc(C)c(C(=O)Nc2ncccc2C)c1,2.24894,CCNS(=O)(=O)c1ccc(C)c(C(=O)Nc2ccccn2)c1,True,1.94052,-0.30842000000000014,0.7254901960784313,False,False
1.0,bin,5,-0.34654998779296875,-0.39010000228881836,-0.30299997329711914,485220,Cc1nn(CC(=O)N2CCN(C)CC2)c(C)c1Br,1.03644,Cc1nn(CC(=O)N2CCNCC2)c(C)c1Br,True,0.6942399999999997,-0.3422000000000003,0.725,False,True
1.0,bin,5,-0.34654998779296875,-0.39010000228881836,-0.30299997329711914,526363,Cc1nnc(SCC(=O)Nc2ccc(O)cc2)n(N)c1=O,0.09692,Nn1c(SCC(=O)Nc2ccccc2)nncc1=O,True,0.08289999999999975,-0.014020000000000254,0.5185185185185185,False,False
1.0,bin,5,-0.34654998779296875,-0.39010000228881836,-0.30299997329711914,536853,COc1ccc(C2CCCN2C(=O)C2CCC2)c(OC)c1,3.1674000000000015,N#Cc1cccc(C2CCCN2C(=O)C2CCC2)c1,True,3.0218800000000012,-0.14552000000000032,0.4727272727272727,False,True
1.0,bin,5,-0.34654998779296875,-0.39010000228881836,-0.30299997329711914,540312,Cc1nn(C)c2nc(C3CC3)cc(C(=O)NCC(=O)NC(C)(C)C)c12,1.7986199999999997,CC1=NN(C)C=NC(C2CC2)=CC(C(=O)OCC(=O)NC(C)C)C=C1,True,1.8700999999999997,0.07147999999999999,0.21428571428571427,False,True
1.0,bin,5,-0.34654998779296875,-0.39010000228881836,-0.30299997329711914,544381,Cc1nc(N2CCCC(C(=O)NC(C)C)C2)c2c(C)c(C)oc2n1,2.8890600000000006,CCc1nc(N2CCCC(COC)C2)c2c(C)c(C)oc2n1,True,3.264840000000002,0.37578000000000156,0.4461538461538462,False,True
1.0,bin,5,-0.34654998779296875,-0.39010000228881836,-0.30299997329711914,544382,CCCNC(=O)C1CCCN(c2nc(C)nc3oc(C)c(C)c23)C1,2.8906600000000013,Cc1nc(N2CCCCC(=O)NCC2)c2c(C)c(C)oc2n1,True,2.2545600000000006,-0.6361000000000008,0.4461538461538462,False,True
1.0,bin,5,-0.34654998779296875,-0.39010000228881836,-0.30299997329711914,550049,Cc1ccc(C)c(OCC(=O)Nc2cccc(-n3cnnc3)c2)c1,2.9016400000000013,N#Cc1cccc(OCC(=O)Nc2cccc(-n3cnnc3)c2)c1,True,2.1564799999999993,-0.745160000000002,0.603448275862069,False,True
1.0,bin,5,-0.34654998779296875,-0.39010000228881836,-0.30299997329711914,573533,Cc1nn(-c2ncc(C(F)(F)F)cc2Cl)c(=O)o1,2.2011199999999995,CCOC(=O)C=CN=C(CCl)n1nc(C)oc1=O,True,0.7069199999999999,-1.4941999999999998,0.25,False,True
1.0,bin,5,-0.34654998779296875,-0.39010000228881836,-0.30299997329711914,582555,O=C(NCC(O)c1ccccc1)c1ccc2c(=O)n3c(nc2c1)CCC3,1.8061000000000003,O=C(NCC(O)c1ccccc1)c1ccc2c(=O)n3c(nc2c1)CCC3,True,1.8061000000000003,0.0,1.0,True,False
1.0,bin,5,-0.34654998779296875,-0.39010000228881836,-0.30299997329711914,588547,Cc1n[nH]c(C)c1NC(=O)CCc1ccc(Cl)cc1Cl,3.9046400000000023,Cc1n[nH]c(C)c1NC(=O)CCc1ccc(C(F)(F)F)cc1,True,3.616640000000002,-0.28800000000000026,0.5370370370370371,False,True
1.0,bin,5,-0.34654998779296875,-0.39010000228881836,-0.30299997329711914,607673,CCCN(CC1CC1)S(=O)(=O)c1ccccc1F,2.636400000000001,CCOC(=O)CN(CC1CC1)S(=O)(=O)c1ccccc1F,True,1.7894999999999999,-0.8469000000000011,0.6458333333333334,False,True
1.0,bin,5,-0.34654998779296875,-0.39010000228881836,-0.30299997329711914,617681,Cc1cc(C(=O)Nc2nc(-c3ccncc3)cs2)nn1C(C)C,3.5432200000000016,CC(C)n1ccc(C(=O)Nc2nc(-c3ccncc3)cs2)n1,True,3.2348000000000017,-0.3084199999999999,0.6666666666666666,False,False
1.0,bin,5,-0.34654998779296875,-0.39010000228881836,-0.30299997329711914,650267,COc1ccc2oc(C(=O)NC3CCCCNC3=O)c(C)c2c1,2.14832,Cc1c(C(=O)NC2CCCCNC2=O)oc2ccc(O)cc12,True,1.8453199999999998,-0.30300000000000016,0.7678571428571429,False,True
1.0,bin,5,-0.34654998779296875,-0.39010000228881836,-0.30299997329711914,668639,Cc1cc(NC(=O)c2ccccc2Cl)ncc1N,2.8779200000000005,Cc1cc(NC(=O)c2c(F)cccc2F)ncc1N,True,2.5027199999999996,-0.37520000000000087,0.5957446808510638,False,True
1.0,bin,5,-0.34654998779296875,-0.39010000228881836,-0.30299997329711914,673160,CCC(=O)Nc1ccc2oc(C(F)(F)F)cc(=O)c2c1,3.160300000000001,CNC(=O)Nc1ccc2oc(C(F)(F)F)cc(=O)c2c1,True,2.5631000000000004,-0.5972000000000008,0.717391304347826,False,True
1.0,bin,5,-0.34654998779296875,-0.39010000228881836,-0.30299997329711914,711169,Cc1cccc(C(C)C)c1NC(=O)N(C)Cc1ccncc1,4.177320000000003,CC(c1ccncc1)N(C)C(=O)Nc1ccccc1Br,True,4.0690000000000035,-0.10831999999999908,0.3333333333333333,False,False
1.0,bin,5,-0.34654998779296875,-0.39010000228881836,-0.30299997329711914,720969,Cc1noc(C)c1CCC(=O)OCC(=O)N1c2ccccc2CC1C,2.7450400000000013,Cc1noc(C)c1CCC(=O)OCC(=O)N1CCc2ccccc21,True,2.35654,-0.3885000000000014,0.6721311475409836,False,False
1.0,bin,5,-0.34654998779296875,-0.39010000228881836,-0.30299997329711914,730789,COC(=O)C1CCN(C(=O)c2cc3ccc(F)cc3nc2C)CC1,2.7075200000000006,Cc1nc2ccc(F)cc2cc1C(=O)N1CCCC(O)C1,True,2.2792199999999996,-0.428300000000001,0.5166666666666667,False,True
1.0,bin,5,-0.34654998779296875,-0.39010000228881836,-0.30299997329711914,738178,Cc1ccc(-n2ccnc2SCc2nc(C3CC3)no2)cc1C,4.041840000000003,Cc1ccccc1-n1ccnc1SCc1nc(C2CC2)no1,True,3.7334200000000024,-0.3084200000000008,0.7090909090909091,False,True
1.0,bin,5,-0.34654998779296875,-0.39010000228881836,-0.30299997329711914,771897,COc1ccccc1OCC(=O)N(C)Cc1sccc1C,3.102520000000002,COc1ccccc1OCC(=O)NCc1sccc1C,True,2.760320000000001,-0.34220000000000095,0.62,False,False
1.0,bin,5,-0.34654998779296875,-0.39010000228881836,-0.30299997329711914,811446,COC(=O)C1(NC(=O)c2cc(Br)c[nH]2)CCCCCC1,2.7730000000000006,COC(=O)C1(NC(=O)c2cc(C)c[nH]2)CCCCC1,True,1.9288199999999993,-0.8441800000000013,0.7441860465116279,False,True
1.0,bin,5,-0.34654998779296875,-0.39010000228881836,-0.30299997329711914,848291,CCC(C)NC(=O)NCc1noc(-c2cccs2)n1,2.3958000000000004,CCOC(CC)C(=O)NCc1noc(-c2cccs2)n1,True,2.2294,-0.16640000000000033,0.6491228070175439,False,True
1.0,bin,5,-0.34654998779296875,-0.39010000228881836,-0.30299997329711914,863440,COc1ccc(-c2nc(CCCO)cs2)cc1OC,2.752200000000001,COc1ccc(-c2nc(CCO)cs2)cc1OC,True,2.3621000000000008,-0.39010000000000034,0.85,False,False
1.0,bin,5,-0.34654998779296875,-0.39010000228881836,-0.30299997329711914,864663,N#Cc1ccc(-c2cc(F)ccc2F)nc1N1CCCC1,3.498680000000002,N#Cc1ccc(-c2cc(N)ccc2F)nc1N1CCCC1,True,2.9417800000000014,-0.5569000000000006,0.7777777777777778,False,True
1.0,bin,5,-0.34654998779296875,-0.39010000228881836,-0.30299997329711914,872100,CCc1cccc(C)c1NCC(O)c1ccc2c(c1)OCCO2,3.474120000000002,COc1ccc(Cl)cc1NCC(O)c1ccc2c(c1)OCCO2,True,3.2653000000000016,-0.20882000000000023,0.48333333333333334,False,True
1.0,bin,5,-0.34654998779296875,-0.39010000228881836,-0.30299997329711914,886334,COc1ccc(C(=O)N2CCCC(C(=O)N3CCCCC3)C2)c(O)c1,2.2655000000000003,O=C(c1ccccc1O)N1CCCC(C(=O)N2CCCCC2)C1,True,2.256900000000001,-0.008599999999999497,0.6458333333333334,False,True
1.0,bin,5,-0.34654998779296875,-0.39010000228881836,-0.30299997329711914,887387,COCCNC(=O)N(Cc1cccc(F)c1)CC1CCCO1,2.1627,CC(=O)NCCNC(=O)N(Cc1ccccc1)CC1CCCO1,True,1.513299999999999,-0.6494000000000011,0.6166666666666667,False,False
1.0,bin,5,-0.34654998779296875,-0.39010000228881836,-0.30299997329711914,889149,N#Cc1ccc(NC(=O)c2ccc(Br)cc2Cl)nc1,3.621480000000001,CCOc1ccc(Cl)cc1C(=O)Nc1ccc(C#N)cn1,True,3.2576800000000015,-0.36379999999999946,0.5535714285714286,False,True
1.0,bin,5,-0.34654998779296875,-0.39010000228881836,-0.30299997329711914,913483,O=C(CNC(=O)NCCc1c(Cl)cccc1Cl)NC1CC1,2.1137000000000006,O=C(CNC(=O)NCCc1ccccc1)NC1CC1(Cl)Cl,True,1.5906999999999998,-0.5230000000000008,0.4807692307692308,False,True
1.0,bin,5,-0.34654998779296875,-0.39010000228881836,-0.30299997329711914,917620,C=CCN(Cc1ccccc1OC)C(=O)c1csc(C)n1,3.288520000000002,CCCc1nc(C(=O)N(C)Cc2ccccc2)cs1,True,3.3678000000000026,0.07928000000000068,0.3492063492063492,False,True
1.0,bin,5,-0.34654998779296875,-0.39010000228881836,-0.30299997329711914,918312,CCOc1ccc(Cl)c(C(=O)N2CCN(c3ncccn3)CC2)n1,1.8860999999999997,COc1ccnc(N2CCN(C(=O)c3ncccc3Cl)CC2)n1,True,1.496,-0.39009999999999967,0.5892857142857143,False,True
1.0,bin,5,-0.34654998779296875,-0.39010000228881836,-0.30299997329711914,922879,CC(=O)c1ccc(N2CCN(Cc3c(F)cccc3F)CC2)cc1,3.489600000000003,Oc1ccc(N2CCN(Cc3ccc(F)c(F)c3F)CC2)cc1,True,3.1317000000000013,-0.35790000000000166,0.42,False,True
1.0,bin,5,-0.34654998779296875,-0.39010000228881836,-0.30299997329711914,927535,COc1cc(CN2CCN(c3ccccc3F)CC2)ccc1O,2.862100000000002,Cc1ccccc1N1CCN(Cc2cccc(CO)c2)CC1,True,2.809520000000001,-0.05258000000000118,0.4444444444444444,False,True
1.0,bin,5,-0.34654998779296875,-0.39010000228881836,-0.30299997329711914,927567,Cc1ccccc1N1CCN(Cc2cccc(O)c2)CC1,3.022820000000001,Oc1cccc(N2CCN(Cc3ccccc3)CC2)c1,True,2.7144000000000013,-0.3084199999999999,0.5813953488372093,False,True
1.0,bin,5,-0.34654998779296875,-0.39010000228881836,-0.30299997329711914,938108,CC(c1ccccc1)N(C)C(=O)CCC(=O)Nc1nccs1,3.0814000000000012,CC(c1ccccc1)N(C)C(=O)CCC(=O)Nc1nccs1,True,3.0814000000000012,0.0,1.0,True,False
1.0,bin,5,-0.34654998779296875,-0.39010000228881836,-0.30299997329711914,943303,CN(CCCOc1ccccc1)C(=O)Nc1cccc2c1OCCO2,3.390600000000002,O=C(NCCCOc1ccccc1CO)Nc1cccc2c1OCCO2,True,2.5407,-0.8499000000000017,0.47692307692307695,False,True
1.0,bin,5,-0.34654998779296875,-0.39010000228881836,-0.30299997329711914,946289,CC(NC(=O)C1(c2cc(-c3ccco3)on2)CC1)c1ccccc1,3.843600000000002,O=C(F)NCc1ccccc1C(F)F,True,2.803300000000001,-1.0403000000000011,0.15384615384615385,False,True
1.0,bin,5,-0.34654998779296875,-0.39010000228881836,-0.30299997329711914,994077,Cc1nnc(Cn2c(-c3cccc(Br)c3)noc2=O)o1,2.0055199999999997,COc1ccc(C)cc1-c1noc(=O)n1Cc1nnc(C)o1,True,1.5600399999999996,-0.4454800000000001,0.543859649122807,False,True
1.0,bin,5,-0.34654998779296875,-0.39010000228881836,-0.30299997329711914,1065620,O=C(NCc1cccnc1Oc1ccccc1)c1cccnc1,3.198900000000002,Nc1ncccc1C(=O)NCc1cccnc1Oc1ccccc1,True,2.7811000000000012,-0.4178000000000006,0.6470588235294118,False,True
1.0,bin,5,-0.34654998779296875,-0.39010000228881836,-0.30299997329711914,1093926,CN(C(=O)CNc1cccc(OCC2CCCO2)c1)c1ccccc1,3.319300000000002,O=C(CNc1ccccc1)Nc1cccc(OCC2CCCO2)c1,True,3.2950000000000017,-0.02430000000000021,0.6779661016949152,False,False
1.0,bin,5,-0.34654998779296875,-0.39010000228881836,-0.30299997329711914,1107920,CCc1ccc(-n2cc(C(=O)NC(C)c3ccccc3)nn2)cc1,3.320700000000002,CC(NC(=O)c1cn(-c2ccccc2F)nn1)c1ccccc1,True,2.897400000000001,-0.4233000000000011,0.6226415094339622,False,True
1.0,bin,5,-0.34654998779296875,-0.39010000228881836,-0.30299997329711914,1113130,CC(NC(=O)Cn1nnnc1C(C)(C)C)c1cccc2ccccc12,3.0012000000000016,CC(C)c1nnnn1CC(=O)NC(C)c1cccc2ccccc12,True,2.8271000000000006,-0.17410000000000103,0.7307692307692307,False,True
1.0,bin,5,-0.34654998779296875,-0.39010000228881836,-0.30299997329711914,1121751,COC(=O)Cn1ccc(NS(=O)(=O)c2ccc(F)c(F)c2F)n1,1.2742,COC(=O)Cn1ccc(NS(=O)(=O)c2ccc(C)cc2OC)n1,True,1.17392,-0.10027999999999992,0.6363636363636364,False,True
1.0,bin,5,-0.34654998779296875,-0.39010000228881836,-0.30299997329711914,1142531,CCOC(C)C(=O)NCCc1csc(-c2ccc(C)cc2)n1,3.2022200000000014,CCNC(=O)NCCc1csc(-c2ccccc2)n1,True,2.6717000000000004,-0.530520000000001,0.5178571428571429,False,True
1.0,bin,5,-0.34654998779296875,-0.39010000228881836,-0.30299997329711914,1212157,CN(Cc1ccc(F)c(F)c1)C(=O)c1cncc(-c2cnn(C)c2)c1,3.0325000000000015,CN(Cc1ccc(O)c(F)c1)C(=O)c1cncc(-c2cnn(C)c2)c1,True,2.599000000000001,-0.43350000000000044,0.8490566037735849,False,True
1.0,bin,5,-0.34654998779296875,-0.39010000228881836,-0.30299997329711914,1215394,CCn1nc(C)cc1C(=O)Oc1cccc(NC(=O)C(C)C)c1,3.025120000000001,C#CCOc1ccc(OC(=O)c2cc(C)nn2CC(C)C)cc1,True,3.0787200000000015,0.053600000000000314,0.4375,False,True
1.0,bin,5,-0.34654998779296875,-0.39010000228881836,-0.30299997329711914,1232922,CC(C)(C)OC(=O)NC1CCCN(S(=O)(=O)N2CCOCC2)C1,0.5525000000000011,CCC1COCCN1S(=O)(=O)N1CCCC(C)(NC(C)=O)CO1,True,0.26420000000000227,-0.28829999999999883,0.2465753424657534,False,True
1.0,bin,5,-0.34654998779296875,-0.39010000228881836,-0.30299997329711914,1238973,FC(F)(F)c1cnc(N2CCn3c(nnc3C3CC3)C2)c(Cl)c1,3.2429000000000023,C=C1c2nnc(C3CC3)n2CCN1CN=C(Cl)C=CCl,True,2.7891000000000012,-0.4538000000000011,0.2714285714285714,False,True
1.0,bin,5,-0.34654998779296875,-0.39010000228881836,-0.30299997329711914,1299495,Cc1cc(CC(=O)N2CCCC2C(C#N)c2ccccc2)no1,2.823900000000001,Cc1cc(CC(=O)N2CCCC2C(CO)c2ccccc2)no1,True,2.2926200000000003,-0.5312800000000006,0.7543859649122807,False,True
1.0,bin,5,-0.34654998779296875,-0.39010000228881836,-0.30299997329711914,1309906,CC(C)CC(NC(=O)c1cc(=O)c2ccccc2o1)C(=O)OC(C)C,2.8891000000000018,CCCCC(C)(C#N)NC(=O)c1cc(=O)c2ccccc2o1,True,2.995280000000001,0.10617999999999927,0.4375,False,True
1.0,bin,5,-0.34654998779296875,-0.39010000228881836,-0.30299997329711914,1362816,COCc1cccc(C(=O)NC2CC2c2cccc(Cl)c2)c1,3.772300000000002,COCc1ccc(C(=O)NC2CC2c2ccccc2)cc1,True,3.118900000000002,-0.6534000000000004,0.6037735849056604,False,True
1.0,bin,5,-0.34654998779296875,-0.39010000228881836,-0.30299997329711914,1441838,COCC(=O)NC(C(=O)Nc1cccc(-c2nccs2)c1)C(C)C,2.5358,CCC(=O)NCC(=O)Nc1cccc(-c2nccs2)c1,True,2.2748,-0.2610000000000001,0.5666666666666667,False,True
1.0,bin,5,-0.34654998779296875,-0.39010000228881836,-0.30299997329711914,1450449,CCCNC(=O)CSc1nc2c(cc1C#N)CCCC2,2.450380000000001,CCCc1cnc(SCC(=O)NC(C)C)c(C#N)c1,True,2.5224800000000007,0.07209999999999983,0.42857142857142855,False,True
1.0,bin,5,-0.34654998779296875,-0.39010000228881836,-0.30299997329711914,1451910,O=S(=O)(NCc1nnc2ccccn12)c1ccc(F)c(F)c1,1.4859999999999995,CN(Cc1nnc2ccccn12)S(=O)(=O)c1ccc(C#N)cc1,True,1.42168,-0.06431999999999949,0.4098360655737705,False,True
1.0,bin,5,-0.34654998779296875,-0.39010000228881836,-0.30299997329711914,1479798,Cc1nc(C)c(CCC(=O)N(CC(C)C)CC(F)(F)F)c(=O)[nH]1,2.3662400000000003,CCN(CCC(F)(F)F)C(=O)CCc1c(C)nc[nH]c1=O,True,1.81182,-0.5544200000000004,0.41935483870967744,False,True
1.0,bin,5,-0.34654998779296875,-0.39010000228881836,-0.30299997329711914,1507926,COC(=O)C(C)NC(=O)Cc1csc(-c2ccccc2Cl)n1,2.6837,COCCNC(=O)Cc1csc(-c2ccccc2Cl)n1,True,2.7686,0.0849000000000002,0.6481481481481481,False,False
1.0,bin,5,-0.34654998779296875,-0.39010000228881836,-0.30299997329711914,1527882,Nc1ncccc1C(=O)Nc1ccc2cn[nH]c2c1,1.7923999999999998,CC(Nc1ncccc1C(=O)Nc1ccc2cn[nH]c2c1)C(N)=O,True,1.4958999999999996,-0.2965000000000002,0.6607142857142857,False,True
1.0,bin,5,-0.34654998779296875,-0.39010000228881836,-0.30299997329711914,1532848,COc1ccc(-c2ccc3c(=O)[nH]cnc3c2)cc1Cl,3.2521000000000013,COc1ccc(C)cc1-c1ccc2c(=O)[nH]cnc2c1,True,2.907120000000001,-0.3449800000000005,0.6595744680851063,False,False
1.0,bin,5,-0.34654998779296875,-0.39010000228881836,-0.30299997329711914,1548351,COc1cc(OC)c2c(c1)C(c1cnccn1)NCC2,1.7288999999999999,CS(=O)(=O)c1ccc2c(c1)C(c1cnccn1)NCC2,True,1.1152000000000002,-0.6136999999999997,0.45614035087719296,False,True
1.0,bin,5,-0.34654998779296875,-0.39010000228881836,-0.30299997329711914,1570134,COc1cccc(C(C)N2CCN(C(=O)c3ccc(O)cc3)CC2)c1,2.9198000000000013,COc1cccc(C(C)N2CCN(C(=O)c3ccccc3)CC2)c1O,True,2.9198000000000017,4.440892098500626e-16,0.5178571428571429,False,True
1.0,bin,5,-0.34654998779296875,-0.39010000228881836,-0.30299997329711914,1611406,CC(C)(C)N1CC(NC(=O)C2COc3ccc(F)cc3C2)CC1=O,1.8923999999999994,CCCN1CC(NC(=O)C2COc3ccccc3C2)CC1=O,True,1.3647999999999993,-0.5276000000000001,0.5076923076923077,False,True
1.0,bin,5,-0.34654998779296875,-0.39010000228881836,-0.30299997329711914,1612684,CCCC1CN(C(=O)Nc2ccn(CCC(C)C)n2)CCO1,2.9620000000000015,CCCC1CN(C(=O)Nc2ccn(C(C)(C)C)n2)CCO1,True,2.6709000000000005,-0.291100000000001,0.6779661016949152,False,True
1.0,bin,5,-0.34654998779296875,-0.39010000228881836,-0.30299997329711914,1639675,CCC(CC)c1nnc(NC(=O)c2scnc2C2CC2)s1,4.0279000000000025,CC(C)c1nnc(NC(=O)c2scnc2C2CC2)s1,True,3.247700000000002,-0.7802000000000007,0.7872340425531915,False,False
1.0,bin,5,-0.34654998779296875,-0.39010000228881836,-0.30299997329711914,1675660,COc1ccnc(NC(=O)c2cccc(Cl)c2)c1,2.9959000000000007,Cc1cccc(C(=O)Nc2cc(C#N)ccn2)c1,True,2.5140000000000002,-0.48190000000000044,0.4807692307692308,False,True
1.0,bin,5,-0.34654998779296875,-0.39010000228881836,-0.30299997329711914,1689728,CCc1noc(CSc2ncnc3sc(C)cc23)n1,3.237420000000002,C1=NOC(CSc2ncnc3sccc23)CC1,True,2.948200000000001,-0.28922000000000114,0.25,False,True
1.0,bin,5,-0.34654998779296875,-0.39010000228881836,-0.30299997329711914,1720876,CC(C)(C)CC(=O)NCC(=O)Nc1ccc2c(c1)COC2,2.2077,COC(=O)CNC(=O)CCCC(=O)c1ccc2c(c1)COC2,True,1.3589999999999995,-0.8487000000000005,0.44642857142857145,False,True
1.0,bin,5,-0.34654998779296875,-0.39010000228881836,-0.30299997329711914,1757109,CC(C)Cc1ncc(CNc2ccc3c(c2)COC3)s1,3.983900000000003,CC(C)c1ncc(CNc2ccc3c(c2)COC3)s1,True,3.908800000000003,-0.07509999999999994,0.7083333333333334,False,False
1.0,bin,5,-0.34654998779296875,-0.39010000228881836,-0.30299997329711914,1774061,O=C1NCCCc2[nH]c(-c3cccc4[nH]ccc34)nc21,2.234,C#CCNC(=O)c1nc(-c2cccc3[nH]ccc23)[nH]c1CCCN,True,1.8123,-0.42169999999999996,0.3472222222222222,False,True
1.0,bin,5,-0.34654998779296875,-0.39010000228881836,-0.30299997329711914,1800687,Cc1nn(C)c(-c2nc(-c3cccnn3)no2)c1Cl,1.8889199999999997,Cn1ncc(Br)c1-c1nc(-c2cccnn2)no1,True,1.6895999999999995,-0.19932000000000016,0.5882352941176471,False,True
1.0,bin,5,-0.34654998779296875,-0.39010000228881836,-0.30299997329711914,1815867,FC(F)(F)c1ccc(CN2CCOCC2c2ncon2)cc1,2.661900000000001,Fc1ccc(CN2CCOCC2c2noc(F)n2)c(Cl)c1,True,2.574700000000001,-0.08720000000000017,0.4,False,True
1.0,bin,5,-0.34654998779296875,-0.39010000228881836,-0.30299997329711914,1828580,Cc1ccc(N2CC3OCC(=O)N(Cc4cccc(F)c4)C3C2)nn1,1.54032,O=CC1N=NC2CN(c3ccc(OCc4ccccc4F)nn3)CC2O1,True,1.7593,0.21898000000000017,0.2891566265060241,False,True
1.0,bin,5,-0.34654998779296875,-0.39010000228881836,-0.30299997329711914,1836183,CCc1ccc(C(=O)NCc2nccc(N(C)C)n2)cc1,2.035,CN(C)c1ccnc(CNC(=O)c2cccc(F)c2)n1,True,1.6117000000000001,-0.4233,0.6274509803921569,False,False
1.0,bin,5,-0.34654998779296875,-0.39010000228881836,-0.30299997329711914,1842499,COc1ccccc1COc1ccccc1-c1cnn(CCO)c1,3.1300000000000017,COc1ccccc1COc1ccccc1-c1cnn(CC(N)=O)c1,True,2.6229999999999993,-0.5070000000000023,0.7254901960784313,False,True
1.0,bin,5,-0.34654998779296875,-0.39010000228881836,-0.30299997329711914,1865564,COC(CNC(=O)c1ccoc1)c1cccc(F)c1,2.536200000000001,COc1ccccc1CCNC(=O)c1ccoc1,True,2.2607,-0.27550000000000097,0.43103448275862066,False,True
1.0,bin,5,-0.34654998779296875,-0.39010000228881836,-0.30299997329711914,1868773,CCCOc1ccc(Cl)c2c1CCNC2C1CC(=O)C1,3.2947000000000015,CCOc1c(Cl)cc2cc1C1(CCC(=O)C1N)CC2,True,2.6129000000000007,-0.6818000000000008,0.2318840579710145,False,True
1.0,bin,5,-0.34654998779296875,-0.39010000228881836,-0.30299997329711914,1873123,CCC1OC(=O)c2c(OC)ccc(Br)c21,3.079200000000002,COc1ccc(Br)cc1C1(C)CC(=O)O1,True,2.6198000000000006,-0.45940000000000136,0.29411764705882354,False,True
1.0,bin,5,-0.34654998779296875,-0.39010000228881836,-0.30299997329711914,1875028,Cc1cccc(C)c1NCC(=O)N1CCCC2CCCCC21,3.8965400000000034,COc1ccc(F)cc1NCC(=O)N1CCCC2CCCCC21,True,3.4274000000000022,-0.4691400000000012,0.5454545454545454,False,True
1.0,bin,5,-0.34654998779296875,-0.39010000228881836,-0.30299997329711914,1895921,CCC(CC)N(C)C(=O)CC1OC(=O)c2ccccc21,2.935200000000002,CC(C)CCNC(=O)CC1OC(=O)c2cc(F)ccc21,True,2.589600000000001,-0.345600000000001,0.36666666666666664,False,True
1.0,bin,5,-0.34654998779296875,-0.39010000228881836,-0.30299997329711914,1907077,Cc1ccc2[nH]nc(C(=O)Nc3nc(-c4ccco4)cs3)c2c1,3.8401200000000015,O=C(C=NNC=Cc1ccccc1F)Nc1nc(CO)cs1,True,1.9593,-1.8808200000000015,0.21951219512195122,False,True
1.0,bin,5,-0.34654998779296875,-0.39010000228881836,-0.30299997329711914,1913063,Cc1nn(C)c(C)c1CN(C(=O)c1cn2cccc(C)c2n1)C1CC1,2.797860000000001,Cc1[nH]ncc1CN(C(=O)c1cn2cccc(C)c2n1)C1CC1,True,2.4790400000000004,-0.31882000000000055,0.6507936507936508,False,True
1.0,bin,5,-0.34654998779296875,-0.39010000228881836,-0.30299997329711914,1922265,CN(CCNC(=O)c1ccc2c(c1)ncn2C)c1ccccc1,2.4395000000000007,CN(CCNC(=O)c1ccc2c(c1)ncn2C)c1ccccc1,True,2.4395000000000007,0.0,1.0,True,False
1.0,bin,6,-0.2550499439239502,-0.30299997329711914,-0.20709991455078125,32052,COc1ccccc1CNC(=O)Cc1c[nH]c2ccccc12,3.035400000000001,CS(=O)(=O)c1ccc(CNC(=O)Cc2c[nH]c3ccccc23)cc1,True,2.4303,-0.6051000000000011,0.5882352941176471,False,True
1.0,bin,6,-0.2550499439239502,-0.30299997329711914,-0.20709991455078125,116747,COCCSc1ccccc1C(=O)Nc1cccc(C)n1,3.3808200000000017,CCOc1c(OC)cc(C(=O)Nc2cccc(C)n2)cc1OC,True,3.0582200000000013,-0.32260000000000044,0.4482758620689655,False,True
1.0,bin,6,-0.2550499439239502,-0.30299997329711914,-0.20709991455078125,131060,CS(=O)(=O)NCCc1csc(-c2ccc(F)cc2)n1,2.0408999999999997,CS(=O)(=O)NCc1csc(-c2ccc(F)cc2)n1,True,1.9984,-0.04249999999999976,0.7619047619047619,False,True
1.0,bin,6,-0.2550499439239502,-0.30299997329711914,-0.20709991455078125,131949,CCc1c(C)nc(SCC(=O)NC(C)C)[nH]c1=O,1.25742,Cc1nc(SCC(=O)NC(C)C)[nH]c(=O)c1C,True,1.0034399999999999,-0.2539800000000001,0.7441860465116279,False,False
1.0,bin,6,-0.2550499439239502,-0.30299997329711914,-0.20709991455078125,158879,COc1ccc(CC(=O)OCC(=O)c2c[nH]c3ccccc23)cc1,3.145100000000001,CC1=C(C(=O)COC(=O)Cc2ccc(N)cc2O)c2ccccc21,True,2.5735,-0.571600000000001,0.2835820895522388,False,True
1.0,bin,6,-0.2550499439239502,-0.30299997329711914,-0.20709991455078125,232056,COCCNC(=O)c1cc(=O)c2cc(C)ccc2o1,1.4776199999999993,COC(=O)CNC(=O)c1cc(=O)c2cc(C)c(C)cc2o1,True,1.3126399999999991,-0.16498000000000013,0.5294117647058824,False,True
1.0,bin,6,-0.2550499439239502,-0.30299997329711914,-0.20709991455078125,235788,O=C(Cn1nc(-c2ccco2)oc1=O)NCC(F)(F)F,0.7747999999999999,CCOC(=O)c1ccc(C=NN(C=O)CC(=O)NC)o1,True,-0.005400000000000016,-0.7802,0.15584415584415584,False,True
1.0,bin,6,-0.2550499439239502,-0.30299997329711914,-0.20709991455078125,236081,CC(=O)c1c(C)[nH]c(C(=O)CSc2nc(C(C)C)n[nH]2)c1C,3.0506400000000014,CC(=O)c1c(C)[nH]c(C(=O)CSc2nc(C(C)(C)C)n[nH]2)c1C,True,3.2247400000000015,0.17410000000000014,0.6862745098039216,False,True
1.0,bin,6,-0.2550499439239502,-0.30299997329711914,-0.20709991455078125,281081,O=C(Cn1cccn1)NCc1cccnc1Oc1ccc(F)cc1F,2.665000000000001,N#Cc1cccc(Oc2ncccc2CNC(=O)Cn2cccn2)c1,True,2.2584799999999996,-0.4065200000000013,0.6060606060606061,False,True
1.0,bin,6,-0.2550499439239502,-0.30299997329711914,-0.20709991455078125,284170,COc1ccc(-c2nc(CC(=O)Nc3cccc(C)n3)cs2)cc1,3.7033200000000024,Cc1nc(NC(=O)Cc2csc(-c3ccccc3)n2)ccc1N,True,3.2769200000000005,-0.4264000000000019,0.559322033898305,False,True
1.0,bin,6,-0.2550499439239502,-0.30299997329711914,-0.20709991455078125,288369,Cc1ccc(NCc2nnc3n2CCCCC3)cc1C,3.2334400000000016,CC(=O)c1ccccc1NCc1nnc2n1CCCCC2,True,2.8192000000000013,-0.4142400000000004,0.5272727272727272,False,True
1.0,bin,6,-0.2550499439239502,-0.30299997329711914,-0.20709991455078125,302889,COc1ccc(OC)c(NC(=O)CCNC(=O)c2cccs2)c1,2.5239000000000003,O=C(CCNC(=O)c1cccs1)Nc1cccc(O)c1,True,2.2123,-0.3116000000000003,0.5357142857142857,False,False
1.0,bin,6,-0.2550499439239502,-0.30299997329711914,-0.20709991455078125,327141,COc1ccc(OC)c(S(=O)(=O)Nc2ccn(C)n2)c1,1.2381,Cn1ccc(NS(=O)(=O)c2ccc(O)c(F)c2)n1,True,1.0655999999999999,-0.1725000000000001,0.4528301886792453,False,True
1.0,bin,6,-0.2550499439239502,-0.30299997329711914,-0.20709991455078125,327382,CNC(=O)C1CN(C(=O)c2c(C)noc2C)c2ccccc2O1,1.4452399999999996,CNC(=O)C1CN(C(=O)c2c(C)noc2C)c2cc(O)ccc2O1,True,1.1508399999999999,-0.2943999999999998,0.7777777777777778,False,True
1.0,bin,6,-0.2550499439239502,-0.30299997329711914,-0.20709991455078125,406491,COCCNC(=O)C1CCCN(S(=O)(=O)N2CCOCC2)C1,-0.9619999999999964,NC(=O)C1CCCN(S(=O)(=O)N2CCOCC2)C1,True,-1.239299999999998,-0.27730000000000166,0.5714285714285714,False,True
1.0,bin,6,-0.2550499439239502,-0.30299997329711914,-0.20709991455078125,413951,O=C(Cn1ncn2cccc2c1=O)N1CCCCCC1,0.8985999999999996,CC(C)NC(=O)CCCCN(C)C(=O)Cn1ncn2cccc2c1=O,True,0.6493000000000011,-0.24929999999999852,0.46774193548387094,False,True
1.0,bin,6,-0.2550499439239502,-0.30299997329711914,-0.20709991455078125,427929,CCNc1nc(NCc2ccccc2Cl)c2cnn(C)c2n1,3.060600000000001,CCNc1nc(N(C)Cc2ccccc2F)c2cnn(C)c2n1,True,2.5706000000000007,-0.4900000000000002,0.5166666666666667,False,True
1.0,bin,6,-0.2550499439239502,-0.30299997329711914,-0.20709991455078125,447130,CCC(NC(=O)C1CCN(C(=O)C2CC2)CC1)c1ccc(C)cc1,3.2109200000000016,CCN(CCCC(=O)NC(C)C1=CC=CCOCC1)C(=O)C1CC1,True,2.4327000000000005,-0.778220000000001,0.20512820512820512,False,True
1.0,bin,6,-0.2550499439239502,-0.30299997329711914,-0.20709991455078125,481908,CCNS(=O)(=O)c1ccc(C)c(C(=O)Nc2ncccc2C)c1,2.24894,Cc1cccnc1NC(=O)c1cc(CNS(C)(=O)=O)ccc1F,True,1.8306200000000001,-0.41832,0.5166666666666667,False,True
1.0,bin,6,-0.2550499439239502,-0.30299997329711914,-0.20709991455078125,485220,Cc1nn(CC(=O)N2CCN(C)CC2)c(C)c1Br,1.03644,CCOC(=O)N1CCN(C(=O)Cn2nc(C)c(Cl)c2C)CC1,True,1.45404,0.41759999999999997,0.5106382978723404,False,True
1.0,bin,6,-0.2550499439239502,-0.30299997329711914,-0.20709991455078125,526363,Cc1nnc(SCC(=O)Nc2ccc(O)cc2)n(N)c1=O,0.09692,Nc1nnc(SCC(=O)Nc2ccc(F)cc2)n(N)c1=O,True,-0.19580000000000009,-0.2927200000000001,0.6153846153846154,False,True
1.0,bin,6,-0.2550499439239502,-0.30299997329711914,-0.20709991455078125,536853,COc1ccc(C2CCCN2C(=O)C2CCC2)c(OC)c1,3.1674000000000015,COc1ccc(C2CCCN2C(=O)C2CCC2)cc1O,True,2.864400000000002,-0.3029999999999995,0.6078431372549019,False,True
1.0,bin,6,-0.2550499439239502,-0.30299997329711914,-0.20709991455078125,540312,Cc1nn(C)c2nc(C3CC3)cc(C(=O)NCC(=O)NC(C)(C)C)c12,1.7986199999999997,CCNC(=O)c1cc(C2CC2)nc2c1c(C)nn2C,True,1.90382,0.1052000000000004,0.7222222222222222,False,False
1.0,bin,6,-0.2550499439239502,-0.30299997329711914,-0.20709991455078125,544381,Cc1nc(N2CCCC(C(=O)NC(C)C)C2)c2c(C)c(C)oc2n1,2.8890600000000006,CCN(CCCNC1=NC(C)=NCOC(C)=C(C)C1)C(C)=O,True,2.3231,-0.5659600000000005,0.12048192771084337,False,True
1.0,bin,6,-0.2550499439239502,-0.30299997329711914,-0.20709991455078125,544382,CCCNC(=O)C1CCCN(c2nc(C)nc3oc(C)c(C)c23)C1,2.8906600000000013,CCc1nc(N2CCCC(CNC(C)=O)C2)c2c(C)c(C)oc2n1,True,2.7545400000000013,-0.13612000000000002,0.5454545454545454,False,True
1.0,bin,6,-0.2550499439239502,-0.30299997329711914,-0.20709991455078125,550049,Cc1ccc(C)c(OCC(=O)Nc2cccc(-n3cnnc3)c2)c1,2.9016400000000013,Cc1cccc(-n2cnnc2)c1OCC(=O)Nc1cccc(C#N)c1,True,2.4649,-0.43674000000000124,0.5238095238095238,False,True
1.0,bin,6,-0.2550499439239502,-0.30299997329711914,-0.20709991455078125,573533,Cc1nn(-c2ncc(C(F)(F)F)cc2Cl)c(=O)o1,2.2011199999999995,Cc1nn(-c2ncc(C(F)(F)F)cc2F)c(=O)o1,True,1.6868200000000002,-0.5142999999999993,0.7619047619047619,False,True
1.0,bin,6,-0.2550499439239502,-0.30299997329711914,-0.20709991455078125,582555,O=C(NCC(O)c1ccccc1)c1ccc2c(=O)n3c(nc2c1)CCC3,1.8061000000000003,NC(=O)C=CC=CC1=CC2CCc3nc4cc(ccc4c(=O)n32)C(=O)NC1,True,1.1512999999999998,-0.6548000000000005,0.23595505617977527,False,True
1.0,bin,6,-0.2550499439239502,-0.30299997329711914,-0.20709991455078125,588547,Cc1n[nH]c(C)c1NC(=O)CCc1ccc(Cl)cc1Cl,3.9046400000000023,Cc1n[nH]c(C)c1NC(=O)CCc1ccc(Cl)c(Cl)c1,True,3.9046400000000023,0.0,0.66,False,True
1.0,bin,6,-0.2550499439239502,-0.30299997329711914,-0.20709991455078125,607673,CCCN(CC1CC1)S(=O)(=O)c1ccccc1F,2.636400000000001,CCN(CC1CC1)S(=O)(=O)c1cccc(C(C)=O)c1,True,2.3098,-0.3266000000000009,0.3888888888888889,False,True
1.0,bin,6,-0.2550499439239502,-0.30299997329711914,-0.20709991455078125,617681,Cc1cc(C(=O)Nc2nc(-c3ccncc3)cs2)nn1C(C)C,3.5432200000000016,Cc1cc(C(=O)Nc2nc(-c3ccncc3)cs2)nn1C(C)C,True,3.5432200000000016,0.0,1.0,True,False
1.0,bin,6,-0.2550499439239502,-0.30299997329711914,-0.20709991455078125,650267,COc1ccc2oc(C(=O)NC3CCCCNC3=O)c(C)c2c1,2.14832,Cc1c(C(=O)NCC2CC(CO)CNC2=O)oc2ccc(F)cc12,True,1.3547199999999997,-0.7936000000000003,0.38666666666666666,False,True
1.0,bin,6,-0.2550499439239502,-0.30299997329711914,-0.20709991455078125,668639,Cc1cc(NC(=O)c2ccccc2Cl)ncc1N,2.8779200000000005,Nc1ccnc(NC(=O)c2cccc(Br)c2)c1,True,2.6786000000000003,-0.19932000000000016,0.34545454545454546,False,True
1.0,bin,6,-0.2550499439239502,-0.30299997329711914,-0.20709991455078125,673160,CCC(=O)Nc1ccc2oc(C(F)(F)F)cc(=O)c2c1,3.160300000000001,CC(=O)NC=C1C=COC(C)=C(C(F)(F)F)C(=O)C=C1,True,2.5119000000000007,-0.6484000000000005,0.19696969696969696,False,True
1.0,bin,6,-0.2550499439239502,-0.30299997329711914,-0.20709991455078125,711169,Cc1cccc(C(C)C)c1NC(=O)N(C)Cc1ccncc1,4.177320000000003,CCOc1cc(Cl)ccc1NC(=O)N(C)Cc1ccncc1,True,3.797600000000002,-0.3797200000000007,0.45,False,True
1.0,bin,6,-0.2550499439239502,-0.30299997329711914,-0.20709991455078125,720969,Cc1noc(C)c1CCC(=O)OCC(=O)N1c2ccccc2CC1C,2.7450400000000013,Cc1noc(C)c1CCC(=O)OCC(=O)N1c2ccccc2CC1C,True,2.7450400000000013,0.0,1.0,True,False
1.0,bin,6,-0.2550499439239502,-0.30299997329711914,-0.20709991455078125,730789,COC(=O)C1CCN(C(=O)c2cc3ccc(F)cc3nc2C)CC1,2.7075200000000006,CCNC(=O)CCCN(CC)C(=O)c1cnc2cc(F)ccc2c1,True,2.752300000000001,0.044780000000000264,0.26666666666666666,False,True
1.0,bin,6,-0.2550499439239502,-0.30299997329711914,-0.20709991455078125,738178,Cc1ccc(-n2ccnc2SCc2nc(C3CC3)no2)cc1C,4.041840000000003,Fc1ccc(-n2ccnc2SCc2nc(C3CC3)no2)c(F)c1,True,3.7032000000000025,-0.3386400000000007,0.6271186440677966,False,True
1.0,bin,6,-0.2550499439239502,-0.30299997329711914,-0.20709991455078125,771897,COc1ccccc1OCC(=O)N(C)Cc1sccc1C,3.102520000000002,Cc1ccsc1CN(C)C(=O)COc1cccc(N)c1,True,2.67612,-0.4264000000000019,0.6037735849056604,False,True
1.0,bin,6,-0.2550499439239502,-0.30299997329711914,-0.20709991455078125,811446,COC(=O)C1(NC(=O)c2cc(Br)c[nH]2)CCCCCC1,2.7730000000000006,COC(=O)C1(NC(=O)c2[nH]ccc2C)CCCCC1,True,1.9288199999999993,-0.8441800000000013,0.5306122448979592,False,True
1.0,bin,6,-0.2550499439239502,-0.30299997329711914,-0.20709991455078125,848291,CCC(C)NC(=O)NCc1noc(-c2cccs2)n1,2.3958000000000004,CCCN(CCO)C(=O)NCc1noc(-c2cccs2)n1,True,1.712,-0.6838000000000004,0.5833333333333334,False,True
1.0,bin,6,-0.2550499439239502,-0.30299997329711914,-0.20709991455078125,863440,COc1ccc(-c2nc(CCCO)cs2)cc1OC,2.752200000000001,COC=C1C=C(c2nc(C)cs2)C=C1CC(N)=O,True,2.18062,-0.5715800000000013,0.25396825396825395,False,True
1.0,bin,6,-0.2550499439239502,-0.30299997329711914,-0.20709991455078125,864663,N#Cc1ccc(-c2cc(F)ccc2F)nc1N1CCCC1,3.498680000000002,COc1cc(OC)cc(-c2ccc(C#N)c(N3CCCC3)n2)c1,True,3.237680000000002,-0.2610000000000001,0.5294117647058824,False,True
1.0,bin,6,-0.2550499439239502,-0.30299997329711914,-0.20709991455078125,872100,CCc1cccc(C)c1NCC(O)c1ccc2c(c1)OCCO2,3.474120000000002,Cc1cccc(C)c1NCC(O)c1ccc2c(c1)OCCO2,True,3.2201400000000016,-0.2539800000000003,0.8222222222222222,False,False
1.0,bin,6,-0.2550499439239502,-0.30299997329711914,-0.20709991455078125,886334,COc1ccc(C(=O)N2CCCC(C(=O)N3CCCCC3)C2)c(O)c1,2.2655000000000003,Nc1cc(C(=O)N2CCCC(C(=O)N3CCCCC3)C2)ccc1F,True,2.2725999999999997,0.00709999999999944,0.47368421052631576,False,True
1.0,bin,6,-0.2550499439239502,-0.30299997329711914,-0.20709991455078125,887387,COCCNC(=O)N(Cc1cccc(F)c1)CC1CCCO1,2.1627,CN(Cc1cccc(CN(C(F)F)S(C)(=O)=O)c1)C1CCCO1,True,2.2391000000000005,0.07640000000000047,0.3333333333333333,False,True
1.0,bin,6,-0.2550499439239502,-0.30299997329711914,-0.20709991455078125,889149,N#Cc1ccc(NC(=O)c2ccc(Br)cc2Cl)nc1,3.621480000000001,N#Cc1ccc(NC(=O)c2ccc(C(F)(F)F)cc2)nc1,True,3.224380000000002,-0.3970999999999991,0.5,False,False
1.0,bin,6,-0.2550499439239502,-0.30299997329711914,-0.20709991455078125,913483,O=C(CNC(=O)NCCc1c(Cl)cccc1Cl)NC1CC1,2.1137000000000006,CC1=CC=C(CCNC(=O)NCC(=O)NC2CC2C)CC(C)=C1,True,2.423,0.30929999999999946,0.36065573770491804,False,True
1.0,bin,6,-0.2550499439239502,-0.30299997329711914,-0.20709991455078125,917620,C=CCN(Cc1ccccc1OC)C(=O)c1csc(C)n1,3.288520000000002,C=CCN(Cc1ccccc1F)C(=O)c1csc(C)n1,True,3.4190200000000024,0.1305000000000005,0.7307692307692307,False,True
1.0,bin,6,-0.2550499439239502,-0.30299997329711914,-0.20709991455078125,918312,CCOc1ccc(Cl)c(C(=O)N2CCN(c3ncccn3)CC2)n1,1.8860999999999997,O=C(c1cccc(OC(F)F)n1)N1CCN(c2ncccn2)CC1,True,1.4354,-0.45069999999999966,0.4576271186440678,False,True
1.0,bin,6,-0.2550499439239502,-0.30299997329711914,-0.20709991455078125,922879,CC(=O)c1ccc(N2CCN(Cc3c(F)cccc3F)CC2)cc1,3.489600000000003,CC(=O)c1ccc(N2CCN(Cc3ccc(O)cc3C)CC2)cc1,True,3.2254200000000024,-0.2641800000000005,0.5510204081632653,False,True
1.0,bin,6,-0.2550499439239502,-0.30299997329711914,-0.20709991455078125,927535,COc1cc(CN2CCN(c3ccccc3F)CC2)ccc1O,2.862100000000002,COc1cccc(CN2CCN(c3cccc(N)c3)CC2)c1,True,2.5996000000000006,-0.2625000000000015,0.3793103448275862,False,True
1.0,bin,6,-0.2550499439239502,-0.30299997329711914,-0.20709991455078125,927567,Cc1ccccc1N1CCN(Cc2cccc(O)c2)CC1,3.022820000000001,Nc1ccccc1N1CCN(Cc2ccc(F)cc2)CC1,True,2.730100000000001,-0.2927200000000001,0.40816326530612246,False,False
1.0,bin,6,-0.2550499439239502,-0.30299997329711914,-0.20709991455078125,938108,CC(c1ccccc1)N(C)C(=O)CCC(=O)Nc1nccs1,3.0814000000000012,Cc1ccccc1CN(C)C(=O)CCC(=O)Nc1nccs1,True,2.8288200000000012,-0.25258,0.5892857142857143,False,True
1.0,bin,6,-0.2550499439239502,-0.30299997329711914,-0.20709991455078125,943303,CN(CCCOc1ccccc1)C(=O)Nc1cccc2c1OCCO2,3.390600000000002,O=C(NCCCOc1ccc(F)cc1)Nc1cccc2c1OCCO2,True,3.187500000000001,-0.20310000000000095,0.5409836065573771,False,True
1.0,bin,6,-0.2550499439239502,-0.30299997329711914,-0.20709991455078125,946289,CC(NC(=O)C1(c2cc(-c3ccco3)on2)CC1)c1ccccc1,3.843600000000002,Cc1ccccc1CNC(=O)C1(c2cc(-c3ccco3)on2)CC1,True,3.591020000000002,-0.25258,0.6101694915254238,False,True
1.0,bin,6,-0.2550499439239502,-0.30299997329711914,-0.20709991455078125,994077,Cc1nnc(Cn2c(-c3cccc(Br)c3)noc2=O)o1,2.0055199999999997,COc1ccc(C)cc1-c1noc(=O)n1Cc1nnc(C)o1,True,1.5600399999999996,-0.4454800000000001,0.543859649122807,False,True
1.0,bin,6,-0.2550499439239502,-0.30299997329711914,-0.20709991455078125,1065620,O=C(NCc1cccnc1Oc1ccccc1)c1cccnc1,3.198900000000002,N#Cc1ccc(Oc2ncccc2CNC(=O)c2ccc(F)nc2)cc1,True,3.2096800000000014,0.010779999999999568,0.576271186440678,False,True
1.0,bin,6,-0.2550499439239502,-0.30299997329711914,-0.20709991455078125,1093926,CN(C(=O)CNc1cccc(OCC2CCCO2)c1)c1ccccc1,3.319300000000002,O=C(CNc1cccc(OCC2CCCO2)c1)Nc1ccccc1O,True,3.0006000000000017,-0.3187000000000002,0.625,False,True
1.0,bin,6,-0.2550499439239502,-0.30299997329711914,-0.20709991455078125,1107920,CCc1ccc(-n2cc(C(=O)NC(C)c3ccccc3)nn2)cc1,3.320700000000002,COc1ccc(CNC(=O)c2cn(-c3ccc(F)c(C)c3)nn2)cc1,True,2.6534200000000006,-0.6672800000000016,0.38235294117647056,False,False
1.0,bin,6,-0.2550499439239502,-0.30299997329711914,-0.20709991455078125,1113130,CC(NC(=O)Cn1nnnc1C(C)(C)C)c1cccc2ccccc12,3.0012000000000016,CC1=CC=Cc2ccccc2CCC(C)c2nnnn2CC(=O)N1,True,2.456199999999999,-0.5450000000000026,0.17073170731707318,False,True
1.0,bin,6,-0.2550499439239502,-0.30299997329711914,-0.20709991455078125,1121751,COC(=O)Cn1ccc(NS(=O)(=O)c2ccc(F)c(F)c2F)n1,1.2742,COC(=O)Cn1ccc(NS(=O)(=O)c2ccccc2)n1,True,0.8569,-0.4173,0.6274509803921569,False,True
1.0,bin,6,-0.2550499439239502,-0.30299997329711914,-0.20709991455078125,1142531,CCOC(C)C(=O)NCCc1csc(-c2ccc(C)cc2)n1,3.2022200000000014,CC(=O)NCCc1csc(-c2ccc(C)cc2)n1,True,2.7971200000000014,-0.4051,0.66,False,True
1.0,bin,6,-0.2550499439239502,-0.30299997329711914,-0.20709991455078125,1212157,CN(Cc1ccc(F)c(F)c1)C(=O)c1cncc(-c2cnn(C)c2)c1,3.0325000000000015,COc1cccc(CN(C)C(=O)c2cncc(-c3cnn(C)c3)c2)c1,True,2.762900000000001,-0.2696000000000005,0.6779661016949152,False,True
1.0,bin,6,-0.2550499439239502,-0.30299997329711914,-0.20709991455078125,1215394,CCn1nc(C)cc1C(=O)Oc1cccc(NC(=O)C(C)C)c1,3.025120000000001,CCn1cc(C)cc1C(=O)Oc1cccc(OC)c1,True,3.044220000000002,0.019100000000000783,0.39344262295081966,False,True
1.0,bin,6,-0.2550499439239502,-0.30299997329711914,-0.20709991455078125,1232922,CC(C)(C)OC(=O)NC1CCCN(S(=O)(=O)N2CCOCC2)C1,0.5525000000000011,CN(C)C(=O)CC1CCN(S(=O)(=O)N2CCOCC2)CC1,True,-0.24629999999999863,-0.7987999999999997,0.38181818181818183,False,True
1.0,bin,6,-0.2550499439239502,-0.30299997329711914,-0.20709991455078125,1238973,FC(F)(F)c1cnc(N2CCn3c(nnc3C3CC3)C2)c(Cl)c1,3.2429000000000023,Clc1ccnc(N2CCn3c(nnc3C3CC3)C2)c1Cl,True,2.8775000000000013,-0.36540000000000106,0.5740740740740741,False,True
1.0,bin,6,-0.2550499439239502,-0.30299997329711914,-0.20709991455078125,1299495,Cc1cc(CC(=O)N2CCCC2C(C#N)c2ccccc2)no1,2.823900000000001,Cc1cc(CC(=O)N2CCCC2Cc2cccc(S(C)=O)c2)no1,True,2.496620000000001,-0.32728,0.4857142857142857,False,True
1.0,bin,6,-0.2550499439239502,-0.30299997329711914,-0.20709991455078125,1309906,CC(C)CC(NC(=O)c1cc(=O)c2ccccc2o1)C(=O)OC(C)C,2.8891000000000018,CCC(C)OC(=O)C(C)N(C)C(=O)c1cc(=O)c2ccccc2o1,True,2.595200000000001,-0.2939000000000007,0.48333333333333334,False,True
1.0,bin,6,-0.2550499439239502,-0.30299997329711914,-0.20709991455078125,1362816,COCc1cccc(C(=O)NC2CC2c2cccc(Cl)c2)c1,3.772300000000002,Cc1cccc(C(=O)NC2CC2c2cccc(N(C)C)c2)c1,True,3.3469200000000026,-0.42537999999999965,0.4915254237288136,False,True
1.0,bin,6,-0.2550499439239502,-0.30299997329711914,-0.20709991455078125,1441838,COCC(=O)NC(C(=O)Nc1cccc(-c2nccs2)c1)C(C)C,2.5358,CC(=O)NC(C)C(=O)Nc1cccc(-c2nccs2)c1,True,2.2732,-0.26259999999999994,0.6206896551724138,False,True
1.0,bin,6,-0.2550499439239502,-0.30299997329711914,-0.20709991455078125,1450449,CCCNC(=O)CSc1nc2c(cc1C#N)CCCC2,2.450380000000001,CCCCNc1cnc(SCC(=O)N(CC)CC(=O)OC)c(C)c1,True,2.7156200000000013,0.26524000000000036,0.23076923076923078,False,True
1.0,bin,6,-0.2550499439239502,-0.30299997329711914,-0.20709991455078125,1451910,O=S(=O)(NCc1nnc2ccccn12)c1ccc(F)c(F)c1,1.4859999999999995,N#CCc1ccc(S(=O)(=O)NCc2nnc3ccccn23)cc1,True,1.27388,-0.21211999999999964,0.6226415094339622,False,False
1.0,bin,6,-0.2550499439239502,-0.30299997329711914,-0.20709991455078125,1479798,Cc1nc(C)c(CCC(=O)N(CC(C)C)CC(F)(F)F)c(=O)[nH]1,2.3662400000000003,COCCNC(=O)CCc1c(C)nc(C(C)C)[nH]c1=O,True,0.8969199999999995,-1.4693200000000008,0.38095238095238093,False,True
1.0,bin,6,-0.2550499439239502,-0.30299997329711914,-0.20709991455078125,1507926,COC(=O)C(C)NC(=O)Cc1csc(-c2ccccc2Cl)n1,2.6837,CNC(=O)NCC(=O)Cc1csc(-c2ccccc2Cl)n1,True,2.504100000000001,-0.17959999999999887,0.543859649122807,False,True
1.0,bin,6,-0.2550499439239502,-0.30299997329711914,-0.20709991455078125,1527882,Nc1ncccc1C(=O)Nc1ccc2cn[nH]c2c1,1.7923999999999998,CS(=O)(=O)c1ccc(C(=O)Nc2ccc3cn[nH]c3c2)cn1,True,1.6137,-0.17869999999999986,0.5357142857142857,False,True
1.0,bin,6,-0.2550499439239502,-0.30299997329711914,-0.20709991455078125,1532848,COc1ccc(-c2ccc3c(=O)[nH]cnc3c2)cc1Cl,3.2521000000000013,O=c1[nH]cnc2cc(-c3ccc(F)c(F)c3)ccc12,True,2.8683000000000005,-0.3838000000000008,0.5555555555555556,False,False
1.0,bin,6,-0.2550499439239502,-0.30299997329711914,-0.20709991455078125,1548351,COc1cc(OC)c2c(c1)C(c1cnccn1)NCC2,1.7288999999999999,COc1cc2c(cc1O)C(c1cnccn1)NCC2,True,1.4258999999999995,-0.3030000000000004,0.5961538461538461,False,False
1.0,bin,6,-0.2550499439239502,-0.30299997329711914,-0.20709991455078125,1570134,COc1cccc(C(C)N2CCN(C(=O)c3ccc(O)cc3)CC2)c1,2.9198000000000013,COc1cccc(CN2CCN(C(=O)c3ccc(F)cc3)CC2)c1O,True,2.497900000000001,-0.4219000000000004,0.3870967741935484,False,True
1.0,bin,6,-0.2550499439239502,-0.30299997329711914,-0.20709991455078125,1611406,CC(C)(C)N1CC(NC(=O)C2COc3ccc(F)cc3C2)CC1=O,1.8923999999999994,CCN1CC(NC(=O)C2COc3ccc(Cl)cc3C2C)C1=O,True,1.7989999999999995,-0.09339999999999993,0.28205128205128205,False,True
1.0,bin,6,-0.2550499439239502,-0.30299997329711914,-0.20709991455078125,1612684,CCCC1CN(C(=O)Nc2ccn(CCC(C)C)n2)CCO1,2.9620000000000015,CC(C)CCn1ccc(NC(=O)N2CCOC(C)(C)C2)n1,True,2.5719000000000003,-0.3901000000000012,0.6229508196721312,False,True
1.0,bin,6,-0.2550499439239502,-0.30299997329711914,-0.20709991455078125,1639675,CCC(CC)c1nnc(NC(=O)c2scnc2C2CC2)s1,4.0279000000000025,CCC(CC)c1nnc(NC(=O)c2scnc2C2CC2)s1,True,4.0279000000000025,0.0,1.0,True,False
1.0,bin,6,-0.2550499439239502,-0.30299997329711914,-0.20709991455078125,1675660,COc1ccnc(NC(=O)c2cccc(Cl)c2)c1,2.9959000000000007,COc1ccnc(NC(=O)c2cc(OC)c(OC)c(OC)c2)c1,True,2.3682999999999996,-0.627600000000001,0.6170212765957447,False,True
1.0,bin,6,-0.2550499439239502,-0.30299997329711914,-0.20709991455078125,1689728,CCc1noc(CSc2ncnc3sc(C)cc23)n1,3.237420000000002,Cc1noc(CSc2ncnc3sc(C)cc23)n1,True,2.9834400000000016,-0.2539800000000003,0.7659574468085106,False,False
1.0,bin,6,-0.2550499439239502,-0.30299997329711914,-0.20709991455078125,1720876,CC(C)(C)CC(=O)NCC(=O)Nc1ccc2c(c1)COC2,2.2077,O=C(F)NCC(=O)OCC(F)F,True,0.47379999999999983,-1.7339000000000002,0.14545454545454545,False,True
1.0,bin,6,-0.2550499439239502,-0.30299997329711914,-0.20709991455078125,1757109,CC(C)Cc1ncc(CNc2ccc3c(c2)COC3)s1,3.983900000000003,CCCc1nc(C)c(CNc2ccc3c(c2)COC3)s1,True,4.046320000000003,0.062420000000000364,0.49122807017543857,False,True
1.0,bin,6,-0.2550499439239502,-0.30299997329711914,-0.20709991455078125,1774061,O=C1NCCCc2[nH]c(-c3cccc4[nH]ccc34)nc21,2.234,CCNC(=O)CN=C(CCCCNC=O)c1cccc2[nH]ccc12,True,2.0093999999999994,-0.22460000000000058,0.20512820512820512,False,True
1.0,bin,6,-0.2550499439239502,-0.30299997329711914,-0.20709991455078125,1800687,Cc1nn(C)c(-c2nc(-c3cccnn3)no2)c1Cl,1.8889199999999997,Cn1ncc(Br)c1-c1nc(-c2cccnn2)no1,True,1.6895999999999995,-0.19932000000000016,0.5882352941176471,False,True
1.0,bin,6,-0.2550499439239502,-0.30299997329711914,-0.20709991455078125,1815867,FC(F)(F)c1ccc(CN2CCOCC2c2ncon2)cc1,2.661900000000001,FC=CC=C(Cl)CN1CCOCC1c1ncon1,True,2.0488,-0.6131000000000011,0.5714285714285714,False,True
1.0,bin,6,-0.2550499439239502,-0.30299997329711914,-0.20709991455078125,1828580,Cc1ccc(N2CC3OCC(=O)N(Cc4cccc(F)c4)C3C2)nn1,1.54032,Cc1cc(OC(F)F)ccc1N1CCOCC(=O)N(c2cccnn2)C1,True,2.2137199999999995,0.6733999999999996,0.2111111111111111,False,True
1.0,bin,6,-0.2550499439239502,-0.30299997329711914,-0.20709991455078125,1836183,CCc1ccc(C(=O)NCc2nccc(N(C)C)n2)cc1,2.035,Cc1cc(C(=O)NCc2nccc(N)n2)ccc1Br,True,2.05972,0.024719999999999853,0.43859649122807015,False,True
1.0,bin,6,-0.2550499439239502,-0.30299997329711914,-0.20709991455078125,1842499,COc1ccccc1COc1ccccc1-c1cnn(CCO)c1,3.1300000000000017,OCCn1cc(-c2ccccc2OCc2ccc(CO)cc2)cn1,True,2.6137000000000006,-0.5163000000000011,0.673469387755102,False,True
1.0,bin,6,-0.2550499439239502,-0.30299997329711914,-0.20709991455078125,1865564,COC(CNC(=O)c1ccoc1)c1cccc(F)c1,2.536200000000001,CCNC(=O)c1cccc(C(CNC(=O)c2ccoc2)OC)c1,True,2.1468,-0.3894000000000011,0.7450980392156863,False,True
1.0,bin,6,-0.2550499439239502,-0.30299997329711914,-0.20709991455078125,1868773,CCCOc1ccc(Cl)c2c1CCNC2C1CC(=O)C1,3.2947000000000015,CCCOc1c(OC)cc2c3c1C(C)C(=O)CCC3CNC2,True,3.137200000000001,-0.15750000000000064,0.2602739726027397,False,True
1.0,bin,6,-0.2550499439239502,-0.30299997329711914,-0.20709991455078125,1873123,CCC1OC(=O)c2c(OC)ccc(Br)c21,3.079200000000002,CCOC(=O)COC(=O)c1cc(OC)ccc1Br,True,2.1776,-0.901600000000002,0.2545454545454545,False,False
1.0,bin,6,-0.2550499439239502,-0.30299997329711914,-0.20709991455078125,1875028,Cc1cccc(C)c1NCC(=O)N1CCCC2CCCCC21,3.8965400000000034,CCOc1ccccc1NCC(=O)NC1CCCC2CCCCC21,True,3.9723000000000033,0.07575999999999983,0.3076923076923077,False,True
1.0,bin,6,-0.2550499439239502,-0.30299997329711914,-0.20709991455078125,1895921,CCC(CC)N(C)C(=O)CC1OC(=O)c2ccccc21,2.935200000000002,CC(C)CN(CCC#N)C(=O)CC1OC(=O)c2ccccc21,True,2.6864800000000013,-0.2487200000000005,0.5272727272727272,False,True
1.0,bin,6,-0.2550499439239502,-0.30299997329711914,-0.20709991455078125,1907077,Cc1ccc2[nH]nc(C(=O)Nc3nc(-c4ccco4)cs3)c2c1,3.8401200000000015,COc1ccc2[nH]nc(C(=O)Nc3nc(-c4ccco4)cs3)c2c1,True,3.540300000000001,-0.2998200000000004,0.7796610169491526,False,True
1.0,bin,6,-0.2550499439239502,-0.30299997329711914,-0.20709991455078125,1913063,Cc1nn(C)c(C)c1CN(C(=O)c1cn2cccc(C)c2n1)C1CC1,2.797860000000001,CCN(Cc1c(C)nn(C)c1C)C(=O)c1cn2cccc(C)c2n1,True,2.655360000000001,-0.14250000000000007,0.711864406779661,False,True
1.0,bin,6,-0.2550499439239502,-0.30299997329711914,-0.20709991455078125,1922265,CN(CCNC(=O)c1ccc2c(c1)ncn2C)c1ccccc1,2.4395000000000007,Cn1cnc2cc(C(=O)NCCNc3ccccc3)ccc21,True,2.4152000000000005,-0.02430000000000021,0.6923076923076923,False,True
1.0,bin,7,-0.1658499836921692,-0.20709991455078125,-0.12460005283355713,32052,COc1ccccc1CNC(=O)Cc1c[nH]c2ccccc12,3.035400000000001,CN(C)C(=O)C(NC(=O)Cc1c[nH]c2ccccc12)c1ccccc1,True,2.6561000000000012,-0.37929999999999975,0.48214285714285715,False,True
1.0,bin,7,-0.1658499836921692,-0.20709991455078125,-0.12460005283355713,116747,COCCSc1ccccc1C(=O)Nc1cccc(C)n1,3.3808200000000017,COc1cc(C)c(C(=O)Nc2cccc(C)n2)c(OC)c1,True,2.9679400000000014,-0.41288000000000036,0.43859649122807015,False,True
1.0,bin,7,-0.1658499836921692,-0.20709991455078125,-0.12460005283355713,131060,CS(=O)(=O)NCCc1csc(-c2ccc(F)cc2)n1,2.0408999999999997,C[SH]1C2=C(C=NC1CCNS(C)(=O)=O)CCC=C2,True,1.5713000000000001,-0.4695999999999996,0.25,False,True
1.0,bin,7,-0.1658499836921692,-0.20709991455078125,-0.12460005283355713,131949,CCc1c(C)nc(SCC(=O)NC(C)C)[nH]c1=O,1.25742,Cc1nc(SCCC(=O)NC(C)C)[nH]c(=O)c1C#N,True,0.9568000000000001,-0.3006199999999999,0.5185185185185185,False,True
1.0,bin,7,-0.1658499836921692,-0.20709991455078125,-0.12460005283355713,158879,COc1ccc(CC(=O)OCC(=O)c2c[nH]c3ccccc23)cc1,3.145100000000001,N#Cc1cccc(CC(=O)OCC(=O)c2c[nH]c3ccccc23)c1,True,3.008180000000001,-0.13691999999999993,0.6071428571428571,False,True
1.0,bin,7,-0.1658499836921692,-0.20709991455078125,-0.12460005283355713,232056,COCCNC(=O)c1cc(=O)c2cc(C)ccc2o1,1.4776199999999993,Cc1ccc2oc(C(=O)NCCCO)cc(=O)c2c1,True,1.2136199999999997,-0.26399999999999957,0.7391304347826086,False,True
1.0,bin,7,-0.1658499836921692,-0.20709991455078125,-0.12460005283355713,235788,O=C(Cn1nc(-c2ccco2)oc1=O)NCC(F)(F)F,0.7747999999999999,CN(CC(=O)NC(C)(C)C)C(=O)Cn1nc(-c2ccco2)oc1=O,True,0.4693999999999996,-0.30540000000000034,0.576271186440678,False,False
1.0,bin,7,-0.1658499836921692,-0.20709991455078125,-0.12460005283355713,236081,CC(=O)c1c(C)[nH]c(C(=O)CSc2nc(C(C)C)n[nH]2)c1C,3.0506400000000014,CC(=O)c1c(C)[nH]c(C(=O)CSc2nc(C(C)(C)C)n[nH]2)c1C,True,3.2247400000000015,0.17410000000000014,0.6862745098039216,False,True
1.0,bin,7,-0.1658499836921692,-0.20709991455078125,-0.12460005283355713,281081,O=C(Cn1cccn1)NCc1cccnc1Oc1ccc(F)cc1F,2.665000000000001,O=C(Cn1cccn1)NCc1cccnc1Oc1ccc(F)cc1,True,2.525900000000001,-0.1391,0.7543859649122807,False,True
1.0,bin,7,-0.1658499836921692,-0.20709991455078125,-0.12460005283355713,284170,COc1ccc(-c2nc(CC(=O)Nc3cccc(C)n3)cs2)cc1,3.7033200000000024,O=C(Cc1csc(-c2ccccc2)n1)Nc1ccccn1,True,3.386300000000001,-0.3170200000000012,0.5535714285714286,False,False
1.0,bin,7,-0.1658499836921692,-0.20709991455078125,-0.12460005283355713,288369,Cc1ccc(NCc2nnc3n2CCCCC3)cc1C,3.2334400000000016,COc1cc(Cl)ccc1NCc1nnc2n1CCCCC2,True,3.2786000000000017,0.04516000000000009,0.5357142857142857,False,True
1.0,bin,7,-0.1658499836921692,-0.20709991455078125,-0.12460005283355713,302889,COc1ccc(OC)c(NC(=O)CCNC(=O)c2cccs2)c1,2.5239000000000003,N#Cc1cccc(NC(=O)CCNC(=O)c2cccs2)c1,True,2.378380000000001,-0.14551999999999943,0.5,False,False
1.0,bin,7,-0.1658499836921692,-0.20709991455078125,-0.12460005283355713,327141,COc1ccc(OC)c(S(=O)(=O)Nc2ccn(C)n2)c1,1.2381,COc1ccc(CC#N)cc1S(=O)(=O)Nc1ccn(C)n1,True,1.29558,0.057479999999999976,0.6666666666666666,False,True
1.0,bin,7,-0.1658499836921692,-0.20709991455078125,-0.12460005283355713,327382,CNC(=O)C1CN(C(=O)c2c(C)noc2C)c2ccccc2O1,1.4452399999999996,Cc1noc(C)c1C(=O)N1CC(C(N)=O)Oc2ccccc21,True,1.1845399999999995,-0.26070000000000015,0.78,False,True
1.0,bin,7,-0.1658499836921692,-0.20709991455078125,-0.12460005283355713,406491,COCCNC(=O)C1CCCN(S(=O)(=O)N2CCOCC2)C1,-0.9619999999999964,CC(O)CNC(=O)C1CCCN(S(=O)(=O)N2CCOCC2)C1,True,-1.227599999999996,-0.2655999999999996,0.6862745098039216,False,True
1.0,bin,7,-0.1658499836921692,-0.20709991455078125,-0.12460005283355713,413951,O=C(Cn1ncn2cccc2c1=O)N1CCCCCC1,0.8985999999999996,COC(=O)CCCN(C)C(=O)Cn1ncn2cccc2c1=O,True,-0.09240000000000048,-0.9910000000000001,0.4745762711864407,False,True
1.0,bin,7,-0.1658499836921692,-0.20709991455078125,-0.12460005283355713,427929,CCNc1nc(NCc2ccccc2Cl)c2cnn(C)c2n1,3.060600000000001,CCCNc1nc(NCc2ccccc2)c2cnn(C)c2n1,True,2.797300000000001,-0.2633000000000001,0.5925925925925926,False,False
1.0,bin,7,-0.1658499836921692,-0.20709991455078125,-0.12460005283355713,447130,CCC(NC(=O)C1CCN(C(=O)C2CC2)CC1)c1ccc(C)cc1,3.2109200000000016,CC1=CC=C(C(C)NC(=O)C2CCN(C(=O)C3CC3)CC2C)C1F,True,2.610100000000001,-0.6008200000000006,0.3484848484848485,False,True
1.0,bin,7,-0.1658499836921692,-0.20709991455078125,-0.12460005283355713,481908,CCNS(=O)(=O)c1ccc(C)c(C(=O)Nc2ncccc2C)c1,2.24894,Cc1cccnc1NC(=O)c1ccc(S(=O)(=O)N(C)C)cc1,True,1.89262,-0.3563200000000002,0.509090909090909,False,True
1.0,bin,7,-0.1658499836921692,-0.20709991455078125,-0.12460005283355713,485220,Cc1nn(CC(=O)N2CCN(C)CC2)c(C)c1Br,1.03644,Cc1nn(CC(=O)N2CCN(C)C(C)C2)c(C)c1Br,True,1.42494,0.38850000000000007,0.6818181818181818,False,True
1.0,bin,7,-0.1658499836921692,-0.20709991455078125,-0.12460005283355713,526363,Cc1nnc(SCC(=O)Nc2ccc(O)cc2)n(N)c1=O,0.09692,COC1=CC=C(NC(=O)CSc2nnc(CO)c(=O)[nH]2)NC=C1,True,-0.6458999999999997,-0.7428199999999997,0.24324324324324326,False,True
1.0,bin,7,-0.1658499836921692,-0.20709991455078125,-0.12460005283355713,536853,COc1ccc(C2CCCN2C(=O)C2CCC2)c(OC)c1,3.1674000000000015,CS(=O)(=O)c1cccc(C2CCCN2C(=O)C2CCC2)c1,True,2.553700000000001,-0.6137000000000006,0.4909090909090909,False,True
1.0,bin,7,-0.1658499836921692,-0.20709991455078125,-0.12460005283355713,540312,Cc1nn(C)c2nc(C3CC3)cc(C(=O)NCC(=O)NC(C)(C)C)c12,1.7986199999999997,CCCN(C)C(=O)C1=NC2C(C)=NN(C)C2=NC(C2CC2)=C1,True,1.6916999999999998,-0.1069199999999999,0.1951219512195122,False,True
1.0,bin,7,-0.1658499836921692,-0.20709991455078125,-0.12460005283355713,544381,Cc1nc(N2CCCC(C(=O)NC(C)C)C2)c2c(C)c(C)oc2n1,2.8890600000000006,Cc1nc(N2CCC(CC(N)=O)CC2)c2c(C)c(C)oc2n1,True,2.23986,-0.6492000000000004,0.5423728813559322,False,True
1.0,bin,7,-0.1658499836921692,-0.20709991455078125,-0.12460005283355713,544382,CCCNC(=O)C1CCCN(c2nc(C)nc3oc(C)c(C)c23)C1,2.8906600000000013,CCc1nc(N2CCC(C(=O)NC)CC2)c2c(C)c(C)oc2n1,True,2.36444,-0.5262200000000012,0.49230769230769234,False,True
1.0,bin,7,-0.1658499836921692,-0.20709991455078125,-0.12460005283355713,550049,Cc1ccc(C)c(OCC(=O)Nc2cccc(-n3cnnc3)c2)c1,2.9016400000000013,Cc1cccc(OCC(=O)Nc2ccc(F)c(-n3cnnc3)c2)c1,True,2.7323200000000005,-0.1693200000000008,0.5161290322580645,False,True
1.0,bin,7,-0.1658499836921692,-0.20709991455078125,-0.12460005283355713,573533,Cc1nn(-c2ncc(C(F)(F)F)cc2Cl)c(=O)o1,2.2011199999999995,CC=NN(Cl)c1ccc(Cl)cn1,True,2.7009000000000007,0.4997800000000012,0.13793103448275862,False,True
1.0,bin,7,-0.1658499836921692,-0.20709991455078125,-0.12460005283355713,582555,O=C(NCC(O)c1ccccc1)c1ccc2c(=O)n3c(nc2c1)CCC3,1.8061000000000003,C=CCc1nc2c(c(=O)[nH]1)=CCC(=O)NCC(O)c1ccc(O)cc1CC=2,True,-0.4389999999999996,-2.2451,0.11458333333333333,False,True
1.0,bin,7,-0.1658499836921692,-0.20709991455078125,-0.12460005283355713,588547,Cc1n[nH]c(C)c1NC(=O)CCc1ccc(Cl)cc1Cl,3.9046400000000023,Cc1n[nH]c(C)c1NC(=O)CCc1ccc(Br)cc1,True,3.3603400000000017,-0.5443000000000007,0.5686274509803921,False,True
1.0,bin,7,-0.1658499836921692,-0.20709991455078125,-0.12460005283355713,607673,CCCN(CC1CC1)S(=O)(=O)c1ccccc1F,2.636400000000001,CCCN(CC1CC1)S(=O)(=O)c1ccccc1OC,True,2.5059000000000005,-0.1305000000000005,0.6818181818181818,False,True
1.0,bin,7,-0.1658499836921692,-0.20709991455078125,-0.12460005283355713,617681,Cc1cc(C(=O)Nc2nc(-c3ccncc3)cs2)nn1C(C)C,3.5432200000000016,Cc1cc(C(=O)Nc2nc(-c3ccncc3)cs2)nn1C(C)C,True,3.5432200000000016,0.0,1.0,True,False
1.0,bin,7,-0.1658499836921692,-0.20709991455078125,-0.12460005283355713,650267,COc1ccc2oc(C(=O)NC3CCCCNC3=O)c(C)c2c1,2.14832,COC1C=C(C(=O)NC2CCCCNC2=O)c2ccccc21,True,1.5559999999999996,-0.5923200000000004,0.4411764705882353,False,True
1.0,bin,7,-0.1658499836921692,-0.20709991455078125,-0.12460005283355713,668639,Cc1cc(NC(=O)c2ccccc2Cl)ncc1N,2.8779200000000005,Nc1ccc(NC(=O)c2cccc(Br)c2)nc1,True,2.6786000000000003,-0.19932000000000016,0.37037037037037035,False,False
1.0,bin,7,-0.1658499836921692,-0.20709991455078125,-0.12460005283355713,673160,CCC(=O)Nc1ccc2oc(C(F)(F)F)cc(=O)c2c1,3.160300000000001,CC(=O)Nc1ccc2oc(C(F)(F)F)c(C#N)c(=O)c2c1,True,2.6418800000000005,-0.5184200000000008,0.43859649122807015,False,True
1.0,bin,7,-0.1658499836921692,-0.20709991455078125,-0.12460005283355713,711169,Cc1cccc(C(C)C)c1NC(=O)N(C)Cc1ccncc1,4.177320000000003,CCc1cc(C)cc(C)c1NC(=O)N(C)Cc1ccncc1,True,3.9247400000000026,-0.25258,0.5660377358490566,False,True
1.0,bin,7,-0.1658499836921692,-0.20709991455078125,-0.12460005283355713,720969,Cc1noc(C)c1CCC(=O)OCC(=O)N1c2ccccc2CC1C,2.7450400000000013,Cc1noc(C)c1CCC(=O)OCC(=O)N1CCc2ccccc21,True,2.35654,-0.3885000000000014,0.6721311475409836,False,False
1.0,bin,7,-0.1658499836921692,-0.20709991455078125,-0.12460005283355713,730789,COC(=O)C1CCN(C(=O)c2cc3ccc(F)cc3nc2C)CC1,2.7075200000000006,Cc1nc2ccc(F)cc2cc1C(=O)N1CCC(O)CC1,True,2.2792200000000005,-0.4283000000000001,0.6111111111111112,False,True
1.0,bin,7,-0.1658499836921692,-0.20709991455078125,-0.12460005283355713,738178,Cc1ccc(-n2ccnc2SCc2nc(C3CC3)no2)cc1C,4.041840000000003,Cc1cccc(-n2ccnc2SCc2nc(C3CC3)no2)c1,True,3.7334200000000024,-0.3084200000000008,0.7777777777777778,False,False
1.0,bin,7,-0.1658499836921692,-0.20709991455078125,-0.12460005283355713,771897,COc1ccccc1OCC(=O)N(C)Cc1sccc1C,3.102520000000002,Cc1cc(N)ccc1OCC(=O)N(C)Cc1sccc1C,True,2.9845400000000017,-0.1179800000000002,0.6470588235294118,False,True
1.0,bin,7,-0.1658499836921692,-0.20709991455078125,-0.12460005283355713,811446,COC(=O)C1(NC(=O)c2cc(Br)c[nH]2)CCCCCC1,2.7730000000000006,COC(=O)C1(NC(=O)c2ccc[nH]2)CCCCCC1,True,2.0104999999999995,-0.7625000000000011,0.6086956521739131,False,True
1.0,bin,7,-0.1658499836921692,-0.20709991455078125,-0.12460005283355713,848291,CCC(C)NC(=O)NCc1noc(-c2cccs2)n1,2.3958000000000004,CC(NCc1noc(-c2cccs2)n1)C(N)=O,True,0.7615000000000001,-1.6343000000000003,0.6181818181818182,False,True
1.0,bin,7,-0.1658499836921692,-0.20709991455078125,-0.12460005283355713,863440,COc1ccc(-c2nc(CCCO)cs2)cc1OC,2.752200000000001,COc1ccc(C)cc1-c1nc(CCCO)cs1,True,3.0520200000000015,0.2998200000000004,0.6739130434782609,False,True
1.0,bin,7,-0.1658499836921692,-0.20709991455078125,-0.12460005283355713,864663,N#Cc1ccc(-c2cc(F)ccc2F)nc1N1CCCC1,3.498680000000002,N#Cc1ccc(N2CCCC2)nc1-c1cccc(F)c1,True,3.359580000000002,-0.1391,0.4444444444444444,False,True
1.0,bin,7,-0.1658499836921692,-0.20709991455078125,-0.12460005283355713,872100,CCc1cccc(C)c1NCC(O)c1ccc2c(c1)OCCO2,3.474120000000002,Cc1cccc(C)c1NCC(O)c1ccc2c(c1)OCCO2,True,3.2201400000000016,-0.2539800000000003,0.8222222222222222,False,False
1.0,bin,7,-0.1658499836921692,-0.20709991455078125,-0.12460005283355713,886334,COc1ccc(C(=O)N2CCCC(C(=O)N3CCCCC3)C2)c(O)c1,2.2655000000000003,O=C(c1ccc(O)cc1)N1CCCC(C(=O)N2CCCCC2)C1,True,2.256900000000001,-0.008599999999999497,0.5714285714285714,False,True
1.0,bin,7,-0.1658499836921692,-0.20709991455078125,-0.12460005283355713,887387,COCCNC(=O)N(Cc1cccc(F)c1)CC1CCCO1,2.1627,CN(CC=CC=CC(=O)CN(C)S(C)=O)NCC1CCCO1,True,0.5086000000000015,-1.6540999999999986,0.2375,False,True
1.0,bin,7,-0.1658499836921692,-0.20709991455078125,-0.12460005283355713,889149,N#Cc1ccc(NC(=O)c2ccc(Br)cc2Cl)nc1,3.621480000000001,N#Cc1ccc(NC(=O)c2ccc(Br)cc2Cl)nc1,True,3.621480000000001,0.0,1.0,True,False
1.0,bin,7,-0.1658499836921692,-0.20709991455078125,-0.12460005283355713,913483,O=C(CNC(=O)NCCc1c(Cl)cccc1Cl)NC1CC1,2.1137000000000006,COc1cccc(CC(C)(C)CNC(=O)NCC(=O)NC2CC2)c1,True,1.8416999999999994,-0.27200000000000113,0.43333333333333335,False,True
1.0,bin,7,-0.1658499836921692,-0.20709991455078125,-0.12460005283355713,917620,C=CCN(Cc1ccccc1OC)C(=O)c1csc(C)n1,3.288520000000002,COCCN(Cc1ccc(F)cc1F)C(=O)c1csc(C)n1,True,3.0185200000000014,-0.27000000000000046,0.47619047619047616,False,True
1.0,bin,7,-0.1658499836921692,-0.20709991455078125,-0.12460005283355713,918312,CCOc1ccc(Cl)c(C(=O)N2CCN(c3ncccn3)CC2)n1,1.8860999999999997,Cc1cc(C)c(C)c(C(=O)N2CCN(c3ncccn3)CC2)n1,True,1.75926,-0.12683999999999962,0.4909090909090909,False,True
1.0,bin,7,-0.1658499836921692,-0.20709991455078125,-0.12460005283355713,922879,CC(=O)c1ccc(N2CCN(Cc3c(F)cccc3F)CC2)cc1,3.489600000000003,CC(=O)Nc1ccc(N2CCN(Cc3c(F)cccc3F)CC2)cc1,True,3.245400000000002,-0.24420000000000108,0.7111111111111111,False,True
1.0,bin,7,-0.1658499836921692,-0.20709991455078125,-0.12460005283355713,927535,COc1cc(CN2CCN(c3ccccc3F)CC2)ccc1O,2.862100000000002,COc1ccc(CN2CCN(c3cccc(N)c3)CC2)cc1OC,True,2.608200000000001,-0.2539000000000011,0.4727272727272727,False,True
1.0,bin,7,-0.1658499836921692,-0.20709991455078125,-0.12460005283355713,927567,Cc1ccccc1N1CCN(Cc2cccc(O)c2)CC1,3.022820000000001,CC1=CC=CCN2CCN(Cc3ccc(S(C)(=O)=O)cc3)CC2=C1,True,2.6077000000000012,-0.41511999999999993,0.265625,False,True
1.0,bin,7,-0.1658499836921692,-0.20709991455078125,-0.12460005283355713,938108,CC(c1ccccc1)N(C)C(=O)CCC(=O)Nc1nccs1,3.0814000000000012,CC(NC(=O)CCC(=O)Nc1nccs1)c1ccc(F)cc1,True,2.8783000000000003,-0.20310000000000095,0.5454545454545454,False,True
1.0,bin,7,-0.1658499836921692,-0.20709991455078125,-0.12460005283355713,943303,CN(CCCOc1ccccc1)C(=O)Nc1cccc2c1OCCO2,3.390600000000002,O=C(NCCCOc1ccc(F)cc1)Nc1cccc2c1OCCO2,True,3.187500000000001,-0.20310000000000095,0.5409836065573771,False,True
1.0,bin,7,-0.1658499836921692,-0.20709991455078125,-0.12460005283355713,946289,CC(NC(=O)C1(c2cc(-c3ccco3)on2)CC1)c1ccccc1,3.843600000000002,Cc1ccccc1CNC(=O)C1(c2cc(-c3ccco3)on2)CC1,True,3.591020000000002,-0.25258,0.6101694915254238,False,True
1.0,bin,7,-0.1658499836921692,-0.20709991455078125,-0.12460005283355713,994077,Cc1nnc(Cn2c(-c3cccc(Br)c3)noc2=O)o1,2.0055199999999997,CC(C)Cc1nnc(Cn2c(-c3cccc(N)c3)noc2=O)o1,True,1.7152999999999996,-0.29022000000000014,0.5789473684210527,False,True
1.0,bin,7,-0.1658499836921692,-0.20709991455078125,-0.12460005283355713,1065620,O=C(NCc1cccnc1Oc1ccccc1)c1cccnc1,3.198900000000002,O=C(NCc1cccnc1Oc1ccccc1)c1cccnc1,True,3.198900000000002,0.0,1.0,True,False
1.0,bin,7,-0.1658499836921692,-0.20709991455078125,-0.12460005283355713,1093926,CN(C(=O)CNc1cccc(OCC2CCCO2)c1)c1ccccc1,3.319300000000002,O=C(CNc1cccc(OCC2CCCO2)c1)Nc1cccc(O)c1,True,3.0006000000000013,-0.31870000000000065,0.6190476190476191,False,True
1.0,bin,7,-0.1658499836921692,-0.20709991455078125,-0.12460005283355713,1107920,CCc1ccc(-n2cc(C(=O)NC(C)c3ccccc3)nn2)cc1,3.320700000000002,Cc1ccccc1-n1cc(C(=O)NC(C)c2ccccc2)nn1,True,3.066720000000001,-0.2539800000000012,0.6346153846153846,False,True
1.0,bin,7,-0.1658499836921692,-0.20709991455078125,-0.12460005283355713,1113130,CC(NC(=O)Cn1nnnc1C(C)(C)C)c1cccc2ccccc12,3.0012000000000016,CC(NC(=O)Cn1nnnc1C=Cc1ccccc1)C(F)(F)F,True,1.9104999999999999,-1.0907000000000018,0.4153846153846154,False,True
1.0,bin,7,-0.1658499836921692,-0.20709991455078125,-0.12460005283355713,1121751,COC(=O)Cn1ccc(NS(=O)(=O)c2ccc(F)c(F)c2F)n1,1.2742,COC(=O)Cn1ccc(NS(=O)(=O)c2ccccc2C)n1,True,1.1653200000000001,-0.10887999999999987,0.6538461538461539,False,True
1.0,bin,7,-0.1658499836921692,-0.20709991455078125,-0.12460005283355713,1142531,CCOC(C)C(=O)NCCc1csc(-c2ccc(C)cc2)n1,3.2022200000000014,CCS(=O)(=O)NCCc1csc(-c2ccc(C)cc2)n1,True,2.600320000000001,-0.6019000000000005,0.5660377358490566,False,False
1.0,bin,7,-0.1658499836921692,-0.20709991455078125,-0.12460005283355713,1212157,CN(Cc1ccc(F)c(F)c1)C(=O)c1cncc(-c2cnn(C)c2)c1,3.0325000000000015,COc1cccc(CN(C)C(=O)c2cncc(-c3cnn(C)c3)c2)c1,True,2.762900000000001,-0.2696000000000005,0.6779661016949152,False,True
1.0,bin,7,-0.1658499836921692,-0.20709991455078125,-0.12460005283355713,1215394,CCn1nc(C)cc1C(=O)Oc1cccc(NC(=O)C(C)C)c1,3.025120000000001,CCOc1ccc(OC(=O)c2cc(C)nn2CC)cc1,True,2.829320000000001,-0.1958000000000002,0.5555555555555556,False,True
1.0,bin,7,-0.1658499836921692,-0.20709991455078125,-0.12460005283355713,1232922,CC(C)(C)OC(=O)NC1CCCN(S(=O)(=O)N2CCOCC2)C1,0.5525000000000011,CCCNC1CCCN(S(=O)(=O)N2CCOCC2)C1,True,0.027400000000000757,-0.5251000000000003,0.5490196078431373,False,True
1.0,bin,7,-0.1658499836921692,-0.20709991455078125,-0.12460005283355713,1238973,FC(F)(F)c1cnc(N2CCn3c(nnc3C3CC3)C2)c(Cl)c1,3.2429000000000023,Clc1cnc(C2CC2)nc1N1CCn2c(nnc2C2CC2)C1,True,2.4965,-0.7464000000000022,0.5925925925925926,False,True
1.0,bin,7,-0.1658499836921692,-0.20709991455078125,-0.12460005283355713,1299495,Cc1cc(CC(=O)N2CCCC2C(C#N)c2ccccc2)no1,2.823900000000001,COc1ccccc1C(C#N)C1CCCN1C(=O)Cc1ccon1,True,2.5240800000000005,-0.2998200000000004,0.5588235294117647,False,True
1.0,bin,7,-0.1658499836921692,-0.20709991455078125,-0.12460005283355713,1309906,CC(C)CC(NC(=O)c1cc(=O)c2ccccc2o1)C(=O)OC(C)C,2.8891000000000018,CCC(C)OC(=O)C(C)NC(=O)c1cc(=O)c2ccccc2o1,True,2.253,-0.6361000000000017,0.6181818181818182,False,True
1.0,bin,7,-0.1658499836921692,-0.20709991455078125,-0.12460005283355713,1362816,COCc1cccc(C(=O)NC2CC2c2cccc(Cl)c2)c1,3.772300000000002,O=C(NC1CC1c1cccc(F)c1)c1ccc(OC(F)F)cc1,True,3.713000000000002,-0.05930000000000035,0.42857142857142855,False,True
1.0,bin,7,-0.1658499836921692,-0.20709991455078125,-0.12460005283355713,1441838,COCC(=O)NC(C(=O)Nc1cccc(-c2nccs2)c1)C(C)C,2.5358,CC(C)NC(=O)CNC(=O)Nc1cccc(-c2nccs2)c1,True,2.4562,-0.07960000000000012,0.6065573770491803,False,True
1.0,bin,7,-0.1658499836921692,-0.20709991455078125,-0.12460005283355713,1450449,CCCNC(=O)CSc1nc2c(cc1C#N)CCCC2,2.450380000000001,C#CCNC(=O)C(C)Sc1nc2c(cc1C#N)CCCC2,True,2.06208,-0.388300000000001,0.5409836065573771,False,False
1.0,bin,7,-0.1658499836921692,-0.20709991455078125,-0.12460005283355713,1451910,O=S(=O)(NCc1nnc2ccccn12)c1ccc(F)c(F)c1,1.4859999999999995,O=S(=O)(NCc1nnc2ccccn12)c1cc(F)ccc1F,True,1.4859999999999998,2.220446049250313e-16,0.7,False,False
1.0,bin,7,-0.1658499836921692,-0.20709991455078125,-0.12460005283355713,1479798,Cc1nc(C)c(CCC(=O)N(CC(C)C)CC(F)(F)F)c(=O)[nH]1,2.3662400000000003,CCCCCC(=O)OCCc1c(C)nc(C)[nH]c1=O,True,2.05274,-0.31350000000000033,0.4067796610169492,False,True
1.0,bin,7,-0.1658499836921692,-0.20709991455078125,-0.12460005283355713,1507926,COC(=O)C(C)NC(=O)Cc1csc(-c2ccccc2Cl)n1,2.6837,CC(C)CNC(=O)CNC(=O)Cc1csc(-c2ccccc2)n1,True,2.2409999999999997,-0.4427000000000003,0.45,False,True
1.0,bin,7,-0.1658499836921692,-0.20709991455078125,-0.12460005283355713,1527882,Nc1ncccc1C(=O)Nc1ccc2cn[nH]c2c1,1.7923999999999998,Nc1ncccc1C(=O)Nc1ccc2cn[nH]c2c1,True,1.7923999999999998,0.0,1.0,True,False
1.0,bin,7,-0.1658499836921692,-0.20709991455078125,-0.12460005283355713,1532848,COc1ccc(-c2ccc3c(=O)[nH]cnc3c2)cc1Cl,3.2521000000000013,O=c1[nH]cnc2cc(-c3ccc(F)cc3F)ccc12,True,2.8683000000000014,-0.3837999999999999,0.48,False,True
1.0,bin,7,-0.1658499836921692,-0.20709991455078125,-0.12460005283355713,1548351,COc1cc(OC)c2c(c1)C(c1cnccn1)NCC2,1.7288999999999999,Oc1ccc(F)c2c1CCNC2c1cnccn1,True,1.5563999999999998,-0.1725000000000001,0.42857142857142855,False,True
1.0,bin,7,-0.1658499836921692,-0.20709991455078125,-0.12460005283355713,1570134,COc1cccc(C(C)N2CCN(C(=O)c3ccc(O)cc3)CC2)c1,2.9198000000000013,CC(c1cccc(O)c1)N1CCN(C(=O)c2ccccc2)CC1,True,2.911200000000001,-0.008600000000000385,0.6530612244897959,False,True
1.0,bin,7,-0.1658499836921692,-0.20709991455078125,-0.12460005283355713,1611406,CC(C)(C)N1CC(NC(=O)C2COc3ccc(F)cc3C2)CC1=O,1.8923999999999994,CC(C)N1CC(NC(=O)C2COc3ccc(F)cc3C2)CC1=O,True,1.5022999999999993,-0.3901000000000001,0.7241379310344828,False,True
1.0,bin,7,-0.1658499836921692,-0.20709991455078125,-0.12460005283355713,1612684,CCCC1CN(C(=O)Nc2ccn(CCC(C)C)n2)CCO1,2.9620000000000015,CC(C)CC1CN(C(=O)Nc2ccn(CC(C)C)n2)CCO1,True,2.8179000000000007,-0.14410000000000078,0.6779661016949152,False,True
1.0,bin,7,-0.1658499836921692,-0.20709991455078125,-0.12460005283355713,1639675,CCC(CC)c1nnc(NC(=O)c2scnc2C2CC2)s1,4.0279000000000025,CC(C)(C)Cc1nnc(NC(=O)c2scnc2C2CC2)s1,True,3.712900000000003,-0.3149999999999995,0.660377358490566,False,True
1.0,bin,7,-0.1658499836921692,-0.20709991455078125,-0.12460005283355713,1675660,COc1ccnc(NC(=O)c2cccc(Cl)c2)c1,2.9959000000000007,COC(=O)c1cccc(NC(=O)c2ccc(OC)cc2)n1,True,2.1291,-0.8668000000000005,0.4230769230769231,False,True
1.0,bin,7,-0.1658499836921692,-0.20709991455078125,-0.12460005283355713,1689728,CCc1noc(CSc2ncnc3sc(C)cc23)n1,3.237420000000002,C1=NOC(CSc2ncnc3sccc23)CC1,True,2.948200000000001,-0.28922000000000114,0.25,False,True
1.0,bin,7,-0.1658499836921692,-0.20709991455078125,-0.12460005283355713,1720876,CC(C)(C)CC(=O)NCC(=O)Nc1ccc2c(c1)COC2,2.2077,CCN(CC(C)C)C(=O)CNC(=O)Nc1ccc2c(c1)COC2,True,2.3428000000000004,0.13510000000000044,0.46551724137931033,False,True
1.0,bin,7,-0.1658499836921692,-0.20709991455078125,-0.12460005283355713,1757109,CC(C)Cc1ncc(CNc2ccc3c(c2)COC3)s1,3.983900000000003,CCCc1ncc(CNc2ccc3c(c2)COC3)s1,True,3.7379000000000024,-0.24600000000000044,0.7291666666666666,False,True
1.0,bin,7,-0.1658499836921692,-0.20709991455078125,-0.12460005283355713,1774061,O=C1NCCCc2[nH]c(-c3cccc4[nH]ccc34)nc21,2.234,Nc1ccc2[nH]cc(-c3nc4c([nH]3)CCCNC4)c2c1,True,2.176,-0.05799999999999983,0.3384615384615385,False,True
1.0,bin,7,-0.1658499836921692,-0.20709991455078125,-0.12460005283355713,1800687,Cc1nn(C)c(-c2nc(-c3cccnn3)no2)c1Cl,1.8889199999999997,Cn1nc(C(F)(F)F)cc1-c1nc(-c2cccnn2)no1,True,1.9458999999999997,0.05698000000000003,0.5272727272727272,False,True
1.0,bin,7,-0.1658499836921692,-0.20709991455078125,-0.12460005283355713,1815867,FC(F)(F)c1ccc(CN2CCOCC2c2ncon2)cc1,2.661900000000001,Fc1cccc(Cl)c1CN1CCOCC1c1ncon1,True,2.4356,-0.22630000000000106,0.5964912280701754,False,False
1.0,bin,7,-0.1658499836921692,-0.20709991455078125,-0.12460005283355713,1828580,Cc1ccc(N2CC3OCC(=O)N(Cc4cccc(F)c4)C3C2)nn1,1.54032,O=CCOCCN(CCNCc1ccccc1)c1ccc(C(F)(F)F)nn1,True,2.3071,0.7667800000000002,0.14606741573033707,False,True
1.0,bin,7,-0.1658499836921692,-0.20709991455078125,-0.12460005283355713,1836183,CCc1ccc(C(=O)NCc2nccc(N(C)C)n2)cc1,2.035,COCc1cccc(C(=O)NCc2nc(C)cc(C)n2)c1,True,2.1698399999999998,0.13483999999999963,0.3333333333333333,False,True
1.0,bin,7,-0.1658499836921692,-0.20709991455078125,-0.12460005283355713,1842499,COc1ccccc1COc1ccccc1-c1cnn(CCO)c1,3.1300000000000017,OCCn1cc(-c2ccccc2COc2ccccc2CO)cn1,True,2.6137000000000006,-0.5163000000000011,0.7083333333333334,False,True
1.0,bin,7,-0.1658499836921692,-0.20709991455078125,-0.12460005283355713,1865564,COC(CNC(=O)c1ccoc1)c1cccc(F)c1,2.536200000000001,O=C(NCC(O)c1ccccc1Cl)c1ccoc1,True,2.3964000000000008,-0.13980000000000015,0.4642857142857143,False,True
1.0,bin,7,-0.1658499836921692,-0.20709991455078125,-0.12460005283355713,1868773,CCCOc1ccc(Cl)c2c1CCNC2C1CC(=O)C1,3.2947000000000015,COc1cc2c(cc1Br)C1(CCC(=O)CC1N)CC2,True,2.7220000000000013,-0.5727000000000002,0.18309859154929578,False,True
1.0,bin,7,-0.1658499836921692,-0.20709991455078125,-0.12460005283355713,1873123,CCC1OC(=O)c2c(OC)ccc(Br)c21,3.079200000000002,CCC1OC(=O)c2c(Cl)ccc(OC)c21,True,2.9701000000000013,-0.10910000000000064,0.6341463414634146,False,True
1.0,bin,7,-0.1658499836921692,-0.20709991455078125,-0.12460005283355713,1875028,Cc1cccc(C)c1NCC(=O)N1CCCC2CCCCC21,3.8965400000000034,COc1ccc(Cl)cc1NCC(=O)N1CCCC2CCCCC21,True,3.9417000000000026,0.0451599999999992,0.5454545454545454,False,True
1.0,bin,7,-0.1658499836921692,-0.20709991455078125,-0.12460005283355713,1895921,CCC(CC)N(C)C(=O)CC1OC(=O)c2ccccc21,2.935200000000002,CCC(C)N(C)C(=O)CC1OC(=O)c2ccccc21,True,2.5451000000000006,-0.3901000000000012,0.7906976744186046,False,True
1.0,bin,7,-0.1658499836921692,-0.20709991455078125,-0.12460005283355713,1907077,Cc1ccc2[nH]nc(C(=O)Nc3nc(-c4ccco4)cs3)c2c1,3.8401200000000015,O=C(Nc1nc(-c2ccco2)cs1)c1n[nH]c2c(F)cccc12,True,3.6708000000000007,-0.1693200000000008,0.6290322580645161,False,True
1.0,bin,7,-0.1658499836921692,-0.20709991455078125,-0.12460005283355713,1913063,Cc1nn(C)c(C)c1CN(C(=O)c1cn2cccc(C)c2n1)C1CC1,2.797860000000001,Cc1cccn2cc(C(=O)N(Cc3cnn(C)c3C)C3CC3)nc12,True,2.48944,-0.3084200000000008,0.7049180327868853,False,True
1.0,bin,7,-0.1658499836921692,-0.20709991455078125,-0.12460005283355713,1922265,CN(CCNC(=O)c1ccc2c(c1)ncn2C)c1ccccc1,2.4395000000000007,Cn1cnc2cc(C(=O)NCCNc3cccc(O)c3)ccc21,True,2.1208,-0.31870000000000065,0.5862068965517241,False,True
1.0,bin,8,-0.0693100094795227,-0.12460005283355713,-0.014019966125488281,32052,COc1ccccc1CNC(=O)Cc1c[nH]c2ccccc12,3.035400000000001,Nc1cccc(CNC(=O)Cc2c[nH]c3ccccc23)c1,True,2.609000000000001,-0.4264000000000001,0.5686274509803921,False,True
1.0,bin,8,-0.0693100094795227,-0.12460005283355713,-0.014019966125488281,116747,COCCSc1ccccc1C(=O)Nc1cccc(C)n1,3.3808200000000017,COCCSc1ccccc1C(=O)Nc1ccc(Cl)cn1,True,3.725800000000002,0.3449800000000005,0.6226415094339622,False,False
1.0,bin,8,-0.0693100094795227,-0.12460005283355713,-0.014019966125488281,131060,CS(=O)(=O)NCCc1csc(-c2ccc(F)cc2)n1,2.0408999999999997,CCOc1ccc(-c2nc(CCNS(=O)(=O)CC)cs2)cc1,True,2.6906000000000008,0.649700000000001,0.58,False,True
1.0,bin,8,-0.0693100094795227,-0.12460005283355713,-0.014019966125488281,131949,CCc1c(C)nc(SCC(=O)NC(C)C)[nH]c1=O,1.25742,CCc1c(C)nc(SCC(=O)NCC(C)C)[nH]c1=O,True,1.50502,0.24760000000000004,0.7391304347826086,False,True
1.0,bin,8,-0.0693100094795227,-0.12460005283355713,-0.014019966125488281,158879,COc1ccc(CC(=O)OCC(=O)c2c[nH]c3ccccc23)cc1,3.145100000000001,COc1cccc(CC(=O)OCC(=O)c2c[nH]c3ccccc23)c1,True,3.145100000000001,0.0,0.78,False,True
1.0,bin,8,-0.0693100094795227,-0.12460005283355713,-0.014019966125488281,232056,COCCNC(=O)c1cc(=O)c2cc(C)ccc2o1,1.4776199999999993,CCNC(=O)CCNC(=O)c1cc(=O)c2cc(C)ccc2o1,True,1.3574199999999998,-0.12019999999999942,0.6938775510204082,False,True
1.0,bin,8,-0.0693100094795227,-0.12460005283355713,-0.014019966125488281,235788,O=C(Cn1nc(-c2ccco2)oc1=O)NCC(F)(F)F,0.7747999999999999,COC(=O)C(=O)NC(=O)CN1COC(c2ccco2)=N1,True,-0.9532999999999994,-1.7280999999999993,0.3283582089552239,False,True
1.0,bin,8,-0.0693100094795227,-0.12460005283355713,-0.014019966125488281,236081,CC(=O)c1c(C)[nH]c(C(=O)CSc2nc(C(C)C)n[nH]2)c1C,3.0506400000000014,CC(=O)c1c(C)[nH]c(C(=O)CSc2nc(C(F)(F)F)n[nH]2)c1C,True,2.946040000000001,-0.10460000000000047,0.6730769230769231,False,True
1.0,bin,8,-0.0693100094795227,-0.12460005283355713,-0.014019966125488281,281081,O=C(Cn1cccn1)NCc1cccnc1Oc1ccc(F)cc1F,2.665000000000001,Cc1cnn(CC(=O)NCc2cccnc2Oc2ccccc2)c1,True,2.695220000000001,0.030219999999999914,0.5151515151515151,False,True
1.0,bin,8,-0.0693100094795227,-0.12460005283355713,-0.014019966125488281,284170,COc1ccc(-c2nc(CC(=O)Nc3cccc(C)n3)cs2)cc1,3.7033200000000024,O=C(Cc1csc(-c2ccccc2)n1)Nc1ccccn1,True,3.386300000000001,-0.3170200000000012,0.5535714285714286,False,False
1.0,bin,8,-0.0693100094795227,-0.12460005283355713,-0.014019966125488281,288369,Cc1ccc(NCc2nnc3n2CCCCC3)cc1C,3.2334400000000016,Fc1ccc(NCc2nnc3n2CCCCC3)c(F)c1,True,2.894800000000002,-0.33863999999999983,0.5576923076923077,False,True
1.0,bin,8,-0.0693100094795227,-0.12460005283355713,-0.014019966125488281,302889,COc1ccc(OC)c(NC(=O)CCNC(=O)c2cccs2)c1,2.5239000000000003,CN(C)C(=O)c1cccc(NC(=O)CCNC(=O)c2cccs2)c1,True,2.2085,-0.31540000000000035,0.5081967213114754,False,True
1.0,bin,8,-0.0693100094795227,-0.12460005283355713,-0.014019966125488281,327141,COc1ccc(OC)c(S(=O)(=O)Nc2ccn(C)n2)c1,1.2381,COc1ccc(OC)c(S(=O)(=O)Nc2cc(N)n(C)n2)c1,True,0.8202999999999998,-0.41780000000000017,0.6666666666666666,False,True
1.0,bin,8,-0.0693100094795227,-0.12460005283355713,-0.014019966125488281,327382,CNC(=O)C1CN(C(=O)c2c(C)noc2C)c2ccccc2O1,1.4452399999999996,Cc1noc(C)c1C(=O)N1CC(C(N)=O)Oc2ccccc21,True,1.1845399999999995,-0.26070000000000015,0.78,False,True
1.0,bin,8,-0.0693100094795227,-0.12460005283355713,-0.014019966125488281,406491,COCCNC(=O)C1CCCN(S(=O)(=O)N2CCOCC2)C1,-0.9619999999999964,CN(C)S(=O)(=O)N1CCCC(S(=O)(=O)N2CCOCC2)C1,True,-1.0807999999999964,-0.11880000000000002,0.3508771929824561,False,True
1.0,bin,8,-0.0693100094795227,-0.12460005283355713,-0.014019966125488281,413951,O=C(Cn1ncn2cccc2c1=O)N1CCCCCC1,0.8985999999999996,COCCCC(C)N(C)C(=O)Cn1ncn2cccc2c1=O,True,0.7694999999999992,-0.12910000000000044,0.45901639344262296,False,True
1.0,bin,8,-0.0693100094795227,-0.12460005283355713,-0.014019966125488281,427929,CCNc1nc(NCc2ccccc2Cl)c2cnn(C)c2n1,3.060600000000001,CNc1nc(NCc2ccc(Br)cc2)c2cnn(C)c2n1,True,2.7796000000000003,-0.2810000000000006,0.49122807017543857,False,True
1.0,bin,8,-0.0693100094795227,-0.12460005283355713,-0.014019966125488281,447130,CCC(NC(=O)C1CCN(C(=O)C2CC2)CC1)c1ccc(C)cc1,3.2109200000000016,CC(c1ccccc1)N(C)C(=O)C1CCN(C(=O)C2CC2)CC1,True,2.8546000000000014,-0.3563200000000002,0.4107142857142857,False,True
1.0,bin,8,-0.0693100094795227,-0.12460005283355713,-0.014019966125488281,481908,CCNS(=O)(=O)c1ccc(C)c(C(=O)Nc2ncccc2C)c1,2.24894,Cc1cc(C(=O)Nc2ncccc2C)ccc1S(C)(=O)=O,True,2.35424,0.10529999999999973,0.48214285714285715,False,True
1.0,bin,8,-0.0693100094795227,-0.12460005283355713,-0.014019966125488281,485220,Cc1nn(CC(=O)N2CCN(C)CC2)c(C)c1Br,1.03644,Cc1nn(CC(=O)N2CCNCC2C)c(C)c1Br,True,1.0827399999999998,0.046299999999999786,0.5306122448979592,False,True
1.0,bin,8,-0.0693100094795227,-0.12460005283355713,-0.014019966125488281,526363,Cc1nnc(SCC(=O)Nc2ccc(O)cc2)n(N)c1=O,0.09692,Nn1c(SCC(=O)Nc2ccccc2)nncc1=O,True,0.08289999999999975,-0.014020000000000254,0.5185185185185185,False,False
1.0,bin,8,-0.0693100094795227,-0.12460005283355713,-0.014019966125488281,536853,COc1ccc(C2CCCN2C(=O)C2CCC2)c(OC)c1,3.1674000000000015,O=C(C1CCC1)N1CCCC1c1ccc(F)c(F)c1,True,3.4284000000000026,0.261000000000001,0.4807692307692308,False,True
1.0,bin,8,-0.0693100094795227,-0.12460005283355713,-0.014019966125488281,540312,Cc1nn(C)c2nc(C3CC3)cc(C(=O)NCC(=O)NC(C)(C)C)c12,1.7986199999999997,CCOC(=O)CNC(=O)c1cc(C2CC2)nc2c1c(C)nn2C,True,1.4470199999999995,-0.35160000000000013,0.7368421052631579,False,True
1.0,bin,8,-0.0693100094795227,-0.12460005283355713,-0.014019966125488281,544381,Cc1nc(N2CCCC(C(=O)NC(C)C)C2)c2c(C)c(C)oc2n1,2.8890600000000006,CNC(=O)CCCCNC=NC(CC(C)C)=NCOC(C)=C(C)C,True,3.2531000000000017,0.36404000000000103,0.09302325581395349,False,True
1.0,bin,8,-0.0693100094795227,-0.12460005283355713,-0.014019966125488281,544382,CCCNC(=O)C1CCCN(c2nc(C)nc3oc(C)c(C)c23)C1,2.8906600000000013,CCN(CC)C(=O)C1CCN(c2nc(C)nc3oc(C)c(C)c23)CC1,True,3.2328600000000023,0.34220000000000095,0.5483870967741935,False,True
1.0,bin,8,-0.0693100094795227,-0.12460005283355713,-0.014019966125488281,550049,Cc1ccc(C)c(OCC(=O)Nc2cccc(-n3cnnc3)c2)c1,2.9016400000000013,O=C(COc1ccc(F)cc1)Nc1cccc(-n2cnnc2)c1,True,2.4238999999999997,-0.4777400000000016,0.6181818181818182,False,True
1.0,bin,8,-0.0693100094795227,-0.12460005283355713,-0.014019966125488281,573533,Cc1nn(-c2ncc(C(F)(F)F)cc2Cl)c(=O)o1,2.2011199999999995,CC=NN(Cl)c1ccc(Cl)cn1,True,2.7009000000000007,0.4997800000000012,0.13793103448275862,False,True
1.0,bin,8,-0.0693100094795227,-0.12460005283355713,-0.014019966125488281,582555,O=C(NCC(O)c1ccccc1)c1ccc2c(=O)n3c(nc2c1)CCC3,1.8061000000000003,O=C(NCC(O)c1ccccc1O)c1ccc2c(=O)n3c(nc2c1)CCC3,True,1.5117000000000003,-0.2944,0.7833333333333333,False,True
1.0,bin,8,-0.0693100094795227,-0.12460005283355713,-0.014019966125488281,588547,Cc1n[nH]c(C)c1NC(=O)CCc1ccc(Cl)cc1Cl,3.9046400000000023,Cc1n[nH]c(C)c1NC(=O)CCc1ccc(Br)cc1F,True,3.4994400000000017,-0.40520000000000067,0.6226415094339622,False,True
1.0,bin,8,-0.0693100094795227,-0.12460005283355713,-0.014019966125488281,607673,CCCN(CC1CC1)S(=O)(=O)c1ccccc1F,2.636400000000001,CCN(CC1CC1)S(=O)(=O)c1ccccc1C,True,2.4156200000000005,-0.22078000000000042,0.5681818181818182,False,True
1.0,bin,8,-0.0693100094795227,-0.12460005283355713,-0.014019966125488281,617681,Cc1cc(C(=O)Nc2nc(-c3ccncc3)cs2)nn1C(C)C,3.5432200000000016,CC(C)Cc1cc(C(=O)Nc2nc(-c3ccncc3)cs2)n[nH]1,True,3.3790000000000013,-0.16422000000000025,0.5666666666666667,False,True
1.0,bin,8,-0.0693100094795227,-0.12460005283355713,-0.014019966125488281,650267,COc1ccc2oc(C(=O)NC3CCCCNC3=O)c(C)c2c1,2.14832,CCc1c(C(=O)NC2CCCCNC2)oc2cc(O)ccc12,True,2.5727,0.4243800000000002,0.3466666666666667,False,True
1.0,bin,8,-0.0693100094795227,-0.12460005283355713,-0.014019966125488281,668639,Cc1cc(NC(=O)c2ccccc2Cl)ncc1N,2.8779200000000005,Nc1cccc(NC(=O)c2cc(Cl)ccc2F)n1,True,2.7086000000000006,-0.16931999999999992,0.36363636363636365,False,True
1.0,bin,8,-0.0693100094795227,-0.12460005283355713,-0.014019966125488281,673160,CCC(=O)Nc1ccc2oc(C(F)(F)F)cc(=O)c2c1,3.160300000000001,CC(=O)c1cc(=O)c2cc(NC(=O)CC(C)C)ccc2o1,True,2.9802000000000017,-0.18009999999999948,0.5094339622641509,False,True
1.0,bin,8,-0.0693100094795227,-0.12460005283355713,-0.014019966125488281,711169,Cc1cccc(C(C)C)c1NC(=O)N(C)Cc1ccncc1,4.177320000000003,Cc1cccc(C(C)C)c1NC(=O)N(C)Cc1ccncc1,True,4.177320000000003,0.0,1.0,True,False
1.0,bin,8,-0.0693100094795227,-0.12460005283355713,-0.014019966125488281,720969,Cc1noc(C)c1CCC(=O)OCC(=O)N1c2ccccc2CC1C,2.7450400000000013,Cc1noc(C)c1CCC(=O)OC(C)C(=O)N1CCc2ccccc21,True,2.7450400000000013,0.0,0.5072463768115942,False,True
1.0,bin,8,-0.0693100094795227,-0.12460005283355713,-0.014019966125488281,730789,COC(=O)C1CCN(C(=O)c2cc3ccc(F)cc3nc2C)CC1,2.7075200000000006,C=CCC(CNC(=O)C1C(=C)C(C=COC)=CN=C1C)C(N)=O,True,1.4710999999999999,-1.2364200000000007,0.13953488372093023,False,True
1.0,bin,8,-0.0693100094795227,-0.12460005283355713,-0.014019966125488281,738178,Cc1ccc(-n2ccnc2SCc2nc(C3CC3)no2)cc1C,4.041840000000003,Fc1ccc(F)c(-n2ccnc2SCc2nc(C3CC3)no2)c1,True,3.7032000000000025,-0.3386400000000007,0.6379310344827587,False,True
1.0,bin,8,-0.0693100094795227,-0.12460005283355713,-0.014019966125488281,771897,COc1ccccc1OCC(=O)N(C)Cc1sccc1C,3.102520000000002,COC(=O)c1ccc(OCC(=O)N(C)Cc2sccc2C)cc1,True,2.8805200000000015,-0.22200000000000042,0.6153846153846154,False,True
1.0,bin,8,-0.0693100094795227,-0.12460005283355713,-0.014019966125488281,811446,COC(=O)C1(NC(=O)c2cc(Br)c[nH]2)CCCCCC1,2.7730000000000006,COC1CCC(C#N)CC1NC(=O)c1cc(Br)c[nH]1,True,2.2142799999999996,-0.558720000000001,0.4067796610169492,False,True
1.0,bin,8,-0.0693100094795227,-0.12460005283355713,-0.014019966125488281,848291,CCC(C)NC(=O)NCc1noc(-c2cccs2)n1,2.3958000000000004,COCCC(C)C(=O)NCc1noc(-c2cccs2)n1,True,2.0869,-0.3089000000000004,0.6101694915254238,False,True
1.0,bin,8,-0.0693100094795227,-0.12460005283355713,-0.014019966125488281,863440,COc1ccc(-c2nc(CCCO)cs2)cc1OC,2.752200000000001,CCCc1csc(-c2ccc(OC)c(N)c2)n1,True,3.3534000000000006,0.6011999999999995,0.5833333333333334,False,True
1.0,bin,8,-0.0693100094795227,-0.12460005283355713,-0.014019966125488281,864663,N#Cc1ccc(-c2cc(F)ccc2F)nc1N1CCCC1,3.498680000000002,COc1ccc(-c2ccc(C#N)c(N3CCCC3)n2)cc1F,True,3.3681800000000024,-0.13049999999999962,0.5660377358490566,False,False
1.0,bin,8,-0.0693100094795227,-0.12460005283355713,-0.014019966125488281,872100,CCc1cccc(C)c1NCC(O)c1ccc2c(c1)OCCO2,3.474120000000002,CCOc1ccc(NCC(O)c2ccc3c(c2)OCCO3)c(C)c1,True,3.3104200000000015,-0.1637000000000004,0.5517241379310345,False,True
1.0,bin,8,-0.0693100094795227,-0.12460005283355713,-0.014019966125488281,886334,COc1ccc(C(=O)N2CCCC(C(=O)N3CCCCC3)C2)c(O)c1,2.2655000000000003,O=C(c1ccccc1CO)N1CCCC(C(=O)N2CCCCC2)C1,True,2.0436,-0.2219000000000002,0.5185185185185185,False,True
1.0,bin,8,-0.0693100094795227,-0.12460005283355713,-0.014019966125488281,887387,COCCNC(=O)N(Cc1cccc(F)c1)CC1CCCO1,2.1627,COCCNC(=O)N(Cc1ccccc1)CC1CCCO1,True,2.0235999999999996,-0.13910000000000045,0.7818181818181819,False,False
1.0,bin,8,-0.0693100094795227,-0.12460005283355713,-0.014019966125488281,889149,N#Cc1ccc(NC(=O)c2ccc(Br)cc2Cl)nc1,3.621480000000001,N#Cc1ccc(NC(=O)c2cccc(Br)c2)nc1,True,2.9680800000000014,-0.6533999999999995,0.6326530612244898,False,False
1.0,bin,8,-0.0693100094795227,-0.12460005283355713,-0.014019966125488281,913483,O=C(CNC(=O)NCCc1c(Cl)cccc1Cl)NC1CC1,2.1137000000000006,O=C1NCC(=O)C(Cl)C=CC=C(Cl)CCC2CC2N1,True,2.3232999999999997,0.20959999999999912,0.11428571428571428,False,True
1.0,bin,8,-0.0693100094795227,-0.12460005283355713,-0.014019966125488281,917620,C=CCN(Cc1ccccc1OC)C(=O)c1csc(C)n1,3.288520000000002,CCCN(Cc1ccccc1OC)C(=O)c1csc(C#N)n1,True,3.0757800000000017,-0.21274000000000015,0.5409836065573771,False,True
1.0,bin,8,-0.0693100094795227,-0.12460005283355713,-0.014019966125488281,918312,CCOc1ccc(Cl)c(C(=O)N2CCN(c3ncccn3)CC2)n1,1.8860999999999997,Cc1ccnc(N2CCN(C(=O)c3ccccn3)CC2)n1,True,1.14242,-0.7436799999999997,0.43103448275862066,False,True
1.0,bin,8,-0.0693100094795227,-0.12460005283355713,-0.014019966125488281,922879,CC(=O)c1ccc(N2CCN(Cc3c(F)cccc3F)CC2)cc1,3.489600000000003,Oc1ccc(CN2CCN(c3c(F)cccc3Cl)CC2)cc1,True,3.5069000000000026,0.01729999999999965,0.37735849056603776,False,True
1.0,bin,8,-0.0693100094795227,-0.12460005283355713,-0.014019966125488281,927535,COc1cc(CN2CCN(c3ccccc3F)CC2)ccc1O,2.862100000000002,CC(=O)Nc1cccc(N2CCN(Cc3ccccc3N)CC2)c1,True,2.5494000000000003,-0.31270000000000175,0.2647058823529412,False,True
1.0,bin,8,-0.0693100094795227,-0.12460005283355713,-0.014019966125488281,927567,Cc1ccccc1N1CCN(Cc2cccc(O)c2)CC1,3.022820000000001,COc1ccc(N2CCN(Cc3ccccc3F)CC2)cc1O,True,2.862100000000001,-0.16071999999999997,0.3220338983050847,False,True
1.0,bin,8,-0.0693100094795227,-0.12460005283355713,-0.014019966125488281,938108,CC(c1ccccc1)N(C)C(=O)CCC(=O)Nc1nccs1,3.0814000000000012,CC(c1ccc(F)cc1)N(C)C(=O)CCC(=O)Nc1nccs1,True,3.2205000000000013,0.1391,0.8,False,True
1.0,bin,8,-0.0693100094795227,-0.12460005283355713,-0.014019966125488281,943303,CN(CCCOc1ccccc1)C(=O)Nc1cccc2c1OCCO2,3.390600000000002,O=C(NCCCOc1ccccc1)Nc1cccc2c1OCCO2,True,3.048400000000001,-0.34220000000000095,0.6545454545454545,False,True
1.0,bin,8,-0.0693100094795227,-0.12460005283355713,-0.014019966125488281,946289,CC(NC(=O)C1(c2cc(-c3ccco3)on2)CC1)c1ccccc1,3.843600000000002,CC1=CC=C2CN(C)C(=O)C(C)(c3cc(-c4ccco4)on3)C2C=C1,True,3.7230000000000034,-0.12059999999999871,0.3466666666666667,False,True
1.0,bin,8,-0.0693100094795227,-0.12460005283355713,-0.014019966125488281,994077,Cc1nnc(Cn2c(-c3cccc(Br)c3)noc2=O)o1,2.0055199999999997,CCc1nnc(Cn2c(-c3cccc(C)c3)noc2=O)o1,True,1.8054199999999998,-0.20009999999999994,0.6470588235294118,False,True
1.0,bin,8,-0.0693100094795227,-0.12460005283355713,-0.014019966125488281,1065620,O=C(NCc1cccnc1Oc1ccccc1)c1cccnc1,3.198900000000002,COc1ncccc1C(=O)NCc1cccnc1Oc1ccccc1,True,3.2075000000000014,0.008599999999999497,0.6470588235294118,False,True
1.0,bin,8,-0.0693100094795227,-0.12460005283355713,-0.014019966125488281,1093926,CN(C(=O)CNc1cccc(OCC2CCCO2)c1)c1ccccc1,3.319300000000002,O=C(CNc1cccc(F)c1)Nc1cccc(OCC2CCCO2)c1,True,3.4341000000000026,0.11480000000000068,0.609375,False,True
1.0,bin,8,-0.0693100094795227,-0.12460005283355713,-0.014019966125488281,1107920,CCc1ccc(-n2cc(C(=O)NC(C)c3ccccc3)nn2)cc1,3.320700000000002,CC(NC(=O)C1=CNC2=C(C=CCC=C2)N1)c1ccccc1F,True,2.764800000000001,-0.5559000000000012,0.2191780821917808,False,True
1.0,bin,8,-0.0693100094795227,-0.12460005283355713,-0.014019966125488281,1113130,CC(NC(=O)Cn1nnnc1C(C)(C)C)c1cccc2ccccc12,3.0012000000000016,CC(C)c1nnnn1CC(=O)NC(C)c1cccc2ccccc12,True,2.8271000000000006,-0.17410000000000103,0.7307692307692307,False,True
1.0,bin,8,-0.0693100094795227,-0.12460005283355713,-0.014019966125488281,1121751,COC(=O)Cn1ccc(NS(=O)(=O)c2ccc(F)c(F)c2F)n1,1.2742,COC(=O)Cn1ccc(NS(=O)(=O)c2ccccc2F)n1,True,0.996,-0.2782,0.7551020408163265,False,True
1.0,bin,8,-0.0693100094795227,-0.12460005283355713,-0.014019966125488281,1142531,CCOC(C)C(=O)NCCc1csc(-c2ccc(C)cc2)n1,3.2022200000000014,C#CCNC(=O)NCCc1csc(-c2ccc(Cl)cc2)n1,True,2.9384000000000015,-0.26381999999999994,0.47540983606557374,False,True
1.0,bin,8,-0.0693100094795227,-0.12460005283355713,-0.014019966125488281,1212157,CN(Cc1ccc(F)c(F)c1)C(=O)c1cncc(-c2cnn(C)c2)c1,3.0325000000000015,Cc1ccc(CN(C)C(=O)c2cncc(-c3cnn(C)c3)c2)cc1O,True,2.7683200000000014,-0.2641800000000001,0.7321428571428571,False,True
1.0,bin,8,-0.0693100094795227,-0.12460005283355713,-0.014019966125488281,1215394,CCn1nc(C)cc1C(=O)Oc1cccc(NC(=O)C(C)C)c1,3.025120000000001,CCn1nc(C)cc1C(=O)Oc1ccc(C#N)cc1Br,True,3.0648000000000017,0.039680000000000604,0.4375,False,True
1.0,bin,8,-0.0693100094795227,-0.12460005283355713,-0.014019966125488281,1232922,CC(C)(C)OC(=O)NC1CCCN(S(=O)(=O)N2CCOCC2)C1,0.5525000000000011,CC(C)C(=O)NCC1CCCN(S(=O)(=O)N2CCOCC2)C1,True,0.04760000000000164,-0.5048999999999995,0.47368421052631576,False,False
1.0,bin,8,-0.0693100094795227,-0.12460005283355713,-0.014019966125488281,1238973,FC(F)(F)c1cnc(N2CCn3c(nnc3C3CC3)C2)c(Cl)c1,3.2429000000000023,CSc1cccnc1NCCn1c(Cl)nnc1C1CC1Cl,True,3.255200000000001,0.012299999999998867,0.14814814814814814,False,True
1.0,bin,8,-0.0693100094795227,-0.12460005283355713,-0.014019966125488281,1299495,Cc1cc(CC(=O)N2CCCC2C(C#N)c2ccccc2)no1,2.823900000000001,COC=CC=CCCC(C#N)C1CCCN1C(=O)CCC=C(C)ON,True,3.1879800000000014,0.3640800000000004,0.2804878048780488,False,True
1.0,bin,8,-0.0693100094795227,-0.12460005283355713,-0.014019966125488281,1309906,CC(C)CC(NC(=O)c1cc(=O)c2ccccc2o1)C(=O)OC(C)C,2.8891000000000018,CC(C)OC(=O)C1NC(=O)C(=CC(=O)c2ccccc2)O1,True,1.1772999999999998,-1.711800000000002,0.2647058823529412,False,True
1.0,bin,8,-0.0693100094795227,-0.12460005283355713,-0.014019966125488281,1362816,COCc1cccc(C(=O)NC2CC2c2cccc(Cl)c2)c1,3.772300000000002,O=C(NC1CC1c1ccc(F)cc1)c1cccc(Cl)c1,True,3.7650000000000023,-0.007299999999999862,0.5740740740740741,False,True
1.0,bin,8,-0.0693100094795227,-0.12460005283355713,-0.014019966125488281,1441838,COCC(=O)NC(C(=O)Nc1cccc(-c2nccs2)c1)C(C)C,2.5358,CC(C)C(=O)NCCNC(=O)c1cccc(-c2nccs2)c1,True,2.312099999999999,-0.2237000000000009,0.484375,False,True
1.0,bin,8,-0.0693100094795227,-0.12460005283355713,-0.014019966125488281,1450449,CCCNC(=O)CSc1nc2c(cc1C#N)CCCC2,2.450380000000001,C=CCNC(=O)CSc1nc2c(cc1C(C)=O)CCCC2,True,2.5573000000000006,0.10691999999999968,0.5081967213114754,False,True
1.0,bin,8,-0.0693100094795227,-0.12460005283355713,-0.014019966125488281,1451910,O=S(=O)(NCc1nnc2ccccn12)c1ccc(F)c(F)c1,1.4859999999999995,Cc1ccc(N)cc1S(=O)(=O)NCc1nnc2ccccn12,True,1.09842,-0.3875799999999996,0.5535714285714286,False,True
1.0,bin,8,-0.0693100094795227,-0.12460005283355713,-0.014019966125488281,1479798,Cc1nc(C)c(CCC(=O)N(CC(C)C)CC(F)(F)F)c(=O)[nH]1,2.3662400000000003,Cc1nc(C)c(CCC(=O)NCC(C)(C)C(F)(F)F)c(=O)[nH]1,True,2.02404,-0.3422000000000005,0.49122807017543857,False,True
1.0,bin,8,-0.0693100094795227,-0.12460005283355713,-0.014019966125488281,1507926,COC(=O)C(C)NC(=O)Cc1csc(-c2ccccc2Cl)n1,2.6837,CCCNC(=O)C(C)NC(=O)Cc1csc(-c2ccccc2F)n1,True,2.5226000000000006,-0.16109999999999935,0.55,False,True
1.0,bin,8,-0.0693100094795227,-0.12460005283355713,-0.014019966125488281,1527882,Nc1ncccc1C(=O)Nc1ccc2cn[nH]c2c1,1.7923999999999998,COc1ncccc1C(=O)Nc1cc2cncc(N)c2[nH]1,True,1.8009999999999997,0.008599999999999941,0.36363636363636365,False,True
1.0,bin,8,-0.0693100094795227,-0.12460005283355713,-0.014019966125488281,1532848,COc1ccc(-c2ccc3c(=O)[nH]cnc3c2)cc1Cl,3.2521000000000013,O=CNC=Nc1cccc(-c2ccccc2Cl)c1,True,3.4128000000000016,0.1607000000000003,0.140625,False,True
1.0,bin,8,-0.0693100094795227,-0.12460005283355713,-0.014019966125488281,1548351,COc1cc(OC)c2c(c1)C(c1cnccn1)NCC2,1.7288999999999999,COc1c(O)ccc2c1C(c1cnccn1)NCC2,True,1.4258999999999995,-0.3030000000000004,0.45614035087719296,False,False
1.0,bin,8,-0.0693100094795227,-0.12460005283355713,-0.014019966125488281,1570134,COc1cccc(C(C)N2CCN(C(=O)c3ccc(O)cc3)CC2)c1,2.9198000000000013,COc1ccc(C(C)N2CCN(C(=O)c3ccccc3)CC2)cc1,True,3.2142000000000017,0.29440000000000044,0.62,False,True
1.0,bin,8,-0.0693100094795227,-0.12460005283355713,-0.014019966125488281,1611406,CC(C)(C)N1CC(NC(=O)C2COc3ccc(F)cc3C2)CC1=O,1.8923999999999994,C=CCN1CC(NC(=O)C2COc3ccc(F)cc3C2)CC1=O,True,1.2798999999999994,-0.6125,0.6612903225806451,False,True
1.0,bin,8,-0.0693100094795227,-0.12460005283355713,-0.014019966125488281,1612684,CCCC1CN(C(=O)Nc2ccn(CCC(C)C)n2)CCO1,2.9620000000000015,CCCC1CN(C(=O)Nc2cc(C)n(CC(F)(F)F)n2)CCO1,True,2.786620000000001,-0.17538000000000054,0.5373134328358209,False,True
1.0,bin,8,-0.0693100094795227,-0.12460005283355713,-0.014019966125488281,1639675,CCC(CC)c1nnc(NC(=O)c2scnc2C2CC2)s1,4.0279000000000025,CC(C)Cc1nnc(NC(=O)c2scnc2C2CC2)s1,True,3.3228000000000018,-0.7051000000000007,0.6923076923076923,False,False
1.0,bin,8,-0.0693100094795227,-0.12460005283355713,-0.014019966125488281,1675660,COc1ccnc(NC(=O)c2cccc(Cl)c2)c1,2.9959000000000007,COc1ccnc(NC(=O)c2cc(F)c(F)cc2C)c1,True,2.929120000000001,-0.06677999999999962,0.5294117647058824,False,True
1.0,bin,8,-0.0693100094795227,-0.12460005283355713,-0.014019966125488281,1689728,CCc1noc(CSc2ncnc3sc(C)cc23)n1,3.237420000000002,CCCc1noc(CSc2ncnc3sc(C)cc23)n1,True,3.6275200000000023,0.39010000000000034,0.8333333333333334,False,False
1.0,bin,8,-0.0693100094795227,-0.12460005283355713,-0.014019966125488281,1720876,CC(C)(C)CC(=O)NCC(=O)Nc1ccc2c(c1)COC2,2.2077,CCOC(=O)CN(C(=O)Nc1ccc2c(c1)COC2)C(C)CC,True,2.912300000000002,0.7046000000000019,0.4098360655737705,False,True
1.0,bin,8,-0.0693100094795227,-0.12460005283355713,-0.014019966125488281,1757109,CC(C)Cc1ncc(CNc2ccc3c(c2)COC3)s1,3.983900000000003,CCCCOCC=NC=C(S)CNc1ccc2c(c1)COC2,True,3.7874000000000025,-0.19650000000000034,0.3382352941176471,False,True
1.0,bin,8,-0.0693100094795227,-0.12460005283355713,-0.014019966125488281,1774061,O=C1NCCCc2[nH]c(-c3cccc4[nH]ccc34)nc21,2.234,N#CC=CNC=C(C=Nc1cc2ccccc2[nH]1)CCCNC=O,True,2.9071800000000003,0.6731800000000003,0.11494252873563218,False,True
1.0,bin,8,-0.0693100094795227,-0.12460005283355713,-0.014019966125488281,1800687,Cc1nn(C)c(-c2nc(-c3cccnn3)no2)c1Cl,1.8889199999999997,CCOCCn1ncc(Cl)c1-c1nc(-c2cccnn2)no1,True,2.0799999999999996,0.19107999999999992,0.5166666666666667,False,True
1.0,bin,8,-0.0693100094795227,-0.12460005283355713,-0.014019966125488281,1815867,FC(F)(F)c1ccc(CN2CCOCC2c2ncon2)cc1,2.661900000000001,Brc1ccccc1CN1CCOCC1c1ncon1,True,2.4055999999999997,-0.2563000000000013,0.5818181818181818,False,True
1.0,bin,8,-0.0693100094795227,-0.12460005283355713,-0.014019966125488281,1828580,Cc1ccc(N2CC3OCC(=O)N(Cc4cccc(F)c4)C3C2)nn1,1.54032,O=C1COC2CN(c3ccc(F)nn3)CC2N1Cc1ccccc1F,True,1.3709999999999998,-0.16932000000000014,0.5692307692307692,False,True
1.0,bin,8,-0.0693100094795227,-0.12460005283355713,-0.014019966125488281,1836183,CCc1ccc(C(=O)NCc2nccc(N(C)C)n2)cc1,2.035,CN(C)c1ccnc(CNC(=O)c2cccc(Cl)c2)n1,True,2.1260000000000003,0.09100000000000019,0.6274509803921569,False,False
1.0,bin,8,-0.0693100094795227,-0.12460005283355713,-0.014019966125488281,1842499,COc1ccccc1COc1ccccc1-c1cnn(CCO)c1,3.1300000000000017,Cn1cc(-c2ccccc2OCc2ccccc2N)cn1,True,3.2483000000000013,0.11829999999999963,0.5576923076923077,False,True
1.0,bin,8,-0.0693100094795227,-0.12460005283355713,-0.014019966125488281,1865564,COC(CNC(=O)c1ccoc1)c1cccc(F)c1,2.536200000000001,COc1ccc(C(CNC(=O)c2ccoc2)OC)cc1,True,2.4057000000000004,-0.1305000000000005,0.6470588235294118,False,True
1.0,bin,8,-0.0693100094795227,-0.12460005283355713,-0.014019966125488281,1868773,CCCOc1ccc(Cl)c2c1CCNC2C1CC(=O)C1,3.2947000000000015,CCCCc1ccc2c(c1)C1(CCC(=O)C1=O)NCC2,True,2.3022,-0.9925000000000015,0.18055555555555555,False,True
1.0,bin,8,-0.0693100094795227,-0.12460005283355713,-0.014019966125488281,1873123,CCC1OC(=O)c2c(OC)ccc(Br)c21,3.079200000000002,CCOc1ccc(Br)cc1C(=O)O,True,2.5460000000000003,-0.5332000000000017,0.24489795918367346,False,True
1.0,bin,8,-0.0693100094795227,-0.12460005283355713,-0.014019966125488281,1875028,Cc1cccc(C)c1NCC(=O)N1CCCC2CCCCC21,3.8965400000000034,O=C(CNc1cc(F)ccc1F)NCCC1CCCCC1,True,3.463300000000002,-0.4332400000000014,0.25,False,True
1.0,bin,8,-0.0693100094795227,-0.12460005283355713,-0.014019966125488281,1895921,CCC(CC)N(C)C(=O)CC1OC(=O)c2ccccc21,2.935200000000002,CCN(CC(C)C#N)C(=O)CC1OC(=O)c2ccccc21,True,2.29638,-0.6388200000000017,0.5660377358490566,False,True
1.0,bin,8,-0.0693100094795227,-0.12460005283355713,-0.014019966125488281,1907077,Cc1ccc2[nH]nc(C(=O)Nc3nc(-c4ccco4)cs3)c2c1,3.8401200000000015,Cc1ccc2[nH]nc(C(=O)Nc3nc(-c4ccco4)cs3)c2c1,True,3.8401200000000015,0.0,1.0,True,False
1.0,bin,8,-0.0693100094795227,-0.12460005283355713,-0.014019966125488281,1913063,Cc1nn(C)c(C)c1CN(C(=O)c1cn2cccc(C)c2n1)C1CC1,2.797860000000001,C#CCn1nc(C)c(CN(C(=O)c2cn3ccccc3n2)C2CC2)c1C,True,2.5856400000000006,-0.2122200000000003,0.5571428571428572,False,True
1.0,bin,8,-0.0693100094795227,-0.12460005283355713,-0.014019966125488281,1922265,CN(CCNC(=O)c1ccc2c(c1)ncn2C)c1ccccc1,2.4395000000000007,CN(CCNC(=O)c1ccc2c(c1)ncn2C)c1ccccc1,True,2.4395000000000007,0.0,1.0,True,False
1.0,bin,9,-0.007009983062744141,-0.014019966125488281,0.0,32052,COc1ccccc1CNC(=O)Cc1c[nH]c2ccccc12,3.035400000000001,O=C(Cc1c[nH]c2ccccc12)NCc1ccccc1,True,3.0268000000000015,-0.008599999999999497,0.6590909090909091,False,False
1.0,bin,9,-0.007009983062744141,-0.014019966125488281,0.0,116747,COCCSc1ccccc1C(=O)Nc1cccc(C)n1,3.3808200000000017,COc1cc(OC)c(C(=O)Nc2cccc(C)n2)cc1Cl,True,3.312920000000001,-0.06790000000000074,0.4909090909090909,False,True
1.0,bin,9,-0.007009983062744141,-0.014019966125488281,0.0,131060,CS(=O)(=O)NCCc1csc(-c2ccc(F)cc2)n1,2.0408999999999997,CCS(=O)(=O)NCCC(N=Cc1ccc(C)cc1)OCS,True,1.9733199999999997,-0.06757999999999997,0.17647058823529413,False,True
1.0,bin,9,-0.007009983062744141,-0.014019966125488281,0.0,131949,CCc1c(C)nc(SCC(=O)NC(C)C)[nH]c1=O,1.25742,CCc1c(C)nc(SCC(=O)NC(C)C)[nH]c1=O,True,1.25742,0.0,1.0,True,False
1.0,bin,9,-0.007009983062744141,-0.014019966125488281,0.0,158879,COc1ccc(CC(=O)OCC(=O)c2c[nH]c3ccccc23)cc1,3.145100000000001,O=C(Cc1ccccc1)OCC(=O)c1c[nH]c2ccccc12,True,3.1365000000000016,-0.008599999999999497,0.7777777777777778,False,True
1.0,bin,9,-0.007009983062744141,-0.014019966125488281,0.0,232056,COCCNC(=O)c1cc(=O)c2cc(C)ccc2o1,1.4776199999999993,Cc1ccc2oc(C(=O)NCCO)cc(=O)c2c1,True,0.8235199999999998,-0.6540999999999995,0.7727272727272727,False,True
1.0,bin,9,-0.007009983062744141,-0.014019966125488281,0.0,235788,O=C(Cn1nc(-c2ccco2)oc1=O)NCC(F)(F)F,0.7747999999999999,CC(C)(C)NC(=O)Cn1nc(-c2ccco2)oc1=O,True,1.011,0.23619999999999997,0.6862745098039216,False,True
1.0,bin,9,-0.007009983062744141,-0.014019966125488281,0.0,236081,CC(=O)c1c(C)[nH]c(C(=O)CSc2nc(C(C)C)n[nH]2)c1C,3.0506400000000014,CCc1nc(C(C)C)[nH]c1C(=O)CSC1=NC(C)=C(C)NO1,True,3.1536000000000017,0.10296000000000038,0.3088235294117647,False,True
1.0,bin,9,-0.007009983062744141,-0.014019966125488281,0.0,281081,O=C(Cn1cccn1)NCc1cccnc1Oc1ccc(F)cc1F,2.665000000000001,Cc1ccc(Oc2ncccc2CNC(=O)Cn2cccn2)cc1,True,2.69522,0.030219999999999025,0.6666666666666666,False,True
1.0,bin,9,-0.007009983062744141,-0.014019966125488281,0.0,284170,COc1ccc(-c2nc(CC(=O)Nc3cccc(C)n3)cs2)cc1,3.7033200000000024,O=C(Cc1csc(-c2ccc(F)cc2)n1)Nc1ccccn1,True,3.525400000000001,-0.1779200000000012,0.5423728813559322,False,True
1.0,bin,9,-0.007009983062744141,-0.014019966125488281,0.0,288369,Cc1ccc(NCc2nnc3n2CCCCC3)cc1C,3.2334400000000016,CCN(CC)C(=O)c1cccc(NCc2nnc3n2CCCCC3)c1,True,3.098600000000002,-0.13483999999999963,0.5689655172413793,False,True
1.0,bin,9,-0.007009983062744141,-0.014019966125488281,0.0,302889,COc1ccc(OC)c(NC(=O)CCNC(=O)c2cccs2)c1,2.5239000000000003,O=C(CCNC(=O)c1cccs1)Nc1ccccc1F,True,2.6458000000000004,0.12190000000000012,0.5740740740740741,False,False
1.0,bin,9,-0.007009983062744141,-0.014019966125488281,0.0,327141,COc1ccc(OC)c(S(=O)(=O)Nc2ccn(C)n2)c1,1.2381,COc1ccc(OC)c(S(=O)(=O)Nc2ccn(C)n2)c1,True,1.2381,0.0,1.0,True,False
1.0,bin,9,-0.007009983062744141,-0.014019966125488281,0.0,327382,CNC(=O)C1CN(C(=O)c2c(C)noc2C)c2ccccc2O1,1.4452399999999996,Cc1noc(C)c1C(=O)N1CC(C(N)=O)Oc2ccc(F)cc21,True,1.3236399999999995,-0.12160000000000015,0.5932203389830508,False,True
1.0,bin,9,-0.007009983062744141,-0.014019966125488281,0.0,406491,COCCNC(=O)C1CCCN(S(=O)(=O)N2CCOCC2)C1,-0.9619999999999964,CNC(=O)C1CCCN(S(=O)(=O)N2CCOCC2)C1,True,-0.9785999999999977,-0.01660000000000128,0.6666666666666666,False,True
1.0,bin,9,-0.007009983062744141,-0.014019966125488281,0.0,413951,O=C(Cn1ncn2cccc2c1=O)N1CCCCCC1,0.8985999999999996,CC1CCCCN1C(=O)Cn1ncn2cccc2c1=O,True,0.8969999999999998,-0.0015999999999998238,0.6666666666666666,False,False
1.0,bin,9,-0.007009983062744141,-0.014019966125488281,0.0,427929,CCNc1nc(NCc2ccccc2Cl)c2cnn(C)c2n1,3.060600000000001,CN(C)c1nc(NCc2cccc(Cl)c2)c2cnn(C)c2n1,True,2.6948000000000008,-0.3658000000000001,0.45161290322580644,False,False
1.0,bin,9,-0.007009983062744141,-0.014019966125488281,0.0,447130,CCC(NC(=O)C1CCN(C(=O)C2CC2)CC1)c1ccc(C)cc1,3.2109200000000016,CC(C)c1ccc(CNC(=O)C2CCN(C(=O)C3CC3)CC2)cc1,True,3.0748000000000015,-0.13612000000000002,0.5283018867924528,False,True
1.0,bin,9,-0.007009983062744141,-0.014019966125488281,0.0,481908,CCNS(=O)(=O)c1ccc(C)c(C(=O)Nc2ncccc2C)c1,2.24894,COc1ccc(NC(C)=O)cc1C(=O)Nc1ncccc1C,True,2.6093200000000003,0.36038000000000014,0.45,False,True
1.0,bin,9,-0.007009983062744141,-0.014019966125488281,0.0,485220,Cc1nn(CC(=O)N2CCN(C)CC2)c(C)c1Br,1.03644,Cc1nn(CC(=O)N2CCN(C)CC2)c(C)c1Br,True,1.03644,0.0,1.0,True,False
1.0,bin,9,-0.007009983062744141,-0.014019966125488281,0.0,526363,Cc1nnc(SCC(=O)Nc2ccc(O)cc2)n(N)c1=O,0.09692,COc1ccccc1NC(=O)C[SH]1C=NN=C(N)C1=O,True,0.4756,0.37868,0.19444444444444445,False,True
1.0,bin,9,-0.007009983062744141,-0.014019966125488281,0.0,536853,COc1ccc(C2CCCN2C(=O)C2CCC2)c(OC)c1,3.1674000000000015,COc1ccnc(C2CCC2)c1C(=O)N1CCCC1,True,2.593700000000001,-0.5737000000000005,0.3114754098360656,False,True
1.0,bin,9,-0.007009983062744141,-0.014019966125488281,0.0,540312,Cc1nn(C)c2nc(C3CC3)cc(C(=O)NCC(=O)NC(C)(C)C)c12,1.7986199999999997,Cc1nn(C)c2nc(C3CC3)cc(C(=O)NCCC#N)c12,True,1.7975999999999996,-0.0010200000000000209,0.6610169491525424,False,True
1.0,bin,9,-0.007009983062744141,-0.014019966125488281,0.0,544381,Cc1nc(N2CCCC(C(=O)NC(C)C)C2)c2c(C)c(C)oc2n1,2.8890600000000006,CCOCN=C(C)N=C(C)CN1CCC(C(=O)NCC(C)C)CC1,True,2.3438999999999997,-0.545160000000001,0.175,False,True
1.0,bin,9,-0.007009983062744141,-0.014019966125488281,0.0,544382,CCCNC(=O)C1CCCN(c2nc(C)nc3oc(C)c(C)c23)C1,2.8906600000000013,C=C1CC(C(=O)NCC)CCN1C1N=C(C)N=COCN=C1C(C)C,True,2.2057,-0.6849600000000011,0.22988505747126436,False,True
1.0,bin,9,-0.007009983062744141,-0.014019966125488281,0.0,550049,Cc1ccc(C)c(OCC(=O)Nc2cccc(-n3cnnc3)c2)c1,2.9016400000000013,CN(C(=O)COc1ccccc1)c1cc(-n2cnnc2)ccc1Cl,True,2.9625000000000012,0.060859999999999914,0.3382352941176471,False,True
1.0,bin,9,-0.007009983062744141,-0.014019966125488281,0.0,573533,Cc1nn(-c2ncc(C(F)(F)F)cc2Cl)c(=O)o1,2.2011199999999995,CCOC(=O)C=CC=C(CC(F)(F)F)n1nc(C)oc1=O,True,2.05732,-0.1437999999999997,0.26153846153846155,False,True
1.0,bin,9,-0.007009983062744141,-0.014019966125488281,0.0,582555,O=C(NCC(O)c1ccccc1)c1ccc2c(=O)n3c(nc2c1)CCC3,1.8061000000000003,C=c1nc(CCC)[nH]c(=O)c1=CCC(=O)NCC(O)c1ccc(O)cc1F,True,-0.002199999999999147,-1.8082999999999994,0.1935483870967742,False,True
1.0,bin,9,-0.007009983062744141,-0.014019966125488281,0.0,588547,Cc1n[nH]c(C)c1NC(=O)CCc1ccc(Cl)cc1Cl,3.9046400000000023,Cc1n[nH]c(C)c1NC(=O)CC(C)(C)c1ccc(F)c(F)c1,True,3.6111400000000025,-0.29349999999999987,0.46551724137931033,False,True
1.0,bin,9,-0.007009983062744141,-0.014019966125488281,0.0,607673,CCCN(CC1CC1)S(=O)(=O)c1ccccc1F,2.636400000000001,C=CN(C)C(=O)CCC=CC=CS(=O)(=O)N(CCC)CC1CC1,True,2.890200000000001,0.2538,0.32786885245901637,False,True
1.0,bin,9,-0.007009983062744141,-0.014019966125488281,0.0,617681,Cc1cc(C(=O)Nc2nc(-c3ccncc3)cs2)nn1C(C)C,3.5432200000000016,Cc1cc(C(=O)Nc2nc(-c3ccncc3)cs2)n[nH]1,True,2.4889200000000002,-1.0543000000000013,0.6,False,True
1.0,bin,9,-0.007009983062744141,-0.014019966125488281,0.0,650267,COc1ccc2oc(C(=O)NC3CCCCNC3=O)c(C)c2c1,2.14832,Cc1c(C(=O)NC2CCCCNC2)oc2ccccc12,True,2.6131200000000003,0.4648000000000003,0.46153846153846156,False,True
1.0,bin,9,-0.007009983062744141,-0.014019966125488281,0.0,668639,Cc1cc(NC(=O)c2ccccc2Cl)ncc1N,2.8779200000000005,Cc1cc(N)nc(NC(=O)c2ccc(F)cc2Cl)c1,True,3.0170200000000005,0.1391,0.41818181818181815,False,True
1.0,bin,9,-0.007009983062744141,-0.014019966125488281,0.0,673160,CCC(=O)Nc1ccc2oc(C(F)(F)F)cc(=O)c2c1,3.160300000000001,COC(=O)C=C1COC2=CC(NC(=O)C(C)C)=CC(=O)C2C=C1Cl,True,1.9775999999999996,-1.1827000000000016,0.12658227848101267,False,True
1.0,bin,9,-0.007009983062744141,-0.014019966125488281,0.0,711169,Cc1cccc(C(C)C)c1NC(=O)N(C)Cc1ccncc1,4.177320000000003,CCCCOc1ccccc1NC(=O)N(C)Cc1ccncc1,True,3.924400000000003,-0.2529199999999996,0.4576271186440678,False,False
1.0,bin,9,-0.007009983062744141,-0.014019966125488281,0.0,720969,Cc1noc(C)c1CCC(=O)OCC(=O)N1c2ccccc2CC1C,2.7450400000000013,Cc1noc(C)c1CCC(=O)OCC(=O)N1CC(C)c2ccccc21,True,2.9175400000000016,0.17250000000000032,0.6612903225806451,False,True
1.0,bin,9,-0.007009983062744141,-0.014019966125488281,0.0,730789,COC(=O)C1CCN(C(=O)c2cc3ccc(F)cc3nc2C)CC1,2.7075200000000006,Cc1nc2ccc(F)cc2cc1C(=O)N1CCC(C(N)=O)CC1,True,2.01982,-0.6877000000000004,0.6363636363636364,False,True
1.0,bin,9,-0.007009983062744141,-0.014019966125488281,0.0,738178,Cc1ccc(-n2ccnc2SCc2nc(C3CC3)no2)cc1C,4.041840000000003,Cc1ccc(-n2ccnc2SCc2nc(C3CC3)no2)c(C)c1,True,4.041840000000003,0.0,0.7142857142857143,False,True
1.0,bin,9,-0.007009983062744141,-0.014019966125488281,0.0,771897,COc1ccccc1OCC(=O)N(C)Cc1sccc1C,3.102520000000002,COc1ccccc1OCC(=O)N(C)C(C)c1cccs1,True,3.355100000000002,0.25258,0.5185185185185185,False,True
1.0,bin,9,-0.007009983062744141,-0.014019966125488281,0.0,811446,COC(=O)C1(NC(=O)c2cc(Br)c[nH]2)CCCCCC1,2.7730000000000006,O=C(NC1(CCO)CCCCC1)c1cc(Br)c[nH]1,True,2.5923000000000007,-0.18069999999999986,0.5833333333333334,False,True
1.0,bin,9,-0.007009983062744141,-0.014019966125488281,0.0,848291,CCC(C)NC(=O)NCc1noc(-c2cccs2)n1,2.3958000000000004,CCCC(C)NC(=O)NCc1noc(-c2cccs2)n1,True,2.7859000000000007,0.39010000000000034,0.8431372549019608,False,False
1.0,bin,9,-0.007009983062744141,-0.014019966125488281,0.0,863440,COc1ccc(-c2nc(CCCO)cs2)cc1OC,2.752200000000001,CC(CO)c1ccc(-c2nc(CC#N)cs2)cc1,True,2.971980000000001,0.2197800000000001,0.35714285714285715,False,True
1.0,bin,9,-0.007009983062744141,-0.014019966125488281,0.0,864663,N#Cc1ccc(-c2cc(F)ccc2F)nc1N1CCCC1,3.498680000000002,N#Cc1ccc(N2CCCC2)nc1-c1cccc(F)c1,True,3.359580000000002,-0.1391,0.4444444444444444,False,True
1.0,bin,9,-0.007009983062744141,-0.014019966125488281,0.0,872100,CCc1cccc(C)c1NCC(O)c1ccc2c(c1)OCCO2,3.474120000000002,OC(CNc1ccc(Cl)c(F)c1F)c1ccc2c(c1)OCCO2,True,3.5349000000000013,0.06077999999999939,0.4827586206896552,False,True
1.0,bin,9,-0.007009983062744141,-0.014019966125488281,0.0,886334,COc1ccc(C(=O)N2CCCC(C(=O)N3CCCCC3)C2)c(O)c1,2.2655000000000003,O=C(c1ccccc1)N1CCCC(C(=O)N2CCCC(O)C2)C1,True,1.5221,-0.7434000000000003,0.42857142857142855,False,True
1.0,bin,9,-0.007009983062744141,-0.014019966125488281,0.0,887387,COCCNC(=O)N(Cc1cccc(F)c1)CC1CCCO1,2.1627,CCS(=O)(=O)N(Cc1cccc(OC)c1)CC1CCCO1,True,2.0259,-0.13680000000000003,0.4411764705882353,False,True
1.0,bin,9,-0.007009983062744141,-0.014019966125488281,0.0,889149,N#Cc1ccc(NC(=O)c2ccc(Br)cc2Cl)nc1,3.621480000000001,CC(C)(C)Oc1ccc(F)c(C(=O)Nc2ccc(C#N)cn2)c1,True,3.521980000000002,-0.09949999999999903,0.4915254237288136,False,True
1.0,bin,9,-0.007009983062744141,-0.014019966125488281,0.0,913483,O=C(CNC(=O)NCCc1c(Cl)cccc1Cl)NC1CC1,2.1137000000000006,CCC(CNC(=O)NCC(=O)NC1CC1)c1cccc(Cl)c1,True,2.4114000000000004,0.29769999999999985,0.5,False,True
1.0,bin,9,-0.007009983062744141,-0.014019966125488281,0.0,917620,C=CCN(Cc1ccccc1OC)C(=O)c1csc(C)n1,3.288520000000002,CCN(Cc1ccccc1F)C(=O)c1csc(COC)n1,True,3.0909000000000013,-0.19762000000000057,0.421875,False,True
1.0,bin,9,-0.007009983062744141,-0.014019966125488281,0.0,918312,CCOc1ccc(Cl)c(C(=O)N2CCN(c3ncccn3)CC2)n1,1.8860999999999997,O=C(c1ccc(Cl)cn1)N1CCN(c2ncccn2)CC1,True,1.4873999999999998,-0.39869999999999983,0.48148148148148145,False,True
1.0,bin,9,-0.007009983062744141,-0.014019966125488281,0.0,922879,CC(=O)c1ccc(N2CCN(Cc3c(F)cccc3F)CC2)cc1,3.489600000000003,CC(=O)c1ccc(N2CCN(Cc3cccc(C)c3)CC2)cc1,True,3.519820000000003,0.030219999999999914,0.6170212765957447,False,True
1.0,bin,9,-0.007009983062744141,-0.014019966125488281,0.0,927535,COc1cc(CN2CCN(c3ccccc3F)CC2)ccc1O,2.862100000000002,Oc1ccc(F)cc1N1CCN(Cc2ccccc2F)CC1,True,2.992600000000002,0.13050000000000006,0.49056603773584906,False,True
1.0,bin,9,-0.007009983062744141,-0.014019966125488281,0.0,927567,Cc1ccccc1N1CCN(Cc2cccc(O)c2)CC1,3.022820000000001,OCC1CN(c2ccccc2)CCN1Cc1ccccc1,True,2.369700000000001,-0.6531200000000004,0.2777777777777778,False,True
1.0,bin,9,-0.007009983062744141,-0.014019966125488281,0.0,938108,CC(c1ccccc1)N(C)C(=O)CCC(=O)Nc1nccs1,3.0814000000000012,CC(c1ccccc1)N(C)C(=O)CCC(=O)Nc1nccs1,True,3.0814000000000012,0.0,1.0,True,False
1.0,bin,9,-0.007009983062744141,-0.014019966125488281,0.0,943303,CN(CCCOc1ccccc1)C(=O)Nc1cccc2c1OCCO2,3.390600000000002,O=C(NCCCOc1ccccc1)Nc1cccc2c1OCCO2,True,3.048400000000001,-0.34220000000000095,0.6545454545454545,False,True
1.0,bin,9,-0.007009983062744141,-0.014019966125488281,0.0,946289,CC(NC(=O)C1(c2cc(-c3ccco3)on2)CC1)c1ccccc1,3.843600000000002,C=C(c1ccccc1)N(C)C(=O)C(CC)c1cc(-c2ccco2)on1,True,4.557500000000004,0.7139000000000015,0.37681159420289856,False,True
1.0,bin,9,-0.007009983062744141,-0.014019966125488281,0.0,994077,Cc1nnc(Cn2c(-c3cccc(Br)c3)noc2=O)o1,2.0055199999999997,Cc1nnc(Cn2c(-c3cccc(Cl)c3)noc2=O)o1,True,1.8964199999999998,-0.10909999999999997,0.7551020408163265,False,True
1.0,bin,9,-0.007009983062744141,-0.014019966125488281,0.0,1065620,O=C(NCc1cccnc1Oc1ccccc1)c1cccnc1,3.198900000000002,C=NC=CCC(=O)NCc1cccnc1Oc1ccccc1F,True,3.233600000000002,0.03469999999999995,0.3939393939393939,False,True
1.0,bin,9,-0.007009983062744141,-0.014019966125488281,0.0,1093926,CN(C(=O)CNc1cccc(OCC2CCCO2)c1)c1ccccc1,3.319300000000002,O=C(CNc1cccc(OCC2CCCO2)c1)Nc1ccc(F)cc1,True,3.4341000000000017,0.11479999999999979,0.6190476190476191,False,True
1.0,bin,9,-0.007009983062744141,-0.014019966125488281,0.0,1107920,CCc1ccc(-n2cc(C(=O)NC(C)c3ccccc3)nn2)cc1,3.320700000000002,CC(NC(=O)c1cn(-c2ccc(Cl)cc2)nn1)c1ccccc1,True,3.4117000000000015,0.0909999999999993,0.7551020408163265,False,True
1.0,bin,9,-0.007009983062744141,-0.014019966125488281,0.0,1113130,CC(NC(=O)Cn1nnnc1C(C)(C)C)c1cccc2ccccc12,3.0012000000000016,Cc1nnnn1CC(=O)NC(C)c1cccc2c(Cl)cccc12,True,2.66552,-0.33568000000000175,0.5689655172413793,False,True
1.0,bin,9,-0.007009983062744141,-0.014019966125488281,0.0,1121751,COC(=O)Cn1ccc(NS(=O)(=O)c2ccc(F)c(F)c2F)n1,1.2742,COC(=O)Cn1ccc(NS(=O)(=O)c2ccccc2)n1,True,0.8569,-0.4173,0.6274509803921569,False,True
1.0,bin,9,-0.007009983062744141,-0.014019966125488281,0.0,1142531,CCOC(C)C(=O)NCCc1csc(-c2ccc(C)cc2)n1,3.2022200000000014,CCOC(=O)c1csc(-c2ccccc2)n1,True,2.9868000000000015,-0.21541999999999994,0.3793103448275862,False,True
1.0,bin,9,-0.007009983062744141,-0.014019966125488281,0.0,1212157,CN(Cc1ccc(F)c(F)c1)C(=O)c1cncc(-c2cnn(C)c2)c1,3.0325000000000015,CC(NC(=O)c1cncc(-c2cnn(C)c2)c1)c1ccc(F)cc1,True,3.1122000000000023,0.07970000000000077,0.46875,False,True
1.0,bin,9,-0.007009983062744141,-0.014019966125488281,0.0,1215394,CCn1nc(C)cc1C(=O)Oc1cccc(NC(=O)C(C)C)c1,3.025120000000001,CCOC1=CC=C(OC(=O)c2cc(C)nn2C(C)CC)C1,True,3.5273200000000022,0.5022000000000011,0.3582089552238806,False,True
1.0,bin,9,-0.007009983062744141,-0.014019966125488281,0.0,1232922,CC(C)(C)OC(=O)NC1CCCN(S(=O)(=O)N2CCOCC2)C1,0.5525000000000011,CC(C)(C)C(=O)NC1CCCN(S(=O)(=O)N2CCOCC2)C1,True,0.1901000000000017,-0.3623999999999994,0.723404255319149,False,True
1.0,bin,9,-0.007009983062744141,-0.014019966125488281,0.0,1238973,FC(F)(F)c1cnc(N2CCn3c(nnc3C3CC3)C2)c(Cl)c1,3.2429000000000023,CC(C)c1cccnc1NCCn1cnnc1C1CC1C,True,3.032000000000002,-0.21090000000000053,0.12195121951219512,False,True
1.0,bin,9,-0.007009983062744141,-0.014019966125488281,0.0,1299495,Cc1cc(CC(=O)N2CCCC2C(C#N)c2ccccc2)no1,2.823900000000001,Cc1cc(CC(=O)N2CCCC2C(C#N)c2ccccc2)no1,True,2.823900000000001,0.0,1.0,True,False
1.0,bin,9,-0.007009983062744141,-0.014019966125488281,0.0,1309906,CC(C)CC(NC(=O)c1cc(=O)c2ccccc2o1)C(=O)OC(C)C,2.8891000000000018,CC(C)CC(C)NC(=O)c1cc(=O)c2ccccc2o1,True,2.9574000000000007,0.06829999999999892,0.6938775510204082,False,True
1.0,bin,9,-0.007009983062744141,-0.014019966125488281,0.0,1362816,COCc1cccc(C(=O)NC2CC2c2cccc(Cl)c2)c1,3.772300000000002,O=C(NC1CC1c1cccc(Cl)c1)c1ccc(F)cc1F,True,3.9041000000000023,0.13180000000000014,0.5172413793103449,False,True
1.0,bin,9,-0.007009983062744141,-0.014019966125488281,0.0,1441838,COCC(=O)NC(C(=O)Nc1cccc(-c2nccs2)c1)C(C)C,2.5358,CC(C)C(NC(N)=O)C(=O)Nc1cccc(-c2nccs2)c1,True,2.4414999999999996,-0.0943000000000005,0.7321428571428571,False,True
1.0,bin,9,-0.007009983062744141,-0.014019966125488281,0.0,1450449,CCCNC(=O)CSc1nc2c(cc1C#N)CCCC2,2.450380000000001,CCCN(C(=O)CSc1ncc(C#N)cc1C#N)C(C)C,True,2.5640600000000004,0.11367999999999956,0.3382352941176471,False,True
1.0,bin,9,-0.007009983062744141,-0.014019966125488281,0.0,1451910,O=S(=O)(NCc1nnc2ccccn12)c1ccc(F)c(F)c1,1.4859999999999995,Cc1cccc(S(=O)(=O)NCc2nnc3ccccn23)c1,True,1.51622,0.030220000000000358,0.68,False,True
1.0,bin,9,-0.007009983062744141,-0.014019966125488281,0.0,1479798,Cc1nc(C)c(CCC(=O)N(CC(C)C)CC(F)(F)F)c(=O)[nH]1,2.3662400000000003,CCCN(CC(F)F)C(=O)CCc1c(C)nc(C)[nH]c1=O,True,1.8230399999999998,-0.5432000000000006,0.6111111111111112,False,True
1.0,bin,9,-0.007009983062744141,-0.014019966125488281,0.0,1507926,COC(=O)C(C)NC(=O)Cc1csc(-c2ccccc2Cl)n1,2.6837,O=C(Cc1csc(-c2ccccc2Cl)n1)NCCCO,True,2.5046000000000004,-0.1790999999999996,0.5818181818181818,False,False
1.0,bin,9,-0.007009983062744141,-0.014019966125488281,0.0,1527882,Nc1ncccc1C(=O)Nc1ccc2cn[nH]c2c1,1.7923999999999998,Nc1ncccc1C(=O)Nc1ccc2cn[nH]c2c1,True,1.7923999999999998,0.0,1.0,True,False
1.0,bin,9,-0.007009983062744141,-0.014019966125488281,0.0,1532848,COc1ccc(-c2ccc3c(=O)[nH]cnc3c2)cc1Cl,3.2521000000000013,O=c1[nH]cnc2cc(-c3cccc(Cl)c3)ccc12,True,3.243500000000001,-0.008600000000000385,0.6,False,False
1.0,bin,9,-0.007009983062744141,-0.014019966125488281,0.0,1548351,COc1cc(OC)c2c(c1)C(c1cnccn1)NCC2,1.7288999999999999,COc1ccc2c(c1F)C(c1cnccn1)NCC2,True,1.8593999999999997,0.13049999999999984,0.5370370370370371,False,False
1.0,bin,9,-0.007009983062744141,-0.014019966125488281,0.0,1570134,COc1cccc(C(C)N2CCN(C(=O)c3ccc(O)cc3)CC2)c1,2.9198000000000013,CC(c1ccc(O)cc1)N1CCN(C(=O)c2cccc(F)c2)CC1,True,3.050300000000002,0.1305000000000005,0.5849056603773585,False,True
1.0,bin,9,-0.007009983062744141,-0.014019966125488281,0.0,1611406,CC(C)(C)N1CC(NC(=O)C2COc3ccc(F)cc3C2)CC1=O,1.8923999999999994,CC(C)(C)N1CC(NC(=O)C2COc3ccccc3C2)CC1=O,True,1.7532999999999992,-0.13910000000000022,0.7454545454545455,False,True
1.0,bin,9,-0.007009983062744141,-0.014019966125488281,0.0,1612684,CCCC1CN(C(=O)Nc2ccn(CCC(C)C)n2)CCO1,2.9620000000000015,CCC(C)Cn1ccc(NC(=O)N2CCOC(C)(C)C2)n1,True,2.5719000000000003,-0.3901000000000012,0.47058823529411764,False,True
1.0,bin,9,-0.007009983062744141,-0.014019966125488281,0.0,1639675,CCC(CC)c1nnc(NC(=O)c2scnc2C2CC2)s1,4.0279000000000025,CC(C)c1nnc(NC(=O)c2scnc2C2CC2)s1,True,3.247700000000002,-0.7802000000000007,0.7872340425531915,False,False
1.0,bin,9,-0.007009983062744141,-0.014019966125488281,0.0,1675660,COc1ccnc(NC(=O)c2cccc(Cl)c2)c1,2.9959000000000007,O=C(Nc1cc(Cl)ccn1)c1ccc(O)cc1,True,2.6929000000000007,-0.30299999999999994,0.5106382978723404,False,True
1.0,bin,9,-0.007009983062744141,-0.014019966125488281,0.0,1689728,CCc1noc(CSc2ncnc3sc(C)cc23)n1,3.237420000000002,CCc1noc(CSc2ncnc3sc(C)cc23)n1,True,3.237420000000002,0.0,1.0,True,False
1.0,bin,9,-0.007009983062744141,-0.014019966125488281,0.0,1720876,CC(C)(C)CC(=O)NCC(=O)Nc1ccc2c(c1)COC2,2.2077,CC(C)N(C)C(=O)CCC(=O)Nc1ccc2c(c1)COC2,True,2.3023000000000007,0.09460000000000068,0.5094339622641509,False,True
1.0,bin,9,-0.007009983062744141,-0.014019966125488281,0.0,1757109,CC(C)Cc1ncc(CNc2ccc3c(c2)COC3)s1,3.983900000000003,CC(C)(C)c1ncc(CNc2ccc3c(c2)COC3)s1,True,4.082900000000003,0.0990000000000002,0.64,False,True
1.0,bin,9,-0.007009983062744141,-0.014019966125488281,0.0,1774061,O=C1NCCCc2[nH]c(-c3cccc4[nH]ccc34)nc21,2.234,C=C1NC=CC1(F)C=CC=CC1C=C(CNC=O)CCN1,True,1.4719999999999998,-0.7620000000000002,0.08139534883720931,False,True
1.0,bin,9,-0.007009983062744141,-0.014019966125488281,0.0,1800687,Cc1nn(C)c(-c2nc(-c3cccnn3)no2)c1Cl,1.8889199999999997,Cc1nn(C)c(C=NC(=NO)c2ccc(OCC(F)F)nn2)c1C,True,1.7257399999999998,-0.16317999999999988,0.16666666666666666,False,True
1.0,bin,9,-0.007009983062744141,-0.014019966125488281,0.0,1815867,FC(F)(F)c1ccc(CN2CCOCC2c2ncon2)cc1,2.661900000000001,Clc1ccccc1CN1CCOCC1c1ncon1,True,2.2965,-0.36540000000000106,0.6111111111111112,False,True
1.0,bin,9,-0.007009983062744141,-0.014019966125488281,0.0,1828580,Cc1ccc(N2CC3OCC(=O)N(Cc4cccc(F)c4)C3C2)nn1,1.54032,Cc1ccccc1C1CCN(c2cccnn2)C(=O)COCCN1,True,1.8692199999999997,0.32889999999999975,0.19540229885057472,False,True
1.0,bin,9,-0.007009983062744141,-0.014019966125488281,0.0,1836183,CCc1ccc(C(=O)NCc2nccc(N(C)C)n2)cc1,2.035,CN(C)c1ccnc(CNC(=O)c2cccc(Cl)c2)n1,True,2.1260000000000003,0.09100000000000019,0.6274509803921569,False,False
1.0,bin,9,-0.007009983062744141,-0.014019966125488281,0.0,1842499,COc1ccccc1COc1ccccc1-c1cnn(CCO)c1,3.1300000000000017,OCCn1cc(-c2ccccc2OCc2ccccc2O)cn1,True,2.827000000000001,-0.3030000000000008,0.7659574468085106,False,True
1.0,bin,9,-0.007009983062744141,-0.014019966125488281,0.0,1865564,COC(CNC(=O)c1ccoc1)c1cccc(F)c1,2.536200000000001,COC=C1C=C(C(C#N)CNC(=O)c2ccoc2)C=C1F,True,2.472880000000001,-0.06332000000000004,0.4393939393939394,False,True
1.0,bin,9,-0.007009983062744141,-0.014019966125488281,0.0,1868773,CCCOc1ccc(Cl)c2c1CCNC2C1CC(=O)C1,3.2947000000000015,CC(C)(C)Oc1cccc2c1CCNC21CCC(=O)C1,True,2.9579000000000013,-0.3368000000000002,0.2318840579710145,False,True
1.0,bin,9,-0.007009983062744141,-0.014019966125488281,0.0,1873123,CCC1OC(=O)c2c(OC)ccc(Br)c21,3.079200000000002,CCC1OC(=O)c2c(OC)ccc(Br)c21,True,3.079200000000002,0.0,1.0,True,False
1.0,bin,9,-0.007009983062744141,-0.014019966125488281,0.0,1875028,Cc1cccc(C)c1NCC(=O)N1CCCC2CCCCC21,3.8965400000000034,CCOc1ccc(NCC(=O)N2CCCC3CCCCC32)c(C)c1,True,3.9868200000000034,0.09027999999999992,0.5925925925925926,False,True
1.0,bin,9,-0.007009983062744141,-0.014019966125488281,0.0,1895921,CCC(CC)N(C)C(=O)CC1OC(=O)c2ccccc21,2.935200000000002,CC(C)CCN(C)C(=O)CC1OC(=O)c2ccccc21,True,2.792700000000001,-0.14250000000000096,0.625,False,False
1.0,bin,9,-0.007009983062744141,-0.014019966125488281,0.0,1907077,Cc1ccc2[nH]nc(C(=O)Nc3nc(-c4ccco4)cs3)c2c1,3.8401200000000015,Cc1ccc2[nH]nc(C(=O)Nc3nc(-c4ccco4)cs3)c2c1,True,3.8401200000000015,0.0,1.0,True,False
1.0,bin,9,-0.007009983062744141,-0.014019966125488281,0.0,1913063,Cc1nn(C)c(C)c1CN(C(=O)c1cn2cccc(C)c2n1)C1CC1,2.797860000000001,CCN(Cc1cn(C)nc1C)C(=O)c1cn2cccc(C)c2n1,True,2.34694,-0.4509200000000009,0.5151515151515151,False,True
1.0,bin,9,-0.007009983062744141,-0.014019966125488281,0.0,1922265,CN(CCNC(=O)c1ccc2c(c1)ncn2C)c1ccccc1,2.4395000000000007,Cn1cnc2cc(C(=O)NCCNc3cccc(F)c3)ccc21,True,2.5543000000000005,0.11479999999999979,0.5862068965517241,False,True
1.0,bin,10,0.007009983062744141,0.0,0.014019966125488281,32052,COc1ccccc1CNC(=O)Cc1c[nH]c2ccccc12,3.035400000000001,COc1ccccc1CNC(=O)Cc1c[nH]c2ccc(F)cc12,True,3.174500000000001,0.1391,0.7708333333333334,False,True
1.0,bin,10,0.007009983062744141,0.0,0.014019966125488281,116747,COCCSc1ccccc1C(=O)Nc1cccc(C)n1,3.3808200000000017,COCCSc1ccccc1C(=O)Nc1cccc(C)n1,True,3.3808200000000017,0.0,1.0,True,False
1.0,bin,10,0.007009983062744141,0.0,0.014019966125488281,131060,CS(=O)(=O)NCCc1csc(-c2ccc(F)cc2)n1,2.0408999999999997,CS(=O)(=O)NCCc1csc(-c2ccc(F)cc2)n1,True,2.0408999999999997,0.0,1.0,True,False
1.0,bin,10,0.007009983062744141,0.0,0.014019966125488281,131949,CCc1c(C)nc(SCC(=O)NC(C)C)[nH]c1=O,1.25742,CCc1c(C)nc(SCC(=O)NC(C)C)[nH]c1=O,True,1.25742,0.0,1.0,True,False
1.0,bin,10,0.007009983062744141,0.0,0.014019966125488281,158879,COc1ccc(CC(=O)OCC(=O)c2c[nH]c3ccccc23)cc1,3.145100000000001,COc1cccc(CC(=O)OCC(=O)c2c[nH]c3ccccc23)c1,True,3.145100000000001,0.0,0.78,False,True
1.0,bin,10,0.007009983062744141,0.0,0.014019966125488281,232056,COCCNC(=O)c1cc(=O)c2cc(C)ccc2o1,1.4776199999999993,COCCNC(=O)c1cc(=O)c2ccc(C)cc2o1,True,1.4776199999999995,2.220446049250313e-16,0.8181818181818182,False,True
1.0,bin,10,0.007009983062744141,0.0,0.014019966125488281,235788,O=C(Cn1nc(-c2ccco2)oc1=O)NCC(F)(F)F,0.7747999999999999,O=C(Cn1nc(-c2ccco2)oc1=O)NCC(F)(F)F,True,0.7747999999999999,0.0,1.0,True,False
1.0,bin,10,0.007009983062744141,0.0,0.014019966125488281,236081,CC(=O)c1c(C)[nH]c(C(=O)CSc2nc(C(C)C)n[nH]2)c1C,3.0506400000000014,CCc1n[nH]c(SCC(=O)c2[nH]c(C)c(C(C)=O)c2CC)n1,True,2.743620000000001,-0.3070200000000005,0.5636363636363636,False,True
1.0,bin,10,0.007009983062744141,0.0,0.014019966125488281,281081,O=C(Cn1cccn1)NCc1cccnc1Oc1ccc(F)cc1F,2.665000000000001,O=C(Cn1cccn1)NCc1cccnc1Oc1cc(F)ccc1F,True,2.665000000000001,0.0,0.8571428571428571,False,True
1.0,bin,10,0.007009983062744141,0.0,0.014019966125488281,284170,COc1ccc(-c2nc(CC(=O)Nc3cccc(C)n3)cs2)cc1,3.7033200000000024,COc1ccnc(NC(=O)Cc2csc(-c3ccccc3C)n2)c1,True,3.7033200000000024,0.0,0.5396825396825397,False,True
1.0,bin,10,0.007009983062744141,0.0,0.014019966125488281,288369,Cc1ccc(NCc2nnc3n2CCCCC3)cc1C,3.2334400000000016,CC=C1C(C)=CC=C1NCc1nnc2n1CCCCC2,True,2.8842000000000017,-0.34924,0.5370370370370371,False,True
1.0,bin,10,0.007009983062744141,0.0,0.014019966125488281,302889,COc1ccc(OC)c(NC(=O)CCNC(=O)c2cccs2)c1,2.5239000000000003,COc1ccc(NC(=O)CCNC(=O)c2cccs2)c(OC)c1,True,2.5239000000000003,0.0,0.84,False,False
1.0,bin,10,0.007009983062744141,0.0,0.014019966125488281,327141,COc1ccc(OC)c(S(=O)(=O)Nc2ccn(C)n2)c1,1.2381,COc1ccc(S(=O)(=O)Nc2ccn(C)n2)c(OC)c1,True,1.2380999999999998,-2.220446049250313e-16,0.813953488372093,False,True
1.0,bin,10,0.007009983062744141,0.0,0.014019966125488281,327382,CNC(=O)C1CN(C(=O)c2c(C)noc2C)c2ccccc2O1,1.4452399999999996,CNC(=O)C1CN(C(=O)c2c(C)noc2C)c2ccccc2O1,True,1.4452399999999996,0.0,1.0,True,False
1.0,bin,10,0.007009983062744141,0.0,0.014019966125488281,406491,COCCNC(=O)C1CCCN(S(=O)(=O)N2CCOCC2)C1,-0.9619999999999964,COCCNC(=O)C1CCCN(S(=O)(=O)N2CCOCC2)C1,True,-0.9619999999999964,0.0,1.0,True,False
1.0,bin,10,0.007009983062744141,0.0,0.014019966125488281,413951,O=C(Cn1ncn2cccc2c1=O)N1CCCCCC1,0.8985999999999996,CCCCCCC(=O)Cn1ncn2cccc2c1=O,True,2.0355,1.1369000000000002,0.5384615384615384,False,True
1.0,bin,10,0.007009983062744141,0.0,0.014019966125488281,427929,CCNc1nc(NCc2ccccc2Cl)c2cnn(C)c2n1,3.060600000000001,CCNc1nc(NCc2ccccc2)c2cnn(CC)c2n1,True,2.8901000000000012,-0.17049999999999965,0.5454545454545454,False,True
1.0,bin,10,0.007009983062744141,0.0,0.014019966125488281,447130,CCC(NC(=O)C1CCN(C(=O)C2CC2)CC1)c1ccc(C)cc1,3.2109200000000016,CCC(NC(=O)C1CCN(C(=O)C2CC2)CC1)c1ccc(C)cc1,True,3.2109200000000016,0.0,1.0,True,False
1.0,bin,10,0.007009983062744141,0.0,0.014019966125488281,481908,CCNS(=O)(=O)c1ccc(C)c(C(=O)Nc2ncccc2C)c1,2.24894,CCNS(=O)(=O)c1cc(CC)ccc1C(=O)Nc1ncccc1C,True,2.5029200000000005,0.2539800000000003,0.6545454545454545,False,True
1.0,bin,10,0.007009983062744141,0.0,0.014019966125488281,485220,Cc1nn(CC(=O)N2CCN(C)CC2)c(C)c1Br,1.03644,Cc1nn(CC(=O)N2CCNCC2)c(C)c1Br,True,0.6942399999999997,-0.3422000000000003,0.725,False,True
1.0,bin,10,0.007009983062744141,0.0,0.014019966125488281,526363,Cc1nnc(SCC(=O)Nc2ccc(O)cc2)n(N)c1=O,0.09692,Cc1nnc(SCC(=O)Nc2ccc(O)cc2)n(N)c1=O,True,0.09692,0.0,1.0,True,False
1.0,bin,10,0.007009983062744141,0.0,0.014019966125488281,536853,COc1ccc(C2CCCN2C(=O)C2CCC2)c(OC)c1,3.1674000000000015,COc1cccc(C2CCCN2C(=O)C2CCC2)c1OC,True,3.1674000000000015,0.0,0.673469387755102,False,True
1.0,bin,10,0.007009983062744141,0.0,0.014019966125488281,540312,Cc1nn(C)c2nc(C3CC3)cc(C(=O)NCC(=O)NC(C)(C)C)c12,1.7986199999999997,C=NC(=CC(=CC=NNC)C(=O)NCC(=O)NC(C)(C)C)C1CC1,True,1.1433999999999995,-0.6552200000000001,0.2597402597402597,False,True
1.0,bin,10,0.007009983062744141,0.0,0.014019966125488281,544381,Cc1nc(N2CCCC(C(=O)NC(C)C)C2)c2c(C)c(C)oc2n1,2.8890600000000006,CC=NC(NC1CCCC(C(=O)NC(C)C)C1)=C1C(=N)OC(C)=C1C,True,3.263070000000001,0.3740100000000002,0.2727272727272727,False,True
1.0,bin,10,0.007009983062744141,0.0,0.014019966125488281,544382,CCCNC(=O)C1CCCN(c2nc(C)nc3oc(C)c(C)c23)C1,2.8906600000000013,CCCN1C(=O)CCCN1C1=NC(C)=NCOC(C)=C(C)C1,True,2.724400000000001,-0.1662600000000003,0.17073170731707318,False,True
1.0,bin,10,0.007009983062744141,0.0,0.014019966125488281,550049,Cc1ccc(C)c(OCC(=O)Nc2cccc(-n3cnnc3)c2)c1,2.9016400000000013,CC=C1C=C(NC(=O)COc2cccc(C)c2)C=C1n1cnnc1,True,2.4664200000000003,-0.43522000000000105,0.43283582089552236,False,True
1.0,bin,10,0.007009983062744141,0.0,0.014019966125488281,573533,Cc1nn(-c2ncc(C(F)(F)F)cc2Cl)c(=O)o1,2.2011199999999995,CC=NN(Cl)c1ccc(C(F)(F)F)cn1,True,3.066300000000001,0.8651800000000014,0.25,False,True
1.0,bin,10,0.007009983062744141,0.0,0.014019966125488281,582555,O=C(NCC(O)c1ccccc1)c1ccc2c(=O)n3c(nc2c1)CCC3,1.8061000000000003,Cc1nc2cc(C(=O)NCC(O)c3ccc(O)c(F)c3)ccc2c(=O)[nH]1,True,1.5396199999999998,-0.2664800000000005,0.4189189189189189,False,True
1.0,bin,10,0.007009983062744141,0.0,0.014019966125488281,588547,Cc1n[nH]c(C)c1NC(=O)CCc1ccc(Cl)cc1Cl,3.9046400000000023,Cc1n[nH]c(C)c1NC(=O)CCc1ccc(Cl)c(Cl)c1,True,3.9046400000000023,0.0,0.66,False,True
1.0,bin,10,0.007009983062744141,0.0,0.014019966125488281,607673,CCCN(CC1CC1)S(=O)(=O)c1ccccc1F,2.636400000000001,CCCN(CC1CC1)S(=O)(=O)c1ccccc1F,True,2.636400000000001,0.0,1.0,True,False
1.0,bin,10,0.007009983062744141,0.0,0.014019966125488281,617681,Cc1cc(C(=O)Nc2nc(-c3ccncc3)cs2)nn1C(C)C,3.5432200000000016,Cc1cc(C(=O)Nc2nc(-c3ccncc3)cs2)nn1C(C)C,True,3.5432200000000016,0.0,1.0,True,False
1.0,bin,10,0.007009983062744141,0.0,0.014019966125488281,650267,COc1ccc2oc(C(=O)NC3CCCCNC3=O)c(C)c2c1,2.14832,COc1ccc2oc(C(=O)NC3CCCCNC3=O)c(C)c2c1,True,2.14832,0.0,1.0,True,False
1.0,bin,10,0.007009983062744141,0.0,0.014019966125488281,668639,Cc1cc(NC(=O)c2ccccc2Cl)ncc1N,2.8779200000000005,Cc1ccnc(NC(=O)c2ccc(Cl)cc2N)c1,True,2.8779200000000005,0.0,0.46153846153846156,False,False
1.0,bin,10,0.007009983062744141,0.0,0.014019966125488281,673160,CCC(=O)Nc1ccc2oc(C(F)(F)F)cc(=O)c2c1,3.160300000000001,CCC(=O)Nc1ccc2oc(C(F)(F)F)cc(=O)c2c1,True,3.160300000000001,0.0,1.0,True,False
1.0,bin,10,0.007009983062744141,0.0,0.014019966125488281,711169,Cc1cccc(C(C)C)c1NC(=O)N(C)Cc1ccncc1,4.177320000000003,Cc1cccc(C(C)C)c1NC(=O)N(C)Cc1ccncc1,True,4.177320000000003,0.0,1.0,True,False
1.0,bin,10,0.007009983062744141,0.0,0.014019966125488281,720969,Cc1noc(C)c1CCC(=O)OCC(=O)N1c2ccccc2CC1C,2.7450400000000013,Cc1noc(C)c1CCC(=O)OCC(=O)N1c2ccccc2CC1C,True,2.7450400000000013,0.0,1.0,True,False
1.0,bin,10,0.007009983062744141,0.0,0.014019966125488281,730789,COC(=O)C1CCN(C(=O)c2cc3ccc(F)cc3nc2C)CC1,2.7075200000000006,COC(=O)C1CCN(C(=O)c2cc3ccc(F)cc3nc2C)CC1,True,2.7075200000000006,0.0,1.0,True,False
1.0,bin,10,0.007009983062744141,0.0,0.014019966125488281,738178,Cc1ccc(-n2ccnc2SCc2nc(C3CC3)no2)cc1C,4.041840000000003,Cc1ccc(-n2ccnc2SCc2nc(C3CC3)no2)cc1C,True,4.041840000000003,0.0,1.0,True,False
1.0,bin,10,0.007009983062744141,0.0,0.014019966125488281,771897,COc1ccccc1OCC(=O)N(C)Cc1sccc1C,3.102520000000002,COc1ccc(OCC(=O)N(C)Cc2sccc2C)cc1,True,3.102520000000002,0.0,0.7021276595744681,False,False
1.0,bin,10,0.007009983062744141,0.0,0.014019966125488281,811446,COC(=O)C1(NC(=O)c2cc(Br)c[nH]2)CCCCCC1,2.7730000000000006,CCCCCC(NC(=O)c1cc(Br)c[nH]1)C(=O)OC,True,2.6289000000000007,-0.1440999999999999,0.43636363636363634,False,True
1.0,bin,10,0.007009983062744141,0.0,0.014019966125488281,848291,CCC(C)NC(=O)NCc1noc(-c2cccs2)n1,2.3958000000000004,CCC(C)NC(=O)NCc1noc(-c2cccs2)n1,True,2.3958000000000004,0.0,1.0,True,False
1.0,bin,10,0.007009983062744141,0.0,0.014019966125488281,863440,COc1ccc(-c2nc(CCCO)cs2)cc1OC,2.752200000000001,COc1ccc(OC)c(-c2nc(CCCO)cs2)c1,True,2.752200000000001,0.0,0.6739130434782609,False,False
1.0,bin,10,0.007009983062744141,0.0,0.014019966125488281,864663,N#Cc1ccc(-c2cc(F)ccc2F)nc1N1CCCC1,3.498680000000002,N#Cc1ccc(-c2cc(F)ccc2F)nc1N1CCCC1,True,3.498680000000002,0.0,1.0,True,False
1.0,bin,10,0.007009983062744141,0.0,0.014019966125488281,872100,CCc1cccc(C)c1NCC(O)c1ccc2c(c1)OCCO2,3.474120000000002,CCc1cccc(C)c1NCC(O)c1ccc2c(c1)OCCO2,True,3.474120000000002,0.0,1.0,True,False
1.0,bin,10,0.007009983062744141,0.0,0.014019966125488281,886334,COc1ccc(C(=O)N2CCCC(C(=O)N3CCCCC3)C2)c(O)c1,2.2655000000000003,COc1ccc(C(=O)N2CCCC(C(=O)N3CCCCC3)C2)c(O)c1,True,2.2655000000000003,0.0,1.0,True,False
1.0,bin,10,0.007009983062744141,0.0,0.014019966125488281,887387,COCCNC(=O)N(Cc1cccc(F)c1)CC1CCCO1,2.1627,COCCNC(=O)N(Cc1ccccc1F)CC1CCCO1,True,2.1627,0.0,0.7,False,True
1.0,bin,10,0.007009983062744141,0.0,0.014019966125488281,889149,N#Cc1ccc(NC(=O)c2ccc(Br)cc2Cl)nc1,3.621480000000001,N#Cc1ccc(NC(=O)c2ccc(Br)c(Cl)c2)nc1,True,3.621480000000002,8.881784197001252e-16,0.64,False,True
1.0,bin,10,0.007009983062744141,0.0,0.014019966125488281,913483,O=C(CNC(=O)NCCc1c(Cl)cccc1Cl)NC1CC1,2.1137000000000006,O=C(CNC(=O)NCCc1ccccc1)NC1CC1(Cl)Cl,True,1.5906999999999998,-0.5230000000000008,0.4807692307692308,False,True
1.0,bin,10,0.007009983062744141,0.0,0.014019966125488281,917620,C=CCN(Cc1ccccc1OC)C(=O)c1csc(C)n1,3.288520000000002,C=CCN(Cc1cccc(OC)c1)C(=O)c1csc(C)n1,True,3.288520000000002,0.0,0.6491228070175439,False,True
1.0,bin,10,0.007009983062744141,0.0,0.014019966125488281,918312,CCOc1ccc(Cl)c(C(=O)N2CCN(c3ncccn3)CC2)n1,1.8860999999999997,N=CN(CCNC1CCOC=CC=N1)C(=O)c1ccc(Cl)cn1,True,1.7047699999999997,-0.18133,0.1511627906976744,False,True
1.0,bin,10,0.007009983062744141,0.0,0.014019966125488281,922879,CC(=O)c1ccc(N2CCN(Cc3c(F)cccc3F)CC2)cc1,3.489600000000003,CC(=O)c1ccc(N2CCN(Cc3cc(F)ccc3F)CC2)cc1,True,3.489600000000003,0.0,0.6382978723404256,False,False
1.0,bin,10,0.007009983062744141,0.0,0.014019966125488281,927535,COc1cc(CN2CCN(c3ccccc3F)CC2)ccc1O,2.862100000000002,COc1cccc(CN2CCN(c3ccc(O)cc3F)CC2)c1,True,2.8621000000000016,-4.440892098500626e-16,0.5454545454545454,False,True
1.0,bin,10,0.007009983062744141,0.0,0.014019966125488281,927567,Cc1ccccc1N1CCN(Cc2cccc(O)c2)CC1,3.022820000000001,Cc1ccccc1N1CCN(Cc2cccc(O)c2C)CC1,True,3.331240000000002,0.3084200000000008,0.6,False,True
1.0,bin,10,0.007009983062744141,0.0,0.014019966125488281,938108,CC(c1ccccc1)N(C)C(=O)CCC(=O)Nc1nccs1,3.0814000000000012,CC(c1ccccc1)N(C)C(=O)CCC(=O)Nc1nccs1,True,3.0814000000000012,0.0,1.0,True,False
1.0,bin,10,0.007009983062744141,0.0,0.014019966125488281,943303,CN(CCCOc1ccccc1)C(=O)Nc1cccc2c1OCCO2,3.390600000000002,CN(CCCOc1ccc(F)cc1)C(=O)Nc1cccc2c1OCCO2,True,3.529700000000002,0.1391,0.8301886792452831,False,True
1.0,bin,10,0.007009983062744141,0.0,0.014019966125488281,946289,CC(NC(=O)C1(c2cc(-c3ccco3)on2)CC1)c1ccccc1,3.843600000000002,CC(Cc1ccccc1)NC(=O)C1N=C1C=C(O)c1ccco1,True,2.7491000000000003,-1.0945000000000018,0.2777777777777778,False,True
1.0,bin,10,0.007009983062744141,0.0,0.014019966125488281,994077,Cc1nnc(Cn2c(-c3cccc(Br)c3)noc2=O)o1,2.0055199999999997,Cc1nnc(Cn2c(-c3ccc(Br)cc3)noc2=O)o1,True,2.0055199999999997,0.0,0.7446808510638298,False,True
1.0,bin,10,0.007009983062744141,0.0,0.014019966125488281,1065620,O=C(NCc1cccnc1Oc1ccccc1)c1cccnc1,3.198900000000002,O=C(NCc1cccnc1Oc1ccccc1)c1cccnc1,True,3.198900000000002,0.0,1.0,True,False
1.0,bin,10,0.007009983062744141,0.0,0.014019966125488281,1093926,CN(C(=O)CNc1cccc(OCC2CCCO2)c1)c1ccccc1,3.319300000000002,CN(C(=O)CNc1cccc(OCC2CCCO2)c1)c1ccccc1,True,3.319300000000002,0.0,1.0,True,False
1.0,bin,10,0.007009983062744141,0.0,0.014019966125488281,1107920,CCc1ccc(-n2cc(C(=O)NC(C)c3ccccc3)nn2)cc1,3.320700000000002,CCc1ccc(-n2cc(C(=O)NC(C)c3cccc(C)c3)nn2)cc1,True,3.629120000000002,0.3084199999999999,0.7884615384615384,False,True
1.0,bin,10,0.007009983062744141,0.0,0.014019966125488281,1113130,CC(NC(=O)Cn1nnnc1C(C)(C)C)c1cccc2ccccc12,3.0012000000000016,CC(NC(=O)C(C)c1cccc2ccccc12)c1nnnn1C,True,2.3442,-0.6570000000000018,0.48333333333333334,False,True
1.0,bin,10,0.007009983062744141,0.0,0.014019966125488281,1121751,COC(=O)Cn1ccc(NS(=O)(=O)c2ccc(F)c(F)c2F)n1,1.2742,COC(=O)Cn1ccc(NS(=O)(=O)c2ccc(F)cc2F)n1,True,1.1351,-0.1391,0.7450980392156863,False,True
1.0,bin,10,0.007009983062744141,0.0,0.014019966125488281,1142531,CCOC(C)C(=O)NCCc1csc(-c2ccc(C)cc2)n1,3.2022200000000014,CCOC(C)C(=O)NCCc1csc(-c2ccccc2C)n1,True,3.2022200000000014,0.0,0.7222222222222222,False,True
1.0,bin,10,0.007009983062744141,0.0,0.014019966125488281,1212157,CN(Cc1ccc(F)c(F)c1)C(=O)c1cncc(-c2cnn(C)c2)c1,3.0325000000000015,CN(Cc1c(F)cccc1F)C(=O)c1cncc(-c2cnn(C)c2)c1,True,3.0325000000000015,0.0,0.7272727272727273,False,True
1.0,bin,10,0.007009983062744141,0.0,0.014019966125488281,1215394,CCn1nc(C)cc1C(=O)Oc1cccc(NC(=O)C(C)C)c1,3.025120000000001,CCn1nc(C)cc1C(=O)Oc1cccc(NC(=O)C(C)C)c1,True,3.025120000000001,0.0,1.0,True,False
1.0,bin,10,0.007009983062744141,0.0,0.014019966125488281,1232922,CC(C)(C)OC(=O)NC1CCCN(S(=O)(=O)N2CCOCC2)C1,0.5525000000000011,CC(C)(C)OC(=O)NC1CCCN(S(=O)(=O)N2CCOCC2)C1,True,0.5525000000000011,0.0,1.0,True,False
1.0,bin,10,0.007009983062744141,0.0,0.014019966125488281,1238973,FC(F)(F)c1cnc(N2CCn3c(nnc3C3CC3)C2)c(Cl)c1,3.2429000000000023,FC(F)(F)c1cnc(N2CCn3c(nnc3C3CC3)C2)c(Cl)c1,True,3.2429000000000023,0.0,1.0,True,False
1.0,bin,10,0.007009983062744141,0.0,0.014019966125488281,1299495,Cc1cc(CC(=O)N2CCCC2C(C#N)c2ccccc2)no1,2.823900000000001,Cc1cc(CC(=O)N2CCCC2C(C#N)c2ccccc2)no1,True,2.823900000000001,0.0,1.0,True,False
1.0,bin,10,0.007009983062744141,0.0,0.014019966125488281,1309906,CC(C)CC(NC(=O)c1cc(=O)c2ccccc2o1)C(=O)OC(C)C,2.8891000000000018,CC(C)CC(C)OC(=O)C(C)NC(=O)c1cc(=O)c2ccccc2o1,True,2.889100000000001,-8.881784197001252e-16,0.7115384615384616,False,True
1.0,bin,10,0.007009983062744141,0.0,0.014019966125488281,1362816,COCc1cccc(C(=O)NC2CC2c2cccc(Cl)c2)c1,3.772300000000002,COc1ccc(C(=O)NC2CC2c2cccc(Cl)c2)cc1,True,3.634500000000002,-0.13780000000000037,0.660377358490566,False,True
1.0,bin,10,0.007009983062744141,0.0,0.014019966125488281,1441838,COCC(=O)NC(C(=O)Nc1cccc(-c2nccs2)c1)C(C)C,2.5358,COCC(=O)NC(C(=O)Nc1cccc(-c2nccs2)c1)C(C)C,True,2.5358,0.0,1.0,True,False
1.0,bin,10,0.007009983062744141,0.0,0.014019966125488281,1450449,CCCNC(=O)CSc1nc2c(cc1C#N)CCCC2,2.450380000000001,CCCNC(=O)CSc1ncc(CC)cc1C#N,True,2.13398,-0.3164000000000007,0.5714285714285714,False,True
1.0,bin,10,0.007009983062744141,0.0,0.014019966125488281,1451910,O=S(=O)(NCc1nnc2ccccn12)c1ccc(F)c(F)c1,1.4859999999999995,O=S(=O)(NCc1nnc2ccccn12)c1ccc(F)cc1F,True,1.4859999999999998,2.220446049250313e-16,0.6666666666666666,False,False
1.0,bin,10,0.007009983062744141,0.0,0.014019966125488281,1479798,Cc1nc(C)c(CCC(=O)N(CC(C)C)CC(F)(F)F)c(=O)[nH]1,2.3662400000000003,CC=NC(C)=C(F)CCC(=O)N(CC(C)C)CC(F)F,True,3.8080000000000025,1.4417600000000022,0.2857142857142857,False,True
1.0,bin,10,0.007009983062744141,0.0,0.014019966125488281,1507926,COC(=O)C(C)NC(=O)Cc1csc(-c2ccccc2Cl)n1,2.6837,COC(=O)C(C)NC(=O)Cc1csc(-c2ccccc2Cl)n1,True,2.6837,0.0,1.0,True,False
1.0,bin,10,0.007009983062744141,0.0,0.014019966125488281,1527882,Nc1ncccc1C(=O)Nc1ccc2cn[nH]c2c1,1.7923999999999998,Nc1ncccc1C(=O)Nc1ccc2cn[nH]c2c1,True,1.7923999999999998,0.0,1.0,True,False
1.0,bin,10,0.007009983062744141,0.0,0.014019966125488281,1532848,COc1ccc(-c2ccc3c(=O)[nH]cnc3c2)cc1Cl,3.2521000000000013,COc1ccc(-c2ccc3c(=O)[nH]cnc3c2)cc1Cl,True,3.2521000000000013,0.0,1.0,True,False
1.0,bin,10,0.007009983062744141,0.0,0.014019966125488281,1548351,COc1cc(OC)c2c(c1)C(c1cnccn1)NCC2,1.7288999999999999,COc1cc2c(c(OC)c1)C(c1cnccn1)NCC2,True,1.7288999999999999,0.0,0.673469387755102,False,False
1.0,bin,10,0.007009983062744141,0.0,0.014019966125488281,1570134,COc1cccc(C(C)N2CCN(C(=O)c3ccc(O)cc3)CC2)c1,2.9198000000000013,COc1ccc(C(=O)N2CCN(C(C)c3cccc(O)c3)CC2)cc1,True,2.9198000000000013,0.0,0.7916666666666666,False,True
1.0,bin,10,0.007009983062744141,0.0,0.014019966125488281,1611406,CC(C)(C)N1CC(NC(=O)C2COc3ccc(F)cc3C2)CC1=O,1.8923999999999994,CC(C)(C)N1CC(NC(=O)C2COc3ccc(F)cc3C2)CC1=O,True,1.8923999999999994,0.0,1.0,True,False
1.0,bin,10,0.007009983062744141,0.0,0.014019966125488281,1612684,CCCC1CN(C(=O)Nc2ccn(CCC(C)C)n2)CCO1,2.9620000000000015,CCCC1CN(C(=O)Nc2ccn(CCC(C)C)n2)CCO1,True,2.9620000000000015,0.0,1.0,True,False
1.0,bin,10,0.007009983062744141,0.0,0.014019966125488281,1639675,CCC(CC)c1nnc(NC(=O)c2scnc2C2CC2)s1,4.0279000000000025,CCC(CC)c1nnc(NC(=O)c2scnc2C2CC2)s1,True,4.0279000000000025,0.0,1.0,True,False
1.0,bin,10,0.007009983062744141,0.0,0.014019966125488281,1675660,COc1ccnc(NC(=O)c2cccc(Cl)c2)c1,2.9959000000000007,COc1ccnc(NC(=O)c2ccccc2Cl)c1,True,2.9959000000000007,0.0,0.6382978723404256,False,False
1.0,bin,10,0.007009983062744141,0.0,0.014019966125488281,1689728,CCc1noc(CSc2ncnc3sc(C)cc23)n1,3.237420000000002,CCc1noc(CSc2ncnc3sc(C)cc23)n1,True,3.237420000000002,0.0,1.0,True,False
1.0,bin,10,0.007009983062744141,0.0,0.014019966125488281,1720876,CC(C)(C)CC(=O)NCC(=O)Nc1ccc2c(c1)COC2,2.2077,CC(C)(C)CC(=O)NCC(=O)Nc1ccc2c(c1)COC2,True,2.2077,0.0,1.0,True,False
1.0,bin,10,0.007009983062744141,0.0,0.014019966125488281,1757109,CC(C)Cc1ncc(CNc2ccc3c(c2)COC3)s1,3.983900000000003,CC(C)CC=NC=C(S)CNc1ccc2c(c1)COC2,True,4.016800000000003,0.03289999999999971,0.4406779661016949,False,True
1.0,bin,10,0.007009983062744141,0.0,0.014019966125488281,1774061,O=C1NCCCc2[nH]c(-c3cccc4[nH]ccc34)nc21,2.234,O=C1NCCCc2[nH]c(-c3cccc4[nH]ccc34)nc21,True,2.234,0.0,1.0,True,False
1.0,bin,10,0.007009983062744141,0.0,0.014019966125488281,1800687,Cc1nn(C)c(-c2nc(-c3cccnn3)no2)c1Cl,1.8889199999999997,Cc1nn(C)c(-c2nc(-c3cccnn3)no2)c1Cl,True,1.8889199999999997,0.0,1.0,True,False
1.0,bin,10,0.007009983062744141,0.0,0.014019966125488281,1815867,FC(F)(F)c1ccc(CN2CCOCC2c2ncon2)cc1,2.661900000000001,FC(F)(F)C=CC=CCCN1CCOCC1c1ncon1,True,2.5077000000000007,-0.15420000000000034,0.5423728813559322,False,True
1.0,bin,10,0.007009983062744141,0.0,0.014019966125488281,1828580,Cc1ccc(N2CC3OCC(=O)N(Cc4cccc(F)c4)C3C2)nn1,1.54032,Cc1ccc(N2CC3OCC(=O)N(Cc4cccc(F)c4)C3C2)nn1,True,1.54032,0.0,1.0,True,False
1.0,bin,10,0.007009983062744141,0.0,0.014019966125488281,1836183,CCc1ccc(C(=O)NCc2nccc(N(C)C)n2)cc1,2.035,CCc1ccc(C(=O)NCc2nccc(N(C)C)n2)cc1,True,2.035,0.0,1.0,True,False
1.0,bin,10,0.007009983062744141,0.0,0.014019966125488281,1842499,COc1ccccc1COc1ccccc1-c1cnn(CCO)c1,3.1300000000000017,COc1ccccc1COc1ccccc1-c1cnn(CCO)c1,True,3.1300000000000017,0.0,1.0,True,False
1.0,bin,10,0.007009983062744141,0.0,0.014019966125488281,1865564,COC(CNC(=O)c1ccoc1)c1cccc(F)c1,2.536200000000001,COC(CNC(=O)c1ccoc1)c1cccc(F)c1,True,2.536200000000001,0.0,1.0,True,False
1.0,bin,10,0.007009983062744141,0.0,0.014019966125488281,1868773,CCCOc1ccc(Cl)c2c1CCNC2C1CC(=O)C1,3.2947000000000015,CCCOc1ccc(Cl)c2c1CCNC21CCC(=O)C1,True,3.222800000000001,-0.0719000000000003,0.4915254237288136,False,True
1.0,bin,10,0.007009983062744141,0.0,0.014019966125488281,1873123,CCC1OC(=O)c2c(OC)ccc(Br)c21,3.079200000000002,CCC1OC(=O)c2c(Br)ccc(OC)c21,True,3.079200000000001,-8.881784197001252e-16,0.8108108108108109,False,True
1.0,bin,10,0.007009983062744141,0.0,0.014019966125488281,1875028,Cc1cccc(C)c1NCC(=O)N1CCCC2CCCCC21,3.8965400000000034,Cc1cc(C)cc(NCC(=O)N2CCCC3CCCCC32)c1,True,3.8965400000000026,-8.881784197001252e-16,0.6382978723404256,False,True
1.0,bin,10,0.007009983062744141,0.0,0.014019966125488281,1895921,CCC(CC)N(C)C(=O)CC1OC(=O)c2ccccc21,2.935200000000002,CCC(CC)N(C)C(=O)CC1OC(=O)c2cc(OC)ccc21,True,2.9438000000000013,0.008599999999999497,0.6938775510204082,False,True
1.0,bin,10,0.007009983062744141,0.0,0.014019966125488281,1907077,Cc1ccc2[nH]nc(C(=O)Nc3nc(-c4ccco4)cs3)c2c1,3.8401200000000015,Cc1ccc2[nH]nc(C(=O)Nc3nc(-c4ccco4)cs3)c2c1,True,3.8401200000000015,0.0,1.0,True,False
1.0,bin,10,0.007009983062744141,0.0,0.014019966125488281,1913063,Cc1nn(C)c(C)c1CN(C(=O)c1cn2cccc(C)c2n1)C1CC1,2.797860000000001,CC=CC(C)=c1n2c(c(=O)n1CCC(C)=NN(C)C)=C2,True,0.32380000000000053,-2.4740600000000006,0.13253012048192772,False,True
1.0,bin,10,0.007009983062744141,0.0,0.014019966125488281,1922265,CN(CCNC(=O)c1ccc2c(c1)ncn2C)c1ccccc1,2.4395000000000007,CN(CCNC(=O)c1ccc2c(c1)ncn2C)c1ccccc1F,True,2.5786000000000007,0.1391,0.7454545454545455,False,True
1.0,bin,11,0.0693100094795227,0.014019966125488281,0.12460005283355713,32052,COc1ccccc1CNC(=O)Cc1c[nH]c2ccccc12,3.035400000000001,COc1ccccc1CNC(=O)C1OC(Br)c2ccccc2S1,True,3.853500000000002,0.8181000000000012,0.39344262295081966,False,True
1.0,bin,11,0.0693100094795227,0.014019966125488281,0.12460005283355713,116747,COCCSc1ccccc1C(=O)Nc1cccc(C)n1,3.3808200000000017,COCCOc1c(Cl)cccc1C(=O)Nc1cccc(C)n1,True,3.320920000000001,-0.05990000000000073,0.5740740740740741,False,True
1.0,bin,11,0.0693100094795227,0.014019966125488281,0.12460005283355713,131060,CS(=O)(=O)NCCc1csc(-c2ccc(F)cc2)n1,2.0408999999999997,CC(=O)NC(C)C(=O)NCCc1csc(-c2ccccc2)n1,True,1.9934000000000003,-0.04749999999999943,0.41379310344827586,False,True
1.0,bin,11,0.0693100094795227,0.014019966125488281,0.12460005283355713,131949,CCc1c(C)nc(SCC(=O)NC(C)C)[nH]c1=O,1.25742,CCc1cc(=O)[nH]c(SCC(=O)N(C)C)n1,True,0.5126,-0.74482,0.3392857142857143,False,True
1.0,bin,11,0.0693100094795227,0.014019966125488281,0.12460005283355713,158879,COc1ccc(CC(=O)OCC(=O)c2c[nH]c3ccccc23)cc1,3.145100000000001,O=C(Cc1cccc(F)c1F)OCC(=O)c1c[nH]c2ccccc12,True,3.4147000000000016,0.2696000000000005,0.5818181818181818,False,True
1.0,bin,11,0.0693100094795227,0.014019966125488281,0.12460005283355713,232056,COCCNC(=O)c1cc(=O)c2cc(C)ccc2o1,1.4776199999999993,CCCNC(=O)CNC(=O)c1cc(=O)c2ccc(C)cc2o1,True,1.3574199999999994,-0.12019999999999986,0.5370370370370371,False,True
1.0,bin,11,0.0693100094795227,0.014019966125488281,0.12460005283355713,235788,O=C(Cn1nc(-c2ccco2)oc1=O)NCC(F)(F)F,0.7747999999999999,CCCCNC(=O)Cn1nc(-c2ccco2)oc1=O,True,1.0126000000000002,0.23780000000000023,0.6792452830188679,False,True
1.0,bin,11,0.0693100094795227,0.014019966125488281,0.12460005283355713,236081,CC(=O)c1c(C)[nH]c(C(=O)CSc2nc(C(C)C)n[nH]2)c1C,3.0506400000000014,CC(=O)c1c(C)[nH]c(C(=O)CSc2nc(C(C)C)n[nH]2)c1C,True,3.0506400000000014,0.0,1.0,True,False
1.0,bin,11,0.0693100094795227,0.014019966125488281,0.12460005283355713,281081,O=C(Cn1cccn1)NCc1cccnc1Oc1ccc(F)cc1F,2.665000000000001,Cc1cccc(Oc2ncccc2CNC(=O)Cn2cccn2)c1,True,2.69522,0.030219999999999025,0.6612903225806451,False,True
1.0,bin,11,0.0693100094795227,0.014019966125488281,0.12460005283355713,284170,COc1ccc(-c2nc(CC(=O)Nc3cccc(C)n3)cs2)cc1,3.7033200000000024,O=C(Cc1csc(-c2ccccc2)n1)Nc1ccccn1,True,3.386300000000001,-0.3170200000000012,0.5535714285714286,False,False
1.0,bin,11,0.0693100094795227,0.014019966125488281,0.12460005283355713,288369,Cc1ccc(NCc2nnc3n2CCCCC3)cc1C,3.2334400000000016,CC(C)N(C)c1ccccc1NCc1nnc2n1CCCCC2,True,3.4612000000000025,0.22776000000000085,0.5087719298245614,False,True
1.0,bin,11,0.0693100094795227,0.014019966125488281,0.12460005283355713,302889,COc1ccc(OC)c(NC(=O)CCNC(=O)c2cccs2)c1,2.5239000000000003,N#CCc1ccc(NC(=O)CCNC(=O)c2cccs2)cc1,True,2.5727800000000007,0.04888000000000048,0.48333333333333334,False,False
1.0,bin,11,0.0693100094795227,0.014019966125488281,0.12460005283355713,327141,COc1ccc(OC)c(S(=O)(=O)Nc2ccn(C)n2)c1,1.2381,Cc1cc(C#N)ccc1S(=O)(=O)Nc1ccn(C)n1,True,1.401,0.16290000000000004,0.49056603773584906,False,True
1.0,bin,11,0.0693100094795227,0.014019966125488281,0.12460005283355713,327382,CNC(=O)C1CN(C(=O)c2c(C)noc2C)c2ccccc2O1,1.4452399999999996,Cc1noc(C)c1C(=O)N1CC(C)Oc2ccccc21,True,2.7191400000000012,1.2739000000000016,0.7058823529411765,False,True
1.0,bin,11,0.0693100094795227,0.014019966125488281,0.12460005283355713,406491,COCCNC(=O)C1CCCN(S(=O)(=O)N2CCOCC2)C1,-0.9619999999999964,C=CCNC(=O)C1CCCN(S(=O)(=O)N2CCOCC2)C1,True,-0.4223999999999981,0.5395999999999983,0.6538461538461539,False,True
1.0,bin,11,0.0693100094795227,0.014019966125488281,0.12460005283355713,413951,O=C(Cn1ncn2cccc2c1=O)N1CCCCCC1,0.8985999999999996,CC=NN(C=O)CC(=O)N1CCCCCC1C,True,1.2415999999999998,0.3430000000000002,0.16923076923076924,False,True
1.0,bin,11,0.0693100094795227,0.014019966125488281,0.12460005283355713,427929,CCNc1nc(NCc2ccccc2Cl)c2cnn(C)c2n1,3.060600000000001,CC(C)Nc1nc(NCc2ccc(F)cc2)c2cnn(C)c2n1,True,2.934800000000001,-0.1257999999999999,0.4666666666666667,False,True
1.0,bin,11,0.0693100094795227,0.014019966125488281,0.12460005283355713,447130,CCC(NC(=O)C1CCN(C(=O)C2CC2)CC1)c1ccc(C)cc1,3.2109200000000016,CC(C)C(NC(=O)C1CCN(C(=O)C2CC2)CC1)c1ccccc1,True,3.148500000000002,-0.062419999999999476,0.5384615384615384,False,True
1.0,bin,11,0.0693100094795227,0.014019966125488281,0.12460005283355713,481908,CCNS(=O)(=O)c1ccc(C)c(C(=O)Nc2ncccc2C)c1,2.24894,Cc1cc(N)cc(C(=O)Nc2ncccc2C)c1,True,2.532940000000001,0.2840000000000007,0.44642857142857145,False,True
1.0,bin,11,0.0693100094795227,0.014019966125488281,0.12460005283355713,485220,Cc1nn(CC(=O)N2CCN(C)CC2)c(C)c1Br,1.03644,COCCN1CCN(C(=O)Cn2nc(C)cc2Cl)CC1,True,0.6355200000000001,-0.40091999999999994,0.3888888888888889,False,True
1.0,bin,11,0.0693100094795227,0.014019966125488281,0.12460005283355713,526363,Cc1nnc(SCC(=O)Nc2ccc(O)cc2)n(N)c1=O,0.09692,COc1ccc(NC(=O)CSc2nnc(C)c(=O)n2N)cc1,True,0.3999199999999995,0.3029999999999995,0.7755102040816326,False,False
1.0,bin,11,0.0693100094795227,0.014019966125488281,0.12460005283355713,536853,COc1ccc(C2CCCN2C(=O)C2CCC2)c(OC)c1,3.1674000000000015,O=C(C1CCC1)N1CCCC1c1c(F)cccc1F,True,3.4284000000000026,0.261000000000001,0.5,False,True
1.0,bin,11,0.0693100094795227,0.014019966125488281,0.12460005283355713,540312,Cc1nn(C)c2nc(C3CC3)cc(C(=O)NCC(=O)NC(C)(C)C)c12,1.7986199999999997,COCCCNC(=O)c1cc(C2CC2)nc2c1c(C)nn2C,True,1.9204199999999998,0.12180000000000013,0.65,False,True
1.0,bin,11,0.0693100094795227,0.014019966125488281,0.12460005283355713,544381,Cc1nc(N2CCCC(C(=O)NC(C)C)C2)c2c(C)c(C)oc2n1,2.8890600000000006,C=CCNC(=O)C1CCN(c2nc(C)nc3oc(C)c(C)c23)CC1,True,2.666660000000001,-0.2223999999999995,0.5396825396825397,False,True
1.0,bin,11,0.0693100094795227,0.014019966125488281,0.12460005283355713,544382,CCCNC(=O)C1CCCN(c2nc(C)nc3oc(C)c(C)c23)C1,2.8906600000000013,CCNC(=O)CC1CCN(c2nc(C(C)C)nc3oc(C)c(C)c23)C1,True,3.315540000000002,0.4248800000000008,0.4857142857142857,False,True
1.0,bin,11,0.0693100094795227,0.014019966125488281,0.12460005283355713,550049,Cc1ccc(C)c(OCC(=O)Nc2cccc(-n3cnnc3)c2)c1,2.9016400000000013,CC1=CC=C(OCC(=O)Nc2ccc(C)c(-n3cnnc3)c2C)C1O,True,2.0439400000000005,-0.8577000000000008,0.3880597014925373,False,True
1.0,bin,11,0.0693100094795227,0.014019966125488281,0.12460005283355713,573533,Cc1nn(-c2ncc(C(F)(F)F)cc2Cl)c(=O)o1,2.2011199999999995,C=CC(=CN=CN1C=CCNC=N1)C(F)(F)F,True,2.0091,-0.1920199999999994,0.10144927536231885,False,True
1.0,bin,11,0.0693100094795227,0.014019966125488281,0.12460005283355713,582555,O=C(NCC(O)c1ccccc1)c1ccc2c(=O)n3c(nc2c1)CCC3,1.8061000000000003,CNC(=O)C(CNC(=O)c1ccc2c(=O)[nH]cnc2c1)Cc1ccccc1,True,1.2577999999999996,-0.5483000000000007,0.35064935064935066,False,True
1.0,bin,11,0.0693100094795227,0.014019966125488281,0.12460005283355713,588547,Cc1n[nH]c(C)c1NC(=O)CCc1ccc(Cl)cc1Cl,3.9046400000000023,Cc1n[nH]c(C)c1NC(=O)CCc1ccc(Cl)cc1Cl,True,3.9046400000000023,0.0,1.0,True,False
1.0,bin,11,0.0693100094795227,0.014019966125488281,0.12460005283355713,607673,CCCN(CC1CC1)S(=O)(=O)c1ccccc1F,2.636400000000001,CCCN(CC1CC1)S(=O)(=O)c1ccccc1,True,2.497300000000001,-0.1391,0.6585365853658537,False,False
1.0,bin,11,0.0693100094795227,0.014019966125488281,0.12460005283355713,617681,Cc1cc(C(=O)Nc2nc(-c3ccncc3)cs2)nn1C(C)C,3.5432200000000016,CCn1ccc(C(=O)NC2SC=CCN3N=C2CC=C3C)n1,True,2.1849,-1.3583200000000017,0.17857142857142858,False,True
1.0,bin,11,0.0693100094795227,0.014019966125488281,0.12460005283355713,650267,COc1ccc2oc(C(=O)NC3CCCCNC3=O)c(C)c2c1,2.14832,CCc1ccc2oc(C(=O)NC3CCCCNC3)c(C)c2c1,True,3.1755200000000015,1.0272000000000014,0.4852941176470588,False,True
1.0,bin,11,0.0693100094795227,0.014019966125488281,0.12460005283355713,668639,Cc1cc(NC(=O)c2ccccc2Cl)ncc1N,2.8779200000000005,COC(=O)c1cc(NC(=O)c2cccc(Cl)c2Cl)ncc1N,True,3.009500000000001,0.13158000000000047,0.5882352941176471,False,True
1.0,bin,11,0.0693100094795227,0.014019966125488281,0.12460005283355713,673160,CCC(=O)Nc1ccc2oc(C(F)(F)F)cc(=O)c2c1,3.160300000000001,CC(=O)Nc1ccc2oc(C(F)(F)F)cc(=O)c2c1,True,2.770200000000001,-0.39010000000000034,0.75,False,False
1.0,bin,11,0.0693100094795227,0.014019966125488281,0.12460005283355713,711169,Cc1cccc(C(C)C)c1NC(=O)N(C)Cc1ccncc1,4.177320000000003,CCC(C)Oc1ccc(NC(=O)N(C)Cc2ccncc2)c(C)c1,True,4.231220000000003,0.0539000000000005,0.5084745762711864,False,True
1.0,bin,11,0.0693100094795227,0.014019966125488281,0.12460005283355713,720969,Cc1noc(C)c1CCC(=O)OCC(=O)N1c2ccccc2CC1C,2.7450400000000013,Cc1noc(C)c1CCC(=O)OC(C)C(=O)N1CCc2ccccc21,True,2.7450400000000013,0.0,0.5072463768115942,False,True
1.0,bin,11,0.0693100094795227,0.014019966125488281,0.12460005283355713,730789,COC(=O)C1CCN(C(=O)c2cc3ccc(F)cc3nc2C)CC1,2.7075200000000006,CCc1nc2ccc(F)cc2cc1C(=O)N1CCCCC(=O)OC1,True,3.0631000000000013,0.3555800000000007,0.3287671232876712,False,True
1.0,bin,11,0.0693100094795227,0.014019966125488281,0.12460005283355713,738178,Cc1ccc(-n2ccnc2SCc2nc(C3CC3)no2)cc1C,4.041840000000003,CCc1cccc(-n2ccnc2SCc2nc(C3CC3)no2)c1,True,3.9874000000000027,-0.05444000000000049,0.7321428571428571,False,True
1.0,bin,11,0.0693100094795227,0.014019966125488281,0.12460005283355713,771897,COc1ccccc1OCC(=O)N(C)Cc1sccc1C,3.102520000000002,COc1ccccc1OCC(=O)N(C)Cc1sccc1C,True,3.102520000000002,0.0,1.0,True,False
1.0,bin,11,0.0693100094795227,0.014019966125488281,0.12460005283355713,811446,COC(=O)C1(NC(=O)c2cc(Br)c[nH]2)CCCCCC1,2.7730000000000006,CCOC(=O)C1(NC(=O)c2ccc[nH]2)CCCCC1,True,2.0104999999999995,-0.7625000000000011,0.4716981132075472,False,True
1.0,bin,11,0.0693100094795227,0.014019966125488281,0.12460005283355713,848291,CCC(C)NC(=O)NCc1noc(-c2cccs2)n1,2.3958000000000004,COCCCCC(=O)NCc1noc(-c2cccs2)n1,True,2.231,-0.1648000000000005,0.5666666666666667,False,True
1.0,bin,11,0.0693100094795227,0.014019966125488281,0.12460005283355713,863440,COc1ccc(-c2nc(CCCO)cs2)cc1OC,2.752200000000001,COc1ccc(-c2nc(N)cs2)cc1OC(F)F,True,3.002300000000001,0.25009999999999977,0.46153846153846156,False,True
1.0,bin,11,0.0693100094795227,0.014019966125488281,0.12460005283355713,864663,N#Cc1ccc(-c2cc(F)ccc2F)nc1N1CCCC1,3.498680000000002,N#Cc1ccc(-c2ccc(F)c(F)c2)nc1N1CCCC1,True,3.498680000000002,0.0,0.6739130434782609,False,False
1.0,bin,11,0.0693100094795227,0.014019966125488281,0.12460005283355713,872100,CCc1cccc(C)c1NCC(O)c1ccc2c(c1)OCCO2,3.474120000000002,Cc1cc(C)c(NCC(O)c2ccc3c(c2)OCCO3)c(C)c1,True,3.5285600000000024,0.05444000000000049,0.673469387755102,False,False
1.0,bin,11,0.0693100094795227,0.014019966125488281,0.12460005283355713,886334,COc1ccc(C(=O)N2CCCC(C(=O)N3CCCCC3)C2)c(O)c1,2.2655000000000003,COc1ccccc1C(=O)N1CCCC(C(=O)N2CCCCC2)C1,True,2.5599000000000007,0.29440000000000044,0.6274509803921569,False,True
1.0,bin,11,0.0693100094795227,0.014019966125488281,0.12460005283355713,887387,COCCNC(=O)N(Cc1cccc(F)c1)CC1CCCO1,2.1627,COCCNC(=O)N(Cc1ccccc1)CC1CCCO1,True,2.0235999999999996,-0.13910000000000045,0.7818181818181819,False,False
1.0,bin,11,0.0693100094795227,0.014019966125488281,0.12460005283355713,889149,N#Cc1ccc(NC(=O)c2ccc(Br)cc2Cl)nc1,3.621480000000001,N#Cc1ccc(NC(=O)c2cccc(C(F)(F)F)c2)nc1,True,3.224380000000001,-0.3971,0.48214285714285715,False,False
1.0,bin,11,0.0693100094795227,0.014019966125488281,0.12460005283355713,913483,O=C(CNC(=O)NCCc1c(Cl)cccc1Cl)NC1CC1,2.1137000000000006,O=C(CNC(=O)NCCc1cccc(Cl)c1Cl)NC1CC1,True,2.1136999999999997,-8.881784197001252e-16,0.7555555555555555,False,True
1.0,bin,11,0.0693100094795227,0.014019966125488281,0.12460005283355713,917620,C=CCN(Cc1ccccc1OC)C(=O)c1csc(C)n1,3.288520000000002,CCOc1ccc(CN(CC)C(=O)c2csc(C)n2)cc1OC,True,3.5211200000000025,0.23260000000000058,0.47619047619047616,False,True
1.0,bin,11,0.0693100094795227,0.014019966125488281,0.12460005283355713,918312,CCOc1ccc(Cl)c(C(=O)N2CCN(c3ncccn3)CC2)n1,1.8860999999999997,CC1CC2(C(=O)N3CCN(CCO)CC3=N)NC1OC=CC=C2Cl,True,0.4610700000000011,-1.4250299999999987,0.13636363636363635,False,True
1.0,bin,11,0.0693100094795227,0.014019966125488281,0.12460005283355713,922879,CC(=O)c1ccc(N2CCN(Cc3c(F)cccc3F)CC2)cc1,3.489600000000003,CC(=O)Oc1ccc(N2CCN(Cc3ccc(C)c(C)c3)CC2)cc1,True,3.5509400000000024,0.061339999999999506,0.39285714285714285,False,True
1.0,bin,11,0.0693100094795227,0.014019966125488281,0.12460005283355713,927535,COc1cc(CN2CCN(c3ccccc3F)CC2)ccc1O,2.862100000000002,OCc1cccc(CN2CCN(c3ccccc3F)CC2)c1,True,2.640200000000001,-0.2219000000000011,0.5918367346938775,False,True
1.0,bin,11,0.0693100094795227,0.014019966125488281,0.12460005283355713,927567,Cc1ccccc1N1CCN(Cc2cccc(O)c2)CC1,3.022820000000001,Oc1cccc(CN2CCN(c3ccccc3Cl)CC2)c1,True,3.3678000000000026,0.3449800000000014,0.7317073170731707,False,False
1.0,bin,11,0.0693100094795227,0.014019966125488281,0.12460005283355713,938108,CC(c1ccccc1)N(C)C(=O)CCC(=O)Nc1nccs1,3.0814000000000012,O=C(CCC(=O)Nc1nccs1)NCc1ccc(Cl)cc1,True,2.831600000000001,-0.24980000000000047,0.45614035087719296,False,True
1.0,bin,11,0.0693100094795227,0.014019966125488281,0.12460005283355713,943303,CN(CCCOc1ccccc1)C(=O)Nc1cccc2c1OCCO2,3.390600000000002,Cc1ccc(OCCCNC(=O)Nc2cccc3c2OCCO3)cc1,True,3.3568200000000017,-0.03378000000000014,0.5666666666666667,False,True
1.0,bin,11,0.0693100094795227,0.014019966125488281,0.12460005283355713,946289,CC(NC(=O)C1(c2cc(-c3ccco3)on2)CC1)c1ccccc1,3.843600000000002,CC1=CC=CC=CCC2CC2(c2cc(-c3ccco3)on2)C(=O)N1,True,3.7284000000000024,-0.11519999999999975,0.3561643835616438,False,True
1.0,bin,11,0.0693100094795227,0.014019966125488281,0.12460005283355713,994077,Cc1nnc(Cn2c(-c3cccc(Br)c3)noc2=O)o1,2.0055199999999997,O=c1onc(-c2ccc(F)c(Cl)c2)n1CC1=NN=CC1,True,2.1262999999999996,0.12077999999999989,0.35384615384615387,False,True
1.0,bin,11,0.0693100094795227,0.014019966125488281,0.12460005283355713,1065620,O=C(NCc1cccnc1Oc1ccccc1)c1cccnc1,3.198900000000002,Cc1cnc(C(=O)NCc2cccnc2Oc2ccccc2)cn1,True,2.9023200000000013,-0.2965800000000005,0.6415094339622641,False,True
1.0,bin,11,0.0693100094795227,0.014019966125488281,0.12460005283355713,1093926,CN(C(=O)CNc1cccc(OCC2CCCO2)c1)c1ccccc1,3.319300000000002,O=C(CNc1cccc(OCC2CCCO2)c1)Nc1ccccc1F,True,3.4341000000000017,0.11479999999999979,0.6153846153846154,False,False
1.0,bin,11,0.0693100094795227,0.014019966125488281,0.12460005283355713,1107920,CCc1ccc(-n2cc(C(=O)NC(C)c3ccccc3)nn2)cc1,3.320700000000002,Cc1ccccc1C(C)NC(=O)c1cn(-c2ccccc2)nn1,True,3.066720000000001,-0.2539800000000012,0.6037735849056604,False,True
1.0,bin,11,0.0693100094795227,0.014019966125488281,0.12460005283355713,1113130,CC(NC(=O)Cn1nnnc1C(C)(C)C)c1cccc2ccccc12,3.0012000000000016,CC(C)c1nnnn1CC(=O)NC(C)c1cccc2ccccc12,True,2.8271000000000006,-0.17410000000000103,0.7307692307692307,False,True
1.0,bin,11,0.0693100094795227,0.014019966125488281,0.12460005283355713,1121751,COC(=O)Cn1ccc(NS(=O)(=O)c2ccc(F)c(F)c2F)n1,1.2742,COC(=O)Cn1ccc(NS(=O)(=O)c2ccc(F)cc2OC)n1,True,1.0046,-0.26960000000000006,0.6851851851851852,False,True
1.0,bin,11,0.0693100094795227,0.014019966125488281,0.12460005283355713,1142531,CCOC(C)C(=O)NCCc1csc(-c2ccc(C)cc2)n1,3.2022200000000014,CC(C)N(C)C(=O)NCCc1csc(-c2ccc(F)cc2)n1,True,3.541500000000002,0.33928000000000047,0.5166666666666667,False,True
1.0,bin,11,0.0693100094795227,0.014019966125488281,0.12460005283355713,1212157,CN(Cc1ccc(F)c(F)c1)C(=O)c1cncc(-c2cnn(C)c2)c1,3.0325000000000015,C=C(C=NC=CC(=O)N(C)C(C)C1=CC=COC1)c1cnn(C)c1,True,2.335,-0.6975000000000016,0.20930232558139536,False,True
1.0,bin,11,0.0693100094795227,0.014019966125488281,0.12460005283355713,1215394,CCn1nc(C)cc1C(=O)Oc1cccc(NC(=O)C(C)C)c1,3.025120000000001,CCn1nc(C)cc1C(=O)Oc1ccc(C)c(C)c1,True,3.047460000000002,0.022340000000000693,0.5849056603773585,False,True
1.0,bin,11,0.0693100094795227,0.014019966125488281,0.12460005283355713,1232922,CC(C)(C)OC(=O)NC1CCCN(S(=O)(=O)N2CCOCC2)C1,0.5525000000000011,CC(C)CCC(=O)NC1CCCN(S(=O)(=O)N2CCOCC2)C1,True,0.5802000000000014,0.02770000000000028,0.6037735849056604,False,True
1.0,bin,11,0.0693100094795227,0.014019966125488281,0.12460005283355713,1238973,FC(F)(F)c1cnc(N2CCn3c(nnc3C3CC3)C2)c(Cl)c1,3.2429000000000023,CCCCc1cnc(N2CCn3c(nnc3C3CC3)C2)c(C)c1,True,3.221720000000002,-0.0211800000000002,0.5,False,True
1.0,bin,11,0.0693100094795227,0.014019966125488281,0.12460005283355713,1299495,Cc1cc(CC(=O)N2CCCC2C(C#N)c2ccccc2)no1,2.823900000000001,CC1=CC(CC(=O)N2CCCC2C(C)c2ccccc2N)O1,True,3.056000000000001,0.23209999999999997,0.3611111111111111,False,True
1.0,bin,11,0.0693100094795227,0.014019966125488281,0.12460005283355713,1309906,CC(C)CC(NC(=O)c1cc(=O)c2ccccc2o1)C(=O)OC(C)C,2.8891000000000018,CC(C)COC(=O)c1cc(=O)c2cc(Cl)ccc2o1,True,3.2592000000000017,0.3700999999999999,0.4,False,True
1.0,bin,11,0.0693100094795227,0.014019966125488281,0.12460005283355713,1362816,COCc1cccc(C(=O)NC2CC2c2cccc(Cl)c2)c1,3.772300000000002,O=C(NC1CC1c1cccc(F)c1)c1ccc(Cl)cc1,True,3.7650000000000023,-0.007299999999999862,0.5178571428571429,False,True
1.0,bin,11,0.0693100094795227,0.014019966125488281,0.12460005283355713,1441838,COCC(=O)NC(C(=O)Nc1cccc(-c2nccs2)c1)C(C)C,2.5358,COCCCNC(=O)c1ccc(-c2nccs2)cc1,True,2.5764000000000005,0.040600000000000414,0.4,False,True
1.0,bin,11,0.0693100094795227,0.014019966125488281,0.12460005283355713,1450449,CCCNC(=O)CSc1nc2c(cc1C#N)CCCC2,2.450380000000001,CNC(=O)CSc1nc2c(cc1C(C)=O)CCCC2,True,2.0011,-0.4492800000000008,0.5087719298245614,False,True
1.0,bin,11,0.0693100094795227,0.014019966125488281,0.12460005283355713,1451910,O=S(=O)(NCc1nnc2ccccn12)c1ccc(F)c(F)c1,1.4859999999999995,COc1cc(C)ccc1S(=O)(=O)NCc1nnc2ccccn12,True,1.52482,0.03882000000000052,0.5344827586206896,False,True
1.0,bin,11,0.0693100094795227,0.014019966125488281,0.12460005283355713,1479798,Cc1nc(C)c(CCC(=O)N(CC(C)C)CC(F)(F)F)c(=O)[nH]1,2.3662400000000003,CCCN(CC(C)C)C(=O)c1c(C)nc(C)[nH]c1=O,True,1.89494,-0.4713000000000003,0.4642857142857143,False,True
1.0,bin,11,0.0693100094795227,0.014019966125488281,0.12460005283355713,1507926,COC(=O)C(C)NC(=O)Cc1csc(-c2ccccc2Cl)n1,2.6837,COC(=O)Cc1csc(-c2ccccc2Cl)n1,True,3.179000000000002,0.49530000000000207,0.673469387755102,False,True
1.0,bin,11,0.0693100094795227,0.014019966125488281,0.12460005283355713,1527882,Nc1ncccc1C(=O)Nc1ccc2cn[nH]c2c1,1.7923999999999998,O=C(Nc1ccc2cn[nH]c2c1)c1cccnc1O,True,1.9157999999999995,0.12339999999999973,0.7659574468085106,False,True
1.0,bin,11,0.0693100094795227,0.014019966125488281,0.12460005283355713,1532848,COc1ccc(-c2ccc3c(=O)[nH]cnc3c2)cc1Cl,3.2521000000000013,O=c1[nH]cnc2cc(-c3ccc(Cl)c(F)c3F)ccc12,True,3.521700000000001,0.2695999999999996,0.5510204081632653,False,True
1.0,bin,11,0.0693100094795227,0.014019966125488281,0.12460005283355713,1548351,COc1cc(OC)c2c(c1)C(c1cnccn1)NCC2,1.7288999999999999,COc1ccc(F)c2c1C(c1cnccn1)NCC2,True,1.8593999999999997,0.13049999999999984,0.5660377358490566,False,True
1.0,bin,11,0.0693100094795227,0.014019966125488281,0.12460005283355713,1570134,COc1cccc(C(C)N2CCN(C(=O)c3ccc(O)cc3)CC2)c1,2.9198000000000013,Cc1cccc(C(C)N2CCN(C(=O)c3ccc(N)cc3)CC2)c1,True,3.0962200000000015,0.17642000000000024,0.5849056603773585,False,True
1.0,bin,11,0.0693100094795227,0.014019966125488281,0.12460005283355713,1611406,CC(C)(C)N1CC(NC(=O)C2COc3ccc(F)cc3C2)CC1=O,1.8923999999999994,CCCCN1CC(NC(=O)C2COc3ccc(F)cc3C2)CC1=O,True,1.8939999999999997,0.0016000000000002679,0.6774193548387096,False,True
1.0,bin,11,0.0693100094795227,0.014019966125488281,0.12460005283355713,1612684,CCCC1CN(C(=O)Nc2ccn(CCC(C)C)n2)CCO1,2.9620000000000015,CCOC1CN(C(=O)Nc2ccn(CCCC(C)(C)C)n2)CC(C)O1,True,3.324600000000002,0.3626000000000005,0.41333333333333333,False,True
1.0,bin,11,0.0693100094795227,0.014019966125488281,0.12460005283355713,1639675,CCC(CC)c1nnc(NC(=O)c2scnc2C2CC2)s1,4.0279000000000025,CCCCCc1nnc(NC(=O)c2scnc2C2CC2)s1,True,3.857000000000003,-0.1708999999999996,0.6666666666666666,False,False
1.0,bin,11,0.0693100094795227,0.014019966125488281,0.12460005283355713,1675660,COc1ccnc(NC(=O)c2cccc(Cl)c2)c1,2.9959000000000007,COc1cccc(C(=O)Nc2ccc(C(C)=O)cn2)c1,True,2.5451000000000006,-0.4508000000000001,0.5294117647058824,False,True
1.0,bin,11,0.0693100094795227,0.014019966125488281,0.12460005283355713,1689728,CCc1noc(CSc2ncnc3sc(C)cc23)n1,3.237420000000002,Cc1noc(CSc2ncnc3sc(C)c(C)c23)n1,True,3.2918600000000025,0.05444000000000049,0.48214285714285715,False,True
1.0,bin,11,0.0693100094795227,0.014019966125488281,0.12460005283355713,1720876,CC(C)(C)CC(=O)NCC(=O)Nc1ccc2c(c1)COC2,2.2077,CCC(CCO)N(C)C(=O)Nc1ccc2c(c1)COC2,True,2.3415,0.13379999999999992,0.43859649122807015,False,True
1.0,bin,11,0.0693100094795227,0.014019966125488281,0.12460005283355713,1757109,CC(C)Cc1ncc(CNc2ccc3c(c2)COC3)s1,3.983900000000003,FC(F)(F)c1ncc(CNc2ccc3c(c2)COC3)s1,True,3.8042000000000016,-0.1797000000000013,0.6078431372549019,False,True
1.0,bin,11,0.0693100094795227,0.014019966125488281,0.12460005283355713,1774061,O=C1NCCCc2[nH]c(-c3cccc4[nH]ccc34)nc21,2.234,CN1CC(=O)C(c2cccc3[nH]ccc23)NCCCC1=O,True,1.6198999999999997,-0.6141000000000003,0.36507936507936506,False,True
1.0,bin,11,0.0693100094795227,0.014019966125488281,0.12460005283355713,1800687,Cc1nn(C)c(-c2nc(-c3cccnn3)no2)c1Cl,1.8889199999999997,Cn1nc(C(F)(F)F)cc1-c1nc(-c2cccnn2)no1,True,1.9458999999999997,0.05698000000000003,0.5272727272727272,False,True
1.0,bin,11,0.0693100094795227,0.014019966125488281,0.12460005283355713,1815867,FC(F)(F)c1ccc(CN2CCOCC2c2ncon2)cc1,2.661900000000001,Clc1ccc(CN2CCOCC2c2ncon2)c(Cl)c1,True,2.9499000000000013,0.28800000000000026,0.5892857142857143,False,True
1.0,bin,11,0.0693100094795227,0.014019966125488281,0.12460005283355713,1828580,Cc1ccc(N2CC3OCC(=O)N(Cc4cccc(F)c4)C3C2)nn1,1.54032,O=CCOC1CN(c2ccc(F)nn2)CC1NCc1ccc(F)cc1,True,1.3172999999999995,-0.22302000000000044,0.275,False,True
1.0,bin,11,0.0693100094795227,0.014019966125488281,0.12460005283355713,1836183,CCc1ccc(C(=O)NCc2nccc(N(C)C)n2)cc1,2.035,CCN(CC)c1ccc(C(=O)NCc2nccc(N)n2)cc1,True,1.8349999999999995,-0.20000000000000062,0.5283018867924528,False,True
1.0,bin,11,0.0693100094795227,0.014019966125488281,0.12460005283355713,1842499,COc1ccccc1COc1ccccc1-c1cnn(CCO)c1,3.1300000000000017,N#Cc1ccc(COc2ccccc2-c2cnn(CCO)c2)cc1,True,2.9930800000000017,-0.13691999999999993,0.6111111111111112,False,True
1.0,bin,11,0.0693100094795227,0.014019966125488281,0.12460005283355713,1865564,COC(CNC(=O)c1ccoc1)c1cccc(F)c1,2.536200000000001,O=C(NCC(O)c1cc(F)cc(Cl)c1)c1ccoc1,True,2.5355000000000008,-0.000700000000000145,0.5357142857142857,False,True
1.0,bin,11,0.0693100094795227,0.014019966125488281,0.12460005283355713,1868773,CCCOc1ccc(Cl)c2c1CCNC2C1CC(=O)C1,3.2947000000000015,CCC(C)Oc1cccc2c1CCNC21CCC(=O)C1,True,2.9579000000000013,-0.3368000000000002,0.2361111111111111,False,True
1.0,bin,11,0.0693100094795227,0.014019966125488281,0.12460005283355713,1873123,CCC1OC(=O)c2c(OC)ccc(Br)c21,3.079200000000002,CCC1OC(=O)c2c(OC)ccc(Br)c21,True,3.079200000000002,0.0,1.0,True,False
1.0,bin,11,0.0693100094795227,0.014019966125488281,0.12460005283355713,1875028,Cc1cccc(C)c1NCC(=O)N1CCCC2CCCCC21,3.8965400000000034,Cc1ccc(NC(C)C(=O)NCC2CCCCC2)cc1,True,3.491920000000002,-0.4046200000000013,0.2459016393442623,False,True
1.0,bin,11,0.0693100094795227,0.014019966125488281,0.12460005283355713,1895921,CCC(CC)N(C)C(=O)CC1OC(=O)c2ccccc21,2.935200000000002,CN(CCC(F)(F)F)C(=O)CC1OC(=O)c2ccccc21,True,2.6990000000000007,-0.23620000000000108,0.58,False,True
1.0,bin,11,0.0693100094795227,0.014019966125488281,0.12460005283355713,1907077,Cc1ccc2[nH]nc(C(=O)Nc3nc(-c4ccco4)cs3)c2c1,3.8401200000000015,Cc1ccc2[nH]nc(C(=O)Nc3nc(-c4ccc(C)o4)cs3)c2c1,True,4.148540000000002,0.3084200000000008,0.7413793103448276,False,True
1.0,bin,11,0.0693100094795227,0.014019966125488281,0.12460005283355713,1913063,Cc1nn(C)c(C)c1CN(C(=O)c1cn2cccc(C)c2n1)C1CC1,2.797860000000001,Cc1[nH]ncc1CNC(=O)c1cn2cccc(C)c2n1,True,1.6042399999999997,-1.1936200000000012,0.4,False,True
1.0,bin,11,0.0693100094795227,0.014019966125488281,0.12460005283355713,1922265,CN(CCNC(=O)c1ccc2c(c1)ncn2C)c1ccccc1,2.4395000000000007,COc1ccc(NC(C)CNC(=O)c2ccc3c(c2)ncn3C)cc1,True,2.8123000000000014,0.3728000000000007,0.47692307692307695,False,True
1.0,bin,12,0.1658499836921692,0.12460005283355713,0.20709991455078125,32052,COc1ccccc1CNC(=O)Cc1c[nH]c2ccccc12,3.035400000000001,COCC(NC(=O)Cc1c[nH]c2ccccc12)c1ccccc1,True,3.2143000000000015,0.1789000000000005,0.5370370370370371,False,True
1.0,bin,12,0.1658499836921692,0.12460005283355713,0.20709991455078125,116747,COCCSc1ccccc1C(=O)Nc1cccc(C)n1,3.3808200000000017,CCSc1ccccc1C(=O)Nc1ccccn1,True,3.4459000000000017,0.06508000000000003,0.5,False,False
1.0,bin,12,0.1658499836921692,0.12460005283355713,0.20709991455078125,131060,CS(=O)(=O)NCCc1csc(-c2ccc(F)cc2)n1,2.0408999999999997,C#CCNC(=O)NCCc1csc(-c2ccc(F)cc2)n1,True,2.4241,0.38320000000000043,0.5769230769230769,False,True
1.0,bin,12,0.1658499836921692,0.12460005283355713,0.20709991455078125,131949,CCc1c(C)nc(SCC(=O)NC(C)C)[nH]c1=O,1.25742,CCNC(=O)CSc1nc(C)c(C(C)C)c(=O)[nH]1,True,1.42992,0.1725000000000001,0.56,False,True
1.0,bin,12,0.1658499836921692,0.12460005283355713,0.20709991455078125,158879,COc1ccc(CC(=O)OCC(=O)c2c[nH]c3ccccc23)cc1,3.145100000000001,O=C(CNc1ccccc1)COC(=O)Cc1ccccc1F,True,2.592600000000001,-0.5525000000000002,0.25,False,True
1.0,bin,12,0.1658499836921692,0.12460005283355713,0.20709991455078125,232056,COCCNC(=O)c1cc(=O)c2cc(C)ccc2o1,1.4776199999999993,COCCCNC(=O)c1cc(=O)c2cc(F)ccc2o1,True,1.6984,0.22078000000000064,0.66,False,True
1.0,bin,12,0.1658499836921692,0.12460005283355713,0.20709991455078125,235788,O=C(Cn1nc(-c2ccco2)oc1=O)NCC(F)(F)F,0.7747999999999999,CC(C)OC(=O)Cn1nc(-c2ccco2)oc1=O,True,1.0478999999999998,0.2730999999999999,0.5636363636363636,False,True
1.0,bin,12,0.1658499836921692,0.12460005283355713,0.20709991455078125,236081,CC(=O)c1c(C)[nH]c(C(=O)CSc2nc(C(C)C)n[nH]2)c1C,3.0506400000000014,CC(=O)c1c(C)[nH]c(C(=O)CSc2nc(C(C)(C)C)n[nH]2)c1C,True,3.2247400000000015,0.17410000000000014,0.6862745098039216,False,True
1.0,bin,12,0.1658499836921692,0.12460005283355713,0.20709991455078125,281081,O=C(Cn1cccn1)NCc1cccnc1Oc1ccc(F)cc1F,2.665000000000001,Cc1ccc(Oc2ncccc2CNC(=O)Cn2cccn2)cc1F,True,2.83432,0.16931999999999903,0.7096774193548387,False,True
1.0,bin,12,0.1658499836921692,0.12460005283355713,0.20709991455078125,284170,COc1ccc(-c2nc(CC(=O)Nc3cccc(C)n3)cs2)cc1,3.7033200000000024,Cc1ccnc(NC(=O)Cc2csc(-c3ccc(N(C)C)cc3)n2)c1,True,3.7607200000000027,0.05740000000000034,0.5,False,True
1.0,bin,12,0.1658499836921692,0.12460005283355713,0.20709991455078125,288369,Cc1ccc(NCc2nnc3n2CCCCC3)cc1C,3.2334400000000016,Fc1ccc(NCc2nnc3n2CCCCC3)c(Cl)c1,True,3.4091000000000022,0.1756600000000006,0.5370370370370371,False,True
1.0,bin,12,0.1658499836921692,0.12460005283355713,0.20709991455078125,302889,COc1ccc(OC)c(NC(=O)CCNC(=O)c2cccs2)c1,2.5239000000000003,O=C(CCNC(=O)c1cccs1)Nc1cccc(F)c1,True,2.6458000000000004,0.12190000000000012,0.5263157894736842,False,False
1.0,bin,12,0.1658499836921692,0.12460005283355713,0.20709991455078125,327141,COc1ccc(OC)c(S(=O)(=O)Nc2ccn(C)n2)c1,1.2381,COc1cccc(S(=O)(=O)Nc2ccn(C)n2)c1F,True,1.3686,0.13050000000000006,0.6122448979591837,False,True
1.0,bin,12,0.1658499836921692,0.12460005283355713,0.20709991455078125,327382,CNC(=O)C1CN(C(=O)c2c(C)noc2C)c2ccccc2O1,1.4452399999999996,Cc1noc(C)c1C(=O)N1CC(C(N)=O)Oc2ccc(F)cc21,True,1.3236399999999995,-0.12160000000000015,0.5932203389830508,False,True
1.0,bin,12,0.1658499836921692,0.12460005283355713,0.20709991455078125,406491,COCCNC(=O)C1CCCN(S(=O)(=O)N2CCOCC2)C1,-0.9619999999999964,CCNC(=O)C1CCCN(S(=O)(=O)N2CCOC(C)C2)C1,True,-0.19999999999999818,0.7619999999999982,0.5636363636363636,False,True
1.0,bin,12,0.1658499836921692,0.12460005283355713,0.20709991455078125,413951,O=C(Cn1ncn2cccc2c1=O)N1CCCCCC1,0.8985999999999996,Cc1nn(CC(=O)N2CCCCCC2)c(=O)c2cccn12,True,1.20702,0.30842000000000036,0.6,False,False
1.0,bin,12,0.1658499836921692,0.12460005283355713,0.20709991455078125,427929,CCNc1nc(NCc2ccccc2Cl)c2cnn(C)c2n1,3.060600000000001,CCCNc1nc(NCc2ccccc2C)c2cnn(C)c2n1,True,3.1057200000000007,0.04511999999999983,0.6481481481481481,False,False
1.0,bin,12,0.1658499836921692,0.12460005283355713,0.20709991455078125,447130,CCC(NC(=O)C1CCN(C(=O)C2CC2)CC1)c1ccc(C)cc1,3.2109200000000016,CCC(C)C(NC(=O)C1CCN(C(=O)C2CC2)CC1)c1ccccc1,True,3.5386000000000024,0.32768000000000086,0.5849056603773585,False,True
1.0,bin,12,0.1658499836921692,0.12460005283355713,0.20709991455078125,481908,CCNS(=O)(=O)c1ccc(C)c(C(=O)Nc2ncccc2C)c1,2.24894,COc1cc(C(=O)Nc2ccc(C)cn2)cc(OC)c1OC,True,2.668120000000001,0.4191800000000008,0.208955223880597,False,False
1.0,bin,12,0.1658499836921692,0.12460005283355713,0.20709991455078125,485220,Cc1nn(CC(=O)N2CCN(C)CC2)c(C)c1Br,1.03644,CCc1c(C)nn(CC(=O)N2CCN(CC)CC2)c1C,True,1.2264399999999998,0.18999999999999972,0.5217391304347826,False,True
1.0,bin,12,0.1658499836921692,0.12460005283355713,0.20709991455078125,526363,Cc1nnc(SCC(=O)Nc2ccc(O)cc2)n(N)c1=O,0.09692,Cc1nnc(SCC(=O)Nc2ccccc2O)n(N)c1=O,True,0.09691999999999984,-1.6653345369377348e-16,0.6862745098039216,False,False
1.0,bin,12,0.1658499836921692,0.12460005283355713,0.20709991455078125,536853,COc1ccc(C2CCCN2C(=O)C2CCC2)c(OC)c1,3.1674000000000015,COCc1ccc(C2CCCN2C(=O)C2CCC2)cc1,True,3.2966000000000024,0.12920000000000087,0.5094339622641509,False,True
1.0,bin,12,0.1658499836921692,0.12460005283355713,0.20709991455078125,540312,Cc1nn(C)c2nc(C3CC3)cc(C(=O)NCC(=O)NC(C)(C)C)c12,1.7986199999999997,Cc1nn(C)c2nc(C3CC3)cc(C(=O)NCC(F)F)c12,True,2.14902,0.3504000000000005,0.6724137931034483,False,True
1.0,bin,12,0.1658499836921692,0.12460005283355713,0.20709991455078125,544381,Cc1nc(N2CCCC(C(=O)NC(C)C)C2)c2c(C)c(C)oc2n1,2.8890600000000006,CC(C)=C(C)OCN=C(N=CN1CCCCC(=O)NCC1)C(C)C,True,2.959200000000001,0.07014000000000031,0.11904761904761904,False,True
1.0,bin,12,0.1658499836921692,0.12460005283355713,0.20709991455078125,544382,CCCNC(=O)C1CCCN(c2nc(C)nc3oc(C)c(C)c23)C1,2.8906600000000013,Cc1nc(N2CCC(C(C)C)CC2)c2c(C)c(C)oc2n1,True,4.0204600000000035,1.1298000000000021,0.4915254237288136,False,True
1.0,bin,12,0.1658499836921692,0.12460005283355713,0.20709991455078125,550049,Cc1ccc(C)c(OCC(=O)Nc2cccc(-n3cnnc3)c2)c1,2.9016400000000013,Cc1cc(NC(=O)COc2ccc(Cl)cc2)ccc1-n1cnnc1,True,3.246620000000001,0.3449799999999996,0.46774193548387094,False,True
1.0,bin,12,0.1658499836921692,0.12460005283355713,0.20709991455078125,573533,Cc1nn(-c2ncc(C(F)(F)F)cc2Cl)c(=O)o1,2.2011199999999995,CCCCc1nn(-c2cc(C(F)(F)F)ccn2)c(=O)o1,True,2.5819,0.38078000000000056,0.35,False,True
1.0,bin,12,0.1658499836921692,0.12460005283355713,0.20709991455078125,582555,O=C(NCC(O)c1ccccc1)c1ccc2c(=O)n3c(nc2c1)CCC3,1.8061000000000003,N#Cc1ccccc1CCNC(=O)c1ccc2c(=O)n3c(nc2c1)CCC3,True,2.1868800000000004,0.3807800000000001,0.6029411764705882,False,True
1.0,bin,12,0.1658499836921692,0.12460005283355713,0.20709991455078125,588547,Cc1n[nH]c(C)c1NC(=O)CCc1ccc(Cl)cc1Cl,3.9046400000000023,CCOCC1=CC(=CC(C)CC(=O)Nc2c(C)n[nH]c2C)C=CC1,True,3.840440000000002,-0.06420000000000048,0.3287671232876712,False,True
1.0,bin,12,0.1658499836921692,0.12460005283355713,0.20709991455078125,607673,CCCN(CC1CC1)S(=O)(=O)c1ccccc1F,2.636400000000001,CCCN(CC1CC1)S(=O)(=O)c1ccc(F)c(F)c1,True,2.775500000000001,0.1391,0.6222222222222222,False,False
1.0,bin,12,0.1658499836921692,0.12460005283355713,0.20709991455078125,617681,Cc1cc(C(=O)Nc2nc(-c3ccncc3)cs2)nn1C(C)C,3.5432200000000016,CCn1ccc(C(=O)Nc2nc(-c3ccnc(SC)c3)cs2)n1,True,3.3957000000000015,-0.1475200000000001,0.4411764705882353,False,True
1.0,bin,12,0.1658499836921692,0.12460005283355713,0.20709991455078125,650267,COc1ccc2oc(C(=O)NC3CCCCNC3=O)c(C)c2c1,2.14832,CC1=C(C(=O)NC2CCCCNC2)OOc2ccccc21,True,1.9999,-0.14842,0.2631578947368421,False,True
1.0,bin,12,0.1658499836921692,0.12460005283355713,0.20709991455078125,668639,Cc1cc(NC(=O)c2ccccc2Cl)ncc1N,2.8779200000000005,COc1ccc(C(=O)Nc2cc(C)c(N)cn2)c(C)c1C,True,2.849960000000001,-0.02795999999999932,0.58,False,True
1.0,bin,12,0.1658499836921692,0.12460005283355713,0.20709991455078125,673160,CCC(=O)Nc1ccc2oc(C(F)(F)F)cc(=O)c2c1,3.160300000000001,CCC(=O)C(C)Oc1ccc2oc(C(F)(F)F)cc(=O)c2c1,True,3.558200000000002,0.3979000000000008,0.5660377358490566,False,True
1.0,bin,12,0.1658499836921692,0.12460005283355713,0.20709991455078125,711169,Cc1cccc(C(C)C)c1NC(=O)N(C)Cc1ccncc1,4.177320000000003,CCC(C)c1ccccc1NC(=O)N(C)Cc1ccncc1,True,4.259000000000003,0.08168000000000042,0.5849056603773585,False,True
1.0,bin,12,0.1658499836921692,0.12460005283355713,0.20709991455078125,720969,Cc1noc(C)c1CCC(=O)OCC(=O)N1c2ccccc2CC1C,2.7450400000000013,Cc1cccc2c1N(C(=O)COC(=O)CCc1c(C)noc1C)C(C)C2,True,3.053460000000002,0.3084200000000008,0.7796610169491526,False,True
1.0,bin,12,0.1658499836921692,0.12460005283355713,0.20709991455078125,730789,COC(=O)C1CCN(C(=O)c2cc3ccc(F)cc3nc2C)CC1,2.7075200000000006,COCCOC1CCN(C(=O)c2cc3ccc(F)cc3nc2C)CC1,True,2.9499200000000014,0.24240000000000084,0.6842105263157895,False,True
1.0,bin,12,0.1658499836921692,0.12460005283355713,0.20709991455078125,738178,Cc1ccc(-n2ccnc2SCc2nc(C3CC3)no2)cc1C,4.041840000000003,Clc1ccccc1-n1ccnc1SCc1nc(C2CC2)no1,True,4.078400000000002,0.036559999999998816,0.6206896551724138,False,True
1.0,bin,12,0.1658499836921692,0.12460005283355713,0.20709991455078125,771897,COc1ccccc1OCC(=O)N(C)Cc1sccc1C,3.102520000000002,Cc1ccc(OCC(=O)N(C)Cc2sccc2CO)c(F)c1,True,2.725320000000001,-0.3772000000000011,0.4915254237288136,False,True
1.0,bin,12,0.1658499836921692,0.12460005283355713,0.20709991455078125,811446,COC(=O)C1(NC(=O)c2cc(Br)c[nH]2)CCCCCC1,2.7730000000000006,Cn1cc(Br)cc1C(=O)NC1(C#N)CCCCCC1,True,3.133980000000002,0.3609800000000014,0.3275862068965517,False,False
1.0,bin,12,0.1658499836921692,0.12460005283355713,0.20709991455078125,848291,CCC(C)NC(=O)NCc1noc(-c2cccs2)n1,2.3958000000000004,CC(NC(=O)C(C)(C)C)c1noc(-c2cccs2)n1,True,3.0214000000000016,0.6256000000000013,0.4915254237288136,False,True
1.0,bin,12,0.1658499836921692,0.12460005283355713,0.20709991455078125,863440,COc1ccc(-c2nc(CCCO)cs2)cc1OC,2.752200000000001,COC(=O)c1cccc(-c2nc(CCCCO)cs2)c1,True,2.9117000000000015,0.15950000000000042,0.5471698113207547,False,True
1.0,bin,12,0.1658499836921692,0.12460005283355713,0.20709991455078125,864663,N#Cc1ccc(-c2cc(F)ccc2F)nc1N1CCCC1,3.498680000000002,N#Cc1ccc(N2CCCC2)nc1-c1ccc(Cl)cc1,True,3.8738800000000024,0.3752000000000004,0.37037037037037035,False,True
1.0,bin,12,0.1658499836921692,0.12460005283355713,0.20709991455078125,872100,CCc1cccc(C)c1NCC(O)c1ccc2c(c1)OCCO2,3.474120000000002,Cc1cc(C)c(NCC(O)c2ccc3c(c2)OCCO3)c(C)c1,True,3.5285600000000024,0.05444000000000049,0.673469387755102,False,False
1.0,bin,12,0.1658499836921692,0.12460005283355713,0.20709991455078125,886334,COc1ccc(C(=O)N2CCCC(C(=O)N3CCCCC3)C2)c(O)c1,2.2655000000000003,O=C(c1ccccc1F)N1CCCC(C(=O)N2CCCCC2)C1,True,2.6904000000000012,0.42490000000000094,0.5384615384615384,False,True
1.0,bin,12,0.1658499836921692,0.12460005283355713,0.20709991455078125,887387,COCCNC(=O)N(Cc1cccc(F)c1)CC1CCCO1,2.1627,COC(=O)CCCN(Cc1ccccc1)CC1CCCO1,True,2.620800000000001,0.45810000000000084,0.4626865671641791,False,True
1.0,bin,12,0.1658499836921692,0.12460005283355713,0.20709991455078125,889149,N#Cc1ccc(NC(=O)c2ccc(Br)cc2Cl)nc1,3.621480000000001,CC(=CC=CC#N)NC(=O)c1cc(Cl)c(Cl)cc1Cl,True,4.3601800000000015,0.7387000000000006,0.26229508196721313,False,True
1.0,bin,12,0.1658499836921692,0.12460005283355713,0.20709991455078125,913483,O=C(CNC(=O)NCCc1c(Cl)cccc1Cl)NC1CC1,2.1137000000000006,O=C(NCCc1c(Cl)cccc1Cl)NCC(=O)C1CC1,True,2.8142000000000014,0.7005000000000008,0.7380952380952381,False,True
1.0,bin,12,0.1658499836921692,0.12460005283355713,0.20709991455078125,917620,C=CCN(Cc1ccccc1OC)C(=O)c1csc(C)n1,3.288520000000002,C=CCN(Cc1cccc(OC)c1)C(=O)c1csc(C)n1,True,3.288520000000002,0.0,0.6491228070175439,False,True
1.0,bin,12,0.1658499836921692,0.12460005283355713,0.20709991455078125,918312,CCOc1ccc(Cl)c(C(=O)N2CCN(c3ncccn3)CC2)n1,1.8860999999999997,CC(C)Oc1ccc(Cl)c(C(=O)N2CCN(c3ncccn3)CC2)n1,True,2.2746000000000004,0.38850000000000073,0.7450980392156863,False,True
1.0,bin,12,0.1658499836921692,0.12460005283355713,0.20709991455078125,922879,CC(=O)c1ccc(N2CCN(Cc3c(F)cccc3F)CC2)cc1,3.489600000000003,CC(=O)c1cccc(N2CCN(Cc3cccc(C)c3)CC2)c1,True,3.519820000000003,0.030219999999999914,0.4807692307692308,False,True
1.0,bin,12,0.1658499836921692,0.12460005283355713,0.20709991455078125,927535,COc1cc(CN2CCN(c3ccccc3F)CC2)ccc1O,2.862100000000002,COc1cc(CN2CCN(c3ccccc3)CC2)cc(OC)c1OC,True,3.034600000000001,0.172499999999999,0.4807692307692308,False,True
1.0,bin,12,0.1658499836921692,0.12460005283355713,0.20709991455078125,927567,Cc1ccccc1N1CCN(Cc2cccc(O)c2)CC1,3.022820000000001,Cc1ccccc1N1CCN(Cc2cc(F)ccc2N)CC1,True,3.038520000000001,0.015699999999999825,0.5,False,True
1.0,bin,12,0.1658499836921692,0.12460005283355713,0.20709991455078125,938108,CC(c1ccccc1)N(C)C(=O)CCC(=O)Nc1nccs1,3.0814000000000012,CC(NC(=O)CCC(=O)Nc1nccs1)c1ccc(Cl)cc1,True,3.3926000000000007,0.3111999999999995,0.5454545454545454,False,False
1.0,bin,12,0.1658499836921692,0.12460005283355713,0.20709991455078125,943303,CN(CCCOc1ccccc1)C(=O)Nc1cccc2c1OCCO2,3.390600000000002,Cc1ccc(OCCCNC(=O)Nc2cccc3c2OCCO3)cc1,True,3.3568200000000017,-0.03378000000000014,0.5666666666666667,False,True
1.0,bin,12,0.1658499836921692,0.12460005283355713,0.20709991455078125,946289,CC(NC(=O)C1(c2cc(-c3ccco3)on2)CC1)c1ccccc1,3.843600000000002,CCC(C(=O)NC(C)C1=CC=CC1)c1cc(-c2ccco2)on1,True,3.819200000000002,-0.024399999999999977,0.42028985507246375,False,True
1.0,bin,12,0.1658499836921692,0.12460005283355713,0.20709991455078125,994077,Cc1nnc(Cn2c(-c3cccc(Br)c3)noc2=O)o1,2.0055199999999997,Cc1nnc(Cn2c(-c3ccc(C)c(Cl)c3)noc2=O)o1,True,2.20484,0.19932000000000016,0.6538461538461539,False,True
1.0,bin,12,0.1658499836921692,0.12460005283355713,0.20709991455078125,1065620,O=C(NCc1cccnc1Oc1ccccc1)c1cccnc1,3.198900000000002,O=C(NCc1cccnc1Oc1ccc(F)cc1)c1cccnc1,True,3.338000000000002,0.1391,0.8125,False,True
1.0,bin,12,0.1658499836921692,0.12460005283355713,0.20709991455078125,1093926,CN(C(=O)CNc1cccc(OCC2CCCO2)c1)c1ccccc1,3.319300000000002,Cc1ccccc1NC(=O)CNc1cccc(OCC2CCCO2)c1,True,3.6034200000000025,0.2841200000000006,0.6507936507936508,False,True
1.0,bin,12,0.1658499836921692,0.12460005283355713,0.20709991455078125,1107920,CCc1ccc(-n2cc(C(=O)NC(C)c3ccccc3)nn2)cc1,3.320700000000002,O=C(NCc1cccc(F)c1)c1cn(-c2ccc(Cl)cc2)nn1,True,2.9898000000000016,-0.33090000000000064,0.40625,False,True
1.0,bin,12,0.1658499836921692,0.12460005283355713,0.20709991455078125,1113130,CC(NC(=O)Cn1nnnc1C(C)(C)C)c1cccc2ccccc12,3.0012000000000016,CC(C)c1nnnn1CC(=O)NC(C)c1cccc2ccccc12,True,2.8271000000000006,-0.17410000000000103,0.7307692307692307,False,True
1.0,bin,12,0.1658499836921692,0.12460005283355713,0.20709991455078125,1121751,COC(=O)Cn1ccc(NS(=O)(=O)c2ccc(F)c(F)c2F)n1,1.2742,N=Cc1ccccc1S(=O)(=O)NC1C=CNCC(=O)OC1,True,-0.008729999999999905,-1.28293,0.11538461538461539,False,True
1.0,bin,12,0.1658499836921692,0.12460005283355713,0.20709991455078125,1142531,CCOC(C)C(=O)NCCc1csc(-c2ccc(C)cc2)n1,3.2022200000000014,CCCNC(=O)NCCC(C=CS)N=Cc1ccc(C)cc1,True,3.3253200000000023,0.12310000000000088,0.2535211267605634,False,True
1.0,bin,12,0.1658499836921692,0.12460005283355713,0.20709991455078125,1212157,CN(Cc1ccc(F)c(F)c1)C(=O)c1cncc(-c2cnn(C)c2)c1,3.0325000000000015,CC(NC(=O)c1cncc(-c2cnn(C)c2)c1)c1ccccc1,True,2.9731000000000014,-0.05940000000000012,0.4375,False,True
1.0,bin,12,0.1658499836921692,0.12460005283355713,0.20709991455078125,1215394,CCn1nc(C)cc1C(=O)Oc1cccc(NC(=O)C(C)C)c1,3.025120000000001,CCn1nc(C)c(Br)c1C(=O)Oc1cccc(NC(C)=O)c1,True,3.1515200000000014,0.1264000000000003,0.5161290322580645,False,True
1.0,bin,12,0.1658499836921692,0.12460005283355713,0.20709991455078125,1232922,CC(C)(C)OC(=O)NC1CCCN(S(=O)(=O)N2CCOCC2)C1,0.5525000000000011,CC(C)CCC(=O)NC1CCCN(S(=O)(=O)N2CCOCC2)C1,True,0.5802000000000014,0.02770000000000028,0.6037735849056604,False,True
1.0,bin,12,0.1658499836921692,0.12460005283355713,0.20709991455078125,1238973,FC(F)(F)c1cnc(N2CCn3c(nnc3C3CC3)C2)c(Cl)c1,3.2429000000000023,FC(F)(F)c1cnc(N2CCn3c(nnc3C3CC3)C2)c(Cl)c1,True,3.2429000000000023,0.0,1.0,True,False
1.0,bin,12,0.1658499836921692,0.12460005283355713,0.20709991455078125,1299495,Cc1cc(CC(=O)N2CCCC2C(C#N)c2ccccc2)no1,2.823900000000001,CC1=CC(CC(=O)N2CCCC2C(O)c2ccc(Cl)cc2N)O1,True,2.6393000000000004,-0.18460000000000054,0.32051282051282054,False,True
1.0,bin,12,0.1658499836921692,0.12460005283355713,0.20709991455078125,1309906,CC(C)CC(NC(=O)c1cc(=O)c2ccccc2o1)C(=O)OC(C)C,2.8891000000000018,CC(C)C(C)(C#N)NC(=O)c1cc(=O)c2ccccc2o1,True,2.461080000000001,-0.42802000000000096,0.4745762711864407,False,True
1.0,bin,12,0.1658499836921692,0.12460005283355713,0.20709991455078125,1362816,COCc1cccc(C(=O)NC2CC2c2cccc(Cl)c2)c1,3.772300000000002,O=C(NC1CC1c1cccc(F)c1)c1ccc(C(F)(F)F)cc1,True,4.1304000000000025,0.3581000000000003,0.43333333333333335,False,True
1.0,bin,12,0.1658499836921692,0.12460005283355713,0.20709991455078125,1441838,COCC(=O)NC(C(=O)Nc1cccc(-c2nccs2)c1)C(C)C,2.5358,CCS(=O)(=O)NCCCC(=O)Nc1cccc(-c2nccs2)c1,True,2.4680999999999997,-0.06770000000000032,0.4925373134328358,False,True
1.0,bin,12,0.1658499836921692,0.12460005283355713,0.20709991455078125,1450449,CCCNC(=O)CSc1nc2c(cc1C#N)CCCC2,2.450380000000001,N#Cc1cc2c(nc1NCC(F)(F)F)CCCC2,True,2.806280000000001,0.3559000000000001,0.4067796610169492,False,True
1.0,bin,12,0.1658499836921692,0.12460005283355713,0.20709991455078125,1451910,O=S(=O)(NCc1nnc2ccccn12)c1ccc(F)c(F)c1,1.4859999999999995,COc1cc(C)c(S(=O)(=O)NCc2nnc3ccccn23)cc1C,True,1.8332399999999995,0.34724,0.5344827586206896,False,True
1.0,bin,12,0.1658499836921692,0.12460005283355713,0.20709991455078125,1479798,Cc1nc(C)c(CCC(=O)N(CC(C)C)CC(F)(F)F)c(=O)[nH]1,2.3662400000000003,CCCCN(CCC(C)C)C(=O)CCc1c(C)nc(C)[nH]c1=O,True,2.9941400000000007,0.6279000000000003,0.6181818181818182,False,True
1.0,bin,12,0.1658499836921692,0.12460005283355713,0.20709991455078125,1507926,COC(=O)C(C)NC(=O)Cc1csc(-c2ccccc2Cl)n1,2.6837,CCN(CCO)C(=O)Cc1csc(-c2ccccc2Cl)n1,True,2.846800000000001,0.1631000000000009,0.5084745762711864,False,False
1.0,bin,12,0.1658499836921692,0.12460005283355713,0.20709991455078125,1527882,Nc1ncccc1C(=O)Nc1ccc2cn[nH]c2c1,1.7923999999999998,COCCN(C)c1ncccc1C(=O)Nc1ccc2cn[nH]c2c1,True,2.2927999999999997,0.5004,0.6101694915254238,False,True
1.0,bin,12,0.1658499836921692,0.12460005283355713,0.20709991455078125,1532848,COc1ccc(-c2ccc3c(=O)[nH]cnc3c2)cc1Cl,3.2521000000000013,O=c1[nH]cnc2cc(-c3cc(F)ccc3Cl)ccc12,True,3.382600000000002,0.1305000000000005,0.5510204081632653,False,True
1.0,bin,12,0.1658499836921692,0.12460005283355713,0.20709991455078125,1548351,COc1cc(OC)c2c(c1)C(c1cnccn1)NCC2,1.7288999999999999,COc1cc2c(c(OC)c1)C(c1cnccn1)NCC2,True,1.7288999999999999,0.0,0.673469387755102,False,False
1.0,bin,12,0.1658499836921692,0.12460005283355713,0.20709991455078125,1570134,COc1cccc(C(C)N2CCN(C(=O)c3ccc(O)cc3)CC2)c1,2.9198000000000013,CC(c1ccccc1)N1CCN(C(=O)c2cccc(O)c2)CC1,True,2.911200000000002,-0.008599999999999497,0.5882352941176471,False,True
1.0,bin,12,0.1658499836921692,0.12460005283355713,0.20709991455078125,1611406,CC(C)(C)N1CC(NC(=O)C2COc3ccc(F)cc3C2)CC1=O,1.8923999999999994,CC(C)CCN1CC(NC(=O)C2COc3ccc(F)cc3C2)CC1=O,True,2.1399999999999997,0.24760000000000026,0.7049180327868853,False,True
1.0,bin,12,0.1658499836921692,0.12460005283355713,0.20709991455078125,1612684,CCCC1CN(C(=O)Nc2ccn(CCC(C)C)n2)CCO1,2.9620000000000015,CCCC1CN(C(=O)Nc2ccn(CC(C)C)n2)CCO1,True,2.5719000000000003,-0.3901000000000012,0.8363636363636363,False,True
1.0,bin,12,0.1658499836921692,0.12460005283355713,0.20709991455078125,1639675,CCC(CC)c1nnc(NC(=O)c2scnc2C2CC2)s1,4.0279000000000025,CC(C)C(C)C=NN=C(S)NC(=O)c1scnc1C1CC1,True,3.314000000000002,-0.7139000000000006,0.43548387096774194,False,True
1.0,bin,12,0.1658499836921692,0.12460005283355713,0.20709991455078125,1675660,COc1ccnc(NC(=O)c2cccc(Cl)c2)c1,2.9959000000000007,COc1ccnc(NC(=O)c2ccc(Br)c(OC)c2)c1,True,3.113600000000001,0.11770000000000014,0.6122448979591837,False,True
1.0,bin,12,0.1658499836921692,0.12460005283355713,0.20709991455078125,1689728,CCc1noc(CSc2ncnc3sc(C)cc23)n1,3.237420000000002,Cc1cc2c(SCc3nc(C(C)C)no3)ncnc2s1,True,3.798420000000002,0.5609999999999999,0.7058823529411765,False,True
1.0,bin,12,0.1658499836921692,0.12460005283355713,0.20709991455078125,1720876,CC(C)(C)CC(=O)NCC(=O)Nc1ccc2c(c1)COC2,2.2077,CC(C)(C)OC(=O)NCCC(=O)Nc1ccc2c(c1)COC2,True,2.5701,0.36240000000000006,0.5882352941176471,False,False
1.0,bin,12,0.1658499836921692,0.12460005283355713,0.20709991455078125,1757109,CC(C)Cc1ncc(CNc2ccc3c(c2)COC3)s1,3.983900000000003,CCC(C)N(C)c1ncc(CNc2ccc3c(c2)COC3)s1,True,4.020100000000003,0.03620000000000001,0.6296296296296297,False,True
1.0,bin,12,0.1658499836921692,0.12460005283355713,0.20709991455078125,1774061,O=C1NCCCc2[nH]c(-c3cccc4[nH]ccc34)nc21,2.234,O=CN1CCCc2[nH]c(-c3c(F)cccc3-c3ncc[nH]3)nc21,True,2.5149,0.2808999999999999,0.30985915492957744,False,True
1.0,bin,12,0.1658499836921692,0.12460005283355713,0.20709991455078125,1800687,Cc1nn(C)c(-c2nc(-c3cccnn3)no2)c1Cl,1.8889199999999997,CCCn1ncc(C)c1-c1nc(-c2cccnn2)no1,True,2.1085199999999995,0.2195999999999998,0.5740740740740741,False,True
1.0,bin,12,0.1658499836921692,0.12460005283355713,0.20709991455078125,1815867,FC(F)(F)c1ccc(CN2CCOCC2c2ncon2)cc1,2.661900000000001,ClC=CC=C(Cl)CCN1CCOCC1c1ncon1,True,2.7082000000000006,0.046299999999999564,0.5254237288135594,False,True
1.0,bin,12,0.1658499836921692,0.12460005283355713,0.20709991455078125,1828580,Cc1ccc(N2CC3OCC(=O)N(Cc4cccc(F)c4)C3C2)nn1,1.54032,Cc1cccc(CN2C(=O)COC3CN(c4ccc(C)nn4)CC32)c1,True,1.70964,0.16932000000000014,0.8245614035087719,False,False
1.0,bin,12,0.1658499836921692,0.12460005283355713,0.20709991455078125,1836183,CCc1ccc(C(=O)NCc2nccc(N(C)C)n2)cc1,2.035,CN(C)c1ccc(Cl)c(C(=O)NCc2nccc(N)n2)c1,True,1.7082,-0.3268000000000002,0.4166666666666667,False,True
1.0,bin,12,0.1658499836921692,0.12460005283355713,0.20709991455078125,1842499,COc1ccccc1COc1ccccc1-c1cnn(CCO)c1,3.1300000000000017,OCCn1cc(-c2ccccc2OCc2ccccc2F)cn1,True,3.2605000000000013,0.13049999999999962,0.75,False,True
1.0,bin,12,0.1658499836921692,0.12460005283355713,0.20709991455078125,1865564,COC(CNC(=O)c1ccoc1)c1cccc(F)c1,2.536200000000001,COC(CNC(=O)c1ccoc1)c1cc(C)ccc1F,True,2.8446200000000017,0.3084200000000008,0.6181818181818182,False,True
1.0,bin,12,0.1658499836921692,0.12460005283355713,0.20709991455078125,1868773,CCCOc1ccc(Cl)c2c1CCNC2C1CC(=O)C1,3.2947000000000015,O=C1CC(C2NCCc3c(OC(F)(F)F)cc(Cl)cc32)CC1=O,True,2.973600000000001,-0.3211000000000004,0.34375,False,True
1.0,bin,12,0.1658499836921692,0.12460005283355713,0.20709991455078125,1873123,CCC1OC(=O)c2c(OC)ccc(Br)c21,3.079200000000002,CCC1OC(=O)c2c(Br)cc(F)cc21,True,3.2097000000000016,0.13049999999999962,0.4444444444444444,False,True
1.0,bin,12,0.1658499836921692,0.12460005283355713,0.20709991455078125,1875028,Cc1cccc(C)c1NCC(=O)N1CCCC2CCCCC21,3.8965400000000034,Cc1cccc(C(C)C)c1NCC(=O)N1CCCC2CCCCC21,True,4.711520000000004,0.8149800000000003,0.8085106382978723,False,True
1.0,bin,12,0.1658499836921692,0.12460005283355713,0.20709991455078125,1895921,CCC(CC)N(C)C(=O)CC1OC(=O)c2ccccc21,2.935200000000002,CN(C(=O)CC1OC(=O)c2ccccc21)C(=O)CC(C)(C)C,True,2.7094000000000014,-0.22580000000000044,0.6041666666666666,False,True
1.0,bin,12,0.1658499836921692,0.12460005283355713,0.20709991455078125,1907077,Cc1ccc2[nH]nc(C(=O)Nc3nc(-c4ccco4)cs3)c2c1,3.8401200000000015,O=C1C=NNC=CC=CC[SH]2C(=NC(Br)=C2c2ccco2)N1,True,2.4464999999999995,-1.393620000000002,0.1744186046511628,False,True
1.0,bin,12,0.1658499836921692,0.12460005283355713,0.20709991455078125,1913063,Cc1nn(C)c(C)c1CN(C(=O)c1cn2cccc(C)c2n1)C1CC1,2.797860000000001,Cc1ccn2cc(C(=O)NCc3c(C)nn(C)c3C)nc2c1,True,1.92306,-0.8748000000000009,0.38028169014084506,False,True
1.0,bin,12,0.1658499836921692,0.12460005283355713,0.20709991455078125,1922265,CN(CCNC(=O)c1ccc2c(c1)ncn2C)c1ccccc1,2.4395000000000007,CN1CC=C(F)C=CCCn2cnc3cc(ccc32)C(=O)NCC1,True,2.5112000000000005,0.07169999999999987,0.1951219512195122,False,True
1.0,bin,13,0.2550499439239502,0.20709991455078125,0.30299997329711914,32052,COc1ccccc1CNC(=O)Cc1c[nH]c2ccccc12,3.035400000000001,COc1ccc(CNC(=O)Cc2c[nH]c3cc(F)ccc23)cc1OC,True,3.1831000000000014,0.1477000000000004,0.5818181818181818,False,True
1.0,bin,13,0.2550499439239502,0.20709991455078125,0.30299997329711914,116747,COCCSc1ccccc1C(=O)Nc1cccc(C)n1,3.3808200000000017,COc1cc(C(=O)Nc2cccc(C)n2)c(SC)cc1C,True,3.6812400000000025,0.3004200000000008,0.5272727272727272,False,True
1.0,bin,13,0.2550499439239502,0.20709991455078125,0.30299997329711914,131060,CS(=O)(=O)NCCc1csc(-c2ccc(F)cc2)n1,2.0408999999999997,CNC(=O)NCCc1csc(-c2ccc(F)cc2)n1,True,2.4207,0.37980000000000036,0.625,False,True
1.0,bin,13,0.2550499439239502,0.20709991455078125,0.30299997329711914,131949,CCc1c(C)nc(SCC(=O)NC(C)C)[nH]c1=O,1.25742,CC(=O)C(C)CSc1nc(C)c(CC#N)c(=O)[nH]1,True,1.4615999999999998,0.2041799999999998,0.45454545454545453,False,True
1.0,bin,13,0.2550499439239502,0.20709991455078125,0.30299997329711914,158879,COc1ccc(CC(=O)OCC(=O)c2c[nH]c3ccccc23)cc1,3.145100000000001,O=C(Cc1ccccc1F)OCC(=O)c1c[nH]c2ccc(F)cc12,True,3.4147000000000016,0.2696000000000005,0.4915254237288136,False,True
1.0,bin,13,0.2550499439239502,0.20709991455078125,0.30299997329711914,232056,COCCNC(=O)c1cc(=O)c2cc(C)ccc2o1,1.4776199999999993,COCCNC(=O)Nc1cc(=O)c2cc(Cl)ccc2o1,True,2.2142999999999997,0.7366800000000004,0.5272727272727272,False,True
1.0,bin,13,0.2550499439239502,0.20709991455078125,0.30299997329711914,235788,O=C(Cn1nc(-c2ccco2)oc1=O)NCC(F)(F)F,0.7747999999999999,CC(C)CCNC(=O)Cn1nc(-c2ccco2)oc1=O,True,1.2586000000000002,0.48380000000000023,0.6666666666666666,False,True
1.0,bin,13,0.2550499439239502,0.20709991455078125,0.30299997329711914,236081,CC(=O)c1c(C)[nH]c(C(=O)CSc2nc(C(C)C)n[nH]2)c1C,3.0506400000000014,CC1=CC(=O)CC(C)(C(=O)CSc2nc(C(C)(C)C)n[nH]2)N1,True,1.9883,-1.0623400000000014,0.2676056338028169,False,True
1.0,bin,13,0.2550499439239502,0.20709991455078125,0.30299997329711914,281081,O=C(Cn1cccn1)NCc1cccnc1Oc1ccc(F)cc1F,2.665000000000001,Cc1ccc(Oc2ncccc2CNC(=O)Cn2cc(C)cn2)cc1,True,3.0036400000000008,0.33863999999999983,0.5151515151515151,False,True
1.0,bin,13,0.2550499439239502,0.20709991455078125,0.30299997329711914,284170,COc1ccc(-c2nc(CC(=O)Nc3cccc(C)n3)cs2)cc1,3.7033200000000024,Cc1ccc(-c2nc(CC(=O)Nc3ccc(C)cn3)cs2)cc1,True,4.003140000000003,0.2998200000000004,0.5614035087719298,False,True
1.0,bin,13,0.2550499439239502,0.20709991455078125,0.30299997329711914,288369,Cc1ccc(NCc2nnc3n2CCCCC3)cc1C,3.2334400000000016,Fc1cccc(NCc2nnc3n2CCCCC3)c1Cl,True,3.4091000000000022,0.1756600000000006,0.509090909090909,False,True
1.0,bin,13,0.2550499439239502,0.20709991455078125,0.30299997329711914,302889,COc1ccc(OC)c(NC(=O)CCNC(=O)c2cccs2)c1,2.5239000000000003,Cc1ccc(NC(=O)CCNC(=O)c2cccs2)cc1,True,2.815120000000001,0.2912200000000009,0.5555555555555556,False,False
1.0,bin,13,0.2550499439239502,0.20709991455078125,0.30299997329711914,327141,COc1ccc(OC)c(S(=O)(=O)Nc2ccn(C)n2)c1,1.2381,CCc1ccc(S(=O)(=O)Nc2ccn(C)n2)cc1,True,1.7832999999999999,0.5451999999999999,0.46,False,False
1.0,bin,13,0.2550499439239502,0.20709991455078125,0.30299997329711914,327382,CNC(=O)C1CN(C(=O)c2c(C)noc2C)c2ccccc2O1,1.4452399999999996,COC(=O)C1CN(C(=O)c2c(C)noc2C)c2ccccc2O1,True,1.8722399999999995,0.4269999999999998,0.7692307692307693,False,True
1.0,bin,13,0.2550499439239502,0.20709991455078125,0.30299997329711914,406491,COCCNC(=O)C1CCCN(S(=O)(=O)N2CCOCC2)C1,-0.9619999999999964,COCCCNC(=O)CCCN(C)S(=O)(=O)N1CCOCC1,True,-0.5718999999999976,0.3900999999999988,0.3968253968253968,False,True
1.0,bin,13,0.2550499439239502,0.20709991455078125,0.30299997329711914,413951,O=C(Cn1ncn2cccc2c1=O)N1CCCCCC1,0.8985999999999996,COc1cccn2c(=O)c(CC(=O)N3CCCCCC3)nnc12,True,1.0431999999999997,0.14460000000000006,0.3770491803278688,False,True
1.0,bin,13,0.2550499439239502,0.20709991455078125,0.30299997329711914,427929,CCNc1nc(NCc2ccccc2Cl)c2cnn(C)c2n1,3.060600000000001,CCNc1nc(NCc2ccc(Cl)cc2)c2cnn(C)c2n1,True,3.060600000000001,0.0,0.6862745098039216,False,False
1.0,bin,13,0.2550499439239502,0.20709991455078125,0.30299997329711914,447130,CCC(NC(=O)C1CCN(C(=O)C2CC2)CC1)c1ccc(C)cc1,3.2109200000000016,CCCC(NC(=O)C1CCN(C(=O)C2CC2)CC1)c1ccc(C)cc1,True,3.6010200000000028,0.3901000000000012,0.8260869565217391,False,True
1.0,bin,13,0.2550499439239502,0.20709991455078125,0.30299997329711914,481908,CCNS(=O)(=O)c1ccc(C)c(C(=O)Nc2ncccc2C)c1,2.24894,Cc1cccnc1NC(=O)c1cc(S(C)(=O)=O)ccc1Cl,True,2.6992200000000013,0.4502800000000011,0.5925925925925926,False,False
1.0,bin,13,0.2550499439239502,0.20709991455078125,0.30299997329711914,485220,Cc1nn(CC(=O)N2CCN(C)CC2)c(C)c1Br,1.03644,Cc1nn(CC(=O)N2CCN(C)CC2)c(C)c1Br,True,1.03644,0.0,1.0,True,False
1.0,bin,13,0.2550499439239502,0.20709991455078125,0.30299997329711914,526363,Cc1nnc(SCC(=O)Nc2ccc(O)cc2)n(N)c1=O,0.09692,COc1ccccc1NC(=O)CSc1nnc(C)c(=O)n1N,True,0.39991999999999994,0.30299999999999994,0.6181818181818182,False,False
1.0,bin,13,0.2550499439239502,0.20709991455078125,0.30299997329711914,536853,COc1ccc(C2CCCN2C(=O)C2CCC2)c(OC)c1,3.1674000000000015,COc1cc(C2CCCN2C(=O)C2CCC2)ccc1F,True,3.297900000000002,0.1305000000000005,0.5961538461538461,False,True
1.0,bin,13,0.2550499439239502,0.20709991455078125,0.30299997329711914,540312,Cc1nn(C)c2nc(C3CC3)cc(C(=O)NCC(=O)NC(C)(C)C)c12,1.7986199999999997,CCC(C)(CC(N)=O)NC(=O)c1cc(C2CC2)nc2[nH]nc(C)c12,True,1.9176199999999994,0.11899999999999977,0.4027777777777778,False,True
1.0,bin,13,0.2550499439239502,0.20709991455078125,0.30299997329711914,544381,Cc1nc(N2CCCC(C(=O)NC(C)C)C2)c2c(C)c(C)oc2n1,2.8890600000000006,CC1=CC(C)=NC(NCC(F)F)=CC(N2CCCC(C)C2)=NCO1,True,3.165300000000002,0.2762400000000014,0.2073170731707317,False,True
1.0,bin,13,0.2550499439239502,0.20709991455078125,0.30299997329711914,544382,CCCNC(=O)C1CCCN(c2nc(C)nc3oc(C)c(C)c23)C1,2.8906600000000013,CCc1nc(N2CCCC(C#N)C2)c2c(C)c(C)oc2n1,True,3.1420200000000014,0.25136000000000003,0.49230769230769234,False,True
1.0,bin,13,0.2550499439239502,0.20709991455078125,0.30299997329711914,550049,Cc1ccc(C)c(OCC(=O)Nc2cccc(-n3cnnc3)c2)c1,2.9016400000000013,Cc1ccc(-n2cnnc2)cc1NC(=O)COc1cccc(Cl)c1,True,3.246620000000001,0.3449799999999996,0.5161290322580645,False,True
1.0,bin,13,0.2550499439239502,0.20709991455078125,0.30299997329711914,573533,Cc1nn(-c2ncc(C(F)(F)F)cc2Cl)c(=O)o1,2.2011199999999995,COC(=O)Nc1ccc(C(F)(F)F)c(-n2nc(C)oc2=O)n1,True,1.7260199999999997,-0.47509999999999986,0.4067796610169492,False,True
1.0,bin,13,0.2550499439239502,0.20709991455078125,0.30299997329711914,582555,O=C(NCC(O)c1ccccc1)c1ccc2c(=O)n3c(nc2c1)CCC3,1.8061000000000003,O=C(NCC(O)c1ccccc1F)c1ccc2nc3n(c(=O)c2c1)CCC3,True,1.9452,0.13909999999999978,0.6875,False,True
1.0,bin,13,0.2550499439239502,0.20709991455078125,0.30299997329711914,588547,Cc1n[nH]c(C)c1NC(=O)CCc1ccc(Cl)cc1Cl,3.9046400000000023,Cc1n[nH]c(C)c1NC(=O)CC(C)(C)c1ccc(Cl)cc1,True,3.986340000000003,0.08170000000000055,0.5471698113207547,False,True
1.0,bin,13,0.2550499439239502,0.20709991455078125,0.30299997329711914,607673,CCCN(CC1CC1)S(=O)(=O)c1ccccc1F,2.636400000000001,CCN(CC1CC1)S(=O)(=O)c1ccc(C(C)C)cc1,True,3.2306000000000026,0.5942000000000016,0.4,False,True
1.0,bin,13,0.2550499439239502,0.20709991455078125,0.30299997329711914,617681,Cc1cc(C(=O)Nc2nc(-c3ccncc3)cs2)nn1C(C)C,3.5432200000000016,Cc1cc(C(=O)Nc2nc(C(C)C)cs2)nn1-c1ccncc1,True,3.4079200000000016,-0.13529999999999998,0.576271186440678,False,True
1.0,bin,13,0.2550499439239502,0.20709991455078125,0.30299997329711914,650267,COc1ccc2oc(C(=O)NC3CCCCNC3=O)c(C)c2c1,2.14832,CCC1=CC2=COC(C(=O)NC3CCCCNC3=O)CCC2=C1,True,2.1106,-0.0377200000000002,0.3466666666666667,False,True
1.0,bin,13,0.2550499439239502,0.20709991455078125,0.30299997329711914,668639,Cc1cc(NC(=O)c2ccccc2Cl)ncc1N,2.8779200000000005,CCOc1ccc(C(=O)Nc2cc(C)c(N)cn2)cc1OCC,True,3.0219200000000015,0.14400000000000102,0.5094339622641509,False,True
1.0,bin,13,0.2550499439239502,0.20709991455078125,0.30299997329711914,673160,CCC(=O)Nc1ccc2oc(C(F)(F)F)cc(=O)c2c1,3.160300000000001,CCc1cc(=O)c2cc(NC(=O)CN(C(C)=O)C(F)F)ccc2o1,True,2.365,-0.795300000000001,0.4915254237288136,False,True
1.0,bin,13,0.2550499439239502,0.20709991455078125,0.30299997329711914,711169,Cc1cccc(C(C)C)c1NC(=O)N(C)Cc1ccncc1,4.177320000000003,CC(c1ccncc1)N(C)C(=O)Nc1ccc(Cl)cc1Cl,True,4.613300000000003,0.4359800000000007,0.30158730158730157,False,True
1.0,bin,13,0.2550499439239502,0.20709991455078125,0.30299997329711914,720969,Cc1noc(C)c1CCC(=O)OCC(=O)N1c2ccccc2CC1C,2.7450400000000013,Cc1noc(C)c1CCC(=O)OCC(=O)N1CC(C)c2ccccc21,True,2.9175400000000016,0.17250000000000032,0.6612903225806451,False,True
1.0,bin,13,0.2550499439239502,0.20709991455078125,0.30299997329711914,730789,COC(=O)C1CCN(C(=O)c2cc3ccc(F)cc3nc2C)CC1,2.7075200000000006,COc1ccc2cc(C(=O)N3CCC(C)C(O)C3)c(C)nc2c1,True,2.3947200000000004,-0.3128000000000002,0.5161290322580645,False,True
1.0,bin,13,0.2550499439239502,0.20709991455078125,0.30299997329711914,738178,Cc1ccc(-n2ccnc2SCc2nc(C3CC3)no2)cc1C,4.041840000000003,CC1=CC=CCC1(C)n1ccnc1SCc1nc(C2CC2)no1,True,4.0572000000000035,0.015360000000000262,0.5230769230769231,False,True
1.0,bin,13,0.2550499439239502,0.20709991455078125,0.30299997329711914,771897,COc1ccccc1OCC(=O)N(C)Cc1sccc1C,3.102520000000002,Cc1ccsc1CN(C)C(=O)COc1ccccc1C#N,True,2.965600000000001,-0.13692000000000082,0.72,False,True
1.0,bin,13,0.2550499439239502,0.20709991455078125,0.30299997329711914,811446,COC(=O)C1(NC(=O)c2cc(Br)c[nH]2)CCCCCC1,2.7730000000000006,CCOC(=O)C1(NC(=O)c2cc(C)cn2C)CCCCC1,True,2.329319999999999,-0.4436800000000014,0.38596491228070173,False,True
1.0,bin,13,0.2550499439239502,0.20709991455078125,0.30299997329711914,848291,CCC(C)NC(=O)NCc1noc(-c2cccs2)n1,2.3958000000000004,CCCCN(C)C(=O)NCc1noc(-c2cccs2)n1,True,2.739600000000001,0.34380000000000077,0.5932203389830508,False,False
1.0,bin,13,0.2550499439239502,0.20709991455078125,0.30299997329711914,863440,COc1ccc(-c2nc(CCCO)cs2)cc1OC,2.752200000000001,OCCCc1csc(-c2cccc(F)c2)n1,True,2.874100000000001,0.12190000000000012,0.574468085106383,False,True
1.0,bin,13,0.2550499439239502,0.20709991455078125,0.30299997329711914,864663,N#Cc1ccc(-c2cc(F)ccc2F)nc1N1CCCC1,3.498680000000002,CCc1cc(-c2ccc(C#N)c(N3CCCC3)n2)ccc1O,True,3.4884800000000022,-0.010199999999999765,0.48214285714285715,False,True
1.0,bin,13,0.2550499439239502,0.20709991455078125,0.30299997329711914,872100,CCc1cccc(C)c1NCC(O)c1ccc2c(c1)OCCO2,3.474120000000002,COc1ccc(NCC(O)c2ccc3c(c2)OCCO3)cc1C(C)C,True,3.7353000000000023,0.2611800000000004,0.47540983606557374,False,True
1.0,bin,13,0.2550499439239502,0.20709991455078125,0.30299997329711914,886334,COc1ccc(C(=O)N2CCCC(C(=O)N3CCCCC3)C2)c(O)c1,2.2655000000000003,O=C(c1ccccc1F)N1CCCC(C(=O)N2CCCCC2)C1,True,2.6904000000000012,0.42490000000000094,0.5384615384615384,False,True
1.0,bin,13,0.2550499439239502,0.20709991455078125,0.30299997329711914,887387,COCCNC(=O)N(Cc1cccc(F)c1)CC1CCCO1,2.1627,COCC(=O)N(Cc1ccc(C(F)(F)F)cc1)CC1CCCO1,True,2.8594000000000017,0.6967000000000017,0.4626865671641791,False,True
1.0,bin,13,0.2550499439239502,0.20709991455078125,0.30299997329711914,889149,N#Cc1ccc(NC(=O)c2ccc(Br)cc2Cl)nc1,3.621480000000001,Cc1cc(C(=O)Nc2ccc(Cl)cn2)c(Cl)cc1F,True,4.088220000000001,0.4667399999999997,0.42857142857142855,False,True
1.0,bin,13,0.2550499439239502,0.20709991455078125,0.30299997329711914,913483,O=C(CNC(=O)NCCc1c(Cl)cccc1Cl)NC1CC1,2.1137000000000006,CC(C)C1=CC=CC=CCC2CC2NC(=O)CNC(=O)NC1,True,1.8888,-0.22490000000000054,0.0684931506849315,False,True
1.0,bin,13,0.2550499439239502,0.20709991455078125,0.30299997329711914,917620,C=CCN(Cc1ccccc1OC)C(=O)c1csc(C)n1,3.288520000000002,CCCN(Cc1ccccc1F)C(=O)c1csc(C)n1,True,3.6430200000000026,0.3545000000000007,0.5172413793103449,False,True
1.0,bin,13,0.2550499439239502,0.20709991455078125,0.30299997329711914,918312,CCOc1ccc(Cl)c(C(=O)N2CCN(c3ncccn3)CC2)n1,1.8860999999999997,Cc1ccnc(N2CCN(C(=O)c3ncc(F)c(C)c3Cl)CC2)n1,True,2.24334,0.3572400000000002,0.42857142857142855,False,True
1.0,bin,13,0.2550499439239502,0.20709991455078125,0.30299997329711914,922879,CC(=O)c1ccc(N2CCN(Cc3c(F)cccc3F)CC2)cc1,3.489600000000003,CC(=O)c1ccc(N2CCN(Cc3ccccc3)CC2)cc1C,True,3.519820000000003,0.030219999999999914,0.46153846153846156,False,True
1.0,bin,13,0.2550499439239502,0.20709991455078125,0.30299997329711914,927535,COc1cc(CN2CCN(c3ccccc3F)CC2)ccc1O,2.862100000000002,Cc1cccc(CN2CCN(c3ccccc3O)CC2)c1,True,3.022820000000001,0.16071999999999909,0.5,False,True
1.0,bin,13,0.2550499439239502,0.20709991455078125,0.30299997329711914,927567,Cc1ccccc1N1CCN(Cc2cccc(O)c2)CC1,3.022820000000001,COc1cc(CN2CCN(c3ccccc3)CC2)cc(OC)c1C,True,3.3344200000000024,0.3116000000000012,0.39215686274509803,False,True
1.0,bin,13,0.2550499439239502,0.20709991455078125,0.30299997329711914,938108,CC(c1ccccc1)N(C)C(=O)CCC(=O)Nc1nccs1,3.0814000000000012,CCN(CCc1ccccc1)C(=O)CCC(=O)NC1=NC=C(C)[SH]1C,True,2.8359000000000005,-0.24550000000000072,0.29577464788732394,False,True
1.0,bin,13,0.2550499439239502,0.20709991455078125,0.30299997329711914,943303,CN(CCCOc1ccccc1)C(=O)Nc1cccc2c1OCCO2,3.390600000000002,Cc1cccc(OCCCN(C)C(=O)Nc2cccc3c2OCCO3)c1,True,3.6990200000000018,0.3084199999999999,0.8148148148148148,False,True
1.0,bin,13,0.2550499439239502,0.20709991455078125,0.30299997329711914,946289,CC(NC(=O)C1(c2cc(-c3ccco3)on2)CC1)c1ccccc1,3.843600000000002,CC(C(=O)NC(C)(C)c1ccccc1)c1cc(-c2ccco2)on1,True,4.089600000000003,0.24600000000000044,0.4375,False,True
1.0,bin,13,0.2550499439239502,0.20709991455078125,0.30299997329711914,994077,Cc1nnc(Cn2c(-c3cccc(Br)c3)noc2=O)o1,2.0055199999999997,CCc1nnc(Cn2c(-c3ccc(Cl)c(C)c3)noc2=O)o1,True,2.4588200000000002,0.4533000000000005,0.5357142857142857,False,True
1.0,bin,13,0.2550499439239502,0.20709991455078125,0.30299997329711914,1065620,O=C(NCc1cccnc1Oc1ccccc1)c1cccnc1,3.198900000000002,CCN(Cc1cccnc1)C(=O)c1cccnc1Oc1ccccc1,True,3.931200000000003,0.7323000000000013,0.4426229508196721,False,True
1.0,bin,13,0.2550499439239502,0.20709991455078125,0.30299997329711914,1093926,CN(C(=O)CNc1cccc(OCC2CCCO2)c1)c1ccccc1,3.319300000000002,Cc1ccc(NC(=O)CNc2cccc(OCC3CCCO3)c2)cc1,True,3.6034200000000025,0.2841200000000006,0.6349206349206349,False,True
1.0,bin,13,0.2550499439239502,0.20709991455078125,0.30299997329711914,1107920,CCc1ccc(-n2cc(C(=O)NC(C)c3ccccc3)nn2)cc1,3.320700000000002,Cc1ccc(NC=C(N)C(=O)NC(C)c2ccccc2CN)cc1C,True,2.851540000000001,-0.46916000000000135,0.19736842105263158,False,True
1.0,bin,13,0.2550499439239502,0.20709991455078125,0.30299997329711914,1113130,CC(NC(=O)Cn1nnnc1C(C)(C)C)c1cccc2ccccc12,3.0012000000000016,CC(C)c1nnnn1CC(=O)NC(C)c1cccc2ccccc12,True,2.8271000000000006,-0.17410000000000103,0.7307692307692307,False,True
1.0,bin,13,0.2550499439239502,0.20709991455078125,0.30299997329711914,1121751,COC(=O)Cn1ccc(NS(=O)(=O)c2ccc(F)c(F)c2F)n1,1.2742,Cc1cc(C)cc(S(=O)(=O)Nc2ccn(CC(N)=O)n2)c1,True,0.7860400000000001,-0.4881599999999999,0.4482758620689655,False,True
1.0,bin,13,0.2550499439239502,0.20709991455078125,0.30299997329711914,1142531,CCOC(C)C(=O)NCCc1csc(-c2ccc(C)cc2)n1,3.2022200000000014,CCNCCC(=O)N=CC1=CC=CC(CC)C=C1,True,2.662000000000001,-0.5402200000000006,0.16,False,True
1.0,bin,13,0.2550499439239502,0.20709991455078125,0.30299997329711914,1212157,CN(Cc1ccc(F)c(F)c1)C(=O)c1cncc(-c2cnn(C)c2)c1,3.0325000000000015,CCc1ccc(CN(C)C(=O)c2cncc(-c3cnn(C)c3)c2)cc1,True,3.3167000000000018,0.28420000000000023,0.7547169811320755,False,True
1.0,bin,13,0.2550499439239502,0.20709991455078125,0.30299997329711914,1215394,CCn1nc(C)cc1C(=O)Oc1cccc(NC(=O)C(C)C)c1,3.025120000000001,CCn1nc(C)cc1C(=O)Oc1ccc(OC(F)F)cc1,True,3.032020000000002,0.006900000000000794,0.5535714285714286,False,True
1.0,bin,13,0.2550499439239502,0.20709991455078125,0.30299997329711914,1232922,CC(C)(C)OC(=O)NC1CCCN(S(=O)(=O)N2CCOCC2)C1,0.5525000000000011,COC(=O)CC1CCC(C)N(S(=O)(=O)N2CCOC(C)C2)C1,True,0.6155000000000004,0.06299999999999928,0.3076923076923077,False,True
1.0,bin,13,0.2550499439239502,0.20709991455078125,0.30299997329711914,1238973,FC(F)(F)c1cnc(N2CCn3c(nnc3C3CC3)C2)c(Cl)c1,3.2429000000000023,FC(F)(F)c1ccc(Cl)c(N2CCn3c(nnc3C3CC3)C2)n1,True,3.2429000000000014,-8.881784197001252e-16,0.6181818181818182,False,True
1.0,bin,13,0.2550499439239502,0.20709991455078125,0.30299997329711914,1299495,Cc1cc(CC(=O)N2CCCC2C(C#N)c2ccccc2)no1,2.823900000000001,CCc1ccc(CC(C#N)C2CCCN2C(=O)Cc2ccon2)cc1,True,3.152980000000002,0.32908000000000115,0.4714285714285714,False,True
1.0,bin,13,0.2550499439239502,0.20709991455078125,0.30299997329711914,1309906,CC(C)CC(NC(=O)c1cc(=O)c2ccccc2o1)C(=O)OC(C)C,2.8891000000000018,CCC(C)C(C)NC(=O)c1cc(=O)c2cc(Cl)ccc2o1,True,3.610800000000002,0.7217000000000002,0.4262295081967213,False,True
1.0,bin,13,0.2550499439239502,0.20709991455078125,0.30299997329711914,1362816,COCc1cccc(C(=O)NC2CC2c2cccc(Cl)c2)c1,3.772300000000002,COc1ccc(Cl)cc1C(=O)NC1CC1c1ccc(Cl)cc1,True,4.287900000000003,0.515600000000001,0.4576271186440678,False,True
1.0,bin,13,0.2550499439239502,0.20709991455078125,0.30299997329711914,1441838,COCC(=O)NC(C(=O)Nc1cccc(-c2nccs2)c1)C(C)C,2.5358,COCCCNC(=O)Nc1cccc(-c2nccs2)c1,True,2.9681000000000015,0.43230000000000146,0.5806451612903226,False,True
1.0,bin,13,0.2550499439239502,0.20709991455078125,0.30299997329711914,1450449,CCCNC(=O)CSc1nc2c(cc1C#N)CCCC2,2.450380000000001,CCCc1cnc(SCC(=O)OC)c(C(C)=O)c1,True,2.501800000000001,0.05142000000000024,0.25,False,True
1.0,bin,13,0.2550499439239502,0.20709991455078125,0.30299997329711914,1451910,O=S(=O)(NCc1nnc2ccccn12)c1ccc(F)c(F)c1,1.4859999999999995,CCc1ccccc1S(=O)(=O)NCc1nnc2ccccn12,True,1.7702,0.28420000000000045,0.5769230769230769,False,True
1.0,bin,13,0.2550499439239502,0.20709991455078125,0.30299997329711914,1479798,Cc1nc(C)c(CCC(=O)N(CC(C)C)CC(F)(F)F)c(=O)[nH]1,2.3662400000000003,Cc1nc(C)c(CCC(=O)N(C)CCCC(C)C)c(=O)[nH]1,True,2.21394,-0.15230000000000032,0.5925925925925926,False,True
1.0,bin,13,0.2550499439239502,0.20709991455078125,0.30299997329711914,1507926,COC(=O)C(C)NC(=O)Cc1csc(-c2ccccc2Cl)n1,2.6837,COC(=O)Cc1csc(-c2ccccc2Cl)n1,True,3.179000000000002,0.49530000000000207,0.673469387755102,False,True
1.0,bin,13,0.2550499439239502,0.20709991455078125,0.30299997329711914,1527882,Nc1ncccc1C(=O)Nc1ccc2cn[nH]c2c1,1.7923999999999998,CCN(C)C(=O)c1ccc(C(=O)Nc2ccc3cn[nH]c3c2)cn1,True,2.3021000000000003,0.5097000000000005,0.46774193548387094,False,True
1.0,bin,13,0.2550499439239502,0.20709991455078125,0.30299997329711914,1532848,COc1ccc(-c2ccc3c(=O)[nH]cnc3c2)cc1Cl,3.2521000000000013,O=CNC=NC=CC(F)c1ccccc1C(F)F,True,2.9228000000000014,-0.3292999999999999,0.05970149253731343,False,True
1.0,bin,13,0.2550499439239502,0.20709991455078125,0.30299997329711914,1548351,COc1cc(OC)c2c(c1)C(c1cnccn1)NCC2,1.7288999999999999,Cc1cc2c(cc1F)C(c1cnccn1)NCC2,True,2.1592199999999995,0.4303199999999996,0.48148148148148145,False,True
1.0,bin,13,0.2550499439239502,0.20709991455078125,0.30299997329711914,1570134,COc1cccc(C(C)N2CCN(C(=O)c3ccc(O)cc3)CC2)c1,2.9198000000000013,CC(c1ccccc1)N1CCN(C(=O)c2ccc(C#N)cc2)CC1,True,3.077280000000002,0.1574800000000005,0.5185185185185185,False,True
1.0,bin,13,0.2550499439239502,0.20709991455078125,0.30299997329711914,1611406,CC(C)(C)N1CC(NC(=O)C2COc3ccc(F)cc3C2)CC1=O,1.8923999999999994,CC1c2c(ccc(F)c2F)OCC1C(=O)NC1CN(C(C)C)C1=O,True,1.8122999999999998,-0.08009999999999962,0.2987012987012987,False,True
1.0,bin,13,0.2550499439239502,0.20709991455078125,0.30299997329711914,1612684,CCCC1CN(C(=O)Nc2ccn(CCC(C)C)n2)CCO1,2.9620000000000015,CC(C)CC1CN(C(=O)Nc2ccn(C(C)C)n2)CCO1,True,2.742800000000001,-0.21920000000000073,0.6065573770491803,False,True
1.0,bin,13,0.2550499439239502,0.20709991455078125,0.30299997329711914,1639675,CCC(CC)c1nnc(NC(=O)c2scnc2C2CC2)s1,4.0279000000000025,CCC(CC)Cc1nnc(NC(=O)c2scnc2C2CC2)s1,True,4.103000000000003,0.07510000000000083,0.7307692307692307,False,True
1.0,bin,13,0.2550499439239502,0.20709991455078125,0.30299997329711914,1675660,COc1ccnc(NC(=O)c2cccc(Cl)c2)c1,2.9959000000000007,CCN(CC)C(=O)c1cccc(C(=O)Nc2cc(Cl)ccn2)c1,True,3.4693000000000014,0.4734000000000007,0.5576923076923077,False,True
1.0,bin,13,0.2550499439239502,0.20709991455078125,0.30299997329711914,1689728,CCc1noc(CSc2ncnc3sc(C)cc23)n1,3.237420000000002,Cc1cc2c(SCc3nc(C(C)(C)C)no3)ncnc2s1,True,3.972520000000003,0.735100000000001,0.7058823529411765,False,True
1.0,bin,13,0.2550499439239502,0.20709991455078125,0.30299997329711914,1720876,CC(C)(C)CC(=O)NCC(=O)Nc1ccc2c(c1)COC2,2.2077,CNC(=O)C(CC(C)C)C(=O)Nc1ccc2c(c1)COC2,True,2.0635999999999997,-0.14410000000000034,0.4716981132075472,False,True
1.0,bin,13,0.2550499439239502,0.20709991455078125,0.30299997329711914,1757109,CC(C)Cc1ncc(CNc2ccc3c(c2)COC3)s1,3.983900000000003,CC(C)CCc1ncc(CNc2ccc3c(c2)COC3)s1,True,4.374000000000003,0.39010000000000034,0.7916666666666666,False,True
1.0,bin,13,0.2550499439239502,0.20709991455078125,0.30299997329711914,1774061,O=C1NCCCc2[nH]c(-c3cccc4[nH]ccc34)nc21,2.234,O=C1NCCCc2[nH]c(C3=CN3)nc21,True,-0.012700000000000267,-2.2467,0.5306122448979592,False,True
1.0,bin,13,0.2550499439239502,0.20709991455078125,0.30299997329711914,1800687,Cc1nn(C)c(-c2nc(-c3cccnn3)no2)c1Cl,1.8889199999999997,CC1=NN(C)CC1c1nc(-c2cc(Cl)cnn2)no1,True,1.5848999999999998,-0.30401999999999996,0.3076923076923077,False,True
1.0,bin,13,0.2550499439239502,0.20709991455078125,0.30299997329711914,1815867,FC(F)(F)c1ccc(CN2CCOCC2c2ncon2)cc1,2.661900000000001,FC(F)(F)c1ccccc1CN1CCOCC1c1ncon1,True,2.6619,-8.881784197001252e-16,0.6666666666666666,False,True
1.0,bin,13,0.2550499439239502,0.20709991455078125,0.30299997329711914,1828580,Cc1ccc(N2CC3OCC(=O)N(Cc4cccc(F)c4)C3C2)nn1,1.54032,CCc1ccc(CN2C(=O)COC3CN(c4ccc(C)nn4)CC32)cc1,True,1.96362,0.4233,0.711864406779661,False,True
1.0,bin,13,0.2550499439239502,0.20709991455078125,0.30299997329711914,1836183,CCc1ccc(C(=O)NCc2nccc(N(C)C)n2)cc1,2.035,Cc1ccc(C(=O)NCc2nccc(C(F)(F)F)n2)cc1,True,2.7338200000000006,0.6988200000000004,0.49056603773584906,False,True
1.0,bin,13,0.2550499439239502,0.20709991455078125,0.30299997329711914,1842499,COc1ccccc1COc1ccccc1-c1cnn(CCO)c1,3.1300000000000017,OCCn1cc(-c2ccccc2OCc2ccc(F)cc2)cn1,True,3.2605000000000013,0.13049999999999962,0.66,False,True
1.0,bin,13,0.2550499439239502,0.20709991455078125,0.30299997329711914,1865564,COC(CNC(=O)c1ccoc1)c1cccc(F)c1,2.536200000000001,Cc1ccc(C(O)CNC(=O)c2ccoc2)cc1Cl,True,2.7048200000000007,0.16861999999999977,0.4576271186440678,False,True
1.0,bin,13,0.2550499439239502,0.20709991455078125,0.30299997329711914,1868773,CCCOc1ccc(Cl)c2c1CCNC2C1CC(=O)C1,3.2947000000000015,CC(C)Sc1ccc2cc1C1(CC2)CC(=O)CC1N,True,3.0613,-0.23340000000000138,0.19444444444444445,False,True
1.0,bin,13,0.2550499439239502,0.20709991455078125,0.30299997329711914,1873123,CCC1OC(=O)c2c(OC)ccc(Br)c21,3.079200000000002,CCCC1OC(=O)c2c(Br)cccc21,True,3.460700000000002,0.38149999999999995,0.4222222222222222,False,True
1.0,bin,13,0.2550499439239502,0.20709991455078125,0.30299997329711914,1875028,Cc1cccc(C)c1NCC(=O)N1CCCC2CCCCC21,3.8965400000000034,Cc1cccc(C(C)C)c1NCC(=O)N1CCCC2CCCCC21,True,4.711520000000004,0.8149800000000003,0.8085106382978723,False,True
1.0,bin,13,0.2550499439239502,0.20709991455078125,0.30299997329711914,1895921,CCC(CC)N(C)C(=O)CC1OC(=O)c2ccccc21,2.935200000000002,CCC(C)N(CCOC)C(=O)CC1OC(=O)c2ccccc21,True,2.561700000000001,-0.37350000000000083,0.5961538461538461,False,True
1.0,bin,13,0.2550499439239502,0.20709991455078125,0.30299997329711914,1907077,Cc1ccc2[nH]nc(C(=O)Nc3nc(-c4ccco4)cs3)c2c1,3.8401200000000015,CCc1ccc2[nH]nc(C(=O)Nc3nc(-c4ccco4)cs3)c2c1,True,4.094100000000003,0.2539800000000012,0.7796610169491526,False,True
1.0,bin,13,0.2550499439239502,0.20709991455078125,0.30299997329711914,1913063,Cc1nn(C)c(C)c1CN(C(=O)c1cn2cccc(C)c2n1)C1CC1,2.797860000000001,Cc1nn(C)c(C)c1CN(C(=O)c1cn2cccc(C)c2n1)C1CC1,True,2.797860000000001,0.0,1.0,True,False
1.0,bin,13,0.2550499439239502,0.20709991455078125,0.30299997329711914,1922265,CN(CCNC(=O)c1ccc2c(c1)ncn2C)c1ccccc1,2.4395000000000007,COc1ccccc1NCCNC(=O)c1ccc2c(c1)ncn2C,True,2.4238,-0.015700000000000713,0.5932203389830508,False,True
1.0,bin,14,0.34654998779296875,0.30299997329711914,0.39010000228881836,32052,COc1ccccc1CNC(=O)Cc1c[nH]c2ccccc12,3.035400000000001,COC1=CC=CC(CN(C)C(=O)Cc2cccccc[nH]c2)C1OC,True,2.8713000000000006,-0.16410000000000036,0.21333333333333335,False,True
1.0,bin,14,0.34654998779296875,0.30299997329711914,0.39010000228881836,116747,COCCSc1ccccc1C(=O)Nc1cccc(C)n1,3.3808200000000017,CSc1ccccc1C(=O)Nc1cccc(C)n1,True,3.3642200000000013,-0.016600000000000392,0.6888888888888889,False,False
1.0,bin,14,0.34654998779296875,0.30299997329711914,0.39010000228881836,131060,CS(=O)(=O)NCCc1csc(-c2ccc(F)cc2)n1,2.0408999999999997,CC(CCNS(C)(=O)=O)Nc1nc(-c2ccc(F)cc2)ns1,True,2.0839000000000003,0.04300000000000059,0.43859649122807015,False,True
1.0,bin,14,0.34654998779296875,0.30299997329711914,0.39010000228881836,131949,CCc1c(C)nc(SCC(=O)NC(C)C)[nH]c1=O,1.25742,CCCC=C(C)N=C(CNC=O)SCC(=O)NCC,True,1.7040999999999997,0.44667999999999974,0.14492753623188406,False,True
1.0,bin,14,0.34654998779296875,0.30299997329711914,0.39010000228881836,158879,COc1ccc(CC(=O)OCC(=O)c2c[nH]c3ccccc23)cc1,3.145100000000001,O=C(Cc1ccccc1Cl)OCC(=O)c1c[nH]c2ccccc12,True,3.789900000000002,0.6448000000000009,0.6153846153846154,False,True
1.0,bin,14,0.34654998779296875,0.30299997329711914,0.39010000228881836,232056,COCCNC(=O)c1cc(=O)c2cc(C)ccc2o1,1.4776199999999993,CCOC(=O)CCNC(=O)c1cc(=O)c2cc(C)ccc2o1,True,1.7844199999999997,0.3068000000000004,0.7142857142857143,False,True
1.0,bin,14,0.34654998779296875,0.30299997329711914,0.39010000228881836,235788,O=C(Cn1nc(-c2ccco2)oc1=O)NCC(F)(F)F,0.7747999999999999,CC(NC(=O)C(C)(C)C)C(=O)n1nc(-c2ccco2)oc1=O,True,1.2872999999999999,0.5125,0.43548387096774194,False,True
1.0,bin,14,0.34654998779296875,0.30299997329711914,0.39010000228881836,236081,CC(=O)c1c(C)[nH]c(C(=O)CSc2nc(C(C)C)n[nH]2)c1C,3.0506400000000014,CC1=CC(=O)CC(C)(C(=O)C[SH]2C=NC(C(C)CC=N)N2)N1,True,1.3299699999999999,-1.7206700000000015,0.14457831325301204,False,True
1.0,bin,14,0.34654998779296875,0.30299997329711914,0.39010000228881836,281081,O=C(Cn1cccn1)NCc1cccnc1Oc1ccc(F)cc1F,2.665000000000001,O=C(Cn1cccn1)NCc1cccnc1Oc1cccc(Cl)c1,True,3.0402000000000013,0.3752000000000004,0.6349206349206349,False,True
1.0,bin,14,0.34654998779296875,0.30299997329711914,0.39010000228881836,284170,COc1ccc(-c2nc(CC(=O)Nc3cccc(C)n3)cs2)cc1,3.7033200000000024,O=C(Cc1csc(-c2ccc(Br)cc2)n1)Nc1ccccn1,True,4.148800000000002,0.4454799999999999,0.5423728813559322,False,True
1.0,bin,14,0.34654998779296875,0.30299997329711914,0.39010000228881836,288369,Cc1ccc(NCc2nnc3n2CCCCC3)cc1C,3.2334400000000016,CC(C)Oc1ccc(NCc2nnc3n2CCCCC3)c(F)c1,True,3.542900000000002,0.3094600000000005,0.5084745762711864,False,True
1.0,bin,14,0.34654998779296875,0.30299997329711914,0.39010000228881836,302889,COc1ccc(OC)c(NC(=O)CCNC(=O)c2cccs2)c1,2.5239000000000003,COc1ccc(NC(=O)CCNC(=O)c2ccc(C)s2)cc1F,True,2.9628200000000007,0.4389200000000004,0.453125,False,True
1.0,bin,14,0.34654998779296875,0.30299997329711914,0.39010000228881836,327141,COc1ccc(OC)c(S(=O)(=O)Nc2ccn(C)n2)c1,1.2381,Cc1cc(NS(=O)(=O)C2=CC=COCC2)nn1C,True,1.28812,0.05001999999999995,0.25,False,True
1.0,bin,14,0.34654998779296875,0.30299997329711914,0.39010000228881836,327382,CNC(=O)C1CN(C(=O)c2c(C)noc2C)c2ccccc2O1,1.4452399999999996,COC(=O)C1CN(C(=O)c2cnoc2C)c2ccccc2O1,True,1.5638199999999998,0.11858000000000013,0.5081967213114754,False,True
1.0,bin,14,0.34654998779296875,0.30299997329711914,0.39010000228881836,406491,COCCNC(=O)C1CCCN(S(=O)(=O)N2CCOCC2)C1,-0.9619999999999964,COCCCNC(=O)C1CCCN(S(=O)(=O)N2CCOCC2)C1,True,-0.5718999999999976,0.3900999999999988,0.875,False,False
1.0,bin,14,0.34654998779296875,0.30299997329711914,0.39010000228881836,413951,O=C(Cn1ncn2cccc2c1=O)N1CCCCCC1,0.8985999999999996,Cc1ccc[nH]c(=O)c(CC(=O)N2CCCCCC2)nnc1,True,1.5428199999999996,0.64422,0.31746031746031744,False,True
1.0,bin,14,0.34654998779296875,0.30299997329711914,0.39010000228881836,427929,CCNc1nc(NCc2ccccc2Cl)c2cnn(C)c2n1,3.060600000000001,CCNc1nc(NCc2cccc(Cl)c2)c2cnn(C)c2n1,True,3.060600000000001,0.0,0.6666666666666666,False,False
1.0,bin,14,0.34654998779296875,0.30299997329711914,0.39010000228881836,447130,CCC(NC(=O)C1CCN(C(=O)C2CC2)CC1)c1ccc(C)cc1,3.2109200000000016,CC(C)C(NC(=O)C1CCN(C(=O)C2CC2)CC1)c1ccccc1,True,3.148500000000002,-0.062419999999999476,0.5384615384615384,False,True
1.0,bin,14,0.34654998779296875,0.30299997329711914,0.39010000228881836,481908,CCNS(=O)(=O)c1ccc(C)c(C(=O)Nc2ncccc2C)c1,2.24894,COCc1cc(C(=O)Nc2ncccc2C)ccc1OC,True,2.797320000000001,0.5483800000000008,0.41935483870967744,False,True
1.0,bin,14,0.34654998779296875,0.30299997329711914,0.39010000228881836,485220,Cc1nn(CC(=O)N2CCN(C)CC2)c(C)c1Br,1.03644,Cc1nn(CC(=O)N2CCN(C)CC2)c(C)c1Br,True,1.03644,0.0,1.0,True,False
1.0,bin,14,0.34654998779296875,0.30299997329711914,0.39010000228881836,526363,Cc1nnc(SCC(=O)Nc2ccc(O)cc2)n(N)c1=O,0.09692,Cc1ccccc1NC(=O)CSc1nnc(C)c(=O)n1N,True,0.6997400000000003,0.6028200000000002,0.68,False,False
1.0,bin,14,0.34654998779296875,0.30299997329711914,0.39010000228881836,536853,COc1ccc(C2CCCN2C(=O)C2CCC2)c(OC)c1,3.1674000000000015,CCOc1ccc(C2CCCN2C(=O)C2CCC2)cc1,True,3.5489000000000024,0.38150000000000084,0.5384615384615384,False,False
1.0,bin,14,0.34654998779296875,0.30299997329711914,0.39010000228881836,540312,Cc1nn(C)c2nc(C3CC3)cc(C(=O)NCC(=O)NC(C)(C)C)c12,1.7986199999999997,Cc1nn(C)c2nc(C3CC3)cc(C(=O)NC(C)(C)C)c12,True,2.6824200000000005,0.8838000000000008,0.7884615384615384,False,True
1.0,bin,14,0.34654998779296875,0.30299997329711914,0.39010000228881836,544381,Cc1nc(N2CCCC(C(=O)NC(C)C)C2)c2c(C)c(C)oc2n1,2.8890600000000006,CCOC=NC=NC(=CCC(C)C)NC1CCCC(C(=O)NC)C1,True,2.8614000000000006,-0.027660000000000018,0.16666666666666666,False,True
1.0,bin,14,0.34654998779296875,0.30299997329711914,0.39010000228881836,544382,CCCNC(=O)C1CCCN(c2nc(C)nc3oc(C)c(C)c23)C1,2.8906600000000013,CCOC(=O)CCCCNC1=NC(CC(C)C)=NCOC(C)=CC1,True,3.4341000000000026,0.5434400000000013,0.14606741573033707,False,True
1.0,bin,14,0.34654998779296875,0.30299997329711914,0.39010000228881836,550049,Cc1ccc(C)c(OCC(=O)Nc2cccc(-n3cnnc3)c2)c1,2.9016400000000013,Cc1cc(C)c(NC(=O)COc2ccc(-n3cnnc3)c(C)c2)c(C)c1,True,3.518480000000002,0.6168400000000007,0.43548387096774194,False,True
1.0,bin,14,0.34654998779296875,0.30299997329711914,0.39010000228881836,573533,Cc1nn(-c2ncc(C(F)(F)F)cc2Cl)c(=O)o1,2.2011199999999995,CSC=NN(Cl)c1ccc(C(F)(F)F)cn1,True,3.366900000000001,1.1657800000000016,0.23728813559322035,False,True
1.0,bin,14,0.34654998779296875,0.30299997329711914,0.39010000228881836,582555,O=C(NCC(O)c1ccccc1)c1ccc2c(=O)n3c(nc2c1)CCC3,1.8061000000000003,COc1ccccc1CCNC(=O)c1ccc2c(=O)n3c(nc2c1)CCC3,True,2.3238000000000003,0.5177,0.6029411764705882,False,True
1.0,bin,14,0.34654998779296875,0.30299997329711914,0.39010000228881836,588547,Cc1n[nH]c(C)c1NC(=O)CCc1ccc(Cl)cc1Cl,3.9046400000000023,Cc1n[nH]c(C)c1NC(=O)CC(CC(C)(C)C)c1ccc(F)cc1,True,4.714240000000004,0.8096000000000014,0.4032258064516129,False,True
1.0,bin,14,0.34654998779296875,0.30299997329711914,0.39010000228881836,607673,CCCN(CC1CC1)S(=O)(=O)c1ccccc1F,2.636400000000001,CCCN(CC1CC1)S(=O)(=O)c1ccc(C)c(C)c1,True,3.1141400000000017,0.4777400000000007,0.5319148936170213,False,True
1.0,bin,14,0.34654998779296875,0.30299997329711914,0.39010000228881836,617681,Cc1cc(C(=O)Nc2nc(-c3ccncc3)cs2)nn1C(C)C,3.5432200000000016,Cc1cc(C(=O)Nc2nc(-c3ccncc3)cs2)nn1C(C)(C)C,True,3.7173200000000026,0.17410000000000103,0.7037037037037037,False,True
1.0,bin,14,0.34654998779296875,0.30299997329711914,0.39010000228881836,650267,COc1ccc2oc(C(=O)NC3CCCCNC3=O)c(C)c2c1,2.14832,CC1=C(C(=O)NC2CCCCNC2)OOc2ccc(Cl)cc21,True,2.6533000000000007,0.5049800000000007,0.26582278481012656,False,True
1.0,bin,14,0.34654998779296875,0.30299997329711914,0.39010000228881836,668639,Cc1cc(NC(=O)c2ccccc2Cl)ncc1N,2.8779200000000005,CC(C)c1ccc(C(=O)Nc2cc(N)ccn2)cc1,True,3.039500000000001,0.16158000000000072,0.34545454545454546,False,True
1.0,bin,14,0.34654998779296875,0.30299997329711914,0.39010000228881836,673160,CCC(=O)Nc1ccc2oc(C(F)(F)F)cc(=O)c2c1,3.160300000000001,CN(C)C(=O)c1ccc2oc(C(F)(F)F)cc(=O)c2c1,True,2.5136000000000003,-0.6467000000000009,0.54,False,True
1.0,bin,14,0.34654998779296875,0.30299997329711914,0.39010000228881836,711169,Cc1cccc(C(C)C)c1NC(=O)N(C)Cc1ccncc1,4.177320000000003,CC(C)CSc1cccc(NC(=O)N(C)Cc2ccncc2)c1,True,4.493600000000003,0.3162800000000008,0.543859649122807,False,True
1.0,bin,14,0.34654998779296875,0.30299997329711914,0.39010000228881836,720969,Cc1noc(C)c1CCC(=O)OCC(=O)N1c2ccccc2CC1C,2.7450400000000013,Cc1noc(C)c1CCC(=O)OCC(=O)N1c2ccccc2CC1C,True,2.7450400000000013,0.0,1.0,True,False
1.0,bin,14,0.34654998779296875,0.30299997329711914,0.39010000228881836,730789,COC(=O)C1CCN(C(=O)c2cc3ccc(F)cc3nc2C)CC1,2.7075200000000006,CCOC(=O)C1CCN(C(=O)c2cc3ccccc3nc2C)CC1,True,2.958520000000001,0.25100000000000033,0.5964912280701754,False,True
1.0,bin,14,0.34654998779296875,0.30299997329711914,0.39010000228881836,738178,Cc1ccc(-n2ccnc2SCc2nc(C3CC3)no2)cc1C,4.041840000000003,Clc1ccc(-n2ccnc2SCc2nc(C3CC3)no2)cc1,True,4.078400000000002,0.036559999999998816,0.7358490566037735,False,True
1.0,bin,14,0.34654998779296875,0.30299997329711914,0.39010000228881836,771897,COc1ccccc1OCC(=O)N(C)Cc1sccc1C,3.102520000000002,Cc1ccsc1CN(C)C(=O)C(C)Oc1ccccc1,True,3.482420000000002,0.3799000000000001,0.5,False,True
1.0,bin,14,0.34654998779296875,0.30299997329711914,0.39010000228881836,811446,COC(=O)C1(NC(=O)c2cc(Br)c[nH]2)CCCCCC1,2.7730000000000006,CC1CCCCC(NC(=O)c2cc(Br)c[nH]2)O1,True,2.8122000000000007,0.039200000000000124,0.42592592592592593,False,True
1.0,bin,14,0.34654998779296875,0.30299997329711914,0.39010000228881836,848291,CCC(C)NC(=O)NCc1noc(-c2cccs2)n1,2.3958000000000004,CC(C)CCNC(=O)NCc1noc(-c2cccs2)n1,True,2.6434000000000006,0.24760000000000026,0.7037037037037037,False,False
1.0,bin,14,0.34654998779296875,0.30299997329711914,0.39010000228881836,863440,COc1ccc(-c2nc(CCCO)cs2)cc1OC,2.752200000000001,COC=CC=C(COCC(F)F)C1=NC(CCCO)=C[SH]1C,True,3.0116000000000014,0.2594000000000003,0.1917808219178082,False,True
1.0,bin,14,0.34654998779296875,0.30299997329711914,0.39010000228881836,864663,N#Cc1ccc(-c2cc(F)ccc2F)nc1N1CCCC1,3.498680000000002,Cc1ccc(C)c(-c2ccc(C#N)c(N3CCCC3)n2)c1,True,3.8373200000000027,0.3386400000000007,0.5918367346938775,False,True
1.0,bin,14,0.34654998779296875,0.30299997329711914,0.39010000228881836,872100,CCc1cccc(C)c1NCC(O)c1ccc2c(c1)OCCO2,3.474120000000002,Cc1cccc(C(C)C)c1NCC(O)c1ccc2c(c1)OCCO2,True,4.035120000000002,0.5609999999999999,0.7254901960784313,False,True
1.0,bin,14,0.34654998779296875,0.30299997329711914,0.39010000228881836,886334,COc1ccc(C(=O)N2CCCC(C(=O)N3CCCCC3)C2)c(O)c1,2.2655000000000003,COc1ccc(C(=O)N2CCCC(C(=O)N3CCCCC3)C2)cc1,True,2.5599000000000007,0.29440000000000044,0.6875,False,True
1.0,bin,14,0.34654998779296875,0.30299997329711914,0.39010000228881836,887387,COCCNC(=O)N(Cc1cccc(F)c1)CC1CCCO1,2.1627,COCCNC(=O)N(Cc1ccc(C)c(C)c1)CC1CCCO1,True,2.640440000000001,0.4777400000000007,0.7413793103448276,False,True
1.0,bin,14,0.34654998779296875,0.30299997329711914,0.39010000228881836,889149,N#Cc1ccc(NC(=O)c2ccc(Br)cc2Cl)nc1,3.621480000000001,CSc1cc(C(=O)Nc2ccc(C#N)cn2)ccc1Br,True,3.689980000000001,0.06850000000000023,0.5178571428571429,False,True
1.0,bin,14,0.34654998779296875,0.30299997329711914,0.39010000228881836,913483,O=C(CNC(=O)NCCc1c(Cl)cccc1Cl)NC1CC1,2.1137000000000006,O=C(CNC(=O)NCCc1ccccc1)NC1CC1(F)C(F)F,True,1.3901999999999994,-0.7235000000000011,0.41379310344827586,False,True
1.0,bin,14,0.34654998779296875,0.30299997329711914,0.39010000228881836,917620,C=CCN(Cc1ccccc1OC)C(=O)c1csc(C)n1,3.288520000000002,C=CCN(Cc1c(F)cccc1Cl)C(=O)c1csc(C)n1,True,4.072420000000003,0.7839000000000009,0.5666666666666667,False,True
1.0,bin,14,0.34654998779296875,0.30299997329711914,0.39010000228881836,918312,CCOc1ccc(Cl)c(C(=O)N2CCN(c3ncccn3)CC2)n1,1.8860999999999997,O=C(c1ncc(Cl)cc1Cl)N1CCN(c2ncccn2)CC1,True,2.1407999999999996,0.2546999999999999,0.5283018867924528,False,True
1.0,bin,14,0.34654998779296875,0.30299997329711914,0.39010000228881836,922879,CC(=O)c1ccc(N2CCN(Cc3c(F)cccc3F)CC2)cc1,3.489600000000003,CC(=O)c1ccc(N2CCN(Cc3ccc(F)c(C)c3F)CC2)cc1,True,3.798020000000003,0.3084199999999999,0.625,False,True
1.0,bin,14,0.34654998779296875,0.30299997329711914,0.39010000228881836,927535,COc1cc(CN2CCN(c3ccccc3F)CC2)ccc1O,2.862100000000002,COc1ccccc1CN1CCN(c2cccc(F)c2)CC1,True,3.156500000000002,0.2944,0.42105263157894735,False,True
1.0,bin,14,0.34654998779296875,0.30299997329711914,0.39010000228881836,927567,Cc1ccccc1N1CCN(Cc2cccc(O)c2)CC1,3.022820000000001,CS(=O)c1ccc(N2CCN(Cc3cccc(Cl)c3)CC2)cc1,True,3.399600000000002,0.376780000000001,0.38181818181818183,False,True
1.0,bin,14,0.34654998779296875,0.30299997329711914,0.39010000228881836,938108,CC(c1ccccc1)N(C)C(=O)CCC(=O)Nc1nccs1,3.0814000000000012,Cc1csc(NC(=O)C(C)N(C)C(=O)CCc2cccs2)n1,True,2.9312200000000015,-0.15017999999999976,0.3582089552238806,False,True
1.0,bin,14,0.34654998779296875,0.30299997329711914,0.39010000228881836,943303,CN(CCCOc1ccccc1)C(=O)Nc1cccc2c1OCCO2,3.390600000000002,Cc1cccc(C)c1OCCCN(C)C(=O)Nc1cccc2c1OCCO2,True,4.0074400000000026,0.6168400000000007,0.7592592592592593,False,True
1.0,bin,14,0.34654998779296875,0.30299997329711914,0.39010000228881836,946289,CC(NC(=O)C1(c2cc(-c3ccco3)on2)CC1)c1ccccc1,3.843600000000002,CCC(NC(=O)C1(c2cc(-c3ccco3)on2)CC1)c1ccccc1,True,4.2337000000000025,0.39010000000000034,0.7636363636363637,False,True
1.0,bin,14,0.34654998779296875,0.30299997329711914,0.39010000228881836,994077,Cc1nnc(Cn2c(-c3cccc(Br)c3)noc2=O)o1,2.0055199999999997,CC(C)c1nnc(Cn2c(-c3cccc(F)c3)noc2=O)o1,True,2.1971,0.19158000000000008,0.5789473684210527,False,True
1.0,bin,14,0.34654998779296875,0.30299997329711914,0.39010000228881836,1065620,O=C(NCc1cccnc1Oc1ccccc1)c1cccnc1,3.198900000000002,Cc1ccc(C(=O)NCc2cccnc2Oc2ccccc2F)cn1,True,3.6464200000000018,0.4475199999999999,0.5614035087719298,False,True
1.0,bin,14,0.34654998779296875,0.30299997329711914,0.39010000228881836,1093926,CN(C(=O)CNc1cccc(OCC2CCCO2)c1)c1ccccc1,3.319300000000002,Cc1cccc(C)c1NCC(=O)Nc1cccc(OCC2CCCO2)c1,True,3.9118400000000024,0.5925400000000005,0.59375,False,True
1.0,bin,14,0.34654998779296875,0.30299997329711914,0.39010000228881836,1107920,CCc1ccc(-n2cc(C(=O)NC(C)c3ccccc3)nn2)cc1,3.320700000000002,Cc1ccccc1C(C)NC(=O)c1cn(-c2ccc(Cl)cc2)nn1,True,3.7201200000000023,0.3994200000000001,0.5614035087719298,False,True
1.0,bin,14,0.34654998779296875,0.30299997329711914,0.39010000228881836,1113130,CC(NC(=O)Cn1nnnc1C(C)(C)C)c1cccc2ccccc12,3.0012000000000016,CCC1=CC=Cc2ccccc2CCC(C)c2nnnn2CC(=O)N1,True,2.8463000000000003,-0.15490000000000137,0.17857142857142858,False,True
1.0,bin,14,0.34654998779296875,0.30299997329711914,0.39010000228881836,1121751,COC(=O)Cn1ccc(NS(=O)(=O)c2ccc(F)c(F)c2F)n1,1.2742,COC(=O)Cn1ccc(NS(=O)(=O)c2cc(F)ccc2Cl)n1,True,1.6494,0.3752,0.6545454545454545,False,True
1.0,bin,14,0.34654998779296875,0.30299997329711914,0.39010000228881836,1142531,CCOC(C)C(=O)NCCc1csc(-c2ccc(C)cc2)n1,3.2022200000000014,CCC(C)C(=O)NCc1csc(-c2cccc(F)c2)n1,True,3.611500000000002,0.40928000000000075,0.4,False,True
1.0,bin,14,0.34654998779296875,0.30299997329711914,0.39010000228881836,1212157,CN(Cc1ccc(F)c(F)c1)C(=O)c1cncc(-c2cnn(C)c2)c1,3.0325000000000015,CN(Cc1cccc(C(F)(F)F)c1)C(=O)c1cncc(-c2cn[nH]c2)c1,True,3.7627000000000024,0.7302000000000008,0.45588235294117646,False,True
1.0,bin,14,0.34654998779296875,0.30299997329711914,0.39010000228881836,1215394,CCn1nc(C)cc1C(=O)Oc1cccc(NC(=O)C(C)C)c1,3.025120000000001,CCn1nc(C)cc1C(=O)Oc1cc(Cl)ccc1F,True,3.2231200000000015,0.1980000000000004,0.4915254237288136,False,True
1.0,bin,14,0.34654998779296875,0.30299997329711914,0.39010000228881836,1232922,CC(C)(C)OC(=O)NC1CCCN(S(=O)(=O)N2CCOCC2)C1,0.5525000000000011,CC(C)(C)OC(=O)NC1CCN(S(=O)(=O)N2CCOCC2)CC1,True,0.5525000000000011,0.0,0.7555555555555555,False,True
1.0,bin,14,0.34654998779296875,0.30299997329711914,0.39010000228881836,1238973,FC(F)(F)c1cnc(N2CCn3c(nnc3C3CC3)C2)c(Cl)c1,3.2429000000000023,FC(F)(F)c1cnc(N2CCn3c(nnc3C3CC3)C2)c(Cl)c1,True,3.2429000000000023,0.0,1.0,True,False
1.0,bin,14,0.34654998779296875,0.30299997329711914,0.39010000228881836,1299495,Cc1cc(CC(=O)N2CCCC2C(C#N)c2ccccc2)no1,2.823900000000001,CC1=CC(CC(=O)N2CCCC2C(C)c2ccccc2N)O1,True,3.056000000000001,0.23209999999999997,0.3611111111111111,False,True
1.0,bin,14,0.34654998779296875,0.30299997329711914,0.39010000228881836,1309906,CC(C)CC(NC(=O)c1cc(=O)c2ccccc2o1)C(=O)OC(C)C,2.8891000000000018,CC(CCC(=O)OC(C)(C)C)NC(=O)c1cc(=O)c2ccccc2o1,True,3.0332000000000017,0.1440999999999999,0.5333333333333333,False,True
1.0,bin,14,0.34654998779296875,0.30299997329711914,0.39010000228881836,1362816,COCc1cccc(C(=O)NC2CC2c2cccc(Cl)c2)c1,3.772300000000002,O=C(NC1CC1c1cccc(F)c1)c1cccc(Cl)c1,True,3.7650000000000023,-0.007299999999999862,0.6226415094339622,False,True
1.0,bin,14,0.34654998779296875,0.30299997329711914,0.39010000228881836,1441838,COCC(=O)NC(C(=O)Nc1cccc(-c2nccs2)c1)C(C)C,2.5358,COCCS(=O)(=O)Nc1cccc(-c2nccs2)c1,True,2.1982,-0.3376000000000001,0.49206349206349204,False,True
1.0,bin,14,0.34654998779296875,0.30299997329711914,0.39010000228881836,1450449,CCCNC(=O)CSc1nc2c(cc1C#N)CCCC2,2.450380000000001,CCCOC(=O)C(C)Sc1nc2c(cc1C(N)=O)CCCC2,True,2.493100000000001,0.04272000000000009,0.3787878787878788,False,True
1.0,bin,14,0.34654998779296875,0.30299997329711914,0.39010000228881836,1451910,O=S(=O)(NCc1nnc2ccccn12)c1ccc(F)c(F)c1,1.4859999999999995,Cc1ccc(S(=O)(=O)NCc2nnc3ccc(C)cn23)cc1,True,1.82464,0.3386400000000005,0.49056603773584906,False,True
1.0,bin,14,0.34654998779296875,0.30299997329711914,0.39010000228881836,1479798,Cc1nc(C)c(CCC(=O)N(CC(C)C)CC(F)(F)F)c(=O)[nH]1,2.3662400000000003,CC=NC(C)=C(F)CCC(=O)N(CCC(C)C)CC(F)F,True,4.198100000000004,1.8318600000000034,0.23880597014925373,False,True
1.0,bin,14,0.34654998779296875,0.30299997329711914,0.39010000228881836,1507926,COC(=O)C(C)NC(=O)Cc1csc(-c2ccccc2Cl)n1,2.6837,COC(=O)Cc1csc(-c2cccc(Br)c2)n1,True,3.288100000000002,0.6044000000000018,0.4,False,True
1.0,bin,14,0.34654998779296875,0.30299997329711914,0.39010000228881836,1527882,Nc1ncccc1C(=O)Nc1ccc2cn[nH]c2c1,1.7923999999999998,COCCOc1ncccc1C(=O)Nc1ccc2cn[nH]c2c1,True,2.2354000000000003,0.4430000000000005,0.6666666666666666,False,True
1.0,bin,14,0.34654998779296875,0.30299997329711914,0.39010000228881836,1532848,COc1ccc(-c2ccc3c(=O)[nH]cnc3c2)cc1Cl,3.2521000000000013,O=c1[nH]cnc2ccc(-c3ccc(F)c(Cl)c3)cc12,True,3.382600000000002,0.1305000000000005,0.5208333333333334,False,True
1.0,bin,14,0.34654998779296875,0.30299997329711914,0.39010000228881836,1548351,COc1cc(OC)c2c(c1)C(c1cnccn1)NCC2,1.7288999999999999,CCOc1cc(OC)cc2c1CCNC2c1cnccn1,True,2.1189999999999998,0.3900999999999999,0.8297872340425532,False,False
1.0,bin,14,0.34654998779296875,0.30299997329711914,0.39010000228881836,1570134,COc1cccc(C(C)N2CCN(C(=O)c3ccc(O)cc3)CC2)c1,2.9198000000000013,CC(c1ccccc1)N1CCN(C(=O)c2ccc(F)cc2)CC1,True,3.3447000000000022,0.42490000000000094,0.5490196078431373,False,True
1.0,bin,14,0.34654998779296875,0.30299997329711914,0.39010000228881836,1611406,CC(C)(C)N1CC(NC(=O)C2COc3ccc(F)cc3C2)CC1=O,1.8923999999999994,CCCCN1CC(NC(=O)C2COc3ccc(F)cc3C2)CC1=O,True,1.8939999999999997,0.0016000000000002679,0.6774193548387096,False,True
1.0,bin,14,0.34654998779296875,0.30299997329711914,0.39010000228881836,1612684,CCCC1CN(C(=O)Nc2ccn(CCC(C)C)n2)CCO1,2.9620000000000015,CC(C)CCCN(C)C(=O)N1CC=CNCCC(=O)N(C(C)C)CCO1,True,2.452,-0.5100000000000016,0.19540229885057472,False,True
1.0,bin,14,0.34654998779296875,0.30299997329711914,0.39010000228881836,1639675,CCC(CC)c1nnc(NC(=O)c2scnc2C2CC2)s1,4.0279000000000025,CCC(CC)c1nnc(NC(=O)c2scnc2C2CC2)s1,True,4.0279000000000025,0.0,1.0,True,False
1.0,bin,14,0.34654998779296875,0.30299997329711914,0.39010000228881836,1675660,COc1ccnc(NC(=O)c2cccc(Cl)c2)c1,2.9959000000000007,CCOc1ccnc(NC(=O)c2cccc(Br)c2)c1,True,3.4951000000000016,0.499200000000001,0.58,False,True
1.0,bin,14,0.34654998779296875,0.30299997329711914,0.39010000228881836,1689728,CCc1noc(CSc2ncnc3sc(C)cc23)n1,3.237420000000002,CCc1noc(CSc2ncnc3sc(C)c(C)c23)n1,True,3.5458400000000028,0.3084200000000008,0.6538461538461539,False,True
1.0,bin,14,0.34654998779296875,0.30299997329711914,0.39010000228881836,1720876,CC(C)(C)CC(=O)NCC(=O)Nc1ccc2c(c1)COC2,2.2077,CCN(CC(=O)NC(C)(C)C)C(=O)Nc1ccc2c(c1)COC2,True,2.4852999999999996,0.2775999999999996,0.509090909090909,False,True
1.0,bin,14,0.34654998779296875,0.30299997329711914,0.39010000228881836,1757109,CC(C)Cc1ncc(CNc2ccc3c(c2)COC3)s1,3.983900000000003,CCC(C)c1ncc(CNc2ccc3c(c2)COC3)s1,True,4.298900000000003,0.3150000000000004,0.6666666666666666,False,True
1.0,bin,14,0.34654998779296875,0.30299997329711914,0.39010000228881836,1774061,O=C1NCCCc2[nH]c(-c3cccc4[nH]ccc34)nc21,2.234,Cc1[nH]c2ccccc2c1-c1nc2c([nH]1)CCCNC2=O,True,2.54242,0.3084199999999999,0.5636363636363636,False,True
1.0,bin,14,0.34654998779296875,0.30299997329711914,0.39010000228881836,1800687,Cc1nn(C)c(-c2nc(-c3cccnn3)no2)c1Cl,1.8889199999999997,CC(C)c1cc(-c2nc(-c3cccnn3)no2)n(C)n1,True,2.0504999999999995,0.16157999999999983,0.5471698113207547,False,True
1.0,bin,14,0.34654998779296875,0.30299997329711914,0.39010000228881836,1815867,FC(F)(F)c1ccc(CN2CCOCC2c2ncon2)cc1,2.661900000000001,FC(F)(F)CC=CC=CCCN1CCOCC1c1ncon1,True,2.897800000000001,0.2359,0.5423728813559322,False,True
1.0,bin,14,0.34654998779296875,0.30299997329711914,0.39010000228881836,1828580,Cc1ccc(N2CC3OCC(=O)N(Cc4cccc(F)c4)C3C2)nn1,1.54032,O=C1COC2CN(C=C3C=CC(CNc4ccc(Cl)nn4)=C3)C2N1,True,1.0786999999999998,-0.46162000000000014,0.18478260869565216,False,True
1.0,bin,14,0.34654998779296875,0.30299997329711914,0.39010000228881836,1836183,CCc1ccc(C(=O)NCc2nccc(N(C)C)n2)cc1,2.035,O=C(NCc1nccc(Cl)n1)c1ccccc1F,True,2.1991000000000005,0.16410000000000036,0.3684210526315789,False,True
1.0,bin,14,0.34654998779296875,0.30299997329711914,0.39010000228881836,1842499,COc1ccccc1COc1ccccc1-c1cnn(CCO)c1,3.1300000000000017,CC1=CC=C(COc2ccccc2-c2cnn(CCO)c2C)C1,True,3.506020000000002,0.37602000000000046,0.41935483870967744,False,True
1.0,bin,14,0.34654998779296875,0.30299997329711914,0.39010000228881836,1865564,COC(CNC(=O)c1ccoc1)c1cccc(F)c1,2.536200000000001,COC(CNC(=O)c1c(C)coc1C)c1ccccc1,True,3.0139400000000016,0.4777400000000007,0.4482758620689655,False,True
1.0,bin,14,0.34654998779296875,0.30299997329711914,0.39010000228881836,1868773,CCCOc1ccc(Cl)c2c1CCNC2C1CC(=O)C1,3.2947000000000015,CC(C)c1cc2cc(c1)C1(CCC(=O)CC1=O)CC2,True,3.3161000000000023,0.021400000000000752,0.11428571428571428,False,True
1.0,bin,14,0.34654998779296875,0.30299997329711914,0.39010000228881836,1873123,CCC1OC(=O)c2c(OC)ccc(Br)c21,3.079200000000002,CCC1OC(=O)c2c(Br)ccc(Cl)c21,True,3.724000000000002,0.6448,0.5853658536585366,False,True
1.0,bin,14,0.34654998779296875,0.30299997329711914,0.39010000228881836,1875028,Cc1cccc(C)c1NCC(=O)N1CCCC2CCCCC21,3.8965400000000034,Cc1cc(NCC(=O)N2CCCC3CCCCC32)ccc1Cl,True,4.241520000000004,0.3449800000000005,0.6274509803921569,False,True
1.0,bin,14,0.34654998779296875,0.30299997329711914,0.39010000228881836,1895921,CCC(CC)N(C)C(=O)CC1OC(=O)c2ccccc21,2.935200000000002,CCC(CC)CN(C)C(=O)CC1OC(=O)c2ccccc21,True,3.182800000000002,0.24760000000000026,0.6956521739130435,False,True
1.0,bin,14,0.34654998779296875,0.30299997329711914,0.39010000228881836,1907077,Cc1ccc2[nH]nc(C(=O)Nc3nc(-c4ccco4)cs3)c2c1,3.8401200000000015,O=C(Nc1nc(-c2ccco2)cs1)c1n[nH]c2ccc(Cl)cc12,True,4.185100000000001,0.3449799999999996,0.7894736842105263,False,True
1.0,bin,14,0.34654998779296875,0.30299997329711914,0.39010000228881836,1913063,Cc1nn(C)c(C)c1CN(C(=O)c1cn2cccc(C)c2n1)C1CC1,2.797860000000001,Cc1ccn2cc(CN(C(=O)c3cnn(C)c3C)C3CC3)nc2c1C,True,2.797860000000001,0.0,0.4444444444444444,False,True
1.0,bin,14,0.34654998779296875,0.30299997329711914,0.39010000228881836,1922265,CN(CCNC(=O)c1ccc2c(c1)ncn2C)c1ccccc1,2.4395000000000007,Cn1cnc2cc(C(=O)NCCNc3ccc(Cl)cc3)ccc21,True,3.068600000000001,0.6291000000000002,0.5789473684210527,False,True
1.0,bin,15,0.4522000253200531,0.39010000228881836,0.5143000483512878,32052,COc1ccccc1CNC(=O)Cc1c[nH]c2ccccc12,3.035400000000001,CCc1ccc(CNC(=O)Cc2c[nH]c3ccccc23)cc1,True,3.5892000000000017,0.5538000000000007,0.6382978723404256,False,True
1.0,bin,15,0.4522000253200531,0.39010000228881836,0.5143000483512878,116747,COCCSc1ccccc1C(=O)Nc1cccc(C)n1,3.3808200000000017,Cc1cccc(NC(=O)C2=COCC(C(F)(F)F)=CC2)n1,True,3.1214200000000014,-0.2594000000000003,0.36507936507936506,False,True
1.0,bin,15,0.4522000253200531,0.39010000228881836,0.5143000483512878,131060,CS(=O)(=O)NCCc1csc(-c2ccc(F)cc2)n1,2.0408999999999997,C=S1C2=CCC(F)=CC2C=NC1CCNS(C)(=O)=O,True,1.7943000000000002,-0.2465999999999995,0.27692307692307694,False,True
1.0,bin,15,0.4522000253200531,0.39010000228881836,0.5143000483512878,131949,CCc1c(C)nc(SCC(=O)NC(C)C)[nH]c1=O,1.25742,CCc1c(C)nc(SCC(=O)NC(C)C)[nH]c1=O,True,1.25742,0.0,1.0,True,False
1.0,bin,15,0.4522000253200531,0.39010000228881836,0.5143000483512878,158879,COc1ccc(CC(=O)OCC(=O)c2c[nH]c3ccccc23)cc1,3.145100000000001,O=C(COC(=O)Cc1ccc(Cl)cc1)OCc1c[nH]c2ccccc12,True,3.650400000000002,0.505300000000001,0.5087719298245614,False,True
1.0,bin,15,0.4522000253200531,0.39010000228881836,0.5143000483512878,232056,COCCNC(=O)c1cc(=O)c2cc(C)ccc2o1,1.4776199999999993,COCCNC(=O)c1cc(=O)c2cc(Br)ccc2o1,True,1.9316999999999995,0.45408000000000026,0.7608695652173914,False,True
1.0,bin,15,0.4522000253200531,0.39010000228881836,0.5143000483512878,235788,O=C(Cn1nc(-c2ccco2)oc1=O)NCC(F)(F)F,0.7747999999999999,CCCN(CCC)C(=O)Cn1nc(-c2ccco2)oc1=O,True,1.7449,0.9701,0.5636363636363636,False,False
1.0,bin,15,0.4522000253200531,0.39010000228881836,0.5143000483512878,236081,CC(=O)c1c(C)[nH]c(C(=O)CSc2nc(C(C)C)n[nH]2)c1C,3.0506400000000014,CCc1n[nH]c(SCC(=O)c2[nH]c(C)c(C(C)C)c2C)n1,True,3.410440000000002,0.3598000000000008,0.5636363636363636,False,True
1.0,bin,15,0.4522000253200531,0.39010000228881836,0.5143000483512878,281081,O=C(Cn1cccn1)NCc1cccnc1Oc1ccc(F)cc1F,2.665000000000001,Cc1cc(C)n(CC(=O)NCc2cccnc2Oc2ccc(F)cc2)n1,True,3.1427400000000016,0.4777400000000007,0.5373134328358209,False,True
1.0,bin,15,0.4522000253200531,0.39010000228881836,0.5143000483512878,284170,COc1ccc(-c2nc(CC(=O)Nc3cccc(C)n3)cs2)cc1,3.7033200000000024,O=C(Cc1csc(-c2ccccc2)n1)Nc1ccc(Br)cn1,True,4.148800000000001,0.445479999999999,0.4918032786885246,False,True
1.0,bin,15,0.4522000253200531,0.39010000228881836,0.5143000483512878,288369,Cc1ccc(NCc2nnc3n2CCCCC3)cc1C,3.2334400000000016,CCSc1ccccc1NCc1nnc2n1CCCCC2,True,3.728600000000002,0.49516000000000027,0.5272727272727272,False,True
1.0,bin,15,0.4522000253200531,0.39010000228881836,0.5143000483512878,302889,COc1ccc(OC)c(NC(=O)CCNC(=O)c2cccs2)c1,2.5239000000000003,O=C(CCNC(=O)c1cccs1)Nc1ccc(Cl)cc1,True,3.160100000000001,0.6362000000000005,0.5272727272727272,False,False
1.0,bin,15,0.4522000253200531,0.39010000228881836,0.5143000483512878,327141,COc1ccc(OC)c(S(=O)(=O)Nc2ccn(C)n2)c1,1.2381,C=CCOc1ccc(S(=O)(=O)Nc2ccn(C)n2)cc1,True,1.7857,0.5476000000000001,0.48148148148148145,False,True
1.0,bin,15,0.4522000253200531,0.39010000228881836,0.5143000483512878,327382,CNC(=O)C1CN(C(=O)c2c(C)noc2C)c2ccccc2O1,1.4452399999999996,Cc1noc(C)c1C(=O)N1CC(C(N)=O)Oc2ccccc21,True,1.1845399999999995,-0.26070000000000015,0.78,False,True
1.0,bin,15,0.4522000253200531,0.39010000228881836,0.5143000483512878,406491,COCCNC(=O)C1CCCN(S(=O)(=O)N2CCOCC2)C1,-0.9619999999999964,CCCNC(=O)C1CCN(S(=O)(=O)N2CCOCC2)CC1,True,-0.19839999999999836,0.7635999999999981,0.5686274509803921,False,True
1.0,bin,15,0.4522000253200531,0.39010000228881836,0.5143000483512878,413951,O=C(Cn1ncn2cccc2c1=O)N1CCCCCC1,0.8985999999999996,CC1CCCCCN1C(=O)Cn1ncn2cccc2c1=O,True,1.2871,0.3885000000000003,0.6862745098039216,False,True
1.0,bin,15,0.4522000253200531,0.39010000228881836,0.5143000483512878,427929,CCNc1nc(NCc2ccccc2Cl)c2cnn(C)c2n1,3.060600000000001,CCCCOc1nc(NCc2ccccc2Cl)c2cnn(C)c2n1,True,3.8077000000000023,0.7471000000000014,0.6727272727272727,False,True
1.0,bin,15,0.4522000253200531,0.39010000228881836,0.5143000483512878,447130,CCC(NC(=O)C1CCN(C(=O)C2CC2)CC1)c1ccc(C)cc1,3.2109200000000016,CC(NC(=O)C1CCN(C(=O)C2CC2)CC1)c1cccc(Cl)c1,True,3.1658000000000017,-0.04511999999999983,0.5,False,False
1.0,bin,15,0.4522000253200531,0.39010000228881836,0.5143000483512878,481908,CCNS(=O)(=O)c1ccc(C)c(C(=O)Nc2ncccc2C)c1,2.24894,CC(=O)Nc1ccc(C(=O)Nc2ncccc2C)cc1,True,2.600720000000001,0.35178000000000065,0.43636363636363634,False,False
1.0,bin,15,0.4522000253200531,0.39010000228881836,0.5143000483512878,485220,Cc1nn(CC(=O)N2CCN(C)CC2)c(C)c1Br,1.03644,CCN1CCN(C(=O)Cn2nc(C(F)(F)F)cc2C)CC1,True,1.37442,0.33797999999999995,0.37037037037037035,False,True
1.0,bin,15,0.4522000253200531,0.39010000228881836,0.5143000483512878,526363,Cc1nnc(SCC(=O)Nc2ccc(O)cc2)n(N)c1=O,0.09692,Cc1cccc(NC(=O)CSc2nnc(N)c(=O)n2C)c1,True,0.7967199999999999,0.6997999999999999,0.4666666666666667,False,True
1.0,bin,15,0.4522000253200531,0.39010000228881836,0.5143000483512878,536853,COc1ccc(C2CCCN2C(=O)C2CCC2)c(OC)c1,3.1674000000000015,CCOc1ccc(C2CCCN2C(=O)C2CCC2)cc1OC,True,3.557500000000002,0.39010000000000034,0.5636363636363636,False,True
1.0,bin,15,0.4522000253200531,0.39010000228881836,0.5143000483512878,540312,Cc1nn(C)c2nc(C3CC3)cc(C(=O)NCC(=O)NC(C)(C)C)c12,1.7986199999999997,CCCC(=O)NCc1cc(C2CC2)nc2c1c(C)nn2C,True,2.5704200000000013,0.7718000000000016,0.5396825396825397,False,True
1.0,bin,15,0.4522000253200531,0.39010000228881836,0.5143000483512878,544381,Cc1nc(N2CCCC(C(=O)NC(C)C)C2)c2c(C)c(C)oc2n1,2.8890600000000006,CCCCN1C(=O)CCCN1C1=NC(C)=NCOC(C)=C(C)C1,True,3.1145000000000023,0.22544000000000164,0.13095238095238096,False,True
1.0,bin,15,0.4522000253200531,0.39010000228881836,0.5143000483512878,544382,CCCNC(=O)C1CCCN(c2nc(C)nc3oc(C)c(C)c23)C1,2.8906600000000013,CCOC(=O)NCC1CCCN(c2nc(C)nc3oc(C)c(C)c23)C1,True,3.1105600000000013,0.21989999999999998,0.6349206349206349,False,True
1.0,bin,15,0.4522000253200531,0.39010000228881836,0.5143000483512878,550049,Cc1ccc(C)c(OCC(=O)Nc2cccc(-n3cnnc3)c2)c1,2.9016400000000013,CCCc1ccc(OCC(=O)Nc2cccc(-n3cnnc3)c2)cc1,True,3.237300000000001,0.33565999999999985,0.603448275862069,False,True
1.0,bin,15,0.4522000253200531,0.39010000228881836,0.5143000483512878,573533,Cc1nn(-c2ncc(C(F)(F)F)cc2Cl)c(=O)o1,2.2011199999999995,CC(C)Cc1nn(-c2ncc(C(F)(F)F)cc2Cl)c(=O)o1,True,3.0912000000000015,0.890080000000002,0.673469387755102,False,True
1.0,bin,15,0.4522000253200531,0.39010000228881836,0.5143000483512878,582555,O=C(NCC(O)c1ccccc1)c1ccc2c(=O)n3c(nc2c1)CCC3,1.8061000000000003,CCCc1nc2cc(C(=O)NCCC3=CC=COC3)ccc2c(=O)[nH]1,True,2.4657999999999998,0.6596999999999995,0.2857142857142857,False,True
1.0,bin,15,0.4522000253200531,0.39010000228881836,0.5143000483512878,588547,Cc1n[nH]c(C)c1NC(=O)CCc1ccc(Cl)cc1Cl,3.9046400000000023,Cc1n[nH]c(C)c1NC(=O)CCc1cc(Cl)cc(Cl)c1,True,3.9046400000000023,0.0,0.6666666666666666,False,True
1.0,bin,15,0.4522000253200531,0.39010000228881836,0.5143000483512878,607673,CCCN(CC1CC1)S(=O)(=O)c1ccccc1F,2.636400000000001,CCCN(CC1CC1)S(=O)(=O)c1cc(C)cc(C)c1OC,True,3.122740000000002,0.4863400000000011,0.5098039215686274,False,True
1.0,bin,15,0.4522000253200531,0.39010000228881836,0.5143000483512878,617681,Cc1cc(C(=O)Nc2nc(-c3ccncc3)cs2)nn1C(C)C,3.5432200000000016,Cc1cnccc1-c1csc(NC(=O)c2cc(C)n(C(C)(C)C)n2)n1,True,4.025740000000002,0.48252000000000006,0.5396825396825397,False,True
1.0,bin,15,0.4522000253200531,0.39010000228881836,0.5143000483512878,650267,COc1ccc2oc(C(=O)NC3CCCCNC3=O)c(C)c2c1,2.14832,CC1=C(C(=O)NC2CCCCNC2)OOc2ccc(Cl)cc21,True,2.6533000000000007,0.5049800000000007,0.26582278481012656,False,True
1.0,bin,15,0.4522000253200531,0.39010000228881836,0.5143000483512878,668639,Cc1cc(NC(=O)c2ccccc2Cl)ncc1N,2.8779200000000005,Cc1ccc(N)c(NC(=O)c2ccc(Br)cc2)n1,True,2.9870200000000002,0.10909999999999975,0.2857142857142857,False,True
1.0,bin,15,0.4522000253200531,0.39010000228881836,0.5143000483512878,673160,CCC(=O)Nc1ccc2oc(C(F)(F)F)cc(=O)c2c1,3.160300000000001,CCC(=O)Nc1ccc2oc(C(F)(F)F)cc(=O)c2c1C,True,3.468720000000002,0.3084200000000008,0.62,False,True
1.0,bin,15,0.4522000253200531,0.39010000228881836,0.5143000483512878,711169,Cc1cccc(C(C)C)c1NC(=O)N(C)Cc1ccncc1,4.177320000000003,CC(C)c1cc(Br)ccc1NC(=O)N(C)Cc1ccncc1,True,4.631400000000003,0.45408000000000026,0.5740740740740741,False,True
1.0,bin,15,0.4522000253200531,0.39010000228881836,0.5143000483512878,720969,Cc1noc(C)c1CCC(=O)OCC(=O)N1c2ccccc2CC1C,2.7450400000000013,Cc1noc(C)c1CCC(=O)OC(C)C(=O)N1c2ccccc2CC1C,True,3.1335400000000018,0.3885000000000005,0.7096774193548387,False,True
1.0,bin,15,0.4522000253200531,0.39010000228881836,0.5143000483512878,730789,COC(=O)C1CCN(C(=O)c2cc3ccc(F)cc3nc2C)CC1,2.7075200000000006,Cc1nc2cc(F)ccc2cc1C(=O)N1CCC(C)CC1,True,3.554420000000002,0.8469000000000015,0.74,False,True
1.0,bin,15,0.4522000253200531,0.39010000228881836,0.5143000483512878,738178,Cc1ccc(-n2ccnc2SCc2nc(C3CC3)no2)cc1C,4.041840000000003,Fc1cc(Cl)ccc1-n1ccnc1SCc1nc(C2CC2)no1,True,4.217500000000002,0.17565999999999882,0.6065573770491803,False,True
1.0,bin,15,0.4522000253200531,0.39010000228881836,0.5143000483512878,771897,COc1ccccc1OCC(=O)N(C)Cc1sccc1C,3.102520000000002,Cc1ccsc1CN(C)C(=O)COc1ccc(C(F)(F)F)cc1,True,4.112720000000003,1.010200000000001,0.5849056603773585,False,True
1.0,bin,15,0.4522000253200531,0.39010000228881836,0.5143000483512878,811446,COC(=O)C1(NC(=O)c2cc(Br)c[nH]2)CCCCCC1,2.7730000000000006,CC(=O)C1(NC(=O)c2cc(Br)c[nH]2)CCCCCC1,True,3.189000000000002,0.41600000000000126,0.7619047619047619,False,True
1.0,bin,15,0.4522000253200531,0.39010000228881836,0.5143000483512878,848291,CCC(C)NC(=O)NCc1noc(-c2cccs2)n1,2.3958000000000004,CCCCCNC(=O)NCc1noc(-c2cccs2)n1,True,2.7875000000000005,0.39170000000000016,0.6727272727272727,False,False
1.0,bin,15,0.4522000253200531,0.39010000228881836,0.5143000483512878,863440,COc1ccc(-c2nc(CCCO)cs2)cc1OC,2.752200000000001,CCCc1csc(-c2ccc(OC)cc2)n1,True,3.771200000000003,1.019000000000002,0.48936170212765956,False,True
1.0,bin,15,0.4522000253200531,0.39010000228881836,0.5143000483512878,864663,N#Cc1ccc(-c2cc(F)ccc2F)nc1N1CCCC1,3.498680000000002,N#Cc1ccc(-c2ccc(Br)cc2)nc1N1CCCC1,True,3.982980000000003,0.48430000000000106,0.5416666666666666,False,True
1.0,bin,15,0.4522000253200531,0.39010000228881836,0.5143000483512878,872100,CCc1cccc(C)c1NCC(O)c1ccc2c(c1)OCCO2,3.474120000000002,Cc1cccc(C(C)C)c1NCC(O)c1ccc2c(c1)OCCO2,True,4.035120000000002,0.5609999999999999,0.7254901960784313,False,True
1.0,bin,15,0.4522000253200531,0.39010000228881836,0.5143000483512878,886334,COc1ccc(C(=O)N2CCCC(C(=O)N3CCCCC3)C2)c(O)c1,2.2655000000000003,O=C(c1ccccc1F)N1CCCC(C(=O)N2CCCCC2)C1,True,2.6904000000000012,0.42490000000000094,0.5384615384615384,False,True
1.0,bin,15,0.4522000253200531,0.39010000228881836,0.5143000483512878,887387,COCCNC(=O)N(Cc1cccc(F)c1)CC1CCCO1,2.1627,CC(=O)NCCCC(=O)N(Cc1ccccc1Cl)CC1CCCO1,True,2.7639000000000005,0.6012000000000004,0.4246575342465753,False,True
1.0,bin,15,0.4522000253200531,0.39010000228881836,0.5143000483512878,889149,N#Cc1ccc(NC(=O)c2ccc(Br)cc2Cl)nc1,3.621480000000001,COc1c(Cl)cc(Cl)cc1C(=O)Nc1ccc(C(C)=O)cn1,True,3.8519000000000023,0.2304200000000014,0.3770491803278688,False,True
1.0,bin,15,0.4522000253200531,0.39010000228881836,0.5143000483512878,913483,O=C(CNC(=O)NCCc1c(Cl)cccc1Cl)NC1CC1,2.1137000000000006,CC(NC(=O)CNC(=O)NCCc1c(Cl)cccc1Cl)C1CC1,True,2.7498000000000005,0.6360999999999999,0.6875,False,True
1.0,bin,15,0.4522000253200531,0.39010000228881836,0.5143000483512878,917620,C=CCN(Cc1ccccc1OC)C(=O)c1csc(C)n1,3.288520000000002,CCOc1ccccc1CN(C)C(=O)c1csc(C(C)C)n1,True,3.937400000000003,0.648880000000001,0.4153846153846154,False,True
1.0,bin,15,0.4522000253200531,0.39010000228881836,0.5143000483512878,918312,CCOc1ccc(Cl)c(C(=O)N2CCN(c3ncccn3)CC2)n1,1.8860999999999997,CSc1ccc(Cl)c(C(=O)N2CCN(c3ncccn3)CC2)n1,True,2.2093,0.32320000000000015,0.6538461538461539,False,True
1.0,bin,15,0.4522000253200531,0.39010000228881836,0.5143000483512878,922879,CC(=O)c1ccc(N2CCN(Cc3c(F)cccc3F)CC2)cc1,3.489600000000003,FC(F)c1ccccc1CN(F)CCNC1=CC=COCC=C1,True,3.8843000000000023,0.3946999999999994,0.10526315789473684,False,True
1.0,bin,15,0.4522000253200531,0.39010000228881836,0.5143000483512878,927535,COc1cc(CN2CCN(c3ccccc3F)CC2)ccc1O,2.862100000000002,CCOc1cc(CN2CCN(c3ccccc3)CC2)ccc1O,True,3.1131000000000024,0.25100000000000033,0.5471698113207547,False,False
1.0,bin,15,0.4522000253200531,0.39010000228881836,0.5143000483512878,927567,Cc1ccccc1N1CCN(Cc2cccc(O)c2)CC1,3.022820000000001,Cc1ccc(N2CCN(Cc3cccc(F)c3)CC2)cc1,True,3.4563200000000025,0.43350000000000133,0.4489795918367347,False,True
1.0,bin,15,0.4522000253200531,0.39010000228881836,0.5143000483512878,938108,CC(c1ccccc1)N(C)C(=O)CCC(=O)Nc1nccs1,3.0814000000000012,CCN(CCc1ccccc1)C(=O)CCC(=O)NC1=NC=C[SH]1C,True,2.4458,-0.635600000000001,0.3,False,True
1.0,bin,15,0.4522000253200531,0.39010000228881836,0.5143000483512878,943303,CN(CCCOc1ccccc1)C(=O)Nc1cccc2c1OCCO2,3.390600000000002,Cc1ccccc1OCCCN(C)C(=O)Nc1cccc2c1OCCO2,True,3.6990200000000026,0.3084200000000008,0.7636363636363637,False,True
1.0,bin,15,0.4522000253200531,0.39010000228881836,0.5143000483512878,946289,CC(NC(=O)C1(c2cc(-c3ccco3)on2)CC1)c1ccccc1,3.843600000000002,Cc1ccccc1C(C)NC(=O)C1(c2cc(-c3ccco3)on2)CC1,True,4.152020000000003,0.3084200000000008,0.7636363636363637,False,True
1.0,bin,15,0.4522000253200531,0.39010000228881836,0.5143000483512878,994077,Cc1nnc(Cn2c(-c3cccc(Br)c3)noc2=O)o1,2.0055199999999997,CC(=O)c1ccc(-c2noc(=O)n2Cc2nnc(C(C)C)o2)cc1,True,2.2606,0.2550800000000004,0.4666666666666667,False,True
1.0,bin,15,0.4522000253200531,0.39010000228881836,0.5143000483512878,1065620,O=C(NCc1cccnc1Oc1ccccc1)c1cccnc1,3.198900000000002,O=C(NCc1cccnc1Oc1ccc(F)c(F)c1)c1cccnc1,True,3.477100000000002,0.2782,0.7307692307692307,False,True
1.0,bin,15,0.4522000253200531,0.39010000228881836,0.5143000483512878,1093926,CN(C(=O)CNc1cccc(OCC2CCCO2)c1)c1ccccc1,3.319300000000002,CCc1ccccc1NC(=O)CNc1cccc(OCC2CCCO2)c1,True,3.857400000000003,0.5381000000000009,0.6307692307692307,False,True
1.0,bin,15,0.4522000253200531,0.39010000228881836,0.5143000483512878,1107920,CCc1ccc(-n2cc(C(=O)NC(C)c3ccccc3)nn2)cc1,3.320700000000002,C=CC(F)=CC=C(C)NC(=O)c1cn(-c2ccc(Cl)cc2)nn1,True,3.593700000000002,0.2729999999999997,0.36363636363636365,False,True
1.0,bin,15,0.4522000253200531,0.39010000228881836,0.5143000483512878,1113130,CC(NC(=O)Cn1nnnc1C(C)(C)C)c1cccc2ccccc12,3.0012000000000016,CCCn1nnnc1CC(=O)NC(CC)c1cccc2ccccc12,True,3.0463000000000013,0.045099999999999696,0.484375,False,True
1.0,bin,15,0.4522000253200531,0.39010000228881836,0.5143000483512878,1121751,COC(=O)Cn1ccc(NS(=O)(=O)c2ccc(F)c(F)c2F)n1,1.2742,Cc1ccc(S(=O)(=O)NC2C=CNCC(=O)OC2)c(C=N)c1,True,0.2996900000000005,-0.9745099999999995,0.13580246913580246,False,True
1.0,bin,15,0.4522000253200531,0.39010000228881836,0.5143000483512878,1142531,CCOC(C)C(=O)NCCc1csc(-c2ccc(C)cc2)n1,3.2022200000000014,CCN(C)C(=O)NCCc1csc(-c2ccc(Cl)cc2)n1,True,3.667300000000002,0.4650800000000004,0.5,False,True
1.0,bin,15,0.4522000253200531,0.39010000228881836,0.5143000483512878,1212157,CN(Cc1ccc(F)c(F)c1)C(=O)c1cncc(-c2cnn(C)c2)c1,3.0325000000000015,CNN=CC1=C2CC(=CC(=O)N(C)Cc3c(F)cccc3Cl)N=CC12,True,2.927500000000001,-0.10500000000000043,0.18888888888888888,False,True
1.0,bin,15,0.4522000253200531,0.39010000228881836,0.5143000483512878,1215394,CCn1nc(C)cc1C(=O)Oc1cccc(NC(=O)C(C)C)c1,3.025120000000001,CCn1nc(C)cc1C(=O)Oc1cccc(NC(=O)C(C)(C)C)c1,True,3.4152200000000015,0.39010000000000034,0.7407407407407407,False,True
1.0,bin,15,0.4522000253200531,0.39010000228881836,0.5143000483512878,1232922,CC(C)(C)OC(=O)NC1CCCN(S(=O)(=O)N2CCOCC2)C1,0.5525000000000011,CCCC(C)C(=O)C1CCCN(S(=O)(=O)N2CCOCC2)C1,True,1.2806999999999997,0.7281999999999986,0.4909090909090909,False,True
1.0,bin,15,0.4522000253200531,0.39010000228881836,0.5143000483512878,1238973,FC(F)(F)c1cnc(N2CCn3c(nnc3C3CC3)C2)c(Cl)c1,3.2429000000000023,C=NC(=C(C=CC(C)C)C(F)(F)F)N1CCn2c(nnc2C2CC2)C1,True,3.6578000000000017,0.4148999999999994,0.34782608695652173,False,True
1.0,bin,15,0.4522000253200531,0.39010000228881836,0.5143000483512878,1299495,Cc1cc(CC(=O)N2CCCC2C(C#N)c2ccccc2)no1,2.823900000000001,CC(C)c1cc(CC(=O)N2CCCC2C(C#N)c2ccccc2)no1,True,3.638880000000003,0.814980000000002,0.8070175438596491,False,True
1.0,bin,15,0.4522000253200531,0.39010000228881836,0.5143000483512878,1309906,CC(C)CC(NC(=O)c1cc(=O)c2ccccc2o1)C(=O)OC(C)C,2.8891000000000018,CCCCCN(C)C(=O)c1cc(=O)c2ccccc2o1,True,3.055200000000002,0.16610000000000014,0.4166666666666667,False,True
1.0,bin,15,0.4522000253200531,0.39010000228881836,0.5143000483512878,1362816,COCc1cccc(C(=O)NC2CC2c2cccc(Cl)c2)c1,3.772300000000002,O=C(NC1CC1c1ccccc1)c1cc(Cl)cc(Cl)c1,True,4.279300000000003,0.5070000000000006,0.5094339622641509,False,True
1.0,bin,15,0.4522000253200531,0.39010000228881836,0.5143000483512878,1441838,COCC(=O)NC(C(=O)Nc1cccc(-c2nccs2)c1)C(C)C,2.5358,CCN(CC)C(=O)CCC(=O)Nc1cccc(-c2nccs2)c1,True,3.3972000000000016,0.8614000000000015,0.515625,False,False
1.0,bin,15,0.4522000253200531,0.39010000228881836,0.5143000483512878,1450449,CCCNC(=O)CSc1nc2c(cc1C#N)CCCC2,2.450380000000001,CCc1cnc(SCC(=O)NCCC(C)C)c(C#N)c1,True,2.770080000000001,0.3197000000000001,0.4603174603174603,False,True
1.0,bin,15,0.4522000253200531,0.39010000228881836,0.5143000483512878,1451910,O=S(=O)(NCc1nnc2ccccn12)c1ccc(F)c(F)c1,1.4859999999999995,CSc1ccc(S(=O)(=O)NCc2nnc3ccccn23)cc1,True,1.9297,0.4437000000000004,0.6470588235294118,False,True
1.0,bin,15,0.4522000253200531,0.39010000228881836,0.5143000483512878,1479798,Cc1nc(C)c(CCC(=O)N(CC(C)C)CC(F)(F)F)c(=O)[nH]1,2.3662400000000003,CCCCN(CC(C)C)C(=O)CCc1c(C)nc(C)[nH]c1=O,True,2.6040400000000004,0.2378,0.6923076923076923,False,True
1.0,bin,15,0.4522000253200531,0.39010000228881836,0.5143000483512878,1507926,COC(=O)C(C)NC(=O)Cc1csc(-c2ccccc2Cl)n1,2.6837,C=CCNC(=O)Cc1csc(-c2ccccc2Cl)n1,True,3.308200000000001,0.6245000000000012,0.5818181818181818,False,True
1.0,bin,15,0.4522000253200531,0.39010000228881836,0.5143000483512878,1527882,Nc1ncccc1C(=O)Nc1ccc2cn[nH]c2c1,1.7923999999999998,CCOC(=O)C(C)Nc1ncccc1C(=O)Nc1ccc2cn[nH]c2c1,True,2.5736999999999997,0.7812999999999999,0.5901639344262295,False,True
1.0,bin,15,0.4522000253200531,0.39010000228881836,0.5143000483512878,1532848,COc1ccc(-c2ccc3c(=O)[nH]cnc3c2)cc1Cl,3.2521000000000013,O=CNC=Nc1cccc(-c2ccccc2Br)c1,True,3.5219000000000023,0.26980000000000093,0.08955223880597014,False,True
1.0,bin,15,0.4522000253200531,0.39010000228881836,0.5143000483512878,1548351,COc1cc(OC)c2c(c1)C(c1cnccn1)NCC2,1.7288999999999999,Cc1ccc2c(c1C)CCNC2c1cnccn1,True,2.3285400000000003,0.5996400000000004,0.5294117647058824,False,True
1.0,bin,15,0.4522000253200531,0.39010000228881836,0.5143000483512878,1570134,COc1cccc(C(C)N2CCN(C(=O)c3ccc(O)cc3)CC2)c1,2.9198000000000013,CC1CN(C)CCN1C(=O)C1=CC=CC(C)(c2ccccc2)C1N,True,1.9303000000000001,-0.9895000000000012,0.15384615384615385,False,True
1.0,bin,15,0.4522000253200531,0.39010000228881836,0.5143000483512878,1611406,CC(C)(C)N1CC(NC(=O)C2COc3ccc(F)cc3C2)CC1=O,1.8923999999999994,CCCCN1CC(NC(=O)C2COc3ccc(F)cc3C2)CC1=O,True,1.8939999999999997,0.0016000000000002679,0.6774193548387096,False,True
1.0,bin,15,0.4522000253200531,0.39010000228881836,0.5143000483512878,1612684,CCCC1CN(C(=O)Nc2ccn(CCC(C)C)n2)CCO1,2.9620000000000015,CC1CCCN(C(=O)N2CC=C(SC(C)(C)C)N2)CO1,True,2.7581000000000007,-0.20390000000000086,0.15853658536585366,False,True
1.0,bin,15,0.4522000253200531,0.39010000228881836,0.5143000483512878,1639675,CCC(CC)c1nnc(NC(=O)c2scnc2C2CC2)s1,4.0279000000000025,CC(C)CCCc1nnc(NC(=O)c2scnc2C2CC2)s1,True,4.103000000000003,0.07510000000000083,0.6428571428571429,False,True
1.0,bin,15,0.4522000253200531,0.39010000228881836,0.5143000483512878,1675660,COc1ccnc(NC(=O)c2cccc(Cl)c2)c1,2.9959000000000007,O=C(Nc1cccc(F)n1)c1cccc(C(F)(F)F)c1,True,3.4918000000000013,0.4959000000000007,0.3392857142857143,False,True
1.0,bin,15,0.4522000253200531,0.39010000228881836,0.5143000483512878,1689728,CCc1noc(CSc2ncnc3sc(C)cc23)n1,3.237420000000002,CC1=C(C)SCN=CN=C(SCC2=CCC=NO2)C1,True,3.8247000000000027,0.5872800000000007,0.16,False,True
1.0,bin,15,0.4522000253200531,0.39010000228881836,0.5143000483512878,1720876,CC(C)(C)CC(=O)NCC(=O)Nc1ccc2c(c1)COC2,2.2077,CC(NC(=O)CNCc1ccc2c(c1)COC2)C(C)(C)C,True,2.3571999999999997,0.14949999999999974,0.42105263157894735,False,True
1.0,bin,15,0.4522000253200531,0.39010000228881836,0.5143000483512878,1757109,CC(C)Cc1ncc(CNc2ccc3c(c2)COC3)s1,3.983900000000003,CC1OCc2cc(NCC(=CN=CC(C)(C)C)CS)ccc21,True,4.620300000000005,0.6364000000000019,0.21333333333333335,False,True
1.0,bin,15,0.4522000253200531,0.39010000228881836,0.5143000483512878,1774061,O=C1NCCCc2[nH]c(-c3cccc4[nH]ccc34)nc21,2.234,O=C1NCCCc2[nH]c(-c3ccc(OCC(F)F)cc3)nc21,True,2.3966000000000003,0.1626000000000003,0.4426229508196721,False,True
1.0,bin,15,0.4522000253200531,0.39010000228881836,0.5143000483512878,1800687,Cc1nn(C)c(-c2nc(-c3cccnn3)no2)c1Cl,1.8889199999999997,Cn1nc(C(F)(F)F)cc1-c1nc(-c2cccnn2)no1,True,1.9458999999999997,0.05698000000000003,0.5272727272727272,False,True
1.0,bin,15,0.4522000253200531,0.39010000228881836,0.5143000483512878,1815867,FC(F)(F)c1ccc(CN2CCOCC2c2ncon2)cc1,2.661900000000001,FC(=CC=CC(F)(F)F)CN1CCOCC1c1ncon1,True,2.4147999999999996,-0.24710000000000143,0.5423728813559322,False,True
1.0,bin,15,0.4522000253200531,0.39010000228881836,0.5143000483512878,1828580,Cc1ccc(N2CC3OCC(=O)N(Cc4cccc(F)c4)C3C2)nn1,1.54032,CC(C)c1ccc(N2CCOCC(=O)N(Cc3ccccc3)CC2)nn1,True,2.4654000000000007,0.9250800000000008,0.2948717948717949,False,True
1.0,bin,15,0.4522000253200531,0.39010000228881836,0.5143000483512878,1836183,CCc1ccc(C(=O)NCc2nccc(N(C)C)n2)cc1,2.035,CCN(CC)c1ccnc(CNC(=O)c2ccc(F)cc2)n1,True,2.3919000000000006,0.35690000000000044,0.62,False,True
1.0,bin,15,0.4522000253200531,0.39010000228881836,0.5143000483512878,1842499,COc1ccccc1COc1ccccc1-c1cnn(CCO)c1,3.1300000000000017,COC1=CC=COCC1COc1ccccc1-c1cnn(C)c1C,True,3.4647200000000025,0.3347200000000008,0.3142857142857143,False,True
1.0,bin,15,0.4522000253200531,0.39010000228881836,0.5143000483512878,1865564,COC(CNC(=O)c1ccoc1)c1cccc(F)c1,2.536200000000001,CCc1oc(O)cc1C(=O)NCC(Cc1ccccc1)OC,True,2.535100000000001,-0.001100000000000101,0.2898550724637681,False,True
1.0,bin,15,0.4522000253200531,0.39010000228881836,0.5143000483512878,1868773,CCCOc1ccc(Cl)c2c1CCNC2C1CC(=O)C1,3.2947000000000015,CCCCCOc1cccc2c1C1(CCC(=O)C1)NCC2,True,3.3496000000000024,0.05490000000000084,0.2753623188405797,False,True
1.0,bin,15,0.4522000253200531,0.39010000228881836,0.5143000483512878,1873123,CCC1OC(=O)c2c(OC)ccc(Br)c21,3.079200000000002,CCC1OC(=O)c2c(Br)cc(OC)cc21,True,3.079200000000002,0.0,0.5348837209302325,False,True
1.0,bin,15,0.4522000253200531,0.39010000228881836,0.5143000483512878,1875028,Cc1cccc(C)c1NCC(=O)N1CCCC2CCCCC21,3.8965400000000034,CCSc1ccccc1NCC(=O)N1CCCC2CCCCC21,True,4.391700000000004,0.49516000000000027,0.5961538461538461,False,True
1.0,bin,15,0.4522000253200531,0.39010000228881836,0.5143000483512878,1895921,CCC(CC)N(C)C(=O)CC1OC(=O)c2ccccc21,2.935200000000002,CC(CNC(=O)CC1OC(=O)c2ccccc21)C(C)(C)C,True,3.0866000000000016,0.15139999999999976,0.49056603773584906,False,True
1.0,bin,15,0.4522000253200531,0.39010000228881836,0.5143000483512878,1907077,Cc1ccc2[nH]nc(C(=O)Nc3nc(-c4ccco4)cs3)c2c1,3.8401200000000015,Cn1nc(C(=O)Nc2nc(-c3ccco3)cs2)c2cc(Cl)ccc21,True,4.195500000000002,0.35538000000000025,0.5294117647058824,False,True
1.0,bin,15,0.4522000253200531,0.39010000228881836,0.5143000483512878,1913063,Cc1nn(C)c(C)c1CN(C(=O)c1cn2cccc(C)c2n1)C1CC1,2.797860000000001,Cc1nn(CC(F)F)c(C)c1CN(C(=O)c1cn2ccccc2n1)C1CC1,True,3.2175400000000014,0.4196800000000005,0.5571428571428572,False,True
1.0,bin,15,0.4522000253200531,0.39010000228881836,0.5143000483512878,1922265,CN(CCNC(=O)c1ccc2c(c1)ncn2C)c1ccccc1,2.4395000000000007,CCC=CC=CCNCCNC(=O)c1ccc2c(c1)ncn2C,True,2.4151000000000007,-0.024399999999999977,0.5409836065573771,False,True
1.0,bin,16,0.5795501172542572,0.5143000483512878,0.6448001861572266,32052,COc1ccccc1CNC(=O)Cc1c[nH]c2ccccc12,3.035400000000001,CC(NC(=O)Cc1c[nH]c2ccccc12)c1ccccc1,True,3.5878000000000023,0.5524000000000013,0.5294117647058824,False,False
1.0,bin,16,0.5795501172542572,0.5143000483512878,0.6448001861572266,116747,COCCSc1ccccc1C(=O)Nc1cccc(C)n1,3.3808200000000017,CC(C)(CC=N)c1ccccc1C(=O)NC1C=CC=CC(=O)OC1,True,2.7714700000000017,-0.6093500000000001,0.19480519480519481,False,True
1.0,bin,16,0.5795501172542572,0.5143000483512878,0.6448001861572266,131060,CS(=O)(=O)NCCc1csc(-c2ccc(F)cc2)n1,2.0408999999999997,CC(=O)NCCc1csc(-c2ccc(F)cc2)n1,True,2.6278000000000006,0.5869000000000009,0.6521739130434783,False,False
1.0,bin,16,0.5795501172542572,0.5143000483512878,0.6448001861572266,131949,CCc1c(C)nc(SCC(=O)NC(C)C)[nH]c1=O,1.25742,CCC(C([NH])=O)=C(N=CSCC(=O)NC)C(C)(C)C,True,2.0135999999999994,0.7561799999999994,0.15151515151515152,False,True
1.0,bin,16,0.5795501172542572,0.5143000483512878,0.6448001861572266,158879,COc1ccc(CC(=O)OCC(=O)c2c[nH]c3ccccc23)cc1,3.145100000000001,CC(OC(=O)Cc1ccccc1)C(=O)c1c[nH]c2ccccc12,True,3.525000000000002,0.379900000000001,0.509090909090909,False,True
1.0,bin,16,0.5795501172542572,0.5143000483512878,0.6448001861572266,232056,COCCNC(=O)c1cc(=O)c2cc(C)ccc2o1,1.4776199999999993,C=CCNC(=O)c1cc(=O)c2cc(OCC)cc(OC)c2o1,True,2.1161000000000003,0.638480000000001,0.35384615384615387,False,True
1.0,bin,16,0.5795501172542572,0.5143000483512878,0.6448001861572266,235788,O=C(Cn1nc(-c2ccco2)oc1=O)NCC(F)(F)F,0.7747999999999999,CCC(=O)NC(=O)CN1COC(c2ccco2)=N1,True,0.28370000000000006,-0.49109999999999987,0.34375,False,True
1.0,bin,16,0.5795501172542572,0.5143000483512878,0.6448001861572266,236081,CC(=O)c1c(C)[nH]c(C(=O)CSc2nc(C(C)C)n[nH]2)c1C,3.0506400000000014,CC(=O)c1c(C)[nH]c(C(=O)CSc2nc(CC(C)C)n[nH]2)c1C,True,3.1257400000000013,0.07509999999999994,0.7254901960784313,False,True
1.0,bin,16,0.5795501172542572,0.5143000483512878,0.6448001861572266,281081,O=C(Cn1cccn1)NCc1cccnc1Oc1ccc(F)cc1F,2.665000000000001,CC(C(=O)NCc1cccnc1Oc1ccc(F)c(F)c1)n1cccn1,True,3.226000000000001,0.5609999999999999,0.49295774647887325,False,True
1.0,bin,16,0.5795501172542572,0.5143000483512878,0.6448001861572266,284170,COc1ccc(-c2nc(CC(=O)Nc3cccc(C)n3)cs2)cc1,3.7033200000000024,Cc1ccc(-c2nc(CC(=O)Nc3cc(Cl)ccn3)cs2)cc1,True,4.348120000000002,0.6448,0.5161290322580645,False,True
1.0,bin,16,0.5795501172542572,0.5143000483512878,0.6448001861572266,288369,Cc1ccc(NCc2nnc3n2CCCCC3)cc1C,3.2334400000000016,FC(F)(F)c1ccccc1NCc1nnc2n1CCCCC2,True,3.6354000000000015,0.4019599999999999,0.5185185185185185,False,True
1.0,bin,16,0.5795501172542572,0.5143000483512878,0.6448001861572266,302889,COc1ccc(OC)c(NC(=O)CCNC(=O)c2cccs2)c1,2.5239000000000003,Cc1cccc(C)c1NC(=O)CCNC(=O)c1cccs1,True,3.123540000000001,0.5996400000000008,0.5555555555555556,False,False
1.0,bin,16,0.5795501172542572,0.5143000483512878,0.6448001861572266,327141,COc1ccc(OC)c(S(=O)(=O)Nc2ccn(C)n2)c1,1.2381,COC=C1C=C(S(=O)(=O)Nc2cc[nH]n2)C=C1Cl,True,1.7018999999999997,0.46379999999999977,0.234375,False,True
1.0,bin,16,0.5795501172542572,0.5143000483512878,0.6448001861572266,327382,CNC(=O)C1CN(C(=O)c2c(C)noc2C)c2ccccc2O1,1.4452399999999996,Cc1noc(C)c1C(=O)N1CC(C)(O)N(C)COc2ccccc21,True,1.92844,0.4832000000000003,0.5245901639344263,False,True
1.0,bin,16,0.5795501172542572,0.5143000483512878,0.6448001861572266,406491,COCCNC(=O)C1CCCN(S(=O)(=O)N2CCOCC2)C1,-0.9619999999999964,CC(C)CNC(=O)C1CCN(S(=O)(=O)N2CCOCC2)CC1,True,0.04760000000000164,1.009599999999998,0.5,False,True
1.0,bin,16,0.5795501172542572,0.5143000483512878,0.6448001861572266,413951,O=C(Cn1ncn2cccc2c1=O)N1CCCCCC1,0.8985999999999996,O=C(Cn1ncn2cccc2c1=O)N1CCCCC(C(F)(F)F)C1,True,1.6869999999999998,0.7884000000000002,0.6981132075471698,False,True
1.0,bin,16,0.5795501172542572,0.5143000483512878,0.6448001861572266,427929,CCNc1nc(NCc2ccccc2Cl)c2cnn(C)c2n1,3.060600000000001,Cc1nc(NCc2ccccc2)c2cnn(CC(C)C)c2n1,True,3.402820000000002,0.3422200000000011,0.34375,False,True
1.0,bin,16,0.5795501172542572,0.5143000483512878,0.6448001861572266,447130,CCC(NC(=O)C1CCN(C(=O)C2CC2)CC1)c1ccc(C)cc1,3.2109200000000016,C=CC(=CC=CC)C(NC(=O)C1CCN(C(=O)C2CC2)CC1)C(C)C,True,3.4643000000000024,0.2533800000000008,0.39344262295081966,False,True
1.0,bin,16,0.5795501172542572,0.5143000483512878,0.6448001861572266,481908,CCNS(=O)(=O)c1ccc(C)c(C(=O)Nc2ncccc2C)c1,2.24894,Cc1cc(C)c(C(=O)Nc2ccc(C#N)cn2)c(C)c1,True,3.130840000000001,0.8819000000000008,0.22727272727272727,False,False
1.0,bin,16,0.5795501172542572,0.5143000483512878,0.6448001861572266,485220,Cc1nn(CC(=O)N2CCN(C)CC2)c(C)c1Br,1.03644,CCN1CCN(C(=O)Cn2cc(Cl)c(C(C)C)n2)CC1,True,1.8239999999999996,0.7875599999999996,0.2982456140350877,False,True
1.0,bin,16,0.5795501172542572,0.5143000483512878,0.6448001861572266,526363,Cc1nnc(SCC(=O)Nc2ccc(O)cc2)n(N)c1=O,0.09692,Cc1ccccc1NC(=O)CSc1nnc(C)c(=O)n1N,True,0.6997400000000003,0.6028200000000002,0.68,False,False
1.0,bin,16,0.5795501172542572,0.5143000483512878,0.6448001861572266,536853,COc1ccc(C2CCCN2C(=O)C2CCC2)c(OC)c1,3.1674000000000015,O=C(C1CCC1)N1CCCC1c1cccc(C(F)(F)F)c1,True,4.169000000000003,1.0016000000000016,0.4727272727272727,False,True
1.0,bin,16,0.5795501172542572,0.5143000483512878,0.6448001861572266,540312,Cc1nn(C)c2nc(C3CC3)cc(C(=O)NCC(=O)NC(C)(C)C)c12,1.7986199999999997,CCCCNC(=O)c1cc(C2CC2)nc2c1c(C)nn2C,True,2.684020000000001,0.8854000000000015,0.6724137931034483,False,False
1.0,bin,16,0.5795501172542572,0.5143000483512878,0.6448001861572266,544381,Cc1nc(N2CCCC(C(=O)NC(C)C)C2)c2c(C)c(C)oc2n1,2.8890600000000006,Cc1nc(N2CCC(C#N)CC2)c2c(C)c(C(C)(C)C)oc2n1,True,3.8771200000000032,0.9880600000000026,0.36923076923076925,False,True
1.0,bin,16,0.5795501172542572,0.5143000483512878,0.6448001861572266,544382,CCCNC(=O)C1CCCN(c2nc(C)nc3oc(C)c(C)c23)C1,2.8906600000000013,CCC(=O)OCC1CCCN(c2nc(C)nc3oc(C)c(C)c23)C1,True,3.317660000000002,0.4270000000000005,0.6031746031746031,False,True
1.0,bin,16,0.5795501172542572,0.5143000483512878,0.6448001861572266,550049,Cc1ccc(C)c(OCC(=O)Nc2cccc(-n3cnnc3)c2)c1,2.9016400000000013,O=C(COc1ccc(Cl)c(Cl)c1)Nc1cccc(-n2cnnc2)c1,True,3.5916000000000015,0.6899600000000001,0.5964912280701754,False,True
1.0,bin,16,0.5795501172542572,0.5143000483512878,0.6448001861572266,573533,Cc1nn(-c2ncc(C(F)(F)F)cc2Cl)c(=O)o1,2.2011199999999995,CC(C)CC=NN(Cl)c1ccc(Cl)cn1,True,3.7271000000000027,1.5259800000000032,0.125,False,True
1.0,bin,16,0.5795501172542572,0.5143000483512878,0.6448001861572266,582555,O=C(NCC(O)c1ccccc1)c1ccc2c(=O)n3c(nc2c1)CCC3,1.8061000000000003,C=CCc1nc2cc(C(=O)NCCc3ccc(F)c(F)c3)ccc2c(=O)[nH]1,True,2.902300000000001,1.096200000000001,0.27710843373493976,False,True
1.0,bin,16,0.5795501172542572,0.5143000483512878,0.6448001861572266,588547,Cc1n[nH]c(C)c1NC(=O)CCc1ccc(Cl)cc1Cl,3.9046400000000023,CCCn1nc(C)c(NC(=O)CCc2ccc(Cl)cc2Cl)c1C,True,4.788040000000004,0.8834000000000017,0.6,False,True
1.0,bin,16,0.5795501172542572,0.5143000483512878,0.6448001861572266,607673,CCCN(CC1CC1)S(=O)(=O)c1ccccc1F,2.636400000000001,CCN(CC1CC1)S(=O)(=O)c1cc(Cl)cc(Cl)c1,True,3.4140000000000024,0.7776000000000014,0.3877551020408163,False,True
1.0,bin,16,0.5795501172542572,0.5143000483512878,0.6448001861572266,617681,Cc1cc(C(=O)Nc2nc(-c3ccncc3)cs2)nn1C(C)C,3.5432200000000016,Cc1cc(C(=O)Nc2nc(-c3ccncc3)c(C(C)C)s2)nn1C,True,3.622720000000002,0.07950000000000035,0.5161290322580645,False,True
1.0,bin,16,0.5795501172542572,0.5143000483512878,0.6448001861572266,650267,COc1ccc2oc(C(=O)NC3CCCCNC3=O)c(C)c2c1,2.14832,CC1=C(C(=O)NC2CCCCNC2)OOc2ccc(Cl)cc21,True,2.6533000000000007,0.5049800000000007,0.26582278481012656,False,True
1.0,bin,16,0.5795501172542572,0.5143000483512878,0.6448001861572266,668639,Cc1cc(NC(=O)c2ccccc2Cl)ncc1N,2.8779200000000005,Cc1cc(Br)c(NC(=O)c2ccc(N)cc2)nc1C,True,3.29544,0.41751999999999967,0.2982456140350877,False,True
1.0,bin,16,0.5795501172542572,0.5143000483512878,0.6448001861572266,673160,CCC(=O)Nc1ccc2oc(C(F)(F)F)cc(=O)c2c1,3.160300000000001,CC(=O)N1C=CC2=COC(C(F)(F)F)=C(Cl)C2=C1,True,3.172900000000002,0.012600000000000833,0.16417910447761194,False,True
1.0,bin,16,0.5795501172542572,0.5143000483512878,0.6448001861572266,711169,Cc1cccc(C(C)C)c1NC(=O)N(C)Cc1ccncc1,4.177320000000003,Cc1cc(SC(C)C)ccc1NC(=O)N(C)C(C)c1ccncc1,True,5.115420000000005,0.9381000000000022,0.3230769230769231,False,True
1.0,bin,16,0.5795501172542572,0.5143000483512878,0.6448001861572266,720969,Cc1noc(C)c1CCC(=O)OCC(=O)N1c2ccccc2CC1C,2.7450400000000013,Cc1noc(C)c1CC(C)C(=O)OCC(=O)N1c2ccccc2CC1C,True,2.9910400000000017,0.24600000000000044,0.7213114754098361,False,True
1.0,bin,16,0.5795501172542572,0.5143000483512878,0.6448001861572266,730789,COC(=O)C1CCN(C(=O)c2cc3ccc(F)cc3nc2C)CC1,2.7075200000000006,COC1CCN(C(=O)c2cc3ccc(C)cc3nc2C)CC1,True,3.102640000000002,0.39512000000000125,0.6,False,True
1.0,bin,16,0.5795501172542572,0.5143000483512878,0.6448001861572266,738178,Cc1ccc(-n2ccnc2SCc2nc(C3CC3)no2)cc1C,4.041840000000003,Cc1ccccc1-n1ccnc1SCc1nc(C2CC2)no1,True,3.7334200000000024,-0.3084200000000008,0.7090909090909091,False,True
1.0,bin,16,0.5795501172542572,0.5143000483512878,0.6448001861572266,771897,COc1ccccc1OCC(=O)N(C)Cc1sccc1C,3.102520000000002,Cc1ccsc1CN(C)C(=O)COc1cccc(Br)c1,True,3.8564200000000026,0.7539000000000007,0.6037735849056604,False,True
1.0,bin,16,0.5795501172542572,0.5143000483512878,0.6448001861572266,811446,COC(=O)C1(NC(=O)c2cc(Br)c[nH]2)CCCCCC1,2.7730000000000006,COC(=O)C1(NC(=O)c2cccn2C)CCCCC1,True,1.6307999999999994,-1.1422000000000012,0.47058823529411764,False,False
1.0,bin,16,0.5795501172542572,0.5143000483512878,0.6448001861572266,848291,CCC(C)NC(=O)NCc1noc(-c2cccs2)n1,2.3958000000000004,CCCCC(C)C(=O)NCc1noc(-c2cccs2)n1,True,3.2406000000000015,0.8448000000000011,0.6491228070175439,False,True
1.0,bin,16,0.5795501172542572,0.5143000483512878,0.6448001861572266,863440,COc1ccc(-c2nc(CCCO)cs2)cc1OC,2.752200000000001,CC1=CC(C)=C(C2=NC(CCCO)=C[SH]2C)C1,True,3.3099000000000025,0.5577000000000014,0.20967741935483872,False,True
1.0,bin,16,0.5795501172542572,0.5143000483512878,0.6448001861572266,864663,N#Cc1ccc(-c2cc(F)ccc2F)nc1N1CCCC1,3.498680000000002,N#Cc1ccc(N2CCCC2)nc1-c1cccc(C(F)(F)F)c1,True,4.239280000000003,0.7406000000000006,0.35,False,True
1.0,bin,16,0.5795501172542572,0.5143000483512878,0.6448001861572266,872100,CCc1cccc(C)c1NCC(O)c1ccc2c(c1)OCCO2,3.474120000000002,Cc1cccc(C)c1NCC(C#N)c1cc(Cl)c2c(c1)OCCO2,True,4.447320000000003,0.9732000000000012,0.42857142857142855,False,True
1.0,bin,16,0.5795501172542572,0.5143000483512878,0.6448001861572266,886334,COc1ccc(C(=O)N2CCCC(C(=O)N3CCCCC3)C2)c(O)c1,2.2655000000000003,O=C(c1ccc(F)cc1)N1CCCC(C(=O)N2CCCCC2)C1,True,2.6904000000000012,0.42490000000000094,0.5,False,False
1.0,bin,16,0.5795501172542572,0.5143000483512878,0.6448001861572266,887387,COCCNC(=O)N(Cc1cccc(F)c1)CC1CCCO1,2.1627,CCCNC(=O)N(Cc1ccccc1)CC1CCCO1,True,2.7872000000000012,0.6245000000000012,0.6271186440677966,False,False
1.0,bin,16,0.5795501172542572,0.5143000483512878,0.6448001861572266,889149,N#Cc1ccc(NC(=O)c2ccc(Br)cc2Cl)nc1,3.621480000000001,COC(=O)C=CC=C(C)NC(=O)c1cc(Cl)c(Cl)cc1Cl,True,4.0096000000000025,0.3881200000000016,0.203125,False,True
1.0,bin,16,0.5795501172542572,0.5143000483512878,0.6448001861572266,913483,O=C(CNC(=O)NCCc1c(Cl)cccc1Cl)NC1CC1,2.1137000000000006,CC(C)(C)C1=CC=CC(Cl)=CCC2CC2NC(=O)CNC(=O)NC1,True,2.8454000000000006,0.7317,0.09210526315789473,False,True
1.0,bin,16,0.5795501172542572,0.5143000483512878,0.6448001861572266,917620,C=CCN(Cc1ccccc1OC)C(=O)c1csc(C)n1,3.288520000000002,C=CCN(Cc1ccc(OC)cc1)C(=O)c1csc(C)n1,True,3.288520000000002,0.0,0.6666666666666666,False,True
1.0,bin,16,0.5795501172542572,0.5143000483512878,0.6448001861572266,918312,CCOc1ccc(Cl)c(C(=O)N2CCN(c3ncccn3)CC2)n1,1.8860999999999997,CC(C)(C)c1ccc(C(=O)N2CCN(c3ncccn3)CC2)nc1,True,2.1315,0.24540000000000028,0.43103448275862066,False,True
1.0,bin,16,0.5795501172542572,0.5143000483512878,0.6448001861572266,922879,CC(=O)c1ccc(N2CCN(Cc3c(F)cccc3F)CC2)cc1,3.489600000000003,CSc1ccc(N2CCN(Cc3c(F)cccc3F)CC2)cc1,True,4.008900000000003,0.5193000000000003,0.6363636363636364,False,True
1.0,bin,16,0.5795501172542572,0.5143000483512878,0.6448001861572266,927535,COc1cc(CN2CCN(c3ccccc3F)CC2)ccc1O,2.862100000000002,Fc1cccc(CN2CCN(c3ccccc3)CC2)c1,True,3.1479000000000017,0.2857999999999996,0.39622641509433965,False,False
1.0,bin,16,0.5795501172542572,0.5143000483512878,0.6448001861572266,927567,Cc1ccccc1N1CCN(Cc2cccc(O)c2)CC1,3.022820000000001,Cc1ccccc1N1CCN(Cc2ccc(F)c(F)c2)CC1,True,3.5954200000000025,0.5726000000000013,0.6363636363636364,False,True
1.0,bin,16,0.5795501172542572,0.5143000483512878,0.6448001861572266,938108,CC(c1ccccc1)N(C)C(=O)CCC(=O)Nc1nccs1,3.0814000000000012,Cc1cnc(NC(=O)CCC(=O)N(C)C(C)c2ccccc2)s1,True,3.389820000000002,0.3084200000000008,0.6792452830188679,False,True
1.0,bin,16,0.5795501172542572,0.5143000483512878,0.6448001861572266,943303,CN(CCCOc1ccccc1)C(=O)Nc1cccc2c1OCCO2,3.390600000000002,O=C(NCCCOc1ccc(Cl)cc1)Nc1cccc2c1OCCO2,True,3.701800000000002,0.31120000000000037,0.5409836065573771,False,True
1.0,bin,16,0.5795501172542572,0.5143000483512878,0.6448001861572266,946289,CC(NC(=O)C1(c2cc(-c3ccco3)on2)CC1)c1ccccc1,3.843600000000002,O=C(NCc1ccc(Cl)cc1)C1(c2cc(-c3ccco3)on2)CC1,True,3.9360000000000026,0.09240000000000048,0.576271186440678,False,False
1.0,bin,16,0.5795501172542572,0.5143000483512878,0.6448001861572266,994077,Cc1nnc(Cn2c(-c3cccc(Br)c3)noc2=O)o1,2.0055199999999997,CC(C)c1nnc(Cn2c(-c3ccc(Br)cc3)noc2=O)o1,True,2.820500000000001,0.8149800000000011,0.5636363636363636,False,True
1.0,bin,16,0.5795501172542572,0.5143000483512878,0.6448001861572266,1065620,O=C(NCc1cccnc1Oc1ccccc1)c1cccnc1,3.198900000000002,O=C(NCc1cccnc1Oc1cccc(Cl)c1)c1cccnc1,True,3.8523000000000023,0.6534000000000004,0.7647058823529411,False,True
1.0,bin,16,0.5795501172542572,0.5143000483512878,0.6448001861572266,1093926,CN(C(=O)CNc1cccc(OCC2CCCO2)c1)c1ccccc1,3.319300000000002,CC(Nc1ccccc1)C(=O)Nc1cccc(OCC2CCCO2)c1,True,3.683500000000002,0.3642000000000003,0.59375,False,True
1.0,bin,16,0.5795501172542572,0.5143000483512878,0.6448001861572266,1107920,CCc1ccc(-n2cc(C(=O)NC(C)c3ccccc3)nn2)cc1,3.320700000000002,CC(C)C(NC(=O)c1cn(C)nn1)c1ccc(-c2ccccc2)cc1,True,3.609200000000002,0.2885,0.423728813559322,False,True
1.0,bin,16,0.5795501172542572,0.5143000483512878,0.6448001861572266,1113130,CC(NC(=O)Cn1nnnc1C(C)(C)C)c1cccc2ccccc12,3.0012000000000016,CC(C)C(C)NC(=O)C(C)n1nnnc1-c1cccc2ccccc12,True,3.2150000000000016,0.2138,0.40625,False,True
1.0,bin,16,0.5795501172542572,0.5143000483512878,0.6448001861572266,1121751,COC(=O)Cn1ccc(NS(=O)(=O)c2ccc(F)c(F)c2F)n1,1.2742,CCOC(=O)Cn1ccc(NS(=O)(=O)c2ccc(Cl)cc2)n1,True,1.9004,0.6262000000000001,0.5172413793103449,False,True
1.0,bin,16,0.5795501172542572,0.5143000483512878,0.6448001861572266,1142531,CCOC(C)C(=O)NCCc1csc(-c2ccc(C)cc2)n1,3.2022200000000014,C=CCCC(=O)NCCc1csc(-c2ccc(F)cc2)n1,True,3.5741000000000023,0.3718800000000009,0.4444444444444444,False,True
1.0,bin,16,0.5795501172542572,0.5143000483512878,0.6448001861572266,1212157,CN(Cc1ccc(F)c(F)c1)C(=O)c1cncc(-c2cnn(C)c2)c1,3.0325000000000015,CN(Cc1ccc(F)c(Cl)c1)C(=O)c1cncc(-c2cnn(C)c2)c1,True,3.546800000000002,0.5143000000000004,0.8333333333333334,False,True
1.0,bin,16,0.5795501172542572,0.5143000483512878,0.6448001861572266,1215394,CCn1nc(C)cc1C(=O)Oc1cccc(NC(=O)C(C)C)c1,3.025120000000001,CCn1nc(C)c(Cl)c1C(=O)Oc1ccc(N(C)C(C)=O)cc1,True,3.066720000000002,0.04160000000000075,0.3,False,True
1.0,bin,16,0.5795501172542572,0.5143000483512878,0.6448001861572266,1232922,CC(C)(C)OC(=O)NC1CCCN(S(=O)(=O)N2CCOCC2)C1,0.5525000000000011,CCCCC(=O)NC1CCCN(S(=O)(=O)N2CCOCC2)C1,True,0.3342000000000014,-0.21829999999999972,0.6037735849056604,False,True
1.0,bin,16,0.5795501172542572,0.5143000483512878,0.6448001861572266,1238973,FC(F)(F)c1cnc(N2CCn3c(nnc3C3CC3)C2)c(Cl)c1,3.2429000000000023,FC(F)(F)c1cnc(N2CCn3c(nnc3C3CC3)C2)c(Cl)c1,True,3.2429000000000023,0.0,1.0,True,False
1.0,bin,16,0.5795501172542572,0.5143000483512878,0.6448001861572266,1299495,Cc1cc(CC(=O)N2CCCC2C(C#N)c2ccccc2)no1,2.823900000000001,CC1=CC(CC(=O)N2CCCC2C(C)c2ccccc2C=N)O1,True,3.471470000000002,0.6475700000000009,0.35135135135135137,False,True
1.0,bin,16,0.5795501172542572,0.5143000483512878,0.6448001861572266,1309906,CC(C)CC(NC(=O)c1cc(=O)c2ccccc2o1)C(=O)OC(C)C,2.8891000000000018,CCCN(CC(F)(F)F)C(=O)c1cc(=O)c2ccccc2o1,True,3.2075000000000022,0.31840000000000046,0.3968253968253968,False,True
1.0,bin,16,0.5795501172542572,0.5143000483512878,0.6448001861572266,1362816,COCc1cccc(C(=O)NC2CC2c2cccc(Cl)c2)c1,3.772300000000002,O=C(NC1CC1c1cccc(Cl)c1)c1cc(Cl)ccc1F,True,4.418400000000002,0.6460999999999997,0.5454545454545454,False,True
1.0,bin,16,0.5795501172542572,0.5143000483512878,0.6448001861572266,1441838,COCC(=O)NC(C(=O)Nc1cccc(-c2nccs2)c1)C(C)C,2.5358,CC(C)C(C#N)NC(=O)Nc1cccc(-c2nccs2)c1,True,3.4797800000000016,0.9439800000000016,0.5555555555555556,False,True
1.0,bin,16,0.5795501172542572,0.5143000483512878,0.6448001861572266,1450449,CCCNC(=O)CSc1nc2c(cc1C#N)CCCC2,2.450380000000001,COC(SCC(=O)NC(C)C)c1nc2c(cc1C#N)CCCC2,True,2.7348800000000013,0.2845000000000004,0.47692307692307695,False,True
1.0,bin,16,0.5795501172542572,0.5143000483512878,0.6448001861572266,1451910,O=S(=O)(NCc1nnc2ccccn12)c1ccc(F)c(F)c1,1.4859999999999995,CCc1ccc(S(=O)(=O)NCc2nnc3cc(C)ccn23)cc1,True,2.07862,0.5926200000000004,0.49122807017543857,False,True
1.0,bin,16,0.5795501172542572,0.5143000483512878,0.6448001861572266,1479798,Cc1nc(C)c(CCC(=O)N(CC(C)C)CC(F)(F)F)c(=O)[nH]1,2.3662400000000003,CCCCN(CC(C)C)C(=O)CCC1=C(C)N=C(C)NC(=O)C1,True,3.263600000000001,0.8973600000000008,0.34328358208955223,False,True
1.0,bin,16,0.5795501172542572,0.5143000483512878,0.6448001861572266,1507926,COC(=O)C(C)NC(=O)Cc1csc(-c2ccccc2Cl)n1,2.6837,CCC(CO)NC(=O)Cc1csc(-c2ccccc2Cl)n1,True,2.8931000000000004,0.20940000000000047,0.6666666666666666,False,True
1.0,bin,16,0.5795501172542572,0.5143000483512878,0.6448001861572266,1527882,Nc1ncccc1C(=O)Nc1ccc2cn[nH]c2c1,1.7923999999999998,Nc1ncccc1C(=O)NC=Cc1cc(Cl)c2[nH]ncc2c1,True,2.5942000000000007,0.801800000000001,0.4838709677419355,False,True
1.0,bin,16,0.5795501172542572,0.5143000483512878,0.6448001861572266,1532848,COc1ccc(-c2ccc3c(=O)[nH]cnc3c2)cc1Cl,3.2521000000000013,O=c1[nH]cnc2cc(-c3ccc(Cl)cc3Cl)ccc12,True,3.8969000000000014,0.6448,0.574468085106383,False,True
1.0,bin,16,0.5795501172542572,0.5143000483512878,0.6448001861572266,1548351,COc1cc(OC)c2c(c1)C(c1cnccn1)NCC2,1.7288999999999999,FC(F)Oc1ccc2c(c1)C(c1cnccn1)NCC2,True,2.3130999999999995,0.5841999999999996,0.5,False,True
1.0,bin,16,0.5795501172542572,0.5143000483512878,0.6448001861572266,1570134,COc1cccc(C(C)N2CCN(C(=O)c3ccc(O)cc3)CC2)c1,2.9198000000000013,C#CC(=CC=CNC(C)=O)C(=O)N1CCN(C(C)c2cccc(C)c2)CC1,True,2.4096200000000003,-0.510180000000001,0.352112676056338,False,True
1.0,bin,16,0.5795501172542572,0.5143000483512878,0.6448001861572266,1611406,CC(C)(C)N1CC(NC(=O)C2COc3ccc(F)cc3C2)CC1=O,1.8923999999999994,CC(C)(C)N1CC(NC(=O)C2COc3ccc(Cl)cc3C2)CC1=O,True,2.4067,0.5143000000000004,0.7857142857142857,False,True
1.0,bin,16,0.5795501172542572,0.5143000483512878,0.6448001861572266,1612684,CCCC1CN(C(=O)Nc2ccn(CCC(C)C)n2)CCO1,2.9620000000000015,CCCC1CN(C(=O)Nc2cc(C(C)C)n(CC(F)F)n2)CCO1,True,3.304400000000002,0.3424000000000005,0.5757575757575758,False,True
1.0,bin,16,0.5795501172542572,0.5143000483512878,0.6448001861572266,1639675,CCC(CC)c1nnc(NC(=O)c2scnc2C2CC2)s1,4.0279000000000025,O=C(NC1=NN=CCCCCC1)c1scnc1C1CC1CCS,True,3.6447000000000034,-0.3831999999999991,0.3150684931506849,False,True
1.0,bin,16,0.5795501172542572,0.5143000483512878,0.6448001861572266,1675660,COc1ccnc(NC(=O)c2cccc(Cl)c2)c1,2.9959000000000007,CC(C)Oc1ccnc(NC(=O)c2cccc(Cl)c2)c1,True,3.7745000000000024,0.7786000000000017,0.7777777777777778,False,True
1.0,bin,16,0.5795501172542572,0.5143000483512878,0.6448001861572266,1689728,CCc1noc(CSc2ncnc3sc(C)cc23)n1,3.237420000000002,CCc1noc(CSc2ncnc3sc(C)c(C)c23)n1,True,3.5458400000000028,0.3084200000000008,0.6538461538461539,False,True
1.0,bin,16,0.5795501172542572,0.5143000483512878,0.6448001861572266,1720876,CC(C)(C)CC(=O)NCC(=O)Nc1ccc2c(c1)COC2,2.2077,CCC1OCc2cc(NC(=O)CN(CC)CC(C)C#N)ccc21,True,3.0879800000000017,0.8802800000000017,0.29577464788732394,False,True
1.0,bin,16,0.5795501172542572,0.5143000483512878,0.6448001861572266,1757109,CC(C)Cc1ncc(CNc2ccc3c(c2)COC3)s1,3.983900000000003,CC1CC=NC=C(C(C)Nc2ccc3c(c2)COC3S)C1,True,4.330200000000004,0.34630000000000116,0.21621621621621623,False,True
1.0,bin,16,0.5795501172542572,0.5143000483512878,0.6448001861572266,1774061,O=C1NCCCc2[nH]c(-c3cccc4[nH]ccc34)nc21,2.234,CC(C)NC(=O)CN=C(CCCNC=O)c1cccc2[nH]ccc12,True,2.0077999999999996,-0.2262000000000004,0.21794871794871795,False,True
1.0,bin,16,0.5795501172542572,0.5143000483512878,0.6448001861572266,1800687,Cc1nn(C)c(-c2nc(-c3cccnn3)no2)c1Cl,1.8889199999999997,Cc1nn(C)c(C=NC(=NO)c2ccc(COC(C)C)nn2)c1Cl,True,2.35182,0.4629000000000003,0.22666666666666666,False,True
1.0,bin,16,0.5795501172542572,0.5143000483512878,0.6448001861572266,1815867,FC(F)(F)c1ccc(CN2CCOCC2c2ncon2)cc1,2.661900000000001,CC(C)c1nc(C2COCCN2Cc2ccc(F)c(Cl)c2)no1,True,3.559000000000003,0.8971000000000018,0.4393939393939394,False,True
1.0,bin,16,0.5795501172542572,0.5143000483512878,0.6448001861572266,1828580,Cc1ccc(N2CC3OCC(=O)N(Cc4cccc(F)c4)C3C2)nn1,1.54032,CC=CC=C1NC(C2CN(C(C)c3ccc(F)cc3)C(=O)CO2)C1N=N,True,2.945470000000001,1.4051500000000012,0.2247191011235955,False,True
1.0,bin,16,0.5795501172542572,0.5143000483512878,0.6448001861572266,1836183,CCc1ccc(C(=O)NCc2nccc(N(C)C)n2)cc1,2.035,CCC(CC)Nc1ccnc(CNC(=O)c2ccccc2)n1,True,3.007100000000001,0.9721000000000011,0.4727272727272727,False,True
1.0,bin,16,0.5795501172542572,0.5143000483512878,0.6448001861572266,1842499,COc1ccccc1COc1ccccc1-c1cnn(CCO)c1,3.1300000000000017,COc1cccc(OC)c1OCc1cnn(Cc2ccccc2F)c1,True,3.6667000000000023,0.5367000000000006,0.39344262295081966,False,True
1.0,bin,16,0.5795501172542572,0.5143000483512878,0.6448001861572266,1865564,COC(CNC(=O)c1ccoc1)c1cccc(F)c1,2.536200000000001,CCc1ccc(C(C)CNC(=O)c2ccoc2)cc1,True,3.3755000000000015,0.8393000000000006,0.4642857142857143,False,True
1.0,bin,16,0.5795501172542572,0.5143000483512878,0.6448001861572266,1868773,CCCOc1ccc(Cl)c2c1CCNC2C1CC(=O)C1,3.2947000000000015,CCCCCOc1cccc2c1C1(CCC(=O)C1)NCC2,True,3.3496000000000024,0.05490000000000084,0.2753623188405797,False,True
1.0,bin,16,0.5795501172542572,0.5143000483512878,0.6448001861572266,1873123,CCC1OC(=O)c2c(OC)ccc(Br)c21,3.079200000000002,CCC1OC(=O)c2cccc(OCC(F)(F)F)c21,True,3.2492000000000028,0.17000000000000082,0.40816326530612246,False,True
1.0,bin,16,0.5795501172542572,0.5143000483512878,0.6448001861572266,1875028,Cc1cccc(C)c1NCC(=O)N1CCCC2CCCCC21,3.8965400000000034,O=C(CNc1ccc(Cl)c(Cl)c1)N1CCCC2CCCCC21,True,4.586500000000004,0.6899600000000001,0.5686274509803921,False,True
1.0,bin,16,0.5795501172542572,0.5143000483512878,0.6448001861572266,1895921,CCC(CC)N(C)C(=O)CC1OC(=O)c2ccccc21,2.935200000000002,CN(CCC(F)(F)F)C(=O)CC1OC(=O)c2ccccc21,True,2.6990000000000007,-0.23620000000000108,0.58,False,True
1.0,bin,16,0.5795501172542572,0.5143000483512878,0.6448001861572266,1907077,Cc1ccc2[nH]nc(C(=O)Nc3nc(-c4ccco4)cs3)c2c1,3.8401200000000015,C=C1OC=CC(CC)NC(=O)c2n[nH]cccc(C)c3c2C=C[SH]13,True,3.7104200000000023,-0.12969999999999926,0.11578947368421053,False,True
1.0,bin,16,0.5795501172542572,0.5143000483512878,0.6448001861572266,1913063,Cc1nn(C)c(C)c1CN(C(=O)c1cn2cccc(C)c2n1)C1CC1,2.797860000000001,CC1=C(C)C2C(=C1)NC=C2C(=O)N1Cc2c(C)n[nH]c2CCC(N)C1,True,1.65742,-1.140440000000001,0.14130434782608695,False,True
1.0,bin,16,0.5795501172542572,0.5143000483512878,0.6448001861572266,1922265,CN(CCNC(=O)c1ccc2c(c1)ncn2C)c1ccccc1,2.4395000000000007,CC(C)(CNC(=O)c1ccc2c(c1)ncn2CN)c1ccccc1,True,2.660100000000001,0.22060000000000013,0.453125,False,True
1.0,bin,17,0.7375200986862183,0.6448001861572266,0.83024001121521,32052,COc1ccccc1CNC(=O)Cc1c[nH]c2ccccc12,3.035400000000001,COc1cccc2c(CC(=O)N(C)C(C)c3ccccc3F)c[nH]c12,True,4.077700000000003,1.0423000000000018,0.38461538461538464,False,True
1.0,bin,17,0.7375200986862183,0.6448001861572266,0.83024001121521,116747,COCCSc1ccccc1C(=O)Nc1cccc(C)n1,3.3808200000000017,CCSc1ccccc1C(=O)Nc1ccc(C(C)=O)cn1,True,3.648500000000002,0.26768000000000036,0.43103448275862066,False,True
1.0,bin,17,0.7375200986862183,0.6448001861572266,0.83024001121521,131060,CS(=O)(=O)NCCc1csc(-c2ccc(F)cc2)n1,2.0408999999999997,CCCS(=O)(=O)NCCc1csc(-c2ccc(C)cc2)n1,True,2.990420000000001,0.9495200000000015,0.5918367346938775,False,True
1.0,bin,17,0.7375200986862183,0.6448001861572266,0.83024001121521,131949,CCc1c(C)nc(SCC(=O)NC(C)C)[nH]c1=O,1.25742,CCC=C(C)N=C(CNC=O)SC(C)C(=O)OCC,True,2.1295,0.8720800000000002,0.1791044776119403,False,True
1.0,bin,17,0.7375200986862183,0.6448001861572266,0.83024001121521,158879,COc1ccc(CC(=O)OCC(=O)c2c[nH]c3ccccc23)cc1,3.145100000000001,O=C(Cc1ccc(F)cc1)OCC(=O)c1c[nH]c2cccc(Cl)c12,True,3.929000000000002,0.7839000000000009,0.5172413793103449,False,True
1.0,bin,17,0.7375200986862183,0.6448001861572266,0.83024001121521,232056,COCCNC(=O)c1cc(=O)c2cc(C)ccc2o1,1.4776199999999993,CCOCCCNC(=O)c1cc(=O)c2cc(F)ccc2o1,True,2.0885000000000002,0.610880000000001,0.5636363636363636,False,True
1.0,bin,17,0.7375200986862183,0.6448001861572266,0.83024001121521,235788,O=C(Cn1nc(-c2ccco2)oc1=O)NCC(F)(F)F,0.7747999999999999,CC(C)COC(=O)CCn1nc(-c2ccco2)oc1=O,True,1.6856,0.9108,0.47540983606557374,False,True
1.0,bin,17,0.7375200986862183,0.6448001861572266,0.83024001121521,236081,CC(=O)c1c(C)[nH]c(C(=O)CSc2nc(C(C)C)n[nH]2)c1C,3.0506400000000014,CC1=CC(=O)CC(C)(C(=O)CSc2nc(C(C)(C)C)n[nH]2)N1,True,1.9883,-1.0623400000000014,0.2676056338028169,False,True
1.0,bin,17,0.7375200986862183,0.6448001861572266,0.83024001121521,281081,O=C(Cn1cccn1)NCc1cccnc1Oc1ccc(F)cc1F,2.665000000000001,CC(C)c1cccc(Oc2ncccc2CNC(=O)Cn2cccn2)c1,True,3.510200000000001,0.8452000000000002,0.6307692307692307,False,True
1.0,bin,17,0.7375200986862183,0.6448001861572266,0.83024001121521,284170,COc1ccc(-c2nc(CC(=O)Nc3cccc(C)n3)cs2)cc1,3.7033200000000024,Cc1cccc(NC(=O)Cc2csc(-c3ccc(C(C)C)cc3)n2)n1,True,4.818120000000004,1.1148000000000016,0.7407407407407407,False,True
1.0,bin,17,0.7375200986862183,0.6448001861572266,0.83024001121521,288369,Cc1ccc(NCc2nnc3n2CCCCC3)cc1C,3.2334400000000016,FC(F)(F)Oc1ccc(NCc2nnc3n2CCCCC3)cc1Cl,True,4.168600000000002,0.9351600000000007,0.5892857142857143,False,True
1.0,bin,17,0.7375200986862183,0.6448001861572266,0.83024001121521,302889,COc1ccc(OC)c(NC(=O)CCNC(=O)c2cccs2)c1,2.5239000000000003,CCSc1ccccc1NC(=O)CCNC(=O)c1cccs1,True,3.6187000000000014,1.094800000000001,0.5517241379310345,False,True
1.0,bin,17,0.7375200986862183,0.6448001861572266,0.83024001121521,327141,COc1ccc(OC)c(S(=O)(=O)Nc2ccn(C)n2)c1,1.2381,Cn1ccc(NS(=O)(=O)c2ccc(Cl)c(F)c2F)n1,True,2.1525,0.9143999999999999,0.49019607843137253,False,True
1.0,bin,17,0.7375200986862183,0.6448001861572266,0.83024001121521,327382,CNC(=O)C1CN(C(=O)c2c(C)noc2C)c2ccccc2O1,1.4452399999999996,COCC1CN(C(=O)c2conc2C)Cc2ccccc2O1,True,2.03282,0.5875800000000004,0.2972972972972973,False,True
1.0,bin,17,0.7375200986862183,0.6448001861572266,0.83024001121521,406491,COCCNC(=O)C1CCCN(S(=O)(=O)N2CCOCC2)C1,-0.9619999999999964,CC(=O)NCC1CCN(S(=O)(=O)N2CCOCC2)CC1,True,-0.588499999999998,0.3734999999999984,0.4716981132075472,False,False
1.0,bin,17,0.7375200986862183,0.6448001861572266,0.83024001121521,413951,O=C(Cn1ncn2cccc2c1=O)N1CCCCCC1,0.8985999999999996,CCC1CCCCN1C(=O)Cn1ncn2cccc2c1=O,True,1.2871,0.3885000000000003,0.6415094339622641,False,True
1.0,bin,17,0.7375200986862183,0.6448001861572266,0.83024001121521,427929,CCNc1nc(NCc2ccccc2Cl)c2cnn(C)c2n1,3.060600000000001,CCCNC=NC(NCc1ccc(Cl)cc1)=C1C=NN(CC)C1=N,True,2.967670000000001,-0.09292999999999996,0.16049382716049382,False,True
1.0,bin,17,0.7375200986862183,0.6448001861572266,0.83024001121521,447130,CCC(NC(=O)C1CCN(C(=O)C2CC2)CC1)c1ccc(C)cc1,3.2109200000000016,CCc1ccc(C2CCCC3CN(CC(C)C)CCC3C(=O)N2)cc1,True,4.184300000000003,0.9733800000000015,0.17105263157894737,False,True
1.0,bin,17,0.7375200986862183,0.6448001861572266,0.83024001121521,481908,CCNS(=O)(=O)c1ccc(C)c(C(=O)Nc2ncccc2C)c1,2.24894,CC(=O)Nc1ccc(F)c(C(=O)Nc2ncccc2C)c1,True,2.739820000000001,0.49088000000000065,0.46551724137931033,False,False
1.0,bin,17,0.7375200986862183,0.6448001861572266,0.83024001121521,485220,Cc1nn(CC(=O)N2CCN(C)CC2)c(C)c1Br,1.03644,CCN1CCN(C(=O)Cn2nc(C)c(Br)c2C)CC1,True,1.42654,0.3900999999999999,0.75,False,False
1.0,bin,17,0.7375200986862183,0.6448001861572266,0.83024001121521,526363,Cc1nnc(SCC(=O)Nc2ccc(O)cc2)n(N)c1=O,0.09692,Cc1nnc(SCC(=O)Nc2cccc(F)c2)n(N)c1=O,True,0.5304200000000001,0.4335000000000001,0.6792452830188679,False,False
1.0,bin,17,0.7375200986862183,0.6448001861572266,0.83024001121521,536853,COc1ccc(C2CCCN2C(=O)C2CCC2)c(OC)c1,3.1674000000000015,O=C(C1CCC1)N1CCCC1c1ccc(OC(F)(F)F)cc1,True,4.0488000000000035,0.881400000000002,0.5094339622641509,False,True
1.0,bin,17,0.7375200986862183,0.6448001861572266,0.83024001121521,540312,Cc1nn(C)c2nc(C3CC3)cc(C(=O)NCC(=O)NC(C)(C)C)c12,1.7986199999999997,CN1C=NC2=CC(C(=O)OCC(F)(F)F)(CC=N1)C21CC1,True,2.1056,0.30698000000000025,0.17073170731707318,False,True
1.0,bin,17,0.7375200986862183,0.6448001861572266,0.83024001121521,544381,Cc1nc(N2CCCC(C(=O)NC(C)C)C2)c2c(C)c(C)oc2n1,2.8890600000000006,Cc1oc2ncnc(N3CCC(NC(C)(C)C)CC3)c2c1C,True,3.1965400000000015,0.30748000000000086,0.3333333333333333,False,True
1.0,bin,17,0.7375200986862183,0.6448001861572266,0.83024001121521,544382,CCCNC(=O)C1CCCN(c2nc(C)nc3oc(C)c(C)c23)C1,2.8906600000000013,CCC1CCCCN1C1C=c2c(C)c(C)oc2=NC(C)=N1,True,2.31914,-0.5715200000000014,0.21794871794871795,False,True
1.0,bin,17,0.7375200986862183,0.6448001861572266,0.83024001121521,550049,Cc1ccc(C)c(OCC(=O)Nc2cccc(-n3cnnc3)c2)c1,2.9016400000000013,Cc1ccc(OCC(=O)Nc2ccc(-n3cnnc3)c(C)c2)c(Cl)c1,True,3.5550400000000018,0.6534000000000004,0.5932203389830508,False,True
1.0,bin,17,0.7375200986862183,0.6448001861572266,0.83024001121521,573533,Cc1nn(-c2ncc(C(F)(F)F)cc2Cl)c(=O)o1,2.2011199999999995,CC=NN(F)c1ncc(C(F)(F)F)cc1CF,True,3.2665000000000015,1.065380000000002,0.2542372881355932,False,True
1.0,bin,17,0.7375200986862183,0.6448001861572266,0.83024001121521,582555,O=C(NCC(O)c1ccccc1)c1ccc2c(=O)n3c(nc2c1)CCC3,1.8061000000000003,O=C1CC=c2c(nc3n(c2=O)CCC3)=CCc2cc(F)ccc2CCN1,True,0.19469999999999993,-1.6114000000000004,0.25925925925925924,False,True
1.0,bin,17,0.7375200986862183,0.6448001861572266,0.83024001121521,588547,Cc1n[nH]c(C)c1NC(=O)CCc1ccc(Cl)cc1Cl,3.9046400000000023,Cc1n[nH]c(C)c1NC(=O)CC(C)c1ccc(Cl)cc1Cl,True,4.465640000000003,0.5610000000000008,0.6226415094339622,False,True
1.0,bin,17,0.7375200986862183,0.6448001861572266,0.83024001121521,607673,CCCN(CC1CC1)S(=O)(=O)c1ccccc1F,2.636400000000001,CCCCN(CC1CC1)S(=O)(=O)c1ccc(C)cc1,True,3.195820000000002,0.5594200000000011,0.4791666666666667,False,True
1.0,bin,17,0.7375200986862183,0.6448001861572266,0.83024001121521,617681,Cc1cc(C(=O)Nc2nc(-c3ccncc3)cs2)nn1C(C)C,3.5432200000000016,CC(C)n1cc(Cl)c(C(=O)Nc2nc(-c3ccncc3)cs2)n1,True,3.888200000000002,0.3449800000000005,0.603448275862069,False,True
1.0,bin,17,0.7375200986862183,0.6448001861572266,0.83024001121521,650267,COc1ccc2oc(C(=O)NC3CCCCNC3=O)c(C)c2c1,2.14832,CC1C=C(C(=O)NC2CCCCNC2=O)c2c(F)cccc2C1,True,2.1862000000000004,0.03788000000000036,0.3835616438356164,False,True
1.0,bin,17,0.7375200986862183,0.6448001861572266,0.83024001121521,668639,Cc1cc(NC(=O)c2ccccc2Cl)ncc1N,2.8779200000000005,Cc1cc(NC(=O)c2ccccc2Cl)ncc1N,True,2.8779200000000005,0.0,1.0,True,False
1.0,bin,17,0.7375200986862183,0.6448001861572266,0.83024001121521,673160,CCC(=O)Nc1ccc2oc(C(F)(F)F)cc(=O)c2c1,3.160300000000001,C=CCCC(=O)Nc1ccc2oc(C(F)(F)F)cc(=O)c2c1,True,3.7165000000000026,0.5562000000000014,0.7,False,True
1.0,bin,17,0.7375200986862183,0.6448001861572266,0.83024001121521,711169,Cc1cccc(C(C)C)c1NC(=O)N(C)Cc1ccncc1,4.177320000000003,Cc1ccc(F)cc1NC(=O)N(Cc1ccncc1)C(C)(C)C,True,4.361720000000003,0.18440000000000012,0.3709677419354839,False,True
1.0,bin,17,0.7375200986862183,0.6448001861572266,0.83024001121521,720969,Cc1noc(C)c1CCC(=O)OCC(=O)N1c2ccccc2CC1C,2.7450400000000013,Cc1noc(C)c1CCC(=O)OC(C)C(=O)N1c2ccccc2CC1C,True,3.1335400000000018,0.3885000000000005,0.7096774193548387,False,True
1.0,bin,17,0.7375200986862183,0.6448001861572266,0.83024001121521,730789,COC(=O)C1CCN(C(=O)c2cc3ccc(F)cc3nc2C)CC1,2.7075200000000006,Cc1nc2ccc(F)cc2cc1C(=O)N1CCCCC1,True,3.3084200000000017,0.6009000000000011,0.5555555555555556,False,False
1.0,bin,17,0.7375200986862183,0.6448001861572266,0.83024001121521,738178,Cc1ccc(-n2ccnc2SCc2nc(C3CC3)no2)cc1C,4.041840000000003,Clc1ccc(-n2ccnc2SCc2nc(C3CC3)no2)cc1Cl,True,4.731800000000002,0.6899599999999984,0.7592592592592593,False,True
1.0,bin,17,0.7375200986862183,0.6448001861572266,0.83024001121521,771897,COc1ccccc1OCC(=O)N(C)Cc1sccc1C,3.102520000000002,CC=CC1=CC=C(OCC(=O)N(C)Cc2cccs2)CC(OC)=C1,True,4.043500000000003,0.9409800000000015,0.36231884057971014,False,True
1.0,bin,17,0.7375200986862183,0.6448001861572266,0.83024001121521,811446,COC(=O)C1(NC(=O)c2cc(Br)c[nH]2)CCCCCC1,2.7730000000000006,CCC1(C#N)CCCCC1NC(=O)c1cc(Br)c[nH]1,True,3.369580000000001,0.5965800000000003,0.4406779661016949,False,True
1.0,bin,17,0.7375200986862183,0.6448001861572266,0.83024001121521,848291,CCC(C)NC(=O)NCc1noc(-c2cccs2)n1,2.3958000000000004,CC(C)CCC(C)NC(=O)NCc1noc(-c2cccs2)n1,True,3.4220000000000015,1.0262000000000011,0.8076923076923077,False,True
1.0,bin,17,0.7375200986862183,0.6448001861572266,0.83024001121521,863440,COc1ccc(-c2nc(CCCO)cs2)cc1OC,2.752200000000001,CCOc1ccc(-c2nc(CCO)cs2)cc1Cl,True,3.397000000000002,0.6448000000000009,0.5490196078431373,False,True
1.0,bin,17,0.7375200986862183,0.6448001861572266,0.83024001121521,864663,N#Cc1ccc(-c2cc(F)ccc2F)nc1N1CCCC1,3.498680000000002,N#Cc1cc(-c2ccc(F)cc2Cl)nc(N2CCCC2)c1Cl,True,4.666380000000002,1.1677,0.5686274509803921,False,True
1.0,bin,17,0.7375200986862183,0.6448001861572266,0.83024001121521,872100,CCc1cccc(C)c1NCC(O)c1ccc2c(c1)OCCO2,3.474120000000002,Cc1cccc(C(C)C)c1NCC(O)c1ccc2c(c1)OCCO2,True,4.035120000000002,0.5609999999999999,0.7254901960784313,False,True
1.0,bin,17,0.7375200986862183,0.6448001861572266,0.83024001121521,886334,COc1ccc(C(=O)N2CCCC(C(=O)N3CCCCC3)C2)c(O)c1,2.2655000000000003,Cc1ccc(C(=O)N2CCCC(C(=O)N3CCCCC3)C2)cc1,True,2.859720000000001,0.5942200000000009,0.5294117647058824,False,True
1.0,bin,17,0.7375200986862183,0.6448001861572266,0.83024001121521,887387,COCCNC(=O)N(Cc1cccc(F)c1)CC1CCCO1,2.1627,CC(C)CCNS(=O)(=O)N(Cc1ccccc1)CC1CCCO1,True,2.5481000000000007,0.38540000000000063,0.375,False,True
1.0,bin,17,0.7375200986862183,0.6448001861572266,0.83024001121521,889149,N#Cc1ccc(NC(=O)c2ccc(Br)cc2Cl)nc1,3.621480000000001,CC(C)(C)c1ccc(C(=O)Nc2ccc(C#N)cn2)c(Cl)c1,True,4.156480000000003,0.5350000000000019,0.7,False,True
1.0,bin,17,0.7375200986862183,0.6448001861572266,0.83024001121521,913483,O=C(CNC(=O)NCCc1c(Cl)cccc1Cl)NC1CC1,2.1137000000000006,CCN(C(=O)NCCc1ccccc1Cl)C(=O)NC1CC1,True,2.7860000000000005,0.6722999999999999,0.42857142857142855,False,True
1.0,bin,17,0.7375200986862183,0.6448001861572266,0.83024001121521,917620,C=CCN(Cc1ccccc1OC)C(=O)c1csc(C)n1,3.288520000000002,CC=NC(F)C(=O)N(Cc1ccc(Cl)cc1)CC(F)F,True,3.320000000000002,0.031480000000000175,0.1643835616438356,False,True
1.0,bin,17,0.7375200986862183,0.6448001861572266,0.83024001121521,918312,CCOc1ccc(Cl)c(C(=O)N2CCN(c3ncccn3)CC2)n1,1.8860999999999997,CC1C=CSC(C(=O)NCCN(C=N)c2ncc(Cl)cn2)C1,True,2.3149699999999998,0.4288700000000001,0.16049382716049382,False,True
1.0,bin,17,0.7375200986862183,0.6448001861572266,0.83024001121521,922879,CC(=O)c1ccc(N2CCN(Cc3c(F)cccc3F)CC2)cc1,3.489600000000003,Cc1ccccc1N1CCN(Cc2c(F)ccc(Cl)c2F)CC1,True,4.248820000000004,0.7592200000000009,0.38181818181818183,False,True
1.0,bin,17,0.7375200986862183,0.6448001861572266,0.83024001121521,927535,COc1cc(CN2CCN(c3ccccc3F)CC2)ccc1O,2.862100000000002,Fc1ccccc1N1CCN(Cc2cccc(F)c2F)CC1,True,3.4261000000000026,0.5640000000000005,0.48,False,True
1.0,bin,17,0.7375200986862183,0.6448001861572266,0.83024001121521,927567,Cc1ccccc1N1CCN(Cc2cccc(O)c2)CC1,3.022820000000001,CC(=O)c1ccc(C)cc1N1CCN(Cc2ccc(F)cc2)CC1,True,3.658920000000003,0.6361000000000017,0.375,False,True
1.0,bin,17,0.7375200986862183,0.6448001861572266,0.83024001121521,938108,CC(c1ccccc1)N(C)C(=O)CCC(=O)Nc1nccs1,3.0814000000000012,Cc1cnc(NC(=O)CCC(=O)NC(C)c2ccc(Cl)cc2)s1,True,3.7010200000000024,0.6196200000000012,0.359375,False,True
1.0,bin,17,0.7375200986862183,0.6448001861572266,0.83024001121521,943303,CN(CCCOc1ccccc1)C(=O)Nc1cccc2c1OCCO2,3.390600000000002,Cc1ccccc1OCCCN(C)C(=O)Nc1cccc2c1OCCO2,True,3.6990200000000026,0.3084200000000008,0.7636363636363637,False,True
1.0,bin,17,0.7375200986862183,0.6448001861572266,0.83024001121521,946289,CC(NC(=O)C1(c2cc(-c3ccco3)on2)CC1)c1ccccc1,3.843600000000002,CCC1=CC=CC=CCC2CC2(c2cc(-c3ccco3)on2)C(=O)N1,True,4.118500000000003,0.2749000000000006,0.34210526315789475,False,True
1.0,bin,17,0.7375200986862183,0.6448001861572266,0.83024001121521,994077,Cc1nnc(Cn2c(-c3cccc(Br)c3)noc2=O)o1,2.0055199999999997,CC(C)(C)C=NN=C(CN1CON=C1c1ccccc1Cl)OO,True,3.2113000000000014,1.2057800000000016,0.12048192771084337,False,True
1.0,bin,17,0.7375200986862183,0.6448001861572266,0.83024001121521,1065620,O=C(NCc1cccnc1Oc1ccccc1)c1cccnc1,3.198900000000002,Cc1cc(C)c(C(=O)NCc2cccnc2Oc2ccccc2)c(C)n1,True,4.1241600000000025,0.9252600000000006,0.5789473684210527,False,True
1.0,bin,17,0.7375200986862183,0.6448001861572266,0.83024001121521,1093926,CN(C(=O)CNc1cccc(OCC2CCCO2)c1)c1ccccc1,3.319300000000002,O=C(CNc1cccc(OCC2CCCO2)c1)Nc1cccc(Cl)c1,True,3.948400000000002,0.6291000000000002,0.609375,False,True
1.0,bin,17,0.7375200986862183,0.6448001861572266,0.83024001121521,1107920,CCc1ccc(-n2cc(C(=O)NC(C)c3ccccc3)nn2)cc1,3.320700000000002,CC(NC(=O)c1cn(-c2ccccc2Cl)nn1)c1ccc(F)cc1,True,3.5508000000000015,0.2300999999999993,0.5254237288135594,False,True
1.0,bin,17,0.7375200986862183,0.6448001861572266,0.83024001121521,1113130,CC(NC(=O)Cn1nnnc1C(C)(C)C)c1cccc2ccccc12,3.0012000000000016,CCc1nnnn1CC(=O)NC(C)(CC)c1cccc2ccccc12,True,2.8303000000000003,-0.17090000000000138,0.46875,False,True
1.0,bin,17,0.7375200986862183,0.6448001861572266,0.83024001121521,1121751,COC(=O)Cn1ccc(NS(=O)(=O)c2ccc(F)c(F)c2F)n1,1.2742,CCOC(=O)Cn1ccc(NS(=O)(=O)c2cccc(Cl)c2)n1,True,1.9004,0.6262000000000001,0.4838709677419355,False,True
1.0,bin,17,0.7375200986862183,0.6448001861572266,0.83024001121521,1142531,CCOC(C)C(=O)NCCc1csc(-c2ccc(C)cc2)n1,3.2022200000000014,C=CC(C)C(=O)NCCC(N=CC1=CC=C(C)C1)SC,True,3.3511000000000024,0.148880000000001,0.22666666666666666,False,True
1.0,bin,17,0.7375200986862183,0.6448001861572266,0.83024001121521,1212157,CN(Cc1ccc(F)c(F)c1)C(=O)c1cncc(-c2cnn(C)c2)c1,3.0325000000000015,CCN(Cc1ccccc1Cl)C(=O)c1cncc(-c2cnn(C)c2)c1,True,3.7978000000000023,0.7653000000000008,0.5076923076923077,False,True
1.0,bin,17,0.7375200986862183,0.6448001861572266,0.83024001121521,1215394,CCn1nc(C)cc1C(=O)Oc1cccc(NC(=O)C(C)C)c1,3.025120000000001,CCn1nc(C(C)C)cc1C(=O)Oc1ccc(F)cc1Cl,True,4.038100000000004,1.0129800000000024,0.40625,False,True
1.0,bin,17,0.7375200986862183,0.6448001861572266,0.83024001121521,1232922,CC(C)(C)OC(=O)NC1CCCN(S(=O)(=O)N2CCOCC2)C1,0.5525000000000011,CCCC(C)C(=O)NC1CCCN(S(=O)(=O)N2CCOCC2)C1,True,0.5802000000000014,0.02770000000000028,0.5925925925925926,False,True
1.0,bin,17,0.7375200986862183,0.6448001861572266,0.83024001121521,1238973,FC(F)(F)c1cnc(N2CCn3c(nnc3C3CC3)C2)c(Cl)c1,3.2429000000000023,Clc1cnc(N2CCn3cnnc3C3CC3C2)c(Cl)c1Cl,True,3.2570000000000023,0.014100000000000001,0.2608695652173913,False,True
1.0,bin,17,0.7375200986862183,0.6448001861572266,0.83024001121521,1299495,Cc1cc(CC(=O)N2CCCC2C(C#N)c2ccccc2)no1,2.823900000000001,Cc1cc(CC(=O)N2CCCC2C(C#N)c2cccc(Cl)c2)no1,True,3.4773000000000023,0.6534000000000013,0.8135593220338984,False,True
1.0,bin,17,0.7375200986862183,0.6448001861572266,0.83024001121521,1309906,CC(C)CC(NC(=O)c1cc(=O)c2ccccc2o1)C(=O)OC(C)C,2.8891000000000018,CCCC(C)N(CC)C(=O)c1cc(=O)c2cc(OC)ccc2o1,True,3.452300000000002,0.5632000000000001,0.3188405797101449,False,True
1.0,bin,17,0.7375200986862183,0.6448001861572266,0.83024001121521,1362816,COCc1cccc(C(=O)NC2CC2c2cccc(Cl)c2)c1,3.772300000000002,Cc1ccc(C(=O)NC2CC2c2cccc(Cl)c2)c(C)c1,True,4.242740000000003,0.47044000000000086,0.543859649122807,False,True
1.0,bin,17,0.7375200986862183,0.6448001861572266,0.83024001121521,1441838,COCC(=O)NC(C(=O)Nc1cccc(-c2nccs2)c1)C(C)C,2.5358,CC(CC#N)N(C)C(=O)Nc1cccc(-c2nccs2)c1,True,3.575980000000002,1.040180000000002,0.5074626865671642,False,False
1.0,bin,17,0.7375200986862183,0.6448001861572266,0.83024001121521,1450449,CCCNC(=O)CSc1nc2c(cc1C#N)CCCC2,2.450380000000001,C=C(C)CN(CC)C(=O)CSc1nc2c(cc1C#N)CCCC2,True,3.3487800000000023,0.8984000000000014,0.6,False,True
1.0,bin,17,0.7375200986862183,0.6448001861572266,0.83024001121521,1451910,O=S(=O)(NCc1nnc2ccccn12)c1ccc(F)c(F)c1,1.4859999999999995,O=S(=O)(NCc1nnc2ccccn12)c1cccc(C(F)(F)F)c1,True,2.2265999999999995,0.7405999999999999,0.6730769230769231,False,True
1.0,bin,17,0.7375200986862183,0.6448001861572266,0.83024001121521,1479798,Cc1nc(C)c(CCC(=O)N(CC(C)C)CC(F)(F)F)c(=O)[nH]1,2.3662400000000003,Cc1nc(C)c(CCC(=O)N(CCC(C)(C)C)C(C)C)c(=O)[nH]1,True,2.992540000000001,0.6263000000000005,0.5535714285714286,False,True
1.0,bin,17,0.7375200986862183,0.6448001861572266,0.83024001121521,1507926,COC(=O)C(C)NC(=O)Cc1csc(-c2ccccc2Cl)n1,2.6837,CCCNC(=O)Cc1csc(-c2ccccc2Cl)n1,True,3.5322000000000022,0.8485000000000023,0.6226415094339622,False,True
1.0,bin,17,0.7375200986862183,0.6448001861572266,0.83024001121521,1527882,Nc1ncccc1C(=O)Nc1ccc2cn[nH]c2c1,1.7923999999999998,Nc1ncccc1C(=O)Nc1ccc2cn[nH]c2c1,True,1.7923999999999998,0.0,1.0,True,False
1.0,bin,17,0.7375200986862183,0.6448001861572266,0.83024001121521,1532848,COc1ccc(-c2ccc3c(=O)[nH]cnc3c2)cc1Cl,3.2521000000000013,O=c1[nH]cncc1C=CC=C1CC=C(Cl)C=C1C(F)(F)F,True,3.7246000000000015,0.47250000000000014,0.16901408450704225,False,True
1.0,bin,17,0.7375200986862183,0.6448001861572266,0.83024001121521,1548351,COc1cc(OC)c2c(c1)C(c1cnccn1)NCC2,1.7288999999999999,Fc1cc(Cl)c2c(c1)C(c1cnccn1)NCC2,True,2.504200000000001,0.775300000000001,0.5384615384615384,False,False
1.0,bin,17,0.7375200986862183,0.6448001861572266,0.83024001121521,1570134,COc1cccc(C(C)N2CCN(C(=O)c3ccc(O)cc3)CC2)c1,2.9198000000000013,COc1cccc(CN2CCN(C(=O)c3ccc(C)c(C)c3)CC2)c1,True,3.2700400000000025,0.3502400000000012,0.45,False,True
1.0,bin,17,0.7375200986862183,0.6448001861572266,0.83024001121521,1611406,CC(C)(C)N1CC(NC(=O)C2COc3ccc(F)cc3C2)CC1=O,1.8923999999999994,CCC(C)(C)N1CC(NC(=O)C2COc3ccc(F)cc3C2)CC1=O,True,2.2824999999999998,0.39010000000000034,0.8392857142857143,False,True
1.0,bin,17,0.7375200986862183,0.6448001861572266,0.83024001121521,1612684,CCCC1CN(C(=O)Nc2ccn(CCC(C)C)n2)CCO1,2.9620000000000015,CCCC1CN(C(=O)Nc2cc(C)n(CC(C)C)n2)CCO1,True,2.880320000000001,-0.08168000000000042,0.6190476190476191,False,True
1.0,bin,17,0.7375200986862183,0.6448001861572266,0.83024001121521,1639675,CCC(CC)c1nnc(NC(=O)c2scnc2C2CC2)s1,4.0279000000000025,CC(C)CC1=NCC2=C1C(=O)NC=NN=C2C1CC1S,True,1.6161,-2.411800000000002,0.15789473684210525,False,True
1.0,bin,17,0.7375200986862183,0.6448001861572266,0.83024001121521,1675660,COc1ccnc(NC(=O)c2cccc(Cl)c2)c1,2.9959000000000007,O=C(Nc1ccc(Br)cn1)c1ccc(Cl)cc1F,True,3.8889000000000005,0.8929999999999998,0.3050847457627119,False,True
1.0,bin,17,0.7375200986862183,0.6448001861572266,0.83024001121521,1689728,CCc1noc(CSc2ncnc3sc(C)cc23)n1,3.237420000000002,CCc1noc(CSc2ncnc3sc(C)c(C)c23)n1,True,3.5458400000000028,0.3084200000000008,0.6538461538461539,False,True
1.0,bin,17,0.7375200986862183,0.6448001861572266,0.83024001121521,1720876,CC(C)(C)CC(=O)NCC(=O)Nc1ccc2c(c1)COC2,2.2077,COCCC(C#N)CCC(=O)Nc1ccc2c(c1)COC2,True,2.6117800000000004,0.40408000000000044,0.4576271186440678,False,True
1.0,bin,17,0.7375200986862183,0.6448001861572266,0.83024001121521,1757109,CC(C)Cc1ncc(CNc2ccc3c(c2)COC3)s1,3.983900000000003,CC(C)c1ncc(CNc2ccc3c(c2)COC3)s1,True,3.908800000000003,-0.07509999999999994,0.7083333333333334,False,False
1.0,bin,17,0.7375200986862183,0.6448001861572266,0.83024001121521,1774061,O=C1NCCCc2[nH]c(-c3cccc4[nH]ccc34)nc21,2.234,CSC1=CC=CC(c2nc3c([nH]2)CCCNC3=O)N1,True,1.4905999999999997,-0.7434000000000003,0.375,False,True
1.0,bin,17,0.7375200986862183,0.6448001861572266,0.83024001121521,1800687,Cc1nn(C)c(-c2nc(-c3cccnn3)no2)c1Cl,1.8889199999999997,CC(C)c1nn(C)c(-c2nc(-c3cccnn3)no2)c1Cl,True,2.703900000000001,0.8149800000000011,0.7346938775510204,False,True
1.0,bin,17,0.7375200986862183,0.6448001861572266,0.83024001121521,1815867,FC(F)(F)c1ccc(CN2CCOCC2c2ncon2)cc1,2.661900000000001,FC(F)(F)c1ccc(CN2CCOCC2c2noc(Cl)n2)cc1,True,3.3153000000000015,0.6534000000000004,0.6792452830188679,False,True
1.0,bin,17,0.7375200986862183,0.6448001861572266,0.83024001121521,1828580,Cc1ccc(N2CC3OCC(=O)N(Cc4cccc(F)c4)C3C2)nn1,1.54032,Cc1ccc(N2CCOCC(=O)N(C(C)c3ccccc3)CC2N)[nH]1,True,2.0343199999999997,0.4939999999999998,0.17045454545454544,False,True
1.0,bin,17,0.7375200986862183,0.6448001861572266,0.83024001121521,1836183,CCc1ccc(C(=O)NCc2nccc(N(C)C)n2)cc1,2.035,CCSc1ccccc1C(=O)NCc1nccc(N(C)C)n1,True,2.584600000000001,0.5496000000000008,0.5740740740740741,False,True
1.0,bin,17,0.7375200986862183,0.6448001861572266,0.83024001121521,1842499,COc1ccccc1COc1ccccc1-c1cnn(CCO)c1,3.1300000000000017,CCc1ccccc1OCc1ccccc1-c1cnn(CCO)c1,True,3.6838000000000024,0.5538000000000007,0.7142857142857143,False,True
1.0,bin,17,0.7375200986862183,0.6448001861572266,0.83024001121521,1865564,COC(CNC(=O)c1ccoc1)c1cccc(F)c1,2.536200000000001,CCOc1occc1C(=O)NCCc1cc(C)c(OC)c(C)c1,True,3.2762400000000023,0.7400400000000014,0.2191780821917808,False,True
1.0,bin,17,0.7375200986862183,0.6448001861572266,0.83024001121521,1868773,CCCOc1ccc(Cl)c2c1CCNC2C1CC(=O)C1,3.2947000000000015,CCCSc1c(Cl)ccc2c1CCNC21CCC(=O)C1,True,3.9361000000000033,0.6414000000000017,0.2898550724637681,False,True
1.0,bin,17,0.7375200986862183,0.6448001861572266,0.83024001121521,1873123,CCC1OC(=O)c2c(OC)ccc(Br)c21,3.079200000000002,CCCC1OC(=O)c2cc(Br)cc(Cl)c21,True,4.114100000000002,1.0349000000000004,0.3137254901960784,False,True
1.0,bin,17,0.7375200986862183,0.6448001861572266,0.83024001121521,1875028,Cc1cccc(C)c1NCC(=O)N1CCCC2CCCCC21,3.8965400000000034,Cc1cc(Cl)cc(Cl)c1NCC(=O)NCCC1CCCCC1,True,4.800320000000003,0.9037799999999994,0.30158730158730157,False,True
1.0,bin,17,0.7375200986862183,0.6448001861572266,0.83024001121521,1895921,CCC(CC)N(C)C(=O)CC1OC(=O)c2ccccc21,2.935200000000002,CN(CCC(C)(C)C)C(=O)CC1OC(=O)c2ccccc21,True,3.182800000000002,0.24760000000000026,0.5918367346938775,False,True
1.0,bin,17,0.7375200986862183,0.6448001861572266,0.83024001121521,1907077,Cc1ccc2[nH]nc(C(=O)Nc3nc(-c4ccco4)cs3)c2c1,3.8401200000000015,Cc1ccc2[nH]nc(C(=O)Nc3nc(-c4sccc4Cl)cs3)c2c1,True,4.962020000000002,1.1219000000000001,0.6612903225806451,False,True
1.0,bin,17,0.7375200986862183,0.6448001861572266,0.83024001121521,1913063,Cc1nn(C)c(C)c1CN(C(=O)c1cn2cccc(C)c2n1)C1CC1,2.797860000000001,C=NC1C(=CNC=CC=CC)C(=O)N(Cc2cn(C(C)C)nc2C)C1C,True,3.135620000000002,0.33776000000000117,0.125,False,True
1.0,bin,17,0.7375200986862183,0.6448001861572266,0.83024001121521,1922265,CN(CCNC(=O)c1ccc2c(c1)ncn2C)c1ccccc1,2.4395000000000007,CN(CCNC(=O)c1ccc2c(c1)ncn2C)c1ccc(Cl)cc1,True,3.092900000000001,0.6534000000000004,0.8076923076923077,False,True
1.0,bin,18,0.9854800075292588,0.83024001121521,1.1407200038433076,32052,COc1ccccc1CNC(=O)Cc1c[nH]c2ccccc12,3.035400000000001,CC(NC(=O)Cc1c[nH]c2ccccc12)c1cccc(F)c1,True,3.7269000000000023,0.6915000000000013,0.46551724137931033,False,True
1.0,bin,18,0.9854800075292588,0.83024001121521,1.1407200038433076,116747,COCCSc1ccccc1C(=O)Nc1cccc(C)n1,3.3808200000000017,Cc1cccc(NC(=O)c2c(Cl)cccc2Br)n1,True,4.058220000000001,0.6773999999999996,0.41818181818181815,False,True
1.0,bin,18,0.9854800075292588,0.83024001121521,1.1407200038433076,131060,CS(=O)(=O)NCCc1csc(-c2ccc(F)cc2)n1,2.0408999999999997,CC(=O)NCCc1csc(-c2ccc(Cl)cc2)n1,True,3.142100000000002,1.1012000000000022,0.49019607843137253,False,False
1.0,bin,18,0.9854800075292588,0.83024001121521,1.1407200038433076,131949,CCc1c(C)nc(SCC(=O)NC(C)C)[nH]c1=O,1.25742,CCCCc1c(C)nc(SCC(=O)OC)[nH]c1=O,True,1.6860199999999999,0.42859999999999987,0.5294117647058824,False,True
1.0,bin,18,0.9854800075292588,0.83024001121521,1.1407200038433076,158879,COc1ccc(CC(=O)OCC(=O)c2c[nH]c3ccccc23)cc1,3.145100000000001,CC(C)(C(=O)OCC(=O)c1c[nH]c2ccccc12)c1ccc(F)cc1,True,4.010700000000003,0.8656000000000015,0.5,False,True
1.0,bin,18,0.9854800075292588,0.83024001121521,1.1407200038433076,232056,COCCNC(=O)c1cc(=O)c2cc(C)ccc2o1,1.4776199999999993,C=CCN(CC=C)C(=O)c1cc(=O)c2cc(C)ccc2o1,True,2.9156200000000014,1.4380000000000022,0.5192307692307693,False,True
1.0,bin,18,0.9854800075292588,0.83024001121521,1.1407200038433076,235788,O=C(Cn1nc(-c2ccco2)oc1=O)NCC(F)(F)F,0.7747999999999999,CCN(C(=O)Cn1nc(-c2ccco2)oc1=O)C(C)C,True,1.3532000000000002,0.5784000000000002,0.543859649122807,False,True
1.0,bin,18,0.9854800075292588,0.83024001121521,1.1407200038433076,236081,CC(=O)c1c(C)[nH]c(C(=O)CSc2nc(C(C)C)n[nH]2)c1C,3.0506400000000014,CCC(C)c1n[nH]c(SCC(=O)c2[nH]c(C(C)C)nc2C)n1,True,3.448120000000002,0.3974800000000007,0.5263157894736842,False,True
1.0,bin,18,0.9854800075292588,0.83024001121521,1.1407200038433076,281081,O=C(Cn1cccn1)NCc1cccnc1Oc1ccc(F)cc1F,2.665000000000001,Cc1ccc(Oc2ncccc2CNC(=O)C(C)n2cccn2)c(F)c1,True,3.395320000000001,0.7303199999999999,0.5735294117647058,False,True
1.0,bin,18,0.9854800075292588,0.83024001121521,1.1407200038433076,284170,COc1ccc(-c2nc(CC(=O)Nc3cccc(C)n3)cs2)cc1,3.7033200000000024,Cc1ccnc(NC(=O)Cc2csc(-c3ccc(C)c(Cl)c3)n2)c1,True,4.656540000000003,0.9532200000000008,0.47692307692307695,False,True
1.0,bin,18,0.9854800075292588,0.83024001121521,1.1407200038433076,288369,Cc1ccc(NCc2nnc3n2CCCCC3)cc1C,3.2334400000000016,CC(C)Sc1ccccc1NCc1nnc2n1CCCCC2,True,4.117100000000002,0.8836600000000008,0.5178571428571429,False,True
1.0,bin,18,0.9854800075292588,0.83024001121521,1.1407200038433076,302889,COc1ccc(OC)c(NC(=O)CCNC(=O)c2cccs2)c1,2.5239000000000003,Cc1cc(C)c(NC(=O)CCNC(=O)c2cccs2)c(C)c1,True,3.431960000000002,0.9080600000000016,0.5636363636363636,False,False
1.0,bin,18,0.9854800075292588,0.83024001121521,1.1407200038433076,327141,COc1ccc(OC)c(S(=O)(=O)Nc2ccn(C)n2)c1,1.2381,Cn1ccc(NS(=O)(=O)c2cccc(Br)c2)n1,True,1.9833999999999998,0.7452999999999999,0.47058823529411764,False,False
1.0,bin,18,0.9854800075292588,0.83024001121521,1.1407200038433076,327382,CNC(=O)C1CN(C(=O)c2c(C)noc2C)c2ccccc2O1,1.4452399999999996,CCc1noc(C)c1C(=O)N1CC(C(C)=O)Oc2ccccc21,True,2.5422200000000004,1.0969800000000007,0.603448275862069,False,True
1.0,bin,18,0.9854800075292588,0.83024001121521,1.1407200038433076,406491,COCCNC(=O)C1CCCN(S(=O)(=O)N2CCOCC2)C1,-0.9619999999999964,CCCCNC(=O)C1CCCN(S(=O)(=O)N2CCOCC2)C1,True,0.19170000000000154,1.153699999999998,0.74,False,True
1.0,bin,18,0.9854800075292588,0.83024001121521,1.1407200038433076,413951,O=C(Cn1ncn2cccc2c1=O)N1CCCCCC1,0.8985999999999996,CC(C)c1nn(CC(=O)N2CCCCCC2)c(=O)c2cccn12,True,2.0220000000000002,1.1234000000000006,0.5660377358490566,False,True
1.0,bin,18,0.9854800075292588,0.83024001121521,1.1407200038433076,427929,CCNc1nc(NCc2ccccc2Cl)c2cnn(C)c2n1,3.060600000000001,CC(C)Nc1nc(NCc2ccc(Cl)cc2)c2cnn(C)c2n1,True,3.4491000000000014,0.3885000000000005,0.5172413793103449,False,True
1.0,bin,18,0.9854800075292588,0.83024001121521,1.1407200038433076,447130,CCC(NC(=O)C1CCN(C(=O)C2CC2)CC1)c1ccc(C)cc1,3.2109200000000016,CCC(NC(=O)C1CCN(C(=O)C2CC2)CC1)c1cccc(C(C)C)c1,True,4.025900000000004,0.814980000000002,0.6862745098039216,False,True
1.0,bin,18,0.9854800075292588,0.83024001121521,1.1407200038433076,481908,CCNS(=O)(=O)c1ccc(C)c(C(=O)Nc2ncccc2C)c1,2.24894,Cc1cccnc1NC(=O)c1cc(C)c(F)c(F)c1,True,3.2289400000000015,0.9800000000000013,0.4727272727272727,False,True
1.0,bin,18,0.9854800075292588,0.83024001121521,1.1407200038433076,485220,Cc1nn(CC(=O)N2CCN(C)CC2)c(C)c1Br,1.03644,CC=NN(CC=CC(F)(F)F)CC(=O)N1CCN(C)CC1C,True,1.5751000000000002,0.5386600000000001,0.1791044776119403,False,True
1.0,bin,18,0.9854800075292588,0.83024001121521,1.1407200038433076,526363,Cc1nnc(SCC(=O)Nc2ccc(O)cc2)n(N)c1=O,0.09692,CCc1ccccc1NC(=O)CSc1nnc(C)c(=O)n1N,True,0.9537199999999997,0.8567999999999997,0.6415094339622641,False,False
1.0,bin,18,0.9854800075292588,0.83024001121521,1.1407200038433076,536853,COc1ccc(C2CCCN2C(=O)C2CCC2)c(OC)c1,3.1674000000000015,O=C(C1CCC1)N1CCCC1c1cccc(Br)c1,True,3.9127000000000027,0.7453000000000012,0.5,False,True
1.0,bin,18,0.9854800075292588,0.83024001121521,1.1407200038433076,540312,Cc1nn(C)c2nc(C3CC3)cc(C(=O)NCC(=O)NC(C)(C)C)c12,1.7986199999999997,CCCn1nc(C2CC2)c2c1=NC(C)=CCC=2C(=O)NC(C)C,True,1.7728999999999997,-0.025719999999999965,0.2345679012345679,False,True
1.0,bin,18,0.9854800075292588,0.83024001121521,1.1407200038433076,544381,Cc1nc(N2CCCC(C(=O)NC(C)C)C2)c2c(C)c(C)oc2n1,2.8890600000000006,CCN(CC)C(=O)C1CCCN(c2nc(C)nc3oc(C)c(C)c23)C1,True,3.2328600000000023,0.34380000000000166,0.6724137931034483,False,True
1.0,bin,18,0.9854800075292588,0.83024001121521,1.1407200038433076,544382,CCCNC(=O)C1CCCN(c2nc(C)nc3oc(C)c(C)c23)C1,2.8906600000000013,CC1=NC2C(C)=C(C)OC(=N1)C=C1C(C(F)(F)F)CCCN12,True,3.625300000000002,0.7346400000000006,0.14457831325301204,False,True
1.0,bin,18,0.9854800075292588,0.83024001121521,1.1407200038433076,550049,Cc1ccc(C)c(OCC(=O)Nc2cccc(-n3cnnc3)c2)c1,2.9016400000000013,CC(Oc1ccccc1C(C)C)C(=O)Nc1cccc(-n2cnnc2)c1,True,3.796700000000002,0.8950600000000009,0.4603174603174603,False,True
1.0,bin,18,0.9854800075292588,0.83024001121521,1.1407200038433076,573533,Cc1nn(-c2ncc(C(F)(F)F)cc2Cl)c(=O)o1,2.2011199999999995,CC(C)(C)c1nn(-c2ncc(Cl)c(Cl)c2Cl)c(=O)o1,True,3.478200000000002,1.2770800000000024,0.43137254901960786,False,True
1.0,bin,18,0.9854800075292588,0.83024001121521,1.1407200038433076,582555,O=C(NCC(O)c1ccccc1)c1ccc2c(=O)n3c(nc2c1)CCC3,1.8061000000000003,Cc1ccccc1CCNC(=O)c1ccc2c(=O)n3c(nc2c1)CCC3,True,2.6236200000000007,0.8175200000000005,0.6307692307692307,False,True
1.0,bin,18,0.9854800075292588,0.83024001121521,1.1407200038433076,588547,Cc1n[nH]c(C)c1NC(=O)CCc1ccc(Cl)cc1Cl,3.9046400000000023,CCCCn1nc(C)c(NC(=O)CCc2ccccc2Cl)c1C,True,4.524740000000004,0.6201000000000016,0.41935483870967744,False,True
1.0,bin,18,0.9854800075292588,0.83024001121521,1.1407200038433076,607673,CCCN(CC1CC1)S(=O)(=O)c1ccccc1F,2.636400000000001,CCCN(CC1CC1)S(=O)(=O)c1cccc(Br)c1,True,3.259800000000002,0.6234000000000011,0.5416666666666666,False,True
1.0,bin,18,0.9854800075292588,0.83024001121521,1.1407200038433076,617681,Cc1cc(C(=O)Nc2nc(-c3ccncc3)cs2)nn1C(C)C,3.5432200000000016,CC1=CC(C(=O)NC2=NC(c3ccncc3)=CS2=N)N1C(C)C(C)C,True,2.8789700000000016,-0.66425,0.26666666666666666,False,True
1.0,bin,18,0.9854800075292588,0.83024001121521,1.1407200038433076,650267,COc1ccc2oc(C(=O)NC3CCCCNC3=O)c(C)c2c1,2.14832,Cc1c(C(=O)NC2CCC(C)(C)CNC2=O)oc2c(Cl)cccc12,True,3.4292200000000017,1.2809000000000017,0.410958904109589,False,True
1.0,bin,18,0.9854800075292588,0.83024001121521,1.1407200038433076,668639,Cc1cc(NC(=O)c2ccccc2Cl)ncc1N,2.8779200000000005,Cc1cc(NC(=O)c2ccc(Br)c(C)c2)ncc1N,True,3.295440000000001,0.41752000000000056,0.5625,False,True
1.0,bin,18,0.9854800075292588,0.83024001121521,1.1407200038433076,673160,CCC(=O)Nc1ccc2oc(C(F)(F)F)cc(=O)c2c1,3.160300000000001,CCN(CC)C(=O)Nc1ccc2oc(C(F)(F)F)cc(=O)c2c1,True,3.685500000000002,0.5252000000000008,0.7291666666666666,False,True
1.0,bin,18,0.9854800075292588,0.83024001121521,1.1407200038433076,711169,Cc1cccc(C(C)C)c1NC(=O)N(C)Cc1ccncc1,4.177320000000003,CC(C)c1ccccc1NC(=O)NC(Cc1ccncc1)C(C)(C)C,True,4.983900000000004,0.8065800000000012,0.39344262295081966,False,True
1.0,bin,18,0.9854800075292588,0.83024001121521,1.1407200038433076,720969,Cc1noc(C)c1CCC(=O)OCC(=O)N1c2ccccc2CC1C,2.7450400000000013,Cc1noc(C)c1CCC(=O)OC(C)C(=O)N1c2ccccc2CC1C,True,3.1335400000000018,0.3885000000000005,0.7096774193548387,False,True
1.0,bin,18,0.9854800075292588,0.83024001121521,1.1407200038433076,730789,COC(=O)C1CCN(C(=O)c2cc3ccc(F)cc3nc2C)CC1,2.7075200000000006,Cc1nc2cc(F)ccc2cc1C(=O)N1CCC(C)CC1,True,3.554420000000002,0.8469000000000015,0.74,False,True
1.0,bin,18,0.9854800075292588,0.83024001121521,1.1407200038433076,738178,Cc1ccc(-n2ccnc2SCc2nc(C3CC3)no2)cc1C,4.041840000000003,C1=CCC=CCCC(n2ccnc2SCc2nc(C3CC3)no2)=C1,True,4.573000000000003,0.5311599999999999,0.546875,False,True
1.0,bin,18,0.9854800075292588,0.83024001121521,1.1407200038433076,771897,COc1ccccc1OCC(=O)N(C)Cc1sccc1C,3.102520000000002,Cc1ccsc1CN(C)C(=O)COc1cccc(Br)c1,True,3.8564200000000026,0.7539000000000007,0.6037735849056604,False,True
1.0,bin,18,0.9854800075292588,0.83024001121521,1.1407200038433076,811446,COC(=O)C1(NC(=O)c2cc(Br)c[nH]2)CCCCCC1,2.7730000000000006,CCCCC(C(=O)OC)N(C)C(=O)c1cc(Br)cn1CC,True,3.074300000000002,0.30130000000000123,0.18840579710144928,False,True
1.0,bin,18,0.9854800075292588,0.83024001121521,1.1407200038433076,848291,CCC(C)NC(=O)NCc1noc(-c2cccs2)n1,2.3958000000000004,CCCCN(C)C(=O)NCc1noc(-c2ccc(C)s2)n1,True,3.048020000000001,0.6522200000000007,0.4090909090909091,False,True
1.0,bin,18,0.9854800075292588,0.83024001121521,1.1407200038433076,863440,COc1ccc(-c2nc(CCCO)cs2)cc1OC,2.752200000000001,CCCOc1ccc(-c2nc(CC(C)O)cs2)cc1OC,True,3.530800000000002,0.7786000000000008,0.5370370370370371,False,True
1.0,bin,18,0.9854800075292588,0.83024001121521,1.1407200038433076,864663,N#Cc1ccc(-c2cc(F)ccc2F)nc1N1CCCC1,3.498680000000002,N#Cc1ccc(N2CCCC2)nc1-c1ccc(Cl)cc1Cl,True,4.527280000000003,1.0286000000000008,0.4,False,True
1.0,bin,18,0.9854800075292588,0.83024001121521,1.1407200038433076,872100,CCc1cccc(C)c1NCC(O)c1ccc2c(c1)OCCO2,3.474120000000002,Cc1cccc(C)c1NCC(O)c1cc(Cl)c2c(c1)OCCO2,True,3.873540000000002,0.3994200000000001,0.5818181818181818,False,True
1.0,bin,18,0.9854800075292588,0.83024001121521,1.1407200038433076,886334,COc1ccc(C(=O)N2CCCC(C(=O)N3CCCCC3)C2)c(O)c1,2.2655000000000003,COc1ccccc1C(=O)N1CCCCC(=O)N2CCCCC2CC1,True,3.092500000000002,0.8270000000000017,0.3484848484848485,False,True
1.0,bin,18,0.9854800075292588,0.83024001121521,1.1407200038433076,887387,COCCNC(=O)N(Cc1cccc(F)c1)CC1CCCO1,2.1627,CCCNC(=O)N(CC1=NCC(C)=CC=C1)CC1CCCO1,True,2.544100000000001,0.38140000000000107,0.4444444444444444,False,True
1.0,bin,18,0.9854800075292588,0.83024001121521,1.1407200038433076,889149,N#Cc1ccc(NC(=O)c2ccc(Br)cc2Cl)nc1,3.621480000000001,N#Cc1ccc(NC(=O)c2c(Cl)cccc2SC(F)F)nc1,True,4.173680000000001,0.5522,0.4915254237288136,False,True
1.0,bin,18,0.9854800075292588,0.83024001121521,1.1407200038433076,913483,O=C(CNC(=O)NCCc1c(Cl)cccc1Cl)NC1CC1,2.1137000000000006,C=CC=CC=CCCNC(=O)NC1(C(=O)NC2CC2)CC(C)C1,True,2.4214,0.30769999999999964,0.23880597014925373,False,True
1.0,bin,18,0.9854800075292588,0.83024001121521,1.1407200038433076,917620,C=CCN(Cc1ccccc1OC)C(=O)c1csc(C)n1,3.288520000000002,CCCCOc1ccccc1CN(CC)C(=O)c1csc(C)n1,True,4.292720000000004,1.0042000000000018,0.5862068965517241,False,True
1.0,bin,18,0.9854800075292588,0.83024001121521,1.1407200038433076,918312,CCOc1ccc(Cl)c(C(=O)N2CCN(c3ncccn3)CC2)n1,1.8860999999999997,O=C(c1ccc(C(F)(F)F)cn1)N1CCN(c2ncccn2)CC1,True,1.8527999999999998,-0.033299999999999885,0.4067796610169492,False,True
1.0,bin,18,0.9854800075292588,0.83024001121521,1.1407200038433076,922879,CC(=O)c1ccc(N2CCN(Cc3c(F)cccc3F)CC2)cc1,3.489600000000003,Fc1ccc(CN2CCN(c3ccc(Cl)c(Cl)c3F)CC2)cc1,True,4.593800000000003,1.1042000000000005,0.2909090909090909,False,True
1.0,bin,18,0.9854800075292588,0.83024001121521,1.1407200038433076,927535,COc1cc(CN2CCN(c3ccccc3F)CC2)ccc1O,2.862100000000002,COc1cc(CN2CCN(c3ccccc3Cl)CC2)ccc1O,True,3.3764000000000025,0.5143000000000004,0.7659574468085106,False,True
1.0,bin,18,0.9854800075292588,0.83024001121521,1.1407200038433076,927567,Cc1ccccc1N1CCN(Cc2cccc(O)c2)CC1,3.022820000000001,Cc1ccc(C)c(N2CCN(Cc3ccccc3OC(F)F)CC2)c1,True,4.227040000000003,1.204220000000002,0.38596491228070173,False,True
1.0,bin,18,0.9854800075292588,0.83024001121521,1.1407200038433076,938108,CC(c1ccccc1)N(C)C(=O)CCC(=O)Nc1nccs1,3.0814000000000012,Cc1csc(NC(=O)CCC(=O)N(C)C(C)c2ccc(C)c(C)c2)n1,True,4.006660000000004,0.9252600000000024,0.5081967213114754,False,True
1.0,bin,18,0.9854800075292588,0.83024001121521,1.1407200038433076,943303,CN(CCCOc1ccccc1)C(=O)Nc1cccc2c1OCCO2,3.390600000000002,CN(CCCOC1C=CC=CC1)C(=O)Nc1cccc2c1OCCO2,True,3.212900000000001,-0.17770000000000064,0.6451612903225806,False,True
1.0,bin,18,0.9854800075292588,0.83024001121521,1.1407200038433076,946289,CC(NC(=O)C1(c2cc(-c3ccco3)on2)CC1)c1ccccc1,3.843600000000002,C=CC=CC(NC(=O)C(C)c1cc(-c2ccco2)on1)C(C)(C)C,True,4.311200000000003,0.4676000000000009,0.38028169014084506,False,True
1.0,bin,18,0.9854800075292588,0.83024001121521,1.1407200038433076,994077,Cc1nnc(Cn2c(-c3cccc(Br)c3)noc2=O)o1,2.0055199999999997,CC1C=NN=C(Cn2c(-c3cccc(Cl)c3)noc2=O)C1,True,2.6233000000000013,0.6177800000000016,0.4153846153846154,False,True
1.0,bin,18,0.9854800075292588,0.83024001121521,1.1407200038433076,1065620,O=C(NCc1cccnc1Oc1ccccc1)c1cccnc1,3.198900000000002,CC(C)c1ccc(C(=O)NCc2cccnc2Oc2ccccc2)cn1,True,4.322300000000003,1.123400000000001,0.6981132075471698,False,True
1.0,bin,18,0.9854800075292588,0.83024001121521,1.1407200038433076,1093926,CN(C(=O)CNc1cccc(OCC2CCCO2)c1)c1ccccc1,3.319300000000002,CC(Nc1ccccc1)C(=O)Nc1cccc(OCC2CCCO2)c1,True,3.683500000000002,0.3642000000000003,0.59375,False,True
1.0,bin,18,0.9854800075292588,0.83024001121521,1.1407200038433076,1107920,CCc1ccc(-n2cc(C(=O)NC(C)c3ccccc3)nn2)cc1,3.320700000000002,CC(NC(=O)c1cn(C(C)C)nn1)c1ccc(-c2ccccc2)cc1,True,4.017000000000003,0.6963000000000008,0.5272727272727272,False,True
1.0,bin,18,0.9854800075292588,0.83024001121521,1.1407200038433076,1113130,CC(NC(=O)Cn1nnnc1C(C)(C)C)c1cccc2ccccc12,3.0012000000000016,Cc1cc(C(C)NC(=O)Cn2nnnc2C(C)C)c2ccccc2c1,True,3.1355200000000014,0.13431999999999977,0.5833333333333334,False,True
1.0,bin,18,0.9854800075292588,0.83024001121521,1.1407200038433076,1121751,COC(=O)Cn1ccc(NS(=O)(=O)c2ccc(F)c(F)c2F)n1,1.2742,CC(C)(C)NC(=O)Cn1ccc(NS(=O)(=O)c2ccc(F)cc2)n1,True,1.7376999999999998,0.4634999999999998,0.4915254237288136,False,True
1.0,bin,18,0.9854800075292588,0.83024001121521,1.1407200038433076,1142531,CCOC(C)C(=O)NCCc1csc(-c2ccc(C)cc2)n1,3.2022200000000014,COCCCCNCCc1csc(-c2ccc(Cl)cc2)n1,True,4.022200000000002,0.819980000000001,0.3968253968253968,False,True
1.0,bin,18,0.9854800075292588,0.83024001121521,1.1407200038433076,1212157,CN(Cc1ccc(F)c(F)c1)C(=O)c1cncc(-c2cnn(C)c2)c1,3.0325000000000015,CC(c1ccc(F)cc1)N(C)C(=O)c1cncc(-c2cnn(C)c2)c1,True,3.4544000000000015,0.42189999999999994,0.5573770491803278,False,True
1.0,bin,18,0.9854800075292588,0.83024001121521,1.1407200038433076,1215394,CCn1nc(C)cc1C(=O)Oc1cccc(NC(=O)C(C)C)c1,3.025120000000001,CCn1nc(C)cc1C(=O)Oc1cccc(Cl)c1Cl,True,3.737420000000003,0.7123000000000017,0.543859649122807,False,True
1.0,bin,18,0.9854800075292588,0.83024001121521,1.1407200038433076,1232922,CC(C)(C)OC(=O)NC1CCCN(S(=O)(=O)N2CCOCC2)C1,0.5525000000000011,CCCCOC1CCN(S(=O)(=O)N2CCOCC2)CC1,True,0.8445,0.2919999999999989,0.35714285714285715,False,True
1.0,bin,18,0.9854800075292588,0.83024001121521,1.1407200038433076,1238973,FC(F)(F)c1cnc(N2CCn3c(nnc3C3CC3)C2)c(Cl)c1,3.2429000000000023,CCC(C)c1cc(N2CCn3c(nnc3C3CC3)C2)nc(C)c1Cl,True,4.046020000000003,0.8031200000000007,0.417910447761194,False,True
1.0,bin,18,0.9854800075292588,0.83024001121521,1.1407200038433076,1299495,Cc1cc(CC(=O)N2CCCC2C(C#N)c2ccccc2)no1,2.823900000000001,CC1=CC(CC(=O)N2CCCC2C(c2ccccc2)C(C)C)C=NO1,True,4.343300000000005,1.5194000000000036,0.410958904109589,False,True
1.0,bin,18,0.9854800075292588,0.83024001121521,1.1407200038433076,1309906,CC(C)CC(NC(=O)c1cc(=O)c2ccccc2o1)C(=O)OC(C)C,2.8891000000000018,CC(C)CC(CC(=O)C=Cc1ccccc1O)NC(=O)COC(C)C,True,3.320500000000002,0.4314,0.28169014084507044,False,True
1.0,bin,18,0.9854800075292588,0.83024001121521,1.1407200038433076,1362816,COCc1cccc(C(=O)NC2CC2c2cccc(Cl)c2)c1,3.772300000000002,Cc1cccc(C(=O)NC2CC2c2cccc(C(C)C)c2)c1C,True,4.712740000000004,0.9404400000000015,0.390625,False,True
1.0,bin,18,0.9854800075292588,0.83024001121521,1.1407200038433076,1441838,COCC(=O)NC(C(=O)Nc1cccc(-c2nccs2)c1)C(C)C,2.5358,CCCCN(CCO)C(=O)Nc1cccc(-c2nccs2)c1,True,3.4364000000000026,0.9006000000000025,0.47058823529411764,False,True
1.0,bin,18,0.9854800075292588,0.83024001121521,1.1407200038433076,1450449,CCCNC(=O)CSc1nc2c(cc1C#N)CCCC2,2.450380000000001,CCCCCNC(=O)CSc1nc2c(cc1C(C)=O)CCCC2,True,3.5615000000000023,1.1111200000000014,0.603448275862069,False,True
1.0,bin,18,0.9854800075292588,0.83024001121521,1.1407200038433076,1451910,O=S(=O)(NCc1nnc2ccccn12)c1ccc(F)c(F)c1,1.4859999999999995,Cc1cc(C)c(S(=O)(=O)NCc2nnc3ccccn23)c(C)c1,True,2.1330600000000004,0.6470600000000009,0.5961538461538461,False,False
1.0,bin,18,0.9854800075292588,0.83024001121521,1.1407200038433076,1479798,Cc1nc(C)c(CCC(=O)N(CC(C)C)CC(F)(F)F)c(=O)[nH]1,2.3662400000000003,CC1=NC(C)=C(CCC(=O)N(CC(C)C)CC(C)C)CC(=O)N1,True,3.1195000000000013,0.7532600000000009,0.38333333333333336,False,True
1.0,bin,18,0.9854800075292588,0.83024001121521,1.1407200038433076,1507926,COC(=O)C(C)NC(=O)Cc1csc(-c2ccccc2Cl)n1,2.6837,CCCCN(C)C(=O)Cc1csc(-c2ccccc2F)n1,True,3.750200000000003,1.0665000000000031,0.375,False,True
1.0,bin,18,0.9854800075292588,0.83024001121521,1.1407200038433076,1527882,Nc1ncccc1C(=O)Nc1ccc2cn[nH]c2c1,1.7923999999999998,Cc1cc(C)c(C(=O)Nc2ccc3cn[nH]c3c2)c(C)n1,True,3.135460000000001,1.3430600000000013,0.509090909090909,False,True
1.0,bin,18,0.9854800075292588,0.83024001121521,1.1407200038433076,1532848,COc1ccc(-c2ccc3c(=O)[nH]cnc3c2)cc1Cl,3.2521000000000013,O=c1[nH]cnc2ccc(-c3ccc(Cl)cc3)cc12,True,3.243500000000001,-0.008600000000000385,0.5111111111111111,False,False
1.0,bin,18,0.9854800075292588,0.83024001121521,1.1407200038433076,1548351,COc1cc(OC)c2c(c1)C(c1cnccn1)NCC2,1.7288999999999999,Fc1cc2c(cc1F)C(c1cnccn1)NCC2,True,1.9898999999999996,0.2609999999999997,0.49019607843137253,False,True
1.0,bin,18,0.9854800075292588,0.83024001121521,1.1407200038433076,1570134,COc1cccc(C(C)N2CCN(C(=O)c3ccc(O)cc3)CC2)c1,2.9198000000000013,Cc1cccc(C(=O)N2CCN(C(C)c3cccc(O)c3)CC2)c1Cl,True,3.873020000000003,0.9532200000000017,0.5,False,True
1.0,bin,18,0.9854800075292588,0.83024001121521,1.1407200038433076,1611406,CC(C)(C)N1CC(NC(=O)C2COc3ccc(F)cc3C2)CC1=O,1.8923999999999994,Cc1ccc2c(c1)OCC(C(=O)NCC1C=C(C(C)(C)C)C=CO1)C2,True,3.547320000000002,1.6549200000000024,0.32051282051282054,False,True
1.0,bin,18,0.9854800075292588,0.83024001121521,1.1407200038433076,1612684,CCCC1CN(C(=O)Nc2ccn(CCC(C)C)n2)CCO1,2.9620000000000015,CCC(CC)Cn1ccc(NC(=O)N2CCOC(CC(C)C)C2)n1,True,3.5981000000000023,0.6361000000000008,0.6721311475409836,False,True
1.0,bin,18,0.9854800075292588,0.83024001121521,1.1407200038433076,1639675,CCC(CC)c1nnc(NC(=O)c2scnc2C2CC2)s1,4.0279000000000025,CCCc1nc(C(C)C)sc1C(=O)NC=NN=CC(C)CC,True,4.009000000000003,-0.018899999999999473,0.24285714285714285,False,True
1.0,bin,18,0.9854800075292588,0.83024001121521,1.1407200038433076,1675660,COc1ccnc(NC(=O)c2cccc(Cl)c2)c1,2.9959000000000007,O=C(Nc1ccc(Cl)cn1)c1cc(Cl)ccc1Cl,True,4.294100000000001,1.2982000000000005,0.33962264150943394,False,True
1.0,bin,18,0.9854800075292588,0.83024001121521,1.1407200038433076,1689728,CCc1noc(CSc2ncnc3sc(C)cc23)n1,3.237420000000002,CCc1noc(C(C)Sc2ncnc3sc(C)cc23)n1,True,3.798420000000003,0.5610000000000008,0.6296296296296297,False,False
1.0,bin,18,0.9854800075292588,0.83024001121521,1.1407200038433076,1720876,CC(C)(C)CC(=O)NCC(=O)Nc1ccc2c(c1)COC2,2.2077,CCCCCCC(=O)Nc1ccc2c(c1)COC2,True,3.625700000000002,1.418000000000002,0.5510204081632653,False,True
1.0,bin,18,0.9854800075292588,0.83024001121521,1.1407200038433076,1757109,CC(C)Cc1ncc(CNc2ccc3c(c2)COC3)s1,3.983900000000003,CC(C)Cc1nc(C(C)C)c(CNc2ccc3c(c2)COC3)s1,True,5.107300000000005,1.123400000000002,0.6415094339622641,False,True
1.0,bin,18,0.9854800075292588,0.83024001121521,1.1407200038433076,1774061,O=C1NCCCc2[nH]c(-c3cccc4[nH]ccc34)nc21,2.234,CNCCCc1[nH]c(-c2cccc3[nH]ccc23)nc1C(=O)NCC(C)C,True,3.0958000000000014,0.8618000000000015,0.3424657534246575,False,True
1.0,bin,18,0.9854800075292588,0.83024001121521,1.1407200038433076,1800687,Cc1nn(C)c(-c2nc(-c3cccnn3)no2)c1Cl,1.8889199999999997,CCCCn1nc(C)c(Cl)c1-c1nc(-c2cccnn2)no1,True,3.152020000000002,1.2631000000000023,0.7115384615384616,False,True
1.0,bin,18,0.9854800075292588,0.83024001121521,1.1407200038433076,1815867,FC(F)(F)c1ccc(CN2CCOCC2c2ncon2)cc1,2.661900000000001,CC(C)CC1COCCN1Cc1ccc(Cl)c(-c2ncon2)c1,True,3.6369000000000025,0.9750000000000014,0.4117647058823529,False,True
1.0,bin,18,0.9854800075292588,0.83024001121521,1.1407200038433076,1828580,Cc1ccc(N2CC3OCC(=O)N(Cc4cccc(F)c4)C3C2)nn1,1.54032,Cc1ccc(N2CCOCC(=O)N(Cc3ccc(Cl)cc3)CC2)nn1,True,2.30382,0.7635000000000001,0.3561643835616438,False,True
1.0,bin,18,0.9854800075292588,0.83024001121521,1.1407200038433076,1836183,CCc1ccc(C(=O)NCc2nccc(N(C)C)n2)cc1,2.035,COCc1ccnc(CNC(=O)c2cccc(SC(C)C)c2)n1,True,3.0535000000000014,1.0185000000000013,0.36363636363636365,False,True
1.0,bin,18,0.9854800075292588,0.83024001121521,1.1407200038433076,1842499,COc1ccccc1COc1ccccc1-c1cnn(CCO)c1,3.1300000000000017,CN(C)N=CCc1ccccc1OCCC=CC=CF,True,3.584800000000003,0.4548000000000014,0.18571428571428572,False,True
1.0,bin,18,0.9854800075292588,0.83024001121521,1.1407200038433076,1865564,COC(CNC(=O)c1ccoc1)c1cccc(F)c1,2.536200000000001,COC(CNC(=O)c1coc(C(F)(F)F)c1C)c1ccccc1,True,3.7243200000000023,1.1881200000000014,0.43548387096774194,False,True
1.0,bin,18,0.9854800075292588,0.83024001121521,1.1407200038433076,1868773,CCCOc1ccc(Cl)c2c1CCNC2C1CC(=O)C1,3.2947000000000015,COc1cc2c(c(Cl)c1Cl)CCNC21CCC(=O)C1,True,3.096000000000002,-0.19869999999999965,0.23529411764705882,False,True
1.0,bin,18,0.9854800075292588,0.83024001121521,1.1407200038433076,1873123,CCC1OC(=O)c2c(OC)ccc(Br)c21,3.079200000000002,CCC1C=CC(OC)=CC(Cl)=CC(=O)O1,True,2.5310000000000006,-0.5482000000000014,0.2641509433962264,False,True
1.0,bin,18,0.9854800075292588,0.83024001121521,1.1407200038433076,1875028,Cc1cccc(C)c1NCC(=O)N1CCCC2CCCCC21,3.8965400000000034,O=C(CNc1cccc(F)c1Cl)NC1CCCC2CCCCC21,True,4.366100000000004,0.4695600000000004,0.3125,False,True
1.0,bin,18,0.9854800075292588,0.83024001121521,1.1407200038433076,1895921,CCC(CC)N(C)C(=O)CC1OC(=O)c2ccccc21,2.935200000000002,CC(C)C(C)(C)C(C)NC(=O)CC1OC(=O)c2ccccc21,True,3.475100000000002,0.5399000000000003,0.49056603773584906,False,True
1.0,bin,18,0.9854800075292588,0.83024001121521,1.1407200038433076,1907077,Cc1ccc2[nH]nc(C(=O)Nc3nc(-c4ccco4)cs3)c2c1,3.8401200000000015,CCC1(C)C=COC(=O)c2cc(C)ccc[nH]nc2C(=O)N1,True,2.4251199999999997,-1.4150000000000018,0.19753086419753085,False,True
1.0,bin,18,0.9854800075292588,0.83024001121521,1.1407200038433076,1913063,Cc1nn(C)c(C)c1CN(C(=O)c1cn2cccc(C)c2n1)C1CC1,2.797860000000001,C=NC1C(=CNC=CC=CC)C(=O)N(Cc2cn(C(C)C)nc2C)C1C,True,3.135620000000002,0.33776000000000117,0.125,False,True
1.0,bin,18,0.9854800075292588,0.83024001121521,1.1407200038433076,1922265,CN(CCNC(=O)c1ccc2c(c1)ncn2C)c1ccccc1,2.4395000000000007,CC(C)n1cnc2cc(C(=O)NCCN(C)c3ccccc3)ccc21,True,3.4834000000000023,1.0439000000000016,0.7592592592592593,False,True
1.0,bin,19,1.2959600001573564,1.1407200038433076,inf,32052,COc1ccccc1CNC(=O)Cc1c[nH]c2ccccc12,3.035400000000001,O=C(Cc1c[nH]c2ccccc12)NCc1ccccc1C(F)(F)F,True,4.045600000000002,1.010200000000001,0.6326530612244898,False,True
1.0,bin,19,1.2959600001573564,1.1407200038433076,inf,116747,COCCSc1ccccc1C(=O)Nc1cccc(C)n1,3.3808200000000017,CCCSc1ccccc1C(=O)Nc1ccc(Br)cn1,True,4.598500000000002,1.2176800000000005,0.47368421052631576,False,True
1.0,bin,19,1.2959600001573564,1.1407200038433076,inf,131060,CS(=O)(=O)NCCc1csc(-c2ccc(F)cc2)n1,2.0408999999999997,COCCNC(=O)CCc1csc(-c2ccc(C)c(C)c2)n1,True,3.1221400000000017,1.081240000000002,0.3709677419354839,False,True
1.0,bin,19,1.2959600001573564,1.1407200038433076,inf,131949,CCc1c(C)nc(SCC(=O)NC(C)C)[nH]c1=O,1.25742,CCCN(CC)C(=O)CSc1nc(C)c(CC)c(=O)[nH]1,True,1.9913199999999998,0.7338999999999998,0.5686274509803921,False,True
1.0,bin,19,1.2959600001573564,1.1407200038433076,inf,158879,COc1ccc(CC(=O)OCC(=O)c2c[nH]c3ccccc23)cc1,3.145100000000001,Cc1ccc(CC(=O)OC(C)C(=O)c2c[nH]c3cccc(C)c23)cc1,True,4.141840000000003,0.9967400000000017,0.375,False,True
1.0,bin,19,1.2959600001573564,1.1407200038433076,inf,232056,COCCNC(=O)c1cc(=O)c2cc(C)ccc2o1,1.4776199999999993,CCC(CC)NC(=O)c1cc(=O)c2cc(C)ccc2o1,True,3.019820000000001,1.5422000000000018,0.6122448979591837,False,True
1.0,bin,19,1.2959600001573564,1.1407200038433076,inf,235788,O=C(Cn1nc(-c2ccco2)oc1=O)NCC(F)(F)F,0.7747999999999999,CC(C)CCCCNC(=O)Cn1nc(-c2ccco2)oc1=O,True,2.0387999999999997,1.2639999999999998,0.631578947368421,False,True
1.0,bin,19,1.2959600001573564,1.1407200038433076,inf,236081,CC(=O)c1c(C)[nH]c(C(=O)CSc2nc(C(C)C)n[nH]2)c1C,3.0506400000000014,CC(=O)c1c(C)[nH]c(C(=O)C(C)Sc2nc(CC(C)C)n[nH]2)c1C,True,3.514240000000002,0.46360000000000046,0.4915254237288136,False,True
1.0,bin,19,1.2959600001573564,1.1407200038433076,inf,281081,O=C(Cn1cccn1)NCc1cccnc1Oc1ccc(F)cc1F,2.665000000000001,CC(C)(C)n1cccn1,True,1.6381,-1.026900000000001,0.16666666666666666,False,True
1.0,bin,19,1.2959600001573564,1.1407200038433076,inf,284170,COc1ccc(-c2nc(CC(=O)Nc3cccc(C)n3)cs2)cc1,3.7033200000000024,Cc1cccnc1NC(=O)Cc1csc(-c2ccc(Cl)c(Cl)c2)n1,True,5.001520000000002,1.2981999999999996,0.45454545454545453,False,True
1.0,bin,19,1.2959600001573564,1.1407200038433076,inf,288369,Cc1ccc(NCc2nnc3n2CCCCC3)cc1C,3.2334400000000016,CC(C)c1cccc(C(C)C)c1NCc1nnc2n1CCCCC2,True,4.863400000000004,1.6299600000000023,0.5576923076923077,False,True
1.0,bin,19,1.2959600001573564,1.1407200038433076,inf,302889,COc1ccc(OC)c(NC(=O)CCNC(=O)c2cccs2)c1,2.5239000000000003,O=C(CCNC(=O)c1cccs1)Nc1ccccc1CC(F)(F)F,True,3.6115000000000013,1.087600000000001,0.5254237288135594,False,True
1.0,bin,19,1.2959600001573564,1.1407200038433076,inf,327141,COc1ccc(OC)c(S(=O)(=O)Nc2ccn(C)n2)c1,1.2381,Cn1ccc(NS(=O)(=O)c2ccc(Cl)cc2)n1,True,1.8742999999999999,0.6361999999999999,0.4791666666666667,False,False
1.0,bin,19,1.2959600001573564,1.1407200038433076,inf,327382,CNC(=O)C1CN(C(=O)c2c(C)noc2C)c2ccccc2O1,1.4452399999999996,Cc1noc(C)c1C(=O)N1CC(C)Oc2ccc(Cl)cc21,True,3.3725400000000025,1.927300000000003,0.5333333333333333,False,True
1.0,bin,19,1.2959600001573564,1.1407200038433076,inf,406491,COCCNC(=O)C1CCCN(S(=O)(=O)N2CCOCC2)C1,-0.9619999999999964,CC(C)=CCNC(=O)C1CCCN(S(=O)(=O)N2CCOCC2)C1,True,0.35780000000000145,1.3197999999999979,0.660377358490566,False,True
1.0,bin,19,1.2959600001573564,1.1407200038433076,inf,413951,O=C(Cn1ncn2cccc2c1=O)N1CCCCCC1,0.8985999999999996,CC(C)(C)c1nn(CC(=O)N2CCCCCC2)c(=O)c2cccn12,True,2.1961000000000004,1.2975000000000008,0.5660377358490566,False,True
1.0,bin,19,1.2959600001573564,1.1407200038433076,inf,427929,CCNc1nc(NCc2ccccc2Cl)c2cnn(C)c2n1,3.060600000000001,CC=Nc1c2cnn(C)c2c(NCc2ccccc2F)n1C(C)C(C)C,True,5.065200000000004,2.0046000000000035,0.3013698630136986,False,True
1.0,bin,19,1.2959600001573564,1.1407200038433076,inf,447130,CCC(NC(=O)C1CCN(C(=O)C2CC2)CC1)c1ccc(C)cc1,3.2109200000000016,CC(C)C=CC=C1C=CC1(NC(=O)C1CCN(C2CC2)CC1)C(C)C,True,4.080200000000003,0.8692800000000016,0.23943661971830985,False,True
1.0,bin,19,1.2959600001573564,1.1407200038433076,inf,481908,CCNS(=O)(=O)c1ccc(C)c(C(=O)Nc2ncccc2C)c1,2.24894,Cc1cccnc1NC(=O)c1cc(F)c(F)cc1Br,True,3.683020000000001,1.4340800000000007,0.4909090909090909,False,True
1.0,bin,19,1.2959600001573564,1.1407200038433076,inf,485220,Cc1nn(CC(=O)N2CCN(C)CC2)c(C)c1Br,1.03644,CN1CCN(C(=O)Cn2cc(Cl)c(Cl)c2C(Cl)Cl)CC1,True,3.0451000000000015,2.0086600000000017,0.36538461538461536,False,True
1.0,bin,19,1.2959600001573564,1.1407200038433076,inf,526363,Cc1nnc(SCC(=O)Nc2ccc(O)cc2)n(N)c1=O,0.09692,C=CCn1c(SCC(=O)Nc2ccccc2Cl)nnc(C)c1=O,True,2.51692,2.42,0.4375,False,True
1.0,bin,19,1.2959600001573564,1.1407200038433076,inf,536853,COc1ccc(C2CCCN2C(=O)C2CCC2)c(OC)c1,3.1674000000000015,O=C(C1CCC1)N1CCCC1c1ccc(Cl)c(C(F)(F)F)c1,True,4.822400000000004,1.655000000000002,0.43103448275862066,False,True
1.0,bin,19,1.2959600001573564,1.1407200038433076,inf,540312,Cc1nn(C)c2nc(C3CC3)cc(C(=O)NCC(=O)NC(C)(C)C)c12,1.7986199999999997,Cn1cnc(C2CC2)cc(C(=O)OCC(F)(F)F)ccn1,True,2.5360000000000005,0.7373800000000008,0.24675324675324675,False,True
1.0,bin,19,1.2959600001573564,1.1407200038433076,inf,544381,Cc1nc(N2CCCC(C(=O)NC(C)C)C2)c2c(C)c(C)oc2n1,2.8890600000000006,CCc1nc(N2CCC(C(F)(F)F)CC2)c2c(C)c(C)oc2n1,True,4.180740000000004,1.291680000000003,0.36363636363636365,False,True
1.0,bin,19,1.2959600001573564,1.1407200038433076,inf,544382,CCCNC(=O)C1CCCN(c2nc(C)nc3oc(C)c(C)c23)C1,2.8906600000000013,CCCOCC1CCN(c2ncnc3oc(C)c(C(C)C)c23)C1,True,3.9075200000000034,1.016860000000002,0.3116883116883117,False,True
1.0,bin,19,1.2959600001573564,1.1407200038433076,inf,550049,Cc1ccc(C)c(OCC(=O)Nc2cccc(-n3cnnc3)c2)c1,2.9016400000000013,CCC(C)c1ccccc1OC(C)C(=O)Nc1cccc(-n2cnnc2)c1,True,4.1868000000000025,1.2851600000000012,0.45454545454545453,False,True
1.0,bin,19,1.2959600001573564,1.1407200038433076,inf,573533,Cc1nn(-c2ncc(C(F)(F)F)cc2Cl)c(=O)o1,2.2011199999999995,CC(C)CCSc1ncc(C(F)(F)F)c2c1cnn2C,True,4.125300000000003,1.9241800000000033,0.16417910447761194,False,True
1.0,bin,19,1.2959600001573564,1.1407200038433076,inf,582555,O=C(NCC(O)c1ccccc1)c1ccc2c(=O)n3c(nc2c1)CCC3,1.8061000000000003,COc1ccccc1CCNC(=O)c1ccc2c(=O)n3c(nc2c1)CCC3,True,2.3238000000000003,0.5177,0.6029411764705882,False,True
1.0,bin,19,1.2959600001573564,1.1407200038433076,inf,588547,Cc1n[nH]c(C)c1NC(=O)CCc1ccc(Cl)cc1Cl,3.9046400000000023,Cc1n[nH]c(C)c1NC(=O)CCc1c(Cl)cc(Cl)cc1Cl,True,4.558040000000003,0.6534000000000004,0.723404255319149,False,True
1.0,bin,19,1.2959600001573564,1.1407200038433076,inf,607673,CCCN(CC1CC1)S(=O)(=O)c1ccccc1F,2.636400000000001,CCCN(CC1CC1)S(=O)(=O)c1ccc(C(F)(F)F)cc1C,True,3.8245200000000033,1.1881200000000023,0.5714285714285714,False,True
1.0,bin,19,1.2959600001573564,1.1407200038433076,inf,617681,Cc1cc(C(=O)Nc2nc(-c3ccncc3)cs2)nn1C(C)C,3.5432200000000016,Cc1cc(C(C)C)nn1C(=O)c1nn(C(C)C)cc1-c1ccncc1,True,3.8428200000000032,0.29960000000000164,0.3484848484848485,False,True
1.0,bin,19,1.2959600001573564,1.1407200038433076,inf,650267,COc1ccc2oc(C(=O)NC3CCCCNC3=O)c(C)c2c1,2.14832,CC=CC(Cl)=CCC(=O)C(=O)NC1CCCCNC1,True,1.9026999999999998,-0.24562000000000017,0.17721518987341772,False,True
1.0,bin,19,1.2959600001573564,1.1407200038433076,inf,668639,Cc1cc(NC(=O)c2ccccc2Cl)ncc1N,2.8779200000000005,Cc1cc(NC(=O)c2c(Cl)cccc2Cl)nc(C)c1N,True,3.839740000000001,0.9618200000000003,0.47058823529411764,False,True
1.0,bin,19,1.2959600001573564,1.1407200038433076,inf,673160,CCC(=O)Nc1ccc2oc(C(F)(F)F)cc(=O)c2c1,3.160300000000001,CCCCCC(=O)Nc1ccc2oc(C(F)(F)F)cc(=O)c2c1,True,4.330600000000003,1.170300000000002,0.7708333333333334,False,True
1.0,bin,19,1.2959600001573564,1.1407200038433076,inf,711169,Cc1cccc(C(C)C)c1NC(=O)N(C)Cc1ccncc1,4.177320000000003,CCN(Cc1ccncc1)C(=O)Nc1c(C(C)C)cccc1C(C)(C)C,True,5.556500000000006,1.3791800000000034,0.5614035087719298,False,True
1.0,bin,19,1.2959600001573564,1.1407200038433076,inf,720969,Cc1noc(C)c1CCC(=O)OCC(=O)N1c2ccccc2CC1C,2.7450400000000013,Cc1noc(C)c1C(C)CCC(=O)OC(C)C(=O)Nc1ccccc1,True,3.745540000000002,1.0005000000000006,0.2857142857142857,False,True
1.0,bin,19,1.2959600001573564,1.1407200038433076,inf,730789,COC(=O)C1CCN(C(=O)c2cc3ccc(F)cc3nc2C)CC1,2.7075200000000006,Cc1nc2cc(F)ccc2cc1C(=O)N1CCC(C)CC1,True,3.554420000000002,0.8469000000000015,0.74,False,True
1.0,bin,19,1.2959600001573564,1.1407200038433076,inf,738178,Cc1ccc(-n2ccnc2SCc2nc(C3CC3)no2)cc1C,4.041840000000003,CC(C)(C=N)C1N=CC(Sc2nccn2C2=CC=CC2)O1,True,3.204970000000002,-0.8368700000000011,0.21518987341772153,False,True
1.0,bin,19,1.2959600001573564,1.1407200038433076,inf,771897,COc1ccccc1OCC(=O)N(C)Cc1sccc1C,3.102520000000002,Cc1ccsc1CN(C)C(=O)C(C)Oc1cccc(C(F)(F)F)c1,True,4.5012200000000036,1.3987000000000016,0.4126984126984127,False,True
1.0,bin,19,1.2959600001573564,1.1407200038433076,inf,811446,COC(=O)C1(NC(=O)c2cc(Br)c[nH]2)CCCCCC1,2.7730000000000006,CCC1CCCC(NC(=O)c2cc(Br)c[nH]2)C1,True,3.4758000000000013,0.7028000000000008,0.4107142857142857,False,True
1.0,bin,19,1.2959600001573564,1.1407200038433076,inf,848291,CCC(C)NC(=O)NCc1noc(-c2cccs2)n1,2.3958000000000004,CCC(CC)NC(=O)N(CC(C)C)c1noc(-c2cccs2)n1,True,4.158700000000003,1.7629000000000028,0.532258064516129,False,True
1.0,bin,19,1.2959600001573564,1.1407200038433076,inf,863440,COc1ccc(-c2nc(CCCO)cs2)cc1OC,2.752200000000001,COc1ccc(-c2nc(CCC(C)(C)C)cs2)cc1,True,4.797400000000005,2.045200000000004,0.46,False,True
1.0,bin,19,1.2959600001573564,1.1407200038433076,inf,864663,N#Cc1ccc(-c2cc(F)ccc2F)nc1N1CCCC1,3.498680000000002,CC(C)Cc1ccc(-c2ccc(C#N)c(N3CCCC3)n2)cc1,True,4.418980000000004,0.9203000000000019,0.48148148148148145,False,True
1.0,bin,19,1.2959600001573564,1.1407200038433076,inf,872100,CCc1cccc(C)c1NCC(O)c1ccc2c(c1)OCCO2,3.474120000000002,Cc1cccc(C(C)C)c1NCC(O)c1ccc2c(c1)OCCO2,True,4.035120000000002,0.5609999999999999,0.7254901960784313,False,True
1.0,bin,19,1.2959600001573564,1.1407200038433076,inf,886334,COc1ccc(C(=O)N2CCCC(C(=O)N3CCCCC3)C2)c(O)c1,2.2655000000000003,C=CC(=CC=CC(C)(C)C)C(=O)N1CCCC(C(=O)N2CCCCC2)C1,True,3.952200000000003,1.6867000000000028,0.3548387096774194,False,True
1.0,bin,19,1.2959600001573564,1.1407200038433076,inf,887387,COCCNC(=O)N(Cc1cccc(F)c1)CC1CCCO1,2.1627,CCOCC(=O)N(Cc1ccc(Cl)c(Cl)c1)CC1CCCO1,True,3.5375000000000023,1.3748000000000022,0.4411764705882353,False,True
1.0,bin,19,1.2959600001573564,1.1407200038433076,inf,889149,N#Cc1ccc(NC(=O)c2ccc(Br)cc2Cl)nc1,3.621480000000001,CC(C)(C)Oc1ccc(Cl)c(C(=O)Nc2ccc(C#N)cn2)c1,True,4.036280000000002,0.4148000000000014,0.5714285714285714,False,True
1.0,bin,19,1.2959600001573564,1.1407200038433076,inf,913483,O=C(CNC(=O)NCCc1c(Cl)cccc1Cl)NC1CC1,2.1137000000000006,CCC(NC(=O)NCCc1ccccc1)C(C)(C)C,True,3.3530000000000024,1.2393000000000018,0.2631578947368421,False,True
1.0,bin,19,1.2959600001573564,1.1407200038433076,inf,917620,C=CCN(Cc1ccccc1OC)C(=O)c1csc(C)n1,3.288520000000002,CCN(C=O)Cc1ccccc1C(F)(F)F,True,2.683700000000001,-0.604820000000001,0.203125,False,True
1.0,bin,19,1.2959600001573564,1.1407200038433076,inf,918312,CCOc1ccc(Cl)c(C(=O)N2CCN(c3ncccn3)CC2)n1,1.8860999999999997,CCC(CC)c1cc(C(=O)N2CCN(c3ncccn3)CC2)ncc1Cl,True,3.3910000000000027,1.504900000000003,0.5172413793103449,False,True
1.0,bin,19,1.2959600001573564,1.1407200038433076,inf,922879,CC(=O)c1ccc(N2CCN(Cc3c(F)cccc3F)CC2)cc1,3.489600000000003,CC=CC(C)=C1CN2CCN(c3ccc(C(C)=O)cc3F)CC2C=C1C,True,4.371400000000004,0.881800000000001,0.2857142857142857,False,True
1.0,bin,19,1.2959600001573564,1.1407200038433076,inf,927535,COc1cc(CN2CCN(c3ccccc3F)CC2)ccc1O,2.862100000000002,Fc1cccc(CN2CCN(c3cc(Cl)ccc3F)CC2)c1,True,3.940400000000003,1.078300000000001,0.43636363636363634,False,True
1.0,bin,19,1.2959600001573564,1.1407200038433076,inf,927567,Cc1ccccc1N1CCN(Cc2cccc(O)c2)CC1,3.022820000000001,Cc1ccccc1N1CCN(Cc2c(F)cccc2Cl)CC1,True,4.109720000000004,1.0869000000000026,0.5102040816326531,False,True
1.0,bin,19,1.2959600001573564,1.1407200038433076,inf,938108,CC(c1ccccc1)N(C)C(=O)CCC(=O)Nc1nccs1,3.0814000000000012,CC(C)N(C(=O)CCC(=O)Nc1nccs1)C(C)c1ccccc1,True,3.860000000000002,0.7786000000000008,0.78,False,True
1.0,bin,19,1.2959600001573564,1.1407200038433076,inf,943303,CN(CCCOc1ccccc1)C(=O)Nc1cccc2c1OCCO2,3.390600000000002,CC(C)(C)C=C1C=CC(OCCCNC(=O)Nc2cccc3c2OCCO3)=C1,True,4.412200000000003,1.0216000000000012,0.4305555555555556,False,True
1.0,bin,19,1.2959600001573564,1.1407200038433076,inf,946289,CC(NC(=O)C1(c2cc(-c3ccco3)on2)CC1)c1ccccc1,3.843600000000002,CC(C)C(NC(=O)C1(c2cc(-c3ccco3)on2)CC1)c1ccccc1,True,4.479700000000003,0.6361000000000008,0.8269230769230769,False,True
1.0,bin,19,1.2959600001573564,1.1407200038433076,inf,994077,Cc1nnc(Cn2c(-c3cccc(Br)c3)noc2=O)o1,2.0055199999999997,CC(C)c1nnc(Cn2c(-c3ccc(Cl)c(Cl)c3)noc2=O)o1,True,3.3648000000000025,1.3592800000000027,0.5084745762711864,False,True
1.0,bin,19,1.2959600001573564,1.1407200038433076,inf,1065620,O=C(NCc1cccnc1Oc1ccccc1)c1cccnc1,3.198900000000002,O=C1CC(Cl)=C(Cl)C=NCc2ccccc2Oc2ncccc2CN1,True,4.153800000000003,0.9549000000000012,0.14285714285714285,False,True
1.0,bin,19,1.2959600001573564,1.1407200038433076,inf,1093926,CN(C(=O)CNc1cccc(OCC2CCCO2)c1)c1ccccc1,3.319300000000002,O=C(CNC=C1C=CC(OCC2CCCO2)=C1)Nc1ccc(Cl)cc1,True,3.4013000000000018,0.08199999999999985,0.34177215189873417,False,True
1.0,bin,19,1.2959600001573564,1.1407200038433076,inf,1107920,CCc1ccc(-n2cc(C(=O)NC(C)c3ccccc3)nn2)cc1,3.320700000000002,CC(NC(=O)c1cn(C)nn1)c1ccc(-c2ccccc2)cc1C(C)(C)C,True,4.2706000000000035,0.9499000000000013,0.40625,False,True
1.0,bin,19,1.2959600001573564,1.1407200038433076,inf,1113130,CC(NC(=O)Cn1nnnc1C(C)(C)C)c1cccc2ccccc12,3.0012000000000016,C=CCC1(C)Cc2ccccc2C(C(C)C)NC(=O)Cn2nnnc21,True,2.5764999999999993,-0.4247000000000023,0.20481927710843373,False,True
1.0,bin,19,1.2959600001573564,1.1407200038433076,inf,1121751,COC(=O)Cn1ccc(NS(=O)(=O)c2ccc(F)c(F)c2F)n1,1.2742,CC(C)NC1=CC(NS(=O)(=O)c2ccc(F)c(Cl)c2)=N1,True,2.0089,0.7347000000000001,0.22058823529411764,False,True
1.0,bin,19,1.2959600001573564,1.1407200038433076,inf,1142531,CCOC(C)C(=O)NCCc1csc(-c2ccc(C)cc2)n1,3.2022200000000014,CCCC(=O)NCCC(C=CS)N=Cc1ccc(OCC)cc1,True,3.6227000000000027,0.4204800000000013,0.2077922077922078,False,True
1.0,bin,19,1.2959600001573564,1.1407200038433076,inf,1212157,CN(Cc1ccc(F)c(F)c1)C(=O)c1cncc(-c2cnn(C)c2)c1,3.0325000000000015,CN(Cc1ccc(Cl)c(Cl)c1)C(=O)c1cncc(-c2cnn(C)c2)c1,True,4.061100000000003,1.0286000000000017,0.7454545454545455,False,True
1.0,bin,19,1.2959600001573564,1.1407200038433076,inf,1215394,CCn1nc(C)cc1C(=O)Oc1cccc(NC(=O)C(C)C)c1,3.025120000000001,CCCCn1nc(C)cc1C(=O)Oc1cccc(Br)c1,True,3.973320000000003,0.9482000000000017,0.5166666666666667,False,True
1.0,bin,19,1.2959600001573564,1.1407200038433076,inf,1232922,CC(C)(C)OC(=O)NC1CCCN(S(=O)(=O)N2CCOCC2)C1,0.5525000000000011,CC(C)C(C)(C)OCC1CCN(S(=O)(=O)N2CCOCC2)CC1,True,1.7265999999999997,1.1740999999999986,0.4107142857142857,False,True
1.0,bin,19,1.2959600001573564,1.1407200038433076,inf,1238973,FC(F)(F)c1cnc(N2CCn3c(nnc3C3CC3)C2)c(Cl)c1,3.2429000000000023,CC(C)c1c(N2CCn3c(nnc3C(C)C)C2)nnc(C2CC2)c1Cl,True,3.8659000000000034,0.6230000000000011,0.35384615384615387,False,True
1.0,bin,19,1.2959600001573564,1.1407200038433076,inf,1299495,Cc1cc(CC(=O)N2CCCC2C(C#N)c2ccccc2)no1,2.823900000000001,CC(C)(C)c1cc(CC(=O)N2CCCC2C(C#N)c2ccccc2)no1,True,3.812980000000003,0.9890800000000022,0.7796610169491526,False,True
1.0,bin,19,1.2959600001573564,1.1407200038433076,inf,1309906,CC(C)CC(NC(=O)c1cc(=O)c2ccccc2o1)C(=O)OC(C)C,2.8891000000000018,CC1CCN1C(=O)C=CC(=O)c1cc(C(C)(C)C)ccc1O,True,3.0494000000000017,0.1602999999999999,0.10126582278481013,False,True
1.0,bin,19,1.2959600001573564,1.1407200038433076,inf,1362816,COCc1cccc(C(=O)NC2CC2c2cccc(Cl)c2)c1,3.772300000000002,CSc1cccc(C(=O)NC2CC2c2ccc(Cl)cc2)c1,True,4.347800000000003,0.5755000000000008,0.5172413793103449,False,True
1.0,bin,19,1.2959600001573564,1.1407200038433076,inf,1441838,COCC(=O)NC(C(=O)Nc1cccc(-c2nccs2)c1)C(C)C,2.5358,CCC(CC)C(C)NC(=O)Nc1cccc(-c2nccs2)c1,True,4.756300000000003,2.220500000000003,0.5645161290322581,False,True
1.0,bin,19,1.2959600001573564,1.1407200038433076,inf,1450449,CCCNC(=O)CSc1nc2c(cc1C#N)CCCC2,2.450380000000001,CC(C)CCN(C)C(=O)CSc1nc2c(cc1C#N)CCCC2,True,3.4286800000000026,0.9783000000000017,0.5737704918032787,False,True
1.0,bin,19,1.2959600001573564,1.1407200038433076,inf,1451910,O=S(=O)(NCc1nnc2ccccn12)c1ccc(F)c(F)c1,1.4859999999999995,O=S(=O)(NCc1nnc2ccccn12)c1ccc(Cl)cc1Cl,True,2.5146000000000006,1.028600000000001,0.6037735849056604,False,True
1.0,bin,19,1.2959600001573564,1.1407200038433076,inf,1479798,Cc1nc(C)c(CCC(=O)N(CC(C)C)CC(F)(F)F)c(=O)[nH]1,2.3662400000000003,CCC(C)(NC(=O)CCc1c(C)nc(C(C)C)[nH]c1=O)C(C)C,True,3.0752200000000016,0.7089800000000013,0.375,False,True
1.0,bin,19,1.2959600001573564,1.1407200038433076,inf,1507926,COC(=O)C(C)NC(=O)Cc1csc(-c2ccccc2Cl)n1,2.6837,COC(=O)Cc1csc(-c2ccc(Cl)cc2Cl)n1,True,3.8324000000000016,1.1487000000000016,0.5,False,True
1.0,bin,19,1.2959600001573564,1.1407200038433076,inf,1527882,Nc1ncccc1C(=O)Nc1ccc2cn[nH]c2c1,1.7923999999999998,CCN(CC)c1ncccc1C(=O)Nc1ccc2cn[nH]c2c1,True,3.056400000000001,1.2640000000000011,0.6666666666666666,False,True
1.0,bin,19,1.2959600001573564,1.1407200038433076,inf,1532848,COc1ccc(-c2ccc3c(=O)[nH]cnc3c2)cc1Cl,3.2521000000000013,O=c1[nH]cnc2cc(-c3ccc(Cl)cc3Cl)ccc12,True,3.8969000000000014,0.6448,0.574468085106383,False,True
1.0,bin,19,1.2959600001573564,1.1407200038433076,inf,1548351,COc1cc(OC)c2c(c1)C(c1cnccn1)NCC2,1.7288999999999999,Clc1ccc(Cl)c2c1CCNC2c1cnccn1,True,3.0185000000000013,1.2896000000000014,0.46153846153846156,False,False
1.0,bin,19,1.2959600001573564,1.1407200038433076,inf,1570134,COc1cccc(C(C)N2CCN(C(=O)c3ccc(O)cc3)CC2)c1,2.9198000000000013,CCc1ccc(C(=O)N2CCN(C(C)c3ccc(C)cc3)CC2)cc1,True,4.076420000000003,1.156620000000002,0.4642857142857143,False,True
1.0,bin,19,1.2959600001573564,1.1407200038433076,inf,1611406,CC(C)(C)N1CC(NC(=O)C2COc3ccc(F)cc3C2)CC1=O,1.8923999999999994,CCCC(C)N1CC(NC(=O)C2COc3ccc(Cl)cc3C2)CC1=O,True,2.796800000000001,0.9044000000000016,0.5217391304347826,False,True
1.0,bin,19,1.2959600001573564,1.1407200038433076,inf,1612684,CCCC1CN(C(=O)Nc2ccn(CCC(C)C)n2)CCO1,2.9620000000000015,CCCC(CC)CCCCn1cc(CNC(=O)N2CC(CCC)C2)o1,True,5.019200000000004,2.0572000000000026,0.26582278481012656,False,True
1.0,bin,19,1.2959600001573564,1.1407200038433076,inf,1639675,CCC(CC)c1nnc(NC(=O)c2scnc2C2CC2)s1,4.0279000000000025,CCC(C)(CC)c1nnc(NC(=O)c2sc(C)nc2C2CC2)s1,True,4.510420000000003,0.48252000000000095,0.4426229508196721,False,True
1.0,bin,19,1.2959600001573564,1.1407200038433076,inf,1675660,COc1ccnc(NC(=O)c2cccc(Cl)c2)c1,2.9959000000000007,COc1ccnc(NC(=O)c2ccc(Cl)c(Cl)c2)c1,True,3.649300000000002,0.6534000000000013,0.7111111111111111,False,False
1.0,bin,19,1.2959600001573564,1.1407200038433076,inf,1689728,CCc1noc(CSc2ncnc3sc(C)cc23)n1,3.237420000000002,CC(C)(C)c1noc(CSC2=CC=C3CSC3=NC=NC2)n1,True,3.597800000000002,0.36038000000000014,0.2465753424657534,False,True
1.0,bin,19,1.2959600001573564,1.1407200038433076,inf,1720876,CC(C)(C)CC(=O)NCC(=O)Nc1ccc2c(c1)COC2,2.2077,CCC1OCc2cc(NC(=O)NC(C)(C)C)ccc21,True,3.587900000000002,1.380200000000002,0.3559322033898305,False,True
1.0,bin,19,1.2959600001573564,1.1407200038433076,inf,1757109,CC(C)Cc1ncc(CNc2ccc3c(c2)COC3)s1,3.983900000000003,CC(C)c1ncc(C(C)Nc2ccc3c(c2)COC3)s1,True,4.469800000000004,0.4859000000000009,0.4642857142857143,False,True
1.0,bin,19,1.2959600001573564,1.1407200038433076,inf,1774061,O=C1NCCCc2[nH]c(-c3cccc4[nH]ccc34)nc21,2.234,CCCCN1CCCc2[nH]c(-c3cccc4[nH]ccc34)nc2C1=O,True,3.746500000000002,1.512500000000002,0.5737704918032787,False,True
1.0,bin,19,1.2959600001573564,1.1407200038433076,inf,1800687,Cc1nn(C)c(-c2nc(-c3cccnn3)no2)c1Cl,1.8889199999999997,CSc1ccc(-c2noc(-c3c(Cl)c(C)nn3C)n2)nn1,True,2.6108200000000004,0.7219000000000007,0.6470588235294118,False,True
1.0,bin,19,1.2959600001573564,1.1407200038433076,inf,1815867,FC(F)(F)c1ccc(CN2CCOCC2c2ncon2)cc1,2.661900000000001,C#CC(=CC=CC(C)C)C(N1CCOCC1c1noc(C)n1)C(C)(C)C,True,3.937820000000003,1.275920000000002,0.2073170731707317,False,True
1.0,bin,19,1.2959600001573564,1.1407200038433076,inf,1828580,Cc1ccc(N2CC3OCC(=O)N(Cc4cccc(F)c4)C3C2)nn1,1.54032,CC(C)C1=CC=CN2CC3OCC(=O)N(Cc4ccccc4)C3C2N=N1,True,2.9437000000000015,1.4033800000000016,0.32098765432098764,False,True
1.0,bin,19,1.2959600001573564,1.1407200038433076,inf,1836183,CCc1ccc(C(=O)NCc2nccc(N(C)C)n2)cc1,2.035,CN(C)c1ccnc(CNC(=O)c2ccc(Cl)c(Cl)c2Cl)n1,True,3.432800000000002,1.397800000000002,0.5769230769230769,False,True
1.0,bin,19,1.2959600001573564,1.1407200038433076,inf,1842499,COc1ccccc1COc1ccccc1-c1cnn(CCO)c1,3.1300000000000017,COc1ccccc1COc1ccccc1-c1cnn(C)c1C(F)(F)F,True,4.693500000000003,1.5635000000000012,0.5272727272727272,False,True
1.0,bin,19,1.2959600001573564,1.1407200038433076,inf,1865564,COC(CNC(=O)c1ccoc1)c1cccc(F)c1,2.536200000000001,COc1cccc(C(CNC(=O)c2coc(C)c2)CC(C)C)c1,True,4.156320000000003,1.6201200000000018,0.373134328358209,False,True
1.0,bin,19,1.2959600001573564,1.1407200038433076,inf,1868773,CCCOc1ccc(Cl)c2c1CCNC2C1CC(=O)C1,3.2947000000000015,CCCCc1ccc(Cl)c2c1CCNC21CCC(=O)C1,True,3.776600000000002,0.48190000000000044,0.29411764705882354,False,True
1.0,bin,19,1.2959600001573564,1.1407200038433076,inf,1873123,CCC1OC(=O)c2c(OC)ccc(Br)c21,3.079200000000002,CCCCC1OC(=O)c2ccc(Br)cc21,True,3.850800000000003,0.7716000000000012,0.3137254901960784,False,True
1.0,bin,19,1.2959600001573564,1.1407200038433076,inf,1875028,Cc1cccc(C)c1NCC(=O)N1CCCC2CCCCC21,3.8965400000000034,CC(C)c1cccc(C(C)C)c1NCC(=O)NCCC1CCCCC1,True,5.431900000000004,1.5353600000000007,0.3333333333333333,False,True
1.0,bin,19,1.2959600001573564,1.1407200038433076,inf,1895921,CCC(CC)N(C)C(=O)CC1OC(=O)c2ccccc21,2.935200000000002,CCCCC(C)N(CC)C(=O)NCC1OC(=O)c2ccccc21,True,3.508300000000002,0.5731000000000002,0.4406779661016949,False,True
1.0,bin,19,1.2959600001573564,1.1407200038433076,inf,1907077,Cc1ccc2[nH]nc(C(=O)Nc3nc(-c4ccco4)cs3)c2c1,3.8401200000000015,CC(C)(C)c1csc(NC(=O)c2n[nH]c3c2=CCC=CC=3)n1,True,1.9368999999999998,-1.9032200000000017,0.3333333333333333,False,True
1.0,bin,19,1.2959600001573564,1.1407200038433076,inf,1913063,Cc1nn(C)c(C)c1CN(C(=O)c1cn2cccc(C)c2n1)C1CC1,2.797860000000001,Cc1ccc[nH]cc(C(=O)N(Cc2c(C)nn(C)c2C)C2CC2)nc1,True,2.9976600000000015,0.19980000000000064,0.5522388059701493,False,True
1.0,bin,19,1.2959600001573564,1.1407200038433076,inf,1922265,CN(CCNC(=O)c1ccc2c(c1)ncn2C)c1ccccc1,2.4395000000000007,CC(CN(C)c1ccc(Cl)cc1)NC(=O)c1ccc2c(c1)ncn2C,True,3.4814000000000016,1.041900000000001,0.5483870967741935,False,True
3.0,null,20,,,,32052,COc1ccccc1CNC(=O)Cc1c[nH]c2ccccc12,3.035400000000001,COC(NC(=O)Cc1c[nH]c2ccccc12)c1ccc(C)cc1,True,3.480220000000002,0.4448200000000009,0.5272727272727272,False,True
3.0,null,20,,,,116747,COCCSc1ccccc1C(=O)Nc1cccc(C)n1,3.3808200000000017,CCOc1c(Cl)cc(C(=O)Nc2ccccn2)cc1OC,True,3.3946000000000014,0.013779999999999681,0.27941176470588236,False,False
3.0,null,20,,,,131060,CS(=O)(=O)NCCc1csc(-c2ccc(F)cc2)n1,2.0408999999999997,CCCCOC(C)C(=O)NCCc1csc(-c2ccccc2)n1,True,3.674000000000002,1.6331000000000024,0.3870967741935484,False,True
3.0,null,20,,,,131949,CCc1c(C)nc(SCC(=O)NC(C)C)[nH]c1=O,1.25742,CCC(O)CSC=NC(C)=C(SCC#N)C([NH])=O,True,1.81658,0.5591600000000001,0.1111111111111111,False,True
3.0,null,20,,,,158879,COc1ccc(CC(=O)OCC(=O)c2c[nH]c3ccccc23)cc1,3.145100000000001,N#CCOc1ccc(CC(=O)OCC(=O)c2c[nH]c3ccccc23)cc1,True,3.0388800000000007,-0.10622000000000043,0.7169811320754716,False,True
3.0,null,20,,,,232056,COCCNC(=O)c1cc(=O)c2cc(C)ccc2o1,1.4776199999999993,CCCN(C)C(=O)C1=CC(=O)C=CC=C(C)C=COO1,True,2.2858,0.8081800000000008,0.14084507042253522,False,True
3.0,null,20,,,,235788,O=C(Cn1nc(-c2ccco2)oc1=O)NCC(F)(F)F,0.7747999999999999,CCN(CC)C(=O)Cn1nc(-c2ccco2)oc1=O,True,0.9647,0.18990000000000007,0.5849056603773585,False,True
3.0,null,20,,,,236081,CC(=O)c1c(C)[nH]c(C(=O)CSc2nc(C(C)C)n[nH]2)c1C,3.0506400000000014,CCc1c(C(=O)CSc2nc(C)n[nH]2)[nH]c(C)c1C(C)=O,True,2.4896400000000005,-0.5610000000000008,0.5740740740740741,False,True
3.0,null,20,,,,281081,O=C(Cn1cccn1)NCc1cccnc1Oc1ccc(F)cc1F,2.665000000000001,COc1ccc(Oc2ncccc2CNC(=O)Cn2cccn2)cc1,True,2.3954000000000004,-0.2696000000000005,0.6666666666666666,False,True
3.0,null,20,,,,284170,COc1ccc(-c2nc(CC(=O)Nc3cccc(C)n3)cs2)cc1,3.7033200000000024,O=C(Cc1csc(-c2ccccc2)n1)Nc1ccc(Cl)cn1,True,4.039700000000002,0.33637999999999924,0.4918032786885246,False,True
3.0,null,20,,,,288369,Cc1ccc(NCc2nnc3n2CCCCC3)cc1C,3.2334400000000016,COc1cc(NCc2nnc3n2CCCCC3)cc(OC)c1OC,True,2.642400000000001,-0.5910400000000005,0.6078431372549019,False,True
3.0,null,20,,,,302889,COc1ccc(OC)c(NC(=O)CCNC(=O)c2cccs2)c1,2.5239000000000003,O=C(CCNC(=O)c1cccs1)Nc1ccc(F)c(F)c1,True,2.7849000000000004,0.2610000000000001,0.5263157894736842,False,False
3.0,null,20,,,,327141,COc1ccc(OC)c(S(=O)(=O)Nc2ccn(C)n2)c1,1.2381,Cn1ccc(NS(=O)(=O)c2ccccc2N)n1,True,0.8030999999999999,-0.43500000000000005,0.5208333333333334,False,True
3.0,null,20,,,,327382,CNC(=O)C1CN(C(=O)c2c(C)noc2C)c2ccccc2O1,1.4452399999999996,CCOC(=O)C1CN(C(=O)c2cnoc2C)c2ccccc2O1,True,1.9539199999999999,0.5086800000000002,0.46875,False,True
3.0,null,20,,,,406491,COCCNC(=O)C1CCCN(S(=O)(=O)N2CCOCC2)C1,-0.9619999999999964,CCOCC(=O)C1CCN(S(=O)(=O)N2CCOCC2)CC1,True,-0.11899999999999888,0.8429999999999975,0.42857142857142855,False,True
3.0,null,20,,,,413951,O=C(Cn1ncn2cccc2c1=O)N1CCCCCC1,0.8985999999999996,CC1(C)CCCCCN1C(=O)Cn1ncn2cccc2c1=O,True,1.6772000000000002,0.7786000000000006,0.6862745098039216,False,True
3.0,null,20,,,,427929,CCNc1nc(NCc2ccccc2Cl)c2cnn(C)c2n1,3.060600000000001,CCNc1nc(NCc2c(F)cccc2F)c2cnn(C)c2n1,True,2.6854000000000005,-0.3752000000000004,0.6415094339622641,False,True
3.0,null,20,,,,447130,CCC(NC(=O)C1CCN(C(=O)C2CC2)CC1)c1ccc(C)cc1,3.2109200000000016,CC1=CC=C(C(C)NC(=O)C2CCN(C3CC3)CC2C)C1,True,2.887900000000002,-0.32301999999999964,0.2318840579710145,False,True
3.0,null,20,,,,481908,CCNS(=O)(=O)c1ccc(C)c(C(=O)Nc2ncccc2C)c1,2.24894,Cc1cccnc1NC(=O)c1ccc(S(=O)(=O)NC(C)(C)C)cc1,True,2.719120000000001,0.47018000000000093,0.5178571428571429,False,True
3.0,null,20,,,,485220,Cc1nn(CC(=O)N2CCN(C)CC2)c(C)c1Br,1.03644,CC(=O)NCCNC(=O)Cn1nc(C)c(Br)c1C,True,0.5147399999999995,-0.5217000000000005,0.4782608695652174,False,True
3.0,null,20,,,,526363,Cc1nnc(SCC(=O)Nc2ccc(O)cc2)n(N)c1=O,0.09692,Cc1ccc(NC(=O)CSc2nnc(C)c(=O)n2N)cc1Cl,True,1.3531399999999998,1.25622,0.7115384615384616,False,False
3.0,null,20,,,,536853,COc1ccc(C2CCCN2C(=O)C2CCC2)c(OC)c1,3.1674000000000015,COc1ccc(Cl)cc1C1CCCN1C(=O)C1CCC1,True,3.8122000000000025,0.6448000000000009,0.66,False,True
3.0,null,20,,,,540312,Cc1nn(C)c2nc(C3CC3)cc(C(=O)NCC(=O)NC(C)(C)C)c12,1.7986199999999997,CCN(CC)C(=O)c1cc(C2CC2)nc2c1c(C#N)nn2C,True,2.1993799999999997,0.40076,0.43283582089552236,False,True
3.0,null,20,,,,544381,Cc1nc(N2CCCC(C(=O)NC(C)C)C2)c2c(C)c(C)oc2n1,2.8890600000000006,Cc1nc(N2CCCC(CC(N)=O)C2)c2c(C)c(C)oc2n1,True,2.23986,-0.6492000000000004,0.6101694915254238,False,True
3.0,null,20,,,,544382,CCCNC(=O)C1CCCN(c2nc(C)nc3oc(C)c(C)c23)C1,2.8906600000000013,Cc1nc(N2CCCC(C(=O)N(C)C)C2)c2c(C)c(C)oc2n1,True,2.4526600000000007,-0.4380000000000006,0.6724137931034483,False,True
3.0,null,20,,,,550049,Cc1ccc(C)c(OCC(=O)Nc2cccc(-n3cnnc3)c2)c1,2.9016400000000013,COc1ccc(OCC(=O)Nc2cccc(-n3cnnc3)c2)cc1,True,2.2934,-0.6082400000000012,0.6481481481481481,False,False
3.0,null,20,,,,573533,Cc1nn(-c2ncc(C(F)(F)F)cc2Cl)c(=O)o1,2.2011199999999995,CC(C)(C#N)C=NC(OC=O)n1nc(Cl)cc1Cl,True,2.4395800000000003,0.23846000000000078,0.16176470588235295,False,True
3.0,null,20,,,,582555,O=C(NCC(O)c1ccccc1)c1ccc2c(=O)n3c(nc2c1)CCC3,1.8061000000000003,O=C(NCC(O)c1ccccc1F)c1ccc2c(=O)n3c(nc2c1)CCC3,True,1.9452,0.13909999999999978,0.7704918032786885,False,True
3.0,null,20,,,,588547,Cc1n[nH]c(C)c1NC(=O)CCc1ccc(Cl)cc1Cl,3.9046400000000023,COc1ccc(CCC(=O)Nc2c(C)n[nH]c2C)cc1,True,2.60644,-1.2982000000000022,0.5471698113207547,False,False
3.0,null,20,,,,607673,CCCN(CC1CC1)S(=O)(=O)c1ccccc1F,2.636400000000001,CCN(CC1CC1)S(=O)(=O)c1ccc(S(=O)(=O)C(C)C)cc1,True,2.289300000000001,-0.3471000000000002,0.4,False,True
3.0,null,20,,,,617681,Cc1cc(C(=O)Nc2nc(-c3ccncc3)cs2)nn1C(C)C,3.5432200000000016,Cc1cc(-c2csc(NC(=O)c3cc(C)n(CCO)n3)n2)ccn1,True,2.2630399999999993,-1.2801800000000023,0.5396825396825397,False,True
3.0,null,20,,,,650267,COc1ccc2oc(C(=O)NC3CCCCNC3=O)c(C)c2c1,2.14832,O=C(NC1CCCCNC1=O)C1=CCc2ccccc2OC1,True,1.3327999999999993,-0.8155200000000007,0.4057971014492754,False,True
3.0,null,20,,,,668639,Cc1cc(NC(=O)c2ccccc2Cl)ncc1N,2.8779200000000005,COC1=CC(C(=O)Nc2ccc(N)cn2)C=COC1C,True,1.6812,-1.1967200000000005,0.23529411764705882,False,True
3.0,null,20,,,,673160,CCC(=O)Nc1ccc2oc(C(F)(F)F)cc(=O)c2c1,3.160300000000001,COCCCC(=O)Nc1ccc2oc(C(F)(F)F)cc(=O)c2c1,True,3.1769000000000016,0.016600000000000392,0.7058823529411765,False,True
3.0,null,20,,,,711169,Cc1cccc(C(C)C)c1NC(=O)N(C)Cc1ccncc1,4.177320000000003,COc1c(F)cc(NC(=O)N(C)Cc2ccncc2)cc1F,True,3.032300000000002,-1.1450200000000006,0.45614035087719296,False,True
3.0,null,20,,,,720969,Cc1noc(C)c1CCC(=O)OCC(=O)N1c2ccccc2CC1C,2.7450400000000013,Cc1noc(C)c1CCC(=O)OCC(=O)N1CCc2cc(Cl)ccc21,True,3.009940000000001,0.2648999999999999,0.5362318840579711,False,True
3.0,null,20,,,,730789,COC(=O)C1CCN(C(=O)c2cc3ccc(F)cc3nc2C)CC1,2.7075200000000006,CCOC(=O)C1CCN(C(=O)c2cc3ccccc3nc2C)CC1,True,2.958520000000001,0.25100000000000033,0.5964912280701754,False,True
3.0,null,20,,,,738178,Cc1ccc(-n2ccnc2SCc2nc(C3CC3)no2)cc1C,4.041840000000003,Fc1ccc(-n2ccnc2SCc2nc(C3CC3)no2)c(F)c1,True,3.7032000000000025,-0.3386400000000007,0.6271186440677966,False,True
3.0,null,20,,,,771897,COc1ccccc1OCC(=O)N(C)Cc1sccc1C,3.102520000000002,Cc1ccccc1OCC(=O)N(Cc1sccc1C)C(C)C,True,4.180940000000003,1.0784200000000013,0.5961538461538461,False,True
3.0,null,20,,,,811446,COC(=O)C1(NC(=O)c2cc(Br)c[nH]2)CCCCCC1,2.7730000000000006,O=C(NC1CCCCCC1)c1cc(Br)c[nH]1,True,3.229800000000001,0.4568000000000003,0.48936170212765956,False,False
3.0,null,20,,,,848291,CCC(C)NC(=O)NCc1noc(-c2cccs2)n1,2.3958000000000004,CCCNC(=O)C(C(N)=O)c1noc(-c2cccs2)n1,True,0.8931999999999998,-1.5026000000000006,0.4838709677419355,False,True
3.0,null,20,,,,863440,COc1ccc(-c2nc(CCCO)cs2)cc1OC,2.752200000000001,COc1ccc(-c2nc(CC(C)C)cs2)cc1N,True,3.599400000000001,0.8472,0.5098039215686274,False,True
3.0,null,20,,,,864663,N#Cc1ccc(-c2cc(F)ccc2F)nc1N1CCCC1,3.498680000000002,N#Cc1cc(-c2cccc(O)c2)nc(N2CCCC2)c1N,True,2.508279999999999,-0.9904000000000028,0.39655172413793105,False,True
3.0,null,20,,,,872100,CCc1cccc(C)c1NCC(O)c1ccc2c(c1)OCCO2,3.474120000000002,Cc1cc(C)c(NCC(O)c2ccc3c(c2)OCCO3)c(C)c1,True,3.5285600000000024,0.05444000000000049,0.673469387755102,False,False
3.0,null,20,,,,886334,COc1ccc(C(=O)N2CCCC(C(=O)N3CCCCC3)C2)c(O)c1,2.2655000000000003,CCCCCC(=O)N1CCCC(C(=O)N2CCCCC2)C1,True,2.817800000000001,0.5523000000000007,0.4,False,True
3.0,null,20,,,,887387,COCCNC(=O)N(Cc1cccc(F)c1)CC1CCCO1,2.1627,CNC(=O)N(Cc1cccc(F)c1)CC1CCCO1,True,2.1461000000000006,-0.016599999999999504,0.75,False,True
3.0,null,20,,,,889149,N#Cc1ccc(NC(=O)c2ccc(Br)cc2Cl)nc1,3.621480000000001,CN(C)c1ccc(C(=O)Nc2ccc(C#N)cn2)cc1,True,2.27158,-1.3499000000000008,0.49056603773584906,False,True
3.0,null,20,,,,913483,O=C(CNC(=O)NCCc1c(Cl)cccc1Cl)NC1CC1,2.1137000000000006,NC1CC1NC(=O)NCC(=O)CCc1cccc(Cl)c1,True,1.2405000000000006,-0.8732,0.32786885245901637,False,True
3.0,null,20,,,,917620,C=CCN(Cc1ccccc1OC)C(=O)c1csc(C)n1,3.288520000000002,CCN(Cc1ccc(OC)cc1Cl)C(=O)c1csc(C)n1,True,3.775820000000003,0.4873000000000012,0.4838709677419355,False,True
3.0,null,20,,,,918312,CCOc1ccc(Cl)c(C(=O)N2CCN(c3ncccn3)CC2)n1,1.8860999999999997,COc1ccnc(C(=O)N2CCN(c3ncc(F)cn3)CC2)c1,True,0.9816999999999999,-0.9043999999999998,0.359375,False,True
3.0,null,20,,,,922879,CC(=O)c1ccc(N2CCN(Cc3c(F)cccc3F)CC2)cc1,3.489600000000003,CC(C)NC(=O)c1ccc(N2CCN(Cc3ccccc3F)CC2)cc1,True,3.286100000000002,-0.2035000000000009,0.5283018867924528,False,True
3.0,null,20,,,,927535,COc1cc(CN2CCN(c3ccccc3F)CC2)ccc1O,2.862100000000002,COc1cc(CN2CCN(c3cccc(F)c3)CC2)ccc1O,True,2.862100000000002,0.0,0.6666666666666666,False,True
3.0,null,20,,,,927567,Cc1ccccc1N1CCN(Cc2cccc(O)c2)CC1,3.022820000000001,CCCN(CCNCC12C=CC=C(C1)C2)c1ccccc1C(=O)NC,True,3.1286000000000014,0.10578000000000021,0.16,False,True
3.0,null,20,,,,938108,CC(c1ccccc1)N(C)C(=O)CCC(=O)Nc1nccs1,3.0814000000000012,Cc1ccc(C(C)NC(=O)CCC(=O)Nc2nccs2)cc1,True,3.047620000000001,-0.03378000000000014,0.5555555555555556,False,False
3.0,null,20,,,,943303,CN(CCCOc1ccccc1)C(=O)Nc1cccc2c1OCCO2,3.390600000000002,COc1ccccc1OCCCNC(=O)Nc1cccc2c1OCCO2,True,3.0570000000000013,-0.33360000000000056,0.5079365079365079,False,True
3.0,null,20,,,,946289,CC(NC(=O)C1(c2cc(-c3ccco3)on2)CC1)c1ccccc1,3.843600000000002,O=C(NCc1ccc(C(F)F)cc1)C1(c2ccon2)CC1c1ccco1,True,3.946900000000003,0.10330000000000084,0.27631578947368424,False,True
3.0,null,20,,,,994077,Cc1nnc(Cn2c(-c3cccc(Br)c3)noc2=O)o1,2.0055199999999997,CC(C)c1nnc(Cn2c(-c3cccc(Cl)c3)noc2=O)o1,True,2.711400000000001,0.7058800000000014,0.5789473684210527,False,True
3.0,null,20,,,,1065620,O=C(NCc1cccnc1Oc1ccccc1)c1cccnc1,3.198900000000002,O=C(NCc1cccnc1Oc1cccc(Cl)c1)c1cccnc1,True,3.8523000000000023,0.6534000000000004,0.7647058823529411,False,True
3.0,null,20,,,,1093926,CN(C(=O)CNc1cccc(OCC2CCCO2)c1)c1ccccc1,3.319300000000002,O=C(CNc1cccc(OCC2CCCO2)c1)Nc1ccccc1F,True,3.4341000000000017,0.11479999999999979,0.6153846153846154,False,False
3.0,null,20,,,,1107920,CCc1ccc(-n2cc(C(=O)NC(C)c3ccccc3)nn2)cc1,3.320700000000002,Cc1ccc(C(C)NC(=O)c2cn(-c3ccccc3)nn2)cc1C,True,3.375140000000002,0.0544399999999996,0.6296296296296297,False,True
3.0,null,20,,,,1113130,CC(NC(=O)Cn1nnnc1C(C)(C)C)c1cccc2ccccc12,3.0012000000000016,CC(NC(=O)Cn1nnnc1C(C)(C)C)c1cccc2ccccc12,True,3.0012000000000016,0.0,1.0,True,False
3.0,null,20,,,,1121751,COC(=O)Cn1ccc(NS(=O)(=O)c2ccc(F)c(F)c2F)n1,1.2742,C=C(C)COc1ccc(S(=O)(=O)Nc2ccn(CC(F)F)n2)cc1,True,2.903900000000001,1.629700000000001,0.3939393939393939,False,True
3.0,null,20,,,,1142531,CCOC(C)C(=O)NCCc1csc(-c2ccc(C)cc2)n1,3.2022200000000014,Cc1ccc(-c2nc(CCNS(C)(=O)=O)cs2)cc1Cl,True,2.863620000000001,-0.33860000000000046,0.390625,False,True
3.0,null,20,,,,1212157,CN(Cc1ccc(F)c(F)c1)C(=O)c1cncc(-c2cnn(C)c2)c1,3.0325000000000015,C=CCN(Cc1ccccc1)C(=O)c1cncc(-c2cnn(C)c2)c1,True,3.310500000000002,0.27800000000000047,0.5555555555555556,False,True
3.0,null,20,,,,1215394,CCn1nc(C)cc1C(=O)Oc1cccc(NC(=O)C(C)C)c1,3.025120000000001,CCOc1cc(C#N)ccc1OC(=O)c1cc(C)nn1CC,True,2.7010000000000005,-0.32412000000000063,0.4307692307692308,False,True
3.0,null,20,,,,1232922,CC(C)(C)OC(=O)NC1CCCN(S(=O)(=O)N2CCOCC2)C1,0.5525000000000011,CCOCC1CCCN(S(=O)(=O)N2CCOCC2)C1,True,0.31190000000000073,-0.24060000000000037,0.46296296296296297,False,False
3.0,null,20,,,,1238973,FC(F)(F)c1cnc(N2CCn3c(nnc3C3CC3)C2)c(Cl)c1,3.2429000000000023,FC1=CC=C(NCCn2c(Cl)nnc2C2CC2Cl)NN=C1,True,1.8995999999999997,-1.3433000000000026,0.16455696202531644,False,True
3.0,null,20,,,,1299495,Cc1cc(CC(=O)N2CCCC2C(C#N)c2ccccc2)no1,2.823900000000001,CCc1ccc(CC(C#N)C2CCCN2C(=O)Cc2ccon2)cc1,True,3.152980000000002,0.32908000000000115,0.4714285714285714,False,True
3.0,null,20,,,,1309906,CC(C)CC(NC(=O)c1cc(=O)c2ccccc2o1)C(=O)OC(C)C,2.8891000000000018,CC(C)COC(=O)C(C)NC(=O)c1cc(=O)c2ccccc2o1,True,2.1105,-0.7786000000000017,0.6415094339622641,False,True
3.0,null,20,,,,1362816,COCc1cccc(C(=O)NC2CC2c2cccc(Cl)c2)c1,3.772300000000002,COc1cccc(C(=O)NC2CC2c2ccc(OC)c(OC)c2)c1,True,2.9983000000000013,-0.7740000000000009,0.5084745762711864,False,True
3.0,null,20,,,,1441838,COCC(=O)NC(C(=O)Nc1cccc(-c2nccs2)c1)C(C)C,2.5358,CCOC(=O)NCC(=O)Nc1cccc(-c2nccs2)c1,True,2.494700000000001,-0.04109999999999925,0.5555555555555556,False,True
3.0,null,20,,,,1450449,CCCNC(=O)CSc1nc2c(cc1C#N)CCCC2,2.450380000000001,Cc1cc2c(nc1SCCNS(C)(=O)=O)CCCCN2,True,1.77952,-0.6708600000000009,0.28169014084507044,False,True
3.0,null,20,,,,1451910,O=S(=O)(NCc1nnc2ccccn12)c1ccc(F)c(F)c1,1.4859999999999995,O=S(=O)(NCc1nnc2ccccn12)c1ccc(F)cc1F,True,1.4859999999999998,2.220446049250313e-16,0.6666666666666666,False,False
3.0,null,20,,,,1479798,Cc1nc(C)c(CCC(=O)N(CC(C)C)CC(F)(F)F)c(=O)[nH]1,2.3662400000000003,COCC(C)OC(=O)CCc1c(C)nc(C)[nH]c1=O,True,0.8974400000000002,-1.4688,0.47368421052631576,False,True
3.0,null,20,,,,1507926,COC(=O)C(C)NC(=O)Cc1csc(-c2ccccc2Cl)n1,2.6837,CCOCCNC(=O)Cc1csc(-c2ccccc2Cl)n1,True,3.1587000000000014,0.4750000000000014,0.5964912280701754,False,True
3.0,null,20,,,,1527882,Nc1ncccc1C(=O)Nc1ccc2cn[nH]c2c1,1.7923999999999998,CC(C)CN(C)c1ncccc1C(=O)Nc1ccc2cn[nH]c2c1,True,3.3024000000000013,1.5100000000000016,0.6206896551724138,False,True
3.0,null,20,,,,1532848,COc1ccc(-c2ccc3c(=O)[nH]cnc3c2)cc1Cl,3.2521000000000013,COc1ccc(-c2ccc3c(=O)[nH]cnc3c2)c(OC)c1,True,2.6073000000000004,-0.6448000000000009,0.625,False,True
3.0,null,20,,,,1548351,COc1cc(OC)c2c(c1)C(c1cnccn1)NCC2,1.7288999999999999,FC(F)(F)Oc1ccc2c(c1)CCNC2c1cnccn1,True,2.6102999999999996,0.8813999999999997,0.47368421052631576,False,False
3.0,null,20,,,,1570134,COc1cccc(C(C)N2CCN(C(=O)c3ccc(O)cc3)CC2)c1,2.9198000000000013,COc1ccc(C(=O)N2CCN(C(C)c3ccc(C)cc3)CC2)cc1,True,3.5226200000000025,0.6028200000000012,0.6078431372549019,False,True
3.0,null,20,,,,1611406,CC(C)(C)N1CC(NC(=O)C2COc3ccc(F)cc3C2)CC1=O,1.8923999999999994,CN1CC(NC(=O)C2COc3ccccc3C2)CC1=O,True,0.5845999999999991,-1.3078000000000003,0.55,False,True
3.0,null,20,,,,1612684,CCCC1CN(C(=O)Nc2ccn(CCC(C)C)n2)CCO1,2.9620000000000015,CCCC1CN(C(=O)Nc2cc(C)n(C)n2)CCO1,True,1.7613199999999998,-1.2006800000000017,0.6166666666666667,False,False
3.0,null,20,,,,1639675,CCC(CC)c1nnc(NC(=O)c2scnc2C2CC2)s1,4.0279000000000025,CC=NN=C(S)NC(=O)c1scnc1C1CC1,True,2.0418,-1.9861000000000026,0.4482758620689655,False,True
3.0,null,20,,,,1675660,COc1ccnc(NC(=O)c2cccc(Cl)c2)c1,2.9959000000000007,CCOc1ccnc(NC(=O)c2ccc(OC)cc2)c1C,True,3.0496200000000018,0.0537200000000011,0.3620689655172414,False,True
3.0,null,20,,,,1689728,CCc1noc(CSc2ncnc3sc(C)cc23)n1,3.237420000000002,COCc1noc(CSc2ncnc3sc(C)cc23)n1,True,2.8214200000000007,-0.41600000000000126,0.78,False,True
3.0,null,20,,,,1720876,CC(C)(C)CC(=O)NCC(=O)Nc1ccc2c(c1)COC2,2.2077,CCOC(=O)NCC(=O)Nc1ccc2c(c1)COC2,True,1.4013999999999998,-0.8063000000000002,0.6458333333333334,False,True
3.0,null,20,,,,1757109,CC(C)Cc1ncc(CNc2ccc3c(c2)COC3)s1,3.983900000000003,COCC=NC=C(CS)CNc1ccc2c(c1)COC2C,True,3.220600000000002,-0.763300000000001,0.2236842105263158,False,True
3.0,null,20,,,,1774061,O=C1NCCCc2[nH]c(-c3cccc4[nH]ccc34)nc21,2.234,O=C1c2nc3[nH]c2CCCN1C1=CCOC=CC=C3N1,True,1.1275,-1.1065,0.25,False,True
3.0,null,20,,,,1800687,Cc1nn(C)c(-c2nc(-c3cccnn3)no2)c1Cl,1.8889199999999997,Cc1n[nH]c(-c2nc(-c3ccc(N)nn3)no2)c1C,True,1.1157400000000002,-0.7731799999999995,0.31666666666666665,False,True
3.0,null,20,,,,1815867,FC(F)(F)c1ccc(CN2CCOCC2c2ncon2)cc1,2.661900000000001,Fc1cc(CN2CCOCC2c2ncon2)cc(F)c1Cl,True,2.574700000000001,-0.08720000000000017,0.660377358490566,False,True
3.0,null,20,,,,1828580,Cc1ccc(N2CC3OCC(=O)N(Cc4cccc(F)c4)C3C2)nn1,1.54032,O=C1COCCN(c2ccc(OCc3ccccc3)nn2)CCN1,True,1.0084,-0.53192,0.24691358024691357,False,True
3.0,null,20,,,,1836183,CCc1ccc(C(=O)NCc2nccc(N(C)C)n2)cc1,2.035,Cc1ccc(C(=O)NCc2nccc(N(C)C)n2)cc1F,True,1.9201199999999998,-0.11488000000000032,0.6470588235294118,False,True
3.0,null,20,,,,1842499,COc1ccccc1COc1ccccc1-c1cnn(CCO)c1,3.1300000000000017,COc1ccccc1COc1ccccc1-c1cnn(C)c1,True,3.6747000000000023,0.5447000000000006,0.7391304347826086,False,True
3.0,null,20,,,,1865564,COC(CNC(=O)c1ccoc1)c1cccc(F)c1,2.536200000000001,O=C(NCCc1cc(O)cc(Cl)c1)c1ccoc1,True,2.6111000000000004,0.07489999999999952,0.36065573770491804,False,True
3.0,null,20,,,,1868773,CCCOc1ccc(Cl)c2c1CCNC2C1CC(=O)C1,3.2947000000000015,COc1ccc2cc1C1(CCO2)CCC(=O)C1N,True,1.4057000000000002,-1.8890000000000013,0.18055555555555555,False,True
3.0,null,20,,,,1873123,CCC1OC(=O)c2c(OC)ccc(Br)c21,3.079200000000002,CCC1OC(=O)c2c(Br)ccc(OC)c21,True,3.079200000000001,-8.881784197001252e-16,0.8108108108108109,False,True
3.0,null,20,,,,1875028,Cc1cccc(C)c1NCC(=O)N1CCCC2CCCCC21,3.8965400000000034,CC(=O)N(C)c1cccc(NCC(=O)N2CCCC3CCCCC32)c1,True,3.262400000000002,-0.6341400000000013,0.5818181818181818,False,True
3.0,null,20,,,,1895921,CCC(CC)N(C)C(=O)CC1OC(=O)c2ccccc21,2.935200000000002,COC(=O)CC1OC(=O)c2ccccc21,True,1.4612,-1.4740000000000018,0.5555555555555556,False,True
3.0,null,20,,,,1907077,Cc1ccc2[nH]nc(C(=O)Nc3nc(-c4ccco4)cs3)c2c1,3.8401200000000015,COc1ccc2[nH]nc(C(=O)Nc3nc(-c4ccco4)cs3)c2c1,True,3.540300000000001,-0.2998200000000004,0.7796610169491526,False,True
3.0,null,20,,,,1913063,Cc1nn(C)c(C)c1CN(C(=O)c1cn2cccc(C)c2n1)C1CC1,2.797860000000001,CCCN(CC1=CC1)C(=O)c1cn2cccc(C)c2nc1=N,True,2.30449,-0.493370000000001,0.3835616438356164,False,True
3.0,null,20,,,,1922265,CN(CCNC(=O)c1ccc2c(c1)ncn2C)c1ccccc1,2.4395000000000007,C=NCCNC(=O)c1cccc(N=CN)c1,True,0.7355,-1.7040000000000006,0.2727272727272727,False,True
3.0,bin,0,-1.2959600001573561,-inf,-1.1407200038433074,32052,COc1ccccc1CNC(=O)Cc1c[nH]c2ccccc12,3.035400000000001,NS(=O)(=O)Cc1ccc(CNC(=O)Cc2c[nH]c3ccccc23)cc1,True,1.8153,-1.220100000000001,0.5686274509803921,False,True
3.0,bin,0,-1.2959600001573561,-inf,-1.1407200038433074,116747,COCCSc1ccccc1C(=O)Nc1cccc(C)n1,3.3808200000000017,Cc1cccc(NC(=O)c2ccccc2NC(=O)CNC(N)=O)n1,True,1.2491199999999998,-2.131700000000002,0.49122807017543857,False,True
3.0,bin,0,-1.2959600001573561,-inf,-1.1407200038433074,131060,CS(=O)(=O)NCCc1csc(-c2ccc(F)cc2)n1,2.0408999999999997,NS(=O)(=O)NCC(=O)NCCc1csc(-c2ccccc2)n1,True,0.2619000000000007,-1.778999999999999,0.4642857142857143,False,True
3.0,bin,0,-1.2959600001573561,-inf,-1.1407200038433074,131949,CCc1c(C)nc(SCC(=O)NC(C)C)[nH]c1=O,1.25742,CNC(=O)CSc1nc(COC)cc(=O)[nH]1,True,-0.2456000000000002,-1.5030200000000002,0.3448275862068966,False,True
3.0,bin,0,-1.2959600001573561,-inf,-1.1407200038433074,158879,COc1ccc(CC(=O)OCC(=O)c2c[nH]c3ccccc23)cc1,3.145100000000001,NC(=O)CO,True,-1.536,-4.681100000000001,0.08163265306122448,False,True
3.0,bin,0,-1.2959600001573561,-inf,-1.1407200038433074,232056,COCCNC(=O)c1cc(=O)c2cc(C)ccc2o1,1.4776199999999993,NS(=O)(=O)CCNC(=O)c1cc(=O)c2cc(O)ccc2o1,True,-0.4830999999999992,-1.9607199999999985,0.5283018867924528,False,True
3.0,bin,0,-1.2959600001573561,-inf,-1.1407200038433074,235788,O=C(Cn1nc(-c2ccco2)oc1=O)NCC(F)(F)F,0.7747999999999999,NS(=O)(=O)NCCn1nc(-c2ccco2)oc1=O,True,-1.1105999999999996,-1.8853999999999995,0.49122807017543857,False,True
3.0,bin,0,-1.2959600001573561,-inf,-1.1407200038433074,236081,CC(=O)c1c(C)[nH]c(C(=O)CSc2nc(C(C)C)n[nH]2)c1C,3.0506400000000014,COC(=O)c1c(C)[nH]c(C(=O)CSc2ncn[nH]2)c1C,True,1.51124,-1.5394000000000014,0.4576271186440678,False,False
3.0,bin,0,-1.2959600001573561,-inf,-1.1407200038433074,281081,O=C(Cn1cccn1)NCc1cccnc1Oc1ccc(F)cc1F,2.665000000000001,Nc1ccc(Oc2ncccc2CNC(=O)CN2N=CCC(=O)N2)c(N)c1,True,0.37720000000000015,-2.2878000000000007,0.44155844155844154,False,True
3.0,bin,0,-1.2959600001573561,-inf,-1.1407200038433074,284170,COc1ccc(-c2nc(CC(=O)Nc3cccc(C)n3)cs2)cc1,3.7033200000000024,O=C1C=CC=NC(NC(=O)Cc2csc(-c3ccccc3)n2)N1,True,1.5091999999999994,-2.194120000000003,0.37681159420289856,False,True
3.0,bin,0,-1.2959600001573561,-inf,-1.1407200038433074,288369,Cc1ccc(NCc2nnc3n2CCCCC3)cc1C,3.2334400000000016,NC(=O)COCc1ccccc1NCc1nnc2n1CCCCC2,True,1.6184999999999987,-1.614940000000003,0.4444444444444444,False,True
3.0,bin,0,-1.2959600001573561,-inf,-1.1407200038433074,302889,COc1ccc(OC)c(NC(=O)CCNC(=O)c2cccs2)c1,2.5239000000000003,NS(=O)(=O)c1ccc(NC(=O)CCNC(=O)c2cccs2)cc1,True,1.1541,-1.3698000000000004,0.4915254237288136,False,True
3.0,bin,0,-1.2959600001573561,-inf,-1.1407200038433074,327141,COc1ccc(OC)c(S(=O)(=O)Nc2ccn(C)n2)c1,1.2381,Cn1ccc(NS(=O)(=O)c2ccc(O)c(S(N)(=O)=O)c2)n1,True,-0.42610000000000015,-1.6642000000000001,0.4716981132075472,False,True
3.0,bin,0,-1.2959600001573561,-inf,-1.1407200038433074,327382,CNC(=O)C1CN(C(=O)c2c(C)noc2C)c2ccccc2O1,1.4452399999999996,Nc1onc(S(N)(=O)=O)c1C(=O)NCC1COc2ccccc2O1,True,-0.526,-1.9712399999999997,0.26666666666666666,False,True
3.0,bin,0,-1.2959600001573561,-inf,-1.1407200038433074,406491,COCCNC(=O)C1CCCN(S(=O)(=O)N2CCOCC2)C1,-0.9619999999999964,NS(=O)(=O)c1ccc(S(=O)(=O)N2CCCC(CO)C2)cc1,True,-0.27299999999999947,0.688999999999997,0.25,False,True
3.0,bin,0,-1.2959600001573561,-inf,-1.1407200038433074,413951,O=C(Cn1ncn2cccc2c1=O)N1CCCCCC1,0.8985999999999996,O=C(Cn1ncn2cccc2c1=O)N1CCCCCS(=O)(=O)N1,True,-0.6570999999999994,-1.555699999999999,0.660377358490566,False,True
3.0,bin,0,-1.2959600001573561,-inf,-1.1407200038433074,427929,CCNc1nc(NCc2ccccc2Cl)c2cnn(C)c2n1,3.060600000000001,Cn1ncc2c(NCc3ccccc3)nc(NCCO)nc21,True,1.3795999999999997,-1.6810000000000012,0.5535714285714286,False,False
3.0,bin,0,-1.2959600001573561,-inf,-1.1407200038433074,447130,CCC(NC(=O)C1CCN(C(=O)C2CC2)CC1)c1ccc(C)cc1,3.2109200000000016,NC(=O)c1cccc(CNC(=O)C2CCN(C(=O)C3CC3)CC2)c1,True,1.0502999999999996,-2.160620000000002,0.4,False,True
3.0,bin,0,-1.2959600001573561,-inf,-1.1407200038433074,481908,CCNS(=O)(=O)c1ccc(C)c(C(=O)Nc2ncccc2C)c1,2.24894,CNS(=O)(=O)c1ccc(O)c(C(=O)Nc2ncccc2O)c1,True,0.6531999999999996,-1.5957400000000006,0.5454545454545454,False,True
3.0,bin,0,-1.2959600001573561,-inf,-1.1407200038433074,485220,Cc1nn(CC(=O)N2CCN(C)CC2)c(C)c1Br,1.03644,Cc1nn(CC(=O)N2CCN(S(N)(=O)=O)CC2)c(C)c1Cl,True,-0.49895999999999785,-1.5353999999999979,0.5,False,True
3.0,bin,0,-1.2959600001573561,-inf,-1.1407200038433074,526363,Cc1nnc(SCC(=O)Nc2ccc(O)cc2)n(N)c1=O,0.09692,NC(=O)C=NN=C(SCC(=O)Nc1ccc(O)cc1)N(N)C=O,True,-0.7769000000000006,-0.8738200000000006,0.3384615384615385,False,True
3.0,bin,0,-1.2959600001573561,-inf,-1.1407200038433074,536853,COc1ccc(C2CCCN2C(=O)C2CCC2)c(OC)c1,3.1674000000000015,NS(=O)(=O)NCc1ccc(C2CCCN2C(=O)C2CCC2)cc1,True,1.4432999999999994,-1.7241000000000022,0.4,False,True
3.0,bin,0,-1.2959600001573561,-inf,-1.1407200038433074,540312,Cc1nn(C)c2nc(C3CC3)cc(C(=O)NCC(=O)NC(C)(C)C)c12,1.7986199999999997,CN(CC(N)=O)C(=O)c1cc(C2CC2)nc2c1cnn2C,True,0.4029999999999996,-1.39562,0.352112676056338,False,True
3.0,bin,0,-1.2959600001573561,-inf,-1.1407200038433074,544381,Cc1nc(N2CCCC(C(=O)NC(C)C)C2)c2c(C)c(C)oc2n1,2.8890600000000006,Cc1nc(N2CCCC(C(N)=O)C2)c2c(C)c(C)oc2n1,True,1.84976,-1.0393000000000006,0.7358490566037735,False,True
3.0,bin,0,-1.2959600001573561,-inf,-1.1407200038433074,544382,CCCNC(=O)C1CCCN(c2nc(C)nc3oc(C)c(C)c23)C1,2.8906600000000013,Cc1nc(N2CCC(C(N)=O)CC2)c2c(C)c(C)oc2n1,True,1.8497600000000003,-1.040900000000001,0.5423728813559322,False,True
3.0,bin,0,-1.2959600001573561,-inf,-1.1407200038433074,550049,Cc1ccc(C)c(OCC(=O)Nc2cccc(-n3cnnc3)c2)c1,2.9016400000000013,NC(=O)c1ccc(OCC(=O)Nc2cccc(-n3cnnc3)c2)cc1,True,1.3836999999999995,-1.5179400000000018,0.5964912280701754,False,True
3.0,bin,0,-1.2959600001573561,-inf,-1.1407200038433074,573533,Cc1nn(-c2ncc(C(F)(F)F)cc2Cl)c(=O)o1,2.2011199999999995,CC1=NN(c2ncc(N)cc2CN)OC(=O)O1,True,0.3441,-1.8570199999999994,0.2222222222222222,False,True
3.0,bin,0,-1.2959600001573561,-inf,-1.1407200038433074,582555,O=C(NCC(O)c1ccccc1)c1ccc2c(=O)n3c(nc2c1)CCC3,1.8061000000000003,NC(=O)C1=CC=CC2CNC(=O)c3ccccc3C(=O)N(C2)C(=O)C=N1,True,0.02479999999999971,-1.7813000000000005,0.13333333333333333,False,True
3.0,bin,0,-1.2959600001573561,-inf,-1.1407200038433074,588547,Cc1n[nH]c(C)c1NC(=O)CCc1ccc(Cl)cc1Cl,3.9046400000000023,COC(=O)c1ccc(CCC(=O)Nc2c(C)n[nH]c2C)cc1,True,2.3844400000000006,-1.5202000000000018,0.5370370370370371,False,True
3.0,bin,0,-1.2959600001573561,-inf,-1.1407200038433074,607673,CCCN(CC1CC1)S(=O)(=O)c1ccccc1F,2.636400000000001,NC(=O)CN(CC1CC1)S(=O)(=O)c1ccccc1F,True,0.7116999999999998,-1.9247000000000012,0.6444444444444445,False,True
3.0,bin,0,-1.2959600001573561,-inf,-1.1407200038433074,617681,Cc1cc(C(=O)Nc2nc(-c3ccncc3)cs2)nn1C(C)C,3.5432200000000016,Nn1ccc(C(=O)Nc2nc(-c3ccncc3)cs2)n1,True,1.3677000000000001,-2.1755200000000015,0.5818181818181818,False,True
3.0,bin,0,-1.2959600001573561,-inf,-1.1407200038433074,650267,COc1ccc2oc(C(=O)NC3CCCCNC3=O)c(C)c2c1,2.14832,C=CC=CC(=CS(N)(=O)=O)C(=O)NC1CCCCNC1=O,True,-0.3140999999999991,-2.462419999999999,0.3150684931506849,False,True
3.0,bin,0,-1.2959600001573561,-inf,-1.1407200038433074,668639,Cc1cc(NC(=O)c2ccccc2Cl)ncc1N,2.8779200000000005,CNS(=O)(=O)CCc1ccccc1C(=O)Nc1ccc(N)cn1,True,1.0077999999999996,-1.870120000000001,0.38333333333333336,False,True
3.0,bin,0,-1.2959600001573561,-inf,-1.1407200038433074,673160,CCC(=O)Nc1ccc2oc(C(F)(F)F)cc(=O)c2c1,3.160300000000001,C=CC=COC(=CC(=O)C=CCNS(N)(=O)=O)C(F)(F)F,True,1.0673000000000001,-2.093000000000001,0.1232876712328767,False,True
3.0,bin,0,-1.2959600001573561,-inf,-1.1407200038433074,711169,Cc1cccc(C(C)C)c1NC(=O)N(C)Cc1ccncc1,4.177320000000003,CNC(=O)Cc1ccc(NC(=O)N(C)Cc2ccncc2)cc1,True,2.034,-2.143320000000003,0.4727272727272727,False,False
3.0,bin,0,-1.2959600001573561,-inf,-1.1407200038433074,720969,Cc1noc(C)c1CCC(=O)OCC(=O)N1c2ccccc2CC1C,2.7450400000000013,NC(=O)C1Cc2ccccc2N1C(=O)COC(=O)CCc1cnoc1,True,0.593599999999999,-2.1514400000000022,0.4788732394366197,False,True
3.0,bin,0,-1.2959600001573561,-inf,-1.1407200038433074,730789,COC(=O)C1CCN(C(=O)c2cc3ccc(F)cc3nc2C)CC1,2.7075200000000006,Cc1nc2cc(F)ccc2cc1C(=O)N(C)CCCC(=O)NCC(N)=O,True,1.1360199999999996,-1.571500000000001,0.38571428571428573,False,True
3.0,bin,0,-1.2959600001573561,-inf,-1.1407200038433074,738178,Cc1ccc(-n2ccnc2SCc2nc(C3CC3)no2)cc1C,4.041840000000003,NC(=O)C=CC=CCn1ccnc1SCc1nc(C2CC2)no1,True,2.0335,-2.008340000000003,0.47058823529411764,False,True
3.0,bin,0,-1.2959600001573561,-inf,-1.1407200038433074,771897,COc1ccccc1OCC(=O)N(C)Cc1sccc1C,3.102520000000002,COc1ccccc1OCC(=O)NCc1cc(C(N)=O)cs1,True,1.5508,-1.551720000000002,0.4,False,True
3.0,bin,0,-1.2959600001573561,-inf,-1.1407200038433074,811446,COC(=O)C1(NC(=O)c2cc(Br)c[nH]2)CCCCCC1,2.7730000000000006,NC(=O)c1c[nH]c(C(=O)NC2(S(N)(=O)=O)CCCCCC2)c1,True,0.18240000000000012,-2.5906000000000002,0.4,False,True
3.0,bin,0,-1.2959600001573561,-inf,-1.1407200038433074,848291,CCC(C)NC(=O)NCc1noc(-c2cccs2)n1,2.3958000000000004,O=C(CN[SH](=O)=O)NCc1noc(-c2cccs2)n1,True,-0.4696999999999998,-2.8655,0.5789473684210527,False,True
3.0,bin,0,-1.2959600001573561,-inf,-1.1407200038433074,863440,COc1ccc(-c2nc(CCCO)cs2)cc1OC,2.752200000000001,COc1ccc(-c2nc(CNS(=O)(=O)N(N)CO)cs2)cc1OC,True,0.2871999999999998,-2.465000000000001,0.5535714285714286,False,True
3.0,bin,0,-1.2959600001573561,-inf,-1.1407200038433074,864663,N#Cc1ccc(-c2cc(F)ccc2F)nc1N1CCCC1,3.498680000000002,N#CC(=CC=CC12C=CC=C(C1)CS(=O)(=O)N2)C(=N)N1CCCC1,True,1.62375,-1.874930000000002,0.1375,False,True
3.0,bin,0,-1.2959600001573561,-inf,-1.1407200038433074,872100,CCc1cccc(C)c1NCC(O)c1ccc2c(c1)OCCO2,3.474120000000002,NC(=O)c1ccccc1NCC(O)c1ccc2c(c1)OCCO2,True,1.7022,-1.771920000000002,0.5263157894736842,False,True
3.0,bin,0,-1.2959600001573561,-inf,-1.1407200038433074,886334,COc1ccc(C(=O)N2CCCC(C(=O)N3CCCCC3)C2)c(O)c1,2.2655000000000003,CCCCCNC(=O)C(C)CCCNC(=O)C1C=CC=CS(=O)(=O)N1,True,1.1968000000000003,-1.0687,0.09876543209876543,False,True
3.0,bin,0,-1.2959600001573561,-inf,-1.1407200038433074,887387,COCCNC(=O)N(Cc1cccc(F)c1)CC1CCCO1,2.1627,NS(=O)(=O)CC(=O)N(Cc1cccc(F)c1)CC1CCCO1,True,0.6218000000000001,-1.5409,0.6031746031746031,False,True
3.0,bin,0,-1.2959600001573561,-inf,-1.1407200038433074,889149,N#Cc1ccc(NC(=O)c2ccc(Br)cc2Cl)nc1,3.621480000000001,CS(=O)(=O)c1cc(C(=O)Nc2ccc(C#N)cn2)ccc1F,True,1.7481799999999998,-1.873300000000001,0.4576271186440678,False,True
3.0,bin,0,-1.2959600001573561,-inf,-1.1407200038433074,913483,O=C(CNC(=O)NCCc1c(Cl)cccc1Cl)NC1CC1,2.1137000000000006,N#Cc1ccc(CCNC(=O)NCC(=O)NC2CC2)cc1,True,0.6785799999999995,-1.435120000000001,0.56,False,True
3.0,bin,0,-1.2959600001573561,-inf,-1.1407200038433074,917620,C=CCN(Cc1ccccc1OC)C(=O)c1csc(C)n1,3.288520000000002,CNC(=O)CNC(=O)CN(Cc1ccccc1C)C(=O)c1csc(C)n1,True,1.2645400000000002,-2.0239800000000017,0.47619047619047616,False,True
3.0,bin,0,-1.2959600001573561,-inf,-1.1407200038433074,918312,CCOc1ccc(Cl)c(C(=O)N2CCN(c3ncccn3)CC2)n1,1.8860999999999997,C=C1CN(c2ncccn2)CCN1C(=O)C1N=CC=CCC(=O)N1,True,0.11190000000000039,-1.7741999999999993,0.273972602739726,False,True
3.0,bin,0,-1.2959600001573561,-inf,-1.1407200038433074,922879,CC(=O)c1ccc(N2CCN(Cc3c(F)cccc3F)CC2)cc1,3.489600000000003,NS(=O)(=O)c1cccc(N2CCN(Cc3ccc(F)c(F)c3)CC2)c1,True,1.9344,-1.555200000000003,0.3620689655172414,False,True
3.0,bin,0,-1.2959600001573561,-inf,-1.1407200038433074,927535,COc1cc(CN2CCN(c3ccccc3F)CC2)ccc1O,2.862100000000002,NS(=O)(=O)Cc1ccccc1N1CCN(Cc2ccccc2)CC1,True,1.7972999999999997,-1.0648000000000024,0.3684210526315789,False,True
3.0,bin,0,-1.2959600001573561,-inf,-1.1407200038433074,927567,Cc1ccccc1N1CCN(Cc2cccc(O)c2)CC1,3.022820000000001,NC(=O)COc1ccccc1N1CCN(Cc2cccc(O)c2)CC1,True,1.5784999999999993,-1.4443200000000018,0.5882352941176471,False,True
3.0,bin,0,-1.2959600001573561,-inf,-1.1407200038433074,938108,CC(c1ccccc1)N(C)C(=O)CCC(=O)Nc1nccs1,3.0814000000000012,NC(=O)C(NC(=O)CCC(=O)Nc1nccs1)c1ccccc1,True,1.2045999999999986,-1.8768000000000027,0.5925925925925926,False,True
3.0,bin,0,-1.2959600001573561,-inf,-1.1407200038433074,943303,CN(CCCOc1ccccc1)C(=O)Nc1cccc2c1OCCO2,3.390600000000002,Cc1ccccc1OCCN(C=O)CCC(N)=O,True,0.70762,-2.682980000000002,0.21428571428571427,False,True
3.0,bin,0,-1.2959600001573561,-inf,-1.1407200038433074,946289,CC(NC(=O)C1(c2cc(-c3ccco3)on2)CC1)c1ccccc1,3.843600000000002,CCC(C(=O)NC1CC12C=CC=CC(=O)N2)c1cc(-c2ccco2)on1,True,2.2977,-1.5459000000000023,0.3375,False,True
3.0,bin,0,-1.2959600001573561,-inf,-1.1407200038433074,994077,Cc1nnc(Cn2c(-c3cccc(Br)c3)noc2=O)o1,2.0055199999999997,Cc1nnc(Cn2c(-c3ccccc3C(N)=O)noc2=O)o1,True,0.3419200000000001,-1.6635999999999997,0.543859649122807,False,True
3.0,bin,0,-1.2959600001573561,-inf,-1.1407200038433074,1065620,O=C(NCc1cccnc1Oc1ccccc1)c1cccnc1,3.198900000000002,NS(=O)(=O)Cc1ncccc1C(=O)NCc1cccnc1Oc1ccccc1,True,1.9873999999999998,-1.211500000000002,0.5789473684210527,False,True
3.0,bin,0,-1.2959600001573561,-inf,-1.1407200038433074,1093926,CN(C(=O)CNc1cccc(OCC2CCCO2)c1)c1ccccc1,3.319300000000002,C=C1C=C(C=CC(N)=O)C(OC2CCCO2)C=CC=CNCC(=O)N1,True,0.7789999999999999,-2.540300000000002,0.1978021978021978,False,True
3.0,bin,0,-1.2959600001573561,-inf,-1.1407200038433074,1107920,CCc1ccc(-n2cc(C(=O)NC(C)c3ccccc3)nn2)cc1,3.320700000000002,NC(=O)C(NC(=O)c1cn(-c2ccccc2)nn1)c1ccccc1,True,1.223699999999999,-2.097000000000003,0.5660377358490566,False,False
3.0,bin,0,-1.2959600001573561,-inf,-1.1407200038433074,1113130,CC(NC(=O)Cn1nnnc1C(C)(C)C)c1cccc2ccccc12,3.0012000000000016,O=C(Cn1nnnc1O)NCc1cccc2ccccc12,True,0.8482999999999992,-2.1529000000000025,0.4745762711864407,False,True
3.0,bin,0,-1.2959600001573561,-inf,-1.1407200038433074,1121751,COC(=O)Cn1ccc(NS(=O)(=O)c2ccc(F)c(F)c2F)n1,1.2742,NS(=O)(=O)C=C1C=C(F)C(S(=O)(=O)Nc2ccn(CCO)n2)=C1,True,-0.45960000000000023,-1.7338000000000002,0.3582089552238806,False,True
3.0,bin,0,-1.2959600001573561,-inf,-1.1407200038433074,1142531,CCOC(C)C(=O)NCCc1csc(-c2ccc(C)cc2)n1,3.2022200000000014,CNS(=O)(=O)NCC(=O)NCCc1csc(-c2ccccc2)n1,True,0.5225999999999997,-2.6796200000000017,0.4375,False,True
3.0,bin,0,-1.2959600001573561,-inf,-1.1407200038433074,1212157,CN(Cc1ccc(F)c(F)c1)C(=O)c1cncc(-c2cnn(C)c2)c1,3.0325000000000015,Cn1cc(-c2cncc(C(=O)N(CC(N)=O)Cc3ccccc3)c2)cn1,True,1.6097999999999995,-1.422700000000002,0.5396825396825397,False,True
3.0,bin,0,-1.2959600001573561,-inf,-1.1407200038433074,1215394,CCn1nc(C)cc1C(=O)Oc1cccc(NC(=O)C(C)C)c1,3.025120000000001,CNC(=O)c1cccc(OC(=O)c2ccnn2C)c1,True,0.9988999999999999,-2.0262200000000012,0.3384615384615385,False,True
3.0,bin,0,-1.2959600001573561,-inf,-1.1407200038433074,1232922,CC(C)(C)OC(=O)NC1CCCN(S(=O)(=O)N2CCOCC2)C1,0.5525000000000011,CS(=O)(=O)NC1CCN(S(=O)(=O)N2CCOCC2)CC1,True,-1.4229999999999967,-1.9754999999999978,0.42,False,True
3.0,bin,0,-1.2959600001573561,-inf,-1.1407200038433074,1238973,FC(F)(F)c1cnc(N2CCn3c(nnc3C3CC3)C2)c(Cl)c1,3.2429000000000023,Nc1ccnc(N2CCn3c(nnc3C3CC3)C2)c1,True,1.1528999999999998,-2.0900000000000025,0.46551724137931033,False,True
3.0,bin,0,-1.2959600001573561,-inf,-1.1407200038433074,1299495,Cc1cc(CC(=O)N2CCCC2C(C#N)c2ccccc2)no1,2.823900000000001,NC(=O)C1CCCN1C(=O)CC(NC(=O)Cc1ccon1)c1ccccc1,True,0.9410000000000001,-1.882900000000001,0.358974358974359,False,True
3.0,bin,0,-1.2959600001573561,-inf,-1.1407200038433074,1309906,CC(C)CC(NC(=O)c1cc(=O)c2ccccc2o1)C(=O)OC(C)C,2.8891000000000018,NC(=O)COC(=O)CCNC(=O)c1cc(=O)c2ccccc2o1,True,-0.058599999999999985,-2.947700000000002,0.48333333333333334,False,True
3.0,bin,0,-1.2959600001573561,-inf,-1.1407200038433074,1362816,COCc1cccc(C(=O)NC2CC2c2cccc(Cl)c2)c1,3.772300000000002,NS(=O)(=O)c1ccc(C(=O)NC2CC2c2cccc(Cl)c2)cc1,True,2.2733,-1.4990000000000023,0.5614035087719298,False,True
3.0,bin,0,-1.2959600001573561,-inf,-1.1407200038433074,1441838,COCC(=O)NC(C(=O)Nc1cccc(-c2nccs2)c1)C(C)C,2.5358,NS(=O)(=O)CCNC(=O)Nc1cccc(-c2nccs2)c1,True,1.2201000000000006,-1.3156999999999994,0.49230769230769234,False,True
3.0,bin,0,-1.2959600001573561,-inf,-1.1407200038433074,1450449,CCCNC(=O)CSc1nc2c(cc1C#N)CCCC2,2.450380000000001,N#Cc1cc2c(nc1SC(N)C(=O)NCCO)CCCC2,True,0.3174799999999993,-2.1329000000000016,0.5409836065573771,False,True
3.0,bin,0,-1.2959600001573561,-inf,-1.1407200038433074,1451910,O=S(=O)(NCc1nnc2ccccn12)c1ccc(F)c(F)c1,1.4859999999999995,NS(=O)(=O)c1ccccc1S(=O)(=O)NCc1nnc2ccccn12,True,-0.14480000000000004,-1.6307999999999996,0.5882352941176471,False,True
3.0,bin,0,-1.2959600001573561,-inf,-1.1407200038433074,1479798,Cc1nc(C)c(CCC(=O)N(CC(C)C)CC(F)(F)F)c(=O)[nH]1,2.3662400000000003,CCOC(=O)CCNC(=O)CCc1c(C)nc(C)[nH]c1=O,True,0.38874000000000036,-1.9775,0.4406779661016949,False,True
3.0,bin,0,-1.2959600001573561,-inf,-1.1407200038433074,1507926,COC(=O)C(C)NC(=O)Cc1csc(-c2ccccc2Cl)n1,2.6837,NS(=O)(=O)CCNC(=O)Cc1csc(-c2ccccc2Cl)n1,True,1.4107000000000005,-1.2729999999999995,0.5517241379310345,False,True
3.0,bin,0,-1.2959600001573561,-inf,-1.1407200038433074,1527882,Nc1ncccc1C(=O)Nc1ccc2cn[nH]c2c1,1.7923999999999998,NC1=NC(=CCS(N)(=O)=O)C=C1C(=O)Nc1ccc2cn[nH]c2c1,True,-0.02899999999999897,-1.8213999999999988,0.46875,False,True
3.0,bin,0,-1.2959600001573561,-inf,-1.1407200038433074,1532848,COc1ccc(-c2ccc3c(=O)[nH]cnc3c2)cc1Cl,3.2521000000000013,CS(=O)(=O)NCCOc1cc(-c2ccc3c(=O)[nH]cnc3c2)ccc1F,True,1.6571999999999996,-1.5949000000000018,0.4745762711864407,False,True
3.0,bin,0,-1.2959600001573561,-inf,-1.1407200038433074,1548351,COc1cc(OC)c2c(c1)C(c1cnccn1)NCC2,1.7288999999999999,COc1cncc(CCNCc2[nH]ccc2C=CCS(N)(=O)=O)n1,True,0.44730000000000103,-1.2815999999999987,0.11764705882352941,False,True
3.0,bin,0,-1.2959600001573561,-inf,-1.1407200038433074,1570134,COc1cccc(C(C)N2CCN(C(=O)c3ccc(O)cc3)CC2)c1,2.9198000000000013,NS(=O)(=O)C1CN(C(=O)c2ccccc2)CCN1C(=O)c1ccccc1,True,0.8994000000000009,-2.0204000000000004,0.25806451612903225,False,True
3.0,bin,0,-1.2959600001573561,-inf,-1.1407200038433074,1611406,CC(C)(C)N1CC(NC(=O)C2COc3ccc(F)cc3C2)CC1=O,1.8923999999999994,NC(=O)CN1CC(NC(=O)C2COc3ccccc3C2)CC1=O,True,-0.5598999999999987,-2.4522999999999984,0.48484848484848486,False,True
3.0,bin,0,-1.2959600001573561,-inf,-1.1407200038433074,1612684,CCCC1CN(C(=O)Nc2ccn(CCC(C)C)n2)CCO1,2.9620000000000015,COCCn1ccc(NC(=O)N2CCOC(C)(C)C2)n1,True,1.1721999999999995,-1.789800000000002,0.45588235294117646,False,True
3.0,bin,0,-1.2959600001573561,-inf,-1.1407200038433074,1639675,CCC(CC)c1nnc(NC(=O)c2scnc2C2CC2)s1,4.0279000000000025,COC(=O)Cc1nnc(NC(=O)c2scnc2C2CC2)s1,True,1.8397999999999999,-2.1881000000000026,0.6792452830188679,False,True
3.0,bin,0,-1.2959600001573561,-inf,-1.1407200038433074,1675660,COc1ccnc(NC(=O)c2cccc(Cl)c2)c1,2.9959000000000007,C=C(C)C(=CC=CC(=O)NC12COC(=CC=N1)C2)S(N)(=O)=O,True,0.4922000000000001,-2.5037000000000007,0.1111111111111111,False,True
3.0,bin,0,-1.2959600001573561,-inf,-1.1407200038433074,1689728,CCc1noc(CSc2ncnc3sc(C)cc23)n1,3.237420000000002,NC(=O)Cc1noc(CSc2ncnc3sc(N)cc23)n1,True,0.9765999999999999,-2.260820000000002,0.5689655172413793,False,True
3.0,bin,0,-1.2959600001573561,-inf,-1.1407200038433074,1720876,CC(C)(C)CC(=O)NCC(=O)Nc1ccc2c(c1)COC2,2.2077,NS(=O)(=O)CCC(=O)Nc1ccc2c(c1)COC2,True,0.33389999999999986,-1.8738000000000001,0.52,False,True
3.0,bin,0,-1.2959600001573561,-inf,-1.1407200038433074,1757109,CC(C)Cc1ncc(CNc2ccc3c(c2)COC3)s1,3.983900000000003,NC(=O)Cc1ncc(CNc2ccc3c(c2)COC3)s1,True,1.8131999999999995,-2.1707000000000036,0.6538461538461539,False,True
3.0,bin,0,-1.2959600001573561,-inf,-1.1407200038433074,1774061,O=C1NCCCc2[nH]c(-c3cccc4[nH]ccc34)nc21,2.234,NS(=O)(=O)C1C(C2CC=CN2)=NCC(=O)NCCN=Cc2cccc1c2,True,-0.11849999999999827,-2.3524999999999983,0.15476190476190477,False,True
3.0,bin,0,-1.2959600001573561,-inf,-1.1407200038433074,1800687,Cc1nn(C)c(-c2nc(-c3cccnn3)no2)c1Cl,1.8889199999999997,CN(C)S(=O)(=O)CCc1cn(Cc2nc(-c3cccnn3)no2)nc1O,True,-0.08910000000000012,-1.97802,0.352112676056338,False,True
3.0,bin,0,-1.2959600001573561,-inf,-1.1407200038433074,1815867,FC(F)(F)c1ccc(CN2CCOCC2c2ncon2)cc1,2.661900000000001,CS(=O)(=O)NC=CC=CCCN1CCOCC1c1ncon1,True,0.45209999999999995,-2.2098000000000013,0.43283582089552236,False,True
3.0,bin,0,-1.2959600001573561,-inf,-1.1407200038433074,1828580,Cc1ccc(N2CC3OCC(=O)N(Cc4cccc(F)c4)C3C2)nn1,1.54032,Cc1ccc(N2CCC(OCC(=O)NCc3cccc(=O)[nH]3)C2)nn1,True,0.38502,-1.1553,0.30120481927710846,False,True
3.0,bin,0,-1.2959600001573561,-inf,-1.1407200038433074,1836183,CCc1ccc(C(=O)NCc2nccc(N(C)C)n2)cc1,2.035,NC(=O)COc1cccc(C(=O)NCc2nccc(N)n2)c1,True,-0.14710000000000034,-2.1821000000000006,0.3709677419354839,False,True
3.0,bin,0,-1.2959600001573561,-inf,-1.1407200038433074,1842499,COc1ccccc1COc1ccccc1-c1cnn(CCO)c1,3.1300000000000017,Cc1c(-c2ccccc2COC2=CC(=CS(N)(=O)=O)C2)cnn1CCO,True,1.8274199999999996,-1.302580000000002,0.352112676056338,False,True
3.0,bin,0,-1.2959600001573561,-inf,-1.1407200038433074,1865564,COC(CNC(=O)c1ccoc1)c1cccc(F)c1,2.536200000000001,NS(=O)(=O)c1ccc(C(O)CNC(=O)c2ccoc2)cc1,True,0.3903999999999999,-2.145800000000001,0.423728813559322,False,True
3.0,bin,0,-1.2959600001573561,-inf,-1.1407200038433074,1868773,CCCOc1ccc(Cl)c2c1CCNC2C1CC(=O)C1,3.2947000000000015,COc1cc(OC)c2cc1CCC21CCC(=O)C1NN,True,1.0826,-2.2121000000000013,0.1388888888888889,False,True
3.0,bin,0,-1.2959600001573561,-inf,-1.1407200038433074,1873123,CCC1OC(=O)c2c(OC)ccc(Br)c21,3.079200000000002,COc1cc(Br)cc2c1C(=O)OCC2C(N)=O,True,1.1969999999999996,-1.8822000000000023,0.2857142857142857,False,True
3.0,bin,0,-1.2959600001573561,-inf,-1.1407200038433074,1875028,Cc1cccc(C)c1NCC(=O)N1CCCC2CCCCC21,3.8965400000000034,NC(=O)c1cc(NCC(=O)N2CCCC3CCCCC32)ccc1F,True,2.5176999999999996,-1.3788400000000038,0.5178571428571429,False,True
3.0,bin,0,-1.2959600001573561,-inf,-1.1407200038433074,1895921,CCC(CC)N(C)C(=O)CC1OC(=O)c2ccccc21,2.935200000000002,COC(=O)CCN(C)C(=O)CC1OC(=O)c2ccccc21,True,1.3096999999999996,-1.6255000000000022,0.5686274509803921,False,True
3.0,bin,0,-1.2959600001573561,-inf,-1.1407200038433074,1907077,Cc1ccc2[nH]nc(C(=O)Nc3nc(-c4ccco4)cs3)c2c1,3.8401200000000015,NC(=O)c1ccc2[nH]nc(C(=O)Nc3nc(-c4ccco4)cs3)c2c1,True,2.630600000000001,-1.2095200000000004,0.7627118644067796,False,True
3.0,bin,0,-1.2959600001573561,-inf,-1.1407200038433074,1913063,Cc1nn(C)c(C)c1CN(C(=O)c1cn2cccc(C)c2n1)C1CC1,2.797860000000001,NC(=O)c1n[nH]cc1CNC(=O)c1cn2ccccc2n1,True,0.0862999999999996,-2.7115600000000013,0.2073170731707317,False,True
3.0,bin,0,-1.2959600001573561,-inf,-1.1407200038433074,1922265,CN(CCNC(=O)c1ccc2c(c1)ncn2C)c1ccccc1,2.4395000000000007,NC(=O)c1cccc(NCCNC(=O)c2ccc3c(c2)ncn3N)c1,True,0.6908999999999998,-1.7486000000000008,0.4461538461538462,False,True
3.0,bin,1,-0.9854800075292587,-1.1407200038433074,-0.83024001121521,32052,COc1ccccc1CNC(=O)Cc1c[nH]c2ccccc12,3.035400000000001,NC(=O)COc1ccc(CNC(=O)Cc2c[nH]c3ccccc23)cc1,True,1.8908999999999996,-1.1445000000000014,0.5555555555555556,False,True
3.0,bin,1,-0.9854800075292587,-1.1407200038433074,-0.83024001121521,116747,COCCSc1ccccc1C(=O)Nc1cccc(C)n1,3.3808200000000017,CCNS(=O)(=O)Nc1ccccc1C(=O)Nc1cccc(C)n1,True,1.9085199999999993,-1.4723000000000024,0.49122807017543857,False,True
3.0,bin,1,-0.9854800075292587,-1.1407200038433074,-0.83024001121521,131060,CS(=O)(=O)NCCc1csc(-c2ccc(F)cc2)n1,2.0408999999999997,NS(=O)(=O)NCCc1csc(-c2ccc(F)cc2)n1,True,1.2848000000000006,-0.7560999999999991,0.7674418604651163,False,True
3.0,bin,1,-0.9854800075292587,-1.1407200038433074,-0.83024001121521,131949,CCc1c(C)nc(SCC(=O)NC(C)C)[nH]c1=O,1.25742,CCNC(=O)CSc1nc(COC)cc(=O)[nH]1,True,0.1444999999999999,-1.1129200000000001,0.3559322033898305,False,True
3.0,bin,1,-0.9854800075292587,-1.1407200038433074,-0.83024001121521,158879,COc1ccc(CC(=O)OCC(=O)c2c[nH]c3ccccc23)cc1,3.145100000000001,C=CC=CC=CNC=CC(=O)COC(=O)C1(c2ccccc2)NC1=O,True,1.4831999999999999,-1.6619000000000013,0.18421052631578946,False,True
3.0,bin,1,-0.9854800075292587,-1.1407200038433074,-0.83024001121521,232056,COCCNC(=O)c1cc(=O)c2cc(C)ccc2o1,1.4776199999999993,NS(=O)(=O)CCCNC(=O)c1cc(=O)c2cc(F)ccc2o1,True,0.3405000000000003,-1.137119999999999,0.5,False,True
3.0,bin,1,-0.9854800075292587,-1.1407200038433074,-0.83024001121521,235788,O=C(Cn1nc(-c2ccco2)oc1=O)NCC(F)(F)F,0.7747999999999999,COC(=O)C(C)NC(=O)Cn1nc(-c2ccco2)oc1=O,True,-0.22600000000000064,-1.0008000000000006,0.5964912280701754,False,True
3.0,bin,1,-0.9854800075292587,-1.1407200038433074,-0.83024001121521,236081,CC(=O)c1c(C)[nH]c(C(=O)CSc2nc(C(C)C)n[nH]2)c1C,3.0506400000000014,CC(=O)c1c(C)[nH]c(C(=O)CSc2nc(C)n[nH]2)c1C,True,2.23566,-0.8149800000000011,0.7446808510638298,False,True
3.0,bin,1,-0.9854800075292587,-1.1407200038433074,-0.83024001121521,281081,O=C(Cn1cccn1)NCc1cccnc1Oc1ccc(F)cc1F,2.665000000000001,NC(=O)c1cnn(CC(=O)NCc2cccnc2Oc2ccc(F)cc2)c1,True,1.6247999999999996,-1.0402000000000013,0.5441176470588235,False,True
3.0,bin,1,-0.9854800075292587,-1.1407200038433074,-0.83024001121521,284170,COc1ccc(-c2nc(CC(=O)Nc3cccc(C)n3)cs2)cc1,3.7033200000000024,NC(=O)c1cccnc1NC(=O)Cc1csc(-c2cccc(F)c2)n1,True,2.6243000000000007,-1.0790200000000016,0.4,False,True
3.0,bin,1,-0.9854800075292587,-1.1407200038433074,-0.83024001121521,288369,Cc1ccc(NCc2nnc3n2CCCCC3)cc1C,3.2334400000000016,NC(=O)CSc1cccc(NCc2nnc3n2CCCCC3)c1,True,2.194,-1.0394400000000017,0.5423728813559322,False,True
3.0,bin,1,-0.9854800075292587,-1.1407200038433074,-0.83024001121521,302889,COc1ccc(OC)c(NC(=O)CCNC(=O)c2cccs2)c1,2.5239000000000003,NC(=O)Cc1ccc(NC(=O)CCNC(=O)c2cccs2)cc1,True,1.5344999999999998,-0.9894000000000005,0.4915254237288136,False,False
3.0,bin,1,-0.9854800075292587,-1.1407200038433074,-0.83024001121521,327141,COc1ccc(OC)c(S(=O)(=O)Nc2ccn(C)n2)c1,1.2381,Cn1ccc(NS(=O)(=O)c2ccc(CCS(N)(=O)=O)cc2)n1,True,0.051899999999999946,-1.1862,0.41818181818181815,False,True
3.0,bin,1,-0.9854800075292587,-1.1407200038433074,-0.83024001121521,327382,CNC(=O)C1CN(C(=O)c2c(C)noc2C)c2ccccc2O1,1.4452399999999996,Cc1oncc1C(=O)N1c2ccccc2OC1CC(=O)NCC(N)=O,True,0.33992000000000017,-1.1053199999999994,0.3108108108108108,False,True
3.0,bin,1,-0.9854800075292587,-1.1407200038433074,-0.83024001121521,406491,COCCNC(=O)C1CCCN(S(=O)(=O)N2CCOCC2)C1,-0.9619999999999964,NS(=O)(=O)NC1CCCN(S(=O)(=O)N2CCOCC2)C1,True,-2.1790999999999956,-1.2170999999999992,0.4444444444444444,False,True
3.0,bin,1,-0.9854800075292587,-1.1407200038433074,-0.83024001121521,413951,O=C(Cn1ncn2cccc2c1=O)N1CCCCCC1,0.8985999999999996,O=C1CCCCCN(C(=O)Cn2ncn3cccc3c2=O)N1,True,-0.0702000000000002,-0.9687999999999999,0.6862745098039216,False,True
3.0,bin,1,-0.9854800075292587,-1.1407200038433074,-0.83024001121521,427929,CCNc1nc(NCc2ccccc2Cl)c2cnn(C)c2n1,3.060600000000001,COCCNc1nc(NCc2ccccc2)c2cnn(C)c2n1,True,2.0337,-1.0269000000000008,0.5344827586206896,False,False
3.0,bin,1,-0.9854800075292587,-1.1407200038433074,-0.83024001121521,447130,CCC(NC(=O)C1CCN(C(=O)C2CC2)CC1)c1ccc(C)cc1,3.2109200000000016,O=C(NCc1ccccc1F)C1CCN(C(=O)C2CC2)CC1,True,2.0904999999999996,-1.120420000000002,0.42857142857142855,False,False
3.0,bin,1,-0.9854800075292587,-1.1407200038433074,-0.83024001121521,481908,CCNS(=O)(=O)c1ccc(C)c(C(=O)Nc2ncccc2C)c1,2.24894,Cc1cccnc1NC(=O)c1cccc(S(N)(=O)=O)c1,True,1.28972,-0.9592200000000002,0.5,False,True
3.0,bin,1,-0.9854800075292587,-1.1407200038433074,-0.83024001121521,485220,Cc1nn(CC(=O)N2CCN(C)CC2)c(C)c1Br,1.03644,Cc1nn(CC(=O)N2CCN(C(N)=O)CC2)c(C)c1Br,True,0.48533999999999994,-0.5511000000000001,0.7692307692307693,False,True
3.0,bin,1,-0.9854800075292587,-1.1407200038433074,-0.83024001121521,526363,Cc1nnc(SCC(=O)Nc2ccc(O)cc2)n(N)c1=O,0.09692,NC(=O)c1nnc(SCC(=O)Nc2ccc(O)cc2)n(N)c1=O,True,-1.1126000000000011,-1.2095200000000013,0.75,False,True
3.0,bin,1,-0.9854800075292587,-1.1407200038433074,-0.83024001121521,536853,COc1ccc(C2CCCN2C(=O)C2CCC2)c(OC)c1,3.1674000000000015,COc1ccc(C2CCCN2C(=O)C2CCC2)cc1OCC(N)=O,True,2.0229,-1.1445000000000016,0.543859649122807,False,True
3.0,bin,1,-0.9854800075292587,-1.1407200038433074,-0.83024001121521,540312,Cc1nn(C)c2nc(C3CC3)cc(C(=O)NCC(=O)NC(C)(C)C)c12,1.7986199999999997,CC1=NN(C)C=NC(C2CC2)=CCC(C(=O)NCC(N)=O)=C1,True,0.5479000000000005,-1.2507199999999992,0.27631578947368424,False,True
3.0,bin,1,-0.9854800075292587,-1.1407200038433074,-0.83024001121521,544381,Cc1nc(N2CCCC(C(=O)NC(C)C)C2)c2c(C)c(C)oc2n1,2.8890600000000006,Cc1oc2ncnc(N3CCC(C(=O)N(C)C)CC3)c2c1N,True,1.41802,-1.4710400000000006,0.29577464788732394,False,True
3.0,bin,1,-0.9854800075292587,-1.1407200038433074,-0.83024001121521,544382,CCCNC(=O)C1CCCN(c2nc(C)nc3oc(C)c(C)c23)C1,2.8906600000000013,Cc1oc2ncnc(N3CCCC(=O)NC3)c2c1C,True,1.5135399999999999,-1.3771200000000015,0.3142857142857143,False,True
3.0,bin,1,-0.9854800075292587,-1.1407200038433074,-0.83024001121521,550049,Cc1ccc(C)c(OCC(=O)Nc2cccc(-n3cnnc3)c2)c1,2.9016400000000013,Nc1cccc(OCC(=O)Nc2cccc(-n3cnnc3)c2)c1,True,1.8669999999999998,-1.0346400000000016,0.6071428571428571,False,True
3.0,bin,1,-0.9854800075292587,-1.1407200038433074,-0.83024001121521,573533,Cc1nn(-c2ncc(C(F)(F)F)cc2Cl)c(=O)o1,2.2011199999999995,COC(=O)C=CN=C(CCl)n1nc(C)oc1=O,True,0.31681999999999977,-1.8842999999999996,0.25806451612903225,False,True
3.0,bin,1,-0.9854800075292587,-1.1407200038433074,-0.83024001121521,582555,O=C(NCC(O)c1ccccc1)c1ccc2c(=O)n3c(nc2c1)CCC3,1.8061000000000003,C=S(O)CCCCCCCC1C=NOCNOCC(C)=NCCCCC=NCCCC=NC2CN3CC=CC=C4C(O)CNC(=O)C(=C(O)N=CC(=O)N2)C4C1=CC3=O,True,3.819200000000004,2.0131000000000037,0.07482993197278912,False,True
3.0,bin,1,-0.9854800075292587,-1.1407200038433074,-0.83024001121521,588547,Cc1n[nH]c(C)c1NC(=O)CCc1ccc(Cl)cc1Cl,3.9046400000000023,CCOc1ccc(CCC(=O)Nc2c(C)n[nH]c2C)cc1,True,2.9965400000000004,-0.9081000000000019,0.5272727272727272,False,True
3.0,bin,1,-0.9854800075292587,-1.1407200038433074,-0.83024001121521,607673,CCCN(CC1CC1)S(=O)(=O)c1ccccc1F,2.636400000000001,Nc1ccccc1S(=O)(=O)N(CCO)CC1CC1,True,0.6617999999999997,-1.9746000000000012,0.5319148936170213,False,True
3.0,bin,1,-0.9854800075292587,-1.1407200038433074,-0.83024001121521,617681,Cc1cc(C(=O)Nc2nc(-c3ccncc3)cs2)nn1C(C)C,3.5432200000000016,N#CCn1ccc(C(=O)Nc2nc(-c3ccncc3)cs2)n1,True,2.17748,-1.3657400000000015,0.5245901639344263,False,True
3.0,bin,1,-0.9854800075292587,-1.1407200038433074,-0.83024001121521,650267,COc1ccc2oc(C(=O)NC3CCCCNC3=O)c(C)c2c1,2.14832,NC(=O)CC=C(Pc1ccccc1)C(=O)NC1CCCCNC1=O,True,0.5345999999999995,-1.6137200000000005,0.3333333333333333,False,True
3.0,bin,1,-0.9854800075292587,-1.1407200038433074,-0.83024001121521,668639,Cc1cc(NC(=O)c2ccccc2Cl)ncc1N,2.8779200000000005,NC(=O)c1ccccc1C(=O)Nc1ccc(Cl)c(CO)n1,True,1.5785,-1.2994200000000005,0.38181818181818183,False,True
3.0,bin,1,-0.9854800075292587,-1.1407200038433074,-0.83024001121521,673160,CCC(=O)Nc1ccc2oc(C(F)(F)F)cc(=O)c2c1,3.160300000000001,COC(=O)c1cc(=O)c2cc(NC(C)=O)ccc2o1,True,1.538,-1.6223000000000012,0.4528301886792453,False,False
3.0,bin,1,-0.9854800075292587,-1.1407200038433074,-0.83024001121521,711169,Cc1cccc(C(C)C)c1NC(=O)N(C)Cc1ccncc1,4.177320000000003,COc1cc(OC)c(NC(=O)N(C)Cc2ccncc2)cc1F,True,2.9018000000000015,-1.275520000000001,0.4406779661016949,False,False
3.0,bin,1,-0.9854800075292587,-1.1407200038433074,-0.83024001121521,720969,Cc1noc(C)c1CCC(=O)OCC(=O)N1c2ccccc2CC1C,2.7450400000000013,Nc1ccccc1CCC(=O)OCC(=O)N1CCc2ccccc21,True,2.3339,-0.4111400000000014,0.37142857142857144,False,True
3.0,bin,1,-0.9854800075292587,-1.1407200038433074,-0.83024001121521,730789,COC(=O)C1CCN(C(=O)c2cc3ccc(F)cc3nc2C)CC1,2.7075200000000006,CCNc1nc2ccccc2cc1C(=O)C(O)C(C)CO,True,1.8386,-0.8689200000000006,0.2222222222222222,False,True
3.0,bin,1,-0.9854800075292587,-1.1407200038433074,-0.83024001121521,738178,Cc1ccc(-n2ccnc2SCc2nc(C3CC3)no2)cc1C,4.041840000000003,OCc1ccc(-n2ccnc2SCc2nc(C3CC3)no2)cc1,True,2.917300000000001,-1.1245400000000023,0.7090909090909091,False,True
3.0,bin,1,-0.9854800075292587,-1.1407200038433074,-0.83024001121521,771897,COc1ccccc1OCC(=O)N(C)Cc1sccc1C,3.102520000000002,CNC(=O)c1ccc(CNC(=O)COc2ccccc2O)s1,True,1.5084999999999993,-1.5940200000000027,0.2537313432835821,False,True
3.0,bin,1,-0.9854800075292587,-1.1407200038433074,-0.83024001121521,811446,COC(=O)C1(NC(=O)c2cc(Br)c[nH]2)CCCCCC1,2.7730000000000006,CN(C)c1c[nH]c(C(=O)N2CCCCCCC2C(N)=O)c1,True,1.3409,-1.4321000000000006,0.23076923076923078,False,True
3.0,bin,1,-0.9854800075292587,-1.1407200038433074,-0.83024001121521,848291,CCC(C)NC(=O)NCc1noc(-c2cccs2)n1,2.3958000000000004,COC(=O)N(C)CC(=O)NCc1noc(-c2cccs2)n1,True,1.1124999999999996,-1.2833000000000008,0.5666666666666667,False,True
3.0,bin,1,-0.9854800075292587,-1.1407200038433074,-0.83024001121521,863440,COc1ccc(-c2nc(CCCO)cs2)cc1OC,2.752200000000001,COc1cc(-c2nc(C(=O)NCCCO)cs2)ccc1O,True,1.6364999999999998,-1.1157000000000012,0.5,False,True
3.0,bin,1,-0.9854800075292587,-1.1407200038433074,-0.83024001121521,864663,N#Cc1ccc(-c2cc(F)ccc2F)nc1N1CCCC1,3.498680000000002,N#CC1=C(c2cc(O)ccc2O)N=C(N2CCCC2)C1N1CCCC1,True,2.30478,-1.193900000000002,0.26153846153846155,False,True
3.0,bin,1,-0.9854800075292587,-1.1407200038433074,-0.83024001121521,872100,CCc1cccc(C)c1NCC(O)c1ccc2c(c1)OCCO2,3.474120000000002,N#Cc1ccc(NCC(O)c2ccc3c(c2)OCCO3)cc1,True,2.4749800000000004,-0.9991400000000015,0.5,False,False
3.0,bin,1,-0.9854800075292587,-1.1407200038433074,-0.83024001121521,886334,COc1ccc(C(=O)N2CCCC(C(=O)N3CCCCC3)C2)c(O)c1,2.2655000000000003,CCN(CCCC(N)=O)C(=O)C1CCCN(C(=O)c2cccc(O)c2)C1,True,1.3583999999999994,-0.9071000000000009,0.352112676056338,False,True
3.0,bin,1,-0.9854800075292587,-1.1407200038433074,-0.83024001121521,887387,COCCNC(=O)N(Cc1cccc(F)c1)CC1CCCO1,2.1627,NC(=O)NCC(=O)N(Cc1cccc(F)c1)CC1CCCO1,True,1.0015999999999996,-1.1611000000000005,0.6451612903225806,False,True
3.0,bin,1,-0.9854800075292587,-1.1407200038433074,-0.83024001121521,889149,N#Cc1ccc(NC(=O)c2ccc(Br)cc2Cl)nc1,3.621480000000001,N#Cc1ccc(NC(=O)c2ccc(F)c(F)c2)nc1,True,2.4837800000000003,-1.1377000000000006,0.5192307692307693,False,False
3.0,bin,1,-0.9854800075292587,-1.1407200038433074,-0.83024001121521,913483,O=C(CNC(=O)NCCc1c(Cl)cccc1Cl)NC1CC1,2.1137000000000006,O=C(CCc1ccc(F)cc1)CNC(=O)NC1CC1F,True,1.737,-0.3767000000000005,0.26666666666666666,False,True
3.0,bin,1,-0.9854800075292587,-1.1407200038433074,-0.83024001121521,917620,C=CCN(Cc1ccccc1OC)C(=O)c1csc(C)n1,3.288520000000002,COCOc1ccccc1CN(CC(=O)OC)C(=O)c1csc(C)n1,True,2.24962,-1.0389000000000017,0.5833333333333334,False,True
3.0,bin,1,-0.9854800075292587,-1.1407200038433074,-0.83024001121521,918312,CCOc1ccc(Cl)c(C(=O)N2CCN(c3ncccn3)CC2)n1,1.8860999999999997,O=C(c1ccccn1)N1CCN(c2ncccn2)CC1,True,0.8340000000000001,-1.0520999999999996,0.47058823529411764,False,False
3.0,bin,1,-0.9854800075292587,-1.1407200038433074,-0.83024001121521,922879,CC(=O)c1ccc(N2CCN(Cc3c(F)cccc3F)CC2)cc1,3.489600000000003,Nc1cccc(CN2CCN(c3ccc(O)cc3)CC2)c1,True,2.2966000000000006,-1.1930000000000023,0.38461538461538464,False,True
3.0,bin,1,-0.9854800075292587,-1.1407200038433074,-0.83024001121521,927535,COc1cc(CN2CCN(c3ccccc3F)CC2)ccc1O,2.862100000000002,NS(=O)(=O)Cc1ccc(CN2CCN(c3ccccc3F)CC2)cc1,True,1.9364,-0.9257000000000022,0.5384615384615384,False,True
3.0,bin,1,-0.9854800075292587,-1.1407200038433074,-0.83024001121521,927567,Cc1ccccc1N1CCN(Cc2cccc(O)c2)CC1,3.022820000000001,Cc1cccc(CN2CCN(c3ccc(NS(N)(=O)=O)cc3)CC2)c1,True,1.9326199999999996,-1.0902000000000016,0.38596491228070173,False,True
3.0,bin,1,-0.9854800075292587,-1.1407200038433074,-0.83024001121521,938108,CC(c1ccccc1)N(C)C(=O)CCC(=O)Nc1nccs1,3.0814000000000012,N[SH]1C=CN=C1NC(=O)CCC(=O)Cc1ccccc1,True,1.4102999999999997,-1.6711000000000016,0.25757575757575757,False,True
3.0,bin,1,-0.9854800075292587,-1.1407200038433074,-0.83024001121521,943303,CN(CCCOc1ccccc1)C(=O)Nc1cccc2c1OCCO2,3.390600000000002,NC(=O)C(CCNC(=O)Nc1cccc2c1OCCO2)Oc1ccccc1,True,1.9022999999999988,-1.488300000000003,0.4696969696969697,False,True
3.0,bin,1,-0.9854800075292587,-1.1407200038433074,-0.83024001121521,946289,CC(NC(=O)C1(c2cc(-c3ccco3)on2)CC1)c1ccccc1,3.843600000000002,CC1CC1(C(=O)NCC1=CC=C(N)C1)c1cc(-c2ccco2)on1,True,2.501100000000001,-1.3425000000000011,0.4225352112676056,False,True
3.0,bin,1,-0.9854800075292587,-1.1407200038433074,-0.83024001121521,994077,Cc1nnc(Cn2c(-c3cccc(Br)c3)noc2=O)o1,2.0055199999999997,CC(=O)NCc1nnc(Cn2c(-c3ccc(C)cc3)noc2=O)o1,True,0.8791200000000001,-1.1263999999999996,0.4745762711864407,False,True
3.0,bin,1,-0.9854800075292587,-1.1407200038433074,-0.83024001121521,1065620,O=C(NCc1cccnc1Oc1ccccc1)c1cccnc1,3.198900000000002,NC(=O)CC1=CN=CCC(=O)NCc2cccnc2Oc2ccccc2N1,True,2.0932999999999997,-1.1056000000000021,0.17073170731707318,False,True
3.0,bin,1,-0.9854800075292587,-1.1407200038433074,-0.83024001121521,1093926,CN(C(=O)CNc1cccc(OCC2CCCO2)c1)c1ccccc1,3.319300000000002,NC(=O)c1cccc(NCC(=O)Nc2cccc(OCC3CCCO3)c2)c1,True,2.3939000000000004,-0.9254000000000016,0.5909090909090909,False,True
3.0,bin,1,-0.9854800075292587,-1.1407200038433074,-0.83024001121521,1107920,CCc1ccc(-n2cc(C(=O)NC(C)c3ccccc3)nn2)cc1,3.320700000000002,COc1ccc(CNC(=O)c2cn(-c3ccccc3)nn2)cc1OC,True,2.2145,-1.106200000000002,0.47540983606557374,False,True
3.0,bin,1,-0.9854800075292587,-1.1407200038433074,-0.83024001121521,1113130,CC(NC(=O)Cn1nnnc1C(C)(C)C)c1cccc2ccccc12,3.0012000000000016,COCCc1nnnn1CC(=O)NC(C)c1cccc2ccccc12,True,1.8925999999999998,-1.1086000000000018,0.6551724137931034,False,True
3.0,bin,1,-0.9854800075292587,-1.1407200038433074,-0.83024001121521,1121751,COC(=O)Cn1ccc(NS(=O)(=O)c2ccc(F)c(F)c2F)n1,1.2742,N#Cc1cc(S(=O)(=O)Nc2ccn(CC(N)=O)n2)ccc1F,True,0.17997999999999947,-1.0942200000000004,0.4603174603174603,False,True
3.0,bin,1,-0.9854800075292587,-1.1407200038433074,-0.83024001121521,1142531,CCOC(C)C(=O)NCCc1csc(-c2ccc(C)cc2)n1,3.2022200000000014,CNC(=O)NCCc1csc(-c2ccc(OC)cc2)n1,True,2.2902000000000005,-0.9120200000000009,0.5172413793103449,False,True
3.0,bin,1,-0.9854800075292587,-1.1407200038433074,-0.83024001121521,1212157,CN(Cc1ccc(F)c(F)c1)C(=O)c1cncc(-c2cnn(C)c2)c1,3.0325000000000015,Cn1cc(-c2cncc(C(=O)NCc3ccc(F)c(C(N)=O)c3)c2)cn1,True,1.6501,-1.3824000000000016,0.5384615384615384,False,True
3.0,bin,1,-0.9854800075292587,-1.1407200038433074,-0.83024001121521,1215394,CCn1nc(C)cc1C(=O)Oc1cccc(NC(=O)C(C)C)c1,3.025120000000001,CC(=O)Nc1cccc(OC(=O)c2ccnn2C)c1,True,1.5977,-1.4274200000000012,0.45,False,True
3.0,bin,1,-0.9854800075292587,-1.1407200038433074,-0.83024001121521,1232922,CC(C)(C)OC(=O)NC1CCCN(S(=O)(=O)N2CCOCC2)C1,0.5525000000000011,CCN(C)S(=O)(=O)C1CCCN(S(=O)(=O)N2CCOCC2)C1,True,-0.6906999999999968,-1.2431999999999979,0.42857142857142855,False,True
3.0,bin,1,-0.9854800075292587,-1.1407200038433074,-0.83024001121521,1238973,FC(F)(F)c1cnc(N2CCn3c(nnc3C3CC3)C2)c(Cl)c1,3.2429000000000023,Fc1cnc(N2CCn3c(nnc3C3CC3)C2)c(F)c1,True,1.8489,-1.3940000000000023,0.6037735849056604,False,True
3.0,bin,1,-0.9854800075292587,-1.1407200038433074,-0.83024001121521,1299495,Cc1cc(CC(=O)N2CCCC2C(C#N)c2ccccc2)no1,2.823900000000001,Cc1cc(CC(=O)N2CCCC2C(N)=O)no1,True,0.0018200000000002658,-2.8220800000000006,0.5423728813559322,False,True
3.0,bin,1,-0.9854800075292587,-1.1407200038433074,-0.83024001121521,1309906,CC(C)CC(NC(=O)c1cc(=O)c2ccccc2o1)C(=O)OC(C)C,2.8891000000000018,C=CCNC(=O)C(C)CNC(=O)c1cc(=O)c2ccccc2o1,True,1.4610999999999994,-1.4280000000000024,0.46774193548387094,False,True
3.0,bin,1,-0.9854800075292587,-1.1407200038433074,-0.83024001121521,1362816,COCc1cccc(C(=O)NC2CC2c2cccc(Cl)c2)c1,3.772300000000002,CS(=O)(=O)c1cccc(C(=O)NC2CC2c2ccc(F)c(F)c2)c1,True,2.6542000000000012,-1.118100000000001,0.46774193548387094,False,True
3.0,bin,1,-0.9854800075292587,-1.1407200038433074,-0.83024001121521,1441838,COCC(=O)NC(C(=O)Nc1cccc(-c2nccs2)c1)C(C)C,2.5358,CNS(=O)(=O)CCC(=O)Nc1cccc(-c2nccs2)c1,True,1.6878999999999993,-0.8479000000000008,0.515625,False,True
3.0,bin,1,-0.9854800075292587,-1.1407200038433074,-0.83024001121521,1450449,CCCNC(=O)CSc1nc2c(cc1C#N)CCCC2,2.450380000000001,CCCCOc1ccc(C#N)c(NC(=O)CC)n1,True,2.4806800000000004,0.03029999999999955,0.30303030303030304,False,True
3.0,bin,1,-0.9854800075292587,-1.1407200038433074,-0.83024001121521,1451910,O=S(=O)(NCc1nnc2ccccn12)c1ccc(F)c(F)c1,1.4859999999999995,NC(=O)c1ccccc1S(=O)(=O)NCc1nnc2ccccn12,True,0.30669999999999936,-1.1793000000000002,0.5454545454545454,False,True
3.0,bin,1,-0.9854800075292587,-1.1407200038433074,-0.83024001121521,1479798,Cc1nc(C)c(CCC(=O)N(CC(C)C)CC(F)(F)F)c(=O)[nH]1,2.3662400000000003,CC1=NC(C)=C(CCC(=O)NCC(=O)CC(C)C)CC(=O)N1,True,1.7103,-0.6559400000000004,0.20833333333333334,False,True
3.0,bin,1,-0.9854800075292587,-1.1407200038433074,-0.83024001121521,1507926,COC(=O)C(C)NC(=O)Cc1csc(-c2ccccc2Cl)n1,2.6837,O=C(Cc1csc(-c2cccc(CO)c2)n1)NCCO,True,0.9533999999999994,-1.7303000000000006,0.359375,False,True
3.0,bin,1,-0.9854800075292587,-1.1407200038433074,-0.83024001121521,1527882,Nc1ncccc1C(=O)Nc1ccc2cn[nH]c2c1,1.7923999999999998,NS(=O)(=O)Cc1ccc(C(=O)Nc2ccc3cn[nH]c3c2)cn1,True,0.9986999999999997,-0.7937000000000001,0.5084745762711864,False,True
3.0,bin,1,-0.9854800075292587,-1.1407200038433074,-0.83024001121521,1532848,COc1ccc(-c2ccc3c(=O)[nH]cnc3c2)cc1Cl,3.2521000000000013,CS(=O)(=O)c1ccc(-c2ccc3c(=O)[nH]cnc3c2)cc1F,True,2.1327,-1.1194000000000015,0.5098039215686274,False,True
3.0,bin,1,-0.9854800075292587,-1.1407200038433074,-0.83024001121521,1548351,COc1cc(OC)c2c(c1)C(c1cnccn1)NCC2,1.7288999999999999,NC(=O)c1ccc2c(c1)C(c1cnccn1)NCC2,True,0.8105999999999998,-0.9183000000000001,0.43103448275862066,False,True
3.0,bin,1,-0.9854800075292587,-1.1407200038433074,-0.83024001121521,1570134,COc1cccc(C(C)N2CCN(C(=O)c3ccc(O)cc3)CC2)c1,2.9198000000000013,NC(=O)c1ccc(C(=O)N2CCN(C(O)c3ccccc3)CC2)cc1,True,1.2343999999999993,-1.685400000000002,0.41818181818181815,False,True
3.0,bin,1,-0.9854800075292587,-1.1407200038433074,-0.83024001121521,1611406,CC(C)(C)N1CC(NC(=O)C2COc3ccc(F)cc3C2)CC1=O,1.8923999999999994,CN1CC(NC(=O)C2COc3ccc(F)cc3C2)CC1=O,True,0.7236999999999989,-1.1687000000000005,0.7636363636363637,False,True
3.0,bin,1,-0.9854800075292587,-1.1407200038433074,-0.83024001121521,1612684,CCCC1CN(C(=O)Nc2ccn(CCC(C)C)n2)CCO1,2.9620000000000015,CCCC1CN(C(=O)Nc2ccn(CC)n2)CCO1,True,1.9357999999999997,-1.0262000000000018,0.7962962962962963,False,True
3.0,bin,1,-0.9854800075292587,-1.1407200038433074,-0.83024001121521,1639675,CCC(CC)c1nnc(NC(=O)c2scnc2C2CC2)s1,4.0279000000000025,CC(C)Cc1nnc(NC(=O)c2scnc2C2CC2)s1,True,3.3228000000000018,-0.7051000000000007,0.6923076923076923,False,False
3.0,bin,1,-0.9854800075292587,-1.1407200038433074,-0.83024001121521,1675660,COc1ccnc(NC(=O)c2cccc(Cl)c2)c1,2.9959000000000007,COc1ccnc(NC(=O)c2ccc(S(=O)(=O)N(C)C)cc2)c1,True,1.5928,-1.4031000000000007,0.5576923076923077,False,True
3.0,bin,1,-0.9854800075292587,-1.1407200038433074,-0.83024001121521,1689728,CCc1noc(CSc2ncnc3sc(C)cc23)n1,3.237420000000002,OCCc1noc(CSc2ncnc3sccc23)n1,True,1.9014,-1.336020000000002,0.5,False,True
3.0,bin,1,-0.9854800075292587,-1.1407200038433074,-0.83024001121521,1720876,CC(C)(C)CC(=O)NCC(=O)Nc1ccc2c(c1)COC2,2.2077,CCNC(=O)CN(C)C(=O)Nc1ccc2c(c1)COC2,True,1.3165999999999998,-0.8911000000000002,0.5094339622641509,False,True
3.0,bin,1,-0.9854800075292587,-1.1407200038433074,-0.83024001121521,1757109,CC(C)Cc1ncc(CNc2ccc3c(c2)COC3)s1,3.983900000000003,COC(=O)c1sc(CNc2ccc3c(c2)COC3)nc1C,True,2.8804200000000018,-1.1034800000000011,0.4666666666666667,False,True
3.0,bin,1,-0.9854800075292587,-1.1407200038433074,-0.83024001121521,1774061,O=C1NCCCc2[nH]c(-c3cccc4[nH]ccc34)nc21,2.234,NC(=O)C1NC(=O)CCCNC(c2cccc3[nH]ccc23)S1,True,1.2107000000000003,-1.0232999999999997,0.34328358208955223,False,True
3.0,bin,1,-0.9854800075292587,-1.1407200038433074,-0.83024001121521,1800687,Cc1nn(C)c(-c2nc(-c3cccnn3)no2)c1Cl,1.8889199999999997,N#Cc1cn[nH]c1-c1nc(-c2cccnn2)no1,True,0.7883799999999999,-1.1005399999999999,0.41379310344827586,False,True
3.0,bin,1,-0.9854800075292587,-1.1407200038433074,-0.83024001121521,1815867,FC(F)(F)c1ccc(CN2CCOCC2c2ncon2)cc1,2.661900000000001,COc1cccc(CN2CCOCC2c2ncon2)c1OC,True,1.6603,-1.001600000000001,0.5245901639344263,False,True
3.0,bin,1,-0.9854800075292587,-1.1407200038433074,-0.83024001121521,1828580,Cc1ccc(N2CC3OCC(=O)N(Cc4cccc(F)c4)C3C2)nn1,1.54032,Nc1ccc(CN2C(=O)COC3CN(c4ccc(N)nn4)CC32)nc1,True,-0.347799999999999,-1.888119999999999,0.4857142857142857,False,True
3.0,bin,1,-0.9854800075292587,-1.1407200038433074,-0.83024001121521,1836183,CCc1ccc(C(=O)NCc2nccc(N(C)C)n2)cc1,2.035,CNC(=O)c1cccc(C(=O)NCc2nccc(C)n2)c1,True,1.07462,-0.9603800000000002,0.43636363636363634,False,True
3.0,bin,1,-0.9854800075292587,-1.1407200038433074,-0.83024001121521,1842499,COc1ccccc1COc1ccccc1-c1cnn(CCO)c1,3.1300000000000017,Cn1cc(-c2ccccc2OCc2ccccc2S(N)(=O)=O)cn1,True,2.3135000000000003,-0.8165000000000013,0.5087719298245614,False,True
3.0,bin,1,-0.9854800075292587,-1.1407200038433074,-0.83024001121521,1865564,COC(CNC(=O)c1ccoc1)c1cccc(F)c1,2.536200000000001,NC(=O)CC(CNC(=O)c1ccoc1)c1ccccc1,True,1.6685999999999992,-0.8676000000000017,0.48214285714285715,False,True
3.0,bin,1,-0.9854800075292587,-1.1407200038433074,-0.83024001121521,1868773,CCCOc1ccc(Cl)c2c1CCNC2C1CC(=O)C1,3.2947000000000015,COc1ccc(Cl)c2c1CCNC21CCC(=O)C1,True,2.4426000000000005,-0.852100000000001,0.3333333333333333,False,True
3.0,bin,1,-0.9854800075292587,-1.1407200038433074,-0.83024001121521,1873123,CCC1OC(=O)c2c(OC)ccc(Br)c21,3.079200000000002,COc1cc(OC)c2cc1OCC(C)OC2=O,True,1.6415,-1.437700000000002,0.2692307692307692,False,True
3.0,bin,1,-0.9854800075292587,-1.1407200038433074,-0.83024001121521,1875028,Cc1cccc(C)c1NCC(=O)N1CCCC2CCCCC21,3.8965400000000034,NC(=O)Nc1cc(NCC(=O)N2CCCC3CCCCC32)ccc1F,True,2.9094000000000007,-0.9871400000000028,0.5,False,True
3.0,bin,1,-0.9854800075292587,-1.1407200038433074,-0.83024001121521,1895921,CCC(CC)N(C)C(=O)CC1OC(=O)c2ccccc21,2.935200000000002,C=CCNC(=O)CC1OC(=O)c2ccccc21,True,1.5903999999999998,-1.344800000000002,0.47058823529411764,False,True
3.0,bin,1,-0.9854800075292587,-1.1407200038433074,-0.83024001121521,1907077,Cc1ccc2[nH]nc(C(=O)Nc3nc(-c4ccco4)cs3)c2c1,3.8401200000000015,NC(=O)C=CN=C(C=CS)NC(=O)c1n[nH]c2ccc(F)cc12,True,1.2727999999999997,-2.567320000000002,0.27848101265822783,False,True
3.0,bin,1,-0.9854800075292587,-1.1407200038433074,-0.83024001121521,1913063,Cc1nn(C)c(C)c1CN(C(=O)c1cn2cccc(C)c2n1)C1CC1,2.797860000000001,N#CC1=CC=CN2C=C(C(=O)N(Cc3cn[nH]c3)C3CC3N)C12,True,0.38327999999999995,-2.414580000000001,0.16129032258064516,False,True
3.0,bin,1,-0.9854800075292587,-1.1407200038433074,-0.83024001121521,1922265,CN(CCNC(=O)c1ccc2c(c1)ncn2C)c1ccccc1,2.4395000000000007,Cn1cnc2cc(C(=O)NCCNc3cccc(C(N)=O)c3)ccc21,True,1.5140999999999996,-0.9254000000000011,0.5666666666666667,False,True
3.0,bin,2,-0.7375200986862183,-0.83024001121521,-0.6448001861572266,32052,COc1ccccc1CNC(=O)Cc1c[nH]c2ccccc12,3.035400000000001,NC(=O)Nc1cccc(CNC(=O)Cc2c[nH]c3ccccc23)c1,True,2.5174000000000003,-0.5180000000000007,0.5272727272727272,False,True
3.0,bin,2,-0.7375200986862183,-0.83024001121521,-0.6448001861572266,116747,COCCSc1ccccc1C(=O)Nc1cccc(C)n1,3.3808200000000017,COC(=O)c1ccc(C(=O)Nc2cccc(OC)n2)cc1F,True,2.2682,-1.1126200000000015,0.3333333333333333,False,True
3.0,bin,2,-0.7375200986862183,-0.83024001121521,-0.6448001861572266,131060,CS(=O)(=O)NCCc1csc(-c2ccc(F)cc2)n1,2.0408999999999997,CS(=O)(=O)NCCc1csc(-c2ccc(N)cc2)n1,True,1.4839999999999998,-0.5569,0.7674418604651163,False,True
3.0,bin,2,-0.7375200986862183,-0.83024001121521,-0.6448001861572266,131949,CCc1c(C)nc(SCC(=O)NC(C)C)[nH]c1=O,1.25742,Cc1cc(=O)[nH]c(SCC(=O)NC(C)C)n1,True,0.6950199999999997,-0.5624000000000002,0.5833333333333334,False,True
3.0,bin,2,-0.7375200986862183,-0.83024001121521,-0.6448001861572266,158879,COc1ccc(CC(=O)OCC(=O)c2c[nH]c3ccccc23)cc1,3.145100000000001,NC(=O)c1ccc(CC(=O)OCC(=O)c2c[nH]c3ccccc23)cc1,True,2.2353999999999994,-0.9097000000000017,0.72,False,True
3.0,bin,2,-0.7375200986862183,-0.83024001121521,-0.6448001861572266,232056,COCCNC(=O)c1cc(=O)c2cc(C)ccc2o1,1.4776199999999993,CS(=O)(=O)NCCCNC(=O)c1cc(=O)c2cc(F)ccc2o1,True,0.6011999999999995,-0.8764199999999998,0.5087719298245614,False,True
3.0,bin,2,-0.7375200986862183,-0.83024001121521,-0.6448001861572266,235788,O=C(Cn1nc(-c2ccco2)oc1=O)NCC(F)(F)F,0.7747999999999999,CCOC(=O)CNC(=O)Cn1nc(-c2ccco2)oc1=O,True,-0.22439999999999993,-0.9991999999999999,0.6727272727272727,False,True
3.0,bin,2,-0.7375200986862183,-0.83024001121521,-0.6448001861572266,236081,CC(=O)c1c(C)[nH]c(C(=O)CSc2nc(C(C)C)n[nH]2)c1C,3.0506400000000014,CC(=O)c1c(C)[nH]c(C(=O)CSc2ncn[nH]2)c1C,True,1.9272399999999998,-1.1234000000000015,0.5961538461538461,False,False
3.0,bin,2,-0.7375200986862183,-0.83024001121521,-0.6448001861572266,281081,O=C(Cn1cccn1)NCc1cccnc1Oc1ccc(F)cc1F,2.665000000000001,Nc1cnn(CC(=O)NCc2cccnc2Oc2ccccc2)c1,True,1.9689999999999996,-0.6960000000000013,0.4925373134328358,False,True
3.0,bin,2,-0.7375200986862183,-0.83024001121521,-0.6448001861572266,284170,COc1ccc(-c2nc(CC(=O)Nc3cccc(C)n3)cs2)cc1,3.7033200000000024,O=C(Cc1csc(-c2ccccc2)n1)NC1C=C(F)NC=N1,True,2.2372999999999994,-1.466020000000003,0.38235294117647056,False,True
3.0,bin,2,-0.7375200986862183,-0.83024001121521,-0.6448001861572266,288369,Cc1ccc(NCc2nnc3n2CCCCC3)cc1C,3.2334400000000016,N#CCOc1cccc(NCc2nnc3n2CCCCC3)c1,True,2.518980000000001,-0.7144600000000008,0.5614035087719298,False,True
3.0,bin,2,-0.7375200986862183,-0.83024001121521,-0.6448001861572266,302889,COc1ccc(OC)c(NC(=O)CCNC(=O)c2cccs2)c1,2.5239000000000003,NC(=O)Cc1cccc(NC(=O)CCNC(=O)c2cccs2)c1,True,1.5344999999999995,-0.9894000000000007,0.4918032786885246,False,True
3.0,bin,2,-0.7375200986862183,-0.83024001121521,-0.6448001861572266,327141,COc1ccc(OC)c(S(=O)(=O)Nc2ccn(C)n2)c1,1.2381,COc1ccc(S(=O)(=O)Nc2ccn(CC(N)=O)n2)cc1,True,0.1777999999999994,-1.0603000000000007,0.42105263157894735,False,True
3.0,bin,2,-0.7375200986862183,-0.83024001121521,-0.6448001861572266,327382,CNC(=O)C1CN(C(=O)c2c(C)noc2C)c2ccccc2O1,1.4452399999999996,Cn1ncc(C(=O)N2CC(C(N)=O)Oc3ccccc32)c1N,True,-0.1045999999999988,-1.5498399999999983,0.42857142857142855,False,True
3.0,bin,2,-0.7375200986862183,-0.83024001121521,-0.6448001861572266,406491,COCCNC(=O)C1CCCN(S(=O)(=O)N2CCOCC2)C1,-0.9619999999999964,NS(=O)(=O)NC1CCCN(S(=O)(=O)N2CCOCC2)C1,True,-2.1790999999999956,-1.2170999999999992,0.4444444444444444,False,True
3.0,bin,2,-0.7375200986862183,-0.83024001121521,-0.6448001861572266,413951,O=C(Cn1ncn2cccc2c1=O)N1CCCCCC1,0.8985999999999996,NC(=O)SCC1CCCN(C(=O)Cn2ncn3cccc3c2=O)C1,True,0.5464999999999995,-0.3521000000000001,0.631578947368421,False,True
3.0,bin,2,-0.7375200986862183,-0.83024001121521,-0.6448001861572266,427929,CCNc1nc(NCc2ccccc2Cl)c2cnn(C)c2n1,3.060600000000001,CCNc1nc(NCc2ccccc2)c2cnn(C)c2n1,True,2.4072000000000005,-0.6534000000000004,0.7142857142857143,False,False
3.0,bin,2,-0.7375200986862183,-0.83024001121521,-0.6448001861572266,447130,CCC(NC(=O)C1CCN(C(=O)C2CC2)CC1)c1ccc(C)cc1,3.2109200000000016,COC(NC(=O)C1CCN(C(=O)C2CC2)CC1)c1cc(F)ccc1F,True,2.3746,-0.8363200000000015,0.45,False,True
3.0,bin,2,-0.7375200986862183,-0.83024001121521,-0.6448001861572266,481908,CCNS(=O)(=O)c1ccc(C)c(C(=O)Nc2ncccc2C)c1,2.24894,CNS(=O)(=O)c1ccc(C)c(C(=O)Nc2ccccn2)c1,True,1.55042,-0.6985200000000003,0.5555555555555556,False,True
3.0,bin,2,-0.7375200986862183,-0.83024001121521,-0.6448001861572266,485220,Cc1nn(CC(=O)N2CCN(C)CC2)c(C)c1Br,1.03644,Cc1nn(CC(=O)N2CCN(CCO)CC2)c(C)c1Cl,True,0.2898400000000001,-0.7465999999999999,0.5319148936170213,False,False
3.0,bin,2,-0.7375200986862183,-0.83024001121521,-0.6448001861572266,526363,Cc1nnc(SCC(=O)Nc2ccc(O)cc2)n(N)c1=O,0.09692,NC(=O)C=NN=C(SCC(=O)Nc1ccccc1)N(N)C=O,True,-0.4825000000000008,-0.5794200000000008,0.2463768115942029,False,True
3.0,bin,2,-0.7375200986862183,-0.83024001121521,-0.6448001861572266,536853,COc1ccc(C2CCCN2C(=O)C2CCC2)c(OC)c1,3.1674000000000015,NC(=O)NCCOc1ccc(C2CCCN2C(=O)C2CCC2)cc1,True,2.1972999999999994,-0.9701000000000022,0.45,False,True
3.0,bin,2,-0.7375200986862183,-0.83024001121521,-0.6448001861572266,540312,Cc1nn(C)c2nc(C3CC3)cc(C(=O)NCC(=O)NC(C)(C)C)c12,1.7986199999999997,COC(=O)CN(C)C(=O)c1cc(C2CC2)nc2c1c(C)nn2C,True,1.3991199999999995,-0.3995000000000002,0.546875,False,True
3.0,bin,2,-0.7375200986862183,-0.83024001121521,-0.6448001861572266,544381,Cc1nc(N2CCCC(C(=O)NC(C)C)C2)c2c(C)c(C)oc2n1,2.8890600000000006,CCNC(=O)CCCN(C)c1ncnc2oc(C)c(C)c12,True,2.1921399999999993,-0.6969200000000013,0.2236842105263158,False,True
3.0,bin,2,-0.7375200986862183,-0.83024001121521,-0.6448001861572266,544382,CCCNC(=O)C1CCCN(c2nc(C)nc3oc(C)c(C)c23)C1,2.8906600000000013,COCCNC(=O)C1CCCN(c2ncnc3oc(C)c(C)c23)C1,True,1.8186399999999996,-1.0720200000000017,0.6153846153846154,False,False
3.0,bin,2,-0.7375200986862183,-0.83024001121521,-0.6448001861572266,550049,Cc1ccc(C)c(OCC(=O)Nc2cccc(-n3cnnc3)c2)c1,2.9016400000000013,N#Cc1ccc(OCC(=O)Nc2cccc(-n3cnnc3)c2)cc1,True,2.15648,-0.7451600000000012,0.625,False,True
3.0,bin,2,-0.7375200986862183,-0.83024001121521,-0.6448001861572266,573533,Cc1nn(-c2ncc(C(F)(F)F)cc2Cl)c(=O)o1,2.2011199999999995,COC(=O)C=NN(Cl)c1ccc(Cl)cn1,True,1.8539999999999996,-0.3471199999999999,0.13846153846153847,False,True
3.0,bin,2,-0.7375200986862183,-0.83024001121521,-0.6448001861572266,582555,O=C(NCC(O)c1ccccc1)c1ccc2c(=O)n3c(nc2c1)CCC3,1.8061000000000003,C=CC=CC=C1C=CC(=CS(=O)(=O)NCC(N)=O)N=CCCNC1=O,True,0.04800000000000054,-1.7580999999999998,0.11578947368421053,False,True
3.0,bin,2,-0.7375200986862183,-0.83024001121521,-0.6448001861572266,588547,Cc1n[nH]c(C)c1NC(=O)CCc1ccc(Cl)cc1Cl,3.9046400000000023,CCOc1ccc(CCC(=O)Nc2c(C)n[nH]c2C)cc1,True,2.9965400000000004,-0.9081000000000019,0.5272727272727272,False,True
3.0,bin,2,-0.7375200986862183,-0.83024001121521,-0.6448001861572266,607673,CCCN(CC1CC1)S(=O)(=O)c1ccccc1F,2.636400000000001,C#CCN(CC1CC1)S(=O)(=O)c1ccccc1F,True,1.8596000000000004,-0.7768000000000006,0.6590909090909091,False,True
3.0,bin,2,-0.7375200986862183,-0.83024001121521,-0.6448001861572266,617681,Cc1cc(C(=O)Nc2nc(-c3ccncc3)cs2)nn1C(C)C,3.5432200000000016,Cc1cc(C(=O)Nc2nc(-c3ccncc3)cs2)nn1C,True,2.49932,-1.0439000000000016,0.7450980392156863,False,False
3.0,bin,2,-0.7375200986862183,-0.83024001121521,-0.6448001861572266,650267,COc1ccc2oc(C(=O)NC3CCCCNC3=O)c(C)c2c1,2.14832,NC1=C(C(=O)NC2CCCCNC2)OOc2ccccc21,True,0.8961999999999997,-1.2521200000000003,0.23076923076923078,False,True
3.0,bin,2,-0.7375200986862183,-0.83024001121521,-0.6448001861572266,668639,Cc1cc(NC(=O)c2ccccc2Cl)ncc1N,2.8779200000000005,N#Cc1ccnc(NC(=O)C2C=CC=CC(=O)OC2)c1,True,1.1771799999999997,-1.7007400000000008,0.18309859154929578,False,True
3.0,bin,2,-0.7375200986862183,-0.83024001121521,-0.6448001861572266,673160,CCC(=O)Nc1ccc2oc(C(F)(F)F)cc(=O)c2c1,3.160300000000001,CC(=O)Nc1ccc2oc(CCCO)cc(=O)c2c1,True,1.6763,-1.4840000000000013,0.45454545454545453,False,True
3.0,bin,2,-0.7375200986862183,-0.83024001121521,-0.6448001861572266,711169,Cc1cccc(C(C)C)c1NC(=O)N(C)Cc1ccncc1,4.177320000000003,CN(Cc1ccncc1)C(=O)Nc1ccc(OC(F)F)cc1,True,3.3469000000000015,-0.830420000000001,0.48214285714285715,False,True
3.0,bin,2,-0.7375200986862183,-0.83024001121521,-0.6448001861572266,720969,Cc1noc(C)c1CCC(=O)OCC(=O)N1c2ccccc2CC1C,2.7450400000000013,Cc1noc(N)c1CCC(=O)OCC(=O)N1CCc2ccccc21,True,1.6303199999999995,-1.1147200000000017,0.5522388059701493,False,True
3.0,bin,2,-0.7375200986862183,-0.83024001121521,-0.6448001861572266,730789,COC(=O)C1CCN(C(=O)c2cc3ccc(F)cc3nc2C)CC1,2.7075200000000006,COc1ccc2cc(C(=O)N3CCC(C(N)=O)CC3)c(C)nc2c1,True,1.8893199999999999,-0.8182000000000007,0.6140350877192983,False,False
3.0,bin,2,-0.7375200986862183,-0.83024001121521,-0.6448001861572266,738178,Cc1ccc(-n2ccnc2SCc2nc(C3CC3)no2)cc1C,4.041840000000003,N#Cc1ccccc1-n1ccnc1SCc1nc(C2CC2)no1,True,3.296680000000002,-0.7451600000000012,0.5901639344262295,False,True
3.0,bin,2,-0.7375200986862183,-0.83024001121521,-0.6448001861572266,771897,COc1ccccc1OCC(=O)N(C)Cc1sccc1C,3.102520000000002,COc1ccc(CO)c(OCC(=O)NCc2sccc2C)c1,True,2.2526200000000003,-0.8499000000000017,0.3968253968253968,False,True
3.0,bin,2,-0.7375200986862183,-0.83024001121521,-0.6448001861572266,811446,COC(=O)C1(NC(=O)c2cc(Br)c[nH]2)CCCCCC1,2.7730000000000006,CCCCCC(NC(=O)c1cc(Br)c[nH]1)C(N)=O,True,1.9411999999999998,-0.8318000000000008,0.3684210526315789,False,True
3.0,bin,2,-0.7375200986862183,-0.83024001121521,-0.6448001861572266,848291,CCC(C)NC(=O)NCc1noc(-c2cccs2)n1,2.3958000000000004,CC(C#N)NC(=O)NCc1noc(-c2cccs2)n1,True,1.5093799999999997,-0.8864200000000007,0.7407407407407407,False,True
3.0,bin,2,-0.7375200986862183,-0.83024001121521,-0.6448001861572266,863440,COc1ccc(-c2nc(CCCO)cs2)cc1OC,2.752200000000001,COc1cc(-c2nc(CNC(N)=O)cs2)cc(OC)c1OC,True,2.0042,-0.7480000000000011,0.4716981132075472,False,True
3.0,bin,2,-0.7375200986862183,-0.83024001121521,-0.6448001861572266,864663,N#Cc1ccc(-c2cc(F)ccc2F)nc1N1CCCC1,3.498680000000002,N#Cc1ccc(-c2ccccc2)nc1N1CCC(O)C1,True,2.191279999999999,-1.307400000000003,0.38596491228070173,False,True
3.0,bin,2,-0.7375200986862183,-0.83024001121521,-0.6448001861572266,872100,CCc1cccc(C)c1NCC(O)c1ccc2c(c1)OCCO2,3.474120000000002,N#Cc1cc(NCC(O)c2ccc3c(c2)OCCO3)ccc1F,True,2.6140800000000004,-0.8600400000000015,0.45901639344262296,False,True
3.0,bin,2,-0.7375200986862183,-0.83024001121521,-0.6448001861572266,886334,COc1ccc(C(=O)N2CCCC(C(=O)N3CCCCC3)C2)c(O)c1,2.2655000000000003,CCN(CCCC(N)=O)C(=O)C1CCCN(C(=O)c2ccc(F)cc2)C1,True,1.7918999999999992,-0.47360000000000113,0.30985915492957744,False,True
3.0,bin,2,-0.7375200986862183,-0.83024001121521,-0.6448001861572266,887387,COCCNC(=O)N(Cc1cccc(F)c1)CC1CCCO1,2.1627,CS(=O)(=O)NCCC(=O)N(Cc1ccc(F)cc1)CC1CCCO1,True,1.2726000000000002,-0.8900999999999999,0.5,False,True
3.0,bin,2,-0.7375200986862183,-0.83024001121521,-0.6448001861572266,889149,N#Cc1ccc(NC(=O)c2ccc(Br)cc2Cl)nc1,3.621480000000001,N#Cc1ccc(NC(=O)c2cccc(OCC(F)F)c2)nc1,True,2.8494800000000007,-0.7720000000000002,0.45,False,True
3.0,bin,2,-0.7375200986862183,-0.83024001121521,-0.6448001861572266,913483,O=C(CNC(=O)NCCc1c(Cl)cccc1Cl)NC1CC1,2.1137000000000006,O=C(CNC(=O)NCCc1cccc(Cl)c1)NC1CC1,True,1.4602999999999995,-0.6534000000000011,0.6808510638297872,False,True
3.0,bin,2,-0.7375200986862183,-0.83024001121521,-0.6448001861572266,917620,C=CCN(Cc1ccccc1OC)C(=O)c1csc(C)n1,3.288520000000002,COC(=O)CCN(Cc1ccccc1)C(=O)c1csc(C)n1,True,2.657020000000001,-0.6315000000000008,0.48333333333333334,False,True
3.0,bin,2,-0.7375200986862183,-0.83024001121521,-0.6448001861572266,918312,CCOc1ccc(Cl)c(C(=O)N2CCN(c3ncccn3)CC2)n1,1.8860999999999997,O=C(c1ncccc1Cl)N1CCN(c2ncccn2)CC1,True,1.4873999999999998,-0.39869999999999983,0.625,False,True
3.0,bin,2,-0.7375200986862183,-0.83024001121521,-0.6448001861572266,922879,CC(=O)c1ccc(N2CCN(Cc3c(F)cccc3F)CC2)cc1,3.489600000000003,Nc1cccc(CN2CCN(c3ccc(F)c(F)c3)CC2)c1,True,2.869200000000002,-0.620400000000001,0.40384615384615385,False,True
3.0,bin,2,-0.7375200986862183,-0.83024001121521,-0.6448001861572266,927535,COc1cc(CN2CCN(c3ccccc3F)CC2)ccc1O,2.862100000000002,NS(=O)(=O)Nc1cccc(CN2CCN(c3ccc(F)cc3)CC2)c1,True,1.7632999999999992,-1.0988000000000029,0.3333333333333333,False,True
3.0,bin,2,-0.7375200986862183,-0.83024001121521,-0.6448001861572266,927567,Cc1ccccc1N1CCN(Cc2cccc(O)c2)CC1,3.022820000000001,NC(=O)Nc1ccc(N2CCN(Cc3ccccc3)CC2)cc1,True,2.4994000000000005,-0.5234200000000007,0.35185185185185186,False,True
3.0,bin,2,-0.7375200986862183,-0.83024001121521,-0.6448001861572266,938108,CC(c1ccccc1)N(C)C(=O)CCC(=O)Nc1nccs1,3.0814000000000012,N[SH]1C=CN=C1NC(=O)CCC(=O)Cc1ccc(F)cc1,True,1.5493999999999994,-1.5320000000000018,0.19718309859154928,False,True
3.0,bin,2,-0.7375200986862183,-0.83024001121521,-0.6448001861572266,943303,CN(CCCOc1ccccc1)C(=O)Nc1cccc2c1OCCO2,3.390600000000002,NC(=O)N=CC=CC=COCCCNC(=O)Nc1cccc2c1OCCO2,True,2.2054,-1.1852000000000018,0.3972602739726027,False,True
3.0,bin,2,-0.7375200986862183,-0.83024001121521,-0.6448001861572266,946289,CC(NC(=O)C1(c2cc(-c3ccco3)on2)CC1)c1ccccc1,3.843600000000002,O=C(NCc1ccccc1)C1(c2cc(-c3ccco3)on2)CC1,True,3.282600000000002,-0.5609999999999999,0.6545454545454545,False,False
3.0,bin,2,-0.7375200986862183,-0.83024001121521,-0.6448001861572266,994077,Cc1nnc(Cn2c(-c3cccc(Br)c3)noc2=O)o1,2.0055199999999997,CC(=O)Nc1ccc(-c2noc(=O)n2Cc2nnc(C)o2)cc1,True,1.20142,-0.8040999999999998,0.5818181818181818,False,True
3.0,bin,2,-0.7375200986862183,-0.83024001121521,-0.6448001861572266,1065620,O=C(NCc1cccnc1Oc1ccccc1)c1cccnc1,3.198900000000002,NC(=O)c1ccc(Oc2ncccc2CNC(=O)c2ccc(F)nc2)cn1,True,1.8318999999999999,-1.367000000000002,0.5409836065573771,False,True
3.0,bin,2,-0.7375200986862183,-0.83024001121521,-0.6448001861572266,1093926,CN(C(=O)CNc1cccc(OCC2CCCO2)c1)c1ccccc1,3.319300000000002,NC(=O)c1ccccc1NCC(=O)Nc1cccc(OCC2CCCO2)c1,True,2.3939000000000004,-0.9254000000000016,0.5507246376811594,False,True
3.0,bin,2,-0.7375200986862183,-0.83024001121521,-0.6448001861572266,1107920,CCc1ccc(-n2cc(C(=O)NC(C)c3ccccc3)nn2)cc1,3.320700000000002,COc1ccccc1CNC(=O)c1cn(-c2ccc(F)cc2)nn1,True,2.3449999999999998,-0.9757000000000025,0.42857142857142855,False,False
3.0,bin,2,-0.7375200986862183,-0.83024001121521,-0.6448001861572266,1113130,CC(NC(=O)Cn1nnnc1C(C)(C)C)c1cccc2ccccc12,3.0012000000000016,Cc1ccc2cccc(C(C)NC(=O)Cn3nnnc3C)c2c1,True,2.3205400000000003,-0.6806600000000014,0.603448275862069,False,True
3.0,bin,2,-0.7375200986862183,-0.83024001121521,-0.6448001861572266,1121751,COC(=O)Cn1ccc(NS(=O)(=O)c2ccc(F)c(F)c2F)n1,1.2742,NC(=O)Cn1ccc(NS(=O)(=O)c2ccc(F)cc2F)n1,True,0.44739999999999897,-0.8268000000000011,0.5535714285714286,False,True
3.0,bin,2,-0.7375200986862183,-0.83024001121521,-0.6448001861572266,1142531,CCOC(C)C(=O)NCCc1csc(-c2ccc(C)cc2)n1,3.2022200000000014,COCC(=O)NCCc1csc(-c2ccc(C)cc2)n1,True,2.4236200000000006,-0.7786000000000008,0.6296296296296297,False,True
3.0,bin,2,-0.7375200986862183,-0.83024001121521,-0.6448001861572266,1212157,CN(Cc1ccc(F)c(F)c1)C(=O)c1cncc(-c2cnn(C)c2)c1,3.0325000000000015,C=C(C=NC=CC(=O)N(C)CC1=CC=CC(=O)NC1)c1cnn(C)c1,True,1.0885999999999998,-1.9439000000000017,0.24705882352941178,False,True
3.0,bin,2,-0.7375200986862183,-0.83024001121521,-0.6448001861572266,1215394,CCn1nc(C)cc1C(=O)Oc1cccc(NC(=O)C(C)C)c1,3.025120000000001,CCCn1nc(C)cc1C(=O)Oc1cccc(C(=O)NCC)c1,True,2.5704200000000004,-0.45470000000000077,0.5161290322580645,False,True
3.0,bin,2,-0.7375200986862183,-0.83024001121521,-0.6448001861572266,1232922,CC(C)(C)OC(=O)NC1CCCN(S(=O)(=O)N2CCOCC2)C1,0.5525000000000011,CCOC(=O)C1CCCN(S(=O)(=O)N2CCOCC2)C1,True,-0.1614999999999982,-0.7139999999999993,0.5,False,True
3.0,bin,2,-0.7375200986862183,-0.83024001121521,-0.6448001861572266,1238973,FC(F)(F)c1cnc(N2CCn3c(nnc3C3CC3)C2)c(Cl)c1,3.2429000000000023,Fc1cc(Cl)cnc1N1CCn2c(nnc2C2CC2)C1,True,2.3632,-0.8797000000000024,0.6415094339622641,False,True
3.0,bin,2,-0.7375200986862183,-0.83024001121521,-0.6448001861572266,1299495,Cc1cc(CC(=O)N2CCCC2C(C#N)c2ccccc2)no1,2.823900000000001,CNC(=O)c1cccc(C(C#N)C2CCCN2C(=O)Cc2ccon2)c1,True,1.87508,-0.9488200000000009,0.5857142857142857,False,True
3.0,bin,2,-0.7375200986862183,-0.83024001121521,-0.6448001861572266,1309906,CC(C)CC(NC(=O)c1cc(=O)c2ccccc2o1)C(=O)OC(C)C,2.8891000000000018,CCC(C)C(NC(=O)c1cc(=O)c2ccccc2o1)C(=O)OC,True,2.1105,-0.7786000000000017,0.5892857142857143,False,True
3.0,bin,2,-0.7375200986862183,-0.83024001121521,-0.6448001861572266,1362816,COCc1cccc(C(=O)NC2CC2c2cccc(Cl)c2)c1,3.772300000000002,COc1cc(OC)cc(C(=O)NC2CC2c2ccccc2F)c1,True,3.128800000000002,-0.6435000000000004,0.38095238095238093,False,True
3.0,bin,2,-0.7375200986862183,-0.83024001121521,-0.6448001861572266,1441838,COCC(=O)NC(C(=O)Nc1cccc(-c2nccs2)c1)C(C)C,2.5358,CC(=O)NCCNC(=O)Nc1cccc(-c2nccs2)c1,True,2.0676999999999994,-0.4681000000000006,0.5409836065573771,False,True
3.0,bin,2,-0.7375200986862183,-0.83024001121521,-0.6448001861572266,1450449,CCCNC(=O)CSc1nc2c(cc1C#N)CCCC2,2.450380000000001,CS(=O)(=O)c1nc2c(cc1C#N)CCCC2,True,1.23558,-1.214800000000001,0.43636363636363634,False,True
3.0,bin,2,-0.7375200986862183,-0.83024001121521,-0.6448001861572266,1451910,O=S(=O)(NCc1nnc2ccccn12)c1ccc(F)c(F)c1,1.4859999999999995,NC(=O)c1ccc(F)c(S(=O)(=O)NCc2nnc3ccccn23)c1,True,0.44579999999999936,-1.0402000000000002,0.625,False,True
3.0,bin,2,-0.7375200986862183,-0.83024001121521,-0.6448001861572266,1479798,Cc1nc(C)c(CCC(=O)N(CC(C)C)CC(F)(F)F)c(=O)[nH]1,2.3662400000000003,CCOCCCN(CC)C(=O)CCc1c(C)nc(C)[nH]c1=O,True,1.5944399999999999,-0.7718000000000005,0.5172413793103449,False,True
3.0,bin,2,-0.7375200986862183,-0.83024001121521,-0.6448001861572266,1507926,COC(=O)C(C)NC(=O)Cc1csc(-c2ccccc2Cl)n1,2.6837,COC(=O)CNC(=O)Cc1csc(-c2ccccc2C)n1,True,1.9502199999999998,-0.7334800000000001,0.5,False,True
3.0,bin,2,-0.7375200986862183,-0.83024001121521,-0.6448001861572266,1527882,Nc1ncccc1C(=O)Nc1ccc2cn[nH]c2c1,1.7923999999999998,NS(=O)(=O)Cc1ccc(C(=O)Nc2ccc3cn[nH]c3c2)cn1,True,0.9986999999999997,-0.7937000000000001,0.5084745762711864,False,True
3.0,bin,2,-0.7375200986862183,-0.83024001121521,-0.6448001861572266,1532848,COc1ccc(-c2ccc3c(=O)[nH]cnc3c2)cc1Cl,3.2521000000000013,COC=C1C=CN=CNC(=O)C=C(c2ccc(OC)c(OC)c2)C=C1,True,2.8455000000000013,-0.4066000000000001,0.2537313432835821,False,True
3.0,bin,2,-0.7375200986862183,-0.83024001121521,-0.6448001861572266,1548351,COc1cc(OC)c2c(c1)C(c1cnccn1)NCC2,1.7288999999999999,COC1=C2C=CC(NC(N)=O)C=C2CNC1c1cnccn1,True,0.5544999999999995,-1.1744000000000003,0.3582089552238806,False,True
3.0,bin,2,-0.7375200986862183,-0.83024001121521,-0.6448001861572266,1570134,COc1cccc(C(C)N2CCN(C(=O)c3ccc(O)cc3)CC2)c1,2.9198000000000013,NC(=O)Nc1cccc(C(=O)N2CCN(Cc3cccc(O)c3)CC2)c1,True,1.8408,-1.0790000000000013,0.29411764705882354,False,True
3.0,bin,2,-0.7375200986862183,-0.83024001121521,-0.6448001861572266,1611406,CC(C)(C)N1CC(NC(=O)C2COc3ccc(F)cc3C2)CC1=O,1.8923999999999994,CCN1CC(NC(=O)C2COc3ccc(F)cc3C2)CC1=O,True,1.113799999999999,-0.7786000000000004,0.7241379310344828,False,True
3.0,bin,2,-0.7375200986862183,-0.83024001121521,-0.6448001861572266,1612684,CCCC1CN(C(=O)Nc2ccn(CCC(C)C)n2)CCO1,2.9620000000000015,CCCc1ccn(C(=O)N2CCOC(C(F)(F)F)C2)n1,True,2.0668,-0.8952000000000013,0.3287671232876712,False,True
3.0,bin,2,-0.7375200986862183,-0.83024001121521,-0.6448001861572266,1639675,CCC(CC)c1nnc(NC(=O)c2scnc2C2CC2)s1,4.0279000000000025,CCCc1nnc(NC(=O)c2scnc2C2CC2)s1,True,3.0768000000000013,-0.9511000000000012,0.7058823529411765,False,False
3.0,bin,2,-0.7375200986862183,-0.83024001121521,-0.6448001861572266,1675660,COc1ccnc(NC(=O)c2cccc(Cl)c2)c1,2.9959000000000007,COC=C1C=CC(NC(=O)c2cccc(C#N)c2O)N=C1,True,1.4906799999999998,-1.505220000000001,0.1891891891891892,False,True
3.0,bin,2,-0.7375200986862183,-0.83024001121521,-0.6448001861572266,1689728,CCc1noc(CSc2ncnc3sc(C)cc23)n1,3.237420000000002,Cc1noc(CSc2ncnc3sc(C#N)cc23)n1,True,2.5467000000000013,-0.6907200000000007,0.5714285714285714,False,True
3.0,bin,2,-0.7375200986862183,-0.83024001121521,-0.6448001861572266,1720876,CC(C)(C)CC(=O)NCC(=O)Nc1ccc2c(c1)COC2,2.2077,CCOC(=O)C(C)NC(=O)Nc1ccc2c(c1)COC2,True,1.7898999999999998,-0.41780000000000017,0.45454545454545453,False,True
3.0,bin,2,-0.7375200986862183,-0.83024001121521,-0.6448001861572266,1757109,CC(C)Cc1ncc(CNc2ccc3c(c2)COC3)s1,3.983900000000003,CN(C)C1=NC=C2CNc3ccc(F)c(c3)COC[SH]21,True,2.4991000000000008,-1.4848000000000021,0.1917808219178082,False,True
3.0,bin,2,-0.7375200986862183,-0.83024001121521,-0.6448001861572266,1774061,O=C1NCCCc2[nH]c(-c3cccc4[nH]ccc34)nc21,2.234,NC(=O)C1CCc2[nH]c(-c3nc4c([nH]3)CCCNC4=O)nc2C1,True,0.065999999999999,-2.168000000000001,0.4032258064516129,False,True
3.0,bin,2,-0.7375200986862183,-0.83024001121521,-0.6448001861572266,1800687,Cc1nn(C)c(-c2nc(-c3cccnn3)no2)c1Cl,1.8889199999999997,COC(=O)c1cnn(-c2nc(-c3cccnn3)no2)c1C,True,0.8073199999999998,-1.0816,0.390625,False,True
3.0,bin,2,-0.7375200986862183,-0.83024001121521,-0.6448001861572266,1815867,FC(F)(F)c1ccc(CN2CCOCC2c2ncon2)cc1,2.661900000000001,Fc1cccc(CN2CCOCC2c2ncon2)c1F,True,1.9212999999999998,-0.7406000000000013,0.5892857142857143,False,True
3.0,bin,2,-0.7375200986862183,-0.83024001121521,-0.6448001861572266,1828580,Cc1ccc(N2CC3OCC(=O)N(Cc4cccc(F)c4)C3C2)nn1,1.54032,Nc1ccc(N2CCOCC(=O)N(Cc3ccccc3)CC2N)[nH]1,True,0.7470999999999994,-0.7932200000000005,0.20238095238095238,False,True
3.0,bin,2,-0.7375200986862183,-0.83024001121521,-0.6448001861572266,1836183,CCc1ccc(C(=O)NCc2nccc(N(C)C)n2)cc1,2.035,CNC(=O)c1ccc(C(=O)NCc2nccc(N(C)C)n2)c(C)c1,True,1.1406199999999997,-0.8943800000000004,0.6037735849056604,False,True
3.0,bin,2,-0.7375200986862183,-0.83024001121521,-0.6448001861572266,1842499,COc1ccccc1COc1ccccc1-c1cnn(CCO)c1,3.1300000000000017,NC(=O)Cn1cc(-c2ccccc2OCc2ccc(CO)cc2)cn1,True,2.1067,-1.0233000000000017,0.5,False,True
3.0,bin,2,-0.7375200986862183,-0.83024001121521,-0.6448001861572266,1865564,COC(CNC(=O)c1ccoc1)c1cccc(F)c1,2.536200000000001,CS(=O)(=O)C1=CC=C(CCNC(=O)c2ccoc2C#N)C1,True,1.5297800000000001,-1.0064200000000008,0.16666666666666666,False,True
3.0,bin,2,-0.7375200986862183,-0.83024001121521,-0.6448001861572266,1868773,CCCOc1ccc(Cl)c2c1CCNC2C1CC(=O)C1,3.2947000000000015,CCC1(c2ccc(OC)c(O)c2Cl)CC(=O)CC1=O,True,2.6340000000000003,-0.6607000000000012,0.21739130434782608,False,True
3.0,bin,2,-0.7375200986862183,-0.83024001121521,-0.6448001861572266,1873123,CCC1OC(=O)c2c(OC)ccc(Br)c21,3.079200000000002,CCC1(CO)OC(=O)c2c(OC)ccc(OC)c21,True,1.4718,-1.607400000000002,0.3673469387755102,False,True
3.0,bin,2,-0.7375200986862183,-0.83024001121521,-0.6448001861572266,1875028,Cc1cccc(C)c1NCC(=O)N1CCCC2CCCCC21,3.8965400000000034,N#CCOc1ccc(NCC(=O)N2CCCC3CCCCC32)cc1,True,3.182080000000002,-0.7144600000000016,0.5178571428571429,False,True
3.0,bin,2,-0.7375200986862183,-0.83024001121521,-0.6448001861572266,1895921,CCC(CC)N(C)C(=O)CC1OC(=O)c2ccccc21,2.935200000000002,CCC(C)(NC(=O)CC1OC(=O)c2ccccc21)C(=O)OC,True,1.7461,-1.1891000000000018,0.4727272727272727,False,True
3.0,bin,2,-0.7375200986862183,-0.83024001121521,-0.6448001861572266,1907077,Cc1ccc2[nH]nc(C(=O)Nc3nc(-c4ccco4)cs3)c2c1,3.8401200000000015,CCC(=O)NC(=N)C(=O)NN=CC1=C=CSC2=CNC=CC2=C1,True,1.2623700000000002,-2.5777500000000013,0.09473684210526316,False,True
3.0,bin,2,-0.7375200986862183,-0.83024001121521,-0.6448001861572266,1913063,Cc1nn(C)c(C)c1CN(C(=O)c1cn2cccc(C)c2n1)C1CC1,2.797860000000001,Cc1nn(CCO)cc1CN(C(=O)c1cn2ccccc2n1)C1CC1,True,1.6363199999999998,-1.1615400000000011,0.49295774647887325,False,True
3.0,bin,2,-0.7375200986862183,-0.83024001121521,-0.6448001861572266,1922265,CN(CCNC(=O)c1ccc2c(c1)ncn2C)c1ccccc1,2.4395000000000007,Nn1cncc2c(C(=O)NC(CO)CNc3ccccc3)ccc1-2,True,0.9044999999999993,-1.5350000000000015,0.20512820512820512,False,True
3.0,bin,3,-0.5795501172542572,-0.6448001861572266,-0.5143000483512878,32052,COc1ccccc1CNC(=O)Cc1c[nH]c2ccccc12,3.035400000000001,NC(=O)C(NC(=O)Cc1c[nH]c2ccccc12)c1c(F)cccc1F,True,2.3314000000000004,-0.7040000000000006,0.4642857142857143,False,True
3.0,bin,3,-0.5795501172542572,-0.6448001861572266,-0.5143000483512878,116747,COCCSc1ccccc1C(=O)Nc1cccc(C)n1,3.3808200000000017,COC(=O)Nc1cc(C(=O)Nc2cccc(C)n2)ccc1OC,True,2.829220000000001,-0.5516000000000005,0.423728813559322,False,True
3.0,bin,3,-0.5795501172542572,-0.6448001861572266,-0.5143000483512878,131060,CS(=O)(=O)NCCc1csc(-c2ccc(F)cc2)n1,2.0408999999999997,CNS(=O)(=O)CC(=O)NCCc1csc(-c2ccccc2)n1,True,1.0179999999999996,-1.0229000000000001,0.4727272727272727,False,True
3.0,bin,3,-0.5795501172542572,-0.6448001861572266,-0.5143000483512878,131949,CCc1c(C)nc(SCC(=O)NC(C)C)[nH]c1=O,1.25742,CCc1c(C)nc(SCC(=O)NCCOC)[nH]c1=O,True,0.49542,-0.762,0.64,False,False
3.0,bin,3,-0.5795501172542572,-0.6448001861572266,-0.5143000483512878,158879,COc1ccc(CC(=O)OCC(=O)c2c[nH]c3ccccc23)cc1,3.145100000000001,NC(=O)C1CN(C(=O)COC(=O)Cc2ccccc2)c2ccccc21,True,1.388,-1.7571000000000012,0.2835820895522388,False,True
3.0,bin,3,-0.5795501172542572,-0.6448001861572266,-0.5143000483512878,232056,COCCNC(=O)c1cc(=O)c2cc(C)ccc2o1,1.4776199999999993,COc1ccc2oc(C(=O)NCCO)cc(=O)c2c1,True,0.5237,-0.9539199999999992,0.62,False,True
3.0,bin,3,-0.5795501172542572,-0.6448001861572266,-0.5143000483512878,235788,O=C(Cn1nc(-c2ccco2)oc1=O)NCC(F)(F)F,0.7747999999999999,CN(C)S(=O)(=O)CCCn1nc(-c2ccco2)oc1=O,True,0.3777999999999999,-0.397,0.45,False,True
3.0,bin,3,-0.5795501172542572,-0.6448001861572266,-0.5143000483512878,236081,CC(=O)c1c(C)[nH]c(C(=O)CSc2nc(C(C)C)n[nH]2)c1C,3.0506400000000014,CCCc1n[nH]c(SCC(=O)c2[nH]c(C)c(C#N)c2C)n1,True,2.548820000000001,-0.5018200000000004,0.4666666666666667,False,True
3.0,bin,3,-0.5795501172542572,-0.6448001861572266,-0.5143000483512878,281081,O=C(Cn1cccn1)NCc1cccnc1Oc1ccc(F)cc1F,2.665000000000001,Nc1ccc(Oc2ncccc2CNC(=O)Cn2cccn2)cc1,True,1.969,-0.6960000000000008,0.639344262295082,False,True
3.0,bin,3,-0.5795501172542572,-0.6448001861572266,-0.5143000483512878,284170,COc1ccc(-c2nc(CC(=O)Nc3cccc(C)n3)cs2)cc1,3.7033200000000024,Nc1nc(NC(=O)Cc2csc(-c3ccccc3F)n2)ccc1F,True,3.2467000000000015,-0.4566200000000009,0.4444444444444444,False,True
3.0,bin,3,-0.5795501172542572,-0.6448001861572266,-0.5143000483512878,288369,Cc1ccc(NCc2nnc3n2CCCCC3)cc1C,3.2334400000000016,COc1ccc(C#N)cc1NCc1nnc2n1CCCCC2,True,2.496880000000001,-0.7365600000000008,0.5084745762711864,False,True
3.0,bin,3,-0.5795501172542572,-0.6448001861572266,-0.5143000483512878,302889,COc1ccc(OC)c(NC(=O)CCNC(=O)c2cccs2)c1,2.5239000000000003,NC(=O)c1ccc(NC(=O)CCNC(=O)c2cccs2)cc1F,True,1.744699999999999,-0.7792000000000012,0.4838709677419355,False,True
3.0,bin,3,-0.5795501172542572,-0.6448001861572266,-0.5143000483512878,327141,COc1ccc(OC)c(S(=O)(=O)Nc2ccn(C)n2)c1,1.2381,CNS(=O)(=O)c1cc(C)c(S(=O)(=O)Nc2ccn(C)n2)cc1OC,True,0.44601999999999964,-0.7920800000000003,0.64,False,True
3.0,bin,3,-0.5795501172542572,-0.6448001861572266,-0.5143000483512878,327382,CNC(=O)C1CN(C(=O)c2c(C)noc2C)c2ccccc2O1,1.4452399999999996,Cn1ncc(C(=O)N2CC(C(N)=O)Oc3ccccc32)c1N,True,-0.1045999999999988,-1.5498399999999983,0.42857142857142855,False,True
3.0,bin,3,-0.5795501172542572,-0.6448001861572266,-0.5143000483512878,406491,COCCNC(=O)C1CCCN(S(=O)(=O)N2CCOCC2)C1,-0.9619999999999964,NC(=O)C1CCN(S(=O)(=O)N2CCOCC2)CC1,True,-1.239299999999998,-0.27730000000000166,0.4117647058823529,False,True
3.0,bin,3,-0.5795501172542572,-0.6448001861572266,-0.5143000483512878,413951,O=C(Cn1ncn2cccc2c1=O)N1CCCCCC1,0.8985999999999996,CCCCCNC(=O)CN(C=O)C=NNCC(=O)n1ccnc1N,True,-0.596799999999998,-1.4953999999999976,0.12048192771084337,False,True
3.0,bin,3,-0.5795501172542572,-0.6448001861572266,-0.5143000483512878,427929,CCNc1nc(NCc2ccccc2Cl)c2cnn(C)c2n1,3.060600000000001,CNc1nc(NCc2ccc(Br)cc2)c2cnn(C)c2n1,True,2.7796000000000003,-0.2810000000000006,0.49122807017543857,False,True
3.0,bin,3,-0.5795501172542572,-0.6448001861572266,-0.5143000483512878,447130,CCC(NC(=O)C1CCN(C(=O)C2CC2)CC1)c1ccc(C)cc1,3.2109200000000016,COc1ccc(C)cc1C(C)NC(=O)C1CCN(C(=O)C2CC2)CC1,True,2.8294200000000016,-0.38149999999999995,0.5263157894736842,False,False
3.0,bin,3,-0.5795501172542572,-0.6448001861572266,-0.5143000483512878,481908,CCNS(=O)(=O)c1ccc(C)c(C(=O)Nc2ncccc2C)c1,2.24894,CNS(=O)(=O)c1ccc(C)c(C(=O)Nc2ncccc2C)c1,True,1.8588399999999998,-0.39010000000000034,0.7872340425531915,False,True
3.0,bin,3,-0.5795501172542572,-0.6448001861572266,-0.5143000483512878,485220,Cc1nn(CC(=O)N2CCN(C)CC2)c(C)c1Br,1.03644,COC(=O)N1CCN(C(=O)Cn2nc(C)c(Cl)c2N)CC1,True,0.33772000000000013,-0.6987199999999999,0.43137254901960786,False,True
3.0,bin,3,-0.5795501172542572,-0.6448001861572266,-0.5143000483512878,526363,Cc1nnc(SCC(=O)Nc2ccc(O)cc2)n(N)c1=O,0.09692,NC(=O)c1ccc(NC(=O)CSc2nncc(=O)n2N)cc1,True,-0.8181999999999994,-0.9151199999999994,0.5178571428571429,False,True
3.0,bin,3,-0.5795501172542572,-0.6448001861572266,-0.5143000483512878,536853,COc1ccc(C2CCCN2C(=O)C2CCC2)c(OC)c1,3.1674000000000015,CS(=O)(=O)Nc1cc(C2CCCN2C(=O)C2CCC2)ccc1F,True,2.660800000000001,-0.5066000000000006,0.4262295081967213,False,True
3.0,bin,3,-0.5795501172542572,-0.6448001861572266,-0.5143000483512878,540312,Cc1nn(C)c2nc(C3CC3)cc(C(=O)NCC(=O)NC(C)(C)C)c12,1.7986199999999997,CC(=O)N(CCO)C(=O)c1cc(C2CC2)nc2c1c(C)nn2C,True,1.1351199999999997,-0.6635,0.53125,False,True
3.0,bin,3,-0.5795501172542572,-0.6448001861572266,-0.5143000483512878,544381,Cc1nc(N2CCCC(C(=O)NC(C)C)C2)c2c(C)c(C)oc2n1,2.8890600000000006,COCCNC(=O)CCCCNC1=NC(C)=NCOC(C)=C(C)C1,True,1.9975,-0.8915600000000006,0.11627906976744186,False,True
3.0,bin,3,-0.5795501172542572,-0.6448001861572266,-0.5143000483512878,544382,CCCNC(=O)C1CCCN(c2nc(C)nc3oc(C)c(C)c23)C1,2.8906600000000013,C=CCNC(=O)CCCN(C)c1ncnc2oc(C)c(C)c12,True,2.3582400000000003,-0.532420000000001,0.2375,False,True
3.0,bin,3,-0.5795501172542572,-0.6448001861572266,-0.5143000483512878,550049,Cc1ccc(C)c(OCC(=O)Nc2cccc(-n3cnnc3)c2)c1,2.9016400000000013,N#Cc1cccc(OCC(=O)Nc2cccc(-n3cnnc3)c2)c1,True,2.1564799999999993,-0.745160000000002,0.603448275862069,False,True
3.0,bin,3,-0.5795501172542572,-0.6448001861572266,-0.5143000483512878,573533,Cc1nn(-c2ncc(C(F)(F)F)cc2Cl)c(=O)o1,2.2011199999999995,CC=NN(Cl)c1cc(Cl)c(N)cn1,True,2.2831,0.08198000000000061,0.1694915254237288,False,True
3.0,bin,3,-0.5795501172542572,-0.6448001861572266,-0.5143000483512878,582555,O=C(NCC(O)c1ccccc1)c1ccc2c(=O)n3c(nc2c1)CCC3,1.8061000000000003,C=CC=CC=CCCCC(CNC(=O)c1ccc2nc[nH]c(=O)c2c1)C(N)=O,True,2.2230999999999996,0.41699999999999937,0.24719101123595505,False,True
3.0,bin,3,-0.5795501172542572,-0.6448001861572266,-0.5143000483512878,588547,Cc1n[nH]c(C)c1NC(=O)CCc1ccc(Cl)cc1Cl,3.9046400000000023,CSc1ccc(CCC(=O)Nc2c(C)n[nH]c2C)cc1,True,3.3197400000000012,-0.5849000000000011,0.5471698113207547,False,True
3.0,bin,3,-0.5795501172542572,-0.6448001861572266,-0.5143000483512878,607673,CCCN(CC1CC1)S(=O)(=O)c1ccccc1F,2.636400000000001,COCCN(CC1CC1)S(=O)(=O)c1cccc(F)c1F,True,2.0119,-0.6245000000000012,0.6041666666666666,False,True
3.0,bin,3,-0.5795501172542572,-0.6448001861572266,-0.5143000483512878,617681,Cc1cc(C(=O)Nc2nc(-c3ccncc3)cs2)nn1C(C)C,3.5432200000000016,CCn1nc(C(=O)Nc2nc(-c3ccncc3)cs2)cc1C,True,2.9822200000000016,-0.5609999999999999,0.7037037037037037,False,False
3.0,bin,3,-0.5795501172542572,-0.6448001861572266,-0.5143000483512878,650267,COc1ccc2oc(C(=O)NC3CCCCNC3=O)c(C)c2c1,2.14832,C=C1C(C=CC#N)=COC(C(=O)N2CCCC2)=C1O,True,1.9284799999999997,-0.21984000000000026,0.09523809523809523,False,True
3.0,bin,3,-0.5795501172542572,-0.6448001861572266,-0.5143000483512878,668639,Cc1cc(NC(=O)c2ccccc2Cl)ncc1N,2.8779200000000005,COC1=CC=COCC1C(=O)Nc1cc(N)ccn1,True,1.2926999999999997,-1.5852200000000007,0.23529411764705882,False,True
3.0,bin,3,-0.5795501172542572,-0.6448001861572266,-0.5143000483512878,673160,CCC(=O)Nc1ccc2oc(C(F)(F)F)cc(=O)c2c1,3.160300000000001,COCC(=O)Nc1ccc2oc(C(F)(F)F)cc(=O)c2c1,True,2.3967,-0.7636000000000012,0.7659574468085106,False,False
3.0,bin,3,-0.5795501172542572,-0.6448001861572266,-0.5143000483512878,711169,Cc1cccc(C(C)C)c1NC(=O)N(C)Cc1ccncc1,4.177320000000003,CCOc1c(Cl)cccc1NC(=O)N(C)Cc1ccncc1,True,3.797600000000002,-0.3797200000000007,0.5,False,False
3.0,bin,3,-0.5795501172542572,-0.6448001861572266,-0.5143000483512878,720969,Cc1noc(C)c1CCC(=O)OCC(=O)N1c2ccccc2CC1C,2.7450400000000013,Cc1noc(C)c1CCC(=O)OCC(=O)N1CCc2ccccc21,True,2.35654,-0.3885000000000014,0.6721311475409836,False,False
3.0,bin,3,-0.5795501172542572,-0.6448001861572266,-0.5143000483512878,730789,COC(=O)C1CCN(C(=O)c2cc3ccc(F)cc3nc2C)CC1,2.7075200000000006,COCCNC(=O)C1CCN(C(=O)c2cc3ccccc3nc2C)CC1,True,2.1580200000000005,-0.5495000000000001,0.5396825396825397,False,True
3.0,bin,3,-0.5795501172542572,-0.6448001861572266,-0.5143000483512878,738178,Cc1ccc(-n2ccnc2SCc2nc(C3CC3)no2)cc1C,4.041840000000003,N#Cc1ccc(-n2ccnc2SCc2nc(C3CC3)no2)c(F)c1,True,3.435780000000002,-0.6060600000000012,0.578125,False,True
3.0,bin,3,-0.5795501172542572,-0.6448001861572266,-0.5143000483512878,771897,COc1ccccc1OCC(=O)N(C)Cc1sccc1C,3.102520000000002,COc1ccccc1OCC(=O)NCc1sccc1CO,True,1.9442,-1.158320000000002,0.48214285714285715,False,True
3.0,bin,3,-0.5795501172542572,-0.6448001861572266,-0.5143000483512878,811446,COC(=O)C1(NC(=O)c2cc(Br)c[nH]2)CCCCCC1,2.7730000000000006,COC(=O)C1(NC(=O)c2ccc(S(C)=O)[nH]2)CCCCCC1,True,1.7478999999999991,-1.0251000000000015,0.54,False,True
3.0,bin,3,-0.5795501172542572,-0.6448001861572266,-0.5143000483512878,848291,CCC(C)NC(=O)NCc1noc(-c2cccs2)n1,2.3958000000000004,COCCCNC(=O)NCc1noc(-c2cccs2)n1,True,1.6337999999999997,-0.7620000000000007,0.6206896551724138,False,False
3.0,bin,3,-0.5795501172542572,-0.6448001861572266,-0.5143000483512878,863440,COc1ccc(-c2nc(CCCO)cs2)cc1OC,2.752200000000001,COC(=O)CNC(=O)CCc1csc(-c2ccc(OC)c(OC)c2)n1,True,2.0490999999999997,-0.7031000000000014,0.6037735849056604,False,True
3.0,bin,3,-0.5795501172542572,-0.6448001861572266,-0.5143000483512878,864663,N#Cc1ccc(-c2cc(F)ccc2F)nc1N1CCCC1,3.498680000000002,N#Cc1cccc(-c2ccc(C#N)c(N3CCCC3)n2)c1,True,3.0921600000000016,-0.40652000000000044,0.54,False,True
3.0,bin,3,-0.5795501172542572,-0.6448001861572266,-0.5143000483512878,872100,CCc1cccc(C)c1NCC(O)c1ccc2c(c1)OCCO2,3.474120000000002,COc1ccc(C)cc1NCC(O)c1ccc2c(c1)OCCO2,True,2.920320000000001,-0.5538000000000007,0.5172413793103449,False,True
3.0,bin,3,-0.5795501172542572,-0.6448001861572266,-0.5143000483512878,886334,COc1ccc(C(=O)N2CCCC(C(=O)N3CCCCC3)C2)c(O)c1,2.2655000000000003,NC(=O)C(C(=O)N1CCCC(C(=O)N2CCCCC2)C1)c1ccccc1,True,1.5065999999999993,-0.758900000000001,0.41379310344827586,False,True
3.0,bin,3,-0.5795501172542572,-0.6448001861572266,-0.5143000483512878,887387,COCCNC(=O)N(Cc1cccc(F)c1)CC1CCCO1,2.1627,CNC(=O)NCC(=O)N(Cc1ccc(F)cc1)CC1CCCO1,True,1.2622999999999998,-0.9004000000000003,0.4925373134328358,False,True
3.0,bin,3,-0.5795501172542572,-0.6448001861572266,-0.5143000483512878,889149,N#Cc1ccc(NC(=O)c2ccc(Br)cc2Cl)nc1,3.621480000000001,N#Cc1ccc(NC(=O)c2ccc(Br)cc2)nc1,True,2.9680800000000005,-0.6534000000000004,0.6521739130434783,False,False
3.0,bin,3,-0.5795501172542572,-0.6448001861572266,-0.5143000483512878,913483,O=C(CNC(=O)NCCc1c(Cl)cccc1Cl)NC1CC1,2.1137000000000006,CC(C)Oc1ccc(CCNC(=O)NCC(=O)NC2CC2)cc1,True,1.5940999999999994,-0.5196000000000012,0.5283018867924528,False,True
3.0,bin,3,-0.5795501172542572,-0.6448001861572266,-0.5143000483512878,917620,C=CCN(Cc1ccccc1OC)C(=O)c1csc(C)n1,3.288520000000002,COCCN(Cc1ccccc1F)C(=O)c1cscn1,True,2.5710000000000006,-0.7175200000000013,0.3582089552238806,False,True
3.0,bin,3,-0.5795501172542572,-0.6448001861572266,-0.5143000483512878,918312,CCOc1ccc(Cl)c(C(=O)N2CCN(c3ncccn3)CC2)n1,1.8860999999999997,COc1ccc(Cl)c(C(=O)N2CCN(c3ncccn3)CC2)n1,True,1.4959999999999998,-0.3900999999999999,0.7916666666666666,False,True
3.0,bin,3,-0.5795501172542572,-0.6448001861572266,-0.5143000483512878,922879,CC(=O)c1ccc(N2CCN(Cc3c(F)cccc3F)CC2)cc1,3.489600000000003,N#Cc1cccc(N2CCN(Cc3cccc(F)c3)CC2)c1,True,3.0195800000000013,-0.47002000000000166,0.3333333333333333,False,True
3.0,bin,3,-0.5795501172542572,-0.6448001861572266,-0.5143000483512878,927535,COc1cc(CN2CCN(c3ccccc3F)CC2)ccc1O,2.862100000000002,NC(=O)c1ccc(N2CCN(Cc3ccc(F)cc3F)CC2)cc1,True,2.3859000000000004,-0.47620000000000173,0.28125,False,True
3.0,bin,3,-0.5795501172542572,-0.6448001861572266,-0.5143000483512878,927567,Cc1ccccc1N1CCN(Cc2cccc(O)c2)CC1,3.022820000000001,NC(=O)Nc1cccc(CN2CCN(c3ccccc3F)CC2)c1,True,2.6385000000000014,-0.3843199999999998,0.45454545454545453,False,True
3.0,bin,3,-0.5795501172542572,-0.6448001861572266,-0.5143000483512878,938108,CC(c1ccccc1)N(C)C(=O)CCC(=O)Nc1nccs1,3.0814000000000012,COc1ccccc1CNC(=O)CCC(=O)Nc1nccs1,True,2.1868,-0.8946000000000014,0.4915254237288136,False,False
3.0,bin,3,-0.5795501172542572,-0.6448001861572266,-0.5143000483512878,943303,CN(CCCOc1ccccc1)C(=O)Nc1cccc2c1OCCO2,3.390600000000002,O=C(Nc1cccc(O)c1)Nc1cccc2c1OCCO2,True,2.8074000000000003,-0.5832000000000015,0.4166666666666667,False,True
3.0,bin,3,-0.5795501172542572,-0.6448001861572266,-0.5143000483512878,946289,CC(NC(=O)C1(c2cc(-c3ccco3)on2)CC1)c1ccccc1,3.843600000000002,O=C(NCc1ccc(F)cc1)C1(c2cc(-c3ccco3)on2)CC1,True,3.421700000000002,-0.42189999999999994,0.576271186440678,False,False
3.0,bin,3,-0.5795501172542572,-0.6448001861572266,-0.5143000483512878,994077,Cc1nnc(Cn2c(-c3cccc(Br)c3)noc2=O)o1,2.0055199999999997,COc1ccc(OC)c(-c2noc(=O)n2Cc2nnc(C)o2)c1,True,1.26022,-0.7452999999999999,0.5344827586206896,False,True
3.0,bin,3,-0.5795501172542572,-0.6448001861572266,-0.5143000483512878,1065620,O=C(NCc1cccnc1Oc1ccccc1)c1cccnc1,3.198900000000002,Cc1ccccc1Oc1ncccc1CNC(=O)C1C=NC=CNC(=O)N1,True,2.0219199999999993,-1.1769800000000026,0.36619718309859156,False,True
3.0,bin,3,-0.5795501172542572,-0.6448001861572266,-0.5143000483512878,1093926,CN(C(=O)CNc1cccc(OCC2CCCO2)c1)c1ccccc1,3.319300000000002,NC(=O)c1cccc(NCC(=O)Nc2cccc(OCC3CCCO3)c2)c1,True,2.3939000000000004,-0.9254000000000016,0.5909090909090909,False,True
3.0,bin,3,-0.5795501172542572,-0.6448001861572266,-0.5143000483512878,1107920,CCc1ccc(-n2cc(C(=O)NC(C)c3ccccc3)nn2)cc1,3.320700000000002,COc1ccc(CNC(=O)c2cn(-c3ccc(C)cc3F)nn2)cc1,True,2.6534200000000006,-0.6672800000000016,0.323943661971831,False,True
3.0,bin,3,-0.5795501172542572,-0.6448001861572266,-0.5143000483512878,1113130,CC(NC(=O)Cn1nnnc1C(C)(C)C)c1cccc2ccccc12,3.0012000000000016,CC(C)c1nnnn1CC(=O)NCc1cccc2ccccc12,True,2.2661,-0.7351000000000019,0.5166666666666667,False,True
3.0,bin,3,-0.5795501172542572,-0.6448001861572266,-0.5143000483512878,1121751,COC(=O)Cn1ccc(NS(=O)(=O)c2ccc(F)c(F)c2F)n1,1.2742,COc1ccc(S(=O)(=O)Nc2ccn(CCO)n2)c(OC)c1,True,0.6933999999999997,-0.5808000000000003,0.45901639344262296,False,True
3.0,bin,3,-0.5795501172542572,-0.6448001861572266,-0.5143000483512878,1142531,CCOC(C)C(=O)NCCc1csc(-c2ccc(C)cc2)n1,3.2022200000000014,CC1=CNC(C=NC(=O)CCN(C)S(C)=O)=CC=CC1,True,1.5364,-1.6658200000000014,0.12658227848101267,False,True
3.0,bin,3,-0.5795501172542572,-0.6448001861572266,-0.5143000483512878,1212157,CN(Cc1ccc(F)c(F)c1)C(=O)c1cncc(-c2cnn(C)c2)c1,3.0325000000000015,Cn1cc(C=C2C=C(C(=O)N(CCO)Cc3ccccc3)C=N2)cn1,True,1.7929,-1.2396000000000016,0.26582278481012656,False,True
3.0,bin,3,-0.5795501172542572,-0.6448001861572266,-0.5143000483512878,1215394,CCn1nc(C)cc1C(=O)Oc1cccc(NC(=O)C(C)C)c1,3.025120000000001,CCn1nc(C)cc1C(=O)Oc1cccc(C(=O)OC)c1,True,2.21722,-0.807900000000001,0.6481481481481481,False,True
3.0,bin,3,-0.5795501172542572,-0.6448001861572266,-0.5143000483512878,1232922,CC(C)(C)OC(=O)NC1CCCN(S(=O)(=O)N2CCOCC2)C1,0.5525000000000011,CCN(CC)C(=O)C1CCN(S(=O)(=O)N2CCOCC2)CC1,True,0.14380000000000104,-0.40870000000000006,0.38181818181818183,False,True
3.0,bin,3,-0.5795501172542572,-0.6448001861572266,-0.5143000483512878,1238973,FC(F)(F)c1cnc(N2CCn3c(nnc3C3CC3)C2)c(Cl)c1,3.2429000000000023,N=C1c2nnc(C3CC3)n2CCN1CC=CC=CBr,True,2.2612700000000006,-0.9816300000000018,0.26865671641791045,False,True
3.0,bin,3,-0.5795501172542572,-0.6448001861572266,-0.5143000483512878,1299495,Cc1cc(CC(=O)N2CCCC2C(C#N)c2ccccc2)no1,2.823900000000001,O=C(Cc1ccon1)N1CCCC1C(O)c1ccccc1,True,1.9416999999999998,-0.8822000000000012,0.5238095238095238,False,True
3.0,bin,3,-0.5795501172542572,-0.6448001861572266,-0.5143000483512878,1309906,CC(C)CC(NC(=O)c1cc(=O)c2ccccc2o1)C(=O)OC(C)C,2.8891000000000018,CCN(CC(F)(F)F)C(=O)CNC(=O)c1cc(=O)c2ccccc2o1,True,1.9336000000000004,-0.9555000000000013,0.4307692307692308,False,True
3.0,bin,3,-0.5795501172542572,-0.6448001861572266,-0.5143000483512878,1362816,COCc1cccc(C(=O)NC2CC2c2cccc(Cl)c2)c1,3.772300000000002,CC(=O)Nc1ccc(F)c(C(=O)NC2CC2c2cccc(F)c2)c1,True,3.209100000000002,-0.5632000000000001,0.3939393939393939,False,True
3.0,bin,3,-0.5795501172542572,-0.6448001861572266,-0.5143000483512878,1441838,COCC(=O)NC(C(=O)Nc1cccc(-c2nccs2)c1)C(C)C,2.5358,COCCS(=O)(=O)NCc1cccc(-c2ncc(C)s2)c1,True,2.1843199999999996,-0.35148000000000046,0.28,False,True
3.0,bin,3,-0.5795501172542572,-0.6448001861572266,-0.5143000483512878,1450449,CCCNC(=O)CSc1nc2c(cc1C#N)CCCC2,2.450380000000001,CCNC(=O)COc1nc2c(cc1C#N)CCCC2,True,1.34698,-1.1034000000000008,0.5344827586206896,False,True
3.0,bin,3,-0.5795501172542572,-0.6448001861572266,-0.5143000483512878,1451910,O=S(=O)(NCc1nnc2ccccn12)c1ccc(F)c(F)c1,1.4859999999999995,Nc1ccc(S(=O)(=O)NCc2nnc3ccccn23)c(F)c1,True,0.9290999999999995,-0.5569000000000001,0.6415094339622641,False,True
3.0,bin,3,-0.5795501172542572,-0.6448001861572266,-0.5143000483512878,1479798,Cc1nc(C)c(CCC(=O)N(CC(C)C)CC(F)(F)F)c(=O)[nH]1,2.3662400000000003,CCOCCCN(CC)C(=O)CCc1c(C)nc(C)[nH]c1=O,True,1.5944399999999999,-0.7718000000000005,0.5172413793103449,False,True
3.0,bin,3,-0.5795501172542572,-0.6448001861572266,-0.5143000483512878,1507926,COC(=O)C(C)NC(=O)Cc1csc(-c2ccccc2Cl)n1,2.6837,O=C(CCO)Cc1csc(-c2cccc(F)c2F)n1,True,2.582300000000001,-0.10139999999999905,0.36065573770491804,False,True
3.0,bin,3,-0.5795501172542572,-0.6448001861572266,-0.5143000483512878,1527882,Nc1ncccc1C(=O)Nc1ccc2cn[nH]c2c1,1.7923999999999998,NS(=O)(=O)CCc1ccc(C(=O)Nc2ccc3cn[nH]c3c2)cn1,True,1.0411999999999995,-0.7512000000000003,0.4918032786885246,False,True
3.0,bin,3,-0.5795501172542572,-0.6448001861572266,-0.5143000483512878,1532848,COc1ccc(-c2ccc3c(=O)[nH]cnc3c2)cc1Cl,3.2521000000000013,COC1=CC(c2ccc3c(=O)[nH]cnc3c2C)C(OC)=C1OC,True,2.3634200000000005,-0.8886800000000008,0.32786885245901637,False,True
3.0,bin,3,-0.5795501172542572,-0.6448001861572266,-0.5143000483512878,1548351,COc1cc(OC)c2c(c1)C(c1cnccn1)NCC2,1.7288999999999999,NC(=O)c1ccc2c(c1F)C(c1cnccn1)NCC2,True,0.9497000000000001,-0.7791999999999998,0.3709677419354839,False,True
3.0,bin,3,-0.5795501172542572,-0.6448001861572266,-0.5143000483512878,1570134,COc1cccc(C(C)N2CCN(C(=O)c3ccc(O)cc3)CC2)c1,2.9198000000000013,O=C(NCCNCc1cccc(CO)c1)c1ccccc1,True,1.6984999999999992,-1.221300000000002,0.14705882352941177,False,True
3.0,bin,3,-0.5795501172542572,-0.6448001861572266,-0.5143000483512878,1611406,CC(C)(C)N1CC(NC(=O)C2COc3ccc(F)cc3C2)CC1=O,1.8923999999999994,CCc1ccc2c(c1)CC(C(=O)NC1CC(=O)NC1C)CO2,True,1.1932999999999996,-0.6990999999999998,0.43478260869565216,False,True
3.0,bin,3,-0.5795501172542572,-0.6448001861572266,-0.5143000483512878,1612684,CCCC1CN(C(=O)Nc2ccn(CCC(C)C)n2)CCO1,2.9620000000000015,CC(C)CCCn1ccc(NC(=O)N2CCOC(C)C2)n1,True,2.5719000000000003,-0.3901000000000012,0.6666666666666666,False,True
3.0,bin,3,-0.5795501172542572,-0.6448001861572266,-0.5143000483512878,1639675,CCC(CC)c1nnc(NC(=O)c2scnc2C2CC2)s1,4.0279000000000025,C=C(C)CSC=NN=C(S)NC(=O)c1scnc1C1CC1,True,3.2887000000000013,-0.7392000000000012,0.40298507462686567,False,True
3.0,bin,3,-0.5795501172542572,-0.6448001861572266,-0.5143000483512878,1675660,COc1ccnc(NC(=O)c2cccc(Cl)c2)c1,2.9959000000000007,COC(=O)C=C1C=CC(C(=O)Nc2cc(OC)ccn2)=C1,True,1.6242999999999999,-1.3716000000000008,0.4909090909090909,False,True
3.0,bin,3,-0.5795501172542572,-0.6448001861572266,-0.5143000483512878,1689728,CCc1noc(CSc2ncnc3sc(C)cc23)n1,3.237420000000002,C1=NOC(CSc2ncnc3sccc23)C1,True,2.5581000000000005,-0.6793200000000015,0.25757575757575757,False,True
3.0,bin,3,-0.5795501172542572,-0.6448001861572266,-0.5143000483512878,1720876,CC(C)(C)CC(=O)NCC(=O)Nc1ccc2c(c1)COC2,2.2077,CCOC(=O)CCC(=O)Nc1ccc2c(c1)COC2,True,1.9985999999999997,-0.20910000000000029,0.5294117647058824,False,True
3.0,bin,3,-0.5795501172542572,-0.6448001861572266,-0.5143000483512878,1757109,CC(C)Cc1ncc(CNc2ccc3c(c2)COC3)s1,3.983900000000003,Brc1ncc(CNc2ccc3c(c2)COC3)s1,True,3.547900000000002,-0.43600000000000083,0.6595744680851063,False,True
3.0,bin,3,-0.5795501172542572,-0.6448001861572266,-0.5143000483512878,1774061,O=C1NCCCc2[nH]c(-c3cccc4[nH]ccc34)nc21,2.234,O=C1CSC=NC=C(c2cccc3[nH]ccc23)N1,True,2.3575999999999997,0.12359999999999971,0.36065573770491804,False,True
3.0,bin,3,-0.5795501172542572,-0.6448001861572266,-0.5143000483512878,1800687,Cc1nn(C)c(-c2nc(-c3cccnn3)no2)c1Cl,1.8889199999999997,COCCOc1c(C)nn(-c2nc(-c3cccnn3)no2)c1C,True,1.35434,-0.5345799999999996,0.42857142857142855,False,True
3.0,bin,3,-0.5795501172542572,-0.6448001861572266,-0.5143000483512878,1815867,FC(F)(F)c1ccc(CN2CCOCC2c2ncon2)cc1,2.661900000000001,CCOc1ccccc1CN1CCOCC1c1ncon1,True,2.0418,-0.6201000000000012,0.5423728813559322,False,True
3.0,bin,3,-0.5795501172542572,-0.6448001861572266,-0.5143000483512878,1828580,Cc1ccc(N2CC3OCC(=O)N(Cc4cccc(F)c4)C3C2)nn1,1.54032,O=CCOCCNc1ccc(NCCCO)nn1,True,-0.10170000000000029,-1.6420200000000003,0.10126582278481013,False,True
3.0,bin,3,-0.5795501172542572,-0.6448001861572266,-0.5143000483512878,1836183,CCc1ccc(C(=O)NCc2nccc(N(C)C)n2)cc1,2.035,COc1ccc(C(=O)NCc2nccc(N(C)C)n2)cc1,True,1.4811999999999999,-0.5538000000000003,0.723404255319149,False,False
3.0,bin,3,-0.5795501172542572,-0.6448001861572266,-0.5143000483512878,1842499,COc1ccccc1COc1ccccc1-c1cnn(CCO)c1,3.1300000000000017,COCc1ccccc1COc1ccccc1C1=C(NCC(N)=O)N1,True,1.7161999999999997,-1.413800000000002,0.3230769230769231,False,True
3.0,bin,3,-0.5795501172542572,-0.6448001861572266,-0.5143000483512878,1865564,COC(CNC(=O)c1ccoc1)c1cccc(F)c1,2.536200000000001,NC(=O)C(CNC(=O)c1ccoc1)c1ccc(Cl)cc1,True,1.9318999999999993,-0.6043000000000016,0.43103448275862066,False,True
3.0,bin,3,-0.5795501172542572,-0.6448001861572266,-0.5143000483512878,1868773,CCCOc1ccc(Cl)c2c1CCNC2C1CC(=O)C1,3.2947000000000015,CCOc1cccc(CC2(CNC)CC(=O)CC2C)c1,True,2.832600000000001,-0.4621000000000004,0.18666666666666668,False,True
3.0,bin,3,-0.5795501172542572,-0.6448001861572266,-0.5143000483512878,1873123,CCC1OC(=O)c2c(OC)ccc(Br)c21,3.079200000000002,CCC1OC(=O)c2c(OC)ccc(OC)c21,True,2.3253000000000004,-0.7539000000000016,0.7714285714285715,False,True
3.0,bin,3,-0.5795501172542572,-0.6448001861572266,-0.5143000483512878,1875028,Cc1cccc(C)c1NCC(=O)N1CCCC2CCCCC21,3.8965400000000034,N#CCc1ccc(NCC(=O)N2CCCC3CCCCC32)cc1,True,3.345780000000002,-0.5507600000000012,0.5471698113207547,False,True
3.0,bin,3,-0.5795501172542572,-0.6448001861572266,-0.5143000483512878,1895921,CCC(CC)N(C)C(=O)CC1OC(=O)c2ccccc21,2.935200000000002,CCN(CC)C(=O)C1OC(=O)c2ccccc21,True,1.7665,-1.1687000000000018,0.46808510638297873,False,True
3.0,bin,3,-0.5795501172542572,-0.6448001861572266,-0.5143000483512878,1907077,Cc1ccc2[nH]nc(C(=O)Nc3nc(-c4ccco4)cs3)c2c1,3.8401200000000015,O=C1NNc2ccc(F)cc2C[SH]2C=CN=C2C(CO)N1,True,1.2107999999999997,-2.6293200000000017,0.1,False,True
3.0,bin,3,-0.5795501172542572,-0.6448001861572266,-0.5143000483512878,1913063,Cc1nn(C)c(C)c1CN(C(=O)c1cn2cccc(C)c2n1)C1CC1,2.797860000000001,COc1c(CN(C(=O)c2cn3ccccc3n2)C2CC2)cnn1C,True,1.8812,-0.9166600000000009,0.4520547945205479,False,True
3.0,bin,3,-0.5795501172542572,-0.6448001861572266,-0.5143000483512878,1922265,CN(CCNC(=O)c1ccc2c(c1)ncn2C)c1ccccc1,2.4395000000000007,O=C(NCCN(CCO)c1ccc(F)cc1)c1ccc2[nH]cnc2c1,True,1.9306999999999996,-0.508800000000001,0.35714285714285715,False,True
3.0,bin,4,-0.4522000253200531,-0.5143000483512878,-0.39010000228881836,32052,COc1ccccc1CNC(=O)Cc1c[nH]c2ccccc12,3.035400000000001,NC(=O)Nc1cccc(CNC(=O)Cc2c[nH]c3cc(F)ccc23)c1,True,2.6565000000000003,-0.3789000000000007,0.43548387096774194,False,True
3.0,bin,4,-0.4522000253200531,-0.5143000483512878,-0.39010000228881836,116747,COCCSc1ccccc1C(=O)Nc1cccc(C)n1,3.3808200000000017,CCN(CC)S(=O)(=O)c1ccccc1C(=O)Nc1cccc(C)n1,True,2.6728200000000006,-0.7080000000000011,0.5,False,True
3.0,bin,4,-0.4522000253200531,-0.5143000483512878,-0.39010000228881836,131060,CS(=O)(=O)NCCc1csc(-c2ccc(F)cc2)n1,2.0408999999999997,NS(=O)(=O)NCCc1csc(-c2ccc(F)cc2)n1,True,1.2848000000000006,-0.7560999999999991,0.7674418604651163,False,True
3.0,bin,4,-0.4522000253200531,-0.5143000483512878,-0.39010000228881836,131949,CCc1c(C)nc(SCC(=O)NC(C)C)[nH]c1=O,1.25742,COC(=O)C(C)Sc1nc(C)c(C)c(=O)[nH]1,True,1.0403399999999996,-0.21708000000000038,0.37735849056603776,False,True
3.0,bin,4,-0.4522000253200531,-0.5143000483512878,-0.39010000228881836,158879,COc1ccc(CC(=O)OCC(=O)c2c[nH]c3ccccc23)cc1,3.145100000000001,Nc1cccc(CC(=O)OCC(=O)c2c[nH]c3ccccc23)c1,True,2.718700000000001,-0.4264000000000001,0.6415094339622641,False,True
3.0,bin,4,-0.4522000253200531,-0.5143000483512878,-0.39010000228881836,232056,COCCNC(=O)c1cc(=O)c2cc(C)ccc2o1,1.4776199999999993,COC(=O)CNC(=O)c1cc(=O)c2cc(C)ccc2o1,True,1.004219999999999,-0.47340000000000027,0.7391304347826086,False,True
3.0,bin,4,-0.4522000253200531,-0.5143000483512878,-0.39010000228881836,235788,O=C(Cn1nc(-c2ccco2)oc1=O)NCC(F)(F)F,0.7747999999999999,COC(=O)C(C)N(C)C(=O)Cn1nc(-c2ccco2)oc1=O,True,0.11619999999999986,-0.6586000000000001,0.5423728813559322,False,True
3.0,bin,4,-0.4522000253200531,-0.5143000483512878,-0.39010000228881836,236081,CC(=O)c1c(C)[nH]c(C(=O)CSc2nc(C(C)C)n[nH]2)c1C,3.0506400000000014,CC(=O)c1c(C)[nH]c(C(=O)CSc2nc(C(F)F)n[nH]2)c1C,True,2.864840000000001,-0.1858000000000004,0.8125,False,True
3.0,bin,4,-0.4522000253200531,-0.5143000483512878,-0.39010000228881836,281081,O=C(Cn1cccn1)NCc1cccnc1Oc1ccc(F)cc1F,2.665000000000001,N#Cc1cccc(Oc2ncccc2CNC(=O)Cn2cccn2)c1,True,2.2584799999999996,-0.4065200000000013,0.6060606060606061,False,True
3.0,bin,4,-0.4522000253200531,-0.5143000483512878,-0.39010000228881836,284170,COc1ccc(-c2nc(CC(=O)Nc3cccc(C)n3)cs2)cc1,3.7033200000000024,N#Cc1ccc(NC(=O)Cc2csc(-c3ccccc3)n2)nc1,True,3.2579800000000017,-0.44534000000000074,0.46875,False,True
3.0,bin,4,-0.4522000253200531,-0.5143000483512878,-0.39010000228881836,288369,Cc1ccc(NCc2nnc3n2CCCCC3)cc1C,3.2334400000000016,COc1cc(NCc2nnc3n2CCCCC3)cc(OC)c1OC,True,2.642400000000001,-0.5910400000000005,0.6078431372549019,False,True
3.0,bin,4,-0.4522000253200531,-0.5143000483512878,-0.39010000228881836,302889,COc1ccc(OC)c(NC(=O)CCNC(=O)c2cccs2)c1,2.5239000000000003,NC(=O)c1cc(NC(=O)CCNC(=O)c2cccs2)ccc1F,True,1.7447,-0.7792000000000003,0.4838709677419355,False,True
3.0,bin,4,-0.4522000253200531,-0.5143000483512878,-0.39010000228881836,327141,COc1ccc(OC)c(S(=O)(=O)Nc2ccn(C)n2)c1,1.2381,CN(CCO)C(=O)c1ccc(S(=O)(=O)Nc2ccn(C)n2)cc1,True,0.28519999999999923,-0.9529000000000007,0.3898305084745763,False,True
3.0,bin,4,-0.4522000253200531,-0.5143000483512878,-0.39010000228881836,327382,CNC(=O)C1CN(C(=O)c2c(C)noc2C)c2ccccc2O1,1.4452399999999996,Cc1noc(C)c1C(=O)N1CC(C(N)=O)Oc2ccccc21,True,1.1845399999999995,-0.26070000000000015,0.78,False,True
3.0,bin,4,-0.4522000253200531,-0.5143000483512878,-0.39010000228881836,406491,COCCNC(=O)C1CCCN(S(=O)(=O)N2CCOCC2)C1,-0.9619999999999964,NC(=O)C1CCN(S(=O)(=O)N2CCOCC2)CC1,True,-1.239299999999998,-0.27730000000000166,0.4117647058823529,False,True
3.0,bin,4,-0.4522000253200531,-0.5143000483512878,-0.39010000228881836,413951,O=C(Cn1ncn2cccc2c1=O)N1CCCCCC1,0.8985999999999996,Nc1nn(CC(=O)N2CCCCCC2)c(=O)c2cccn12,True,0.48079999999999923,-0.4178000000000004,0.6,False,True
3.0,bin,4,-0.4522000253200531,-0.5143000483512878,-0.39010000228881836,427929,CCNc1nc(NCc2ccccc2Cl)c2cnn(C)c2n1,3.060600000000001,CCNc1nc(NCc2ccc(F)cc2)c2cnn(C)c2n1,True,2.5463000000000005,-0.5143000000000004,0.6226415094339622,False,False
3.0,bin,4,-0.4522000253200531,-0.5143000483512878,-0.39010000228881836,447130,CCC(NC(=O)C1CCN(C(=O)C2CC2)CC1)c1ccc(C)cc1,3.2109200000000016,Cc1cc(C)cc(CNC(=O)C2CCN(C(=O)C3CC3)CC2)c1,True,2.568240000000001,-0.6426800000000004,0.5,False,True
3.0,bin,4,-0.4522000253200531,-0.5143000483512878,-0.39010000228881836,481908,CCNS(=O)(=O)c1ccc(C)c(C(=O)Nc2ncccc2C)c1,2.24894,CNS(=O)(=O)c1cc(C)cc(C(=O)Nc2ccccn2)c1,True,1.5504200000000001,-0.69852,0.3492063492063492,False,True
3.0,bin,4,-0.4522000253200531,-0.5143000483512878,-0.39010000228881836,485220,Cc1nn(CC(=O)N2CCN(C)CC2)c(C)c1Br,1.03644,COCCN1CCN(C(=O)Cn2nc(C)c(Cl)c2C)CC1,True,0.9439399999999998,-0.09250000000000025,0.5,False,True
3.0,bin,4,-0.4522000253200531,-0.5143000483512878,-0.39010000228881836,526363,Cc1nnc(SCC(=O)Nc2ccc(O)cc2)n(N)c1=O,0.09692,Nn1c(SCC(=O)Nc2ccccc2)nncc1=O,True,0.08289999999999975,-0.014020000000000254,0.5185185185185185,False,False
3.0,bin,4,-0.4522000253200531,-0.5143000483512878,-0.39010000228881836,536853,COc1ccc(C2CCCN2C(=O)C2CCC2)c(OC)c1,3.1674000000000015,Nc1cc(C2CCCN2C(=O)C2CCC2)ccc1F,True,2.871500000000002,-0.2958999999999996,0.45454545454545453,False,True
3.0,bin,4,-0.4522000253200531,-0.5143000483512878,-0.39010000228881836,540312,Cc1nn(C)c2nc(C3CC3)cc(C(=O)NCC(=O)NC(C)(C)C)c12,1.7986199999999997,COC(=O)C(C)NC(=O)c1cc(C2CC2)nc2c1c(C)nn2C,True,1.4454199999999993,-0.3532000000000004,0.5806451612903226,False,False
3.0,bin,4,-0.4522000253200531,-0.5143000483512878,-0.39010000228881836,544381,Cc1nc(N2CCCC(C(=O)NC(C)C)C2)c2c(C)c(C)oc2n1,2.8890600000000006,Cc1nc(N2CCCCC(=O)NCC2)c2c(C)c(C)oc2n1,True,2.2545600000000006,-0.6345000000000001,0.46774193548387094,False,True
3.0,bin,4,-0.4522000253200531,-0.5143000483512878,-0.39010000228881836,544382,CCCNC(=O)C1CCCN(c2nc(C)nc3oc(C)c(C)c23)C1,2.8906600000000013,Cc1nc(N2CCCC(=O)NCC2)c2c(C)c(C)oc2n1,True,1.8644599999999998,-1.0262000000000016,0.453125,False,True
3.0,bin,4,-0.4522000253200531,-0.5143000483512878,-0.39010000228881836,550049,Cc1ccc(C)c(OCC(=O)Nc2cccc(-n3cnnc3)c2)c1,2.9016400000000013,O=C(COc1ccccc1F)Nc1cccc(-n2cnnc2)c1,True,2.4238999999999997,-0.4777400000000016,0.6666666666666666,False,True
3.0,bin,4,-0.4522000253200531,-0.5143000483512878,-0.39010000228881836,573533,Cc1nn(-c2ncc(C(F)(F)F)cc2Cl)c(=O)o1,2.2011199999999995,COc1c(Br)cnc(-n2nc(C)oc2=O)c1OC,True,1.30862,-0.8924999999999996,0.45098039215686275,False,True
3.0,bin,4,-0.4522000253200531,-0.5143000483512878,-0.39010000228881836,582555,O=C(NCC(O)c1ccccc1)c1ccc2c(=O)n3c(nc2c1)CCC3,1.8061000000000003,C=CC=CC=CC(CNC(=O)c1ccc2c(=O)n3c(nc2c1)CCC3)C(N)=O,True,1.4723999999999997,-0.33370000000000055,0.6,False,True
3.0,bin,4,-0.4522000253200531,-0.5143000483512878,-0.39010000228881836,588547,Cc1n[nH]c(C)c1NC(=O)CCc1ccc(Cl)cc1Cl,3.9046400000000023,CSc1ccc(CCC(=O)Nc2c(C)n[nH]c2C)cc1,True,3.3197400000000012,-0.5849000000000011,0.5471698113207547,False,True
3.0,bin,4,-0.4522000253200531,-0.5143000483512878,-0.39010000228881836,607673,CCCN(CC1CC1)S(=O)(=O)c1ccccc1F,2.636400000000001,CCN(CC1CC1)S(=O)(=O)c1ccc(OC)cc1OC,True,2.1244000000000005,-0.5120000000000005,0.41509433962264153,False,True
3.0,bin,4,-0.4522000253200531,-0.5143000483512878,-0.39010000228881836,617681,Cc1cc(C(=O)Nc2nc(-c3ccncc3)cs2)nn1C(C)C,3.5432200000000016,CCn1nc(C(=O)Nc2nc(-c3ccncc3)cs2)cc1C,True,2.9822200000000016,-0.5609999999999999,0.7037037037037037,False,False
3.0,bin,4,-0.4522000253200531,-0.5143000483512878,-0.39010000228881836,650267,COc1ccc2oc(C(=O)NC3CCCCNC3=O)c(C)c2c1,2.14832,Nc1c(C(=O)NC2CCCCNC2=O)oc2ccc(F)cc12,True,1.5526,-0.59572,0.5873015873015873,False,True
3.0,bin,4,-0.4522000253200531,-0.5143000483512878,-0.39010000228881836,668639,Cc1cc(NC(=O)c2ccccc2Cl)ncc1N,2.8779200000000005,Nc1ccnc(NC(=O)C2C=CC=CNC(=O)C2)c1,True,0.8082999999999999,-2.0696200000000005,0.22388059701492538,False,True
3.0,bin,4,-0.4522000253200531,-0.5143000483512878,-0.39010000228881836,673160,CCC(=O)Nc1ccc2oc(C(F)(F)F)cc(=O)c2c1,3.160300000000001,CCOCC(=O)Nc1ccc2oc(C(F)(F)F)cc(=O)c2c1,True,2.7868000000000004,-0.37350000000000083,0.7708333333333334,False,True
3.0,bin,4,-0.4522000253200531,-0.5143000483512878,-0.39010000228881836,711169,Cc1cccc(C(C)C)c1NC(=O)N(C)Cc1ccncc1,4.177320000000003,CCN(Cc1ccncc1)C(=O)Nc1c(C)cccc1C,True,3.7524400000000027,-0.4248799999999999,0.58,False,True
3.0,bin,4,-0.4522000253200531,-0.5143000483512878,-0.39010000228881836,720969,Cc1noc(C)c1CCC(=O)OCC(=O)N1c2ccccc2CC1C,2.7450400000000013,Cc1noc(C)c1CCC(=O)OCC(=O)N1CCc2ccccc21,True,2.35654,-0.3885000000000014,0.6721311475409836,False,False
3.0,bin,4,-0.4522000253200531,-0.5143000483512878,-0.39010000228881836,730789,COC(=O)C1CCN(C(=O)c2cc3ccc(F)cc3nc2C)CC1,2.7075200000000006,COC(=O)CN1CCCN(C(=O)c2cc3cc(F)ccc3nc2C)C1,True,1.9607199999999994,-0.7468000000000012,0.5,False,True
3.0,bin,4,-0.4522000253200531,-0.5143000483512878,-0.39010000228881836,738178,Cc1ccc(-n2ccnc2SCc2nc(C3CC3)no2)cc1C,4.041840000000003,Fc1ccccc1-n1ccnc1SCc1nc(C2CC2)no1,True,3.5641000000000016,-0.4777400000000016,0.6206896551724138,False,True
3.0,bin,4,-0.4522000253200531,-0.5143000483512878,-0.39010000228881836,771897,COc1ccccc1OCC(=O)N(C)Cc1sccc1C,3.102520000000002,COC(=O)C1=CC=CCOCC(=O)NCc2sccc2OC=C1,True,1.9425999999999999,-1.159920000000002,0.1625,False,True
3.0,bin,4,-0.4522000253200531,-0.5143000483512878,-0.39010000228881836,811446,COC(=O)C1(NC(=O)c2cc(Br)c[nH]2)CCCCCC1,2.7730000000000006,CCCCCCC(NC(=O)c1cc(C#N)c[nH]1)C(=O)OC,True,2.1281799999999995,-0.6448200000000011,0.27692307692307694,False,True
3.0,bin,4,-0.4522000253200531,-0.5143000483512878,-0.39010000228881836,848291,CCC(C)NC(=O)NCc1noc(-c2cccs2)n1,2.3958000000000004,COCCCN(C)C(=O)NCc1noc(-c2cccs2)n1,True,1.976,-0.4198000000000004,0.5396825396825397,False,True
3.0,bin,4,-0.4522000253200531,-0.5143000483512878,-0.39010000228881836,863440,COc1ccc(-c2nc(CCCO)cs2)cc1OC,2.752200000000001,COc1cc(-c2nc(CCNC(C)=O)cs2)ccc1O,True,2.2029,-0.549300000000001,0.5370370370370371,False,True
3.0,bin,4,-0.4522000253200531,-0.5143000483512878,-0.39010000228881836,864663,N#Cc1ccc(-c2cc(F)ccc2F)nc1N1CCCC1,3.498680000000002,N#Cc1ccc(N2CCCC2)nc1-c1ccccc1N,True,2.8026800000000005,-0.6960000000000015,0.35714285714285715,False,True
3.0,bin,4,-0.4522000253200531,-0.5143000483512878,-0.39010000228881836,872100,CCc1cccc(C)c1NCC(O)c1ccc2c(c1)OCCO2,3.474120000000002,OC(CNc1ccc(F)c(F)c1)c1ccc2c(c1)OCCO2,True,2.881500000000001,-0.592620000000001,0.509090909090909,False,True
3.0,bin,4,-0.4522000253200531,-0.5143000483512878,-0.39010000228881836,886334,COc1ccc(C(=O)N2CCCC(C(=O)N3CCCCC3)C2)c(O)c1,2.2655000000000003,NC(=O)c1cccc(C(=O)N2CCCC(C(=O)N3CCCCC3)C2)c1,True,1.6501999999999994,-0.6153000000000008,0.4909090909090909,False,True
3.0,bin,4,-0.4522000253200531,-0.5143000483512878,-0.39010000228881836,887387,COCCNC(=O)N(Cc1cccc(F)c1)CC1CCCO1,2.1627,CC(=O)NCCNC(=O)N(Cc1ccc(F)cc1)CC1CCCO1,True,1.6523999999999992,-0.5103000000000009,0.6229508196721312,False,True
3.0,bin,4,-0.4522000253200531,-0.5143000483512878,-0.39010000228881836,889149,N#Cc1ccc(NC(=O)c2ccc(Br)cc2Cl)nc1,3.621480000000001,N#Cc1ccc(NC(=O)c2cccc(C(F)(F)F)c2)nc1,True,3.224380000000001,-0.3971,0.48214285714285715,False,False
3.0,bin,4,-0.4522000253200531,-0.5143000483512878,-0.39010000228881836,913483,O=C(CNC(=O)NCCc1c(Cl)cccc1Cl)NC1CC1,2.1137000000000006,CC(C)(CNC(=O)NCC(=O)NC1CC1)c1ccc(F)cc1,True,1.6811000000000003,-0.4326000000000003,0.4444444444444444,False,False
3.0,bin,4,-0.4522000253200531,-0.5143000483512878,-0.39010000228881836,917620,C=CCN(Cc1ccccc1OC)C(=O)c1csc(C)n1,3.288520000000002,COCCN(Cc1ccccc1F)C(=O)c1csc(C)n1,True,2.8794200000000014,-0.40910000000000046,0.5423728813559322,False,False
3.0,bin,4,-0.4522000253200531,-0.5143000483512878,-0.39010000228881836,918312,CCOc1ccc(Cl)c(C(=O)N2CCN(c3ncccn3)CC2)n1,1.8860999999999997,CCN(CCNC1=NCC=CC=N1)C(=O)c1ccccn1,True,1.1299,-0.7561999999999998,0.19736842105263158,False,True
3.0,bin,4,-0.4522000253200531,-0.5143000483512878,-0.39010000228881836,922879,CC(=O)c1ccc(N2CCN(Cc3c(F)cccc3F)CC2)cc1,3.489600000000003,Oc1ccc(N2CCN(Cc3c(F)cccc3F)CC2)cc1,True,2.9926000000000013,-0.49700000000000166,0.6829268292682927,False,True
3.0,bin,4,-0.4522000253200531,-0.5143000483512878,-0.39010000228881836,927535,COc1cc(CN2CCN(c3ccccc3F)CC2)ccc1O,2.862100000000002,NC(=O)Nc1ccc(CN2CCN(c3ccccc3F)CC2)cc1,True,2.6385000000000014,-0.2236000000000007,0.509090909090909,False,True
3.0,bin,4,-0.4522000253200531,-0.5143000483512878,-0.39010000228881836,927567,Cc1ccccc1N1CCN(Cc2cccc(O)c2)CC1,3.022820000000001,Nc1cccc(CN2CCN(c3ccccc3O)CC2)c1,True,2.2966000000000006,-0.7262200000000005,0.5652173913043478,False,True
3.0,bin,4,-0.4522000253200531,-0.5143000483512878,-0.39010000228881836,938108,CC(c1ccccc1)N(C)C(=O)CCC(=O)Nc1nccs1,3.0814000000000012,CN(Cc1ccccc1F)C(=O)CCC(=O)Nc1nccs1,True,2.6595000000000004,-0.42190000000000083,0.5789473684210527,False,True
3.0,bin,4,-0.4522000253200531,-0.5143000483512878,-0.39010000228881836,943303,CN(CCCOc1ccccc1)C(=O)Nc1cccc2c1OCCO2,3.390600000000002,O=C(NCCCOc1ccccc1)Nc1cccc2c1OCCO2,True,3.048400000000001,-0.34220000000000095,0.6545454545454545,False,True
3.0,bin,4,-0.4522000253200531,-0.5143000483512878,-0.39010000228881836,946289,CC(NC(=O)C1(c2cc(-c3ccco3)on2)CC1)c1ccccc1,3.843600000000002,O=C(NCc1cc(F)ccc1F)C1(c2ccon2)CC1c1ccco1,True,3.2875000000000014,-0.5561000000000007,0.25,False,True
3.0,bin,4,-0.4522000253200531,-0.5143000483512878,-0.39010000228881836,994077,Cc1nnc(Cn2c(-c3cccc(Br)c3)noc2=O)o1,2.0055199999999997,COc1cc(C)c(-c2noc(=O)n2Cc2nnc(C)o2)cc1OC,True,1.5686399999999998,-0.43687999999999994,0.5357142857142857,False,True
3.0,bin,4,-0.4522000253200531,-0.5143000483512878,-0.39010000228881836,1065620,O=C(NCc1cccnc1Oc1ccccc1)c1cccnc1,3.198900000000002,Cc1ncccc1C(=O)NCc1cccnc1C(=CC=CC(N)=O)CF,True,2.10942,-1.0894800000000018,0.2916666666666667,False,True
3.0,bin,4,-0.4522000253200531,-0.5143000483512878,-0.39010000228881836,1093926,CN(C(=O)CNc1cccc(OCC2CCCO2)c1)c1ccccc1,3.319300000000002,Nc1ccccc1NCC(=O)Nc1cccc(OCC2CCCO2)c1,True,2.877200000000001,-0.4421000000000008,0.5671641791044776,False,True
3.0,bin,4,-0.4522000253200531,-0.5143000483512878,-0.39010000228881836,1107920,CCc1ccc(-n2cc(C(=O)NC(C)c3ccccc3)nn2)cc1,3.320700000000002,CC(NC(=O)c1cn(-c2ccc(F)cc2)nn1)c1ccc(C#N)cc1,True,2.7690800000000015,-0.5516200000000007,0.5689655172413793,False,True
3.0,bin,4,-0.4522000253200531,-0.5143000483512878,-0.39010000228881836,1113130,CC(NC(=O)Cn1nnnc1C(C)(C)C)c1cccc2ccccc12,3.0012000000000016,Cc1nnnn1C(C)C(=O)NC(C)c1cc(F)cc2ccccc12,True,2.7122200000000003,-0.28898000000000135,0.4153846153846154,False,True
3.0,bin,4,-0.4522000253200531,-0.5143000483512878,-0.39010000228881836,1121751,COC(=O)Cn1ccc(NS(=O)(=O)c2ccc(F)c(F)c2F)n1,1.2742,COC(=O)Cn1ccc(NS(=O)(=O)c2cccc(C#N)c2)n1,True,0.72858,-0.54562,0.5333333333333333,False,True
3.0,bin,4,-0.4522000253200531,-0.5143000483512878,-0.39010000228881836,1142531,CCOC(C)C(=O)NCCc1csc(-c2ccc(C)cc2)n1,3.2022200000000014,COCCN(C)C(=O)NCCc1csc(-c2ccc(C)cc2)n1,True,2.9488200000000013,-0.25340000000000007,0.5666666666666667,False,True
3.0,bin,4,-0.4522000253200531,-0.5143000483512878,-0.39010000228881836,1212157,CN(Cc1ccc(F)c(F)c1)C(=O)c1cncc(-c2cnn(C)c2)c1,3.0325000000000015,CN(Cc1cccc(O)c1)C(=O)c1cncc(-c2cnn(C)c2)c1,True,2.4599,-0.5726000000000013,0.7142857142857143,False,True
3.0,bin,4,-0.4522000253200531,-0.5143000483512878,-0.39010000228881836,1215394,CCn1nc(C)cc1C(=O)Oc1cccc(NC(=O)C(C)C)c1,3.025120000000001,CCn1nc(C)cc1C(=O)Oc1ccc(OC)cc1F,True,2.5783200000000006,-0.44680000000000053,0.47540983606557374,False,True
3.0,bin,4,-0.4522000253200531,-0.5143000483512878,-0.39010000228881836,1232922,CC(C)(C)OC(=O)NC1CCCN(S(=O)(=O)N2CCOCC2)C1,0.5525000000000011,CCCOC(=O)C1CCN(S(=O)(=O)N2CCOCC2)CC1,True,0.22860000000000125,-0.32389999999999985,0.39285714285714285,False,True
3.0,bin,4,-0.4522000253200531,-0.5143000483512878,-0.39010000228881836,1238973,FC(F)(F)c1cnc(N2CCn3c(nnc3C3CC3)C2)c(Cl)c1,3.2429000000000023,Clc1cnc(N2CCn3c(nnc3C3CC3)C2)c(Cl)c1,True,2.8775000000000013,-0.36540000000000106,0.7346938775510204,False,True
3.0,bin,4,-0.4522000253200531,-0.5143000483512878,-0.39010000228881836,1299495,Cc1cc(CC(=O)N2CCCC2C(C#N)c2ccccc2)no1,2.823900000000001,CC=C(C=CC(=O)OC)C1CCCN1C(=O)Cc1cc(O)on1,True,1.5892,-1.234700000000001,0.36486486486486486,False,True
3.0,bin,4,-0.4522000253200531,-0.5143000483512878,-0.39010000228881836,1309906,CC(C)CC(NC(=O)c1cc(=O)c2ccccc2o1)C(=O)OC(C)C,2.8891000000000018,CC(C)CC(O)(NC(=O)c1cc(=O)c2ccccc2o1)N(C)C,True,1.7766000000000002,-1.1125000000000016,0.5084745762711864,False,True
3.0,bin,4,-0.4522000253200531,-0.5143000483512878,-0.39010000228881836,1362816,COCc1cccc(C(=O)NC2CC2c2cccc(Cl)c2)c1,3.772300000000002,O=C(NC1CC1c1cccc(F)c1)c1c(F)cccc1F,True,3.389800000000002,-0.3825000000000003,0.41379310344827586,False,True
3.0,bin,4,-0.4522000253200531,-0.5143000483512878,-0.39010000228881836,1441838,COCC(=O)NC(C(=O)Nc1cccc(-c2nccs2)c1)C(C)C,2.5358,COCCS(=O)(=O)NCc1cccc(-c2nccs2)c1,True,1.8758999999999997,-0.6599000000000004,0.417910447761194,False,True
3.0,bin,4,-0.4522000253200531,-0.5143000483512878,-0.39010000228881836,1450449,CCCNC(=O)CSc1nc2c(cc1C#N)CCCC2,2.450380000000001,COC(=O)C(C)Sc1nc2c(cc1C(N)=O)CCC(C)C2,True,1.9588999999999999,-0.491480000000001,0.24,False,True
3.0,bin,4,-0.4522000253200531,-0.5143000483512878,-0.39010000228881836,1451910,O=S(=O)(NCc1nnc2ccccn12)c1ccc(F)c(F)c1,1.4859999999999995,N#Cc1ccccc1S(=O)(=O)NCc1nnc2ccccn12,True,1.07948,-0.40651999999999955,0.5555555555555556,False,False
3.0,bin,4,-0.4522000253200531,-0.5143000483512878,-0.39010000228881836,1479798,Cc1nc(C)c(CCC(=O)N(CC(C)C)CC(F)(F)F)c(=O)[nH]1,2.3662400000000003,CC=NC(C)=C(C=O)CCC(=O)N(CC(C)C)C(F)(F)F,True,3.334600000000002,0.9683600000000014,0.26153846153846155,False,True
3.0,bin,4,-0.4522000253200531,-0.5143000483512878,-0.39010000228881836,1507926,COC(=O)C(C)NC(=O)Cc1csc(-c2ccccc2Cl)n1,2.6837,COCCNC(=O)Cc1csc(-c2ccccc2F)n1,True,2.2542999999999997,-0.4294000000000002,0.4915254237288136,False,True
3.0,bin,4,-0.4522000253200531,-0.5143000483512878,-0.39010000228881836,1527882,Nc1ncccc1C(=O)Nc1ccc2cn[nH]c2c1,1.7923999999999998,N=Cc1ncccc1NC(=O)c1cccc(Cl)c1NS(N)(=O)=O,True,1.60037,-0.1920299999999997,0.2714285714285714,False,True
3.0,bin,4,-0.4522000253200531,-0.5143000483512878,-0.39010000228881836,1532848,COc1ccc(-c2ccc3c(=O)[nH]cnc3c2)cc1Cl,3.2521000000000013,O=c1[nH]cnc2cc(-c3cc(F)ccc3F)ccc12,True,2.8683000000000014,-0.3837999999999999,0.48,False,True
3.0,bin,4,-0.4522000253200531,-0.5143000483512878,-0.39010000228881836,1548351,COc1cc(OC)c2c(c1)C(c1cnccn1)NCC2,1.7288999999999999,N#Cc1ccc2c(c1)C(c1cnccn1)NCC2,True,1.5833799999999998,-0.1455200000000001,0.45454545454545453,False,True
3.0,bin,4,-0.4522000253200531,-0.5143000483512878,-0.39010000228881836,1570134,COc1cccc(C(C)N2CCN(C(=O)c3ccc(O)cc3)CC2)c1,2.9198000000000013,COc1cccc(CNC2CCN(C(=O)c3cccc(O)c3)C2)c1,True,2.405100000000001,-0.5147000000000004,0.3880597014925373,False,True
3.0,bin,4,-0.4522000253200531,-0.5143000483512878,-0.39010000228881836,1611406,CC(C)(C)N1CC(NC(=O)C2COc3ccc(F)cc3C2)CC1=O,1.8923999999999994,CCN1CC(NC(=O)C2COc3ccc(F)cc3C2C)C1=O,True,1.284699999999999,-0.6077000000000004,0.3698630136986301,False,True
3.0,bin,4,-0.4522000253200531,-0.5143000483512878,-0.39010000228881836,1612684,CCCC1CN(C(=O)Nc2ccn(CCC(C)C)n2)CCO1,2.9620000000000015,CCCC1CN(C(=O)Nc2cc(C)n(C(F)(F)F)n2)CCO1,True,2.7006200000000007,-0.26138000000000083,0.5538461538461539,False,True
3.0,bin,4,-0.4522000253200531,-0.5143000483512878,-0.39010000228881836,1639675,CCC(CC)c1nnc(NC(=O)c2scnc2C2CC2)s1,4.0279000000000025,CCCCc1nnc(NC(=O)c2scnc2C2CC2)s1,True,3.4669000000000025,-0.5609999999999999,0.6923076923076923,False,False
3.0,bin,4,-0.4522000253200531,-0.5143000483512878,-0.39010000228881836,1675660,COc1ccnc(NC(=O)c2cccc(Cl)c2)c1,2.9959000000000007,COCCC(=O)NC=C1C=CC(C(=O)Nc2cc(OC)ccn2)=C1,True,1.5615,-1.4344000000000006,0.43548387096774194,False,True
3.0,bin,4,-0.4522000253200531,-0.5143000483512878,-0.39010000228881836,1689728,CCc1noc(CSc2ncnc3sc(C)cc23)n1,3.237420000000002,Cc1noc(CSc2ncnc3sc(C)cc23)n1,True,2.9834400000000016,-0.2539800000000003,0.7659574468085106,False,False
3.0,bin,4,-0.4522000253200531,-0.5143000483512878,-0.39010000228881836,1720876,CC(C)(C)CC(=O)NCC(=O)Nc1ccc2c(c1)COC2,2.2077,COCCCN(C)C(=O)Nc1ccc2c(c1)COC2,True,2.2169999999999996,0.009299999999999642,0.44642857142857145,False,False
3.0,bin,4,-0.4522000253200531,-0.5143000483512878,-0.39010000228881836,1757109,CC(C)Cc1ncc(CNc2ccc3c(c2)COC3)s1,3.983900000000003,CCN(CC)c1ncc(CNc2ccc3c(c2)COC3)s1,True,3.6316000000000024,-0.3523000000000005,0.6274509803921569,False,False
3.0,bin,4,-0.4522000253200531,-0.5143000483512878,-0.39010000228881836,1774061,O=C1NCCCc2[nH]c(-c3cccc4[nH]ccc34)nc21,2.234,CNCCCc1nc(C=c2ccc3[nH]cc4c3c2=NC4)sc1C(N)=O,True,0.8372999999999995,-1.3967000000000005,0.10989010989010989,False,True
3.0,bin,4,-0.4522000253200531,-0.5143000483512878,-0.39010000228881836,1800687,Cc1nn(C)c(-c2nc(-c3cccnn3)no2)c1Cl,1.8889199999999997,COC(=O)c1sc(-c2nc(-c3cccnn3)no2)cc1Cl,True,2.6951,0.8061800000000003,0.4426229508196721,False,True
3.0,bin,4,-0.4522000253200531,-0.5143000483512878,-0.39010000228881836,1815867,FC(F)(F)c1ccc(CN2CCOCC2c2ncon2)cc1,2.661900000000001,Brc1ccc(CN2CCOCC2c2ncon2)cc1,True,2.4056000000000006,-0.2563000000000004,0.7346938775510204,False,True
3.0,bin,4,-0.4522000253200531,-0.5143000483512878,-0.39010000228881836,1828580,Cc1ccc(N2CC3OCC(=O)N(Cc4cccc(F)c4)C3C2)nn1,1.54032,N#Cc1ccc(N2CC3OCC(=O)N(Cc4ccccc4)C3C2)nn1,True,0.96448,-0.5758399999999999,0.5846153846153846,False,True
3.0,bin,4,-0.4522000253200531,-0.5143000483512878,-0.39010000228881836,1836183,CCc1ccc(C(=O)NCc2nccc(N(C)C)n2)cc1,2.035,COc1ccc(C(=O)NCc2nccc(N(C)C)n2)cc1F,True,1.6202999999999999,-0.4147000000000003,0.6111111111111112,False,True
3.0,bin,4,-0.4522000253200531,-0.5143000483512878,-0.39010000228881836,1842499,COc1ccccc1COc1ccccc1-c1cnn(CCO)c1,3.1300000000000017,NC(=O)Cn1cc(-c2ccccc2OCc2ccc(F)cc2)cn1,True,2.7535000000000007,-0.37650000000000095,0.4745762711864407,False,True
3.0,bin,4,-0.4522000253200531,-0.5143000483512878,-0.39010000228881836,1865564,COC(CNC(=O)c1ccoc1)c1cccc(F)c1,2.536200000000001,COC(=O)C(CNC(=O)c1ccoc1)c1ccccc1,True,1.9661999999999995,-0.5700000000000014,0.5660377358490566,False,True
3.0,bin,4,-0.4522000253200531,-0.5143000483512878,-0.39010000228881836,1868773,CCCOc1ccc(Cl)c2c1CCNC2C1CC(=O)C1,3.2947000000000015,CCOc1c(Cl)ccc2c1CCNC21CCC(=O)C1,True,2.832700000000001,-0.46200000000000063,0.3181818181818182,False,True
3.0,bin,4,-0.4522000253200531,-0.5143000483512878,-0.39010000228881836,1873123,CCC1OC(=O)c2c(OC)ccc(Br)c21,3.079200000000002,CCOc1c(OC)ccc2c1C(COC)C(=O)O2,True,1.7429,-1.336300000000002,0.3148148148148148,False,True
3.0,bin,4,-0.4522000253200531,-0.5143000483512878,-0.39010000228881836,1875028,Cc1cccc(C)c1NCC(=O)N1CCCC2CCCCC21,3.8965400000000034,N#CCc1ccc(NCC(=O)N2CCCC3CCCCC32)cc1,True,3.345780000000002,-0.5507600000000012,0.5471698113207547,False,True
3.0,bin,4,-0.4522000253200531,-0.5143000483512878,-0.39010000228881836,1895921,CCC(CC)N(C)C(=O)CC1OC(=O)c2ccccc21,2.935200000000002,CC(C)CN(C)C(=O)CC1OC(=O)c2cccc(F)c21,True,2.5417000000000005,-0.3935000000000013,0.42857142857142855,False,True
3.0,bin,4,-0.4522000253200531,-0.5143000483512878,-0.39010000228881836,1907077,Cc1ccc2[nH]nc(C(=O)Nc3nc(-c4ccco4)cs3)c2c1,3.8401200000000015,N#CC=CC=CC1=NC1=CSCNC(=O)c1ccco1,True,2.63208,-1.2080400000000013,0.17647058823529413,False,True
3.0,bin,4,-0.4522000253200531,-0.5143000483512878,-0.39010000228881836,1913063,Cc1nn(C)c(C)c1CN(C(=O)c1cn2cccc(C)c2n1)C1CC1,2.797860000000001,Cc1nn(C)c(C)c1CNC(=O)c1cn2ccccc2n1,True,1.6146399999999999,-1.183220000000001,0.4264705882352941,False,True
3.0,bin,4,-0.4522000253200531,-0.5143000483512878,-0.39010000228881836,1922265,CN(CCNC(=O)c1ccc2c(c1)ncn2C)c1ccccc1,2.4395000000000007,Nn1cnc2cc(C(=O)NCCNc3ccccc3)ccc21,True,1.5919999999999996,-0.847500000000001,0.5344827586206896,False,True
3.0,bin,5,-0.34654998779296875,-0.39010000228881836,-0.30299997329711914,32052,COc1ccccc1CNC(=O)Cc1c[nH]c2ccccc12,3.035400000000001,NC(=O)Nc1ccc(CNC(=O)Cc2c[nH]c3ccc(F)cc23)cc1,True,2.6565000000000003,-0.3789000000000007,0.43333333333333335,False,True
3.0,bin,5,-0.34654998779296875,-0.39010000228881836,-0.30299997329711914,116747,COCCSc1ccccc1C(=O)Nc1cccc(C)n1,3.3808200000000017,CCOc1ccc(C(=O)Nc2ccccn2)cc1OC,True,2.741200000000001,-0.6396200000000007,0.296875,False,False
3.0,bin,5,-0.34654998779296875,-0.39010000228881836,-0.30299997329711914,131060,CS(=O)(=O)NCCc1csc(-c2ccc(F)cc2)n1,2.0408999999999997,NS(=O)(=O)CCc1csc(-c2ccc(F)cc2)n1,True,1.7802000000000004,-0.26069999999999927,0.6222222222222222,False,True
3.0,bin,5,-0.34654998779296875,-0.39010000228881836,-0.30299997329711914,131949,CCc1c(C)nc(SCC(=O)NC(C)C)[nH]c1=O,1.25742,CCNC(=O)CSC1=NC(C)=C(CC)C(=O)NC1,True,1.0679999999999998,-0.18942000000000014,0.29508196721311475,False,True
3.0,bin,5,-0.34654998779296875,-0.39010000228881836,-0.30299997329711914,158879,COc1ccc(CC(=O)OCC(=O)c2c[nH]c3ccccc23)cc1,3.145100000000001,Nc1ccccc1CC(=O)OCC(=O)c1c[nH]c2ccccc12,True,2.718700000000001,-0.4264000000000001,0.6153846153846154,False,True
3.0,bin,5,-0.34654998779296875,-0.39010000228881836,-0.30299997329711914,232056,COCCNC(=O)c1cc(=O)c2cc(C)ccc2o1,1.4776199999999993,COCCNC(=O)c1cc(=O)c2cccc(OC)c2o1,True,1.1777999999999993,-0.29982,0.5769230769230769,False,True
3.0,bin,5,-0.34654998779296875,-0.39010000228881836,-0.30299997329711914,235788,O=C(Cn1nc(-c2ccco2)oc1=O)NCC(F)(F)F,0.7747999999999999,CCNC(=O)C(C)n1nc(-c2ccco2)oc1=O,True,0.7933999999999999,0.01859999999999995,0.4745762711864407,False,True
3.0,bin,5,-0.34654998779296875,-0.39010000228881836,-0.30299997329711914,236081,CC(=O)c1c(C)[nH]c(C(=O)CSc2nc(C(C)C)n[nH]2)c1C,3.0506400000000014,CC(=O)c1c(C)[nH]c(C(=O)CSc2nc(C(C)C)n[nH]2)c1C,True,3.0506400000000014,0.0,1.0,True,False
3.0,bin,5,-0.34654998779296875,-0.39010000228881836,-0.30299997329711914,281081,O=C(Cn1cccn1)NCc1cccnc1Oc1ccc(F)cc1F,2.665000000000001,O=C(Cn1cccn1)NCc1cccnc1Oc1ccccc1,True,2.3868,-0.2782000000000009,0.6724137931034483,False,False
3.0,bin,5,-0.34654998779296875,-0.39010000228881836,-0.30299997329711914,284170,COc1ccc(-c2nc(CC(=O)Nc3cccc(C)n3)cs2)cc1,3.7033200000000024,COc1ccc(-c2nc(CC(=O)Nc3ccccn3)cs2)cc1,True,3.3949000000000016,-0.3084200000000008,0.7407407407407407,False,True
3.0,bin,5,-0.34654998779296875,-0.39010000228881836,-0.30299997329711914,288369,Cc1ccc(NCc2nnc3n2CCCCC3)cc1C,3.2334400000000016,Fc1cccc(NCc2nnc3n2CCCCC3)c1F,True,2.894800000000002,-0.33863999999999983,0.5283018867924528,False,True
3.0,bin,5,-0.34654998779296875,-0.39010000228881836,-0.30299997329711914,302889,COc1ccc(OC)c(NC(=O)CCNC(=O)c2cccs2)c1,2.5239000000000003,NC(=O)c1cc(NC(=O)CCNC(=O)c2cccs2)ccc1F,True,1.7447,-0.7792000000000003,0.4838709677419355,False,True
3.0,bin,5,-0.34654998779296875,-0.39010000228881836,-0.30299997329711914,327141,COc1ccc(OC)c(S(=O)(=O)Nc2ccn(C)n2)c1,1.2381,Cn1ccc(NS(=O)(=O)c2ccccc2C#N)n1,True,1.0925799999999999,-0.1455200000000001,0.49019607843137253,False,False
3.0,bin,5,-0.34654998779296875,-0.39010000228881836,-0.30299997329711914,327382,CNC(=O)C1CN(C(=O)c2c(C)noc2C)c2ccccc2O1,1.4452399999999996,CNC(=O)CCN(C(=O)c1cnoc1)c1ccccc1O,True,1.1631000000000002,-0.2821399999999994,0.18421052631578946,False,True
3.0,bin,5,-0.34654998779296875,-0.39010000228881836,-0.30299997329711914,406491,COCCNC(=O)C1CCCN(S(=O)(=O)N2CCOCC2)C1,-0.9619999999999964,NC(=O)C1CCCN(S(=O)(=O)N2CCOCC2)C1,True,-1.239299999999998,-0.27730000000000166,0.5714285714285714,False,True
3.0,bin,5,-0.34654998779296875,-0.39010000228881836,-0.30299997329711914,413951,O=C(Cn1ncn2cccc2c1=O)N1CCCCCC1,0.8985999999999996,CCCCCCC(=O)Cn1ncn2cccc2c1=O,True,2.0355,1.1369000000000002,0.5384615384615384,False,True
3.0,bin,5,-0.34654998779296875,-0.39010000228881836,-0.30299997329711914,427929,CCNc1nc(NCc2ccccc2Cl)c2cnn(C)c2n1,3.060600000000001,CCNc1nc(NCc2ccccc2)c2cnn(CC)c2n1,True,2.8901000000000012,-0.17049999999999965,0.5454545454545454,False,True
3.0,bin,5,-0.34654998779296875,-0.39010000228881836,-0.30299997329711914,447130,CCC(NC(=O)C1CCN(C(=O)C2CC2)CC1)c1ccc(C)cc1,3.2109200000000016,CCc1ccc(C(C)NC(=O)C2CCN(C(=O)C3CC3)CC2)cc1,True,3.0748000000000015,-0.13612000000000002,0.6078431372549019,False,False
3.0,bin,5,-0.34654998779296875,-0.39010000228881836,-0.30299997329711914,481908,CCNS(=O)(=O)c1ccc(C)c(C(=O)Nc2ncccc2C)c1,2.24894,CCNS(=O)(=O)c1ccc(OC)c(C(=O)Nc2ccccn2)c1,True,1.6407,-0.6082400000000001,0.5423728813559322,False,False
3.0,bin,5,-0.34654998779296875,-0.39010000228881836,-0.30299997329711914,485220,Cc1nn(CC(=O)N2CCN(C)CC2)c(C)c1Br,1.03644,CNCCN(F)C(=O)Cn1nccc1CCl,True,0.5544000000000002,-0.4820399999999998,0.15625,False,True
3.0,bin,5,-0.34654998779296875,-0.39010000228881836,-0.30299997329711914,526363,Cc1nnc(SCC(=O)Nc2ccc(O)cc2)n(N)c1=O,0.09692,Nn1c(SCC(=O)Nc2ccccc2)nncc1=O,True,0.08289999999999975,-0.014020000000000254,0.5185185185185185,False,False
3.0,bin,5,-0.34654998779296875,-0.39010000228881836,-0.30299997329711914,536853,COc1ccc(C2CCCN2C(=O)C2CCC2)c(OC)c1,3.1674000000000015,Nc1cccc(C2CCCN2C(=O)C2CCC2)c1,True,2.732400000000001,-0.4350000000000005,0.5,False,True
3.0,bin,5,-0.34654998779296875,-0.39010000228881836,-0.30299997329711914,540312,Cc1nn(C)c2nc(C3CC3)cc(C(=O)NCC(=O)NC(C)(C)C)c12,1.7986199999999997,CC(C)NC(=O)COC(=O)c1cc(C2CC2)nc2c1cnn2C,True,1.5270999999999992,-0.2715200000000004,0.3698630136986301,False,True
3.0,bin,5,-0.34654998779296875,-0.39010000228881836,-0.30299997329711914,544381,Cc1nc(N2CCCC(C(=O)NC(C)C)C2)c2c(C)c(C)oc2n1,2.8890600000000006,CCNC(=O)C1CCN(c2nc(C)nc3oc(C)c(C)c23)C1,True,2.11046,-0.7786000000000008,0.6666666666666666,False,True
3.0,bin,5,-0.34654998779296875,-0.39010000228881836,-0.30299997329711914,544382,CCCNC(=O)C1CCCN(c2nc(C)nc3oc(C)c(C)c23)C1,2.8906600000000013,CNC(=O)CC1CCN1c1ncnc2oc(C(C)C)c(C)c12,True,2.36942,-0.5212400000000015,0.2625,False,True
3.0,bin,5,-0.34654998779296875,-0.39010000228881836,-0.30299997329711914,550049,Cc1ccc(C)c(OCC(=O)Nc2cccc(-n3cnnc3)c2)c1,2.9016400000000013,O=C(COc1ccc(F)cc1)Nc1cccc(-n2cnnc2)c1,True,2.4238999999999997,-0.4777400000000016,0.6181818181818182,False,True
3.0,bin,5,-0.34654998779296875,-0.39010000228881836,-0.30299997329711914,573533,Cc1nn(-c2ncc(C(F)(F)F)cc2Cl)c(=O)o1,2.2011199999999995,Cc1nn(-c2ccc(C(F)(F)F)cn2)c(=O)o1,True,1.5477199999999995,-0.6534,0.5869565217391305,False,True
3.0,bin,5,-0.34654998779296875,-0.39010000228881836,-0.30299997329711914,582555,O=C(NCC(O)c1ccccc1)c1ccc2c(=O)n3c(nc2c1)CCC3,1.8061000000000003,C=C1N=c2c(cc[nH]c2=O)=CC(ONC=C(CO)c2ccccc2)O1,True,0.15710000000000052,-1.6489999999999998,0.15730337078651685,False,True
3.0,bin,5,-0.34654998779296875,-0.39010000228881836,-0.30299997329711914,588547,Cc1n[nH]c(C)c1NC(=O)CCc1ccc(Cl)cc1Cl,3.9046400000000023,Cc1n[nH]c(C)c1NC(=O)CC(C)c1c(F)cccc1Cl,True,3.9513400000000027,0.04670000000000041,0.4666666666666667,False,True
3.0,bin,5,-0.34654998779296875,-0.39010000228881836,-0.30299997329711914,607673,CCCN(CC1CC1)S(=O)(=O)c1ccccc1F,2.636400000000001,CCN(CC1CC1)S(=O)(=O)c1c(F)cccc1F,True,2.3854000000000006,-0.25100000000000033,0.6046511627906976,False,True
3.0,bin,5,-0.34654998779296875,-0.39010000228881836,-0.30299997329711914,617681,Cc1cc(C(=O)Nc2nc(-c3ccncc3)cs2)nn1C(C)C,3.5432200000000016,CC(C)n1ccc(C(=O)Nc2nc(-c3ccncc3)cs2)n1,True,3.2348000000000017,-0.3084199999999999,0.6666666666666666,False,False
3.0,bin,5,-0.34654998779296875,-0.39010000228881836,-0.30299997329711914,650267,COc1ccc2oc(C(=O)NC3CCCCNC3=O)c(C)c2c1,2.14832,COC=CC=COC(=O)C(=O)NC1CCCCNC1,True,0.4616999999999994,-1.6866200000000007,0.2222222222222222,False,True
3.0,bin,5,-0.34654998779296875,-0.39010000228881836,-0.30299997329711914,668639,Cc1cc(NC(=O)c2ccccc2Cl)ncc1N,2.8779200000000005,Cc1ccc(N)c(C(=O)Nc2ccc(F)c(C)n2)c1,True,2.672040000000001,-0.20587999999999962,0.35714285714285715,False,True
3.0,bin,5,-0.34654998779296875,-0.39010000228881836,-0.30299997329711914,673160,CCC(=O)Nc1ccc2oc(C(F)(F)F)cc(=O)c2c1,3.160300000000001,CC(=O)Nc1ccc2oc(C(F)(F)F)cc(=O)c2c1,True,2.770200000000001,-0.39010000000000034,0.75,False,False
3.0,bin,5,-0.34654998779296875,-0.39010000228881836,-0.30299997329711914,711169,Cc1cccc(C(C)C)c1NC(=O)N(C)Cc1ccncc1,4.177320000000003,CC(C)COc1ccc(NC(=O)N(C)Cc2ccncc2)cc1,True,3.780300000000002,-0.3970200000000004,0.5,False,True
3.0,bin,5,-0.34654998779296875,-0.39010000228881836,-0.30299997329711914,720969,Cc1noc(C)c1CCC(=O)OCC(=O)N1c2ccccc2CC1C,2.7450400000000013,Cc1noc(C)c1CCC(=O)OCC(=O)N1CCc2ccccc21,True,2.35654,-0.3885000000000014,0.6721311475409836,False,False
3.0,bin,5,-0.34654998779296875,-0.39010000228881836,-0.30299997329711914,730789,COC(=O)C1CCN(C(=O)c2cc3ccc(F)cc3nc2C)CC1,2.7075200000000006,COC(=O)C1CCN(C(=O)c2cc3ccccc3nc2C)CC1,True,2.5684200000000006,-0.1391,0.7450980392156863,False,True
3.0,bin,5,-0.34654998779296875,-0.39010000228881836,-0.30299997329711914,738178,Cc1ccc(-n2ccnc2SCc2nc(C3CC3)no2)cc1C,4.041840000000003,Fc1ccc(-n2ccnc2SCc2nc(C3CC3)no2)cc1,True,3.5641000000000016,-0.4777400000000016,0.7358490566037735,False,True
3.0,bin,5,-0.34654998779296875,-0.39010000228881836,-0.30299997329711914,771897,COc1ccccc1OCC(=O)N(C)Cc1sccc1C,3.102520000000002,COc1ccccc1OCC(=O)NCc1cccs1,True,2.4519,-0.6506200000000018,0.43636363636363634,False,False
3.0,bin,5,-0.34654998779296875,-0.39010000228881836,-0.30299997329711914,811446,COC(=O)C1(NC(=O)c2cc(Br)c[nH]2)CCCCCC1,2.7730000000000006,CCCCCC(NC(=O)c1ccc[nH]1)C(=O)OC,True,1.8663999999999998,-0.9066000000000007,0.2222222222222222,False,True
3.0,bin,5,-0.34654998779296875,-0.39010000228881836,-0.30299997329711914,848291,CCC(C)NC(=O)NCc1noc(-c2cccs2)n1,2.3958000000000004,COCCCCNC(=O)NCc1noc(-c2cccs2)n1,True,2.0239000000000003,-0.3719000000000001,0.6101694915254238,False,True
3.0,bin,5,-0.34654998779296875,-0.39010000228881836,-0.30299997329711914,863440,COc1ccc(-c2nc(CCCO)cs2)cc1OC,2.752200000000001,COc1cc(-c2nc(CCO)cs2)cc(OC)c1OC,True,2.3707000000000003,-0.38150000000000084,0.6222222222222222,False,False
3.0,bin,5,-0.34654998779296875,-0.39010000228881836,-0.30299997329711914,864663,N#Cc1ccc(-c2cc(F)ccc2F)nc1N1CCCC1,3.498680000000002,N#Cc1ccc(N2CCCC2)nc1-c1c(N)cccc1F,True,2.9417800000000005,-0.5569000000000015,0.3793103448275862,False,True
3.0,bin,5,-0.34654998779296875,-0.39010000228881836,-0.30299997329711914,872100,CCc1cccc(C)c1NCC(O)c1ccc2c(c1)OCCO2,3.474120000000002,Cc1ccc(NCC(O)c2ccc3c(c2)OCCO3)c(C)c1,True,3.2201400000000016,-0.2539800000000003,0.5849056603773585,False,False
3.0,bin,5,-0.34654998779296875,-0.39010000228881836,-0.30299997329711914,886334,COc1ccc(C(=O)N2CCCC(C(=O)N3CCCCC3)C2)c(O)c1,2.2655000000000003,NC(=O)Nc1ccc(C(=O)N2CCCC(C(=O)N3CCCCC3)C2)cc1,True,2.0419,-0.22360000000000024,0.45614035087719296,False,True
3.0,bin,5,-0.34654998779296875,-0.39010000228881836,-0.30299997329711914,887387,COCCNC(=O)N(Cc1cccc(F)c1)CC1CCCO1,2.1627,CS(=O)(=O)N(Cc1cccc(F)c1)CC1CCCO1,True,1.7663,-0.3964000000000001,0.5573770491803278,False,True
3.0,bin,5,-0.34654998779296875,-0.39010000228881836,-0.30299997329711914,889149,N#Cc1ccc(NC(=O)c2ccc(Br)cc2Cl)nc1,3.621480000000001,N#Cc1ccc(NC(=O)c2ccc(F)c(Br)c2)nc1,True,3.1071800000000014,-0.5142999999999995,0.5769230769230769,False,True
3.0,bin,5,-0.34654998779296875,-0.39010000228881836,-0.30299997329711914,913483,O=C(CNC(=O)NCCc1c(Cl)cccc1Cl)NC1CC1,2.1137000000000006,CC1(C(F)(F)F)CC1NC(=O)CNC(=O)NCCc1ccccc1,True,1.9853999999999998,-0.12830000000000075,0.4067796610169492,False,True
3.0,bin,5,-0.34654998779296875,-0.39010000228881836,-0.30299997329711914,917620,C=CCN(Cc1ccccc1OC)C(=O)c1csc(C)n1,3.288520000000002,C=CCN(Cc1ccc(C#N)cc1)C(=O)c1cscn1,True,2.843180000000001,-0.44534000000000074,0.36363636363636365,False,True
3.0,bin,5,-0.34654998779296875,-0.39010000228881836,-0.30299997329711914,918312,CCOc1ccc(Cl)c(C(=O)N2CCN(c3ncccn3)CC2)n1,1.8860999999999997,CCOc1ncccc1C(=O)N1CCN(c2nccc(C)n2)CC1,True,1.5411199999999998,-0.34497999999999984,0.5,False,True
3.0,bin,5,-0.34654998779296875,-0.39010000228881836,-0.30299997329711914,922879,CC(=O)c1ccc(N2CCN(Cc3c(F)cccc3F)CC2)cc1,3.489600000000003,N#Cc1ccc(N2CCN(Cc3c(F)cccc3F)CC2)cc1,True,3.158680000000002,-0.33092000000000077,0.6,False,True
3.0,bin,5,-0.34654998779296875,-0.39010000228881836,-0.30299997329711914,927535,COc1cc(CN2CCN(c3ccccc3F)CC2)ccc1O,2.862100000000002,NC(=O)c1ccc(CN2CCN(c3ccccc3F)CC2)cc1,True,2.2468000000000004,-0.6153000000000017,0.5384615384615384,False,True
3.0,bin,5,-0.34654998779296875,-0.39010000228881836,-0.30299997329711914,927567,Cc1ccccc1N1CCN(Cc2cccc(O)c2)CC1,3.022820000000001,OCc1ccc(CN2CCN(c3ccccc3)CC2)cc1,True,2.501100000000001,-0.5217200000000002,0.3829787234042553,False,True
3.0,bin,5,-0.34654998779296875,-0.39010000228881836,-0.30299997329711914,938108,CC(c1ccccc1)N(C)C(=O)CCC(=O)Nc1nccs1,3.0814000000000012,Cc1ccccc1CNC(=O)CCC(=O)Nc1nccs1,True,2.4866200000000003,-0.594780000000001,0.5178571428571429,False,False
3.0,bin,5,-0.34654998779296875,-0.39010000228881836,-0.30299997329711914,943303,CN(CCCOc1ccccc1)C(=O)Nc1cccc2c1OCCO2,3.390600000000002,O=C(NCCCOc1ccccc1)Nc1cccc2c1OCCO2,True,3.048400000000001,-0.34220000000000095,0.6545454545454545,False,True
3.0,bin,5,-0.34654998779296875,-0.39010000228881836,-0.30299997329711914,946289,CC(NC(=O)C1(c2cc(-c3ccco3)on2)CC1)c1ccccc1,3.843600000000002,O=C(NCc1ccccc1F)C1(c2cc(-c3ccco3)on2)CC1,True,3.421700000000002,-0.42189999999999994,0.5833333333333334,False,False
3.0,bin,5,-0.34654998779296875,-0.39010000228881836,-0.30299997329711914,994077,Cc1nnc(Cn2c(-c3cccc(Br)c3)noc2=O)o1,2.0055199999999997,CCc1nnc(Cn2c(-c3ccc(C)cc3)noc2=O)o1,True,1.8054199999999998,-0.20009999999999994,0.5283018867924528,False,True
3.0,bin,5,-0.34654998779296875,-0.39010000228881836,-0.30299997329711914,1065620,O=C(NCc1cccnc1Oc1ccccc1)c1cccnc1,3.198900000000002,Nc1ncccc1C(=O)NCc1cccnc1Oc1ccccc1,True,2.7811000000000012,-0.4178000000000006,0.6470588235294118,False,True
3.0,bin,5,-0.34654998779296875,-0.39010000228881836,-0.30299997329711914,1093926,CN(C(=O)CNc1cccc(OCC2CCCO2)c1)c1ccccc1,3.319300000000002,O=C(CNc1cccc(OCC2CCCO2)c1)Nc1ccccc1O,True,3.0006000000000017,-0.3187000000000002,0.625,False,True
3.0,bin,5,-0.34654998779296875,-0.39010000228881836,-0.30299997329711914,1107920,CCc1ccc(-n2cc(C(=O)NC(C)c3ccccc3)nn2)cc1,3.320700000000002,Cc1ccc(-n2cc(C(=O)NC(C)c3ccccc3)nn2)cc1,True,3.066720000000001,-0.2539800000000012,0.7708333333333334,False,False
3.0,bin,5,-0.34654998779296875,-0.39010000228881836,-0.30299997329711914,1113130,CC(NC(=O)Cn1nnnc1C(C)(C)C)c1cccc2ccccc12,3.0012000000000016,CCc1nnnn1CC(=O)NC(C)C1=CC=C2C=CC=C(C)C=C2C1,True,2.4392000000000005,-0.5620000000000012,0.3333333333333333,False,True
3.0,bin,5,-0.34654998779296875,-0.39010000228881836,-0.30299997329711914,1121751,COC(=O)Cn1ccc(NS(=O)(=O)c2ccc(F)c(F)c2F)n1,1.2742,Nc1cc(S(=O)(=O)Nc2cc[nH]n2)ccc1F,True,0.9318,-0.34240000000000004,0.2698412698412698,False,True
3.0,bin,5,-0.34654998779296875,-0.39010000228881836,-0.30299997329711914,1142531,CCOC(C)C(=O)NCCc1csc(-c2ccc(C)cc2)n1,3.2022200000000014,COCC(C)NC(=O)NCCc1csc(-c2ccc(F)c(F)c2)n1,True,2.964900000000002,-0.23731999999999953,0.4626865671641791,False,True
3.0,bin,5,-0.34654998779296875,-0.39010000228881836,-0.30299997329711914,1212157,CN(Cc1ccc(F)c(F)c1)C(=O)c1cncc(-c2cnn(C)c2)c1,3.0325000000000015,CN(Cc1ccc(F)cc1)C(=O)c1cncc(-c2cnn(C)c2)c1,True,2.8934000000000015,-0.1391,0.8076923076923077,False,True
3.0,bin,5,-0.34654998779296875,-0.39010000228881836,-0.30299997329711914,1215394,CCn1nc(C)cc1C(=O)Oc1cccc(NC(=O)C(C)C)c1,3.025120000000001,CCn1nc(C)cc1C(=O)Oc1ccccc1,True,2.4306200000000002,-0.5945000000000009,0.64,False,True
3.0,bin,5,-0.34654998779296875,-0.39010000228881836,-0.30299997329711914,1232922,CC(C)(C)OC(=O)NC1CCCN(S(=O)(=O)N2CCOCC2)C1,0.5525000000000011,CC(C)(C)NC(=O)C1CCN(S(=O)(=O)N2CCOCC2)CC1,True,0.1901000000000017,-0.3623999999999994,0.46153846153846156,False,True
3.0,bin,5,-0.34654998779296875,-0.39010000228881836,-0.30299997329711914,1238973,FC(F)(F)c1cnc(N2CCn3c(nnc3C3CC3)C2)c(Cl)c1,3.2429000000000023,Clc1cnc(N2CCn3c(nnc3C3CC3)C2)c(Cl)c1,True,2.8775000000000013,-0.36540000000000106,0.7346938775510204,False,True
3.0,bin,5,-0.34654998779296875,-0.39010000228881836,-0.30299997329711914,1299495,Cc1cc(CC(=O)N2CCCC2C(C#N)c2ccccc2)no1,2.823900000000001,N#CC(c1ccccc1)C1CCCN1C(=O)Cc1ccon1,True,2.515480000000001,-0.3084199999999999,0.7241379310344828,False,True
3.0,bin,5,-0.34654998779296875,-0.39010000228881836,-0.30299997329711914,1309906,CC(C)CC(NC(=O)c1cc(=O)c2ccccc2o1)C(=O)OC(C)C,2.8891000000000018,CC(C)OC(=O)C(NC(=O)c1cc(=O)c2ccccc2o1)C(C)C,True,2.4989999999999997,-0.3901000000000021,0.7058823529411765,False,True
3.0,bin,5,-0.34654998779296875,-0.39010000228881836,-0.30299997329711914,1362816,COCc1cccc(C(=O)NC2CC2c2cccc(Cl)c2)c1,3.772300000000002,O=C(NC1CC1c1cccc(F)c1)c1cccc(F)c1F,True,3.389800000000002,-0.3825000000000003,0.39344262295081966,False,True
3.0,bin,5,-0.34654998779296875,-0.39010000228881836,-0.30299997329711914,1441838,COCC(=O)NC(C(=O)Nc1cccc(-c2nccs2)c1)C(C)C,2.5358,COC(=O)NCC(=O)Nc1cccc(-c2nccs2)c1,True,2.1045999999999996,-0.43120000000000047,0.6101694915254238,False,False
3.0,bin,5,-0.34654998779296875,-0.39010000228881836,-0.30299997329711914,1450449,CCCNC(=O)CSc1nc2c(cc1C#N)CCCC2,2.450380000000001,CCCCCc1cnc(SCC(=O)NCC)c(C(=O)O)c1,True,2.7407000000000004,0.29031999999999947,0.3088235294117647,False,True
3.0,bin,5,-0.34654998779296875,-0.39010000228881836,-0.30299997329711914,1451910,O=S(=O)(NCc1nnc2ccccn12)c1ccc(F)c(F)c1,1.4859999999999995,O=S(=O)(NCc1nnc2ccccn12)c1ccccc1,True,1.2077999999999998,-0.2781999999999998,0.7111111111111111,False,False
3.0,bin,5,-0.34654998779296875,-0.39010000228881836,-0.30299997329711914,1479798,Cc1nc(C)c(CCC(=O)N(CC(C)C)CC(F)(F)F)c(=O)[nH]1,2.3662400000000003,CCCC(C)C(=O)NCCc1c(C)nc(C)[nH]c1=O,True,1.4816399999999998,-0.8846000000000005,0.4482758620689655,False,True
3.0,bin,5,-0.34654998779296875,-0.39010000228881836,-0.30299997329711914,1507926,COC(=O)C(C)NC(=O)Cc1csc(-c2ccccc2Cl)n1,2.6837,COC(=O)C(C)NC(=O)Cc1csc(-c2ccccc2F)n1,True,2.1693999999999996,-0.5143000000000004,0.78,False,True
3.0,bin,5,-0.34654998779296875,-0.39010000228881836,-0.30299997329711914,1527882,Nc1ncccc1C(=O)Nc1ccc2cn[nH]c2c1,1.7923999999999998,NC(=O)c1ccc(C(=O)Nc2ccc3cn[nH]c3c2)cn1,True,1.3090999999999997,-0.48330000000000006,0.5555555555555556,False,True
3.0,bin,5,-0.34654998779296875,-0.39010000228881836,-0.30299997329711914,1532848,COc1ccc(-c2ccc3c(=O)[nH]cnc3c2)cc1Cl,3.2521000000000013,COc1cc(-c2ccc3c(=O)[nH]cnc3c2)cc(C)c1OC,True,2.915720000000001,-0.3363800000000001,0.6458333333333334,False,True
3.0,bin,5,-0.34654998779296875,-0.39010000228881836,-0.30299997329711914,1548351,COc1cc(OC)c2c(c1)C(c1cnccn1)NCC2,1.7288999999999999,OCc1ccc2c(c1)CCNC2c1cnccn1,True,1.204,-0.5248999999999999,0.44642857142857145,False,True
3.0,bin,5,-0.34654998779296875,-0.39010000228881836,-0.30299997329711914,1570134,COc1cccc(C(C)N2CCN(C(=O)c3ccc(O)cc3)CC2)c1,2.9198000000000013,COc1ccccc1CN1CCN(C(=O)c2ccc(O)cc2)CC1,True,2.3588000000000005,-0.5610000000000008,0.45614035087719296,False,True
3.0,bin,5,-0.34654998779296875,-0.39010000228881836,-0.30299997329711914,1611406,CC(C)(C)N1CC(NC(=O)C2COc3ccc(F)cc3C2)CC1=O,1.8923999999999994,CC(C)CN1CC(NC(=O)C2COc3ccccc3C2)CC1=O,True,1.6107999999999993,-0.2816000000000001,0.5,False,True
3.0,bin,5,-0.34654998779296875,-0.39010000228881836,-0.30299997329711914,1612684,CCCC1CN(C(=O)Nc2ccn(CCC(C)C)n2)CCO1,2.9620000000000015,CCCC1CN(C(=O)Nc2ccn(CCC(F)F)n2)CCO1,True,2.5711000000000004,-0.39090000000000114,0.8545454545454545,False,True
3.0,bin,5,-0.34654998779296875,-0.39010000228881836,-0.30299997329711914,1639675,CCC(CC)c1nnc(NC(=O)c2scnc2C2CC2)s1,4.0279000000000025,CC(C)CCc1nnc(NC(=O)c2scnc2C2CC2)s1,True,3.712900000000003,-0.3149999999999995,0.6666666666666666,False,True
3.0,bin,5,-0.34654998779296875,-0.39010000228881836,-0.30299997329711914,1675660,COc1ccnc(NC(=O)c2cccc(Cl)c2)c1,2.9959000000000007,COc1ccccc1C(=O)Nc1ccc(C)cn1,True,2.650920000000001,-0.3449799999999996,0.32142857142857145,False,True
3.0,bin,5,-0.34654998779296875,-0.39010000228881836,-0.30299997329711914,1689728,CCc1noc(CSc2ncnc3sc(C)cc23)n1,3.237420000000002,Cc1noc(CSc2ncnc3sccc23)n1,True,2.675020000000001,-0.5624000000000011,0.509090909090909,False,False
3.0,bin,5,-0.34654998779296875,-0.39010000228881836,-0.30299997329711914,1720876,CC(C)(C)CC(=O)NCC(=O)Nc1ccc2c(c1)COC2,2.2077,CC(C)C(=O)NCCC(=O)Nc1ccc2c(c1)COC2,True,1.8175999999999997,-0.39010000000000034,0.5490196078431373,False,True
3.0,bin,5,-0.34654998779296875,-0.39010000228881836,-0.30299997329711914,1757109,CC(C)Cc1ncc(CNc2ccc3c(c2)COC3)s1,3.983900000000003,FC(F)(F)c1ncc(CNc2ccc3c(c2)COC3)s1,True,3.8042000000000016,-0.1797000000000013,0.6078431372549019,False,True
3.0,bin,5,-0.34654998779296875,-0.39010000228881836,-0.30299997329711914,1774061,O=C1NCCCc2[nH]c(-c3cccc4[nH]ccc34)nc21,2.234,O=C1N=C2NC(C3=CCC2=CC=CCN3)c2[nH]ccc21,True,1.5711,-0.6629,0.17333333333333334,False,True
3.0,bin,5,-0.34654998779296875,-0.39010000228881836,-0.30299997329711914,1800687,Cc1nn(C)c(-c2nc(-c3cccnn3)no2)c1Cl,1.8889199999999997,Cn1ncc(Cl)c1-c1nc(-c2cccnn2)no1,True,1.5804999999999993,-0.30842000000000036,0.6530612244897959,False,True
3.0,bin,5,-0.34654998779296875,-0.39010000228881836,-0.30299997329711914,1815867,FC(F)(F)c1ccc(CN2CCOCC2c2ncon2)cc1,2.661900000000001,Clc1ccccc1CN1CCOCC1c1ncon1,True,2.2965,-0.36540000000000106,0.6111111111111112,False,True
3.0,bin,5,-0.34654998779296875,-0.39010000228881836,-0.30299997329711914,1828580,Cc1ccc(N2CC3OCC(=O)N(Cc4cccc(F)c4)C3C2)nn1,1.54032,O=C1COC2CN(c3cccnn3)CC2N1Cc1cccc(F)c1,True,1.2319000000000002,-0.3084199999999997,0.75,False,True
3.0,bin,5,-0.34654998779296875,-0.39010000228881836,-0.30299997329711914,1836183,CCc1ccc(C(=O)NCc2nccc(N(C)C)n2)cc1,2.035,CN(C)c1ccnc(CNC(=O)c2cccc(C#N)c2)n1,True,1.34428,-0.6907200000000002,0.5925925925925926,False,True
3.0,bin,5,-0.34654998779296875,-0.39010000228881836,-0.30299997329711914,1842499,COc1ccccc1COc1ccccc1-c1cnn(CCO)c1,3.1300000000000017,NC(=O)Cn1cc(-c2ccccc2OCc2ccccc2F)cn1,True,2.7535000000000007,-0.37650000000000095,0.543859649122807,False,True
3.0,bin,5,-0.34654998779296875,-0.39010000228881836,-0.30299997329711914,1865564,COC(CNC(=O)c1ccoc1)c1cccc(F)c1,2.536200000000001,COc1ccccc1CCNC(=O)c1ccoc1,True,2.2607,-0.27550000000000097,0.43103448275862066,False,True
3.0,bin,5,-0.34654998779296875,-0.39010000228881836,-0.30299997329711914,1868773,CCCOc1ccc(Cl)c2c1CCNC2C1CC(=O)C1,3.2947000000000015,CCCOc1cc2c3c(c1F)C(NCC2)C3CCC=O,True,2.877600000000001,-0.41710000000000047,0.3582089552238806,False,True
3.0,bin,5,-0.34654998779296875,-0.39010000228881836,-0.30299997329711914,1873123,CCC1OC(=O)c2c(OC)ccc(Br)c21,3.079200000000002,COc1ccc(Br)c2c1C(=O)OC2C,True,2.6891000000000007,-0.3901000000000012,0.6842105263157895,False,False
3.0,bin,5,-0.34654998779296875,-0.39010000228881836,-0.30299997329711914,1875028,Cc1cccc(C)c1NCC(=O)N1CCCC2CCCCC21,3.8965400000000034,COCc1cc(F)ccc1NCC(=O)NCCC1CCCCC1,True,3.470600000000002,-0.42594000000000154,0.24285714285714285,False,True
3.0,bin,5,-0.34654998779296875,-0.39010000228881836,-0.30299997329711914,1895921,CCC(CC)N(C)C(=O)CC1OC(=O)c2ccccc21,2.935200000000002,CC(C)CCNC(=O)CC1OC(=O)c2ccccc21,True,2.450500000000001,-0.484700000000001,0.5098039215686274,False,True
3.0,bin,5,-0.34654998779296875,-0.39010000228881836,-0.30299997329711914,1907077,Cc1ccc2[nH]nc(C(=O)Nc3nc(-c4ccco4)cs3)c2c1,3.8401200000000015,O=C(Nc1nc(-c2ccco2)cs1)c1n[nH]c2ccccc12,True,3.5317000000000007,-0.3084200000000008,0.7636363636363637,False,False
3.0,bin,5,-0.34654998779296875,-0.39010000228881836,-0.30299997329711914,1913063,Cc1nn(C)c(C)c1CN(C(=O)c1cn2cccc(C)c2n1)C1CC1,2.797860000000001,CC1=CC=C2NC=C(C(=O)N3Cc4cnn(C)c4CC(N)C3)C12,True,0.5792000000000003,-2.2186600000000007,0.14606741573033707,False,True
3.0,bin,5,-0.34654998779296875,-0.39010000228881836,-0.30299997329711914,1922265,CN(CCNC(=O)c1ccc2c(c1)ncn2C)c1ccccc1,2.4395000000000007,O=C(NCCNc1ccccc1)c1ccc2[nH]cnc2c1,True,2.4048,-0.03470000000000084,0.4032258064516129,False,True
3.0,bin,6,-0.2550499439239502,-0.30299997329711914,-0.20709991455078125,32052,COc1ccccc1CNC(=O)Cc1c[nH]c2ccccc12,3.035400000000001,Nc1ccc2[nH]cc(CC(=O)NCc3cccc(F)c3)c2c1,True,2.748100000000001,-0.2873000000000001,0.4406779661016949,False,True
3.0,bin,6,-0.2550499439239502,-0.30299997329711914,-0.20709991455078125,116747,COCCSc1ccccc1C(=O)Nc1cccc(C)n1,3.3808200000000017,CCOCCOc1ccccc1C(=O)Nc1cccc(C)n1,True,3.057620000000001,-0.3232000000000008,0.5454545454545454,False,True
3.0,bin,6,-0.2550499439239502,-0.30299997329711914,-0.20709991455078125,131060,CS(=O)(=O)NCCc1csc(-c2ccc(F)cc2)n1,2.0408999999999997,CS(=O)(=O)NCCc1csc(-c2ccccc2)n1,True,1.9018,-0.13909999999999978,0.7619047619047619,False,True
3.0,bin,6,-0.2550499439239502,-0.30299997329711914,-0.20709991455078125,131949,CCc1c(C)nc(SCC(=O)NC(C)C)[nH]c1=O,1.25742,CCc1c(C)nc(SCC(=O)N(C)CCOC)[nH]c1=O,True,0.83762,-0.41979999999999995,0.5370370370370371,False,True
3.0,bin,6,-0.2550499439239502,-0.30299997329711914,-0.20709991455078125,158879,COc1ccc(CC(=O)OCC(=O)c2c[nH]c3ccccc23)cc1,3.145100000000001,Nc1cccc(CC(=O)OCC(=O)c2c[nH]c3ccccc23)c1F,True,2.857800000000001,-0.2873000000000001,0.5614035087719298,False,True
3.0,bin,6,-0.2550499439239502,-0.30299997329711914,-0.20709991455078125,232056,COCCNC(=O)c1cc(=O)c2cc(C)ccc2o1,1.4776199999999993,CNC(=O)CCNC(=O)c1cc(=O)c2cc(C)ccc2o1,True,0.9673199999999997,-0.5102999999999995,0.7083333333333334,False,True
3.0,bin,6,-0.2550499439239502,-0.30299997329711914,-0.20709991455078125,235788,O=C(Cn1nc(-c2ccco2)oc1=O)NCC(F)(F)F,0.7747999999999999,CCN(CCO)C(=O)Cn1nc(-c2ccco2)oc1=O,True,-0.0629000000000004,-0.8377000000000003,0.5614035087719298,False,True
3.0,bin,6,-0.2550499439239502,-0.30299997329711914,-0.20709991455078125,236081,CC(=O)c1c(C)[nH]c(C(=O)CSc2nc(C(C)C)n[nH]2)c1C,3.0506400000000014,CCc1c(C(=O)CSc2nc(C)n[nH]2)[nH]c(C)c1C(C)=O,True,2.4896400000000005,-0.5610000000000008,0.5740740740740741,False,True
3.0,bin,6,-0.2550499439239502,-0.30299997329711914,-0.20709991455078125,281081,O=C(Cn1cccn1)NCc1cccnc1Oc1ccc(F)cc1F,2.665000000000001,N#Cc1cccc(Oc2ncccc2CNC(=O)Cn2cccn2)c1,True,2.2584799999999996,-0.4065200000000013,0.6060606060606061,False,True
3.0,bin,6,-0.2550499439239502,-0.30299997329711914,-0.20709991455078125,284170,COc1ccc(-c2nc(CC(=O)Nc3cccc(C)n3)cs2)cc1,3.7033200000000024,CC(=O)Nc1ccc(-c2nc(CC(=O)Nc3ccccn3)cs2)cc1,True,3.3447000000000013,-0.35862000000000105,0.5409836065573771,False,True
3.0,bin,6,-0.2550499439239502,-0.30299997329711914,-0.20709991455078125,288369,Cc1ccc(NCc2nnc3n2CCCCC3)cc1C,3.2334400000000016,Fc1cc(F)cc(NCc2nnc3n2CCCCC3)c1,True,2.894800000000001,-0.3386400000000007,0.6382978723404256,False,True
3.0,bin,6,-0.2550499439239502,-0.30299997329711914,-0.20709991455078125,302889,COc1ccc(OC)c(NC(=O)CCNC(=O)c2cccs2)c1,2.5239000000000003,N#CC#N,True,0.03356,-2.49034,0.02,False,True
3.0,bin,6,-0.2550499439239502,-0.30299997329711914,-0.20709991455078125,327141,COc1ccc(OC)c(S(=O)(=O)Nc2ccn(C)n2)c1,1.2381,CN(CCO)Cc1ccccc1S(=O)(=O)Nc1ccn(C)n1,True,0.6449999999999996,-0.5931000000000004,0.423728813559322,False,True
3.0,bin,6,-0.2550499439239502,-0.30299997329711914,-0.20709991455078125,327382,CNC(=O)C1CN(C(=O)c2c(C)noc2C)c2ccccc2O1,1.4452399999999996,CNC(=O)C1CN(C(=O)c2cnn(C)c2O)c2ccccc2O1,True,0.27949999999999925,-1.1657400000000004,0.576271186440678,False,True
3.0,bin,6,-0.2550499439239502,-0.30299997329711914,-0.20709991455078125,406491,COCCNC(=O)C1CCCN(S(=O)(=O)N2CCOCC2)C1,-0.9619999999999964,O=C(NCCO)C1CCCN(S(=O)(=O)N2CCOCC2)C1,True,-1.6160999999999968,-0.6541000000000003,0.75,False,True
3.0,bin,6,-0.2550499439239502,-0.30299997329711914,-0.20709991455078125,413951,O=C(Cn1ncn2cccc2c1=O)N1CCCCCC1,0.8985999999999996,N#CC1CN(C(=O)Cn2ncn3cccc3c2=O)CCCO1,True,-0.36292000000000035,-1.26152,0.6428571428571429,False,True
3.0,bin,6,-0.2550499439239502,-0.30299997329711914,-0.20709991455078125,427929,CCNc1nc(NCc2ccccc2Cl)c2cnn(C)c2n1,3.060600000000001,CCNc1nc(NCc2ccc(C)cc2)c2cnn(C)c2n1,True,2.7156200000000004,-0.3449800000000005,0.6346153846153846,False,False
3.0,bin,6,-0.2550499439239502,-0.30299997329711914,-0.20709991455078125,447130,CCC(NC(=O)C1CCN(C(=O)C2CC2)CC1)c1ccc(C)cc1,3.2109200000000016,CC(C)C(NC(=O)C1CCN(C(=O)C2CC2)CC1)c1ccccc1,True,3.148500000000002,-0.062419999999999476,0.5384615384615384,False,True
3.0,bin,6,-0.2550499439239502,-0.30299997329711914,-0.20709991455078125,481908,CCNS(=O)(=O)c1ccc(C)c(C(=O)Nc2ncccc2C)c1,2.24894,CCNS(=O)(=O)c1ccc(F)c(C(=O)Nc2ccccn2)c1,True,1.7711999999999999,-0.4777400000000003,0.5614035087719298,False,False
3.0,bin,6,-0.2550499439239502,-0.30299997329711914,-0.20709991455078125,485220,Cc1nn(CC(=O)N2CCN(C)CC2)c(C)c1Br,1.03644,Cc1nn(CC(=O)N2CCN(C)CC2)c(C)c1Br,True,1.03644,0.0,1.0,True,False
3.0,bin,6,-0.2550499439239502,-0.30299997329711914,-0.20709991455078125,526363,Cc1nnc(SCC(=O)Nc2ccc(O)cc2)n(N)c1=O,0.09692,Nn1c(SCC(=O)Nc2ccccc2)nncc1=O,True,0.08289999999999975,-0.014020000000000254,0.5185185185185185,False,False
3.0,bin,6,-0.2550499439239502,-0.30299997329711914,-0.20709991455078125,536853,COc1ccc(C2CCCN2C(=O)C2CCC2)c(OC)c1,3.1674000000000015,CS(=O)(=O)c1cc(C2CCCN2C(=O)C2CCC2)ccc1Cl,True,3.2071000000000023,0.039700000000000735,0.4482758620689655,False,True
3.0,bin,6,-0.2550499439239502,-0.30299997329711914,-0.20709991455078125,540312,Cc1nn(C)c2nc(C3CC3)cc(C(=O)NCC(=O)NC(C)(C)C)c12,1.7986199999999997,COCCCNC(=O)c1cc(C2CC2)nc2c1c(C)nn2C,True,1.9204199999999998,0.12180000000000013,0.65,False,True
3.0,bin,6,-0.2550499439239502,-0.30299997329711914,-0.20709991455078125,544381,Cc1nc(N2CCCC(C(=O)NC(C)C)C2)c2c(C)c(C)oc2n1,2.8890600000000006,CCc1nc(N2CCC(CO)CC2)c2c(C)c(C)oc2n1,True,2.6107400000000007,-0.2783199999999999,0.4126984126984127,False,True
3.0,bin,6,-0.2550499439239502,-0.30299997329711914,-0.20709991455078125,544382,CCCNC(=O)C1CCCN(c2nc(C)nc3oc(C)c(C)c23)C1,2.8906600000000013,Cc1nc(N2CCCNC(=O)CCC2)c2c(C)c(C)oc2n1,True,2.2545600000000006,-0.6361000000000008,0.453125,False,True
3.0,bin,6,-0.2550499439239502,-0.30299997329711914,-0.20709991455078125,550049,Cc1ccc(C)c(OCC(=O)Nc2cccc(-n3cnnc3)c2)c1,2.9016400000000013,CCOc1ccc(OCC(=O)Nc2cccc(-n3cnnc3)c2)cc1,True,2.6835000000000004,-0.2181400000000009,0.6481481481481481,False,False
3.0,bin,6,-0.2550499439239502,-0.30299997329711914,-0.20709991455078125,573533,Cc1nn(-c2ncc(C(F)(F)F)cc2Cl)c(=O)o1,2.2011199999999995,CC=NN(C(=O)OC(C)CC)c1ccccn1,True,2.828800000000001,0.6276800000000016,0.09722222222222222,False,True
3.0,bin,6,-0.2550499439239502,-0.30299997329711914,-0.20709991455078125,582555,O=C(NCC(O)c1ccccc1)c1ccc2c(=O)n3c(nc2c1)CCC3,1.8061000000000003,C=C1C(C=CC=CC(N)=O)CCNC(=O)c2ccc3c(=O)n1c(CC)nc3c2,True,1.777,-0.029100000000000348,0.20430107526881722,False,True
3.0,bin,6,-0.2550499439239502,-0.30299997329711914,-0.20709991455078125,588547,Cc1n[nH]c(C)c1NC(=O)CCc1ccc(Cl)cc1Cl,3.9046400000000023,CCC(C)(CC(=O)Nc1c(C)n[nH]c1C)c1ccc(OC)cc1,True,3.7316400000000023,-0.17300000000000004,0.4032258064516129,False,True
3.0,bin,6,-0.2550499439239502,-0.30299997329711914,-0.20709991455078125,607673,CCCN(CC1CC1)S(=O)(=O)c1ccccc1F,2.636400000000001,CCCN(CC1CC1)S(=O)(=O)c1ccc(C(=O)N(C)C)cc1,True,2.1991000000000005,-0.43730000000000047,0.5,False,True
3.0,bin,6,-0.2550499439239502,-0.30299997329711914,-0.20709991455078125,617681,Cc1cc(C(=O)Nc2nc(-c3ccncc3)cs2)nn1C(C)C,3.5432200000000016,CSc1cc(C(=O)Nc2nc(-c3ccnc(C)c3)cs2)nn1C,True,3.2212200000000015,-0.32200000000000006,0.5,False,True
3.0,bin,6,-0.2550499439239502,-0.30299997329711914,-0.20709991455078125,650267,COc1ccc2oc(C(=O)NC3CCCCNC3=O)c(C)c2c1,2.14832,N#CC1=C(C(=O)NC2CCCCNC2)OOc2ccccc21,True,1.5035799999999993,-0.6447400000000008,0.2222222222222222,False,True
3.0,bin,6,-0.2550499439239502,-0.30299997329711914,-0.20709991455078125,668639,Cc1cc(NC(=O)c2ccccc2Cl)ncc1N,2.8779200000000005,COc1ccc(C(=O)Nc2cc(C)c(N)cn2)cc1C,True,2.5415400000000004,-0.3363800000000001,0.5294117647058824,False,True
3.0,bin,6,-0.2550499439239502,-0.30299997329711914,-0.20709991455078125,673160,CCC(=O)Nc1ccc2oc(C(F)(F)F)cc(=O)c2c1,3.160300000000001,CCC(=O)NC=C1C=c2oc(C)c(C(C)=O)c(=O)c2=C1,True,0.13551999999999986,-3.0247800000000016,0.24615384615384617,False,True
3.0,bin,6,-0.2550499439239502,-0.30299997329711914,-0.20709991455078125,711169,Cc1cccc(C(C)C)c1NC(=O)N(C)Cc1ccncc1,4.177320000000003,CN(Cc1ccncc1)C(=O)Nc1cccc(SC(F)(F)F)c1,True,4.357400000000003,0.18008000000000024,0.5,False,True
3.0,bin,6,-0.2550499439239502,-0.30299997329711914,-0.20709991455078125,720969,Cc1noc(C)c1CCC(=O)OCC(=O)N1c2ccccc2CC1C,2.7450400000000013,Cc1noc(C)c1CCC(=O)OCC(=O)N1CCc2ccccc21,True,2.35654,-0.3885000000000014,0.6721311475409836,False,False
3.0,bin,6,-0.2550499439239502,-0.30299997329711914,-0.20709991455078125,730789,COC(=O)C1CCN(C(=O)c2cc3ccc(F)cc3nc2C)CC1,2.7075200000000006,COC(=O)C1CCCN(C(=O)c2cc3ccccc3nc2C)C1,True,2.5684200000000006,-0.1391,0.576271186440678,False,True
3.0,bin,6,-0.2550499439239502,-0.30299997329711914,-0.20709991455078125,738178,Cc1ccc(-n2ccnc2SCc2nc(C3CC3)no2)cc1C,4.041840000000003,Brc1ccc(-n2ccnc2SCc2nc(C3CC3)no2)cc1,True,4.187500000000003,0.14565999999999946,0.7358490566037735,False,True
3.0,bin,6,-0.2550499439239502,-0.30299997329711914,-0.20709991455078125,771897,COc1ccccc1OCC(=O)N(C)Cc1sccc1C,3.102520000000002,COC(=O)c1cccc(OCC(=O)N(C)Cc2sccc2C)c1,True,2.8805200000000015,-0.22200000000000042,0.6,False,True
3.0,bin,6,-0.2550499439239502,-0.30299997329711914,-0.20709991455078125,811446,COC(=O)C1(NC(=O)c2cc(Br)c[nH]2)CCCCCC1,2.7730000000000006,COC(=O)C1(NC(=O)c2cc(C)cn2C)CCCCC1,True,1.9392199999999993,-0.8337800000000013,0.49019607843137253,False,True
3.0,bin,6,-0.2550499439239502,-0.30299997329711914,-0.20709991455078125,848291,CCC(C)NC(=O)NCc1noc(-c2cccs2)n1,2.3958000000000004,CCN(CC)S(=O)(=O)NCc1noc(-c2ccc(C)s2)n1,True,1.7827199999999999,-0.6130800000000005,0.35384615384615387,False,True
3.0,bin,6,-0.2550499439239502,-0.30299997329711914,-0.20709991455078125,863440,COc1ccc(-c2nc(CCCO)cs2)cc1OC,2.752200000000001,COc1ccc(-c2nc(CCO)cs2)cc1OC,True,2.3621000000000008,-0.39010000000000034,0.85,False,False
3.0,bin,6,-0.2550499439239502,-0.30299997329711914,-0.20709991455078125,864663,N#Cc1ccc(-c2cc(F)ccc2F)nc1N1CCCC1,3.498680000000002,N#Cc1ccc(N2CCCC2)nc1-c1cccc(F)c1,True,3.359580000000002,-0.1391,0.4444444444444444,False,True
3.0,bin,6,-0.2550499439239502,-0.30299997329711914,-0.20709991455078125,872100,CCc1cccc(C)c1NCC(O)c1ccc2c(c1)OCCO2,3.474120000000002,OC(F)CNc1ccccc1C(F)F,True,2.324,-1.150120000000002,0.1864406779661017,False,True
3.0,bin,6,-0.2550499439239502,-0.30299997329711914,-0.20709991455078125,886334,COc1ccc(C(=O)N2CCCC(C(=O)N3CCCCC3)C2)c(O)c1,2.2655000000000003,NC(=O)Nc1cccc(C(=O)N2CCCC(C(=O)N3CCCCC3)C2)c1,True,2.0418999999999996,-0.2236000000000007,0.45,False,True
3.0,bin,6,-0.2550499439239502,-0.30299997329711914,-0.20709991455078125,887387,COCCNC(=O)N(Cc1cccc(F)c1)CC1CCCO1,2.1627,CCN(Cc1cccc(CN(C)C2CCCO2)c1)S(C)(=O)=O,True,2.0364,-0.12630000000000008,0.323943661971831,False,True
3.0,bin,6,-0.2550499439239502,-0.30299997329711914,-0.20709991455078125,889149,N#Cc1ccc(NC(=O)c2ccc(Br)cc2Cl)nc1,3.621480000000001,CSc1ccc(C)c(C(=O)Nc2ccc(C#N)cn2)c1,True,3.235900000000001,-0.38558000000000003,0.5272727272727272,False,True
3.0,bin,6,-0.2550499439239502,-0.30299997329711914,-0.20709991455078125,913483,O=C(CNC(=O)NCCc1c(Cl)cccc1Cl)NC1CC1,2.1137000000000006,CSc1cc(C(C)CNC(=O)NCC(=O)NC2CC2)ccc1F,True,2.2288999999999994,0.11519999999999886,0.3870967741935484,False,True
3.0,bin,6,-0.2550499439239502,-0.30299997329711914,-0.20709991455078125,917620,C=CCN(Cc1ccccc1OC)C(=O)c1csc(C)n1,3.288520000000002,COCCN(Cc1ccc(C)c(C)c1)C(=O)c1csc(C)n1,True,3.357160000000002,0.06864000000000026,0.42857142857142855,False,True
3.0,bin,6,-0.2550499439239502,-0.30299997329711914,-0.20709991455078125,918312,CCOc1ccc(Cl)c(C(=O)N2CCN(c3ncccn3)CC2)n1,1.8860999999999997,CCOc1ccc(Cl)c(C(=O)N2CCN(c3ncccn3)CC2)n1,True,1.8860999999999997,0.0,1.0,True,False
3.0,bin,6,-0.2550499439239502,-0.30299997329711914,-0.20709991455078125,922879,CC(=O)c1ccc(N2CCN(Cc3c(F)cccc3F)CC2)cc1,3.489600000000003,Oc1ccc(N2CCN(Cc3ccc(Cl)cc3)CC2)cc1,True,3.3678000000000017,-0.12180000000000124,0.3673469387755102,False,True
3.0,bin,6,-0.2550499439239502,-0.30299997329711914,-0.20709991455078125,927535,COc1cc(CN2CCN(c3ccccc3F)CC2)ccc1O,2.862100000000002,NC(=O)Nc1cc(CN2CCN(c3ccccc3F)CC2)ccc1F,True,2.7776000000000014,-0.08450000000000069,0.5454545454545454,False,True
3.0,bin,6,-0.2550499439239502,-0.30299997329711914,-0.20709991455078125,927567,Cc1ccccc1N1CCN(Cc2cccc(O)c2)CC1,3.022820000000001,N#Cc1ccc(N2CCN(Cc3ccccc3C#N)CC2)cc1,True,2.752160000000001,-0.27066000000000034,0.26785714285714285,False,True
3.0,bin,6,-0.2550499439239502,-0.30299997329711914,-0.20709991455078125,938108,CC(c1ccccc1)N(C)C(=O)CCC(=O)Nc1nccs1,3.0814000000000012,Cc1ccc(CNC(=O)CCC(=O)Nc2nc(C)cs2)cc1,True,2.795040000000001,-0.28636000000000017,0.296875,False,True
3.0,bin,6,-0.2550499439239502,-0.30299997329711914,-0.20709991455078125,943303,CN(CCCOc1ccccc1)C(=O)Nc1cccc2c1OCCO2,3.390600000000002,O=C(NCCCOc1ccccc1)Nc1cccc2c1OCCO2,True,3.048400000000001,-0.34220000000000095,0.6545454545454545,False,True
3.0,bin,6,-0.2550499439239502,-0.30299997329711914,-0.20709991455078125,946289,CC(NC(=O)C1(c2cc(-c3ccco3)on2)CC1)c1ccccc1,3.843600000000002,C=CC=C(C=COC)CN(C)C(=O)C1(c2cc(-c3ccco3)on2)CC1,True,3.6971000000000025,-0.14649999999999963,0.43243243243243246,False,True
3.0,bin,6,-0.2550499439239502,-0.30299997329711914,-0.20709991455078125,994077,Cc1nnc(Cn2c(-c3cccc(Br)c3)noc2=O)o1,2.0055199999999997,C=CCOc1cccc(-c2noc(=O)n2Cc2nnc(C)o2)c1,True,1.8078199999999998,-0.1977,0.6607142857142857,False,True
3.0,bin,6,-0.2550499439239502,-0.30299997329711914,-0.20709991455078125,1065620,O=C(NCc1cccnc1Oc1ccccc1)c1cccnc1,3.198900000000002,Nc1ncccc1C(=O)NCc1cccnc1Oc1ccccc1,True,2.7811000000000012,-0.4178000000000006,0.6470588235294118,False,True
3.0,bin,6,-0.2550499439239502,-0.30299997329711914,-0.20709991455078125,1093926,CN(C(=O)CNc1cccc(OCC2CCCO2)c1)c1ccccc1,3.319300000000002,Nc1ccccc1NCC(=O)Nc1cccc(OCC2CCCO2)c1,True,2.877200000000001,-0.4421000000000008,0.5671641791044776,False,True
3.0,bin,6,-0.2550499439239502,-0.30299997329711914,-0.20709991455078125,1107920,CCc1ccc(-n2cc(C(=O)NC(C)c3ccccc3)nn2)cc1,3.320700000000002,O=C(NCc1ccccc1C(F)(F)F)c1cn(-c2ccccc2)nn1,True,3.2161000000000017,-0.10460000000000047,0.4262295081967213,False,True
3.0,bin,6,-0.2550499439239502,-0.30299997329711914,-0.20709991455078125,1113130,CC(NC(=O)Cn1nnnc1C(C)(C)C)c1cccc2ccccc12,3.0012000000000016,CCC(=CC=Cc1ccccc1)NC(=O)Cn1nnnc1C(F)F,True,2.7342000000000004,-0.26700000000000124,0.3380281690140845,False,True
3.0,bin,6,-0.2550499439239502,-0.30299997329711914,-0.20709991455078125,1121751,COC(=O)Cn1ccc(NS(=O)(=O)c2ccc(F)c(F)c2F)n1,1.2742,COC(=O)Cn1ccc(NS(=O)(=O)c2ccccc2F)n1,True,0.996,-0.2782,0.7551020408163265,False,True
3.0,bin,6,-0.2550499439239502,-0.30299997329711914,-0.20709991455078125,1142531,CCOC(C)C(=O)NCCc1csc(-c2ccc(C)cc2)n1,3.2022200000000014,CC(=O)N(CC(=O)NCCc1csc(-c2ccc(C)cc2)n1)C(C)C,True,3.0341200000000015,-0.16809999999999992,0.5932203389830508,False,True
3.0,bin,6,-0.2550499439239502,-0.30299997329711914,-0.20709991455078125,1212157,CN(Cc1ccc(F)c(F)c1)C(=O)c1cncc(-c2cnn(C)c2)c1,3.0325000000000015,COc1ccc(CN(C)C(=O)c2cncc(-c3cnn(C)c3)c2)cc1,True,2.762900000000001,-0.2696000000000005,0.7142857142857143,False,True
3.0,bin,6,-0.2550499439239502,-0.30299997329711914,-0.20709991455078125,1215394,CCn1nc(C)cc1C(=O)Oc1cccc(NC(=O)C(C)C)c1,3.025120000000001,Cc1cc(C(=O)Oc2ccc(Cl)c(C(=O)N(C)C)c2)n(C)n1,True,2.3029200000000003,-0.7222000000000008,0.3484848484848485,False,True
3.0,bin,6,-0.2550499439239502,-0.30299997329711914,-0.20709991455078125,1232922,CC(C)(C)OC(=O)NC1CCCN(S(=O)(=O)N2CCOCC2)C1,0.5525000000000011,CC(C)(C)C(=O)NC1CCN(S(=O)(=O)N2CCOCC2)CC1,True,0.1901000000000017,-0.3623999999999994,0.52,False,True
3.0,bin,6,-0.2550499439239502,-0.30299997329711914,-0.20709991455078125,1238973,FC(F)(F)c1cnc(N2CCn3c(nnc3C3CC3)C2)c(Cl)c1,3.2429000000000023,NC1c2nnc(C3CC3)n2CCN1C1=CC=C(Br)C1,True,1.9947999999999997,-1.2481000000000027,0.26153846153846155,False,True
3.0,bin,6,-0.2550499439239502,-0.30299997329711914,-0.20709991455078125,1299495,Cc1cc(CC(=O)N2CCCC2C(C#N)c2ccccc2)no1,2.823900000000001,Cc1cc(CC(=O)N2CCCC2C2=CC=CC(=O)OC2)no1,True,1.55592,-1.267980000000001,0.45714285714285713,False,True
3.0,bin,6,-0.2550499439239502,-0.30299997329711914,-0.20709991455078125,1309906,CC(C)CC(NC(=O)c1cc(=O)c2ccccc2o1)C(=O)OC(C)C,2.8891000000000018,CCN(CC(F)(F)F)C(=O)CNC(=O)c1cc(=O)c2ccccc2o1,True,1.9336000000000004,-0.9555000000000013,0.4307692307692308,False,True
3.0,bin,6,-0.2550499439239502,-0.30299997329711914,-0.20709991455078125,1362816,COCc1cccc(C(=O)NC2CC2c2cccc(Cl)c2)c1,3.772300000000002,O=C(NC1CC1c1ccc(Cl)cc1)c1ccc(O)cc1,True,3.331500000000002,-0.4408000000000003,0.45454545454545453,False,True
3.0,bin,6,-0.2550499439239502,-0.30299997329711914,-0.20709991455078125,1441838,COCC(=O)NC(C(=O)Nc1cccc(-c2nccs2)c1)C(C)C,2.5358,CC(=O)NC(C)C(=O)Nc1cccc(-c2nccs2)c1,True,2.2732,-0.26259999999999994,0.6206896551724138,False,True
3.0,bin,6,-0.2550499439239502,-0.30299997329711914,-0.20709991455078125,1450449,CCCNC(=O)CSc1nc2c(cc1C#N)CCCC2,2.450380000000001,CCCCNc1cnc(SCCC(=O)NC(C)C#N)c(C)c1,True,3.1125000000000016,0.6621200000000007,0.2631578947368421,False,True
3.0,bin,6,-0.2550499439239502,-0.30299997329711914,-0.20709991455078125,1451910,O=S(=O)(NCc1nnc2ccccn12)c1ccc(F)c(F)c1,1.4859999999999995,COc1ccc(S(=O)(=O)NCc2nnc3ccccn23)cc1,True,1.2163999999999997,-0.26959999999999984,0.6470588235294118,False,False
3.0,bin,6,-0.2550499439239502,-0.30299997329711914,-0.20709991455078125,1479798,Cc1nc(C)c(CCC(=O)N(CC(C)C)CC(F)(F)F)c(=O)[nH]1,2.3662400000000003,Cc1nc(C(C)C)[nH]c(=O)c1CCC(=O)NC(C)C(C)C#N,True,1.7986999999999995,-0.5675400000000008,0.35384615384615387,False,True
3.0,bin,6,-0.2550499439239502,-0.30299997329711914,-0.20709991455078125,1507926,COC(=O)C(C)NC(=O)Cc1csc(-c2ccccc2Cl)n1,2.6837,COC(=O)CNC(=O)Cc1nc(-c2cccc(Cl)c2)sc1C,True,2.6036200000000003,-0.08007999999999971,0.28169014084507044,False,True
3.0,bin,6,-0.2550499439239502,-0.30299997329711914,-0.20709991455078125,1527882,Nc1ncccc1C(=O)Nc1ccc2cn[nH]c2c1,1.7923999999999998,NC(=O)CSc1ccc(C(=O)Nc2ccc3cn[nH]c3c2)cn1,True,1.7876,-0.004799999999999693,0.5,False,True
3.0,bin,6,-0.2550499439239502,-0.30299997329711914,-0.20709991455078125,1532848,COc1ccc(-c2ccc3c(=O)[nH]cnc3c2)cc1Cl,3.2521000000000013,COc1ccc(-c2cc(C)c3c(=O)[nH]cnc3c2)cc1OC,True,2.915720000000001,-0.3363800000000001,0.54,False,True
3.0,bin,6,-0.2550499439239502,-0.30299997329711914,-0.20709991455078125,1548351,COc1cc(OC)c2c(c1)C(c1cnccn1)NCC2,1.7288999999999999,COc1c(C#N)ccc2c1C(c1cnccn1)NCC2,True,1.5919799999999997,-0.13692000000000015,0.4576271186440678,False,True
3.0,bin,6,-0.2550499439239502,-0.30299997329711914,-0.20709991455078125,1570134,COc1cccc(C(C)N2CCN(C(=O)c3ccc(O)cc3)CC2)c1,2.9198000000000013,COc1ccc(CN2CCN(C(=O)c3ccccc3OC)CC2)cc1,True,2.6618000000000013,-0.258,0.31746031746031744,False,True
3.0,bin,6,-0.2550499439239502,-0.30299997329711914,-0.20709991455078125,1611406,CC(C)(C)N1CC(NC(=O)C2COc3ccc(F)cc3C2)CC1=O,1.8923999999999994,C=CCN1CC(NC(=O)C2COc3ccc(F)cc3C2)CC1=O,True,1.2798999999999994,-0.6125,0.6612903225806451,False,True
3.0,bin,6,-0.2550499439239502,-0.30299997329711914,-0.20709991455078125,1612684,CCCC1CN(C(=O)Nc2ccn(CCC(C)C)n2)CCO1,2.9620000000000015,CCCC1CN(C(=O)Nc2ccn(CC(F)(F)F)n2)CCO1,True,2.4782,-0.48380000000000134,0.7288135593220338,False,False
3.0,bin,6,-0.2550499439239502,-0.30299997329711914,-0.20709991455078125,1639675,CCC(CC)c1nnc(NC(=O)c2scnc2C2CC2)s1,4.0279000000000025,C=C(C)CSc1nnc(NC(=O)c2scnc2C2CC2)s1,True,3.792500000000002,-0.23540000000000028,0.6140350877192983,False,True
3.0,bin,6,-0.2550499439239502,-0.30299997329711914,-0.20709991455078125,1675660,COc1ccnc(NC(=O)c2cccc(Cl)c2)c1,2.9959000000000007,COc1ccnc(NC(=O)c2cccc(SC)c2)c1,True,3.064400000000001,0.06850000000000023,0.7021276595744681,False,True
3.0,bin,6,-0.2550499439239502,-0.30299997329711914,-0.20709991455078125,1689728,CCc1noc(CSc2ncnc3sc(C)cc23)n1,3.237420000000002,C1=NOC(CSc2ncnc3sccc23)CCOC1,True,2.574700000000001,-0.6627200000000011,0.2361111111111111,False,True
3.0,bin,6,-0.2550499439239502,-0.30299997329711914,-0.20709991455078125,1720876,CC(C)(C)CC(=O)NCC(=O)Nc1ccc2c(c1)COC2,2.2077,CCN(CC)S(=O)(=O)CCC(=O)Nc1ccc2c(c1)COC2,True,1.7169999999999999,-0.49070000000000014,0.5094339622641509,False,True
3.0,bin,6,-0.2550499439239502,-0.30299997329711914,-0.20709991455078125,1757109,CC(C)Cc1ncc(CNc2ccc3c(c2)COC3)s1,3.983900000000003,FC(F)(F)C=NC=C(S)CNc1ccc2c(c1)COC2,True,3.5330000000000013,-0.45090000000000163,0.3333333333333333,False,True
3.0,bin,6,-0.2550499439239502,-0.30299997329711914,-0.20709991455078125,1774061,O=C1NCCCc2[nH]c(-c3cccc4[nH]ccc34)nc21,2.234,CC=CNC(=O)CN=Cc1ccccc1CCNC=O,True,1.0438,-1.1902,0.075,False,True
3.0,bin,6,-0.2550499439239502,-0.30299997329711914,-0.20709991455078125,1800687,Cc1nn(C)c(-c2nc(-c3cccnn3)no2)c1Cl,1.8889199999999997,C=Cc1cc(-c2nc(-c3ccc(C)nn3)no2)n(C)n1,True,1.8785199999999995,-0.010400000000000187,0.36666666666666664,False,True
3.0,bin,6,-0.2550499439239502,-0.30299997329711914,-0.20709991455078125,1815867,FC(F)(F)c1ccc(CN2CCOCC2c2ncon2)cc1,2.661900000000001,CC(=CC=CF)CN1CCOCC1c1ncon1,True,1.8724,-0.789500000000001,0.5084745762711864,False,True
3.0,bin,6,-0.2550499439239502,-0.30299997329711914,-0.20709991455078125,1828580,Cc1ccc(N2CC3OCC(=O)N(Cc4cccc(F)c4)C3C2)nn1,1.54032,COc1ccc(CN2C(=O)COC3CN(c4ccc(C)nn4)CC32)cc1,True,1.4098199999999996,-0.13050000000000028,0.6774193548387096,False,True
3.0,bin,6,-0.2550499439239502,-0.30299997329711914,-0.20709991455078125,1836183,CCc1ccc(C(=O)NCc2nccc(N(C)C)n2)cc1,2.035,COCC=C1C=CC(C(=O)NCc2nccc(N(C)C(C)=O)n2)=C1,True,1.1444999999999996,-0.8905000000000005,0.4153846153846154,False,True
3.0,bin,6,-0.2550499439239502,-0.30299997329711914,-0.20709991455078125,1842499,COc1ccccc1COc1ccccc1-c1cnn(CCO)c1,3.1300000000000017,NC(=O)CCn1cc(-c2ccccc2OCc2ccccc2F)cn1,True,3.143600000000001,0.01359999999999939,0.5614035087719298,False,True
3.0,bin,6,-0.2550499439239502,-0.30299997329711914,-0.20709991455078125,1865564,COC(CNC(=O)c1ccoc1)c1cccc(F)c1,2.536200000000001,CCNc1occc1C(=O)NCCC1=CC=C(OC)C1,True,2.691700000000001,0.15549999999999997,0.2,False,True
3.0,bin,6,-0.2550499439239502,-0.30299997329711914,-0.20709991455078125,1868773,CCCOc1ccc(Cl)c2c1CCNC2C1CC(=O)C1,3.2947000000000015,CCCOc1cc2c(cc1Cl)CCNC21CCC(=O)C1,True,3.222800000000001,-0.0719000000000003,0.3484848484848485,False,True
3.0,bin,6,-0.2550499439239502,-0.30299997329711914,-0.20709991455078125,1873123,CCC1OC(=O)c2c(OC)ccc(Br)c21,3.079200000000002,CCOc1ccc(OC)c2c1C(=O)OC2(C)CC,True,2.889500000000001,-0.1897000000000011,0.3333333333333333,False,True
3.0,bin,6,-0.2550499439239502,-0.30299997329711914,-0.20709991455078125,1875028,Cc1cccc(C)c1NCC(=O)N1CCCC2CCCCC21,3.8965400000000034,C#Cc1cc(C)ccc1NCC(=O)N1CCCC2CCCCC21,True,3.5694200000000027,-0.32712000000000074,0.5740740740740741,False,True
3.0,bin,6,-0.2550499439239502,-0.30299997329711914,-0.20709991455078125,1895921,CCC(CC)N(C)C(=O)CC1OC(=O)c2ccccc21,2.935200000000002,CCN(CCC#N)C(=O)CC1OC(=O)c2ccccc21,True,2.0503799999999996,-0.8848200000000022,0.5576923076923077,False,True
3.0,bin,6,-0.2550499439239502,-0.30299997329711914,-0.20709991455078125,1907077,Cc1ccc2[nH]nc(C(=O)Nc3nc(-c4ccco4)cs3)c2c1,3.8401200000000015,N#Cc1ccc2[nH]nc(C(=O)Nc3nc(-c4ccco4)cs3)c2c1,True,3.403380000000001,-0.43674000000000035,0.75,False,True
3.0,bin,6,-0.2550499439239502,-0.30299997329711914,-0.20709991455078125,1913063,Cc1nn(C)c(C)c1CN(C(=O)c1cn2cccc(C)c2n1)C1CC1,2.797860000000001,Cc1cccn2cc(C(=O)N(Cc3cnn(C)c3C)C3CC3)nc12,True,2.48944,-0.3084200000000008,0.7049180327868853,False,True
3.0,bin,6,-0.2550499439239502,-0.30299997329711914,-0.20709991455078125,1922265,CN(CCNC(=O)c1ccc2c(c1)ncn2C)c1ccccc1,2.4395000000000007,O=C(NCCNc1ccccc1)c1ccc2[nH]cnc2c1,True,2.4048,-0.03470000000000084,0.4032258064516129,False,True
3.0,bin,7,-0.1658499836921692,-0.20709991455078125,-0.12460005283355713,32052,COc1ccccc1CNC(=O)Cc1c[nH]c2ccccc12,3.035400000000001,N#Cc1cccc(CNC(=O)Cc2c[nH]c3ccccc23)c1,True,2.898480000000001,-0.13691999999999993,0.5370370370370371,False,True
3.0,bin,7,-0.1658499836921692,-0.20709991455078125,-0.12460005283355713,116747,COCCSc1ccccc1C(=O)Nc1cccc(C)n1,3.3808200000000017,Cc1cccc(NC(=O)c2ccc(OC(F)F)cc2)n1,True,3.2437200000000015,-0.13710000000000022,0.42857142857142855,False,False
3.0,bin,7,-0.1658499836921692,-0.20709991455078125,-0.12460005283355713,131060,CS(=O)(=O)NCCc1csc(-c2ccc(F)cc2)n1,2.0408999999999997,CS(=O)(=O)NCCc1csc(-c2ccc(F)cc2)n1,True,2.0408999999999997,0.0,1.0,True,False
3.0,bin,7,-0.1658499836921692,-0.20709991455078125,-0.12460005283355713,131949,CCc1c(C)nc(SCC(=O)NC(C)C)[nH]c1=O,1.25742,C#CCOC(=O)CSc1nc(C)c(C(C)C)c(=O)[nH]1,True,1.4702199999999999,0.21279999999999988,0.41379310344827586,False,True
3.0,bin,7,-0.1658499836921692,-0.20709991455078125,-0.12460005283355713,158879,COc1ccc(CC(=O)OCC(=O)c2c[nH]c3ccccc23)cc1,3.145100000000001,N#Cc1ccc(CC(=O)OCC(=O)c2c[nH]c3ccccc23)cc1,True,3.008180000000001,-0.13691999999999993,0.7058823529411765,False,True
3.0,bin,7,-0.1658499836921692,-0.20709991455078125,-0.12460005283355713,232056,COCCNC(=O)c1cc(=O)c2cc(C)ccc2o1,1.4776199999999993,COCCNC(=O)CN(C)C(=O)c1cc(=O)c2cc(C)ccc2o1,True,0.936020000000001,-0.5415999999999983,0.7254901960784313,False,True
3.0,bin,7,-0.1658499836921692,-0.20709991455078125,-0.12460005283355713,235788,O=C(Cn1nc(-c2ccco2)oc1=O)NCC(F)(F)F,0.7747999999999999,CC(C)NC(=O)COC(=O)Cn1nc(-c2ccco2)oc1=O,True,0.16409999999999947,-0.6107000000000005,0.55,False,True
3.0,bin,7,-0.1658499836921692,-0.20709991455078125,-0.12460005283355713,236081,CC(=O)c1c(C)[nH]c(C(=O)CSc2nc(C(C)C)n[nH]2)c1C,3.0506400000000014,CC(=O)c1c(C)[nH]c(C(=O)CSc2nc(C(C)C)n[nH]2)c1C,True,3.0506400000000014,0.0,1.0,True,False
3.0,bin,7,-0.1658499836921692,-0.20709991455078125,-0.12460005283355713,281081,O=C(Cn1cccn1)NCc1cccnc1Oc1ccc(F)cc1F,2.665000000000001,O=C(Cn1cccn1)NCc1cccnc1Oc1ccccc1F,True,2.5259,-0.1391000000000009,0.8363636363636363,False,True
3.0,bin,7,-0.1658499836921692,-0.20709991455078125,-0.12460005283355713,284170,COc1ccc(-c2nc(CC(=O)Nc3cccc(C)n3)cs2)cc1,3.7033200000000024,COCc1cccc(-c2nc(CC(=O)Nc3ccccn3)cs2)c1,True,3.532700000000002,-0.17062000000000044,0.5555555555555556,False,True
3.0,bin,7,-0.1658499836921692,-0.20709991455078125,-0.12460005283355713,288369,Cc1ccc(NCc2nnc3n2CCCCC3)cc1C,3.2334400000000016,Fc1ccc(F)c(NCc2nnc3n2CCCCC3)c1,True,2.894800000000001,-0.3386400000000007,0.5576923076923077,False,True
3.0,bin,7,-0.1658499836921692,-0.20709991455078125,-0.12460005283355713,302889,COc1ccc(OC)c(NC(=O)CCNC(=O)c2cccs2)c1,2.5239000000000003,N#CCOc1ccc(NC(=O)CCNC(=O)c2cccs2)cc1,True,2.4090800000000003,-0.11481999999999992,0.5333333333333333,False,True
3.0,bin,7,-0.1658499836921692,-0.20709991455078125,-0.12460005283355713,327141,COc1ccc(OC)c(S(=O)(=O)Nc2ccn(C)n2)c1,1.2381,COC(=O)c1ccccc1S(=O)(=O)Nc1ccn(C)n1,True,1.0074999999999998,-0.23060000000000014,0.5294117647058824,False,False
3.0,bin,7,-0.1658499836921692,-0.20709991455078125,-0.12460005283355713,327382,CNC(=O)C1CN(C(=O)c2c(C)noc2C)c2ccccc2O1,1.4452399999999996,CNC(=O)C1CN(C(=O)c2cnoc2C)c2ccccc2O1,True,1.1368199999999993,-0.30842000000000036,0.6727272727272727,False,True
3.0,bin,7,-0.1658499836921692,-0.20709991455078125,-0.12460005283355713,406491,COCCNC(=O)C1CCCN(S(=O)(=O)N2CCOCC2)C1,-0.9619999999999964,NC(=O)C1CCCN(S(=O)(=O)N2CCOCC2)C1,True,-1.239299999999998,-0.27730000000000166,0.5714285714285714,False,True
3.0,bin,7,-0.1658499836921692,-0.20709991455078125,-0.12460005283355713,413951,O=C(Cn1ncn2cccc2c1=O)N1CCCCCC1,0.8985999999999996,N#CCCCCNC(=O)Cn1ncn2cccc2c1=O,True,0.3060799999999995,-0.5925200000000002,0.49122807017543857,False,True
3.0,bin,7,-0.1658499836921692,-0.20709991455078125,-0.12460005283355713,427929,CCNc1nc(NCc2ccccc2Cl)c2cnn(C)c2n1,3.060600000000001,CC(C)Nc1nc(NCc2ccccc2)c2cnn(C)c2n1,True,2.795700000000001,-0.2648999999999999,0.5357142857142857,False,True
3.0,bin,7,-0.1658499836921692,-0.20709991455078125,-0.12460005283355713,447130,CCC(NC(=O)C1CCN(C(=O)C2CC2)CC1)c1ccc(C)cc1,3.2109200000000016,CC(C)C(NC(=O)C1CCN(C(=O)C2CC2)CC1)c1ccccc1,True,3.148500000000002,-0.062419999999999476,0.5384615384615384,False,True
3.0,bin,7,-0.1658499836921692,-0.20709991455078125,-0.12460005283355713,481908,CCNS(=O)(=O)c1ccc(C)c(C(=O)Nc2ncccc2C)c1,2.24894,CCNS(=O)(=O)c1ccc(C(=O)Nc2ccc(C)cn2)cc1,True,1.9405199999999998,-0.30842000000000036,0.423728813559322,False,False
3.0,bin,7,-0.1658499836921692,-0.20709991455078125,-0.12460005283355713,485220,Cc1nn(CC(=O)N2CCN(C)CC2)c(C)c1Br,1.03644,Cc1cc(Br)c(CC(=O)N2CCNCC2)n1C,True,1.0703199999999995,0.033879999999999466,0.2962962962962963,False,True
3.0,bin,7,-0.1658499836921692,-0.20709991455078125,-0.12460005283355713,526363,Cc1nnc(SCC(=O)Nc2ccc(O)cc2)n(N)c1=O,0.09692,Nn1c(SCC(=O)Nc2ccccc2)nncc1=O,True,0.08289999999999975,-0.014020000000000254,0.5185185185185185,False,False
3.0,bin,7,-0.1658499836921692,-0.20709991455078125,-0.12460005283355713,536853,COc1ccc(C2CCCN2C(=O)C2CCC2)c(OC)c1,3.1674000000000015,COC(=O)COc1ccc(C)cc1C1CCCN1C(=O)C1CCC1,True,3.0104200000000017,-0.1569799999999999,0.5344827586206896,False,True
3.0,bin,7,-0.1658499836921692,-0.20709991455078125,-0.12460005283355713,540312,Cc1nn(C)c2nc(C3CC3)cc(C(=O)NCC(=O)NC(C)(C)C)c12,1.7986199999999997,CCN(CCO)C(=O)c1cc(C2CC2)nc2c1c(C)nn2C,True,1.6085199999999997,-0.19009999999999994,0.53125,False,False
3.0,bin,7,-0.1658499836921692,-0.20709991455078125,-0.12460005283355713,544381,Cc1nc(N2CCCC(C(=O)NC(C)C)C2)c2c(C)c(C)oc2n1,2.8890600000000006,C=NC1(C)NCCCC(C(=O)NCC(F)(F)F)[SH]=C(C)C(=N)ON1,True,0.94747,-1.9415900000000006,0.16091954022988506,False,True
3.0,bin,7,-0.1658499836921692,-0.20709991455078125,-0.12460005283355713,544382,CCCNC(=O)C1CCCN(c2nc(C)nc3oc(C)c(C)c23)C1,2.8906600000000013,CCC(=O)NCCCC=Nc1ncnc2oc(C)c(C)c12,True,2.848340000000001,-0.042320000000000135,0.2894736842105263,False,True
3.0,bin,7,-0.1658499836921692,-0.20709991455078125,-0.12460005283355713,550049,Cc1ccc(C)c(OCC(=O)Nc2cccc(-n3cnnc3)c2)c1,2.9016400000000013,Cc1nncn1-c1cccc(NC(=O)COc2ccccc2F)c1,True,2.7323200000000005,-0.1693200000000008,0.5238095238095238,False,False
3.0,bin,7,-0.1658499836921692,-0.20709991455078125,-0.12460005283355713,573533,Cc1nn(-c2ncc(C(F)(F)F)cc2Cl)c(=O)o1,2.2011199999999995,CCOc1cc(Cl)cnc1N1N=C(C)OC(=O)O1,True,2.3552999999999997,0.1541800000000002,0.25396825396825395,False,True
3.0,bin,7,-0.1658499836921692,-0.20709991455078125,-0.12460005283355713,582555,O=C(NCC(O)c1ccccc1)c1ccc2c(=O)n3c(nc2c1)CCC3,1.8061000000000003,CC=CC=CC1(CNC(=O)c2ccc3c(=O)[nH]c(CCC)nc3c2)NC(=O)N1,True,1.7468,-0.05930000000000035,0.2823529411764706,False,True
3.0,bin,7,-0.1658499836921692,-0.20709991455078125,-0.12460005283355713,588547,Cc1n[nH]c(C)c1NC(=O)CCc1ccc(Cl)cc1Cl,3.9046400000000023,Cc1n[nH]c(C)c1NC(=O)CC(c1ccccc1)C(C)(C)C,True,4.185040000000003,0.2804000000000011,0.43103448275862066,False,True
3.0,bin,7,-0.1658499836921692,-0.20709991455078125,-0.12460005283355713,607673,CCCN(CC1CC1)S(=O)(=O)c1ccccc1F,2.636400000000001,CCN(CC1CC1)S(=O)(=O)c1cc(C)ccc1OC,True,2.424220000000001,-0.21218000000000004,0.41509433962264153,False,True
3.0,bin,7,-0.1658499836921692,-0.20709991455078125,-0.12460005283355713,617681,Cc1cc(C(=O)Nc2nc(-c3ccncc3)cs2)nn1C(C)C,3.5432200000000016,CC(C)Cn1nc(C(=O)Nc2nc(-c3ccncc3)cs2)cc1N,True,2.8921,-0.6511200000000015,0.6271186440677966,False,True
3.0,bin,7,-0.1658499836921692,-0.20709991455078125,-0.12460005283355713,650267,COc1ccc2oc(C(=O)NC3CCCCNC3=O)c(C)c2c1,2.14832,COCc1c(C(=O)NC2CCCCNC2)oc2ccccc12,True,2.4511000000000003,0.30278000000000027,0.3835616438356164,False,True
3.0,bin,7,-0.1658499836921692,-0.20709991455078125,-0.12460005283355713,668639,Cc1cc(NC(=O)c2ccccc2Cl)ncc1N,2.8779200000000005,COc1cc(C)ccc1C(=O)Nc1cc(C)c(N)cn1,True,2.5415400000000004,-0.3363800000000001,0.58,False,True
3.0,bin,7,-0.1658499836921692,-0.20709991455078125,-0.12460005283355713,673160,CCC(=O)Nc1ccc2oc(C(F)(F)F)cc(=O)c2c1,3.160300000000001,CC(=O)Nc1ccc2c(=O)cc(C(F)(F)F)oc2c1,True,2.7702,-0.3901000000000012,0.6041666666666666,False,True
3.0,bin,7,-0.1658499836921692,-0.20709991455078125,-0.12460005283355713,711169,Cc1cccc(C(C)C)c1NC(=O)N(C)Cc1ccncc1,4.177320000000003,CC(c1ccncc1)N(Cc1ccncc1)C(=O)OC(C)(C)C,True,3.9749000000000034,-0.20241999999999916,0.3389830508474576,False,True
3.0,bin,7,-0.1658499836921692,-0.20709991455078125,-0.12460005283355713,720969,Cc1noc(C)c1CCC(=O)OCC(=O)N1c2ccccc2CC1C,2.7450400000000013,Cc1noc(C)c1CCC(=O)OCC(=O)N1c2ccccc2CC1C,True,2.7450400000000013,0.0,1.0,True,False
3.0,bin,7,-0.1658499836921692,-0.20709991455078125,-0.12460005283355713,730789,COC(=O)C1CCN(C(=O)c2cc3ccc(F)cc3nc2C)CC1,2.7075200000000006,COC(=O)C1CCN(C(=O)c2cc3ccccc3nc2C)CC1,True,2.5684200000000006,-0.1391,0.7450980392156863,False,True
3.0,bin,7,-0.1658499836921692,-0.20709991455078125,-0.12460005283355713,738178,Cc1ccc(-n2ccnc2SCc2nc(C3CC3)no2)cc1C,4.041840000000003,Cc1ccc(F)cc1-n1ccnc1SCc1nc(C2CC2)no1,True,3.8725200000000024,-0.1693200000000008,0.7192982456140351,False,True
3.0,bin,7,-0.1658499836921692,-0.20709991455078125,-0.12460005283355713,771897,COc1ccccc1OCC(=O)N(C)Cc1sccc1C,3.102520000000002,COc1ccccc1OCC(=O)N(C)Cc1cccs1,True,2.794100000000001,-0.3084200000000008,0.6666666666666666,False,False
3.0,bin,7,-0.1658499836921692,-0.20709991455078125,-0.12460005283355713,811446,COC(=O)C1(NC(=O)c2cc(Br)c[nH]2)CCCCCC1,2.7730000000000006,COC(=O)C1CCC(OC)CCN1C(=O)c1cc(Cl)c[nH]1,True,1.8507999999999998,-0.9222000000000008,0.24615384615384617,False,True
3.0,bin,7,-0.1658499836921692,-0.20709991455078125,-0.12460005283355713,848291,CCC(C)NC(=O)NCc1noc(-c2cccs2)n1,2.3958000000000004,CC(C)CC(=O)NCc1noc(-c2cccs2)n1,True,2.460400000000001,0.06460000000000043,0.6792452830188679,False,True
3.0,bin,7,-0.1658499836921692,-0.20709991455078125,-0.12460005283355713,863440,COc1ccc(-c2nc(CCCO)cs2)cc1OC,2.752200000000001,CCS(=O)(=O)c1ccc(-c2nc(CCO)cs2)cc1,True,2.1385000000000005,-0.6137000000000006,0.45098039215686275,False,True
3.0,bin,7,-0.1658499836921692,-0.20709991455078125,-0.12460005283355713,864663,N#Cc1ccc(-c2cc(F)ccc2F)nc1N1CCCC1,3.498680000000002,N#Cc1cc(-c2cccc(F)c2)nc(N2CCCC2)c1,True,3.359580000000001,-0.1391000000000009,0.39285714285714285,False,True
3.0,bin,7,-0.1658499836921692,-0.20709991455078125,-0.12460005283355713,872100,CCc1cccc(C)c1NCC(O)c1ccc2c(c1)OCCO2,3.474120000000002,CCc1cccc(C)c1NCC(O)c1ccc2c(c1)OCCO2,True,3.474120000000002,0.0,1.0,True,False
3.0,bin,7,-0.1658499836921692,-0.20709991455078125,-0.12460005283355713,886334,COc1ccc(C(=O)N2CCCC(C(=O)N3CCCCC3)C2)c(O)c1,2.2655000000000003,Nc1cccc(C(=O)N2CCCC(C(=O)N3CCCCC3)C2)c1,True,2.1334999999999997,-0.13200000000000056,0.4909090909090909,False,True
3.0,bin,7,-0.1658499836921692,-0.20709991455078125,-0.12460005283355713,887387,COCCNC(=O)N(Cc1cccc(F)c1)CC1CCCO1,2.1627,O=C(NCCO)N(Cc1ccc(Cl)cc1)CC1CCCO1,True,2.0229,-0.13980000000000015,0.5396825396825397,False,True
3.0,bin,7,-0.1658499836921692,-0.20709991455078125,-0.12460005283355713,889149,N#Cc1ccc(NC(=O)c2ccc(Br)cc2Cl)nc1,3.621480000000001,N#Cc1ccc(NC(=O)c2ccc(F)c(C(F)(F)F)c2)nc1,True,3.363480000000001,-0.258,0.47368421052631576,False,True
3.0,bin,7,-0.1658499836921692,-0.20709991455078125,-0.12460005283355713,913483,O=C(CNC(=O)NCCc1c(Cl)cccc1Cl)NC1CC1,2.1137000000000006,CC(C)(C)c1cccc(CCNC(=O)NCC(=O)NC2CC2)c1,True,2.104399999999999,-0.009300000000001418,0.5769230769230769,False,True
3.0,bin,7,-0.1658499836921692,-0.20709991455078125,-0.12460005283355713,917620,C=CCN(Cc1ccccc1OC)C(=O)c1csc(C)n1,3.288520000000002,C=CCN(Cc1cccc(OC)c1)C(=O)c1cscn1,True,2.980100000000001,-0.3084200000000008,0.4461538461538462,False,True
3.0,bin,7,-0.1658499836921692,-0.20709991455078125,-0.12460005283355713,918312,CCOc1ccc(Cl)c(C(=O)N2CCN(c3ncccn3)CC2)n1,1.8860999999999997,CCN(CCC(=O)c1ccc(C(F)(F)F)cn1)c1ncccn1,True,2.989700000000001,1.1036000000000012,0.19718309859154928,False,True
3.0,bin,7,-0.1658499836921692,-0.20709991455078125,-0.12460005283355713,922879,CC(=O)c1ccc(N2CCN(Cc3c(F)cccc3F)CC2)cc1,3.489600000000003,CC(=O)Nc1ccc(N2CCN(Cc3c(F)cccc3F)CC2)cc1,True,3.245400000000002,-0.24420000000000108,0.7111111111111111,False,True
3.0,bin,7,-0.1658499836921692,-0.20709991455078125,-0.12460005283355713,927535,COc1cc(CN2CCN(c3ccccc3F)CC2)ccc1O,2.862100000000002,CS(=O)c1ccc(CN2CCN(c3ccccc3)CC2)cc1,True,2.746200000000001,-0.11590000000000122,0.3333333333333333,False,True
3.0,bin,7,-0.1658499836921692,-0.20709991455078125,-0.12460005283355713,927567,Cc1ccccc1N1CCN(Cc2cccc(O)c2)CC1,3.022820000000001,COc1cccc(CN2CCN(c3ccccc3)CC2)c1O,True,2.723000000000001,-0.29982,0.35185185185185186,False,True
3.0,bin,7,-0.1658499836921692,-0.20709991455078125,-0.12460005283355713,938108,CC(c1ccccc1)N(C)C(=O)CCC(=O)Nc1nccs1,3.0814000000000012,Cc1ccc(CN(C)C(=O)CCC(=O)Nc2nccs2)cc1F,True,2.9679200000000012,-0.11348000000000003,0.5081967213114754,False,True
3.0,bin,7,-0.1658499836921692,-0.20709991455078125,-0.12460005283355713,943303,CN(CCCOc1ccccc1)C(=O)Nc1cccc2c1OCCO2,3.390600000000002,O=C(NCC(O)c1ccccc1)Nc1cc(Cl)cc2c1OCCO2,True,2.9663000000000004,-0.42430000000000145,0.32857142857142857,False,True
3.0,bin,7,-0.1658499836921692,-0.20709991455078125,-0.12460005283355713,946289,CC(NC(=O)C1(c2cc(-c3ccco3)on2)CC1)c1ccccc1,3.843600000000002,CC(C(=O)NCC1=CC=CCC(F)=C1)c1cc(-c2ccco2)on1,True,3.894000000000003,0.050400000000000666,0.36,False,True
3.0,bin,7,-0.1658499836921692,-0.20709991455078125,-0.12460005283355713,994077,Cc1nnc(Cn2c(-c3cccc(Br)c3)noc2=O)o1,2.0055199999999997,CSc1nnc(Cn2c(-c3ccccc3)noc2=O)o1,True,1.6564999999999996,-0.3490200000000001,0.5555555555555556,False,True
3.0,bin,7,-0.1658499836921692,-0.20709991455078125,-0.12460005283355713,1065620,O=C(NCc1cccnc1Oc1ccccc1)c1cccnc1,3.198900000000002,N#Cc1ncccc1C(=O)NCc1cccnc1Oc1ccccc1,True,3.0705800000000014,-0.12832000000000043,0.6111111111111112,False,True
3.0,bin,7,-0.1658499836921692,-0.20709991455078125,-0.12460005283355713,1093926,CN(C(=O)CNc1cccc(OCC2CCCO2)c1)c1ccccc1,3.319300000000002,N#CC1=CC=CC2=C(C1)C(C=CCOCC1CCCO1)=CNC(=O)CN2,True,2.00548,-1.313820000000002,0.20212765957446807,False,True
3.0,bin,7,-0.1658499836921692,-0.20709991455078125,-0.12460005283355713,1107920,CCc1ccc(-n2cc(C(=O)NC(C)c3ccccc3)nn2)cc1,3.320700000000002,CSc1ccc(-n2cc(C(=O)NCc3ccccc3F)nn2)cc1,True,3.058300000000002,-0.2624000000000004,0.421875,False,True
3.0,bin,7,-0.1658499836921692,-0.20709991455078125,-0.12460005283355713,1113130,CC(NC(=O)Cn1nnnc1C(C)(C)C)c1cccc2ccccc12,3.0012000000000016,Cc1cc(C(C)NC(=O)Cn2nnnc2C(C)C)c2ccccc2c1,True,3.1355200000000014,0.13431999999999977,0.5833333333333334,False,True
3.0,bin,7,-0.1658499836921692,-0.20709991455078125,-0.12460005283355713,1121751,COC(=O)Cn1ccc(NS(=O)(=O)c2ccc(F)c(F)c2F)n1,1.2742,COC(=O)Cn1ccc(NS(=O)(=O)c2cccc(OC)c2)n1,True,0.8654999999999999,-0.40870000000000006,0.5614035087719298,False,True
3.0,bin,7,-0.1658499836921692,-0.20709991455078125,-0.12460005283355713,1142531,CCOC(C)C(=O)NCCc1csc(-c2ccc(C)cc2)n1,3.2022200000000014,COCCCNC(=O)Cc1csc(-c2ccc(F)c(C)c2)n1,True,2.952820000000001,-0.2494000000000005,0.39705882352941174,False,True
3.0,bin,7,-0.1658499836921692,-0.20709991455078125,-0.12460005283355713,1212157,CN(Cc1ccc(F)c(F)c1)C(=O)c1cncc(-c2cnn(C)c2)c1,3.0325000000000015,CN(Cc1cccc(F)c1)C(=O)c1cncc(-c2cnn(C)c2)c1,True,2.8934000000000006,-0.1391000000000009,0.7636363636363637,False,True
3.0,bin,7,-0.1658499836921692,-0.20709991455078125,-0.12460005283355713,1215394,CCn1nc(C)cc1C(=O)Oc1cccc(NC(=O)C(C)C)c1,3.025120000000001,CCN(CC)C1=NCC(=COC(=O)c2cc(C)nn2CC)C=C1,True,2.562220000000001,-0.4629000000000003,0.36231884057971014,False,True
3.0,bin,7,-0.1658499836921692,-0.20709991455078125,-0.12460005283355713,1232922,CC(C)(C)OC(=O)NC1CCCN(S(=O)(=O)N2CCOCC2)C1,0.5525000000000011,C=C(C)COC(=O)C1CCN(S(=O)(=O)N2CCOCC2)CC1,True,0.39470000000000116,-0.15779999999999994,0.3793103448275862,False,True
3.0,bin,7,-0.1658499836921692,-0.20709991455078125,-0.12460005283355713,1238973,FC(F)(F)c1cnc(N2CCn3c(nnc3C3CC3)C2)c(Cl)c1,3.2429000000000023,Clc1cnc(N2CCn3c(nnc3C3CC3)C2)c(Cl)c1,True,2.8775000000000013,-0.36540000000000106,0.7346938775510204,False,True
3.0,bin,7,-0.1658499836921692,-0.20709991455078125,-0.12460005283355713,1299495,Cc1cc(CC(=O)N2CCCC2C(C#N)c2ccccc2)no1,2.823900000000001,COc1ccc(C(C#N)C2CCCN2C(=O)Cc2ccon2)cc1,True,2.5240800000000005,-0.2998200000000004,0.5909090909090909,False,True
3.0,bin,7,-0.1658499836921692,-0.20709991455078125,-0.12460005283355713,1309906,CC(C)CC(NC(=O)c1cc(=O)c2ccccc2o1)C(=O)OC(C)C,2.8891000000000018,CCC(CC)C(CO)NC(=O)c1cc(=O)c2cc(C)ccc2o1,True,2.6283200000000013,-0.26078000000000046,0.4126984126984127,False,True
3.0,bin,7,-0.1658499836921692,-0.20709991455078125,-0.12460005283355713,1362816,COCc1cccc(C(=O)NC2CC2c2cccc(Cl)c2)c1,3.772300000000002,CCc1ccccc1C1CC1NC(=O)c1cccc(N(C)C)c1,True,3.600900000000002,-0.17140000000000022,0.40625,False,True
3.0,bin,7,-0.1658499836921692,-0.20709991455078125,-0.12460005283355713,1441838,COCC(=O)NC(C(=O)Nc1cccc(-c2nccs2)c1)C(C)C,2.5358,COC(=O)NC(C)C(=O)NCc1cccc(-c2nccs2)c1,True,2.1708,-0.3650000000000002,0.5230769230769231,False,True
3.0,bin,7,-0.1658499836921692,-0.20709991455078125,-0.12460005283355713,1450449,CCCNC(=O)CSc1nc2c(cc1C#N)CCCC2,2.450380000000001,COCCCNC(=O)CSc1nc2c(cc1C#N)CCCC2,True,2.07688,-0.37350000000000083,0.7636363636363637,False,False
3.0,bin,7,-0.1658499836921692,-0.20709991455078125,-0.12460005283355713,1451910,O=S(=O)(NCc1nnc2ccccn12)c1ccc(F)c(F)c1,1.4859999999999995,O=S(=O)(NCc1nnc2ccccn12)c1ccc(F)cc1,True,1.3468999999999998,-0.13909999999999978,0.7608695652173914,False,False
3.0,bin,7,-0.1658499836921692,-0.20709991455078125,-0.12460005283355713,1479798,Cc1nc(C)c(CCC(=O)N(CC(C)C)CC(F)(F)F)c(=O)[nH]1,2.3662400000000003,C=C(C)CN(CC)C(=O)CCc1c(C)nc(C(C)C)[nH]c1=O,True,2.5589199999999996,0.1926799999999993,0.4666666666666667,False,True
3.0,bin,7,-0.1658499836921692,-0.20709991455078125,-0.12460005283355713,1507926,COC(=O)C(C)NC(=O)Cc1csc(-c2ccccc2Cl)n1,2.6837,C=CNC(=O)CC(C=C)N=Cc1nc(C(C)=O)cs1,True,1.9690000000000003,-0.7146999999999997,0.2054794520547945,False,True
3.0,bin,7,-0.1658499836921692,-0.20709991455078125,-0.12460005283355713,1527882,Nc1ncccc1C(=O)Nc1ccc2cn[nH]c2c1,1.7923999999999998,CS(=O)(=O)c1ncccc1C(=O)Nc1ccc2cn[nH]c2c1,True,1.6137000000000001,-0.17869999999999964,0.6923076923076923,False,True
3.0,bin,7,-0.1658499836921692,-0.20709991455078125,-0.12460005283355713,1532848,COc1ccc(-c2ccc3c(=O)[nH]cnc3c2)cc1Cl,3.2521000000000013,O=CNC=Nc1cccc(-c2ccc(Br)cc2)c1,True,3.5219000000000023,0.26980000000000093,0.14516129032258066,False,True
3.0,bin,7,-0.1658499836921692,-0.20709991455078125,-0.12460005283355713,1548351,COc1cc(OC)c2c(c1)C(c1cnccn1)NCC2,1.7288999999999999,N#Cc1cc(F)c2c(c1)C(c1cnccn1)NCC2,True,1.7224799999999996,-0.006420000000000314,0.5283018867924528,False,True
3.0,bin,7,-0.1658499836921692,-0.20709991455078125,-0.12460005283355713,1570134,COc1cccc(C(C)N2CCN(C(=O)c3ccc(O)cc3)CC2)c1,2.9198000000000013,COc1cc(CN2CCN(C(=O)c3ccccc3)CC2)cc(OC)c1,True,2.6618000000000013,-0.258,0.42105263157894735,False,True
3.0,bin,7,-0.1658499836921692,-0.20709991455078125,-0.12460005283355713,1611406,CC(C)(C)N1CC(NC(=O)C2COc3ccc(F)cc3C2)CC1=O,1.8923999999999994,CC(C)CN1CC(NC(=O)C2COc3ccccc3C2)CC1=O,True,1.6107999999999993,-0.2816000000000001,0.5,False,True
3.0,bin,7,-0.1658499836921692,-0.20709991455078125,-0.12460005283355713,1612684,CCCC1CN(C(=O)Nc2ccn(CCC(C)C)n2)CCO1,2.9620000000000015,CCCCC1CN(C(=O)Nc2ccn(CCC(C)C)n2)CCO1,True,3.352100000000002,0.39010000000000034,0.8909090909090909,False,True
3.0,bin,7,-0.1658499836921692,-0.20709991455078125,-0.12460005283355713,1639675,CCC(CC)c1nnc(NC(=O)c2scnc2C2CC2)s1,4.0279000000000025,CC(C)CCc1nnc(NC(=O)c2scnc2C2CC2)s1,True,3.712900000000003,-0.3149999999999995,0.6666666666666666,False,True
3.0,bin,7,-0.1658499836921692,-0.20709991455078125,-0.12460005283355713,1675660,COc1ccnc(NC(=O)c2cccc(Cl)c2)c1,2.9959000000000007,COCCOc1ccc(C(=O)Nc2cc(Cl)ccn2)cc1,True,3.012500000000001,0.016600000000000392,0.5490196078431373,False,True
3.0,bin,7,-0.1658499836921692,-0.20709991455078125,-0.12460005283355713,1689728,CCc1noc(CSc2ncnc3sc(C)cc23)n1,3.237420000000002,Cc1noc(CSc2ncnc3sc(C)cc23)n1,True,2.9834400000000016,-0.2539800000000003,0.7659574468085106,False,False
3.0,bin,7,-0.1658499836921692,-0.20709991455078125,-0.12460005283355713,1720876,CC(C)(C)CC(=O)NCC(=O)Nc1ccc2c(c1)COC2,2.2077,CCN(CC)C(=O)NCCC(=O)Nc1ccc2c(c1)COC2,True,2.0968,-0.1109,0.5283018867924528,False,True
3.0,bin,7,-0.1658499836921692,-0.20709991455078125,-0.12460005283355713,1757109,CC(C)Cc1ncc(CNc2ccc3c(c2)COC3)s1,3.983900000000003,ClCc1ncc(CNc2ccc3c(c2)COC3)s1,True,3.524200000000002,-0.45970000000000066,0.723404255319149,False,True
3.0,bin,7,-0.1658499836921692,-0.20709991455078125,-0.12460005283355713,1774061,O=C1NCCCc2[nH]c(-c3cccc4[nH]ccc34)nc21,2.234,N#CCN=C(CCCCNC=O)c1cccc2[nH]ccc12,True,2.3968800000000003,0.16288000000000036,0.21621621621621623,False,True
3.0,bin,7,-0.1658499836921692,-0.20709991455078125,-0.12460005283355713,1800687,Cc1nn(C)c(-c2nc(-c3cccnn3)no2)c1Cl,1.8889199999999997,Cn1ncc(Cl)c1-c1nc(-c2cccnn2)no1,True,1.5804999999999993,-0.30842000000000036,0.6530612244897959,False,True
3.0,bin,7,-0.1658499836921692,-0.20709991455078125,-0.12460005283355713,1815867,FC(F)(F)c1ccc(CN2CCOCC2c2ncon2)cc1,2.661900000000001,Fc1cc(Cl)ccc1CN1CCOCC1c1ncon1,True,2.4356,-0.22630000000000106,0.5964912280701754,False,True
3.0,bin,7,-0.1658499836921692,-0.20709991455078125,-0.12460005283355713,1828580,Cc1ccc(N2CC3OCC(=O)N(Cc4cccc(F)c4)C3C2)nn1,1.54032,O=CC1OCCN(c2ccc(C3N=NC=CN3)nn2)C1c1ccccc1,True,2.1471999999999998,0.6068799999999999,0.1797752808988764,False,True
3.0,bin,7,-0.1658499836921692,-0.20709991455078125,-0.12460005283355713,1836183,CCc1ccc(C(=O)NCc2nccc(N(C)C)n2)cc1,2.035,Cc1ccccc1C(=O)NCc1nccc(N(C)C)n1,True,1.78102,-0.2539800000000001,0.6,False,True
3.0,bin,7,-0.1658499836921692,-0.20709991455078125,-0.12460005283355713,1842499,COc1ccccc1COc1ccccc1-c1cnn(CCO)c1,3.1300000000000017,NC(=O)CCn1cc(-c2ccccc2OCc2ccccc2)cn1,True,3.004500000000001,-0.1255000000000006,0.5178571428571429,False,True
3.0,bin,7,-0.1658499836921692,-0.20709991455078125,-0.12460005283355713,1865564,COC(CNC(=O)c1ccoc1)c1cccc(F)c1,2.536200000000001,COc1ccc(CCNC(=O)c2ccoc2C)cc1,True,2.5691200000000007,0.03291999999999984,0.22388059701492538,False,False
3.0,bin,7,-0.1658499836921692,-0.20709991455078125,-0.12460005283355713,1868773,CCCOc1ccc(Cl)c2c1CCNC2C1CC(=O)C1,3.2947000000000015,CCCCOc1c(OCCC)cc2cc1C(CC)CC2=O,True,4.734300000000005,1.439600000000003,0.30158730158730157,False,True
3.0,bin,7,-0.1658499836921692,-0.20709991455078125,-0.12460005283355713,1873123,CCC1OC(=O)c2c(OC)ccc(Br)c21,3.079200000000002,CCC1OC(=O)c2c(OC)ccc(Br)c21,True,3.079200000000002,0.0,1.0,True,False
3.0,bin,7,-0.1658499836921692,-0.20709991455078125,-0.12460005283355713,1875028,Cc1cccc(C)c1NCC(=O)N1CCCC2CCCCC21,3.8965400000000034,O=C(CNc1ccc(F)cc1Cl)NCCC1CCCCC1,True,3.9776000000000034,0.08105999999999991,0.24242424242424243,False,True
3.0,bin,7,-0.1658499836921692,-0.20709991455078125,-0.12460005283355713,1895921,CCC(CC)N(C)C(=O)CC1OC(=O)c2ccccc21,2.935200000000002,CC(C)CCC(=O)NCC1OC(=O)c2ccccc21,True,2.450500000000001,-0.484700000000001,0.4528301886792453,False,True
3.0,bin,7,-0.1658499836921692,-0.20709991455078125,-0.12460005283355713,1907077,Cc1ccc2[nH]nc(C(=O)Nc3nc(-c4ccco4)cs3)c2c1,3.8401200000000015,O=C(Nc1nc(-c2ccco2)cs1)c1n[nH]c2ccc(F)cc12,True,3.6708000000000007,-0.1693200000000008,0.7894736842105263,False,True
3.0,bin,7,-0.1658499836921692,-0.20709991455078125,-0.12460005283355713,1913063,Cc1nn(C)c(C)c1CN(C(=O)c1cn2cccc(C)c2n1)C1CC1,2.797860000000001,CCN(C(=O)C=Cn1cnc(Cn2cccc(C)c2=N)c1)C1CC1,True,2.0023899999999997,-0.7954700000000012,0.30864197530864196,False,True
3.0,bin,7,-0.1658499836921692,-0.20709991455078125,-0.12460005283355713,1922265,CN(CCNC(=O)c1ccc2c(c1)ncn2C)c1ccccc1,2.4395000000000007,O=C(NCCNc1ccccc1)c1ccc2[nH]cnc2c1,True,2.4048,-0.03470000000000084,0.4032258064516129,False,True
3.0,bin,8,-0.0693100094795227,-0.12460005283355713,-0.014019966125488281,32052,COc1ccccc1CNC(=O)Cc1c[nH]c2ccccc12,3.035400000000001,COC(=O)C(NC(=O)Cc1c[nH]c2ccccc12)c1ccccc1F,True,2.880000000000001,-0.1554000000000002,0.5087719298245614,False,True
3.0,bin,8,-0.0693100094795227,-0.12460005283355713,-0.014019966125488281,116747,COCCSc1ccccc1C(=O)Nc1cccc(C)n1,3.3808200000000017,CCOc1ccccc1C(=O)Nc1cccc(C)n1,True,3.0410200000000014,-0.3398000000000003,0.5686274509803921,False,False
3.0,bin,8,-0.0693100094795227,-0.12460005283355713,-0.014019966125488281,131060,CS(=O)(=O)NCCc1csc(-c2ccc(F)cc2)n1,2.0408999999999997,NC(=O)NCCc1csc(-c2cccc(F)c2)n1,True,2.16,0.11910000000000043,0.45454545454545453,False,True
3.0,bin,8,-0.0693100094795227,-0.12460005283355713,-0.014019966125488281,131949,CCc1c(C)nc(SCC(=O)NC(C)C)[nH]c1=O,1.25742,C=CCNC(=O)CSc1nc(C)c(C)c(=O)[nH]1,True,0.78104,-0.47638,0.4716981132075472,False,False
3.0,bin,8,-0.0693100094795227,-0.12460005283355713,-0.014019966125488281,158879,COc1ccc(CC(=O)OCC(=O)c2c[nH]c3ccccc23)cc1,3.145100000000001,N#Cc1cccc(CC(=O)OCC(=O)c2c[nH]c3ccccc23)c1,True,3.008180000000001,-0.13691999999999993,0.6071428571428571,False,True
3.0,bin,8,-0.0693100094795227,-0.12460005283355713,-0.014019966125488281,232056,COCCNC(=O)c1cc(=O)c2cc(C)ccc2o1,1.4776199999999993,COCCN(C)C(=O)COC(=O)c1cc(=O)c2cc(OC)ccc2o1,True,1.0632000000000001,-0.4144199999999991,0.43548387096774194,False,True
3.0,bin,8,-0.0693100094795227,-0.12460005283355713,-0.014019966125488281,235788,O=C(Cn1nc(-c2ccco2)oc1=O)NCC(F)(F)F,0.7747999999999999,C=CCN(CC#N)C(=O)Cn1nc(-c2ccco2)oc1=O,True,0.63448,-0.1403199999999999,0.49206349206349204,False,True
3.0,bin,8,-0.0693100094795227,-0.12460005283355713,-0.014019966125488281,236081,CC(=O)c1c(C)[nH]c(C(=O)CSc2nc(C(C)C)n[nH]2)c1C,3.0506400000000014,CCC(C)c1n[nH]c(SCC(=O)c2[nH]c(C)c(C)c2C#N)n1,True,3.109820000000002,0.059180000000000454,0.5423728813559322,False,True
3.0,bin,8,-0.0693100094795227,-0.12460005283355713,-0.014019966125488281,281081,O=C(Cn1cccn1)NCc1cccnc1Oc1ccc(F)cc1F,2.665000000000001,COc1cccc(Oc2ncccc2CNC(=O)Cn2cccn2)c1C,True,2.7038200000000003,0.03881999999999941,0.6885245901639344,False,True
3.0,bin,8,-0.0693100094795227,-0.12460005283355713,-0.014019966125488281,284170,COc1ccc(-c2nc(CC(=O)Nc3cccc(C)n3)cs2)cc1,3.7033200000000024,O=C(Cc1csc(-c2ccc(F)cc2)n1)Nc1ccc(F)cn1,True,3.664500000000001,-0.03882000000000119,0.5084745762711864,False,True
3.0,bin,8,-0.0693100094795227,-0.12460005283355713,-0.014019966125488281,288369,Cc1ccc(NCc2nnc3n2CCCCC3)cc1C,3.2334400000000016,Fc1ccc(F)c(NCc2nnc3n2CCCCC3)c1,True,2.894800000000001,-0.3386400000000007,0.5576923076923077,False,True
3.0,bin,8,-0.0693100094795227,-0.12460005283355713,-0.014019966125488281,302889,COc1ccc(OC)c(NC(=O)CCNC(=O)c2cccs2)c1,2.5239000000000003,N#CCOc1cccc(NC(=O)CCNC(=O)c2cccs2)c1,True,2.4090800000000003,-0.11481999999999992,0.5079365079365079,False,True
3.0,bin,8,-0.0693100094795227,-0.12460005283355713,-0.014019966125488281,327141,COc1ccc(OC)c(S(=O)(=O)Nc2ccn(C)n2)c1,1.2381,COC(=O)c1cc(F)ccc1S(=O)(=O)Nc1ccn(C)n1,True,1.1466,-0.09149999999999991,0.5185185185185185,False,True
3.0,bin,8,-0.0693100094795227,-0.12460005283355713,-0.014019966125488281,327382,CNC(=O)C1CN(C(=O)c2c(C)noc2C)c2ccccc2O1,1.4452399999999996,Cc1noc(C)c1C(=O)N1CC(C(N)=O)Oc2cc(F)ccc21,True,1.3236399999999997,-0.12159999999999993,0.5932203389830508,False,True
3.0,bin,8,-0.0693100094795227,-0.12460005283355713,-0.014019966125488281,406491,COCCNC(=O)C1CCCN(S(=O)(=O)N2CCOCC2)C1,-0.9619999999999964,NC(=O)C1CCCN(S(=O)(=O)N2CCOCC2)C1,True,-1.239299999999998,-0.27730000000000166,0.5714285714285714,False,True
3.0,bin,8,-0.0693100094795227,-0.12460005283355713,-0.014019966125488281,413951,O=C(Cn1ncn2cccc2c1=O)N1CCCCCC1,0.8985999999999996,N#CCCCCNC(=O)Cn1ncn2cccc2c1=O,True,0.3060799999999995,-0.5925200000000002,0.49122807017543857,False,True
3.0,bin,8,-0.0693100094795227,-0.12460005283355713,-0.014019966125488281,427929,CCNc1nc(NCc2ccccc2Cl)c2cnn(C)c2n1,3.060600000000001,CCNc1nc(NCc2ccc(Cl)cc2)c2cnn(C)c2n1,True,3.060600000000001,0.0,0.6862745098039216,False,False
3.0,bin,8,-0.0693100094795227,-0.12460005283355713,-0.014019966125488281,447130,CCC(NC(=O)C1CCN(C(=O)C2CC2)CC1)c1ccc(C)cc1,3.2109200000000016,CC(NC(=O)CC1CCCN(C(=O)C2CC2C)C1)c1ccc(F)cc1,True,3.287600000000002,0.07668000000000053,0.28169014084507044,False,True
3.0,bin,8,-0.0693100094795227,-0.12460005283355713,-0.014019966125488281,481908,CCNS(=O)(=O)c1ccc(C)c(C(=O)Nc2ncccc2C)c1,2.24894,CC=C1C=CC(NC(=O)C2=CC=C(S(=O)(=O)N(C)CC)CC=C2)=N1,True,2.0263999999999998,-0.2225400000000004,0.189873417721519,False,True
3.0,bin,8,-0.0693100094795227,-0.12460005283355713,-0.014019966125488281,485220,Cc1nn(CC(=O)N2CCN(C)CC2)c(C)c1Br,1.03644,Cc1nn(CC(=O)N2CCN(CC(F)(F)F)CC2)c(C)c1N,True,0.7886399999999998,-0.24780000000000024,0.48,False,True
3.0,bin,8,-0.0693100094795227,-0.12460005283355713,-0.014019966125488281,526363,Cc1nnc(SCC(=O)Nc2ccc(O)cc2)n(N)c1=O,0.09692,COc1ccc(NC(=O)CSc2nncc(=O)n2N)cc1,True,0.09149999999999958,-0.0054200000000004245,0.5263157894736842,False,False
3.0,bin,8,-0.0693100094795227,-0.12460005283355713,-0.014019966125488281,536853,COc1ccc(C2CCCN2C(=O)C2CCC2)c(OC)c1,3.1674000000000015,N#Cc1ccc(F)c(C2CCCN2C(=O)C2CCC2)c1,True,3.160980000000002,-0.006419999999999426,0.48214285714285715,False,True
3.0,bin,8,-0.0693100094795227,-0.12460005283355713,-0.014019966125488281,540312,Cc1nn(C)c2nc(C3CC3)cc(C(=O)NCC(=O)NC(C)(C)C)c12,1.7986199999999997,CC(=O)NCCNC(=O)c1ccnn(C)cnc(C2CC2)c1,True,0.6827999999999992,-1.1158200000000005,0.28378378378378377,False,True
3.0,bin,8,-0.0693100094795227,-0.12460005283355713,-0.014019966125488281,544381,Cc1nc(N2CCCC(C(=O)NC(C)C)C2)c2c(C)c(C)oc2n1,2.8890600000000006,Cc1nc(N2CCC(OC(F)F)CC2)c2c(C)c(CO)oc2n1,True,2.539940000000001,-0.34911999999999965,0.38235294117647056,False,True
3.0,bin,8,-0.0693100094795227,-0.12460005283355713,-0.014019966125488281,544382,CCCNC(=O)C1CCCN(c2nc(C)nc3oc(C)c(C)c23)C1,2.8906600000000013,CCCNC(=O)CC1CCN(c2nc(CC)nc3oc(C)c(C)c23)C1,True,3.1446400000000017,0.2539800000000003,0.5757575757575758,False,True
3.0,bin,8,-0.0693100094795227,-0.12460005283355713,-0.014019966125488281,550049,Cc1ccc(C)c(OCC(=O)Nc2cccc(-n3cnnc3)c2)c1,2.9016400000000013,CCN(C(=O)COc1cccc(-n2cnnc2)c1)c1ccccc1,True,2.699200000000001,-0.20244000000000018,0.3968253968253968,False,True
3.0,bin,8,-0.0693100094795227,-0.12460005283355713,-0.014019966125488281,573533,Cc1nn(-c2ncc(C(F)(F)F)cc2Cl)c(=O)o1,2.2011199999999995,CCc1nn(-c2ncc(Cl)c(Cl)c2C#N)c(=O)o1,True,1.96138,-0.23973999999999962,0.3620689655172414,False,True
3.0,bin,8,-0.0693100094795227,-0.12460005283355713,-0.014019966125488281,582555,O=C(NCC(O)c1ccccc1)c1ccc2c(=O)n3c(nc2c1)CCC3,1.8061000000000003,C#CC(=CC=CN)C(O)CNC(=O)c1ccc2nc3n(c(=O)c2c1)CCC3,True,0.4653999999999998,-1.3407000000000004,0.5405405405405406,False,True
3.0,bin,8,-0.0693100094795227,-0.12460005283355713,-0.014019966125488281,588547,Cc1n[nH]c(C)c1NC(=O)CCc1ccc(Cl)cc1Cl,3.9046400000000023,Cc1n[nH]c(C)c1NC(=O)CCc1ccc(C(C)C)cc1,True,3.7212400000000025,-0.18339999999999979,0.5769230769230769,False,True
3.0,bin,8,-0.0693100094795227,-0.12460005283355713,-0.014019966125488281,607673,CCCN(CC1CC1)S(=O)(=O)c1ccccc1F,2.636400000000001,CCN(CC1CC1)S(=O)(=O)c1cccc(C)c1,True,2.4156200000000005,-0.22078000000000042,0.42,False,True
3.0,bin,8,-0.0693100094795227,-0.12460005283355713,-0.014019966125488281,617681,Cc1cc(C(=O)Nc2nc(-c3ccncc3)cs2)nn1C(C)C,3.5432200000000016,CC(C)c1cc(C(=O)Nc2nc(-c3ccncc3)cs2)nn1C,True,3.314300000000001,-0.22892000000000046,0.6727272727272727,False,True
3.0,bin,8,-0.0693100094795227,-0.12460005283355713,-0.014019966125488281,650267,COc1ccc2oc(C(=O)NC3CCCCNC3=O)c(C)c2c1,2.14832,O=C(NC1CCCCNC1=O)c1cc2c(F)cccc2o1,True,1.9703999999999995,-0.17792000000000052,0.5076923076923077,False,True
3.0,bin,8,-0.0693100094795227,-0.12460005283355713,-0.014019966125488281,668639,Cc1cc(NC(=O)c2ccccc2Cl)ncc1N,2.8779200000000005,CSc1ccnc(NC(=O)c2ccccc2N)c1,True,2.638,-0.23992000000000058,0.46153846153846156,False,True
3.0,bin,8,-0.0693100094795227,-0.12460005283355713,-0.014019966125488281,673160,CCC(=O)Nc1ccc2oc(C(F)(F)F)cc(=O)c2c1,3.160300000000001,CCC1=CC(=O)C=C2C(=CC=CC2NC(=O)C(C)(C)O)O1,True,1.5153999999999999,-1.6449000000000014,0.18571428571428572,False,True
3.0,bin,8,-0.0693100094795227,-0.12460005283355713,-0.014019966125488281,711169,Cc1cccc(C(C)C)c1NC(=O)N(C)Cc1ccncc1,4.177320000000003,CCCCOc1cc(C)ccc1NC(=O)N(C)Cc1ccncc1,True,4.232820000000003,0.05550000000000033,0.43548387096774194,False,True
3.0,bin,8,-0.0693100094795227,-0.12460005283355713,-0.014019966125488281,720969,Cc1noc(C)c1CCC(=O)OCC(=O)N1c2ccccc2CC1C,2.7450400000000013,Cc1ccc2c(c1)CCN2C(=O)COC(=O)CCc1c(C)noc1C,True,2.6649600000000007,-0.0800800000000006,0.5522388059701493,False,True
3.0,bin,8,-0.0693100094795227,-0.12460005283355713,-0.014019966125488281,730789,COC(=O)C1CCN(C(=O)c2cc3ccc(F)cc3nc2C)CC1,2.7075200000000006,CCc1nc2ccccc2cc1C(=O)N(C)CCCC(=O)OC,True,2.822400000000001,0.11488000000000032,0.2361111111111111,False,True
3.0,bin,8,-0.0693100094795227,-0.12460005283355713,-0.014019966125488281,738178,Cc1ccc(-n2ccnc2SCc2nc(C3CC3)no2)cc1C,4.041840000000003,Clc1ccccc1-n1ccnc1SCc1nc(C2CC2)no1,True,4.078400000000002,0.036559999999998816,0.6206896551724138,False,True
3.0,bin,8,-0.0693100094795227,-0.12460005283355713,-0.014019966125488281,771897,COc1ccccc1OCC(=O)N(C)Cc1sccc1C,3.102520000000002,CC(=O)Nc1cccc(OCC(=O)N(C)Cc2sccc2C)c1,True,3.0523200000000017,-0.050200000000000244,0.5892857142857143,False,True
3.0,bin,8,-0.0693100094795227,-0.12460005283355713,-0.014019966125488281,811446,COC(=O)C1(NC(=O)c2cc(Br)c[nH]2)CCCCCC1,2.7730000000000006,CCOC(=O)C1(NC(=O)c2cccn2C)CCCCC1,True,2.0208999999999993,-0.7521000000000013,0.3620689655172414,False,True
3.0,bin,8,-0.0693100094795227,-0.12460005283355713,-0.014019966125488281,848291,CCC(C)NC(=O)NCc1noc(-c2cccs2)n1,2.3958000000000004,CCC(COC)NC(=O)N(C)Cc1noc(-c2cccs2)n1,True,2.3644999999999996,-0.03130000000000077,0.53125,False,True
3.0,bin,8,-0.0693100094795227,-0.12460005283355713,-0.014019966125488281,863440,COc1ccc(-c2nc(CCCO)cs2)cc1OC,2.752200000000001,COc1cc(-c2nc(CCO)cs2)c(OC)cc1C,True,2.6705200000000007,-0.08168000000000042,0.5102040816326531,False,True
3.0,bin,8,-0.0693100094795227,-0.12460005283355713,-0.014019966125488281,864663,N#Cc1ccc(-c2cc(F)ccc2F)nc1N1CCCC1,3.498680000000002,COc1ccc(OC)c(-c2ccc(C#N)c(N3CCCC3)n2)c1,True,3.237680000000002,-0.2610000000000001,0.5471698113207547,False,False
3.0,bin,8,-0.0693100094795227,-0.12460005283355713,-0.014019966125488281,872100,CCc1cccc(C)c1NCC(O)c1ccc2c(c1)OCCO2,3.474120000000002,CCc1cccc(C)c1NCC(O)c1ccc2c(c1)OCCO2,True,3.474120000000002,0.0,1.0,True,False
3.0,bin,8,-0.0693100094795227,-0.12460005283355713,-0.014019966125488281,886334,COc1ccc(C(=O)N2CCCC(C(=O)N3CCCCC3)C2)c(O)c1,2.2655000000000003,Nc1cccc(C(=O)N2CCCC(C(=O)N3CCC(F)CC3)C2)c1,True,2.0815,-0.18400000000000016,0.43333333333333335,False,True
3.0,bin,8,-0.0693100094795227,-0.12460005283355713,-0.014019966125488281,887387,COCCNC(=O)N(Cc1cccc(F)c1)CC1CCCO1,2.1627,CC(=O)NCC(=O)N(CC1=CC=COCC1)C1CCCO1,True,0.9479999999999997,-1.2147000000000003,0.25,False,True
3.0,bin,8,-0.0693100094795227,-0.12460005283355713,-0.014019966125488281,889149,N#Cc1ccc(NC(=O)c2ccc(Br)cc2Cl)nc1,3.621480000000001,Cc1c(Br)cccc1C(=O)Nc1ccc(C#N)cn1,True,3.2765000000000013,-0.3449799999999996,0.5769230769230769,False,True
3.0,bin,8,-0.0693100094795227,-0.12460005283355713,-0.014019966125488281,913483,O=C(CNC(=O)NCCc1c(Cl)cccc1Cl)NC1CC1,2.1137000000000006,CC(C)C(CNC(=O)NCC(=O)NC1CC1)c1cccc(F)c1,True,2.1430999999999996,0.029399999999998983,0.4482758620689655,False,True
3.0,bin,8,-0.0693100094795227,-0.12460005283355713,-0.014019966125488281,917620,C=CCN(Cc1ccccc1OC)C(=O)c1csc(C)n1,3.288520000000002,CCN(Cc1cc(C)cc(OC)c1)C(=O)c1csc(C)n1,True,3.4308400000000026,0.14232000000000067,0.43548387096774194,False,True
3.0,bin,8,-0.0693100094795227,-0.12460005283355713,-0.014019966125488281,918312,CCOc1ccc(Cl)c(C(=O)N2CCN(c3ncccn3)CC2)n1,1.8860999999999997,CCN(CCC(=O)c1cc(Cl)ccn1)c1ncc(F)cn1,True,2.7634000000000007,0.8773000000000011,0.20833333333333334,False,True
3.0,bin,8,-0.0693100094795227,-0.12460005283355713,-0.014019966125488281,922879,CC(=O)c1ccc(N2CCN(Cc3c(F)cccc3F)CC2)cc1,3.489600000000003,CCCC1=CCOC(=O)C=CC=CC1NCCNC=CC=CC(C)=O,True,2.588800000000001,-0.900800000000002,0.12345679012345678,False,True
3.0,bin,8,-0.0693100094795227,-0.12460005283355713,-0.014019966125488281,927535,COc1cc(CN2CCN(c3ccccc3F)CC2)ccc1O,2.862100000000002,N#Cc1cccc(CN2CCN(c3ccccc3O)CC2)c1,True,2.586080000000001,-0.27602000000000126,0.44642857142857145,False,False
3.0,bin,8,-0.0693100094795227,-0.12460005283355713,-0.014019966125488281,927567,Cc1ccccc1N1CCN(Cc2cccc(O)c2)CC1,3.022820000000001,Oc1cccc(NC2CCN(Cc3ccc(F)c(F)c3)C2)c1,True,3.3568000000000016,0.3339800000000004,0.3389830508474576,False,True
3.0,bin,8,-0.0693100094795227,-0.12460005283355713,-0.014019966125488281,938108,CC(c1ccccc1)N(C)C(=O)CCC(=O)Nc1nccs1,3.0814000000000012,Cc1cc(C)cc(CNC(=O)CCC(=O)Nc2nccs2)c1,True,2.795040000000001,-0.28636000000000017,0.45614035087719296,False,True
3.0,bin,8,-0.0693100094795227,-0.12460005283355713,-0.014019966125488281,943303,CN(CCCOc1ccccc1)C(=O)Nc1cccc2c1OCCO2,3.390600000000002,O=C(NCCCOc1cccc(F)c1)Nc1cccc2c1OCCO2,True,3.187500000000001,-0.20310000000000095,0.5238095238095238,False,True
3.0,bin,8,-0.0693100094795227,-0.12460005283355713,-0.014019966125488281,946289,CC(NC(=O)C1(c2cc(-c3ccco3)on2)CC1)c1ccccc1,3.843600000000002,CCN(Cc1ccccc1)C(=O)C1(c2cc(-c3ccco3)on2)CC1,True,4.014900000000003,0.17130000000000045,0.5483870967741935,False,True
3.0,bin,8,-0.0693100094795227,-0.12460005283355713,-0.014019966125488281,994077,Cc1nnc(Cn2c(-c3cccc(Br)c3)noc2=O)o1,2.0055199999999997,CSc1ccc(-c2noc(=O)n2Cc2nnc(C)o2)cc1,True,1.9649199999999998,-0.04059999999999997,0.6153846153846154,False,True
3.0,bin,8,-0.0693100094795227,-0.12460005283355713,-0.014019966125488281,1065620,O=C(NCc1cccnc1Oc1ccccc1)c1cccnc1,3.198900000000002,N#Cc1ccc(C(=O)NCc2cccnc2Oc2ccccc2)cn1,True,3.0705800000000014,-0.12832000000000043,0.6981132075471698,False,True
3.0,bin,8,-0.0693100094795227,-0.12460005283355713,-0.014019966125488281,1093926,CN(C(=O)CNc1cccc(OCC2CCCO2)c1)c1ccccc1,3.319300000000002,N#Cc1cccc(NC(=O)CNc2cccc(OCC3CCCO3)c2)c1,True,3.1666800000000013,-0.15262000000000064,0.5909090909090909,False,True
3.0,bin,8,-0.0693100094795227,-0.12460005283355713,-0.014019966125488281,1107920,CCc1ccc(-n2cc(C(=O)NC(C)c3ccccc3)nn2)cc1,3.320700000000002,C=CCN(Cc1ccccc1)C(=O)c1cn(-c2ccc(F)cc2)nn1,True,3.2348000000000017,-0.08590000000000053,0.3787878787878788,False,True
3.0,bin,8,-0.0693100094795227,-0.12460005283355713,-0.014019966125488281,1113130,CC(NC(=O)Cn1nnnc1C(C)(C)C)c1cccc2ccccc12,3.0012000000000016,CC=CC=CC=CC=C(F)C(C)NC(=O)Cn1nnnc1C(F)F,True,2.6573,-0.3439000000000014,0.3142857142857143,False,True
3.0,bin,8,-0.0693100094795227,-0.12460005283355713,-0.014019966125488281,1121751,COC(=O)Cn1ccc(NS(=O)(=O)c2ccc(F)c(F)c2F)n1,1.2742,Cc1ccccc1S(=O)(=O)Nc1ccn(CCCO)n1,True,1.37472,0.10051999999999994,0.4166666666666667,False,True
3.0,bin,8,-0.0693100094795227,-0.12460005283355713,-0.014019966125488281,1142531,CCOC(C)C(=O)NCCc1csc(-c2ccc(C)cc2)n1,3.2022200000000014,COC(C)(C)C(=O)N(C)CCc1csc(-c2ccc(F)cc2)n1,True,3.3751000000000024,0.17288000000000103,0.373134328358209,False,True
3.0,bin,8,-0.0693100094795227,-0.12460005283355713,-0.014019966125488281,1212157,CN(Cc1ccc(F)c(F)c1)C(=O)c1cncc(-c2cnn(C)c2)c1,3.0325000000000015,Cc1ccccc1CNC(=O)c1cncc(-c2cnn(C)c2)c1,True,2.7205200000000014,-0.31198000000000015,0.4461538461538462,False,True
3.0,bin,8,-0.0693100094795227,-0.12460005283355713,-0.014019966125488281,1215394,CCn1nc(C)cc1C(=O)Oc1cccc(NC(=O)C(C)C)c1,3.025120000000001,CCn1nc(C)cc1C(=O)Oc1ccc(F)c(F)c1F,True,2.847920000000001,-0.17720000000000002,0.4827586206896552,False,True
3.0,bin,8,-0.0693100094795227,-0.12460005283355713,-0.014019966125488281,1232922,CC(C)(C)OC(=O)NC1CCCN(S(=O)(=O)N2CCOCC2)C1,0.5525000000000011,CCC(C)NC(=O)C1CCN(S(=O)(=O)N2CCOCC2)CC1,True,0.1901000000000017,-0.3623999999999994,0.3793103448275862,False,False
3.0,bin,8,-0.0693100094795227,-0.12460005283355713,-0.014019966125488281,1238973,FC(F)(F)c1cnc(N2CCn3c(nnc3C3CC3)C2)c(Cl)c1,3.2429000000000023,NC1CC1C(CNCC1NC(C2CC2)=NC1(F)F)=NC=CCl,True,1.4473000000000005,-1.7956000000000019,0.11764705882352941,False,True
3.0,bin,8,-0.0693100094795227,-0.12460005283355713,-0.014019966125488281,1299495,Cc1cc(CC(=O)N2CCCC2C(C#N)c2ccccc2)no1,2.823900000000001,COc1ccc(CC(C#N)C2CCCN2C(=O)Cc2ccon2)cc1,True,2.5991800000000005,-0.22472000000000047,0.4520547945205479,False,True
3.0,bin,8,-0.0693100094795227,-0.12460005283355713,-0.014019966125488281,1309906,CC(C)CC(NC(=O)c1cc(=O)c2ccccc2o1)C(=O)OC(C)C,2.8891000000000018,CC(C)CN(CC(C)C)S(=O)(=O)c1cc(=O)c2ccccc2o1,True,3.0957000000000017,0.2065999999999999,0.3898305084745763,False,True
3.0,bin,8,-0.0693100094795227,-0.12460005283355713,-0.014019966125488281,1362816,COCc1cccc(C(=O)NC2CC2c2cccc(Cl)c2)c1,3.772300000000002,O=C(NC1CC1c1cccc(Br)c1)c1ccccc1,True,3.735000000000002,-0.03730000000000011,0.4909090909090909,False,True
3.0,bin,8,-0.0693100094795227,-0.12460005283355713,-0.014019966125488281,1441838,COCC(=O)NC(C(=O)Nc1cccc(-c2nccs2)c1)C(C)C,2.5358,CCNC(=O)CN(CC)C(=O)Nc1cccc(-c2nccs2)c1,True,2.8000000000000007,0.26420000000000066,0.5151515151515151,False,True
3.0,bin,8,-0.0693100094795227,-0.12460005283355713,-0.014019966125488281,1450449,CCCNC(=O)CSc1nc2c(cc1C#N)CCCC2,2.450380000000001,CNc1nc(C(=O)N2CCCCC2)c(C)cc1C,True,2.3662400000000003,-0.08414000000000055,0.1791044776119403,False,True
3.0,bin,8,-0.0693100094795227,-0.12460005283355713,-0.014019966125488281,1451910,O=S(=O)(NCc1nnc2ccccn12)c1ccc(F)c(F)c1,1.4859999999999995,COc1ccc(OC)c(S(=O)(=O)NCc2nnc3ccccn23)c1,True,1.2249999999999999,-0.2609999999999997,0.5344827586206896,False,True
3.0,bin,8,-0.0693100094795227,-0.12460005283355713,-0.014019966125488281,1479798,Cc1nc(C)c(CCC(=O)N(CC(C)C)CC(F)(F)F)c(=O)[nH]1,2.3662400000000003,CC1=NC(C)=C(CCC(=O)NC(C)CCC(C)C)CC(=O)N1,True,2.9198000000000013,0.5535600000000009,0.22857142857142856,False,True
3.0,bin,8,-0.0693100094795227,-0.12460005283355713,-0.014019966125488281,1507926,COC(=O)C(C)NC(=O)Cc1csc(-c2ccccc2Cl)n1,2.6837,COC(=O)Cc1csc(-c2ccccc2Cl)n1,True,3.179000000000002,0.49530000000000207,0.673469387755102,False,True
3.0,bin,8,-0.0693100094795227,-0.12460005283355713,-0.014019966125488281,1527882,Nc1ncccc1C(=O)Nc1ccc2cn[nH]c2c1,1.7923999999999998,CN(C)C(=O)COc1ccc(C(=O)Nc2ccc3cn[nH]c3c2)cn1,True,1.6771999999999996,-0.11520000000000019,0.4603174603174603,False,True
3.0,bin,8,-0.0693100094795227,-0.12460005283355713,-0.014019966125488281,1532848,COc1ccc(-c2ccc3c(=O)[nH]cnc3c2)cc1Cl,3.2521000000000013,O=c1[nH]cnc2cc(-c3cc(F)cc(Cl)c3)ccc12,True,3.382600000000001,0.13049999999999962,0.5625,False,True
3.0,bin,8,-0.0693100094795227,-0.12460005283355713,-0.014019966125488281,1548351,COc1cc(OC)c2c(c1)C(c1cnccn1)NCC2,1.7288999999999999,C#CCOc1ccc2c(c1)C(c1cnccn1)NCC2,True,1.7236999999999996,-0.0052000000000003155,0.4827586206896552,False,True
3.0,bin,8,-0.0693100094795227,-0.12460005283355713,-0.014019966125488281,1570134,COc1cccc(C(C)N2CCN(C(=O)c3ccc(O)cc3)CC2)c1,2.9198000000000013,CC(c1ccccc1)N1CCN(C(=O)c2ccc(O)cc2)CC1,True,2.911200000000001,-0.008600000000000385,0.6956521739130435,False,True
3.0,bin,8,-0.0693100094795227,-0.12460005283355713,-0.014019966125488281,1611406,CC(C)(C)N1CC(NC(=O)C2COc3ccc(F)cc3C2)CC1=O,1.8923999999999994,CC(C)Cc1ccc2c(c1)CC(C(=O)NC1CNC(=O)C1)CO2,True,1.4408999999999994,-0.4515,0.463768115942029,False,True
3.0,bin,8,-0.0693100094795227,-0.12460005283355713,-0.014019966125488281,1612684,CCCC1CN(C(=O)Nc2ccn(CCC(C)C)n2)CCO1,2.9620000000000015,CCCCC1OCCc2c(C(=NNC)OCC(C)C)[nH]c(=O)n21,True,1.9914999999999998,-0.9705000000000017,0.20689655172413793,False,True
3.0,bin,8,-0.0693100094795227,-0.12460005283355713,-0.014019966125488281,1639675,CCC(CC)c1nnc(NC(=O)c2scnc2C2CC2)s1,4.0279000000000025,CC(C)(C)Sc1nnc(NC(=O)c2scnc2C2CC2)s1,True,4.014900000000003,-0.0129999999999999,0.6296296296296297,False,True
3.0,bin,8,-0.0693100094795227,-0.12460005283355713,-0.014019966125488281,1675660,COc1ccnc(NC(=O)c2cccc(Cl)c2)c1,2.9959000000000007,O=C(Nc1ccc(Br)cn1)c1cccc(CO)c1,True,2.5887000000000002,-0.40720000000000045,0.3508771929824561,False,True
3.0,bin,8,-0.0693100094795227,-0.12460005283355713,-0.014019966125488281,1689728,CCc1noc(CSc2ncnc3sc(C)cc23)n1,3.237420000000002,C1=NOC(CSc2ncnc3sccc23)CC1,True,2.948200000000001,-0.28922000000000114,0.25,False,True
3.0,bin,8,-0.0693100094795227,-0.12460005283355713,-0.014019966125488281,1720876,CC(C)(C)CC(=O)NCC(=O)Nc1ccc2c(c1)COC2,2.2077,CC(C)(C)CC(=O)NCC(=O)NCc1ccc2c(c1)COC2,True,1.8853999999999995,-0.3223000000000005,0.6808510638297872,False,True
3.0,bin,8,-0.0693100094795227,-0.12460005283355713,-0.014019966125488281,1757109,CC(C)Cc1ncc(CNc2ccc3c(c2)COC3)s1,3.983900000000003,FC(F)(F)c1ncc(CNc2ccc3c(c2)COC3)s1,True,3.8042000000000016,-0.1797000000000013,0.6078431372549019,False,True
3.0,bin,8,-0.0693100094795227,-0.12460005283355713,-0.014019966125488281,1774061,O=C1NCCCc2[nH]c(-c3cccc4[nH]ccc34)nc21,2.234,C=Cc1c(C(=O)OC)ccc2c1C(=O)NCCC2,True,1.7922,-0.44179999999999997,0.23529411764705882,False,True
3.0,bin,8,-0.0693100094795227,-0.12460005283355713,-0.014019966125488281,1800687,Cc1nn(C)c(-c2nc(-c3cccnn3)no2)c1Cl,1.8889199999999997,Cn1ncc(Cl)c1-c1nc(-c2cccnn2)no1,True,1.5804999999999993,-0.30842000000000036,0.6530612244897959,False,True
3.0,bin,8,-0.0693100094795227,-0.12460005283355713,-0.014019966125488281,1815867,FC(F)(F)c1ccc(CN2CCOCC2c2ncon2)cc1,2.661900000000001,Fc1cc(CN2CCOCC2c2ncon2)ccc1Cl,True,2.435600000000001,-0.22630000000000017,0.6851851851851852,False,True
3.0,bin,8,-0.0693100094795227,-0.12460005283355713,-0.014019966125488281,1828580,Cc1ccc(N2CC3OCC(=O)N(Cc4cccc(F)c4)C3C2)nn1,1.54032,Cc1ccc(N2CC3OCC(=O)N(Cc4ccccc4)C3C2N)[nH]1,True,1.2241199999999999,-0.31620000000000004,0.34210526315789475,False,True
3.0,bin,8,-0.0693100094795227,-0.12460005283355713,-0.014019966125488281,1836183,CCc1ccc(C(=O)NCc2nccc(N(C)C)n2)cc1,2.035,CN(C)c1ccnc(CNC(=O)c2ccc(Cl)cc2)n1,True,2.1260000000000003,0.09100000000000019,0.7555555555555555,False,True
3.0,bin,8,-0.0693100094795227,-0.12460005283355713,-0.014019966125488281,1842499,COc1ccccc1COc1ccccc1-c1cnn(CCO)c1,3.1300000000000017,Cc1cc(F)ccc1COc1ccccc1-c1cn(CCC(N)=O)[nH]1,True,3.3851200000000006,0.2551199999999989,0.3142857142857143,False,True
3.0,bin,8,-0.0693100094795227,-0.12460005283355713,-0.014019966125488281,1865564,COC(CNC(=O)c1ccoc1)c1cccc(F)c1,2.536200000000001,COC(CNC(=O)c1cc(C)oc1O)c1ccccc1,True,2.4111200000000004,-0.12508000000000052,0.4406779661016949,False,True
3.0,bin,8,-0.0693100094795227,-0.12460005283355713,-0.014019966125488281,1868773,CCCOc1ccc(Cl)c2c1CCNC2C1CC(=O)C1,3.2947000000000015,CCC(c1cc(C)cc(C(F)(F)F)c1)C1C(=O)CC1N,True,3.423720000000002,0.12902000000000058,0.1506849315068493,False,True
3.0,bin,8,-0.0693100094795227,-0.12460005283355713,-0.014019966125488281,1873123,CCC1OC(=O)c2c(OC)ccc(Br)c21,3.079200000000002,COc1c2cc(c(Cl)c1OC)C(C)(C)OC2=O,True,2.7627000000000006,-0.31650000000000134,0.18518518518518517,False,True
3.0,bin,8,-0.0693100094795227,-0.12460005283355713,-0.014019966125488281,1875028,Cc1cccc(C)c1NCC(=O)N1CCCC2CCCCC21,3.8965400000000034,CCOc1ccc(NCC(=O)N2CCCC3CCCCC32)cc1F,True,3.8175000000000026,-0.07904000000000089,0.5172413793103449,False,True
3.0,bin,8,-0.0693100094795227,-0.12460005283355713,-0.014019966125488281,1895921,CCC(CC)N(C)C(=O)CC1OC(=O)c2ccccc21,2.935200000000002,CCCCN(C)C(=O)CC1OC(=O)c2cc(C)ccc21,True,2.855120000000001,-0.0800800000000006,0.4727272727272727,False,True
3.0,bin,8,-0.0693100094795227,-0.12460005283355713,-0.014019966125488281,1907077,Cc1ccc2[nH]nc(C(=O)Nc3nc(-c4ccco4)cs3)c2c1,3.8401200000000015,CCOc1ccc(C=C2N=C(NC(=O)c3n[nH]c4ccccc34)S2)o1,True,3.3858000000000015,-0.45432000000000006,0.30864197530864196,False,True
3.0,bin,8,-0.0693100094795227,-0.12460005283355713,-0.014019966125488281,1913063,Cc1nn(C)c(C)c1CN(C(=O)c1cn2cccc(C)c2n1)C1CC1,2.797860000000001,Cc1n[nH]c2c1CN(C(=O)C13C=C(C=CC=N1)C3)C(=CN)C2C,True,1.67342,-1.124440000000001,0.12903225806451613,False,True
3.0,bin,8,-0.0693100094795227,-0.12460005283355713,-0.014019966125488281,1922265,CN(CCNC(=O)c1ccc2c(c1)ncn2C)c1ccccc1,2.4395000000000007,Cn1cnc2cc(C(=O)NCCNc3ccccc3)ccc21,True,2.4152000000000005,-0.02430000000000021,0.6923076923076923,False,True
3.0,bin,9,-0.007009983062744141,-0.014019966125488281,0.0,32052,COc1ccccc1CNC(=O)Cc1c[nH]c2ccccc12,3.035400000000001,O=C(Cc1c[nH]c2ccccc12)NCc1ccccc1,True,3.0268000000000015,-0.008599999999999497,0.6590909090909091,False,False
3.0,bin,9,-0.007009983062744141,-0.014019966125488281,0.0,116747,COCCSc1ccccc1C(=O)Nc1cccc(C)n1,3.3808200000000017,Cc1cccc(NC(=O)c2ccc(F)c(Br)c2)n1,True,3.5439200000000017,0.16310000000000002,0.40350877192982454,False,True
3.0,bin,9,-0.007009983062744141,-0.014019966125488281,0.0,131060,CS(=O)(=O)NCCc1csc(-c2ccc(F)cc2)n1,2.0408999999999997,NC(=O)CCc1csc(-c2ccc(F)cc2)n1,True,2.3670999999999998,0.32620000000000005,0.5531914893617021,False,True
3.0,bin,9,-0.007009983062744141,-0.014019966125488281,0.0,131949,CCc1c(C)nc(SCC(=O)NC(C)C)[nH]c1=O,1.25742,CC=C1N=CC(SCC(=O)NC(C)C)NC1=O,True,0.6746999999999997,-0.5827200000000002,0.3333333333333333,False,True
3.0,bin,9,-0.007009983062744141,-0.014019966125488281,0.0,158879,COc1ccc(CC(=O)OCC(=O)c2c[nH]c3ccccc23)cc1,3.145100000000001,O=C(Cc1ccccc1)OCC(=O)c1c[nH]c2ccccc12,True,3.1365000000000016,-0.008599999999999497,0.7777777777777778,False,True
3.0,bin,9,-0.007009983062744141,-0.014019966125488281,0.0,232056,COCCNC(=O)c1cc(=O)c2cc(C)ccc2o1,1.4776199999999993,COCC=Nc1oc2ccccc2c(=O)c1O,True,1.8473000000000002,0.3696800000000009,0.25806451612903225,False,True
3.0,bin,9,-0.007009983062744141,-0.014019966125488281,0.0,235788,O=C(Cn1nc(-c2ccco2)oc1=O)NCC(F)(F)F,0.7747999999999999,C=CCNC(=O)Cn1nc(-c2ccco2)oc1=O,True,0.3984999999999997,-0.37630000000000025,0.7058823529411765,False,True
3.0,bin,9,-0.007009983062744141,-0.014019966125488281,0.0,236081,CC(=O)c1c(C)[nH]c(C(=O)CSc2nc(C(C)C)n[nH]2)c1C,3.0506400000000014,CC(=O)c1c(C)[nH]c(C(=O)C(C)Sc2nc(C(C)C)n[nH]2)c1C,True,3.439140000000002,0.3885000000000005,0.6666666666666666,False,False
3.0,bin,9,-0.007009983062744141,-0.014019966125488281,0.0,281081,O=C(Cn1cccn1)NCc1cccnc1Oc1ccc(F)cc1F,2.665000000000001,O=C(Cn1cccn1)NCc1cccnc1Oc1cccc(F)c1,True,2.5259,-0.1391000000000009,0.7457627118644068,False,True
3.0,bin,9,-0.007009983062744141,-0.014019966125488281,0.0,284170,COc1ccc(-c2nc(CC(=O)Nc3cccc(C)n3)cs2)cc1,3.7033200000000024,Cc1ccc(NC(=O)Cc2csc(-c3ccccc3)n2)nc1,True,3.694720000000002,-0.008600000000000385,0.5423728813559322,False,True
3.0,bin,9,-0.007009983062744141,-0.014019966125488281,0.0,288369,Cc1ccc(NCc2nnc3n2CCCCC3)cc1C,3.2334400000000016,Brc1ccc(NCc2nnc3n2CCCCC3)cc1,True,3.379100000000002,0.14566000000000034,0.6739130434782609,False,False
3.0,bin,9,-0.007009983062744141,-0.014019966125488281,0.0,302889,COc1ccc(OC)c(NC(=O)CCNC(=O)c2cccs2)c1,2.5239000000000003,O=C(CCNC(=O)c1cccs1)Nc1ccccc1,True,2.5067000000000004,-0.017199999999999882,0.5576923076923077,False,False
3.0,bin,9,-0.007009983062744141,-0.014019966125488281,0.0,327141,COc1ccc(OC)c(S(=O)(=O)Nc2ccn(C)n2)c1,1.2381,COc1ccccc1S(=O)(=O)Nc1cc[nH]n1,True,1.2190999999999999,-0.019000000000000128,0.40384615384615385,False,True
3.0,bin,9,-0.007009983062744141,-0.014019966125488281,0.0,327382,CNC(=O)C1CN(C(=O)c2c(C)noc2C)c2ccccc2O1,1.4452399999999996,Cc1noc(C)c1C(=O)N1CC(C(N)=O)Oc2ccccc21,True,1.1845399999999995,-0.26070000000000015,0.78,False,True
3.0,bin,9,-0.007009983062744141,-0.014019966125488281,0.0,406491,COCCNC(=O)C1CCCN(S(=O)(=O)N2CCOCC2)C1,-0.9619999999999964,O=S(=O)(N1CCOCC1)N1CCC(CO)CC1,True,-0.7322999999999993,0.22969999999999713,0.42,False,True
3.0,bin,9,-0.007009983062744141,-0.014019966125488281,0.0,413951,O=C(Cn1ncn2cccc2c1=O)N1CCCCCC1,0.8985999999999996,CCCCCCC(=O)Cn1ncn2cccc2c1=O,True,2.0355,1.1369000000000002,0.5384615384615384,False,True
3.0,bin,9,-0.007009983062744141,-0.014019966125488281,0.0,427929,CCNc1nc(NCc2ccccc2Cl)c2cnn(C)c2n1,3.060600000000001,CC(C)Nc1nc(NCc2ccccc2)c2cnn(C)c2n1,True,2.795700000000001,-0.2648999999999999,0.5357142857142857,False,True
3.0,bin,9,-0.007009983062744141,-0.014019966125488281,0.0,447130,CCC(NC(=O)C1CCN(C(=O)C2CC2)CC1)c1ccc(C)cc1,3.2109200000000016,CCC(c1ccc(C)cc1)N(C)C(=O)C1CCN(C(=O)C2CC2)CC1,True,3.5531200000000025,0.34220000000000095,0.5961538461538461,False,True
3.0,bin,9,-0.007009983062744141,-0.014019966125488281,0.0,481908,CCNS(=O)(=O)c1ccc(C)c(C(=O)Nc2ncccc2C)c1,2.24894,Cc1ccc(NC(=O)c2ccc(S(C)(=O)=O)cc2)nc1C,True,2.35424,0.10529999999999973,0.29508196721311475,False,True
3.0,bin,9,-0.007009983062744141,-0.014019966125488281,0.0,485220,Cc1nn(CC(=O)N2CCN(C)CC2)c(C)c1Br,1.03644,Cc1n[nH]c(CC(=O)N2CCN(C)CC2)c1Br,True,0.79712,-0.23931999999999998,0.5,False,True
3.0,bin,9,-0.007009983062744141,-0.014019966125488281,0.0,526363,Cc1nnc(SCC(=O)Nc2ccc(O)cc2)n(N)c1=O,0.09692,CC=NN=C(SCC(=O)Nc1ccccc1)N(N)C=O,True,1.0520999999999998,0.9551799999999998,0.26865671641791045,False,True
3.0,bin,9,-0.007009983062744141,-0.014019966125488281,0.0,536853,COc1ccc(C2CCCN2C(=O)C2CCC2)c(OC)c1,3.1674000000000015,COc1ccccc1C1CCCN1C(=O)C1CCC1,True,3.158800000000002,-0.008599999999999497,0.717391304347826,False,True
3.0,bin,9,-0.007009983062744141,-0.014019966125488281,0.0,540312,Cc1nn(C)c2nc(C3CC3)cc(C(=O)NCC(=O)NC(C)(C)C)c12,1.7986199999999997,CC1=NN(C)C2=NC(C3CC3)=CC(C(=O)N(C)C(C)C)=NC12,True,1.6901,-0.10851999999999973,0.18518518518518517,False,True
3.0,bin,9,-0.007009983062744141,-0.014019966125488281,0.0,544381,Cc1nc(N2CCCC(C(=O)NC(C)C)C2)c2c(C)c(C)oc2n1,2.8890600000000006,C=CCNC(=O)C1CCCN(c2nc(C)nc3oc(C)c(C)c23)C1,True,2.666660000000001,-0.2223999999999995,0.711864406779661,False,True
3.0,bin,9,-0.007009983062744141,-0.014019966125488281,0.0,544382,CCCNC(=O)C1CCCN(c2nc(C)nc3oc(C)c(C)c23)C1,2.8906600000000013,Cc1oc2ncnc(N3CCC(C(=O)NC(C)C)CC3)c2c1C,True,2.5806400000000007,-0.31002000000000063,0.4117647058823529,False,False
3.0,bin,9,-0.007009983062744141,-0.014019966125488281,0.0,550049,Cc1ccc(C)c(OCC(=O)Nc2cccc(-n3cnnc3)c2)c1,2.9016400000000013,C=CC1C(C)=NN=CN1c1cccc(NC(=O)COc2ccccc2)c1,True,3.4829000000000017,0.5812600000000003,0.4084507042253521,False,True
3.0,bin,9,-0.007009983062744141,-0.014019966125488281,0.0,573533,Cc1nn(-c2ncc(C(F)(F)F)cc2Cl)c(=O)o1,2.2011199999999995,C=CCNC=NN(Cl)c1ccc(C(F)(F)F)cn1,True,2.7795000000000005,0.578380000000001,0.2,False,True
3.0,bin,9,-0.007009983062744141,-0.014019966125488281,0.0,582555,O=C(NCC(O)c1ccccc1)c1ccc2c(=O)n3c(nc2c1)CCC3,1.8061000000000003,C=CCn1cnc2ccc(C(=O)NCC(N)=O)cc2c1=O,True,-0.2024000000000003,-2.0085000000000006,0.2727272727272727,False,True
3.0,bin,9,-0.007009983062744141,-0.014019966125488281,0.0,588547,Cc1n[nH]c(C)c1NC(=O)CCc1ccc(Cl)cc1Cl,3.9046400000000023,Cc1n[nH]c(C)c1NC(=O)CC(C)(C)c1ccc(F)c(F)c1,True,3.6111400000000025,-0.29349999999999987,0.46551724137931033,False,True
3.0,bin,9,-0.007009983062744141,-0.014019966125488281,0.0,607673,CCCN(CC1CC1)S(=O)(=O)c1ccccc1F,2.636400000000001,CCCN(CC1CC1)S(=O)(=O)c1ccc(F)cc1,True,2.636400000000001,0.0,0.627906976744186,False,False
3.0,bin,9,-0.007009983062744141,-0.014019966125488281,0.0,617681,Cc1cc(C(=O)Nc2nc(-c3ccncc3)cs2)nn1C(C)C,3.5432200000000016,Cc1cn(C(C)C(=O)Nc2nc(-c3ccncc3)cs2)nc1C(C)C,True,4.033120000000003,0.48990000000000133,0.5161290322580645,False,True
3.0,bin,9,-0.007009983062744141,-0.014019966125488281,0.0,650267,COc1ccc2oc(C(=O)NC3CCCCNC3=O)c(C)c2c1,2.14832,Cc1c(C(=O)NC2CCCCNC2)oc2ccccc12,True,2.6131200000000003,0.4648000000000003,0.46153846153846156,False,True
3.0,bin,9,-0.007009983062744141,-0.014019966125488281,0.0,668639,Cc1cc(NC(=O)c2ccccc2Cl)ncc1N,2.8779200000000005,COCCOc1ccccc1C(=O)Nc1cc(Cl)ccn1,True,3.012500000000001,0.1345800000000006,0.40350877192982454,False,True
3.0,bin,9,-0.007009983062744141,-0.014019966125488281,0.0,673160,CCC(=O)Nc1ccc2oc(C(F)(F)F)cc(=O)c2c1,3.160300000000001,CCN(CC)C(=O)c1ccc2oc(C(F)(F)F)cc(=O)c2c1,True,3.293800000000002,0.13350000000000062,0.5686274509803921,False,True
3.0,bin,9,-0.007009983062744141,-0.014019966125488281,0.0,711169,Cc1cccc(C(C)C)c1NC(=O)N(C)Cc1ccncc1,4.177320000000003,CC(C)c1cccc(OC(F)F)c1NC(=O)NCc1ccncc1,True,4.128100000000002,-0.04922000000000093,0.4426229508196721,False,True
3.0,bin,9,-0.007009983062744141,-0.014019966125488281,0.0,720969,Cc1noc(C)c1CCC(=O)OCC(=O)N1c2ccccc2CC1C,2.7450400000000013,Cc1noc(C)c1CCC(=O)OCC(=O)N1c2ccccc2CC1C,True,2.7450400000000013,0.0,1.0,True,False
3.0,bin,9,-0.007009983062744141,-0.014019966125488281,0.0,730789,COC(=O)C1CCN(C(=O)c2cc3ccc(F)cc3nc2C)CC1,2.7075200000000006,O=C(c1cnc2ccccc2c1)N1CCCC(O)C1,True,1.8316999999999997,-0.8758200000000009,0.2647058823529412,False,True
3.0,bin,9,-0.007009983062744141,-0.014019966125488281,0.0,738178,Cc1ccc(-n2ccnc2SCc2nc(C3CC3)no2)cc1C,4.041840000000003,CCc1ccccc1-n1ccnc1SCc1nc(C2CC2)no1,True,3.9874000000000036,-0.0544399999999996,0.6379310344827587,False,True
3.0,bin,9,-0.007009983062744141,-0.014019966125488281,0.0,771897,COc1ccccc1OCC(=O)N(C)Cc1sccc1C,3.102520000000002,Cc1ccsc1CN(C)C(=O)COc1ccc(C#N)cc1,True,2.965600000000001,-0.13692000000000082,0.5961538461538461,False,True
3.0,bin,9,-0.007009983062744141,-0.014019966125488281,0.0,811446,COC(=O)C1(NC(=O)c2cc(Br)c[nH]2)CCCCCC1,2.7730000000000006,C=C1NC=C(Br)C(=O)N2C1CC2C(=O)NCCCC,True,1.2253999999999996,-1.547600000000001,0.1527777777777778,False,True
3.0,bin,9,-0.007009983062744141,-0.014019966125488281,0.0,848291,CCC(C)NC(=O)NCc1noc(-c2cccs2)n1,2.3958000000000004,CC(C)(C)CNC(=O)NCc1noc(-c2cccs2)n1,True,2.6434000000000006,0.24760000000000026,0.6666666666666666,False,True
3.0,bin,9,-0.007009983062744141,-0.014019966125488281,0.0,863440,COc1ccc(-c2nc(CCCO)cs2)cc1OC,2.752200000000001,COc1ccc(-c2nc(CCO)cs2)cc1C,True,2.661920000000001,-0.09027999999999992,0.6888888888888889,False,True
3.0,bin,9,-0.007009983062744141,-0.014019966125488281,0.0,864663,N#Cc1ccc(-c2cc(F)ccc2F)nc1N1CCCC1,3.498680000000002,Oc1cc(-c2ccc(F)cc2F)nc(N2CCCC2)c1,True,3.332600000000002,-0.16608,0.40384615384615385,False,True
3.0,bin,9,-0.007009983062744141,-0.014019966125488281,0.0,872100,CCc1cccc(C)c1NCC(O)c1ccc2c(c1)OCCO2,3.474120000000002,CC=CC(C)=C1Oc2ccc(cc2OCC)C(O)CN1C,True,3.2505000000000024,-0.22361999999999949,0.16666666666666666,False,True
3.0,bin,9,-0.007009983062744141,-0.014019966125488281,0.0,886334,COc1ccc(C(=O)N2CCCC(C(=O)N3CCCCC3)C2)c(O)c1,2.2655000000000003,O=C(c1ccccc1O)N1CCCC(C(=O)N2CCCCC2)C1,True,2.256900000000001,-0.008599999999999497,0.6458333333333334,False,True
3.0,bin,9,-0.007009983062744141,-0.014019966125488281,0.0,887387,COCCNC(=O)N(Cc1cccc(F)c1)CC1CCCO1,2.1627,COCC(=O)N(Cc1ccc(C)cc1)CC1CCCO1,True,2.14902,-0.013679999999999914,0.46875,False,True
3.0,bin,9,-0.007009983062744141,-0.014019966125488281,0.0,889149,N#Cc1ccc(NC(=O)c2ccc(Br)cc2Cl)nc1,3.621480000000001,O=C(Nc1ccc(Br)cn1)c1ccc(C(F)(F)F)cc1,True,4.1152000000000015,0.4937200000000006,0.3888888888888889,False,True
3.0,bin,9,-0.007009983062744141,-0.014019966125488281,0.0,913483,O=C(CNC(=O)NCCc1c(Cl)cccc1Cl)NC1CC1,2.1137000000000006,CC(CCC#N)NC(=O)NCC(=O)NCCc1c(F)cccc1F,True,1.61498,-0.4987200000000005,0.3333333333333333,False,True
3.0,bin,9,-0.007009983062744141,-0.014019966125488281,0.0,917620,C=CCN(Cc1ccccc1OC)C(=O)c1csc(C)n1,3.288520000000002,C=CCN(Cc1ccccc1)C(=O)c1csc(C)n1,True,3.2799200000000024,-0.008599999999999497,0.6862745098039216,False,True
3.0,bin,9,-0.007009983062744141,-0.014019966125488281,0.0,918312,CCOc1ccc(Cl)c(C(=O)N2CCN(c3ncccn3)CC2)n1,1.8860999999999997,O=C(c1cc(Cl)ccn1)N1CCN(c2ncc(Cl)cn2)CC1,True,2.1407999999999996,0.2546999999999999,0.39655172413793105,False,True
3.0,bin,9,-0.007009983062744141,-0.014019966125488281,0.0,922879,CC(=O)c1ccc(N2CCN(Cc3c(F)cccc3F)CC2)cc1,3.489600000000003,Fc1ccc(CN2CCN(c3ccc(F)cc3F)CC2)cc1,True,3.4261000000000017,-0.06350000000000122,0.3076923076923077,False,True
3.0,bin,9,-0.007009983062744141,-0.014019966125488281,0.0,927535,COc1cc(CN2CCN(c3ccccc3F)CC2)ccc1O,2.862100000000002,Oc1ccc(CN2CCN(c3ccccc3)CC2)c(F)c1,True,2.8535000000000013,-0.00860000000000083,0.375,False,True
3.0,bin,9,-0.007009983062744141,-0.014019966125488281,0.0,927567,Cc1ccccc1N1CCN(Cc2cccc(O)c2)CC1,3.022820000000001,COc1ccccc1N1CCN(Cc2cccc(O)c2)CC1,True,2.7230000000000008,-0.2998200000000004,0.7045454545454546,False,False
3.0,bin,9,-0.007009983062744141,-0.014019966125488281,0.0,938108,CC(c1ccccc1)N(C)C(=O)CCC(=O)Nc1nccs1,3.0814000000000012,CC(c1ccccc1)N(C)C(=O)CCC(=O)Nc1nccs1,True,3.0814000000000012,0.0,1.0,True,False
3.0,bin,9,-0.007009983062744141,-0.014019966125488281,0.0,943303,CN(CCCOc1ccccc1)C(=O)Nc1cccc2c1OCCO2,3.390600000000002,O=C(NCCCOc1ccccc1)Nc1cccc2c1OCCO2,True,3.048400000000001,-0.34220000000000095,0.6545454545454545,False,True
3.0,bin,9,-0.007009983062744141,-0.014019966125488281,0.0,946289,CC(NC(=O)C1(c2cc(-c3ccco3)on2)CC1)c1ccccc1,3.843600000000002,CCN(Cc1ccccc1)C(=O)C1N=C1C=C(O)c1ccco1,True,3.0504000000000016,-0.7932000000000006,0.21333333333333335,False,True
3.0,bin,9,-0.007009983062744141,-0.014019966125488281,0.0,994077,Cc1nnc(Cn2c(-c3cccc(Br)c3)noc2=O)o1,2.0055199999999997,CCCn1c(-c2ccccc2F)noc1=NOC(=O)NCC,True,2.2539999999999996,0.2484799999999998,0.19480519480519481,False,True
3.0,bin,9,-0.007009983062744141,-0.014019966125488281,0.0,1065620,O=C(NCc1cccnc1Oc1ccccc1)c1cccnc1,3.198900000000002,C#N,True,0.13978,-3.059120000000002,0.0,False,True
3.0,bin,9,-0.007009983062744141,-0.014019966125488281,0.0,1093926,CN(C(=O)CNc1cccc(OCC2CCCO2)c1)c1ccccc1,3.319300000000002,O=C(CNc1ccccc1)Nc1cccc(OCC2CCCO2)c1,True,3.2950000000000017,-0.02430000000000021,0.6779661016949152,False,False
3.0,bin,9,-0.007009983062744141,-0.014019966125488281,0.0,1107920,CCc1ccc(-n2cc(C(=O)NC(C)c3ccccc3)nn2)cc1,3.320700000000002,Cc1ccccc1C(C)N(C)C(=O)c1cn(-c2ccccc2)nn1,True,3.408920000000002,0.08821999999999974,0.4098360655737705,False,True
3.0,bin,9,-0.007009983062744141,-0.014019966125488281,0.0,1113130,CC(NC(=O)Cn1nnnc1C(C)(C)C)c1cccc2ccccc12,3.0012000000000016,C=C(NC(=O)C(NC=NN=N)C(C)(C)C)c1cccc2ccccc12,True,3.9052700000000025,0.9040700000000008,0.25675675675675674,False,True
3.0,bin,9,-0.007009983062744141,-0.014019966125488281,0.0,1121751,COC(=O)Cn1ccc(NS(=O)(=O)c2ccc(F)c(F)c2F)n1,1.2742,COC(=O)Cn1ccc(NS(=O)(=O)c2ccc(C)cc2)n1,True,1.1653200000000001,-0.10887999999999987,0.6153846153846154,False,True
3.0,bin,9,-0.007009983062744141,-0.014019966125488281,0.0,1142531,CCOC(C)C(=O)NCCc1csc(-c2ccc(C)cc2)n1,3.2022200000000014,Cc1ccc(-c2nc(CCNC(=O)NC(C)C)cs2)cc1,True,3.3686200000000017,0.16640000000000033,0.660377358490566,False,True
3.0,bin,9,-0.007009983062744141,-0.014019966125488281,0.0,1212157,CN(Cc1ccc(F)c(F)c1)C(=O)c1cncc(-c2cnn(C)c2)c1,3.0325000000000015,O=C(C=CN=CCc1cn[nH]c1)NCc1ccccc1Cl,True,2.506500000000001,-0.5260000000000007,0.12941176470588237,False,True
3.0,bin,9,-0.007009983062744141,-0.014019966125488281,0.0,1215394,CCn1nc(C)cc1C(=O)Oc1cccc(NC(=O)C(C)C)c1,3.025120000000001,CCn1nc(C)cc1C(=O)Oc1ccc(C(=O)OC(C)C)cc1,True,2.995820000000002,-0.029299999999999216,0.5614035087719298,False,True
3.0,bin,9,-0.007009983062744141,-0.014019966125488281,0.0,1232922,CC(C)(C)OC(=O)NC1CCCN(S(=O)(=O)N2CCOCC2)C1,0.5525000000000011,CC(C)(C)OC(=O)C1CCCN(S(=O)(=O)N2CCOCC2)C1,True,0.6171000000000011,0.06459999999999999,0.6530612244897959,False,True
3.0,bin,9,-0.007009983062744141,-0.014019966125488281,0.0,1238973,FC(F)(F)c1cnc(N2CCn3c(nnc3C3CC3)C2)c(Cl)c1,3.2429000000000023,N=C1c2nnc(C3CC3Cl)n2CCN1C1CC(Cl)=CN1,True,1.41337,-1.8295300000000023,0.2054794520547945,False,True
3.0,bin,9,-0.007009983062744141,-0.014019966125488281,0.0,1299495,Cc1cc(CC(=O)N2CCCC2C(C#N)c2ccccc2)no1,2.823900000000001,Cc1ccc(C(C#N)C2CCCN2C(=O)Cc2ccon2)cc1,True,2.823900000000001,0.0,0.6451612903225806,False,True
3.0,bin,9,-0.007009983062744141,-0.014019966125488281,0.0,1309906,CC(C)CC(NC(=O)c1cc(=O)c2ccccc2o1)C(=O)OC(C)C,2.8891000000000018,CC(C)CC(C)N(C)C(=O)c1cc(=O)c2ccccc2o1,True,3.2996000000000016,0.41049999999999986,0.5272727272727272,False,True
3.0,bin,9,-0.007009983062744141,-0.014019966125488281,0.0,1362816,COCc1cccc(C(=O)NC2CC2c2cccc(Cl)c2)c1,3.772300000000002,O=C(NC1CC1c1ccc(Cl)cc1)c1ccccc1,True,3.6259000000000023,-0.14639999999999986,0.49056603773584906,False,True
3.0,bin,9,-0.007009983062744141,-0.014019966125488281,0.0,1441838,COCC(=O)NC(C(=O)Nc1cccc(-c2nccs2)c1)C(C)C,2.5358,COC(=O)C(C)OC(=O)c1cccc(-c2nccs2)c1,True,2.5284000000000004,-0.007399999999999629,0.46875,False,True
3.0,bin,9,-0.007009983062744141,-0.014019966125488281,0.0,1450449,CCCNC(=O)CSc1nc2c(cc1C#N)CCCC2,2.450380000000001,CCN(CC)C(=O)CSc1nc2c(cc1C#N)CCCC2,True,2.792580000000001,0.34220000000000006,0.6666666666666666,False,False
3.0,bin,9,-0.007009983062744141,-0.014019966125488281,0.0,1451910,O=S(=O)(NCc1nnc2ccccn12)c1ccc(F)c(F)c1,1.4859999999999995,O=S(=O)(NCc1nnc2ccccn12)c1ccccc1F,True,1.3468999999999998,-0.13909999999999978,0.6875,False,False
3.0,bin,9,-0.007009983062744141,-0.014019966125488281,0.0,1479798,Cc1nc(C)c(CCC(=O)N(CC(C)C)CC(F)(F)F)c(=O)[nH]1,2.3662400000000003,Cc1nc(C)c(CCC(=O)N(C)C(C)CCC(C)C)c(=O)[nH]1,True,2.6024400000000005,0.2362000000000002,0.6037735849056604,False,True
3.0,bin,9,-0.007009983062744141,-0.014019966125488281,0.0,1507926,COC(=O)C(C)NC(=O)Cc1csc(-c2ccccc2Cl)n1,2.6837,CCOC(=O)CNC(=O)Cc1csc(-c2ccccc2C)n1,True,2.34032,-0.3433799999999998,0.48333333333333334,False,True
3.0,bin,9,-0.007009983062744141,-0.014019966125488281,0.0,1527882,Nc1ncccc1C(=O)Nc1ccc2cn[nH]c2c1,1.7923999999999998,Nc1ncccc1C(=O)Nc1ccc2cn[nH]c2c1,True,1.7923999999999998,0.0,1.0,True,False
3.0,bin,9,-0.007009983062744141,-0.014019966125488281,0.0,1532848,COc1ccc(-c2ccc3c(=O)[nH]cnc3c2)cc1Cl,3.2521000000000013,O=CNC=Nc1cccc(-c2cccc(Br)c2)c1,True,3.5219000000000014,0.26980000000000004,0.1111111111111111,False,True
3.0,bin,9,-0.007009983062744141,-0.014019966125488281,0.0,1548351,COc1cc(OC)c2c(c1)C(c1cnccn1)NCC2,1.7288999999999999,COc1ccc2c(c1)C(c1cnccn1)NCC2,True,1.7202999999999995,-0.008600000000000385,0.6530612244897959,False,True
3.0,bin,9,-0.007009983062744141,-0.014019966125488281,0.0,1570134,COc1cccc(C(C)N2CCN(C(=O)c3ccc(O)cc3)CC2)c1,2.9198000000000013,CC(c1ccccc1O)N1CCN(C(=O)c2ccc(O)cc2)CC1,True,2.6168000000000005,-0.3030000000000008,0.5686274509803921,False,True
3.0,bin,9,-0.007009983062744141,-0.014019966125488281,0.0,1611406,CC(C)(C)N1CC(NC(=O)C2COc3ccc(F)cc3C2)CC1=O,1.8923999999999994,CC1(NC(=O)C2COc3ccc(C(F)(F)F)cc3C2)CNC(=O)C1,True,1.6512999999999998,-0.24109999999999965,0.4166666666666667,False,True
3.0,bin,9,-0.007009983062744141,-0.014019966125488281,0.0,1612684,CCCC1CN(C(=O)Nc2ccn(CCC(C)C)n2)CCO1,2.9620000000000015,CC1CCN2C=CC(NC(=O)NCC(C)OC(C)C(F)(F)F)(C1)N2,True,2.1016,-0.8604000000000016,0.14444444444444443,False,True
3.0,bin,9,-0.007009983062744141,-0.014019966125488281,0.0,1639675,CCC(CC)c1nnc(NC(=O)c2scnc2C2CC2)s1,4.0279000000000025,C=C(SC=NN=CNC(=O)c1scnc1CCC)C(F)(F)F,True,3.606200000000002,-0.4217000000000004,0.24324324324324326,False,True
3.0,bin,9,-0.007009983062744141,-0.014019966125488281,0.0,1675660,COc1ccnc(NC(=O)c2cccc(Cl)c2)c1,2.9959000000000007,O=C(Nc1ccccn1)c1cccc(Br)c1,True,3.096400000000002,0.10050000000000114,0.44,False,False
3.0,bin,9,-0.007009983062744141,-0.014019966125488281,0.0,1689728,CCc1noc(CSc2ncnc3sc(C)cc23)n1,3.237420000000002,CC=C1C(SCc2nc(C)no2)=Nc2sc(C)cc21,True,4.128240000000003,0.8908200000000006,0.34375,False,True
3.0,bin,9,-0.007009983062744141,-0.014019966125488281,0.0,1720876,CC(C)(C)CC(=O)NCC(=O)Nc1ccc2c(c1)COC2,2.2077,CCN(CC)C(=O)CCC(=O)Nc1ccc2c(c1)COC2,True,2.3039000000000005,0.09620000000000051,0.5294117647058824,False,True
3.0,bin,9,-0.007009983062744141,-0.014019966125488281,0.0,1757109,CC(C)Cc1ncc(CNc2ccc3c(c2)COC3)s1,3.983900000000003,CC(C)(C)c1ncc(CNc2ccc3c(c2)COC3)s1,True,4.082900000000003,0.0990000000000002,0.64,False,True
3.0,bin,9,-0.007009983062744141,-0.014019966125488281,0.0,1774061,O=C1NCCCc2[nH]c(-c3cccc4[nH]ccc34)nc21,2.234,O=C1NCCCc2[nH]c(-c3cccc4[nH]ccc34)nc21,True,2.234,0.0,1.0,True,False
3.0,bin,9,-0.007009983062744141,-0.014019966125488281,0.0,1800687,Cc1nn(C)c(-c2nc(-c3cccnn3)no2)c1Cl,1.8889199999999997,Cn1nc(Cl)cc1-c1nc(-c2cccnn2)no1,True,1.5804999999999993,-0.30842000000000036,0.62,False,True
3.0,bin,9,-0.007009983062744141,-0.014019966125488281,0.0,1815867,FC(F)(F)c1ccc(CN2CCOCC2c2ncon2)cc1,2.661900000000001,ClC=CC=CCCN1CCOCC1c1ncon1,True,2.1417,-0.5202000000000009,0.5263157894736842,False,True
3.0,bin,9,-0.007009983062744141,-0.014019966125488281,0.0,1828580,Cc1ccc(N2CC3OCC(=O)N(Cc4cccc(F)c4)C3C2)nn1,1.54032,NC(=O)COc1cccc(CN2CC3C2CCN3Cc2cccnn2)c1,True,0.7993999999999992,-0.7409200000000007,0.21348314606741572,False,True
3.0,bin,9,-0.007009983062744141,-0.014019966125488281,0.0,1836183,CCc1ccc(C(=O)NCc2nccc(N(C)C)n2)cc1,2.035,CCc1cc(C(=O)NCc2nccc(C)n2)ccc1O,True,1.9830200000000002,-0.051979999999999915,0.5,False,True
3.0,bin,9,-0.007009983062744141,-0.014019966125488281,0.0,1842499,COc1ccccc1COc1ccccc1-c1cnn(CCO)c1,3.1300000000000017,OCCn1cc(-c2ccccc2OCc2ccccc2O)cn1,True,2.827000000000001,-0.3030000000000008,0.7659574468085106,False,True
3.0,bin,9,-0.007009983062744141,-0.014019966125488281,0.0,1865564,COC(CNC(=O)c1ccoc1)c1cccc(F)c1,2.536200000000001,O=C(NCCc1cccc(F)c1)c1ccoc1,True,2.3912000000000004,-0.14500000000000046,0.5471698113207547,False,True
3.0,bin,9,-0.007009983062744141,-0.014019966125488281,0.0,1868773,CCCOc1ccc(Cl)c2c1CCNC2C1CC(=O)C1,3.2947000000000015,CC(C)(C)Oc1cccc2c1CCNC21CCC(=O)C1,True,2.9579000000000013,-0.3368000000000002,0.2318840579710145,False,True
3.0,bin,9,-0.007009983062744141,-0.014019966125488281,0.0,1873123,CCC1OC(=O)c2c(OC)ccc(Br)c21,3.079200000000002,CCC1OC(=O)c2c(Br)cccc21,True,3.0706000000000016,-0.008600000000000385,0.5121951219512195,False,True
3.0,bin,9,-0.007009983062744141,-0.014019966125488281,0.0,1875028,Cc1cccc(C)c1NCC(=O)N1CCCC2CCCCC21,3.8965400000000034,CCc1ccccc1NCC(=O)N1CCCC2CCCCC21,True,3.842100000000003,-0.05444000000000049,0.6458333333333334,False,True
3.0,bin,9,-0.007009983062744141,-0.014019966125488281,0.0,1895921,CCC(CC)N(C)C(=O)CC1OC(=O)c2ccccc21,2.935200000000002,CCC(CC)N(C)C(=O)C1OC(=O)c2ccccc21,True,2.5451000000000006,-0.3901000000000012,0.6444444444444445,False,True
3.0,bin,9,-0.007009983062744141,-0.014019966125488281,0.0,1907077,Cc1ccc2[nH]nc(C(=O)Nc3nc(-c4ccco4)cs3)c2c1,3.8401200000000015,Cc1ccc2[nH]nc(C(=O)Nc3nc(-c4ccco4)cs3)c2c1,True,3.8401200000000015,0.0,1.0,True,False
3.0,bin,9,-0.007009983062744141,-0.014019966125488281,0.0,1913063,Cc1nn(C)c(C)c1CN(C(=O)c1cn2cccc(C)c2n1)C1CC1,2.797860000000001,CC1=CCC=C2NC=C(C(=O)N3Cc4c(C)n[nH]c4CC(N)C3)C12,True,1.2673200000000002,-1.5305400000000007,0.14285714285714285,False,True
3.0,bin,9,-0.007009983062744141,-0.014019966125488281,0.0,1922265,CN(CCNC(=O)c1ccc2c(c1)ncn2C)c1ccccc1,2.4395000000000007,Cn1cncc2c(C(=O)NCCNc3ccccc3)ccc1-2,True,2.3668000000000005,-0.07270000000000021,0.3283582089552239,False,True
3.0,bin,10,0.007009983062744141,0.0,0.014019966125488281,32052,COc1ccccc1CNC(=O)Cc1c[nH]c2ccccc12,3.035400000000001,COc1cccc(CNC(=O)Cc2c[nH]c3ccccc23)c1,True,3.035400000000001,0.0,0.66,False,False
3.0,bin,10,0.007009983062744141,0.0,0.014019966125488281,116747,COCCSc1ccccc1C(=O)Nc1cccc(C)n1,3.3808200000000017,COCCSc1ccccc1C(=O)Nc1cc(C)ccn1,True,3.3808200000000017,0.0,0.6538461538461539,False,False
3.0,bin,10,0.007009983062744141,0.0,0.014019966125488281,131060,CS(=O)(=O)NCCc1csc(-c2ccc(F)cc2)n1,2.0408999999999997,CS(=O)(=O)NCCc1csc(-c2ccc(F)cc2)n1,True,2.0408999999999997,0.0,1.0,True,False
3.0,bin,10,0.007009983062744141,0.0,0.014019966125488281,131949,CCc1c(C)nc(SCC(=O)NC(C)C)[nH]c1=O,1.25742,CCc1c(C)nc(SCC(=O)NC(C)C)[nH]c1=O,True,1.25742,0.0,1.0,True,False
3.0,bin,10,0.007009983062744141,0.0,0.014019966125488281,158879,COc1ccc(CC(=O)OCC(=O)c2c[nH]c3ccccc23)cc1,3.145100000000001,COc1cccc(CC(=O)OCC(=O)c2c[nH]c3ccccc23)c1,True,3.145100000000001,0.0,0.78,False,True
3.0,bin,10,0.007009983062744141,0.0,0.014019966125488281,232056,COCCNC(=O)c1cc(=O)c2cc(C)ccc2o1,1.4776199999999993,COCCNC(=O)c1cc(=O)c2cc(C)ccc2o1,True,1.4776199999999993,0.0,1.0,True,False
3.0,bin,10,0.007009983062744141,0.0,0.014019966125488281,235788,O=C(Cn1nc(-c2ccco2)oc1=O)NCC(F)(F)F,0.7747999999999999,O=C(Cn1nc(-c2ccco2)oc1=O)NCC(F)(F)F,True,0.7747999999999999,0.0,1.0,True,False
3.0,bin,10,0.007009983062744141,0.0,0.014019966125488281,236081,CC(=O)c1c(C)[nH]c(C(=O)CSc2nc(C(C)C)n[nH]2)c1C,3.0506400000000014,CC(=O)c1c(C)[nH]c(C(=O)CSc2nc(C(C)(C)C)n[nH]2)c1C,True,3.2247400000000015,0.17410000000000014,0.6862745098039216,False,True
3.0,bin,10,0.007009983062744141,0.0,0.014019966125488281,281081,O=C(Cn1cccn1)NCc1cccnc1Oc1ccc(F)cc1F,2.665000000000001,O=C(Cn1cccn1)NCc1cccnc1Oc1cc(F)ccc1F,True,2.665000000000001,0.0,0.8571428571428571,False,True
3.0,bin,10,0.007009983062744141,0.0,0.014019966125488281,284170,COc1ccc(-c2nc(CC(=O)Nc3cccc(C)n3)cs2)cc1,3.7033200000000024,COc1ccc(-c2nc(CC(=O)Nc3cc(C)ccn3)cs2)cc1,True,3.7033200000000024,0.0,0.6842105263157895,False,True
3.0,bin,10,0.007009983062744141,0.0,0.014019966125488281,288369,Cc1ccc(NCc2nnc3n2CCCCC3)cc1C,3.2334400000000016,Cc1ccc(NCc2nnc3n2CCCCC3)cc1C,True,3.2334400000000016,0.0,1.0,True,False
3.0,bin,10,0.007009983062744141,0.0,0.014019966125488281,302889,COc1ccc(OC)c(NC(=O)CCNC(=O)c2cccs2)c1,2.5239000000000003,COc1ccc(OC)c(NC(=O)CCNC(=O)c2cccs2)c1,True,2.5239000000000003,0.0,1.0,True,False
3.0,bin,10,0.007009983062744141,0.0,0.014019966125488281,327141,COc1ccc(OC)c(S(=O)(=O)Nc2ccn(C)n2)c1,1.2381,COc1ccc(OC)c(S(=O)(=O)Nc2ccn(C)n2)c1,True,1.2381,0.0,1.0,True,False
3.0,bin,10,0.007009983062744141,0.0,0.014019966125488281,327382,CNC(=O)C1CN(C(=O)c2c(C)noc2C)c2ccccc2O1,1.4452399999999996,CNC(=O)C1CN(C(=O)c2c(C)noc2C)c2ccccc2O1,True,1.4452399999999996,0.0,1.0,True,False
3.0,bin,10,0.007009983062744141,0.0,0.014019966125488281,406491,COCCNC(=O)C1CCCN(S(=O)(=O)N2CCOCC2)C1,-0.9619999999999964,COCCNC(=O)C1CCCN(S(=O)(=O)N2CCOCC2)C1,True,-0.9619999999999964,0.0,1.0,True,False
3.0,bin,10,0.007009983062744141,0.0,0.014019966125488281,413951,O=C(Cn1ncn2cccc2c1=O)N1CCCCCC1,0.8985999999999996,O=C(Cn1ncn2cccc2c1=O)N1CCCCCC1,True,0.8985999999999996,0.0,1.0,True,False
3.0,bin,10,0.007009983062744141,0.0,0.014019966125488281,427929,CCNc1nc(NCc2ccccc2Cl)c2cnn(C)c2n1,3.060600000000001,CCNc1nc(NCc2ccccc2Cl)c2cnn(C)c2n1,True,3.060600000000001,0.0,1.0,True,False
3.0,bin,10,0.007009983062744141,0.0,0.014019966125488281,447130,CCC(NC(=O)C1CCN(C(=O)C2CC2)CC1)c1ccc(C)cc1,3.2109200000000016,CCC(NC(=O)C1CCN(C(=O)C2CC2)CC1)c1ccc(C)cc1,True,3.2109200000000016,0.0,1.0,True,False
3.0,bin,10,0.007009983062744141,0.0,0.014019966125488281,481908,CCNS(=O)(=O)c1ccc(C)c(C(=O)Nc2ncccc2C)c1,2.24894,CCNS(=O)(=O)c1cc(C(=O)Nc2ncccc2C)ccc1C,True,2.24894,0.0,0.660377358490566,False,True
3.0,bin,10,0.007009983062744141,0.0,0.014019966125488281,485220,Cc1nn(CC(=O)N2CCN(C)CC2)c(C)c1Br,1.03644,Cc1nn(CC(=O)N2CCN(C)CC2)c(C)c1Br,True,1.03644,0.0,1.0,True,False
3.0,bin,10,0.007009983062744141,0.0,0.014019966125488281,526363,Cc1nnc(SCC(=O)Nc2ccc(O)cc2)n(N)c1=O,0.09692,Cc1nnc(SCC(=O)Nc2ccc(O)cc2)n(N)c1=O,True,0.09692,0.0,1.0,True,False
3.0,bin,10,0.007009983062744141,0.0,0.014019966125488281,536853,COc1ccc(C2CCCN2C(=O)C2CCC2)c(OC)c1,3.1674000000000015,COc1ccc(C2CCCN2C(=O)C2CCC2)c(OC)c1OC,True,3.176000000000002,0.008600000000000385,0.6875,False,True
3.0,bin,10,0.007009983062744141,0.0,0.014019966125488281,540312,Cc1nn(C)c2nc(C3CC3)cc(C(=O)NCC(=O)NC(C)(C)C)c12,1.7986199999999997,Cc1cc(C(=O)NCC(=O)NC(C)(C)C)cc(C2CC2)ncn(C)n1,True,1.7698199999999993,-0.02880000000000038,0.5230769230769231,False,True
3.0,bin,10,0.007009983062744141,0.0,0.014019966125488281,544381,Cc1nc(N2CCCC(C(=O)NC(C)C)C2)c2c(C)c(C)oc2n1,2.8890600000000006,Cc1nc(N2CCCC(C(=O)NCC(C)C)C2)c2c(C)c(C)oc2n1,True,3.136660000000002,0.24760000000000115,0.7857142857142857,False,True
3.0,bin,10,0.007009983062744141,0.0,0.014019966125488281,544382,CCCNC(=O)C1CCCN(c2nc(C)nc3oc(C)c(C)c23)C1,2.8906600000000013,CCCNC(=O)C1CCCN(c2nc(C)nc3oc(C)c(C)c23)C1,True,2.8906600000000013,0.0,1.0,True,False
3.0,bin,10,0.007009983062744141,0.0,0.014019966125488281,550049,Cc1ccc(C)c(OCC(=O)Nc2cccc(-n3cnnc3)c2)c1,2.9016400000000013,Cc1cc(C)cc(OCC(=O)Nc2cccc(-n3cnnc3)c2)c1,True,2.9016400000000013,0.0,0.7115384615384616,False,True
3.0,bin,10,0.007009983062744141,0.0,0.014019966125488281,573533,Cc1nn(-c2ncc(C(F)(F)F)cc2Cl)c(=O)o1,2.2011199999999995,CC=NN(Cl)c1ccc(C(F)(F)F)cn1,True,3.066300000000001,0.8651800000000014,0.25,False,True
3.0,bin,10,0.007009983062744141,0.0,0.014019966125488281,582555,O=C(NCC(O)c1ccccc1)c1ccc2c(=O)n3c(nc2c1)CCC3,1.8061000000000003,NC(=O)c1cccc2c1CC=C(C(=O)NCCCN=CC1=NC=CN=CN1)C=CCC(=O)NCC2O,True,0.442200000000001,-1.3638999999999992,0.125,False,True
3.0,bin,10,0.007009983062744141,0.0,0.014019966125488281,588547,Cc1n[nH]c(C)c1NC(=O)CCc1ccc(Cl)cc1Cl,3.9046400000000023,Cc1n[nH]c(C)c1NC(=O)CCc1ccc(Cl)cc1Cl,True,3.9046400000000023,0.0,1.0,True,False
3.0,bin,10,0.007009983062744141,0.0,0.014019966125488281,607673,CCCN(CC1CC1)S(=O)(=O)c1ccccc1F,2.636400000000001,CCCN(CC1CC1)S(=O)(=O)c1ccccc1F,True,2.636400000000001,0.0,1.0,True,False
3.0,bin,10,0.007009983062744141,0.0,0.014019966125488281,617681,Cc1cc(C(=O)Nc2nc(-c3ccncc3)cs2)nn1C(C)C,3.5432200000000016,CC(C)C(=CS)N=CNC(=O)C12C=C(C1)N(c1ccncc1)N2,True,2.0042999999999997,-1.5389200000000018,0.2125,False,True
3.0,bin,10,0.007009983062744141,0.0,0.014019966125488281,650267,COc1ccc2oc(C(=O)NC3CCCCNC3=O)c(C)c2c1,2.14832,COC=CC=COC(=O)C(=O)NC1CCCCNC1,True,0.4616999999999994,-1.6866200000000007,0.2222222222222222,False,True
3.0,bin,10,0.007009983062744141,0.0,0.014019966125488281,668639,Cc1cc(NC(=O)c2ccccc2Cl)ncc1N,2.8779200000000005,Cc1cc(NC(=O)c2ccccc2Cl)ncc1N,True,2.8779200000000005,0.0,1.0,True,False
3.0,bin,10,0.007009983062744141,0.0,0.014019966125488281,673160,CCC(=O)Nc1ccc2oc(C(F)(F)F)cc(=O)c2c1,3.160300000000001,CCC(=O)Nc1ccc2oc(C(F)(F)F)cc(=O)c2c1,True,3.160300000000001,0.0,1.0,True,False
3.0,bin,10,0.007009983062744141,0.0,0.014019966125488281,711169,Cc1cccc(C(C)C)c1NC(=O)N(C)Cc1ccncc1,4.177320000000003,Cc1cccc(C(C)C)c1NC(=O)N(C)Cc1ccncc1,True,4.177320000000003,0.0,1.0,True,False
3.0,bin,10,0.007009983062744141,0.0,0.014019966125488281,720969,Cc1noc(C)c1CCC(=O)OCC(=O)N1c2ccccc2CC1C,2.7450400000000013,Cc1noc(C)c1CCC(=O)OCC(=O)N1c2ccccc2CC1C,True,2.7450400000000013,0.0,1.0,True,False
3.0,bin,10,0.007009983062744141,0.0,0.014019966125488281,730789,COC(=O)C1CCN(C(=O)c2cc3ccc(F)cc3nc2C)CC1,2.7075200000000006,COC(=O)C1CCN(C(=O)c2cc3cc(F)ccc3nc2C)CC1,True,2.7075200000000006,0.0,0.84,False,True
3.0,bin,10,0.007009983062744141,0.0,0.014019966125488281,738178,Cc1ccc(-n2ccnc2SCc2nc(C3CC3)no2)cc1C,4.041840000000003,Cc1ccc(-n2ccnc2SCc2nc(C3CC3)no2)cc1C,True,4.041840000000003,0.0,1.0,True,False
3.0,bin,10,0.007009983062744141,0.0,0.014019966125488281,771897,COc1ccccc1OCC(=O)N(C)Cc1sccc1C,3.102520000000002,COc1ccc(OCC(=O)N(C)Cc2sccc2C)cc1,True,3.102520000000002,0.0,0.7021276595744681,False,False
3.0,bin,10,0.007009983062744141,0.0,0.014019966125488281,811446,COC(=O)C1(NC(=O)c2cc(Br)c[nH]2)CCCCCC1,2.7730000000000006,COC(=O)C1(NC(=O)c2cc(Br)c[nH]2)CCCCCC1,True,2.7730000000000006,0.0,1.0,True,False
3.0,bin,10,0.007009983062744141,0.0,0.014019966125488281,848291,CCC(C)NC(=O)NCc1noc(-c2cccs2)n1,2.3958000000000004,CCC(C)NC(=O)NCc1noc(-c2cccs2)n1,True,2.3958000000000004,0.0,1.0,True,False
3.0,bin,10,0.007009983062744141,0.0,0.014019966125488281,863440,COc1ccc(-c2nc(CCCO)cs2)cc1OC,2.752200000000001,COc1ccc(-c2nc(CCCO)cs2)cc1OC,True,2.752200000000001,0.0,1.0,True,False
3.0,bin,10,0.007009983062744141,0.0,0.014019966125488281,864663,N#Cc1ccc(-c2cc(F)ccc2F)nc1N1CCCC1,3.498680000000002,N#Cc1ccc(-c2ccc(F)cc2)nc1N1CCCC1,True,3.359580000000002,-0.1391,0.6818181818181818,False,False
3.0,bin,10,0.007009983062744141,0.0,0.014019966125488281,872100,CCc1cccc(C)c1NCC(O)c1ccc2c(c1)OCCO2,3.474120000000002,CCc1cccc(C)c1NCC(O)c1ccc2c(c1)OCCO2,True,3.474120000000002,0.0,1.0,True,False
3.0,bin,10,0.007009983062744141,0.0,0.014019966125488281,886334,COc1ccc(C(=O)N2CCCC(C(=O)N3CCCCC3)C2)c(O)c1,2.2655000000000003,COc1ccc(O)c(C(=O)N2CCCC(C(=O)N3CCCCC3)C2)c1,True,2.2655000000000003,0.0,0.8297872340425532,False,True
3.0,bin,10,0.007009983062744141,0.0,0.014019966125488281,887387,COCCNC(=O)N(Cc1cccc(F)c1)CC1CCCO1,2.1627,COCCNC(=O)N(Cc1ccc(F)cc1)CC1CCCO1,True,2.1627,0.0,0.7857142857142857,False,True
3.0,bin,10,0.007009983062744141,0.0,0.014019966125488281,889149,N#Cc1ccc(NC(=O)c2ccc(Br)cc2Cl)nc1,3.621480000000001,N#Cc1cccnc1NC(=O)c1ccc(Br)cc1Cl,True,3.621480000000001,0.0,0.5660377358490566,False,True
3.0,bin,10,0.007009983062744141,0.0,0.014019966125488281,913483,O=C(CNC(=O)NCCc1c(Cl)cccc1Cl)NC1CC1,2.1137000000000006,O=C(Cl)CNC(=O)NCCc1ccccc1Cl,True,1.9470999999999998,-0.16660000000000075,0.4583333333333333,False,True
3.0,bin,10,0.007009983062744141,0.0,0.014019966125488281,917620,C=CCN(Cc1ccccc1OC)C(=O)c1csc(C)n1,3.288520000000002,C=CCN(Cc1ccc(OC)cc1)C(=O)c1csc(C)n1,True,3.288520000000002,0.0,0.6666666666666666,False,True
3.0,bin,10,0.007009983062744141,0.0,0.014019966125488281,918312,CCOc1ccc(Cl)c(C(=O)N2CCN(c3ncccn3)CC2)n1,1.8860999999999997,CCOc1nc(Cl)ccc1C(=O)N1CCN(c2ncccn2)CC1,True,1.8861,4.440892098500626e-16,0.6,False,True
3.0,bin,10,0.007009983062744141,0.0,0.014019966125488281,922879,CC(=O)c1ccc(N2CCN(Cc3c(F)cccc3F)CC2)cc1,3.489600000000003,CC(=O)c1ccc(N2CCN(Cc3c(F)cccc3F)CC2)cc1,True,3.489600000000003,0.0,1.0,True,False
3.0,bin,10,0.007009983062744141,0.0,0.014019966125488281,927535,COc1cc(CN2CCN(c3ccccc3F)CC2)ccc1O,2.862100000000002,COc1ccc(CN2CCN(c3ccccc3OC)CC2)cc1F,True,3.1651000000000016,0.3029999999999995,0.6530612244897959,False,True
3.0,bin,10,0.007009983062744141,0.0,0.014019966125488281,927567,Cc1ccccc1N1CCN(Cc2cccc(O)c2)CC1,3.022820000000001,Cc1cccc(N2CCN(Cc3ccccc3O)CC2)c1,True,3.022820000000001,0.0,0.4117647058823529,False,True
3.0,bin,10,0.007009983062744141,0.0,0.014019966125488281,938108,CC(c1ccccc1)N(C)C(=O)CCC(=O)Nc1nccs1,3.0814000000000012,CC(c1ccccc1)N(C)C(=O)CCC(=O)Nc1nccs1,True,3.0814000000000012,0.0,1.0,True,False
3.0,bin,10,0.007009983062744141,0.0,0.014019966125488281,943303,CN(CCCOc1ccccc1)C(=O)Nc1cccc2c1OCCO2,3.390600000000002,CN(CCCOc1ccccc1)C(=O)Nc1cccc2c1OCCO2,True,3.390600000000002,0.0,1.0,True,False
3.0,bin,10,0.007009983062744141,0.0,0.014019966125488281,946289,CC(NC(=O)C1(c2cc(-c3ccco3)on2)CC1)c1ccccc1,3.843600000000002,C=C(NC(=O)C(CC)c1ccco1)c1cc(-c2ccco2)on1,True,3.808300000000002,-0.03530000000000033,0.373134328358209,False,True
3.0,bin,10,0.007009983062744141,0.0,0.014019966125488281,994077,Cc1nnc(Cn2c(-c3cccc(Br)c3)noc2=O)o1,2.0055199999999997,Cc1nnc(Cn2c(-c3cccc(Br)c3)noc2=O)o1,True,2.0055199999999997,0.0,1.0,True,False
3.0,bin,10,0.007009983062744141,0.0,0.014019966125488281,1065620,O=C(NCc1cccnc1Oc1ccccc1)c1cccnc1,3.198900000000002,O=C(NCc1cccnc1Oc1ccccc1)c1cccnc1,True,3.198900000000002,0.0,1.0,True,False
3.0,bin,10,0.007009983062744141,0.0,0.014019966125488281,1093926,CN(C(=O)CNc1cccc(OCC2CCCO2)c1)c1ccccc1,3.319300000000002,CN(C(=O)CNc1cccc(OCC2CCCO2)c1)c1ccccc1,True,3.319300000000002,0.0,1.0,True,False
3.0,bin,10,0.007009983062744141,0.0,0.014019966125488281,1107920,CCc1ccc(-n2cc(C(=O)NC(C)c3ccccc3)nn2)cc1,3.320700000000002,CCc1ccc(-n2cc(C(=O)NC(C)c3ccc(F)cc3)nn2)cc1,True,3.4598000000000013,0.1390999999999991,0.8,False,True
3.0,bin,10,0.007009983062744141,0.0,0.014019966125488281,1113130,CC(NC(=O)Cn1nnnc1C(C)(C)C)c1cccc2ccccc12,3.0012000000000016,CC1=CC=Cc2ccccc2CCC(C)(C)c2nnnn2CC(=O)N1,True,2.6303,-0.37090000000000156,0.1728395061728395,False,True
3.0,bin,10,0.007009983062744141,0.0,0.014019966125488281,1121751,COC(=O)Cn1ccc(NS(=O)(=O)c2ccc(F)c(F)c2F)n1,1.2742,COC(=O)Cn1ccc(NS(=O)(=O)c2ccc(F)c(F)c2)n1,True,1.1351,-0.1391,0.6923076923076923,False,True
3.0,bin,10,0.007009983062744141,0.0,0.014019966125488281,1142531,CCOC(C)C(=O)NCCc1csc(-c2ccc(C)cc2)n1,3.2022200000000014,CCOC(C)C(=O)NCCc1csc(-c2ccc(C)cc2)n1,True,3.2022200000000014,0.0,1.0,True,False
3.0,bin,10,0.007009983062744141,0.0,0.014019966125488281,1212157,CN(Cc1ccc(F)c(F)c1)C(=O)c1cncc(-c2cnn(C)c2)c1,3.0325000000000015,CN(Cc1ccc(F)c(F)c1)C(=O)c1cncc(-c2cnn(C)c2)c1,True,3.0325000000000015,0.0,1.0,True,False
3.0,bin,10,0.007009983062744141,0.0,0.014019966125488281,1215394,CCn1nc(C)cc1C(=O)Oc1cccc(NC(=O)C(C)C)c1,3.025120000000001,CCn1nc(C)cc1C(=O)Oc1cccc(NC(=O)C(C)(C)C)c1,True,3.4152200000000015,0.39010000000000034,0.7407407407407407,False,True
3.0,bin,10,0.007009983062744141,0.0,0.014019966125488281,1232922,CC(C)(C)OC(=O)NC1CCCN(S(=O)(=O)N2CCOCC2)C1,0.5525000000000011,CC(C)(C)OC(=O)NC1CCCN(S(=O)(=O)N2CCOCC2)C1,True,0.5525000000000011,0.0,1.0,True,False
3.0,bin,10,0.007009983062744141,0.0,0.014019966125488281,1238973,FC(F)(F)c1cnc(N2CCn3c(nnc3C3CC3)C2)c(Cl)c1,3.2429000000000023,FC(F)(F)c1cnc(N2CCn3c(nnc3C3CC3)C2)c(Cl)c1,True,3.2429000000000023,0.0,1.0,True,False
3.0,bin,10,0.007009983062744141,0.0,0.014019966125488281,1299495,Cc1cc(CC(=O)N2CCCC2C(C#N)c2ccccc2)no1,2.823900000000001,Cc1cc(CC(=O)N2CCCC2C(C#N)c2ccccc2)no1,True,2.823900000000001,0.0,1.0,True,False
3.0,bin,10,0.007009983062744141,0.0,0.014019966125488281,1309906,CC(C)CC(NC(=O)c1cc(=O)c2ccccc2o1)C(=O)OC(C)C,2.8891000000000018,CC1CC(NC(=O)C=CC(=O)c2cccc(OC(C)C)c2O)(C(N)=O)C1,True,1.6885,-1.2006000000000019,0.1728395061728395,False,True
3.0,bin,10,0.007009983062744141,0.0,0.014019966125488281,1362816,COCc1cccc(C(=O)NC2CC2c2cccc(Cl)c2)c1,3.772300000000002,COCc1cccc(C(=O)NC2CC2c2ccc(Cl)c(F)c2)c1,True,3.911400000000002,0.1391,0.7454545454545455,False,True
3.0,bin,10,0.007009983062744141,0.0,0.014019966125488281,1441838,COCC(=O)NC(C(=O)Nc1cccc(-c2nccs2)c1)C(C)C,2.5358,COCC(=O)NC(C(=O)Nc1cccc(-c2nccs2)c1)C(C)C,True,2.5358,0.0,1.0,True,False
3.0,bin,10,0.007009983062744141,0.0,0.014019966125488281,1450449,CCCNC(=O)CSc1nc2c(cc1C#N)CCCC2,2.450380000000001,CCCNC(=O)CSc1nc2c(cc1C#N)CCCC2,True,2.450380000000001,0.0,1.0,True,False
3.0,bin,10,0.007009983062744141,0.0,0.014019966125488281,1451910,O=S(=O)(NCc1nnc2ccccn12)c1ccc(F)c(F)c1,1.4859999999999995,O=S(=O)(NCc1nnc2ccccn12)c1ccc(F)c(F)c1,True,1.4859999999999995,0.0,1.0,True,False
3.0,bin,10,0.007009983062744141,0.0,0.014019966125488281,1479798,Cc1nc(C)c(CCC(=O)N(CC(C)C)CC(F)(F)F)c(=O)[nH]1,2.3662400000000003,Cc1nc(C)c(CCC(=O)N(CC(C)C)CC(F)(F)F)c(=O)[nH]1,True,2.3662400000000003,0.0,1.0,True,False
3.0,bin,10,0.007009983062744141,0.0,0.014019966125488281,1507926,COC(=O)C(C)NC(=O)Cc1csc(-c2ccccc2Cl)n1,2.6837,COC(=O)C(C)NC(=O)Cc1csc(-c2ccccc2Cl)n1,True,2.6837,0.0,1.0,True,False
3.0,bin,10,0.007009983062744141,0.0,0.014019966125488281,1527882,Nc1ncccc1C(=O)Nc1ccc2cn[nH]c2c1,1.7923999999999998,Nc1ncccc1C(=O)Nc1ccc2cn[nH]c2c1,True,1.7923999999999998,0.0,1.0,True,False
3.0,bin,10,0.007009983062744141,0.0,0.014019966125488281,1532848,COc1ccc(-c2ccc3c(=O)[nH]cnc3c2)cc1Cl,3.2521000000000013,COc1ccc(-c2ccc3c(=O)[nH]cnc3c2)c(Cl)c1,True,3.2521000000000013,0.0,0.6458333333333334,False,True
3.0,bin,10,0.007009983062744141,0.0,0.014019966125488281,1548351,COc1cc(OC)c2c(c1)C(c1cnccn1)NCC2,1.7288999999999999,COc1cc2c(c(OC)c1)C(c1cnccn1)NCC2,True,1.7288999999999999,0.0,0.673469387755102,False,False
3.0,bin,10,0.007009983062744141,0.0,0.014019966125488281,1570134,COc1cccc(C(C)N2CCN(C(=O)c3ccc(O)cc3)CC2)c1,2.9198000000000013,COc1cccc(C(C)N2CCN(C(=O)c3cccc(O)c3)CC2)c1,True,2.9198000000000013,0.0,0.8125,False,True
3.0,bin,10,0.007009983062744141,0.0,0.014019966125488281,1611406,CC(C)(C)N1CC(NC(=O)C2COc3ccc(F)cc3C2)CC1=O,1.8923999999999994,CC(C)(C)N1CC(NC(=O)C2COc3ccc(F)cc3C2)CC1=O,True,1.8923999999999994,0.0,1.0,True,False
3.0,bin,10,0.007009983062744141,0.0,0.014019966125488281,1612684,CCCC1CN(C(=O)Nc2ccn(CCC(C)C)n2)CCO1,2.9620000000000015,CCCC1CN(C(=O)Nc2ccn(CCC(C)C)n2)CCO1,True,2.9620000000000015,0.0,1.0,True,False
3.0,bin,10,0.007009983062744141,0.0,0.014019966125488281,1639675,CCC(CC)c1nnc(NC(=O)c2scnc2C2CC2)s1,4.0279000000000025,CCC(CC)c1nnc(NC(=O)c2scnc2C2CC2)s1,True,4.0279000000000025,0.0,1.0,True,False
3.0,bin,10,0.007009983062744141,0.0,0.014019966125488281,1675660,COc1ccnc(NC(=O)c2cccc(Cl)c2)c1,2.9959000000000007,COc1ccc(C(=O)Nc2cc(Cl)cc(O)n2)cc1,True,2.7015000000000002,-0.29440000000000044,0.46153846153846156,False,True
3.0,bin,10,0.007009983062744141,0.0,0.014019966125488281,1689728,CCc1noc(CSc2ncnc3sc(C)cc23)n1,3.237420000000002,CCc1noc(CSc2ncnc3sc(C)cc23)n1,True,3.237420000000002,0.0,1.0,True,False
3.0,bin,10,0.007009983062744141,0.0,0.014019966125488281,1720876,CC(C)(C)CC(=O)NCC(=O)Nc1ccc2c(c1)COC2,2.2077,CC(C)(C)CC(=O)NCC(=O)Nc1ccc2c(c1)COC2,True,2.2077,0.0,1.0,True,False
3.0,bin,10,0.007009983062744141,0.0,0.014019966125488281,1757109,CC(C)Cc1ncc(CNc2ccc3c(c2)COC3)s1,3.983900000000003,CC(C)Cc1ncc(CNc2ccc3c(c2)COC3)s1,True,3.983900000000003,0.0,1.0,True,False
3.0,bin,10,0.007009983062744141,0.0,0.014019966125488281,1774061,O=C1NCCCc2[nH]c(-c3cccc4[nH]ccc34)nc21,2.234,O=C1NCCCc2[nH]c(-c3cccc4[nH]ccc34)nc21,True,2.234,0.0,1.0,True,False
3.0,bin,10,0.007009983062744141,0.0,0.014019966125488281,1800687,Cc1nn(C)c(-c2nc(-c3cccnn3)no2)c1Cl,1.8889199999999997,CN1N=CCC(Cl)=CN=C1c1cccnn1,True,1.6246999999999998,-0.2642199999999999,0.3220338983050847,False,True
3.0,bin,10,0.007009983062744141,0.0,0.014019966125488281,1815867,FC(F)(F)c1ccc(CN2CCOCC2c2ncon2)cc1,2.661900000000001,FC(F)(F)c1ccc(CN2CCOCC2c2ncon2)cc1,True,2.661900000000001,0.0,1.0,True,False
3.0,bin,10,0.007009983062744141,0.0,0.014019966125488281,1828580,Cc1ccc(N2CC3OCC(=O)N(Cc4cccc(F)c4)C3C2)nn1,1.54032,Cc1ccc(N2CCOCC(=O)N(Cc3cccc(F)c3)CC2)nn1,True,1.78952,0.2492000000000001,0.5522388059701493,False,True
3.0,bin,10,0.007009983062744141,0.0,0.014019966125488281,1836183,CCc1ccc(C(=O)NCc2nccc(N(C)C)n2)cc1,2.035,CCc1ccc(C(=O)NCc2nccc(N(C)C)n2)cc1,True,2.035,0.0,1.0,True,False
3.0,bin,10,0.007009983062744141,0.0,0.014019966125488281,1842499,COc1ccccc1COc1ccccc1-c1cnn(CCO)c1,3.1300000000000017,COc1ccc(COc2ccccc2-c2cnn(CCO)c2)cc1,True,3.1300000000000017,0.0,0.72,False,True
3.0,bin,10,0.007009983062744141,0.0,0.014019966125488281,1865564,COC(CNC(=O)c1ccoc1)c1cccc(F)c1,2.536200000000001,COC(CNC(=O)c1ccoc1)c1cccc(F)c1F,True,2.675300000000001,0.1391,0.660377358490566,False,True
3.0,bin,10,0.007009983062744141,0.0,0.014019966125488281,1868773,CCCOc1ccc(Cl)c2c1CCNC2C1CC(=O)C1,3.2947000000000015,CCCOc1ccc(Cl)c2c1CCNC21CCC(=O)C1,True,3.222800000000001,-0.0719000000000003,0.4915254237288136,False,True
3.0,bin,10,0.007009983062744141,0.0,0.014019966125488281,1873123,CCC1OC(=O)c2c(OC)ccc(Br)c21,3.079200000000002,CCC1OC(=O)c2c(OC)ccc(Br)c21,True,3.079200000000002,0.0,1.0,True,False
3.0,bin,10,0.007009983062744141,0.0,0.014019966125488281,1875028,Cc1cccc(C)c1NCC(=O)N1CCCC2CCCCC21,3.8965400000000034,Cc1cccc(C)c1NCC(=O)N1CCCC2CCCCC21,True,3.8965400000000034,0.0,1.0,True,False
3.0,bin,10,0.007009983062744141,0.0,0.014019966125488281,1895921,CCC(CC)N(C)C(=O)CC1OC(=O)c2ccccc21,2.935200000000002,CCC(CC)N(C)C(=O)CC1OC(=O)c2ccccc21,True,2.935200000000002,0.0,1.0,True,False
3.0,bin,10,0.007009983062744141,0.0,0.014019966125488281,1907077,Cc1ccc2[nH]nc(C(=O)Nc3nc(-c4ccco4)cs3)c2c1,3.8401200000000015,Cc1ccc2[nH]nc(C(=O)Nc3nc(-c4ccco4)cs3)c2c1,True,3.8401200000000015,0.0,1.0,True,False
3.0,bin,10,0.007009983062744141,0.0,0.014019966125488281,1913063,Cc1nn(C)c(C)c1CN(C(=O)c1cn2cccc(C)c2n1)C1CC1,2.797860000000001,Cc1ccc2[nH]cc(C(=O)N(Cc3cn(C)nc3C)C3CC3)nc1-2,True,2.669640000000001,-0.12821999999999978,0.40540540540540543,False,True
3.0,bin,10,0.007009983062744141,0.0,0.014019966125488281,1922265,CN(CCNC(=O)c1ccc2c(c1)ncn2C)c1ccccc1,2.4395000000000007,CN(CCNC(=O)c1ccc2c(c1)ncn2C)c1ccccc1,True,2.4395000000000007,0.0,1.0,True,False
3.0,bin,11,0.0693100094795227,0.014019966125488281,0.12460005283355713,32052,COc1ccccc1CNC(=O)Cc1c[nH]c2ccccc12,3.035400000000001,CN(CC1(O)C=CC=COC1)C(=O)Cc1c[nH]c2ccccc12,True,1.9999999999999996,-1.0354000000000014,0.36363636363636365,False,True
3.0,bin,11,0.0693100094795227,0.014019966125488281,0.12460005283355713,116747,COCCSc1ccccc1C(=O)Nc1cccc(C)n1,3.3808200000000017,Cc1cccc(NC(=O)c2ccc(F)cc2Br)n1,True,3.5439200000000017,0.16310000000000002,0.45454545454545453,False,False
3.0,bin,11,0.0693100094795227,0.014019966125488281,0.12460005283355713,131060,CS(=O)(=O)NCCc1csc(-c2ccc(F)cc2)n1,2.0408999999999997,CS(=O)(=O)NCCc1csc(-c2ccccc2)n1,True,1.9018,-0.13909999999999978,0.7619047619047619,False,True
3.0,bin,11,0.0693100094795227,0.014019966125488281,0.12460005283355713,131949,CCc1c(C)nc(SCC(=O)NC(C)C)[nH]c1=O,1.25742,Cc1nc(SCC(=O)NC(C)C)[nH]c(=O)c1C,True,1.0034399999999999,-0.2539800000000001,0.7441860465116279,False,False
3.0,bin,11,0.0693100094795227,0.014019966125488281,0.12460005283355713,158879,COc1ccc(CC(=O)OCC(=O)c2c[nH]c3ccccc23)cc1,3.145100000000001,N#CC(C(=O)OCC(=O)c1c[nH]c2ccccc12)c1ccc(F)cc1,True,3.3402800000000017,0.19518000000000058,0.45901639344262296,False,True
3.0,bin,11,0.0693100094795227,0.014019966125488281,0.12460005283355713,232056,COCCNC(=O)c1cc(=O)c2cc(C)ccc2o1,1.4776199999999993,COCCNC(=O)CN(C)C(=O)c1cc(=O)c2cc(Cl)ccc2o1,True,1.2810000000000004,-0.1966199999999989,0.5789473684210527,False,True
3.0,bin,11,0.0693100094795227,0.014019966125488281,0.12460005283355713,235788,O=C(Cn1nc(-c2ccco2)oc1=O)NCC(F)(F)F,0.7747999999999999,CCN(CC)C(=O)Cn1nc(-c2ccco2)oc1=O,True,0.9647,0.18990000000000007,0.5849056603773585,False,True
3.0,bin,11,0.0693100094795227,0.014019966125488281,0.12460005283355713,236081,CC(=O)c1c(C)[nH]c(C(=O)CSc2nc(C(C)C)n[nH]2)c1C,3.0506400000000014,CCCCc1n[nH]c(SCC(=O)c2[nH]c(C)c(C)c2C)n1,True,3.3756600000000017,0.3250200000000003,0.49122807017543857,False,True
3.0,bin,11,0.0693100094795227,0.014019966125488281,0.12460005283355713,281081,O=C(Cn1cccn1)NCc1cccnc1Oc1ccc(F)cc1F,2.665000000000001,CCOc1ccc(Oc2ncccc2CNC(=O)Cn2cccn2)cc1,True,2.7855000000000008,0.12049999999999983,0.6666666666666666,False,True
3.0,bin,11,0.0693100094795227,0.014019966125488281,0.12460005283355713,284170,COc1ccc(-c2nc(CC(=O)Nc3cccc(C)n3)cs2)cc1,3.7033200000000024,O=C(Cc1csc(-c2cccc(Cl)c2)n1)Nc1ccccn1,True,4.039700000000002,0.33637999999999924,0.5,False,True
3.0,bin,11,0.0693100094795227,0.014019966125488281,0.12460005283355713,288369,Cc1ccc(NCc2nnc3n2CCCCC3)cc1C,3.2334400000000016,Fc1ccc(NCc2nnc3n2CCCCC3)cc1Cl,True,3.4091000000000022,0.1756600000000006,0.66,False,False
3.0,bin,11,0.0693100094795227,0.014019966125488281,0.12460005283355713,302889,COc1ccc(OC)c(NC(=O)CCNC(=O)c2cccs2)c1,2.5239000000000003,N#CCc1ccc(NC(=O)CCNC(=O)c2cccs2)cc1,True,2.5727800000000007,0.04888000000000048,0.48333333333333334,False,False
3.0,bin,11,0.0693100094795227,0.014019966125488281,0.12460005283355713,327141,COc1ccc(OC)c(S(=O)(=O)Nc2ccn(C)n2)c1,1.2381,COc1ccc(S(=O)(=O)Nc2ccn(C)n2)c(OC)c1,True,1.2380999999999998,-2.220446049250313e-16,0.813953488372093,False,True
3.0,bin,11,0.0693100094795227,0.014019966125488281,0.12460005283355713,327382,CNC(=O)C1CN(C(=O)c2c(C)noc2C)c2ccccc2O1,1.4452399999999996,CNC(=O)C1CN(C(=O)c2c(C)noc2C)c2ccccc2O1,True,1.4452399999999996,0.0,1.0,True,False
3.0,bin,11,0.0693100094795227,0.014019966125488281,0.12460005283355713,406491,COCCNC(=O)C1CCCN(S(=O)(=O)N2CCOCC2)C1,-0.9619999999999964,COCCNC(=O)C1CCN(S(=O)(=O)N2CCOCC2)CC1,True,-0.9619999999999964,0.0,0.7659574468085106,False,True
3.0,bin,11,0.0693100094795227,0.014019966125488281,0.12460005283355713,413951,O=C(Cn1ncn2cccc2c1=O)N1CCCCCC1,0.8985999999999996,COC1CCCCCN(C(=O)Cn2ncn3cccc3c2=O)C1,True,0.9135999999999995,0.014999999999999902,0.7169811320754716,False,True
3.0,bin,11,0.0693100094795227,0.014019966125488281,0.12460005283355713,427929,CCNc1nc(NCc2ccccc2Cl)c2cnn(C)c2n1,3.060600000000001,CCNc1nc(N(C)Cc2ccccc2)c2cnn(CC)c2n1,True,2.9144000000000014,-0.14619999999999944,0.375,False,True
3.0,bin,11,0.0693100094795227,0.014019966125488281,0.12460005283355713,447130,CCC(NC(=O)C1CCN(C(=O)C2CC2)CC1)c1ccc(C)cc1,3.2109200000000016,CC(C)C(c1ccccc1F)N(C)C(=O)C1CCN(C(=O)C2CC2)CC1,True,3.629800000000002,0.4188800000000006,0.3492063492063492,False,True
3.0,bin,11,0.0693100094795227,0.014019966125488281,0.12460005283355713,481908,CCNS(=O)(=O)c1ccc(C)c(C(=O)Nc2ncccc2C)c1,2.24894,CCS(=O)(=O)c1cccc(C(=O)Nc2ccccn2)c1,True,2.1275000000000004,-0.12143999999999977,0.3387096774193548,False,True
3.0,bin,11,0.0693100094795227,0.014019966125488281,0.12460005283355713,485220,Cc1nn(CC(=O)N2CCN(C)CC2)c(C)c1Br,1.03644,Cc1cc(Br)n(CC(=O)N2CCN(C)CC2C)n1,True,1.1165199999999997,0.08007999999999971,0.3888888888888889,False,True
3.0,bin,11,0.0693100094795227,0.014019966125488281,0.12460005283355713,526363,Cc1nnc(SCC(=O)Nc2ccc(O)cc2)n(N)c1=O,0.09692,COc1cccc(NC(=O)CSc2nncc(=O)n2N)c1,True,0.0914999999999998,-0.005420000000000202,0.4444444444444444,False,False
3.0,bin,11,0.0693100094795227,0.014019966125488281,0.12460005283355713,536853,COc1ccc(C2CCCN2C(=O)C2CCC2)c(OC)c1,3.1674000000000015,C#CCOc1ccc(C2CCCN2C(=O)C2CCC2)cc1,True,3.162200000000002,-0.005199999999999427,0.4909090909090909,False,True
3.0,bin,11,0.0693100094795227,0.014019966125488281,0.12460005283355713,540312,Cc1nn(C)c2nc(C3CC3)cc(C(=O)NCC(=O)NC(C)(C)C)c12,1.7986199999999997,COCCCNC(=O)c1cc(C2CC2)nc2c1c(C)nn2C,True,1.9204199999999998,0.12180000000000013,0.65,False,True
3.0,bin,11,0.0693100094795227,0.014019966125488281,0.12460005283355713,544381,Cc1nc(N2CCCC(C(=O)NC(C)C)C2)c2c(C)c(C)oc2n1,2.8890600000000006,C#CCCOC1CCCN(c2nc(C)nc3oc(C)c(C)c23)C1,True,3.156760000000002,0.2677000000000014,0.5396825396825397,False,True
3.0,bin,11,0.0693100094795227,0.014019966125488281,0.12460005283355713,544382,CCCNC(=O)C1CCCN(c2nc(C)nc3oc(C)c(C)c23)C1,2.8906600000000013,CCOC(=O)C1CCCN(c2nc(C)nc3oc(C)c(C)c23)C1,True,2.9275600000000015,0.036900000000000155,0.7068965517241379,False,True
3.0,bin,11,0.0693100094795227,0.014019966125488281,0.12460005283355713,550049,Cc1ccc(C)c(OCC(=O)Nc2cccc(-n3cnnc3)c2)c1,2.9016400000000013,CC(Oc1ccccc1F)C(=O)Nc1cccc(-n2cnnc2)c1,True,2.812400000000001,-0.08924000000000021,0.4603174603174603,False,True
3.0,bin,11,0.0693100094795227,0.014019966125488281,0.12460005283355713,573533,Cc1nn(-c2ncc(C(F)(F)F)cc2Cl)c(=O)o1,2.2011199999999995,CC1C(=O)ONN1C(=O)c1cnc(C(F)(F)F)cc1Cl,True,1.5609,-0.6402199999999996,0.2857142857142857,False,True
3.0,bin,11,0.0693100094795227,0.014019966125488281,0.12460005283355713,582555,O=C(NCC(O)c1ccccc1)c1ccc2c(=O)n3c(nc2c1)CCC3,1.8061000000000003,CCc1nc2cc3ccc2c(=O)n1C(c1ccccc1)C(N)CNC3=O,True,1.6189999999999998,-0.1871000000000005,0.25609756097560976,False,True
3.0,bin,11,0.0693100094795227,0.014019966125488281,0.12460005283355713,588547,Cc1n[nH]c(C)c1NC(=O)CCc1ccc(Cl)cc1Cl,3.9046400000000023,Cc1n[nH]c(C(C)C)c1NC(=O)CCc1cccc(Cl)c1,True,4.066220000000003,0.16158000000000072,0.5172413793103449,False,True
3.0,bin,11,0.0693100094795227,0.014019966125488281,0.12460005283355713,607673,CCCN(CC1CC1)S(=O)(=O)c1ccccc1F,2.636400000000001,CCCN(CC1CC1)S(=O)(=O)c1ccc(F)cc1,True,2.636400000000001,0.0,0.627906976744186,False,False
3.0,bin,11,0.0693100094795227,0.014019966125488281,0.12460005283355713,617681,Cc1cc(C(=O)Nc2nc(-c3ccncc3)cs2)nn1C(C)C,3.5432200000000016,CCC(C)n1nc(C(=O)Nc2nc(-c3ccncc3)cs2)cc1N,True,3.2071000000000014,-0.3361200000000002,0.6724137931034483,False,True
3.0,bin,11,0.0693100094795227,0.014019966125488281,0.12460005283355713,650267,COc1ccc2oc(C(=O)NC3CCCCNC3=O)c(C)c2c1,2.14832,CCOC=CC=COC(=O)C(=O)NC1CCCCNC1,True,0.8517999999999999,-1.2965200000000001,0.19736842105263158,False,True
3.0,bin,11,0.0693100094795227,0.014019966125488281,0.12460005283355713,668639,Cc1cc(NC(=O)c2ccccc2Cl)ncc1N,2.8779200000000005,CC(=O)c1ccc(NC(=O)c2ccc(Cl)c(N)c2)nc1,True,2.7721,-0.10582000000000047,0.4339622641509434,False,True
3.0,bin,11,0.0693100094795227,0.014019966125488281,0.12460005283355713,673160,CCC(=O)Nc1ccc2oc(C(F)(F)F)cc(=O)c2c1,3.160300000000001,CCN(CC)C(=O)c1ccc2oc(C(F)(F)F)cc(=O)c2c1,True,3.293800000000002,0.13350000000000062,0.5686274509803921,False,True
3.0,bin,11,0.0693100094795227,0.014019966125488281,0.12460005283355713,711169,Cc1cccc(C(C)C)c1NC(=O)N(C)Cc1ccncc1,4.177320000000003,CN(Cc1ccncc1)C(=O)Nc1cc(C(F)(F)F)ccc1Cl,True,4.417700000000003,0.24038000000000004,0.43333333333333335,False,True
3.0,bin,11,0.0693100094795227,0.014019966125488281,0.12460005283355713,720969,Cc1noc(C)c1CCC(=O)OCC(=O)N1c2ccccc2CC1C,2.7450400000000013,Cc1nocc1CCC(=O)OC(C)C(=O)N1c2ccccc2CC1C,True,2.825120000000001,0.08007999999999971,0.49295774647887325,False,True
3.0,bin,11,0.0693100094795227,0.014019966125488281,0.12460005283355713,730789,COC(=O)C1CCN(C(=O)c2cc3ccc(F)cc3nc2C)CC1,2.7075200000000006,COC(=O)C1CCCCN1C(=O)c1cc2ccccc2nc1C,True,2.7109200000000007,0.0034000000000000696,0.4838709677419355,False,True
3.0,bin,11,0.0693100094795227,0.014019966125488281,0.12460005283355713,738178,Cc1ccc(-n2ccnc2SCc2nc(C3CC3)no2)cc1C,4.041840000000003,Brc1cccc(-n2ccnc2SCc2nc(C3CC3)no2)c1,True,4.187500000000002,0.14565999999999857,0.7142857142857143,False,True
3.0,bin,11,0.0693100094795227,0.014019966125488281,0.12460005283355713,771897,COc1ccccc1OCC(=O)N(C)Cc1sccc1C,3.102520000000002,COc1ccc(OC(C)C(=O)NCc2sccc2OCC#N)cc1,True,2.7427800000000016,-0.3597400000000004,0.2714285714285714,False,True
3.0,bin,11,0.0693100094795227,0.014019966125488281,0.12460005283355713,811446,COC(=O)C1(NC(=O)c2cc(Br)c[nH]2)CCCCCC1,2.7730000000000006,COC(=O)C1CCCCCCN1C(=O)c1cc(Cl)cn1C,True,2.626400000000001,-0.1465999999999994,0.19402985074626866,False,True
3.0,bin,11,0.0693100094795227,0.014019966125488281,0.12460005283355713,848291,CCC(C)NC(=O)NCc1noc(-c2cccs2)n1,2.3958000000000004,CC(C)CCS(=O)(=O)N(C)Cc1noc(-c2cccs2)n1,True,2.6058000000000012,0.21000000000000085,0.4603174603174603,False,True
3.0,bin,11,0.0693100094795227,0.014019966125488281,0.12460005283355713,863440,COc1ccc(-c2nc(CCCO)cs2)cc1OC,2.752200000000001,CCS(=O)(=O)c1ccc(-c2nc(CCO)cs2)cc1,True,2.1385000000000005,-0.6137000000000006,0.45098039215686275,False,True
3.0,bin,11,0.0693100094795227,0.014019966125488281,0.12460005283355713,864663,N#Cc1ccc(-c2cc(F)ccc2F)nc1N1CCCC1,3.498680000000002,CCOC(=O)c1ccc(-c2ccc(C#N)c(N3CCCC3)n2)c(F)c1,True,3.5362800000000023,0.0376000000000003,0.5517241379310345,False,True
3.0,bin,11,0.0693100094795227,0.014019966125488281,0.12460005283355713,872100,CCc1cccc(C)c1NCC(O)c1ccc2c(c1)OCCO2,3.474120000000002,CC=CC(C)=C1Oc2ccc(cc2OCC)C(O)CN1C,True,3.2505000000000024,-0.22361999999999949,0.16666666666666666,False,True
3.0,bin,11,0.0693100094795227,0.014019966125488281,0.12460005283355713,886334,COc1ccc(C(=O)N2CCCC(C(=O)N3CCCCC3)C2)c(O)c1,2.2655000000000003,N#Cc1ccc(C(=O)N2CCCC(C(=O)N3CCCCC3)C2)cc1,True,2.422980000000001,0.1574800000000005,0.4727272727272727,False,True
3.0,bin,11,0.0693100094795227,0.014019966125488281,0.12460005283355713,887387,COCCNC(=O)N(Cc1cccc(F)c1)CC1CCCO1,2.1627,CCN(CC1=CC(=COC)C(F)=CO1)CC1CCCO1,True,2.7426000000000013,0.5799000000000012,0.3157894736842105,False,True
3.0,bin,11,0.0693100094795227,0.014019966125488281,0.12460005283355713,889149,N#Cc1ccc(NC(=O)c2ccc(Br)cc2Cl)nc1,3.621480000000001,N#Cc1ccc(NC(=O)c2c(Cl)cccc2Br)nc1,True,3.621480000000001,0.0,0.64,False,True
3.0,bin,11,0.0693100094795227,0.014019966125488281,0.12460005283355713,913483,O=C(CNC(=O)NCCc1c(Cl)cccc1Cl)NC1CC1,2.1137000000000006,CC(C)(C)c1ccc(CCNC(=O)NCC(=O)NC2CC2)cc1,True,2.1043999999999996,-0.009300000000000974,0.56,False,True
3.0,bin,11,0.0693100094795227,0.014019966125488281,0.12460005283355713,917620,C=CCN(Cc1ccccc1OC)C(=O)c1csc(C)n1,3.288520000000002,C=CCN(Cc1cccc(OC)c1)C(=O)c1csc(C)n1,True,3.288520000000002,0.0,0.6491228070175439,False,True
3.0,bin,11,0.0693100094795227,0.014019966125488281,0.12460005283355713,918312,CCOc1ccc(Cl)c(C(=O)N2CCN(c3ncccn3)CC2)n1,1.8860999999999997,O=C(c1ccc(C(F)(F)F)cn1)N1CCN(c2ncccn2)CC1,True,1.8527999999999998,-0.033299999999999885,0.4067796610169492,False,True
3.0,bin,11,0.0693100094795227,0.014019966125488281,0.12460005283355713,922879,CC(=O)c1ccc(N2CCN(Cc3c(F)cccc3F)CC2)cc1,3.489600000000003,CC(=O)c1ccc(N2CCN(Cc3ccc(C)cc3)CC2)cc1,True,3.519820000000003,0.030219999999999914,0.6,False,True
3.0,bin,11,0.0693100094795227,0.014019966125488281,0.12460005283355713,927535,COc1cc(CN2CCN(c3ccccc3F)CC2)ccc1O,2.862100000000002,N#Cc1cccc(N2CCN(Cc3cc(C#N)ccc3F)CC2)c1,True,2.891260000000001,0.029159999999998742,0.2857142857142857,False,True
3.0,bin,11,0.0693100094795227,0.014019966125488281,0.12460005283355713,927567,Cc1ccccc1N1CCN(Cc2cccc(O)c2)CC1,3.022820000000001,Fc1cccc(CN2CCN(c3ccccc3)CC2)c1,True,3.1479000000000017,0.12508000000000052,0.44680851063829785,False,False
3.0,bin,11,0.0693100094795227,0.014019966125488281,0.12460005283355713,938108,CC(c1ccccc1)N(C)C(=O)CCC(=O)Nc1nccs1,3.0814000000000012,CC(NC(=O)CCC(=O)Nc1nccs1)c1cccc(Cl)c1,True,3.3926000000000007,0.3111999999999995,0.5614035087719298,False,False
3.0,bin,11,0.0693100094795227,0.014019966125488281,0.12460005283355713,943303,CN(CCCOc1ccccc1)C(=O)Nc1cccc2c1OCCO2,3.390600000000002,CC(CCOc1ccccc1)NC(=O)Nc1cccc2c1OCCO2,True,3.4369000000000014,0.046299999999999564,0.6101694915254238,False,True
3.0,bin,11,0.0693100094795227,0.014019966125488281,0.12460005283355713,946289,CC(NC(=O)C1(c2cc(-c3ccco3)on2)CC1)c1ccccc1,3.843600000000002,CN(Cc1ccc(Cl)cc1)C(=O)C1(c2ccon2)CC1c1ccco1,True,4.004900000000003,0.16130000000000067,0.2375,False,True
3.0,bin,11,0.0693100094795227,0.014019966125488281,0.12460005283355713,994077,Cc1nnc(Cn2c(-c3cccc(Br)c3)noc2=O)o1,2.0055199999999997,CSc1ccc(-c2noc(=O)n2Cc2nnc(C(C)C)o2)cc1,True,2.7799000000000014,0.7743800000000016,0.4666666666666667,False,True
3.0,bin,11,0.0693100094795227,0.014019966125488281,0.12460005283355713,1065620,O=C(NCc1cccnc1Oc1ccccc1)c1cccnc1,3.198900000000002,COc1ccc(C(=O)NCc2cccnc2Oc2ccccc2)cn1,True,3.2075000000000014,0.008599999999999497,0.7115384615384616,False,True
3.0,bin,11,0.0693100094795227,0.014019966125488281,0.12460005283355713,1093926,CN(C(=O)CNc1cccc(OCC2CCCO2)c1)c1ccccc1,3.319300000000002,N#Cc1ccc(NC(=O)CNc2cccc(OCC3CCCO3)c2)cc1,True,3.1666800000000013,-0.15262000000000064,0.5909090909090909,False,True
3.0,bin,11,0.0693100094795227,0.014019966125488281,0.12460005283355713,1107920,CCc1ccc(-n2cc(C(=O)NC(C)c3ccccc3)nn2)cc1,3.320700000000002,C=CCN(Cc1ccccc1)C(=O)c1cn(-c2ccc(C)cc2)nn1,True,3.4041200000000025,0.08342000000000027,0.4,False,True
3.0,bin,11,0.0693100094795227,0.014019966125488281,0.12460005283355713,1113130,CC(NC(=O)Cn1nnnc1C(C)(C)C)c1cccc2ccccc12,3.0012000000000016,CC(NC(=O)CC1C=NN=NCC1(C)C)c1cccc2ccccc12,True,4.501100000000004,1.499900000000002,0.43283582089552236,False,True
3.0,bin,11,0.0693100094795227,0.014019966125488281,0.12460005283355713,1121751,COC(=O)Cn1ccc(NS(=O)(=O)c2ccc(F)c(F)c2F)n1,1.2742,COC(=O)Cn1ccc(NS(=O)(=O)c2cc(C)ccc2C)n1,True,1.4737400000000003,0.19954000000000027,0.6296296296296297,False,True
3.0,bin,11,0.0693100094795227,0.014019966125488281,0.12460005283355713,1142531,CCOC(C)C(=O)NCCc1csc(-c2ccc(C)cc2)n1,3.2022200000000014,CCOC(CC)C(=O)NCCc1csc(-c2ccccc2)n1,True,3.283900000000002,0.08168000000000042,0.6428571428571429,False,True
3.0,bin,11,0.0693100094795227,0.014019966125488281,0.12460005283355713,1212157,CN(Cc1ccc(F)c(F)c1)C(=O)c1cncc(-c2cnn(C)c2)c1,3.0325000000000015,CCN(Cc1ccccc1)C(=O)c1cncc(-c2cnn(C)c2)c1,True,3.144400000000002,0.11190000000000033,0.5666666666666667,False,True
3.0,bin,11,0.0693100094795227,0.014019966125488281,0.12460005283355713,1215394,CCn1nc(C)cc1C(=O)Oc1cccc(NC(=O)C(C)C)c1,3.025120000000001,CCn1nc(C)cc1C(=O)Oc1ccc(Br)cc1,True,3.1931200000000013,0.16800000000000015,0.5555555555555556,False,True
3.0,bin,11,0.0693100094795227,0.014019966125488281,0.12460005283355713,1232922,CC(C)(C)OC(=O)NC1CCCN(S(=O)(=O)N2CCOCC2)C1,0.5525000000000011,C=C(C)CN(C)C1CCN(S(=O)(=O)N2CCOCC2)CC1,True,0.535700000000001,-0.016800000000000148,0.3448275862068966,False,True
3.0,bin,11,0.0693100094795227,0.014019966125488281,0.12460005283355713,1238973,FC(F)(F)c1cnc(N2CCn3c(nnc3C3CC3)C2)c(Cl)c1,3.2429000000000023,CCSc1c(Cl)ccnc1N1CCn2c(nnc2C2CC2)C1,True,3.336100000000001,0.09319999999999862,0.5,False,True
3.0,bin,11,0.0693100094795227,0.014019966125488281,0.12460005283355713,1299495,Cc1cc(CC(=O)N2CCCC2C(C#N)c2ccccc2)no1,2.823900000000001,COc1ccccc1CC1CCCN1C(=O)Cc1cc(C)on1,True,2.7678200000000013,-0.056079999999999686,0.5223880597014925,False,True
3.0,bin,11,0.0693100094795227,0.014019966125488281,0.12460005283355713,1309906,CC(C)CC(NC(=O)c1cc(=O)c2ccccc2o1)C(=O)OC(C)C,2.8891000000000018,CC(C)CCCCNC(=O)c1cc(=O)c2ccccc2o1,True,3.3491000000000017,0.45999999999999996,0.5357142857142857,False,True
3.0,bin,11,0.0693100094795227,0.014019966125488281,0.12460005283355713,1362816,COCc1cccc(C(=O)NC2CC2c2cccc(Cl)c2)c1,3.772300000000002,O=C(NC1CC1c1cccc(Br)c1)c1ccccc1,True,3.735000000000002,-0.03730000000000011,0.4909090909090909,False,True
3.0,bin,11,0.0693100094795227,0.014019966125488281,0.12460005283355713,1441838,COCC(=O)NC(C(=O)Nc1cccc(-c2nccs2)c1)C(C)C,2.5358,C=CCNS(=O)(=O)Nc1cccc(-c2nccs2)c1,True,2.2424,-0.2934000000000001,0.40298507462686567,False,True
3.0,bin,11,0.0693100094795227,0.014019966125488281,0.12460005283355713,1450449,CCCNC(=O)CSc1nc2c(cc1C#N)CCCC2,2.450380000000001,N#Cc1cc2c(nc1Br)CCCC2NCCCO,True,2.0651800000000002,-0.38520000000000065,0.3088235294117647,False,True
3.0,bin,11,0.0693100094795227,0.014019966125488281,0.12460005283355713,1451910,O=S(=O)(NCc1nnc2ccccn12)c1ccc(F)c(F)c1,1.4859999999999995,CCOc1ccccc1S(=O)(=O)NCc1nnc2ccccn12,True,1.6065,0.1205000000000005,0.5357142857142857,False,True
3.0,bin,11,0.0693100094795227,0.014019966125488281,0.12460005283355713,1479798,Cc1nc(C)c(CCC(=O)N(CC(C)C)CC(F)(F)F)c(=O)[nH]1,2.3662400000000003,CCCCCN(C(=O)CCc1c(C)nc(C)[nH]c1=O)C(C)C,True,2.7465400000000013,0.38030000000000097,0.5263157894736842,False,True
3.0,bin,11,0.0693100094795227,0.014019966125488281,0.12460005283355713,1507926,COC(=O)C(C)NC(=O)Cc1csc(-c2ccccc2Cl)n1,2.6837,N#CCOC(=O)Cc1csc(-c2ccccc2Cl)n1,True,3.0727800000000016,0.38908000000000165,0.5535714285714286,False,True
3.0,bin,11,0.0693100094795227,0.014019966125488281,0.12460005283355713,1527882,Nc1ncccc1C(=O)Nc1ccc2cn[nH]c2c1,1.7923999999999998,CN(C)C(=O)c1ncccc1C(=O)Nc1ccc2cn[nH]c2c1,True,1.9120000000000001,0.11960000000000037,0.6792452830188679,False,True
3.0,bin,11,0.0693100094795227,0.014019966125488281,0.12460005283355713,1532848,COc1ccc(-c2ccc3c(=O)[nH]cnc3c2)cc1Cl,3.2521000000000013,O=c1[nH]cnc2cc(-c3ccc(Br)cc3)ccc12,True,3.3526000000000016,0.10050000000000026,0.5813953488372093,False,True
3.0,bin,11,0.0693100094795227,0.014019966125488281,0.12460005283355713,1548351,COc1cc(OC)c2c(c1)C(c1cnccn1)NCC2,1.7288999999999999,COc1cc2c(c(OC)c1)C(c1cnccn1)NCC2,True,1.7288999999999999,0.0,0.673469387755102,False,False
3.0,bin,11,0.0693100094795227,0.014019966125488281,0.12460005283355713,1570134,COc1cccc(C(C)N2CCN(C(=O)c3ccc(O)cc3)CC2)c1,2.9198000000000013,COCc1cccc(C(=O)N2CCN(Cc3cccc(F)c3)CC2)c1,True,2.9301000000000013,0.010299999999999976,0.3384615384615385,False,True
3.0,bin,11,0.0693100094795227,0.014019966125488281,0.12460005283355713,1611406,CC(C)(C)N1CC(NC(=O)C2COc3ccc(F)cc3C2)CC1=O,1.8923999999999994,CC(C)c1cc2cc(c1)OC(C(=O)NC1CC(=O)N(C)C1C)C2,True,1.8488999999999998,-0.04349999999999965,0.24358974358974358,False,True
3.0,bin,11,0.0693100094795227,0.014019966125488281,0.12460005283355713,1612684,CCCC1CN(C(=O)Nc2ccn(CCC(C)C)n2)CCO1,2.9620000000000015,CCCC1CCN(C(=O)N2CC(C)OC(C(F)F)C2C)CO1,True,2.697800000000001,-0.26420000000000066,0.2597402597402597,False,True
3.0,bin,11,0.0693100094795227,0.014019966125488281,0.12460005283355713,1639675,CCC(CC)c1nnc(NC(=O)c2scnc2C2CC2)s1,4.0279000000000025,CC(C)CS1=NC1NC(=O)c1scnc1C1CC1CC=N,True,2.7711700000000006,-1.256730000000002,0.3194444444444444,False,True
3.0,bin,11,0.0693100094795227,0.014019966125488281,0.12460005283355713,1675660,COc1ccnc(NC(=O)c2cccc(Cl)c2)c1,2.9959000000000007,CCOc1cccc(C(=O)Nc2cc(OC)ccn2)c1,True,2.741200000000001,-0.2546999999999997,0.7021276595744681,False,False
3.0,bin,11,0.0693100094795227,0.014019966125488281,0.12460005283355713,1689728,CCc1noc(CSc2ncnc3sc(C)cc23)n1,3.237420000000002,FC(F)OC1=CCC(SCc2ccco2)=NC=NCS1,True,4.114600000000003,0.877180000000001,0.10975609756097561,False,True
3.0,bin,11,0.0693100094795227,0.014019966125488281,0.12460005283355713,1720876,CC(C)(C)CC(=O)NCC(=O)Nc1ccc2c(c1)COC2,2.2077,CCCCOCC(=O)Nc1ccc2c(c1)COC2,True,2.4720000000000004,0.2643000000000004,0.5192307692307693,False,True
3.0,bin,11,0.0693100094795227,0.014019966125488281,0.12460005283355713,1757109,CC(C)Cc1ncc(CNc2ccc3c(c2)COC3)s1,3.983900000000003,C=C1OCc2cc(NCc3cnc(CC(C)C)s3)ccc21,True,4.454600000000004,0.4707000000000008,0.6923076923076923,False,True
3.0,bin,11,0.0693100094795227,0.014019966125488281,0.12460005283355713,1774061,O=C1NCCCc2[nH]c(-c3cccc4[nH]ccc34)nc21,2.234,COC1CNCC2=C(C1=O)C(c1cccc3[nH]ccc13)NCC2,True,1.6861999999999995,-0.5478000000000005,0.3,False,True
3.0,bin,11,0.0693100094795227,0.014019966125488281,0.12460005283355713,1800687,Cc1nn(C)c(-c2nc(-c3cccnn3)no2)c1Cl,1.8889199999999997,CSCCn1nccc1-c1nc(-c2cccnn2)no1,True,1.7530999999999999,-0.13581999999999983,0.47368421052631576,False,True
3.0,bin,11,0.0693100094795227,0.014019966125488281,0.12460005283355713,1815867,FC(F)(F)c1ccc(CN2CCOCC2c2ncon2)cc1,2.661900000000001,FC(F)(F)OC=CC=C=CCN1CCOCC1c1ncon1,True,2.2043,-0.4576000000000011,0.5,False,True
3.0,bin,11,0.0693100094795227,0.014019966125488281,0.12460005283355713,1828580,Cc1ccc(N2CC3OCC(=O)N(Cc4cccc(F)c4)C3C2)nn1,1.54032,O=C1CNC2CC3=CC=COCCC=C3C2N1c1cccnn1,True,1.3405000000000002,-0.19981999999999966,0.15053763440860216,False,True
3.0,bin,11,0.0693100094795227,0.014019966125488281,0.12460005283355713,1836183,CCc1ccc(C(=O)NCc2nccc(N(C)C)n2)cc1,2.035,CN(C)C=CC=NC(F)CNC(=O)c1cc(F)c(F)c(F)c1,True,2.2754000000000003,0.24040000000000017,0.208955223880597,False,True
3.0,bin,11,0.0693100094795227,0.014019966125488281,0.12460005283355713,1842499,COc1ccccc1COc1ccccc1-c1cnn(CCO)c1,3.1300000000000017,N#Cc1cccc(COc2ccccc2-c2cnn(CCO)c2)c1,True,2.993080000000001,-0.13692000000000082,0.5789473684210527,False,True
3.0,bin,11,0.0693100094795227,0.014019966125488281,0.12460005283355713,1865564,COC(CNC(=O)c1ccoc1)c1cccc(F)c1,2.536200000000001,COC(CNC(=O)c1ccoc1)c1ccc(F)cc1F,True,2.675300000000001,0.1391,0.6923076923076923,False,True
3.0,bin,11,0.0693100094795227,0.014019966125488281,0.12460005283355713,1868773,CCCOc1ccc(Cl)c2c1CCNC2C1CC(=O)C1,3.2947000000000015,CC(C)Sc1ccc2c(c1)CC1(CC2)CC(=O)CC1N,True,3.352400000000001,0.05769999999999964,0.18055555555555555,False,True
3.0,bin,11,0.0693100094795227,0.014019966125488281,0.12460005283355713,1873123,CCC1OC(=O)c2c(OC)ccc(Br)c21,3.079200000000002,CCC1OC(=O)c2c1ccc(Br)c2OC,True,3.079200000000001,-8.881784197001252e-16,0.5952380952380952,False,True
3.0,bin,11,0.0693100094795227,0.014019966125488281,0.12460005283355713,1875028,Cc1cccc(C)c1NCC(=O)N1CCCC2CCCCC21,3.8965400000000034,O=C(CNc1ccccc1CC(F)(F)F)CC1CCCCC1,True,4.7428000000000035,0.84626,0.27419354838709675,False,True
3.0,bin,11,0.0693100094795227,0.014019966125488281,0.12460005283355713,1895921,CCC(CC)N(C)C(=O)CC1OC(=O)c2ccccc21,2.935200000000002,CCC(C)(C)NC(=O)CC1OC(=O)c2ccccc21,True,2.593000000000001,-0.34220000000000095,0.52,False,True
3.0,bin,11,0.0693100094795227,0.014019966125488281,0.12460005283355713,1907077,Cc1ccc2[nH]nc(C(=O)Nc3nc(-c4ccco4)cs3)c2c1,3.8401200000000015,CCN(NC(=CS)c1ccco1)C(=O)c1n[nH]c2ccc(N)cc12,True,2.6332000000000004,-1.206920000000001,0.34177215189873417,False,True
3.0,bin,11,0.0693100094795227,0.014019966125488281,0.12460005283355713,1913063,Cc1nn(C)c(C)c1CN(C(=O)c1cn2cccc(C)c2n1)C1CC1,2.797860000000001,Cc1nn(C)c2c1CN(C(=O)C13C=CC=CN(CC1)C3)CC(=N)CC2,True,1.7986899999999997,-0.9991700000000012,0.16666666666666666,False,True
3.0,bin,11,0.0693100094795227,0.014019966125488281,0.12460005283355713,1922265,CN(CCNC(=O)c1ccc2c(c1)ncn2C)c1ccccc1,2.4395000000000007,Cn1cnc2cc(C(=O)NCCNc3ccccc3)ccc21,True,2.4152000000000005,-0.02430000000000021,0.6923076923076923,False,True
3.0,bin,12,0.1658499836921692,0.12460005283355713,0.20709991455078125,32052,COc1ccccc1CNC(=O)Cc1c[nH]c2ccccc12,3.035400000000001,N#Cc1cc(CNC(=O)Cc2c[nH]c3ccccc23)ccc1F,True,3.037580000000001,0.0021800000000000708,0.5087719298245614,False,True
3.0,bin,12,0.1658499836921692,0.12460005283355713,0.20709991455078125,116747,COCCSc1ccccc1C(=O)Nc1cccc(C)n1,3.3808200000000017,Cc1cccc(NC(=O)C2=CC=COC(C)C2C)n1,True,2.8234200000000014,-0.5574000000000003,0.4067796610169492,False,True
3.0,bin,12,0.1658499836921692,0.12460005283355713,0.20709991455078125,131060,CS(=O)(=O)NCCc1csc(-c2ccc(F)cc2)n1,2.0408999999999997,CC(=O)NCCNCCc1csc(-c2ccccc2)n1,True,2.0783,0.03740000000000032,0.4444444444444444,False,True
3.0,bin,12,0.1658499836921692,0.12460005283355713,0.20709991455078125,131949,CCc1c(C)nc(SCC(=O)NC(C)C)[nH]c1=O,1.25742,CCc1c(C)nc(SCC(=O)NC(C)C)[nH]c1=O,True,1.25742,0.0,1.0,True,False
3.0,bin,12,0.1658499836921692,0.12460005283355713,0.20709991455078125,158879,COc1ccc(CC(=O)OCC(=O)c2c[nH]c3ccccc23)cc1,3.145100000000001,O=C(Cc1ccc(F)cc1)OCC(=O)c1c[nH]c2ccccc12,True,3.2756000000000016,0.1305000000000005,0.75,False,False
3.0,bin,12,0.1658499836921692,0.12460005283355713,0.20709991455078125,232056,COCCNC(=O)c1cc(=O)c2cc(C)ccc2o1,1.4776199999999993,C#CC(C)OC(=O)c1cc(=O)c2ccc(OC)cc2o1,True,1.9801,0.5024800000000007,0.3225806451612903,False,True
3.0,bin,12,0.1658499836921692,0.12460005283355713,0.20709991455078125,235788,O=C(Cn1nc(-c2ccco2)oc1=O)NCC(F)(F)F,0.7747999999999999,CC(C)C(C)NC(=O)Cn1nc(-c2ccco2)oc1=O,True,1.257,0.48219999999999996,0.6296296296296297,False,True
3.0,bin,12,0.1658499836921692,0.12460005283355713,0.20709991455078125,236081,CC(=O)c1c(C)[nH]c(C(=O)CSc2nc(C(C)C)n[nH]2)c1C,3.0506400000000014,CC1=CC(=O)CC(C)(C(=O)CSc2nc(C(C)(C)C)n[nH]2)N1,True,1.9883,-1.0623400000000014,0.2676056338028169,False,True
3.0,bin,12,0.1658499836921692,0.12460005283355713,0.20709991455078125,281081,O=C(Cn1cccn1)NCc1cccnc1Oc1ccc(F)cc1F,2.665000000000001,Cc1ccc(Oc2ncccc2CNC(=O)Cn2cccn2)cc1F,True,2.83432,0.16931999999999903,0.7096774193548387,False,True
3.0,bin,12,0.1658499836921692,0.12460005283355713,0.20709991455078125,284170,COc1ccc(-c2nc(CC(=O)Nc3cccc(C)n3)cs2)cc1,3.7033200000000024,Cc1cccc(NC(=O)Cc2csc(-c3ccc(F)cc3)n2)n1,True,3.833820000000003,0.1305000000000005,0.7692307692307693,False,True
3.0,bin,12,0.1658499836921692,0.12460005283355713,0.20709991455078125,288369,Cc1ccc(NCc2nnc3n2CCCCC3)cc1C,3.2334400000000016,Fc1c(Br)cccc1NCc1nnc2n1CCCCC2,True,3.518200000000001,0.28475999999999946,0.509090909090909,False,True
3.0,bin,12,0.1658499836921692,0.12460005283355713,0.20709991455078125,302889,COc1ccc(OC)c(NC(=O)CCNC(=O)c2cccs2)c1,2.5239000000000003,O=C(CCNC(=O)c1cccs1)Nc1c(F)cccc1F,True,2.7849000000000004,0.2610000000000001,0.5272727272727272,False,False
3.0,bin,12,0.1658499836921692,0.12460005283355713,0.20709991455078125,327141,COc1ccc(OC)c(S(=O)(=O)Nc2ccn(C)n2)c1,1.2381,COCCOc1ccc(S(=O)(=O)Nc2ccn(C)n2)cc1,True,1.2461,0.008000000000000007,0.5192307692307693,False,True
3.0,bin,12,0.1658499836921692,0.12460005283355713,0.20709991455078125,327382,CNC(=O)C1CN(C(=O)c2c(C)noc2C)c2ccccc2O1,1.4452399999999996,Cc1noc(C)c1C(=O)N1CC(C(N)=O)Oc2ccc(F)cc21,True,1.3236399999999995,-0.12160000000000015,0.5932203389830508,False,True
3.0,bin,12,0.1658499836921692,0.12460005283355713,0.20709991455078125,406491,COCCNC(=O)C1CCCN(S(=O)(=O)N2CCOCC2)C1,-0.9619999999999964,O=C(OCCO)C1CCCN(S(=O)(=O)N2CCOCC2)C1,True,-1.1890999999999978,-0.2271000000000014,0.5849056603773585,False,True
3.0,bin,12,0.1658499836921692,0.12460005283355713,0.20709991455078125,413951,O=C(Cn1ncn2cccc2c1=O)N1CCCCCC1,0.8985999999999996,CC(=O)c1ccc2n(CC(=O)N3CCCCCC3)ncn2c1=O,True,1.1012000000000002,0.20260000000000056,0.5,False,True
3.0,bin,12,0.1658499836921692,0.12460005283355713,0.20709991455078125,427929,CCNc1nc(NCc2ccccc2Cl)c2cnn(C)c2n1,3.060600000000001,CCCNc1nc(NCc2ccccc2C)c2cnn(C)c2n1,True,3.1057200000000007,0.04511999999999983,0.6481481481481481,False,False
3.0,bin,12,0.1658499836921692,0.12460005283355713,0.20709991455078125,447130,CCC(NC(=O)C1CCN(C(=O)C2CC2)CC1)c1ccc(C)cc1,3.2109200000000016,CCCC1CCN1C(=O)CC1CCN(C(=O)C(C)c2ccccc2)C1,True,3.429700000000002,0.21878000000000064,0.2535211267605634,False,True
3.0,bin,12,0.1658499836921692,0.12460005283355713,0.20709991455078125,481908,CCNS(=O)(=O)c1ccc(C)c(C(=O)Nc2ncccc2C)c1,2.24894,CCS(=O)(=O)Nc1ccccc1C(=O)Nc1ccccn1,True,2.0955,-0.15344000000000024,0.3442622950819672,False,True
3.0,bin,12,0.1658499836921692,0.12460005283355713,0.20709991455078125,485220,Cc1nn(CC(=O)N2CCN(C)CC2)c(C)c1Br,1.03644,CCN1CCN(C(=O)Cn2nc(Br)cc2C)CC1,True,1.1181199999999998,0.08167999999999975,0.4489795918367347,False,True
3.0,bin,12,0.1658499836921692,0.12460005283355713,0.20709991455078125,526363,Cc1nnc(SCC(=O)Nc2ccc(O)cc2)n(N)c1=O,0.09692,Nn1c(SCC(=O)Nc2ccccc2)nncc1=O,True,0.08289999999999975,-0.014020000000000254,0.5185185185185185,False,False
3.0,bin,12,0.1658499836921692,0.12460005283355713,0.20709991455078125,536853,COc1ccc(C2CCCN2C(=O)C2CCC2)c(OC)c1,3.1674000000000015,COCc1ccc(C2CCCN2C(=O)C2CCC2)cc1,True,3.2966000000000024,0.12920000000000087,0.5094339622641509,False,True
3.0,bin,12,0.1658499836921692,0.12460005283355713,0.20709991455078125,540312,Cc1nn(C)c2nc(C3CC3)cc(C(=O)NCC(=O)NC(C)(C)C)c12,1.7986199999999997,C=CCNC(=O)c1cc(C2CC2)nc2c1c(C)nn2C,True,2.0699199999999998,0.2713000000000001,0.6724137931034483,False,False
3.0,bin,12,0.1658499836921692,0.12460005283355713,0.20709991455078125,544381,Cc1nc(N2CCCC(C(=O)NC(C)C)C2)c2c(C)c(C)oc2n1,2.8890600000000006,Cc1oc2ncnc(N3CCCC(C(=O)NCC(C)C)C3)c2c1C,True,2.828240000000001,-0.06081999999999965,0.5873015873015873,False,True
3.0,bin,12,0.1658499836921692,0.12460005283355713,0.20709991455078125,544382,CCCNC(=O)C1CCCN(c2nc(C)nc3oc(C)c(C)c23)C1,2.8906600000000013,CCN(CC)C(=O)C1CCCN(c2ncnc3oc(C)c(C)c23)C1,True,2.9244400000000015,0.03378000000000014,0.5151515151515151,False,True
3.0,bin,12,0.1658499836921692,0.12460005283355713,0.20709991455078125,550049,Cc1ccc(C)c(OCC(=O)Nc2cccc(-n3cnnc3)c2)c1,2.9016400000000013,O=C(COc1ccc(F)c(Cl)c1)Nc1cccc(-n2cnnc2)c1,True,3.0773,0.17565999999999882,0.5666666666666667,False,False
3.0,bin,12,0.1658499836921692,0.12460005283355713,0.20709991455078125,573533,Cc1nn(-c2ncc(C(F)(F)F)cc2Cl)c(=O)o1,2.2011199999999995,Cc1nn(-c2ncc(C(F)(F)F)cc2Cl)c(=O)o1,True,2.2011199999999995,0.0,1.0,True,False
3.0,bin,12,0.1658499836921692,0.12460005283355713,0.20709991455078125,582555,O=C(NCC(O)c1ccccc1)c1ccc2c(=O)n3c(nc2c1)CCC3,1.8061000000000003,Cc1nc2cc3ccc2c(=O)n1C(c1ccccc1)CC(=O)NCC3O,True,1.8476199999999996,0.041519999999999335,0.26582278481012656,False,True
3.0,bin,12,0.1658499836921692,0.12460005283355713,0.20709991455078125,588547,Cc1n[nH]c(C)c1NC(=O)CCc1ccc(Cl)cc1Cl,3.9046400000000023,CCCCCn1nc(C)c(NC(=O)CCc2ccccc2)c1C,True,4.261440000000003,0.35680000000000067,0.3076923076923077,False,True
3.0,bin,12,0.1658499836921692,0.12460005283355713,0.20709991455078125,607673,CCCN(CC1CC1)S(=O)(=O)c1ccccc1F,2.636400000000001,C=CCN(CC1CC1)S(=O)(=O)c1ccc(F)cc1C,True,2.7208200000000016,0.0844200000000006,0.42592592592592593,False,True
3.0,bin,12,0.1658499836921692,0.12460005283355713,0.20709991455078125,617681,Cc1cc(C(=O)Nc2nc(-c3ccncc3)cs2)nn1C(C)C,3.5432200000000016,CC(C)(C)n1cc(F)c(C(=O)Nc2nc(-c3ccncc3)cs2)n1,True,3.548000000000002,0.0047800000000002285,0.5,False,True
3.0,bin,12,0.1658499836921692,0.12460005283355713,0.20709991455078125,650267,COc1ccc2oc(C(=O)NC3CCCCNC3=O)c(C)c2c1,2.14832,CC1=C(C(=O)NC2CCCCNC2)OOc2ccc(F)cc21,True,2.1390000000000002,-0.009319999999999773,0.26582278481012656,False,True
3.0,bin,12,0.1658499836921692,0.12460005283355713,0.20709991455078125,668639,Cc1cc(NC(=O)c2ccccc2Cl)ncc1N,2.8779200000000005,Nc1cnc(NC(=O)c2ccccc2Br)cc1F,True,2.817700000000001,-0.060219999999999274,0.5510204081632653,False,True
3.0,bin,12,0.1658499836921692,0.12460005283355713,0.20709991455078125,673160,CCC(=O)Nc1ccc2oc(C(F)(F)F)cc(=O)c2c1,3.160300000000001,CCCC(=O)Nc1ccc2oc(C(F)F)cc(=O)c2c1,True,3.4692000000000016,0.3089000000000004,0.5686274509803921,False,True
3.0,bin,12,0.1658499836921692,0.12460005283355713,0.20709991455078125,711169,Cc1cccc(C(C)C)c1NC(=O)N(C)Cc1ccncc1,4.177320000000003,CC(c1ccncc1)N(CC(F)(F)F)C(=O)Nc1c(F)cccc1F,True,4.5172000000000025,0.33987999999999996,0.3770491803278688,False,True
3.0,bin,12,0.1658499836921692,0.12460005283355713,0.20709991455078125,720969,Cc1noc(C)c1CCC(=O)OCC(=O)N1c2ccccc2CC1C,2.7450400000000013,Cc1noc(C)c1CCC(=O)OC(C)C(=O)N1c2ccccc2CC1C,True,3.1335400000000018,0.3885000000000005,0.7096774193548387,False,True
3.0,bin,12,0.1658499836921692,0.12460005283355713,0.20709991455078125,730789,COC(=O)C1CCN(C(=O)c2cc3ccc(F)cc3nc2C)CC1,2.7075200000000006,COC(=O)C1CCCN(C(=O)c2cc3cc(F)ccc3nc2C)C1,True,2.7075200000000006,0.0,0.6551724137931034,False,True
3.0,bin,12,0.1658499836921692,0.12460005283355713,0.20709991455078125,738178,Cc1ccc(-n2ccnc2SCc2nc(C3CC3)no2)cc1C,4.041840000000003,Clc1ccc(-n2ccnc2SCc2nc(C3CC3)no2)cc1,True,4.078400000000002,0.036559999999998816,0.7358490566037735,False,True
3.0,bin,12,0.1658499836921692,0.12460005283355713,0.20709991455078125,771897,COc1ccccc1OCC(=O)N(C)Cc1sccc1C,3.102520000000002,Cc1ccsc1CN(C)C(=O)COc1cccc(C#N)c1,True,2.965600000000001,-0.13692000000000082,0.5714285714285714,False,True
3.0,bin,12,0.1658499836921692,0.12460005283355713,0.20709991455078125,811446,COC(=O)C1(NC(=O)c2cc(Br)c[nH]2)CCCCCC1,2.7730000000000006,COC(=O)C1(NC(=O)c2cccn2C)CCC(Cl)CC1,True,1.8480999999999994,-0.9249000000000012,0.3448275862068966,False,True
3.0,bin,12,0.1658499836921692,0.12460005283355713,0.20709991455078125,848291,CCC(C)NC(=O)NCc1noc(-c2cccs2)n1,2.3958000000000004,CC(C)CCNC(=O)NCc1noc(-c2cccs2)n1,True,2.6434000000000006,0.24760000000000026,0.7037037037037037,False,False
3.0,bin,12,0.1658499836921692,0.12460005283355713,0.20709991455078125,863440,COc1ccc(-c2nc(CCCO)cs2)cc1OC,2.752200000000001,COc1ccc(-c2nc(CC(C)O)cs2)cc1F,True,2.881100000000001,0.1288999999999998,0.5192307692307693,False,True
3.0,bin,12,0.1658499836921692,0.12460005283355713,0.20709991455078125,864663,N#Cc1ccc(-c2cc(F)ccc2F)nc1N1CCCC1,3.498680000000002,Cc1cc(F)ccc1-c1ccc(C#N)c(N2CCCC2)n1,True,3.668000000000003,0.1693200000000008,0.7555555555555555,False,True
3.0,bin,12,0.1658499836921692,0.12460005283355713,0.20709991455078125,872100,CCc1cccc(C)c1NCC(O)c1ccc2c(c1)OCCO2,3.474120000000002,Fc1ccc(NCC(F)c2ccc3c(c2)OCCO3)cc1Cl,True,4.373000000000002,0.8988800000000001,0.3492063492063492,False,True
3.0,bin,12,0.1658499836921692,0.12460005283355713,0.20709991455078125,886334,COc1ccc(C(=O)N2CCCC(C(=O)N3CCCCC3)C2)c(O)c1,2.2655000000000003,O=C(c1cccc(F)c1)N1CCCC(C(=O)N2CCC(O)CC2)C1,True,1.6611999999999998,-0.6043000000000005,0.43333333333333335,False,True
3.0,bin,12,0.1658499836921692,0.12460005283355713,0.20709991455078125,887387,COCCNC(=O)N(Cc1cccc(F)c1)CC1CCCO1,2.1627,C#CCNC(=O)N(Cc1cccc(C)c1)CC1CCCO1,True,2.3188200000000005,0.15612000000000048,0.59375,False,True
3.0,bin,12,0.1658499836921692,0.12460005283355713,0.20709991455078125,889149,N#Cc1ccc(NC(=O)c2ccc(Br)cc2Cl)nc1,3.621480000000001,N#CC=CC=C(Cl)NC(=O)c1cccc(C(F)(F)F)c1,True,3.595180000000002,-0.026299999999999102,0.18571428571428572,False,True
3.0,bin,12,0.1658499836921692,0.12460005283355713,0.20709991455078125,913483,O=C(CNC(=O)NCCc1c(Cl)cccc1Cl)NC1CC1,2.1137000000000006,CC(C)(C)c1ccc(CCNC(=O)NCC(=O)NC2CC2)cc1,True,2.1043999999999996,-0.009300000000000974,0.56,False,True
3.0,bin,12,0.1658499836921692,0.12460005283355713,0.20709991455078125,917620,C=CCN(Cc1ccccc1OC)C(=O)c1csc(C)n1,3.288520000000002,C=CCN(Cc1c(F)cccc1F)C(=O)c1csc(C)n1,True,3.5581200000000024,0.2696000000000005,0.6181818181818182,False,True
3.0,bin,12,0.1658499836921692,0.12460005283355713,0.20709991455078125,918312,CCOc1ccc(Cl)c(C(=O)N2CCN(c3ncccn3)CC2)n1,1.8860999999999997,O=C(c1ccc(C(F)(F)F)cn1)N1CCN(c2ncccn2)CC1,True,1.8527999999999998,-0.033299999999999885,0.4067796610169492,False,True
3.0,bin,12,0.1658499836921692,0.12460005283355713,0.20709991455078125,922879,CC(=O)c1ccc(N2CCN(Cc3c(F)cccc3F)CC2)cc1,3.489600000000003,CC(=O)c1ccc(N2CCN(Cc3ccc(C)cc3)CC2)c(F)c1,True,3.658920000000003,0.16931999999999992,0.4716981132075472,False,True
3.0,bin,12,0.1658499836921692,0.12460005283355713,0.20709991455078125,927535,COc1cc(CN2CCN(c3ccccc3F)CC2)ccc1O,2.862100000000002,COc1cccc(CN2CCN(c3ccc(F)cc3)CC2)c1,True,3.156500000000002,0.2944,0.42857142857142855,False,True
3.0,bin,12,0.1658499836921692,0.12460005283355713,0.20709991455078125,927567,Cc1ccccc1N1CCN(Cc2cccc(O)c2)CC1,3.022820000000001,Oc1cccc(N2CCN(Cc3c(F)cccc3Cl)CC2)c1,True,3.5069000000000026,0.4840800000000014,0.3888888888888889,False,True
3.0,bin,12,0.1658499836921692,0.12460005283355713,0.20709991455078125,938108,CC(c1ccccc1)N(C)C(=O)CCC(=O)Nc1nccs1,3.0814000000000012,CC(C)N(Cc1ccccc1)C(=O)CCC(=O)Nc1nccs1,True,3.2990000000000013,0.21760000000000002,0.6481481481481481,False,False
3.0,bin,12,0.1658499836921692,0.12460005283355713,0.20709991455078125,943303,CN(CCCOc1ccccc1)C(=O)Nc1cccc2c1OCCO2,3.390600000000002,Cc1ccccc1OCCCNC(=O)Nc1cccc2c1OCCO2,True,3.356820000000001,-0.03378000000000103,0.5079365079365079,False,True
3.0,bin,12,0.1658499836921692,0.12460005283355713,0.20709991455078125,946289,CC(NC(=O)C1(c2cc(-c3ccco3)on2)CC1)c1ccccc1,3.843600000000002,CC(NC(=O)C1(c2cc(-c3ccco3)on2)CC1)c1ccc(F)cc1,True,3.982700000000002,0.1391,0.8301886792452831,False,True
3.0,bin,12,0.1658499836921692,0.12460005283355713,0.20709991455078125,994077,Cc1nnc(Cn2c(-c3cccc(Br)c3)noc2=O)o1,2.0055199999999997,CSc1c(C)cccc1-c1noc(=O)n1Cc1nnc(C)o1,True,2.27334,0.2678200000000004,0.5714285714285714,False,True
3.0,bin,12,0.1658499836921692,0.12460005283355713,0.20709991455078125,1065620,O=C(NCc1cccnc1Oc1ccccc1)c1cccnc1,3.198900000000002,O=C(NCc1cccnc1Oc1ccc(F)cc1)c1cccnc1,True,3.338000000000002,0.1391,0.8125,False,True
3.0,bin,12,0.1658499836921692,0.12460005283355713,0.20709991455078125,1093926,CN(C(=O)CNc1cccc(OCC2CCCO2)c1)c1ccccc1,3.319300000000002,O=C(CNc1cccc(OCC2CCCO2)c1)Nc1ccc(F)cc1,True,3.4341000000000017,0.11479999999999979,0.6190476190476191,False,True
3.0,bin,12,0.1658499836921692,0.12460005283355713,0.20709991455078125,1107920,CCc1ccc(-n2cc(C(=O)NC(C)c3ccccc3)nn2)cc1,3.320700000000002,CC(NC(=O)c1cn(-c2ccc(Cl)cc2)nn1)c1ccccc1F,True,3.5508000000000015,0.2300999999999993,0.5517241379310345,False,True
3.0,bin,12,0.1658499836921692,0.12460005283355713,0.20709991455078125,1113130,CC(NC(=O)Cn1nnnc1C(C)(C)C)c1cccc2ccccc12,3.0012000000000016,CC1=CC=Cc2ccccc2CCC(C)(C)c2nnnn2CC(=O)N1,True,2.6303,-0.37090000000000156,0.1728395061728395,False,True
3.0,bin,12,0.1658499836921692,0.12460005283355713,0.20709991455078125,1121751,COC(=O)Cn1ccc(NS(=O)(=O)c2ccc(F)c(F)c2F)n1,1.2742,COC(=O)Cn1ccc(NS(=O)(=O)c2ccc(C)cc2F)n1,True,1.3044200000000001,0.030220000000000136,0.7307692307692307,False,True
3.0,bin,12,0.1658499836921692,0.12460005283355713,0.20709991455078125,1142531,CCOC(C)C(=O)NCCc1csc(-c2ccc(C)cc2)n1,3.2022200000000014,CCCNC(=O)NCCc1csc(-c2ccc(C)cc2)n1,True,3.3702200000000024,0.16800000000000104,0.6862745098039216,False,True
3.0,bin,12,0.1658499836921692,0.12460005283355713,0.20709991455078125,1212157,CN(Cc1ccc(F)c(F)c1)C(=O)c1cncc(-c2cnn(C)c2)c1,3.0325000000000015,CCN(Cc1cccc(F)c1)C(=O)c1cncc(-c2cnn(C)c2)c1,True,3.283500000000002,0.25100000000000033,0.5967741935483871,False,True
3.0,bin,12,0.1658499836921692,0.12460005283355713,0.20709991455078125,1215394,CCn1nc(C)cc1C(=O)Oc1cccc(NC(=O)C(C)C)c1,3.025120000000001,CCOc1ccccc1OC(=O)c1cc(C)nn1CC(C)C,True,3.4654200000000026,0.44030000000000147,0.47540983606557374,False,True
3.0,bin,12,0.1658499836921692,0.12460005283355713,0.20709991455078125,1232922,CC(C)(C)OC(=O)NC1CCCN(S(=O)(=O)N2CCOCC2)C1,0.5525000000000011,CC(O)C1CCC(C)N(S(=O)(=O)N2CCCC(O)C2)C1,True,0.16919999999999963,-0.3833000000000015,0.2698412698412698,False,True
3.0,bin,12,0.1658499836921692,0.12460005283355713,0.20709991455078125,1238973,FC(F)(F)c1cnc(N2CCn3c(nnc3C3CC3)C2)c(Cl)c1,3.2429000000000023,FC(F)(F)c1nnc2n1CCN(c1ccc(Cl)c(C3CC3)n1)C2,True,3.2429000000000014,-8.881784197001252e-16,0.43548387096774194,False,True
3.0,bin,12,0.1658499836921692,0.12460005283355713,0.20709991455078125,1299495,Cc1cc(CC(=O)N2CCCC2C(C#N)c2ccccc2)no1,2.823900000000001,COc1ccc(C(C#N)C2CCCN2C(=O)Cc2cc(C)on2)cc1,True,2.8325000000000014,0.008600000000000385,0.7966101694915254,False,True
3.0,bin,12,0.1658499836921692,0.12460005283355713,0.20709991455078125,1309906,CC(C)CC(NC(=O)c1cc(=O)c2ccccc2o1)C(=O)OC(C)C,2.8891000000000018,CC=C(C=C1C(=O)C2=CC(=O)NC(CC)=C1O2)OC(C)C(F)(F)F,True,3.018600000000002,0.12950000000000017,0.14814814814814814,False,True
3.0,bin,12,0.1658499836921692,0.12460005283355713,0.20709991455078125,1362816,COCc1cccc(C(=O)NC2CC2c2cccc(Cl)c2)c1,3.772300000000002,O=C(NC1CC1c1cccc(F)c1)c1cccc(C(F)(F)F)c1,True,4.1304000000000025,0.3581000000000003,0.4666666666666667,False,True
3.0,bin,12,0.1658499836921692,0.12460005283355713,0.20709991455078125,1441838,COCC(=O)NC(C(=O)Nc1cccc(-c2nccs2)c1)C(C)C,2.5358,CC(C)C(=O)N(C)CC(=O)Nc1cccc(-c2nccs2)c1,True,2.8630000000000004,0.3272000000000004,0.5555555555555556,False,True
3.0,bin,12,0.1658499836921692,0.12460005283355713,0.20709991455078125,1450449,CCCNC(=O)CSc1nc2c(cc1C#N)CCCC2,2.450380000000001,CCCCNc1cnc(SCC(=O)N(C)CC(F)(F)F)c(C)c1,True,3.7148200000000022,1.2644400000000013,0.23684210526315788,False,True
3.0,bin,12,0.1658499836921692,0.12460005283355713,0.20709991455078125,1451910,O=S(=O)(NCc1nnc2ccccn12)c1ccc(F)c(F)c1,1.4859999999999995,Cc1ccc(F)cc1S(=O)(=O)NCc1nnc2ccccn12,True,1.6553199999999997,0.16932000000000014,0.6111111111111112,False,False
3.0,bin,12,0.1658499836921692,0.12460005283355713,0.20709991455078125,1479798,Cc1nc(C)c(CCC(=O)N(CC(C)C)CC(F)(F)F)c(=O)[nH]1,2.3662400000000003,CCCN(CC(C)(C)C)C(=O)CCC1=C(C)N=C(C)NC(=O)C1,True,3.263600000000001,0.8973600000000008,0.2753623188405797,False,True
3.0,bin,12,0.1658499836921692,0.12460005283355713,0.20709991455078125,1507926,COC(=O)C(C)NC(=O)Cc1csc(-c2ccccc2Cl)n1,2.6837,CCCNC(=O)CNC(=O)Cc1csc(-c2ccccc2C)n1,True,2.30342,-0.38027999999999995,0.43548387096774194,False,True
3.0,bin,12,0.1658499836921692,0.12460005283355713,0.20709991455078125,1527882,Nc1ncccc1C(=O)Nc1ccc2cn[nH]c2c1,1.7923999999999998,COC(=O)c1ccc(C(=O)Nc2ccc3cn[nH]c3c2)cn1,True,1.9967999999999997,0.20439999999999992,0.5087719298245614,False,True
3.0,bin,12,0.1658499836921692,0.12460005283355713,0.20709991455078125,1532848,COc1ccc(-c2ccc3c(=O)[nH]cnc3c2)cc1Cl,3.2521000000000013,O=c1[nH]cnc2c(-c3ccc(F)c(Br)c3)cccc12,True,3.4917000000000007,0.23959999999999937,0.3050847457627119,False,True
3.0,bin,12,0.1658499836921692,0.12460005283355713,0.20709991455078125,1548351,COc1cc(OC)c2c(c1)C(c1cnccn1)NCC2,1.7288999999999999,COc1cc(OC)c2c(c1)C(c1cnccn1)NCC2,True,1.7288999999999999,0.0,1.0,True,False
3.0,bin,12,0.1658499836921692,0.12460005283355713,0.20709991455078125,1570134,COc1cccc(C(C)N2CCN(C(=O)c3ccc(O)cc3)CC2)c1,2.9198000000000013,Cc1ccc(C(C)N2CCN(C(=O)c3cccc(O)c3)CC2)cc1,True,3.2196200000000017,0.2998200000000004,0.5370370370370371,False,True
3.0,bin,12,0.1658499836921692,0.12460005283355713,0.20709991455078125,1611406,CC(C)(C)N1CC(NC(=O)C2COc3ccc(F)cc3C2)CC1=O,1.8923999999999994,CC(C)(C)NC1CCC1NC(=O)CC1CC(=O)c2cc(F)ccc2O1,True,2.584900000000001,0.6925000000000017,0.3333333333333333,False,True
3.0,bin,12,0.1658499836921692,0.12460005283355713,0.20709991455078125,1612684,CCCC1CN(C(=O)Nc2ccn(CCC(C)C)n2)CCO1,2.9620000000000015,CCCC1CN(C(=O)Nc2ccn(CCC(F)(F)F)n2)CCO1,True,2.8683000000000014,-0.09370000000000012,0.7627118644067796,False,True
3.0,bin,12,0.1658499836921692,0.12460005283355713,0.20709991455078125,1639675,CCC(CC)c1nnc(NC(=O)c2scnc2C2CC2)s1,4.0279000000000025,Cc1ncsc1C(=O)Nc1nnc([SH]2N=CC(C(C)(C)C)C2C)s1,True,3.965620000000003,-0.06227999999999945,0.36764705882352944,False,True
3.0,bin,12,0.1658499836921692,0.12460005283355713,0.20709991455078125,1675660,COc1ccnc(NC(=O)c2cccc(Cl)c2)c1,2.9959000000000007,O=C(Nc1ccc(F)cn1)c1ccc(Br)c(F)c1,True,3.374600000000001,0.37870000000000026,0.29310344827586204,False,True
3.0,bin,12,0.1658499836921692,0.12460005283355713,0.20709991455078125,1689728,CCc1noc(CSc2ncnc3sc(C)cc23)n1,3.237420000000002,Clc1cc2c(SCc3ncno3)ncnc2s1,True,3.0200000000000005,-0.2174200000000015,0.4727272727272727,False,True
3.0,bin,12,0.1658499836921692,0.12460005283355713,0.20709991455078125,1720876,CC(C)(C)CC(=O)NCC(=O)Nc1ccc2c(c1)COC2,2.2077,C=C(C)COC(C)C(=O)Nc1ccc2c(c1)COC2,True,2.6365000000000007,0.42880000000000074,0.44642857142857145,False,True
3.0,bin,12,0.1658499836921692,0.12460005283355713,0.20709991455078125,1757109,CC(C)Cc1ncc(CNc2ccc3c(c2)COC3)s1,3.983900000000003,CC(C)Cc1ncc(CNc2ccc3c(c2)COC3)s1,True,3.983900000000003,0.0,1.0,True,False
3.0,bin,12,0.1658499836921692,0.12460005283355713,0.20709991455078125,1774061,O=C1NCCCc2[nH]c(-c3cccc4[nH]ccc34)nc21,2.234,O=CNCC1CCNC12CC=CNCN=Cc1ccccc12,True,1.120800000000001,-1.113199999999999,0.10588235294117647,False,True
3.0,bin,12,0.1658499836921692,0.12460005283355713,0.20709991455078125,1800687,Cc1nn(C)c(-c2nc(-c3cccnn3)no2)c1Cl,1.8889199999999997,FC(F)(F)c1cn[nH]c1-c1nc(-c2cccnn2)no1,True,1.9354999999999996,0.046579999999999844,0.42105263157894735,False,True
3.0,bin,12,0.1658499836921692,0.12460005283355713,0.20709991455078125,1815867,FC(F)(F)c1ccc(CN2CCOCC2c2ncon2)cc1,2.661900000000001,FC(=CC=CCl)CN1CCOCC1c1ncon1,True,2.0488,-0.6131000000000011,0.543859649122807,False,True
3.0,bin,12,0.1658499836921692,0.12460005283355713,0.20709991455078125,1828580,Cc1ccc(N2CC3OCC(=O)N(Cc4cccc(F)c4)C3C2)nn1,1.54032,Cc1ccc(N2CC3OCC(=O)N(Cc4ccccc4C)C3C2N)[nH]1,True,1.5325399999999998,-0.00778000000000012,0.2839506172839506,False,True
3.0,bin,12,0.1658499836921692,0.12460005283355713,0.20709991455078125,1836183,CCc1ccc(C(=O)NCc2nccc(N(C)C)n2)cc1,2.035,CN(C)c1ccnc(CNC(=O)c2cc(Cl)ccc2F)n1,True,2.2651000000000003,0.2301000000000002,0.5555555555555556,False,True
3.0,bin,12,0.1658499836921692,0.12460005283355713,0.20709991455078125,1842499,COc1ccccc1COc1ccccc1-c1cnn(CCO)c1,3.1300000000000017,CN(C)c1ccccc1COc1ccccc1-c1cnn(CCO)c1,True,3.187400000000002,0.05740000000000034,0.74,False,True
3.0,bin,12,0.1658499836921692,0.12460005283355713,0.20709991455078125,1865564,COC(CNC(=O)c1ccoc1)c1cccc(F)c1,2.536200000000001,COC(CNC(=O)c1cc(C)oc1C)c1ccccc1,True,3.0139400000000016,0.4777400000000007,0.4482758620689655,False,True
3.0,bin,12,0.1658499836921692,0.12460005283355713,0.20709991455078125,1868773,CCCOc1ccc(Cl)c2c1CCNC2C1CC(=O)C1,3.2947000000000015,CC(C)(C)c1ccc2c(c1F)C(C1CCC(=O)C1)NCC2,True,3.6792000000000025,0.38450000000000095,0.3230769230769231,False,True
3.0,bin,12,0.1658499836921692,0.12460005283355713,0.20709991455078125,1873123,CCC1OC(=O)c2c(OC)ccc(Br)c21,3.079200000000002,CCC1OC(=O)c2c(Br)cc(OC)cc21,True,3.079200000000002,0.0,0.5348837209302325,False,True
3.0,bin,12,0.1658499836921692,0.12460005283355713,0.20709991455078125,1875028,Cc1cccc(C)c1NCC(=O)N1CCCC2CCCCC21,3.8965400000000034,O=C(CCCC1CCCCC1)CNc1ccccc1C(F)(F)F,True,5.437000000000005,1.5404600000000013,0.2698412698412698,False,True
3.0,bin,12,0.1658499836921692,0.12460005283355713,0.20709991455078125,1895921,CCC(CC)N(C)C(=O)CC1OC(=O)c2ccccc21,2.935200000000002,CCCC(C)N(C)C(=O)c1ccc2c(c1)C(=O)OC2,True,2.6176000000000013,-0.31760000000000055,0.2698412698412698,False,True
3.0,bin,12,0.1658499836921692,0.12460005283355713,0.20709991455078125,1907077,Cc1ccc2[nH]nc(C(=O)Nc3nc(-c4ccco4)cs3)c2c1,3.8401200000000015,CCn1nc(C(=O)Nc2nc(-c3ccco3)cs2)c2ccccc21,True,4.025000000000002,0.1848800000000006,0.5223880597014925,False,True
3.0,bin,12,0.1658499836921692,0.12460005283355713,0.20709991455078125,1913063,Cc1nn(C)c(C)c1CN(C(=O)c1cn2cccc(C)c2n1)C1CC1,2.797860000000001,CCCN(CC1=CN1CC)C(=O)c1cn2cccc(C)c2nc1=N,True,2.1512900000000004,-0.6465700000000005,0.35526315789473684,False,True
3.0,bin,12,0.1658499836921692,0.12460005283355713,0.20709991455078125,1922265,CN(CCNC(=O)c1ccc2c(c1)ncn2C)c1ccccc1,2.4395000000000007,Cc1ccc(N(C)CCNC(=O)c2ccc3c(c2)ncn3C)cc1,True,2.7479200000000015,0.3084200000000008,0.8235294117647058,False,True
3.0,bin,13,0.2550499439239502,0.20709991455078125,0.30299997329711914,32052,COc1ccccc1CNC(=O)Cc1c[nH]c2ccccc12,3.035400000000001,Cc1ccc(CNC(=O)Cc2c[nH]c3ccccc23)cc1,True,3.3352200000000014,0.2998200000000004,0.6382978723404256,False,False
3.0,bin,13,0.2550499439239502,0.20709991455078125,0.30299997329711914,116747,COCCSc1ccccc1C(=O)Nc1cccc(C)n1,3.3808200000000017,CCCOc1ccc(C(=O)Nc2cccc(C)n2)c(OC)c1,True,3.439720000000002,0.058900000000000396,0.4915254237288136,False,True
3.0,bin,13,0.2550499439239502,0.20709991455078125,0.30299997329711914,131060,CS(=O)(=O)NCCc1csc(-c2ccc(F)cc2)n1,2.0408999999999997,CNC(=O)NCCc1csc(-c2ccc(F)cc2)n1,True,2.4207,0.37980000000000036,0.625,False,True
3.0,bin,13,0.2550499439239502,0.20709991455078125,0.30299997329711914,131949,CCc1c(C)nc(SCC(=O)NC(C)C)[nH]c1=O,1.25742,CCc1nc(SCC(=O)N(C)C)[nH]c(=O)c1CC,True,1.0749999999999997,-0.18242000000000025,0.47058823529411764,False,True
3.0,bin,13,0.2550499439239502,0.20709991455078125,0.30299997329711914,158879,COc1ccc(CC(=O)OCC(=O)c2c[nH]c3ccccc23)cc1,3.145100000000001,O=C(Cc1c(F)cccc1F)OCC(=O)c1c[nH]c2ccccc12,True,3.4147000000000016,0.2696000000000005,0.6153846153846154,False,True
3.0,bin,13,0.2550499439239502,0.20709991455078125,0.30299997329711914,232056,COCCNC(=O)c1cc(=O)c2cc(C)ccc2o1,1.4776199999999993,CCN(CCOC)C(=O)c1cc(=O)c2ccccc2o1,True,1.9015000000000002,0.4238800000000009,0.4642857142857143,False,True
3.0,bin,13,0.2550499439239502,0.20709991455078125,0.30299997329711914,235788,O=C(Cn1nc(-c2ccco2)oc1=O)NCC(F)(F)F,0.7747999999999999,CCCCNC(=O)Cn1nc(-c2ccco2)oc1=O,True,1.0126000000000002,0.23780000000000023,0.6792452830188679,False,True
3.0,bin,13,0.2550499439239502,0.20709991455078125,0.30299997329711914,236081,CC(=O)c1c(C)[nH]c(C(=O)CSc2nc(C(C)C)n[nH]2)c1C,3.0506400000000014,Cc1[nH]c(C(=O)CSc2nc(C(C)C)n[nH]2)c(C#N)c1Cl,True,3.064700000000001,0.01405999999999974,0.6071428571428571,False,True
3.0,bin,13,0.2550499439239502,0.20709991455078125,0.30299997329711914,281081,O=C(Cn1cccn1)NCc1cccnc1Oc1ccc(F)cc1F,2.665000000000001,CC(C(=O)NCc1cccnc1Oc1ccccc1)n1cccn1,True,2.9478000000000018,0.28280000000000083,0.4492753623188406,False,False
3.0,bin,13,0.2550499439239502,0.20709991455078125,0.30299997329711914,284170,COc1ccc(-c2nc(CC(=O)Nc3cccc(C)n3)cs2)cc1,3.7033200000000024,Cc1ccc(NC(=O)Cc2csc(-c3cc(F)ccc3F)n2)nc1,True,3.972920000000003,0.2696000000000005,0.4117647058823529,False,True
3.0,bin,13,0.2550499439239502,0.20709991455078125,0.30299997329711914,288369,Cc1ccc(NCc2nnc3n2CCCCC3)cc1C,3.2334400000000016,CCCOc1cc(F)ccc1NCc1nnc2n1CCCCC2,True,3.544500000000002,0.31106000000000034,0.5,False,True
3.0,bin,13,0.2550499439239502,0.20709991455078125,0.30299997329711914,302889,COc1ccc(OC)c(NC(=O)CCNC(=O)c2cccs2)c1,2.5239000000000003,Cc1cccc(NC(=O)CCNC(=O)c2cccs2)c1,True,2.815120000000001,0.2912200000000009,0.5535714285714286,False,False
3.0,bin,13,0.2550499439239502,0.20709991455078125,0.30299997329711914,327141,COc1ccc(OC)c(S(=O)(=O)Nc2ccn(C)n2)c1,1.2381,Cc1ccccc1S(=O)(=O)Nc1ccn(C)n1,True,1.52932,0.29122000000000003,0.5319148936170213,False,True
3.0,bin,13,0.2550499439239502,0.20709991455078125,0.30299997329711914,327382,CNC(=O)C1CN(C(=O)c2c(C)noc2C)c2ccccc2O1,1.4452399999999996,CNC(=O)CCN1CC=CC=CCCOCc2onc(C)c2C1=O,True,1.59402,0.14878000000000036,0.225,False,True
3.0,bin,13,0.2550499439239502,0.20709991455078125,0.30299997329711914,406491,COCCNC(=O)C1CCCN(S(=O)(=O)N2CCOCC2)C1,-0.9619999999999964,C#CCNC(=O)CC1CCN(S(=O)(=O)N2CCOCC2)CC1,True,-0.585099999999998,0.37689999999999846,0.45614035087719296,False,True
3.0,bin,13,0.2550499439239502,0.20709991455078125,0.30299997329711914,413951,O=C(Cn1ncn2cccc2c1=O)N1CCCCCC1,0.8985999999999996,O=C(Cn1ncn2cccc2c1=O)N1CCCCC1,True,0.5084999999999997,-0.3900999999999999,1.0,False,False
3.0,bin,13,0.2550499439239502,0.20709991455078125,0.30299997329711914,427929,CCNc1nc(NCc2ccccc2Cl)c2cnn(C)c2n1,3.060600000000001,CC(C)CNc1nc(NCc2ccccc2F)c2cnn(C)c2n1,True,3.1824000000000012,0.12180000000000035,0.5964912280701754,False,True
3.0,bin,13,0.2550499439239502,0.20709991455078125,0.30299997329711914,447130,CCC(NC(=O)C1CCN(C(=O)C2CC2)CC1)c1ccc(C)cc1,3.2109200000000016,CC(C)CC(NC(=O)C1CCN(C(=O)C2CC2)CC1)c1ccccc1,True,3.5386000000000024,0.32768000000000086,0.6274509803921569,False,False
3.0,bin,13,0.2550499439239502,0.20709991455078125,0.30299997329711914,481908,CCNS(=O)(=O)c1ccc(C)c(C(=O)Nc2ncccc2C)c1,2.24894,COCCNc1ccc(F)cc1C(=O)Nc1ncccc1C,True,2.8397200000000007,0.5907800000000005,0.4444444444444444,False,True
3.0,bin,13,0.2550499439239502,0.20709991455078125,0.30299997329711914,485220,Cc1nn(CC(=O)N2CCN(C)CC2)c(C)c1Br,1.03644,Cc1nn(CC(=O)N2CCN(C(F)(F)F)CC2)c(C)c1C,True,1.47236,0.43591999999999986,0.5217391304347826,False,True
3.0,bin,13,0.2550499439239502,0.20709991455078125,0.30299997329711914,526363,Cc1nnc(SCC(=O)Nc2ccc(O)cc2)n(N)c1=O,0.09692,Cc1nnc(SCC(=O)Nc2ccccc2)n(N)c1=O,True,0.39132,0.2944,0.8043478260869565,False,False
3.0,bin,13,0.2550499439239502,0.20709991455078125,0.30299997329711914,536853,COc1ccc(C2CCCN2C(=O)C2CCC2)c(OC)c1,3.1674000000000015,Cc1ccc(C2CCCN2C(=O)C2CCC2)cc1,True,3.4586200000000025,0.2912200000000009,0.5102040816326531,False,True
3.0,bin,13,0.2550499439239502,0.20709991455078125,0.30299997329711914,540312,Cc1nn(C)c2nc(C3CC3)cc(C(=O)NCC(=O)NC(C)(C)C)c12,1.7986199999999997,C=CCNC(=O)c1cc(C2CC2)nc2c1c(C)nn2C,True,2.0699199999999998,0.2713000000000001,0.6724137931034483,False,False
3.0,bin,13,0.2550499439239502,0.20709991455078125,0.30299997329711914,544381,Cc1nc(N2CCCC(C(=O)NC(C)C)C2)c2c(C)c(C)oc2n1,2.8890600000000006,C=CCNc1nc(C)nc2oc(C)c(N3CCCC(C)C3)c12,True,3.673840000000003,0.7847800000000023,0.36619718309859156,False,True
3.0,bin,13,0.2550499439239502,0.20709991455078125,0.30299997329711914,544382,CCCNC(=O)C1CCCN(c2nc(C)nc3oc(C)c(C)c23)C1,2.8906600000000013,CCC(=O)N(C)C1CCN(c2nc(C)nc3oc(C)c(C)c23)CC1,True,2.985260000000002,0.09460000000000068,0.5396825396825397,False,True
3.0,bin,13,0.2550499439239502,0.20709991455078125,0.30299997329711914,550049,Cc1ccc(C)c(OCC(=O)Nc2cccc(-n3cnnc3)c2)c1,2.9016400000000013,CC(C)c1ccccc1OCC(=O)Nc1cccc(-n2cnnc2)c1,True,3.408200000000001,0.5065599999999995,0.6607142857142857,False,True
3.0,bin,13,0.2550499439239502,0.20709991455078125,0.30299997329711914,573533,Cc1nn(-c2ncc(C(F)(F)F)cc2Cl)c(=O)o1,2.2011199999999995,CCCc1nn(-c2ncc(C(F)(F)F)cc2Cl)c(=O)o1,True,2.845200000000001,0.6440800000000015,0.6875,False,True
3.0,bin,13,0.2550499439239502,0.20709991455078125,0.30299997329711914,582555,O=C(NCC(O)c1ccccc1)c1ccc2c(=O)n3c(nc2c1)CCC3,1.8061000000000003,CCCC1NC(=O)C=CC1=CC(O)CCNC=O,True,0.2645,-1.5416000000000003,0.10588235294117647,False,True
3.0,bin,13,0.2550499439239502,0.20709991455078125,0.30299997329711914,588547,Cc1n[nH]c(C)c1NC(=O)CCc1ccc(Cl)cc1Cl,3.9046400000000023,Cc1n[nH]c(C)c1NC(=O)CC(CC(C)(C)C)c1ccc(F)cc1,True,4.714240000000004,0.8096000000000014,0.4032258064516129,False,True
3.0,bin,13,0.2550499439239502,0.20709991455078125,0.30299997329711914,607673,CCCN(CC1CC1)S(=O)(=O)c1ccccc1F,2.636400000000001,CCCCN(CC1CC1)S(=O)(=O)c1ccc(OC)cc1,True,2.8960000000000017,0.2596000000000007,0.45098039215686275,False,True
3.0,bin,13,0.2550499439239502,0.20709991455078125,0.30299997329711914,617681,Cc1cc(C(=O)Nc2nc(-c3ccncc3)cs2)nn1C(C)C,3.5432200000000016,CCC(C)n1nc(C(=O)Nc2nc(-c3ccncc3)cs2)cc1C,True,3.933320000000003,0.3901000000000012,0.8113207547169812,False,True
3.0,bin,13,0.2550499439239502,0.20709991455078125,0.30299997329711914,650267,COc1ccc2oc(C(=O)NC3CCCCNC3=O)c(C)c2c1,2.14832,CC1(C(=O)NC2CCCCNC2=O)C=CC=C2CC=C21,True,1.6038999999999999,-0.5444200000000001,0.3472222222222222,False,True
3.0,bin,13,0.2550499439239502,0.20709991455078125,0.30299997329711914,668639,Cc1cc(NC(=O)c2ccccc2Cl)ncc1N,2.8779200000000005,Cc1ccc(NC(=O)c2ccc(Cl)cc2)nc1,True,3.295720000000001,0.4178000000000006,0.38,False,True
3.0,bin,13,0.2550499439239502,0.20709991455078125,0.30299997329711914,673160,CCC(=O)Nc1ccc2oc(C(F)(F)F)cc(=O)c2c1,3.160300000000001,CC(C)C(=O)Nc1ccc2oc(C(F)(F)F)cc(=O)c2c1,True,3.4063000000000017,0.24600000000000044,0.7021276595744681,False,False
3.0,bin,13,0.2550499439239502,0.20709991455078125,0.30299997329711914,711169,Cc1cccc(C(C)C)c1NC(=O)N(C)Cc1ccncc1,4.177320000000003,C=C(C)CN(C(=O)Nc1ccccc1C(C)C)C(C)c1ccncc1,True,5.376200000000005,1.1988800000000026,0.39344262295081966,False,True
3.0,bin,13,0.2550499439239502,0.20709991455078125,0.30299997329711914,720969,Cc1noc(C)c1CCC(=O)OCC(=O)N1c2ccccc2CC1C,2.7450400000000013,Cc1noc(C)c1CC(C)C(=O)OCC(=O)N1c2ccccc2CC1C,True,2.9910400000000017,0.24600000000000044,0.7213114754098361,False,True
3.0,bin,13,0.2550499439239502,0.20709991455078125,0.30299997329711914,730789,COC(=O)C1CCN(C(=O)c2cc3ccc(F)cc3nc2C)CC1,2.7075200000000006,CCOC(=O)C1CCN(C(=O)c2cc3ccccc3nc2C)CC1,True,2.958520000000001,0.25100000000000033,0.5964912280701754,False,True
3.0,bin,13,0.2550499439239502,0.20709991455078125,0.30299997329711914,738178,Cc1ccc(-n2ccnc2SCc2nc(C3CC3)no2)cc1C,4.041840000000003,Fc1ccc(Cl)cc1-n1ccnc1SCc1nc(C2CC2)no1,True,4.217500000000002,0.17565999999999882,0.6271186440677966,False,True
3.0,bin,13,0.2550499439239502,0.20709991455078125,0.30299997329711914,771897,COc1ccccc1OCC(=O)N(C)Cc1sccc1C,3.102520000000002,Cc1ccc(OCC(=O)N(C)Cc2sc(C)cc2C)cc1,True,3.710760000000003,0.6082400000000012,0.42857142857142855,False,True
3.0,bin,13,0.2550499439239502,0.20709991455078125,0.30299997329711914,811446,COC(=O)C1(NC(=O)c2cc(Br)c[nH]2)CCCCCC1,2.7730000000000006,Cn1cc(Br)cc1C(=O)NC1(C#N)CCCCCC1,True,3.133980000000002,0.3609800000000014,0.3275862068965517,False,False
3.0,bin,13,0.2550499439239502,0.20709991455078125,0.30299997329711914,848291,CCC(C)NC(=O)NCc1noc(-c2cccs2)n1,2.3958000000000004,CCC(CC)C(=O)NCc1noc(-c2cccs2)n1,True,2.850500000000001,0.45470000000000077,0.7115384615384616,False,False
3.0,bin,13,0.2550499439239502,0.20709991455078125,0.30299997329711914,863440,COc1ccc(-c2nc(CCCO)cs2)cc1OC,2.752200000000001,Cc1ccc(-c2nc(CCCO)cs2)c(O)c1C,True,3.0574400000000015,0.3052400000000004,0.48,False,True
3.0,bin,13,0.2550499439239502,0.20709991455078125,0.30299997329711914,864663,N#Cc1ccc(-c2cc(F)ccc2F)nc1N1CCCC1,3.498680000000002,N#Cc1cc(-c2ccc(Br)cc2)ccc1N1CCCC1,True,4.5879800000000035,1.0893000000000015,0.32075471698113206,False,True
3.0,bin,13,0.2550499439239502,0.20709991455078125,0.30299997329711914,872100,CCc1cccc(C)c1NCC(O)c1ccc2c(c1)OCCO2,3.474120000000002,CCc1cccc(CC)c1NCCC(O)c1ccc2c(c1)OCCO2,True,4.1182000000000025,0.6440800000000007,0.6862745098039216,False,True
3.0,bin,13,0.2550499439239502,0.20709991455078125,0.30299997329711914,886334,COc1ccc(C(=O)N2CCCC(C(=O)N3CCCCC3)C2)c(O)c1,2.2655000000000003,COC1CCN(C(=O)C2CCCN(C(=O)c3ccc(F)cc3)C2)CC1,True,2.3153000000000006,0.04980000000000029,0.4827586206896552,False,True
3.0,bin,13,0.2550499439239502,0.20709991455078125,0.30299997329711914,887387,COCCNC(=O)N(Cc1cccc(F)c1)CC1CCCO1,2.1627,COCCNC(=O)N(Cc1ccc(F)cc1F)CC1CCCO1,True,2.3018,0.1391,0.7333333333333333,False,True
3.0,bin,13,0.2550499439239502,0.20709991455078125,0.30299997329711914,889149,N#Cc1ccc(NC(=O)c2ccc(Br)cc2Cl)nc1,3.621480000000001,N#CC=CC=C(F)NC(=O)c1cc(C(F)(F)F)ccc1OCF,True,3.631680000000001,0.010200000000000209,0.18666666666666668,False,True
3.0,bin,13,0.2550499439239502,0.20709991455078125,0.30299997329711914,913483,O=C(CNC(=O)NCCc1c(Cl)cccc1Cl)NC1CC1,2.1137000000000006,CC(C)C(Cc1ccccc1Cl)NC(=O)NCC(=O)NC1CC1,True,2.4849000000000006,0.3712,0.509090909090909,False,True
3.0,bin,13,0.2550499439239502,0.20709991455078125,0.30299997329711914,917620,C=CCN(Cc1ccccc1OC)C(=O)c1csc(C)n1,3.288520000000002,C=CCN(Cc1ccc(C)cc1)C(=O)c1csc(C)n1,True,3.5883400000000023,0.2998200000000004,0.6226415094339622,False,True
3.0,bin,13,0.2550499439239502,0.20709991455078125,0.30299997329711914,918312,CCOc1ccc(Cl)c(C(=O)N2CCN(c3ncccn3)CC2)n1,1.8860999999999997,CC(C)c1cccc(C(=O)N2CCN(c3ncccn3)CC2)n1,True,1.9573999999999998,0.07130000000000014,0.45614035087719296,False,True
3.0,bin,13,0.2550499439239502,0.20709991455078125,0.30299997329711914,922879,CC(=O)c1ccc(N2CCN(Cc3c(F)cccc3F)CC2)cc1,3.489600000000003,Oc1ccc(N2CCN(Cc3c(F)cccc3Cl)CC2)cc1,True,3.5069000000000026,0.01729999999999965,0.574468085106383,False,True
3.0,bin,13,0.2550499439239502,0.20709991455078125,0.30299997329711914,927535,COc1cc(CN2CCN(c3ccccc3F)CC2)ccc1O,2.862100000000002,COc1ccccc1NCCN(C)Cc1cccc(NC(C)=O)c1C,True,3.5059200000000015,0.6438199999999994,0.17333333333333334,False,True
3.0,bin,13,0.2550499439239502,0.20709991455078125,0.30299997329711914,927567,Cc1ccccc1N1CCN(Cc2cccc(O)c2)CC1,3.022820000000001,CCc1ccccc1N1CCN(Cc2cccc(O)c2)CC1,True,3.2768000000000015,0.2539800000000003,0.7380952380952381,False,True
3.0,bin,13,0.2550499439239502,0.20709991455078125,0.30299997329711914,938108,CC(c1ccccc1)N(C)C(=O)CCC(=O)Nc1nccs1,3.0814000000000012,CCC(NC(=O)CCC(=O)Nc1nc(C)cs1)c1ccccc1,True,3.4377200000000014,0.3563200000000002,0.4098360655737705,False,True
3.0,bin,13,0.2550499439239502,0.20709991455078125,0.30299997329711914,943303,CN(CCCOc1ccccc1)C(=O)Nc1cccc2c1OCCO2,3.390600000000002,CC(CCNC(=O)Nc1ccccc1F)Oc1cccc2c1OCCO2,True,3.5760000000000023,0.18540000000000045,0.375,False,True
3.0,bin,13,0.2550499439239502,0.20709991455078125,0.30299997329711914,946289,CC(NC(=O)C1(c2cc(-c3ccco3)on2)CC1)c1ccccc1,3.843600000000002,CCC=CC=C1C=CN(C(=O)C2(c3cc(-c4ccco4)on3)CC2)C1C,True,4.603200000000005,0.7596000000000025,0.43243243243243246,False,True
3.0,bin,13,0.2550499439239502,0.20709991455078125,0.30299997329711914,994077,Cc1nnc(Cn2c(-c3cccc(Br)c3)noc2=O)o1,2.0055199999999997,CSc1ccc(Cl)c(-c2noc(=O)n2Cc2nnc(C)o2)c1,True,2.6183200000000006,0.6128000000000009,0.5344827586206896,False,True
3.0,bin,13,0.2550499439239502,0.20709991455078125,0.30299997329711914,1065620,O=C(NCc1cccnc1Oc1ccccc1)c1cccnc1,3.198900000000002,O=C(NCc1cccnc1Oc1cccc(F)c1)c1cccnc1,True,3.338000000000002,0.1391,0.7647058823529411,False,True
3.0,bin,13,0.2550499439239502,0.20709991455078125,0.30299997329711914,1093926,CN(C(=O)CNc1cccc(OCC2CCCO2)c1)c1ccccc1,3.319300000000002,Cc1ccccc1NC(=O)CNc1cccc(OCC2CCCO2)c1,True,3.6034200000000025,0.2841200000000006,0.6507936507936508,False,True
3.0,bin,13,0.2550499439239502,0.20709991455078125,0.30299997329711914,1107920,CCc1ccc(-n2cc(C(=O)NC(C)c3ccccc3)nn2)cc1,3.320700000000002,CCC(NC(=O)c1cn(-c2ccc(C)cc2)nn1)c1ccc(F)cc1,True,3.5959200000000022,0.27522,0.5,False,True
3.0,bin,13,0.2550499439239502,0.20709991455078125,0.30299997329711914,1113130,CC(NC(=O)Cn1nnnc1C(C)(C)C)c1cccc2ccccc12,3.0012000000000016,CC(NC(=O)C(C=Cc1ccccc1)C(C)C)c1nnnn1C(F)F,True,3.2310000000000016,0.2298,0.2916666666666667,False,True
3.0,bin,13,0.2550499439239502,0.20709991455078125,0.30299997329711914,1121751,COC(=O)Cn1ccc(NS(=O)(=O)c2ccc(F)c(F)c2F)n1,1.2742,CCOC(=O)Cn1ccc(NS(=O)(=O)c2cc(F)ccc2F)n1,True,1.5252000000000001,0.2510000000000001,0.6140350877192983,False,True
3.0,bin,13,0.2550499439239502,0.20709991455078125,0.30299997329711914,1142531,CCOC(C)C(=O)NCCc1csc(-c2ccc(C)cc2)n1,3.2022200000000014,CCN(C(=O)NCCC(C=CS)N=Cc1ccc(OC)cc1)C(C)C,True,3.7562000000000024,0.553980000000001,0.18292682926829268,False,True
3.0,bin,13,0.2550499439239502,0.20709991455078125,0.30299997329711914,1212157,CN(Cc1ccc(F)c(F)c1)C(=O)c1cncc(-c2cnn(C)c2)c1,3.0325000000000015,CC(c1ccc(F)cc1)N(C)C(=O)c1cncc(-c2cnn(C)c2)c1,True,3.4544000000000015,0.42189999999999994,0.5573770491803278,False,True
3.0,bin,13,0.2550499439239502,0.20709991455078125,0.30299997329711914,1215394,CCn1nc(C)cc1C(=O)Oc1cccc(NC(=O)C(C)C)c1,3.025120000000001,CCn1nc(C)cc1C(=O)Oc1cc(Cl)ccc1F,True,3.2231200000000015,0.1980000000000004,0.4915254237288136,False,True
3.0,bin,13,0.2550499439239502,0.20709991455078125,0.30299997329711914,1232922,CC(C)(C)OC(=O)NC1CCCN(S(=O)(=O)N2CCOCC2)C1,0.5525000000000011,CC1CCCN(S(=O)(=O)N2CCOC(OC(F)F)C2)C1,True,0.8605999999999998,0.3080999999999987,0.3728813559322034,False,True
3.0,bin,13,0.2550499439239502,0.20709991455078125,0.30299997329711914,1238973,FC(F)(F)c1cnc(N2CCn3c(nnc3C3CC3)C2)c(Cl)c1,3.2429000000000023,CC(C)(C)c1ncc(Cl)cc1N1CCn2c(nnc2C2CC2)C1,True,3.521600000000002,0.2786999999999997,0.5254237288135594,False,True
3.0,bin,13,0.2550499439239502,0.20709991455078125,0.30299997329711914,1299495,Cc1cc(CC(=O)N2CCCC2C(C#N)c2ccccc2)no1,2.823900000000001,Cc1ccc(C(C#N)C2CCCN2C(=O)Cc2cc(C)on2)cc1,True,3.1323200000000018,0.3084200000000008,0.8545454545454545,False,True
3.0,bin,13,0.2550499439239502,0.20709991455078125,0.30299997329711914,1309906,CC(C)CC(NC(=O)c1cc(=O)c2ccccc2o1)C(=O)OC(C)C,2.8891000000000018,CCCCCCNC(=O)c1cc(=O)c2ccccc2o1,True,3.1031000000000013,0.21399999999999952,0.49122807017543857,False,True
3.0,bin,13,0.2550499439239502,0.20709991455078125,0.30299997329711914,1362816,COCc1cccc(C(=O)NC2CC2c2cccc(Cl)c2)c1,3.772300000000002,O=C(NC1CC1c1ccc(Br)cc1)c1c(F)cccc1F,True,4.013200000000002,0.2408999999999999,0.3442622950819672,False,True
3.0,bin,13,0.2550499439239502,0.20709991455078125,0.30299997329711914,1441838,COCC(=O)NC(C(=O)Nc1cccc(-c2nccs2)c1)C(C)C,2.5358,COC(=O)CCC(=O)Nc1cccc(-c2nc(C)cs2)c1,True,3.0102200000000012,0.4744200000000012,0.417910447761194,False,True
3.0,bin,13,0.2550499439239502,0.20709991455078125,0.30299997329711914,1450449,CCCNC(=O)CSc1nc2c(cc1C#N)CCCC2,2.450380000000001,CCN(CC)C(=O)CSc1nc2c(cc1C#N)CCCC2,True,2.792580000000001,0.34220000000000006,0.6666666666666666,False,False
3.0,bin,13,0.2550499439239502,0.20709991455078125,0.30299997329711914,1451910,O=S(=O)(NCc1nnc2ccccn12)c1ccc(F)c(F)c1,1.4859999999999995,CCc1ccc(S(=O)(=O)NCc2nnc3ccccn23)cc1,True,1.7702,0.28420000000000045,0.66,False,False
3.0,bin,13,0.2550499439239502,0.20709991455078125,0.30299997329711914,1479798,Cc1nc(C)c(CCC(=O)N(CC(C)C)CC(F)(F)F)c(=O)[nH]1,2.3662400000000003,CCCCCCN(CC)C(=O)Cc1c(C)nc(C)[nH]c1=O,True,2.35804,-0.00820000000000043,0.4,False,True
3.0,bin,13,0.2550499439239502,0.20709991455078125,0.30299997329711914,1507926,COC(=O)C(C)NC(=O)Cc1csc(-c2ccccc2Cl)n1,2.6837,COCCOC(=O)Cc1csc(-c2ccccc2Cl)n1,True,3.1956000000000016,0.5119000000000016,0.6111111111111112,False,False
3.0,bin,13,0.2550499439239502,0.20709991455078125,0.30299997329711914,1527882,Nc1ncccc1C(=O)Nc1ccc2cn[nH]c2c1,1.7923999999999998,Nc1ncc(F)cc1C(=O)Nc1ccc2cn[nH]c2c1,True,1.9314999999999998,0.1391,0.7,False,True
3.0,bin,13,0.2550499439239502,0.20709991455078125,0.30299997329711914,1532848,COc1ccc(-c2ccc3c(=O)[nH]cnc3c2)cc1Cl,3.2521000000000013,O=c1[nH]cnc2ccc(-c3ccc(Cl)c(F)c3)cc12,True,3.382600000000001,0.13049999999999962,0.4897959183673469,False,True
3.0,bin,13,0.2550499439239502,0.20709991455078125,0.30299997329711914,1548351,COc1cc(OC)c2c(c1)C(c1cnccn1)NCC2,1.7288999999999999,Fc1cccc2c1C(c1cnccn1)NCC2,True,1.8507999999999998,0.1218999999999999,0.39285714285714285,False,True
3.0,bin,13,0.2550499439239502,0.20709991455078125,0.30299997329711914,1570134,COc1cccc(C(C)N2CCN(C(=O)c3ccc(O)cc3)CC2)c1,2.9198000000000013,CC(c1ccc(O)cc1)N1CCN(C(=O)c2ccc(F)cc2)CC1,True,3.050300000000002,0.1305000000000005,0.6,False,True
3.0,bin,13,0.2550499439239502,0.20709991455078125,0.30299997329711914,1611406,CC(C)(C)N1CC(NC(=O)C2COc3ccc(F)cc3C2)CC1=O,1.8923999999999994,CCC(CC)N1CC(NC(=O)C2COc3ccccc3C2)CC1=O,True,2.1433999999999997,0.25100000000000033,0.5,False,True
3.0,bin,13,0.2550499439239502,0.20709991455078125,0.30299997329711914,1612684,CCCC1CN(C(=O)Nc2ccn(CCC(C)C)n2)CCO1,2.9620000000000015,CC(C)CC1COCCN1C(=O)Nc1ccn(CC(F)(F)F)n1,True,2.7242000000000006,-0.2378000000000009,0.410958904109589,False,True
3.0,bin,13,0.2550499439239502,0.20709991455078125,0.30299997329711914,1639675,CCC(CC)c1nnc(NC(=O)c2scnc2C2CC2)s1,4.0279000000000025,CCC(CC)CC=NN=CNC(=O)c1scnc1C1CC1,True,3.5907000000000027,-0.4371999999999998,0.5263157894736842,False,True
3.0,bin,13,0.2550499439239502,0.20709991455078125,0.30299997329711914,1675660,COc1ccnc(NC(=O)c2cccc(Cl)c2)c1,2.9959000000000007,O=C(Nc1cccc(Cl)n1)c1cc(F)ccc1F,True,3.2655000000000003,0.2695999999999996,0.3392857142857143,False,True
3.0,bin,13,0.2550499439239502,0.20709991455078125,0.30299997329711914,1689728,CCc1noc(CSc2ncnc3sc(C)cc23)n1,3.237420000000002,CCCc1noc(CSc2ncnc3sc(C)cc23)n1,True,3.6275200000000023,0.39010000000000034,0.8333333333333334,False,False
3.0,bin,13,0.2550499439239502,0.20709991455078125,0.30299997329711914,1720876,CC(C)(C)CC(=O)NCC(=O)Nc1ccc2c(c1)COC2,2.2077,C=C(C)COC(C)C(=O)Nc1ccc2c(c1)COC2,True,2.6365000000000007,0.42880000000000074,0.44642857142857145,False,True
3.0,bin,13,0.2550499439239502,0.20709991455078125,0.30299997329711914,1757109,CC(C)Cc1ncc(CNc2ccc3c(c2)COC3)s1,3.983900000000003,CC(C)Cc1ncc(CNc2ccc3c(c2)COC3)s1,True,3.983900000000003,0.0,1.0,True,False
3.0,bin,13,0.2550499439239502,0.20709991455078125,0.30299997329711914,1774061,O=C1NCCCc2[nH]c(-c3cccc4[nH]ccc34)nc21,2.234,CCCNC(=O)C1=CCCNC1c1cccc2[nH]ccc12,True,2.6549000000000005,0.4209000000000005,0.2676056338028169,False,True
3.0,bin,13,0.2550499439239502,0.20709991455078125,0.30299997329711914,1800687,Cc1nn(C)c(-c2nc(-c3cccnn3)no2)c1Cl,1.8889199999999997,CCc1nn(CC)c(-c2nc(-c3cccnn3)no2)c1Cl,True,2.625800000000001,0.7368800000000011,0.5925925925925926,False,True
3.0,bin,13,0.2550499439239502,0.20709991455078125,0.30299997329711914,1815867,FC(F)(F)c1ccc(CN2CCOCC2c2ncon2)cc1,2.661900000000001,FC(F)C=NOC=NCC1COCCN1Cc1ccc(Cl)cc1,True,2.8366000000000007,0.17469999999999963,0.3142857142857143,False,True
3.0,bin,13,0.2550499439239502,0.20709991455078125,0.30299997329711914,1828580,Cc1ccc(N2CC3OCC(=O)N(Cc4cccc(F)c4)C3C2)nn1,1.54032,CCc1ccc(CN2C(=O)COC3CN(c4ccc(C)nn4)CC32)cc1,True,1.96362,0.4233,0.711864406779661,False,True
3.0,bin,13,0.2550499439239502,0.20709991455078125,0.30299997329711914,1836183,CCc1ccc(C(=O)NCc2nccc(N(C)C)n2)cc1,2.035,CN(C)c1ccnc(CNC(=O)c2cccc(C(F)(F)F)c2)n1,True,2.4914000000000005,0.45640000000000036,0.5925925925925926,False,True
3.0,bin,13,0.2550499439239502,0.20709991455078125,0.30299997329711914,1842499,COc1ccccc1COc1ccccc1-c1cnn(CCO)c1,3.1300000000000017,OCCn1cc(-c2ccccc2OCc2c(F)cccc2F)cn1,True,3.399600000000002,0.2696000000000005,0.6470588235294118,False,True
3.0,bin,13,0.2550499439239502,0.20709991455078125,0.30299997329711914,1865564,COC(CNC(=O)c1ccoc1)c1cccc(F)c1,2.536200000000001,CCOc1cccc(CCNC(=O)c2ccoc2OCC)c1,True,3.049500000000002,0.513300000000001,0.23943661971830985,False,True
3.0,bin,13,0.2550499439239502,0.20709991455078125,0.30299997329711914,1868773,CCCOc1ccc(Cl)c2c1CCNC2C1CC(=O)C1,3.2947000000000015,CC(C)Sc1cccc2c1C1(CCC(=O)C1C)NCC2,True,3.5271000000000017,0.23240000000000016,0.1643835616438356,False,True
3.0,bin,13,0.2550499439239502,0.20709991455078125,0.30299997329711914,1873123,CCC1OC(=O)c2c(OC)ccc(Br)c21,3.079200000000002,CCCC1OC(=O)c2cc(Br)ccc21,True,3.460700000000002,0.38149999999999995,0.32653061224489793,False,True
3.0,bin,13,0.2550499439239502,0.20709991455078125,0.30299997329711914,1875028,Cc1cccc(C)c1NCC(=O)N1CCCC2CCCCC21,3.8965400000000034,O=C(CCC1CCCCC1)CNc1ccccc1OC(F)(F)F,True,4.926700000000004,1.0301600000000004,0.265625,False,True
3.0,bin,13,0.2550499439239502,0.20709991455078125,0.30299997329711914,1895921,CCC(CC)N(C)C(=O)CC1OC(=O)c2ccccc21,2.935200000000002,CCC(C)C(=O)CC1OC(=O)c2c(Cl)cccc21,True,3.5568000000000026,0.6216000000000008,0.42592592592592593,False,True
3.0,bin,13,0.2550499439239502,0.20709991455078125,0.30299997329711914,1907077,Cc1ccc2[nH]nc(C(=O)Nc3nc(-c4ccco4)cs3)c2c1,3.8401200000000015,CCc1ccc2[nH]nc(C(=O)Nc3nc(-c4ccco4)cs3)c2c1,True,4.094100000000003,0.2539800000000012,0.7796610169491526,False,True
3.0,bin,13,0.2550499439239502,0.20709991455078125,0.30299997329711914,1913063,Cc1nn(C)c(C)c1CN(C(=O)c1cn2cccc(C)c2n1)C1CC1,2.797860000000001,CCC=C1CC(C)=NC(C(=O)N(Cc2cn3ccccc3n2)C2CC2)=CN1,True,3.4148000000000014,0.6169400000000005,0.32941176470588235,False,True
3.0,bin,13,0.2550499439239502,0.20709991455078125,0.30299997329711914,1922265,CN(CCNC(=O)c1ccc2c(c1)ncn2C)c1ccccc1,2.4395000000000007,CC(C)(CNC(=O)c1ccc2c(c1)ncn2CN)c1ccccc1,True,2.660100000000001,0.22060000000000013,0.453125,False,True
3.0,bin,14,0.34654998779296875,0.30299997329711914,0.39010000228881836,32052,COc1ccccc1CNC(=O)Cc1c[nH]c2ccccc12,3.035400000000001,COc1ccccc1CN(C)C(=O)Cc1c[nH]c2cccc(C)c12,True,3.686020000000002,0.6506200000000009,0.4576271186440678,False,True
3.0,bin,14,0.34654998779296875,0.30299997329711914,0.39010000228881836,116747,COCCSc1ccccc1C(=O)Nc1cccc(C)n1,3.3808200000000017,CCSc1ccccc1C(=O)Nc1ccc(C)cn1,True,3.7543200000000025,0.37350000000000083,0.4727272727272727,False,True
3.0,bin,14,0.34654998779296875,0.30299997329711914,0.39010000228881836,131060,CS(=O)(=O)NCCc1csc(-c2ccc(F)cc2)n1,2.0408999999999997,CCS(=O)(=O)N(C)CCc1csc(-c2ccc(C)cc2)n1,True,2.942520000000002,0.9016200000000021,0.4528301886792453,False,True
3.0,bin,14,0.34654998779296875,0.30299997329711914,0.39010000228881836,131949,CCc1c(C)nc(SCC(=O)NC(C)C)[nH]c1=O,1.25742,CC1=CCCC(=O)C(SCC(F)(F)F)=N1,True,2.9471000000000016,1.6896800000000016,0.14285714285714285,False,True
3.0,bin,14,0.34654998779296875,0.30299997329711914,0.39010000228881836,158879,COc1ccc(CC(=O)OCC(=O)c2c[nH]c3ccccc23)cc1,3.145100000000001,O=C(Cc1ccccc1Cl)OCC(=O)c1c[nH]c2ccccc12,True,3.789900000000002,0.6448000000000009,0.6153846153846154,False,True
3.0,bin,14,0.34654998779296875,0.30299997329711914,0.39010000228881836,232056,COCCNC(=O)c1cc(=O)c2cc(C)ccc2o1,1.4776199999999993,CCC(=O)NCCNC(=O)c1cc(=O)c2cc(C)ccc2o1,True,1.3574199999999998,-0.12019999999999942,0.723404255319149,False,True
3.0,bin,14,0.34654998779296875,0.30299997329711914,0.39010000228881836,235788,O=C(Cn1nc(-c2ccco2)oc1=O)NCC(F)(F)F,0.7747999999999999,CC(C)CCNC(=O)Cn1nc(-c2ccco2)oc1=O,True,1.2586000000000002,0.48380000000000023,0.6666666666666666,False,True
3.0,bin,14,0.34654998779296875,0.30299997329711914,0.39010000228881836,236081,CC(=O)c1c(C)[nH]c(C(=O)CSc2nc(C(C)C)n[nH]2)c1C,3.0506400000000014,CC(=O)C1=C(C)NC(C(=O)C(C)(C)Sc2nc(C)n[nH]2)CC=C1,True,2.3340199999999998,-0.7166200000000016,0.2361111111111111,False,True
3.0,bin,14,0.34654998779296875,0.30299997329711914,0.39010000228881836,281081,O=C(Cn1cccn1)NCc1cccnc1Oc1ccc(F)cc1F,2.665000000000001,Cc1cc(C)cc(Oc2ncccc2CNC(=O)Cn2cccn2)c1,True,3.00364,0.33863999999999894,0.6833333333333333,False,True
3.0,bin,14,0.34654998779296875,0.30299997329711914,0.39010000228881836,284170,COc1ccc(-c2nc(CC(=O)Nc3cccc(C)n3)cs2)cc1,3.7033200000000024,O=C(Cc1csc(-c2cccc(Br)c2)n1)Nc1ccccn1,True,4.148800000000002,0.4454799999999999,0.5,False,True
3.0,bin,14,0.34654998779296875,0.30299997329711914,0.39010000228881836,288369,Cc1ccc(NCc2nnc3n2CCCCC3)cc1C,3.2334400000000016,C=C1CCCCn2c(CNCC=CC=CCl)nnc21,True,2.873500000000001,-0.3599400000000008,0.30158730158730157,False,True
3.0,bin,14,0.34654998779296875,0.30299997329711914,0.39010000228881836,302889,COc1ccc(OC)c(NC(=O)CCNC(=O)c2cccs2)c1,2.5239000000000003,CCOCc1cccc(NC(=O)CCNC(=O)c2cccs2)c1,True,3.0432000000000015,0.5193000000000012,0.5161290322580645,False,True
3.0,bin,14,0.34654998779296875,0.30299997329711914,0.39010000228881836,327141,COc1ccc(OC)c(S(=O)(=O)Nc2ccn(C)n2)c1,1.2381,CCOCc1ccc(S(=O)(=O)Nc2ccn(C)n2)cc1,True,1.7574,0.5193000000000001,0.4444444444444444,False,True
3.0,bin,14,0.34654998779296875,0.30299997329711914,0.39010000228881836,327382,CNC(=O)C1CN(C(=O)c2c(C)noc2C)c2ccccc2O1,1.4452399999999996,CC(=O)NCC1CN(C(=O)c2c(C)noc2C)c2ccccc2O1,True,1.8353399999999997,0.3901000000000001,0.6379310344827587,False,True
3.0,bin,14,0.34654998779296875,0.30299997329711914,0.39010000228881836,406491,COCCNC(=O)C1CCCN(S(=O)(=O)N2CCOCC2)C1,-0.9619999999999964,C#CCOC(=O)C1CCCN(S(=O)(=O)N2CCOCC2)C1,True,-0.5481999999999978,0.4137999999999986,0.5454545454545454,False,True
3.0,bin,14,0.34654998779296875,0.30299997329711914,0.39010000228881836,413951,O=C(Cn1ncn2cccc2c1=O)N1CCCCCC1,0.8985999999999996,Cc1nn(CC(=O)N2CCCCCC2C)c(=O)c2cccn12,True,1.5955199999999996,0.69692,0.4262295081967213,False,True
3.0,bin,14,0.34654998779296875,0.30299997329711914,0.39010000228881836,427929,CCNc1nc(NCc2ccccc2Cl)c2cnn(C)c2n1,3.060600000000001,CC(C)Nc1nc(NCc2cccc(Cl)c2)c2cnn(C)c2n1,True,3.4491000000000014,0.3885000000000005,0.5081967213114754,False,True
3.0,bin,14,0.34654998779296875,0.30299997329711914,0.39010000228881836,447130,CCC(NC(=O)C1CCN(C(=O)C2CC2)CC1)c1ccc(C)cc1,3.2109200000000016,CC(C)CC1C(c2ccccc2)C(CCN(C)C(=O)C2CC2)C(=O)N1C,True,3.5316000000000027,0.3206800000000012,0.20270270270270271,False,True
3.0,bin,14,0.34654998779296875,0.30299997329711914,0.39010000228881836,481908,CCNS(=O)(=O)c1ccc(C)c(C(=O)Nc2ncccc2C)c1,2.24894,Cc1cccnc1NC(=O)c1ccc(S(=O)(=O)C(F)F)cc1,True,2.6386200000000013,0.38968000000000114,0.5,False,False
3.0,bin,14,0.34654998779296875,0.30299997329711914,0.39010000228881836,485220,Cc1nn(CC(=O)N2CCN(C)CC2)c(C)c1Br,1.03644,Cc1nn(CC(=O)N2CCN(C(F)F)CC2)c(C)c1Br,True,1.62924,0.5928,0.7142857142857143,False,True
3.0,bin,14,0.34654998779296875,0.30299997329711914,0.39010000228881836,526363,Cc1nnc(SCC(=O)Nc2ccc(O)cc2)n(N)c1=O,0.09692,COC(=O)c1ccccc1NC(=O)CSc1nncc(=O)n1C,True,0.6926999999999996,0.5957799999999996,0.3484848484848485,False,True
3.0,bin,14,0.34654998779296875,0.30299997329711914,0.39010000228881836,536853,COc1ccc(C2CCCN2C(=O)C2CCC2)c(OC)c1,3.1674000000000015,N#CCSc1ccccc1C1CCCN1C(=O)C1CCC1,True,3.765880000000002,0.5984800000000003,0.4406779661016949,False,True
3.0,bin,14,0.34654998779296875,0.30299997329711914,0.39010000228881836,540312,Cc1nn(C)c2nc(C3CC3)cc(C(=O)NCC(=O)NC(C)(C)C)c12,1.7986199999999997,Cn1cnc(C2CC2)cc(C(=O)NCC(F)(F)F)ccn1,True,2.109,0.3103800000000003,0.2972972972972973,False,True
3.0,bin,14,0.34654998779296875,0.30299997329711914,0.39010000228881836,544381,Cc1nc(N2CCCC(C(=O)NC(C)C)C2)c2c(C)c(C)oc2n1,2.8890600000000006,CCOC(=O)CCCCNC=NC(=NCOC(C)=C(C)C)C(C)C,True,3.680100000000003,0.7910400000000024,0.10714285714285714,False,True
3.0,bin,14,0.34654998779296875,0.30299997329711914,0.39010000228881836,544382,CCCNC(=O)C1CCCN(c2nc(C)nc3oc(C)c(C)c23)C1,2.8906600000000013,CC=NC1=c2c(C)c(C)oc2=NC2(C(=O)NCCC(C)C)CCCN1C2,True,1.6829399999999997,-1.2077200000000017,0.26744186046511625,False,True
3.0,bin,14,0.34654998779296875,0.30299997329711914,0.39010000228881836,550049,Cc1ccc(C)c(OCC(=O)Nc2cccc(-n3cnnc3)c2)c1,2.9016400000000013,CC(C)c1ccccc1OCC(=O)Nc1cccc(-n2cnnc2)c1,True,3.408200000000001,0.5065599999999995,0.6607142857142857,False,True
3.0,bin,14,0.34654998779296875,0.30299997329711914,0.39010000228881836,573533,Cc1nn(-c2ncc(C(F)(F)F)cc2Cl)c(=O)o1,2.2011199999999995,CCN=C(c1c(Cl)ccnc1C(=O)OCC)C(F)(F)F,True,3.283000000000002,1.0818800000000026,0.19696969696969696,False,True
3.0,bin,14,0.34654998779296875,0.30299997329711914,0.39010000228881836,582555,O=C(NCC(O)c1ccccc1)c1ccc2c(=O)n3c(nc2c1)CCC3,1.8061000000000003,CCCc1nc2cc(C(=O)NCCC34C=CC=C(C3)OC4)ccc2c(=O)[nH]1,True,2.855900000000001,1.0498000000000007,0.26666666666666666,False,True
3.0,bin,14,0.34654998779296875,0.30299997329711914,0.39010000228881836,588547,Cc1n[nH]c(C)c1NC(=O)CCc1ccc(Cl)cc1Cl,3.9046400000000023,Cc1n[nH]c(C)c1NC(=O)CC(C)(C)c1ccc(Cl)c(Cl)c1,True,4.639740000000003,0.735100000000001,0.5178571428571429,False,True
3.0,bin,14,0.34654998779296875,0.30299997329711914,0.39010000228881836,607673,CCCN(CC1CC1)S(=O)(=O)c1ccccc1F,2.636400000000001,CCCN(CC1CC1)S(=O)(=O)c1cc(C)ccc1OC,True,2.8143200000000013,0.1779200000000003,0.54,False,True
3.0,bin,14,0.34654998779296875,0.30299997329711914,0.39010000228881836,617681,Cc1cc(C(=O)Nc2nc(-c3ccncc3)cs2)nn1C(C)C,3.5432200000000016,Cc1nc(NC(=O)c2cc(C)n(C(C)C)n2)sc1-c1ccncc1,True,3.8516400000000024,0.3084200000000008,0.7037037037037037,False,True
3.0,bin,14,0.34654998779296875,0.30299997329711914,0.39010000228881836,650267,COc1ccc2oc(C(=O)NC3CCCCNC3=O)c(C)c2c1,2.14832,CC1=C(C(=O)NC2CCCCNC2)OOc2ccc(Cl)cc21,True,2.6533000000000007,0.5049800000000007,0.26582278481012656,False,True
3.0,bin,14,0.34654998779296875,0.30299997329711914,0.39010000228881836,668639,Cc1cc(NC(=O)c2ccccc2Cl)ncc1N,2.8779200000000005,Cc1cc(Cl)ccc1C(=O)Nc1ncc(N)cc1C,True,3.1863400000000004,0.3084199999999999,0.4074074074074074,False,True
3.0,bin,14,0.34654998779296875,0.30299997329711914,0.39010000228881836,673160,CCC(=O)Nc1ccc2oc(C(F)(F)F)cc(=O)c2c1,3.160300000000001,C=CCCC(=O)Nc1ccc2oc(C(F)(F)F)cc(=O)c2c1,True,3.7165000000000026,0.5562000000000014,0.7,False,True
3.0,bin,14,0.34654998779296875,0.30299997329711914,0.39010000228881836,711169,Cc1cccc(C(C)C)c1NC(=O)N(C)Cc1ccncc1,4.177320000000003,CCC(C)c1cccc(C)c1NC(=O)N(C)C(C)c1ccncc1,True,5.128420000000005,0.951100000000002,0.5535714285714286,False,True
3.0,bin,14,0.34654998779296875,0.30299997329711914,0.39010000228881836,720969,Cc1noc(C)c1CCC(=O)OCC(=O)N1c2ccccc2CC1C,2.7450400000000013,Cc1cc2cc(c1)N(C(=O)C(C)OC(=O)CCc1c(C)noc1C)C2C,True,3.5719600000000025,0.8269200000000012,0.40540540540540543,False,True
3.0,bin,14,0.34654998779296875,0.30299997329711914,0.39010000228881836,730789,COC(=O)C1CCN(C(=O)c2cc3ccc(F)cc3nc2C)CC1,2.7075200000000006,CCOC(=O)C1CCN(C(=O)c2cc3ccccc3nc2C)CC1,True,2.958520000000001,0.25100000000000033,0.5964912280701754,False,True
3.0,bin,14,0.34654998779296875,0.30299997329711914,0.39010000228881836,738178,Cc1ccc(-n2ccnc2SCc2nc(C3CC3)no2)cc1C,4.041840000000003,Fc1cc(Cl)ccc1-n1ccnc1SCc1nc(C2CC2)no1,True,4.217500000000002,0.17565999999999882,0.6065573770491803,False,True
3.0,bin,14,0.34654998779296875,0.30299997329711914,0.39010000228881836,771897,COc1ccccc1OCC(=O)N(C)Cc1sccc1C,3.102520000000002,CCc1ccsc1CN(C)C(=O)COC1=CC=C(C)C1,True,3.5194000000000027,0.4168800000000008,0.46551724137931033,False,True
3.0,bin,14,0.34654998779296875,0.30299997329711914,0.39010000228881836,811446,COC(=O)C1(NC(=O)c2cc(Br)c[nH]2)CCCCCC1,2.7730000000000006,CCCCCC(C(=O)OC)N(C)C(=O)c1cc(Br)c[nH]1,True,2.9711000000000016,0.19810000000000105,0.35,False,True
3.0,bin,14,0.34654998779296875,0.30299997329711914,0.39010000228881836,848291,CCC(C)NC(=O)NCc1noc(-c2cccs2)n1,2.3958000000000004,CCCC(C)NC(=O)c1nc(-c2cccs2)no1,True,2.716500000000001,0.32070000000000043,0.45161290322580644,False,True
3.0,bin,14,0.34654998779296875,0.30299997329711914,0.39010000228881836,863440,COc1ccc(-c2nc(CCCO)cs2)cc1OC,2.752200000000001,COc1ccc(-c2nc(CC(C)O)cs2)cc1OC,True,2.7506000000000013,-0.0015999999999998238,0.6521739130434783,False,True
3.0,bin,14,0.34654998779296875,0.30299997329711914,0.39010000228881836,864663,N#Cc1ccc(-c2cc(F)ccc2F)nc1N1CCCC1,3.498680000000002,Cc1ccc(C)c(-c2ccc(C#N)c(N3CCCC3)n2)c1,True,3.8373200000000027,0.3386400000000007,0.5918367346938775,False,True
3.0,bin,14,0.34654998779296875,0.30299997329711914,0.39010000228881836,872100,CCc1cccc(C)c1NCC(O)c1ccc2c(c1)OCCO2,3.474120000000002,CC(C)(C)c1ccc(NCC(O)c2ccc3c(c2)OCCO3)cc1,True,3.900800000000003,0.42668000000000106,0.5272727272727272,False,True
3.0,bin,14,0.34654998779296875,0.30299997329711914,0.39010000228881836,886334,COc1ccc(C(=O)N2CCCC(C(=O)N3CCCCC3)C2)c(O)c1,2.2655000000000003,COCc1cccc(C(=O)N2CCCC(C(=O)N3CCCCC3)C2)c1,True,2.697700000000001,0.4322000000000008,0.543859649122807,False,True
3.0,bin,14,0.34654998779296875,0.30299997329711914,0.39010000228881836,887387,COCCNC(=O)N(Cc1cccc(F)c1)CC1CCCO1,2.1627,CCCNC(=O)CN(Cc1cccc(OC)c1)CC1CCCO1,True,2.202399999999999,0.03969999999999896,0.49295774647887325,False,True
3.0,bin,14,0.34654998779296875,0.30299997329711914,0.39010000228881836,889149,N#Cc1ccc(NC(=O)c2ccc(Br)cc2Cl)nc1,3.621480000000001,O=C(Nc1cc(Cl)ccn1)C1=CC(Cl)=CSCC1F,True,3.7650000000000015,0.14352000000000054,0.25,False,True
3.0,bin,14,0.34654998779296875,0.30299997329711914,0.39010000228881836,913483,O=C(CNC(=O)NCCc1c(Cl)cccc1Cl)NC1CC1,2.1137000000000006,CC(CCC#N)N(C)c1ccccc1CCNC(=O)NC1CC1,True,2.819180000000001,0.7054800000000006,0.3333333333333333,False,True
3.0,bin,14,0.34654998779296875,0.30299997329711914,0.39010000228881836,917620,C=CCN(Cc1ccccc1OC)C(=O)c1csc(C)n1,3.288520000000002,C=CCN(Cc1c(F)cccc1Cl)C(=O)c1cscn1,True,3.764000000000003,0.475480000000001,0.36764705882352944,False,True
3.0,bin,14,0.34654998779296875,0.30299997329711914,0.39010000228881836,918312,CCOc1ccc(Cl)c(C(=O)N2CCN(c3ncccn3)CC2)n1,1.8860999999999997,CSc1nc(C(=O)N2CCN(c3ncc(Cl)cc3F)CC2)ccc1C,True,3.261820000000002,1.3757200000000023,0.2876712328767123,False,True
3.0,bin,14,0.34654998779296875,0.30299997329711914,0.39010000228881836,922879,CC(=O)c1ccc(N2CCN(Cc3c(F)cccc3F)CC2)cc1,3.489600000000003,Fc1cccc(F)c1CN1CCN(c2ccc(Cl)cc2)CC1,True,3.940400000000003,0.4508000000000001,0.6428571428571429,False,True
3.0,bin,14,0.34654998779296875,0.30299997329711914,0.39010000228881836,927535,COc1cc(CN2CCN(c3ccccc3F)CC2)ccc1O,2.862100000000002,CCOc1cc(CN2CCN(c3ccccc3)CC2)ccc1O,True,3.1131000000000024,0.25100000000000033,0.5471698113207547,False,False
3.0,bin,14,0.34654998779296875,0.30299997329711914,0.39010000228881836,927567,Cc1ccccc1N1CCN(Cc2cccc(O)c2)CC1,3.022820000000001,Cc1cccc(N2CCN(Cc3ccccc3F)CC2)c1,True,3.4563200000000025,0.43350000000000133,0.3584905660377358,False,True
3.0,bin,14,0.34654998779296875,0.30299997329711914,0.39010000228881836,938108,CC(c1ccccc1)N(C)C(=O)CCC(=O)Nc1nccs1,3.0814000000000012,C=C(C)CN(Cc1ccccc1)C(=O)CCC(=O)Nc1nccs1,True,3.466700000000002,0.38530000000000086,0.5689655172413793,False,True
3.0,bin,14,0.34654998779296875,0.30299997329711914,0.39010000228881836,943303,CN(CCCOc1ccccc1)C(=O)Nc1cccc2c1OCCO2,3.390600000000002,Cc1ccc(OCCCN(C)C(=O)Nc2cccc3c2OCCO3)cc1,True,3.6990200000000018,0.3084199999999999,0.8461538461538461,False,True
3.0,bin,14,0.34654998779296875,0.30299997329711914,0.39010000228881836,946289,CC(NC(=O)C1(c2cc(-c3ccco3)on2)CC1)c1ccccc1,3.843600000000002,C=C(C(C)=CC=CC)C(C)NC(=O)C1(c2cc(-c3ccco3)on2)CC1,True,4.549500000000004,0.7059000000000015,0.6,False,True
3.0,bin,14,0.34654998779296875,0.30299997329711914,0.39010000228881836,994077,Cc1nnc(Cn2c(-c3cccc(Br)c3)noc2=O)o1,2.0055199999999997,CSc1ccc(Cl)c(-c2noc(=O)n2Cc2nnc(C)o2)c1,True,2.6183200000000006,0.6128000000000009,0.5344827586206896,False,True
3.0,bin,14,0.34654998779296875,0.30299997329711914,0.39010000228881836,1065620,O=C(NCc1cccnc1Oc1ccccc1)c1cccnc1,3.198900000000002,Cc1ccccc1Oc1ncccc1CNC(=O)c1cccnc1,True,3.507320000000001,0.30841999999999903,0.74,False,True
3.0,bin,14,0.34654998779296875,0.30299997329711914,0.39010000228881836,1093926,CN(C(=O)CNc1cccc(OCC2CCCO2)c1)c1ccccc1,3.319300000000002,CCN(C(=O)CNc1cccc(OCC2CCCO2)c1)c1ccccc1,True,3.709400000000003,0.3901000000000012,0.7966101694915254,False,True
3.0,bin,14,0.34654998779296875,0.30299997329711914,0.39010000228881836,1107920,CCc1ccc(-n2cc(C(=O)NC(C)c3ccccc3)nn2)cc1,3.320700000000002,CC(C)CC(NC(=O)c1cn(-c2ccccc2)nn1)c1ccccc1,True,3.784500000000002,0.4638,0.6226415094339622,False,True
3.0,bin,14,0.34654998779296875,0.30299997329711914,0.39010000228881836,1113130,CC(NC(=O)Cn1nnnc1C(C)(C)C)c1cccc2ccccc12,3.0012000000000016,CC1=NN=NN(C(C)(C)C)CC(c2cccc3ccccc23)C(=O)N1,True,3.854300000000002,0.8531000000000004,0.22666666666666666,False,True
3.0,bin,14,0.34654998779296875,0.30299997329711914,0.39010000228881836,1121751,COC(=O)Cn1ccc(NS(=O)(=O)c2ccc(F)c(F)c2F)n1,1.2742,COC(=O)Cn1ccc(NS(=O)(=O)c2cccc(C(F)(F)F)c2)n1,True,1.8757000000000001,0.6015000000000001,0.559322033898305,False,True
3.0,bin,14,0.34654998779296875,0.30299997329711914,0.39010000228881836,1142531,CCOC(C)C(=O)NCCc1csc(-c2ccc(C)cc2)n1,3.2022200000000014,CCC(C)NC(=O)CCc1csc(-c2ccc(F)cc2)n1,True,3.7965000000000027,0.5942800000000013,0.45161290322580644,False,True
3.0,bin,14,0.34654998779296875,0.30299997329711914,0.39010000228881836,1212157,CN(Cc1ccc(F)c(F)c1)C(=O)c1cncc(-c2cnn(C)c2)c1,3.0325000000000015,Cc1nn(C)cc1-c1cncc(C(=O)N(C)Cc2ccc(Cl)cc2)c1,True,3.7161200000000028,0.6836200000000012,0.5396825396825397,False,True
3.0,bin,14,0.34654998779296875,0.30299997329711914,0.39010000228881836,1215394,CCn1nc(C)cc1C(=O)Oc1cccc(NC(=O)C(C)C)c1,3.025120000000001,C=C(C)COc1ccccc1OC(=O)c1cc(C)nn1CC,True,3.3855200000000014,0.3604000000000003,0.4918032786885246,False,True
3.0,bin,14,0.34654998779296875,0.30299997329711914,0.39010000228881836,1232922,CC(C)(C)OC(=O)NC1CCCN(S(=O)(=O)N2CCOCC2)C1,0.5525000000000011,CC1CCCN(S(=O)(=O)NC2CCC(C(F)(F)F)OC2)C1,True,1.6625999999999996,1.1100999999999985,0.296875,False,True
3.0,bin,14,0.34654998779296875,0.30299997329711914,0.39010000228881836,1238973,FC(F)(F)c1cnc(N2CCn3c(nnc3C3CC3)C2)c(Cl)c1,3.2429000000000023,ClC(Cl)(Cl)c1ccnc(N2CCn3c(nnc3C3CC3)C2)c1,True,3.397400000000002,0.15449999999999964,0.5172413793103449,False,True
3.0,bin,14,0.34654998779296875,0.30299997329711914,0.39010000228881836,1299495,Cc1cc(CC(=O)N2CCCC2C(C#N)c2ccccc2)no1,2.823900000000001,Cc1cc(CC(=O)N2CCCC2C(C#N)c2ccccc2)no1,True,2.823900000000001,0.0,1.0,True,False
3.0,bin,14,0.34654998779296875,0.30299997329711914,0.39010000228881836,1309906,CC(C)CC(NC(=O)c1cc(=O)c2ccccc2o1)C(=O)OC(C)C,2.8891000000000018,CCCCC(C)NC(=O)c1cc(=O)c2cc(OC)ccc2o1,True,3.110100000000001,0.2209999999999992,0.421875,False,True
3.0,bin,14,0.34654998779296875,0.30299997329711914,0.39010000228881836,1362816,COCc1cccc(C(=O)NC2CC2c2cccc(Cl)c2)c1,3.772300000000002,O=C(NC1CC1c1cccc(Cl)c1)c1ccc(Cl)cc1,True,4.279300000000003,0.5070000000000006,0.64,False,True
3.0,bin,14,0.34654998779296875,0.30299997329711914,0.39010000228881836,1441838,COCC(=O)NC(C(=O)Nc1cccc(-c2nccs2)c1)C(C)C,2.5358,CCN(C)C(=O)CCC(=O)Nc1cccc(-c2nc(C)cs2)c1,True,3.315520000000001,0.7797200000000011,0.33783783783783783,False,True
3.0,bin,14,0.34654998779296875,0.30299997329711914,0.39010000228881836,1450449,CCCNC(=O)CSc1nc2c(cc1C#N)CCCC2,2.450380000000001,CCN(CC)C(=O)CSc1nc2c(cc1C#N)CCCC2,True,2.792580000000001,0.34220000000000006,0.6666666666666666,False,False
3.0,bin,14,0.34654998779296875,0.30299997329711914,0.39010000228881836,1451910,O=S(=O)(NCc1nnc2ccccn12)c1ccc(F)c(F)c1,1.4859999999999995,O=S(=O)(NCc1nnc2ccccn12)c1ccccc1Cl,True,1.8611999999999997,0.3752000000000002,0.5882352941176471,False,False
3.0,bin,14,0.34654998779296875,0.30299997329711914,0.39010000228881836,1479798,Cc1nc(C)c(CCC(=O)N(CC(C)C)CC(F)(F)F)c(=O)[nH]1,2.3662400000000003,CC1=C(CCC(=O)N(CCC(F)(F)F)CC(C)C)ONCC=N1,True,3.040700000000001,0.6744600000000007,0.3880597014925373,False,True
3.0,bin,14,0.34654998779296875,0.30299997329711914,0.39010000228881836,1507926,COC(=O)C(C)NC(=O)Cc1csc(-c2ccccc2Cl)n1,2.6837,C#CCOC(=O)Cc1csc(-c2ccccc2Cl)n1,True,3.182400000000002,0.49870000000000214,0.5636363636363636,False,True
3.0,bin,14,0.34654998779296875,0.30299997329711914,0.39010000228881836,1527882,Nc1ncccc1C(=O)Nc1ccc2cn[nH]c2c1,1.7923999999999998,Cc1cncc(C(=O)Nc2ccc3cn[nH]c3c2)c1,True,2.5186200000000003,0.7262200000000005,0.5185185185185185,False,True
3.0,bin,14,0.34654998779296875,0.30299997329711914,0.39010000228881836,1532848,COc1ccc(-c2ccc3c(=O)[nH]cnc3c2)cc1Cl,3.2521000000000013,O=c1[nH]cnc2c(Cl)cc(-c3ccccc3Cl)cc12,True,3.8969000000000014,0.6448,0.4117647058823529,False,True
3.0,bin,14,0.34654998779296875,0.30299997329711914,0.39010000228881836,1548351,COc1cc(OC)c2c(c1)C(c1cnccn1)NCC2,1.7288999999999999,C=CCOc1ccc2c(c1)C(c1cnccn1)NCC2,True,2.2764999999999995,0.5475999999999996,0.4827586206896552,False,True
3.0,bin,14,0.34654998779296875,0.30299997329711914,0.39010000228881836,1570134,COc1cccc(C(C)N2CCN(C(=O)c3ccc(O)cc3)CC2)c1,2.9198000000000013,CCC1CCN(C(=O)c2ccccc2)CCNc2c1ccc(OC)c2C#N,True,4.018480000000003,1.0986800000000017,0.2727272727272727,False,True
3.0,bin,14,0.34654998779296875,0.30299997329711914,0.39010000228881836,1611406,CC(C)(C)N1CC(NC(=O)C2COc3ccc(F)cc3C2)CC1=O,1.8923999999999994,CC1c2cc(F)ccc2OCC1C(=O)NC1C(=O)C1NC(C)(C)C,True,1.7619999999999996,-0.13039999999999985,0.38028169014084506,False,True
3.0,bin,14,0.34654998779296875,0.30299997329711914,0.39010000228881836,1612684,CCCC1CN(C(=O)Nc2ccn(CCC(C)C)n2)CCO1,2.9620000000000015,Cc1cc(C(C)(C)C)nn1C(=O)N1CCOC(CC(C)C)C1C,True,3.592520000000002,0.6305200000000006,0.25316455696202533,False,True
3.0,bin,14,0.34654998779296875,0.30299997329711914,0.39010000228881836,1639675,CCC(CC)c1nnc(NC(=O)c2scnc2C2CC2)s1,4.0279000000000025,CC1=NN=C(NC(=O)c2scnc2C2CC2)[SH]1CC(C)(C)C,True,3.500600000000002,-0.5273000000000003,0.47540983606557374,False,True
3.0,bin,14,0.34654998779296875,0.30299997329711914,0.39010000228881836,1675660,COc1ccnc(NC(=O)c2cccc(Cl)c2)c1,2.9959000000000007,O=C(Nc1ccc(Cl)cn1)c1ccc(F)cc1F,True,3.265500000000001,0.2696000000000005,0.29310344827586204,False,False
3.0,bin,14,0.34654998779296875,0.30299997329711914,0.39010000228881836,1689728,CCc1noc(CSc2ncnc3sc(C)cc23)n1,3.237420000000002,Cc1noc(CSc2ncnc3sc(C)c(C)c23)n1,True,3.2918600000000025,0.05444000000000049,0.48214285714285715,False,True
3.0,bin,14,0.34654998779296875,0.30299997329711914,0.39010000228881836,1720876,CC(C)(C)CC(=O)NCC(=O)Nc1ccc2c(c1)COC2,2.2077,CC(C)NC(=O)COC(C)CC(=O)Nc1ccc2c(c1)COC2,True,1.9750999999999994,-0.23260000000000058,0.4909090909090909,False,True
3.0,bin,14,0.34654998779296875,0.30299997329711914,0.39010000228881836,1757109,CC(C)Cc1ncc(CNc2ccc3c(c2)COC3)s1,3.983900000000003,CC1=C(CNc2ccc3c(c2)COC3C)c2sc(C(C)C)nc21,True,5.213900000000004,1.2300000000000013,0.32857142857142857,False,True
3.0,bin,14,0.34654998779296875,0.30299997329711914,0.39010000228881836,1774061,O=C1NCCCc2[nH]c(-c3cccc4[nH]ccc34)nc21,2.234,Cn1ncc2c3c(ccc21)C1NCC=C1CCCNC(=O)N3,True,2.0593,-0.17470000000000008,0.22666666666666666,False,True
3.0,bin,14,0.34654998779296875,0.30299997329711914,0.39010000228881836,1800687,Cc1nn(C)c(-c2nc(-c3cccnn3)no2)c1Cl,1.8889199999999997,Cc1sc(-c2nc(-c3cccnn3)no2)c(C)c1C,True,3.180360000000002,1.2914400000000024,0.5,False,True
3.0,bin,14,0.34654998779296875,0.30299997329711914,0.39010000228881836,1815867,FC(F)(F)c1ccc(CN2CCOCC2c2ncon2)cc1,2.661900000000001,ClC=CC=C(Cl)CN1CCOCC1c1ncon1,True,2.3181000000000003,-0.34380000000000077,0.5636363636363636,False,True
3.0,bin,14,0.34654998779296875,0.30299997329711914,0.39010000228881836,1828580,Cc1ccc(N2CC3OCC(=O)N(Cc4cccc(F)c4)C3C2)nn1,1.54032,CC1=CCCN2C(=O)COC3CN(c4cccnn4)CC32CC(C)=C1,True,1.9491999999999998,0.4088799999999999,0.25287356321839083,False,True
3.0,bin,14,0.34654998779296875,0.30299997329711914,0.39010000228881836,1836183,CCc1ccc(C(=O)NCc2nccc(N(C)C)n2)cc1,2.035,CCN(CC)c1ccnc(CNC(=O)c2ccccc2F)n1,True,2.3919000000000006,0.35690000000000044,0.48214285714285715,False,True
3.0,bin,14,0.34654998779296875,0.30299997329711914,0.39010000228881836,1842499,COc1ccccc1COc1ccccc1-c1cnn(CCO)c1,3.1300000000000017,COc1ccc(-c2cnn(C)c2O)c(OCc2ccccc2OC)c1,True,3.3889000000000014,0.2588999999999997,0.4745762711864407,False,True
3.0,bin,14,0.34654998779296875,0.30299997329711914,0.39010000228881836,1865564,COC(CNC(=O)c1ccoc1)c1cccc(F)c1,2.536200000000001,COC(CNC(=O)c1ccoc1)c1ccccc1Cl,True,3.0505000000000013,0.5143000000000004,0.6226415094339622,False,True
3.0,bin,14,0.34654998779296875,0.30299997329711914,0.39010000228881836,1868773,CCCOc1ccc(Cl)c2c1CCNC2C1CC(=O)C1,3.2947000000000015,CC(C)Sc1cc(Cl)cc2c1CCNC21CCC(=O)C1,True,3.9345000000000034,0.6398000000000019,0.20833333333333334,False,True
3.0,bin,14,0.34654998779296875,0.30299997329711914,0.39010000228881836,1873123,CCC1OC(=O)c2c(OC)ccc(Br)c21,3.079200000000002,CCCC1OC(=O)c2c(Br)cccc21,True,3.460700000000002,0.38149999999999995,0.4222222222222222,False,True
3.0,bin,14,0.34654998779296875,0.30299997329711914,0.39010000228881836,1875028,Cc1cccc(C)c1NCC(=O)N1CCCC2CCCCC21,3.8965400000000034,O=C1CNc2ccc(Cl)c(C(F)(F)F)c2C2CCCCC2CN1,True,4.174300000000002,0.2777599999999989,0.15492957746478872,False,True
3.0,bin,14,0.34654998779296875,0.30299997329711914,0.39010000228881836,1895921,CCC(CC)N(C)C(=O)CC1OC(=O)c2ccccc21,2.935200000000002,CCC(CC)N(C(=O)CC1OC(=O)c2ccccc21)C(C)C,True,3.7138000000000027,0.7786000000000008,0.75,False,True
3.0,bin,14,0.34654998779296875,0.30299997329711914,0.39010000228881836,1907077,Cc1ccc2[nH]nc(C(=O)Nc3nc(-c4ccco4)cs3)c2c1,3.8401200000000015,CCn1nc(C(=O)Nc2nc(-c3ccco3)cs2)c2ccccc21,True,4.025000000000002,0.1848800000000006,0.5223880597014925,False,True
3.0,bin,14,0.34654998779296875,0.30299997329711914,0.39010000228881836,1913063,Cc1nn(C)c(C)c1CN(C(=O)c1cn2cccc(C)c2n1)C1CC1,2.797860000000001,C=C(CN(CC)C(=O)c1cn2c(C)cccc2n1)C(C)=NNCC,True,2.646420000000001,-0.15144000000000002,0.21686746987951808,False,True
3.0,bin,14,0.34654998779296875,0.30299997329711914,0.39010000228881836,1922265,CN(CCNC(=O)c1ccc2c(c1)ncn2C)c1ccccc1,2.4395000000000007,Cc1nc2cc(C(=O)N(C)CCNc3ccccc3)ccc2n1C,True,3.0658200000000013,0.6263200000000007,0.3880597014925373,False,True
3.0,bin,15,0.4522000253200531,0.39010000228881836,0.5143000483512878,32052,COc1ccccc1CNC(=O)Cc1c[nH]c2ccccc12,3.035400000000001,CCOc1ccccc1CNC(=O)Cc1c[nH]c2ccccc12,True,3.4255000000000013,0.39010000000000034,0.782608695652174,False,True
3.0,bin,15,0.4522000253200531,0.39010000228881836,0.5143000483512878,116747,COCCSc1ccccc1C(=O)Nc1cccc(C)n1,3.3808200000000017,C=C(C)CSc1ccccc1C(=O)Nc1ccccn1,True,4.002100000000002,0.6212800000000005,0.4642857142857143,False,True
3.0,bin,15,0.4522000253200531,0.39010000228881836,0.5143000483512878,131060,CS(=O)(=O)NCCc1csc(-c2ccc(F)cc2)n1,2.0408999999999997,C=CNC(C=NC(=O)CCN(C)S(C)=O)=CC=COC,True,0.9762999999999997,-1.0646,0.08,False,True
3.0,bin,15,0.4522000253200531,0.39010000228881836,0.5143000483512878,131949,CCc1c(C)nc(SCC(=O)NC(C)C)[nH]c1=O,1.25742,CCCCN(C)C(=O)CSC1=NC(C)=C(C)C(=O)NC1,True,1.8003,0.54288,0.20588235294117646,False,True
3.0,bin,15,0.4522000253200531,0.39010000228881836,0.5143000483512878,158879,COc1ccc(CC(=O)OCC(=O)c2c[nH]c3ccccc23)cc1,3.145100000000001,CCn1cc(C(=O)COC(=O)Cc2ccc(OC)cc2)c2ccccc21,True,3.6384000000000025,0.4933000000000014,0.5892857142857143,False,True
3.0,bin,15,0.4522000253200531,0.39010000228881836,0.5143000483512878,232056,COCCNC(=O)c1cc(=O)c2cc(C)ccc2o1,1.4776199999999993,CCOCCCNC(=O)c1cc(=O)c2ccccc2o1,True,1.9494000000000002,0.471780000000001,0.5370370370370371,False,False
3.0,bin,15,0.4522000253200531,0.39010000228881836,0.5143000483512878,235788,O=C(Cn1nc(-c2ccco2)oc1=O)NCC(F)(F)F,0.7747999999999999,CCC(C)N(C)C(=O)Cn1nc(-c2ccco2)oc1=O,True,1.3532000000000002,0.5784000000000002,0.5344827586206896,False,True
3.0,bin,15,0.4522000253200531,0.39010000228881836,0.5143000483512878,236081,CC(=O)c1c(C)[nH]c(C(=O)CSc2nc(C(C)C)n[nH]2)c1C,3.0506400000000014,CCC(C)c1n[nH]c(SCC(=O)c2[nH]c(C(C)C)nc2C)n1,True,3.448120000000002,0.3974800000000007,0.5263157894736842,False,True
3.0,bin,15,0.4522000253200531,0.39010000228881836,0.5143000483512878,281081,O=C(Cn1cccn1)NCc1cccnc1Oc1ccc(F)cc1F,2.665000000000001,CSc1ccc(Oc2ncccc2CNC(=O)Cn2cccn2)cc1,True,3.1087000000000007,0.44369999999999976,0.6349206349206349,False,True
3.0,bin,15,0.4522000253200531,0.39010000228881836,0.5143000483512878,284170,COc1ccc(-c2nc(CC(=O)Nc3cccc(C)n3)cs2)cc1,3.7033200000000024,CSc1cccc(NC(=O)Cc2csc(-c3ccccc3C)n2)n1,True,4.4166200000000035,0.7133000000000012,0.5409836065573771,False,True
3.0,bin,15,0.4522000253200531,0.39010000228881836,0.5143000483512878,288369,Cc1ccc(NCc2nnc3n2CCCCC3)cc1C,3.2334400000000016,Clc1cccc(Cl)c1NCc1nnc2n1CCCCC2,True,3.9234000000000018,0.6899600000000001,0.56,False,False
3.0,bin,15,0.4522000253200531,0.39010000228881836,0.5143000483512878,302889,COc1ccc(OC)c(NC(=O)CCNC(=O)c2cccs2)c1,2.5239000000000003,CCc1ccc(NC(=O)CCNC(=O)c2cccs2)cc1,True,3.0691000000000015,0.5452000000000012,0.5357142857142857,False,False
3.0,bin,15,0.4522000253200531,0.39010000228881836,0.5143000483512878,327141,COc1ccc(OC)c(S(=O)(=O)Nc2ccn(C)n2)c1,1.2381,O=S(=O)(NC1C=CNC1)c1cc(F)ccc1Cl,True,1.2429,0.0047999999999999154,0.14925373134328357,False,True
3.0,bin,15,0.4522000253200531,0.39010000228881836,0.5143000483512878,327382,CNC(=O)C1CN(C(=O)c2c(C)noc2C)c2ccccc2O1,1.4452399999999996,COC(=O)C1CN(C(=O)c2c(C)noc2C)c2ccccc2O1,True,1.8722399999999995,0.4269999999999998,0.7692307692307693,False,True
3.0,bin,15,0.4522000253200531,0.39010000228881836,0.5143000483512878,406491,COCCNC(=O)C1CCCN(S(=O)(=O)N2CCOCC2)C1,-0.9619999999999964,C#CCOC(=O)C1CCN(S(=O)(=O)N2CCOCC2)CC1,True,-0.5481999999999987,0.4137999999999977,0.40350877192982454,False,True
3.0,bin,15,0.4522000253200531,0.39010000228881836,0.5143000483512878,413951,O=C(Cn1ncn2cccc2c1=O)N1CCCCCC1,0.8985999999999996,CCOC1CCCCN(C(=O)Cn2ncn3cccc3c2=O)C1,True,0.9135999999999995,0.014999999999999902,0.6727272727272727,False,True
3.0,bin,15,0.4522000253200531,0.39010000228881836,0.5143000483512878,427929,CCNc1nc(NCc2ccccc2Cl)c2cnn(C)c2n1,3.060600000000001,CCNc1nc(NC(SC)c2ccc(C)cc2)c2cnn(C)c2n1,True,3.5772200000000023,0.5166200000000014,0.4918032786885246,False,True
3.0,bin,15,0.4522000253200531,0.39010000228881836,0.5143000483512878,447130,CCC(NC(=O)C1CCN(C(=O)C2CC2)CC1)c1ccc(C)cc1,3.2109200000000016,CCCN(C(=O)C1CCN(C(=O)C2CC2)CC1)C(C)c1ccc(Cl)cc1,True,4.288200000000003,1.0772800000000018,0.43333333333333335,False,True
3.0,bin,15,0.4522000253200531,0.39010000228881836,0.5143000483512878,481908,CCNS(=O)(=O)c1ccc(C)c(C(=O)Nc2ncccc2C)c1,2.24894,COCCOc1ccc(C(=O)Nc2ncccc2C)cc1OC,True,2.676120000000001,0.4271800000000008,0.41935483870967744,False,True
3.0,bin,15,0.4522000253200531,0.39010000228881836,0.5143000483512878,485220,Cc1nn(CC(=O)N2CCN(C)CC2)c(C)c1Br,1.03644,C=C(C)CN1CCN(C(=O)Cn2nc(C)c(Cl)c2C)CC1,True,1.87364,0.8371999999999999,0.4897959183673469,False,True
3.0,bin,15,0.4522000253200531,0.39010000228881836,0.5143000483512878,526363,Cc1nnc(SCC(=O)Nc2ccc(O)cc2)n(N)c1=O,0.09692,Cc1ccccc1NC(=O)CSc1nncc(=O)n1N,True,0.39132000000000006,0.29440000000000005,0.4827586206896552,False,False
3.0,bin,15,0.4522000253200531,0.39010000228881836,0.5143000483512878,536853,COc1ccc(C2CCCN2C(=O)C2CCC2)c(OC)c1,3.1674000000000015,O=C(C1CCC1)N1CCCC1c1ccc(Cl)cc1O,True,3.509200000000003,0.34180000000000144,0.56,False,True
3.0,bin,15,0.4522000253200531,0.39010000228881836,0.5143000483512878,540312,Cc1nn(C)c2nc(C3CC3)cc(C(=O)NCC(=O)NC(C)(C)C)c12,1.7986199999999997,COCCCCNC(=O)c1cc(C2CC2)nc2c1c(C)nn2C,True,2.3105200000000004,0.5119000000000007,0.639344262295082,False,False
3.0,bin,15,0.4522000253200531,0.39010000228881836,0.5143000483512878,544381,Cc1nc(N2CCCC(C(=O)NC(C)C)C2)c2c(C)c(C)oc2n1,2.8890600000000006,CCN(CC)C(=O)CCCCNC1=NC(C)=NCOC(C)=C(C)C1,True,3.1033000000000017,0.2142400000000011,0.12195121951219512,False,True
3.0,bin,15,0.4522000253200531,0.39010000228881836,0.5143000483512878,544382,CCCNC(=O)C1CCCN(c2nc(C)nc3oc(C)c(C)c23)C1,2.8906600000000013,CCC(=O)N(CC)C1CCCN(c2nc(C)nc3oc(C)c(C)c23)C1,True,3.3753600000000024,0.484700000000001,0.59375,False,True
3.0,bin,15,0.4522000253200531,0.39010000228881836,0.5143000483512878,550049,Cc1ccc(C)c(OCC(=O)Nc2cccc(-n3cnnc3)c2)c1,2.9016400000000013,CC(C)c1ccc(OCC(=O)Nc2cccc(-n3cnnc3)c2)cc1,True,3.4082000000000017,0.5065600000000003,0.6140350877192983,False,True
3.0,bin,15,0.4522000253200531,0.39010000228881836,0.5143000483512878,573533,Cc1nn(-c2ncc(C(F)(F)F)cc2Cl)c(=O)o1,2.2011199999999995,CCSc1nn(-c2cc(Cl)c(Cl)cn2)c(=O)o1,True,2.6393000000000013,0.4381800000000018,0.3333333333333333,False,True
3.0,bin,15,0.4522000253200531,0.39010000228881836,0.5143000483512878,582555,O=C(NCC(O)c1ccccc1)c1ccc2c(=O)n3c(nc2c1)CCC3,1.8061000000000003,C=C1C=c2nc[nH]c(=O)c2=CC(=O)NCCC(O)c2ccc(F)c(F)c21,True,-0.12419999999999959,-1.9303,0.08333333333333333,False,True
3.0,bin,15,0.4522000253200531,0.39010000228881836,0.5143000483512878,588547,Cc1n[nH]c(C)c1NC(=O)CCc1ccc(Cl)cc1Cl,3.9046400000000023,Cc1n[nH]c(C)c1NC(=O)CC(CC(C)(C)C)c1ccc(F)cc1,True,4.714240000000004,0.8096000000000014,0.4032258064516129,False,True
3.0,bin,15,0.4522000253200531,0.39010000228881836,0.5143000483512878,607673,CCCN(CC1CC1)S(=O)(=O)c1ccccc1F,2.636400000000001,CCC(C)N(CC1CC1)S(=O)(=O)c1ccccc1F,True,3.0249000000000015,0.3885000000000005,0.6086956521739131,False,True
3.0,bin,15,0.4522000253200531,0.39010000228881836,0.5143000483512878,617681,Cc1cc(C(=O)Nc2nc(-c3ccncc3)cs2)nn1C(C)C,3.5432200000000016,CCC(C)n1ncc(C(=O)Nc2nc(-c3ccnc(C)c3)cs2)c1C,True,4.241740000000004,0.698520000000002,0.4492753623188406,False,True
3.0,bin,15,0.4522000253200531,0.39010000228881836,0.5143000483512878,650267,COc1ccc2oc(C(=O)NC3CCCCNC3=O)c(C)c2c1,2.14832,CSC=CC=COC(=O)C(=O)NC1CCCCNC1,True,1.1782999999999997,-0.9700200000000003,0.19480519480519481,False,True
3.0,bin,15,0.4522000253200531,0.39010000228881836,0.5143000483512878,668639,Cc1cc(NC(=O)c2ccccc2Cl)ncc1N,2.8779200000000005,Cc1ccc(NC(=O)c2ccc(Cl)c(C)c2)nc1,True,3.604140000000002,0.7262200000000014,0.4230769230769231,False,True
3.0,bin,15,0.4522000253200531,0.39010000228881836,0.5143000483512878,673160,CCC(=O)Nc1ccc2oc(C(F)(F)F)cc(=O)c2c1,3.160300000000001,CC(C)(C)NC(=O)Nc1ccc2oc(C(F)(F)F)cc2c1,True,4.371600000000003,1.2113000000000014,0.4716981132075472,False,True
3.0,bin,15,0.4522000253200531,0.39010000228881836,0.5143000483512878,711169,Cc1cccc(C(C)C)c1NC(=O)N(C)Cc1ccncc1,4.177320000000003,CC(C)c1cc(C(F)(F)F)ccc1NC(=O)N(C)Cc1ccncc1,True,4.887700000000004,0.7103800000000016,0.543859649122807,False,True
3.0,bin,15,0.4522000253200531,0.39010000228881836,0.5143000483512878,720969,Cc1noc(C)c1CCC(=O)OCC(=O)N1c2ccccc2CC1C,2.7450400000000013,C=C1Cc2ccccc2CN(C(=O)COC(=O)CCc2conc2C)C1,True,2.599920000000001,-0.14512000000000036,0.40540540540540543,False,True
3.0,bin,15,0.4522000253200531,0.39010000228881836,0.5143000483512878,730789,COC(=O)C1CCN(C(=O)c2cc3ccc(F)cc3nc2C)CC1,2.7075200000000006,CCOC(=O)C1CCN(C(=O)c2cc3ccccc3nc2C)CC1,True,2.958520000000001,0.25100000000000033,0.5964912280701754,False,True
3.0,bin,15,0.4522000253200531,0.39010000228881836,0.5143000483512878,738178,Cc1ccc(-n2ccnc2SCc2nc(C3CC3)no2)cc1C,4.041840000000003,CC(C)c1ccccc1-n1ccnc1SCc1nc(C2CC2)no1,True,4.5484000000000036,0.5065600000000003,0.6166666666666667,False,True
3.0,bin,15,0.4522000253200531,0.39010000228881836,0.5143000483512878,771897,COc1ccccc1OCC(=O)N(C)Cc1sccc1C,3.102520000000002,CCOC=CC=C(C)OCC(=O)N(C)CC1=CC(C)=C[SH]1C,True,3.3477000000000023,0.2451800000000004,0.2571428571428571,False,True
3.0,bin,15,0.4522000253200531,0.39010000228881836,0.5143000483512878,811446,COC(=O)C1(NC(=O)c2cc(Br)c[nH]2)CCCCCC1,2.7730000000000006,CC1CCCCCCN1C(=O)c1cc(Br)c[nH]1,True,3.572000000000002,0.7990000000000013,0.3888888888888889,False,True
3.0,bin,15,0.4522000253200531,0.39010000228881836,0.5143000483512878,848291,CCC(C)NC(=O)NCc1noc(-c2cccs2)n1,2.3958000000000004,CCCC(C)N(C)C(=O)Cc1noc(-c2cccs2)n1,True,2.9876000000000014,0.591800000000001,0.5245901639344263,False,True
3.0,bin,15,0.4522000253200531,0.39010000228881836,0.5143000483512878,863440,COc1ccc(-c2nc(CCCO)cs2)cc1OC,2.752200000000001,OCCCc1csc(-c2ccc(F)c(F)c2)n1,True,3.013200000000001,0.2610000000000001,0.6222222222222222,False,True
3.0,bin,15,0.4522000253200531,0.39010000228881836,0.5143000483512878,864663,N#Cc1ccc(-c2cc(F)ccc2F)nc1N1CCCC1,3.498680000000002,N=C(N)C(=CC=CC=CC=CBr)N1CCCC1,True,2.923070000000002,-0.5756100000000002,0.09836065573770492,False,True
3.0,bin,15,0.4522000253200531,0.39010000228881836,0.5143000483512878,872100,CCc1cccc(C)c1NCC(O)c1ccc2c(c1)OCCO2,3.474120000000002,CCC(C)c1ccccc1NCC(O)c1ccc2c(c1)OCCO2,True,4.116800000000003,0.6426800000000013,0.543859649122807,False,True
3.0,bin,15,0.4522000253200531,0.39010000228881836,0.5143000483512878,886334,COc1ccc(C(=O)N2CCCC(C(=O)N3CCCCC3)C2)c(O)c1,2.2655000000000003,COCc1cccc(C(=O)N2CCCC(C(=O)N3CCCCC3)C2)c1,True,2.697700000000001,0.4322000000000008,0.543859649122807,False,True
3.0,bin,15,0.4522000253200531,0.39010000228881836,0.5143000483512878,887387,COCCNC(=O)N(Cc1cccc(F)c1)CC1CCCO1,2.1627,COC(=O)N(CC=CC=CC(CC1CCCO1)NF)CCCO,True,1.9613999999999998,-0.20130000000000026,0.2962962962962963,False,True
3.0,bin,15,0.4522000253200531,0.39010000228881836,0.5143000483512878,889149,N#Cc1ccc(NC(=O)c2ccc(Br)cc2Cl)nc1,3.621480000000001,CCSc1nc(NC(=O)c2cc(Br)ccc2F)ccc1C,True,4.655920000000003,1.0344400000000018,0.3230769230769231,False,True
3.0,bin,15,0.4522000253200531,0.39010000228881836,0.5143000483512878,913483,O=C(CNC(=O)NCCc1c(Cl)cccc1Cl)NC1CC1,2.1137000000000006,CC(C)(F)CNC(=O)N(C(F)F)C1CC1,True,2.1311,0.017399999999999416,0.15,False,True
3.0,bin,15,0.4522000253200531,0.39010000228881836,0.5143000483512878,917620,C=CCN(Cc1ccccc1OC)C(=O)c1csc(C)n1,3.288520000000002,CCCCN(Cc1ccccc1F)C(=O)c1csc(C)n1,True,4.033120000000004,0.7446000000000019,0.5,False,True
3.0,bin,15,0.4522000253200531,0.39010000228881836,0.5143000483512878,918312,CCOc1ccc(Cl)c(C(=O)N2CCN(c3ncccn3)CC2)n1,1.8860999999999997,O=C(c1ccc(C(F)(F)F)cn1)N1CCN(c2ncc(Cl)cn2)CC1,True,2.5062000000000006,0.620100000000001,0.3492063492063492,False,True
3.0,bin,15,0.4522000253200531,0.39010000228881836,0.5143000483512878,922879,CC(=O)c1ccc(N2CCN(Cc3c(F)cccc3F)CC2)cc1,3.489600000000003,Clc1cc(Cl)cc(CN2CCN(c3ccccc3)CC2)c1,True,4.315600000000004,0.8260000000000014,0.34,False,True
3.0,bin,15,0.4522000253200531,0.39010000228881836,0.5143000483512878,927535,COc1cc(CN2CCN(c3ccccc3F)CC2)ccc1O,2.862100000000002,Fc1ccc(F)c(CN2CCN(c3ccccc3F)CC2)c1,True,3.4261000000000026,0.5640000000000005,0.52,False,True
3.0,bin,15,0.4522000253200531,0.39010000228881836,0.5143000483512878,927567,Cc1ccccc1N1CCN(Cc2cccc(O)c2)CC1,3.022820000000001,Fc1ccccc1CN1CCN(c2cc(F)c(F)c(F)c2)CC1,True,3.5652000000000026,0.5423800000000014,0.3076923076923077,False,True
3.0,bin,15,0.4522000253200531,0.39010000228881836,0.5143000483512878,938108,CC(c1ccccc1)N(C)C(=O)CCC(=O)Nc1nccs1,3.0814000000000012,C=C(C)CN(Cc1ccccc1)C(=O)CCC(=O)Nc1nccs1,True,3.466700000000002,0.38530000000000086,0.5689655172413793,False,True
3.0,bin,15,0.4522000253200531,0.39010000228881836,0.5143000483512878,943303,CN(CCCOc1ccccc1)C(=O)Nc1cccc2c1OCCO2,3.390600000000002,CCN(CCCOc1ccccc1)C(=O)Nc1cccc2c1OCCO2,True,3.780700000000002,0.39010000000000034,0.7777777777777778,False,True
3.0,bin,15,0.4522000253200531,0.39010000228881836,0.5143000483512878,946289,CC(NC(=O)C1(c2cc(-c3ccco3)on2)CC1)c1ccccc1,3.843600000000002,CCC(NC(=O)C1(c2cc(-c3ccco3)on2)CC1)c1ccc(F)cc1,True,4.372800000000003,0.5292000000000012,0.639344262295082,False,True
3.0,bin,15,0.4522000253200531,0.39010000228881836,0.5143000483512878,994077,Cc1nnc(Cn2c(-c3cccc(Br)c3)noc2=O)o1,2.0055199999999997,CSc1nnc(Cn2c(-c3ccc(Cl)c(C)c3)noc2=O)o1,True,2.6183200000000006,0.6128000000000009,0.5084745762711864,False,True
3.0,bin,15,0.4522000253200531,0.39010000228881836,0.5143000483512878,1065620,O=C(NCc1cccnc1Oc1ccccc1)c1cccnc1,3.198900000000002,CCN(Cc1cccnc1)C(=O)c1cccnc1Oc1ccccc1,True,3.931200000000003,0.7323000000000013,0.4426229508196721,False,True
3.0,bin,15,0.4522000253200531,0.39010000228881836,0.5143000483512878,1093926,CN(C(=O)CNc1cccc(OCC2CCCO2)c1)c1ccccc1,3.319300000000002,Cc1ccc(C)c(NC(=O)CNc2cccc(OCC3CCCO3)c2)c1,True,3.9118400000000024,0.5925400000000005,0.6060606060606061,False,True
3.0,bin,15,0.4522000253200531,0.39010000228881836,0.5143000483512878,1107920,CCc1ccc(-n2cc(C(=O)NC(C)c3ccccc3)nn2)cc1,3.320700000000002,CCC(NC(=O)c1cn(-c2ccc(C(F)F)cc2)nn1)c1ccccc1,True,4.086000000000002,0.7652999999999999,0.6071428571428571,False,True
3.0,bin,15,0.4522000253200531,0.39010000228881836,0.5143000483512878,1113130,CC(NC(=O)Cn1nnnc1C(C)(C)C)c1cccc2ccccc12,3.0012000000000016,CC1=CC(F)=Cc2ccccc2CCC(C)(C)c2nnnn2CC(=O)N1,True,2.9275,-0.07370000000000143,0.1686746987951807,False,True
3.0,bin,15,0.4522000253200531,0.39010000228881836,0.5143000483512878,1121751,COC(=O)Cn1ccc(NS(=O)(=O)c2ccc(F)c(F)c2F)n1,1.2742,COC(=O)Cn1ccc(NS(=O)(=O)c2ccc(F)c(Cl)c2)n1,True,1.6494,0.3752,0.6545454545454545,False,True
3.0,bin,15,0.4522000253200531,0.39010000228881836,0.5143000483512878,1142531,CCOC(C)C(=O)NCCc1csc(-c2ccc(C)cc2)n1,3.2022200000000014,CCOC(CC)C(=O)Nc1ccc(-c2nc(CC)cs2)cc1,True,4.126100000000003,0.9238800000000014,0.5,False,True
3.0,bin,15,0.4522000253200531,0.39010000228881836,0.5143000483512878,1212157,CN(Cc1ccc(F)c(F)c1)C(=O)c1cncc(-c2cnn(C)c2)c1,3.0325000000000015,CSc1ccc(CN(C)C(=O)c2cncc(-c3cnn(C)c3)c2)cc1,True,3.476200000000002,0.44370000000000065,0.7142857142857143,False,True
3.0,bin,15,0.4522000253200531,0.39010000228881836,0.5143000483512878,1215394,CCn1nc(C)cc1C(=O)Oc1cccc(NC(=O)C(C)C)c1,3.025120000000001,Cc1cc(C(=O)Oc2ccccc2C(F)(F)F)n(C(C)C)n1,True,4.0104200000000025,0.9853000000000014,0.36923076923076925,False,True
3.0,bin,15,0.4522000253200531,0.39010000228881836,0.5143000483512878,1232922,CC(C)(C)OC(=O)NC1CCCN(S(=O)(=O)N2CCOCC2)C1,0.5525000000000011,CC(C)(C)OC(=O)N1CCCC(S(=O)(=O)N2CCOCC2)C1,True,1.0479,0.49539999999999895,0.5,False,True
3.0,bin,15,0.4522000253200531,0.39010000228881836,0.5143000483512878,1238973,FC(F)(F)c1cnc(N2CCn3c(nnc3C3CC3)C2)c(Cl)c1,3.2429000000000023,ClC(Cl)(Cl)c1cccnc1N1CCn2c(nnc2C2CC2)C1,True,3.397400000000002,0.15449999999999964,0.5172413793103449,False,True
3.0,bin,15,0.4522000253200531,0.39010000228881836,0.5143000483512878,1299495,Cc1cc(CC(=O)N2CCCC2C(C#N)c2ccccc2)no1,2.823900000000001,Cc1cc(C(C)C(=O)N2CCCC2C(C#N)c2ccccc2)no1,True,3.3849000000000027,0.5610000000000017,0.6885245901639344,False,True
3.0,bin,15,0.4522000253200531,0.39010000228881836,0.5143000483512878,1309906,CC(C)CC(NC(=O)c1cc(=O)c2ccccc2o1)C(=O)OC(C)C,2.8891000000000018,CCCCCC(C)NC(=O)c1cc(=O)c2ccccc2o1,True,3.491600000000002,0.6025,0.5535714285714286,False,True
3.0,bin,15,0.4522000253200531,0.39010000228881836,0.5143000483512878,1362816,COCc1cccc(C(=O)NC2CC2c2cccc(Cl)c2)c1,3.772300000000002,O=C(NC1CC1c1cccc(Cl)c1)c1ccc(Cl)cc1,True,4.279300000000003,0.5070000000000006,0.64,False,True
3.0,bin,15,0.4522000253200531,0.39010000228881836,0.5143000483512878,1441838,COCC(=O)NC(C(=O)Nc1cccc(-c2nccs2)c1)C(C)C,2.5358,N#CCCCS(=O)(=O)Nc1cccc(-c2nccs2)c1,True,2.8555800000000007,0.3197800000000006,0.417910447761194,False,True
3.0,bin,15,0.4522000253200531,0.39010000228881836,0.5143000483512878,1450449,CCCNC(=O)CSc1nc2c(cc1C#N)CCCC2,2.450380000000001,CCOC(=O)C(C)Sc1nc2c(cc1C#N)CCCC2,True,2.8757800000000016,0.42540000000000067,0.5517241379310345,False,False
3.0,bin,15,0.4522000253200531,0.39010000228881836,0.5143000483512878,1451910,O=S(=O)(NCc1nnc2ccccn12)c1ccc(F)c(F)c1,1.4859999999999995,CSc1ccc(S(=O)(=O)NCc2nnc3ccccn23)cc1,True,1.9297,0.4437000000000004,0.6470588235294118,False,True
3.0,bin,15,0.4522000253200531,0.39010000228881836,0.5143000483512878,1479798,Cc1nc(C)c(CCC(=O)N(CC(C)C)CC(F)(F)F)c(=O)[nH]1,2.3662400000000003,CCN(CC(C)CC(C)C)C(=O)CCc1c(C)nc(C(C)C)[nH]c1=O,True,3.665020000000002,1.2987800000000016,0.5,False,True
3.0,bin,15,0.4522000253200531,0.39010000228881836,0.5143000483512878,1507926,COC(=O)C(C)NC(=O)Cc1csc(-c2ccccc2Cl)n1,2.6837,C=CCNC(=O)Cc1csc(-c2ccccc2OC)n1,True,2.663400000000001,-0.020299999999998875,0.47540983606557374,False,True
3.0,bin,15,0.4522000253200531,0.39010000228881836,0.5143000483512878,1527882,Nc1ncccc1C(=O)Nc1ccc2cn[nH]c2c1,1.7923999999999998,CSc1nccnc1C(=O)Nc1ccc2cn[nH]c2c1,True,2.3270999999999997,0.5347,0.5454545454545454,False,True
3.0,bin,15,0.4522000253200531,0.39010000228881836,0.5143000483512878,1532848,COc1ccc(-c2ccc3c(=O)[nH]cnc3c2)cc1Cl,3.2521000000000013,O=CNC=Nc1ccccc1-c1ccccc1Br,True,3.5219000000000023,0.26980000000000093,0.0625,False,True
3.0,bin,15,0.4522000253200531,0.39010000228881836,0.5143000483512878,1548351,COc1cc(OC)c2c(c1)C(c1cnccn1)NCC2,1.7288999999999999,Brc1ccc2c(c1)C(c1cnccn1)NCC2,True,2.4742000000000006,0.7453000000000007,0.4716981132075472,False,False
3.0,bin,15,0.4522000253200531,0.39010000228881836,0.5143000483512878,1570134,COc1cccc(C(C)N2CCN(C(=O)c3ccc(O)cc3)CC2)c1,2.9198000000000013,COCc1cccc(C(=O)N2CCN(C(C)c3ccc(F)cc3)CC2)c1,True,3.491100000000002,0.5713000000000008,0.5,False,True
3.0,bin,15,0.4522000253200531,0.39010000228881836,0.5143000483512878,1611406,CC(C)(C)N1CC(NC(=O)C2COc3ccc(F)cc3C2)CC1=O,1.8923999999999994,CSc1ccc2c(c1)CCNC(=O)C1COc3ccc(Cl)cc3C1C2,True,4.069100000000002,2.176700000000003,0.20238095238095238,False,True
3.0,bin,15,0.4522000253200531,0.39010000228881836,0.5143000483512878,1612684,CCCC1CN(C(=O)Nc2ccn(CCC(C)C)n2)CCO1,2.9620000000000015,CC(C)CCCC1CN(C(=O)Nc2ccn(CC(F)F)n2)CCO1,True,3.207200000000002,0.24520000000000053,0.7166666666666667,False,True
3.0,bin,15,0.4522000253200531,0.39010000228881836,0.5143000483512878,1639675,CCC(CC)c1nnc(NC(=O)c2scnc2C2CC2)s1,4.0279000000000025,CC(C)C(S)=NN=CNC(=O)C1N=CSC1(C(C)C)C1CC1,True,2.9787000000000017,-1.0492000000000008,0.16883116883116883,False,True
3.0,bin,15,0.4522000253200531,0.39010000228881836,0.5143000483512878,1675660,COc1ccnc(NC(=O)c2cccc(Cl)c2)c1,2.9959000000000007,O=C(Nc1ccc(Br)cn1)c1ccc(F)cc1F,True,3.374600000000001,0.37870000000000026,0.22950819672131148,False,False
3.0,bin,15,0.4522000253200531,0.39010000228881836,0.5143000483512878,1689728,CCc1noc(CSc2ncnc3sc(C)cc23)n1,3.237420000000002,CCSc1nc(SCc2nc(CC)no2)c2cc(C)sc2n1,True,4.349420000000003,1.112000000000001,0.6923076923076923,False,True
3.0,bin,15,0.4522000253200531,0.39010000228881836,0.5143000483512878,1720876,CC(C)(C)CC(=O)NCC(=O)Nc1ccc2c(c1)COC2,2.2077,CCC(CC)N(CCO)C(=O)Nc1ccc2c(c1)COC2,True,2.731600000000001,0.5239000000000011,0.44642857142857145,False,True
3.0,bin,15,0.4522000253200531,0.39010000228881836,0.5143000483512878,1757109,CC(C)Cc1ncc(CNc2ccc3c(c2)COC3)s1,3.983900000000003,CCC(C=NC=C1CN(C)c2ccc(c(CO)c2)C1S)CC,True,3.9905000000000035,0.006600000000000605,0.09876543209876543,False,True
3.0,bin,15,0.4522000253200531,0.39010000228881836,0.5143000483512878,1774061,O=C1NCCCc2[nH]c(-c3cccc4[nH]ccc34)nc21,2.234,CSC=C1C=C(c2nc3c([nH]2)CCCNC3=O)NC=CC1,True,2.1805000000000003,-0.05349999999999966,0.4,False,True
3.0,bin,15,0.4522000253200531,0.39010000228881836,0.5143000483512878,1800687,Cc1nn(C)c(-c2nc(-c3cccnn3)no2)c1Cl,1.8889199999999997,CCSc1cc(C)nn1-c1nc(-c2cccnn2)no1,True,2.132719999999999,0.24379999999999935,0.4262295081967213,False,True
3.0,bin,15,0.4522000253200531,0.39010000228881836,0.5143000483512878,1815867,FC(F)(F)c1ccc(CN2CCOCC2c2ncon2)cc1,2.661900000000001,FC(Cl)(Cl)c1ccccc1CN1CCOCC1c1ncon1,True,3.2005000000000017,0.5386000000000006,0.6428571428571429,False,True
3.0,bin,15,0.4522000253200531,0.39010000228881836,0.5143000483512878,1828580,Cc1ccc(N2CC3OCC(=O)N(Cc4cccc(F)c4)C3C2)nn1,1.54032,N=NC1CCN(Cc2ccccc2)C(=O)COCC1NC1=CC=CSC1,True,2.9376700000000007,1.3973500000000008,0.17204301075268819,False,True
3.0,bin,15,0.4522000253200531,0.39010000228881836,0.5143000483512878,1836183,CCc1ccc(C(=O)NCc2nccc(N(C)C)n2)cc1,2.035,CCN(CC)c1cc(CNC(=O)c2ccccc2)ncc1F,True,2.996900000000001,0.9619000000000009,0.3225806451612903,False,True
3.0,bin,15,0.4522000253200531,0.39010000228881836,0.5143000483512878,1842499,COc1ccccc1COc1ccccc1-c1cnn(CCO)c1,3.1300000000000017,Cc1ccc(COc2ccccc2-c2cnn(CCO)c2)cc1F,True,3.568920000000002,0.4389200000000004,0.6071428571428571,False,True
3.0,bin,15,0.4522000253200531,0.39010000228881836,0.5143000483512878,1865564,COC(CNC(=O)c1ccoc1)c1cccc(F)c1,2.536200000000001,C=CCOC(CNC(=O)c1ccoc1)c1cccc(F)c1,True,3.0924000000000014,0.5562000000000005,0.7222222222222222,False,True
3.0,bin,15,0.4522000253200531,0.39010000228881836,0.5143000483512878,1868773,CCCOc1ccc(Cl)c2c1CCNC2C1CC(=O)C1,3.2947000000000015,CCCCCCN1CCc2c(OC(F)F)cccc2C(CC=O)C1,True,4.399000000000004,1.104300000000002,0.17073170731707318,False,True
3.0,bin,15,0.4522000253200531,0.39010000228881836,0.5143000483512878,1873123,CCC1OC(=O)c2c(OC)ccc(Br)c21,3.079200000000002,CCCSc1cc2cc(c1)C(C(=O)OC(C)C)O2,True,3.573800000000002,0.49460000000000015,0.15873015873015872,False,True
3.0,bin,15,0.4522000253200531,0.39010000228881836,0.5143000483512878,1875028,Cc1cccc(C)c1NCC(=O)N1CCCC2CCCCC21,3.8965400000000034,O=C(CNc1ccccc1C(F)(F)F)CC1CCCCC1,True,4.656800000000003,0.7602599999999997,0.2833333333333333,False,True
3.0,bin,15,0.4522000253200531,0.39010000228881836,0.5143000483512878,1895921,CCC(CC)N(C)C(=O)CC1OC(=O)c2ccccc21,2.935200000000002,CCCCN(C(=O)CC1OC(=O)c2ccccc21)C(C)C,True,3.325300000000002,0.39010000000000034,0.6,False,True
3.0,bin,15,0.4522000253200531,0.39010000228881836,0.5143000483512878,1907077,Cc1ccc2[nH]nc(C(=O)Nc3nc(-c4ccco4)cs3)c2c1,3.8401200000000015,CSc1cccc2snc(NC(=O)c3n[nH]c4ccc(F)cc34)c12,True,4.285900000000002,0.44578000000000007,0.35526315789473684,False,True
3.0,bin,15,0.4522000253200531,0.39010000228881836,0.5143000483512878,1913063,Cc1nn(C)c(C)c1CN(C(=O)c1cn2cccc(C)c2n1)C1CC1,2.797860000000001,C=C(CN(CC)C(=O)c1cn2c(C)cccc2n1)C(C)=NNCC,True,2.646420000000001,-0.15144000000000002,0.21686746987951808,False,True
3.0,bin,15,0.4522000253200531,0.39010000228881836,0.5143000483512878,1922265,CN(CCNC(=O)c1ccc2c(c1)ncn2C)c1ccccc1,2.4395000000000007,CCN(CCNC(=O)c1ccc2c(c1)ncn2C)c1ccccc1,True,2.829600000000001,0.39010000000000034,0.7884615384615384,False,True
3.0,bin,16,0.5795501172542572,0.5143000483512878,0.6448001861572266,32052,COc1ccccc1CNC(=O)Cc1c[nH]c2ccccc12,3.035400000000001,O=C(Cc1c[nH]c2ccc(F)c(Cl)c12)NCc1ccccc1,True,3.819300000000002,0.7839000000000009,0.41379310344827586,False,True
3.0,bin,16,0.5795501172542572,0.5143000483512878,0.6448001861572266,116747,COCCSc1ccccc1C(=O)Nc1cccc(C)n1,3.3808200000000017,CCCCOc1ccccc1C(=O)Nc1cccc(C)n1,True,3.821220000000002,0.44040000000000035,0.5660377358490566,False,True
3.0,bin,16,0.5795501172542572,0.5143000483512878,0.6448001861572266,131060,CS(=O)(=O)NCCc1csc(-c2ccc(F)cc2)n1,2.0408999999999997,O=C(CCCO)Cc1csc(-c2ccc(F)cc2)n1,True,2.8333000000000013,0.7924000000000015,0.46153846153846156,False,True
3.0,bin,16,0.5795501172542572,0.5143000483512878,0.6448001861572266,131949,CCc1c(C)nc(SCC(=O)NC(C)C)[nH]c1=O,1.25742,CCCc1c(C)nc(SCC(=O)OCC)[nH]c1=O,True,1.6860199999999999,0.42859999999999987,0.5098039215686274,False,True
3.0,bin,16,0.5795501172542572,0.5143000483512878,0.6448001861572266,158879,COc1ccc(CC(=O)OCC(=O)c2c[nH]c3ccccc23)cc1,3.145100000000001,CC(C(=O)OCC(=O)c1c[nH]c2ccccc12)c1ccc(F)cc1,True,3.8366000000000025,0.6915000000000013,0.5087719298245614,False,True
3.0,bin,16,0.5795501172542572,0.5143000483512878,0.6448001861572266,232056,COCCNC(=O)c1cc(=O)c2cc(C)ccc2o1,1.4776199999999993,CCC1=CC=COC(C(=O)NC(C)CCOC)C(=O)C=C1,True,1.9017999999999997,0.42418000000000045,0.22535211267605634,False,True
3.0,bin,16,0.5795501172542572,0.5143000483512878,0.6448001861572266,235788,O=C(Cn1nc(-c2ccco2)oc1=O)NCC(F)(F)F,0.7747999999999999,CC(C)C(C)NC(=O)Cn1nc(-c2ccco2)oc1=O,True,1.257,0.48219999999999996,0.6296296296296297,False,True
3.0,bin,16,0.5795501172542572,0.5143000483512878,0.6448001861572266,236081,CC(=O)c1c(C)[nH]c(C(=O)CSc2nc(C(C)C)n[nH]2)c1C,3.0506400000000014,Cc1n[nH]c(SCC(=O)c2[nH]c(C(C)C)c(C(F)F)c2C)n1,True,3.7856400000000026,0.7350000000000012,0.5,False,True
3.0,bin,16,0.5795501172542572,0.5143000483512878,0.6448001861572266,281081,O=C(Cn1cccn1)NCc1cccnc1Oc1ccc(F)cc1F,2.665000000000001,CC(Oc1ccc(F)cc1)C(=O)NCc1cccnc1OC=CC=CF,True,3.680100000000002,1.0151000000000012,0.3684210526315789,False,True
3.0,bin,16,0.5795501172542572,0.5143000483512878,0.6448001861572266,284170,COc1ccc(-c2nc(CC(=O)Nc3cccc(C)n3)cs2)cc1,3.7033200000000024,Cc1cccc(NC(=O)C(C)c2csc(-c3ccc(F)cc3)n2)n1,True,4.394820000000004,0.6915000000000013,0.4838709677419355,False,True
3.0,bin,16,0.5795501172542572,0.5143000483512878,0.6448001861572266,288369,Cc1ccc(NCc2nnc3n2CCCCC3)cc1C,3.2334400000000016,Clc1ccc(NCc2nnc3n2CCCC(Cl)C3)cc1,True,3.487300000000002,0.2538600000000004,0.44642857142857145,False,True
3.0,bin,16,0.5795501172542572,0.5143000483512878,0.6448001861572266,302889,COc1ccc(OC)c(NC(=O)CCNC(=O)c2cccs2)c1,2.5239000000000003,Cc1ccc(NC(=O)CCNC(=O)c2cccs2)cc1C,True,3.123540000000001,0.5996400000000008,0.5535714285714286,False,False
3.0,bin,16,0.5795501172542572,0.5143000483512878,0.6448001861572266,327141,COc1ccc(OC)c(S(=O)(=O)Nc2ccn(C)n2)c1,1.2381,Cn1ccc(NS(=O)(=O)c2ccccc2Br)n1,True,1.9833999999999998,0.7452999999999999,0.5208333333333334,False,False
3.0,bin,16,0.5795501172542572,0.5143000483512878,0.6448001861572266,327382,CNC(=O)C1CN(C(=O)c2c(C)noc2C)c2ccccc2O1,1.4452399999999996,Cc1noc(C)c1C(=O)N1CC(C#N)Oc2ccc(F)cc21,True,2.3619200000000005,0.9166800000000008,0.5079365079365079,False,True
3.0,bin,16,0.5795501172542572,0.5143000483512878,0.6448001861572266,406491,COCCNC(=O)C1CCCN(S(=O)(=O)N2CCOCC2)C1,-0.9619999999999964,C=CCNC(=O)C1CCN(S(=O)(=O)N2CCOCC2)CC1,True,-0.4223999999999981,0.5395999999999983,0.4727272727272727,False,True
3.0,bin,16,0.5795501172542572,0.5143000483512878,0.6448001861572266,413951,O=C(Cn1ncn2cccc2c1=O)N1CCCCCC1,0.8985999999999996,CCc1nn(CC(=O)N2CCCCCC2)c(=O)c2cccn12,True,1.4609999999999999,0.5624000000000002,0.5769230769230769,False,False
3.0,bin,16,0.5795501172542572,0.5143000483512878,0.6448001861572266,427929,CCNc1nc(NCc2ccccc2Cl)c2cnn(C)c2n1,3.060600000000001,CC(C)Nc1nc(NCc2ccc(Cl)cc2)c2cnn(C)c2n1,True,3.4491000000000014,0.3885000000000005,0.5172413793103449,False,True
3.0,bin,16,0.5795501172542572,0.5143000483512878,0.6448001861572266,447130,CCC(NC(=O)C1CCN(C(=O)C2CC2)CC1)c1ccc(C)cc1,3.2109200000000016,CC(C)(C)CC(NC(=O)C1CCN(C(=O)C2CC2)CC1)c1ccccc1,True,3.9287000000000036,0.7177800000000021,0.6153846153846154,False,True
3.0,bin,16,0.5795501172542572,0.5143000483512878,0.6448001861572266,481908,CCNS(=O)(=O)c1ccc(C)c(C(=O)Nc2ncccc2C)c1,2.24894,COC(=O)c1cc(C(=O)Nc2ncccc2C)ccc1Cl,True,3.082320000000001,0.8333800000000009,0.43333333333333335,False,True
3.0,bin,16,0.5795501172542572,0.5143000483512878,0.6448001861572266,485220,Cc1nn(CC(=O)N2CCN(C)CC2)c(C)c1Br,1.03644,C=C(C)CN1CCN(C(=O)Cn2nc(C)c(Cl)c2C)CC1,True,1.87364,0.8371999999999999,0.4897959183673469,False,True
3.0,bin,16,0.5795501172542572,0.5143000483512878,0.6448001861572266,526363,Cc1nnc(SCC(=O)Nc2ccc(O)cc2)n(N)c1=O,0.09692,Cc1nnc(SCC(=O)Nc2ccccc2F)n(N)c1=O,True,0.5304200000000001,0.4335000000000001,0.6415094339622641,False,False
3.0,bin,16,0.5795501172542572,0.5143000483512878,0.6448001861572266,536853,COc1ccc(C2CCCN2C(=O)C2CCC2)c(OC)c1,3.1674000000000015,O=C(C1CCC1)N1CCCC1c1ccc(OC(F)F)cc1,True,3.7516000000000034,0.5842000000000018,0.5094339622641509,False,True
3.0,bin,16,0.5795501172542572,0.5143000483512878,0.6448001861572266,540312,Cc1nn(C)c2nc(C3CC3)cc(C(=O)NCC(=O)NC(C)(C)C)c12,1.7986199999999997,CCC(C)(C)NC(=O)c1cc(C2CC2)nc2c1c(C)nn2CCO,True,2.5278200000000015,0.7292000000000018,0.5538461538461539,False,True
3.0,bin,16,0.5795501172542572,0.5143000483512878,0.6448001861572266,544381,Cc1nc(N2CCCC(C(=O)NC(C)C)C2)c2c(C)c(C)oc2n1,2.8890600000000006,Cc1oc2ncnc(N3CCCC(C(=O)CC(C)C)C3)c2c1C,True,3.6712400000000027,0.7821800000000021,0.5396825396825397,False,True
3.0,bin,16,0.5795501172542572,0.5143000483512878,0.6448001861572266,544382,CCCNC(=O)C1CCCN(c2nc(C)nc3oc(C)c(C)c23)C1,2.8906600000000013,CCCCc1nc(N2CCCC(C(C)=O)C2)c2c(C)c(C)oc2n1,True,3.9876400000000034,1.096980000000002,0.59375,False,True
3.0,bin,16,0.5795501172542572,0.5143000483512878,0.6448001861572266,550049,Cc1ccc(C)c(OCC(=O)Nc2cccc(-n3cnnc3)c2)c1,2.9016400000000013,CC(C)c1ccc(OCC(=O)Nc2cc(F)cc(-n3cnnc3)c2)cc1,True,3.5473000000000017,0.6456600000000003,0.4461538461538462,False,True
3.0,bin,16,0.5795501172542572,0.5143000483512878,0.6448001861572266,573533,Cc1nn(-c2ncc(C(F)(F)F)cc2Cl)c(=O)o1,2.2011199999999995,CC(C)C=NN(Cl)c1ccc(Cl)cn1,True,3.3370000000000024,1.1358800000000029,0.13114754098360656,False,True
3.0,bin,16,0.5795501172542572,0.5143000483512878,0.6448001861572266,582555,O=C(NCC(O)c1ccccc1)c1ccc2c(=O)n3c(nc2c1)CCC3,1.8061000000000003,O=C(NCCc1cccc(F)c1)c1ccc2c(=O)n3c(nc2c1)CCC3,True,2.4543,0.6481999999999997,0.5970149253731343,False,True
3.0,bin,16,0.5795501172542572,0.5143000483512878,0.6448001861572266,588547,Cc1n[nH]c(C)c1NC(=O)CCc1ccc(Cl)cc1Cl,3.9046400000000023,CC1=CC(Cl)=C(Cl)C(Cl)=CCCc2[nH]nc(C)c2NC(=O)C1,True,4.751120000000002,0.8464799999999997,0.19718309859154928,False,True
3.0,bin,16,0.5795501172542572,0.5143000483512878,0.6448001861572266,607673,CCCN(CC1CC1)S(=O)(=O)c1ccccc1F,2.636400000000001,CCCCN(CC1CC1)S(=O)(=O)c1ccc(C)c(F)c1,True,3.334920000000002,0.6985200000000011,0.5098039215686274,False,True
3.0,bin,16,0.5795501172542572,0.5143000483512878,0.6448001861572266,617681,Cc1cc(C(=O)Nc2nc(-c3ccncc3)cs2)nn1C(C)C,3.5432200000000016,CCC1(C(=O)NC=NC(S)c2ccc(C(C)(C)C(C)C)n2C)C=CC1,True,4.387900000000004,0.8446800000000021,0.125,False,True
3.0,bin,16,0.5795501172542572,0.5143000483512878,0.6448001861572266,650267,COc1ccc2oc(C(=O)NC3CCCCNC3=O)c(C)c2c1,2.14832,Cc1c(C(=O)NC2CCCCNC2=O)oc2c(Cl)cccc12,True,2.793120000000001,0.6448000000000009,0.5873015873015873,False,False
3.0,bin,16,0.5795501172542572,0.5143000483512878,0.6448001861572266,668639,Cc1cc(NC(=O)c2ccccc2Cl)ncc1N,2.8779200000000005,CCCCOc1ccccc1C(=O)Nc1cc(C)ccn1,True,3.821220000000002,0.9433000000000016,0.3793103448275862,False,True
3.0,bin,16,0.5795501172542572,0.5143000483512878,0.6448001861572266,673160,CCC(=O)Nc1ccc2oc(C(F)(F)F)cc(=O)c2c1,3.160300000000001,O=c1cc(C(F)(F)F)oc2ccc(C(F)(F)F)cc12,True,3.8306000000000004,0.6702999999999992,0.5681818181818182,False,True
3.0,bin,16,0.5795501172542572,0.5143000483512878,0.6448001861572266,711169,Cc1cccc(C(C)C)c1NC(=O)N(C)Cc1ccncc1,4.177320000000003,CC(c1ccncc1)N(CC(C)(C)C)C(=O)Nc1c(F)cccc1F,True,5.001000000000004,0.8236800000000013,0.3770491803278688,False,True
3.0,bin,16,0.5795501172542572,0.5143000483512878,0.6448001861572266,720969,Cc1noc(C)c1CCC(=O)OCC(=O)N1c2ccccc2CC1C,2.7450400000000013,Cc1onc(C(C)C)c1CCC(=O)OCC(=O)N1c2ccccc2CC1C,True,3.5600200000000024,0.8149800000000011,0.8,False,True
3.0,bin,16,0.5795501172542572,0.5143000483512878,0.6448001861572266,730789,COC(=O)C1CCN(C(=O)c2cc3ccc(F)cc3nc2C)CC1,2.7075200000000006,CNc1nc2ccc(F)cc2cc1C(=O)N1CCCCC1,True,3.0417000000000014,0.3341800000000008,0.4262295081967213,False,True
3.0,bin,16,0.5795501172542572,0.5143000483512878,0.6448001861572266,738178,Cc1ccc(-n2ccnc2SCc2nc(C3CC3)no2)cc1C,4.041840000000003,CC(C)c1ccc(-n2ccnc2SC(C)c2nc(C3CC3)no2)cc1,True,5.109400000000005,1.067560000000002,0.49206349206349204,False,True
3.0,bin,16,0.5795501172542572,0.5143000483512878,0.6448001861572266,771897,COc1ccccc1OCC(=O)N(C)Cc1sccc1C,3.102520000000002,Cc1cc(CN(C)C(=O)COc2ccc(F)cc2Cl)sc1C,True,4.194840000000004,1.0923200000000017,0.4032258064516129,False,True
3.0,bin,16,0.5795501172542572,0.5143000483512878,0.6448001861572266,811446,COC(=O)C1(NC(=O)c2cc(Br)c[nH]2)CCCCCC1,2.7730000000000006,O=C(NC1CCCCC1)c1cc(Br)c[nH]1,True,2.8397000000000006,0.06669999999999998,0.48936170212765956,False,False
3.0,bin,16,0.5795501172542572,0.5143000483512878,0.6448001861572266,848291,CCC(C)NC(=O)NCc1noc(-c2cccs2)n1,2.3958000000000004,CC(C)CCCNC(=O)NCc1noc(-c2cccs2)n1,True,3.033500000000001,0.6377000000000006,0.6785714285714286,False,True
3.0,bin,16,0.5795501172542572,0.5143000483512878,0.6448001861572266,863440,COc1ccc(-c2nc(CCCO)cs2)cc1OC,2.752200000000001,OCCCc1csc(-c2ccc(Cl)cc2)n1,True,3.3884000000000016,0.6362000000000005,0.5909090909090909,False,True
3.0,bin,16,0.5795501172542572,0.5143000483512878,0.6448001861572266,864663,N#Cc1ccc(-c2cc(F)ccc2F)nc1N1CCCC1,3.498680000000002,N#Cc1ccc(-c2ccc(C(F)F)c(N3CCCC3)n2)c(F)c1,True,4.297180000000002,0.7984999999999998,0.5,False,True
3.0,bin,16,0.5795501172542572,0.5143000483512878,0.6448001861572266,872100,CCc1cccc(C)c1NCC(O)c1ccc2c(c1)OCCO2,3.474120000000002,CCC(C)c1cccc(C)c1NCC(O)c1ccc2c(c1)OCCO2,True,4.425220000000003,0.9511000000000012,0.7169811320754716,False,True
3.0,bin,16,0.5795501172542572,0.5143000483512878,0.6448001861572266,886334,COc1ccc(C(=O)N2CCCC(C(=O)N3CCCCC3)C2)c(O)c1,2.2655000000000003,O=C(c1ccc(Cl)cc1)N1CCCC(C(=O)N2CCCCC2)C1,True,3.2047000000000017,0.9392000000000014,0.5,False,False
3.0,bin,16,0.5795501172542572,0.5143000483512878,0.6448001861572266,887387,COCCNC(=O)N(Cc1cccc(F)c1)CC1CCCO1,2.1627,CC(C)NC(=O)N(Cc1ccccc1)CC1CCCO1,True,2.7856000000000014,0.6229000000000013,0.5409836065573771,False,False
3.0,bin,16,0.5795501172542572,0.5143000483512878,0.6448001861572266,889149,N#Cc1ccc(NC(=O)c2ccc(Br)cc2Cl)nc1,3.621480000000001,O=C(Nc1ccc(C(F)(F)F)cn1)c1cc(C(F)(F)F)ccc1F,True,4.510600000000001,0.8891200000000001,0.3508771929824561,False,True
3.0,bin,16,0.5795501172542572,0.5143000483512878,0.6448001861572266,913483,O=C(CNC(=O)NCCc1c(Cl)cccc1Cl)NC1CC1,2.1137000000000006,O=C(CCC(=O)NC1CC1)NCCc1ccc(C(F)(F)F)c(Cl)c1,True,3.0763000000000016,0.962600000000001,0.41379310344827586,False,True
3.0,bin,16,0.5795501172542572,0.5143000483512878,0.6448001861572266,917620,C=CCN(Cc1ccccc1OC)C(=O)c1csc(C)n1,3.288520000000002,C=CCN(C(=O)c1cscn1)C(C)c1cccc(Cl)c1,True,4.185900000000004,0.8973800000000018,0.2876712328767123,False,True
3.0,bin,16,0.5795501172542572,0.5143000483512878,0.6448001861572266,918312,CCOc1ccc(Cl)c(C(=O)N2CCN(c3ncccn3)CC2)n1,1.8860999999999997,CC1CCCNCN(C(=O)c2nc(Cl)cc3c2OCC=N3)CC1,True,2.639000000000001,0.7529000000000015,0.2125,False,True
3.0,bin,16,0.5795501172542572,0.5143000483512878,0.6448001861572266,922879,CC(=O)c1ccc(N2CCN(Cc3c(F)cccc3F)CC2)cc1,3.489600000000003,Clc1cccc(Cl)c1CN1CCN(c2ccccc2)CC1,True,4.315600000000004,0.8260000000000014,0.43478260869565216,False,True
3.0,bin,16,0.5795501172542572,0.5143000483512878,0.6448001861572266,927535,COc1cc(CN2CCN(c3ccccc3F)CC2)ccc1O,2.862100000000002,Clc1ccccc1N1CCN(Cc2ccccc2)CC1,True,3.662200000000002,0.8001,0.40816326530612246,False,True
3.0,bin,16,0.5795501172542572,0.5143000483512878,0.6448001861572266,927567,Cc1ccccc1N1CCN(Cc2cccc(O)c2)CC1,3.022820000000001,Fc1ccc(CN2CCN(c3ccccc3Cl)CC2)cc1,True,3.801300000000003,0.7784800000000018,0.425531914893617,False,True
3.0,bin,16,0.5795501172542572,0.5143000483512878,0.6448001861572266,938108,CC(c1ccccc1)N(C)C(=O)CCC(=O)Nc1nccs1,3.0814000000000012,CCCCC(NC(=O)CCC(=O)Nc1nc(C)cs1)c1ccccc1,True,4.217920000000003,1.1365200000000018,0.40625,False,True
3.0,bin,16,0.5795501172542572,0.5143000483512878,0.6448001861572266,943303,CN(CCCOc1ccccc1)C(=O)Nc1cccc2c1OCCO2,3.390600000000002,C=C(C)c1cccc(OCCCNC(=O)Nc2cccc3c2OCCO3)c1,True,4.081500000000003,0.690900000000001,0.5151515151515151,False,True
3.0,bin,16,0.5795501172542572,0.5143000483512878,0.6448001861572266,946289,CC(NC(=O)C1(c2cc(-c3ccco3)on2)CC1)c1ccccc1,3.843600000000002,C#CC=CC=CC(NC(=O)C(C)c1cc(-c2ccco2)on1)C(C)C,True,3.9245000000000028,0.08090000000000064,0.3698630136986301,False,True
3.0,bin,16,0.5795501172542572,0.5143000483512878,0.6448001861572266,994077,Cc1nnc(Cn2c(-c3cccc(Br)c3)noc2=O)o1,2.0055199999999997,CC(C)CCc1nnc(Cn2c(-c3ccccc3)noc2=O)o1,True,2.523200000000001,0.5176800000000013,0.5357142857142857,False,True
3.0,bin,16,0.5795501172542572,0.5143000483512878,0.6448001861572266,1065620,O=C(NCc1cccnc1Oc1ccccc1)c1cccnc1,3.198900000000002,CC(NC(=O)c1cccnc1Oc1ccccc1F)c1cccnc1,True,3.8990000000000027,0.7001000000000008,0.3484848484848485,False,True
3.0,bin,16,0.5795501172542572,0.5143000483512878,0.6448001861572266,1093926,CN(C(=O)CNc1cccc(OCC2CCCO2)c1)c1ccccc1,3.319300000000002,CC(Nc1ccccc1)C(=O)Nc1cccc(OCC2CCCO2)c1,True,3.683500000000002,0.3642000000000003,0.59375,False,True
3.0,bin,16,0.5795501172542572,0.5143000483512878,0.6448001861572266,1107920,CCc1ccc(-n2cc(C(=O)NC(C)c3ccccc3)nn2)cc1,3.320700000000002,CCCCN(Cc1ccccc1)C(=O)c1cn(-c2ccc(C)cc2)nn1,True,4.018220000000003,0.6975200000000008,0.421875,False,True
3.0,bin,16,0.5795501172542572,0.5143000483512878,0.6448001861572266,1113130,CC(NC(=O)Cn1nnnc1C(C)(C)C)c1cccc2ccccc12,3.0012000000000016,C=C(C=C1C=CC=CC=CC=C1Cl)NC(=O)C(C)(C)CC,True,4.783800000000004,1.7826000000000022,0.13333333333333333,False,True
3.0,bin,16,0.5795501172542572,0.5143000483512878,0.6448001861572266,1121751,COC(=O)Cn1ccc(NS(=O)(=O)c2ccc(F)c(F)c2F)n1,1.2742,CCn1ccc(NS(=O)(=O)c2ccc(F)cc2OC)n1,True,1.8515,0.5772999999999999,0.5,False,True
3.0,bin,16,0.5795501172542572,0.5143000483512878,0.6448001861572266,1142531,CCOC(C)C(=O)NCCc1csc(-c2ccc(C)cc2)n1,3.2022200000000014,O=C(CCc1csc(-c2ccc(Cl)cc2)n1)NCC(F)(F)F,True,4.074600000000002,0.8723800000000006,0.390625,False,True
3.0,bin,16,0.5795501172542572,0.5143000483512878,0.6448001861572266,1212157,CN(Cc1ccc(F)c(F)c1)C(=O)c1cncc(-c2cnn(C)c2)c1,3.0325000000000015,Cc1c(CN(C)C=O)cccc1C(F)(F)F,True,2.6020200000000004,-0.4304800000000011,0.14285714285714285,False,True
3.0,bin,16,0.5795501172542572,0.5143000483512878,0.6448001861572266,1215394,CCn1nc(C)cc1C(=O)Oc1cccc(NC(=O)C(C)C)c1,3.025120000000001,CCn1nc(C(F)(F)F)cc1C(=O)Oc1cccc(OC(F)F)c1,True,3.7424000000000017,0.7172800000000006,0.4838709677419355,False,True
3.0,bin,16,0.5795501172542572,0.5143000483512878,0.6448001861572266,1232922,CC(C)(C)OC(=O)NC1CCCN(S(=O)(=O)N2CCOCC2)C1,0.5525000000000011,CC1CN(S(=O)(=O)CCCCNC(=O)C(C)CCC(F)F)CCO1,True,1.6146999999999994,1.0621999999999983,0.21621621621621623,False,True
3.0,bin,16,0.5795501172542572,0.5143000483512878,0.6448001861572266,1238973,FC(F)(F)c1cnc(N2CCn3c(nnc3C3CC3)C2)c(Cl)c1,3.2429000000000023,Clc1cnc(N2CCn3c(nnc3C3CC3)C2)c(C(Cl)(Cl)Cl)c1,True,4.050800000000003,0.807900000000001,0.6181818181818182,False,True
3.0,bin,16,0.5795501172542572,0.5143000483512878,0.6448001861572266,1299495,Cc1cc(CC(=O)N2CCCC2C(C#N)c2ccccc2)no1,2.823900000000001,CC1=CC(CC(=O)N2CCCC2C(C)(C)c2ccccc2N)O1,True,3.230100000000001,0.4062000000000001,0.2857142857142857,False,True
3.0,bin,16,0.5795501172542572,0.5143000483512878,0.6448001861572266,1309906,CC(C)CC(NC(=O)c1cc(=O)c2ccccc2o1)C(=O)OC(C)C,2.8891000000000018,CC(=O)C(CCC(C)C)N(C)C(=O)COc1cc(Cl)ccc1C=O,True,3.3835000000000024,0.4944000000000006,0.16455696202531644,False,True
3.0,bin,16,0.5795501172542572,0.5143000483512878,0.6448001861572266,1362816,COCc1cccc(C(=O)NC2CC2c2cccc(Cl)c2)c1,3.772300000000002,O=C(NC1CC1c1ccc(Cl)c(Cl)c1)c1ccc(F)cc1,True,4.418400000000002,0.6460999999999997,0.423728813559322,False,True
3.0,bin,16,0.5795501172542572,0.5143000483512878,0.6448001861572266,1441838,COCC(=O)NC(C(=O)Nc1cccc(-c2nccs2)c1)C(C)C,2.5358,COCCCNC(=O)Nc1cccc(-c2nc(C)cs2)c1,True,3.2765200000000014,0.7407200000000014,0.39436619718309857,False,False
3.0,bin,16,0.5795501172542572,0.5143000483512878,0.6448001861572266,1450449,CCCNC(=O)CSc1nc2c(cc1C#N)CCCC2,2.450380000000001,CCCCNC(=O)CSc1ncc2c(c1C#N)CC(C)CC2,True,3.0864800000000017,0.6361000000000008,0.43478260869565216,False,True
3.0,bin,16,0.5795501172542572,0.5143000483512878,0.6448001861572266,1451910,O=S(=O)(NCc1nnc2ccccn12)c1ccc(F)c(F)c1,1.4859999999999995,CC(C)c1ccc(S(=O)(=O)NCc2nnc3ccccn23)cc1,True,2.3312,0.8452000000000004,0.6470588235294118,False,False
3.0,bin,16,0.5795501172542572,0.5143000483512878,0.6448001861572266,1479798,Cc1nc(C)c(CCC(=O)N(CC(C)C)CC(F)(F)F)c(=O)[nH]1,2.3662400000000003,CCC1C(=O)C(=C(C)N=C(C)[NH])CCC(=O)N1CC(C)C,True,2.5878000000000005,0.2215600000000002,0.11842105263157894,False,True
3.0,bin,16,0.5795501172542572,0.5143000483512878,0.6448001861572266,1507926,COC(=O)C(C)NC(=O)Cc1csc(-c2ccccc2Cl)n1,2.6837,CC(C)NC(=O)Cc1csc(-c2ccccc2Cl)n1,True,3.5306000000000015,0.8469000000000015,0.7708333333333334,False,True
3.0,bin,16,0.5795501172542572,0.5143000483512878,0.6448001861572266,1527882,Nc1ncccc1C(=O)Nc1ccc2cn[nH]c2c1,1.7923999999999998,Cc1ccc(C(=O)Nc2ccc3cn[nH]c3c2)c(C)n1,True,2.82704,1.0346400000000004,0.5769230769230769,False,True
3.0,bin,16,0.5795501172542572,0.5143000483512878,0.6448001861572266,1532848,COc1ccc(-c2ccc3c(=O)[nH]cnc3c2)cc1Cl,3.2521000000000013,O=c1[nH]cnc2cc(-c3ccc(C(F)(F)F)cc3)ccc12,True,3.608900000000001,0.3567999999999998,0.5434782608695652,False,True
3.0,bin,16,0.5795501172542572,0.5143000483512878,0.6448001861572266,1548351,COc1cc(OC)c2c(c1)C(c1cnccn1)NCC2,1.7288999999999999,Fc1ccc2c(c1Cl)C(c1cnccn1)NCC2,True,2.504200000000001,0.775300000000001,0.3793103448275862,False,True
3.0,bin,16,0.5795501172542572,0.5143000483512878,0.6448001861572266,1570134,COc1cccc(C(C)N2CCN(C(=O)c3ccc(O)cc3)CC2)c1,2.9198000000000013,COc1ccc(C)cc1C(=O)N1CCN(C(C)c2cccc(F)c2)CC1,True,3.6617200000000025,0.7419200000000012,0.5,False,True
3.0,bin,16,0.5795501172542572,0.5143000483512878,0.6448001861572266,1611406,CC(C)(C)N1CC(NC(=O)C2COc3ccc(F)cc3C2)CC1=O,1.8923999999999994,CC1NCCC2(COc3ccc(C(C)(C)C)cc3C2C=O)C(=O)N1,True,2.1009,0.2085000000000008,0.19047619047619047,False,True
3.0,bin,16,0.5795501172542572,0.5143000483512878,0.6448001861572266,1612684,CCCC1CN(C(=O)Nc2ccn(CCC(C)C)n2)CCO1,2.9620000000000015,CC(C)CCC1CCOC(NC(=O)Nc2ccn(C(C)(C)C)n2)C1,True,3.948500000000003,0.9865000000000013,0.37333333333333335,False,True
3.0,bin,16,0.5795501172542572,0.5143000483512878,0.6448001861572266,1639675,CCC(CC)c1nnc(NC(=O)c2scnc2C2CC2)s1,4.0279000000000025,CC(C)C(c1nnc(NC(=O)c2scnc2C2CC2)s1)C(C)C,True,4.519900000000004,0.49200000000000177,0.7551020408163265,False,True
3.0,bin,16,0.5795501172542572,0.5143000483512878,0.6448001861572266,1675660,COc1ccnc(NC(=O)c2cccc(Cl)c2)c1,2.9959000000000007,O=C(Nc1cc(Cl)ccn1)c1ccccc1Cl,True,3.6407000000000007,0.6448,0.46938775510204084,False,True
3.0,bin,16,0.5795501172542572,0.5143000483512878,0.6448001861572266,1689728,CCc1noc(CSc2ncnc3sc(C)cc23)n1,3.237420000000002,Cc1cc2c(SCc3nc(C(F)(F)F)no3)ncnc2s1,True,3.6938200000000014,0.4563999999999995,0.6923076923076923,False,True
3.0,bin,16,0.5795501172542572,0.5143000483512878,0.6448001861572266,1720876,CC(C)(C)CC(=O)NCC(=O)Nc1ccc2c(c1)COC2,2.2077,CCC(CC)OCCNC(=O)Nc1ccc2c(c1)COC2,True,3.0435000000000016,0.8358000000000017,0.4642857142857143,False,True
3.0,bin,16,0.5795501172542572,0.5143000483512878,0.6448001861572266,1757109,CC(C)Cc1ncc(CNc2ccc3c(c2)COC3)s1,3.983900000000003,CC(C)c1ncc(CNC(C)c2ccc3c(c2)COC3)s1,True,4.1475000000000035,0.16360000000000063,0.47368421052631576,False,True
3.0,bin,16,0.5795501172542572,0.5143000483512878,0.6448001861572266,1774061,O=C1NCCCc2[nH]c(-c3cccc4[nH]ccc34)nc21,2.234,CC1(C)NC(=O)C2=C1C(c1cccc3[nH]ccc13)NCC2,True,2.4073,0.17330000000000023,0.34375,False,True
3.0,bin,16,0.5795501172542572,0.5143000483512878,0.6448001861572266,1800687,Cc1nn(C)c(-c2nc(-c3cccnn3)no2)c1Cl,1.8889199999999997,CCCn1nc(C)cc1-c1nc(-c2cccnn2)no1,True,2.1085199999999995,0.2195999999999998,0.5178571428571429,False,True
3.0,bin,16,0.5795501172542572,0.5143000483512878,0.6448001861572266,1815867,FC(F)(F)c1ccc(CN2CCOCC2c2ncon2)cc1,2.661900000000001,Cc1nc(C2COCCN2Cc2cccc(C(F)(F)Cl)c2)no1,True,3.239620000000002,0.5777200000000011,0.47692307692307695,False,True
3.0,bin,16,0.5795501172542572,0.5143000483512878,0.6448001861572266,1828580,Cc1ccc(N2CC3OCC(=O)N(Cc4cccc(F)c4)C3C2)nn1,1.54032,CCC(NC(=O)COCC(=O)N(CC)Cc1ccccc1)c1ccccn1,True,2.7142,1.17388,0.10869565217391304,False,True
3.0,bin,16,0.5795501172542572,0.5143000483512878,0.6448001861572266,1836183,CCc1ccc(C(=O)NCc2nccc(N(C)C)n2)cc1,2.035,Cc1ccnc(CN(C)C(=O)C2=CC=CCCC2)n1,True,2.4099200000000005,0.37492000000000036,0.2537313432835821,False,True
3.0,bin,16,0.5795501172542572,0.5143000483512878,0.6448001861572266,1842499,COc1ccccc1COc1ccccc1-c1cnn(CCO)c1,3.1300000000000017,OCCn1cc(-c2ccccc2OCc2ccc(F)cc2F)cn1,True,3.399600000000002,0.2696000000000005,0.6730769230769231,False,True
3.0,bin,16,0.5795501172542572,0.5143000483512878,0.6448001861572266,1865564,COC(CNC(=O)c1ccoc1)c1cccc(F)c1,2.536200000000001,O=C(NCCc1ccc(OC(F)(F)F)cc1)c1ccoc1,True,3.1507000000000014,0.6145000000000005,0.3770491803278688,False,False
3.0,bin,16,0.5795501172542572,0.5143000483512878,0.6448001861572266,1868773,CCCOc1ccc(Cl)c2c1CCNC2C1CC(=O)C1,3.2947000000000015,CCCCCOc1c(Cl)ccc2c1C1(CCC1=O)NCC2,True,3.6129000000000024,0.3182000000000009,0.2898550724637681,False,True
3.0,bin,16,0.5795501172542572,0.5143000483512878,0.6448001861572266,1873123,CCC1OC(=O)c2c(OC)ccc(Br)c21,3.079200000000002,CCC(C)c1cc(Br)cc2c1C(=O)OC2,True,3.6330000000000027,0.5538000000000007,0.21818181818181817,False,True
3.0,bin,16,0.5795501172542572,0.5143000483512878,0.6448001861572266,1875028,Cc1cccc(C)c1NCC(=O)N1CCCC2CCCCC21,3.8965400000000034,Cc1cccc(OC(F)F)c1NC(C)(O)N1CCC2CCCCC21,True,3.9388200000000024,0.042279999999998985,0.38095238095238093,False,True
3.0,bin,16,0.5795501172542572,0.5143000483512878,0.6448001861572266,1895921,CCC(CC)N(C)C(=O)CC1OC(=O)c2ccccc21,2.935200000000002,CC(C)CCCCN(C)C(=O)CC1OC(=O)c2ccccc21,True,3.5729000000000024,0.6377000000000006,0.5882352941176471,False,True
3.0,bin,16,0.5795501172542572,0.5143000483512878,0.6448001861572266,1907077,Cc1ccc2[nH]nc(C(=O)Nc3nc(-c4ccco4)cs3)c2c1,3.8401200000000015,CC(C)c1ccc2[nH]nc(C(=O)Nc3nc(-c4ccco4)cs3)c2c1,True,4.655100000000003,0.8149800000000011,0.7796610169491526,False,True
3.0,bin,16,0.5795501172542572,0.5143000483512878,0.6448001861572266,1913063,Cc1nn(C)c(C)c1CN(C(=O)c1cn2cccc(C)c2n1)C1CC1,2.797860000000001,CCCCn1cc(CN(C(=O)c2cn3c(C)cccc3n2)C2CC2)cn1,True,3.4441200000000025,0.6462600000000016,0.3717948717948718,False,True
3.0,bin,16,0.5795501172542572,0.5143000483512878,0.6448001861572266,1922265,CN(CCNC(=O)c1ccc2c(c1)ncn2C)c1ccccc1,2.4395000000000007,CC(=O)Oc1cccc(N=CNC(C)CNC(=O)c2ccccc2F)c1,True,2.818900000000001,0.3794000000000004,0.16666666666666666,False,True
3.0,bin,17,0.7375200986862183,0.6448001861572266,0.83024001121521,32052,COc1ccccc1CNC(=O)Cc1c[nH]c2ccccc12,3.035400000000001,O=C(Cc1c[nH]c2ccccc12)NCc1c(F)cccc1Cl,True,3.819300000000002,0.7839000000000009,0.5370370370370371,False,True
3.0,bin,17,0.7375200986862183,0.6448001861572266,0.83024001121521,116747,COCCSc1ccccc1C(=O)Nc1cccc(C)n1,3.3808200000000017,C=C(C)CSc1ccccc1C(=O)Nc1cccc(C)n1,True,4.310520000000003,0.9297000000000013,0.68,False,True
3.0,bin,17,0.7375200986862183,0.6448001861572266,0.83024001121521,131060,CS(=O)(=O)NCCc1csc(-c2ccc(F)cc2)n1,2.0408999999999997,CCCNC(=O)Cc1csc(-c2ccc(F)cc2)n1,True,3.017900000000001,0.9770000000000012,0.5294117647058824,False,True
3.0,bin,17,0.7375200986862183,0.6448001861572266,0.83024001121521,131949,CCc1c(C)nc(SCC(=O)NC(C)C)[nH]c1=O,1.25742,CCC=C(C)N=C(NC=O)SCC(=O)N(C(C)=O)C(C)C,True,1.9188999999999998,0.6614799999999998,0.15942028985507245,False,True
3.0,bin,17,0.7375200986862183,0.6448001861572266,0.83024001121521,158879,COc1ccc(CC(=O)OCC(=O)c2c[nH]c3ccccc23)cc1,3.145100000000001,O=C1CNc2ccccc2Cc2c(ccc(F)c2Cl)CC(=O)OC1,True,3.1502000000000017,0.0051000000000005485,0.0875,False,True
3.0,bin,17,0.7375200986862183,0.6448001861572266,0.83024001121521,232056,COCCNC(=O)c1cc(=O)c2cc(C)ccc2o1,1.4776199999999993,C=CCN(CC=C)C(=O)c1cc(=O)c2cc(OC)ccc2o1,True,2.615800000000001,1.1381800000000017,0.43103448275862066,False,True
3.0,bin,17,0.7375200986862183,0.6448001861572266,0.83024001121521,235788,O=C(Cn1nc(-c2ccco2)oc1=O)NCC(F)(F)F,0.7747999999999999,CCC(CC)NC(=O)Cn1nc(-c2ccco2)oc1=O,True,1.4010999999999998,0.6262999999999999,0.6296296296296297,False,True
3.0,bin,17,0.7375200986862183,0.6448001861572266,0.83024001121521,236081,CC(=O)c1c(C)[nH]c(C(=O)CSc2nc(C(C)C)n[nH]2)c1C,3.0506400000000014,Cc1[nH]c(C(=O)CSc2nc(C(C)C)n[nH]2)c(C(C)C)c1Cl,True,4.3164200000000035,1.2657800000000021,0.6538461538461539,False,True
3.0,bin,17,0.7375200986862183,0.6448001861572266,0.83024001121521,281081,O=C(Cn1cccn1)NCc1cccnc1Oc1ccc(F)cc1F,2.665000000000001,CC(C)c1ccccc1Oc1ncccc1CNC(=O)Cn1cccn1,True,3.510200000000001,0.8452000000000002,0.6885245901639344,False,True
3.0,bin,17,0.7375200986862183,0.6448001861572266,0.83024001121521,284170,COc1ccc(-c2nc(CC(=O)Nc3cccc(C)n3)cs2)cc1,3.7033200000000024,CC(C)c1ccc(NC(=O)Cc2csc(-c3ccccc3)n2)nc1,True,4.509700000000004,0.8063800000000017,0.49206349206349204,False,True
3.0,bin,17,0.7375200986862183,0.6448001861572266,0.83024001121521,288369,Cc1ccc(NCc2nnc3n2CCCCC3)cc1C,3.2334400000000016,CC(C)Sc1ccccc1NCc1nnc2n1CCCCC2,True,4.117100000000002,0.8836600000000008,0.5178571428571429,False,True
3.0,bin,17,0.7375200986862183,0.6448001861572266,0.83024001121521,302889,COc1ccc(OC)c(NC(=O)CCNC(=O)c2cccs2)c1,2.5239000000000003,O=C(CCNC(=O)c1cccs1)Nc1cccc(C(F)(F)F)c1,True,3.525500000000001,1.0016000000000007,0.5,False,False
3.0,bin,17,0.7375200986862183,0.6448001861572266,0.83024001121521,327141,COc1ccc(OC)c(S(=O)(=O)Nc2ccn(C)n2)c1,1.2381,Cc1cc(C)c(C)c(S(=O)(=O)Nc2ccn(C)n2)c1,True,2.14616,0.9080600000000001,0.5625,False,True
3.0,bin,17,0.7375200986862183,0.6448001861572266,0.83024001121521,327382,CNC(=O)C1CN(C(=O)c2c(C)noc2C)c2ccccc2O1,1.4452399999999996,CCc1onc(C)c1C(=O)N1Cc2ccccc2OC(C(=O)OC)C1,True,2.1218199999999996,0.67658,0.4142857142857143,False,True
3.0,bin,17,0.7375200986862183,0.6448001861572266,0.83024001121521,406491,COCCNC(=O)C1CCCN(S(=O)(=O)N2CCOCC2)C1,-0.9619999999999964,C=CCNC(=O)C1CCCN(S(=O)(=O)N2CCOCC2)C1,True,-0.4223999999999981,0.5395999999999983,0.6538461538461539,False,True
3.0,bin,17,0.7375200986862183,0.6448001861572266,0.83024001121521,413951,O=C(Cn1ncn2cccc2c1=O)N1CCCCCC1,0.8985999999999996,O=Cn1cc(Br)cc1NC=NNCC(=O)N1CCCCCC1,True,1.6362999999999996,0.7377,0.23529411764705882,False,True
3.0,bin,17,0.7375200986862183,0.6448001861572266,0.83024001121521,427929,CCNc1nc(NCc2ccccc2Cl)c2cnn(C)c2n1,3.060600000000001,CCSc1nc(NC(C)c2ccccc2Cl)c2cnn(C)c2n1,True,4.301800000000004,1.2412000000000027,0.4375,False,True
3.0,bin,17,0.7375200986862183,0.6448001861572266,0.83024001121521,447130,CCC(NC(=O)C1CCN(C(=O)C2CC2)CC1)c1ccc(C)cc1,3.2109200000000016,C=CC(=CC=C(CC)CCCC)C(C)NC(=O)C1CCN(C(=O)C2CC2)CC1,True,4.778700000000003,1.5677800000000017,0.4126984126984127,False,True
3.0,bin,17,0.7375200986862183,0.6448001861572266,0.83024001121521,481908,CCNS(=O)(=O)c1ccc(C)c(C(=O)Nc2ncccc2C)c1,2.24894,COCCOc1ccc(C)cc1C(=O)Nc1ncccc1C,True,2.9759400000000014,0.7270000000000012,0.4745762711864407,False,True
3.0,bin,17,0.7375200986862183,0.6448001861572266,0.83024001121521,485220,Cc1nn(CC(=O)N2CCN(C)CC2)c(C)c1Br,1.03644,C=C(C)CN1CCN(C(=O)Cn2nc(C)c(Br)c2C)CC1,True,1.98274,0.9462999999999999,0.6976744186046512,False,True
3.0,bin,17,0.7375200986862183,0.6448001861572266,0.83024001121521,526363,Cc1nnc(SCC(=O)Nc2ccc(O)cc2)n(N)c1=O,0.09692,COc1ccc(OC)c(NC(=O)CSc2nnc(C)c(=O)n2C)c1,True,1.2317199999999997,1.1347999999999998,0.4444444444444444,False,True
3.0,bin,17,0.7375200986862183,0.6448001861572266,0.83024001121521,536853,COc1ccc(C2CCCN2C(=O)C2CCC2)c(OC)c1,3.1674000000000015,O=C(C1CCC1)N1CCCC1c1ccccc1Br,True,3.9127000000000036,0.7453000000000021,0.52,False,True
3.0,bin,17,0.7375200986862183,0.6448001861572266,0.83024001121521,540312,Cc1nn(C)c2nc(C3CC3)cc(C(=O)NCC(=O)NC(C)(C)C)c12,1.7986199999999997,C=CCCOC(=O)c1cc(C2CC2)nc2c1c(C)nn2C,True,2.8870200000000006,1.088400000000001,0.5230769230769231,False,True
3.0,bin,17,0.7375200986862183,0.6448001861572266,0.83024001121521,544381,Cc1nc(N2CCCC(C(=O)NC(C)C)C2)c2c(C)c(C)oc2n1,2.8890600000000006,CCCCOC(=O)CCCNC1=NC(C)=NCOC(C)=C(C)C1,True,3.188100000000002,0.2990400000000015,0.11764705882352941,False,True
3.0,bin,17,0.7375200986862183,0.6448001861572266,0.83024001121521,544382,CCCNC(=O)C1CCCN(c2nc(C)nc3oc(C)c(C)c23)C1,2.8906600000000013,CCC(C)C(=O)CCCC=Nc1ncnc2oc(C)c(C)c12,True,4.327440000000004,1.4367800000000024,0.2375,False,True
3.0,bin,17,0.7375200986862183,0.6448001861572266,0.83024001121521,550049,Cc1ccc(C)c(OCC(=O)Nc2cccc(-n3cnnc3)c2)c1,2.9016400000000013,C=CCC1(C(=O)NC=C2C=C=CN=C(CC)C2)NC(=CC=CC=CC)O1,True,3.7759000000000027,0.8742600000000014,0.11702127659574468,False,True
3.0,bin,17,0.7375200986862183,0.6448001861572266,0.83024001121521,573533,Cc1nn(-c2ncc(C(F)(F)F)cc2Cl)c(=O)o1,2.2011199999999995,CC(C)SC=NN(Cl)c1ccc(C(F)(F)F)cn1,True,4.145500000000002,1.9443800000000024,0.22580645161290322,False,True
3.0,bin,17,0.7375200986862183,0.6448001861572266,0.83024001121521,582555,O=C(NCC(O)c1ccccc1)c1ccc2c(=O)n3c(nc2c1)CCC3,1.8061000000000003,C=CC(F)=CC=CC1C(C#N)CNC(=O)c2ccc3c(=O)n1c(CC)nc3c2,True,2.9787800000000013,1.172680000000001,0.18556701030927836,False,True
3.0,bin,17,0.7375200986862183,0.6448001861572266,0.83024001121521,588547,Cc1n[nH]c(C)c1NC(=O)CCc1ccc(Cl)cc1Cl,3.9046400000000023,Cc1n[nH]c(C)c1NC(=O)C(C)Cc1cc(C(C)(C)C)ccc1Cl,True,4.794740000000004,0.8901000000000021,0.45161290322580644,False,True
3.0,bin,17,0.7375200986862183,0.6448001861572266,0.83024001121521,607673,CCCN(CC1CC1)S(=O)(=O)c1ccccc1F,2.636400000000001,C=C(C)CN(CC1CC1)S(=O)(=O)c1ccc(Cl)cc1F,True,3.4559000000000024,0.8195000000000014,0.46296296296296297,False,True
3.0,bin,17,0.7375200986862183,0.6448001861572266,0.83024001121521,617681,Cc1cc(C(=O)Nc2nc(-c3ccncc3)cs2)nn1C(C)C,3.5432200000000016,CC=CCCN=C(CCC)C(=O)Nc1nc(-c2ccnc(C)c2)cs1,True,4.659320000000004,1.116100000000002,0.32894736842105265,False,True
3.0,bin,17,0.7375200986862183,0.6448001861572266,0.83024001121521,650267,COc1ccc2oc(C(=O)NC3CCCCNC3=O)c(C)c2c1,2.14832,CSC=CC=COC(=O)C(=O)NC1CCCCNC1,True,1.1782999999999997,-0.9700200000000003,0.19480519480519481,False,True
3.0,bin,17,0.7375200986862183,0.6448001861572266,0.83024001121521,668639,Cc1cc(NC(=O)c2ccccc2Cl)ncc1N,2.8779200000000005,O=C(Nc1ccc(Cl)c(Cl)n1)c1c(F)cccc1F,True,3.9189000000000007,1.0409800000000002,0.2909090909090909,False,True
3.0,bin,17,0.7375200986862183,0.6448001861572266,0.83024001121521,673160,CCC(=O)Nc1ccc2oc(C(F)(F)F)cc(=O)c2c1,3.160300000000001,O=c1cc(C(F)(F)F)oc2ccc(C(F)(F)F)cc12,True,3.8306000000000004,0.6702999999999992,0.5681818181818182,False,True
3.0,bin,17,0.7375200986862183,0.6448001861572266,0.83024001121521,711169,Cc1cccc(C(C)C)c1NC(=O)N(C)Cc1ccncc1,4.177320000000003,CC(C)Sc1c(Cl)cccc1NC(=O)N(C)Cc1ccncc1,True,4.899400000000004,0.7220800000000018,0.5172413793103449,False,True
3.0,bin,17,0.7375200986862183,0.6448001861572266,0.83024001121521,720969,Cc1noc(C)c1CCC(=O)OCC(=O)N1c2ccccc2CC1C,2.7450400000000013,Cc1nn(C(C)C)c(C)c1CCC(=O)OCC(=O)N1CCc2ccccc21,True,3.1459400000000013,0.40090000000000003,0.4383561643835616,False,True
3.0,bin,17,0.7375200986862183,0.6448001861572266,0.83024001121521,730789,COC(=O)C1CCN(C(=O)c2cc3ccc(F)cc3nc2C)CC1,2.7075200000000006,CC(=O)Nc1c(C(=O)N2CCCC(C)C2)nc2cc(F)ccc2c1C,True,3.5128200000000023,0.8053000000000017,0.375,False,True
3.0,bin,17,0.7375200986862183,0.6448001861572266,0.83024001121521,738178,Cc1ccc(-n2ccnc2SCc2nc(C3CC3)no2)cc1C,4.041840000000003,CC(C)Cl,True,1.6336,-2.4082400000000033,0.0196078431372549,False,True
3.0,bin,17,0.7375200986862183,0.6448001861572266,0.83024001121521,771897,COc1ccccc1OCC(=O)N(C)Cc1sccc1C,3.102520000000002,Cc1cc(OCC(=O)N(C)Cc2sccc2C)c(C)cc1F,True,3.849860000000003,0.7473400000000012,0.6470588235294118,False,True
3.0,bin,17,0.7375200986862183,0.6448001861572266,0.83024001121521,811446,COC(=O)C1(NC(=O)c2cc(Br)c[nH]2)CCCCCC1,2.7730000000000006,O=C(NC1CCCCC(Cl)C1)c1cc(Br)c[nH]1,True,3.4471000000000016,0.674100000000001,0.41509433962264153,False,True
3.0,bin,17,0.7375200986862183,0.6448001861572266,0.83024001121521,848291,CCC(C)NC(=O)NCc1noc(-c2cccs2)n1,2.3958000000000004,C=C(C)CN(CC)C(=O)NCc1noc(-c2cccs2)n1,True,2.9057000000000013,0.5099000000000009,0.5833333333333334,False,True
3.0,bin,17,0.7375200986862183,0.6448001861572266,0.83024001121521,863440,COc1ccc(-c2nc(CCCO)cs2)cc1OC,2.752200000000001,OCCCc1csc(-c2ccc(Br)cc2)n1,True,3.4975000000000023,0.7453000000000012,0.5909090909090909,False,True
3.0,bin,17,0.7375200986862183,0.6448001861572266,0.83024001121521,864663,N#Cc1ccc(-c2cc(F)ccc2F)nc1N1CCCC1,3.498680000000002,Fc1ccc(C(F)(F)F)cc1-c1ccc(N2CCCC2)nc1,True,4.506700000000003,1.008020000000001,0.3275862068965517,False,True
3.0,bin,17,0.7375200986862183,0.6448001861572266,0.83024001121521,872100,CCc1cccc(C)c1NCC(O)c1ccc2c(c1)OCCO2,3.474120000000002,CC(C)(C)c1cccc(F)c1NCCC(O)c1ccc2c(c1)OCCO2,True,4.430000000000003,0.9558800000000014,0.4603174603174603,False,True
3.0,bin,17,0.7375200986862183,0.6448001861572266,0.83024001121521,886334,COc1ccc(C(=O)N2CCCC(C(=O)N3CCCCC3)C2)c(O)c1,2.2655000000000003,O=C(c1c(F)cccc1Cl)N1CCCC(C(=O)N2CCCCC2)C1,True,3.3438000000000017,1.0783000000000014,0.45614035087719296,False,True
3.0,bin,17,0.7375200986862183,0.6448001861572266,0.83024001121521,887387,COCCNC(=O)N(Cc1cccc(F)c1)CC1CCCO1,2.1627,C=CCNC(=O)N(Cc1cccc(OC)c1)CC1CCCO1,True,2.5718000000000005,0.40910000000000046,0.5909090909090909,False,False
3.0,bin,17,0.7375200986862183,0.6448001861572266,0.83024001121521,889149,N#Cc1ccc(NC(=O)c2ccc(Br)cc2Cl)nc1,3.621480000000001,O=C(Nc1cc(C(F)(F)F)ccn1)c1ccc(C(F)(F)F)cc1,True,4.371500000000001,0.7500200000000001,0.23728813559322035,False,True
3.0,bin,17,0.7375200986862183,0.6448001861572266,0.83024001121521,913483,O=C(CNC(=O)NCCc1c(Cl)cccc1Cl)NC1CC1,2.1137000000000006,CC(CCC#N)N(CCc1ccccc1Cl)C(=O)NC1CC1,True,3.7487800000000027,1.635080000000002,0.3181818181818182,False,True
3.0,bin,17,0.7375200986862183,0.6448001861572266,0.83024001121521,917620,C=CCN(Cc1ccccc1OC)C(=O)c1csc(C)n1,3.288520000000002,C=C(C)CN(Cc1cccc(Cl)c1)C(=O)c1csc(C)n1,True,4.323420000000003,1.0349000000000013,0.421875,False,True
3.0,bin,17,0.7375200986862183,0.6448001861572266,0.83024001121521,918312,CCOc1ccc(Cl)c(C(=O)N2CCN(c3ncccn3)CC2)n1,1.8860999999999997,CC(C)Sc1ccc(Cl)c(C(=O)N2CCN(c3ncccn3)CC2)n1,True,2.9879000000000007,1.101800000000001,0.6181818181818182,False,True
3.0,bin,17,0.7375200986862183,0.6448001861572266,0.83024001121521,922879,CC(=O)c1ccc(N2CCN(Cc3c(F)cccc3F)CC2)cc1,3.489600000000003,Fc1ccccc1N1CCN(Cc2c(Cl)cccc2Cl)CC1,True,4.454700000000003,0.9651000000000005,0.42857142857142855,False,True
3.0,bin,17,0.7375200986862183,0.6448001861572266,0.83024001121521,927535,COc1cc(CN2CCN(c3ccccc3F)CC2)ccc1O,2.862100000000002,Brc1cccc(CN2CCN(c3ccccc3)CC2)c1,True,3.771300000000002,0.9091999999999998,0.34545454545454546,False,True
3.0,bin,17,0.7375200986862183,0.6448001861572266,0.83024001121521,927567,Cc1ccccc1N1CCN(Cc2cccc(O)c2)CC1,3.022820000000001,Fc1ccccc1N1CCN(Cc2ccccc2Cl)CC1,True,3.801300000000003,0.7784800000000018,0.35294117647058826,False,True
3.0,bin,17,0.7375200986862183,0.6448001861572266,0.83024001121521,938108,CC(c1ccccc1)N(C)C(=O)CCC(=O)Nc1nccs1,3.0814000000000012,CCN(C(=O)CCC(=O)NC(C)c1ccc(Cl)cc1)c1nccs1,True,3.807000000000002,0.7256000000000009,0.40625,False,True
3.0,bin,17,0.7375200986862183,0.6448001861572266,0.83024001121521,943303,CN(CCCOc1ccccc1)C(=O)Nc1cccc2c1OCCO2,3.390600000000002,CC(C)(CCOc1ccccc1)NC(=O)Nc1cccc2c1OCCO2,True,3.8270000000000026,0.4364000000000008,0.6101694915254238,False,True
3.0,bin,17,0.7375200986862183,0.6448001861572266,0.83024001121521,946289,CC(NC(=O)C1(c2cc(-c3ccco3)on2)CC1)c1ccccc1,3.843600000000002,CCC(C)CN(Cc1ccccc1)C(=O)C1(c2ccco2)CC1=NOC,True,3.998400000000003,0.15480000000000071,0.23170731707317074,False,True
3.0,bin,17,0.7375200986862183,0.6448001861572266,0.83024001121521,994077,Cc1nnc(Cn2c(-c3cccc(Br)c3)noc2=O)o1,2.0055199999999997,Cc1nnc(Cn2c(-c3ccc(SC(C)C)cc3)noc2=O)o1,True,2.74352,0.7380000000000004,0.5818181818181818,False,True
3.0,bin,17,0.7375200986862183,0.6448001861572266,0.83024001121521,1065620,O=C(NCc1cccnc1Oc1ccccc1)c1cccnc1,3.198900000000002,O=C1CC=CN=CCc2cc(Cl)ccc2Oc2ncccc2CN1,True,3.6742000000000017,0.47529999999999983,0.12345679012345678,False,True
3.0,bin,17,0.7375200986862183,0.6448001861572266,0.83024001121521,1093926,CN(C(=O)CNc1cccc(OCC2CCCO2)c1)c1ccccc1,3.319300000000002,CC=C1C=CC2C(C=CCOCC3CCCO3)=CN(C)C(=O)CNC2=C1C,True,3.0900000000000007,-0.22930000000000117,0.2391304347826087,False,True
3.0,bin,17,0.7375200986862183,0.6448001861572266,0.83024001121521,1107920,CCc1ccc(-n2cc(C(=O)NC(C)c3ccccc3)nn2)cc1,3.320700000000002,CCC(C)C(NC(=O)c1cn(-c2ccc(C)cc2)nn1)c1ccccc1,True,4.092920000000003,0.7722200000000008,0.625,False,True
3.0,bin,17,0.7375200986862183,0.6448001861572266,0.83024001121521,1113130,CC(NC(=O)Cn1nnnc1C(C)(C)C)c1cccc2ccccc12,3.0012000000000016,CC1N=NN(c2c#cccccccc2)C(=N)C(C)C(C(C)(C)C)C(=O)N1,True,4.336450000000003,1.3352500000000012,0.13095238095238096,False,True
3.0,bin,17,0.7375200986862183,0.6448001861572266,0.83024001121521,1121751,COC(=O)Cn1ccc(NS(=O)(=O)c2ccc(F)c(F)c2F)n1,1.2742,CCCC(=O)Nc1cc(NS(=O)(=O)c2ccc(F)cc2F)n[nH]1,True,2.2272999999999996,0.9530999999999996,0.3188405797101449,False,True
3.0,bin,17,0.7375200986862183,0.6448001861572266,0.83024001121521,1142531,CCOC(C)C(=O)NCCc1csc(-c2ccc(C)cc2)n1,3.2022200000000014,CCC(C)C(=O)N(C)CCc1csc(-c2ccc(C)cc2)n1,True,4.165520000000003,0.963300000000002,0.5254237288135594,False,True
3.0,bin,17,0.7375200986862183,0.6448001861572266,0.83024001121521,1212157,CN(Cc1ccc(F)c(F)c1)C(=O)c1cncc(-c2cnn(C)c2)c1,3.0325000000000015,C=C(C)CN(Cc1ccccc1)C(=O)c1cncc(-c2cnn(C)c2)c1,True,3.7006000000000023,0.6681000000000008,0.5396825396825397,False,True
3.0,bin,17,0.7375200986862183,0.6448001861572266,0.83024001121521,1215394,CCn1nc(C)cc1C(=O)Oc1cccc(NC(=O)C(C)C)c1,3.025120000000001,CCn1nc(C)cc1C(=O)Oc1cc(Cl)ccc1Br,True,3.8465200000000026,0.8214000000000015,0.45901639344262296,False,True
3.0,bin,17,0.7375200986862183,0.6448001861572266,0.83024001121521,1232922,CC(C)(C)OC(=O)NC1CCCN(S(=O)(=O)N2CCOCC2)C1,0.5525000000000011,CC1CC(NS(=O)(=O)N2CCOCC2)C(C(F)(F)F)C1,True,1.13,0.5774999999999988,0.2786885245901639,False,True
3.0,bin,17,0.7375200986862183,0.6448001861572266,0.83024001121521,1238973,FC(F)(F)c1cnc(N2CCn3c(nnc3C3CC3)C2)c(Cl)c1,3.2429000000000023,CC1(Cl)C=CN=C(N2CCn3c(nnc3C3CC3Cl)C2)CC1,True,2.8919000000000015,-0.35100000000000087,0.3,False,True
3.0,bin,17,0.7375200986862183,0.6448001861572266,0.83024001121521,1299495,Cc1cc(CC(=O)N2CCCC2C(C#N)c2ccccc2)no1,2.823900000000001,Cc1cc(CC(=O)N2CCCC2Cc2ccc(Cl)c(F)c2)no1,True,3.551720000000002,0.7278200000000012,0.4714285714285714,False,True
3.0,bin,17,0.7375200986862183,0.6448001861572266,0.83024001121521,1309906,CC(C)CC(NC(=O)c1cc(=O)c2ccccc2o1)C(=O)OC(C)C,2.8891000000000018,CCCCCCCNC(=O)c1cc(=O)c2ccccc2o1,True,3.4932000000000016,0.6040999999999999,0.49122807017543857,False,True
3.0,bin,17,0.7375200986862183,0.6448001861572266,0.83024001121521,1362816,COCc1cccc(C(=O)NC2CC2c2cccc(Cl)c2)c1,3.772300000000002,O=C(NC1CC1c1cccc(Cl)c1Cl)c1ccc(F)cc1F,True,4.557500000000002,0.7851999999999997,0.3283582089552239,False,True
3.0,bin,17,0.7375200986862183,0.6448001861572266,0.83024001121521,1441838,COCC(=O)NC(C(=O)Nc1cccc(-c2nccs2)c1)C(C)C,2.5358,COCCCC(=O)Nc1cccc(-c2nccs2)c1,True,3.175200000000001,0.6394000000000011,0.6,False,False
3.0,bin,17,0.7375200986862183,0.6448001861572266,0.83024001121521,1450449,CCCNC(=O)CSc1nc2c(cc1C#N)CCCC2,2.450380000000001,CC1CCc2cc(C#N)c(SCC(=O)NC(C)(C)C)nc2C1,True,3.084880000000002,0.634500000000001,0.5238095238095238,False,True
3.0,bin,17,0.7375200986862183,0.6448001861572266,0.83024001121521,1451910,O=S(=O)(NCc1nnc2ccccn12)c1ccc(F)c(F)c1,1.4859999999999995,O=S(=O)(NCc1nnc2ccccn12)c1cccc(C(F)(F)F)c1,True,2.2265999999999995,0.7405999999999999,0.6730769230769231,False,True
3.0,bin,17,0.7375200986862183,0.6448001861572266,0.83024001121521,1479798,Cc1nc(C)c(CCC(=O)N(CC(C)C)CC(F)(F)F)c(=O)[nH]1,2.3662400000000003,CC1=C(CCC(=O)N(CCC(F)(F)F)CC(C)C)NCC=N1,True,3.1091000000000015,0.7428600000000012,0.4,False,True
3.0,bin,17,0.7375200986862183,0.6448001861572266,0.83024001121521,1507926,COC(=O)C(C)NC(=O)Cc1csc(-c2ccccc2Cl)n1,2.6837,C#CCOC(=O)Cc1csc(-c2ccccc2Cl)n1,True,3.182400000000002,0.49870000000000214,0.5636363636363636,False,True
3.0,bin,17,0.7375200986862183,0.6448001861572266,0.83024001121521,1527882,Nc1ncccc1C(=O)Nc1ccc2cn[nH]c2c1,1.7923999999999998,Cc1ncccc1C(=O)Nc1ccc2cn[nH]c2c1,True,2.5186200000000003,0.7262200000000005,0.75,False,True
3.0,bin,17,0.7375200986862183,0.6448001861572266,0.83024001121521,1532848,COc1ccc(-c2ccc3c(=O)[nH]cnc3c2)cc1Cl,3.2521000000000013,O=c1[nH]cnc2cc(-c3ccc(C(F)(F)F)cc3)ccc12,True,3.608900000000001,0.3567999999999998,0.5434782608695652,False,True
3.0,bin,17,0.7375200986862183,0.6448001861572266,0.83024001121521,1548351,COc1cc(OC)c2c(c1)C(c1cnccn1)NCC2,1.7288999999999999,Fc1cc(Cl)cc2c1CCNC2c1cnccn1,True,2.5042,0.7753000000000001,0.5490196078431373,False,False
3.0,bin,17,0.7375200986862183,0.6448001861572266,0.83024001121521,1570134,COc1cccc(C(C)N2CCN(C(=O)c3ccc(O)cc3)CC2)c1,2.9198000000000013,Cc1cc(C)cc(C(=O)N2CCN(C(C)c3cccc(O)c3)CC2)c1,True,3.5280400000000025,0.6082400000000012,0.5961538461538461,False,True
3.0,bin,17,0.7375200986862183,0.6448001861572266,0.83024001121521,1611406,CC(C)(C)N1CC(NC(=O)C2COc3ccc(F)cc3C2)CC1=O,1.8923999999999994,CCC1c2cc(Cl)ccc2OCC1C(=O)NC1(O)CCC(C)C1,True,3.4670000000000023,1.5746000000000029,0.21428571428571427,False,True
3.0,bin,17,0.7375200986862183,0.6448001861572266,0.83024001121521,1612684,CCCC1CN(C(=O)Nc2ccn(CCC(C)C)n2)CCO1,2.9620000000000015,CCCC1CN(C(=O)Nc2cc(C(C)C)n(CC(C)C)n2)CCO1,True,3.6953000000000022,0.7333000000000007,0.609375,False,True
3.0,bin,17,0.7375200986862183,0.6448001861572266,0.83024001121521,1639675,CCC(CC)c1nnc(NC(=O)c2scnc2C2CC2)s1,4.0279000000000025,CCC[SH]1C=NN=C(NC(=O)c2scnc2C2CC2C)C(C)CS1,True,4.047200000000003,0.019300000000000317,0.37142857142857144,False,True
3.0,bin,17,0.7375200986862183,0.6448001861572266,0.83024001121521,1675660,COc1ccnc(NC(=O)c2cccc(Cl)c2)c1,2.9959000000000007,Cc1cc(NC(=O)c2c(F)cccc2F)ncc1Br,True,3.683020000000001,0.6871200000000002,0.3103448275862069,False,True
3.0,bin,17,0.7375200986862183,0.6448001861572266,0.83024001121521,1689728,CCc1noc(CSc2ncnc3sc(C)cc23)n1,3.237420000000002,C=C(C)CN1N=C(C)c2c(SCc3nc(C)no3)ncnc2C1C,True,3.1370200000000015,-0.10040000000000049,0.3194444444444444,False,True
3.0,bin,17,0.7375200986862183,0.6448001861572266,0.83024001121521,1720876,CC(C)(C)CC(=O)NCC(=O)Nc1ccc2c(c1)COC2,2.2077,C=C(C)CN(CC)C(=O)NC(C)c1ccc2c(c1)COC2,True,3.3854000000000024,1.1777000000000024,0.31746031746031744,False,True
3.0,bin,17,0.7375200986862183,0.6448001861572266,0.83024001121521,1757109,CC(C)Cc1ncc(CNc2ccc3c(c2)COC3)s1,3.983900000000003,CCC1OCc2cc(NC(C)C3=C(C)C(C)SC3)ccc21,True,4.920100000000004,0.9362000000000013,0.2361111111111111,False,True
3.0,bin,17,0.7375200986862183,0.6448001861572266,0.83024001121521,1774061,O=C1NCCCc2[nH]c(-c3cccc4[nH]ccc34)nc21,2.234,O=C1NCCC2=C1N=C(C1=CC=C3NC(Br)=CC31)NC2,True,1.0417,-1.1923,0.16216216216216217,False,True
3.0,bin,17,0.7375200986862183,0.6448001861572266,0.83024001121521,1800687,Cc1nn(C)c(-c2nc(-c3cccnn3)no2)c1Cl,1.8889199999999997,CSCCn1nc(C)c(Cl)c1-c1nc(-c2cccnn2)no1,True,2.71492,0.8260000000000005,0.6981132075471698,False,True
3.0,bin,17,0.7375200986862183,0.6448001861572266,0.83024001121521,1815867,FC(F)(F)c1ccc(CN2CCOCC2c2ncon2)cc1,2.661900000000001,CC(Cl)SC=CC=CCN1CCOCC1c1ncon1,True,2.830800000000001,0.16889999999999983,0.46875,False,True
3.0,bin,17,0.7375200986862183,0.6448001861572266,0.83024001121521,1828580,Cc1ccc(N2CC3OCC(=O)N(Cc4cccc(F)c4)C3C2)nn1,1.54032,Cc1ccccc1CN1CC(N=N)N(C2=CC=CSC2)CCOCC1=O,True,3.1572900000000015,1.6169700000000016,0.1956521739130435,False,True
3.0,bin,17,0.7375200986862183,0.6448001861572266,0.83024001121521,1836183,CCc1ccc(C(=O)NCc2nccc(N(C)C)n2)cc1,2.035,O=C(NCc1ncccn1)c1ccc(Cl)c(C(F)(F)F)c1,True,3.078800000000002,1.0438000000000018,0.3620689655172414,False,True
3.0,bin,17,0.7375200986862183,0.6448001861572266,0.83024001121521,1842499,COc1ccccc1COc1ccccc1-c1cnn(CCO)c1,3.1300000000000017,CCn1cc(-c2ccccc2F)cn1,True,2.709100000000001,-0.4209000000000005,0.38461538461538464,False,True
3.0,bin,17,0.7375200986862183,0.6448001861572266,0.83024001121521,1865564,COC(CNC(=O)c1ccoc1)c1cccc(F)c1,2.536200000000001,CC(CNC(=O)c1ccoc1)c1cccc(Br)c1,True,3.5756000000000023,1.0394000000000014,0.5454545454545454,False,True
3.0,bin,17,0.7375200986862183,0.6448001861572266,0.83024001121521,1868773,CCCOc1ccc(Cl)c2c1CCNC2C1CC(=O)C1,3.2947000000000015,CCCSc1c(Cl)ccc2c1CCNC21CCC(=O)C1,True,3.9361000000000033,0.6414000000000017,0.2898550724637681,False,True
3.0,bin,17,0.7375200986862183,0.6448001861572266,0.83024001121521,1873123,CCC1OC(=O)c2c(OC)ccc(Br)c21,3.079200000000002,CCCC1OC(=O)c2cc(Br)c(OCC)cc21,True,3.8594000000000026,0.7802000000000007,0.34615384615384615,False,True
3.0,bin,17,0.7375200986862183,0.6448001861572266,0.83024001121521,1875028,Cc1cccc(C)c1NCC(=O)N1CCCC2CCCCC21,3.8965400000000034,O=C(F)CNc1ccccc1CCCCC(F)F,True,3.5725000000000025,-0.324040000000001,0.1935483870967742,False,True
3.0,bin,17,0.7375200986862183,0.6448001861572266,0.83024001121521,1895921,CCC(CC)N(C)C(=O)CC1OC(=O)c2ccccc21,2.935200000000002,CC(C)CN(C(=O)CC1OC(=O)c2ccccc21)C(C)C(C)C,True,3.817300000000003,0.8821000000000012,0.5918367346938775,False,True
3.0,bin,17,0.7375200986862183,0.6448001861572266,0.83024001121521,1907077,Cc1ccc2[nH]nc(C(=O)Nc3nc(-c4ccco4)cs3)c2c1,3.8401200000000015,CC(C)n1nc(C(=O)Nc2nc(-c3ccco3)cs2)c2ccccc21,True,4.586000000000003,0.7458800000000014,0.5223880597014925,False,True
3.0,bin,17,0.7375200986862183,0.6448001861572266,0.83024001121521,1913063,Cc1nn(C)c(C)c1CN(C(=O)c1cn2cccc(C)c2n1)C1CC1,2.797860000000001,CCCNN=C(C)C1=CC2CC2N(C(=O)c2cn3c(C)cccc3n2)C1,True,2.788920000000001,-0.008939999999999948,0.1935483870967742,False,True
3.0,bin,17,0.7375200986862183,0.6448001861572266,0.83024001121521,1922265,CN(CCNC(=O)c1ccc2c(c1)ncn2C)c1ccccc1,2.4395000000000007,CN(CCNC(=O)c1ccc2c(c1)ncn2C)C1CCC1,True,1.7873999999999992,-0.6521000000000015,0.6607142857142857,False,True
3.0,bin,18,0.9854800075292588,0.83024001121521,1.1407200038433076,32052,COc1ccccc1CNC(=O)Cc1c[nH]c2ccccc12,3.035400000000001,O=C(Cc1c[nH]c2ccccc12)NCc1cccc(C(F)(F)F)c1,True,4.045600000000002,1.010200000000001,0.5370370370370371,False,True
3.0,bin,18,0.9854800075292588,0.83024001121521,1.1407200038433076,116747,COCCSc1ccccc1C(=O)Nc1cccc(C)n1,3.3808200000000017,CC1=CC=CC1NC(=O)c1ccccc1SCC(F)(F)F,True,3.9555000000000025,0.5746800000000007,0.328125,False,True
3.0,bin,18,0.9854800075292588,0.83024001121521,1.1407200038433076,131060,CS(=O)(=O)NCCc1csc(-c2ccc(F)cc2)n1,2.0408999999999997,CCCNC(=O)NCCc1csc(-c2ccc(F)cc2)n1,True,3.2009000000000016,1.160000000000002,0.6122448979591837,False,True
3.0,bin,18,0.9854800075292588,0.83024001121521,1.1407200038433076,131949,CCc1c(C)nc(SCC(=O)NC(C)C)[nH]c1=O,1.25742,CCCC(C)N(C)C(=O)CSc1nc(C)c(C)c(=O)[nH]1,True,2.12584,0.8684200000000002,0.44642857142857145,False,True
3.0,bin,18,0.9854800075292588,0.83024001121521,1.1407200038433076,158879,COc1ccc(CC(=O)OCC(=O)c2c[nH]c3ccccc23)cc1,3.145100000000001,CC(C)C(C(=O)OCC(=O)c1c[nH]c2ccccc12)c1ccccc1,True,4.333600000000003,1.188500000000002,0.5272727272727272,False,True
3.0,bin,18,0.9854800075292588,0.83024001121521,1.1407200038433076,232056,COCCNC(=O)c1cc(=O)c2cc(C)ccc2o1,1.4776199999999993,C=CCN(CC=C)C(=O)c1cc(=O)c2cc(C)ccc2o1,True,2.9156200000000014,1.4380000000000022,0.5192307692307693,False,True
3.0,bin,18,0.9854800075292588,0.83024001121521,1.1407200038433076,235788,O=C(Cn1nc(-c2ccco2)oc1=O)NCC(F)(F)F,0.7747999999999999,CCC(C)N(CC)C(=O)Cn1nc(-c2ccco2)oc1=O,True,1.7433,0.9685000000000001,0.5254237288135594,False,True
3.0,bin,18,0.9854800075292588,0.83024001121521,1.1407200038433076,236081,CC(=O)c1c(C)[nH]c(C(=O)CSc2nc(C(C)C)n[nH]2)c1C,3.0506400000000014,Cc1[nH]c(C(=O)CSc2nc(C(C)C)n[nH]2)c(C)c1Cl,True,3.5014400000000023,0.450800000000001,0.7346938775510204,False,True
3.0,bin,18,0.9854800075292588,0.83024001121521,1.1407200038433076,281081,O=C(Cn1cccn1)NCc1cccnc1Oc1ccc(F)cc1F,2.665000000000001,C=CC=COc1ncccc1NCC(=O)NC(c1ccccc1)C(C)C,True,4.085500000000003,1.4205000000000023,0.2235294117647059,False,True
3.0,bin,18,0.9854800075292588,0.83024001121521,1.1407200038433076,284170,COc1ccc(-c2nc(CC(=O)Nc3cccc(C)n3)cs2)cc1,3.7033200000000024,CC(C)c1cccc(NC(=O)Cc2csc(-c3ccc(F)cc3)n2)n1,True,4.648800000000004,0.9454800000000017,0.5833333333333334,False,True
3.0,bin,18,0.9854800075292588,0.83024001121521,1.1407200038433076,288369,Cc1ccc(NCc2nnc3n2CCCCC3)cc1C,3.2334400000000016,FC(F)(Cl)Cc1ccccc1NCc1nnc2n1CCCCC2,True,3.9907000000000012,0.7572599999999996,0.4827586206896552,False,True
3.0,bin,18,0.9854800075292588,0.83024001121521,1.1407200038433076,302889,COc1ccc(OC)c(NC(=O)CCNC(=O)c2cccs2)c1,2.5239000000000003,O=C(CCNC(=O)c1cccs1)Nc1cc(C(F)(F)F)ccc1F,True,3.664600000000002,1.1407000000000016,0.5333333333333333,False,True
3.0,bin,18,0.9854800075292588,0.83024001121521,1.1407200038433076,327141,COc1ccc(OC)c(S(=O)(=O)Nc2ccn(C)n2)c1,1.2381,Cn1ccc(NS(=O)(=O)c2cc(C(F)(F)F)ccc2O)n1,True,1.9453,0.7072,0.48148148148148145,False,True
3.0,bin,18,0.9854800075292588,0.83024001121521,1.1407200038433076,327382,CNC(=O)C1CN(C(=O)c2c(C)noc2C)c2ccccc2O1,1.4452399999999996,Cc1noc(C)c1C(=O)N1CC(C)Oc2cccc(F)c21,True,2.8582400000000012,1.4130000000000016,0.5081967213114754,False,True
3.0,bin,18,0.9854800075292588,0.83024001121521,1.1407200038433076,406491,COCCNC(=O)C1CCCN(S(=O)(=O)N2CCOCC2)C1,-0.9619999999999964,CC1CN(S(=O)(=O)N2CCCC(C(N)=O)C2)CC(C)(C)O1,True,-0.07219999999999804,0.8897999999999984,0.3709677419354839,False,True
3.0,bin,18,0.9854800075292588,0.83024001121521,1.1407200038433076,413951,O=C(Cn1ncn2cccc2c1=O)N1CCCCCC1,0.8985999999999996,CCCCCNC(=O)CN1N=CC(C)(C)Cn2cccc2C1=O,True,2.2622999999999998,1.3637000000000001,0.2361111111111111,False,True
3.0,bin,18,0.9854800075292588,0.83024001121521,1.1407200038433076,427929,CCNc1nc(NCc2ccccc2Cl)c2cnn(C)c2n1,3.060600000000001,CC(C)Sc1nc(NCc2cc(Cl)ccc2F)c2cnn(C)c2n1,True,4.268400000000003,1.2078000000000024,0.4461538461538462,False,True
3.0,bin,18,0.9854800075292588,0.83024001121521,1.1407200038433076,447130,CCC(NC(=O)C1CCN(C(=O)C2CC2)CC1)c1ccc(C)cc1,3.2109200000000016,C=CC=CC=CC(CCC(C)C)N(C)C(=O)C1CCN(C(=O)C2CC2C)CC1,True,4.442600000000004,1.2316800000000026,0.2465753424657534,False,True
3.0,bin,18,0.9854800075292588,0.83024001121521,1.1407200038433076,481908,CCNS(=O)(=O)c1ccc(C)c(C(=O)Nc2ncccc2C)c1,2.24894,COc1cc(C)c(C(=O)Nc2ncccc2C)cc1OC,True,2.9679400000000014,0.7190000000000012,0.5283018867924528,False,False
3.0,bin,18,0.9854800075292588,0.83024001121521,1.1407200038433076,485220,Cc1nn(CC(=O)N2CCN(C)CC2)c(C)c1Br,1.03644,Cc1nn(C(C)C)c(Cl)c1C(=O)N1CCN(C)CC1C,True,2.2019200000000003,1.1654800000000003,0.2711864406779661,False,True
3.0,bin,18,0.9854800075292588,0.83024001121521,1.1407200038433076,526363,Cc1nnc(SCC(=O)Nc2ccc(O)cc2)n(N)c1=O,0.09692,COCCCn1c(SCC(=O)NC2=CC=C(C)C2)nnc(C)c1=O,True,1.4254200000000001,1.3285,0.40298507462686567,False,True
3.0,bin,18,0.9854800075292588,0.83024001121521,1.1407200038433076,536853,COc1ccc(C2CCCN2C(=O)C2CCC2)c(OC)c1,3.1674000000000015,O=C(C1CCC1)N1CCCC1c1cccc(C(F)(F)F)c1,True,4.169000000000003,1.0016000000000016,0.4727272727272727,False,True
3.0,bin,18,0.9854800075292588,0.83024001121521,1.1407200038433076,540312,Cc1nn(C)c2nc(C3CC3)cc(C(=O)NCC(=O)NC(C)(C)C)c12,1.7986199999999997,Cc1nn(C)c2nc(C3CC3)cc(C(=O)NC(C)(C)C)c12,True,2.6824200000000005,0.8838000000000008,0.7884615384615384,False,True
3.0,bin,18,0.9854800075292588,0.83024001121521,1.1407200038433076,544381,Cc1nc(N2CCCC(C(=O)NC(C)C)C2)c2c(C)c(C)oc2n1,2.8890600000000006,CCCCOC1CCCN(c2nc(C)nc3oc(C)c(C)c23)C1,True,3.9335600000000035,1.0445000000000029,0.5238095238095238,False,True
3.0,bin,18,0.9854800075292588,0.83024001121521,1.1407200038433076,544382,CCCNC(=O)C1CCCN(c2nc(C)nc3oc(C)c(C)c23)C1,2.8906600000000013,CC1=NC2C(C)=C(C)OC(=N1)C=C1C(C(F)F)CC(C)CN12,True,3.5741000000000023,0.6834400000000009,0.11764705882352941,False,True
3.0,bin,18,0.9854800075292588,0.83024001121521,1.1407200038433076,550049,Cc1ccc(C)c(OCC(=O)Nc2cccc(-n3cnnc3)c2)c1,2.9016400000000013,CC=NN=C1NC2C1=CC=CCNC(=O)C1OC=C(C(C)C)C(C)=C21,True,2.2299999999999995,-0.6716400000000018,0.05263157894736842,False,True
3.0,bin,18,0.9854800075292588,0.83024001121521,1.1407200038433076,573533,Cc1nn(-c2ncc(C(F)(F)F)cc2Cl)c(=O)o1,2.2011199999999995,CCC(C)C=NN(Cl)c1ccc(C(F)(F)F)cn1,True,4.092500000000003,1.8913800000000034,0.2222222222222222,False,True
3.0,bin,18,0.9854800075292588,0.83024001121521,1.1407200038433076,582555,O=C(NCC(O)c1ccccc1)c1ccc2c(=O)n3c(nc2c1)CCC3,1.8061000000000003,C#CC=CC=CC1CC(C)CN(C)C(=O)c2ccc3c(=O)n1c(C)nc3c2,True,3.1034200000000016,1.2973200000000014,0.18888888888888888,False,True
3.0,bin,18,0.9854800075292588,0.83024001121521,1.1407200038433076,588547,Cc1n[nH]c(C)c1NC(=O)CCc1ccc(Cl)cc1Cl,3.9046400000000023,CC1=NNC(C)(C)C=C1NC(=O)CC(C)(C)c1ccc(Cl)cc1,True,3.765500000000002,-0.13914000000000026,0.26865671641791045,False,True
3.0,bin,18,0.9854800075292588,0.83024001121521,1.1407200038433076,607673,CCCN(CC1CC1)S(=O)(=O)c1ccccc1F,2.636400000000001,CC(C)CCN(CC1CC1)S(=O)(=O)c1c(F)cccc1Cl,True,3.925900000000003,1.289500000000002,0.5192307692307693,False,True
3.0,bin,18,0.9854800075292588,0.83024001121521,1.1407200038433076,617681,Cc1cc(C(=O)Nc2nc(-c3ccncc3)cs2)nn1C(C)C,3.5432200000000016,CCC(CC)n1nc(C(=O)Nc2nc(-c3ccncc3)cs2)cc1C,True,4.323420000000003,0.7802000000000016,0.7924528301886793,False,True
3.0,bin,18,0.9854800075292588,0.83024001121521,1.1407200038433076,650267,COc1ccc2oc(C(=O)NC3CCCCNC3=O)c(C)c2c1,2.14832,CCC1CCCCNC(=O)Cc2c(oc3ccccc23)C(=O)N1,True,2.7838000000000003,0.6354800000000003,0.2727272727272727,False,True
3.0,bin,18,0.9854800075292588,0.83024001121521,1.1407200038433076,668639,Cc1cc(NC(=O)c2ccccc2Cl)ncc1N,2.8779200000000005,O=C(Nc1ccc(C(F)(F)F)cn1)c1ccccc1Cl,True,4.006100000000001,1.1281800000000004,0.5306122448979592,False,True
3.0,bin,18,0.9854800075292588,0.83024001121521,1.1407200038433076,673160,CCC(=O)Nc1ccc2oc(C(F)(F)F)cc(=O)c2c1,3.160300000000001,O=c1cc(C(F)(F)F)oc2cc(C(F)(F)F)c(Cl)cc12,True,4.484,1.3236999999999988,0.42,False,True
3.0,bin,18,0.9854800075292588,0.83024001121521,1.1407200038433076,711169,Cc1cccc(C(C)C)c1NC(=O)N(C)Cc1ccncc1,4.177320000000003,Cc1cc(C(C)C)cc(C(C)C)c1NC(=O)N(C)C(C)c1ccncc1,True,5.861720000000005,1.6844000000000028,0.47368421052631576,False,True
3.0,bin,18,0.9854800075292588,0.83024001121521,1.1407200038433076,720969,Cc1noc(C)c1CCC(=O)OCC(=O)N1c2ccccc2CC1C,2.7450400000000013,CCN1CC=CC=C(CC(=O)N2c3ccccc3CC2C)CCC(C)(C)C1=O,True,4.505400000000004,1.760360000000003,0.3333333333333333,False,True
3.0,bin,18,0.9854800075292588,0.83024001121521,1.1407200038433076,730789,COC(=O)C1CCN(C(=O)c2cc3ccc(F)cc3nc2C)CC1,2.7075200000000006,Cc1nc2cc(F)ccc2cc1C(=O)N1CC(C)CC(C)C1,True,3.8004200000000026,1.092900000000002,0.6111111111111112,False,True
3.0,bin,18,0.9854800075292588,0.83024001121521,1.1407200038433076,738178,Cc1ccc(-n2ccnc2SCc2nc(C3CC3)no2)cc1C,4.041840000000003,CC(C)(C)Cl,True,2.0237,-2.0181400000000034,0.019230769230769232,False,True
3.0,bin,18,0.9854800075292588,0.83024001121521,1.1407200038433076,771897,COc1ccccc1OCC(=O)N(C)Cc1sccc1C,3.102520000000002,CC=CSCCN(C)C(=O)C1OC2=CC1=CCC2,True,2.714500000000001,-0.3880200000000009,0.13157894736842105,False,True
3.0,bin,18,0.9854800075292588,0.83024001121521,1.1407200038433076,811446,COC(=O)C1(NC(=O)c2cc(Br)c[nH]2)CCCCCC1,2.7730000000000006,CCC1(NC(=O)c2cc(Br)c[nH]2)CCCCCC1,True,4.010000000000003,1.2370000000000028,0.6304347826086957,False,True
3.0,bin,18,0.9854800075292588,0.83024001121521,1.1407200038433076,848291,CCC(C)NC(=O)NCc1noc(-c2cccs2)n1,2.3958000000000004,CCC(CC)CC(=O)NCc1noc(-c2cccs2)n1,True,3.2406000000000015,0.8448000000000011,0.6851851851851852,False,True
3.0,bin,18,0.9854800075292588,0.83024001121521,1.1407200038433076,863440,COc1ccc(-c2nc(CCCO)cs2)cc1OC,2.752200000000001,OCCCCc1csc(-c2cccc(C(F)(F)F)c2)n1,True,4.143900000000002,1.391700000000001,0.5,False,True
3.0,bin,18,0.9854800075292588,0.83024001121521,1.1407200038433076,864663,N#Cc1ccc(-c2cc(F)ccc2F)nc1N1CCCC1,3.498680000000002,N#Cc1cc(-c2cccc(C(F)(F)F)n2)ccc1N1CCCC1,True,4.239280000000003,0.7406000000000006,0.3559322033898305,False,True
3.0,bin,18,0.9854800075292588,0.83024001121521,1.1407200038433076,872100,CCc1cccc(C)c1NCC(O)c1ccc2c(c1)OCCO2,3.474120000000002,CC(C)c1c(Cl)cccc1NCCc1ccc2c(c1)OCCO2,True,4.889200000000004,1.4150800000000023,0.3181818181818182,False,True
3.0,bin,18,0.9854800075292588,0.83024001121521,1.1407200038433076,886334,COc1ccc(C(=O)N2CCCC(C(=O)N3CCCCC3)C2)c(O)c1,2.2655000000000003,Cc1cc(C)cc(C(=O)N2CCCC(C(=O)N3CCCCC3)C2)c1,True,3.168140000000002,0.9026400000000017,0.5294117647058824,False,True
3.0,bin,18,0.9854800075292588,0.83024001121521,1.1407200038433076,887387,COCCNC(=O)N(Cc1cccc(F)c1)CC1CCCO1,2.1627,CCCNC(=O)N(Cc1cccc(Cl)c1)CC1CCCO1,True,3.4406000000000025,1.2779000000000025,0.6451612903225806,False,True
3.0,bin,18,0.9854800075292588,0.83024001121521,1.1407200038433076,889149,N#Cc1ccc(NC(=O)c2ccc(Br)cc2Cl)nc1,3.621480000000001,O=C(Nc1cc(C(F)(F)F)ccn1)c1cc(C(F)(F)F)ccc1Cl,True,5.0249000000000015,1.4034200000000006,0.3220338983050847,False,True
3.0,bin,18,0.9854800075292588,0.83024001121521,1.1407200038433076,913483,O=C(CNC(=O)NCCc1c(Cl)cccc1Cl)NC1CC1,2.1137000000000006,CCCCC(C)(NC(=O)NCCc1cc(F)ccc1Cl)C1CC1,True,4.679700000000004,2.5660000000000034,0.29411764705882354,False,True
3.0,bin,18,0.9854800075292588,0.83024001121521,1.1407200038433076,917620,C=CCN(Cc1ccccc1OC)C(=O)c1csc(C)n1,3.288520000000002,CCCCN(Cc1ccccc1Cl)C(=O)c1csc(C)n1,True,4.547420000000004,1.2589000000000024,0.5,False,True
3.0,bin,18,0.9854800075292588,0.83024001121521,1.1407200038433076,918312,CCOc1ccc(Cl)c(C(=O)N2CCN(c3ncccn3)CC2)n1,1.8860999999999997,CC(C)(C)c1ncc(Cl)c(C(=O)N2CCN(c3ncccn3)CC2)n1,True,2.1799,0.2938000000000003,0.5636363636363636,False,True
3.0,bin,18,0.9854800075292588,0.83024001121521,1.1407200038433076,922879,CC(=O)c1ccc(N2CCN(Cc3c(F)cccc3F)CC2)cc1,3.489600000000003,Clc1ccc(CN2CCN(c3c(Cl)cccc3Cl)CC2)cc1,True,4.969000000000004,1.479400000000001,0.29411764705882354,False,True
3.0,bin,18,0.9854800075292588,0.83024001121521,1.1407200038433076,927535,COc1cc(CN2CCN(c3ccccc3F)CC2)ccc1O,2.862100000000002,Fc1ccccc1N1CCN(Cc2cccc(Cl)c2)CC1,True,3.801300000000003,0.9392000000000009,0.56,False,True
3.0,bin,18,0.9854800075292588,0.83024001121521,1.1407200038433076,927567,Cc1ccccc1N1CCN(Cc2cccc(O)c2)CC1,3.022820000000001,Fc1ccccc1N1CCN(Cc2cccc(C(F)(F)F)c2)CC1,True,4.166700000000004,1.143880000000003,0.48,False,True
3.0,bin,18,0.9854800075292588,0.83024001121521,1.1407200038433076,938108,CC(c1ccccc1)N(C)C(=O)CCC(=O)Nc1nccs1,3.0814000000000012,CCC(C)C(c1ccccc1)N(C)C(=O)CCC(=O)Nc1nccs1,True,4.107600000000002,1.0262000000000011,0.7547169811320755,False,True
3.0,bin,18,0.9854800075292588,0.83024001121521,1.1407200038433076,943303,CN(CCCOc1ccccc1)C(=O)Nc1cccc2c1OCCO2,3.390600000000002,CC(C)(C)c1cccc(OCCCNC(=O)Nc2ccc3cc2OCC3)c1,True,4.509600000000003,1.1190000000000015,0.3466666666666667,False,True
3.0,bin,18,0.9854800075292588,0.83024001121521,1.1407200038433076,946289,CC(NC(=O)C1(c2cc(-c3ccco3)on2)CC1)c1ccccc1,3.843600000000002,C#CC=CC=CC(CC(C)C)NC(=O)C1(c2cc(-c3ccco3)on2)CC1,True,4.242700000000004,0.39910000000000156,0.5735294117647058,False,True
3.0,bin,18,0.9854800075292588,0.83024001121521,1.1407200038433076,994077,Cc1nnc(Cn2c(-c3cccc(Br)c3)noc2=O)o1,2.0055199999999997,CC(C)Sc1cccc(-c2noc(=O)n2Cc2nnc(C(C)C)o2)c1,True,3.558500000000002,1.5529800000000025,0.55,False,True
3.0,bin,18,0.9854800075292588,0.83024001121521,1.1407200038433076,1065620,O=C(NCc1cccnc1Oc1ccccc1)c1cccnc1,3.198900000000002,CC(C)N(Cc1cccnc1)C(=O)c1cccnc1Oc1ccccc1,True,4.319700000000004,1.1208000000000018,0.43548387096774194,False,True
3.0,bin,18,0.9854800075292588,0.83024001121521,1.1407200038433076,1093926,CN(C(=O)CNc1cccc(OCC2CCCO2)c1)c1ccccc1,3.319300000000002,CC(C)c1ccccc1NC(=O)CNc1cccc(OCC2CCCO2)c1,True,4.418400000000003,1.0991000000000009,0.6119402985074627,False,True
3.0,bin,18,0.9854800075292588,0.83024001121521,1.1407200038433076,1107920,CCc1ccc(-n2cc(C(=O)NC(C)c3ccccc3)nn2)cc1,3.320700000000002,Cc1ccc(NC=C2N=NC(C)NC2=O)cc1C(F)(F)F,True,3.195120000000001,-0.12558000000000114,0.08641975308641975,False,True
3.0,bin,18,0.9854800075292588,0.83024001121521,1.1407200038433076,1113130,CC(NC(=O)Cn1nnnc1C(C)(C)C)c1cccc2ccccc12,3.0012000000000016,CC(Cc1cccc2ccccc12)NC(=O)Cn1nnnc1C(C)C(C)C,True,3.3332000000000015,0.33199999999999985,0.5161290322580645,False,True
3.0,bin,18,0.9854800075292588,0.83024001121521,1.1407200038433076,1121751,COC(=O)Cn1ccc(NS(=O)(=O)c2ccc(F)c(F)c2F)n1,1.2742,COCNC1=CC(NS(=O)(=O)c2cccc(Br)c2)C=N1,True,1.2152999999999998,-0.058900000000000174,0.17105263157894737,False,True
3.0,bin,18,0.9854800075292588,0.83024001121521,1.1407200038433076,1142531,CCOC(C)C(=O)NCCc1csc(-c2ccc(C)cc2)n1,3.2022200000000014,CC(C)(C)CC(=O)NCCc1csc(-c2ccc(F)cc2)n1,True,4.044100000000003,0.8418800000000015,0.48333333333333334,False,True
3.0,bin,18,0.9854800075292588,0.83024001121521,1.1407200038433076,1212157,CN(Cc1ccc(F)c(F)c1)C(=O)c1cncc(-c2cnn(C)c2)c1,3.0325000000000015,CC(C)n1cc(-c2ccc(CN(C)C(=O)c3cncc(F)c3)cc2)cn1,True,3.9373000000000022,0.9048000000000007,0.5396825396825397,False,True
3.0,bin,18,0.9854800075292588,0.83024001121521,1.1407200038433076,1215394,CCn1nc(C)cc1C(=O)Oc1cccc(NC(=O)C(C)C)c1,3.025120000000001,CCC=C(C(=O)OC=C1C=CC(N(CC)C(=O)CC)C=C1Cl)N1C=N1,True,3.2859000000000025,0.26078000000000134,0.13953488372093023,False,True
3.0,bin,18,0.9854800075292588,0.83024001121521,1.1407200038433076,1232922,CC(C)(C)OC(=O)NC1CCCN(S(=O)(=O)N2CCOCC2)C1,0.5525000000000011,CCC1CCCCN1S(=O)(=O)N1CCOCC1,True,0.8279000000000001,0.275399999999999,0.34545454545454546,False,False
3.0,bin,18,0.9854800075292588,0.83024001121521,1.1407200038433076,1238973,FC(F)(F)c1cnc(N2CCn3c(nnc3C3CC3)C2)c(Cl)c1,3.2429000000000023,CC(=NC1=CC2c3nnc(C4CC4)n3CCN12)C(Cl)=C(C)SC(C)C,True,4.440000000000004,1.1971000000000016,0.23684210526315788,False,True
3.0,bin,18,0.9854800075292588,0.83024001121521,1.1407200038433076,1299495,Cc1cc(CC(=O)N2CCCC2C(C#N)c2ccccc2)no1,2.823900000000001,CCSc1cc(CC(=O)N2CCCC2C(C#N)c2ccccc2)no1,True,3.627480000000002,0.8035800000000011,0.7540983606557377,False,True
3.0,bin,18,0.9854800075292588,0.83024001121521,1.1407200038433076,1309906,CC(C)CC(NC(=O)c1cc(=O)c2ccccc2o1)C(=O)OC(C)C,2.8891000000000018,CCCCCC(C)NC(=O)c1cc(=O)c2ccccc2o1,True,3.491600000000002,0.6025,0.5535714285714286,False,True
3.0,bin,18,0.9854800075292588,0.83024001121521,1.1407200038433076,1362816,COCc1cccc(C(=O)NC2CC2c2cccc(Cl)c2)c1,3.772300000000002,O=C(NC1CC1c1ccc(Cl)c(Cl)c1)c1c(F)cccc1Cl,True,5.071800000000002,1.2995,0.4032258064516129,False,True
3.0,bin,18,0.9854800075292588,0.83024001121521,1.1407200038433076,1441838,COCC(=O)NC(C(=O)Nc1cccc(-c2nccs2)c1)C(C)C,2.5358,CCC(C)N(C)C(=O)c1cccc(-c2nccs2)c1,True,3.6806000000000028,1.1448000000000027,0.42424242424242425,False,True
3.0,bin,18,0.9854800075292588,0.83024001121521,1.1407200038433076,1450449,CCCNC(=O)CSc1nc2c(cc1C#N)CCCC2,2.450380000000001,CCC(C)C(=O)CSc1nc2c(cc1C(C)=O)CCCC2,True,3.870300000000003,1.419920000000002,0.4426229508196721,False,True
3.0,bin,18,0.9854800075292588,0.83024001121521,1.1407200038433076,1451910,O=S(=O)(NCc1nnc2ccccn12)c1ccc(F)c(F)c1,1.4859999999999995,CC(C)Sc1ccccc1S(=O)(=O)NCc1nnc2ccccn12,True,2.7083000000000004,1.2223000000000008,0.5263157894736842,False,True
3.0,bin,18,0.9854800075292588,0.83024001121521,1.1407200038433076,1479798,Cc1nc(C)c(CCC(=O)N(CC(C)C)CC(F)(F)F)c(=O)[nH]1,2.3662400000000003,CCCCCC(C)C(=O)CCc1c(C)nc(C(C)C)[nH]c1=O,True,3.9198200000000023,1.553580000000002,0.36507936507936506,False,True
3.0,bin,18,0.9854800075292588,0.83024001121521,1.1407200038433076,1507926,COC(=O)C(C)NC(=O)Cc1csc(-c2ccccc2Cl)n1,2.6837,CC(C#N)CN(C)C(=O)Cc1csc(-c2ccccc2Cl)n1,True,3.624080000000003,0.9403800000000029,0.5245901639344263,False,True
3.0,bin,18,0.9854800075292588,0.83024001121521,1.1407200038433076,1527882,Nc1ncccc1C(=O)Nc1ccc2cn[nH]c2c1,1.7923999999999998,CC=CC1NN=Cc2ccc(NC(=O)c3cccnc3)cc21,True,2.888200000000001,1.0958000000000014,0.2777777777777778,False,True
3.0,bin,18,0.9854800075292588,0.83024001121521,1.1407200038433076,1532848,COc1ccc(-c2ccc3c(=O)[nH]cnc3c2)cc1Cl,3.2521000000000013,O=c1[nH]cnc2cc(-c3cccc(C(F)(F)F)c3)c(Cl)cc12,True,4.262300000000001,1.0101999999999993,0.40350877192982454,False,True
3.0,bin,18,0.9854800075292588,0.83024001121521,1.1407200038433076,1548351,COc1cc(OC)c2c(c1)C(c1cnccn1)NCC2,1.7288999999999999,FC(F)(F)COc1cccc2c1C(c1cnccn1)NCC2,True,2.6528,0.9239000000000002,0.4166666666666667,False,True
3.0,bin,18,0.9854800075292588,0.83024001121521,1.1407200038433076,1570134,COc1cccc(C(C)N2CCN(C(=O)c3ccc(O)cc3)CC2)c1,2.9198000000000013,CC=CC=C(CF)C(C)N1CCN(C(=O)c2ccc(F)c(F)c2)CC1,True,3.5831000000000026,0.6633000000000013,0.3283582089552239,False,True
3.0,bin,18,0.9854800075292588,0.83024001121521,1.1407200038433076,1611406,CC(C)(C)N1CC(NC(=O)C2COc3ccc(F)cc3C2)CC1=O,1.8923999999999994,CC(C)(C)CCN1CC(NC(=O)C2COc3ccc(Cl)cc3C2)CC1=O,True,3.0444000000000013,1.152000000000002,0.5671641791044776,False,True
3.0,bin,18,0.9854800075292588,0.83024001121521,1.1407200038433076,1612684,CCCC1CN(C(=O)Nc2ccn(CCC(C)C)n2)CCO1,2.9620000000000015,CCC(CC)Cn1nc(NC(=O)N2CCOC(C(C)(C)C)C2)cc1C,True,3.906520000000003,0.9445200000000016,0.410958904109589,False,True
3.0,bin,18,0.9854800075292588,0.83024001121521,1.1407200038433076,1639675,CCC(CC)c1nnc(NC(=O)c2scnc2C2CC2)s1,4.0279000000000025,CC(C)C(S)=NN=CNC(=O)C1(N)CC2CC(=C2C2CC2C(C)C)S1,True,3.388200000000002,-0.6397000000000004,0.1411764705882353,False,True
3.0,bin,18,0.9854800075292588,0.83024001121521,1.1407200038433076,1675660,COc1ccnc(NC(=O)c2cccc(Cl)c2)c1,2.9959000000000007,O=C(Nc1ccc(C(F)(F)F)cn1)c1ccc(Cl)cc1,True,4.006100000000002,1.010200000000001,0.3333333333333333,False,True
3.0,bin,18,0.9854800075292588,0.83024001121521,1.1407200038433076,1689728,CCc1noc(CSc2ncnc3sc(C)cc23)n1,3.237420000000002,CC(=O)c1noc(CSC23N=C(C(C)C)N=CSCC2=C3C)n1,True,3.3614000000000024,0.12398000000000042,0.21794871794871795,False,True
3.0,bin,18,0.9854800075292588,0.83024001121521,1.1407200038433076,1720876,CC(C)(C)CC(=O)NCC(=O)Nc1ccc2c(c1)COC2,2.2077,O=C(F)CCCOCC(F)F,True,1.5444,-0.6633,0.06896551724137931,False,True
3.0,bin,18,0.9854800075292588,0.83024001121521,1.1407200038433076,1757109,CC(C)Cc1ncc(CNc2ccc3c(c2)COC3)s1,3.983900000000003,CC(C)Cc1nc(C(C)C)c(CNc2ccc3c(c2)COC3)s1,True,5.107300000000005,1.123400000000002,0.6415094339622641,False,True
3.0,bin,18,0.9854800075292588,0.83024001121521,1.1407200038433076,1774061,O=C1NCCCc2[nH]c(-c3cccc4[nH]ccc34)nc21,2.234,CCCc1[nH]c(-c2cccc3[nH]ccc23)nc1C(=O)NCC(C)C,True,3.896300000000002,1.6623000000000019,0.36764705882352944,False,True
3.0,bin,18,0.9854800075292588,0.83024001121521,1.1407200038433076,1800687,Cc1nn(C)c(-c2nc(-c3cccnn3)no2)c1Cl,1.8889199999999997,CCCn1nc(C)c(Cl)c1-c1nc(-c2cccnn2)no1,True,2.761920000000001,0.8730000000000011,0.74,False,True
3.0,bin,18,0.9854800075292588,0.83024001121521,1.1407200038433076,1815867,FC(F)(F)c1ccc(CN2CCOCC2c2ncon2)cc1,2.661900000000001,ClC1CCC(CN2CCOCC2c2ncon2)=CC=CS1,True,2.9749000000000017,0.3130000000000006,0.5079365079365079,False,True
3.0,bin,18,0.9854800075292588,0.83024001121521,1.1407200038433076,1828580,Cc1ccc(N2CC3OCC(=O)N(Cc4cccc(F)c4)C3C2)nn1,1.54032,CC(C)(C)C=CC=C(N=N)N1CC2OCC(=O)N(Cc3ccccc3)C2C1,True,3.5728700000000027,2.0325500000000027,0.3670886075949367,False,True
3.0,bin,18,0.9854800075292588,0.83024001121521,1.1407200038433076,1836183,CCc1ccc(C(=O)NCc2nccc(N(C)C)n2)cc1,2.035,CC(C)c1ccc(C(=O)NCc2nccc(C(F)(F)F)n2)cc1,True,3.5488000000000017,1.5138000000000016,0.4909090909090909,False,True
3.0,bin,18,0.9854800075292588,0.83024001121521,1.1407200038433076,1842499,COc1ccccc1COc1ccccc1-c1cnn(CCO)c1,3.1300000000000017,FC(F)Cn1cc(-c2ccccc2OCc2ccccc2)cn1,True,4.394200000000003,1.2642000000000015,0.4909090909090909,False,True
3.0,bin,18,0.9854800075292588,0.83024001121521,1.1407200038433076,1865564,COC(CNC(=O)c1ccoc1)c1cccc(F)c1,2.536200000000001,O=C(NCCc1ccc(Cl)c(C(F)(F)F)c1)c1ccoc1,True,3.9243000000000023,1.3881000000000014,0.359375,False,True
3.0,bin,18,0.9854800075292588,0.83024001121521,1.1407200038433076,1868773,CCCOc1ccc(Cl)c2c1CCNC2C1CC(=O)C1,3.2947000000000015,O=C1CC(C2NCCc3c2ccc(Cl)c3CCCC(F)(F)F)C1,True,4.390900000000004,1.0962000000000023,0.42857142857142855,False,True
3.0,bin,18,0.9854800075292588,0.83024001121521,1.1407200038433076,1873123,CCC1OC(=O)c2c(OC)ccc(Br)c21,3.079200000000002,CCCCC1OC(=O)c2c(Br)cc(OCC)cc21,True,4.249500000000004,1.170300000000002,0.38461538461538464,False,True
3.0,bin,18,0.9854800075292588,0.83024001121521,1.1407200038433076,1875028,Cc1cccc(C)c1NCC(=O)N1CCCC2CCCCC21,3.8965400000000034,CCC(C)c1cccc(C)c1NC(C)C(=O)NCC1CCCCC1,True,5.0054200000000035,1.10888,0.328125,False,True
3.0,bin,18,0.9854800075292588,0.83024001121521,1.1407200038433076,1895921,CCC(CC)N(C)C(=O)CC1OC(=O)c2ccccc21,2.935200000000002,CC(C)CCCC(C)NC(=O)CC1OC(=O)c2ccccc21,True,3.619200000000002,0.6840000000000002,0.48148148148148145,False,True
3.0,bin,18,0.9854800075292588,0.83024001121521,1.1407200038433076,1907077,Cc1ccc2[nH]nc(C(=O)Nc3nc(-c4ccco4)cs3)c2c1,3.8401200000000015,CC(C)Cl,True,1.6336,-2.2065200000000016,0.01818181818181818,False,True
3.0,bin,18,0.9854800075292588,0.83024001121521,1.1407200038433076,1913063,Cc1nn(C)c(C)c1CN(C(=O)c1cn2cccc(C)c2n1)C1CC1,2.797860000000001,Cc1cccn2cc(C(=O)N(CC=CNCC(C)(C)C)C3CC3)nc12,True,3.396720000000002,0.5988600000000011,0.5507246376811594,False,True
3.0,bin,18,0.9854800075292588,0.83024001121521,1.1407200038433076,1922265,CN(CCNC(=O)c1ccc2c(c1)ncn2C)c1ccccc1,2.4395000000000007,CCn1cnc2cc(C(=O)NCCN(C)Cc3ccc(F)cc3)ccc21,True,3.057100000000001,0.6176000000000004,0.48484848484848486,False,True
3.0,bin,19,1.2959600001573564,1.1407200038433076,inf,32052,COc1ccccc1CNC(=O)Cc1c[nH]c2ccccc12,3.035400000000001,CC(C)C(NC(=O)Cc1c[nH]c2ccccc12)c1cc(F)ccc1F,True,4.502100000000003,1.4667000000000021,0.4666666666666667,False,True
3.0,bin,19,1.2959600001573564,1.1407200038433076,inf,116747,COCCSc1ccccc1C(=O)Nc1cccc(C)n1,3.3808200000000017,CC=CC=CC(Cl)NC(=O)c1cc(Cl)cc(Cl)c1Cl,True,5.073800000000002,1.6929800000000004,0.12857142857142856,False,True
3.0,bin,19,1.2959600001573564,1.1407200038433076,inf,131060,CS(=O)(=O)NCCc1csc(-c2ccc(F)cc2)n1,2.0408999999999997,O=C(NCCc1csc(-c2ccc(Cl)cc2)n1)C(F)(F)F,True,3.6845000000000008,1.643600000000001,0.46296296296296297,False,True
3.0,bin,19,1.2959600001573564,1.1407200038433076,inf,131949,CCc1c(C)nc(SCC(=O)NC(C)C)[nH]c1=O,1.25742,CCCCCCSc1nc(C)c(C)c(=O)[nH]1,True,3.059140000000001,1.801720000000001,0.36538461538461536,False,True
3.0,bin,19,1.2959600001573564,1.1407200038433076,inf,158879,COc1ccc(CC(=O)OCC(=O)c2c[nH]c3ccccc23)cc1,3.145100000000001,CC(C)Cl,True,1.6336,-1.5115000000000012,0.02127659574468085,False,True
3.0,bin,19,1.2959600001573564,1.1407200038433076,inf,232056,COCCNC(=O)c1cc(=O)c2cc(C)ccc2o1,1.4776199999999993,CCC(C)N(CC)C(=O)c1cc(=O)c2cc(C)ccc2o1,True,3.362020000000002,1.8844000000000027,0.5094339622641509,False,True
3.0,bin,19,1.2959600001573564,1.1407200038433076,inf,235788,O=C(Cn1nc(-c2ccco2)oc1=O)NCC(F)(F)F,0.7747999999999999,CCCCCC(C)NC(=O)Cn1nc(-c2ccco2)oc1=O,True,2.1813000000000002,1.4065000000000003,0.5666666666666667,False,True
3.0,bin,19,1.2959600001573564,1.1407200038433076,inf,236081,CC(=O)c1c(C)[nH]c(C(=O)CSc2nc(C(C)C)n[nH]2)c1C,3.0506400000000014,Cc1[nH]c(C(=O)C(CSc2ncn[nH]2)C(C)C)c(C)c1Br,True,3.7593400000000026,0.7087000000000012,0.29411764705882354,False,True
3.0,bin,19,1.2959600001573564,1.1407200038433076,inf,281081,O=C(Cn1cccn1)NCc1cccnc1Oc1ccc(F)cc1F,2.665000000000001,C=C1CCC(C)C=CC=C1Oc1ncccc1CN(C)C(=O)Cn1cccn1,True,3.7417000000000025,1.0767000000000015,0.37349397590361444,False,True
3.0,bin,19,1.2959600001573564,1.1407200038433076,inf,284170,COc1ccc(-c2nc(CC(=O)Nc3cccc(C)n3)cs2)cc1,3.7033200000000024,CC(C)(C)c1cccnc1NC(=O)Cc1csc(-c2ccc(F)cc2)n1,True,4.822900000000004,1.1195800000000018,0.44776119402985076,False,True
3.0,bin,19,1.2959600001573564,1.1407200038433076,inf,288369,Cc1ccc(NCc2nnc3n2CCCCC3)cc1C,3.2334400000000016,CC(Cl)(Cl)Sc1ccc(NCc2nnc3n2CCCCC3)cc1,True,4.860000000000004,1.6265600000000022,0.6037735849056604,False,True
3.0,bin,19,1.2959600001573564,1.1407200038433076,inf,302889,COc1ccc(OC)c(NC(=O)CCNC(=O)c2cccs2)c1,2.5239000000000003,O=C(CCNC(=O)c1cccs1)Nc1cccc(C(F)(F)F)c1F,True,3.664600000000002,1.1407000000000016,0.5344827586206896,False,True
3.0,bin,19,1.2959600001573564,1.1407200038433076,inf,327141,COc1ccc(OC)c(S(=O)(=O)Nc2ccn(C)n2)c1,1.2381,CC(C)n1ccc(NS(=O)(=O)c2cccc(Cl)c2)n1,True,2.9182000000000006,1.6801000000000006,0.3220338983050847,False,True
3.0,bin,19,1.2959600001573564,1.1407200038433076,inf,327382,CNC(=O)C1CN(C(=O)c2c(C)noc2C)c2ccccc2O1,1.4452399999999996,Cc1ccc2c(c1)N(C(=O)c1c(C)noc1C(C)C)CC(C)O2,True,3.8425400000000023,2.3973000000000027,0.42424242424242425,False,True
3.0,bin,19,1.2959600001573564,1.1407200038433076,inf,406491,COCCNC(=O)C1CCCN(S(=O)(=O)N2CCOCC2)C1,-0.9619999999999964,CCCN(CC)C(=O)C1CCCN(S(=O)(=O)N2CCOCC2)C1,True,0.5339000000000016,1.495899999999998,0.5263157894736842,False,True
3.0,bin,19,1.2959600001573564,1.1407200038433076,inf,413951,O=C(Cn1ncn2cccc2c1=O)N1CCCCCC1,0.8985999999999996,CC(C)SC=C1C=CN2C(=O)C(CC(=O)N3CCCCCC3)=NC12,True,2.941200000000001,2.0426000000000015,0.2571428571428571,False,True
3.0,bin,19,1.2959600001573564,1.1407200038433076,inf,427929,CCNc1nc(NCc2ccccc2Cl)c2cnn(C)c2n1,3.060600000000001,CCC(C)Sc1nc(NCc2ccc(Cl)cc2)c2cnn(C)c2n1,True,4.5194000000000045,1.4588000000000036,0.4375,False,True
3.0,bin,19,1.2959600001573564,1.1407200038433076,inf,447130,CCC(NC(=O)C1CCN(C(=O)C2CC2)CC1)c1ccc(C)cc1,3.2109200000000016,CC=CC=CCNC(=O)CCC1NC(C=C(Cl)C(C)C)CCC1C,True,4.550500000000004,1.3395800000000024,0.125,False,True
3.0,bin,19,1.2959600001573564,1.1407200038433076,inf,481908,CCNS(=O)(=O)c1ccc(C)c(C(=O)Nc2ncccc2C)c1,2.24894,Cc1ccc(Br)cc1C(=O)Nc1ncccc1C,True,3.7132400000000017,1.4643000000000015,0.6,False,True
3.0,bin,19,1.2959600001573564,1.1407200038433076,inf,485220,Cc1nn(CC(=O)N2CCN(C)CC2)c(C)c1Br,1.03644,Cc1nn(CC(C)C)c(Cl)c1C(=O)N1CCN(C(F)(F)F)CC1,True,2.778520000000001,1.7420800000000012,0.288135593220339,False,True
3.0,bin,19,1.2959600001573564,1.1407200038433076,inf,526363,Cc1nnc(SCC(=O)Nc2ccc(O)cc2)n(N)c1=O,0.09692,C=CCn1c(SCC(=O)Nc2ccccc2C)nnc(C)c1=O,True,2.17194,2.0750200000000003,0.47540983606557374,False,True
3.0,bin,19,1.2959600001573564,1.1407200038433076,inf,536853,COc1ccc(C2CCCN2C(=O)C2CCC2)c(OC)c1,3.1674000000000015,O=C(C1CCC1)N1CCCC1c1cc(C(F)(F)F)ccc1Cl,True,4.822400000000004,1.655000000000002,0.48214285714285715,False,True
3.0,bin,19,1.2959600001573564,1.1407200038433076,inf,540312,Cc1nn(C)c2nc(C3CC3)cc(C(=O)NCC(=O)NC(C)(C)C)c12,1.7986199999999997,C=CC(C)N(C)C(=O)c1ccnn(CC(C)C)cnc(C2CC2)c1,True,3.5824000000000025,1.7837800000000028,0.21428571428571427,False,True
3.0,bin,19,1.2959600001573564,1.1407200038433076,inf,544381,Cc1nc(N2CCCC(C(=O)NC(C)C)C2)c2c(C)c(C)oc2n1,2.8890600000000006,CCOc1nc(C(F)(F)F)nc(N2CCCC(C(F)(F)F)C2)c1C,True,3.981220000000003,1.0921600000000025,0.24324324324324326,False,True
3.0,bin,19,1.2959600001573564,1.1407200038433076,inf,544382,CCCNC(=O)C1CCCN(c2nc(C)nc3oc(C)c(C)c23)C1,2.8906600000000013,Cc1nc(N2CCCCCC(C)CC2)c2c(C)c(C)oc2n1,True,4.554660000000005,1.6640000000000033,0.4918032786885246,False,True
3.0,bin,19,1.2959600001573564,1.1407200038433076,inf,550049,Cc1ccc(C)c(OCC(=O)Nc2cccc(-n3cnnc3)c2)c1,2.9016400000000013,C=Cn1cnnc1CC1=CC(C)=CC(C(C)C)=CN1C(=O)COC=CC=CC=CC,True,4.796000000000005,1.8943600000000034,0.16666666666666666,False,True
3.0,bin,19,1.2959600001573564,1.1407200038433076,inf,573533,Cc1nn(-c2ncc(C(F)(F)F)cc2Cl)c(=O)o1,2.2011199999999995,CC(C)SC=NN(Cl)c1ccc(C(F)(F)F)cn1,True,4.145500000000002,1.9443800000000024,0.22580645161290322,False,True
3.0,bin,19,1.2959600001573564,1.1407200038433076,inf,582555,O=C(NCC(O)c1ccccc1)c1ccc2c(=O)n3c(nc2c1)CCC3,1.8061000000000003,C=C(C)CNC(=O)c1ccc2c(=O)[nH]c(CCC)nc2c1,True,2.1814999999999998,0.3753999999999995,0.30666666666666664,False,True
3.0,bin,19,1.2959600001573564,1.1407200038433076,inf,588547,Cc1n[nH]c(C)c1NC(=O)CCc1ccc(Cl)cc1Cl,3.9046400000000023,CCCCC1(CC)CC=CC=C(Cl)CCCc2[nH]nc(C)c2NC(=O)C1,True,6.038620000000006,2.1339800000000038,0.17073170731707318,False,True
3.0,bin,19,1.2959600001573564,1.1407200038433076,inf,607673,CCCN(CC1CC1)S(=O)(=O)c1ccccc1F,2.636400000000001,CCCN(CC1CC1)S(=O)(=O)c1cc(C(F)(F)F)c(F)cc1F,True,3.7943000000000033,1.1579000000000024,0.6041666666666666,False,True
3.0,bin,19,1.2959600001573564,1.1407200038433076,inf,617681,Cc1cc(C(=O)Nc2nc(-c3ccncc3)cs2)nn1C(C)C,3.5432200000000016,CCCCC(CC)n1nc(C(=O)Nc2nc(-c3ccncc3)cs2)cc1C,True,5.103620000000005,1.5604000000000031,0.711864406779661,False,True
3.0,bin,19,1.2959600001573564,1.1407200038433076,inf,650267,COc1ccc2oc(C(=O)NC3CCCCNC3=O)c(C)c2c1,2.14832,Cc1c(C(=O)NC2CCCCNC2CC(F)(F)F)oc2ccccc12,True,3.9341200000000027,1.7858000000000027,0.410958904109589,False,True
3.0,bin,19,1.2959600001573564,1.1407200038433076,inf,668639,Cc1cc(NC(=O)c2ccccc2Cl)ncc1N,2.8779200000000005,O=C(Nc1cc(C(F)(F)F)ccn1)c1ccccc1Cl,True,4.006100000000001,1.1281800000000004,0.52,False,True
3.0,bin,19,1.2959600001573564,1.1407200038433076,inf,673160,CCC(=O)Nc1ccc2oc(C(F)(F)F)cc(=O)c2c1,3.160300000000001,CC(C)(C)OC=C(C(=O)c1cc(C(F)(F)F)ccc1O)C(F)(F)F,True,4.855000000000003,1.6947000000000019,0.18181818181818182,False,True
3.0,bin,19,1.2959600001573564,1.1407200038433076,inf,711169,Cc1cccc(C(C)C)c1NC(=O)N(C)Cc1ccncc1,4.177320000000003,CCC1=CC=CC(Cl)=C(NC(=O)N(C)C(C)c2ccncc2)CCCC1,True,5.701000000000005,1.5236800000000024,0.2702702702702703,False,True
3.0,bin,19,1.2959600001573564,1.1407200038433076,inf,720969,Cc1noc(C)c1CCC(=O)OCC(=O)N1c2ccccc2CC1C,2.7450400000000013,Cc1noc(C)c1CCC(=O)OCC(=O)N1c2ccccc2C(C)(C)C1C,True,3.4801400000000022,0.735100000000001,0.6666666666666666,False,True
3.0,bin,19,1.2959600001573564,1.1407200038433076,inf,730789,COC(=O)C1CCN(C(=O)c2cc3ccc(F)cc3nc2C)CC1,2.7075200000000006,CCC1CCCCN1C(=O)c1cc2ccc(F)cc2nc1C,True,4.087020000000003,1.3795000000000028,0.576271186440678,False,True
3.0,bin,19,1.2959600001573564,1.1407200038433076,inf,738178,Cc1ccc(-n2ccnc2SCc2nc(C3CC3)no2)cc1C,4.041840000000003,CC(C)=C(C)Cl,True,2.5390000000000006,-1.5028400000000026,0.018518518518518517,False,True
3.0,bin,19,1.2959600001573564,1.1407200038433076,inf,771897,COc1ccccc1OCC(=O)N(C)Cc1sccc1C,3.102520000000002,CCC(C)(Oc1ccc(C)cc1C)C(=O)N(C)Cc1sccc1C,True,4.879460000000004,1.7769400000000024,0.4262295081967213,False,True
3.0,bin,19,1.2959600001573564,1.1407200038433076,inf,811446,COC(=O)C1(NC(=O)c2cc(Br)c[nH]2)CCCCCC1,2.7730000000000006,CC1CCCCCCC1NC(=O)c1cc(Br)c[nH]1,True,3.8659000000000026,1.092900000000002,0.47058823529411764,False,True
3.0,bin,19,1.2959600001573564,1.1407200038433076,inf,848291,CCC(C)NC(=O)NCc1noc(-c2cccs2)n1,2.3958000000000004,CCC(Cc1noc(-c2cccs2)n1)NC(=O)N(CC)C(C)C,True,3.5591000000000026,1.1633000000000022,0.5645161290322581,False,True
3.0,bin,19,1.2959600001573564,1.1407200038433076,inf,863440,COc1ccc(-c2nc(CCCO)cs2)cc1OC,2.752200000000001,C=C(C)Cc1csc(-c2ccc(OC)c(OC)c2)n1,True,3.9459000000000035,1.1937000000000024,0.6666666666666666,False,True
3.0,bin,19,1.2959600001573564,1.1407200038433076,inf,864663,N#Cc1ccc(-c2cc(F)ccc2F)nc1N1CCCC1,3.498680000000002,Cc1nc(N2CCCC2)ccc1-c1c(Cl)ccc(Cl)c1Cl,True,5.617420000000003,2.1187400000000007,0.22033898305084745,False,True
3.0,bin,19,1.2959600001573564,1.1407200038433076,inf,872100,CCc1cccc(C)c1NCC(O)c1ccc2c(c1)OCCO2,3.474120000000002,CC(C)c1c(Cl)ccc(Cl)c1NCC(O)c1ccc2c(c1)OCCO2,True,5.0335000000000045,1.5593800000000027,0.5636363636363636,False,True
3.0,bin,19,1.2959600001573564,1.1407200038433076,inf,886334,COc1ccc(C(=O)N2CCCC(C(=O)N3CCCCC3)C2)c(O)c1,2.2655000000000003,O=C1CCCCCNC2C1CCCN2C(=O)c1ccc(Cl)c(Cl)c1,True,3.9044000000000025,1.6389000000000022,0.21621621621621623,False,True
3.0,bin,19,1.2959600001573564,1.1407200038433076,inf,887387,COCCNC(=O)N(Cc1cccc(F)c1)CC1CCCO1,2.1627,CC(C)CCC(=O)N(Cc1cccc(F)c1)CC1CCCO1,True,3.7695000000000034,1.6068000000000033,0.6451612903225806,False,False
3.0,bin,19,1.2959600001573564,1.1407200038433076,inf,889149,N#Cc1ccc(NC(=O)c2ccc(Br)cc2Cl)nc1,3.621480000000001,O=C(Nc1cc(C(F)(F)F)ccn1)c1cc(Cl)cc(C(F)(F)F)c1,True,5.0249000000000015,1.4034200000000006,0.25396825396825395,False,True
3.0,bin,19,1.2959600001573564,1.1407200038433076,inf,913483,O=C(CNC(=O)NCCc1c(Cl)cccc1Cl)NC1CC1,2.1137000000000006,CCCCC(C)(NC(=O)NCCc1c(Cl)cccc1Cl)C1CC1,True,5.194000000000004,3.080300000000004,0.48214285714285715,False,True
3.0,bin,19,1.2959600001573564,1.1407200038433076,inf,917620,C=CCN(Cc1ccccc1OC)C(=O)c1csc(C)n1,3.288520000000002,C=C(C)CN(C(=O)c1csc(C)n1)C(C)c1cccc(Cl)c1,True,4.884420000000004,1.595900000000002,0.36231884057971014,False,True
3.0,bin,19,1.2959600001573564,1.1407200038433076,inf,918312,CCOc1ccc(Cl)c(C(=O)N2CCN(c3ncccn3)CC2)n1,1.8860999999999997,CC(C)C(C)NC=CC=C(Cl)C1=NC2CN(c3ncccn3)CCN2C1=O,True,2.1764,0.29030000000000045,0.24050632911392406,False,True
3.0,bin,19,1.2959600001573564,1.1407200038433076,inf,922879,CC(=O)c1ccc(N2CCN(Cc3c(F)cccc3F)CC2)cc1,3.489600000000003,FC(F)(F)c1ccc(N2CCN(Cc3ccc(Cl)cc3)CC2)cc1,True,4.6810000000000045,1.1914000000000016,0.34615384615384615,False,True
3.0,bin,19,1.2959600001573564,1.1407200038433076,inf,927535,COc1cc(CN2CCN(c3ccccc3F)CC2)ccc1O,2.862100000000002,Fc1ccccc1N1CCN(Cc2cc(Cl)ccc2Cl)CC1,True,4.454700000000003,1.5926000000000013,0.46296296296296297,False,True
3.0,bin,19,1.2959600001573564,1.1407200038433076,inf,927567,Cc1ccccc1N1CCN(Cc2cccc(O)c2)CC1,3.022820000000001,Clc1cccc(Cl)c1N1CCN(Cc2ccccc2)CC1,True,4.315600000000003,1.2927800000000023,0.4222222222222222,False,True
3.0,bin,19,1.2959600001573564,1.1407200038433076,inf,938108,CC(c1ccccc1)N(C)C(=O)CCC(=O)Nc1nccs1,3.0814000000000012,CCC(CC)C(NC(=O)CCC(=O)Nc1nc(C)cs1)c1ccccc1,True,4.463920000000003,1.3825200000000022,0.3968253968253968,False,True
3.0,bin,19,1.2959600001573564,1.1407200038433076,inf,943303,CN(CCCOc1ccccc1)C(=O)Nc1cccc2c1OCCO2,3.390600000000002,COc1cc2ccc1NC(=O)N(C)CC1C=CC2C(=CC=CC(C)(C)C)OC1,True,4.944900000000004,1.5543000000000022,0.09574468085106383,False,True
3.0,bin,19,1.2959600001573564,1.1407200038433076,inf,946289,CC(NC(=O)C1(c2cc(-c3ccco3)on2)CC1)c1ccccc1,3.843600000000002,C=CC=CC(CC(C)CC)NC(=O)C1(c2cc(-c3ccco3)on2)CC1,True,4.629400000000004,0.7858000000000018,0.582089552238806,False,True
3.0,bin,19,1.2959600001573564,1.1407200038433076,inf,994077,Cc1nnc(Cn2c(-c3cccc(Br)c3)noc2=O)o1,2.0055199999999997,Cc1nnc(C(C)C)n1CC(C)c1noc(=O)n1-c1cccc(Cl)c1,True,3.305920000000002,1.3004000000000024,0.3188405797101449,False,True
3.0,bin,19,1.2959600001573564,1.1407200038433076,inf,1065620,O=C(NCc1cccnc1Oc1ccccc1)c1cccnc1,3.198900000000002,CC(C)(C)C(NC(=O)c1cccnc1Oc1ccccc1)c1cccnc1,True,4.786100000000004,1.587200000000002,0.45901639344262296,False,True
3.0,bin,19,1.2959600001573564,1.1407200038433076,inf,1093926,CN(C(=O)CNc1cccc(OCC2CCCO2)c1)c1ccccc1,3.319300000000002,CC(Nc1ccccc1C(C)C)C(=O)N(Cc1ccccc1)C1CCCO1,True,4.775700000000004,1.4564000000000021,0.27848101265822783,False,True
3.0,bin,19,1.2959600001573564,1.1407200038433076,inf,1107920,CCc1ccc(-n2cc(C(=O)NC(C)c3ccccc3)nn2)cc1,3.320700000000002,CC(C)CCC(NC(=O)c1cn(-c2ccc(Cl)cc2)nn1)c1ccccc1,True,4.828000000000004,1.5073000000000016,0.5862068965517241,False,True
3.0,bin,19,1.2959600001573564,1.1407200038433076,inf,1113130,CC(NC(=O)Cn1nnnc1C(C)(C)C)c1cccc2ccccc12,3.0012000000000016,CC1N=NN=C2C=CC=CC=CC=C3C=C3C(C)(C)C(CC(=O)N1)C(C)(C)CN2,True,4.424800000000003,1.4236000000000013,0.053763440860215055,False,True
3.0,bin,19,1.2959600001573564,1.1407200038433076,inf,1121751,COC(=O)Cn1ccc(NS(=O)(=O)c2ccc(F)c(F)c2F)n1,1.2742,O=S(=O)(Nc1ccn(C(F)(F)F)n1)c1cc(C(F)(F)F)ccc1F,True,3.3181000000000003,2.0439000000000003,0.4,False,True
3.0,bin,19,1.2959600001573564,1.1407200038433076,inf,1142531,CCOC(C)C(=O)NCCc1csc(-c2ccc(C)cc2)n1,3.2022200000000014,CCCCCC(=O)NCCc1csc(-c2ccc(C)cc2)n1,True,4.357520000000004,1.1553000000000022,0.6363636363636364,False,True
3.0,bin,19,1.2959600001573564,1.1407200038433076,inf,1212157,CN(Cc1ccc(F)c(F)c1)C(=O)c1cncc(-c2cnn(C)c2)c1,3.0325000000000015,C#CC=CC=CC1=C(C(C)CC)N(C)C(=O)C1=CN=CCc1cnn(C)c1,True,3.435100000000002,0.4026000000000005,0.1797752808988764,False,True
3.0,bin,19,1.2959600001573564,1.1407200038433076,inf,1215394,CCn1nc(C)cc1C(=O)Oc1cccc(NC(=O)C(C)C)c1,3.025120000000001,CCCn1nc(C(F)(F)F)cc1C(=O)Oc1cccc(C(C)C)c1,True,4.654500000000003,1.629380000000002,0.417910447761194,False,True
3.0,bin,19,1.2959600001573564,1.1407200038433076,inf,1232922,CC(C)(C)OC(=O)NC1CCCN(S(=O)(=O)N2CCOCC2)C1,0.5525000000000011,CC(C)CCC1CCCN(S(=O)(=O)N2CCOC(C)C2)C1,True,2.1001,1.5475999999999988,0.32786885245901637,False,True
3.0,bin,19,1.2959600001573564,1.1407200038433076,inf,1238973,FC(F)(F)c1cnc(N2CCn3c(nnc3C3CC3)C2)c(Cl)c1,3.2429000000000023,CC(C)(Cl)Sc1cc(Cl)c(NC2Cc3nnc(C4CC4)n3C2)cn1,True,4.307700000000003,1.0648000000000009,0.3333333333333333,False,True
3.0,bin,19,1.2959600001573564,1.1407200038433076,inf,1299495,Cc1cc(CC(=O)N2CCCC2C(C#N)c2ccccc2)no1,2.823900000000001,CCC(C)(C=C(C)ON)C(=O)N1CCCC1Cc1ccccc1Cl,True,4.0839000000000025,1.2600000000000016,0.2261904761904762,False,True
3.0,bin,19,1.2959600001573564,1.1407200038433076,inf,1309906,CC(C)CC(NC(=O)c1cc(=O)c2ccccc2o1)C(=O)OC(C)C,2.8891000000000018,CC(C)CCC(C)N(C)C(=O)c1cc(=O)c2cc(Cl)ccc2o1,True,4.343100000000004,1.4540000000000024,0.35384615384615387,False,True
3.0,bin,19,1.2959600001573564,1.1407200038433076,inf,1362816,COCc1cccc(C(=O)NC2CC2c2cccc(Cl)c2)c1,3.772300000000002,O=C(NC1CC1c1ccccc1CC(F)(F)F)c1cc(Cl)ccc1F,True,4.869800000000002,1.0975000000000001,0.34782608695652173,False,True
3.0,bin,19,1.2959600001573564,1.1407200038433076,inf,1441838,COCC(=O)NC(C(=O)Nc1cccc(-c2nccs2)c1)C(C)C,2.5358,CC(NC(=O)C(C)(C)C)c1cccc(-c2nccs2)c1,True,4.033400000000003,1.497600000000003,0.4603174603174603,False,True
3.0,bin,19,1.2959600001573564,1.1407200038433076,inf,1450449,CCCNC(=O)CSc1nc2c(cc1C#N)CCCC2,2.450380000000001,CCCc1cnc(SCCC(C)(C)C)c(C(C)=O)c1,True,4.765000000000005,2.314620000000004,0.19718309859154928,False,True
3.0,bin,19,1.2959600001573564,1.1407200038433076,inf,1451910,O=S(=O)(NCc1nnc2ccccn12)c1ccc(F)c(F)c1,1.4859999999999995,CC(C)(C)Cl,True,2.0237,0.5377000000000003,0.0,False,True
3.0,bin,19,1.2959600001573564,1.1407200038433076,inf,1479798,Cc1nc(C)c(CCC(=O)N(CC(C)C)CC(F)(F)F)c(=O)[nH]1,2.3662400000000003,CCCC(C)CCC(=O)C(c1c(C)nc(C)[nH]c1=O)C(C)C,True,3.9118400000000024,1.545600000000002,0.3333333333333333,False,True
3.0,bin,19,1.2959600001573564,1.1407200038433076,inf,1507926,COC(=O)C(C)NC(=O)Cc1csc(-c2ccccc2Cl)n1,2.6837,CCC(C)NC(=O)Cc1csc(-c2ccccc2Cl)n1,True,3.9207000000000027,1.2370000000000028,0.7254901960784313,False,True
3.0,bin,19,1.2959600001573564,1.1407200038433076,inf,1527882,Nc1ncccc1C(=O)Nc1ccc2cn[nH]c2c1,1.7923999999999998,C=c1[nH]ncc1=CCC(=O)Nc1cccc(OC(F)(F)F)n1,True,0.9228999999999995,-0.8695000000000003,0.21621621621621623,False,True
3.0,bin,19,1.2959600001573564,1.1407200038433076,inf,1532848,COc1ccc(-c2ccc3c(=O)[nH]cnc3c2)cc1Cl,3.2521000000000013,Cc1nc2cc(-c3ccc(C(C)(C)C)cc3)ccc2c(=O)[nH]1,True,4.196020000000003,0.9439200000000021,0.35185185185185186,False,True
3.0,bin,19,1.2959600001573564,1.1407200038433076,inf,1548351,COc1cc(OC)c2c(c1)C(c1cnccn1)NCC2,1.7288999999999999,Clc1cc(Cl)c2c(c1)CCNC2c1cnccn1,True,3.0185000000000013,1.2896000000000014,0.41818181818181815,False,False
3.0,bin,19,1.2959600001573564,1.1407200038433076,inf,1570134,COc1cccc(C(C)N2CCN(C(=O)c3ccc(O)cc3)CC2)c1,2.9198000000000013,CCC(c1ccc(C(=O)N2CCN(C)CC2)cc1)c1cccc(OC)c1,True,3.6247000000000025,0.7049000000000012,0.5714285714285714,False,True
3.0,bin,19,1.2959600001573564,1.1407200038433076,inf,1611406,CC(C)(C)N1CC(NC(=O)C2COc3ccc(F)cc3C2)CC1=O,1.8923999999999994,CC1c2cc(Cl)ccc2OCC1C(=O)NC1CC1SCC(C)(C)O,True,3.2133000000000016,1.3209000000000022,0.2716049382716049,False,True
3.0,bin,19,1.2959600001573564,1.1407200038433076,inf,1612684,CCCC1CN(C(=O)Nc2ccn(CCC(C)C)n2)CCO1,2.9620000000000015,CC1COCCN(C(=O)NCCOC2CC2(C)C)CCC(C(C)C)C1,True,3.5318000000000023,0.5698000000000008,0.21428571428571427,False,True
3.0,bin,19,1.2959600001573564,1.1407200038433076,inf,1639675,CCC(CC)c1nnc(NC(=O)c2scnc2C2CC2)s1,4.0279000000000025,CC=CC(Cc1ncsc1C(=O)NC1=NN=CC(C)C1)CC(C)C,True,4.077900000000003,0.05000000000000071,0.2894736842105263,False,True
3.0,bin,19,1.2959600001573564,1.1407200038433076,inf,1675660,COc1ccnc(NC(=O)c2cccc(Cl)c2)c1,2.9959000000000007,O=C(Nc1cc(C(F)(F)F)ccn1)c1cc(Cl)cc(Cl)c1,True,4.659500000000001,1.6636000000000006,0.47058823529411764,False,True
3.0,bin,19,1.2959600001573564,1.1407200038433076,inf,1689728,CCc1noc(CSc2ncnc3sc(C)cc23)n1,3.237420000000002,Cc1cc2c(SCC=NC(C=NO)C(C)CC(C)C)ncnc2s1,True,4.673420000000004,1.4360000000000017,0.4153846153846154,False,True
3.0,bin,19,1.2959600001573564,1.1407200038433076,inf,1720876,CC(C)(C)CC(=O)NCC(=O)Nc1ccc2c(c1)COC2,2.2077,CCC(C)(C)CCC(=O)NC1OC(C)CC(=O)Nc2ccc1c(C)c2,True,4.073520000000003,1.865820000000003,0.21052631578947367,False,True
3.0,bin,19,1.2959600001573564,1.1407200038433076,inf,1757109,CC(C)Cc1ncc(CNc2ccc3c(c2)COC3)s1,3.983900000000003,CC(C)Cc1ncc(C(C)Nc2cc(Br)c3c(c2)COC3)s1,True,5.307400000000004,1.323500000000001,0.48333333333333334,False,True
3.0,bin,19,1.2959600001573564,1.1407200038433076,inf,1774061,O=C1NCCCc2[nH]c(-c3cccc4[nH]ccc34)nc21,2.234,CCCCSc1nc2c([nH]1)CCCNC2=O,True,1.9778999999999998,-0.2561000000000002,0.3728813559322034,False,True
3.0,bin,19,1.2959600001573564,1.1407200038433076,inf,1800687,Cc1nn(C)c(-c2nc(-c3cccnn3)no2)c1Cl,1.8889199999999997,CCC(CC)n1nc(C)c(Cl)c1-c1nc(-c2cccnn2)no1,True,3.713020000000003,1.8241000000000032,0.6923076923076923,False,True
3.0,bin,19,1.2959600001573564,1.1407200038433076,inf,1815867,FC(F)(F)c1ccc(CN2CCOCC2c2ncon2)cc1,2.661900000000001,CC(C)(Cl)SC=CC=CCN1CCOCC1c1ncon1,True,3.220900000000001,0.5590000000000002,0.5,False,True
3.0,bin,19,1.2959600001573564,1.1407200038433076,inf,1828580,Cc1ccc(N2CC3OCC(=O)N(Cc4cccc(F)c4)C3C2)nn1,1.54032,C=CC12CN(c3cccnn3)CC1OCC(=O)N2CC#CC=CC(C)(C)C,True,2.0544999999999995,0.5141799999999996,0.2391304347826087,False,True
3.0,bin,19,1.2959600001573564,1.1407200038433076,inf,1836183,CCc1ccc(C(=O)NCc2nccc(N(C)C)n2)cc1,2.035,CCCc1nccc(CNC(=O)c2ccc(C(C)C)cc2)n1,True,3.4825000000000026,1.4475000000000025,0.4642857142857143,False,True
3.0,bin,19,1.2959600001573564,1.1407200038433076,inf,1842499,COc1ccccc1COc1ccccc1-c1cnn(CCO)c1,3.1300000000000017,COCCNC=C(F)c1cc(Cl)ccc1OCc1ccccc1,True,4.422900000000003,1.2929000000000013,0.2054794520547945,False,True
3.0,bin,19,1.2959600001573564,1.1407200038433076,inf,1865564,COC(CNC(=O)c1ccoc1)c1cccc(F)c1,2.536200000000001,CC(C)(C)CC(CNC(=O)c1ccoc1)c1ccc(F)cc1,True,4.368500000000004,1.8323000000000027,0.5087719298245614,False,True
3.0,bin,19,1.2959600001573564,1.1407200038433076,inf,1868773,CCCOc1ccc(Cl)c2c1CCNC2C1CC(=O)C1,3.2947000000000015,CC(C)Sc1cc(C(C)(C)C)cc2c1CCNC21CCC1=O,True,4.188500000000003,0.8938000000000015,0.16216216216216217,False,True
3.0,bin,19,1.2959600001573564,1.1407200038433076,inf,1873123,CCC1OC(=O)c2c(OC)ccc(Br)c21,3.079200000000002,CCCCC1OC(=O)C=C(Cl)C=C(Cl)C=C1Cl,True,4.470100000000003,1.3909000000000011,0.20754716981132076,False,True
3.0,bin,19,1.2959600001573564,1.1407200038433076,inf,1875028,Cc1cccc(C)c1NCC(=O)N1CCCC2CCCCC21,3.8965400000000034,CC(C)c1c(Cl)ccc(Cl)c1NCC(=O)N1CCC2CCCCC21,True,5.319800000000004,1.4232600000000009,0.5660377358490566,False,True
3.0,bin,19,1.2959600001573564,1.1407200038433076,inf,1895921,CCC(CC)N(C)C(=O)CC1OC(=O)c2ccccc21,2.935200000000002,CCC(C)C(CC)N(CC(C)C)C(=O)CC1OC(=O)c2ccccc21,True,4.597500000000005,1.6623000000000028,0.62,False,True
3.0,bin,19,1.2959600001573564,1.1407200038433076,inf,1907077,Cc1ccc2[nH]nc(C(=O)Nc3nc(-c4ccco4)cs3)c2c1,3.8401200000000015,C=CSC(=NC=CC=CC(C)(C)C)NC(=O)C=NNC=C(C)c1ccco1,True,4.680700000000003,0.8405800000000019,0.16304347826086957,False,True
3.0,bin,19,1.2959600001573564,1.1407200038433076,inf,1913063,Cc1nn(C)c(C)c1CN(C(=O)c1cn2cccc(C)c2n1)C1CC1,2.797860000000001,CCCN(C(=O)c1cn2ccccc2n1)C(C)C1CC1=NNC(C)CC,True,3.3390000000000013,0.5411400000000004,0.26436781609195403,False,True
3.0,bin,19,1.2959600001573564,1.1407200038433076,inf,1922265,CN(CCNC(=O)c1ccc2c(c1)ncn2C)c1ccccc1,2.4395000000000007,CC(C)(C)n1cnc2cc(C(=O)NCCNc3ccccc3)ccc21,True,3.633200000000002,1.1937000000000015,0.5333333333333333,False,True
